Date,AFL,ALL,AXP,AIG,AMP,AON,ACGL,AJG,AIZ,BAC,BK,BRK.B,BLK,BX,BRO,COF,CBOE,SCHW,CB,CINF,C,CFG,CME,CMA,DFS,EG,FDS,FIS,FITB,FI,FLT,BEN,GPN,GL,GS,HIG,HBAN,ICE,IVZ,JKHY,JPM,KEY,L,MTB,MKTX,MMC,MA,MET,MCO,MS,MSCI,NDAQ,NTRS,PYPL,PNC,PFG,PGR,PRU,RJF,RF,SPGI,STT,SYF,TROW,TRV,TFC,USB,V,WRB,WFC,WTW,ZION
2023-04-04,-0.011599220916674313,-0.009452937914875226,-0.007449004138650683,-0.010908394104534924,-0.019721106853265558,0.005582177230513796,-0.010494114768955343,0.003415197210000942,-0.01060602668064059,-0.021336055397235487,-0.01040960630728116,-0.00399597255689732,-0.010954260391901949,-0.044256034232136754,0.00242852231020807,0.0032184757881250636,0.005053566787367236,-0.030444024253113655,-0.006202798030658707,-0.014053210987922227,-0.013273330225443858,-0.03410598686544786,0.014345124473517545,-0.051421942709585555,-0.002428661139920907,-0.009365832846241817,-0.015117958885728422,-0.021075911917579404,-0.029924104348331926,-0.010990033440048785,-0.022640300510939015,-0.009654598723640495,-0.018432290147157637,-0.01890926350940869,-0.011852299914111852,-0.015117091306220964,-0.01700978237209716,0.005881306979871992,-0.0246913844829727,-0.011820205118335148,-0.013368138935268337,-0.05173815342662158,-0.023962517507383096,-0.013137963093796778,0.008042899258434488,-0.001904245866032106,-0.007012854903933996,-0.00914269960136227,-0.0011830477288815588,-0.026847256249648788,-0.012541085779710692,0.00551465484374658,-0.00820797280175467,-0.0003984430725473276,-0.017360012907405964,-0.01683855958622238,-0.005651313481552234,-0.002305077638420472,-0.02106406801469729,-0.014531789897805902,0.0004042742124086285,-0.011131649431317725,-0.01531645851719421,-0.015576381993299138,-0.02124316068224108,-0.035617339709378415,-0.01627374979076246,-0.005851527763738651,-0.006842725557288931,-0.024125177405590614,0.0037711267135338566,-0.04842042291982818
2023-04-05,0.008605852501930578,0.015110002701874015,-0.005433337574309083,0.007419380560135913,-0.005795681955968801,0.008499405832593121,0.010310752018491298,0.007013166819801242,0.01046442901432676,-0.012151643640434084,0.004476301964615015,0.004270900743966521,-0.004657659386642199,0.0025861894761713966,0.018169126862229934,-0.018524297424781788,0.0028097427431903466,-0.022600052068114218,0.002711532625777391,0.0038790674143425186,-0.006942864691048656,-0.018854974291727333,0.011137619772972007,-0.00274788081280275,-0.011970001513987305,0.012382733676150615,-0.018864186124296634,0.014542074899178248,0.006247524939912763,0.006721032571136876,0.0033368916020872774,-0.002249761240388115,0.006001343640972712,0.007914225338927494,-0.0034712116250273928,0.002751249841927539,0.005464378554822069,0.0016974645841407732,-0.005696229194213642,-0.01102070331601146,0.0014911209193839703,-0.014492650121592399,0.00017793406569466264,0.0019628371206501516,-0.13905526109309718,0.002861818404914951,0.0012660603031457995,0.02123949024893479,-0.003586105093939529,-0.011789752532937126,-0.021821437747898464,-0.002559438513907053,0.006207016169247348,-0.02192401646351516,-0.011397858780365477,0.009254149178824722,0.015605445059461598,0.007295684502572453,-0.004214750272491408,-0.0010922057271171015,-0.005224962427894386,0.012999018592912748,-0.014863493157411645,-0.00913204789657196,0.00996259904889496,0.0021909776602213604,0.0014262311120170068,0.0022401165745229434,0.0038456080283146843,0.0021733148548455095,0.007812845829389792,0.0332010618912304
2023-04-06,0.0015512731415352476,0.002959631386420414,-0.013968264424952359,0.01671980122424621,-0.003919619886026293,0.0015237141282733457,0.005102873920438844,0.01070251415645651,-0.0037046452561995125,0.00723590034788546,-0.0006685676378901384,0.006830100896089375,0.0005487967761348411,0.009581137383480876,0.005098561681491143,0.0009489380264677827,0.002949485103046934,0.009821938199497504,0.004132807340149647,0.005122230279003492,0.0019663136082797017,0.015723156038230934,-0.0004610639668203298,0.034068167354437406,-0.003901509055809438,-0.0024793036985538697,0.00681522129786849,0.031831606393715406,0.012029449432664707,0.005964089551192764,0.001012153341893196,-0.00037575623166785643,0.011257583172567642,-0.004711235134435943,0.0027058867109372997,0.008808589196320105,0.01358701837251397,0.019111212008844358,0.0070019285422164845,0.009784435285227211,-0.0010971201161344979,0.030276782093307864,0.0028458941124034354,0.0013627886575660053,0.01643284246834953,0.00701549096421572,-0.006377405493750099,0.0069895263784336414,-0.013967440152950594,0.0044144256345441946,-0.008767084893692823,0.006231637944065671,-0.009252910709236728,0.0183398785888782,0.0037057607387609437,0.004789842252168608,0.005873102144527742,0.006277309904907602,-0.00478942776510638,0.0038272250298609922,-0.010853254228260889,0.007540888680884095,0.004210581363236043,-0.0033761222316305295,0.005636809089058392,0.022485910749461935,0.0182283093940363,-0.009554246180269343,0.007182737181882448,0.02737878447532105,0.002838262317296447,0.026545542887882467
2023-04-10,0.006350813559727442,0.007724353181482346,0.01454389163348968,0.0005872019174832932,0.015942369328177497,-0.006520513966328911,-0.004206569556968409,-0.008917260255024484,0.009042629095834975,0.0035920643992846113,0.008472719523606287,0.0003519418518624917,0.005210187375650488,-0.0073002873410144,-0.012174514692968819,0.0030549813174411966,-0.020805776666393272,0.04802440409502706,-0.00391261806568588,-0.004827861847203185,0.014391654234219287,0.0075681016131350365,-0.012096387011349519,0.031007716681802577,0.011853355854757774,0.007318425492834457,-0.002668096777876827,-0.013350136371371724,0.008052212322970709,0.006194114989913624,0.013193401337612709,0.0003758974774874524,-0.002854334059586461,0.0038054642677092243,0.007940418788222825,0.004008102510797418,0.009830214186513642,-0.017274864721225303,0.010113778677688812,0.0007403844936908488,0.0032948531670471404,0.017632239252098225,0.0012416471641332194,-0.0010207004941183984,-0.022109657497032087,-0.007379846604916307,-0.00367940943557743,0.006940945153192324,-0.009912165139499107,-0.002256822730412278,-0.009762888270615444,-0.00947170366263228,0.011645243796847504,-0.005869829866331888,0.002625567253197625,0.011713466194694933,0.011609843685970622,0.00947702220876101,0.02137664582599874,0.0027232940183430365,-0.0059555114199520975,0.015362339917261991,0.006289218302323318,0.012085683726923424,0.008057426513617516,0.013133694479276814,-0.003916059535133631,0.0019469420261062353,-0.0017432862388679915,0.019261222599817884,-0.008279450738405414,0.01633213730168359
2023-04-11,0.011389942904834083,-8.621287357257756e-05,0.00428195510455831,0.0017609518333288054,0.012613352668595645,0.0029690340848189667,0.0052440000342295345,0.006032434354133587,0.0011724748325694367,0.02755892680699734,0.011275690022168883,0.00345472812587988,0.01494342265378501,0.02218423038292605,0.008387534237081384,0.03371136381305195,0.005781246777885496,-0.00019336049701867974,0.010457554460354013,-0.0028748604181640935,0.014617310691328544,0.0040968163720249695,-0.006018535402533054,0.02067672172112145,0.022715678120412974,-0.00403013710387512,0.005821131978035465,0.023953190029386784,0.0091288582690916,0.009849641681467292,0.025948135925195626,0.020668892079116485,0.010114417391402508,-0.007212126153979592,0.007416204308290153,0.00641574331266459,0.008849597191445513,-0.0023500307241427487,0.021276523103701317,0.031401233351470825,0.004926140464865281,0.010726039352322303,0.007617347432257171,0.006300583383379799,0.007953525202358369,0.0063639996384767805,0.011079077573715956,0.010759757796921399,0.012379079934877302,0.012976077191701796,0.002327545659174479,-0.0005518104005605151,0.02507418034999387,-0.012613994288191877,0.0009001200138187837,0.017232030228225836,-0.0025504934623505893,0.014973243727178343,0.015012028833995661,0.004888659174477672,0.00909014388910756,0.016164463154802577,0.036458384537491284,0.02144015224341289,0.005212907765419494,0.015978457211439423,-0.002246769139280902,0.008921148928574762,0.0017463305929592554,0.019155976533628216,0.008817161264585538,0.008034875765132732
2023-04-12,0.004108866718214976,-0.00017223885015738016,-0.015695414732708746,0.0023437578807550263,-0.0029751156164163906,0.002679891554488556,0.017678614446276386,0.007520792690190348,-0.019826032279439354,-0.008011113179442697,0.001967732676759537,0.00270951722302315,-0.005540035202636684,-0.009472461916906316,-0.00729921581211368,-0.027837041953248987,0.004180333909581613,0.004060981810651398,0.005805768827564117,-0.005045475743483352,-0.005932214922636958,-0.001020008051175525,0.0008352437327043827,-0.007596615417804209,-0.012450259721206391,0.006386313327619408,0.013963772612412217,-0.0123213891993188,-0.005276988173880559,-0.002960933221836881,-0.00875486078793819,-0.027245933123394073,-0.006140172213798589,-0.00037256508487581996,0.008766857900566416,0.003541567742499252,-0.007017644739794049,0.009045540610769676,-0.011642083976733941,-0.011604337120873276,-0.00015563900595805258,-0.016326442504282057,-0.005098498958424735,-0.01565286974938418,-0.002305058195330001,0.005201003091625855,-0.006453783787719991,-0.0018295421508215393,-0.0038085962965951348,0.004465811774434947,0.002190157385539182,0.009935654571570307,-0.011452156101468547,-0.0010872768288098245,-0.021339191414882275,-0.0030439144168894483,-0.003162373766496529,-0.006673770075927399,-0.005937595259328798,-0.00918915153236477,0.002573787866271937,-0.004708661431470973,-0.010720254302952315,-0.022141412796784388,0.0016707991546427436,-0.014540239626470997,-0.0036587458534698136,-0.002801549193880204,-0.004120539597290307,-0.004572143242890014,0.001519929308401169,0.005978024345322019
2023-04-13,0.004849879826455128,-0.016970971846036464,0.01889632063305191,0.005845618143435427,0.011148978315220548,0.010038601623635124,0.003844462909879054,0.0072122928867282,0.008534591348604792,0.0028089652510276952,0.008073249414726424,0.011127007266977351,0.007147525078637029,0.02057865304108497,0.00820787745509488,0.0019854913581729416,0.004831949716325168,-0.008281804044750651,0.00446723264228388,0.0010866459830392028,0.008098907569634717,0.005786222588797463,-0.009440031782775637,0.03177906403226549,0.013514880618488823,-0.007877636822335887,0.013455746739942542,0.02513109878184805,0.006820756064612743,0.010743325878974641,0.025889028197206176,0.018925091215519663,0.016633420746796856,-0.001677096227266417,0.00572312978779288,-0.00014115838497263944,0.0008833611452880863,0.003921988397045828,0.030998128254307478,0.044192283182039604,0.003813234174217861,0.019917020441683864,0.002120600534815331,0.0018051277777615393,0.008619750577003371,0.013640599978140155,0.02175360667062587,-0.003832704977180801,0.01918297986537887,0.0025741168528676805,0.022191526890521063,0.012206283467028456,0.0034867127662543407,0.02748294752471292,0.014285775414570212,-0.003451389326746046,-0.06709407725610195,0.0003536800829999631,0.00847088786006589,0.003273149808775022,0.014819518712382518,0.007671801895564601,0.00812730099298764,0.018748250082294415,-0.0036814168966826655,0.018970298645770933,-0.00056496826263841,0.021421397356079508,-0.0028642844156274716,0.011993041275713878,-0.0012647180481438758,0.02839220657036745
2023-04-14,-0.0013574342794593353,-0.017351818765939275,0.005668562839852287,-0.0034870324265504626,0.0034700034991717033,-0.0015692440655772355,-0.0035460992907800915,0.003755672457883774,-0.017432400109891666,0.03361350689826592,0.003463189679691281,0.005313637812513816,0.0307128653954849,0.011979563162791917,-0.003222464945920822,0.00730078866924333,0.011762938221715036,-0.013983316996518558,-0.021686966140915476,-0.034464001117277876,0.04778013519547786,-0.015228316650465423,0.0028959155081944576,-0.026528760422580677,0.006766876993907767,-0.009676774759790563,-0.007884860024420348,0.012521994078097176,-0.004892779140110437,-0.0011234434967257734,0.0076071524540217705,-0.006315028972721182,0.005609539576974409,0.0012132510393181306,0.014422132981389835,-0.03939006580752291,0.00706100270481258,0.0,0.015634356466572408,-0.027477758307755784,0.07550969703452282,-0.016273385718964417,-0.008287749820969692,0.0003431435800651528,-0.01321575352308324,0.004524426093359679,0.007520554063684903,0.014051468731691052,-0.005199115737760551,0.011903419684319072,-0.004754679345509105,-0.007199450675822838,-0.014570860093488847,0.01337396955940151,0.0036240396077509285,0.010923123022166248,-0.01707549291617738,0.008365687853935988,0.007861199485401649,0.006525373776088195,-2.871236273060962e-05,0.015480195094451199,0.001007689535721834,0.007023430806356146,-0.0278867896923497,-0.01743499590508546,-0.011588396460301853,0.005715855732479458,-0.018831864949328314,-0.0005043342871778878,0.0023638877411562564,-0.03852323464388052
2023-04-17,0.005437234877503583,0.024614340079872177,0.003002053783150993,0.009331216163046108,0.007045162919455006,0.016426227478761657,0.009964369369995563,0.013769018010865386,0.025148488176109707,0.028794093752778194,-0.04594482165550384,0.01266659921887836,0.010168832761599633,0.022386416107849305,0.017696078819068317,0.012942757595645338,0.005776605561960579,0.03939336372461133,0.012411878950304933,0.007307409873890114,0.002623047948872248,0.0419242925264347,0.008609811603546458,0.03995379986429626,0.014727672200522512,0.012778005323537345,0.005966749575717856,0.010973763805934178,0.0332829105777841,0.013149963843044787,0.0040235054336672516,0.003738413055573986,0.020360748607472612,0.01547349274115506,0.008191851645732884,0.01984127981056627,0.02629266922429352,0.004464607956434552,0.017762112645648864,0.019680442271980958,0.007929197460465609,0.018196856975584375,0.01706963150493057,0.0777941100932158,0.012470266855742596,0.005716535657528166,0.0008862184998172928,0.015176616777872631,0.0034400431471652837,0.029754238271944455,-0.004555298589994039,0.011058730395282268,-0.025022668892293654,0.010453457004029554,0.039385059462046845,0.015548736028104804,0.018844415965212358,0.01752737309669561,0.02436161656739455,0.023230730618410966,0.003305992194784002,-0.09184056826516396,0.005369087928060345,0.004679180629056479,0.017283348798571296,0.030375898202778195,0.0177293715854292,-0.0023075348358722048,0.016590748580642245,0.04187689543542317,0.0021477899076161044,0.032721094930714845
2023-04-18,0.004806896316924325,-0.00652796674279188,0.0042147347828958015,0.010400652375252895,0.012900775526426544,0.006246139120002825,0.018322806309719164,0.01678073699838012,-0.014954210143849345,0.006256088751631861,0.014921962461661664,0.002594262687923843,-0.006200229730054296,0.04895095788240322,0.009028648589073818,-0.0028621534888266797,-0.0025445735787000823,0.023308641671314634,0.017557104279779967,0.0029761971672968013,0.00784871728704184,0.003957843987225651,-0.0038516683457857637,-0.00866086998484683,0.009448671015698906,0.01608024826780219,0.0012485827994879184,-0.023776763168114945,-0.005490403437704239,0.0,9.007282088702162e-05,0.004841534801007796,-0.006013700925510346,0.006884570024362269,-0.01698664175704845,0.008935036816982933,-0.009393689234212244,-0.0046300605414507645,0.012798171887578036,-0.01535123295764107,0.011227750221368904,-0.017871649132404133,0.0054195509732783975,0.0005569978728994229,-0.009847459764444011,0.00413397801848947,-0.00118041394421331,-0.00373741657294524,0.006494053111483877,0.0062717346251282,0.01281686722713693,-0.0028689228036106185,0.0031498506173746055,-0.01176779568811459,-0.002637979049974981,-0.0011676762561138032,0.0013727071291447235,-0.0009187031756299202,0.009909301354175781,-0.012671554933434082,0.009054212473630141,0.030544861223594566,0.00967966174376067,-0.0033392513744981978,0.0042036647515035774,-0.011967354483300663,-0.011239154753381553,0.0005139203921074031,0.007040025243500336,0.01380147625611361,0.0018489565199237834,-0.015195590884675814
2023-04-19,0.0007476331429265848,0.020764036021387877,0.0033455525119929774,0.013534105967765164,0.0010772768134306165,-0.008437133135636543,-0.0016609376689554756,-0.01195443321360179,0.014157874214702604,-0.016361247380062838,0.007797015617462932,-0.004743888493849435,0.0017433814071714515,0.011475419164340472,0.0006627479751242227,0.017939586804472718,0.005685122424537115,0.028703650324004126,0.013932278091249195,0.004451048552850612,0.0063898682400866935,0.001970987771985566,0.004650409898183661,0.054883500176684974,0.020553938165917884,0.012687760825707883,-0.0010312284147354633,-0.011471992352189653,0.031284509472228716,-0.00025615898847686225,-0.010670366533135911,0.005559706288556843,0.00825008939104288,0.0003646151843927914,0.008924694519637733,0.009855621061164221,0.020689697687984676,0.00790772330137779,0.0034460451387356983,-0.003816858604991036,-0.0012728826761857492,0.02398670909413747,-0.00034775728816649476,0.030859744655931776,-0.0030578310120342733,-0.007604800201543305,0.0012891712986569104,0.008155343181969643,-0.007172569716570432,0.006677770956873941,0.0018734143793679436,0.03146917341399069,0.011629171000444583,-0.014394118038177361,0.02893542754542211,0.0016887057393086824,0.002236580682121625,0.009770220017445208,0.0007229526909906525,0.027807434012506738,-0.0003975885330440576,0.005206854599229427,0.017851245299143725,-0.0057309230697702995,0.06145343788196933,0.027769600662975957,0.023302158223002856,-0.004409218243456747,-0.0017476560715236067,0.008836915610887619,-0.0023489156060736427,0.07419569673401227
2023-04-20,-0.006871857283357041,0.007467129250699589,-0.01012428062906967,-0.015610226441293173,-0.0006645889051998255,0.012155472275849233,0.0008319033727044456,0.01827100111348945,-0.01665130632660683,-0.0053227083283766685,-0.008841871857758088,0.0022594663858446218,0.0016397357304835936,-0.006591007947310823,0.007617126349759973,-0.020443212936693045,0.0053631360782566695,-0.027902739836651258,-0.0026406263280667197,-0.01292467849735357,-0.019841385125012878,-0.047213107495211126,-0.009986044863547039,-0.02739437031909664,-0.005484207697538435,0.0033659421460565664,0.0004081364043211355,0.004820646934460049,-0.006424044419773067,-0.0023061519323389623,-0.01679258373150916,-0.008846245120076923,-0.008091619008644746,-0.00027348411984029486,0.005402209321553109,-0.0036774956236120815,-0.01773644879443992,-0.005353467941743295,-0.015454799832110844,0.01266308530327831,-0.002903198381142724,-0.027463697147092292,-0.0064359142945621395,-0.03703424852246617,-0.009261196439177222,0.03537688554770746,0.005901190195737538,-0.01617874316120671,-0.0013525071307699532,-0.0002210865486695912,0.0020166837826065542,-0.01516735979001027,-0.012989944789077557,-0.023101405613642045,-0.02157815588257639,-0.014524853813800753,-0.003743418502424767,-0.016050060246600273,-0.007327929759007312,-0.017169690504243218,0.0024997976782454856,-0.003984565992778966,-0.03020467091414425,-0.005586641062774289,-0.01813005859396266,-0.037654418665024725,-0.034712586030375636,0.008728524781762115,0.008435480610391455,-0.013494340289433748,0.015303736832422699,-0.048899726247242814
2023-04-21,-0.007521038136303115,-0.013630911624880393,0.0030621617802308876,-0.015093731240786612,-0.00525711117595451,0.0015912922184868616,-0.007064719753187676,-0.0005291558906119764,0.0027366480152617445,-0.0010033034117740147,-0.01761829424878658,0.0015748849253043318,-0.02217181376360411,-0.027082942928472353,0.009038663855729379,-0.006990905561923277,0.005694876580024877,-0.003703784602130278,-0.01358109477791103,-0.01066213742610278,-0.0074899334409403995,-0.008947026974378769,-0.0032571284251501353,-0.04519648211802052,0.0032325702848590154,-0.0132589041425335,0.011471092840143138,0.0,-0.012931088099732646,0.001284149721890504,0.0036102696981217264,-0.007437678586383778,-0.0019248982812664073,-0.018960712529369927,0.008709524389658663,-0.012776838486395659,-0.01633716631892901,0.005475127912142552,-0.007558263730899628,0.007951717871404806,-0.0019175450115462844,-0.03737533925226688,-0.01190474515845985,-0.005768697730831773,-0.01710254897334107,0.001502449324636057,0.0006400608442000966,-0.010524557311213933,0.002840741542665226,0.0076302699739771995,-0.0036226348476170456,0.008497138033599638,-0.006522174294746996,0.008154368839222492,-0.017675178737373565,-0.011053891589307918,-0.009899547388383056,-0.008445349309143646,-0.00436682134416122,-0.028057079200755175,-0.003371893853965857,-0.0181358027790679,-0.004688553166304343,-0.0016050801656622982,0.0013389310085005768,-0.06003591370261918,-0.03567308165069116,-0.0023444251054945964,-0.09217176067534505,-0.010319161770156016,-0.000952436873024598,-0.056876587271938894
2023-04-24,0.0015156536173877022,0.0010364241586100498,-0.01947737813065953,0.005237764575623638,-0.0037885884774796486,-0.0060551345005106505,0.01157926656697783,-0.0016846364925113821,-0.0004264715657098517,-0.0036826264591605096,-0.004540232861870996,0.005303244509955007,-0.00991272814765809,-0.00927883129692686,-0.005537397453227566,-0.0025882353508847045,0.0015053166234402227,-0.012639380406771594,-0.00308156245437885,-0.002079894179348174,0.0,-0.006944293321648476,-0.013229338399807666,-0.024925731508785298,-0.009761226053549121,0.0018079126980159455,0.0017083024373385491,-0.007462638199617122,-0.015283822983603312,0.002907010686957978,-0.00267491503093098,0.01124015524143962,-0.005969243913399924,-0.0028805296563119143,0.006731912154928299,0.004889218022319675,-0.020978977873012616,-0.0038763084124990854,-0.012888026156564703,0.008461691696878493,0.0013520293515134618,-0.03968930933643833,0.003366427931711824,0.003304046196145327,-0.020916713806267695,-0.0038894842657357653,-0.0013591163235939785,0.003988720977392779,-0.0030962763908242152,-0.010096769272547657,1.830558737370147e-05,-0.006845780751937425,0.009730259761523863,0.0014828877042196709,0.007213493736555554,0.00785097406332369,-0.011823198338686058,0.0018668686562417491,-0.0024017565511359473,-0.0032680176186334897,-0.011543420949961636,-0.0021729771640842666,-0.004710573090064729,0.004823193294375194,-0.0020613314886593903,0.011121723957937313,-0.021778083957368577,-0.005511665396526366,0.00625873943969224,0.005092197157166911,-0.0041449109789362115,-0.03679733670217833
2023-04-25,-0.0046914861290418,-0.008541848651449802,-0.02783477450425975,-0.016788903327663363,-0.07318404967907988,-0.0036190370532254157,0.0011032160985164907,-0.0011088302596680144,-0.005289999298533576,-0.030913981318740236,-0.03101479282470454,-0.0052445683763188145,-0.021477599119893886,-0.024712303569006,0.03193566802099812,-0.014428008836574913,-0.0044374113353187195,-0.039344860221316225,0.003041170698579565,-0.019041130487666758,-0.02304711927283354,0.009440490406713353,0.0030446066343254863,-0.04526262371810985,-0.025935487032667348,-0.003474409587407523,-0.02399336186566514,-0.010383163206232449,-0.051736910408386905,0.023785108384879905,-0.03209249683887283,-0.027788009587065177,-0.023281667234418157,-0.010157503928532763,-0.013024883889300787,-0.011305044629887018,-0.023214266553168716,-0.014731772221091344,-0.0029675166192822955,-0.01627650934908942,-0.02174390300309148,-0.0584008022087219,-0.00918246247366239,-0.036064203672980244,-0.013773968848246776,-0.008199947678401154,-0.016545345151768087,-0.01986430609562495,0.012555874142538892,-0.023724997766724543,-0.13488547183313204,-0.02315302786067408,-0.09253449409272019,-0.03378654065551179,-0.004586846967771119,-0.03406390263417636,-0.0039143020901118986,-0.023174551517834874,-0.04354646750525892,-0.02677593680511392,-0.007047087457556334,-0.03879124056293948,-0.014874954674455432,-0.02800003312018995,-0.010104398509135137,-0.043683210238161796,-0.03110709307152215,-0.013619109421101339,-0.004319371270150363,-0.02171297173032316,-0.0027886464892235008,-0.05447469476850042
2023-04-26,-0.005777614761010907,-0.007397146805096511,-0.002562118834932403,-0.002747775796982266,0.008620419539518087,-0.009141014778507595,-0.004132737808207998,-0.008446317282061133,-0.000257326825951365,-0.013869644502870537,-0.016474376728208395,-0.0117469248369374,-0.01370303544102569,-0.01295843732786428,-0.0030154003612919977,-0.005581907587118962,-0.010352281655075068,-0.008426395577481816,-0.013967444725605849,-0.016900192565867167,-0.02171185990201152,0.010044995580134719,-0.015229838529380313,-0.0022106852731859084,-0.005894998860712319,-0.0028649002150891167,-0.02589371742898139,-0.00795948835975735,-0.003117637486918623,-0.014239313320164704,0.0011466508812933984,-0.0026677582308656245,-0.010688643832511224,-0.008567115502226108,-0.0086013685096189,-0.008973722431550812,-0.010054853569476663,-0.01626859212228937,0.008333517357449916,-0.0074391963378149795,-0.01772346855452156,0.007633526767760079,-0.007307003028156234,0.005166234059701624,-0.01653157313621556,-0.00860517860370269,-0.004802719114753828,-0.004897837688544904,-0.004992701824924839,0.00431537377939617,-0.027443467827713564,-0.02062596818550466,-0.021494336370203593,0.0039007910846835525,0.03354898727381039,-0.0024603782786072337,-0.007636971848708596,-0.0021458932293610955,0.00908385947633028,-0.005053464276008723,-0.014889499452220067,-0.01132841678852503,0.0,-0.008230452377813835,-0.00400408473209668,0.005586589225760719,-0.007869010130443499,-0.006272069361016097,-0.004684976945481201,-0.026880372788389173,-0.007596265602492713,-0.012719746635499907
2023-04-27,0.06239482449571243,0.010433181300861794,0.01753142309494593,0.02617587171510949,0.03384503899527447,0.016801009537559253,0.02199469245751673,0.0175719711631237,0.029257789727020533,0.01582282394774004,0.014244227334219595,0.017783084980311115,0.018457901950629907,0.021451099491951675,0.019420624635854145,0.01662779769398992,0.0039226592457330955,0.02233199188527868,0.003327096406818386,0.017780063459848616,0.003627877245255151,0.03189300525649896,-0.002811854851601958,0.01747911274397973,0.008005486813940976,0.013362585063674048,0.021823622466084158,0.026805293113831175,0.01016428029239913,0.010305805448630467,0.01240749609573788,0.017195285151097917,0.048379414244838825,0.01889666555839775,0.014975092289309933,0.021031186889276077,0.029547521337986327,0.02686164825370274,0.017119192679134088,0.03165983275884954,0.01345860024293044,0.03693189556637755,0.0208257656648676,0.028682701597154026,0.00843688720413871,0.0180404704122894,0.018840629737749692,0.02359138720007614,0.02125145640236048,0.02057881421314156,0.013246901289416524,0.012746972684976932,0.007191244626800097,0.03066887537257612,0.0013297136500265427,0.023019918334260314,0.006500502549928733,0.02258057156112181,-0.030477303378316112,0.015801456445876827,0.045608251909607045,0.019335585228805963,0.007206666429602215,0.021945562281788122,0.02061038857479547,0.025490190409632962,0.03331210091089676,0.003769420410403068,0.007670809844714688,0.00506840577015133,-0.05030073656432166,0.007199629626617465
2023-04-28,0.005470008081328581,0.004425059056455849,0.0182391839236955,0.01726127892920415,0.008961336726170055,-0.021264343440699718,0.01610723451064011,-0.004735675927790783,0.02642542887093846,0.013499536206028617,0.01380627791662592,0.007111475733413863,0.012856826756559636,0.03487029727942126,0.005465322626310831,0.01364735623794,0.01085383526138406,0.009858956348145487,0.01271169336057576,0.027313964170013083,0.011822823577137154,0.02824866007448623,0.007374918344159598,0.049358713466219895,0.014511296402993201,0.011046666865799581,0.003730274789716992,0.04279874316783827,0.013931868628727972,0.021070270105448374,0.008343173808077475,0.009767029687084428,0.027907018760489732,0.011369933337296079,0.005386383985603871,0.015448240021587623,0.004484325304655146,0.014057026366008696,-0.005803908582279638,0.0229848544857707,0.008682923148909172,0.028310448410529432,0.012486881520378912,0.013780356744905298,0.01663698788376511,0.004123758490185869,0.017020341389614613,0.016912646600590664,0.005523299303414886,0.005419887114929356,0.03911345400096766,0.010032837251254367,0.014669753117893647,0.023293435238024962,0.017419104592549584,0.0004018594713806056,0.012545367193519397,0.016473862664323713,0.01275316839848406,0.014444528406470925,0.019686192906194444,0.015315465547366625,0.005451407388679108,0.013534241599193697,0.004937637347420587,0.03824098834840073,0.052502284261249255,0.01624383793925177,0.01937709064578974,0.002269156886277157,0.02564102388901257,0.04815658555623181
2023-05-01,0.0073014113780318635,0.0008639260487937062,-0.012520205714222299,0.0009426269295664813,-0.008324704396007188,-0.005381712317864551,0.011056371845328705,0.011823525352611997,-0.0006497438072675665,-0.008196718576347961,-0.010565917097622668,0.004930834560817221,-0.012261626443523688,-0.00649279473081199,0.022363626384378055,-0.04244606395653505,-0.009878236608227842,-0.00823129409324408,0.0028774474745871803,-0.010428465150966293,0.0038241312136786387,-0.06851973209394868,0.004629307815027017,-0.020059924554118758,-0.03730560777974001,0.006190486244882498,-0.0013602508182181117,-0.03457082207280926,-0.01450389705184807,-0.005568295855568284,-0.000140233636656939,-0.027901800301374347,-0.08615027446594681,0.004515346087302419,-0.008356645097538973,0.004085053251587034,-0.018749960648449693,-0.002845827208306284,-0.020431919601882287,-0.0012856005937867954,0.02141191167765255,-0.047957325850842336,0.04446760262337279,-0.03267085103319034,-0.003392302069637698,0.0073254666601028084,-0.00044735543647766995,-0.0011414477904638787,0.0005110209564718193,-0.022674179412753515,0.0012021961988022412,-0.00577922693133559,-0.014457662774332358,-0.011710518284847815,-0.06333972173435987,-0.009505909305647875,-0.003739115826566608,-0.007931032622002232,-0.008505442611381975,-0.02300118532250195,0.0001930867157695637,-0.010102573716547658,-0.014002744073563389,-0.009080374065591479,0.00342273444852359,-0.03253531852707614,-0.039089839987728525,-0.0009453446606725313,0.01374754147298951,0.0161008714212032,0.0070812043430303895,-0.037329583831070434
2023-05-02,-0.024445759402779488,-0.02994989065686149,-0.03809938523052714,-0.021849666529227596,-0.027695088339287577,-0.007791472579110059,0.0017127437523654088,-0.0019950833750329577,-0.01812267308464066,-0.030303109825987495,-0.012576921173863331,-0.013053965838467074,-0.01736118980130008,-0.0460844376531756,-0.013823386960302053,-0.038853646191441715,0.0029640571255848958,-0.03300519397443735,-0.008113120960064002,-0.016044777997797466,-0.02645504766672624,-0.051760504789999606,-0.005893986300224752,-0.12423528049474408,-0.0440718152562517,0.004364582093826508,-0.03174188035478531,-0.06279765046997932,-0.05073582181842595,-0.017951253798991096,-0.03179205699734511,-0.034825800748987,-0.02213601120908837,-0.01412711701695557,-0.021141099860396362,-0.010802320938621768,-0.06278430549613456,-0.013901727453759838,-0.02145415241144699,-0.019432350664990605,-0.016147193871980492,-0.09421638181368486,-0.018459974679536306,-0.03525359734643496,0.005610070698607084,-0.011073688572917906,-0.01008259120681454,-0.0298726802246706,-0.02397217040019073,-0.018651173952103917,-0.030101690691593408,-0.014169017597049915,-0.03141623242201441,-0.037678096232962366,-0.023442664098843102,-0.036361213138016546,-0.05578040143597973,-0.032093540303337775,-0.03576191409152296,-0.06670398821537094,-0.01828215489276941,-0.017335230921475153,-0.046068551915755096,-0.04725539311706495,-0.006767189692911568,-0.07614214136990938,-0.07012749532291918,-0.023783856867740316,-0.02226689444636487,-0.03837591557281028,-0.024652681237407603,-0.10812815015824373
2023-05-03,-0.018647959076940168,-0.007918853669127257,-0.006786223005142977,-0.011168944113777224,-0.01825294843724079,-0.0017761584923451368,-0.005392556087038702,-0.004616821789888759,0.0927826171708277,-0.010653389032448168,-0.019706895463652008,-0.008101590405496295,-0.013891976473261014,-0.01925356494680197,-0.0033888737343942266,-0.016973879939651715,-0.0030274503126935803,-0.04131731840091102,-0.013566096218204149,0.00771896915188619,-0.007173986898049822,-0.02636472883861707,-0.022637924862887737,-0.044062290788366876,0.005881152211016705,-0.015602169616988681,-0.011128300258377632,-0.0050819576403623445,-0.02243984350709205,0.0006707546556035116,0.0012072046183828622,-0.003172119470097212,0.030579895983740446,-0.011631254378226319,-0.014158345679273987,-0.01659348716785758,-0.022330176851320993,-0.02128649921801018,0.0024360381407551035,-0.012440673277880565,-0.021163395442758026,-0.018537674895100387,-0.010166125702881779,-0.022061333797913196,-0.06428069827547211,-0.009025084595664867,-0.003005181296463766,-0.01211502852939672,-0.01811808093605105,-0.0178468427679197,-0.005805882804183593,-0.013082662731437544,-0.01889827181358028,-0.0117598019988423,-0.020899777113806195,-0.01711327282959829,-0.02540711945398455,-0.026095263059537688,-0.025534542963100648,-0.020420515367114422,-0.01699335008293512,-0.01949075228786512,0.006172796215480503,-0.0027345416996394922,-0.0076441339440590506,-0.03399735567606843,-0.027097644336694926,-0.00440567303693884,-0.005137080317962561,-0.00489187204285757,-0.005890437949100158,-0.052675672323303724
2023-05-04,-0.008016669399499965,0.022600787351727325,-0.022337650230504158,-0.028626979298495447,-0.0235778792343444,0.0011237904110756869,-0.03570489922732456,0.008128930339142082,-0.01264868074648029,-0.03122761919624617,-0.01740615488800923,-0.00996225855003452,-0.016733835436384847,-0.027941773697082284,-0.009118885539868837,-0.02726340512446379,-0.008965297203838762,-0.013741517883490428,-0.01167969279746417,-0.004117145112566334,-0.016859912390049026,-0.05225028560009448,0.014338573527154619,-0.12282194837006377,-0.0348716373920851,-0.011940152395446657,0.0034548670134597614,0.00699964035345535,-0.030050042935122034,-0.013071875368396046,0.07842196417871516,-0.001591067661671497,-0.022350662087590623,-0.0034832493043184254,-0.022485918300316987,-0.01615219285728131,-0.06256213116440523,0.018315354169427644,-0.02551630220416745,-0.06248017048962873,-0.013678457420158274,-0.06295905226280096,-0.005819851049537972,-0.009842331457013964,-0.004923646780499058,-0.003148043014870816,0.0032542242609332472,-0.07835129388463435,-0.0019318426190029214,-0.02525070638717386,-0.0090601931516463,0.004294185961136954,-0.021857930534044168,0.0053198551280200235,-0.0258037078565877,-0.011131656519303146,0.008396537285782602,-0.02765492600221442,-0.010433874837457169,-0.034334740991418755,-0.007029199917312878,-0.029889675993440168,-0.03428364921467408,-0.0008510654179099131,-5.581582234692739e-05,-0.06825443454978342,-0.02751674307650076,-0.0016815736856133912,-0.002409571254248899,-0.042503229494176065,-0.00822461782646855,-0.12047663089301075
2023-05-05,0.011523497054482856,0.014997429892493752,0.025804652169370668,0.07838814943345551,0.03744610905692247,0.02400992297954363,0.02591880742055941,0.014182082623726222,0.00444947163307452,0.026676468595119296,0.027195429359982537,0.012125015258789062,0.02029567823007583,0.01796574450308963,0.020548379003821005,0.027794035578397436,-0.0035748556721458824,0.03947648569613871,0.01770085188032189,0.011825751167494847,0.03162571816905291,0.06398409392919624,0.006524267963093022,0.1675745682270695,0.038078859385564545,0.010361899674391273,0.027442329090896278,0.04734171484621852,0.07228914123792785,0.021395859217005597,0.033944526523746354,0.017529871016906062,0.032518676568585425,0.023051516601908073,0.01792936576237003,0.022134201072343096,0.043432360540651915,0.014613513793189092,0.03304224334058059,0.03261300206339324,0.019534795370966362,0.10078388951471906,0.009297495344400941,0.04310345006619043,0.010905756628558638,0.011504571064656188,0.022705517447830337,0.010164476190003713,0.01665283400093509,0.027478523323047233,0.02621599029411703,0.021007622141158366,0.019972057156116163,0.044005065722651615,0.022351318999306313,0.03203933320596608,0.02712143046445381,0.037163603621219066,0.03282995226840746,0.050158713413283484,0.019222365991704793,0.02452885484691092,0.021674182354544103,0.017034238132103363,0.017639911164680333,0.09462040712248787,0.06073157562189935,0.02739357677615173,0.011904879397946155,0.033224300059569334,0.01573861571834967,0.19217251716021022
2023-05-08,0.000739775350368399,0.0033699013770669417,0.0025549880161999106,-0.0007436592061306202,0.008620215186347258,0.012576208075917528,0.01777839693168004,0.007015174718684847,0.005422158798768617,-0.0007216140799720661,0.008015575915021778,0.006977923093593574,-0.002079110276616558,-0.01204972719097297,0.006737166545542239,0.01204404561523087,-0.0008053932411542508,-0.032696932220073194,0.003669720922884867,0.007221586412081038,0.0008635667607563846,-0.025718706204879704,0.0030249458818678576,-0.007958277879486553,0.009170308838313934,0.020831077496463513,-0.007835459959694924,0.003766791952020121,-0.02046546139721006,-0.0066500667619568965,-0.005925840662312831,-0.0070477469049125,-0.0009542771394637217,0.0,-0.0015595110625964415,0.010182119315986116,-0.010152329306375774,-0.010063635221498224,-0.00488687897659057,0.00830460040385872,0.0024135256743875733,-0.015259377798842011,0.0032412348675361358,-0.01981778568883452,-0.0027969310813065196,0.004683185687865299,0.0022097743605926645,-0.0083117427573004,0.004267129445069351,-0.005301681309025752,-0.0016256067360819193,0.0,-0.00013692469711734656,0.007336206661437306,0.006971859734109964,-0.001538391223760871,0.035284038525958294,0.006337457156049053,-0.0006959931741060688,-0.008464263235080205,0.0027951873215426026,0.00832116828442353,0.002194529318273686,-0.010514588647432155,0.001480986847596677,0.0020912826919288197,-0.032530896409624144,0.0019415519806387227,0.0010229038366889043,0.011597388484768212,0.006057315004151853,0.021043911991008413
2023-05-09,-0.0032525135432465158,0.019807081340896815,0.002221640373627487,-0.012093076214281795,-0.0006811049464054975,0.007187350175060558,0.006172855588005399,0.003529627784576661,-0.00820357746778766,-0.0010834497667226994,0.0009638647975156456,-0.003894092948450445,-0.011770337284373489,0.00566704184439959,-0.002737648244568014,-0.0006736071576080027,-0.0030043501021612684,0.006508409578046992,0.009115415107545877,-0.004528385609711805,0.0034513717510862296,0.01125770224761169,-0.0057084306877094315,0.0038727705160261916,-0.0015487674748190239,-0.0009133050397663878,-0.001638979693166731,-0.00553965577554516,0.010651384444067657,-0.000920507199594689,0.004829802959655183,-0.009463667647716223,0.019487843716993858,0.0035090153912602506,-0.005329136227259501,0.00014184966670849342,0.005128228113757016,-0.00941993554807452,-0.006138717620312928,-0.012840396941347754,-0.004815088359933162,0.004132146096820888,-0.003230763205186671,0.004301780734779603,0.0033471119727841447,-0.004550403647993639,-0.00666647105705287,-0.016762813710047397,-3.264442546713209e-05,-0.0007105093770551907,-2.1146996153742492e-05,-0.006554929290367273,-0.012051453730541728,-0.12731724432157132,-0.011026554851596981,-0.012464953877595941,0.012006755367613753,-0.01295868958141444,0.0024379416925686126,-0.0060977032554654365,0.0002533524420604838,-0.0013029602284251318,0.002189795106236847,-0.011096448116618474,0.006463314818040411,-0.005217330856529645,0.0057162384271145505,0.004435229527639306,0.004087964544814859,0.004168726723226657,-0.0014397950520272929,0.006595238793467795
2023-05-10,-0.010382624194594015,-0.006333373532878661,-0.030642845521146378,-0.009227818337866456,-0.008961224866678497,-0.0034635776644386107,0.00796241490003502,0.005738618712121335,-0.010415776863362813,-0.012292156536389265,-0.01251798783790059,-0.005786945273706601,-0.010053971297573128,0.011637917541368559,0.0003049142064757149,-0.022132316365445215,0.017565775632321312,-0.008135097127559776,-0.00501280251157743,-0.009666316367663685,-0.0032245372601129585,-0.02495198291407008,0.00368293573682843,-0.034444737971799366,-0.013858807535130246,0.00812295012362374,0.0059202106621734085,-0.009164351639107227,-0.017430186006743953,-0.008710955028428558,-0.011778400589709581,-0.004777081449085507,-0.027736132850934125,-0.008097815074510462,-0.006835597973086194,-0.008090791203744674,-0.022448998620450356,0.021466876993375017,-0.016059418492543442,0.007094973328778398,0.0005129147668765377,-0.04115224799131012,-0.002217587390240028,-0.016019888087372758,0.004703546893014776,0.006355240174860333,-0.0010445692206619839,-0.018374751169997317,0.015199640236642553,-0.007704181375690955,0.006767181874780093,0.011730191990240613,-0.010119253727767896,-0.03831268883923922,-0.014952440976082948,-0.006382119261539421,-0.009727169344601605,-0.014110425195122178,-0.00868560591289158,-0.012883367037500704,0.019449995938564113,-0.0069586044173315376,-0.012381630765855522,0.006561362279515981,-0.003210862073117715,-0.024475567492105665,-0.015379508579141832,-0.008531215118733004,0.0006785315175876772,-0.006746299158699065,-0.003495397985533333,-0.027436514806531975
2023-05-11,-0.0007494216470477211,0.00560890784227186,-0.004640800621097174,0.0038015468958818577,-0.0009625922603224701,0.004374391468299432,0.0011654537227137052,-0.0023467317567547052,0.0008512834021285887,0.00256216827155642,-0.008288719674623524,-0.0010835493251154515,0.020407481792092286,0.008476642085032404,0.001067400576178823,0.004365795863524369,0.004261439876457329,0.009090830719001852,0.004589272588811033,-0.005263164963889677,-0.007332317336532612,-0.02362209418200678,-0.009875376292059812,-0.06763700709065112,0.0050341732381704585,0.0029016936177006514,-0.01018819848707131,-0.0025390463286506515,-0.023927334272924705,0.008449514261875235,-0.0045572433912849375,-0.01920004597981373,-0.0022166651422190764,0.0003710421899392191,-0.00567349368059511,-0.00014298642151577834,-0.03131538033757564,-0.0025809183825978854,-0.03327055189754302,0.010958782880396312,-0.0031505323968452625,-0.024678118211048372,-0.0015387857009828698,-0.014017041149399612,-0.0030877203282940746,-0.0008310069866459546,0.002221940508600584,-0.011385593321385667,-0.005248174685596352,-0.013019745132813232,-0.009037512745367682,0.0003623621730841631,-0.012463305124373991,0.01262226607097694,-0.011143265653896783,-0.01912636498828202,-0.003274276953840083,0.0019913047284476626,-0.006542069482104784,-0.03542565375565532,-0.005218420486335251,-0.011240780022783392,0.010693199875032144,0.0018895159681475704,-0.0019110380141684757,-0.020087603924354824,-0.01799662764826382,0.0008231478575855267,-0.0018646799264075975,0.0013063026705941727,0.0011838322569428517,-0.045052711412963076
2023-05-12,-0.008399538041706678,-0.0005915081365692743,-0.0004055245555488751,-0.0060593809628051165,0.009463919086360573,0.002834047882175339,-0.005303273129766972,0.00834827138876304,0.0020105004563140128,-0.010952811485580805,-0.013028401157253677,-0.0004649901042992344,0.004797372573311032,-0.00504312294719933,0.00030449624267747666,-0.005528776436333871,-0.0018699260600573142,0.02535095004103982,-0.005561434359216744,-0.003655564947263934,-0.012600521850272495,0.0,0.008011739167554044,-0.021426362719676795,-0.006261094779689502,-0.003151661167095976,-0.004771835712622963,0.0012727190912071862,-0.0016905032475611481,0.0008378590314166434,-0.0005722801596178551,-0.001223514138671833,-0.008982775374693941,-0.0067699514770557245,-0.0038039105830511843,-0.005009466142901209,0.0,0.0035117690099750742,-0.011688240780241888,0.005355535092442576,-0.014333001282761382,-0.011001040379377658,0.001883549235986104,-0.016070691865277986,-0.0033971760443721744,0.004712556948314406,-0.0038341204981886534,-0.019714952222322335,0.0024597884760948485,-0.00290442440619465,-0.0016368544193536838,-0.001448783745695681,-0.008366429797901365,-0.03879715903126901,-0.009937893252199292,-0.017898808897875207,-0.003807790077110962,-0.019500573729419157,-0.00740824832994047,0.014175192372135603,-0.00263671626762918,-0.01756985286708934,-0.012039372179812435,-0.006977860231541344,-0.003938451105790053,0.017517679804276876,0.007261365880568471,0.0016016362938702233,0.0006792059931914896,-0.02191505313217257,0.004204226809181089,-0.011022912931421325
2023-05-15,-0.00030255811299539914,-0.002790462314299025,0.013993092963687337,0.0009525039015669812,0.018886501565590796,-0.005146322049148,-0.023407061326937262,-0.0036135300374684487,0.008334746887389999,0.02067173304372716,0.013698615427656824,0.0032249327930025107,-0.0005425443590897361,0.003258406641981404,0.002892943010213589,0.0321983962453134,0.0017293954119839139,0.04086635715046483,-0.0010985106112467724,0.004248324973257445,0.013201369707554367,0.03911302968607,-0.003135973887950727,0.07288080701459765,0.01900654948276781,-0.006815556531633127,-0.005848944790805777,0.00835300251129234,0.025401996365446378,0.002260395808783011,0.01369802987279023,0.0008166484419125375,0.004385937996509881,0.004481765577718511,0.008043801739576972,0.009925312323729285,0.03017263891897537,0.011695360145486111,-0.000657015458986554,-0.0068031680241109616,0.008426621504821652,0.06674079354000462,-0.0022218218664651346,0.031050904751523056,-0.018915236827247717,0.0020417405872557026,0.003901209386949489,0.005177157525987575,0.004423502049920369,0.006796985609052619,-0.01292515495813773,0.0005440646477146149,0.01301295656750101,0.009077668759236435,0.018730918182166656,0.018669451040725926,-0.010717252497478902,0.005827107212059479,0.02618172641817429,0.026683590393081102,0.005955415589790292,0.021941578481347923,0.032865493216897024,0.009305923695983376,0.003954023835336606,0.020879133984182285,0.01785103954031242,0.0061803185503908065,0.0016972917566531187,0.03414246969320156,0.0019626046664733554,0.08470798974490834
2023-05-16,-0.007766129425312074,-0.009497223645020703,-0.01059998367145154,-0.004377644147619986,-0.014889381243683775,-0.010465223446712413,-0.007723060490534506,-0.003764454460721489,-0.009107808373264303,-0.010488123502429891,-0.025307224561979647,0.0006800025392799114,-0.0169367855719732,-0.03284005891392772,-0.0024290187581534894,0.020534090466441945,-0.0071213168086499135,-0.01668626731784173,-0.002249406986808755,-0.021055728249802508,-0.01672095604146051,-0.02793959526284162,-0.015078308718341593,-0.011370232172471018,-0.007522673840418381,-0.012654910272431596,-0.01891271666262384,-0.011165104672238302,-0.01816672656987317,-0.008686943743093534,-0.015772277733173024,-0.019991762067906205,-0.024648177763974766,-0.011990986284947325,-0.0039122060810315995,-0.009542807957297672,-0.008368320812920271,-0.007828131489577839,-0.0151216770604653,-0.044329577087063754,-0.006729184966681068,-0.022940564074239944,-0.009421038002477289,-0.01688573248829095,-0.007187382582816704,-0.00831539066423892,-0.008267798312732721,-0.026941372001059172,-0.011733353933242485,-0.013140508962974473,-0.01419443780771179,-0.011419284887309367,-0.016798210568265692,-0.023293184946818535,-0.018298553948460694,-0.02167260453051545,-0.016969659737670173,-0.017128505733119304,-0.010274790642982201,-0.01732665978420611,-0.007829015025995534,-0.019705788203266295,-0.0032176494955695745,-0.020604087916162084,-0.0071111253047480005,-0.02511665064503532,-0.03271500777615399,-0.010051099444495115,-0.01287700653509527,-0.00980139690937376,-0.010272092214251516,-0.02342797540139363
2023-05-17,0.015807343832187515,0.018748424529524632,0.024796174683362704,0.027337134634398907,0.02282454114589938,-0.02631888010686856,-0.019860383711876706,-0.009124010164218266,0.004711585192589851,0.04422509487845594,0.024955980723400106,0.011243288489382275,0.026521309426948747,0.041293504823763705,-0.005326438382288412,0.04112152719434059,-0.010577348895094763,0.034537881993086605,-0.0033568309954877806,0.008544581458871603,0.039752623229515116,0.053093808438354095,0.005066295342686544,0.12326743735810464,0.023673502998598384,-0.02484147327966879,0.014721907830682612,0.01948643932939831,0.06265772133329861,0.008510297721885163,0.024677716018259188,0.018317975228070882,0.03253395211382748,0.015429439085852037,0.02920723294467198,0.010785128482334594,0.05907174587209796,-0.0036697546372637113,0.015353853068196255,0.002366754356666778,0.03074733511965877,0.08644618184046915,0.007089741173104791,0.062239913393123736,-0.006175780327940306,-0.010995083074579748,0.017778160087041917,0.05252453246641786,0.006668369277241792,0.025042842133276677,0.009387689417932998,0.007150649736799686,0.035319429543337666,0.01085526078444099,0.06864408076319228,0.031667988880353715,0.0527127729393444,0.038954402175048974,0.018546644534883416,0.06171298795519342,0.006385127726976192,0.0270027513218547,0.03156381352613713,0.0128722584543417,0.0009365317529430595,0.06440930174460369,0.0617155163244667,0.009458905937140827,-0.014246463715407387,0.05392029031145751,-0.0024187819671651622,0.12077098114090656
2023-05-18,0.010877722882625118,-0.0009243262431357646,0.009139417029280672,0.010606551098714556,0.008501094391412556,0.006206618150547127,0.030941978476208165,-0.0024647998078429767,0.013145628556663125,-0.0035002140782801616,0.01032956540003327,0.007239057427369966,0.02872550736824686,-0.006091720895518349,0.013922805390490511,0.04794591527778369,0.004979077684069688,-0.0013508612974935108,0.008596105151496225,0.029603725992879415,-0.014655888302623876,-0.0015161774685877871,-0.0038352452195583586,0.018377612535872556,0.020489012669965945,0.023035218765457,-0.0018009906149885069,0.033404721903020684,-0.003957308306768659,0.003926821047006035,0.011804771384080759,0.008585446813125452,0.0027944544776343783,0.008894599915448609,-0.0018170706363487277,0.015507210972483643,0.01892422987570619,-0.0004604266753116537,0.007889497805920742,0.016594616990661448,0.007583845664140387,-0.012770294908994395,0.01081727823919354,0.02142033506537455,-0.0056273143979864715,0.0071306931379173655,0.012971581446651115,0.003481652322345763,0.01762156267770787,0.0069121017918207794,0.023803865534179236,0.0052795862071390864,0.01081671262002093,-0.0030914192896073223,0.007547304384058595,0.00677338433938246,-0.003587142547794242,0.01615679605685938,0.020155764446739388,0.007710365992773527,0.007923660930763354,0.008764181640958713,0.04311542103197419,0.021339112367434465,0.009136998832909082,0.031811857418526435,0.0013136860186646615,0.004083431301837637,0.0019153989661262472,-0.006178916824865266,0.0029095487832351274,0.040886495075371565
2023-05-19,-0.00044850058336198817,-0.009336405143160142,-0.003453246461686099,-0.008470018947233426,0.0005597003020618718,0.00891351862511236,0.009561667491748915,0.0073194357980292946,-0.021321718631523434,-0.012644783908240975,-0.004625118578411969,0.0019104950999373482,-0.003929325054174204,-0.0015623400540751842,0.001358141244374833,-0.013100878357083068,0.0125318850324454,-0.001545961677812624,0.002691273801320948,-0.007282813426148116,-0.014658312282195718,-0.00607444846948646,5.493142974355436e-05,-0.011601054706868785,0.0012920355739995948,-0.002728493507904717,0.006708234099871202,-0.017458853313346068,-0.0027809800525298023,-0.005159809651183789,-0.005109696299102184,-0.007296289451430238,-0.020274887619152193,-0.005602026284321937,-0.010407229990563316,-0.002101357604367471,-0.005864993593157841,-0.004790373118821467,-0.005870837609184831,-0.012607779620885773,-0.00229388470809766,-0.022885579733774364,-0.0011891296547137387,-0.007670418095837128,-0.01194323167842204,0.00652287910101057,-0.0164531443521988,-0.005782620795454663,0.0028012114644371255,-0.026630395749882685,-0.005103244337580359,0.0018108747484828491,-0.009466274135281116,-0.005712457747729771,-0.013899370403014033,-0.006298343508394644,-0.007714422827054812,-0.004248003433557357,0.012909738989180353,-0.0076513711210834945,0.004453134714885731,-0.015349056611274392,0.0006666926355110014,-0.010028727859426323,0.0020726978838307986,-0.004691643403626156,-0.01246315502966111,-0.0012414731518478606,0.001911669597595811,-0.004476464368336375,0.009538402649031053,-0.017253967958084204
2023-05-22,-0.004485519131637972,0.002631986314015844,0.016737351439203296,0.002042730397951331,0.0004607909144016542,-0.004432588752899647,-0.03314912857597774,-0.006849709278108018,0.0014730756351493124,0.008182107237233449,0.008804097543339218,-0.0038137041368085933,0.007034779940806146,0.023230601456389888,-0.00979503194167819,0.01552129870557506,0.0022306796853330813,0.005806127919601334,-0.014812541562690296,-0.005049540007402431,0.0017501820588208261,0.038579137491327575,0.0006049997275445751,0.034689573978183175,0.0031765238345442537,-0.039790711003284795,0.005199493748608175,0.011083740953023336,0.013944150392407373,0.0,0.017333632174422853,0.004900051837390507,0.016673280029304127,0.0009235142506420768,-0.0037711557813701058,-0.0043521688797291125,0.035398251694879646,0.01064518858597907,-0.00328089487369021,0.013306379088412701,-0.00826249323505357,0.046843193098181635,-0.002040767589419623,0.013650136095617382,0.00706282933234359,-0.00454191924948999,-0.002697322879017472,0.015315895413116287,0.02015689008926702,0.0003647148917176324,0.005491307285706792,0.0025306838698144762,0.011495832307920173,0.03463559871587729,0.01637405871195563,0.01094798251854412,0.004220494603532243,0.01497717183734193,0.004433087605158592,0.03855265318065082,0.018964328492547367,0.007353045504488787,0.010992709544463963,0.002157349129951802,-0.014260827146229671,0.02962960600798281,0.026569213261889324,-0.008700851607358673,0.012489184814825194,0.0237321606529457,0.0012192522407765694,0.04930890220569717
2023-05-23,-0.008110475575324072,-0.015496557532770017,-0.018969823080295267,0.033543470136592646,-0.01187467362607264,-0.034605578103125145,-0.004489820830676061,-0.03718720486970717,0.0014710293032289545,0.00846859333755634,-0.0026667398902937567,-0.018290704104578448,-0.014685995918560235,-0.01505698871256711,-0.03819821241375965,0.02735033506068696,-0.026780555429567587,0.01577834285504065,-0.00887986773431082,-0.016470306250567,0.0026206002257851413,0.025009144352395207,-0.015665412002468515,0.020418577927378,0.008311904303612394,0.009737597718066926,-0.023126148245723233,-0.029232658330513583,0.018467584046997,-0.010624094551901386,-0.004711801142476935,-0.009752156416896196,-0.017943314367999563,-0.008580850139454532,-0.0041548823933046375,0.002114987388956324,0.0,-0.011815365797445354,-0.008558199453001403,-0.012534732929639247,-0.010432693989126496,0.017509810143484072,-0.012061382131447584,0.005840893056792584,-0.028297302977413064,-0.029601680193730107,-0.028034215288462283,-0.01012024247123644,-0.026728572646721016,0.004497435155168317,-0.026078529842809228,-0.019112723408630128,-0.0010955051375802771,-0.01634140566785469,0.008885535614381324,0.004417070344673535,-0.016810461382648745,-0.002561083871411629,-0.0034205626957296564,0.009137645013899798,-0.027286065329405473,-0.0018978163374583357,0.01054361740730192,-0.007675037968809972,-0.009884138899570294,0.005559199372568102,0.0074409116929861074,-0.028969214082820605,-0.010450642716727132,0.005612398327585089,-0.03713851952380054,0.04627977819979745
2023-05-24,-0.022410796973409308,-0.024600084086778606,-0.012060729070748843,-0.02151694762776657,-0.024533940127540288,-0.007601811138900683,-0.01913354600127748,-0.007405211220607666,-0.02589682001081184,-0.01679495701403899,-0.017501290158905114,-0.009006138084420523,-0.009871095143737407,-0.006807673925279811,-0.0017404627060694233,-0.026230710103760324,-0.0001475785467396351,-0.013449498014875494,-0.012064771322348289,-0.02219841394023503,-0.030929969843917604,-0.03372793378152561,0.005528308548759631,-0.020010002139368432,-0.017588944206024415,-0.009808022835214203,-0.011464136588576368,-0.034594050639648044,-0.021990710520437107,-0.015219374934080543,-0.017414807191225123,-0.011899993148262955,-0.02760315146501302,-0.013866932420490308,-0.011620473419395205,-0.018713856394088624,-0.01614444021672179,-0.012141963302985781,-0.018592335586715136,-0.01826854080919471,-0.009151326194974385,-0.02485651870177885,-0.012778483212813163,-0.020162945910754515,-0.008402467407670922,-0.00774072092280409,-0.014046823784845008,-0.030671277524572216,-0.01202080819627016,-0.017182915065131366,-0.006324710433618375,-0.00992652073921374,-0.021932731883720913,-0.0032258187570879393,-0.010206537454127695,-0.02808907058693244,-0.013873294256951163,-0.02775402621348777,-0.009300114241933,-0.013582412872002014,-0.016538230673634358,-0.019599258612945314,-0.01988915343528297,-0.020939356349020777,-0.018515357866745408,-0.011382131141103202,-0.01059723758090747,-0.010374956631454713,-0.01644732210318811,-0.008250289067691652,-0.003568081634518938,-0.014290577489986411
2023-05-25,0.0007745310628648472,-0.02081125930414307,0.0023884617037692735,-0.016309323296403333,0.04320382051137783,-0.0026282593722326553,0.008499381898891212,-0.0037058682481049265,-0.00682476791598019,0.0024911170117778436,-0.0009894248672217554,-0.0036852690455126957,0.008427483636307631,0.004449276156294424,0.0,0.004321998210223388,-0.012395725602543761,0.041474704415311425,-0.017931721457838723,-0.01931698858930153,-0.00584415820571349,-0.0029707195183877877,-0.016937882566852025,-0.012099722748461494,0.00462688425763802,-0.004094887941995973,0.0012741110228942087,-0.010768725495336473,-0.011834380960573765,-0.031424432246496714,0.0015486561126820675,0.007475142828431647,0.005253075657879469,-0.004813126204748275,0.012726370952575117,-0.01562939547850828,0.005791493761513333,-0.013792463528450982,-0.00541273119676966,0.018262969163461262,0.0024381465575764594,-0.008823668523826322,-0.003323350801371472,-0.003292425885276673,-0.005467939929035159,0.000982325977462839,0.004179126975234038,0.05014926464980407,0.0020710427475563176,0.02191584043620054,0.0203854089858706,-0.01262539996773937,0.006026614602834712,-0.03932039377305596,-0.010478225055645995,-0.007298091808628948,-0.01954381796445681,0.0069165858232211885,0.03341527328469884,-0.0028685991175676495,0.008499843790618966,0.010741502956139737,-0.001996020808719745,0.0027937402877882267,-0.01318257616990215,0.004276339061730194,-0.009737038051849334,0.005084388370343973,-0.01249781148734197,0.0007340928548613679,-0.0046686415634983325,-0.022436986856377406
2023-05-26,-0.0018573284765895925,-0.013598759455830223,0.04077314472625693,0.007265264064363786,0.01125315523954673,-0.0016709271016246419,-0.01906600311942952,-0.002496044187136892,0.0026516155302906963,0.004969853536863855,0.009905698011173136,0.0049527212847344515,0.017834461755634523,0.025978664766159953,-0.0034871159531999485,0.029323472551635588,-0.0005976976272441537,-0.010508911968420409,-0.0026233878336934247,-0.0017260327397556896,0.008365360233252517,0.005958993576366645,-0.0019771394597525305,-0.005103308150095631,0.024829805701682695,-0.02747601379163478,0.008751648869766537,0.022147269147847704,0.008383222274597646,0.008509875944053835,0.003994470606154321,0.014427123261837593,0.004622674252704462,-0.0019915077428397376,0.02510190842608684,0.000436984384457606,0.009596972708144191,0.00047578773951584274,0.01292521387692025,0.001685643360787914,0.009360991655626538,-0.00151433456581207,0.0022815136887130993,0.02072836802998168,0.01689474686719472,5.7711457496667506e-05,0.011701368083874897,-0.018192151347174113,0.010753321479896494,0.010843345275186156,0.019978014772783714,0.01955631197266139,0.011702405900666957,0.014317033924719613,-0.001764797048671607,0.0023524709819080503,-0.0034125651678682534,0.000874304661607761,0.0074618762768461355,0.023015041381053036,0.006865246586283735,0.01062734925272557,0.02999999804908504,0.024401980498073073,-0.007946167970822371,0.005568303770078442,0.0052441494436688,0.007296936755606387,0.0008913397224472597,0.00806833391669426,0.00651213282696439,0.01200566802914893
2023-05-30,0.011629739091323144,0.010316899626233278,0.004897051469654912,0.012021506363277146,0.0010352581831816199,0.0038302847850335553,0.002816858425946256,-0.001422844172353832,-0.007933933146943795,-0.0017662489693890393,-0.0022068416704990046,0.004959439512228991,0.0019039608821906917,0.008168131957212221,0.0017495982498894058,0.018084586202936626,-0.01091430565325735,0.0031674562311034826,5.258788048490004e-05,0.0056956603186100185,0.00224217567844609,0.005923768080323244,0.008660100051983921,-0.03590670581773692,0.009378623231075522,0.008610517190414058,0.006194118834678131,-0.008997443006351524,0.007521815764790052,-0.007119606069208029,-0.012021379929812781,0.004063331673728632,-0.008402622956662054,-0.0009501912087512832,-0.0035541319903327206,0.0016015762125487498,0.010456283187478377,-0.0072271699867088035,-0.00470116782853236,0.0,0.003797346144823077,0.004044483317556136,0.0050779348388694245,0.013187718280753824,-0.0012889799360588095,0.006292234133626895,-0.0183508737366902,-0.003088256661565536,0.0017252140284893525,-0.005721106829859712,-0.009288985472335476,0.013463637477664436,0.007711398496422772,0.030388541668250335,0.000589350053235238,0.003814009081970493,-0.0032687441505770964,0.012977176861236561,0.009660675498665228,0.0061867536917505905,0.00983985519893249,0.012560311537243685,0.010679711994458163,0.019694269856679325,0.005804092523739701,0.012703523228359437,-0.00032604948798831135,-0.014977079872153576,0.012110454586626851,-0.006063521122517401,0.0012215936201525057,0.00872295193252115
2023-05-31,-0.015787900779769215,-0.019971154775655697,0.0034806527907791374,-0.034539482438233904,-0.035482453354454435,-0.011447304380971635,-0.021067416633323788,-0.01567419120696023,-0.03069714569621418,-0.016631176387287727,-0.012042339240025401,-0.0034452213312934354,-0.02379834006008863,-0.008796397000998102,-0.01032065000654514,-0.004775059854936536,0.0008313854763910555,-0.02135953268720936,-0.0226196457665081,-0.02406962257803469,-0.008501118094215498,-0.05115939758005161,0.003086360258131915,-0.039638295900766174,-0.005613650556574257,-0.032412282246557234,-0.012748111787614147,0.01111734005924081,-0.04636541054251031,-0.0068165425753110576,-0.019009263632281503,-0.028328694036190094,-0.01452636957026232,-0.018641796435755476,-0.013492585975666826,0.0022671070462618736,-0.030103448105102126,0.014846697715878987,-0.02968960435351775,0.02914645278731287,-0.012730926324485137,-0.05941582263052492,-0.024390308865250954,-0.03848941340981704,-0.023340109780647822,-0.006539714410523034,-0.006748273435615348,-0.04065829980481028,0.010652662168330718,-0.019899356431771653,-0.0018667293357006454,0.007279301425519025,-0.01721789957404196,-0.0009669227934158142,-0.02541019537724487,-0.034370785416531824,-0.001249330993925657,-0.030672499836390976,-0.03944278586049499,-0.034656252046920355,0.008508698394812386,-0.018895328280956858,-0.008645619193951792,-0.014439410481855264,-0.023371003855638173,-0.019942100324531364,-0.024788037599700496,-0.002752199852135928,-0.020235828343238227,-0.028550486278542953,-0.01102624905610916,-0.05603594331128747
2023-06-01,0.007475535525504506,0.015247291861888002,0.02623622995775987,0.01722510687592993,0.017623309627887496,0.012131455335477215,-0.00043039857403659454,0.011762957281338693,0.0075840282523067515,0.007616906417277969,0.02611951139376023,0.006353583624754355,0.017169987866969105,0.017515141997660466,0.006738259676028369,0.019479850345192062,0.008911100671250782,0.00018982505576836672,0.01022597463917041,0.006735811919912127,0.011732973173583572,0.02366168983675543,0.007105061060411311,0.057617987782680125,0.025209324407671874,-0.0017351312463524948,0.014030005796259237,0.007879694981032914,0.02142565300689636,0.004991510352147621,0.006400339566143831,0.017076185819521195,0.011771913082662344,0.005815045477114422,-0.02315532891145533,0.005399922421967185,0.014548950269515526,0.003964261073909459,0.025034754401434878,-0.011249906557230793,0.01377933691559674,0.02997853911632742,0.006964320815087355,0.017959079689400692,0.01806096376830535,0.0071602789318776505,0.016053970700842024,0.016750825667394276,0.021427651060935027,0.0037915841617517376,-0.007565906967955449,-0.0057814546089266505,0.015573017764094699,0.017099492335744815,0.0337563215177894,0.023220210659562257,0.0032835061046809777,0.01829950589969842,0.008743699761146084,0.016988847771437277,0.004245737680339978,0.022199337482954107,0.019056833501391868,0.011384879133727877,0.012171887938995818,0.01608142959625436,0.02073579071012177,0.02474777541447004,0.022090465917246283,0.00627980313739962,0.006259972001021685,0.013924488801476231
2023-06-02,0.029525397103959516,0.008058619124827748,0.035889844212381394,0.027167766224194034,0.031178993643582897,0.005672469469878427,0.017654706319223834,0.01756291823672318,0.020926295536272566,0.03347723213531806,0.03612122792222139,0.01968313928339227,0.019466390736980088,0.021345096183413848,0.016573712229831505,0.04000381365599637,0.011826246258113349,0.031688709202475795,0.024826962546732112,0.03530621960143532,0.0330061413406042,0.053050403685158676,0.029330089010684457,0.07202705741036852,0.03569728938828898,0.010900564684663161,0.021829894113821746,0.006909209495752355,0.04679302233669991,0.010199570074314046,0.02999998393811687,0.024570167948198218,0.015681997212628085,0.031412723944755694,0.022914077186861004,0.024096562452117443,0.04110896274120135,0.015135725414535672,0.035278228563157876,0.010385696066824934,0.021005963640446712,0.06860696282687107,0.02890586434511877,0.035366791816994425,0.015072401392269397,0.011351789337027185,0.007684474118985651,0.05140929804408212,0.010257229099141174,0.027781214151825884,0.025247922921597832,0.023623567817120827,0.029298945888815764,0.014432987445259338,0.03206954819826113,0.03717534863119232,0.009117089625800157,0.03631613029531788,0.03522050855999237,0.04032250690083883,0.019079086853041938,0.029052312416008252,0.047226609118285356,0.02343600341985974,0.022358556307362942,0.03617574023715098,0.03997373575142049,0.01011033937548933,0.013002974292588343,0.029455874252855674,0.01957138155919602,0.05059627370050501
2023-06-05,0.007957959922778146,-0.0054506080068178475,-0.006703852134601895,-0.017572511381038103,-0.004693487446106981,-0.00455705064637546,0.00564177034231661,0.00286849464662442,-0.0025115473151677836,-0.0059211843908312245,-0.005147452463574953,-0.002731651038156091,-0.007875522563907889,-0.03910121108337394,-0.0017243650082662265,-0.013485376866026688,-0.0008876692091210892,0.0007357675950800946,-0.00540652685187315,-9.946717226694268e-05,-0.0017269631255459883,-0.010795164159891568,0.0052348588941364405,-0.014414796879124836,-0.0004582863487376798,-0.001748566901056181,-0.0015546685789696868,-0.012278872397335938,-0.017726347165933354,-0.014661967924257446,-0.009240326191383041,0.0007993492872395702,-0.022811101922533883,-0.009996339584720348,-0.0056851988415261845,-0.008646378465725912,-0.011019260631507044,0.0031487641015173207,0.008519005110182887,0.016302163604567488,-0.00982411423279328,-0.014591322446448785,0.0077559645506366515,-0.0278684683994187,-0.027068225923157163,0.004308401584236732,-0.008589144952043104,-0.00604117885563038,0.0055353286277368685,-0.007231824356597083,0.004281847014165008,-0.0055032566312668285,-0.011040157930586103,0.008599172289408763,-0.0024275989854397606,-0.015546286627450723,-0.0036294000976283547,0.0002407186721538057,-0.004769455966866509,-0.014396499158940035,0.005504937331873627,0.003773613864832548,-0.009987869371840818,-0.005679676628869035,-0.004339640841901193,-0.010598584612428463,-0.016383137488600097,-0.008829021206243848,-0.003989586642238918,-0.019156128270382045,-0.003830274430274283,-0.0120398946215301
2023-06-06,0.008044026153654737,0.004658386740744147,0.026219906851700614,0.03134804588673701,0.003977820826761569,3.213846074467952e-05,-0.00140261008745024,-0.004508596365134676,0.01478232360406917,0.0241765138807426,0.02093129857820264,0.014699669143669825,0.012461382744497485,0.021983175210871897,0.0017273435790912117,0.0277063326343856,-0.02472972307319654,0.003675779687382752,0.0015679782279083287,0.00586658830489295,0.021193730836230218,0.040378306101816586,-0.010307707255069354,0.0713931499079492,0.030172395099825167,0.02037785297132566,-0.0014816482160522337,0.005118796843250895,0.0506080872046466,0.017820546557761885,0.023939516775060454,0.027955273454219,0.02772682490491718,0.0072662662975133685,0.015506098560904125,0.009293578921614865,0.04642537204833297,0.0011078946377029997,0.025990828377103314,0.0010951077205589854,0.001797278253672152,0.04837109918165727,0.0027363841828220714,0.041035310687613125,-0.027602502974260257,-0.0039511769193586455,0.025477644824836387,0.014245016572739022,0.005748276789530715,0.025316534216428987,-0.007425008770549524,0.019814307752862304,0.016274377387977212,0.007905665632423009,0.025145978013739745,0.023980142870426047,0.0059677178802646225,0.010474449772754468,0.010543087920698913,0.028651721207320735,0.00285633926921669,0.033834408266742555,0.03301745928620847,0.015685800424316554,0.0033262401918701112,0.04127281457626353,0.045163526416295285,0.006394120546470372,0.0022640044571211604,0.02002456804344721,0.00250377988259487,0.04874654898067421
2023-06-07,0.010787754662435978,0.020274606544462337,-0.001571363747143728,0.014303549038423569,0.013323991026982673,-0.0003521357925246882,0.0007022900828796974,-0.005795387415403863,0.010965263479993492,0.008552891369392412,0.00691091710926206,0.006028642642834425,-0.0024855587824138548,-0.0011441920740580258,-0.0054867580176570785,0.013569082430347379,0.009945319970038557,0.018677961736633275,0.005062149655050252,0.016409636271459638,0.016730035353526018,0.01433568615912062,-0.009764105080393604,0.014345224407769086,0.006854760512990721,-0.0016023047677221625,-0.00015087484280340568,0.0014550957743653115,0.012695999052970919,0.013569074470916487,-0.0027283795344442696,0.020202043438127593,0.010811332405802787,0.013490643158251547,0.027386822635862007,0.016716217876262096,0.013309553850930467,-0.0011066685655336528,0.009499718758326336,0.0052124316232253776,0.009688650690017342,0.03766482042588004,0.018591198077991367,0.022580621837650527,0.019637386143562585,-0.008897219191709826,-0.022554950912935467,0.027153542898542105,-0.009706986547927343,0.007453977644025445,-0.009953069039741358,-0.0014003473348233042,0.0029114799281393378,-0.015072220518848156,0.009336891793254809,0.017706615150707705,0.008012299819700752,0.02180391341136456,0.020866344635882328,0.020207498458693074,-0.013159946735435302,0.0051178459999952075,0.012133893145990005,0.009284075341500442,0.004744196358164698,0.013010702987993561,0.019307325628722838,-0.012926097946013959,0.002606443114938628,0.019631645943263942,0.0012486256928991857,0.04548470474315813
2023-06-08,-0.0027778379139019593,-0.002762423695205074,-0.002390020229265044,-0.0017626961043053502,-0.008292960987942966,0.0019854555915177485,-0.003649152789199528,0.003379955777935706,-0.004591865570456433,-0.008480359773476498,0.0032028695990020672,0.0015801048180776878,0.0034649289097363756,0.015578550946630854,0.006620482697089258,-0.016822306589982405,0.019619639436978975,-0.01078564054590947,-0.005140383615818478,-0.011087371273441393,0.0018746288718163306,-0.006204803142576543,0.022044581367346217,-0.008896052657954678,0.004332435069508422,-0.020919949064655996,0.014866383135430317,-0.0009167240049547942,-0.00553103875112837,-0.004232146043666618,0.0029883695644215003,-0.004188934292665203,-0.010205046518806826,-0.005361390679570421,-0.0008339483606238929,-0.010728668972824429,-0.019264465547712772,0.02104871624302307,0.008155584864960819,-0.0016004937486336912,0.00028435174388197204,-0.0036298482584705694,-0.00669793243136263,-0.010463929914577341,0.017933336491194662,0.008119331816348607,-0.010231813136418855,-0.019872383661509674,0.017588786369434617,-0.0021965281734468434,0.01773582668547724,0.010867673703410796,-0.0075969437251488525,0.003123000396361597,0.010191312516770079,-0.006173737283941216,0.0018343224299119942,-0.010727617523051403,-0.014452387884965168,-0.006423953888538003,0.02129936367097285,-0.014739211983840872,-0.012573244861450839,0.007164400326656883,0.0007437567275976331,-0.00985665226490362,-0.006013131988602649,-0.009854817110744873,-0.006932378505667858,0.007130980090096273,0.007215761693209366,0.016513116472729905
2023-06-09,0.011142077029153263,0.0004467551706928141,0.0033889943481011375,0.0044146245796510275,-0.0005086767480053656,0.004570303730578207,0.006338985648376649,0.009910160985204142,-0.001670269117436396,0.0013685554699707225,0.013226948811066341,-0.001964588891583796,0.005612840750875314,-0.005301109245475111,0.0026620119136937515,-0.0012541593093305936,0.020569104236856317,-0.0005451200050443639,-0.00234869140649574,0.002458704297115144,0.004158047142146737,-0.0169961889164153,-0.0032893752692951805,-0.031530485469525416,0.004841984916937436,0.0086053368606962,-0.01454953713995788,0.003119821361065256,-0.020763808677146667,0.01327087142984662,0.004490105126844224,0.008412959598788738,-0.007732754517947971,0.0030669494734036906,0.0016394173377423105,0.004507103892649189,-0.02232144084404486,-0.005786568020090477,0.004355905978925989,0.012375027850387355,0.001989453759446924,-0.027322365002445004,0.00033717096997243345,-0.013140459805278337,0.0007959547242029075,0.011003389838220246,0.004434313181394867,0.0020461594484062484,0.00672198719735384,-0.0011586315818750137,-0.014598511738214581,0.0027744030954028887,0.004969249666801678,-0.011674909873023553,0.0005431871510690467,0.007906275274396801,-0.0013731935972153275,-0.003418167631617841,0.002199688802806632,-0.00484906311669886,0.004814698056617717,0.0051679586563306845,-0.0023689432384885745,0.005269166240371659,0.003944983134918978,-0.01568624043068978,-0.006049688814495524,0.0022864308785823795,-0.0019198124316972542,-0.005664372971898146,-0.0019016206420340298,-0.0356138088536152
2023-06-12,-0.0033347967285847213,0.003483355564280144,0.01118100913448683,-0.011603346072937115,-0.0054397694103753835,0.01189862362125993,-0.013857859173171838,0.006622566121732065,0.0008763372970619354,-0.004783099758341458,-0.01598012738831034,-0.0050404199300195796,-0.002951535408794448,0.01927648859066311,0.004372846110239692,0.003049659969901919,-0.021382587673834275,-0.01872723041797586,-0.003138907106810973,0.010987957639680301,0.003105622033787725,-0.03281581953011037,-0.02970122352529081,-0.024952398708305346,0.005957655594570621,-0.017150860326260564,0.006791097519784239,-0.003293145926360541,-0.01855352865316917,0.006933723341121079,-0.00041772505646586744,0.0011376779708196505,0.006094452584411769,0.0030575720544014917,0.01032674204796269,0.0016826074623277343,0.0009133005733956701,-0.013277515830209752,-0.01115234864181791,0.0077268179650731295,-7.078857925113535e-05,-0.043071097243697176,-0.007751996402832528,-0.012370043821476218,-0.02291707170701085,0.002019677138996201,0.01649419879799008,0.0025987730109449103,0.0003278429087889556,0.014267443842383987,0.0006964107523332874,-0.11810482501598485,-0.016570986404862875,0.003780089107336293,-0.011789253332779137,0.0008405026571325358,-0.0016043403778119858,0.0007096295440920386,-0.009511009619013189,-0.012994090527729152,0.0032813014911190486,-0.011365307919737333,0.001484177670022957,-0.03328388967164919,-0.004726648977230519,-0.02083975578226005,-0.021302544170017312,0.01167470335432963,-0.0006992770508186252,-0.007120824266653614,-0.00243682514073984,-0.020408198125261845
2023-06-13,0.009601416022615439,0.009790811545109523,0.008638564292696715,0.007292744989324529,0.015896749397074528,0.0027039408250759678,0.0017033747591244097,0.0024971034233380873,0.03733189896308797,0.009268778950376477,0.009606500230254333,0.008363334813777268,0.009833293291653611,0.008677253111354366,0.00295463135617946,0.016274704703177933,0.002214534945408797,0.014452413332991298,0.00703227798486461,-0.0012615499888047887,0.004953529757506292,0.028091986491831644,-0.008976905310760563,0.0638556902970544,0.025256891339659138,0.022882952153827407,0.015414238417036819,0.013215892331422063,0.027777815950792872,0.009606434661203478,0.004304755133969884,0.0223485088346842,-0.0008936622040744968,0.012747047916615628,0.008866297386873168,0.0032193731793410674,0.025547450877972278,0.0045160126165955106,0.03383456292079989,-0.0032052086619996922,0.007233978449591616,0.025440273728358775,0.006283984071606907,0.010769822527962436,-0.008619600923664095,-0.006942595816874175,-0.010471337608751075,0.021477508093824982,0.009565162268331262,0.009606605244303346,0.012252724955718497,0.0011765356391906234,0.015763022222109457,-0.002667474818239257,0.01138052901340969,0.026732010276643958,0.00757510322341437,0.022219538546484507,0.02690735900226371,0.012068072114299166,0.013756874359212024,0.013685593654290118,0.011855246989034507,0.010663259628307609,0.007724293233926982,0.014084554882414668,0.016791064605278683,-0.012247420532388142,0.0,0.019603276712560014,0.004619184063160642,-0.015542264933559924
2023-06-14,-0.009221944099569446,-0.01806962123387157,-0.0038254524908196696,-0.013950238357772538,0.00415608308369686,0.012699077991046748,-0.006943430152876573,0.004933815829861299,-0.009284834226731653,-0.009523768704706392,0.0006796178228576366,-0.0014567042141998554,0.004875955515651231,-0.004190984509465534,0.0015503378247829769,-0.01161463900117965,0.022390757829190422,-0.007305976305621575,-0.01589456506939735,-0.028663023360351203,-0.00924207720929271,-0.0383250561394457,0.021210729525868333,-0.03516540737219187,-0.004926965443807885,-0.015356652520108871,0.011169833598446699,-0.009057983765097588,-0.02590093862777265,0.010441207826412224,-0.002122387678518467,-0.002593553411689875,0.007971392494231289,-0.024078797278174413,-0.011912408632175464,-0.01437135851566751,-0.036476907713829054,0.019342402891455057,0.0036362819978739136,0.014438822980849642,-0.0037318015191241116,-0.05438932522144768,-0.01907173144937868,-0.037884704583293294,0.03048721181958558,0.004115843409558062,0.00910127029674146,-0.022294727552714777,0.005637601817929827,-0.0033981507377087716,0.012937840099845,0.0019584875092799603,-0.006688989309103777,0.0006292809937993304,-0.01815925866946322,-0.01376777848102606,-0.0360722027218604,-0.010983884709481528,0.009658888315998926,-0.02384823450981688,0.006477884371989262,-0.01174572463227097,-0.017574691639443918,0.004700823390519027,-0.014592249094909526,-0.02098769213885998,-0.018348692431640723,0.00017912227069993847,-0.010673735371600657,-0.013364645234462902,0.009770522931096925,-0.05744036960678767
2023-06-15,0.014543413144268102,-0.0077198411596626215,-0.003782857558099151,0.0205479509213069,0.02088238527969022,0.02504877378280379,0.000998854066713184,0.01830408785400972,-0.002788341872303368,0.008585199013048328,0.015847925787227712,0.011670180110043171,0.027063318390908586,0.02613799941423567,0.02244587262437392,-0.006053571906855182,-0.005258956417969252,0.02134320097053166,0.017448664168339345,0.011892750820385434,0.006633485197143907,0.021771290223856488,0.0039116898801603295,0.0349988447473184,0.001024460516974024,0.009205297218228381,0.02756760018260951,-0.0118829795387001,0.031213906244733414,0.0029166539510090406,0.01943368694517944,0.01411584792050613,0.007809315800508143,0.01233644540717993,0.003900505616344807,0.00594554314910356,0.020140630599994713,0.015451301227988656,0.02053141511741896,0.02784504614504435,0.01130810862211784,0.017154463610948634,0.012388179123314913,0.023543799294218903,0.014702127065874704,0.013643954749406717,0.011420581028736443,0.022617808744946677,0.022306399654085318,0.012161838545939663,0.0027765348509358745,0.02610916553783138,0.01872056826110402,0.035377359339332726,0.01794175785543084,0.02418798431746949,0.011266075271321618,0.014262290982284709,0.01943810115260791,0.017212525619868968,0.017527861750441964,0.019808841618959905,-0.002981514470681401,0.03194177763186845,0.013944107213833101,0.015762958270394645,0.03707167151442725,0.01221796894444438,0.03289704610707056,0.006653931159571691,0.01869527772093882,0.032786872695115044
2023-06-16,-0.004730513937592384,0.005699188893678597,-0.009205407955326761,0.0120098901851462,-0.0018121312746025575,-0.005074600484869962,0.014397749312348385,0.0007021511946436743,0.020893184398981912,-0.00612871374766244,-0.004903100588987019,-0.004443557568946543,-0.011825146316486346,-0.01640593252204048,0.0030279118717182474,-0.014151399683434707,-0.005214377253442315,-0.019996349243001532,0.0192408488743665,0.004980124057945012,-0.007619436621503883,-0.015529106633342726,0.010372080136173079,-0.010727679046816263,-0.01654450070713276,0.023529433861148696,-0.0033387133756047627,0.013505981565435698,-0.008221263458534578,-0.003240543370113147,-0.003354436799617999,-0.012087851866482757,-0.012456985841868717,-0.002861914654985531,-0.0042091680653698615,0.01153947128785937,0.0027547632331208494,-0.0062288118411837345,-0.007100432782650823,-0.011066118681979376,0.0011880893309970109,-0.014881027122049195,-0.004588713150539214,-0.012903657096246746,-0.010920404684396146,0.0034342512814351522,-0.006621994360536454,0.006163817803892302,-0.018546724557251038,-0.010780567456433188,-0.02014145718087934,-0.020088048712232243,-0.012295177203426544,0.00880792474555081,-0.0024845524862556756,0.00917679691971296,0.012698640602219813,0.0031120359120111463,-0.0007986219723125076,-0.010916874540400912,-0.01192561302879469,-0.011788440021620938,-0.016148254596259792,-0.004446863524404376,0.004432537856472019,-0.009931805833652163,0.004806278266277442,0.012114791905481148,0.01506848018917406,-0.004249259523972704,0.010014197810446879,-0.012077285082058853
2023-06-20,-0.023476842297728173,-0.023027714272438993,-0.016259225464054117,-0.02129139053673179,-0.008830739552432076,-0.0013054597877654173,-0.005199588638850061,-0.010010304377101487,-0.015444211739352065,-0.010962715119765765,-0.006494892136705621,0.0010641597107348133,-0.016833222683461546,-0.005596303157355265,-0.0030187712982661097,-0.008630832294822977,-0.0034944359741280184,-0.008639775908066416,-0.008566731979759878,-0.0195242566927889,-0.012035815255493243,-0.002201067843492832,-0.007712811717518808,-0.0025930321616765006,0.0018210330969690158,0.0011067795885935094,0.0015205225021890367,-0.002373082632921686,0.005651838543824006,-0.0032510786314178253,-0.004720310028424435,-0.021134627124714478,0.0035756032784477476,-0.011758140901853231,-0.022434994200115188,-0.0178073799351387,-0.01831502422611575,0.004387510944523054,-0.014302769341607235,0.0013453074020839395,-0.0050955365547706855,-0.008056283150027377,-0.00819533273366746,-0.007794813697256098,-0.009669757660117129,-0.0005520212305900607,-0.005072731898437932,-0.017657564623174693,-0.004855958605719191,-0.015438754428392931,-0.008268312849700199,0.007809463361943436,-0.01740043539345726,0.037031447737039924,-0.015645687082320503,-0.02380318769237799,-0.003923379321320475,-0.022750735371575348,-0.012089062503496506,-0.013796899404733387,-0.008527151445228531,-0.008268693240657266,-0.005775122741593863,-0.015151543126486922,-0.0067326682859171205,-0.01724133558589469,0.003886492415939413,-0.010659168813987097,-0.014001332441188064,-0.006875408558733032,-0.01004254404987992,-0.027244182135303108
2023-06-21,-0.00398238101543269,-0.008102395616432445,-0.008795354374775188,0.006775966885893103,-0.0025766090724560486,0.002735940193271391,0.013843702710337302,0.006284255657948767,0.01491381952423243,-0.010391384345713961,-0.00811549745126161,-0.00017724650483319504,-0.002764300769036665,-0.016442307567931858,0.005298903830416535,-0.007697975409914903,-0.0027031733107647504,0.0007417704953955884,0.003363131903255656,-0.009501739337502868,-0.004200758787389125,-0.009558854173876696,-0.005966388146964707,-0.004963457171165642,0.006664961831441163,-0.0025229824454363614,0.0042462582557749595,-0.01884725697025469,-0.007118736684296745,0.003847111195506514,0.0022682409330616604,-0.010227316650053275,-0.013657897599501534,0.0009368382353098781,-0.017083957011164497,0.002549596325763792,-0.007462652490951127,-0.0086476319475991,-0.0018138624261130332,0.0031142896166456158,-0.0014734380720621276,-0.0010153271840150913,0.002410040147377668,-0.00040908895081270824,-0.02758052793386634,0.0007180580479251297,0.0040575031978224985,0.0005502252903943905,-0.004850189017435502,-0.0044967448895614215,0.0018362809537704194,-0.020534656937195694,-0.006266318814477367,-0.010161082224474094,0.0015816044581205002,0.0019178132313051321,0.008649964949404954,0.003997624458422777,0.009809795736328342,-0.010072810343258132,-0.006967199648260314,-0.001777147142208002,0.0030572284854084586,-0.019653180314560093,-0.0015379774642200195,0.004784705257032895,-0.004467034948592019,0.003444114401989884,0.007527761742179839,-0.005729185801406245,0.000343815688262028,0.0035907316277854484
2023-06-22,0.00014801341668535528,0.0025062707087222247,0.0020247728812698984,-0.008678675261904245,-0.00208533822075907,0.010732126741979986,0.011704110444128224,-0.0007042552087280773,-0.0004568527918781262,-0.021351125598728093,-0.01704548643026571,-0.0048728447708689115,-0.014019512961860991,0.00011213697298906311,-0.005873410013867875,-0.012652321697611768,0.0065929909273299,-0.014081909910218182,0.006291219631162193,-0.005714774482494911,-0.016452145365615678,-0.03229395748439501,0.002753372842562385,-0.029691188343841768,-0.007050709180359993,0.004490463322078364,-0.045330014563304655,-0.0014918957959695334,-0.03245288451830708,0.004248955606241722,-0.008393997845448697,-0.02564100820994175,-0.000401338358132608,-0.004118330691416094,-0.01688861113685347,-0.009607228718765959,-0.031015032924259,-0.004676229984274083,-0.019987912518544593,-0.012236034980406152,-0.019252330906112003,-0.028455241660634734,-0.0001716427643451146,-0.03733120724891925,-0.005470184921397392,0.007947891422923847,0.0044132213435224,-0.012648939192570707,-0.00797539607379183,-0.02131101395089019,-0.01569570595481873,-0.019976272247620663,-0.016449624125560947,0.00557262413569326,-0.02542241719002969,-0.008476961236787872,0.008882008138910713,-0.008549061899165045,-0.015623269315139243,-0.030525801972976052,-0.0022357774177578227,-0.011228257783879592,-0.003962182341611387,-0.033381684768943654,-0.0015973311112557065,-0.02825394272089643,-0.03589591774620027,0.0050165425974666444,-0.007131873447935422,-0.014165600044415472,0.011515988498332241,-0.035062708180047863
2023-06-23,-0.005922401061793425,-0.0043518659007776295,-0.001129139640143828,-0.013400029944817149,-0.01125904996063709,-0.005878960381155429,-0.00275439948438283,-0.0016915765552560913,-0.05690128258861593,-0.007510662957361802,-0.009479725204868505,-0.005074761094615243,0.0015750345455451953,-0.014583798874600595,0.006362723821119687,-0.002899682669292636,-0.015137193622157263,-0.0007518075661815393,-0.00973656052626104,-0.017653769986660794,-0.013081671754575863,-0.02301508055346968,-0.0023614404995379035,-0.006119926903331407,-0.0005195934389445878,-0.021984495286647254,-0.024990712718637953,-0.014755408347448595,-0.003900125062091142,-0.00041482538060422236,-0.010083438645505316,0.002749488758818197,-0.00782985524720703,-0.0011278127422570394,-0.015238889812224543,0.005278211781459596,-0.009699466290539749,0.003704405956125978,-0.01050674476189073,0.003328072618690392,-0.005229990500155934,-0.021966596549063744,-0.005496399938132335,-0.014627040082463627,-0.009192256710067515,0.0060782647547570345,0.005320273658584229,-0.009840344621532715,0.004287692325947168,-0.010887624448023159,-0.004387859198964006,0.0018163600173197736,-0.006550477023576695,-0.02377128861998523,-0.003321538998946938,-0.0016545980083796374,0.007665584504898071,-0.009095188581746294,-0.011191439166257533,-0.011661754940418767,0.005460512627770919,-0.015787179894399483,0.0006119591905422439,-0.002158411124525861,-0.007370982011596361,-0.019928190649313837,-0.010859442420248389,0.005079039781227923,-0.002570290147955401,-0.010959677401709667,-0.012234472848237532,-0.01371895132771972
2023-06-26,0.006553522269810763,0.013298614554505539,-0.0057120056368464844,0.008149147858477424,0.009147726793093947,-0.0031378637942021115,-0.01643422705734443,-0.008613417744735785,0.02059605867632186,0.012252259124889031,0.004435104642779963,-0.0033706335057792636,-0.0004116481323443999,0.010701281851457356,-0.0003010822104513311,-0.003564711770568607,-0.011675177785241964,0.004513877483631079,-0.012730263304508882,0.010657184844588441,0.004780578987902739,0.0035335957150370856,-0.015302426727915042,0.018472833098253094,0.00025986461248472814,-0.01646134118507192,0.004085738669393324,-0.00132692037586557,0.016444769971961648,-0.002738768424855098,0.002808510126601327,0.012142522943255463,-0.02347229310671095,0.006962709899171582,-0.0074671897031529655,-0.00212860121884495,0.013712177646844292,-0.008641640977965603,0.0074952082610662,0.005405312065620116,0.0024486265630840887,0.0,0.00725377970731933,0.02848011932651917,-0.0009124739401551452,-0.004082105263334634,-0.006292511681077584,0.013688379213391944,-0.007471426392799185,0.00011959113767523455,-0.00408473237450846,-0.0006043814400038539,0.007014617778672072,-0.007469375287783353,0.005689720474018056,0.009115907538560286,-0.006176135538135341,0.015973329866088903,0.007511047563027784,0.02182886667097561,-0.008581816365621164,-0.00211063581427684,-0.0036697481971638135,0.006489239820996806,-0.0076559819563150056,0.0030000365689679676,0.013801733748947775,-0.01415816195435371,0.007730607240806764,-0.0004924644285825286,-0.003139534605948735,0.018045158269209605
2023-06-27,0.013613550371665673,-0.002936829279109765,0.006462887980484888,0.01401122897080298,0.019348595180302297,0.009836841550664,-0.0011233056681194675,0.007216351386305497,-0.010921181540549774,0.005339930853847763,0.018824122201315685,0.0036513864435896437,0.006571976509105681,0.028722799812162858,0.0061736977679254235,0.023347788541917103,0.0025420286945092574,0.03388875256077384,-0.005398986566422348,0.004652141864644355,0.003460157409296949,0.020344433105217608,0.0003354241675410652,0.018379823067819823,0.016197533357806604,-0.006088795599968555,0.011828342188236807,-0.0049355840023151965,0.008474615677391162,0.01864179257241383,0.026919711392466183,0.03134680754740726,-0.006423436556412643,0.011399753497910003,0.0034897359451344645,0.015073975307340559,0.018357451001016267,0.006719316429914857,0.02293871837525252,0.005987419811174233,7.19379387039698e-05,0.014973239862774435,0.010802508579052628,0.022237173161502755,-0.012901619499373962,0.0032244534047722873,0.011578554175591727,0.017018094633415748,0.012157833443734445,0.01004906793150706,0.003950287845760236,0.004232995969826847,0.007940911616957091,-0.0031607326423243043,0.002263025059442425,0.01957302880967804,0.005305013236344358,0.016778099897241106,0.02696072631844304,0.01154740499933804,0.010335755821897497,0.023547590026965493,0.02424799061165661,0.02065034622743034,0.0011601185731813235,0.013293388663599304,0.007116354364527622,0.004595670057630619,0.0011933565339199426,0.007883698036004194,0.005608491917760805,0.008124012786911106
2023-06-28,-0.0017519101562825101,0.002025003893826982,0.009453579128102518,0.00017708860321730135,-0.002207763506138938,-0.00014989583205848866,0.007590679226318953,-0.005939144310302957,-0.006641090561209095,-0.006019799326750674,-0.006386922980370913,-0.0035486445231758257,0.0008470938245674908,-0.0004379997231164223,-0.00029932494649620445,0.005151789031503373,0.0032068606630932806,0.010141211486462298,-0.02545448414794893,-0.016772922945582525,-0.003663915547677976,-0.016104363019183054,0.0234143139934333,0.0,0.0007671665407549266,-0.014885979912505953,-0.012139594773606932,0.01297222636448292,0.005729556613197184,0.0044934265972782494,0.0008548325616983821,0.0011257247964289174,0.011887322976239512,-0.007298593086293548,0.0006698846468140562,-0.015410486551861058,0.0009487158433503229,0.007666697971287384,0.0036362819978739136,-0.0024900168423657165,-0.004382305077032411,-0.01896720217070491,-0.012383303152135983,-0.0018058874308432005,-0.00570604899428051,-0.0013074861523955095,-0.004086082733640861,-0.0020007553777992015,0.008145708107738514,-0.005211365353485875,-0.003784207364404657,-0.004817273875098338,-0.004561206770335335,-0.0030198485202972414,-0.003628803893841126,-0.005235593362557189,-0.007237057364565813,-0.004269485960870845,0.014120985184870039,-0.008561660499925017,0.001304183595181474,-0.0061991048703069485,0.014384035916008564,0.011169022815403773,-0.024450995585136304,-0.0006559464039498364,-0.0070660697085174196,0.002727199580468076,-0.010386552247691583,-0.007088751853011055,-0.001630170364618766,-0.007692273574470665
2023-06-29,0.010821917097498801,0.0021127517540520113,0.01354692120753942,0.013106678188029797,0.01905396088756639,0.025570319967443078,0.018833683989585737,0.01792403085380645,0.0029802927139725988,0.021018854771318818,0.014692431123858762,0.0082597929553756,0.00436365935385985,0.01665016992231627,0.013323489084398732,0.0,0.009217887265774216,0.02438153746843974,0.02260442844890509,0.011407557363998233,0.001297957302881514,0.01052229235272173,0.0012012899496016693,0.017572933529771184,0.004173395686995818,0.020398341738104175,0.0001769512988636368,-0.0033898937544036833,0.009615386783380808,0.008946776175835947,0.00882543568347316,0.015921007349523064,-0.0007213442845482865,0.01396000435430933,0.030064391691394743,0.014940271326665977,0.022748805578439946,0.005012473234424553,0.011473528367100805,0.013576923476210867,0.034923194299152804,0.0021481180786255827,0.015286772060505216,0.021463792283335836,0.01585942047790745,0.014182051719628719,0.019567109339256206,0.023874602212904605,0.008372705743840081,0.014882759021366043,-0.0026979103263158333,0.005445627586566415,0.018467085471932432,-0.0025745596257471526,0.017157733758928817,0.020377898064090738,0.0028856267610948283,0.01796254388204055,0.016473851725034683,0.018422596290703863,0.011033969448644543,0.013861912155334721,0.0064992848757916555,0.006609407988055871,0.015561015485917151,0.0055792688494351594,0.028894475760604,0.027899709863017597,0.017205781786369112,0.04505171045988887,0.0029326930631585757,0.007013681754695078
2023-06-30,0.009837959153205178,-0.0004583039262079369,0.012319861982697189,0.005944021793824694,0.0017189508815118604,0.00900279376006119,0.024921261471253953,0.02282579456249323,0.009637060953868515,0.0010467457368363853,0.007239800307177413,0.012139729581887249,0.004257382097142992,0.001724060700138974,0.01698906562291702,0.0010067756658953542,0.016573365431940212,-0.00805036945915616,0.01829715872125992,0.007036364641034298,-0.005400789751474955,0.005784796889020782,0.010525787649559692,-0.011435175772668726,-0.008905851413439914,0.00647697172904671,0.01289338350225333,0.03363571070355098,-0.0015238158194265106,0.01692864508229719,0.012215274106102791,-0.003358230855033062,0.01598426636036443,0.00614961378585388,-0.0017023318047107994,0.009673230632997631,-0.00092673453102321,0.0071250894665515485,0.0035820090750782185,0.005105709652764245,0.014013840886801798,-0.00964628793793787,0.004567753042086453,-0.0036229101193882007,-0.0021374344575761928,0.011563583780017206,0.014522637510425707,0.006229967088371646,0.009493372366665032,0.0018770255999922547,0.01562538074470088,0.0,0.010770256338590078,0.013209880633455295,0.0021482254152376257,0.003041896783149589,0.0022714613149195095,0.004326137377341555,0.005133543967011045,0.007348806230282667,0.01275770824672584,0.009240046996014106,-0.00440264321216699,0.007555248735185316,0.015614939714696074,-0.009464724320174311,0.00854719140404403,0.013485769086026167,0.007442508520346447,0.005418138835310504,0.01268538929562224,-0.015395896842472667
2023-07-03,0.005587444029430122,0.013481350423351302,0.007118272709460083,0.006951638191887488,0.008790871133128375,-0.018858710461888917,-0.011489654347139444,-0.015439324789171205,0.0009544274724018198,0.01777627321126074,0.012353985784874455,0.0029325513196480912,0.0035304050832245526,0.019253450928496063,-0.020627572388953852,0.015360687634700332,-0.004419974165866258,0.01834861575861102,-0.0013502289398830136,0.010275472099628757,0.015204240959691528,0.01687109558039057,0.004695316302979702,0.03871568865368391,0.010611833728477293,2.9360624664409585e-05,-0.01774612417749999,0.06032908231447309,0.020984406667247102,-0.0015854504575307793,0.009518875944793947,0.006739093140585739,0.036946884955926906,0.007907141100267134,0.012618621205028102,0.003887889153451951,0.014842233160701213,-0.0013265410481243523,0.019036211557560856,0.005438365512180798,0.008044445529428845,0.035714339222120195,0.005725857353115149,0.02981573221783651,0.002792367435062948,-0.014143036565111844,0.0016781509054462074,0.013267363732413662,-0.0038248988325366717,0.011826819167169988,0.007521960571061692,-0.0030089458211516318,0.016455403407311664,0.020530421823291345,0.012544660589560941,0.009889200291780309,0.0016620560323468148,0.010541816597883003,0.001831049611274338,0.026374792869486408,-0.009902962362549173,0.015851374725554868,0.013561389460941209,0.011069490586102626,-0.003282255966002512,0.03426687722222699,0.01634369833414251,0.0020633138805274953,0.00201473853460854,0.01686978344755108,-0.0085774705646805,0.04765445356986153
2023-07-05,-0.003989183439806809,-0.004253092500417166,0.0007410299463486147,-0.003969626725370601,-0.009191806918168344,-0.0006791129001628704,-0.00500060991850193,-0.001063955843705111,-0.012873468411893185,-0.004109618689314365,-0.01309074421416101,-0.0012865568462171462,-0.0010813793507137293,-0.01952293506561198,0.0,-0.017379563611648052,0.004876371597506424,-0.017844794078740733,-0.006136272059763304,-0.013527250183561268,0.0012835412973628557,-0.010180996579866042,-0.01240874957926219,-0.0113635024011437,-0.015157878953866777,-0.0065521804036733355,0.004853424039213072,0.03103445942918026,-0.008221259328830999,-0.008336605381537021,-0.009784178465283788,-0.0133878183988555,0.025450257728731662,-0.00562303993847002,-0.020085189052690966,-0.003596216411229758,-0.013711135131613705,-0.0054901289408673115,-0.014594182258626853,-0.00986682705358699,-0.006661572529215842,-0.005224652299467003,-0.00083731355405392,-0.01514321496038673,-0.014381085292851203,0.0032899337528715655,0.001954523766616756,-0.008729028777523573,0.0016453720206226485,-0.005670778603549365,0.0010574683466768597,0.004426547801948955,-0.015392792272126865,0.011013216105797863,-0.009331166023860082,-0.010967416680428554,-0.008748932025879674,-0.004150237216055563,-0.007887712652118961,-0.008747909861382519,0.0067519855544087015,-0.010895842238071052,-0.018615404327943952,-0.011919369530443813,-0.002888745523434544,-0.012742913317300486,-0.0014890133088872881,0.00621929934738108,0.0,0.0018432239066141776,-0.006338929044292008,-0.0063965699888179905
2023-07-06,-0.003862075965119116,-0.011632022334518766,-0.023032576781551795,-0.0019061126373443038,-0.01012039200015491,-0.003929594567468442,0.0033958162275620207,0.0017134133853811129,0.003622540055526313,-0.027510293444241163,-0.014838185201430765,-0.00029279220116651405,-0.01760896782667476,-0.009579281057680689,-0.0010380864901449183,-0.017045451331958228,-0.008474059286365687,-0.012877099547752624,0.005703308686754172,0.0025775682224131735,-0.030341773423165574,-0.0068571183102416056,-0.003263577425274833,-0.01586216708785293,-0.005675029331016823,0.004858180386168698,-0.010747254682550222,-0.011872868196908803,-0.008289408707497947,0.00392312135935402,-0.003705358437452344,-0.019223546273287262,0.004772867302225148,0.011948111609039413,-0.022027703857826597,0.004997265663269079,-0.011121358763035327,-0.002760218425494565,-0.014810442980322858,-0.018729800072649905,-0.009886626717395042,-0.009453766783404038,0.0048600784222894156,-0.0016730506075317564,-0.0301107454067574,-0.0019351287779066917,-0.0025877460803086505,-0.0012328956476875819,-0.013661463128556428,-0.03014436788987862,-0.008155171956709117,-0.018629811813381636,-0.012938068959011395,-0.03936091713191936,-0.01947128124912212,-0.007260737303703579,0.0025890324630502004,-0.0013517255087240887,-0.001745133017916678,-0.015995676084694654,-0.010610710792731681,-0.009247983074994859,-0.008891637618815507,-0.018765155429162683,-0.009734007904425579,-0.005485650760845395,-0.016104857673588935,-0.0023804425207201163,-0.002010687524970911,-0.01356939488639708,-0.0032326899274911503,-0.006437749504091372
2023-07-07,0.00574380973929256,-0.0045054471585990186,-0.006668941651144178,0.010416797144004786,0.012110527139456595,-0.005101889816482186,0.012454286377942214,-0.010493704939232074,0.009545312674580364,0.008840136450099623,0.012779587863367192,-0.0016400092913005926,0.0050982320539849635,-0.0011953614269877288,0.0066813564807028936,0.007272050151534204,-0.00774286052485329,0.014832065831934527,-0.0035378720100744943,0.009563969031230357,0.007933091542053461,0.03298818532807912,-0.007094121999645098,0.034104156179562084,0.0112418800152847,0.02930144872072815,-0.009279179879812527,0.0030461917868673805,0.0125380089276248,-0.0015152918281450267,0.013716739854668702,0.004996197444862904,0.005605128522688574,0.006399354396894097,0.006932985697799099,0.00455806685150506,0.02061864656143486,0.002589335505429613,0.01743832747816798,-0.0027530177327835803,0.007890433753543702,0.016967099505545757,0.00817216578297364,0.02593568796106971,-0.009975977926496515,-0.009048304096268889,-0.01134455263474865,0.01587027506527572,-0.007743452206179446,0.0003600386899917929,0.004877917120697628,-0.0004081884214712783,0.014746180185547075,0.009827661504040464,0.01396523475717748,0.018883041936778255,-0.003113944590504736,0.01342198184159149,0.013306144343205872,0.02746640878550699,-0.005336820447848112,0.014138576819006543,0.005083813497203993,0.003824789908885906,0.00432971760225187,0.03439323655315896,0.016671716831838435,-0.01017247793689613,0.005036944155190959,-0.0027978033587119366,-0.0017730291355156913,0.04319658178062302
2023-07-10,-0.006710521085324772,-0.01403893157748215,0.011248516537383235,-0.002061828196319282,0.005110920646358652,0.00629086881704688,-0.001069686189000718,0.007194512009223164,0.0014301101858356091,0.004556611819807266,-0.006083836485480054,0.000674716897759664,0.017643610981668445,0.01588521203437465,0.01283197927771762,0.013050654946189955,0.001177883292277082,0.01831314371614634,-0.017960706903461743,-0.00784354472028237,-0.0015305772933768003,-0.008540781625630767,-0.003572360631890814,0.015360370620157937,0.013254582788240876,-0.012013224345838402,0.020280289064904755,-0.014847316545315792,0.0007504721522038071,0.013498422384985442,0.011124667656791543,0.0382408484334229,0.003684398893110119,0.0008955728205446434,0.004124653301140091,-0.0031624842961373023,-0.004591481818634557,0.007747739190584024,0.026595845114497862,0.0012883322670265152,0.005611816348855214,-0.00938476129317245,-0.015053775406446923,0.00707843102452177,-0.0036276789042001267,0.005000253639092067,0.0089533500128407,-0.0034716244946279007,0.007450468251828157,0.0004799102833075164,0.01882357960308023,0.002654661649635237,-0.007938672314847017,0.03728099759900827,-0.001990399589598457,0.0007829280739806155,-0.0013712025942479444,-0.004785674598720591,-0.003258984620922112,0.00709211289516376,0.01317225457461757,0.008392098619368848,0.010115965947163685,0.02549213497790337,-0.015030533807368296,0.009723932271585412,0.005962922432042994,0.007231934337369017,-0.006181069165801301,-0.010521495652977553,0.009140558776252306,0.02001377322935194
2023-07-11,0.013367928722117561,0.021733011427278015,0.017063570568567776,0.011535736143369002,0.008853684868918466,0.0050366888852930725,0.016195945647175636,0.003525270661475677,0.003887606785997866,0.01256108412419854,0.012242152223317149,0.006566382910657476,0.020153203461479308,0.05462127378219872,0.011212877487570383,0.025125630265842247,0.01176475076114425,-0.004323031022942847,0.02137289440860113,0.02258716734687649,0.01883076472146672,0.0329588169245123,0.005681253441744083,0.02625142474089781,0.008439576895180378,0.01371524879176178,0.01332728796027105,0.015413619858857919,0.014623122735434979,0.0007880721459696538,0.009441744180037848,0.022099423289230202,0.01967248713261971,0.004921243181359447,0.013934903460815384,0.008965633884662205,0.01752764128429818,0.011046354692765492,0.01093837959652566,0.009863940584263764,0.015638995068940842,0.04421045728979789,0.016795486111200297,0.015293067245909509,-0.0009707955344647745,0.010761945364728742,0.014381838823775972,0.03187592694755792,-0.008301623255512647,0.018704880770764598,0.012525230757583827,0.012423617532566933,0.014376764434754774,0.019341858990990612,0.009014102269037094,0.02125729433838841,0.008315549255222932,0.027510599267169145,0.011251163528320784,0.013542894094513036,-0.005044797506407517,0.015570412521047627,0.0226804915179164,0.01645440908579454,0.019459401906080975,0.009009044351341311,0.034973259872447704,0.010035274790145543,0.006723806014360845,0.009924433788743858,0.009143625401605071,0.029431655068864693
2023-07-12,-0.003546089592503243,-0.013477642227356479,-0.0017750914742448165,-0.0017020831703850048,0.0023424028635610217,-0.009993572444666587,0.006058997570693059,-0.006748373275787145,0.003951649613676889,0.011716064612741883,0.012765949602790094,0.0057664065424598565,0.02224724744787432,-0.0029451059269155477,-0.011232558671194881,0.00481286687461302,-0.008284878917743765,0.014414701032196442,-0.009525859787983815,0.0022089266339999636,0.018267888432969448,0.01921692771291461,-0.005594280947029406,0.031216069905896537,-0.003096500483438902,0.002330748970030827,-0.0029449633721280177,-0.0008433464616668385,0.0048041951785169346,0.004567303258614874,-0.00328530153991502,0.02450451573121759,0.005077065236120282,-0.007123185505416463,0.017202733092281264,-0.007518853344252507,0.010879370999917981,0.008478187791557401,0.04783592224091282,0.002730135847884174,0.004951858908950113,0.031249953275038544,-0.0014866617751024824,0.00030440732994829744,0.015468076817221288,-0.0013375954795958878,0.0072650629536192834,-0.009115403510333131,0.023433309127497637,0.009533986329598676,0.022808996881753085,0.005833817447227441,-0.0021393858830064394,-0.00042489956845626065,0.005850292455255479,0.0037031480972695707,-0.00045411404567430314,0.0003265510385457304,-0.0031380997212341333,0.009620479948246663,0.025578923664726583,0.0023791123249983226,0.004320219725141294,0.01375105117502251,-0.007194273602565748,0.01662563641241266,0.005441012417393809,0.006900859195341447,-0.00450832937783352,0.012166607963189247,-0.014165418071315994,0.027933003918970245
2023-07-13,-0.00427067048428742,-0.025743399154719238,-0.0005162456465194198,0.0040920170998477445,0.011328973140695364,0.0030374224783524806,0.006546216522384407,-0.004932679827803543,0.004487113605433635,0.010558598803750652,0.007518869979305398,-0.005241052632416143,0.019008201550256842,0.04644536515004938,-0.0018935837857489979,0.012772769271288453,0.02945910021901943,0.026022900020298056,-0.0014715659050320573,-0.0014025400939229327,0.006331767140161704,0.009604981135477475,0.01053442473824795,0.01765818341863512,0.004701089126430746,0.003119239717841671,0.03584306225147027,0.006583392369319485,0.008458991298598395,0.008701050275240041,0.01015974510461981,0.02743582557166646,0.031686262338365134,-0.011120083160734318,0.006985316482647441,-0.0015152055009426402,0.017040502692985626,0.014387322032430871,-0.0038042627257030004,0.007078803434802605,0.004859915059796549,0.037145692851096035,0.0006617363744965132,0.013689186072503245,0.005383183336296948,-0.0004821958640918167,-0.0003245182473906594,0.008006822447483186,0.00950442966491627,0.0051300389538302404,6.0219736084610176e-05,0.023400012554471994,0.02076922066859277,0.025499407070965097,0.02012093523229752,0.016539511840848675,-0.13117852745606273,0.009792139552140977,0.0103977501735526,0.018528393866952042,0.013454392732515252,0.021360677559978614,0.02294224363373476,0.0189732143605279,-0.016947106503441667,0.01817068834043556,0.019937432125387344,0.004541486119280069,-0.011070073680403913,0.010402230223135245,-0.00038833593804987743,0.023017896905115576
2023-07-14,-0.005289346772895387,-0.034818262031500846,-0.004878328493879258,-0.021056167359681188,-0.00757534590180986,-0.0010094689205517593,0.0015609098708271318,0.00023378368535431626,-0.012852651446937813,-0.018874332632556112,-0.06650587439208255,-0.007131664860254183,-0.015909651589831597,0.01255593914016262,0.0027726324968284644,-0.023033754932165862,0.008186284099153118,-0.023527384886205094,-0.008789386844324287,-0.01795746361181738,-0.04047818951649351,-0.021141550947148313,0.015882577254303865,-0.02354890560647871,-0.009358249368102922,-0.003053052277634305,-0.007515026126565072,-0.007714222644770619,-0.01604667631642731,-0.005284369866996652,-0.0057965825935700765,-0.02636079850580142,-0.00329382125199984,-0.0037181618069279665,-0.0075757990509839335,-0.02745196707336206,-0.007936514788191573,0.004015743890556145,-0.032733237697836315,0.0018024378595011825,0.006045591062182831,-0.04241284804931711,-0.017358302869528663,-0.01875610138589834,-0.006306294733436579,0.0008576047069936976,0.00486828405328632,-0.017069475273179258,0.007531799361323532,-0.004987913193366333,-0.0012053083366830863,-0.010943931677718455,-0.0655026822775705,-0.004006090868524215,-0.019104747111741704,-0.009511955806327799,0.017511791841860358,-0.013576022959299161,-0.007552795056315342,-0.015072746913470159,0.009683726344501764,-0.12083649742729541,-0.02158662609725981,-0.01861993435463838,-0.013494309838472884,-0.015466893756477917,-0.013404034845307833,-0.0006164909018007148,-0.0005088268011276265,-0.003431712609752169,-0.007726865773562852,-0.04062496776835178
2023-07-17,0.01149741508509372,0.012156542783906321,0.01153475256875991,0.025151655207113155,0.01087509124448216,0.0029123175467999918,0.046883124809760535,0.015522733464386818,-0.010400103157351848,0.009962212412565119,0.023748129623184067,0.009264427851994217,-0.00021974505832889069,0.0034605327769197114,0.017025478400765737,0.01685338787688595,-0.0042364335439519785,0.0020505067696041657,0.017734813722553477,0.004801383484050348,0.011147396633344853,0.010799049018736628,-0.004727884437531138,0.016712586425314147,0.015266552649205956,0.01803435823441446,0.02281310620903576,-0.01368932966376002,0.012231224285610187,0.003984332084655762,-0.0019691079473201922,0.016174354091491594,0.0030368052726437167,0.009648639730317266,0.0030964808299436264,0.02439708540989738,0.013333228907096872,-0.0074037018182127046,-0.007332151307161805,0.009415326137474977,0.024103549473089902,0.012795354236272427,0.011271942278766378,0.004281779025951948,0.01899900311905922,0.00889034486718776,-0.0007702117268537645,0.01444282929350238,0.00923129029917269,0.006878218573869388,0.004163504642729521,0.005730150546316315,-0.010113910267328108,0.019278771415610407,0.010891293695499682,0.018069214649001575,0.044181802509056345,0.010376800856868984,0.014269437341117186,0.013192603132269776,0.0032931362084049898,-0.023348012842143606,0.01747840745430551,0.011933411319496434,0.0159084138883685,0.009969751257850712,-0.0019813611523324948,0.0034134253627118305,0.02715087118665105,0.027089035448486065,-0.0010005825863852458,0.02149832811067376
2023-07-18,0.007956939098310745,0.009862267781667988,0.015109116528322808,0.004568565597312446,0.027580080828535136,-0.008385463704380758,0.0028531909911626574,-0.009806595939041984,0.014681108578291413,0.044217733052391184,0.04111161240076178,0.003166292920524727,0.015194990718088386,0.023852883141024517,-0.0022890850770219684,0.023274263818743535,-0.00595615362094104,0.1256823058700971,0.0069390459108769065,0.013928456131248712,0.01642905122792193,0.03668099046336826,0.009716569066083203,0.040574200689791784,0.0110492377042275,-0.0027296081658583216,0.010140430089952357,0.031014375624947466,0.022702401874550082,0.006303111446633203,0.004835963892256601,0.020069207002866962,0.012110444030289713,0.01253162339419589,0.030776110240937626,0.005815576554347945,0.021929855446936708,-0.004886818601177567,0.01647712479295027,0.010396769862564437,0.0018256288033302592,0.04081635986993648,0.0038262199871430536,0.02596108043573464,0.006463019590718044,-0.0013803175803241974,-0.010044748267875936,0.006271159546109573,0.008501461977616254,0.06448992341814197,0.007170673483600787,0.009430271614704111,0.017454200795156583,0.01197448507814336,0.02508643962591206,0.011170481726904047,-0.017548144926573306,0.012864872585104381,0.02982554319670272,0.02291656140318654,0.010685501862012448,0.026762951901189824,0.018586269558320767,0.015610370763114556,0.014413782461756952,0.03230623507007935,0.03658536856211714,-0.013197300977614845,0.0004956290764353,0.01922215284340245,-0.005617403594538439,0.03411994591715439
2023-07-19,0.005356538113013398,0.02291629397870798,-0.005167374839245231,-0.004210901045872517,2.8450981925498553e-05,-0.006185342302851837,-0.0072983221748871285,-0.010926763053272559,0.012096716248294781,0.027035799251399872,0.005956248047050305,-0.00842648894703224,0.011327199651316233,0.012069584598555894,-0.0014342768296158326,0.01628322066065624,0.0,0.00045444553565254786,0.0009844041314850394,0.0026069346448143182,0.010633713886976759,0.06389545107433925,-0.003581860750673793,0.034793124162433076,0.0012325935181760617,-0.002262310557933689,0.0019323151556827067,0.010968910647450203,0.02040807188410021,-0.01306843469753094,-0.017210242522676666,0.017639155125916295,-0.006950604426021911,0.001157452004307613,0.009725135808510865,-0.002890975587329092,0.01974252656272557,-0.003532316408425662,0.00838471366552862,0.015817035084985775,0.003839566568927033,0.06535937453836382,0.004971880674103701,0.024784846817313966,0.016306697773924128,-0.004039903550101198,0.0002762248299446046,0.014990867998579294,0.0002781874594595113,0.013269533378726273,0.01016254557187124,-0.018489781694824958,0.13361234389043686,-0.0020169627583589422,0.01549670078861598,0.012765508909171164,-0.013270946418582619,0.006510814264526932,-0.0019127041088146113,0.019348381531240078,0.0016118583241861995,0.01596121317245336,-0.0016587901910343206,0.013031489183625844,-0.0026899001143142476,0.03129543353065167,0.06456906729760492,0.002699664317218131,0.001155916328410056,0.014473631800736575,-0.007138221846431425,0.06259629732875394
2023-07-20,0.01500285216074837,0.058512234751690206,-5.640886743929485e-05,0.018944639280731312,0.012568343685065209,0.021106867628893244,0.015576323987538832,0.025902645228417676,0.011405395408369046,0.005074527940522655,0.0006580300508984838,0.012206853269827178,0.00479055900621117,-0.006101421567579202,0.020106404139681455,-0.02517796825265195,0.01448033913934288,0.02877037974226382,0.0320927507636497,0.025702568105106627,-0.0023148386522413578,0.008072317569868703,0.005526319137297175,0.02280188616134393,-0.1592121774612424,0.021918617444103283,0.010395604683980597,0.005753715970837847,0.026666709633732744,0.013711569905621612,-0.008226870210444659,-0.013000040071379115,-0.006999253468156441,0.019832815800041148,0.030274689349566675,0.03051223085180399,-0.001683494053217327,-0.00025944320100690366,-0.007206263652033362,-0.0048044274963242595,0.012317685984785776,0.04119204953656963,0.019459112901390796,0.003185998569413595,0.022056999607581895,0.00982063164273872,-0.000527241597240713,0.01128443717729044,-0.0019191472063491144,0.006869885465862868,0.0033862535489281864,-0.016260134697607675,-0.020915378652634375,-0.01616821015764125,0.012238572389978053,0.012362007597486846,0.04855347131704524,0.007635185620972429,0.012318726446335138,0.016483489589879996,0.002982083556670956,0.0138368217185465,-0.033785460080962726,-0.008410969085801301,0.017999620911972825,-0.07108735574525249,0.005911102318292061,-0.007455870042090473,0.016658379234518073,0.018806884613510766,0.023773830654260752,0.09982594415886004
2023-07-21,0.0002763657625224347,-0.010359125383093692,-0.038902443691878785,-0.004814130313092413,-0.008489701400870131,0.0037984979936727115,0.009447811571366982,0.001741312072218948,0.0005406335388735695,0.009151151802200497,-0.013806881288822015,-0.0024522536045099574,0.0004395506215111311,-0.02436986865635582,0.002393353674014387,0.005043943303136178,0.008929856993110885,-0.021489517399732594,0.002106419380168978,0.0,-0.007593329876131705,-0.005445105534336414,0.009871364818349493,-0.04118642759144986,0.025963897148991943,0.005204598669019456,0.005446893501879879,0.006211176179890421,-0.03520168604469842,-0.006569841331243831,-0.002844055973644677,-0.009793956576287788,-0.014186221951327682,0.00017446638967122396,0.003135013003751741,-0.006430749412334569,-0.006745414485112455,0.005102555171905276,-0.003908452796581918,-0.0018611418422391779,-0.00768494622548288,-0.03787889444404535,-0.00517632514424482,-0.004908178521164985,0.013900391264819678,0.011786505502641376,-0.0014319930564254957,0.004266439927486321,-0.0029817220251928678,0.0022388729699909238,0.003453262251086775,0.022172968943841243,-0.010429724916359628,-0.00041082964497396457,0.0020148280995950785,0.0015564174846363077,0.0034688767676869237,-0.0026310578963857356,-0.013250376488272653,-0.030958233797701906,-0.0011797964167608033,-0.0009952294876259815,-0.006305776362229287,-0.004573832814239287,-0.00466512982177969,-0.00030259674561083916,-0.018395595181061375,-0.0015440865118088176,-0.0011356004047632373,-0.024825010923349544,0.006376211303303014,-0.04722953312351863
2023-07-24,0.0006904039811237439,0.011640506617836,-0.014275635439154333,0.005170917929159025,0.0031367829833131022,0.004898855126650892,-0.01312743704543684,0.004711580980499619,0.007487997554432635,0.020950569081423787,0.011333313243284682,0.01119272040688224,0.007148436351119836,0.0022880318522999765,-0.008005759545440583,0.014277034709740732,-0.008223624568935772,0.0012033644208262473,0.003653469102230522,0.0017550465700830742,0.012964896928431946,0.035104645999145756,0.009404959222987896,0.02128082638116302,0.03548657821450618,0.008584026959024715,0.011112673146741026,0.004548401864927332,0.015232051849834782,0.009491956992841999,-0.002891759311040687,0.007162348178326283,0.01819164427447273,-0.0015694561304588905,0.019803520614133818,0.009169253855637827,0.028013581284720424,0.0005162539324030657,0.006726526371947372,0.009789616607813079,0.01968380348516252,0.040244996702187175,-0.00032521921844841373,0.013999615405734467,0.0025868140325528977,0.00543281825492703,0.01836522229840054,0.012745072041155936,-0.002515560645908188,0.0070204164463114616,-0.01695277430303177,0.006704746827258079,0.010539650572545911,0.009590417839759668,0.009980819495936544,0.0005975990421338562,0.006833330495725098,0.01846574231569731,0.001644292479587639,0.014198718050648207,-0.0011577255075260195,0.013804001439551516,0.03374683503845666,0.008270675808920602,0.01168845462263901,0.013615840856859851,0.02186367296905556,0.006227839587234607,-0.00406043478307494,0.010008617788338947,-0.005736441822577487,0.026031461704790537
2023-07-25,0.0005520911343126489,-0.014628409955229404,-0.007688147963777703,-0.006139989297372139,-0.0008451305429034717,0.0018682752576082429,0.0020938313072227377,0.0030960100213599517,-0.006819451651420061,-0.015313878761494704,-0.01560090401431724,-0.005863393535786465,-0.013957523582104447,-0.006943719707869445,0.02605144119160796,-0.023118927142891543,0.0047080189757535695,-0.016826853055285418,-0.02503237990292473,-0.010122612413041687,-0.011959590024575029,-0.03018049296402381,0.0009422744376781367,-0.030677301589901007,-0.00808526426310352,-0.009564638613887344,0.005724215604962168,0.004527870402510459,-0.021981777215778875,0.002389191203034713,0.0027809659114503837,-0.008465984493115863,-0.008355553534230675,-0.003755131274750023,-0.011785039863312474,-0.004409357503496358,-0.011560641771926283,0.002235968085958495,-0.07461020464242629,0.0007502269828889574,-0.007468298275385421,-0.022708207287281068,-0.007807427481677287,-0.013734909822452734,-0.006892442279530009,0.004831888234080095,-0.008671128464929456,-0.004194914163447527,0.013505988589457285,-0.00264070851197018,0.09040287693393934,0.0003917923127032541,-0.015456211407970377,-0.00990640972653034,-0.01519184543023,-0.010154043762386156,-0.013494011926519556,-0.011707435007494937,0.004012682098573528,-0.002999888486538871,0.01118740022837672,-0.007158807726285743,-0.018973191685880075,-0.010937024190829647,-0.0155571069208158,-0.027462712553435464,-0.035659667750097435,-0.008515489079819027,-0.009458543843595013,-0.02024978700577451,0.003229209892751772,-0.034278040657218734
2023-07-26,0.0037241067510604964,0.022540046135548497,0.00750750154702251,0.015862386276198404,-0.0005638969284529338,-0.005710839538942913,0.008849572459461275,-0.0025871555100818178,0.022758978870592195,0.00808703952378731,0.018303574201514516,0.006387022574562362,-0.003833812912518164,0.0029693671640087516,-0.011315107717552397,-0.004104468889136403,0.005175587601598641,0.01803176730624534,0.05303803578131738,0.018879080784664826,0.008494375521475694,0.04074432691182395,0.03937880997159726,0.0642914273977433,-0.013616110153046534,-0.00496494753090615,0.0026864954821361753,-0.01014169389103603,0.017837964001574447,-0.021220933097377048,-0.005705013353329402,-0.009562821680572431,-0.0020616389397924983,-0.0007012733364731849,0.0080631053626683,0.015434153845548026,0.016708443705521825,0.0016303592058621863,-0.010830434749281026,-0.014704161528575121,0.0059940512170506555,0.06884688643142556,0.010327906261869524,0.018640851459866825,0.01833421940219626,-0.003580784786139657,0.0028159845339013057,0.018308520731489253,-0.00677360050096476,-0.009320048486157972,0.016508442431495407,-0.002937140906695168,0.01914493938185302,0.006441902776875841,0.018496348092130965,0.014964932177471635,0.021691637839919897,0.015096045769509958,0.005995141925573488,0.014543612852294885,0.002058377557941249,0.01046232439560546,-0.00853242264006715,-0.00477513161324461,0.01185223881253017,0.02394113751426641,0.027205453004673252,-0.006661314594405332,0.016957466548640276,0.021108133191176437,-0.00030047733933058485,0.07462281677157834
2023-07-27,-0.009756784647745653,-0.0015935332878025399,-0.02473908044049611,-0.0032872885484950265,-0.016869788147734432,-0.012278344037978228,-0.029361642401883548,-0.011831693846350078,0.01636866753051125,-0.0141930639268677,-0.0013274248850713155,-0.0014007725885485378,-0.018959529331191716,-0.013656786163638857,-0.015212876989124102,-0.00017540830968620913,-0.014750870436828989,-0.012008470752471578,0.02579047054170136,-0.009650582760401871,0.008212172952563934,-0.015721346910229306,-0.00045286058527016504,-0.020572274768319465,-0.02169218983761856,-0.018944514252596134,-0.011307392950070438,-0.008456684064695241,0.0014020387575017779,-0.02977219815137322,-0.023030636136523563,-0.02034488348669994,-0.030629684054779727,-0.025175474959839073,-0.008530065075921911,0.00541889421940045,-0.013968752410787655,-0.0154202150801519,-0.017639924576853594,-0.008017852652504653,-0.011029349050471926,-0.012882428177843575,0.006652589710517409,-0.015807527665585686,-0.01778561043763216,-0.012968771964992465,-0.019656615293522584,-0.008432729803211414,-0.02187887461691662,-0.008445593043004185,-0.006550024802775223,-0.012765153861377443,-0.008515996970072659,-0.01906579763122007,-0.0212483433288696,-0.010701520968889544,-0.00728835264738481,-0.004647377811204723,-0.020496582212921943,-0.013346598975723212,-0.07639879935267857,-0.01385197258896731,-0.0037291239239467533,-0.014225612583027347,0.004076680382956832,-0.041067216245281424,-0.0017998863102521856,-0.01121889981005364,0.011818035652428227,-0.01442723954067393,-0.08878196905605196,-0.021846556528931305
2023-07-28,0.004579526515402943,-0.0028373552259426393,0.011185676651509047,-0.007915589441961468,-0.00944051965975401,-0.05114808390059333,-0.030375275819808034,-0.004282699386849553,-0.010909823984805445,-0.0015650120747965346,-0.0035445334327106615,0.0014313933282603664,0.012714894423262457,0.024978084090207187,0.00042508037236221874,0.0072794702646314935,-0.008757100562958753,0.002126945794209023,-0.024715962073271314,0.0685051324964796,-0.009816225896581487,0.011274747821889752,0.0038255968946456775,0.02921520253623222,0.0047033826225983955,0.0036608860380149544,0.002457290956920044,-0.021649971586140793,0.009800530578797595,0.011982800598664411,0.008116114909092031,0.0387187752892415,0.008988083502213362,0.009538443279465625,-0.0036105815760660853,-0.0503483513265367,0.014166642735654156,0.00174018392715114,0.02786382067435289,-0.007551656852944566,0.00570439996641503,0.025285442491412402,0.0024177596692058767,0.013239804651747678,0.005454661232661806,-0.003429912512858402,-0.0039036464294166517,0.0038510590020064406,0.005890890165679341,-0.0035908609504288203,-0.0059971226402546485,0.004376432911069372,0.011241635132639427,0.027072117321723432,0.017878469494870153,-0.044471122215235526,-0.0022344373642015913,-0.0010375726166683696,0.006452764344022199,0.01452913977485304,-0.008896106084511746,0.009789969363866113,0.003190220193275861,0.0826573366241925,-0.009206801430421074,0.03188496171825905,0.018547131919103288,0.005587784858814393,-0.0019199652585408788,0.00808391259150576,-0.014840977574802405,0.028715681509452695
2023-07-31,-0.0006907013255328387,0.0019562193320716847,0.020854845167292746,0.001994654413392638,0.009385606378551792,-0.0022087099910697017,0.005695824484223344,-0.006567456703613472,0.009304427803573656,0.0031348088115450423,0.008448201080601736,0.006146176242788126,0.000690598993832614,-0.0024750218635051224,-0.0019832638819780035,0.01889418410561783,-0.0048447416045406255,0.0021225481402129542,-0.007622013139141348,-0.01887827591244895,0.005273120313112667,-0.0009292516269769902,-0.002306633012547521,0.0011131826591381788,0.008407376983554649,0.003786668536668758,-0.00336767509424607,0.012238092000073975,0.0086655129085913,0.009760790795699137,0.006998992789021274,-0.00914943389807954,0.012489695965657965,-0.0001783230208193265,0.007473847725084415,-0.004983430430522295,0.005751862887790393,-0.0028662788540116946,0.012048158630192374,-0.003863916922498656,0.006691721111852678,-0.020684137740067277,0.007396743721765242,-0.0013566163909688456,-0.00645832953319414,-0.002329745311780207,0.0033591843983784564,0.006553708649728929,-0.002008703282385227,-0.00010926288684642849,-0.003997969235908894,0.0,0.000749569114333104,0.024871536285462792,0.010258375919498075,0.0046540650527990834,0.007598205083844567,0.002181149335481969,0.008151641498550966,0.005925995464843847,0.005992439859265675,0.017844635671657505,-0.0014455701081904637,-0.02784129121516432,-0.0037515865516734026,0.0063617063639958005,0.0035406946178371257,0.00839868958035983,-0.011061270534954537,0.00043352593815915164,0.010664740179758159,-0.011372459585513806
2023-08-01,-0.003179443451334807,0.0031061221636918823,0.0045593234948011485,0.0016590097478343946,0.0016071764498066798,0.0031083131044609136,-0.007594335805693131,0.020670469246257595,0.003940255047650387,-0.011874974783141035,-0.0044091990836769845,0.0008524216326593059,-0.008919155583022365,0.012310350484965538,-0.006387468078716152,-0.004614561070186873,0.001217163778988839,-0.0057488997987867885,-0.005821643409462229,0.0077152124289399104,-0.012379316280915709,-0.023241102960271043,0.004372714004022171,-0.025759849622001396,-0.006916092045535671,-0.0035504185568725477,-0.003333044212087466,0.011427569850359642,-0.009965710135413586,0.006021726818346673,0.008637635550409417,-0.015389842802528086,0.09523811839576535,0.0035660039860800907,0.005198627752674323,0.001530382979253675,0.0,0.002090558563083711,0.0017857909512770664,0.02422876150254938,-0.004938089319553307,-0.025995166566766703,0.004948092824310635,-0.00829408561255962,-0.021973841620438805,0.006793297153971034,0.007076210696818963,-0.002382074666120171,-0.0011056982913989488,-0.006771462048631327,-0.0039045256380875193,-0.004951493690820263,0.0012480549194642254,-0.003824860415386433,-0.010665646380801808,-0.009765950246819699,0.011430285569845378,-0.0015545846563639332,-0.005269379310682165,-0.0009819276627379692,0.009632164290801715,-0.004279567339123602,0.005211496380674863,-0.017605059452866056,-0.0017380493455034784,-0.012643041186595871,-0.024445592169611063,0.008623243485862409,0.0,-0.009748795077292982,0.006009607078198309,-0.030065337986016627
2023-08-02,0.05727358864199017,-0.057683701241451835,-0.017093910227660936,0.014739964950122308,-0.0035815682627767798,0.012207034387605065,0.003372271613179656,0.010536367592027363,0.057168054637095844,-0.013598968437837144,0.0015501057695457288,-0.0030375498056980366,-0.020238791796572397,-0.030071708716973733,0.010285735821671249,-0.02773008863799864,-0.00028608182463907283,-0.0057821407465612484,0.011465349358111832,0.009039713545849537,-0.016146164110161343,-0.0016077114510746338,-0.000800681615623966,-0.012364491820828771,-0.0159321118573722,0.0008906815273577173,0.0011762354625730609,-0.025544467972556384,-0.015272402888440784,-0.018980890280691054,-0.02469528004673549,-0.015283129868949308,0.010020714313986767,0.007639692708564461,-0.018506164442846362,0.0027781749425375146,-0.014705815308089787,-0.00034774407211912717,-0.02792633487984375,-0.010371243676564834,-0.011324505344378566,-0.007506326540626551,-0.0014294581784682903,-0.0019465873238242448,-0.004950605294862465,0.006852954545638612,-0.017755132609220015,-0.0011143555652695092,-0.02466216427825263,-0.01781394987881102,-0.0012638632991068821,-0.011345570949189088,-0.0011219171636941416,-0.03084869414420477,-0.009672796862038813,-0.008218373878384533,-0.016166966151950235,-0.010691305244991844,-0.008493878006375022,-0.004422632344068367,-0.010192995017330952,0.008041116385197666,-0.01670517908861957,-0.021141311920835903,-0.007022182225512319,-0.014938939858815448,-0.007233225133348342,-0.009258528642185349,0.01556171256468919,-0.013345005057101345,0.0026339703865800868,-0.012668306881543301
2023-08-03,0.010624458286765837,0.04553552277699535,-0.002039017127375198,-0.002121801413493163,0.013601243995184698,-0.018769994841752458,0.00038778152869944904,0.0029338398054687964,-0.0074949907703616425,0.007053458807161572,0.00729603703987336,0.007460335143295138,-0.010133175576380493,-0.002721358226597248,-0.0014139818831605533,-0.0029139155492411417,0.0014304910359388412,0.00811153143777732,-0.01289224792060395,0.0,-0.0021593830947572723,0.013848532342446873,0.015876127241767346,0.019645636675265976,-0.005429001360463204,0.007648403449193042,-0.00704898012359334,-0.03730465578791298,0.0038772477856894305,0.004977543021308817,0.008739685470530834,0.001058162014158981,-0.0025418076583942906,0.005025162953164353,0.0058673055292499665,0.005679474694852749,0.012437712805785983,-0.025478274338157747,0.017726062693095734,0.007712640731997178,0.0061132161175763144,0.01176477235797413,0.007157583064585582,0.010041202901024393,-0.04825867335562073,0.0002093927706221521,0.0076663098562321785,0.026613582921000356,-0.016353019940514413,-0.0020153142228730436,-0.002696015047358391,-0.0058385157426815715,0.008486142028736543,-0.12322400299339098,-0.00820150976727374,0.011728697273126532,0.027839876836057265,0.015528338914325035,0.0100405658529783,0.0118460448501565,-0.02670899789492054,0.0039884863099795,0.0046865025594615695,-0.012739432519780824,-0.009935805352994764,-0.0009286181726777532,0.02654171811526118,0.005051430696989101,-0.0049481536240076895,0.008938621127596358,0.0029554952710200144,0.02129383160903564
2023-08-04,-0.00259581014841348,-0.013379976391958537,-0.006009286323123697,-0.00736015413702773,-0.01788454579035903,-0.007122044937974303,-0.008657425691037446,-0.006255626158692018,0.000635058019324175,-0.0035020588528822394,-0.003731418021524213,-0.01079677609614782,0.00015494489913625564,0.0011695221396776923,-0.008779448672994072,0.009437354952734234,0.03971154228644269,-0.014422374425757,-0.009758423734519184,-0.0035652244415368406,0.0006567321061636822,-0.007306151469971933,0.010993950506181793,0.001700016144326577,-0.0022418818871011714,-0.01932094344787305,-0.020763779447485864,0.02653173244923379,-0.000351090758779371,-0.0028758636321610798,-0.005182181292699872,-0.0014093913211861153,0.008220269836253902,-0.0036841847124642335,0.00016989982937976045,-0.0011019966443399642,-0.0016380743974423462,0.017221422769191808,0.0,-0.012386094689160632,-0.0021105604885389706,-0.009966762674656127,-0.0063171279730430685,0.0003574801581245346,-0.023483036113698397,-0.0075900654999875306,-0.0042238369552670685,-0.013815645059932713,0.00591633830109517,-0.003926351407269935,-0.0027952676340121663,0.0014175707422248163,-0.0069297974360240655,-0.022281089099036033,-0.01172760669456463,-0.009954725454274227,-0.01792786073621866,-0.0028928482780294917,-0.016507127928101828,0.00536587683588019,0.008130908124101444,0.0019178232498384684,0.0017493959276004833,-0.012476454892478173,-0.004427369324753072,-0.006505452252008603,0.010392925680239307,0.0009633086743081609,-0.007058023981319161,-0.006644551068961113,-0.004817803566819934,0.013632687963674117
2023-08-07,0.014313560569696238,0.007918410109671647,0.00937071434319603,0.02010216753988936,0.013541715259053566,0.01022026685355426,0.01968198790673359,0.014718568675985644,0.002257132913139337,0.018530351714729276,0.020709471442560412,0.03597244689615153,0.003195918731879299,0.011681106634333194,0.016285675345699024,0.016669566716336348,0.004945977369572363,0.016173714851318133,0.010451894798241934,0.0066054865306168775,0.0026252897134064757,0.008319996375661498,0.016043274979295807,0.005845739291987506,0.005666298870095288,0.009484978369691088,0.006396750607844837,-0.008161875288405951,0.003863766555003867,0.008492209270832829,0.00431384320905015,0.007057177988193386,-0.0004892273498946498,0.01567173363373464,0.006624792096906917,0.015444121510309605,0.006562887728424727,0.01815787183648565,0.01981996510896966,0.017510751845364325,0.004742944144462413,0.010906106938746163,0.00921808245782807,0.01201122814863509,0.00630018051036485,0.01297545544985268,0.014104997535010266,0.01856853221765542,0.006940193274331596,0.0032661641884261794,0.017039838530763074,0.01112235587074073,0.007476684243130416,0.026613516636578627,0.007150483832216281,0.015527666735051238,0.008850993540124641,0.016785758042514365,0.01020032890757494,0.01795241501740974,0.009151146181475278,0.010391051425975961,0.011350313839666892,0.009172779589577296,0.00871634005260602,0.01652630999305682,0.006522870715372386,0.010544338240370488,0.017932089934341366,0.004682340720999489,-0.005452066749719764,0.005801745622424637
2023-08-08,-0.011417506421030232,-0.002709061520221323,-0.006528524236638744,-0.006622480650155471,-0.0070666127336316276,-0.01300734894516864,-0.024031762778211285,-0.01575472187363469,0.0069668978733326,-0.019134245343833678,-0.013166397699538979,0.0031717812804135104,-0.0218511236891914,-0.0015394580513723444,-0.01105232173247761,-0.005899182474241593,-0.0022557016023658782,-0.006821283514836907,-0.009555688550173524,-0.011301499291046513,-0.014619238906824927,-0.01618536939755999,-0.015694059420437556,-0.007311542338572341,0.016514450162719463,-0.03515770629964199,-0.010475793732202976,-0.011486433111235983,-0.0185444785585428,-0.005401972672487654,-0.009076932912895352,-0.013665073989861942,0.01451999481917432,-0.010748963645736187,-0.02053097691067851,-0.007604614169876234,-0.02200490870324212,-0.010338554867820648,-0.013545388866784358,-0.00860465648001374,-0.005613638087969108,-0.009128698532699042,0.0017322782607083198,-0.014553151585462332,-0.03007611773432517,-0.013746445398820861,-0.009272465372388683,-0.010595203238250805,-0.013405051824290748,-0.006847838238238424,-0.006219336675294507,0.0008000398789109742,-0.01558454526101749,-0.01909344267614821,-0.017749293544021105,-0.009775644206954315,-0.009086618542582747,-0.00835625480208968,-0.005783057668884872,-0.003813137932277888,-0.009913421388766386,-0.015832261559530325,0.0025900012618926826,-0.015520526900108633,-0.013167176495069821,-0.005828224590709974,0.0027417354141880956,-0.00919220739529003,-0.005237215432679965,-0.012871818364321719,-0.03856338246335378,0.0010487874067679481
2023-08-09,-0.01803790494159807,-0.007605893171798717,-0.012359058792174582,-0.018861809611262492,-0.010977976504068288,0.00862662704549666,0.009168364002966944,0.01432914683613129,-0.016143588022785815,-0.013111574450293761,-0.00984249694659467,-0.01569851758223728,-0.007015943372360667,-0.03546309913091128,0.0056947472872772575,-0.024260419418487333,0.0015071660166836587,-0.003510334726515296,-0.00039788702257281816,0.0011984010855381477,-0.015943317486449393,-0.012903181610073755,0.006972683623430953,-0.023607230401706314,-0.0026758850445889326,0.0373923049143845,0.0039016634666313443,0.002081181929678211,-0.019607819915778535,-0.0011980343461700516,0.0633843775429106,-0.00674951499494747,-0.002653414926843123,-0.007185381417715964,-0.01599386739169939,-0.0032840644420910614,-0.008333376844265272,-0.005832697880485238,-0.0023882400765172784,0.008092866938629983,-0.013407780211384779,-0.03601334665016964,-0.006917130647785763,-0.03147170995367665,0.006539288465427395,0.006969021979535306,0.0012207715671783692,-0.01370074452030079,-0.00011841458388572867,-0.010286035943522287,-0.0034120996140074578,0.008393242238591503,-0.007412921623353608,-0.018515559334903675,-0.02076121949148335,-0.013795735767005546,0.0,-0.02301919862283408,-0.017634522812052578,-0.013875581216311605,0.002975339044222425,-0.006874643477107978,-0.012629134947896858,-0.01567809301157741,-0.0035145375054591588,-0.029003415898209317,-0.01441701965142328,0.001964221211258721,0.0012762597286455346,-0.017086271069532866,-0.005652793176869175,-0.020429467415922775
2023-08-10,0.000528568915459271,0.009945254500964174,-0.001709273396952149,0.0013257601188798596,-0.0013400533289625871,0.0005049061286570566,-0.006099950708469248,-0.00464933158534242,0.00220196429719266,0.0025923503207756493,0.013695570292207249,-0.002904804366395397,0.0071087949574475395,0.0010990213170622987,-0.0028312503881710027,-0.011358514891935734,0.014913175836623882,-0.007687627642511519,0.003034770972007328,-0.009851709528874819,-0.0022501598760845676,0.004248299863963467,-0.008328463435197442,0.0073501892728462526,-0.0072825084525932615,-0.00111415113450275,0.0009715704326456187,-0.00830730394682666,0.007636288521897905,0.007676921719668606,0.03295637796120188,-0.0007152811711793605,0.02966788500353923,0.0020299478830418938,-0.006682416378130718,0.00425596828870578,0.00504199399274885,0.005253990420595045,-0.016959270585453323,-0.0005235877206480888,-0.0014955286499180875,0.004344041935790743,-0.003640996322579748,0.0,-0.008173348890739174,0.00031453378163726065,0.008814434769248258,0.00047895730734093256,0.004470430373189949,0.0009137784158590456,0.0037443998580024562,0.020808531417081833,0.009873472354060775,0.012415357176400743,0.005810691667762491,-0.007443564923530599,-0.002845900640174537,-0.004733331014527553,0.0013157383927475674,0.0038815929669566707,0.00038684704240332657,0.012460016429465703,0.0,0.006459616343256425,-0.002092054456724779,0.0168012704876892,-0.00403539462957947,0.003551861834510728,0.008922925860685105,-0.0011437504216371686,-0.005585979951817532,0.003475870262583669
2023-08-11,0.009774173989648638,-0.01490653332708336,0.010578570778703611,0.001820618357626147,0.00478421765973458,0.01195543255075493,0.0002611209530984926,0.00772513525234908,0.014600693673558984,0.011312199616717367,0.002614931494075101,0.0038377362177850483,-0.0020086295955437095,-0.01826342803175851,0.00482671542694546,-0.001447433071058546,0.012739278659160247,-0.007127355681393777,0.0007937584420272259,0.00018595880077021398,0.005187136162742245,-0.0006508147950403664,0.0047362857343975495,0.0007680309584610079,-0.0003861174609723905,-0.007194638073111825,0.0037642926245307073,-0.017626557733919745,0.002887127021248048,-0.003333114762475553,-0.011429123912212624,-0.00107382944104506,-0.0068901009940847135,0.008279762842041904,0.0009694771904902311,0.006151635557500645,0.003344548404109693,-0.007055835959695722,0.00985825929670936,-0.0006402757879991894,0.005795783364908269,0.0,0.007626260350575453,0.0059213559536202,-0.01005793147530365,0.005555902421261472,-0.0054387951716781124,0.01579963394081374,-0.007633605027863588,0.0006845301785447511,0.003894955181881876,-0.01067747357140103,0.001629473753579358,-0.01990762831301196,0.014443080858070445,0.008145820211079124,0.013477056647521524,0.006235396787512615,0.008635280563048742,-0.003383308763819204,-0.00030931053156912913,0.0075210117141562005,0.010755829109846626,-0.012396694498544636,-0.00047923392117943386,0.008261826069331457,-0.0007597021911885937,-0.0004996915448918227,0.009791531475706439,0.0013740366012748861,0.013471816683757742,0.020516862366182664
2023-08-14,0.0024853385103484893,-0.01962576559278073,0.004901005656673396,-0.011729682268784791,-0.0010451676476308513,0.004551244120390319,0.009791122910444816,0.005392875326549973,0.0006285809501394013,-0.011505294515949172,-0.018039620472603102,0.00036278744411388786,-0.0038526544507131444,-0.003354712944020566,0.006640349025874848,-0.011052683864210544,-0.011447595478889405,-0.035892657519785875,-0.0004957722533253106,-0.006507995497237573,-0.010545245720356644,-0.0367957830009622,0.003304626353984208,-0.03894861941572059,-0.008787116122296545,-0.0007303334687916996,0.003396421156223406,-0.005329481809077996,-0.03598417435492274,-0.008917868857757028,0.005121583594934753,-0.003224671682092284,-0.008356982121727308,0.0026207652690790617,-0.00877530040892216,-0.004483645803312397,-0.025000048949798348,0.008158614147894205,-0.011592317088127024,0.0015143487361013452,0.0020718353066171424,-0.04671281638328628,-0.007568540688808634,-0.022295806017822883,0.01169688978053185,0.0018243495341863092,0.00911425487690165,-0.0012569346358036748,0.006177676479518279,-0.004218811604919659,-0.0031148226717260252,0.002354829895825583,-0.014891731360006433,0.028111789348378657,-0.02047105017529638,-0.0033346103093691015,-0.01501874289222338,-0.0007351931781184318,-0.003163916817498058,-0.016003854238831106,0.0025793077840061684,-0.031759069044042576,-0.0155307328046832,8.897214581016222e-05,-0.0035359291052505792,-0.03655845784075684,-0.01875317093325979,0.01191469578523563,-0.0021895636690733022,0.0002286623262774956,-0.009613927197751893,-0.023237601718940848
2023-08-15,-0.011873603035230662,-0.017118820509811283,-0.0251083433019198,-0.01738553829962075,-0.02162353229097891,-0.014615634318757675,0.00012931010249239705,-0.007624727494142114,-0.015917287212358078,-0.03200772529159912,-0.017264163454788872,-0.011102462799466695,-0.029021710394695477,-0.0058139222171670335,-0.009263211467297028,-0.0206119757379305,0.005453427356431506,-0.0131109951445606,-0.01140475715281608,-0.011510473224840112,-0.020181467878221726,-0.043610569173949454,-0.006200056567400081,-0.044919201873639736,-0.09439845815335624,-0.0024736113219427924,-0.004113600539996987,-0.001964646085102828,-0.03471440640024459,-0.010444308178745199,-0.0089546054159384,-0.031631806770905824,-0.01764986752551645,-0.015247903138866703,-0.01637354970602567,-0.014876496936965578,-0.03418796338621832,-0.007048335079998802,-0.038271650318374095,-0.0212259094329752,-0.025457067324339278,-0.03448270602033654,-0.008381447464639646,-0.042748464131775354,-0.01865054064546723,-0.010718078640615247,-0.010361685983823365,-0.026899501474441756,-0.01782875574300613,-0.013397462703640173,-0.024594394410134113,-0.009984458747005598,-0.022484837161952598,-0.060060047567049746,-0.02891259557397896,-0.015827998433726176,-0.006909104869340599,-0.019445024405731814,-0.019230812039027878,-0.027107066343926678,-0.004219355705748162,-0.024950996005773884,-0.021910582515646926,-0.022787909622072333,-0.016779958351644697,-0.03173043615098747,-0.02789255038767291,-0.012638940335448656,-0.0166143729819892,-0.0230909443571109,-0.026794135309458178,-0.04490768413969304
2023-08-16,0.0013204769971093544,0.04444654749030108,-0.007102777475830657,-0.0028920909605633094,-0.008525678667634318,0.011746264249694605,-0.005299943884107372,0.00531579639363744,0.005746328627797892,-0.021710108682955642,-0.006306381001758288,-0.0011001823651269893,-0.0008620674588942778,-0.005848001138667125,0.024649468491971582,-0.018613820993202745,0.004352545675726072,-0.00852877580320166,0.01334209784724516,0.0003787159163917142,-0.013191271953666317,-0.006716103161613196,0.004045440712505455,-0.01546823240395745,-0.02904469987015601,8.459000828020535e-05,0.003375319836732782,-0.0012527346645684334,-0.004640390164549091,-0.011285210768143816,-0.0006427485594402427,-0.016332639504929025,0.0006475403601566843,0.00415852870098421,-0.009331512872259862,0.0022166039252931036,0.002654811747743402,-0.0012268890110906927,-0.016688130306688698,-0.07034634079335333,-0.0042432233116111995,-0.01033842246587413,0.0014434682038022562,0.008569836050758006,0.05486514511828022,0.0005786367131495052,-0.00020285080656867738,-0.003233107725343687,-0.003546239437583809,-0.001973104236019485,-0.00784903545537885,0.005536851597530257,-0.00558811276043214,0.0035311767304881947,-0.007038834184597165,0.007583512494805822,0.08868450037890763,-0.0011791168147954334,-0.006662893633409106,-0.012664534102168501,-0.0007749927233053899,-0.010494420922524395,-0.018219897153747833,-0.006285376669895482,0.011561077943499365,-0.01689189521413126,-0.01567483622005128,-0.002251642235567397,-0.0019126825973927453,-0.011935421666289692,-0.00030528068297752675,-0.01359000970964852
2023-08-17,-0.0029014014744493943,-0.016675726467728302,-0.001119645446246098,-0.009384016272333984,-0.009737523333442244,-0.007096634456230322,-0.03456785104883109,-0.02030658332735613,0.0015518880868612417,-0.0003413883465850365,-0.00045327683948981345,-0.002598014594936915,0.0026181700207703607,-0.0010319651505488192,-0.014793236397710907,0.0014296677412091174,-0.0014001380503766425,-0.011249017714982545,-0.009850081049307069,-0.005110253303043599,-0.004221503888116485,0.006405685533119598,-0.009563109679223358,0.012314310254708527,0.023487622547609277,-0.021752020597616495,0.01244404717944847,0.004479455361938722,0.001165467985273061,-0.011906692090464133,-0.00881435501454475,-0.009056564201120554,0.01083795025219203,-0.01356940598434142,-0.004831170168068666,-0.012164678252409966,-0.007943519966722823,-0.003158742503726053,0.004569260774682338,-0.010417388678320538,-0.01038680860375607,0.023741748642243987,-0.013292735665742406,0.0035859771519095585,0.015693134228814465,-0.007936990117804577,-0.004437466119991629,0.0029192037030256746,-0.006922830502057775,-0.0023258829866924513,-0.0167664003583341,0.016125909015955786,0.005619515245281592,-0.018096545333982195,0.00627392079863065,-0.00570966465556666,-0.006831198602557764,-0.002790316397038084,0.00028752902377382483,0.0056439444140656825,-0.006127944046277256,-0.007700166885531434,0.005780444915950866,-0.0038500339797294947,-0.011852141055723964,-0.004467381519729918,-0.0064776597147775394,-0.00802368591622371,-0.01245607568085838,0.00592137815431526,-0.0002037130399353826,0.003444199818114946
2023-08-18,-0.010051595237594912,-0.01593924252374579,-0.0021796775673836866,-0.0018946219145775656,0.005627649839653692,0.015862042732565085,0.01278768254858953,0.00031746711580216136,-0.009014631795317807,-0.005806047312138407,-0.0018141056798889332,-0.0017837562741233048,-0.005563877712590148,0.019834759869713947,0.0018242310707015097,-0.0002854815227579799,0.0022699715627025885,-0.004182664137205361,-0.000699807064837521,-0.011985073483082864,-0.004945752909339407,-0.020155711321420022,-0.0014703158203983602,-0.00859905774476033,0.010391899697335338,0.003485148655335557,-0.0023002360346856543,-0.011951476662390825,-0.006984819161246936,-0.0020776198470520146,0.0008396672359958224,0.0,-0.007361308380698484,0.004376911957048257,-0.007907838973016279,0.005037717234739336,-0.008896756857980304,0.0012322885991626897,-0.009746611873038935,0.0012271376293038205,0.0022875106269399925,0.004638211691228689,-0.0003246234912878121,-0.008233757158184418,-0.003932888693382708,0.0005298316127377856,-0.001146139802548407,0.006791753633083708,-0.004505420795316906,-0.01049073763584174,-0.0011138545785687182,0.0025159433149737342,-0.002729017212183771,0.013993169218022183,-0.002429188817130723,-0.001957725532129695,-0.009466811282583976,-0.001291331591993572,0.0068013747025232885,-0.003061210409495252,-0.006191886020616488,-0.005124434364668362,0.0033271301893915695,-0.009754217879957006,-0.005752498123425487,-0.0065584567082576095,0.0008149068925529246,0.0033702388780894044,0.0016170574754457157,0.0007063388159462836,0.012932816967282212,-0.006578927023477288
2023-08-21,-0.005344007610038282,-0.008475415555494581,0.004056719243428875,-0.002761008514452268,0.00204587004562673,-0.0009565200371375315,-0.0038543450792279943,0.0040354043515751226,0.005827443942086896,0.0013741304133272347,-0.00590642625881288,-0.0013331098932317653,0.001999351431928309,0.0007090185732858689,0.003501855926798081,-0.006188149009412558,0.0031308369037463812,-0.002016126955348252,0.0007503843094047724,-0.00048147204377502195,-0.004260379440707562,-0.00974365688362644,-0.005546515163611931,0.001269398753062978,-0.014034750548323927,0.000574068640793568,0.0013973008835532763,0.005235602461475919,0.0035169750150985113,-0.00824454928437579,-0.015940292942203782,-0.017517232492187063,-0.0033853607795769625,0.002757044089613192,-0.008832685222431746,-0.005708519213663998,0.0,0.0009670399154759757,-0.016404196515153346,0.0006450703200966412,0.0034234867072682196,0.005540157605696594,0.0017860089825545433,0.005560788302600317,0.008622063088943532,0.0018534286394973343,0.0026264003461800023,-0.0049790741831281515,-0.006849644303668412,-0.0075391409463569925,0.008785577754075069,-0.0001929855721937157,-0.007166994509091196,0.0015146441494662266,-0.002191479620551773,-0.007453929502836187,-0.013066604240123514,-0.0037139272864308293,-0.0024738848599153984,-0.007676675929816135,-0.009214609519636596,-0.007799889583392505,-0.007838228182282414,-0.0012080960283245012,-0.0053547478903998025,-0.005906853842452153,-0.0021715990513071493,0.005416374087359621,-0.010332622699149918,-0.00023518889069451543,0.009952710867999759,-0.005758663120319807
2023-08-22,-0.008645101754731987,-0.0016145888458183322,-0.011188389596306303,-0.0077868109312581035,-0.013211154998734487,-0.0008959161424004769,-0.005070010258711344,0.003070705207869562,-0.018229511063506565,-0.024356779383954308,-0.021709196456864865,-0.004317046861544993,-0.008561819776043533,-0.005364894881578652,0.0009771749543956432,-0.03917998464867567,-0.005312458139402398,-0.04949496291913147,-0.004748793600537815,-0.005779180399553385,-0.024958376278442884,-0.02514579967588526,-0.015350511552382096,-0.04120008432003519,-0.032815321263091946,-0.005163565153676664,4.6478438495478613e-05,-0.008800292782554231,-0.03115269988949665,0.0014275405455341783,0.01623717356951726,-0.01627899957996759,-0.0015367737563868333,-0.014722816302959685,-0.010153310665739768,-0.0053215232491298226,-0.04398574392049215,-0.005357482712681549,-0.0026684864807429154,0.009604757490592863,-0.020738506325111428,-0.04132234106481081,-0.005186399538541164,-0.020951807875694173,-0.004074394716000462,0.0017443017715184084,0.011800570177169734,-0.010169508928482007,0.006866188330436618,-0.015074159168740553,0.006041069427800805,0.003282427741397642,-0.025331450993842597,0.02470175201082503,-0.031806758767079835,-0.015942032988476185,-0.012482956044241877,-0.01085405082886226,-0.022987325939299752,-0.0500257130936248,0.01336927913600472,-0.0232868363264912,-0.034032199970337795,-0.0006511994921748476,-0.010272272249894354,-0.019573632855541256,-0.025027206727349927,0.004635402804306965,-0.009461566910804464,-0.023299667292251525,-0.0021400720748789848,-0.04170290544624966
2023-08-23,-0.0029976721461846267,0.004756492134751822,0.0022629392392117254,0.004883065745197257,0.014544261108982104,0.007419866230969241,0.011130506027242193,0.014451702614010742,0.0015834953120790196,0.0003516597433299573,0.01681838822056103,0.010525722007911575,0.019419068470283074,0.014654934427194677,0.01673402766069887,0.013160552280799154,0.0022030966409372077,0.027630220402121708,0.0109492036700507,0.010947451259249341,0.0014627729004415002,0.006355177036917015,0.00631605471219987,0.015204944014075128,0.003170587704017791,0.01675320827791582,0.017510864542890747,0.0016307254725584919,0.022106162074417623,0.009642809871538205,0.00865626760137217,0.024034708599457888,-0.001458108887186338,0.0005400594417013238,0.011104338702524474,0.004082858202944406,0.022535386571538307,0.0139515045525338,0.025418126526582707,-0.0005746694645226702,0.006763145474403265,0.02969344159133347,0.009449295099045463,0.006603067164845822,0.004452048528102548,0.013507816631143976,0.008093673456276429,0.006686221594089714,0.02342439536794161,0.0049409828097479735,0.015040447985716465,0.013279516076999842,0.015082060270219522,0.012791059120238701,0.0032767734736673937,0.016200298684528214,-0.0010724815025745515,0.01341168978877283,0.002831242067592221,0.020629655889743193,0.021353759247446424,0.025816232910353065,0.007549472164497306,0.02755793065963541,0.006189666963812179,0.01532979912517174,0.011439867851516405,0.00719122743477163,0.004281861484892957,0.002650631012121263,0.011372098171512635,0.0268963456334963
2023-08-24,0.015580115106562431,-0.002650996682661444,-0.010348708428743247,0.00815697190789999,-0.0013495602832082065,0.00359045645521916,0.0001326543239794642,-0.0020857921220612807,0.00869445465785712,0.0059753645338960215,0.0009189302121523912,0.00011284939378342074,-0.008265011378887799,-0.006820441349944639,-0.008366454245464339,-0.0013777033605691935,-0.008326672266570578,-0.0031024412603816165,-0.0005464937672049475,-0.0031624162551162627,0.0,0.0059434718263775554,-0.0031880490679869755,0.007380026903922587,0.006208355533731114,0.015512915700098162,0.006673454615969021,-0.0003618090706546395,0.011403862176840862,0.0020762394518443195,-0.009375868189357317,-0.014620993547867833,-0.016549012731553625,0.0026091195353405983,-0.007352648175736665,0.003925939720189842,0.005509526466241921,0.0037446501651692277,-0.013046324345580507,0.008624605932715301,-0.0009499880411911743,0.011162774268957287,0.002098133513441569,-0.001738725917485806,-0.02048471216050962,-0.0015098418595093088,-0.008452511891270054,0.00874774292838687,-0.010846497605465855,0.0005995301389440932,-0.0063263256448912175,-0.006077810290497365,0.0,-0.017001283445541415,-0.014571707744863271,0.004611291275107954,0.01158057084506292,0.021765272609134856,-0.007398765878902203,-0.001595685405102576,-0.012023702453000884,0.002960842486840587,-0.0024976147395249226,-0.007792012465635323,0.005654747286212514,0.013342726247760783,-0.0033103072535877187,-0.011679744293035088,-0.0027877541871885736,-0.0043259043550678555,0.011737422194873837,0.01442034545105808
2023-08-25,-0.000807350220434544,-0.0018986967678266131,0.003358937998510836,-0.004131597963889844,0.0034536904103819044,0.015411565363948831,-0.010476075814385477,0.012185382190849081,-0.006801462506172085,-0.004192902364122064,0.0036722570927556486,0.004600634882790278,0.004159590594198903,0.006463409152101418,0.010650059664733869,-0.006208180397917262,0.015852762059230363,0.005359640525441467,0.0022866358295627887,0.0019226647141921127,0.0038948402625480494,-0.008862569827209898,0.01554144329584184,-0.010558179593960104,-0.004487261788402419,-0.014521864696471654,-0.024746243364887288,-0.009409948471355345,-0.011664122503942331,0.006795952842173936,0.012250473113888827,0.007028473337255647,0.0039594096696331516,0.00017945442692623992,0.0005938099482365455,0.002653539420401474,-0.009132378858406565,0.00468505094533711,0.003965563859010812,0.0031035914752377547,-0.001222544613476595,0.0009200528307180544,-0.00048310940429396876,-0.00577937634354897,-0.0030574672917277335,0.01261800452884132,0.013126416694223098,0.002248243028749375,0.010240323856119726,-0.00263659503438618,-0.0024602235317052745,0.007643738318279025,-0.009418839184739958,0.00790643303368288,0.0005949068592103757,0.0010491393961364892,0.005155455422414024,0.0034253509733184195,0.003040289876174107,-0.012253488303132443,0.005568260999432306,-0.002952101778469385,-0.003129911325241319,0.0017349291002004552,-0.0012358395963197877,-0.0017325692286371819,-0.01716040239261174,0.012945318384106841,0.0019733877522343235,-0.004827505819219424,0.0021935152402510205,-0.009863612927261789
2023-08-28,0.004444375587436378,0.0026631732205730785,0.005495184044004953,0.0003457393560097888,0.006434604312278047,-0.001686498269671377,-0.005762534030400834,0.005623877386567999,-0.0019461061401695456,0.009122816421123892,0.011891101525066672,-0.0010676393971627007,0.004497322719184238,0.01224153870419209,0.0021896968877739287,0.007337605563298322,0.0029755799838342423,0.015477198292002114,-0.004265198698716222,0.001919049426345909,0.001939770073016156,0.019746592586938005,0.0004921365493411045,0.023954781915470402,0.008902388606384815,-0.0032022749396727335,-0.0012105053367414964,0.02228700643244519,0.01494884434803323,0.010372032202977666,0.021112978094167678,0.006203952938128365,0.029414207930886116,0.001614937494957891,0.01817894973906853,0.0019501725587025565,0.015668176485996277,0.014680401704534773,0.013166631724865319,0.001957350345729969,0.0034681864492827064,0.02107723548233964,0.0027392302850264283,0.012103773706011678,0.005438576041844945,0.0028834411665776827,0.011293458675567303,0.001922831442010553,0.0008971773981525377,0.01393889973494078,0.0018826456552749615,0.00834430109539519,0.011517275183675846,0.007844411717747857,0.005690609343685038,-0.0002620353945123055,-0.007542577695402786,-0.0008533526500442701,0.009387004662815501,0.012405498939279447,0.005563106063482426,0.012583379104227355,0.00408165995653742,0.006289889670163529,-0.005011080921626276,0.019437753319566653,0.01436223820329774,0.00519431775086332,0.005744229650363142,0.015765313959218208,0.00437742852432077,0.02256080219001233
2023-08-29,0.0010727069500757747,0.010813852062078633,0.006595936398762214,0.008294409985427187,0.012340888934368799,0.005097989448349605,0.021027059000649162,0.008344970546965813,0.0067166586518527804,0.014255873698619803,0.0020339288859410054,0.007706429042401153,0.017717251504069997,0.03390171476855186,0.00669118372033628,0.01899798196907465,-0.009295810069915977,0.00677391359256041,0.005777733823291387,0.004213777735416535,0.009680639721325601,0.03397877844020569,-0.0030001908646948294,0.026797101748439633,0.009158961249022157,0.023027740759462567,0.004102088030464746,-0.004288672986463071,0.02519386552925651,-8.142827937007713e-05,0.0031384068638635743,0.021965334089979915,-0.0035119283419164926,0.000895733308579949,0.020185918045300344,0.0050049075403930665,0.010889331697527593,0.009106454866786295,0.021442508371895208,-0.007373234236156434,0.00813231474926801,0.028440374893423437,0.0006427785310743062,0.008575965996378443,0.0019114914876023903,0.00944704819399278,0.01033274836486675,0.005117544610730107,0.009141617827986614,0.01386585096712456,0.012139442278273016,0.003197378958021524,0.006884857042062986,0.013458762051214768,0.018410492624022723,0.016249638665723376,0.005091948521144474,0.008221153290623784,0.010752643303812981,0.005327730720414037,0.005301870902502559,0.0017542696797963053,0.01751093987074448,0.012229399774127403,0.002797933290404897,0.03268640667763201,0.012770737637771257,0.006192831356676587,0.007669737823860157,0.002865343566835321,0.005472170606828586,0.015472695237191303
2023-08-30,0.0002678893707290797,0.03397377548369285,-0.00043684127879572987,-0.0001713222433864514,-0.0008517732689911073,0.004291563294374079,0.01768972063221952,0.00017329623859474452,-0.002869615991759944,-0.004456571785244501,0.003383059079216544,0.007731136642412428,0.006917205963219875,0.005656724931582868,0.0054259233505498106,-0.009273601143309551,-0.0025288139482814165,0.0055509097789905315,-0.000841931830636633,0.01268357091088368,-0.008389345524638214,-0.010954054102691235,-0.0012826806145543879,-0.006006506574006587,-0.006972919167478886,0.007920013730784659,0.011911755968845528,0.01022971323376054,-0.0022684403030438505,-0.0011407725512382338,0.005704986488426433,0.0033936133810668068,0.018422190652121362,0.005101165460709156,-0.0036992708838964328,-0.0017983569324063753,-0.012567355405854852,-0.005650622631343083,0.0006360804387064434,0.01422138416648111,-0.0040333048636391755,-0.007136503964681129,-0.0033723582514091355,-0.013729620801325337,-0.012502562611775403,-0.0023396982642938102,0.005490166917939021,0.0014319040540973216,0.0030787825563418636,-0.003389771180646206,0.010248635867464273,-0.012748392686924737,0.0007887858036963458,0.014719970703124918,-0.0009121057869139193,0.0029657000633067643,0.013459453726368364,0.00010593058174146464,0.006229613484267871,-0.015368394246142336,-0.0003056830555276946,-0.0010216643459231012,-0.005531690226775798,-0.0009844202636007937,0.000248121879151908,-0.002637678520438058,-0.00274128632660553,0.0036276109038120286,-0.0014574477586968282,-0.010952465278236012,0.004430960375842785,-0.012697467097941395
2023-08-31,-0.0014729969387869968,-0.0132711954766489,-0.013610568233018538,0.003085386929239098,-0.007526462570699666,-0.003705500140878004,-0.0029834704691251712,0.0008684562119953831,0.0024462153759199357,-0.004513905067939583,0.008541159098203188,-0.0023818350340041317,0.006797731142604402,0.014110100064217423,-0.00026982174926515334,-0.0016575445849490444,-0.0012008317867381324,-0.010538598824957557,-0.004411174487499281,-0.0037668227060005943,-0.0019336747486652373,0.005001741174682106,0.0011360552227464016,0.0025003797324800736,0.003901036132890612,-0.005569443298450993,0.0033566664472859387,-0.00763897454132989,0.006062853484113839,-0.009788702048205256,-0.0055262015152015564,0.0048854212327307245,-0.003617778456203702,-0.006588924428245546,-0.002647759662529614,0.0011849062652788955,0.008181825544515409,0.0007632812634426056,0.012078830730233525,-0.018591659976234687,-0.012351532487558714,0.017969499314806292,0.00048334291180029965,-0.0006393327039591057,-0.009618967968238246,-0.0059137410947723845,-0.0030683199258574323,0.006355322362944227,-0.005991183001857303,-0.0012902022011914704,-0.0009373150720556334,-0.0034181783865770976,-0.0005255449271426293,-0.01434878388025096,0.0020750016271218197,-0.0008999267480590545,-0.0041782436377134635,0.0024354086297759814,-0.003809885525402179,0.0,-0.0038738448518121915,0.004236710943545274,-0.002472204458922156,0.005374951571577968,-0.0005580400401146157,0.009917357280500472,0.004123017194449741,-0.0022336700295298995,0.0032435560213563974,-0.006018216714581581,-0.00858302753906548,0.01457548359189098
2023-09-01,0.0026820241749323515,0.025507866154738545,0.010317013474490766,0.012303520462353612,0.014011566926921848,0.0028494550622839565,0.0019516201494631513,0.0025599119252281977,0.004952296449348248,0.01081267322929591,0.012257537939266872,0.006274234235028153,0.008065237838999595,-0.017674209795515927,0.0013495761921575866,0.010840940902689056,0.004341686375892495,0.0228232737243792,0.012047556247859914,0.0065223650909167485,0.007265659773323829,0.0177746278600468,0.0010361857010741105,0.012263661410065074,0.02209389227480174,0.01142287595363145,-0.0021310358969068854,0.014679520198728868,0.018832322826109138,0.011697818404193816,0.0041584452196972155,0.004861596945632041,0.02075939595883103,-0.001075609262486843,-0.000945925810686532,0.008493481696892236,0.011722263163302937,-0.008305741852369541,0.006909592818942656,0.008291918324026426,0.0033485891682092372,0.02030007662215816,0.0033821962992319765,0.005677730806130654,-0.008674707491839628,0.004000158600069081,0.0071005910136723305,0.015156363819844865,0.007482223352007988,0.007046391522203654,-0.004102137885424795,-0.010289633922891284,0.01603790657087445,0.016957309258571307,0.012341618632812024,0.009265255108499737,0.015059532029302325,0.01499943576148599,0.017401342200141334,0.01199558503739473,0.00864754277624824,0.016147923112002083,0.011771954149669028,0.005969854146296694,0.0066365419161102945,0.011456630661087042,0.014782473175053656,0.009890905270466988,0.009214360750191108,0.00871876694285878,0.00536847928405404,0.026478918276917396
2023-09-05,-0.007623410144204312,-0.030209798214684835,0.0023806630303504495,-0.010803606173545033,-0.005784291758827664,-0.0146257160791321,-0.014933144967903766,-0.018479211400100226,-0.012141103698326439,-0.011387158891085991,-0.004843592727831081,-0.005490234181119602,-0.014528597057315351,0.03588852969568146,-0.02291104843155145,-0.017004899298297627,-0.009044962788181454,-0.01355370527210431,-0.015888554137109878,-0.013335891735959726,-0.005530212059310369,-0.00873206969007545,-0.0017743238341225709,-0.0036961320644035567,-0.00271560390313752,-0.008607423615909604,-0.006797092275768413,-0.018348676677283238,0.0007394468986321456,-0.008142659554429943,0.0011727894942399342,-0.02754000814601465,-0.021806424039282124,-0.02288013986706028,-0.0111484347232641,-0.00842195001855739,-0.005347569319591683,-0.020254680669990255,-0.021210313338786868,-0.012462019459369533,-0.011033942976810263,-0.0077854664020176045,-0.00914930236132816,-0.015505720848483007,0.013314369241507862,-0.01435351251100847,-0.009793766897107647,-0.008242659236000205,-0.003006046522024075,-0.010612309708144863,-0.00042484788060481726,-0.023681165947741722,-0.011126959761032507,0.0026742486150495015,-0.014154825182100206,-0.017340319435377838,-0.014467056567487036,-0.017067346640294523,-0.0012217145539592522,-0.007542985291548732,-0.0017501333933674923,0.0032927561480051715,-0.026331845275160304,-0.00965460350120717,-0.011768318372322173,-0.014886721636134581,-0.014836689314026263,-0.011164399353539856,-0.010892209278488774,-0.0026410849981403084,-0.0180401073538925,-0.008507075843801726
2023-09-06,0.00040442860171152617,0.006621896133911065,-0.01249997117940782,0.010068247071570058,-0.0018217260162967097,0.006647480320167709,0.007645687139310908,0.00414458307072163,-0.002458175628864967,-0.00907500936289185,-0.011504377641254226,0.0033290210085930028,-0.0025146387869048326,-0.0031410869838865985,0.0031724960224990273,-0.0027520816346048305,0.006577152533819186,-0.02362601319471158,0.009397172130476417,-0.005139924547159946,0.0002417441952153876,-0.02466517314301364,0.0055794566228799525,-0.0403957296662566,-0.0032675311667467177,0.012857393754831747,-0.004647162941035732,-0.005751280325845154,-0.017362357580642196,0.0056645797162449,0.008419424453520064,-0.0007653755112398963,0.006719321351813079,-0.0024793867393180236,-0.00809257575171518,0.00041769469296881745,-0.021505365968169987,-0.008984681399738847,-0.008922832791597224,-0.015437856288783913,-0.0016528133349879015,-0.03312986339050872,-0.00016193437476474948,-0.016315338613422492,-0.05437570346972742,0.005026873664859988,0.004082546542615084,-0.008938358836789617,0.007035196594163073,-0.008014937710669412,0.001256650117550162,0.017156400023877527,-0.0013083104834368253,-0.014747449272876523,-0.01767782706128851,-0.0030096594412273303,0.009886164231953654,-0.0013763149102801187,-0.010726328905337645,-0.01682951504241348,0.0015245705471744753,-0.0031393573499922667,-0.002201272609775873,-0.002772500360686214,0.0013716652651616368,-0.023653130513954235,-0.010953027819204708,0.003342340812807265,-0.0035627618984119813,-0.012517961675352574,0.002057566367229091,-0.036257989143549274
2023-09-07,0.00565805846130063,-0.001853025077848014,-0.007721486366182084,0.00777171946196864,0.0022077765220700485,0.008292083267310124,0.018707486388058747,0.012733833810132378,-0.00282643336525501,-0.009158187102068616,0.0038048236208123587,0.00035937279953768275,0.0027278129941858964,0.013809049606211321,0.017324276168092734,-0.015178409768660361,0.023869862201878478,-0.0077226953382615315,0.010300092635334712,0.0022962790904654806,-0.015470152373306179,-0.026734124269463866,0.013477387695227216,-0.022551540953743565,-0.023166900000395008,0.00248423586926938,0.0009523559194042353,-0.007481743186958156,-0.019172901012848964,0.004897946727519198,-0.012378406875693804,-0.00689395480676136,-0.0055751526316517586,9.201299040095812e-05,0.00258453390003055,-0.000835040593913039,-0.021062309238108923,0.014259349167104363,-0.013504780945508998,-0.014362224827052406,-0.008554188870293578,-0.018034311251504787,0.00534667951380885,-0.020198674888956547,-0.006860093360950725,0.009127026932560067,0.0034852033692176487,-0.006803814063572333,0.004226836199729078,-0.0038024987504765573,0.008581734831363264,0.0015509914443794237,-0.0003969709162763291,-0.01831206568714394,-0.02188237463139009,-0.019818887435800847,0.019059669118726585,-0.00042413450743594705,-0.01122313402758457,-0.01766985219933137,-0.001446207116599152,-0.005009892662331761,-0.025527818827012827,-0.01318389683523169,0.006641108856010103,-0.015141257044341327,-0.013565855968838969,0.003981160474516576,0.0040630745517304945,-0.014383313655445984,-0.003324475531308435,-0.027570312435892808
2023-09-08,0.0024112245889638118,-0.014202247133342838,0.0041457923580201506,0.00016758845708153558,0.013481726649603898,-0.002811152462548705,-0.00783357633024273,-0.010622629596638067,0.005596400709360738,0.008176364298201122,-0.0015608198966916564,0.0037313602793378475,-0.0006366875532073379,0.029984466409248123,-0.011758384939101196,0.0,-0.0032560563164193423,0.02611560441098648,0.003186000924673804,0.0022908705226722947,-0.003437246991870091,0.015961354837513486,-0.0014613635451597995,0.026807222699854583,0.0020136461243442927,0.009476584049755488,-0.004455618266359984,0.01728265317451272,0.012265135992554521,-0.012185215423177631,-0.0008454110344254806,0.0,-0.005764387350282174,0.004786561840259607,0.011057276047728992,-0.004178799273925504,0.01683818175990326,-0.0023431686800031715,0.007170715480931289,0.002781888822807943,0.0007654525532410084,0.0330578482945354,0.0061241100542981375,0.020531295340013855,-0.002903761378599601,-0.004803258889732209,0.0005306656531749443,0.008602806581843758,-0.00686895160929879,0.012881779192912557,-0.023239175951648816,-0.004452260234230954,0.011118478557249123,-0.010867834015564903,0.010019865812163076,0.009373265148012289,-0.012007837102804952,0.008591404676052017,0.022797232031046333,0.007307493102840512,-0.00729201780483224,0.009351093369969199,0.011642901573488684,-0.007179841264040365,-0.004854581237699551,0.01742397311377908,0.013471750961679296,0.0006069114899809325,0.0024280048162763634,0.014098463873387423,-0.0051014960004295284,0.03130529835654916
2023-09-11,0.010156362333127555,0.014877605386924841,0.002540903776352854,0.0005028104680031564,-0.0044341587677672045,-0.0008997192133562981,0.0199327060956056,0.0015776326275336316,0.008167113399252024,0.0042312851254084904,0.003126433009887908,0.0065262154950305185,0.007688801021057179,0.00736669697121739,0.0038292707955929206,0.0011008707899466952,0.010192065748573897,0.00825884985189429,0.008208389836634744,0.008666689417365259,0.0,0.009134128893370175,0.0045368416483198,-0.008773705322203895,0.0006697806313866739,0.019287867346223564,-0.005967365342543607,0.003433935895133411,0.0034078513171147407,0.0006579098031131991,0.002979684996710086,0.0011569183824637896,-0.0063536940374456785,-0.0005497482524882136,-0.0026726494088148423,-0.004476155001429727,-0.011039598271202933,0.0006088753559487792,-0.002588973845479403,-0.00013206487682015933,0.00438016248989892,-0.0035555648310837684,0.007368272271219833,0.03596653613926315,-0.008207195998767292,0.00477506451131493,0.0044595659526993625,0.0014216226445586955,-2.934288675315866e-05,-0.016603777743290138,0.004439910995389873,-0.001166617668076464,0.009032610709690969,0.015578890949014434,0.009321725571899142,-0.0014593059145603382,0.011048796316382115,0.0017878330288170208,0.004702303775826477,0.002790126884598676,-0.0034552571556409895,0.017531359994963358,0.013427137846540926,0.007872543462025039,0.007755342599199411,0.011081290534800559,0.0024924376215600397,-0.00028308243004193656,0.004682689227331283,0.00804886757086054,-0.001232644289571816,-0.005441062891937798
2023-09-12,0.008995873843291369,0.015865653213163355,0.0042451102444096556,0.01474287980666622,0.010712714497809417,0.005523020341333007,0.0,0.00761316890326702,0.011111844269991789,0.01720506106258557,0.010240388667607458,0.006182999106898235,0.002026038497026983,-0.008458204631351496,0.0020436181189054103,0.010197037476281645,-0.009442449238027617,0.0117017599885203,0.009401407125365635,0.01208577345610684,0.02685392498185446,0.02715421291432807,0.0011169102455843571,-0.01835061553446049,-0.005466900486759019,-0.0041285895065525935,-0.006847375747565776,0.003602277407940724,0.03660374038837966,-0.00024653829077614375,-0.0021272201916344713,0.005778208042853006,0.0,0.009440862816387119,0.01925150272644016,0.01573692975416985,0.01860465836362679,0.008345648392014793,0.009733962568120313,0.01070149972091805,0.013013911947350465,0.049955441205629336,0.01780892020914293,0.02734616161236625,-0.012056797485959336,0.005876587730406113,-0.0010080160859444742,0.009306010692946787,-0.0016188567603854231,0.02442812717287013,-0.019005560230811014,0.0019466836743480265,-0.06785164821495959,0.014209608651361227,0.057871607355603816,0.010096998282032255,0.010126739090281722,0.014066718131753975,0.009922281402539257,0.01224268033583864,-0.005316362530963126,0.001400736282501036,0.018296468521472375,0.0016349287847885474,0.010178103480305456,-0.003321156233100364,0.022099377596121128,0.00032361438673778053,0.01687559318893639,0.02927649368511731,0.004985916608899688,0.0679528474019866
2023-09-13,0.0015734066919457224,-0.005388619875610345,0.00403786478927981,0.0013208532574453535,-0.005990803745576145,0.0010448622104539673,-0.0059644822652407115,-0.005601588534564161,-0.015598464598439055,-0.003106708979618733,-0.0024238881078620933,0.0001087839062881013,-0.00015780451712121835,0.0018660584698320104,-0.005574525141525788,-0.007026319538374626,-0.01005490015735,-0.02957700103402139,0.007585551963910753,-0.007090230222739913,0.016554625246533616,-0.03278107682637321,0.006160595388979617,-0.0279305126186864,-0.005272614570735912,-0.0030030528828431935,0.01326975018184795,-0.008435028982223813,-0.00800869899615253,-0.0028770938736620844,0.0008086198948087375,-0.007659916566374658,0.005595016095083949,-0.002905633503076044,0.012330049783255914,-0.0013832987305125721,-0.02648403279842304,0.006724675787218581,-0.01606683508687734,-0.009934671104579351,0.0004784429077153707,-0.028887034045462445,-0.003124579646776482,-0.02654118203973277,-0.007205219492602666,-0.0003047705373799836,7.206329569275916e-05,-0.0031254888785268164,0.011762661959967113,0.019871459060083474,0.017643640402170035,-0.007188712982286849,0.0008351583665837659,0.0004776115051898788,-0.009931915330714247,-0.006050195724054408,0.0037504629415432422,-0.0002069419170215303,-0.015664065162419805,-0.018141861664888292,0.006610018018348152,-0.0033571082268731844,-0.014869868400746666,-0.01106282127112379,0.002211697659874279,-0.046317913557095136,-0.04999990475785321,0.002143128059259647,-0.0017386463727595558,-0.006817162028885826,-0.0018666822330500876,-0.025882941297840634
2023-09-14,0.012043433219753208,0.015151587807195499,0.016589146912450392,0.0150936288202832,0.01356045821561569,0.010168800795689714,0.00931949075034555,0.01069870447926724,0.013972904031137823,0.011080418897018829,0.012149316979956026,0.00456743146737093,0.013740148438969202,-0.0003548267999533561,0.0019142690933058315,0.01913500543428226,-0.00646349926856038,0.017537834874946867,0.014209874977108017,0.01888566449808038,0.01817334584536101,0.030247794059950817,0.0018802182860209182,0.00781788078851986,0.01590177392062242,0.013354358330390559,0.005872202102156887,0.020452476117706064,0.009908261880670954,0.007419570270747355,0.005068143668535807,0.011964502822748857,0.0009557050379378484,0.009379820840588193,0.028628599115017916,0.01593013081120076,0.01876173348789112,0.004727257914677541,0.013063367486035649,0.008384015692260993,0.019397513603538252,0.019247601848239704,0.011440184099923645,0.021954554332168863,0.03891859093422845,0.008994838723485277,-0.007110223015416861,0.03354749239571775,0.016491811970495984,0.020859547347179097,0.006426954214883596,0.011596017474001519,0.021554636396163174,0.02546152585826289,0.027182236173268537,0.01759957455630734,0.002874234355354499,0.02650645438643595,0.023163884119811184,0.006718865659730344,0.01626269023536464,0.016000032306760614,0.01540884736052539,0.02049339036863773,0.017348116046739248,0.027952485331345978,0.01621622705458181,-0.025541667011162006,0.022799258758276153,0.01893488301692936,0.009990170601200221,0.026293881646006767
2023-09-15,-0.010347874314136862,-0.016010922869219013,0.012176975888042785,-0.00032681692348901503,-0.007661479969119367,-0.0076457777715062125,-0.000758886421028282,-0.005660006215038371,-0.01512992899089094,-0.012328821149396374,-0.013313030764375289,-0.004438469955175939,-0.013299213038547086,0.009582141700521518,-0.008870144754484888,0.02151374356186775,-0.009160945886908523,-0.025769656736106428,0.0010378277859079965,-0.004642929887448077,-0.009967629123823318,-0.010965747402403636,-0.004763898802802702,-0.005932076375814166,-0.003774532819702414,-0.0025252717495619637,-0.009243338940896129,0.009223152814712643,-0.0029069887161405905,-0.009410752252076215,-0.0029598715110443763,0.0011441225208446149,-0.010662012200032267,-0.008480637354524312,-0.005891376402580528,-0.004772282224784652,-0.00046705141991831844,-0.01009415402978886,0.003868406265437274,0.011391205880413313,-0.0029480532682728544,0.006008620147627708,-0.004493290532202043,0.002792015693536154,-0.019254256809735915,-0.011886178007090908,0.0023467360455515784,-0.004246870793353619,-0.021985844264467258,-0.007409818015436831,-0.01598324358440495,-0.013600166793234836,-0.010073455050098934,-0.0035692636284849755,-0.0048830726647395295,0.0006501550901216735,-0.005946847167105362,-0.004539005057140333,-0.009111059057085424,-0.0011123910942866244,-0.020015661322662304,-0.007459636961469895,0.007122935723465007,-0.003816551025191628,-0.006989669836163781,-0.014276044555163403,-0.01595745730373066,-0.0017804994908924288,-0.0074302663600870344,-0.002322831958984306,-0.0007795026898685942,-0.004315021677675945
2023-09-18,0.0053586419013702535,0.020775926579597703,-0.02516025716240866,0.008172592679753787,-0.00011528864224141788,0.009400289461244382,0.01987341385853436,0.012905188051060446,0.01175619597552724,-0.002773863340999383,-0.00906883070980613,0.006986373692595471,-0.0036132815253152595,0.00509711353022535,0.009638026608649097,-0.017997290856788584,0.016347330371196733,-0.006183435604022347,0.009000966229883112,0.011661539798488274,-0.0016389038863203753,-0.020028572260433752,-0.0013055886186423837,-0.007114985502829851,-0.014151967833265555,0.018306565367594008,0.003530726141925955,0.006326853593798143,-0.011297387148971105,0.0012391069203050442,0.008172729993571215,-0.004571408689735712,-0.00836414868808022,0.005004532848937426,0.0022770277808168427,0.0038361328886240553,-0.010280383440706475,0.0014690710036429078,-0.021836828063694025,0.004531008151791305,0.002083115075504738,-0.029863495778913784,0.004824856198627936,-0.020185605803641815,0.011084838714404022,0.00784945677193205,0.006806512684589094,0.009900977230103747,0.00647723904313291,0.0033931942943106197,0.005678505160650493,0.004924182762780394,-0.013201291123315362,-0.01977885805749502,-0.01321723200725844,-0.00012986649164370423,0.013118104419863386,0.0022292500954637084,-0.004736654592491063,-0.008908608243769378,0.0032452353575473936,-0.008211423259970152,-0.011685135239122624,-0.005290442638818282,0.012439397781807138,-0.011379272480027014,-0.011379820185072775,0.014891912890929948,0.013880159393981018,0.011175750857647992,0.015994520182761596,-0.020043319439083218
2023-09-19,0.005850316289360613,0.021073439907945746,-0.0017540425259021664,0.01102468098378706,0.0002881665517915355,0.006041528089498094,0.007819253516249347,0.01145386373793178,0.0032078909047179582,-0.003824821618959251,-0.015178530101270571,0.00013502770168671852,-0.008533715262178387,0.006557664049070544,0.006818422918889011,-0.008676137927732808,0.0274884525565815,-0.0022468333617796654,0.0007472881295791378,0.005717383136820464,0.0009380408167150023,0.002189730420524727,-0.00033886923780523937,-0.0018492079508970471,0.003843136129835223,0.011083114227286028,-0.006687221757688322,0.016940268978700823,-0.00810906586995419,-0.004207875574895659,-0.0027990440362146707,0.0038270269269082835,-0.002919667301511719,0.00715257551801618,-0.004165156577839335,0.006824089236155961,-0.0018885841942680726,-0.0036241143204776005,0.0032829808161238816,-0.01610929388486293,-0.0012740503714545603,-0.012313179108707106,0.008054544837309274,-0.00228911181001612,-0.013076774528178237,0.002124102134448691,-0.008630426736072727,0.0009050068112439469,-0.007891642800769483,-0.002254479642082252,0.009304114508645878,-0.0017640134353268389,-0.018255405691242843,-0.011916110841504457,-0.003930024048204195,0.004418936073171675,0.013588487136858785,0.00010105442832153422,-0.00653232161928996,0.007865262321403943,-0.0005390968063500035,-0.009963489757576216,0.007156179267509444,0.01421365482228465,0.0020377063959338138,-0.0024415498833034732,-0.00460430192312955,-0.004496069525108615,0.006306792182352305,-0.004835257488928768,0.02404607155411509,-0.008015508517038028
2023-09-20,-0.0028434684824212297,0.006791317636320571,-0.013304122519505968,-0.0006414751640866356,-0.006308005606684652,0.0019039998807981462,0.001477866392760152,-0.0025023685911100824,0.0068926785387153355,-0.0034904243502159593,-0.009519429733728435,-0.009879085385377073,-0.007954090831989502,-0.007817929503640464,0.00013544078924843106,-0.01111228827628008,-0.004747483528299679,-0.018361384748237564,-0.002380229022967306,0.004217871394245787,-0.008903447663772712,0.002185089191953704,-0.0027605275999841306,-0.030338155374822984,-0.001688954099888007,0.008645696767770383,-0.005958101743561817,-0.0015456029199700794,-0.0037161785345812826,-0.008285690444703508,0.0031349713057788886,-0.012199767453418553,-0.002033535648523488,-0.0031464085588481794,-0.015180337889207585,0.0024400253648590997,-0.006622506277672469,-0.0010392559317423666,-0.015052333377817417,0.0012443174748195673,-0.004230167028976939,-0.01691894720445619,-0.0016901733037807398,0.0017405455896655209,-0.003925872704523492,-0.0034316186436049723,-0.007278800779561667,-0.004068789867290645,-0.014206424160786324,-0.015478512286597801,-0.005594277204233222,-0.0070685979073864535,-0.008232682988470241,-0.02138604350742379,-0.0019325160782016626,-0.00323499017657658,0.0015441316265840666,0.00010104421735590563,0.00046971399612605325,-0.007246501052382781,-0.0078857742690438,-0.012190046114727293,-0.006487472056127541,-0.017359889972960896,0.010467157780597702,-0.008041986273718216,-0.0052038136774121835,-0.006979767376245616,0.0035157152161431338,-0.008098246807179632,0.006655393487188022,-0.016439082122469917
2023-09-21,-0.012832145532506445,-0.002628115147301213,-0.016027351218797836,-0.01588568578632199,-0.022493339966498382,-0.011139701248050415,-0.01266599585787298,-0.009566733141237904,0.009456519507683225,-0.017513115745770413,-0.01235698627802262,-0.0096505328887172,-0.021434373603233636,-0.027053138325495385,-0.019907825633955434,-0.016209186874480808,0.0012247949166879213,-0.011646362323202708,-0.0059412312953573965,-0.018991928953003945,-0.013948075421054584,-0.019985538332706998,-0.017969010553783527,-0.015763125017833945,-0.01251976939243915,0.0012245797861070162,0.007055786301193079,-0.018747857315392524,-0.016038749384108986,-0.024814112792395315,-0.019005671225930998,-0.028174464670408628,-0.024125799425437355,-0.007484884146439996,-0.019186289257174804,-0.013116910146212302,-0.010476108460156563,-0.02540093933685661,-0.02790695370292806,-0.02793040361819632,-0.00782204169440337,-0.02898549578378884,-0.012005572769173356,-0.0027642191496366486,-0.036950820872608814,-0.011444777111535465,-0.01744132507870788,-0.021183181579433885,-0.03447974109985208,-0.025935257567220593,-0.036670152231201736,-0.03420997845186824,-0.004723098278403559,-0.036805810976048514,-0.01436059538371759,-0.022328930420775217,-0.0020324009692542777,-0.019811964223802936,-0.038587943326844676,-0.021897753927517583,-0.03606561504983308,-0.012483867216957378,-0.010883097105491513,-0.023095335623387614,-0.0019533758101074605,-0.007402241343246407,-0.027898891310969898,-0.02170676816845618,-0.007920806254905322,-0.012829443386333739,-0.011453585760060947,-0.03229461514683962
2023-09-22,0.0019694982033955366,0.0021080322693791675,-0.01053584326785606,0.004076270655416492,-0.011090440326481654,-0.0064752136962760165,0.008344727379567596,0.0006010496013311162,0.013842286257343517,-0.014616756013143717,-0.010658066004450184,-0.00858840323626786,-0.013052715940527704,0.0004499468339806967,-0.0013819433475170673,-0.006671401204452754,0.01146020277723303,-0.015354317348101665,0.0027765885984343264,-0.004002199249548255,-0.01894025093732754,-0.015202053673434746,-0.0024232294144457267,0.00024272001790892617,-0.004111932123162965,-0.0017072235397725954,0.021229672753165563,-0.01630150567183708,-0.025777062645385262,-0.005483202389950925,0.0001111271640685807,-0.006354169992841774,-0.004760740652161477,0.001453775539979496,-0.007115978514826371,0.0,-0.007699751666754739,-0.02001425357136144,-0.009569391923682113,-0.00484493259033858,-0.00958273726122516,-0.010261243587062152,0.004829366124579515,-0.015839077183118166,0.004418226708798434,0.001536734142709939,-0.002826202866453631,-0.004173767541539197,-0.00015410458117837145,-0.01873233545020825,-0.004384763371806488,-0.0034807610107717712,-0.0015818372656674073,-0.012623641713630729,-0.010804610751447563,-0.010622719759751265,0.006039353708648498,-0.005671898651512075,-0.011621093141139238,-0.020665940914698422,-0.0016652697688559481,-0.014675992642003033,-0.013517730471407474,-0.006875726288630535,-0.004566736899192292,-0.0031959683030068353,-0.0020926031622807706,-0.006466332732974811,0.006044703288563991,-0.02575616498298272,0.0029672604301049788,-0.0017564936859477687
2023-09-25,0.006290126691935072,0.010079728322751613,0.0009798146927220142,0.008931475878992456,0.006536999875037752,-0.0014582136659178069,0.002346868126912982,0.0007293559811618611,0.018342294759876587,-0.0014471457909829288,0.0044496042845993955,0.004303608888295285,-0.0038630268344560514,-0.007915028426389581,-0.0023523005198199387,-0.003968614958533068,-0.011012163711745515,0.0036263998630294836,-0.003989131711505278,-0.0034576409181515944,0.002443817415550109,0.0026355183084827427,-0.004312894296796044,0.0055797987385373116,0.004358264400550205,-0.007937620411269775,0.002638752575911729,-0.0024946213670052897,0.008171125723763106,8.610016090870865e-05,0.004778050132789646,-0.0035971453089771455,0.0033568055902324367,0.00816552957529737,0.002897307182123887,-0.00041116068273083783,0.009699278741100548,-0.008986102638070537,-0.008971708267059397,-0.0010142017227247058,0.004940725410222724,0.0018850649000916597,0.002945803653502166,0.010622024235760863,-0.02166973477247225,-0.0005625862678793059,0.0006712249078322241,0.00977964888248195,-0.004348984653666399,-0.0031216557199769124,0.0072882806184237925,-0.0006163697028441772,-0.0030246052396025735,0.016931574363363122,0.014646244849058965,0.005502609332509678,-0.005863409709596534,0.006637630557264851,0.006521145500570036,0.014067985074643685,-0.0006188528700957763,-0.002949375175820834,0.0015933821958196148,0.004836833391314022,0.0,0.027431398344835767,0.00629109130000205,-0.0073166936763935375,0.0,0.008003967672791878,0.004461113398435801,0.01407633539037123
2023-09-26,-0.004557826967758749,-0.01709473303736231,-0.01377018500952576,-0.014002962697018506,-0.023058355236204142,-0.012517618454368606,0.0013555219751473224,-0.009946459992450807,-0.009750730364170623,-0.015579728569070084,-0.014921825896730079,-0.0063309780803446625,-0.016470272952797904,-0.039528593139041446,-0.014146975110660431,-0.007968933631731567,0.003604283814074849,-0.020776818959986176,-0.0012250461972470594,-0.013503421638454305,-0.019502592544090258,-0.024033007755519975,-0.005078488434441031,-0.03522307471593522,-0.00810780663594357,-0.006740607559840961,-0.011167843665166433,-0.006788127322212456,-0.024314849547720452,-0.013179419653383984,-0.03583146538267912,-0.02286403555053451,-0.01806624644140631,-0.012149056140264736,-0.015265724945797365,-0.011925933697086832,-0.018251639311208878,-0.01786033497025663,-0.01880224648991846,-0.0013537799985222643,-0.010379069425815013,-0.01881463354708013,-0.011902953241319625,-0.01847280126855666,-0.02645654147820098,-0.009723684346114259,-0.017664949726883705,-0.030591871431523754,-0.022861746572789055,-0.010357643960966723,-0.0012381904492498874,-0.013569126571824297,-0.003756152476961261,0.001189257460046722,-0.008399993044591714,-0.02896423547826743,-0.011725943094155533,-0.01978150914886434,-0.020810934174694706,-0.02485541292565563,-0.01989443099193866,-0.011536680931137688,-0.010817700477118608,-0.025011723083817827,0.0007150236692763379,-0.020457714953734496,-0.016969348396838058,-0.015898181186267624,-0.007394934631011374,-0.02189605264139538,-0.0030854940596153346,-0.01706184537918265
2023-09-27,0.0077184103042426955,-0.002207099628100284,-0.008073020711361623,-0.004080928896373681,-0.00298846001427977,-0.004255487974951899,-0.002215115683531721,-0.00259816787212086,-0.003282388099161815,0.003680554164908534,-0.0018935398966429817,-0.004562947490867053,-0.005148958389545322,0.005758010850346329,-0.0016882777638640434,-0.016580909924996057,-0.007439161532779792,0.003321029688185595,-0.0016039650750822032,-0.004752824418658208,0.0059669878210169,-0.008849542122879361,0.0026523205956328066,-0.001000305815512692,-0.01842037080884895,-0.01126737598555505,0.007174449184801146,-0.0010791421685012459,-0.016613992114238085,-0.011958756515220714,-0.01028485018907943,-0.0036946050578708922,-0.018313473985796858,-0.003097416977104972,-0.005774804021810742,-0.00513312744735428,-0.009784787551842866,0.009698677510190157,0.0,0.0061000608802388445,0.00586493521294984,-0.012464054939549385,-0.0018773517298033005,0.01030263554207922,-0.019056824852850318,-0.00268733392818854,0.00025292837953960756,-0.004123150299395251,-0.0029165805792886745,-0.006328314445318894,-0.008367939421444093,0.007294792552590801,-0.007395676746411506,-0.026981166542574098,0.001809401294297741,-0.01030927944151927,-0.0009236264205348954,-0.006516814201284249,-0.002004934761350663,0.004149369504536482,-0.002774198209338441,-0.0007483307140012663,-0.029269869907535995,0.00232329730185854,-0.0002382318229484648,-0.009911533943998463,-0.015142305441112724,-0.000653133506041792,-0.0012416711823955984,0.005166029354922719,-0.0076440300224295266,-0.024124906297671167
2023-09-28,0.008308410656684417,-0.004689436520188717,0.0022014650730064478,0.00442548583974034,0.010399208011433236,-0.0016367481585770616,0.0069067284897281755,0.0019103616002711377,-0.010085081224359471,0.010634353546658648,0.01209396449152722,-0.0020124132795563687,0.0028753480423109323,0.01576727530184363,-0.0012682687236343915,0.015917944069503864,0.01053168946841887,0.0031261107802162957,0.0030241086956568353,-0.009551116675310278,0.01828979682706633,0.022903769467406354,0.00648826189329621,0.021526948341885843,0.012549850106881033,-0.0006026299909661637,0.01532661100606858,0.005041414115515952,0.021215917054890232,0.003180498300085377,-0.0012747685657845675,0.02044215825358564,0.007375289939908436,0.0083158188558341,0.010094673642377927,0.005717428581919037,0.008893280443956542,0.02355228453850411,0.026969482877493345,0.021759661641056915,0.012416006559063497,0.0213592315314739,0.0014106621062979219,0.015416675615001152,0.03791254962977386,0.0021763845589080066,0.010013106070626998,0.001592387961860675,0.012559155920171872,0.006613501418495593,0.018674137102600463,0.01220768960430707,0.011103041976314287,0.01464946198731365,0.008373715769289358,0.009166659092476603,-0.0014932905059551471,0.003597229093293741,0.012958195110911452,0.005903192575084981,0.015066351859108984,0.011680186338926202,0.022862847303558143,0.0057948175407598335,-0.0017866162216054748,0.009295731632649629,0.01342073638321728,0.009411762354283093,0.011033352383364559,0.0012236176416828837,0.005266432519047459,0.02351535974432095
2023-09-29,-0.01184495865016999,-0.009600832326092656,-0.0069227228298731625,-0.011096581232314495,-0.0020282336882139207,-0.015665813104251414,-0.023640376281292563,-0.012306727824996977,-0.004920519445054894,-0.006531163942930074,-0.0007028552025478696,-0.01893241979456317,0.0019372402344532968,-0.01007120707386222,-0.01453371100555556,0.0004123464745009464,-0.0012147518544209923,0.006416160578445629,-0.01926793076495903,-0.013596916019427363,-0.001699065116500198,0.017077664340925613,-0.00714068646077759,0.01813268468783935,0.0034749450970434914,-0.02574105282675032,-0.010410520973868076,-0.009853057362876005,0.01198556461295075,-0.00519598372019614,-0.012339003042078356,0.004905980268598009,-0.006115409196994492,-0.014591173506553257,-0.005012316729748334,-0.01677750697750069,0.01860916426151249,-0.007218971721612011,0.00345547796640977,-0.003494498428591064,-0.017413085472283374,0.022813654900182057,-0.009078067640541532,-7.905323842472001e-05,0.020102181924877893,-0.01602894357431972,-0.008837307890608326,0.0001589671304933482,-0.007190770185178219,-0.00632677492171585,-0.016145737608833977,-0.006745731025649904,0.0039012350294653775,0.004812629388590173,-0.0004885259975884182,-0.008120020416075513,-0.007905410936767554,0.0003161881916260434,9.962083060899296e-05,0.009389701741957746,-0.008466027010554877,0.0013459312715211613,-0.009718237616525238,0.007009828899293247,-0.02571285467908102,0.013460887146028888,0.018170594005201046,-0.007122594286122386,-0.024131481465272664,-0.001222122231360201,-0.013781429622232388,0.027687707066124556
2023-10-02,-0.0036481219965569522,-0.004487894547574811,0.0019437559493140633,-0.009075912447102152,-0.01158701184679578,-0.008821234245078857,-0.004265416406921685,-0.013249585399013664,0.00578067709121699,-0.024835654510039107,-0.013599183987047847,-0.006337428769809583,-0.0053364982934135385,0.00018666683458712363,-0.004581825262013561,-0.01988662734293445,0.0037769432976937356,-0.024590173088829714,-0.008550337702691646,-0.021800805500963083,-0.015317232275187331,-0.03320888716451886,-0.0003496611671003347,-0.031287585586378674,0.048482095120157,0.010627602973611427,-0.002721477831706065,-0.018635788970564282,-0.032767459014435896,-0.0009738014451408095,0.002114860784313999,-0.015052897013023037,0.004506481752478475,-0.002023410102553358,-0.01566897452518623,-0.0011282187848102865,-0.0355768825702133,-0.007271325029404974,-0.021349921549220996,-0.008402774851460126,-0.008619545022570563,-0.02881041663135142,-0.015953288267274712,-0.03440093510855713,-0.017272063465447962,-0.008039906093806337,-0.0001516157202539059,-0.019392756998297234,0.00015805259088730317,-0.015427852614942394,-0.01186953248282785,-0.0034986699001126054,-0.023603959781494877,0.0017106105094846225,-0.022399651178576452,-0.02580827936934693,-0.0023690714548703085,-0.015913169580611952,-0.02329987596687788,-0.039534869858238286,0.003585013266884207,-0.011499354320169353,-0.006542342372594656,-0.002670020652959848,-0.006368232361518289,-0.03425378966979109,-0.02782824548801166,0.00547809384060316,-0.008977829109748203,-0.03059224326960497,-0.003924204687384081,-0.04012600380578857
2023-10-03,-0.01360012491752649,-0.00901632232897065,-0.029636033253890526,-0.02348046423153305,-0.02700540393946782,-0.00731255150666188,-0.01776494410125362,0.001378291239806595,-0.008171242015783342,-0.02958802164254315,-0.017827360065912234,-0.014479367449347413,-0.02732336613658426,-0.03676744408529986,-0.0034522137947357034,-0.021761977957689194,0.0028061379645574203,-0.04201687046703617,-0.007218900642677828,-0.0027982773899325464,-0.015802569645372855,-0.017753732212629214,0.007544341712295788,-0.015900548708506657,-0.03930419982344613,-0.009131502480099751,-0.0007796769765393563,-0.00903394516354561,-0.022857132522158374,-0.015950336257878228,-0.023878382420501443,-0.03552246068482534,-0.034940908142438776,-0.0018432125161985669,-0.03886971741389689,-0.015812578274457034,-0.017946064918066384,-0.014924113370768377,-0.04292749257743822,-0.021552039846593263,-0.007372811841938942,-0.03636368531641487,-0.007704675672697392,-0.011875506912186418,-0.024720158334313402,-0.0002119478150769405,-0.012100552626829408,-0.023180438674822557,-0.026627072722199774,-0.029722810226782692,-0.02274209001815486,-0.02416356112835205,-0.015035323645416154,-0.021516429417386407,-0.001999594849078079,-0.0307647348766672,0.0030941519324783062,-0.02184620535015802,-0.01936983626369515,-0.008474676501230682,-0.02808685484086859,-0.02115132113337781,-0.041817544291982034,-0.042929482694551435,-0.008319516480756906,-0.01592466622920774,-0.02489103659939973,-0.010636913599772368,-0.007628757255134566,-0.023731432222536375,-0.007639054877732532,-0.01702017617272178
2023-10-04,0.008484645884759168,0.014011385853665903,0.010892892491500161,0.012278389073783869,0.003311653820550209,0.018651374422259392,0.032067727416096536,0.017938008075841783,0.008587700229675255,0.0011579210668100082,-0.00193606429827331,0.0018948049215643525,0.01768281254236337,0.009881851720460855,0.015877504990972957,-0.004728680016199638,0.017298404513356402,0.0021442847807398024,0.013469297810883019,0.01102425159732423,-0.0012543051901868774,0.007465561998986736,0.00783501515345475,-0.0002525243897856244,0.0010313553716021495,0.03519708561355994,0.026553074564312107,0.010232514445289942,0.00334173199172616,0.01728949226638421,0.006205721364631822,0.01627407162404193,0.009654927437361183,0.009602149777243385,0.008101521703864467,0.0064553938265941024,0.004060837018954322,0.013384181342591228,0.004411761041416717,0.0058646920647760226,0.004484656786282404,0.017874971831150166,0.011970268700124631,0.014587659478557669,0.04160967709473029,0.012663614340319818,0.006904350013686278,-0.004314605364608148,0.02173490125133104,0.013714471911370207,0.012372376341708291,0.03238094188257201,-0.004938684227662193,0.022164057149624883,0.0026714900545337095,0.004702406798690939,0.020531317866956167,-0.001642120201201358,0.012475265753787657,0.002441980955926182,0.016441264722175886,-0.00509335742935435,-0.00206180283448798,0.017082859694298902,0.009818595952791886,-0.0007356074621014397,-0.0031908634890807086,0.010532741276803037,0.01617558268812047,0.007757990389332781,0.009924942239737833,0.01245458021444934
2023-10-05,0.004863991321898187,0.008254850810108794,0.0072587344031136425,0.013308613091713273,0.01320298820135557,0.002738748477281394,0.014665676343557088,0.0013085801755006177,0.010591150377607716,0.004625956764814143,0.010911616490230092,0.003986136074531466,0.005922616689024052,-0.00047968713210255753,0.0053992596388969805,-0.005399011473810833,0.001562890657082816,-0.006807969883685594,0.014879374295669878,0.004559883478109539,0.0017582914224718582,0.005850290689314308,0.020468349248519146,0.014646501531736966,-0.002289607981568298,0.004645760558553924,0.004225381098962755,-0.0027623741590224737,0.0120731816477051,0.001593346049665989,0.002984243108955731,0.007163889662080258,0.010448037282259515,0.008751410681845373,0.006156724639640565,0.006841456975408722,0.014155690543884658,0.006053420098085072,-0.0007320756300471798,0.007322141423283801,0.004216377411092376,0.00487803769915951,0.0041560213910531996,0.00776079833126242,0.05781136298742284,0.007930215136218832,0.002568685897515577,0.0048333181098261235,-0.0015898444443839255,0.0007587283338443829,-0.006898084993304909,0.004920073825838589,0.0027071029921057477,-0.018610212707312224,0.002331415101529899,0.010092065237293335,0.0023916975054436573,0.007127841084654696,0.009138482443099116,0.008526171647610603,-0.0027602999024435304,-0.0029476171945013174,-0.011363711397386567,0.0012769683638083063,0.008492324042220112,0.004048569405485702,0.02016651160883831,0.009774194132917469,0.012293157110392583,0.00846804430892134,-9.5868535902488e-05,0.0021001579201984644
2023-10-06,0.015175269704930994,0.006941339194814544,0.015160821793034795,0.011970025202167278,0.01281379810878569,0.003652066238026608,0.0066144159672276714,0.01067253875475549,-0.0030825283226662004,0.00038377664995747907,0.011033873140125605,0.003709496285727809,0.0124317540813208,0.009021969690034215,0.0036743514213022355,0.01552494244282343,0.008988122603283966,0.009008999543009155,-0.0057411307244790155,-0.010657135277460483,0.01730192386852214,0.01512213353534908,0.02184185175785469,-0.0022399010313437495,0.01767069577404845,0.012142231323441388,0.006945856268428141,-0.013111745467488611,-0.0057588850934136016,0.008042386393664502,0.009798809418595678,0.003765699082135532,0.005169935281027049,0.02525433409856559,0.006376889604291502,0.004671609437368218,0.00897308056587498,0.010848742754824059,-0.0065933657475819585,0.002624760893587208,0.015395425293037057,-0.008737863163169601,0.0071633429395654424,0.011835250109375695,0.05815340895596921,0.007451075859138179,0.00956367612819875,0.017084113202900708,0.009936644879486867,0.014908373823175447,0.030534246565243617,0.012035934361125378,0.011849501797668305,0.005045249092499482,-0.0004984037390790563,0.012018531863317916,0.0025263243535731394,0.011433018571100684,0.010073237376361455,-0.0024153209569746092,0.0076949026708841295,0.014003441488232848,0.021246891797096934,0.002158133349086766,-0.005674915247477541,0.0014662901578590404,-0.0003137496612998225,0.006681516956300149,-0.00498214991198509,0.009923565126447098,0.0028765520665980926,0.008682551905203173
2023-10-09,0.0076031310661046625,0.009014562732522657,-0.0033484640604991567,0.0036142871013704614,-0.0005820781871526126,0.0015288916772095984,-0.001338532610648313,0.004741189632029075,0.00034359743874490256,0.00920599992876081,-0.005219450657747204,-0.0025696833754975668,-0.007157636814050683,-0.0030438457628435556,0.008730012587881308,0.008445560580318201,0.007547177647803549,0.004464243874551244,0.004485836976629187,0.020347095711379826,0.004190349848729902,0.00572954467154374,0.0180720178937539,0.010476337438637406,0.014657811956772182,-0.004339211828101153,-0.001967682566776041,-0.021519474055633703,0.007033476507332326,0.0026302214464251072,0.01999690316231728,-0.004168386321188322,-0.00793299351354293,-0.000531579434993823,0.00041591382391592546,0.0007044595001226561,-0.0049406901670806525,0.011273414695048167,0.005162249365456395,-0.00785387422064776,-0.0022743634639142973,0.0,0.006322068023952854,0.003845585018304787,-0.006366970755655843,-0.0013964608840472126,-0.008116259708021989,0.009458548120643506,0.003973356522819271,-0.005228434576127761,0.003954407558115047,0.0024188405390974665,-0.004298902123548998,0.0032888804778163916,0.004488000246664736,-0.002146208070152089,0.002799810340276432,0.00559804772371475,0.0022161988774787034,-0.006658682758141743,0.006619732614853602,-0.006598122101104775,0.0013643317324416593,0.018304591848494978,0.001902403185755519,0.0040263407995431155,0.004708024674129785,-0.0025526878559861688,-0.0020341327560755573,0.0002520352751735899,-0.0006692922521753797,0.008311210294857263
2023-10-10,0.008057251811064647,0.004817423224755757,0.014178029865472563,0.0013094960436683678,0.008153277254349556,-0.0062588118763160505,-0.0025587801298103674,0.001630146264427479,0.00240414450366333,0.026605880950783867,0.00882415726617003,0.009002707314129887,-0.002594707045832423,0.004579745565087112,-0.009771001406071678,0.028092922612619864,-0.008104574844985613,0.0005796725398128366,-0.0038957355172816177,-0.00889543508206092,0.01718211116970325,0.018230107753813174,0.0015294796082259143,0.021476281257259755,0.015001609800028293,-0.012228214434624518,0.00425321085950503,0.015490538630075434,0.02670500188660374,0.002535859688523656,0.007010003813080923,0.008371749671235662,0.012478013749446237,0.0007091947238242469,0.006909625760346261,-0.00028156381733090985,0.016881773250782883,-0.0032996785198254885,0.018341888870158307,0.006901226608504452,0.006078582525204768,0.024485742860740123,-0.0023559039546803273,0.013008722226699243,-0.0149235160043526,-0.0023824268124891246,0.01426258964256033,0.004523425870855524,0.010993570097673766,0.0027530656900542905,0.010497376012275073,0.002815158343511648,0.008337180771986308,-0.004140749957910694,0.01133556041439343,0.009607117734413695,-0.007049991794866761,0.006209076765202326,0.008443061592827705,0.009750184313837451,0.008486326504792086,0.010812587133563367,0.01634881680317668,0.008074591505778272,-0.006309004187771361,0.06635069480676825,0.0181193383093583,0.009213442545536576,-0.009250529673798136,0.003022684976419887,-0.002774555515869359,0.033853290812884795
2023-10-11,0.012433389256406802,0.00043578704646773936,0.003842894590442958,0.005885276576022447,0.0013072705277665797,0.005622307956333561,0.014170486489932355,0.006038780553814016,0.005892748683454574,0.00037020718362801297,-0.00354603027661915,-0.0003729770591092141,0.001121555330589441,0.018805087477101745,0.007330055743350217,0.0014436194788378653,0.0001856934616539796,0.002510656450368076,0.0024323765566705013,0.008679340079374542,0.0021717799831548756,-0.002237919284405643,0.004674049729450402,0.017399652786213027,-0.006349839626741405,0.018660344318540467,0.007786667846802153,0.0003766014258088646,0.0,-0.009594404356573882,-0.019927411472181022,-0.016189326429770445,-0.0003471792136712226,0.0037208029307054247,-0.005559619161639939,-0.0008450374698868446,-0.007812447725942473,-0.0027738276128619344,-0.005043234953221232,-0.01102014698741638,0.0034328682775544017,0.009560301093879175,0.012122199037343684,-0.009611576447921322,0.012496247633765334,0.0014535876321983832,-0.001398690661859825,0.010775186811260662,0.011339881667081997,-0.015350062134239395,0.004589258486114689,-0.004210921609953955,0.009153866550115186,0.006063729499637516,0.004172311206863455,0.0034085940131953762,0.011318095347339518,0.009256389783452557,-0.0017940199690653635,-0.004828076464215902,0.006277484891558993,-0.002139408662693687,-0.006032276427355265,-0.006865620150892537,0.0011096244243344877,0.012307747831949989,-0.002454781615818691,-0.0038884817606964495,0.015034006476687622,-0.003264788319215617,0.010265777531554887,0.015091245929578667
2023-10-12,0.0007519030383360548,-0.006883239001889474,-0.0015180779082634155,-0.006338407782889299,-0.012054414246871925,-0.008737689484095479,0.0003614359179080484,-0.006215360176043405,0.0017030316647719257,-0.0044411979401585144,-0.02135226464403972,-0.007949915540851227,-0.010114048105927198,-0.02246663768246282,-0.017632275819653875,-0.0021622681637597507,-0.004517859383999401,-0.007705636704993579,-0.00399651187009209,-0.008995815695197362,0.0,-0.014579432987011809,0.013634222388460238,-0.009501167142716871,-0.00033049939984697296,0.0035159261012909226,-0.02090305772034562,-0.028614411130454154,-0.019607824997519452,-0.0076618469678549905,-0.02864500709345541,-0.03459920779563186,-0.009984354585850452,0.0006178237357921113,-0.01012709490342556,-0.010854324384043323,-0.01279529615764985,-0.006101422861539252,-0.0354815866505408,-0.018480589358354393,-0.0023263054991151666,-0.0037878885321305233,-0.010732646509524657,-0.01614827115861428,0.016315180859663547,-0.010212500507072564,0.00022507029241869425,-0.005887080082086826,-0.017172485466544596,-0.013814928155929329,-0.005887107501306499,-0.006846571493220099,-0.018288250325616207,-0.029533324635797276,-0.011569115495550397,-0.010474156728874973,-0.00389272217548986,-0.008538873993545693,-0.01477789409444874,-0.01212845640771043,-0.01634844153333259,-0.018529960949789204,-0.007754538440465808,-0.01545851175537638,-0.010344259800194266,-0.024653928470478648,-0.0076899216637807966,0.004667381358153033,-0.010757655624364593,0.0012598834251409397,-0.0011870489944547646,-0.01262277877239093
2023-10-13,0.004883505622215845,0.05562375855916635,-0.0011897968895887567,-0.0008177500694579454,-0.0014136930548502846,0.005054636977564586,0.013365449362594095,0.001884845263644186,0.007344509176318903,-0.005204452304992224,-0.0016970368834167138,-0.0016490404391014124,-0.013376963833694244,-0.010108604134951515,-0.00697999191142884,-0.01764530752024074,0.007646849119467891,-0.003494389187912006,0.0076430845812061055,0.0044400791784167115,-0.0024079221521793315,-0.0246586374380785,-0.0030899910324461155,-0.022062376223945246,-0.014658933927773399,0.011424753510707708,-0.0015425618395552565,0.004263562653628705,-0.009387771920462806,-0.0017749107889645233,0.002089209663368674,-0.010052414821177136,-0.008681972052055453,-0.000441068715836046,-0.0017750905816529272,0.01125840811589951,-0.007976018162064613,-0.003069370256188253,-0.011261215910664535,0.006714551087266152,0.015019519879510224,-0.005703482892825296,0.0033018957128307935,-0.028217946485583845,-0.006945304398798924,5.237335513186281e-05,-0.0046761131096721975,-0.006722059641308897,-0.007907925581169484,-0.0002570698724932985,-0.018323840551389803,0.0010138217071526956,0.004768991467277717,-0.010735507890172191,-0.02621162961775092,-0.0021455940216303926,0.0812979261630753,-0.0019138789802168876,0.0032431640164058972,-0.015960748543217385,-0.005767899541851973,0.0029646343798745978,-0.01902813281054261,-0.018431769954235455,0.021651321710857374,-0.01627421528650075,-0.002789849253670429,0.003758755123138835,0.006146517914129124,0.03069956771968907,0.013738990768653814,-0.017897722629559576
2023-10-16,0.01046723256030635,0.03823138348796995,0.011184627967435912,0.02488130377037301,0.017820339881717606,0.005029028188529461,0.018298398516184422,0.01158708007517606,0.011611360594523612,0.008594959858407858,0.01602718667718528,0.0033035285303411044,0.012411243204510036,0.007129059548360184,0.001434456119262295,0.02048321338586212,0.006910137614354994,0.04656145195466399,0.014601296800622388,0.012770094065310378,-0.011585717179160682,0.031116420940469958,-0.0025526239051698596,0.023786218050398045,0.015883682549689526,0.0173201598213526,0.0028659065517118165,0.015052105556131234,0.01730536720878839,0.009779502500817605,0.0020848539663156362,0.013245063543968927,0.019196736319495367,0.01526655152359968,0.016456545155102198,0.020011179042853655,0.023115554593010845,0.013492658672434654,0.012908101358588109,0.016984076336229892,-0.001013497567657673,0.02485661588919008,0.013477547652873234,0.02055080516140073,0.013652704254580428,0.00817013631998198,0.007863694729346449,0.02078626092981284,0.01266544941249026,0.01208388707790986,0.009597326812599949,0.018837318265526592,0.021210396773579054,0.022421524663677195,0.013208626003154977,0.020642124378075444,0.013552855721637336,0.019494929880378153,0.025053037121961497,0.03181533651421531,0.010530339653465504,0.020535133048036114,0.027017643575699246,-0.0037755659973846,0.02094871091971129,0.020767353645480435,0.013988271436981004,0.010098083035087857,0.018327087891549576,0.016845643547015232,0.008581886825945517,0.03905115823582617
2023-10-17,0.00382303176140808,0.024015316688041688,0.010471896603546638,0.009104000892886654,0.013184113646196094,-0.0006101383376020397,0.010735190561272479,-0.0023669137047063193,0.025625579173402135,0.023341974103049612,0.038240883532407066,-0.002426122263340713,0.001022799692251164,0.007556906383984652,-0.011459540253989098,0.009161072770594192,0.0022672204834286447,-0.0005585576344092624,0.00985889022769304,0.009214421514907922,0.006104971907259671,0.022255718803175117,-0.010602404410092081,0.030179565078275905,0.02422365955644956,0.006810111705402244,0.004822401035013302,0.01920156954288399,0.025111343833080557,0.012414122292515373,0.00684160773935738,0.016557715761508218,0.00850626456464676,0.009039493221808526,-0.015999272658019037,0.008565957950457115,0.019646374920620158,-0.0014295357436271416,0.007496221513280332,0.0076403138688843075,-0.0021643562927338156,0.03358208718835143,0.012834365037360795,0.014103981849055147,-0.0055362771595788285,-0.008311710957634277,0.0015205883641502549,0.009313294814675022,-6.232160440733381e-05,0.02032259531110281,0.0006595929332009476,-0.007355854048757715,0.025562818337017568,0.002807014866879065,0.008465306668931971,0.01755618281267446,0.012034351554262468,0.012852756115085517,0.020892843055881016,0.015114944242787809,-0.0006257573369631286,0.02530498665441394,0.028667785936589585,0.004787161794857608,0.010199856979619781,0.028275840979125277,0.06958921230084192,0.004706937742662287,0.01661277395232963,0.007923161939491719,0.001301854164993621,0.022828557291806106
2023-10-18,-0.01289928587384237,-0.0039868281585212495,-0.018524478658512367,-0.009180183570890899,-0.0343222293220633,-0.00775477858504614,-0.01350733965874884,-0.007160156902993098,-0.00956461694613453,-0.011223796344370873,-0.006675756711357339,-0.013028749556006747,-0.030514029131694986,-0.028766690221218916,-0.0023186320581226605,-0.021521839688616096,0.000794703296465471,-0.03445699946589753,-0.004488029876921429,-0.014512234684706193,-0.017718416127407877,-0.05571953727551193,-0.0023555825920427154,-0.022785413229065465,-0.01257788779229907,-0.0043868144855984115,-0.013931211758224094,-0.032643231910188364,-0.026471731589839176,-0.01661010581961786,-0.015457975299012272,-0.018859825150520204,-0.009811510032269544,-0.011370480876628175,-0.023920324199620757,-0.0005479589187490363,-0.02601155908145414,-0.018969218309920377,-0.02901779812557348,-0.013084588930907692,-0.010980748593649947,-0.03610100274044625,-0.008397027375594002,-0.024600033659459952,-0.017698374340683554,-0.006547938816704013,-0.021305746396092284,-0.013450022159100739,-0.02296204215981512,-0.06784529238965609,-0.01901899704488308,0.03985577668719609,-0.06613789650264168,-0.02379287288282128,-0.028876012288606367,-0.025396731950577123,0.0015099124609700976,-0.021871528317761846,-0.046143438097753675,-0.014889884469253545,-0.020173743068021,0.020368642352192046,-0.019672135311736283,-0.02679899348690762,-0.0073807574152048305,-0.03621727279110554,-0.04356555188347022,-0.015464346923759531,-0.012861216671376519,-0.010719397135351527,-0.01824940447481682,-0.0285792324860481
2023-10-19,-0.009956463082383182,-0.02095601322697649,-0.012604797947526558,-0.02284343933175237,-0.02154164796263358,-0.01821550245297343,-0.01954357201389778,-0.014124761669078723,-0.020693663466109014,-0.012815832249789327,-0.022248004349924133,-0.006541731615776314,0.009437500161902923,-0.07898338726278487,-0.008424213274319081,-0.033670422578473524,-0.005925480994418142,0.001157406209587375,-0.0214259247196662,-0.01579881278050077,-0.010131024016249879,-0.027745300172981713,-0.00865794217066751,-0.012847855820530718,-0.07904192599557092,-0.010830797967080086,-0.015615088489107865,-0.008484374786640103,0.01136359193809322,-0.009816064665527202,-0.02336936315185889,-0.011358725800492242,-0.022946556259164086,-0.010281434617730678,-0.009173390198815246,-0.01329499971908421,-0.007912999387577724,-0.0006384975397977222,-0.019157084142748748,-0.009994579941285942,-0.0042492677894159225,-0.011235983635708768,-0.01339477981592152,-0.01417625567701386,-0.0068093513071166845,0.00711836529039922,-0.01358047061396972,-0.018389350253246506,-0.0077702359206656135,-0.026175088446733663,-0.017233600273855454,-0.012133974945439219,-0.006672791021910096,-0.017741897442751342,-0.00025930007501184793,-0.015578552915255672,-0.008669316807430105,-0.016032021645202343,-0.0198360792354757,-0.0036275959749778597,-0.006501817315342828,-0.033075857960266575,-0.03812708557803657,-0.006935283574088458,-0.024805203860584935,-0.023660435100072985,-0.01857946769748753,-0.015412525051880954,-0.015328010832941663,-0.008427606713677593,-0.01920346978022136,-0.09666569624757215
2023-10-20,-0.024764296686454634,-0.01242576768139303,-0.053802875407206074,-0.026973959634018718,-0.013898023346851862,-0.015544622114462725,-0.012174703484460592,-0.014976373214834804,-0.020728676033140103,-0.02410973721379095,-0.012562242859904038,-0.008267933267196548,-0.01233714684861631,0.0021226367148003966,-0.016112402922113467,-0.026645025364625763,-0.004670279154363244,-0.01984587382162384,-0.012158628291046192,-0.022691226807325382,-0.009485749999732174,-0.045016065734841404,-0.006118078833373897,-0.08532177034496058,-0.028372121780813497,-0.014507896019894106,-0.015450875966169786,-0.01983659070628918,-0.06540926403174674,-0.013128527325864892,-0.012274253856758732,-0.003093217874094556,-0.011386909501447384,-0.02940399859012932,0.0028743285948904518,-0.02222522680641681,-0.03888331704756376,-0.01414620446610515,-0.007812543732286792,-0.017100502686919983,-0.01610578302382948,-0.06344697213303263,-0.017634253473914674,-0.04882536106550084,0.0023421922849380383,-0.017434577141531737,-0.008920524985413403,-0.029069772904555036,-0.006354579489319168,0.0028797625350893696,-0.015142659772021339,-0.013453009222996304,-0.018625936140789667,-0.02590771662221758,-0.033200817420261375,-0.02071647670923471,-0.018758017617377942,-0.03001398068755945,-0.013319572537959568,-0.12378643312436122,-0.021059398747186098,-0.0226039670786915,-0.01356045641470438,-0.01068086330853113,-0.01433454905303111,-0.03207406481217401,-0.055572556993492395,-0.001839060133015269,-0.014943944261886832,-0.022098104916728145,-0.007281948792490667,-0.07071965416618742
2023-10-23,-0.005413736771358368,-0.011039853249963372,0.021332053064130774,-0.009072607667341637,-0.0026906707252316586,-0.002037372111881597,-0.010874836909711805,0.0005712154456656293,-0.003836080241482298,-0.028126181512122095,-0.004080641560595177,0.00291791528931995,-0.0001626925903518428,-0.017792874423660843,-0.005806155829215842,0.0016623413644822893,-0.00456878117915005,-0.03027321474039779,-0.007067683757605248,-0.004359690859984666,-0.01990921861925743,-0.007575665413462551,0.003759312954270566,0.008168538249779367,0.0021900453674312814,-0.01765058495552707,0.003626941199951661,-0.016269821452107314,-0.0115929572856871,-0.008054293118990419,-0.0028451576392520828,-0.014184372926340894,-0.021146442540129207,0.008707451979056868,-0.002766110607508643,-0.012501761210788276,-0.007261399261637158,-0.002869866564105261,-0.014173140579638033,-0.00013959833547438905,-0.013641026764598663,0.0010111004249231392,-0.010007969521357407,-0.019776711704173833,-0.0003824290003975328,-0.006660636071651016,-0.0019250150578160596,-0.02711239864478654,-0.0017765593148062475,-0.019554157155182716,-0.00439004110848118,-0.015414964896906858,-0.0015557129245713508,0.0011238316908961377,-0.0188695645340885,-0.009108321858060986,-0.008783257862398863,-0.012819044128733803,-0.014127181991914983,-0.017312967946452984,0.00048571793549512243,-0.009404940041148668,0.008812115569973411,-0.008927685506949667,-0.014852355657457461,-0.004786479994518422,0.010669274564663045,-0.007926984001558335,-0.006163091352141881,-0.019617565647893964,-0.011270356062467402,0.0030039678305189277
2023-10-24,0.007776092119627709,0.020192025734206753,-0.0011757126666233075,0.01508988585402049,0.006873211070085095,0.0200649915864779,0.019056896493554243,0.015415086926298116,0.0098335760292243,-0.003910858530967176,0.0067486007919743685,0.005314121138768391,-0.0038065066435954975,0.026202321891114044,0.0437256114605411,-0.01305599985328909,0.006450465623526913,0.010135809358069015,0.023823377215945074,0.016496972076231575,0.00102849213102707,0.0,0.0029961278793422252,0.009670760018093194,-0.015782461207511145,0.02074385649137578,-0.00410026945943609,0.018555833073031325,-0.001737684393061656,0.0532797765292512,0.010364156957052284,0.014388464269375012,0.025004646730756974,0.0006294347122315358,-0.0001336762987295126,0.012660033931925607,-0.004179750445201358,-0.007241592935766428,0.040734748859263314,0.0032144196006738124,0.0012055821327328076,-0.00909090820000602,0.015564868660870923,-0.0035867871869552648,0.002677571711236615,0.013732437694569777,0.008444737086346299,0.01230966575867587,-0.011130950661005334,-0.0019525085362428474,0.0009433872264703602,-0.007226011180330505,-0.0098161247224694,0.014780185299363202,0.014310453202523554,-0.0057820253159933666,0.017982861950372353,0.006716709616212846,0.004882672991082693,-0.0014094308283836288,-0.006453445198290053,0.007626438223334642,-0.0436757701871795,0.004713506774639997,-0.007977865990240418,0.019607803721949812,0.0041585839933884206,0.013475513850679466,0.06153601617920468,-0.005065946441782265,0.021421906162490068,-0.00632273090373503
2023-10-25,0.0064300430293533495,0.007241175520160681,-0.006231775142221507,0.01820608092071274,-0.020255723276956683,-0.0003752456320920139,0.0008391236677138814,-0.0004757726361084291,0.014640791384837426,0.0031409556201411615,0.001915206578471107,-0.005108853206693298,-0.006058258895202062,-0.034254504873013514,-0.00975603165000749,-0.0025783505610484925,0.0009243476461153755,-0.009231454035144693,0.019911073621791786,-0.014325845183827512,-0.008219884207336547,-0.004665070643177338,-0.0007935379272824283,-0.008801440323039755,-0.005797469389621557,-0.001032472327457179,-0.01332840010326486,-0.0326732800788202,0.0021759074545999457,-0.01152008866883214,-0.04111464002874954,-0.013297817580451454,-0.052825117223316065,0.006739809080756443,-0.008088805838527224,0.02130977811143242,-0.006295839868927011,-0.0018703796338636058,-0.033768223917376994,-0.011145048799779955,-0.005454367294807638,0.0,0.008058106107366125,0.0048596450521747325,-0.09257374562932863,-0.0005290567118975131,-0.0015507592005129522,-0.0042221790465939435,0.028304122312427404,-0.002235959432342227,-0.01725233622708444,0.0006066021606621064,-0.007710443683756951,-0.05070058840156244,8.983560361586207e-05,-0.0026841821992568127,0.0012160247504076072,-0.006894358874910744,-0.02999890040118769,-0.007762844831022742,0.0034200969746789323,-0.011121411190999186,0.012056935382732448,-0.025542077943381813,0.04312309098351097,0.01451379136889619,-0.003185658190545171,0.009375738008486234,0.004493642747332771,-0.006364577491276613,-0.0007215432894669416,-0.00770265229026168
2023-10-26,-0.009455757434647327,0.003434761221433602,-0.0012542347354864702,-0.0018044755347004227,0.029953722114396397,0.00018769324711720436,-0.012456592910977338,-0.005235857787376452,-0.0019462570267874124,0.022309208254041257,0.016654692250070324,-0.0021964685300718267,-0.002645028904231461,0.004243298655934424,-0.008258473296770985,0.006069422142230385,0.009050617148598006,0.04172578151524542,-0.011871083951833561,0.013111132167189288,0.018907087548503565,0.011504075421265414,0.0063060503949396995,0.03133980722912977,0.00272955782670925,-0.03395599615879952,0.011504580526764396,-0.012896608894779171,0.024316096963229672,0.0012267734514459505,-0.010048040502241395,0.022012599309874537,-0.011741317385726924,0.01303220529603788,0.0007750103887680382,0.0001391315861267728,0.025343118212993065,0.0052468909737248826,0.024622708744832744,-0.011482146851296116,0.0025640621883495918,0.03669724407712249,0.0028213242125958438,0.012537980073094035,-0.006913303812085325,-0.009318159283098537,-0.056224278378306125,0.010854753183580534,-0.01326923368868993,0.009383721194391903,0.004003087622190149,0.004243253997672669,0.02997134049031347,0.005049491416931451,0.027585640892097585,0.021979742389351964,-0.01642899213607485,0.011196965971128847,0.049765875798017944,0.02631572792077086,-0.002491877919882035,0.009996938344829509,0.01083032768647918,-0.007489127932529982,-0.0016390367552920893,0.01967103228518141,0.015340372608090735,-0.02351699174639199,-0.0001489497037702181,0.015885362361151678,0.10272455436522732,0.02767471427474022
2023-10-27,-0.01328691072895194,-0.01846837610850416,-0.014162061728087871,-0.02169266154735927,-0.018271534955977997,-0.04013016067954822,-0.013220089487387954,-0.007177301178825424,-0.01795453679814263,-0.03637061415130671,-0.011633409643272752,-0.013237780100407659,-0.014808854584954623,-0.02065567996752249,-0.011979619981491996,0.0919450048633137,-0.016047378684526437,-0.0254715263140326,-0.02130556670304551,-0.021067432948596365,-0.02796134392866545,-0.03664694925710177,-0.029708015219265915,-0.03291979972818382,-0.004083191432930344,0.00615833788375042,-0.020136988000363232,-0.02198258454318347,-0.02967367774748575,-0.015753570961881236,-0.02918149019557581,-0.013186842606455529,-0.015234306508077111,-0.01286455181573365,-0.023839091750982422,-0.020723131641594783,-0.027806383941695545,-0.023953815386003163,-0.010852729237353143,-0.01589109508233355,-0.03601873496451691,-0.024582144281973917,-0.01813065484497578,-0.03644079536542244,-0.03099721646479503,-0.011864032270076152,-0.0013988833915922205,-0.021979757608272532,-0.026185945828023693,-0.023171854921328894,-0.011130718403481676,-0.04245475554985667,-0.0217089136348233,-0.02628020503094808,-0.027282316881289903,-0.009948811896221654,-0.005199582972853389,-0.018824009764966343,-0.01939840140206084,-0.029105973642141847,-0.016596761177903874,-0.026755347420911346,0.0032143072817441,-0.047213439353598674,-0.022984373081712417,-0.031217135088751347,-0.035568220598737765,-0.008690730279988679,-0.025801748250584455,-0.022446433935390586,-0.0006984491207655541,-0.032840705422389815
2023-10-30,0.011897048983224856,0.01759930133445642,0.013870223061898557,0.024693459448137833,0.01700162733568744,0.006224064318493205,0.01868235781297445,0.02405355914400631,0.002670441413278768,0.0206595132020424,0.01705495435014881,0.017183721786695694,0.015115077693225176,0.030911659892215004,0.01833522098678153,0.02864749469554817,0.01389064597214218,0.012569858137889689,0.02469434027228723,0.02787458998226433,0.018043847471584273,0.022737113363061168,0.011003227093808965,0.013354267546205945,0.008075545929016492,0.018310111932308804,0.016245584138390168,0.026505511243236413,0.02140670852445492,0.00426821412805678,0.0029743293387256564,0.002672611832879479,0.009924194847296341,0.011871791771816742,0.037666730344710464,0.03167152797174655,0.012711931980583513,0.012509563517549394,0.014890282726349291,0.012237432757642885,0.012749713427609555,0.016129074849152936,0.0017510393852271378,0.02845604845625216,0.03951264874704474,0.0182260831367258,0.022907132906890393,0.019385749201007663,0.014405393553378998,0.014953216367143307,0.012180012548445696,0.02773693692127699,0.02486624011447014,0.013097834002905095,0.014832778131652402,0.0011822033512638441,0.0139161844802691,0.023360793783854916,0.010155520203915858,0.014989263942290387,0.007562475369602195,0.015096164154502434,0.008544022969405152,0.018440918240175908,0.03005971074463032,0.020275152292509535,0.02186685928391885,0.016617913379774363,0.02127990946534153,0.01728582974932591,0.016905399449452352,0.017996560652344673
2023-10-31,0.009173113852094517,0.02120034243420732,0.019264231085294847,0.005081988147099592,-0.004021040658439334,0.003974896539268968,0.045849459190240305,0.007530092397966648,0.016868171724080394,0.02530168999983462,0.0037789654327398114,0.011617862148751934,0.00849913860970597,-0.00032471036742287573,0.009892284287300601,0.007459677527067887,0.0023853173678802797,0.02541873105540904,0.0043050433149156575,-0.006281153955818186,0.014384897571111832,0.020026129737906517,0.010079045678838217,0.01808796630618481,0.011584935943312225,0.007589613260358563,0.01086021370679835,0.014459789538757928,0.014114682693010527,0.00717192793593191,0.011727177565520996,0.01243891554281773,0.023314009320301476,0.026464368488192225,0.009241088884254678,0.011150869724511514,0.009414123941679398,0.013298171752321508,0.0015444252163903105,0.008584296873134667,0.011934176792059326,0.013888876857720556,0.0171619717664655,0.006337024530532975,-0.0018678034379936426,0.007329882024988743,0.010552635347832018,0.009929270041079796,0.005484488255034448,0.0032583492812914283,-0.021660226463204535,0.014107487235286875,0.012131426786063493,0.014691479161776932,0.013995965141928801,-0.0010331922675127503,0.018686719013024877,0.008381183184541063,-0.0005235798228203636,0.021800258572659104,0.01228735436380779,0.011740697923181553,-0.0010684583147428928,0.0053321593680211166,0.01166103923456041,0.006387537560129886,0.01820507246033065,0.008666586190879899,0.010643024984801963,0.00862285297350085,0.013316759821956348,0.029019326727613537
2023-11-01,0.012034291230397676,0.012643380620771083,0.0028761757942294963,0.01206977993418712,0.009409657430724527,0.0075954143848235844,0.03830179606755246,0.0077285151797943374,0.11806585291604876,0.0022778900291802184,0.01576466770060314,0.007089952605796146,0.006418600917200923,0.025988097355847506,-0.0017285780227520586,-0.010070114896551852,0.010921918926102947,0.014988454955179087,0.026512008880490212,0.02267484083157001,0.0027854047006519167,-0.011096903401539904,-0.011899173983336508,0.0015227312560388562,0.006213397617529148,0.01711246052740445,0.010836088590167048,0.0034615821666332813,-0.002530550570058465,0.010373629056490419,0.015232970477695673,-0.010530958370492338,0.026360400531393546,8.598640928636492e-05,0.01169273700442175,0.0055820900732290735,-0.0020724499460437196,0.007539005045743563,0.007710068919407176,-0.004539303036782072,-0.0008629232696047984,-0.006849356682022023,0.01780970432484752,-0.005498921995811035,0.016327453200344788,0.0021091542429561017,0.00390592545288726,-0.0004998683434425111,0.01584411682321729,0.0018355240756837699,0.0006362568678781599,-0.01794355157837757,0.014716944448404101,-0.002702690959660803,-0.008823303248983172,-0.006205678902045375,0.009614744755668703,-0.0013123946476548687,0.005972354115420853,0.0006882584597909247,0.0059831685735156626,0.0017019889010458922,-0.0028520187523775054,0.005193400331007236,0.010988940504206512,0.00458388065036619,-0.0006273025066507731,0.014802161097308586,0.007564546731569921,-0.004023087975837725,-0.0019924672611612015,0.005510577282063389
2023-11-02,0.03390267564368732,0.012408519352614444,0.030044403376663587,0.037228012117263676,0.0435863813463131,0.030473105869213146,-0.04511108398437502,0.020605980227276,-0.016158083340729545,0.046212147362806544,0.024785819261804898,0.015330877130681708,0.045893424529632076,0.03641155019957143,0.023232299283253877,0.0436820747521911,-0.017382844950139975,0.039946985477378405,-0.007761767953312071,-0.020013733569801517,0.04419187068181318,0.07466552366643042,0.007822883069700914,0.06893059105158184,0.031601907453525646,-0.05057289262794884,0.013033441126885092,0.04220782643880239,0.0591965486187509,0.02505870743731542,0.03525808111721562,0.043459022117299906,0.027334426601014483,-0.004296651908796578,0.021487133583704576,-0.0032493680283179893,0.07372787048046225,-0.01838334838023903,0.03596024710617618,0.01125748855717923,0.01784940785222333,0.08275864903571861,-0.00015355095371549776,0.05636314643320639,0.019149333200286334,0.017890037843133255,0.01288973219154177,0.000500118336766997,0.0445857743399507,0.03537711647834163,0.0321499739763631,0.023609204255206073,0.04814605632156699,0.06581497359507305,0.056319443142389014,0.04861722388031686,-0.005262750308276498,0.003832650412863181,0.03541298783651392,0.06121047780274913,0.06977809446697036,0.029966098905972238,0.03968541426908745,0.036495529538451255,-0.0019494525418110031,0.05194802098755269,0.07784045120996508,0.019574151657294037,-0.0017665436747167362,0.031838974402127684,-0.00174153964593049,0.07124428175678776
2023-11-03,0.00611770640526621,0.0028165539335760492,0.012661516276700313,-0.009633293061275805,0.0173322871678121,0.006319053666930197,-0.004538042571203493,0.0005367745500794996,-0.0017705129206283532,0.02896449875690621,0.02282999280420306,0.007993835977149644,0.02091573055667051,0.02749497746700258,-0.00535891899942853,0.015957930831246303,0.04115477163788572,0.016384542540050617,0.0008691337761823625,0.00991085378945833,0.03527677396176743,0.05100401481845673,-0.01858214651290757,0.045045084684113945,0.023239505914278036,0.008821062671644064,0.0034594742169002934,0.011682227583542426,0.05628747497950748,0.014684690542270618,0.0,0.030599221616496086,0.015714316817515117,0.011133151222060711,0.04417384134680957,0.006927403753214323,0.027079261072194827,0.015527981191672424,0.025110809589715233,0.020573600987474183,0.011172363165637522,0.03639673160459411,0.009978476118573498,0.03461377882518546,-0.006007174839025242,0.0024811731173948193,0.008779934399089306,0.029161830534160993,0.014044019134457963,0.03811605132717988,0.02205256439378589,0.007220213833545541,0.01783158535840479,0.018888432162927016,0.0280350517410497,0.016447005397555392,-0.016123975330268436,0.02705364948432387,0.018609777964078145,0.0200906481620029,0.018567720183129133,0.016196734126509016,0.03679499853937007,0.01463567693639356,-0.003196103831828334,0.040707421852059555,0.03348878037952119,0.0014388570613157459,0.0010322506843938317,0.02740061433514418,0.005318893853560436,0.04604273981363427
2023-11-06,-0.010093672534101317,-0.009185309241659279,0.0015057560647115942,0.0031377542531954017,-0.007654663970313891,0.006928954590464276,-0.004558730283299783,0.0026410336186053485,-0.01162085976570193,-0.003166764103133768,-0.005745895555260838,-0.014723835910656624,-0.0072191620998285355,-0.025470790738271076,0.005387791738943326,-0.008182855770328623,0.027020659770234046,-0.0037615175496987785,0.0034737261784707485,-0.007632845118314524,-0.005205828238469712,-0.012609857742676533,0.02118682003720429,-0.02518153341351581,-0.007570624579174456,-0.00684989838027894,0.006264189769135564,-0.0046188871814270005,-0.012849518621783185,0.0008365272992740813,-0.013732780992601445,-0.017319626631737584,-0.02399792446024407,-0.009474230167014652,-0.011323987492130039,-0.002158320910622291,-0.011299404738754903,-0.001112064498463683,-0.02737752131228055,0.003520888204083805,0.007552543623384977,-0.010535499922614489,-0.005927910709205397,-0.010118312715141853,0.00013627514194625157,0.003454969244504058,0.0002849523918107,-0.021534901001477813,0.006094960913944236,-0.00445851604042391,-0.0024108321634631613,0.010155261894584822,-0.01443587939177815,-0.02638145423335525,-0.013472955092506012,-0.01701778520931263,0.012931272720168696,-0.024854000553561018,-0.009579352117385365,-0.01651840214264877,0.004570410561370641,-0.007969290582512722,-0.021227156058638896,-0.010243448860470683,0.006769187320357251,-0.014427703699684935,-0.0061989775149153825,-0.0004515194417002988,0.004566989637915908,-0.006727501662769475,-0.0014813485923818037,-0.01668579824907701
2023-11-07,-0.005159676664282187,-0.006589111573731987,-6.543883140253115e-05,-0.013137322106573479,-0.0006603271958351975,0.002519097559016581,0.0029356504139188555,0.004239171340507886,-0.015037055458083093,-0.0060007587134988105,-0.008890899354646709,-0.0013270387692884134,-0.007087862442380688,0.0061019429210456,0.003243544891939454,-0.004172556078455125,-0.006835951452718536,-0.007011825022273266,-0.002778416520949456,0.005194314851223236,-0.001902926474284805,-0.0011610042178320512,-0.0031918848843307535,-0.012101421955321268,-0.01918623898262717,0.00318735556056593,0.005150394533712799,-0.011987636726447093,0.001531303205336787,-0.0035941182494939605,8.563906155800716e-05,-0.011749895056281323,-0.011078035828019916,-0.007238266459651421,0.00012348683506857583,-0.0014871005700275441,-0.005714316174883161,0.003989221713924795,-0.01481482597167938,-0.013277391129510874,-0.0004859045587544131,0.0026618765915755738,0.0003058112188463191,-0.0018959857394423851,-0.012991184429219205,0.00015415690103548485,0.0070177735418675,-0.00628830061843233,0.007287694913600262,-0.005400401767647778,0.001490251061174508,0.009067601497821487,-0.011376595051017402,0.00018312223409133743,-0.0063348474823642364,-0.014616080966603384,0.0024015594677937457,-0.011981268747965568,-0.004287567985211904,-0.007751932172046283,-0.00020792115184664617,-0.01011606711311186,-0.005421896373685953,-0.006125320549119739,0.0025950703075110493,-0.007156774972990831,-0.013042297943477221,0.005256897354161794,0.001613100898140818,-0.007256831470417668,0.002416150039126874,-0.002340621152505107
2023-11-08,-0.008150223519846844,-0.0029307157752963553,0.00019602914399996507,-0.00824083332578629,-0.0018321545180221,0.0036771775289321518,-0.015103627914953788,0.006434454041015281,0.0022616893191773624,-0.009588076667472745,0.00852217545922107,0.0003754639633495316,0.009805836647385435,0.002324908599364406,0.006606735774505879,0.0006666502981840239,0.006362462302035743,-0.005974972875567364,0.0003196473119717602,-0.007850612445531091,-0.003336493332933177,-0.0038744625067980154,0.0008947713106377542,-0.004711414799782876,-0.006127764094360444,-0.007083538150407409,-0.006995367377213846,0.037182008908962505,-0.025611603171898145,0.007717458065689575,0.009039115266058495,0.0016985722548361615,0.000637502244346333,-0.0039927334400946535,0.001882941716281561,-0.011102102699152794,-0.007662783896164926,0.008778419048295572,-0.00150378238836113,0.04538795866744061,0.0049302777111170926,-0.0017699590681403699,-0.007337225446454099,-0.014370658250934643,0.029926549503858535,0.010686957794978635,0.0021344176117159552,-0.003023758350455985,0.008515187898122223,0.0060918859808876125,0.018269132901251206,0.010744349101717399,-0.00244522015621762,0.008237246094474182,-0.004305292898908686,-0.005472412755495815,0.0,-0.0002204643215523161,-0.004806697696738582,-0.007161426683348404,0.004706516514519921,0.0003005277628427283,-0.0010221598124987574,0.00796939827195442,-0.008412283766490058,-0.003931886718121169,-0.008618301248122684,-0.0013920637684277093,-0.005856466709210806,-0.0014620879289570787,-0.010191114064950879,0.0020777589099907345
2023-11-09,0.007221148656267662,-0.0022431385929613246,-0.0041827361885816705,0.004314398201603842,-0.0015044833769921606,0.012944949373717485,0.006538224018134864,0.004886610971163163,0.010656189898593071,-0.012907771899001386,0.0015565907371695165,0.00542883323442811,-0.004778991574801661,-0.02329578879047156,0.0030721423590664987,-0.005614811611455828,0.01356400101064592,-0.008966178678600056,-0.0008218374469732836,-0.007511976484890104,-0.00765184012329434,-0.02683774319998422,0.018019300788020276,-0.025798837101720817,-0.017429390195680794,-0.0028850420232912066,0.006326672488776053,-0.023018935964215448,-0.026284799013689852,-0.006243236636540139,-0.02882734771026496,-0.02501059909630088,-0.023937405534867118,0.0012200337047965082,-0.011646515264685853,0.003970447653022902,-0.01640930695963383,-0.005679200463958645,-0.02293579453247141,-0.004868530481027866,-0.00297138468181124,-0.02925528964016577,0.004773708911354424,-0.016675072697798665,0.017263827623643202,0.005998620541476374,-0.0044650045746551514,-0.0006738978850995281,0.0033949945160767214,-0.023430215896209527,0.00245552340171451,-0.0061848005617216595,0.0007210171216303074,-0.01452438317289162,-0.007483840782436246,-0.0023168173605004894,0.010970390783491046,0.002205299845598363,-0.002817494580288571,-0.015081928907841213,0.003364560224211166,-0.0006009905879115207,-0.0057981001125611,-0.010014716129116752,0.00017794685915140107,-0.02443104292970799,-0.017386220538235908,-0.009306728868757608,-0.007216516694208641,-0.01415314895424824,0.017473381976447433,-0.03584120689072667
2023-11-10,0.007169377515455766,0.010310843460430208,0.013191658102731596,0.01543361060127757,0.013620989222376423,0.006811718740710848,0.015117500968204078,0.006078513675338737,0.011350307291787542,0.005448567153240935,0.013765458283864884,0.006835559000739844,0.02022033195806916,0.018482220333434718,0.014200157653040169,0.006641663735296843,-0.00782537473802214,0.004615952745648855,0.016496815184083413,0.006458840202555383,0.013975895788142845,0.0059951960634949675,0.003373668600853863,0.004616060961313062,0.007722869904214447,0.011863042357378895,0.009965475826430703,0.012166922189747131,0.009669594565224093,0.01784222593246465,0.0107541277108949,-0.0034782965757546025,0.01809027387959561,0.015231971012471757,0.014745376069867255,0.008727678204577538,0.007850876158726372,0.011331156221745964,0.023474193818712852,-0.008176454135087163,0.014831293872594742,0.0,0.009808337912321052,0.008521518117339477,-0.017279371235117802,0.01293648467236963,0.016548136294118887,0.01989546825769395,0.013799020390754979,0.015365894841253835,0.015882439503642987,0.013418923313266884,0.018731828740165657,0.009027297153398006,0.008964480517388074,0.009724243799670296,0.00024942328039245787,0.01254260006923169,0.014127199130828938,0.0066577304470825105,0.016224734152180176,0.016235809591385042,0.014408223583754376,-0.013736537253792536,0.008126310873276088,0.008233268413684547,0.008552163876638152,0.01493958210341817,0.01097760528338787,0.012128651912425514,0.008607645493878824,0.011367094947992928
2023-11-13,-0.0006136665228817506,-0.0036065088049563876,-0.00025910108680660127,-0.0014102104137783122,-0.003656738382433966,-0.0012873406135548437,0.007213528430435989,-0.0020944801374883637,-0.004722147757435291,0.0007225619715141018,-0.00569421701842876,-0.0015688834915535965,-0.005338377341361,-0.00922542599197318,0.00919697584811674,-0.00200802333903094,0.02006055027917908,-0.00827055254919018,-0.0019780501573364306,-0.005514889052180005,0.014733866881137647,-0.008740537554298933,-0.00013816584550441213,-0.008947990477419454,0.0035923807818634135,0.003041510479575793,0.0009712615409458447,-0.00038163297496895954,0.0019952284572331003,0.000411451086201442,-0.008952931378876205,-0.01832456484319689,-0.0043964182560475296,0.001971956952989684,0.0043008892720219905,0.0036500899057627656,-0.003894860015724144,-0.010202165765856752,-0.009174303230812364,0.015744315380392893,-0.0044389462197294005,-0.009132399862524898,0.0012141480936158633,-0.012589737594670969,-0.0064591478677529235,-0.0013968838451166032,-7.603055110605439e-05,-0.0004959934686247225,-0.003076247992805925,-0.0038497136902003737,-0.020359353287989213,-0.0003837870195174675,0.0039605103568542965,-0.0069381242457405845,-0.006891950228501753,-0.004743420071938731,0.009539208827382462,-0.005758969636577849,0.0005969442581956752,-0.008597903652455385,0.0021321077730989124,-0.00813606048205373,-0.003719970093772451,-0.003023159719145463,0.006119063240340283,-0.0013609734266547546,-0.0058480501837040455,-0.0023649412071546916,0.009244245367771242,-0.0029347151302706598,0.013821254768953128,-0.006379073394686796
2023-11-14,0.009998735183732288,0.013862117616333158,0.016651534468383744,0.007531743550005743,0.02181242339416878,-0.0008691720920409596,-0.012359936451382336,-0.014571146421459957,0.004806292964221859,0.054873601658659066,0.02312780105024137,0.012113911362747087,0.05427463138486477,0.04972879294216637,-0.004352584612829058,0.02529461837860203,-0.006107106476820889,0.01538179846436516,-0.011036000854442785,0.030449647229980226,0.03887587750200128,0.06533059084452897,-0.024507185652985042,0.07808689310243477,0.02219303501507386,0.018945186099243783,0.013165436946085407,0.029013195790164703,0.062524868634531,0.004935884465006035,0.021253360959062162,0.06399997121741108,0.028978823443368773,0.011893543910226567,0.03612613001803955,0.008486074470907656,0.05767348651009763,0.01647331114596917,0.057098747603396616,0.01875992510492397,0.018246631197140317,0.09861752355312192,0.0071245277672180585,0.055108701624233536,0.030112858550543242,-0.010391181163081797,0.00836810451810055,0.032252712194577926,0.022299149097710247,0.043576700668608526,0.02830540305718543,0.019581461543002998,0.04029295882226247,0.042103345122728175,0.059030138775598484,0.03437326123340512,-0.014760339468770978,0.03038249417903227,0.02645188884661276,0.06204136293044549,0.023049040505120244,0.02818787308213433,0.028513218912054716,0.050682258926790125,-0.013450318474937939,0.05553659760071783,0.06323535602132324,0.00927782028630042,-0.004507117640984215,0.032131525423473306,-0.004886519136524381,0.08132069464577896
2023-11-15,-0.01711074958568437,-0.0006075927392668046,0.01606007489264294,-0.011368938837718057,0.0030078226023639854,-0.010860432578728818,-0.03321633143731728,-0.014049322339627746,-0.01993011458199523,0.013689278029496599,0.002583383320952315,0.007170101749955915,0.01647672390163324,0.016473375622368502,-0.012158413294596104,-0.009438390020258813,-0.002311312156942802,0.023544458732829954,-0.006057889851778686,-0.008023524381194913,0.01172225955742312,0.027840490366106474,-0.0033056162660909383,0.01969217396829248,-0.00011662212760776836,-0.007986553885054648,-0.0019371885211079132,0.010202145358244152,0.02361319207709367,0.02521278740445454,0.00790567132576725,0.025898002727995362,0.023334805900035338,-0.013952314752545436,-0.0033065428963556798,0.006411067431961959,0.016635948543390233,0.005432383826159182,0.002919705285395313,0.004571051645795521,0.008757781936969966,0.022651004662951335,0.0013545517709456778,0.016139459815884383,-0.002717250831235196,-0.013175825480668424,-0.002062078343142648,-0.009453584713440488,-0.001338351512869318,0.01749460755016763,0.007142191476143589,0.003954032185488732,0.014084555516445718,0.027699359322001404,0.018158829912236385,0.0006980860574348213,-0.011659336803602982,0.003500204941841112,0.007653589971833519,0.0175880277807261,-0.004580200877953189,0.011459262932115744,-0.01782176135128133,0.013811636340023359,0.004979195676505954,0.03001937762806839,0.028492359479866725,0.004737985572924375,0.0010224129507587776,0.018060759096154122,-0.003713768093048464,0.020073591196234863
2023-11-16,0.008579985788568445,0.024169529913826482,-0.0023833489345934655,0.010081974839621033,0.0021253995508592194,0.012010899538407616,0.012702581367590504,0.019940964792347637,0.000750798180518153,-0.0027008824747770666,-0.00193260689700947,0.008604436035529073,0.00854918740723054,-0.005562032683797957,0.01230805977216054,-0.00933960248839183,0.0045767746533385,-0.007311049370942291,0.017321977764662932,-0.0029591011331356887,-0.004679248262046798,-0.008784733734979233,0.005353947514852075,-0.015760245090516878,-0.017044260251575793,0.023819308624785096,0.012518020687398934,-0.010282711130549793,-0.006590991948873692,-0.0032736828466000123,-0.016408017922381224,-0.00040714091258420293,-0.02315219357098186,0.0068604941097443195,-0.002754735573273215,0.013271324216766578,-0.008181905113657795,0.010986018953637267,-0.0021833867154970044,-0.002795056831628062,0.011419819446277124,-0.009023833410070625,0.007966295075343632,-0.01452629094833846,-0.0037354695324802734,0.01452845162944505,0.0006804354324621009,0.003396947523952587,0.008183622900191478,-0.00025100309383552233,0.004829936811212354,0.004126070061380771,-0.003205146994016417,-0.02454936146224518,0.0029466348946576293,-0.002650962416017366,0.014397217022414033,0.00021137637970691792,-0.007691566128769867,-0.007407460922365772,0.004775395235877999,-0.006310026466920582,-0.028561813087037313,-0.009048458894607037,0.012681465661565694,-0.01441551509471295,0.003765476131803558,0.0018540434191913757,0.01794563987732345,-0.007236243376588347,0.004928818949953229,-0.010255064517861623
2023-11-17,0.008137048794826462,-0.004155759128735892,0.02206847299814685,0.005614509282079183,0.010546119222828443,-0.01174856115938716,-0.001314067752414605,-0.00024436846853170824,0.00837816843370276,0.014895050939369048,0.01549054466641775,-0.0025843181060342113,0.002741575386103756,0.01215052407535211,-0.0025955306884624108,0.025426131936284513,-0.006355754917009571,0.019938937432384618,0.0028378623033415984,-0.001879743125597244,0.015446669719733963,0.025480068800834976,0.005796666985019572,0.020072112586252633,0.02589077437747167,-0.00753805252138251,-0.01494789165574828,0.014285667363515664,0.01584961998946466,-0.006008171024583064,0.003534600827680201,-0.011405216902224957,0.0021465370280542295,0.007580249556205398,0.0074850906841725795,0.0024885768471263336,0.015582073989774958,-0.007749140782149944,0.009482138153114716,-0.007235562606083934,0.009045882148884132,0.019867602325091216,-0.0008947235905369944,0.026403185417288144,0.006528432939842288,-0.0023195555286845693,0.008058377593011867,0.008383036067386662,0.008767729468933227,0.007783049478399473,-0.005436199887306148,-0.0011206808864215878,0.009914201623605123,-0.004927820851825526,0.007112979936939157,0.014829293112722297,-0.014818035771045013,0.011835637682199973,0.010754760671340291,0.020522356973506906,0.010248002958607838,0.012988902884436992,0.033552375874583706,0.0032831209419914575,0.0007571645567991947,0.016534134747233642,0.008574530220642362,0.003982742105662407,0.0063065046403731895,0.010110537943375908,-0.002472928051829526,0.010081227095525058
2023-11-20,-0.0073376360370924765,0.003353360634375635,0.00793560735364407,-0.0018611533226315924,0.004743767006182731,0.004427841276209543,0.010287088828330404,0.004522326674829991,0.004650200463369059,0.0010006608440142895,-0.0016949707478883802,0.00668652368277356,0.005663665084450598,0.014195856233813364,0.005889657296200612,-0.004921979734349935,0.0007924792638192013,-0.0038745581320103195,0.002380633441687152,-0.0010902657294180607,-0.0022046224481114818,-0.006841948513840235,-0.006653512866208411,-0.010170210750716002,0.006598699118944618,0.008579442004512439,-0.0029299954767797454,0.0023778924289843406,0.003991283711932914,0.0,0.010695440570748671,-0.002884199142364152,0.011780495465613328,-0.0025359326583854758,0.0007665056097778677,-0.0026130781880531195,-0.0009025754187856894,0.006732502514361638,0.008670511866767816,0.008995397504891756,0.003075498654638853,-0.005681852634708995,0.00731339585252444,0.0016570675955247527,0.0016215723895753875,0.004093813060064733,0.010242288924068976,-0.0006394833481069284,0.01244839712771384,-0.007224687156382581,0.0015151683640710623,0.012341033986342342,0.0062351679532473,0.0079589804678597,0.000614203000600666,0.0006891263336366027,0.01129662139816845,-0.0023280552455356984,-0.004026037736375554,-0.00670331802630586,0.008379920085609616,-0.0034193457262181592,-0.0020079940689869957,0.010634989473015999,0.0016296233194901255,0.0021896028675736368,-0.00026565360266561644,0.0016429061793572508,-0.007976049164318377,-0.003957111574128813,-0.000537137795773801,-0.008039947823147764
2023-11-21,0.008993512053729225,0.002376741132565252,-0.00952100225206809,0.00947793755101789,-0.004349374738086165,-0.01591193328054996,0.019772651989672152,0.009490528172650503,0.017033874154571027,-0.011662791519337246,-0.004032216943453237,-0.0009132554300185225,0.005160117917792473,-0.006294025463815522,0.009122984322036398,-0.012785839730027004,0.0008483817528015525,-0.010077787853332465,0.009544669306310594,0.00783885135421114,-0.0037560624505476037,-0.025380748333093783,0.01679243609534642,-0.02255975716276737,-0.0035940864535642936,0.01823857011830765,0.0030921253351663402,-0.01642330101833067,-0.011203453382153894,0.008139865344385822,-0.01155971604515793,-0.021487624105598235,-0.011643331254564404,0.013559295025740825,-0.013197818627773139,0.01283737746537339,-0.015356771804513336,0.011591566624267635,-0.015042982634178248,-0.004880571067064521,-0.0020875469705580185,-0.019591809128023385,0.009832886973679233,-0.011737853195166181,0.02270838928945862,0.0019127286988387393,0.011251328934314575,-0.004159332321979514,0.007449224059979942,-0.015432816586174458,0.005132020763710221,0.00886594758555126,-0.0038233874798832,-0.0278996333700523,-0.01818320517695393,-0.005234835236909818,0.015437623238689469,-0.0006363763191618022,0.003561038951655826,-0.020858773092793936,0.00539442917504207,-0.012866349061903204,-0.011737113079503536,-0.01851660890430884,0.017199277856233985,-0.014357084228370343,-0.016476335220501404,0.009041062910747133,0.021392634272829003,-0.004440383003570192,0.004423355326250711,-0.041084333598592315
2023-11-22,0.00647129144593972,0.008372785374824776,0.009242672818701614,0.0,0.007357160654845707,0.009357866304775753,-0.002089867768672593,0.00839702189097169,-0.00515797898457937,-0.001011456934226329,0.006179464972259963,0.002216032667503365,0.003449947107820428,0.009453525471684321,0.005802238605887133,0.009359026991814456,0.01757559007622489,-0.0010716444274387893,0.006125458911405257,0.00462735116928914,-0.0015523998140126727,-0.004464265830388836,0.003664894086829129,-0.0029706945427646625,0.006167078941593296,0.0025062584925927833,0.0007651657298557435,0.009833026132339162,-0.0062134185589677315,0.0028779328554711103,0.004686543680924027,0.008445829079828382,0.0029451068111172596,0.006438138803406934,0.010956195060118024,0.005561318708724006,-0.002752263931194765,0.007668609076814326,0.007272755015980126,0.0011115936727164044,0.002353365544572661,0.0016652428815795428,0.006021496316063413,-0.0030290686136266176,0.0020535454618746396,0.005626680828380248,0.003374444584045566,0.011566296970863865,0.004187035958844509,0.00025477534410867086,-0.0017528318688415645,0.009337259132622844,0.007808414485406923,0.016967483769289915,-0.00015629850448528604,0.0005539911619432125,0.0049441188612917575,0.00955212814921036,0.006042026190831162,0.0050125475806876985,0.0032385244634145494,0.01202021472121828,0.007125918433939615,0.00783503392074536,0.005826600400137272,-0.0028499098418404145,-0.004863475278767182,0.005907328701593384,-0.0009840400963075924,0.004225370020838781,0.006173542866664716,0.0029145575668481083
2023-11-24,0.006187093707901381,0.0038210678901187123,0.0038464148198797954,0.003693997501994506,0.002567683562341383,0.0031612326241661215,0.007562554379964892,0.007689515169366112,0.015806904230893926,0.003374979974560821,0.0027530081311271104,0.0024322966072516383,0.004070728173207527,0.0020603273168819936,-0.00013420505445560504,-0.0018731568280438982,0.0,0.008939746062431642,0.0016323226371242061,0.006272038129942592,0.004664611602864133,0.004110636558030789,0.003882597021324541,0.0029795458634009897,0.00346935836854656,0.015293724937539555,0.005133660985960242,0.019658257992115624,0.0022066697928353474,0.002790004878677088,0.0014550277765861264,-0.0025124879829723223,0.002224552766535881,0.007975444189194603,0.0015059722361412398,0.005144724438492565,0.0009199236717258863,0.0006122919449786934,-0.0028880838087589344,0.004637848124874777,0.0013695734606742338,0.0008313178767458407,0.011678876667997162,0.004397543991771391,-0.012039993636416613,0.0037967909733838123,0.0052884513318338655,0.009210692546455013,-0.005952497552650038,0.0020385669901734627,0.008359266995654036,0.003083557617435506,0.0027576932299131496,-0.010294672159812612,0.005861658356852484,0.005536311457932319,0.006826148105373964,0.006518030900811489,0.005433760702328261,0.0006233454165176511,0.0,0.007155193683691108,0.005053909380081434,0.005319087183954352,0.00829159175314298,0.009209301925537705,0.010046194141926756,0.002285991755731409,0.010693799811487104,0.003272541149214714,-0.00077718328184051,-0.0017437190804151514
2023-11-27,0.0003616925297063034,0.006295260571485439,-0.002311109422833413,0.0006134395609114218,-0.005548950351492277,-0.007514568650360487,0.004618955345575992,-0.0024513612701003717,0.015560934036830565,-0.005718180190318445,-0.007391751975524774,-0.0036947070832454854,0.0007944344480914634,-0.0023364344974984297,0.005903661675017657,-0.0036595607653677753,0.001888239156395466,-0.007620065618471061,0.005769933563390284,-0.0017529970298602038,-0.003316395732603339,-0.017491661466012443,-0.0021179798530234217,-0.01096891541287015,-0.015327812067703173,0.0008207535381588027,0.0003695033141635218,0.008828850406953803,-0.002201811122741315,0.0058028275821162545,-0.010042266996668436,-0.004618005528465918,0.009500148159852007,-0.0018132668412126351,-0.004245853622425022,0.0035828447390400253,-0.007352891610506673,-0.010927495768386586,-0.002896448996207779,0.0012354366349218715,-0.002279433829273869,-0.00633711947810689,-0.0017316412885639565,-0.007084870821538747,-0.004840082742994856,-0.0034339860050857096,-0.008557574248658661,-0.00519273565172873,-0.002980344045729,-0.008900255544036062,-0.005678054582425207,-0.002893254444819915,-0.001702366955685819,0.011298441303430717,0.0011655597980926302,-0.007570608249238386,0.004214550343053958,0.0008356155508644214,-0.0016118114776838555,-0.004984319705174989,-0.004707826595016895,-0.009093494085532283,-0.014750314466015935,-0.01129425021560182,0.0060268456085847966,-0.010698557118998586,-0.011021558621218897,-0.0006291925292537526,-0.0004177108992762246,0.0023299558282190436,0.003111151061954809,0.0014556929833777765
2023-11-28,-0.009521524694520722,-0.007565307801988275,0.009875693198503344,-0.009348659724491726,-0.011245579483371237,-0.013402994246616506,-0.029310379905262196,-0.02203724331823198,-0.025953258379601163,-0.0010148136253119722,0.0021276679277431043,-0.0035700685171745627,0.00832098130297676,0.008337243711780129,-0.020674929870009184,0.022603141071585675,0.0027162167945817828,-0.0033928326198032766,-0.014714224568756595,-0.017658530608762102,-0.004880260330668906,0.0068181879689903635,-0.0036450368943194977,0.006931637815291047,0.02083331845077585,-0.015962591794272285,-0.008125472298185277,0.01643147389038835,0.008826750027385755,0.007429087571919402,0.014935644480627452,0.010965808262562993,0.015831183169735308,-0.006853299355364828,-0.00017766111061157108,-0.015810280161527412,0.010185104849322002,-0.00318190726572265,0.0,0.00746799742142068,0.002284641518438768,0.014455788519156298,-0.007805737397300061,0.004169020330277329,0.00308323222872553,-0.014882224008512579,9.783228616422335e-05,-0.0004745752238525247,-0.00033212045735320217,-0.013726796552699816,-0.002874176835707787,0.00797969282811839,0.0061654398757982065,0.036886005560704316,0.005743009907628327,0.0027740751312104184,-0.006994770758257829,0.0007305332398994668,-0.02440643038987944,0.001878475277684588,0.0017707968134097474,0.005305427981491695,0.051037781505855584,0.012555344487353848,-0.00990983437996551,0.003816759855165275,0.006795411718210742,-0.004721794881262897,-0.009052862992304234,0.008135710545509545,-0.013752790957952343,0.004360398387447617
2023-11-29,-0.006692663053241343,-0.0003688047472690803,0.010684425498208139,0.002939383899438708,0.008132191610536577,-0.00324930433223225,-0.024511542565156974,-0.006970907189791986,-0.001280406859931138,0.026413780432528622,0.009554136748264996,-0.0037772126028914332,0.014305906708338867,0.03465259276315158,-0.006129064357725977,0.014275146401037997,-0.00768422463562668,0.06808814089868687,0.00039996285621546335,-0.00029791498439091235,0.019839549830919623,0.0248306978063364,-0.0050940395507209635,0.03441951612133365,0.019146963375058057,-0.00962462439903844,-0.002568230126495652,0.022315960462675477,0.03572727186528435,0.014827013191724081,0.008974143646523602,0.025865752533328346,0.007445893771986123,-0.00016624102355666803,0.016004825221935803,-0.00272055304884522,0.020165005709204875,-0.0007979820843042607,0.037036983170176674,0.005607810316156536,0.005080229651258428,0.04274930948545386,-0.0018938993964731088,0.019800386259842817,0.026408029350460716,-0.004714500251716935,0.0019803681990233635,-0.00047473970396860743,0.0019658397116519843,0.021722286467863672,0.005211477414464927,0.0021590262394073356,0.020599701438468898,-0.008551393698670862,0.021529499987628542,0.02586439513478056,-0.0015925415625731576,0.007404307946520916,0.009928882984073795,0.029375012770719522,0.0040195738727033525,0.023249122093599084,0.010683084084159189,0.007826042194540417,0.0033929079746914947,0.01806088757346025,0.02024832487722006,0.005099997128495515,-0.008151880596705019,0.009453594128408405,-0.00372406382009427,0.025759751354603955
2023-11-30,0.013230452865284903,0.017565794726781547,0.019948695100653557,0.015116356390058927,0.01481269864130863,0.019838602072430822,0.01590198144773458,0.018529875881201807,0.025763148106153322,0.013967412057082074,0.01619345511120307,0.0036521719302944344,0.005258906727539703,0.008979092983287584,0.024256482284320313,0.013892730834912603,0.01498608602454743,0.02868644635067663,0.019326440571690418,0.021160328773817128,0.007650190610809737,0.0011013343896766337,0.016384286838630135,0.0031055058917814904,0.0462369292223237,0.02040560602924324,-0.002046750948255127,0.00790644880107716,0.019007458717464676,0.009662956045935367,0.013784109646136633,0.008539997741039862,0.0006875556758489942,0.023864892219007894,0.003761825493917348,0.02156582773244442,0.011680162685750783,0.010204920538935625,-0.0007002293693627593,0.020580081260482608,0.011404825233160887,-0.004019231410537283,0.025981589896280965,0.013762539425528297,0.012779952027071717,0.01573879331290029,0.009784715670297706,0.007441466262952279,0.008483176330861264,0.010057152788375712,-0.01086281341268891,0.002513494666559035,0.012391435489335745,-0.006210119074881004,0.011935371179039311,0.004489820830676061,0.006318985123797027,0.012215324263094018,0.013494028101280753,0.012750430769700616,0.0028698916693727927,0.015054446878659089,0.036515038537632494,0.009782093884774357,0.017921510793407203,0.00031118335514546125,0.008732384301675777,0.009636931083725653,0.02805733751298045,0.018501632414393843,0.022967918205080595,0.005361242911083419
