Date,APD,ALB,AMCR,AVY,BALL,CE,CF,CTVA,DOW,DD,EMN,ECL,FMC,FCX,IFF,IP,LIN,LYB,MLM,MOS,NEM,NUE,PKG,PPG,SHW,STLD,VMC,WRK
2023-04-04,-0.013112451440543405,-0.040562193577028505,-0.00707967070124127,-0.01676388239367954,-0.015069039437419884,-0.026033472808712266,-0.010859148246510242,-0.009836019626715209,-0.01933862383156315,-0.023229952755359218,-0.027366472433644318,-0.006926842837273961,-0.009127221099833327,-0.022815589352543908,-0.005739457229514633,-0.016685178454669325,-0.0008378744741119881,-0.01859240928650041,-0.023735975382834118,-0.00794682497771626,0.03800286751113058,-0.06876007027437026,-0.009764895749748037,-0.01228203088724078,-0.015001686104619605,-0.08730228982167054,-0.023535522271976417,-0.017038035012256092
2023-04-05,-0.00480276618407971,-0.061363682180132106,0.0080213854142126,0.0080972348915882,-0.019723449887176003,0.0053646627080499165,0.003979684850919485,0.005298090254711729,0.007003290055205058,0.0019938260548075792,-0.002436052894142393,0.007460486145385081,0.002385120129402729,0.001490361526955919,0.002664265006701916,0.0031110008619097407,-0.0061207340814651845,0.008990537672293852,-0.03018275812258564,0.002165008993295192,0.01402143332129957,-0.002502945807635437,0.010508845881262996,0.004554498756211167,-0.00183659685308446,-0.0006776960009660105,-0.028426010730436935,0.0013333003640088048
2023-04-06,-0.006622504952971453,-0.01031990059581589,-0.005305036533470253,0.0004524774474148341,-0.01034224994985744,-0.007395622135069391,-0.02323688035100524,-0.015151543977216742,0.0003660078380196552,-0.010233181225518195,-0.011843727613825461,0.005659117654745582,-0.04069583925294429,-0.0007440239802517512,0.012511020730966216,0.008739685767158,0.002727814082177593,0.0008487165311223954,0.004539251298771418,-0.05659972247051859,-0.000384109132600452,0.014358314504294034,0.0054135497608669425,-0.006333133796444512,0.005160940667976677,0.002034466752880437,0.005303015414447554,0.0006657625205932494
2023-04-10,0.005070762932710915,0.026402463165093204,-0.014222184083935607,0.0016961323025161956,-0.011210347200894866,0.012826518893223726,0.03148614104023273,0.00819396986510168,0.021039313026107287,0.0024410558253196157,0.012356353988679292,-0.006465423695918848,0.018388704307838788,-0.003971210162804439,0.0067797991289944015,0.00307437131108812,0.005552818161543183,0.006571301824144449,0.005582009748137384,0.028394818040315073,-0.018443794238717337,0.009001566152476936,-0.0014169826574584876,0.0019554464850213282,0.0017858600940172664,0.027941633172214653,0.00654816402200864,0.001996023839771599
2023-04-11,0.00670376416999785,0.009458567093781456,-0.009017186223923002,0.005474991374409877,0.006725565867758743,0.013874634488139304,0.05223185334037028,0.010615321395053945,0.006808717179182633,0.012462570241469795,0.005858734939210519,-0.0049409601225403055,0.014277242988272265,0.024919022191702833,0.008254584810982069,0.018110918313577473,-0.0008646527084313904,0.005159486637603683,0.016799800686284838,0.044310829272877106,-0.02290083032844359,0.012803180564133099,0.016247079620861582,0.006939489956381051,0.008467696171981842,0.015895471229051106,0.0033734303722121606,0.012616215235502937
2023-04-12,0.006448740844945178,-4.965821136604376e-05,0.002729752680871833,-0.005332851848299236,-0.03130360701559065,0.007163984844255511,-0.00644673120461392,0.014114573257864027,0.012457750971511139,0.00212220583172118,0.00728066732398891,-0.005389345137145063,0.014324773693917381,-0.00024324888197446715,-0.0030163273376196953,-0.001915716323680594,0.003070461260959334,0.018332319919461604,-0.0004043899474239776,-0.0029851106759002377,-0.004206731242548334,-0.0071275999172194515,-0.0073304227842756475,-0.009260539875444174,-0.002209584146795729,-0.013332173885456267,0.004502479557625616,-0.010491800753842262
2023-04-13,0.0033776710848536506,0.00649480924054191,0.015426428067504272,0.013262578172447137,0.02009849066918501,0.012128393489760692,-0.0002595585452407345,0.015051010710660062,0.0005272633996256104,0.0062120779871603915,0.0044572171015231365,0.015220686600528666,0.011020414331716522,0.04832813203305042,0.026580340904371003,-0.0019193933368275573,0.007263139511225036,-0.011830089612704042,0.007715496323835724,-0.00021379540352328696,0.026352838188389738,-0.00562091439174206,0.0015472913979976965,0.009274664395402699,0.007396543147488721,-0.012855412152776635,0.012789878431875623,0.006295534122303437
2023-04-14,-0.00669807770650499,0.0048765847424747655,-0.008042891168001387,-0.008911713154959533,-0.03361021745245496,-0.002432683560485316,0.0005192518667407331,-0.009406901263421696,-0.007378704704155359,-0.011365281252241344,-0.006716293644936311,-0.014272983985208154,-0.0093660716217282,0.00488940655729686,-0.0036838556716553006,-0.013461591446718435,-0.006326729467572956,0.00822407361021793,0.0013477141097797407,0.005133680574139765,-0.02940013968250932,-0.004358801307084326,-0.008777591737082147,-0.006246016457771786,-0.00791380104279038,-0.007034226083271866,-0.002242428948298958,-0.006256148327036359
2023-04-17,-3.486536754615521e-05,0.009313709690294658,0.0,0.005282706211125143,0.023585871670552816,-0.0009934842034958757,0.012065334652111792,0.0103009452723275,0.007079666298835496,0.009792826054171533,0.006037187825380652,-0.002555111477894556,0.013203965187902567,-0.02409640807831659,0.017747671518411945,0.011974349008508245,0.007451391254603701,0.004336571490437979,0.012571542391114576,0.010002089513227563,-0.021203554600542573,0.010123704426944657,0.012255549279983402,0.018133174791914453,0.022379698190912123,0.015125470791600648,0.016560348531095226,0.01590456869660395
2023-04-18,0.005520542337210221,-0.003059730630591173,0.005405491801800277,0.002347989486996216,0.014059727873610317,-0.010216050226220519,-0.03781567472238989,0.003186220441623311,-0.0021090319171437333,0.006746264055578655,-0.009841497210501315,0.002073699813408325,0.003056890832796144,0.019943021503203484,-0.003010110698059676,0.004127840395428128,0.0069545231707277555,-0.0012336471922562708,-0.00039593823745120993,-0.025705853258572442,0.00804623751561273,0.023092069727166376,-6.988233479732209e-05,0.0048252594823254835,-0.0027306971434967187,0.01367403624536645,0.002792557016417785,0.00032614980253864445
2023-04-19,0.009451626967031945,-0.007258702423586505,-0.007168395116638471,0.0039598341688997785,0.005584530456182568,-0.0033796203067957276,-0.008792938299565733,-0.011433999155265662,-0.0059880448961012744,-0.005863411320769396,0.0012122160537384463,0.0022522127894615274,-0.007538717705696918,-0.02490693891445106,0.005101407731999741,0.00219231204231618,0.0012059517159741517,-0.0079259119831534,0.009477995292151986,-0.01730109147695924,-0.012280006617745975,-0.022968000982906744,-0.003569506125209454,-0.007485395888698343,0.015299601327811718,-0.011815013267002628,0.006846059422662698,0.005216823051381381
2023-04-20,0.006747035397590917,-0.05265478693040038,-0.005415248194626576,-0.01122160901735303,-0.011681392420735515,-0.021171304246753175,0.0008065153939718073,-0.005783092881457397,-0.01311124022464627,-0.012919507961062449,-0.009806348713783053,-0.0018826451491550378,-0.005171759059604875,-0.012652129084479213,-0.011601399664999512,-0.0005469607006668431,0.0055842352451385135,-0.013903292957617164,-0.0008407077554237752,-0.013644300213534799,-0.00787399265441624,0.05500980288514867,0.0068132388081096895,0.006403399056649439,0.0007706310424104856,0.049331512346192596,-0.006338476391048897,0.00778456008709294
2023-04-21,-0.006462444574477089,-0.09997411279420831,0.0036298218493004963,0.000561761878470568,0.009300455896346982,-0.020599273964071574,-0.00026862181702669297,-0.006624690467005978,-0.014901226941323564,-0.005690799002636471,-0.005624119191077748,0.007605666044178783,0.000893576628812065,-0.04110247315665805,0.010060823111874395,-0.013953388602313543,-0.003103314599104845,-0.012731496669456943,-0.005357752409057337,-0.017179908142089584,-0.005430230541530245,-0.014640574002216522,-0.0007673842896301908,0.003746877009902727,-0.0005561127201498817,-0.012650157261446138,-0.007538888657886211,-0.009011812609431735
2023-04-24,0.009395216504118897,0.05876262945330546,0.0009040390507590867,0.005783610746880941,0.0036475254953907132,0.010325035272263472,0.0021493436628470253,0.00048790802326226235,0.0094769655207958,0.00944349880539197,0.010943009487893951,0.002898663619675501,0.004625802798886802,-0.003277949616682374,0.00705538523176541,0.009433857046328598,0.004915241625925271,0.013961379085674519,0.004314756132124842,0.008626590135383472,0.008399737545355501,0.01036149278336529,0.011729409280985204,0.006902506482884707,0.012497824368988164,-0.009177743729511856,0.0015777064852295908,0.002273472760790707
2023-04-25,-0.01145574708410202,-0.039682605298903106,-0.02258351719211693,-0.046281759869757244,-0.010328886881861288,-0.04892115172938316,-0.030428866758900552,-0.01593235070628274,-0.05217555485472514,-0.03628636296221244,-0.028703527006662344,-0.010717868431245892,-0.014217553109322267,-0.04502905999430307,-0.015763481071364827,-0.04645409397303513,-0.0025815412222405243,-0.04351476969784973,-0.010108877219231593,-0.0396129805012031,0.003748543727237763,-0.04573005793010532,-0.0726657404023201,-0.01769738407392385,-0.007482223142151745,-0.04622155048905674,-0.010151157105971254,-0.04342190953070646
2023-04-26,-0.014692664636037689,0.025699112224503384,-0.009242108281237948,-0.03342504893097742,-0.009663744718599543,-0.0004975267085248758,-0.011198807095475383,-0.01470341257039387,0.0015238593845929849,-0.009118920515560625,0.0020034662897179256,-0.010468586697697457,-0.018110290857727418,-0.012450312754813675,-0.012038059295537362,-0.003747345142946723,-0.005612028916951228,-0.004395634900162704,-0.02269379085257306,-0.01148339113561736,-0.021784231857444714,-0.023318657852007263,-0.017041300009573823,-0.01986762191638025,-0.025086216071751877,-0.017692301013559453,-0.017799226971182303,-0.01456643324047957
2023-04-27,0.01995245813426738,0.026490095983707995,0.018656735737402785,0.026283999883498055,0.028688486638908994,0.029364897152931668,-0.019714699171305194,0.017270281024694523,0.01749711453412872,0.019741541942240648,0.006748350719924412,0.022019913590179296,0.016357757500888415,0.005096615953839256,0.0086882907010577,-0.04484974332405911,0.0017534330146025123,0.007947075261667269,0.03927209852242708,-0.0023707418250472623,0.02375389271718964,0.026228368405409874,0.009236229575580124,0.009372339288081344,0.016557401660151294,0.021632804305151465,0.03798372986628773,0.00893776045507444
2023-04-28,0.01022697375931303,-0.0029032424055431827,0.004578691160174397,0.02962340079937209,0.00891674146258059,0.03436864064157952,0.020967050829465483,0.007417155746751725,0.016822497487290144,0.01484730049901728,0.046052580914992314,0.010110620668059678,0.014780888975212125,0.011742678831567765,0.018487356019393664,0.0030296213027625196,0.010420072997161967,0.03602715630620712,0.014383464022796,0.018298377893410267,-0.018023513477784636,-0.0007418043911371353,0.01462746114166058,0.009573134185053345,0.0208431317211768,-0.004024247529600622,0.012371386390383154,0.019761545045659412
2023-05-01,0.006183009781484117,-0.04416044296874344,0.008204278910246332,0.0011462142359754957,0.008461821084697618,-0.015154481718163693,0.005169017089620143,0.005562782179868941,-0.005330855550038205,-0.0048767314479526425,-0.021003837127469893,0.005600725656525585,0.0014564711578635148,-0.007385948272706222,-0.002475216556060311,0.003926287011400298,0.0077412191469024005,-0.011520945104395941,0.011481279423142698,0.01726965219062615,-0.009915682442020679,-0.0011472665718996744,0.02136614221654365,-0.0035647382841086372,-0.02357492923574611,0.004617606224617932,0.01364772709139972,0.006682224212419596
2023-05-02,-0.011985859968344448,-0.02183120086510859,-0.012658249401145794,-0.007556636040340736,-0.023680766766048023,-0.024849373871110858,0.029325869621809053,-0.013341955220776969,-0.006098758278309746,-0.06269815319906802,-0.025333364174165762,0.0325867707329317,-0.05930833847530392,-0.027371726987029055,-0.00589329759564694,-0.027677578323393903,-0.0060971182414892855,-0.016894791928390274,0.012194856240175023,-0.0059646158139878835,0.024078379331635924,-0.00979658318025467,-0.033296966730789745,-0.0011447750083624086,-0.0002586160628206269,-0.012352771852213729,0.00991502359782892,-0.026883555759504962
2023-05-03,0.00430568710611845,-0.0028257312179774674,-0.08333334089701716,-0.014882252413141117,-0.001909951574137092,-0.01303542105379818,-0.0028353444326923993,-0.010554052681934656,-0.014503526841952996,-0.009687866638702247,-0.010322077088020243,-0.0053935901389089436,-0.020872766730574255,-0.007377109533071247,-0.019552768946734744,-0.000618823120453249,-0.017673774988756663,-0.02675657034199963,-0.008874650886137259,-0.010616316294565609,-0.011860140413918252,-0.002524536690917678,0.0007486339598319347,-0.00902592025610982,-0.0015525617202105657,-0.010471226519075727,-0.0036258753689274448,-0.014324607206816387
2023-05-04,-0.00959541014576537,0.015846333074369223,0.019979941440253723,-0.015400000054328289,0.13394573563014345,0.004468701498910432,-0.05118499064340176,-0.05200004826151372,0.006792449945625778,-0.0052794118991186245,-0.00929885570155875,-0.005653645039400024,-0.018422588002333762,-0.0305532196501338,0.008592389917420284,-0.015789421805105563,-0.007427744571674055,0.00838176347012376,0.056247539500917876,-0.09983663674946497,0.04042954142078714,-0.04316304331562171,-0.00448914619446672,-0.02052897489022565,-0.018054647794801815,-0.05575139590600786,0.06499835263652498,-0.019377157708490356
2023-05-05,0.019342464916570545,0.023057174003852543,0.020568156280594163,0.023372053628675893,-0.011137378314914459,0.04696008292989462,-0.006136652683603083,0.02408580673581273,0.01967765286924683,0.022635036595631597,0.026763117800429725,0.007600345096750338,0.014299734806898279,0.03549122638502622,0.014408837263327534,0.017615483442900315,0.015437905833234122,0.02404956319581264,0.02152698027869282,0.013474969477424326,-0.013964739621296296,0.017443607101575997,0.017436800142666797,0.018671491904634685,0.01539544515529001,0.018989201436797387,0.017557747571311122,0.0038814818211754254
2023-05-08,-0.0037749279988198436,0.03439074619620586,0.003838737452311891,-0.001394766314861351,-0.015358350316318714,0.0010385949916107418,-0.029580812325709527,-0.011330438567874412,-0.004778507047785041,-0.01129616810833789,-0.0024706601827519936,-0.00483674822459923,-0.013481357283121054,0.0024677667664729785,0.007153988470672168,0.0009274662125005051,-0.0019105171580140468,-0.0070345198266426046,-0.0032692516513226355,-0.03298385831293804,-0.008825909585086111,-0.004918619751500541,0.004875734724698155,0.0047090286035116335,0.00038993907909268266,-0.003258709329792331,-0.003822976470903683,-0.009490374060960538
2023-05-09,-0.05291294652364853,0.049978420314096494,-0.014340240806583693,-0.009951038955382518,-0.011611785211189884,-0.013866547882448788,0.003107559483453759,-0.008508478189151458,-0.008864335377294141,-0.007719536308857022,-0.0076780357859038695,0.00011569917573028832,-0.01304038139484065,0.002735189838704466,-0.07031097889150972,-0.008029732046055726,-0.0026527683074520914,-0.005231730048374517,0.0058785911838927785,-0.017186771084169328,-0.0028992322802959825,-0.010238612346007203,-0.01970158994096305,-0.00666359655676052,-0.006841804874594626,-0.0036779547903141863,0.0014520764605800984,-0.017743127669644143
2023-05-10,0.003608046907386031,-0.0033817567439921037,0.007759387278158059,0.013989276605816503,-0.007013801950092602,-0.015400772105902294,0.0,0.008231158404532257,-0.004099073423501909,-0.002022655135401452,-0.009734159682556087,0.012033548701268826,0.0007240231254768137,-0.0114565246434144,-0.039419619715296284,-0.007160623114965237,0.01151635420000785,-0.007998139546542271,0.005618315034713772,-0.007263779739170584,-0.007061220543680302,-0.01819218449739879,-0.0005249940845737378,-0.0020417975367222896,0.0028339489012718655,-0.0106644172110264,0.015431612643314496,0.017697491193115367
2023-05-11,-0.015661278829428915,0.020616083012152453,-0.0028873898865420244,-0.0011593035250787587,0.008122878323446159,-0.016516087987819783,-0.008998402258680871,-0.012853836850969858,-0.02076706328499489,-0.004365470777428104,-0.006805330571772905,-0.004058761267785815,-0.009766675362503752,-0.04690954712833617,-0.01602315147343658,-0.006271547759681972,-0.005042001640058524,-0.019549427888388093,-0.0008978673928341507,-0.02574528893498318,-0.040368147319453485,-0.0007993181897553159,-0.007052801656437846,0.002776632119826372,0.0007825927635025653,0.005286056344551593,-0.006425592941329716,-0.009680844115689369
2023-05-12,0.005243197046255865,-0.01375185844291038,-0.005791597768048273,0.004874851732981966,-0.015589426013270069,-0.0043465660359404135,-0.003743681146057387,0.0033432175560490496,-0.0005730992581051142,-0.0014093459630524219,-0.0013957217396988186,-0.0001721199442747956,0.0007305638346291055,0.013028405253567188,-0.02577316543241226,0.002208907464245957,0.008963492326364397,0.005519842762691907,0.004992856083032571,-0.01668992475257436,0.0013076247402361574,0.01141729165338723,0.0006046905918990486,0.00626629702515058,-0.01194710679793154,0.0021650679507001502,0.002822959640944589,-0.00036209895313343843
2023-05-15,0.004640410665944339,0.04065580150662185,0.005825335769690243,0.0008085040371170749,0.006583633923760379,0.043952767888020716,0.011423482705041677,0.015433271397832904,-0.0009559662506707367,0.029010613523566375,0.01855151556214074,-0.0025259503553500817,0.005292988449464797,0.032580721998845874,0.014430022767943917,0.0018891404373417853,-0.004131424856318677,0.00941082031639362,0.0049432163938532,0.03536053550111373,0.02503280197738733,0.01006629789950697,-0.01495264504247118,0.018320055812662606,-0.0036495127112946557,0.008436393017196009,0.004043349408082708,0.00905470011648779
2023-05-16,-0.013247974981971167,0.009423308764634042,-0.01351353678468692,-0.029430383474403077,-0.01449538148820173,-0.022809335172193634,-0.035072151928017825,-0.016062209521792825,-0.022962027785118466,-0.009448386189861435,-0.0168414093921202,-0.006849022579465958,-0.016884534525676176,-0.024356496134981365,-0.03840685909470143,-0.010685110547594356,-0.00786334978767822,-0.020976803293416446,-0.005166028834791669,-0.03661191065209046,-0.04183483266476051,-0.02633831776582274,-0.026372220140763902,-0.009244015993865373,-0.01932915986380468,-0.025913069276153666,-0.005913220483949266,-0.035175903164940237
2023-05-17,0.0022134819470880363,0.011280210608151764,0.0029354189406676223,0.012247998454645748,-0.00645735296895622,0.028107305742063993,-0.012474906456301449,-0.017728616372648554,0.008225535292611275,0.009230735134416301,0.027788384390555754,0.010952686975706616,-0.0025855579347243696,0.016170150950491236,0.014176476443184205,0.01969496053915587,-0.002432240018755638,0.01076981778220798,0.012174802658088346,-0.0008507935054958837,-0.008200367568729994,0.020909451091714715,0.015433162644525877,0.02210575361925926,0.024345253367876074,0.012253852951662925,0.0076919249314357785,0.02083339941778406
2023-05-18,-0.0027154115644838495,0.010337089772671115,-0.0029268274758588175,0.0045228356194717545,-0.005957693854878099,0.017027796978659415,0.024797223487858178,0.0041100006805387945,0.0075758318080467735,0.019664520851596423,0.0293826881132786,0.002866148458036566,0.004165970036313471,-0.003908395629190875,0.02309467937652787,-0.0021805702610286914,0.00871203353379224,0.009869875870140321,0.0011046291512333273,0.015895516003043175,-0.03307259053499423,0.004583234234190492,0.002093607007372711,0.0011235343669431241,0.02574599829266977,0.012002025996670662,-0.0005088703055776689,0.005466477939492398
2023-05-19,0.012561175932190638,-0.028504850575857166,0.0009784406532442613,-0.00128640756288656,-0.008354566850267031,-0.0012092711843757487,0.007761394839192581,0.013881539137341248,0.0015423676729782176,-0.0020928536948796594,-0.011153732119802418,0.0018291946290713845,0.004056436081569803,0.0014012171033173093,-0.0058214361520328994,-0.002185459790223665,0.008962704540340205,0.009440192849792473,0.0014221832919933952,-0.0008381944383474282,0.009013199411380679,-0.011477132431044312,0.0017024030206163054,-0.0011925100943559475,-0.00042941497869741774,-0.007667954680004918,0.004124080921007467,0.006886518018681453
2023-05-22,-0.014018811379738927,0.011511090428349968,0.003910130743967288,-0.00017564104908773803,-0.006593288425210897,0.010430264587063753,0.012382943622548437,-0.001930801261570414,-0.003464944758065913,0.004943807813416301,0.0048514237198959975,-0.013008457829420617,-0.0099164355313347,-0.0030785793582291943,-0.0033461480278427214,-0.007196533062336696,-0.013728469144673627,-0.002310381158266983,-0.0059010529275254076,0.006152168842651129,-0.007558303043357917,0.009302683640327158,-0.0029354069613463096,-0.012078681497151522,-0.009150652771894308,0.00133941957530892,0.00020272190750425523,0.00863934591815485
2023-05-23,-0.01272732965953105,0.046343938812972496,-0.0026609399645928233,-0.006792797886576385,0.009586879297821316,-0.002949354126303594,0.006712399990206119,-0.01459726480408674,0.003670026452424313,0.0046213710875775416,-0.004586676817576185,-0.03156261993575782,-0.011035884136292307,-0.026389630730154878,-0.00443649370502619,0.007248698561191258,-0.03398016024315442,0.0005514480438706393,-0.021503010267337808,-0.008338112432223266,-0.019386195603046885,-0.021720450960177384,-0.008832510614024902,-0.027011485756555875,-0.015565343226597528,-0.013890366760188178,-0.010442965780799396,0.00571018517609212
2023-05-24,-0.002430827889828402,-0.017772151625129906,-0.017786607161864754,-0.028477068322079857,-0.01953975773467531,-0.011832028798813954,-0.025633427901909034,-0.013921109383826846,-0.012317187824520515,-0.016619753014908922,-0.014914396977565247,0.00071615670287839,-0.01622283171409733,-0.04238754660882005,-0.0325182696288695,-0.015644528810601188,0.0025993393617940175,-0.013005687859814152,-0.005109957654792496,-0.014573858536740758,-0.016003752372992786,-0.025927549344529344,-0.00406475692601882,-0.025350691715541607,0.007619425535265956,-0.027024228185195565,-0.005635295948014152,-0.00851671490398287
2023-05-25,0.004726011831385435,-0.03420806513726138,-0.01307834098658478,-0.0012744049007719083,-0.007450194860701198,-0.005986923194834626,-0.02889287307646382,-0.007239854262031331,-0.01851126915245105,0.003923224521479751,-0.007385521944919815,-0.00548743183176903,-0.009913227798138857,0.012646794180289245,-0.025768686565884935,-0.012485123279436405,0.004875099675305972,-0.008710255555945845,0.0099435570102131,-0.02815702963076161,-0.027983722138502864,0.00989724262058278,-0.0006278427820743948,-0.002773492350897966,-0.009922198461924547,0.015871326453507306,0.00738373669995962,-0.0060844871690124425
2023-05-26,0.0062839324871666324,-0.004781234410077273,-0.0020387077968618827,-0.009722266855120898,0.009757930245689161,0.01091653289363781,-0.01581590053084314,0.005834107559087753,-0.0005955923798240947,0.016083140833506038,0.008308451088409274,0.0010795740128171083,-0.002695755497397978,0.03389840583459258,0.0,0.0003267884477786698,-0.0010657384913381751,-0.0023993830490249834,0.0,-0.00819442184867325,0.0009841828380106055,0.010765518363769377,-0.001021023759929074,0.005186420007267323,0.01161097557773716,0.009711972148948922,0.0046129982777030065,0.025207085768276682
2023-05-30,0.0008764160306027335,-0.010441656792683829,-0.005107331585043284,0.0005521445964125071,-0.03345114824735085,0.005399432321680386,-0.013365162710606837,-0.003625141433142187,-0.0028202755276003355,0.022010708729835127,-0.01807897185421159,-0.00665030130085198,0.005985210861575663,-0.01553075596729725,-0.0006389592412852085,-0.01567611104590705,-0.003649390910054562,-0.006757627705349711,-0.0023298400075110193,-0.015933820580999902,-0.006882989468975809,-0.0229911628329581,-0.006367910642290475,0.004636309586963483,-0.0030549025570435484,-0.027391614429554068,0.00025504011000099247,0.004917489487050508
2023-05-31,-0.01798788655858985,-0.041266287225974474,-0.01026689957448812,-0.011836060210199895,-0.01254570036109326,-0.036851864226174924,-0.008063189175807617,-0.02426121337099041,-0.014545510652431037,-0.022264223704979158,-0.034443879644664,-0.004523471945997226,-0.001247533305158921,0.003213598505936055,-0.011763138212014246,-0.023224878966618068,-0.0035220594889595613,-0.013606936921510826,0.0011821184826188436,-0.03589743917831856,0.01374995608465257,-0.007142198662218768,-0.018672320048443436,-0.022776545928914982,-0.0028891398027234283,-0.012146672954949644,-0.0028054291641638196,-0.020971642363336707
2023-06-01,0.014973546776379631,0.010385959018506918,0.008298742119836833,-0.0117296519732355,0.009186868232395895,0.01999616528568482,-0.020647013594995656,0.006917143107183499,0.004510064984440065,0.0037207127588194666,0.008561582610267182,0.024659046438029852,0.002017774881768686,0.0329062447419024,-0.008927443955813463,-0.009171277201277306,0.008811387055452924,0.013093312016389413,0.01597821685792078,-0.007822258310979824,0.047348987754131766,0.00734510014433809,0.006450028619683357,0.02810591974444243,0.031214308088759024,0.0029379193226057865,0.016879852072969603,-0.01749379733291201
2023-06-02,0.028809751083714197,0.06556210020151432,0.025720162225089105,0.044524041545219495,0.0544256137207344,0.08096137380268398,0.044322619906717264,0.03824723391539897,0.05326542363972253,0.07310210097659775,0.061993362280140296,0.02353368015057189,0.026656344319003766,0.04849158264412057,0.04503920281961249,0.041480960008345225,0.014008843197823806,0.037618204474083816,0.026409504917272564,0.043204158876373855,-0.00894751218152956,0.06209130611245284,0.02603548515308307,0.03407903283259239,0.025288506005820333,0.06010643629166568,0.019768529128590506,0.04869186896001709
2023-06-05,-0.004483142256862305,-0.010510731928225603,0.00300903466710456,-0.0018638569976915376,-0.005694233985447772,-0.0070625827133791175,0.015101023427380511,0.005007228428504318,-0.002131454896688645,-0.011054367548193778,-0.004238731667399964,0.0017330473852577022,0.003455715884080224,-0.004033180473481335,-0.0052468268992895695,-0.0032915923319916107,0.006491522483507373,-0.002224119203591779,0.004794328563862749,0.004836769942714758,-0.0040389950633271665,-0.002477183818901385,-0.0072611177139231264,-0.011892816861348354,-0.004567630294284308,-0.00030709527520333957,-0.002416920072746409,-0.009008991466335714
2023-06-06,-0.004575109077729289,0.03366162046506349,0.0,0.013982303885324843,0.009236966494246213,0.014137728873179878,0.04462888346998528,0.025266857639870022,0.021165078654532765,-0.00740538298729565,0.0030405262782884357,-0.0012686849389493826,0.025781827152286274,0.018898418741864376,0.015572139308404065,0.01816373905805091,-0.008461695330715724,-0.008025061053890004,0.0024695976532767006,0.0409143597467887,0.0016699366458556852,0.018234662252819556,0.019032648049846168,0.009425763940937859,0.0023777008640297748,0.016584920624511446,0.004351209460036198,0.023076851671983478
2023-06-07,0.014075390218452721,0.026793707118945242,0.010999897078246335,0.02614599066088652,-0.03203366630719495,0.019741971883472376,0.025633250204587288,0.008156943452158893,0.02433923866799481,-0.00014075845383021424,0.015520868367236984,0.011952840718537638,0.011251250280675196,-0.004504499916064608,0.004080462182888933,0.042166820129557525,0.007088409350218594,0.03640448651166328,0.012532863570942965,0.04855497256164165,-0.002143389215655822,0.030799173570751348,0.025314480185133048,0.01889105591196172,0.001914271191204131,0.02084577511924679,0.009206393716971517,0.03827750055399859
2023-06-08,0.003399146740529657,0.003655988821270384,-0.002967269948918827,-0.032867927264524144,0.006429697969592363,-0.018086107788520378,-0.0154925270419205,-0.004475762330640953,-0.02023392439586913,-0.008306351735482664,-0.0397611640915736,0.00987158090754181,-0.013369196473065448,0.00718654157318066,-0.01785697308823231,-0.011827015429752064,-0.00022083850813203743,-0.019297520629580123,0.004866042089289646,-0.03721054414957681,0.0033412814656150758,-0.007368306835794369,-0.015280479256375101,-0.004793926122428238,0.010342245031965014,-0.009963530474231708,0.005805142331660074,-0.019091515759304678
2023-06-09,-0.01690316426146754,0.004006840448914417,-0.006944494368879894,-0.022436055857025572,-0.012025580189512719,-0.017381487597061485,0.009055810356881633,-0.02403606748163445,-0.019704377567365094,-0.010931268002371541,0.0007460437708957102,0.002825262694981623,-0.039377976345239096,0.0013213338421169674,-0.018934304801493607,-0.0022047053103183556,-0.00400310514107749,-0.015918567994661292,0.004372423596304298,0.004294347137800969,-0.013796380739513947,-0.008785093612865724,-0.0001528393970794406,-0.010625464885232305,-0.010236377903447669,-0.011359024996514533,0.002231142930234853,-0.006375806957678143
2023-06-12,0.0012204127733486114,-0.008843480586724572,0.0019979745353386758,0.019813029283330064,0.013693358031070524,0.006512379702676929,0.0020597617764812615,0.009922122068180883,0.00115956677410467,0.0007177422886104345,0.0028578325865122878,0.008733361978776832,-0.005017485288050461,-0.0018474871881243304,-0.004984512250152728,-0.011047945767555523,0.003464884406658042,0.0003370435692378049,-0.009596072369256414,0.012542704884515476,0.013989383601998195,0.020130486310536932,0.00030584517880116735,0.002291261429145708,0.017237159938317426,0.018443833533975607,-0.0036295832310556664,-0.012158041582394863
2023-06-13,0.021224031805956223,0.04712881515297718,0.012961182940313565,0.015144117055851725,0.019137025988512857,0.027979321676930402,0.01967409581156354,0.012280716765110222,0.025868735853005642,0.01506012015080005,0.02143483886435127,0.013629050751421401,0.006755427969873828,0.05288211963531575,0.023763571226056213,0.007021935593364059,0.031076453609170995,0.01897810385887322,0.009807130674821307,0.020833258697758428,0.009514700635649964,0.03966879900735143,0.008560149492946811,0.009500539124314145,0.009309455322168425,0.05987135901697793,0.008791156134132505,0.015042711237741369
2023-06-14,0.014007385059305877,-0.008957829546746843,0.0,-0.006894557887835884,0.002577258872145327,-0.010376808583844377,-0.023758097674423273,-0.011611879931375246,-0.006209964673796309,-0.011728068694420002,0.003919064675045325,-0.009147600682520074,-0.01200260986003232,0.006027150270092152,-0.017565832584646168,0.007924003934627999,0.0028130208793177847,-0.004518431178875404,-0.0035102620225632153,-0.035024723690939674,-0.00801127987031669,-0.024162721871644033,0.004972669649683237,-0.004387194167762565,-0.005420902311772391,-0.02250228881720484,-0.0014924995535777752,-0.015493422811029722
2023-06-15,0.006647296879301656,0.01992045608878734,0.011810957214858364,0.011849999166537284,0.0005509458373953446,0.0038676919392623965,0.03362827895269915,0.011397548986600281,0.012686958195307518,-0.0032884722058835747,0.01256554785984143,0.013402989360256745,0.013009367426009666,0.0004993014290308739,0.015325678592641667,0.0003144362490985486,0.005690507358717456,0.01594147610274188,0.008548398682525438,0.00828798388358809,0.014251803435848531,0.003584692305474091,0.009896483175447557,0.004051223228531464,0.014724434784739282,0.012130938589316465,0.00747379992757935,-0.002052661283110213
2023-06-16,0.00828870604730425,-0.011866109574690142,0.006809388004800354,0.011947591804994051,0.07230673211187755,-0.02397263985438658,0.016980561706605002,-0.0078016599573975665,-0.0059835113436685905,-0.004303540270238271,-0.003975829416040022,0.001926354511575079,0.008215267067913423,-0.004740564766393063,0.010691693219032627,0.0053442290486720445,-0.003054909059282518,0.005121520036287297,-0.006776148754876865,0.015306172079808222,0.026463746521574683,0.0015213767649666643,-0.0018090310616943883,0.012812261315212847,-0.006333463403976336,-0.03237063788221328,-0.007801236698271485,0.010627341455327732
2023-06-20,-0.013200667816453349,0.01774997477875706,-0.015459008228555726,-0.0178268130637802,-0.041588165019685874,-0.04543856700973836,0.006734955506863649,-0.012056566554488501,-0.023325869306641267,-0.01022920709216446,-0.029152071453946604,-0.007910245604875743,-0.013955202385405596,-0.01228371704930964,-0.014187824288189765,-0.014383944099653045,-0.017613067541201288,-0.030247179673800195,0.008510368586438721,-0.029313212815193168,-0.016655348641650525,-0.012482668753537984,-0.005588422853973207,-0.007268668655066923,0.0019363508443153155,-0.015117454454826706,0.006608319509654459,-0.0301899520030543
2023-06-21,-0.0005528546804548506,-0.007923567836345291,-0.003925363319062569,0.01041414740904556,-0.009107139266780417,-0.002756906185111818,0.01616731042331554,0.035903794517055276,-0.0007703645320910057,-0.004075704078271958,-0.01059055273389975,0.0009412417813445817,0.03400460241561909,0.00939078404484861,-0.013255921681116778,-0.012690360224003827,0.005343383312486072,-0.00011172023152705712,0.004044934063681449,0.020995068497283054,-0.012064887744519859,0.015917476915944473,-0.0001517568057747276,0.0021121417783573904,-0.004388606396998784,0.0111902307121452,0.009057051503322366,-0.014690412515806384
2023-06-22,-0.0039083557661686585,-0.019012092510410583,-0.007881761517209873,-0.011072460079834867,0.015498170467409755,-0.01280869160860676,-0.0230421185799059,-0.011610128174430301,-0.009444844989185297,-0.008477063860705347,-0.012467003874960358,-0.004978668550040477,-0.008726816981820207,-0.0012572107649179154,-0.0015513679360376065,-0.01221086153610429,0.005368926977770583,-0.013081484059130455,0.01692480430114629,-0.011549234334371938,-0.010098628496890472,0.00941417375089193,-0.006456118552653822,-0.011029927055568711,-0.004044036245950178,0.003035897004886934,0.013677130126404702,-0.019524336526693054
2023-06-23,-0.006076043531036857,-0.025752212263274288,-0.01986089438596561,-0.00035732611557182103,-0.009582836560811825,0.021749278106476533,-0.009406167579323443,-0.011400900168823114,-0.0005838083127139848,-0.0008843880637590118,0.0016578025720288547,-0.009562489706719357,-0.020202047256223765,-0.033988000716600464,-0.025249277820587834,-0.004554287230067122,-0.005501222292371044,0.0006798146595616839,0.007194518422321217,-0.025078481519548612,-0.013523114713416606,0.0030000880074039227,-0.015212791110410517,-0.013355165498816546,0.003085952208319309,0.0025386461593690512,0.004591143884478566,-0.014120245477972748
2023-06-26,0.00045414794428544347,0.022890406116738315,0.009118563651354439,0.00798334974681203,0.00394187271487878,0.014799925509598966,-0.0076532019256803085,0.013629194283437451,0.011487609513703312,0.00029517062441941633,0.027243763180936797,0.012629807020036354,0.008133908687593783,0.02345598599892651,0.02058979288736773,0.024183006996595813,0.0003237972139351619,0.009962600128511356,0.0009042327227184455,0.004092338098409698,0.028138438164828194,0.010273679655674384,0.01630177052457693,0.015767971663194436,0.018903801979917922,0.010128570368783008,0.001585757276258315,0.04333459011593854
2023-06-27,0.01752853553842093,0.008214234401949572,0.0110440727593073,0.007151665217191239,0.026414437481057762,0.018545217512933476,0.0007141784845283716,-0.011722008958044317,0.011934507377755033,0.020648915599294604,0.01264101546072216,0.0028271112722000336,-0.013978768535173103,0.029029681856067135,-0.002342852579781063,0.010529699249578472,0.013595578032031375,0.012106321773742046,0.021026182186852704,0.011353942582218446,-0.006783624090866747,0.03475582031497093,0.005652333362266226,0.0237452350265257,0.019784725419593308,0.029020412448595767,0.026307102197870913,0.01020771136074794
2023-06-28,-0.0003090423750754523,-0.044347643794620306,-0.025819201600447816,-0.028931911055787407,-0.01495387515146318,0.007424441667742254,-0.02597406882389164,-0.006802810399324177,0.0074186305353911575,0.0067918883863262725,0.009423616505706889,0.0009397137487350271,-0.011037140880982399,-0.029448127887642617,0.00091330544666679,-0.009472675317915402,-0.0020759018100160453,0.005980669190640997,0.0037382867433006783,-0.023316078279544294,-0.030145980830796337,0.0021770312235009914,-0.0171655462355067,-0.007823757304272982,-0.0026102278319923844,0.0022487017250965025,0.0019962328593605694,-0.01637640423074893
2023-06-29,0.011774131484666661,0.00912447422135143,0.009174234997933572,0.015229463524633724,0.018711303726231643,0.0012282537364463053,0.030329760164673925,0.013347438594768501,0.005287025373935217,0.017080519384017778,0.005213384194146187,0.015462748325004494,0.011319643584652317,0.0033146263179331115,0.014207434168136857,0.009882011356869391,0.011254173627490482,-0.001871595413944549,0.008925006278230896,0.02505145418446686,0.01869835612105475,0.01693546606018259,0.019010973627029637,0.014445246916354071,0.020584381307399147,0.02435584341618724,0.018020475107449085,0.01594057521273129
2023-06-30,0.022286733406738923,0.01876879016759969,0.00808079589108246,0.02267990412209575,0.008664025211265303,0.014721437197189546,-0.012798724018054375,-0.006932493444133603,0.00037563227939263477,0.008185272054920922,0.009769591011709933,0.015281716264047951,-0.0018176708220435378,0.016518477030435408,0.022876166015009414,0.004103526250103906,0.004984285048262649,0.012905362060407377,0.008431030622472635,0.006325502909245717,0.01692488729284669,0.003979581341537086,0.002275125463452099,0.020155505707234678,0.016188844392102553,-0.0019240747618343157,0.0026685297658091134,0.013598232217649553
2023-07-03,-0.00821294161184205,0.02765703187952928,0.010020098679088152,0.00977867762268847,0.005325576014277855,0.009671729351011793,0.014549227712326251,0.012216420676200768,0.0097634339048287,0.0018196140679869188,0.024366927822845996,-0.000589239098048977,0.016772081550755047,0.018999895434404612,0.0017591372783325454,0.006915977733570555,-0.007662393984529503,0.008493957115043083,-0.011847749420335174,0.02114289170593353,0.0089076618831605,0.00994027928971919,0.003404882873718318,0.005192194941147088,-0.005234922063253378,0.016983312368676895,-0.009315098765366625,0.008255969862810186
2023-07-05,-0.030632565456942484,-0.0010467973746383086,-0.03174607955012443,-0.02795708119329765,-0.031783989983002914,-0.020355733025688716,-0.004401494753132895,-0.024999942066772807,-0.017478613281875832,-0.024870646910224004,-0.03451488544162962,-0.015114210893949487,-0.033462150405524804,-0.038763440632030965,-0.014298299390565261,-0.02185438494031855,-0.028876682129332143,-0.027318860391796207,-0.01494898208794504,-0.014829295597400094,-0.02067836820081792,-0.031157551219626156,-0.01945558498742439,-0.01938695091146936,-0.020255208124784874,-0.049918744544226956,-0.012133929298393853,-0.031047431305650797
2023-07-06,-0.0004514536065691743,-0.006331360130517716,0.007172183062944093,0.00616732932483699,-0.007059720534303926,-0.020778766054479925,-0.012977882483479974,0.0012377422635845292,-0.0013246654017202708,-0.0031524809989034175,-0.006763342927440408,-0.0034282614736796946,0.007996911048795852,-0.032414476556789085,-0.0071255875001512425,-0.0009576476074579787,-0.007379285929997037,-0.009547090293204663,-0.01920330268518944,-0.009372324029493728,-0.014472157068172065,-0.0020566579107973437,0.0009229295962454032,-0.006498847741838509,-0.005448621964787681,-0.011686507043849992,-0.011965718197920916,0.0017606335360327297
2023-07-07,-0.0034741233635869895,0.04372282157665164,0.011190129390758807,0.011669717341978192,0.021329607023742092,0.04261774088537407,0.03814491200561365,0.012009916012586164,0.006253431378697716,0.012074207241888901,0.03307382324374375,0.0014742014742015197,0.00861067290558104,0.01925609552418739,0.007176725888433877,0.01597452694823298,-5.484930175403413e-05,0.014346533801731454,-0.0013612686187191025,0.05361234494144784,0.016851190735012622,0.011428912833477467,0.018056111596642,0.010603799071463582,-0.007576657218451244,0.01095955766260448,-0.002798274736915962,0.01933211332520912
2023-07-10,0.011086356496613936,0.009851808678695395,-0.02313876242934987,0.009437862830942834,-0.02488691822700617,-0.0004276339867572698,-0.024356376960370074,-0.056020952583921924,0.003201587686548546,-0.0012781610935946874,-0.010946231903096848,0.0015813311368495508,-0.11146288847347863,0.00879916324277441,0.00038179698319873445,-0.018239028764381437,0.008339910414633778,0.006961300358895306,0.008564930084325573,-0.02530617281411629,0.008759477115027448,0.01364629007281537,-0.004301987645123906,0.0076992304863119365,0.005911801140629391,0.00047543035986885585,0.00924644868264668,-0.007931029597844197
2023-07-11,-0.004723857729773684,-0.0032102340804741614,0.01647793359550187,0.021123063041300405,0.0028556537891679667,0.015484609155322016,0.03880173423482347,0.007949789725591128,0.00281580246252755,0.014505021959329456,0.008687407174844175,0.005280635217041585,0.012954910354217475,0.01872761566625991,0.02314934582354633,0.015374779039714292,-0.0019317781007156531,0.007352162020684672,0.01234393865734984,0.020938024532512145,0.01642812429539986,0.025462838892376327,0.004396250566540694,0.01818787474322714,0.017319940478942586,0.015112655379392326,0.019235077091695807,0.027111589938473513
2023-07-12,0.01940071034661739,0.0181940238328806,0.0020263144056538174,0.005595435773425139,0.009610190979652433,0.026284765969223134,-0.008239446308192178,-0.008987573763609924,0.01291660012971585,0.01808245485379545,0.04235480426641325,0.011480534351335336,0.017478320569218164,0.02543439595814556,0.014793498373372183,0.0034700190784562324,0.0211537165436142,0.014161222088127978,-0.00932306445074993,-0.018867908612251627,0.04386969142291153,0.007900710146265366,0.007018515942467163,0.007171853801190009,0.007001315209540948,0.0014980295940918431,-0.014891961548419208,0.0057529146566397404
2023-07-13,0.015972888077202096,-0.00727086213558914,0.009100024922487293,0.01017315281593767,-0.006522041890959285,0.0071417071758133055,0.02395447531399375,0.010734780501187702,0.0018480358746679748,0.007848013081223959,0.00033963225872613023,-0.002409235198895021,0.007436922686125058,0.03721960253736678,-0.006982748453262633,0.0006287364548311913,0.006780654890476301,-0.004189044635024786,0.019989684908333194,0.008361290278205313,0.0057509892517781935,-0.0024165056175768918,0.004646244891448381,-0.001054938572123465,0.011739563997319458,0.008694879124118815,0.013982232237470749,0.004710663811987592
2023-07-14,-0.0010704867344820679,-0.026482318130740867,-0.005010000277690052,-0.007288700878325671,-0.001419500662226847,-0.02322931137882578,-0.002839745304546226,-0.006592167425554241,-0.02379641722887771,-0.008060111216189991,-0.016519549989558402,0.011431347211612986,-0.009877291219169804,-0.023764208372472395,-0.011843105823871714,-0.01350930916632509,0.0038180835165457783,-0.018444556384934585,0.007552813466333186,-0.012161468525088592,-0.010776312453988912,-0.01471106282702328,0.0011189525420032265,-0.01168236629001873,0.002778899838849158,-0.014181089918399836,0.006223108305870584,-0.004353642022571602
2023-07-17,0.0021766916935332947,0.01015852434437936,-0.005035226765181866,-0.009191871520791817,-0.005508136706668165,0.01001337645865652,0.002576635170510988,0.006267258532731912,-0.009259158521125022,-0.0004131447508972652,-0.004717019963692004,-0.004722497003289194,0.0018902018893536265,-0.015092590995483102,-0.007740167831130629,-0.013057301296670154,0.009324257811096137,-0.0012088508953939092,0.0012238605567140848,0.0005595309175896457,-0.008003638332131136,0.0039575274555136986,-0.0016392421944244617,0.009750156483993022,0.0029583180222869654,0.005453246898168951,-0.00462730388761412,-0.010763562915118485
2023-07-18,-0.003408233307860331,-0.0026508748577480645,0.007084972189296046,0.003167822886040561,0.0037519560676408936,0.02139790297209454,0.03273366011573042,0.00934233695808162,0.010490072854472121,0.027142537808179545,0.017107874088592823,0.00554454625625489,0.0016769100630071865,-0.0012357622046663685,0.035606306779667474,0.011939367463676742,0.005652876308436916,-0.0011002776070456743,0.008447615062498581,0.049496617518167474,0.008068213394124113,0.022994712731174705,0.010597767544022973,0.0011243437592145522,-0.0005227313750193474,0.01664472246108817,0.0008492172081360216,0.011900726902782655
2023-07-19,0.001106325002395936,-0.019027091432768817,0.003015083191100665,0.00045104269130358254,0.014595970350180343,-0.00914021518625241,0.02527837635067498,0.01978218500092166,-0.003019953576253398,0.008182311755987826,0.004091289182590829,-0.007051542149994816,0.0006277986885965259,0.006434027991367497,0.021382657684172468,0.006377459873137203,-0.024878340957987355,0.00506673116822931,-0.016731897635680282,0.013322642203652313,0.004446398427659037,-0.024287730425126774,0.0033970072310194332,-0.007333052503707416,0.0011954558249354097,-0.03145689265382934,-0.011433665125788695,0.01545697970754567
2023-07-20,0.00920998011581542,-0.04046964041576884,-0.0030060197913556186,-0.0021417904479996697,0.0075438701756964655,-0.004571372908927507,0.009453225269283161,0.007652612467604181,0.004354416570615305,0.003459312083761379,-0.008715291242584855,0.0024562386700150984,0.00010454039145857408,0.029997507145413937,-0.007612689305338538,0.0015843856507986587,0.01838760532700001,-0.0010959367345222404,0.008387224356414924,0.016040000227126594,-0.06042500673351525,-0.0065820653581126765,0.0008096644912829465,-0.003593648579083175,-0.006268449020110922,-0.029724679049431102,0.0013102018908297541,0.004301842829800284
2023-07-21,0.0046458760364105345,-0.03191255000641657,0.007035226919087867,0.007512443380705669,0.002786039997141554,-0.005576566899022528,0.00025317376624367505,-0.0047685762969155165,0.0,-0.0038451382912709775,-0.003996325157000102,0.007616857810287758,-0.005018713779160078,-0.030556174511672585,0.0068320019166270285,0.007592512247563077,0.0077044281165388195,0.006801936099571915,-0.0003929505250624965,-0.002070248537603181,0.017903364218141204,-0.01319113958389806,0.01007510927784283,-0.002471254444852189,0.009011414765644599,-0.018302769781090134,0.003023069263780487,0.0003294640883504396
2023-07-24,-0.0021139667979619414,-0.0240288574916393,0.008981961019790319,-0.004260766354749923,0.0062510905644779236,0.006102603817941699,0.019104223763001915,0.006211153880856912,-0.009425104715387489,0.004791650367228284,-0.008368712687839786,0.0013743923897981958,0.002627152499411034,0.036690426688185784,0.011547666035807369,0.016326494431581073,0.00039008344622915025,-0.010460917174698103,0.0013540357486834242,0.025155525750488295,0.0004628805893303056,0.017212872903714205,0.009610375919159253,-0.023301080434129373,-0.002642091862343321,0.016749770079705684,0.001349544684587034,0.013175244358222038
2023-07-25,0.01241310641386617,0.008111929258948436,0.006923888179428683,-0.01660940599832572,0.021742833825601826,0.01639344158581002,0.006579755546209487,-0.008289228100978319,0.01769744036481713,0.017353410936971736,0.024161876914480906,0.007496237539559081,0.0036683272665396505,0.0377672209242228,0.024126121133831502,0.048192787138640725,0.016506774059059204,0.03226518101967413,-0.0005452891120735215,0.006577285839969527,0.008790301978542914,0.03738378295499922,0.10081483688449122,0.007815169999142446,0.029624617365276995,0.030790368951206792,-0.0015723583165587751,0.04226272246845575
2023-07-26,-0.009285580267684779,-0.011717097540582921,-0.002946962372961215,0.03412339235905759,0.004222267119321055,0.008870932954915922,0.007030038005394479,-0.007825004652496914,0.004113705244414012,-0.002213627047176203,-0.0064342136834610875,-0.009903030149007064,-0.004908107039985454,-0.006408705944256021,0.0005745948967121883,-0.004715616127305422,-0.007237099743843012,0.013334777044392565,0.0002836836597142067,0.016838349000418473,-0.003668900600036884,-0.022963864276063783,-0.013756872114011665,-0.005645820048655326,0.017901119161538137,-0.012937592179850688,0.005444335351867613,0.006861971058664151
2023-07-27,-0.0003960028090397305,-0.019379079097060048,0.0029556726289856616,0.01583438394936998,-0.02404975593173453,0.00607520265123096,-0.002081999776878063,-0.0035848469062980115,0.023091234932107296,0.015398672838119243,-0.0046579827931920725,-0.027148644980220182,-0.0008395517141112085,-0.0027643164770908557,-0.03342125179547317,0.048267749230505475,-0.00922183585285663,0.02031790554022006,-0.029385393245968894,-0.012852205733647537,-0.03084008013468187,-0.0028418354911797783,0.012487436978943611,-0.009440433675257265,-0.013670185360868725,-0.012239860822006898,-0.02313619268174627,0.006505739790098941
2023-07-28,0.0017827696143171146,0.010196637578058887,0.0039293152292589895,0.006104207561340447,0.01240738613092307,0.00663147167329603,-0.0030681800877949694,0.009893883088681443,0.009464879462070641,-0.0019366822428287245,-0.013697019993071824,-0.0013599614588525322,0.011868438524978764,0.007853999780931264,0.013426731582173224,0.009604626224421153,0.010607563740245407,0.01496081959462292,0.008563293632702251,0.007010652786062055,0.007361602946194257,0.003028078236993581,0.0025586062923590447,0.0042128138611226,0.011044501421847208,0.012879347442596112,0.008704081103438233,0.015697069620686843
2023-07-31,0.006261688344026739,0.020331611378201497,0.003913840320949102,-0.0031960959630710217,-0.001021299263512021,-0.004762278412503207,0.010464107224226193,0.0051655903566525385,0.018211376716689376,0.004268948729959421,-0.009605383155012137,-0.002396718136549514,-0.0011417114690319696,0.023378385508134647,-0.007972869083952228,0.00895349038778237,0.005042362736910055,0.004981236963921498,-0.005058776153078481,0.013426005821511877,0.011786881206631294,0.01864552871702818,0.003468235183839985,-0.01038460699043875,-0.012923040893177862,0.02668332270116558,0.0014078394287990736,0.00878791156560621
2023-08-01,-0.009563323378095623,-0.02020908833198909,-0.024366470897648318,0.006901738329869733,-0.010393606130655542,-0.0001595205715121395,-0.009746687158203815,-0.008683301716612357,-0.01221896111988574,-0.00760005989883572,0.001986421951212236,0.011084361058329995,-0.022861943710798083,-0.020156775012073802,-0.0034274657944441955,-0.0033279133133169436,-0.005196231725708489,-0.011126840900268609,0.015275780257978822,-0.013002921293656544,-0.028191951826837203,0.0052879341819858094,-0.0016303648400050053,0.011466411726668957,0.013381601426134981,0.003940724544306384,0.015737019172014755,-0.015620275832859187
2023-08-02,-0.010217891349642905,-0.024520495928095576,-0.015983991941968978,-0.0007016385768995326,-0.017217594582406126,-0.014836065849773927,-0.00775095310649665,-0.0007149644916987219,-0.01936174805249924,-0.008567010673553144,-0.012711316348630541,-0.001404081675959068,-0.012868262534662223,-0.026971432593567823,-0.023481967031239837,0.018085768784826817,-0.01250516540722535,-0.014729964405216345,-0.006044827721531809,0.012428600676783974,-0.025173765526061986,-0.01971093399465751,0.01005880801869341,-0.02597041765520569,-0.008993667617763879,-0.015327019790294272,-0.003973712144825781,-0.007018550597867157
2023-08-03,-0.05846587839431794,-0.017447837064731853,-0.008121814996441823,5.410599239241698e-05,0.03486336045301308,0.0072868838018047555,0.007191644036409706,-0.0037568159138906543,0.003656349018362315,0.00981926614972961,-0.015237418023016258,-0.01849545793893237,-0.019715494202915296,0.011275540262498884,-0.026475548156502104,0.0008198201432487728,-0.007895146247670737,0.0011420016666963129,0.006525551654608774,0.001718621035966983,-0.0054107249059741624,0.012913456238088816,0.0037506290815110255,-0.010510078782939414,-0.016025519658339538,0.000759288368704647,0.013941126250331726,0.06176992442677509
2023-08-04,0.00926119644219181,0.0037120379252066904,0.008188319008561207,-0.0007561131892634965,-0.021161369748267655,-0.0036975040428726125,0.00012295311757770655,0.005925711907726283,-0.0071038491513250035,-0.001296411971091982,0.012714271413987177,0.005730290935083593,0.005495020529814099,-0.012543625369036748,0.0042415057802600575,-0.00983063969080089,-0.007695331377429504,-0.007466563184815311,0.005226160428258186,0.010784267303524775,0.010633027099919534,-0.02340197205018224,-0.008568484755508088,0.002067367972060863,0.0012076804166161192,-0.01564877810651022,-0.0008399739839697329,-0.019102748631708022
2023-08-07,0.010090249789444616,-0.016692480412823785,0.006091386102015983,0.010052986270544295,-0.012625448140038187,0.006292897818047649,-0.009231828155439548,-0.025883620704428734,0.0185286923486927,0.013631090804819834,0.005803686332498836,0.010847441493366139,-0.0048091948565736065,-0.005175179249980122,-0.0019876464745349764,-0.0033094495962380233,0.018924370638676358,0.027583296626467968,0.01401778077842053,0.0111542099540749,-0.009542390080829133,0.008941293675694295,-0.005458429280383537,0.019136278322592792,0.002778214192783679,0.006455333734310509,0.012035377978315331,0.015638894784801183
2023-08-08,-0.013087192195850195,-0.005590934033385508,-0.020181652960116758,-0.012307355082571636,-0.014363179749589228,0.004810386017924495,-0.015281421614161905,-0.007146807971626368,-0.009185899546842458,-0.006275717113276236,-0.008949526498663762,0.0037939917704785664,-0.026688660588904733,0.009458480824916737,-0.19367687461708294,-0.00802436572280707,-0.008286317380379993,0.0007117500067688187,-0.010708687765973557,0.0014388638228206574,-0.015810255014132912,0.0038402482144841432,-0.003920262139548214,0.0004886432911501704,-0.005504603559698729,-0.004882269141764595,-0.008219684926031978,0.010749530544793329
2023-08-09,0.006559800127122095,-0.007308867185549572,-0.0010298015138515693,-0.0052011275793151235,-0.018304644436029305,0.007340601791919532,0.04415851480364075,-0.014950200374361011,0.00963467974919463,-0.015594770776753863,0.0024952338722639134,-0.010312661601495687,-0.01884457072744561,-0.006090397570659767,-0.015436887490642093,-0.003905126738059206,-0.0058149553349839955,0.009347627598550456,-0.012574105188944973,0.015565141175410302,0.001757024139295682,-0.003119279569780753,-0.0017054796937479022,-0.02270812846546677,-0.004765119585331434,0.005964507273516162,-0.015253013877329136,-0.008546978078107448
2023-08-10,0.003188524085169897,-0.013129487626323155,0.002061827152596729,0.005827356385646132,0.02914552169500184,0.005544519085513899,-0.03383278678113766,-0.021735065075607407,0.007922181678525986,-0.0031421410732793698,0.01528979282016385,0.009274443406116717,0.009200792488494036,-0.0011783864392581611,-0.008152973038909495,-0.0044805616492297196,0.007271579125557537,0.013690432031631117,0.01601184765931296,-0.020749825448916126,-0.001753942420124499,-0.018420131743323576,0.004270830510798573,7.170753006047192e-05,0.0049720859999147216,-0.023716277388939444,0.004163272483324265,-0.0058445238670961075
2023-08-11,0.008661997012650469,-0.021808223492104983,-0.003086528275292988,0.001461917287942649,0.009850454943160392,-0.0074832093336666405,-0.0008754020411333441,0.0038307308581690958,-0.009467663449395314,0.0023640842884573576,-0.014942860512751288,-0.0034594597644178604,0.014928751514505567,-0.022652272439299903,0.015965784945403128,-0.0036568134664447527,-0.0013077482012336938,-0.015292849754923843,-0.007258526459465231,0.003852645524114129,0.008785022986315782,0.0015639090466776917,-0.005364979259038116,-0.02015057061684511,0.00315182212820897,0.0020570204037990703,-0.0017386257528331228,-0.005291051337348418
2023-08-14,0.006717691833658446,-0.010400629755248358,-0.004127910449224337,-0.003946889050236546,-0.013063882364682478,-0.013492081621961582,-0.01798977709538052,-0.007822949737179785,-0.0012623847487648332,0.004848034241276444,-0.0024887283648852287,-0.0010848080992788,0.008309031607289352,-0.005070017901524171,0.01089170225012892,-0.0073518723755074955,0.000916678759275813,0.0011091360491251034,0.008365561877830663,-0.025905483006744223,-0.0181637248736205,0.03314906122476069,-0.007762195258753435,0.021882263681675784,0.01063138870842062,0.05229716251937999,0.005403731259193689,-0.011524772027581065
2023-08-15,-0.019227470110336764,-0.00808452453009445,-0.017616591773301882,-0.0212234173753042,-0.020296526981293916,-0.04102976083149523,-0.011657599742874059,-0.025961524401834635,-0.03340558974670882,-0.018776936896869434,-0.025424707681099612,-0.01248917451798004,-0.025835214739846846,-0.03300166785400771,-0.0060027756898143325,-0.011527315812765004,-0.007300434485188467,-0.02931390144682755,-0.0063799229198482355,-0.03447427497417732,-0.0250886577646523,-0.016217134826170487,-0.02075028687802194,-0.005443015772093163,-0.004952423928374805,-0.031955435524546716,-0.004397453351698055,-0.020029941861200218
2023-08-16,0.00273549702141751,-0.013638330182415448,-0.007384019746638493,-0.011257833312553478,-0.018014734413039135,-0.023489911710158684,-0.00531439045816906,-0.012635784013243723,-0.00392306412988308,-0.006511632457014471,-0.009021150551306256,0.0024194701388247086,-0.003772210418340416,-0.02107906002724458,-0.01920108197416104,-0.007871790312448113,-0.004164780729495998,-0.0028020053824512337,-0.009423300327012551,-0.0010202240185359646,-0.004678917046086362,-0.0045495067443749315,-0.0027081660605488,-0.00885711285110713,-0.007956188397730157,0.015833483935928205,-0.005408816173519515,-0.011592353325845739
2023-08-17,-0.004966468877591224,0.006335015788540899,0.0170032676137013,-0.0054966523371927645,0.01632731298489598,0.013144314465471929,0.014464415645041973,0.008398408224745468,0.010127589468870157,0.0009363595522213775,0.023250066544669767,-0.007185995874929074,0.019162250932540648,0.015636998405588187,-0.008209670029824423,0.005877135792427879,-0.003811495473600157,0.008845962654654427,-0.04411311384123984,0.003063699370967621,0.009663003183350893,-0.003264512557454524,-0.00414089721930444,0.00312408183648194,-0.01627731586955783,-0.0039674543410901375,-0.0412134807864214,0.0018517887788294107
2023-08-18,0.0011248578042224455,0.0038866512861677194,0.0,-0.0009024116208538047,-0.014982027324459857,-0.001950337023131965,0.015414309239021762,0.006543628709513305,0.0029706113816374558,0.0076171872798413975,0.005410006351787677,-0.009061227397390348,0.0020266149207763817,-0.019686957214418266,0.013849115609730678,0.008180028691660013,-0.003347788133256424,0.0046419598527873696,-0.0021059640021875436,0.005599315818018091,-0.01189853455108203,0.0024415443478948973,0.0019086518646898032,0.010574291948290071,0.00790951232148851,-0.0018968900742760697,-0.007171986477697678,-0.010782450852286907
2023-08-21,0.001369230907773078,0.025519402673545688,-0.012539217030577476,0.0029354433524495516,-0.028037373305681013,0.0026338548525493,0.0010119951445961561,-0.010835247542999027,0.002776781242305404,-0.007957451508310509,-0.002989355483871914,0.006244708997878545,-0.009550590874405462,-0.0028321898892595954,0.01381691526979445,-0.013039628449087126,0.00637155197351813,0.0053394383670295475,0.003200478434991494,0.0007593092979083504,0.0013088685115014709,-0.004039474543575117,-0.011838290196324985,-0.006665158702262586,0.0008514445515417357,-0.013112824576610449,0.0036355044232607714,-0.018374331294661483
2023-08-22,-0.0004908189232473159,0.00047849223086160464,-0.0148147150259067,-0.005909914148395923,-0.009992487575954723,-0.004745382211724047,-0.03007712089735326,-0.016530521621907268,-0.007014917581587232,-0.012165856439941614,-0.015591293635968007,0.00044327639771757354,0.004197360171341646,0.004131195470499227,0.03747872255784945,-0.008514453562442736,0.00026491245156057275,-0.0006128815511614594,0.008715814296967883,-0.01719778964834373,0.009150306842121259,0.004533028628034952,-0.0011705151024307137,-0.0017316321955680447,0.0001109782614967525,0.009532000307894473,0.009455734736203425,0.004124326683952573
2023-08-23,0.0023853805925955207,0.019239016772635065,0.006444593994470171,0.030291128350847796,-0.0024756764731624914,0.000510848689127652,-0.0306188733730014,-0.006075330458175654,-0.00725044282210241,0.008526149275794204,-0.00024362283357137748,-0.0029354474449068135,-0.0038409167233619534,0.009513949561028356,0.0032839679176583925,0.0032573114460279218,0.0020128339516105598,-0.011139482203289308,0.013590898523709649,-0.016726719059489303,0.01528488343362766,-0.008371974454464026,0.0022747385295673883,-0.003685962838223533,0.006064781037378841,-0.018693307902076794,0.01155744261681102,0.013270115982841224
2023-08-24,0.003079610699660007,-0.005422919511595015,0.0032017158312331873,-0.0024180383598267907,0.007254642986918025,0.0006807402629060988,-0.011290328897342716,0.01161370049231003,0.0026216941671706184,-0.0036231134676611987,-0.0025590896161905574,-0.006388239738764678,0.0007937845375776131,-0.02190519265053681,-0.02707915795925131,-0.0041322092207343175,-0.0010837046137810447,0.005374122140110904,-0.010830997721757551,0.00863657207813806,-0.0033170523548747832,-0.011915377046280318,-0.005639607009178649,-0.0043526335129306926,-0.01036567116017395,-0.01788324229938243,-0.009582622834347299,-0.01278447895039958
2023-08-25,0.005826255939754832,-0.00524280157988366,0.0021276303159243337,0.01558970674326221,-0.002653463082149865,0.0052726376229697,0.0002719590233115632,0.005840810401325003,0.008218190394563951,0.005252427694821593,0.0009773246429201077,0.009000950602806368,-0.003399361215841168,-0.0018229178355394504,0.009940307132058068,0.005631267804887097,0.009657628841725607,0.004998487258595308,-0.0005028688369697054,0.011676100423788638,-0.01920125796568417,0.002302773973992256,0.010098164777172292,0.008160286293843244,-0.017085830311661998,0.007026246946974624,-0.0006977253300752828,0.0034744390660617075
2023-08-28,0.005411027812309843,-0.0005269786816917144,0.01167738203093438,0.009221073300079041,-0.002660595709950031,0.028170176437847916,0.02378363991702348,0.01982380853222776,0.011485692659187086,0.011388038188540728,0.019528927145014974,0.0024933342132602565,0.00750428047634677,0.016436222402821832,0.005602733904667367,0.015325702399037189,0.0012578528271949274,0.008600087557361968,0.004231125140791825,-0.018209821049751995,0.019055079337482628,0.009310716919354034,0.012188476864483988,0.003324386288034331,0.006537416331785728,0.003537712955294925,0.001303329982482726,0.016997132682033067
2023-08-29,0.013109880779722971,0.04276519527859568,0.0188876674502918,0.0078470276629663,0.026105128148426582,0.010860662868168003,0.015000621425087957,0.007461252270402063,0.011721688868943536,0.01616104732525514,0.011612506503949627,0.011717299223693578,0.000902842599793896,0.03157081970877984,0.038096750704876836,0.006676306525956965,0.012510796846456618,0.014896269455582756,0.015258841640054088,0.01671895242726107,0.012295041101463289,0.028633030527132952,0.008388512821889682,0.015342582936187288,0.01539272097308464,0.04357616315774693,0.01617780063739671,0.013927459586054569
2023-08-30,0.006333738752665186,0.00424778283402194,0.0041194077597475065,0.0015463705180571719,0.010399298435559645,0.019860022253000764,0.004054329702808834,-0.0009745182305485045,0.003850332777546095,0.0036501279169161016,0.008165795958926969,0.004479627355107985,-0.0032698632103428382,0.0,0.012474495115229356,0.0037486497585188516,0.0006203749258968383,0.001315839415001685,0.0005383208482914181,-0.002312360592318652,0.006072903805057983,-0.008502245565740973,0.002280932316913953,0.007661665182522537,-0.0012571554719965627,-0.0014074924792598642,-0.0016011389981011037,-0.008241596052052658
2023-08-31,-0.00010153603844442749,0.0006043476115411561,-0.0010255767450497721,0.003035035893260929,0.004427225377306554,0.008459621313092747,0.00390781453037814,-0.011546057059945491,-0.00347032989076157,-0.0012988689352502192,-0.0021129259061716255,-0.0003263097299567308,-0.024547398659908626,-0.006966911743683468,0.009312217791910271,0.0031598831033359254,-0.00012909191415699794,-0.0015163772573423273,0.0025152513109620855,0.0005149054450879209,-0.008551373348092417,0.010807056518090885,-0.002007811881443944,-0.0019712745416015087,0.005923405866651743,0.0015974257428175154,4.575013155783125e-05,0.006771241254582616
2023-09-01,0.008561999118188668,0.007800297082878327,0.004106719613180543,0.0033974467890447446,0.008815422890679603,0.02010122562789496,0.02776696913725485,0.011878889501862666,0.013379793884521263,0.014046048396402,0.011175109778987391,-0.006038825746584209,-0.0016237403175757281,0.0395891563124644,-0.002838742516957926,0.0077320284558684005,0.008152647448030459,0.022274001615740335,0.02459627363215766,0.025740161657648475,-0.002536721632918737,0.002789070882230238,0.0030849980920217845,0.0017635661640218459,0.011408723123118358,0.006661130928994341,0.021397471569660764,0.004279969484205504
2023-09-05,-0.017850982480622446,0.002696425702448435,-0.030674826353982332,-0.022049865383702683,-0.022574209753150387,-0.01978271678451804,0.04229267882802712,-0.0029348220535215797,-0.019895142289357626,-0.03308964252430846,-0.04769663713310224,-0.003338853142632603,-0.04030655186626442,-0.016630602154269924,0.006832754698857357,-0.02472290940043298,-0.018796124281299842,-0.022283775123218552,-0.03434711852373207,-0.010288623535910979,-0.012207487589062538,-0.013558848196812967,-0.027012453380158785,-0.039011359738887585,-0.019030630427683604,-0.016029869409094566,-0.029965855605840086,-0.024353073923038426
2023-09-06,0.0022206850360415586,-0.05463138543391666,-0.008229108937585217,-0.0033141082146945777,-0.014155294351210213,0.004590461976667459,-0.01853201643228597,-0.009026672562151616,0.012917528442989434,0.007560708725664389,0.010383649763532565,-0.002581206168932648,-0.005204596577247034,-0.009558789706250903,0.003675843729634032,-0.012820556190022536,0.004428698886499882,0.009623073699550178,-0.006837522253729689,-0.02675840567477461,0.001560917840537135,-0.00963347740283782,-0.005085235462605864,0.00425011214965032,-0.0019288063944696843,-0.015059694031412274,-0.0048095157957854795,-0.005304231820352223
2023-09-07,-0.0042270601374545524,-0.011905362995703661,-0.01400868578723069,-0.0056691132178914305,-0.030984267896333906,-0.012211459210780151,-0.0022214210281276126,-0.018613872944543974,-0.01439247502311325,-0.005265924971168845,-0.029500764467544793,0.0003304367579539669,-0.074096539605917,-0.01608516476095323,-0.025214877058586493,-0.008854734044430601,0.008687922517030433,-0.008327503481040388,-0.002165699116662312,-0.03953913056406888,-0.0036364320476347523,0.0017792762946680085,-0.00020730597215734559,-0.006348131765332554,0.0077674220486882994,0.010289450105488429,0.0016728999865145422,0.04234630735910949
2023-09-08,0.021909582165376307,-0.01674060632729235,0.01092898887917615,-0.0074009040145411875,0.015597499431559969,-0.006619835951287345,0.03574525432979714,0.00040359423647351456,-0.007208826518325662,-0.001985124908309377,-0.009218755480606466,0.0020916242605435453,-0.008410079356394928,-0.011820906001014708,-0.006791784474369789,0.03126855814700713,0.0004914595930267662,0.005463439236876866,0.0008681598196194074,0.026444944429458328,0.009645466800338731,-0.023445805230360106,0.012504341636538019,-0.003524696297734442,0.0010695912237117522,-0.020178855593749878,0.003200971605217706,0.04032498722274336
2023-09-11,0.014371318853835024,0.01024798759637946,0.019459486345464905,-0.00011052070824646432,-0.001535802725754043,0.011561586322854867,-0.022928149527890573,0.00463895938322012,-0.000744757644889682,0.0002651962375894712,0.0008801663318773745,0.0098318997306579,-0.021070729463733562,0.020870436304128326,-0.005674383100256142,-0.0008662962482846037,0.00656651155082888,0.009458655974043051,0.0022370331339338634,-0.014342597653614897,0.004647590929234724,-0.010731195597144971,-0.002047035918012363,0.0047900151605646535,0.008104522696415817,-0.02525748168344577,0.001572222763517317,-0.014752619619366913
2023-09-12,-0.0021795770659138736,-0.010573270636187293,0.001060458213067328,0.004639928419352124,-0.002499490590949782,0.0,-0.0017110584721291566,0.03653881876746201,-0.0007452406695767078,-0.0031818161024353975,-0.0035175692814582993,-0.009409829411360482,0.015974053532938015,-0.0012465454771856121,-0.0035118030278435963,-0.0028901578938891337,-0.0036727212487677185,-0.0013955705335713109,-0.003894687700277566,0.00673671730619807,-0.0023130948835263787,-0.0009192437582614676,0.004786250027426497,-0.01840861545382977,-0.017979148212005303,-0.001594627648506819,-0.00840294607868397,0.02759835776501074
2023-09-13,0.0032765581370706176,0.001247571843525419,-0.02436439398081569,-0.003573875553513517,-0.01927520443286823,-0.01444559612764762,-0.009916703669525795,0.006972691502666217,-0.015103550194525028,-0.013432616024254052,-0.01701973066204887,-0.01032278639381845,0.003464214109339281,-0.007987982125017168,-0.008370183286855237,-0.020000004486896428,-0.007140752422193031,-0.013375962517516271,-0.0075909461604377615,-0.0045504327131667965,0.011334351254131736,-0.011593712269311163,0.004082611352193455,-0.006276147031926915,-0.0010047093974532295,-0.015272487645971888,-0.00479580300493232,0.021999983960702352
2023-09-14,0.009797775983348078,0.00428931730180282,0.03474484210663298,0.009270043568232467,0.033411950898272647,0.03793187366431017,0.03820941424867352,0.011925388675203097,0.02309733856956475,0.01334591436559407,0.031743879932571106,-0.014258893254546545,0.003983656508180999,0.023653708626249825,0.023248976165398227,0.023661625737662284,0.012073244445009568,0.018717254113360005,0.004054893992751163,0.04436681984921487,0.006622571796456311,0.027307203899640475,0.021618329484030196,0.010451130030308287,-0.0014526937956188535,0.03933095577835011,0.005754611046366653,0.029354176724013303
2023-09-15,-0.013035008201016884,-0.006109083592787057,-0.018887646672756775,-0.01284788501875056,-0.017116783606730746,-0.004965831397094611,-0.022153347537100854,-0.0011405162768058918,-0.003700977028166741,-0.008115024409033667,-0.007911540490411317,0.0016323302817093932,0.0005289850196250612,-0.007620497582139452,-0.0007234942255277543,-0.010690494485687152,-0.004643381879148589,-0.0064555094574487715,-0.02448367896182324,-0.011586034410208113,0.020496038765476454,-0.06107654703229193,-0.006633525093737713,-0.004390180611108296,-0.02402360187894914,-0.037257330504344655,-0.020374954122958977,-0.007876165154897974
2023-09-18,-0.008539782849671829,-0.012075766643665165,-0.007486720793136281,0.007975199244205644,-0.004257019299717335,0.005926346577555197,-0.01023143043801289,-0.012940051612762238,-0.008543817545721533,0.002950723807171096,-0.006962076326046063,-0.009299512668690668,-0.02524786207536711,-0.004458718923099125,-0.023895869653720037,-0.002336548946704986,-0.0011856107706194052,0.004898052046710344,0.00684500900248497,-0.008074894922732834,0.0034713309503955347,-0.0048256060437351644,0.013355541669306525,-0.009790685570346569,-0.006421228072144514,-0.006078501642920342,0.0052234604543339724,0.00027387865007511003
2023-09-19,-0.0010015606311978287,-0.008974732183217093,-0.009698288881584083,0.0010989096102436147,-0.01768365745423517,-0.005426321996242045,0.020182106138434186,0.012916918396226551,-0.008992124311762884,-0.004145479707483579,0.0033142212684071914,0.0030151788844499094,-0.016815762523072264,-0.03408806304529066,0.006676609002046696,-0.0017564309287275703,0.0058060170530274124,-0.026061856380474424,-0.012405394761412891,0.033613331929562174,-0.004447768352387471,0.022758020014929548,-0.005601299409926597,-0.0021133656661997957,0.0056549447084102145,0.01202732595670497,-0.008550211328379964,0.009578498099579447
2023-09-20,-0.014737949833551367,-0.03083504298581119,0.00761696192591832,0.008068073248508112,0.02789321000006506,-0.002416248648491437,0.009047085970162794,-0.014655495204127122,-0.008317628098029939,-0.00631129177859846,-0.003684356474962791,0.006919601919351592,-0.020965533763488975,-0.003348875977631116,0.03168753183316153,-0.011143635574790034,-0.02811837692965824,-0.00898792119283054,-0.004305392713522482,-0.058689017035212676,0.016381216885479333,-0.017700185394551426,-0.005168891516666774,-0.010664836106818676,-0.006158795287831809,0.009668636714171619,-0.0015723682810997452,-0.03686638970726641
2023-09-21,-0.026287215861298008,-0.03152941312700064,-0.016198691478745975,-0.019600354713763868,-0.030023043466183008,-0.020626629066699764,-0.0014345625441311016,-0.0046359396462684055,-0.027830715077777346,-0.015405351185262983,-0.022315711594580234,-0.03058632063619171,-0.016765402448124966,-0.037735763135383515,-0.009538970191247165,0.012159005290191649,-0.016841800402168094,-0.015871394487424584,-0.03409281206350878,0.0016195217399048722,-0.010500559932644427,-0.02477639884069016,-0.002065101133363223,-0.019189715210280123,-0.020899806710664826,-0.007082240187953892,-0.03435930869703374,-0.010695111933001766
2023-09-22,-0.0014977938381618427,-0.004321092156155726,-0.006586142607414303,0.004387186783590291,-0.017063539964009,-0.011567585288538074,0.008140743935957317,-0.0021346463035049057,-0.01470584667066821,-0.00027458299220950444,-0.011738687379776347,-0.0006973098883557016,-0.020060125839084897,-0.002148820782256311,-0.010068562970598771,-0.0017580879985122921,0.0013693329260950904,-0.006597518805697589,-0.00044267837558986667,-0.03530048966112442,0.005429411048242461,0.010492316905543753,0.003365618350489985,0.014342599763861541,0.0011399656032318184,0.015672015699585096,-0.008549597716661639,0.00256047728775588
2023-09-25,0.010361319608799269,-0.007847382283352577,0.015469586352347742,0.023167069886426583,-0.005046434352571794,-0.00016143894008835424,0.020543910686677824,-0.002917128621675147,0.01671642291836606,0.007139013158337981,0.006730901322789862,0.0011047999178519508,-0.0067260621562743594,0.0013459695352089351,0.004569650194367947,0.021720099480504684,0.009706424470219854,0.004322149090671301,0.009301641636514368,0.00865919072649346,-0.006381986769997461,0.01384436134083944,0.012008668882258489,0.01475450040074655,0.006047050793364983,0.03254202322964961,0.007078068573657559,0.019863695411989513
2023-09-26,-0.010047954205025356,-0.019413964722571397,-0.00979316163607391,-0.013563911156522668,-0.02312835435435534,-0.030351889623859596,-0.00942522684891911,-0.009362226637012028,-0.011939765505466937,-0.007906229885043081,-0.020057596655263965,-0.018644344993400397,-0.013101709517232774,-0.016935596547211995,-0.015407251158839674,-0.00804373296892158,-0.014260301430167877,-0.017214194049527842,-0.007070393922479434,-0.01966212003005896,-0.026679828730735156,-0.02260851280039633,-0.011468404383372155,-0.026050770624934882,-0.00913314184878844,-0.0150396912651235,-0.0034150968227550926,-0.008068907686372473
2023-09-27,-0.005022694226687885,-0.006232737943455469,-0.0076924000188215436,-0.0027939171927767736,0.001661394135025862,0.026473482268103643,-0.019734535202417747,-0.0007875651386239912,0.0103011202158938,0.009480628890953025,-0.0014716031977707322,-0.006451292101569028,-0.015363942646440809,-0.0005468219287637632,0.0014902150735076614,0.012163382870463701,0.0021820878952591993,0.014311693617707233,0.006605119953046357,-0.005649773233095234,-0.05380711553354767,0.026163022802289104,0.01857566786381315,-0.00450979788931849,-0.012801806789436654,0.035207171504772816,0.011174574583164176,0.0028049893368988776
2023-09-28,0.005643969927281667,0.06007490626836587,0.015503849416499627,0.008295303337616078,-0.001244097937307509,0.02506082641757379,0.030197833075213065,0.0031527435454032915,-0.001372505249352951,0.014563786219119468,0.03014466132589355,0.008339820163995926,0.0073360744911459275,0.021340657343845937,0.014583454686303954,0.011444859219705616,0.003978371129929936,-0.0045277408893857896,0.011147604788633192,0.018181867723746192,-0.006706024384754095,0.0164948638640956,0.012443229498727337,0.019761033017345442,0.022304671874623372,-0.0006131402232913974,0.007023509377045434,0.012307667487658325
2023-09-29,-0.006032623911325308,-0.013689073071084912,-0.0010905257596920404,-0.004740102073314656,0.0334233683084888,-0.006883513526906637,-0.0026753924632885173,0.004910585682745827,0.012369904126675157,0.0006707287591414257,-0.002210952349626205,0.0007679131981441767,0.016082549376709165,-0.001071583501636053,-0.00014669484533746946,0.003394716442266299,-0.0030522568669222316,0.0016922856503598371,-0.00974613806421798,-0.006696473253553381,-0.002160332369070206,-0.008937605183607311,-0.0014956738825108173,-0.005821024379070727,-0.004527532240640175,0.011986838519666643,-0.014680782216370147,-0.010776515801465991
2023-10-02,-0.015243428957616434,-0.044871739491191276,-0.010916952003208635,-0.006295407639660411,-0.010445995668332042,-0.03282341450122839,-0.023676205754395774,-0.02169659280374936,-0.0050427113564319725,-0.01702642771008167,-0.016162640147764917,-0.014757932507290183,-0.025683154975695177,-0.017430987234846818,-0.03227228839780982,0.0,-0.005747326771223693,-0.013199553992668589,-0.01164493611969053,-0.016292091603329895,-0.03815970021020321,-0.010041558635814796,-0.0017583296889192024,-0.0033128963232403885,-0.009409917966109238,-0.008487277117663394,-0.005395548551346496,-0.0053072254587005485
2023-10-03,0.009710522217765138,-0.03472697712917894,-0.014348745482277825,-0.011128310299851174,-0.010759202748431451,-0.0036243537096090073,-0.016963336513062033,0.005794172784964635,-0.005458066451729082,0.0023186328662914146,-0.003842020114939282,-0.008028772426882713,-0.001532599421015357,-0.008187703882450825,-0.013642603523756236,-0.009021768375269912,0.0070770139064599835,0.003638403920498412,-0.003327577667211812,-0.02941176470588236,-0.009285355545483598,0.0076883241913494604,-0.010503668586162584,-0.005565412294405769,-0.015357171459116525,-0.0009406363472226342,-0.00467815252697934,-0.0008424313289435714
2023-10-04,0.010965615486818736,0.010397338653007848,0.013437794915761803,0.021281390479895856,0.011081444345718117,0.0072750748637882,-0.0032811573438550345,0.002185183731860274,0.0017640552928328557,0.0025853940159052957,0.008245710500097703,0.024462526080972102,-0.004604855662167839,-0.013208578677843641,0.005378884335335954,0.008250311109701869,0.015503093089416886,-0.003092053017362706,0.03603319546992001,-0.011474025393540255,0.006248217819593727,0.006154975095720383,0.01094479697688966,0.03552275720403997,0.03091200303747521,0.0032953629628134085,0.02520121205458059,0.02332763854317843
2023-10-05,-0.01762149398347901,-0.021275198031542986,-0.013259614929674868,-0.002891187507355175,-0.03145924293600744,-0.012639459723226887,-0.011826296237399503,-0.012289414271968058,-0.024457093724639112,-0.00040713455432761503,-0.02901992724554725,-0.00689817640203827,-0.02066300909975005,-0.013664258200349333,-0.01345153202355065,-0.013826111122334117,-0.023110894567726525,-0.03005347070935116,0.0031747759740285986,0.011904765982702958,0.025966625957774436,-0.0031860834434356278,-0.005087040979676494,-0.014186992576524116,-0.010683906455737247,0.0038476256605326498,0.009364444538243921,-0.014831114578203852
2023-10-06,0.0042878946295796805,0.031026262877515975,-0.008958566023301362,0.0055255384943977415,-0.03331941577714925,0.0002493412363702152,-0.0017273139152268469,0.004415020364991085,0.008423550014949432,0.022403290887122562,0.004211350491671206,0.006530443742198688,-0.01133678300937968,0.03675428789738078,-0.02401608852821413,-0.011444969947832617,0.009949822160254307,-0.0011026860272247418,0.029625281753296484,-0.009117619114570208,0.03989005597572359,0.0051140467951571456,-0.006620885427783718,0.013705938815880225,0.004453760207626445,0.01196594349133262,0.026334853390160617,0.005296975808958493
2023-10-09,0.011420935106341457,-0.025588112920591155,0.014689114360917799,0.00495105919954919,-0.004118823911687608,0.005318740428780444,0.06328010158539055,0.010789212623057542,0.010541063200232736,-0.00039857912752927493,-0.016368980509056552,-0.010970874163232058,0.008918585762034636,0.004363272347722269,0.011589101292950987,0.01765558872049544,0.0005085867238705521,0.026051434809710505,-0.014398023741102772,0.06797268766412579,-0.004497344655600255,-0.009985260308098654,0.014451650498359392,-0.032825125765562735,-0.011889324146652003,0.004434222830200341,-0.010122351945881292,0.00970599967606156
2023-10-10,0.012804798004216966,0.04064204244395375,0.0011135992904651726,-0.0021656563256791106,0.006748002055845026,0.017194342521800188,-0.007206739398075035,-0.0013837065264850068,0.009840583416291349,0.012754218432659892,0.02007969575294455,0.008647520430546285,0.02004740436403818,0.012489781121262977,0.032171945359370735,0.0059726640333555014,0.013994014734473481,0.010866048339941647,0.003024823072971694,0.013896586941264388,0.021525367504776183,0.0015417343961336982,0.005854536523275611,0.011804917939651993,0.005480041412477155,0.009472965302410152,0.0035671830504298008,0.015655036053692895
2023-10-11,0.010350510932864543,0.016781852347381276,-0.004449334750107559,0.011936420781319956,-0.005621639466725337,0.008451816114988908,-0.016508630209053465,-0.012668235918861237,-0.008185578775286362,0.0024923643239729287,0.0008090263004132403,0.0036657625164246976,-0.028783695482771376,-0.0037543601605607435,-0.0033448409138597812,0.0016963437468167086,-0.0007651361574009252,-0.004469938889579139,0.020876171823863476,-0.00959426203647229,0.017429781498563335,-0.006670892055836375,-0.0020695677401157964,0.017193725580304742,0.009241715335911671,0.006650860183776475,0.01781990984281734,0.008112529622799514
2023-10-12,-0.017532363867344913,0.03640776608878715,-0.029050306720903918,-0.01737172561616651,-0.04653189443007044,-0.026674204618273634,0.012380950468347862,-0.008821189519808592,-0.012576134053838173,-0.007197013026367771,-0.014818914335457123,-0.025036799599585713,-0.014180976398756706,-0.025135143383129277,-0.023493581684599585,-0.008749600362025323,-0.002535241645448716,-0.012080335000539288,-0.014564093532851152,0.0002767226355717689,-0.008437779026432723,-0.04720394967668817,-0.017561953520874085,-0.01856327367225319,-0.025318866310307664,-0.04226623416040043,-0.019230739109069583,-0.01314377685170054
2023-10-13,-0.0011547547631887145,-0.04344259115263327,0.002301523875307021,-0.0031646955979688363,0.005245227985457568,-0.011011744148833325,-0.005761944924884577,0.0022248851397432823,-0.01034826913580189,-0.006326626215419795,-0.006563516617345999,-0.005256782123667536,0.008727951216012553,-0.017188770089558103,0.012341877426042869,0.0008542095107502146,0.0004765508224027215,0.0029217118756883487,-0.009620483086873688,0.006087487677784331,0.016761256753495823,-0.003320892735631409,-0.0015171815409478207,-0.012301956668002267,-0.008551828447397325,0.0008504999753278231,-0.006361956633232135,0.004077160771883692
2023-10-16,0.005815201445279028,0.026625004577728317,0.020665929292661422,5.46834394976603e-05,0.020644304934418045,0.0083716962450322,-0.00272032516210996,0.005247320713516412,0.00924993223108328,-0.001326434774011731,0.010323456870191983,0.010204648845410835,0.029001785053590412,0.01128343307681412,0.02453693370555654,-0.0039830189096786706,0.0035724287241738484,0.007876560319797221,0.012834627919938058,0.0008250220895733573,0.01572398728331348,0.013191909425699144,0.0070687979905113,0.014712801206707038,0.02198912159452182,-0.011235999730211055,0.017917728436334768,0.002436404654889257
2023-10-17,0.013165161742086262,0.01043339269553023,-0.004499383146454261,0.008593384856517838,0.012891682903814816,0.014611884832588018,0.02644692777157931,0.035133520967681076,0.010759135395167707,0.005047167221889692,0.014032614521612086,-0.0001202644050211088,0.04702581324842936,0.017573252299299513,0.01762315117137936,0.014281668581191287,0.004878177537281481,0.014345317560359172,0.012556140182544695,0.020335385631062408,0.010486993563374014,0.00375831298710394,0.0028206820162839374,0.008438711836114887,0.001862312048500181,0.019671493753038227,0.0082143988826604,0.0032407132435001706
2023-10-18,-0.025850718073742396,-0.09788764568427821,-0.021468966044494886,-0.027405461485251137,-0.008997153496125176,-0.023975100338245903,-0.020912864849770396,-0.006400360660664739,-0.012812925163845357,-0.019162185998101156,-0.02337763331317666,-0.024294859371270072,-0.016061819230303254,-0.023848655230312876,-0.00843697253952147,-0.007040232750530673,-0.025427025634109257,-0.01308700337168478,-0.05209571663237722,-0.012119621513686951,-0.0135904403205942,-0.029753862310215484,0.0011775347015221538,-0.027919319455067537,-0.04172599006717892,-0.031560154726562595,-0.05144549436282364,-0.0002693078291987616
2023-10-19,-0.009774954617327247,-0.05448353813557416,-0.004618993321969689,-0.012777617761175919,0.0,-0.022048969238840477,0.011092801718080914,-0.005270350367332921,-0.012579856693074598,-0.0032335858171028686,-0.015958152718049345,-0.011772033845870555,0.0064993699869388966,-0.010671189598485231,-0.008807247135134255,-0.02836081570957516,-0.003392531189279957,-0.00812751830167413,-0.008665009787597322,-0.0065431189309688165,-0.011773459915978335,-0.009372266259735973,-0.022868272534457557,-0.026921305291992215,-0.014032752662989867,-0.04071177829889283,-0.005153673613479293,-0.04846517373481296
2023-10-20,-0.0072698615968083136,-0.04067524040873827,-0.012760951157550271,-0.017294944847027205,-0.022586327883476365,-0.012258912646265774,-0.031512551646716735,-0.013736299645685013,-0.009302307758718875,-0.013111671749031384,-0.0033552189083101425,-0.002557073162910095,0.005406123540589558,-0.038319571151359644,-0.011445820462897105,-0.02714521490357158,-0.010212404314017598,-0.0075471157092985575,-0.0023616966647936888,-0.02826564348052585,-0.0164765912165864,-0.016626031880286996,-0.03390183684678694,0.0030561698085351807,-0.0049813945138975635,-0.0025201759561799264,-0.005624315037078498,-0.028862475083148653
2023-10-23,-0.013999997794911345,-0.017306006592386125,-0.007050613674619566,-0.014953640164060311,-0.029904876664762492,-0.01839955378064384,-0.032658585562515,-0.02964583968376633,-0.015309287533925686,-0.00999859052001828,-0.02188250494669064,-0.004877132992154087,-0.13188941219955974,-0.010920978008180926,-0.01340644810182634,-0.027602841863106464,-0.0025384587360914868,-0.020532305468027645,0.007199585594144908,-0.04885618192223329,-0.009278313049156273,-0.006154474794619835,0.00041530483992402445,-0.008258511381298073,0.003954559147370196,-0.0020212036816517065,0.004713451707621941,-0.016025692734045305
2023-10-24,0.009356643014146071,0.021720039179230488,0.021301804658381496,0.010509712466197696,0.07356375425225958,0.027144098772148073,0.001121274565732966,-0.007381588650689719,0.02072968750112736,0.00719421712801438,0.013624007684579054,0.006911739620659718,-0.034583585233316616,0.02715606962078998,0.020382994404040566,0.026226451794785444,0.005007827426686484,0.017746173991977532,0.009013809195385969,0.01425176226201974,0.0002601863820492767,0.04754782033861127,0.030372207761072634,-0.006791167267054865,-0.015336927719487359,0.02906334849347103,0.013086383435044091,0.028131507785146947
2023-10-25,-0.009955213614121883,-0.028152781373953606,-0.008111225974380853,-0.027387786117214707,-0.011094217899114578,-0.027804085067268947,0.006470879990442935,0.004544525380631326,-0.034524718006133104,-0.015934094639733276,-0.023344713258349747,-0.009859599991329016,-0.006059489565054865,-0.016850611482039923,0.000302596911179398,-0.0042092378435800715,-0.007841852324520171,-0.027462985455707245,-0.014600728304105526,-0.023419210059606566,-0.04395324717018201,-0.017462778395058387,-0.0003356947234302021,-0.011151768524670591,0.015448180649073162,-0.017516310717136663,-0.008676553219966854,-0.0025921884174461285
2023-10-26,0.011585512207157755,-0.000812845859524014,0.014018748047243124,0.014970635737044047,0.03387594096443802,0.03240655192148156,-0.007542094717879144,0.0016450928952422839,0.010096670142199615,0.00809605055562801,0.01550047299975521,-0.001575544949903973,0.028151295802183895,-0.00384163911137847,0.016187592966487863,-0.007246337862839791,0.016301650344461738,0.006947564449608645,-0.030413829382924584,0.008992721984643515,0.01958653250470599,0.02565694045642264,0.011821620155303636,0.004362819103617133,-0.003771804513013066,0.025240436783841025,-0.04622114758923712,0.017614888943047857
2023-10-27,-0.005438424512809403,-0.005694889335077891,-0.0023041751761092577,-0.001814547228629504,0.0012766562684458638,-0.020707454899677735,-0.004858601717695588,-0.01827142315090724,0.001874262845513286,-0.0009691854658705479,0.03537807910637025,-0.006186063944266573,-0.008022318302080556,-0.0011866187070224132,0.010123636850864148,0.007907499766367287,0.0005670708410354663,0.00645448038813079,0.0029407907529577226,-0.016933946995290383,0.03975458780714303,-0.0013484846858702326,-0.0030537006142610235,-0.01057287028157683,-0.007067504284413051,0.01709654615659817,-0.0014435720055340218,-0.001135180536694702
2023-10-30,0.016476670303210872,-0.052291002741108095,0.02309463177078075,0.012255207832163384,0.018062008755651338,0.006872235940941662,0.01690046692217062,0.008364711642438794,0.004780661550446874,0.010256358478875294,0.03596042167407543,0.010861188085148132,0.018987351196317892,0.01098909316019192,-0.03817239573615183,0.007543713249212658,0.02250821497550337,0.001769089194750162,0.015211913435247082,0.011785986045895314,-0.006928402585063997,0.005671448658679523,0.010121223121115408,0.009111943292849478,-0.0025843771437257246,0.004610405240147886,0.011874722717361896,0.006534159987189092
2023-10-31,0.006198737077894867,-0.004944694665104388,0.0033860455171006443,0.008341550830285316,0.00500947017297082,0.0020126300261673613,-0.017850609289872255,-0.001659080608310548,0.0,-0.000137287594787594,-0.006117880996775682,0.05397437768766111,-0.08212557498583062,-0.007638135406508484,0.047348986881751376,0.010182751040736848,0.00868375661209786,-0.003973442684642281,0.009479148596979847,-0.029868530201132337,-0.03178293886808181,-0.00778785181020214,0.008899167696303945,0.007798350332263837,0.01185118084997594,0.0183575002293086,0.002551099219504138,0.014112251201261916
2023-11-01,0.0034343442911122235,-0.030130928757295394,-0.020247495972539498,-0.0011489719152815159,-0.012461171651021341,-0.013012011748907537,-0.006517923279844795,-0.008309029612567853,-0.002689267058930467,-0.08177824577706394,-0.0034792002629978613,-0.0031597000574847822,-0.05996248626884548,-0.002072223130662798,-0.004242893356550703,-0.003557644616222877,0.012926513880012092,-0.00387860394589179,0.07392278347766834,-0.0058497581677089405,-0.005337615599755319,0.0013533328617862939,0.003593640213091165,0.0016291329239181973,0.002938558887577214,0.02356577380687086,0.03720294234463739,0.007236332166266957
2023-11-02,0.02191174980479582,0.013500316665490564,0.011481084159512989,0.013458337835044132,0.027129416381744376,0.02256240601219539,0.0133736749308897,0.038123137290813514,0.016179272733252148,0.018081265546501246,0.009399685922440115,0.023383721076026598,0.09358128305056646,0.038564202680721804,0.02042314003626977,0.01309127101600005,0.006613310794449712,0.02302818559161901,0.0035748914458109127,0.04242789759646182,0.018513447536893324,0.022095970630129802,0.011848896937797226,0.01585752496328041,0.026830190727713088,0.023115072809027692,0.014818451610153938,0.0210003407304169
2023-11-03,0.012361042857539806,0.026961953257041094,0.03405218549870348,0.028545535982369863,0.0487305043019961,0.04663839581103524,0.015313845917384938,0.0135189779279139,0.015105080554404182,0.022603896074661955,0.024743921125730095,0.021330104821697837,0.012799475262975646,0.003998949187598022,0.04694024864647295,0.016152743963875116,0.0073140664091242424,0.008046933777407173,0.004855513586449867,-0.008912573687305914,0.027924238146149083,0.006941701204507211,0.018337458980515864,0.027137324237388905,0.022786551440417524,0.00295859978372337,0.0046416980253285445,0.024357137423696384
2023-11-06,-0.006480334145273714,-0.06657289237415087,-0.005488434489551941,-0.011752424517721516,-0.014252173152549341,-0.007688494644633059,-0.028939359648463836,-0.005176207340950034,-0.007842376109633342,-0.0018659049105008707,-0.009866287640239668,-0.001716554806905135,0.0,0.006258816399876688,-0.005088703117230753,-0.0072255065829386345,0.0012483880414611015,-0.005285797435338635,-0.00261921319525793,-0.026378881162550383,-0.029215814205517998,0.005383820141799944,-0.006318366322457636,-0.004364427288140571,-0.0016340296550050315,-0.0005363590820368636,-0.003080192669337234,-0.0005283497588038921
2023-11-07,-0.12646746174034762,0.022183168233124606,-0.0011037660656052495,-0.010384682900689501,-0.0077243640199815555,-0.0288261194673064,-0.008965687658579968,-0.013808338629578865,-0.016416691995141286,-0.015962011834306455,-0.006162275371248693,-0.0026938992606403422,-0.03646873928345695,-0.03703696913071819,-0.010367719913278117,-0.014555963680842665,-0.009414835885130368,-0.011929266019924167,0.0058861124670215315,-0.01693351670229748,-0.03220702372125617,-0.011036414470636413,-0.004005821779983099,0.00046967561171129546,0.005948071277217082,-0.013952272046091507,0.00033792891062289776,-0.00872324342641484
2023-11-08,0.021496425651110984,-0.025386959347643456,0.002209864619491686,0.007785613096392696,-0.0021955599709602147,0.012181506156496713,0.018475912364257496,-0.013392808591731531,-0.004739367460147026,-0.0002922468087052099,0.0043535532553331535,0.01545984150016988,-0.017800279403657027,-0.013212000727995665,-0.00796203229760395,-0.008567162237262282,0.0076034382528393785,0.0015365590834885978,0.016969640266933705,0.02630754309454031,-0.05128208900748432,0.010037049348228022,-0.0032558037280243646,0.01361401849983146,0.01627050685684095,-0.00979590884346404,0.005887702347568968,-0.0018666373008373593
2023-11-09,0.015619579365882208,-0.0370557266047461,-0.008820287246789849,-0.004422553504628501,-0.02700545387565223,-0.013560458539616516,0.004378889963002175,-0.08453318270553989,0.0012422650665071533,-0.008478307557730047,0.0005253639017255285,-0.005659701637318104,-0.04406708709321827,-0.011008596404809667,0.007322008447553152,-0.008939280215028877,-0.0032630797891800567,0.006575343765645059,-0.0017925478471060297,0.025938292447064804,-0.023864148059119517,-0.01176781482084066,-0.0028182178122669876,-0.011869715283327475,-0.014409038094764903,-0.004305192242644917,0.0038382155573137844,0.02591501451468048
2023-11-10,0.005568443208150198,0.020767924695717754,0.008898777016218107,0.01265181183388342,0.003495073978095009,0.018214646943030877,-0.009342344310259931,-0.02156816402651829,0.02315961708047043,0.013415869689718862,0.012603426929728823,0.01257897188560797,0.022550421018326494,0.013237021795760695,0.0027955627724745025,-0.0051112173814901185,0.02266093701493599,0.021448022888620244,0.006252079610364891,0.0005948784989480149,0.00736367348226441,0.009658631880795632,-0.0003854020030239491,0.011305603995916957,0.013272584977773283,0.0029438401650099255,0.013697394810082253,0.003491073306030934
2023-11-13,-0.0016197923819544213,-0.02385026267880974,-0.013230377586344377,-0.0023321597521347437,-0.004302444007828976,-0.005569181083556862,0.004023645727890601,0.039954114831589616,-0.004850401661431802,-0.003054976071436455,-0.0037599298561667993,0.006183267680755389,-0.0001951942103504134,-0.007422802783098037,-0.007108892495642727,-0.019945612549999936,-0.00022508755446504214,-0.0006395390901684506,-0.0044286246513819405,0.025564909782881617,0.0,0.00209672555609397,-0.013879031154720556,0.0036487945781484843,-0.007272700743475746,-0.014492700697375849,-0.005527724410385404,-0.01857177852404246
2023-11-14,0.012753267062096896,0.09746912549121856,0.03463685847639808,0.04608448592162828,0.04814814698105008,0.06737380181765396,0.007551996558369911,0.021859134567270067,0.03675872624618837,0.026995397227594697,0.038131259390714156,0.027150805969822667,0.0294749700970669,0.05204899335583124,0.0341148567333307,0.048581394868732586,0.010031286556245744,0.027837052869992274,0.028106113907929497,0.04086946145953263,0.05526313091765611,0.013338507804788957,0.0287352550941955,0.03271964547865136,0.049036926753086796,0.030807877389603444,0.02874239933052425,0.025319849449598752
2023-11-15,0.01941050896130192,0.01915100965673666,0.009719340144547006,0.005426992722106894,0.02021992353642421,0.011924636211802842,0.004622050007272005,0.009723424610827314,0.009402538643771052,0.006962319558722507,0.01692365645331617,-0.0031001587575594236,0.03716338163282873,0.02359971209175571,0.004615728856579793,0.016408091573673067,-0.002501508949562581,0.009027659224897455,-0.020836921988546364,0.03898642183549028,0.007758421725843956,0.010259498037415549,0.0032935262923168285,0.000823912926952719,-0.005819588841236456,0.004604984585413474,-0.026184531009258216,0.005978672600419621
2023-11-16,-7.29618691169831e-05,-0.04008774610373256,-0.007486720793136281,0.0010583772100809519,-0.0019242045095150262,0.0045565388238122395,-0.003854732226460822,0.005135942652818359,-0.0017465961674394404,-0.0039510222983467624,0.008382649081870142,0.01003874078788547,-0.02321753538761917,-0.012777752346462723,0.008648621856924388,-0.013208123480195288,0.014003798080741703,-0.010386584411878563,0.01127769858640204,-0.01420532893666615,0.0052241616283597025,-0.010410739347247566,-0.018371089128860207,0.011525285145918884,0.019361395543441295,-0.012403412734562247,0.006639205139144622,-0.02868218574854753
2023-11-17,-0.013194489113463215,0.03907015768181976,0.009698288881583972,0.004176141667581179,0.009446698438610124,0.016110032728174684,-0.03307953446122536,0.007451502517684672,0.005054475343805542,0.008924846037471124,-0.003423013030772193,-0.00421325466607414,0.004117537665497606,0.012943136539754097,-0.00937835286825639,-0.00713854465777275,-0.0012488673917357973,0.010391717605198636,0.004456426531588953,-0.017128871835804138,-0.005744143100600119,0.011746441706234512,-0.0011576931522879752,0.005252970078730268,0.003639105201451054,0.009555892971378821,0.00037688712227090804,0.008512894214558475
2023-11-20,0.00800027301968309,0.023314227341284743,0.0,-0.0016845942664590607,0.011459087098772525,0.0049258422574882665,-0.006196691624222872,-0.00972103221470244,-0.00038685622322409685,0.0019656952426234664,0.005029427733779679,0.0034174054249151986,0.001118340358510439,0.018055597941080803,-0.0009466617978820535,-0.02396642335115773,0.0009561530286146258,-0.009050700941304668,-0.0148249248887099,0.0016597356245657835,0.00577732890456728,0.0018499870243151584,-0.014358313940194267,-0.002281574812204701,0.01021166855886646,0.008383703029359868,-0.009277142284341622,-0.032181514788014676
2023-11-21,0.015395949532000186,-0.03244859590598481,-0.0005408452680165654,-0.0008964382355671763,0.014916975215463646,-0.0010723339249711916,-0.006365360766380501,-0.01259068901224436,0.000967514847199924,-0.007146844557823329,-0.006957136218859072,0.008757720843294514,-0.009495381615082121,0.009549753330131638,-0.0036551528465359473,-0.002762435467456137,0.00891567025696327,-0.007057625209738405,0.0064366098645711745,-0.008008816065395385,0.02352286086547095,0.004711835342166237,0.002743610552923048,0.007524375116782167,0.001831233461588866,0.007151797097009194,-0.002566824471853524,-0.010084462952675621
2023-11-22,-0.007490782814979169,0.0036470352226041225,0.00432900030777672,0.001741758469258059,-0.002976742728296178,0.009813801349109585,-0.0010458125754249092,0.0019451051771568473,-0.006379276292723723,0.006492628000739353,0.0008603575858849855,0.0002679275472081688,-0.00150380564645336,-0.0029729894689611847,0.018885854757357823,0.013234732787456238,-0.0007040047562867358,-0.007421334988552797,0.010171517509229178,0.0025054912425828135,0.00721538948133138,-0.002471596428586298,0.004625406474507487,0.00043928509144386396,0.004057853757726271,0.0003550200232245171,0.009816991967902533,0.01624449772977199
2023-11-24,0.0008385286912200307,0.018010859824993952,0.008620681681899223,-0.00031613273118502594,0.012875503365174623,0.009338665741709162,0.02552017870415524,0.006686726791993003,0.005252890331055582,0.0029448752600260697,0.005649066905075495,0.003161058967462216,-0.0005647854905861394,-0.001355360202976219,-0.0034670863640712257,0.00030383161563785066,0.006316485257543247,0.004481892786774244,-0.0017285769595195566,0.011108136260742363,-0.0026531277928502073,-0.0015247883858985345,0.005965913650719745,-0.0013905330961282436,0.0042963506353690395,-0.010647704021097493,-0.0010382313687588018,0.021132451436505884
2023-11-27,-0.01030958056664033,-0.0627763758112565,-0.0010682986724669385,0.0025824324819760935,-0.002394961397347184,0.00789832279580871,-0.0313935562188814,-0.020141350697935656,-0.010644498579880368,-0.004194627364563996,0.0009769154255048207,0.009399679634948255,-0.020531144713635596,-0.006786102034867625,0.0014719000110225977,0.036137218818122596,-0.0034281906827233755,-0.011154737628818467,0.007835467229512894,-0.011260695727399073,0.015695658777977073,0.025897199448130515,0.023012860801402413,0.006156074435159198,-0.0016313733508276362,0.03363227498658605,0.005527274509719016,0.005837124667529725
2023-11-28,-0.012036710225143965,0.025914904440199393,-0.005347613764161596,-0.0027860863219593135,-0.008125608503242843,0.0038808044805880293,-0.00395260929811081,-0.005029512736392738,0.011150268436590949,0.0009829014553273119,0.0047578029762755936,-0.003121673697733196,0.007115372399708164,0.017217848195900443,0.011090411818680534,0.00410314753901142,-0.005014479848198139,0.008917080089460905,-0.01206988547785226,0.007777812235472803,0.06259812080309368,-0.00043420102976077235,-0.003528570571944223,0.005754305364961132,-0.0070084706280783005,-0.008850294155044458,-0.00793987499621851,0.013189132208190513
2023-11-29,-0.007153379992644315,-0.00427737410440876,0.02043006198780395,0.014022175689128336,0.020666595525201892,0.021782826958790746,-0.01124336628673428,0.0,0.006668052197090546,0.007190217595322013,0.010077786700870117,0.0011676534648832337,0.00591942730547923,-0.0013434457312698767,-0.005814665702545407,0.044658571773265265,0.0016069518461498955,0.0009583253581209039,0.005934810379971012,0.003858839503535716,0.005227854337625404,0.016257132076769043,0.023460275710225353,0.010646011016872015,0.0009873432130895754,0.011030298618814882,0.007198280864325612,0.043998923025844405
2023-11-30,0.015272995590052574,-0.01710163258416275,-0.0010537649233954838,0.011124892158283162,0.012266534881989477,0.008876609422524107,0.005351190981657705,-0.0030877677365964695,0.008182313539120356,0.0013997546291115714,0.007693194001699988,0.016434279109101224,0.01860285546476015,0.004035553760242783,0.001993805539329818,0.03213181564023704,0.005785225251879078,0.011702111426820094,0.0056277743439256955,-0.014552466822522536,-0.004705359989608304,0.037794671476230945,0.03805979896036904,0.01748478959546329,0.018559062361575673,0.03151788628859742,0.004137694720321106,0.026683285175553184
