Date,ARE,AMT,AVB,BXP,CPT,CBRE,CSGP,CCI,DLR,EQIX,EQR,ESS,EXR,FRT,PEAK,HST,INVH,IRM,KIM,MAA,PLD,PSA,O,REG,SBAC,SPG,UDR,VTR,VICI,WELL,WY
2023-04-04,-0.0027339854895050975,0.01168567410361332,-0.004728326073279221,-0.014917043172175681,-0.0021194861450524183,-0.025559888233611106,-0.010905918810679704,0.01111777214806664,-0.005786613965025,0.0007465147447351939,-0.004024827953056032,-0.00028800158231012674,0.036632006131300354,-0.0020257768926276176,-0.001841475202548959,-0.00737110127637175,0.0019236638292383645,-0.007922982811218837,-0.0066768202639785335,-0.004405315437693735,0.002504663171031707,0.0018199421904330215,-0.0004772362664150487,-0.006204169620994904,0.006705146793050787,-0.009873719200545028,-0.0031776934814018443,-0.00937641599982919,-0.00430909202548202,-0.018820663529001358,-0.0016666696888114618
2023-04-05,-0.002902624474851234,0.006094882426921355,0.0001805720503698094,-0.005678618035782401,-0.0008688006292713046,-0.011705003359042232,-0.003969371602342342,0.0002244313353343408,-0.027699980904981825,-0.00937395692330878,0.0037043404618406495,0.005569508798849876,-0.0009364313686571757,-0.009235754797733864,-0.009225099217614607,-0.004950414840660722,-0.0012800222923673443,-0.019205223091610213,-0.011375468862322657,0.00020111328311123167,-0.014587369253752036,-0.0032440147993413326,-0.002068715989696046,-0.01002136386384267,0.005725579726218122,-0.012218102540162867,-0.005394800607001704,-0.006862247185685955,-0.007109754568065174,0.002557534553093044,-0.01235398456496295
2023-04-06,0.005903242032987199,0.009770778688278137,0.011243318154820825,0.010850931963307442,0.010339018232034869,0.003281902419088434,0.009003699045779578,0.005234761725395609,0.007981478479017756,0.010528149398497666,0.008891163065607888,0.0014322945511904273,0.017310230666618853,0.0012292059991716453,-0.0018622359938408328,0.0,0.008971513810197784,0.013765039061948592,-0.0026151760855787076,0.0071719841310362575,0.003925724347605408,0.01148871234550608,-0.0022323834244849516,0.0006637928438533169,0.005692984091919762,-0.00163714050007302,0.013452998004694239,0.01572551414725476,0.0062266868131373165,0.014030611680901028,0.009127845600529483
2023-04-10,-0.0029746079720153196,0.008031465358241396,0.002556599121845471,-0.005838013441449408,0.00229546331473629,-0.005120190909572275,0.006729067881298345,-0.0029757321886075827,0.01869569608973798,-0.007015934123891454,-0.0006651706495137688,0.0049108137787139405,0.008784434889742121,0.00020462959944556047,0.011194076066858294,0.011815921476075353,0.0047633436128127205,0.0015298692868543906,0.006292775399962869,-0.002595437815897994,0.008065192513369679,0.002155685829276388,0.0012785199311422524,0.002155928313278377,0.007932905314693484,-0.001913105013537919,0.00024576334317183424,0.029322067562931542,0.009591652690714936,0.0177498576278754,0.01943048212083487
2023-04-11,-0.00790189986842571,0.009743183077584705,0.009963192484281347,0.023110357923490588,-0.0023854908138909448,0.0072909529446847365,-0.00029056441666786004,0.0036561308526510405,0.01306260013952687,0.0004107882485262504,0.002828676683225284,0.003036499784045299,0.002801047482758001,0.006341977756731065,0.014298866948794453,0.007990089379032561,0.008849587801638359,0.021195356812550248,0.005211065873575782,0.0024687862234225033,-0.008647201201965826,0.008315682002199898,-0.008778934061095311,0.004964440885341315,0.008634509310576632,0.005476512294399827,0.0014745082938549814,0.010483111512153087,0.007048683948480905,0.020873362220899194,0.014459454222433
2023-04-12,-0.012353772946383179,0.004182941808650087,-0.0012330442603225578,-0.04499156947137195,-0.006121444126846787,-0.00879935785748065,-0.003052423031278062,-0.005650025380394941,-0.011082574717675264,0.006383148306091213,-0.007632276584730757,-0.0018447886747220421,-0.00765129114100227,-0.013722242570769483,-0.02091848858074885,-0.017682814749452658,0.0012532163656502338,0.012528090916896772,-0.016589005810220714,-0.007255042103204268,0.0011412587874291003,-0.0028658560574491565,-0.002898537920777211,-0.012185128500387998,-0.008825641465724954,-0.0059005132242200276,-0.008343438225319577,-0.001127610805188195,-0.0018259509162764642,0.0039010206761440624,-0.009394263261909952
2023-04-13,-0.01629351638123222,0.005293257046298239,-0.00011763044349621943,0.00193864144730993,0.0018283347851855147,0.013029835478609142,0.017203679372759018,0.001345745580698221,-0.009375047928501523,-0.003276841720529222,0.0038454881213105807,-0.0011373011446575987,-0.028331896541315627,0.0008245077784474475,-0.0032513907439044587,0.011793732046195382,0.0078221981455191,-0.007202242677493476,-0.007379974855420746,-0.00223356020292953,-0.00724691535421762,-0.027590485610462623,-0.006298421709182489,0.0001666622923282013,0.01406343425702783,-0.005205010681319622,-0.005196781408687623,-0.012418253245928712,-0.003658521765674272,-0.0017419488819995221,0.019620639221748615
2023-04-14,-0.00895098911541714,-0.018594977771259513,-0.0012347117751968506,-0.013931892261003775,-0.006339983802972071,0.0009893949798476243,-0.007882979057272754,-0.0347942382033124,-0.02338729088888236,-0.02826264728596961,0.0,-0.013473697751729796,-0.02317525923229402,-0.0076201702199957255,-0.020969261495468294,-0.0006132656300130712,-0.00031037634124408964,-0.018601120821940986,-0.00690385891587697,-0.002442036848065876,-0.017716537067665072,-0.04650100520753708,-0.012351815591156279,-0.005666623367932999,-0.025701870584737496,-0.012667531754214312,0.0004973956816958225,-0.005715393942876568,-0.010097954013204347,-0.005503409360266498,-0.003207190007564309
2023-04-17,0.04313331751850735,0.009377014912424375,0.024490661010790893,0.04140516127360261,0.030259066758856035,0.020756865674069758,0.006789962617951506,0.022510802500522287,0.07150801173439292,0.027966507334133084,0.02131907530121624,0.024333896098660546,0.007736550031735678,0.015565068469328258,0.023322284141622296,0.014119081863051441,0.024844723914027034,0.00815011096600049,0.0224598017936517,0.02128394519425636,0.028223133004331658,0.014224266044459366,0.012999953486080962,0.01407977428129481,0.017986305517430523,0.03523612442207802,0.02610646383064119,0.021154236888658806,0.015765113285661103,0.015521771358806058,0.014156990343721976
2023-04-18,-0.0014566070905960293,-0.003112684628616469,-0.004022375584871285,-0.007914127116957603,-0.005817789248939165,-0.0042882494766598445,0.0024393480124820233,0.0016644910445680061,0.014241186639127656,-0.0033618100236491033,0.001793874539020468,-0.004225289088428341,-0.008508763851053258,0.0011238871426166863,-0.01348841926097677,0.006658433968149469,0.0033332420737306467,-0.008648309787083197,-0.0010459665130677642,-0.006658222600353203,0.004628877166056755,-0.013243865679927969,-0.007310038108527039,0.0029752182259361604,-0.0004939846925731128,-0.00044897968862744886,-0.001696035848021693,-0.0022518435509938373,-0.0024346213377183235,0.002791040018245372,-0.003172594777200888
2023-04-19,0.014910778228827803,-0.00028822535114625403,0.011192988446131258,0.023741673805486085,0.009061021540288428,0.0037509951441312417,-0.002433412073576835,0.008685800786026432,-0.01086400780913277,0.0019842729749905974,0.010906662271878753,0.015558613980031888,-0.012324105404656116,0.0,0.007543673951369456,-0.009621130424756652,0.005436578345404008,0.01877492064496522,0.0052355165826902805,0.00931697843363688,0.011720976634531866,-0.004989787650378608,0.008672998956689826,0.002966327691766635,0.008629643779757057,0.006828376270484826,0.010436739004718643,0.00947866290441457,0.004270909954452451,0.01060295986373827,0.001591346084877987
2023-04-20,-0.011258256367559838,-0.012156441838756193,-0.011582724872640893,-0.030055739075490195,-0.004957547136854146,-0.00013843787170197963,-0.009757501526097778,-0.049569354184892944,-0.02341721640626937,-0.0027441238375811583,-0.013365442993353738,-0.017084502344447805,-0.007512964775430397,-0.009593791020863884,-0.014506290466089533,-0.022465078386626147,-0.0030041344098266087,-0.002606113478263117,-0.008854136644319777,-0.008035630704846253,-0.015260479886189615,-0.005153365859869585,0.004704737644041224,-0.005093580655129881,-0.025214948080558797,-0.011511682124539346,0.0,-0.0033533376390353364,0.006075369861693325,-0.004852331983593583,-0.010168408752375568
2023-04-21,0.004926027082349238,-0.00705285312660775,0.0005773102411650299,-0.0030604021214827304,0.003854114265500197,-0.005260205767649184,0.014345715593736763,-0.00756328435196163,0.025358026936807887,0.011318728382679444,0.0004895968229634562,0.003306278608740554,-0.005002503017856097,0.002473186958743989,0.003323763143052272,0.007453387804893019,0.0030131864268547748,0.006159048646019016,0.007882319430859264,0.005088107833013389,0.002677427937893384,0.002954978410478759,0.0064589191263904056,0.0028076403911208025,-0.006766423991404924,-0.0009931005947045879,-0.002402118362451189,0.01345883376918433,0.0063406886119556916,-0.0032947252632712365,-0.0038523097080873647
2023-04-24,-0.003134012942211717,-0.0009796880266379482,-0.0014422619385781044,-0.001726746378443611,-0.0048693885587113295,-0.010993611311124085,0.0037143162318638012,-0.011828129250347597,0.008795610201560278,4.214037297090023e-05,-0.0016313621501232722,-0.0034836717233587278,0.007012254083963665,-0.01336341300441235,0.0033129413258814466,0.008631440221557707,-0.013217351797100041,0.008347264783784558,-0.018769639224620716,-0.0009992257606660226,-0.0031558237359107233,-0.0013518087447921268,-0.003850583579955824,-0.011857817688832428,-0.004904973829585768,-0.0038856772971685993,-0.008909220009843732,0.008853515315498495,-0.004200551228269012,-0.003966698380039602,-0.013857545318190945
2023-04-25,-0.028295047136045026,-0.010787520317223631,-0.008608814771873141,-0.033250059284589795,-0.01326807664829166,-0.008301622912960216,-0.025049844615972483,-0.018075241020494515,0.0015386522661204882,-0.0041513034554171435,-0.011111080357853798,-0.01799891000805054,-0.012350536175723348,-0.0012503735631734791,-0.004245417671700613,-0.026894943339048405,-0.01461188768679722,-0.0018396967247462648,0.0021254907384580246,-0.014268510364654818,-0.020699707017236224,0.006594899277931665,-0.0008051724147866146,0.003500046578940763,-0.01564833283806155,-0.009162656922976242,-0.007288547673077961,0.01711272539344577,-0.004218210540686718,0.014071478043103713,-0.02320264440217812
2023-04-26,-0.004230973725482978,-0.006939633126271105,-0.0030888602460250603,0.017494989485677293,-0.007915343318643409,-0.007661760638582926,0.04992698056854472,-0.017098929661286344,0.00030716104830674773,-0.004675507234516374,-0.004461368555283007,-0.009092146518185351,-0.006318898865489753,-0.012413916341814102,-0.016106161477401626,-0.007537659689144771,-0.007105316652651461,-0.007371842149042185,-0.010604491632643542,-0.002976232132846368,-0.013014003530770535,-0.0047240303320461585,-0.011766656212884974,-0.01229029965499484,-0.005643362317845013,-0.008057260321963633,-0.007097379929720593,-0.011647923820838235,-0.007261575791467245,-0.002880025877960657,-0.023419182588285015
2023-04-27,0.022411046956889447,0.026455067819695532,0.03852459985628909,0.03204381889073882,0.024031553001066408,0.08864736533911866,0.07299777716438993,0.023555831044512088,0.04177331277741381,0.0185213040226615,0.02589220227004385,0.026604554960277582,0.011580389604804564,0.021971019650515622,0.021184456951341524,0.006961982805366862,0.022713128417273465,0.02079471444052472,0.0176848020337399,0.02659435790703868,0.0261191357568884,0.013165468450804463,0.015984357501181545,0.01580628389901051,0.026578789916173795,0.020860246232206503,0.012817355955910825,0.028808373361867146,0.014629686163425859,0.02389391749857861,0.00685167420550048
2023-04-28,0.011896984141169131,-0.006078596066632191,0.015310944984908259,0.010223402378861213,0.03304244044458016,0.006829580727993001,-0.002850864661438579,0.0009758556391912254,-0.025552781386207313,0.005890324284112625,0.023297183458094173,0.039109016493182436,0.006087927751242672,0.02211892388035297,0.03583214532353396,0.016341955057605606,0.015211405116570154,0.004728985643851713,0.010532002295220444,0.016389029891865636,0.0251268644848599,0.008207114391729275,0.012976509375972611,0.016884622053376708,0.01572901709175234,0.024593147360436163,0.005840809131694824,0.019304262428598173,0.01952525777691161,0.015771306750986147,0.01769309896161264
2023-05-01,-0.019004639193827222,-0.023924835683999834,0.0072074227378418065,-0.01030736930779974,0.011085730396219962,-0.0033916269737798155,-0.01091613217938947,-0.008530315302760827,-0.022390337161667384,-0.0028589134144084705,0.006482151118281543,0.004232446869657069,0.0023676324246766356,-0.01223580205058783,-0.015020476312602393,0.0006184422114852151,0.0014984664961437133,0.0023532569486472976,-0.017717499719659857,0.0045513788274291755,-0.02275448915638678,-0.0075975476346074045,-0.009547930182331799,-0.012860247935584157,0.000574867126307943,0.0015001908602041425,-0.002661452522063068,-0.007908512987869099,-0.004714065809017787,-0.012118168834985732,-0.005349443240501461
2023-05-02,-0.018634019082852116,-0.016892259236925056,-0.018825313098537744,-0.030297257093932273,-0.017614787113228614,-0.01701574641091419,-0.01786888187419866,-0.028842994527132904,-0.02249038201548237,-0.02609383494505857,-0.019635560502101357,-0.015816151538314394,-0.007808352123660933,-0.015151567754499107,-0.02125691156873455,-0.012361014954774818,0.006882137751597073,-0.012461542703624318,-0.01697622853661329,-0.027831753731087816,0.0006536136922301594,-0.01975459880816588,-0.013656929111132587,-0.0107189424369728,-0.05382307032063749,-0.012688244124628656,-0.02523047630447084,-0.010278990459589576,-0.03197156590632644,-0.011627854825384865,-0.02319326899146612
2023-05-03,0.016227471286594186,-0.02121043646364107,-0.0025245563443432317,-0.018355724004634588,-0.001097749717380303,-0.013448763738370895,-0.014046863568666357,-0.005568725062375157,0.0004221781370981059,-0.007878610233101213,-0.0012817643318445704,-0.0023945031367968994,-0.026122507438355758,-0.0006236341350780439,0.0047214389660874545,0.018147756378487756,-0.005943639486824304,0.008961147372284373,-0.004317295829984635,-0.004127835919091938,0.013716540471637284,-0.015689884227046424,-0.006841522707194403,-0.005500905488044938,-0.024576008753754652,-0.039803745940027335,0.0002488216280427391,0.008690137312626689,-0.01773714162902884,0.0021976980338296315,0.007570598088547431
2023-05-04,0.0004938884470626626,0.01265819686536096,0.0026434754572153274,0.007758014341925357,-0.0037549286859513975,-0.005803653624441463,0.00868384553798407,-0.0022060023895993375,0.011498939441966227,0.04545400860825355,0.0024064794508193987,-0.00023071095271576247,0.02397106536019744,0.0030163450298394956,0.004699157908425677,0.06392126573109458,-0.0020926238803680164,0.0085191637320019,-0.00054202888530408,-0.0008691383994726687,0.005798948582266927,0.02830225227644223,0.015581435142779432,0.007375154421543018,-0.010874916171747184,0.002416613305429305,0.0017416122768272313,0.0037822912715004264,0.008717460319812353,-0.00799785964408839,-0.009221368174346267
2023-05-05,0.017194541880571235,0.012088508822602817,0.008301981122001978,0.02506911548297408,0.014432797136990194,0.012082532519696931,0.0034974730836507817,0.007653122923320099,0.0056321119529978425,0.014615838917691804,0.014404654602019562,0.015697120617640614,0.026195372788317295,-0.0009333427114701642,0.01897543414005476,0.025996564894101182,0.030257546489901754,0.013479495750692516,0.02006497529753415,0.019672253000620588,0.01897823037101798,0.01932478555641981,0.01663433837190076,0.010648959618808851,0.00541330783760996,0.015762635006763226,0.02657737718274955,0.0016746659300439504,0.012654283622479223,0.024187226209592128,0.02275080516680994
2023-05-08,-0.010433410345347949,-0.017992246561848724,0.0033936107859999787,-0.0194493437121942,0.004621662401890658,-0.01891352923393519,-0.004021386441011132,-0.0179746592722706,0.00985280289419399,0.00016207639959997522,-0.006311172463344339,-0.006227279769118965,0.014475928011259409,-0.020344546092179727,-0.012104328622733918,-0.019144099198948106,-0.0002906441987291508,-0.00709338781787594,-0.016480465870652217,-0.0028873690239547,0.0009430834164319002,0.0048325922719425485,-0.0030183317630216866,-0.01745149905987564,-0.02696261316227755,-0.014148813508862212,-0.0014517707197697627,-0.008568375384418458,0.004876481467792848,-0.030853150925327144,0.002696291981371557
2023-05-09,-0.00915412540845506,0.0016044236437180448,-0.005766222728546766,0.0013748586276249863,-0.002615962913088854,0.003281348998801059,-0.004037725968178307,0.00584338575972021,-0.007805386314977514,-0.01602429747583478,-0.009844378520166397,-0.010611549646086238,-0.003503690972123441,-0.017906362676230247,-0.007539985375356273,0.0045924047872383245,-0.0020517041350575083,-0.003750786157610153,-0.018378314632699566,-0.007568257408603674,-0.0113842328063809,0.0065581861465684455,-0.008604085333398626,-0.01340481194487797,0.004246517813026207,-0.013981505971921826,-0.01259995554136406,-0.012225908604702185,-0.0006063991044396033,0.026070895373683012,0.007058889141181801
2023-05-10,0.008661161043733712,0.014675510530131719,0.004628556848275789,-0.007452486201417918,0.00018083783170097512,0.005859911709873433,0.019594553354624233,0.016232328006573482,0.023393140393190626,0.03025014973868778,0.0046504447100670365,0.0021265604101448066,0.002365365344052739,-0.00312861615955351,0.0009496352144442444,-0.010285817009303422,0.012628466457303311,0.0008965375619187643,-0.0016521631903949618,0.0071619042037922576,0.017153750140544766,0.0024057524063316738,0.002410783817503148,0.0018682471915791865,0.012514887767917093,0.00037562129859169957,0.010061310156825876,0.0038412126676461433,-0.012139734322456297,0.01353417589050765,0.004672918710824092
2023-05-11,-0.015292668080237215,-0.003412136799422427,0.0011657124733148727,-0.023315615784905153,0.0027127880208741573,-0.002303186215530717,-0.0063617726567747335,-0.01899955438973666,-0.011125825644523468,-0.009129818602529705,0.004149980017520205,0.0009687688146990947,-0.026977095169918308,-0.016774965581344503,0.0,-0.026558763487226855,-0.013051122723339303,-0.010926072055141511,-0.007170418150914126,0.00823011711490862,-0.01826979769735948,-0.016699518764567767,-0.009139009963440525,-0.008476045404512078,-0.01687399597331385,-0.0026282867103872842,0.004616102532738475,-0.0072279065620214356,-0.0193548045143056,-0.0028973183346717724,-0.01162799253652158
2023-05-12,-0.007889744347986394,0.023506443052051074,-0.0009980435564290735,-0.020433025797290116,-0.0035169769654317395,-0.0073329837045497115,0.005335487786659376,0.0,-0.006852793307097649,-0.005662841718753309,-0.0017485358266687845,-0.007650447665426108,0.006357831310343176,0.006164072831671197,-0.005218178529206918,-0.007117587337473141,-0.0005875876416013837,-0.0023542518373931287,0.015000098796700279,0.0016978767041380127,-0.0045332250390047735,0.003355854207478748,0.003721635979667015,0.0006838129344619581,0.01570475549704531,0.0009411366719924708,0.000725629650977222,-0.0044968669183717,-0.0006266569958423007,0.0018951445334722816,0.002689041540228976
2023-05-15,0.011300830206982804,-0.024114929008442254,-0.008435888742378439,0.014250493581640988,-0.015022676684915415,0.014500755268326726,0.008093413667537908,-0.023909457203950546,0.01318225571104481,0.0013934149056928913,-0.005413997696275263,-0.005898139186647389,-0.008597193053735297,0.005907337396373169,-0.0014306132842661912,0.010752796882112392,0.002058340241183565,0.010346710551456306,0.022988413242002848,-0.007236430779417491,0.0008788069528344877,-0.006756985558532658,-0.0014509009711417553,0.010251193585145701,-0.006041141622487145,0.005453716056004643,-0.003141638977693595,0.014841909679206955,-0.0025078267793031683,0.018299569321224007,0.008380840829935066
2023-05-16,-0.027398395561972544,-0.022613397327098883,-0.018918760230635434,-0.04174302756946069,-0.025174499528654914,-0.007955824408711676,-0.0014477573768298946,-0.021510140362839603,-0.0485870723498375,-0.03238071024443345,-0.021293605535776083,-0.02293867748146272,-0.02036525133752276,-0.038716627626625644,-0.03151858315762324,0.002363998314405258,-0.025528402531700745,-0.023535837578839702,-0.0337078388891493,-0.024757092093513622,-0.03216791988985923,-0.01748350562106138,-0.02663856488643701,-0.035684058453787304,-0.0148334546381923,-0.029926052150441085,-0.021090928266998876,-0.03285284443881742,-0.022627248397367183,-0.0324471985278556,-0.02559829818324244
2023-05-17,0.013021249685160274,0.01947235398132574,0.010782817947806222,0.044623834455099765,0.00640900417583512,0.02433058207085015,0.0017134209662832411,0.02691790242423897,0.02158131166582611,0.01654373941977938,0.007197736007703126,0.008750109702564846,0.0005364667735154871,0.023418895115035587,0.00641018298361673,0.004717080810239027,0.011743459588396066,0.01692738480972733,0.0276853726684978,0.0033667716183363172,0.011958779837458522,-0.006335532581491887,0.005971098057114377,0.030866343938491747,0.012166231279372886,0.02477574473990307,0.003962403909119061,0.004602144040885658,0.012861683437568106,-0.00025796481335982335,0.005799985894595405
2023-05-18,-0.01781051862396532,-0.019151650743012283,-0.006998900174094103,0.003864872812103348,0.001592010786204412,0.01924093599387544,0.02671051025390625,-0.004019277887421069,-0.01485059072512418,-0.009558650490209653,-0.0037356278266172938,-0.006351504643918537,-0.00013404478280676368,-0.01315496376081593,-0.010289060751013768,0.01819246193106938,-0.0017855546120296717,-0.0018093357137909383,-0.009698162114293307,-0.004227833137370185,-0.005215997859322252,-0.007734549870677232,-0.009563087851803709,-0.00918676694657694,0.0012787198881825113,-0.007149636067250054,-0.00764682118301474,-0.017233875471141413,-0.004126920154183367,-0.008127988355834836,0.001356867841045828
2023-05-19,-0.009494574909441278,-0.0015705878644128868,0.0017620352264442474,-0.0054710854774693285,-0.004207491142801056,0.006119011009531494,0.006023340100677066,-0.007983069613208493,-0.036624154772777584,0.003327923235365793,0.0017932897670869252,0.0007154606959911547,-0.007239388673845326,-0.005937103962265766,-0.014851563307065385,-0.016138438858397164,-0.0002983188955607563,0.0034439263584897795,-0.003264451253387368,-0.0013479094192287988,0.008192642189631671,0.0003509354404953591,-0.0016647350107278358,-0.010473907655644488,-0.006513149514028371,-0.0017053970882243696,0.0027343221194846556,-0.006215222714544666,0.00733179966688513,-0.004422479258302414,0.002371317632833936
2023-05-22,0.016321209791867464,0.014365942708841839,0.0027235481216218993,0.019967422625065234,-0.0021596639275879292,0.010093152065445254,0.017197432791351552,0.017509726941092207,0.0083746846929047,0.004339493327659705,0.005695766209086406,0.00581563472994584,0.003713556688174968,0.016452611955685592,0.01005030494485415,0.002929235739265401,0.003280855798015736,-0.005780262594595964,0.02510928350109798,-0.006478592913834902,0.009507603602180614,-0.001368732299659392,0.006169797208297245,0.014055131380736663,0.013197399165281398,0.005884610746118568,0.0076846354181929755,-0.00804106481782818,0.0003164700939526366,-0.0006532535972936238,-0.009462634180265606
2023-05-23,0.0035687125148760046,-0.027497769073821732,-0.008940706607294402,0.015980843900928576,-0.0037639891774212675,-0.024724575525730375,-0.01690668127637618,-0.018251354814264542,-0.011802052059298851,-0.036637108695022125,-0.014077690201448778,0.0010426683005877457,-0.003767246858999429,-0.009090959962144152,0.002487526374508109,-0.01752338445832391,-0.009809800253624434,-0.005995743798305808,-0.019169312172111153,-0.006792544792655342,-0.005554147531663722,0.010509326329183777,-0.003977499180116917,-0.015058103444931303,-0.025501187980834672,-0.017456253476343053,-0.010086061272911895,0.0020265177039968663,-0.016450485746789312,-0.004183657134600116,-0.00409421296615442
2023-05-24,-0.031750087526120074,-0.025299040767006842,-0.01764307163454515,-0.04935122550664717,-0.020402350582743978,-0.021279327146104254,0.0020382632115842902,-0.01805956433689382,-0.04356959516133774,-0.031041486812843355,-0.02133597563841605,-0.014108495522715203,-0.011006800973592856,-0.02181679826052918,-0.025310240074266743,-0.014863156892903073,-0.011107914317111,-0.023030522112674423,-0.021172583447181537,-0.009232659289973744,-0.020398305002476746,-0.014295654679218228,-0.016805318748266185,-0.02102158904885998,-0.02686277314850538,-0.018918560667912754,-0.01988075152938651,-0.036853992557045356,-0.015439048438273928,-0.025469261388676112,-0.020555022616501772
2023-05-25,-0.02745712794707844,-0.004525868069404249,-0.009183295996156193,-0.015511882436015423,-0.007424487297711169,0.006173655499722264,-0.014492842181141552,0.012080780934272228,0.06625056164268228,0.04751330336512649,-0.0026831745940307794,-0.006819058802967959,-0.007305828690512106,-0.01727111588195762,-0.018329817229067902,0.009655846811889468,-0.001214180950322885,0.004864352837149033,-0.007765061619837588,-0.002415966081966925,0.007932545308307226,-0.0009881977930434882,-0.011000205236210259,-0.021118059367425723,-0.007565322517261164,-0.008907556114266968,-0.011156067238753176,-0.0011665484021833317,-0.010780762612091599,-0.008217706878987707,-0.005246531674048427
2023-05-26,0.004945112086322423,-0.0020816029895878163,0.0073911628164953225,0.0029412518922491415,0.009519980195447086,0.008003180797006682,0.012512916185605683,-0.004453887604364604,0.0723270383942256,0.03095048247119836,0.0028585760959183304,0.017213021752706448,0.008184941527213718,0.013268211101406857,0.009854690966865087,0.0029887657967035963,0.014893549560436092,-0.0024203660945664174,0.01006159060451739,0.009964050613996633,0.02434831274093341,0.012645412108128973,0.00376460940602219,0.014140665792594875,0.009472291997715931,0.01096283883636695,0.005897264147578518,0.0016352219374586863,0.00825625707701172,-0.0010866619188287796,-0.006680757257690462
2023-05-30,0.006620874747772065,-0.000987907312955727,0.005823163766802475,0.02597389968461461,0.00240561585778587,-0.006880993054999562,0.0020385229515114123,0.0040264820215532016,0.017291800040124317,0.007350912879078075,0.006371537015734452,0.019631119843064093,-0.002797088632840228,0.002641921765272004,0.02311255380747035,-0.011323004070683207,0.00598978818982876,-0.003359441021445142,0.0044271993351394645,0.007947280633010978,-0.005122134579453652,0.0077087108421523,0.004432201245398115,-0.0028601482700525427,-0.008757853541704552,0.011234891403684388,-0.0007646419593156928,0.006296568956538406,-0.00032756156816182713,-0.00557520069227968,0.011681396356586049
2023-05-31,0.008443590091702369,0.013406605946368888,0.007236813558004984,-0.006329083930058821,0.0028799773677783413,-0.0017322435379895085,0.009535918441822444,0.008911814958586062,0.01848911814665155,0.015030479939954322,0.012995678214705153,0.0072258093465904505,-0.012998549693254202,0.010424916729143474,0.002007963664139467,0.0006027854146932743,0.00863360228529686,0.00037448030909281727,0.012672178298996029,-0.000407888955219482,0.0019307758592876922,-0.019383955650549844,0.013210648054350571,0.00878450938807207,-0.00027042453741599193,0.015843999211205162,0.011989797508367595,-0.0002318144646946685,0.01343377514597277,0.02023794530073375,0.0027991926948263135
2023-06-01,-0.009606859421823488,0.013934072772363137,0.015576419447749457,-0.012738792748591021,0.0014358910905434286,0.0013347367400569077,0.004156194265904745,-0.009274698062095466,0.022642996289841344,0.010341395653803431,0.013322338775022091,0.01439409490948007,-0.006307617873677396,-0.005101988808136837,0.009018025102408789,0.00903603438814704,-0.000885629485373185,-0.005054254642182232,-0.009249260533738868,-0.000951952931756872,-0.015335282272624484,0.0004589320356700455,-0.0033646548486360173,0.0023103336206531377,-0.00491485007343373,-0.016642985333401472,0.010587344875018445,0.009040402421989668,0.00032332541892365896,0.0,0.002458810584273996
2023-06-02,0.02669757833406572,0.02213777992889643,0.025524988001897064,0.053902190822562535,0.02867521730134559,0.028125842505573928,0.02696593259703417,0.016405005967891295,0.004962800199355577,0.00577480227521332,0.024022113152347258,0.042797951867508566,0.01876395878834969,0.038632448305043976,0.02879850673395845,0.050746328979103694,0.018907060130067377,0.03913454625519153,0.030203296454492046,0.025456124280563097,0.01859106011390743,0.01749991993224498,0.0077650583884982805,0.03297864061949851,0.022474976947777003,0.03007735997927319,0.026689877934420014,0.04043181546290975,0.021654839802152548,0.01541349304110562,0.010161061717107955
2023-06-05,0.0005199507773547829,-0.013130955501420072,0.0017108750159549047,-0.018759986840032772,0.009756456095801447,-0.014002259044710308,0.0014655929483073926,-0.010526191463928747,-0.004558486979303944,-0.005979296968086967,0.00507210863489771,-0.014570213923243758,-0.011023605707771389,-0.007022165033425565,-0.0072394678502772924,-0.010795512010185249,-0.0005798640700748203,0.005250688343312326,-0.00319822096046396,-0.00212401750765423,-0.0023215762081080227,-0.018170004644935678,0.004857607127792152,-0.004634381907310359,-0.0061156322507263106,0.0003755507520517565,0.0007289792318470045,-0.013910427726336994,0.0063270857739659014,0.0043557611185565115,-0.016302433804247785
2023-06-06,0.024170580447584245,0.002491507883686239,0.008594447438226016,0.04729333504186117,0.01085858293513775,0.020381267063308117,0.003780458031631184,0.0016843282043501606,0.004960831650478115,-0.014407583652387923,0.008200605583946086,0.0020425007477460344,-0.007753992344909255,0.02961329799309209,0.029654928797679503,0.011487664438697864,-0.007832876865108362,0.003602377166366244,0.013368818324093867,0.005055279081954911,0.00962852950582449,-0.011089331673549419,0.00033336752655954704,0.018451563102629853,-0.0016944285267809223,0.02458937726285959,0.00825431127680698,0.01500247587810577,0.004401207327224821,0.033644494188227014,0.020451381235508936
2023-06-07,0.030197894253511715,0.009623972595932395,0.01660569196564321,0.046886924813517306,0.03095137391663849,0.030154690893009928,-0.03231680368865619,0.016992720497948977,-0.01632797360973315,-0.0044189543926324015,0.013608715927374782,0.022686957769520344,0.04312015594590002,0.04314219016598564,0.007554224710905055,0.0062464129990877915,0.007602267565821386,0.011485974972458513,0.036859026953731666,0.0254796810936615,0.01772234956794838,0.042355489348232744,0.016497145806158686,0.031154676283925875,0.01710660709265488,0.03233483716959018,0.017096145202133872,0.023383932893254578,0.017214310660737198,0.022504781247472128,0.018659279147358765
2023-06-08,-0.01026357587904514,-0.004766076299385413,0.0015582333147501348,-0.011013120880097649,0.00026480287286823057,-0.016387354865900594,0.016195868057933493,0.005656518873840888,0.008589011247194911,0.01535955047741755,0.006635797647108532,0.009488784034163311,-0.02240802544928655,-0.011213865412681434,-0.019212691634758694,0.006207749894883818,0.008415519193782695,-0.009403725995154932,-0.009788798268722254,-0.012261941662195963,-0.024597803859382594,-0.005653142672820244,-0.0022949351283860775,-0.003940966617188901,0.005533156845737963,-0.010284128615187238,-0.003551142790850781,-0.035567960399016885,-0.004615411650396806,-0.007709529445755869,-0.0006784206331000853
2023-06-09,0.0004147846611755046,-0.0143142793063199,0.010246804555900102,0.004268700708372597,-0.0003530927124842931,0.003942581696768421,-0.00988390199687661,-0.013845618100588708,-0.002487773313469721,-0.008809745090190169,0.014563730929788354,0.005622555729733358,-0.01128963953703499,0.00031215007230156466,-0.011466779335417399,-0.005608531346256385,-0.013237425148791782,0.0042986657509862525,0.00936523550396795,0.007971312019099841,-0.02882083540789382,-0.011611881652640488,0.0008214078273345304,-0.0008241723300800308,-0.021224592730340275,0.009023760920479518,0.010928925423606017,0.021904311717906078,-0.0015455428500881219,0.016290639305678756,0.006788812001136568
2023-06-12,0.003399994137715634,0.006727065815716804,-0.004142131611121425,0.004989873587551763,-0.011391696119968708,-0.007474080935367167,0.007362165856983571,0.010530025523351805,0.010551508213894278,0.013701852303716233,-0.008008436173402966,-0.010542110544681571,0.006020658675243151,-0.008321240335514068,0.0028998527475765368,-0.0062041359034352705,-0.01983071389043245,0.0053504206192747095,-0.0015464071379174271,-0.009982586974863539,-0.01393119679707655,0.0029283949152225652,0.0009851263461269077,0.005279612279873502,0.010485432923783344,-0.006684722942850718,-0.0016451079086319265,0.0076553706263322585,-0.006191986578708231,0.008754629769692324,0.005394492912786042
2023-06-13,0.008760304927390328,0.013046346113544383,0.008265374958652982,0.010114034766874891,0.005180844948865726,0.011359277689614755,0.015235918201326637,0.0038207787907653668,-0.003512018691952945,0.0035947612719784416,0.005178965013454162,0.01043869082239035,0.0035769861519101553,-0.0060835589138121815,0.0024096989076518582,-0.01021565273086189,0.01219874248636188,0.00017744473577252506,-0.005162505164278519,0.0062200869691622085,0.014462386343876199,0.0011591292769870254,0.0036082948495319567,0.0021566351659123573,0.0135117970677201,0.00909428671488488,0.003295730263490615,-0.0034730936260523038,0.004361507510860507,0.00171128337265114,0.023474250415303377
2023-06-14,-0.0011470247909257658,0.010470013778211218,0.005711845729662102,-0.012743526109362024,-0.006842563191414852,-0.010726886635994415,0.01024895042299101,0.003288510166710168,0.016673019798475908,0.02536389740670897,0.005758544662836762,-0.003671250061350828,-0.006584673997613866,-0.004748790892655008,-0.004807623143524564,0.0011466989136728056,0.0005877602544526184,0.017198407412440275,0.0015567375474747625,-0.001821993364206409,0.007581435599960384,-0.0031577607694185383,-0.00016344714868476995,0.007118025237437875,0.0012634846831200974,-0.0005407594222754941,0.011497025676379335,0.008930531282693499,0.004342382844912063,-0.0050029595011604755,0.0
2023-06-15,-0.006315589610989991,0.0147297566059581,0.0019457429853024788,0.018439965025820237,0.0034001075584431106,0.0035718686245307385,0.015338123143214588,0.02167637254784105,-0.0009479876242194374,0.004936821120530288,-0.0003013959654487586,0.00604138051498615,0.017164273469960856,0.006361988427867615,0.002898451762466392,-0.020045728752095426,0.00881317609250809,0.007757357860105563,0.004144983289785964,0.005019652835406063,0.0026359599560321634,0.012389254237306746,0.0008173693401118953,0.0,0.01797051405957739,0.00018032701143222418,-0.0018558307795321083,-0.004101859118321172,0.0049413013767591885,-0.01704685788140481,0.007863696019966948
2023-06-16,-0.04704905939848991,-0.007103555480174051,0.010077114018831823,-0.003440107706710771,0.008649911274691169,-0.010931748193316326,0.0008326358401131717,-0.019505509190388515,-0.0019925376628998626,-0.0012826159702890028,0.005576497088734422,0.009028919725467599,-0.0034298782528137117,0.010746958129391748,-0.0043352547712505185,-0.003506794873271879,0.0017473047783973517,-0.006997870994668309,0.003612142364837201,0.0072646076782865165,0.007476149046037994,-0.0018774420897923472,0.002612995055042866,0.00493093263473976,-0.014447484352200446,0.01685899025998161,0.009063423911097379,-0.0010838556587933201,-0.006146317158155945,0.003243919533953976,0.007802278042330579
2023-06-20,-0.012213144594116265,-0.01472328454458216,-0.011691405238551278,-0.016896865512273207,-0.01352659832450498,-0.01118101972092167,0.013905374107825885,-0.0188465540022158,-0.00266207032311061,0.002093451152621606,-0.010191817780547785,-0.011480723264123194,-0.010187088854446746,-0.01751271270290322,-0.023705761049570673,-0.02580647007152248,-0.000290747362688637,-0.023079668817486243,-0.011311098191356561,-0.010818420851198773,-0.01459682160042075,-0.007244800760645931,-0.017266642564457868,-0.007850806023218748,-0.02589239401423926,-0.018263982139124058,-0.012206306289053948,-0.014322997677208904,-0.013296219353066463,-0.014799162881079742,0.008387092195384804
2023-06-21,-0.007278140823079315,-0.003736008665937929,-0.004311111305302817,0.0012936572335675578,-0.005646273325715212,-0.0028593867133116513,0.026608889197327956,-0.002578848369265252,-0.005338499894421367,-0.015687484397113982,-0.008025532052976736,-0.006490109872250738,0.015368427931334638,-0.00858642865134085,-0.015361756338370669,0.0018061190479030653,-0.006106334285164161,0.001803453976515712,-0.006760269296138932,-0.01236890700672455,-0.0012412243906287923,0.009613354868030388,-0.011934315946408702,-0.016815022046268058,-0.01518254588726442,0.0,-0.010258783119453274,-0.010127760404840647,-0.012055882239801252,-0.0029033089475963836,-0.011516284799047316
2023-06-22,-0.020846179964718936,-0.015369128447393798,-0.023180959842129645,-0.03469910121631781,-0.02406487128056667,-0.006256560861524929,-0.013473398955300864,-0.022378749017503252,0.010830021848796001,-0.027356726612013493,-0.020302163229334647,-0.0330066584358607,-0.01917661418448313,-0.011475617383201686,-0.01660792974674019,-0.00841334008434702,-0.01784677179223837,-0.012601311581668106,-0.013088963536808218,-0.017269878527629512,-0.016819958127249235,-0.01549907657396199,-0.002348581066983102,-0.012575496925796625,0.006284195203882126,-0.014901133070641559,-0.02921085066755369,-0.010453601432271142,-0.0006422399921899302,-0.006709812021005956,-0.0016181412698287323
2023-06-23,-0.015967585244644145,-0.0021455556341626325,-0.019568591827803572,-0.015296386718563149,-0.022349372743459495,-0.013247567354876644,0.004050908193748759,-0.0019151827763140838,-0.012515411312085445,-0.0011781591595374508,-0.01821562885304051,-0.022133323789361392,-0.008728464414168635,-0.013251591718495881,-0.013817791059596685,-0.015757604938173242,-0.024724319056343758,-0.016043730822125513,-0.022811722406926194,-0.023140319067061488,-0.014832289544871147,0.0009883325672481735,-0.011938856382393448,-0.015112876572101919,0.002246413971227712,-0.012284578669731205,-0.02378069719035203,-0.00044957654356236887,-0.0157454954197932,-0.02778477906486365,-0.01426257213378368
2023-06-26,0.049779997731696835,0.011288553957941705,0.02563820592816568,0.09883492274146843,0.02720565269820452,0.004386470649143437,0.012218992029899178,0.012335483263100855,0.029284693538698114,0.018536180944265457,0.033675422162647406,0.03895095038766305,0.026415854086702106,0.024861242154418983,0.031136439165386554,0.011699569483649475,0.02626733612501697,0.012229086986368598,0.03365915115731277,0.0278768662775295,0.018049600219915085,0.018548602104366596,0.020251884078739568,0.025689671136086778,0.005603378346992427,0.03090772716189294,0.03132000737406915,0.0314818633539824,0.025138770749423722,0.043130496368984694,0.016770824164167086
2023-06-27,0.011964003809960655,-0.0021794291221870488,0.010160179077423503,0.02049827068316823,0.009196300423519599,0.03189523213312051,0.024029161473824168,0.005144884037579844,0.016977548218184202,0.006947926616211797,0.011945414991100245,0.010674097350833689,0.00974533197537819,0.021984034131306007,0.01409151070446546,0.012172685589783017,0.013988278547914845,0.020318486637803,0.017856940356592466,0.011690081473050062,0.01562894090652689,0.0022850583574813843,0.004003342870206206,0.014120001487266887,0.005215500219928337,0.018006660257767093,0.017353590507427352,0.023762770418221058,-0.009872603736729935,0.014704044195786636,0.029754216348883977
2023-06-28,-0.028909165383461,0.02072236563444907,-0.0061199897496722055,-0.0162769990014634,-0.015673403949511555,0.006412722741720778,-0.006561347307660226,0.01993535577893768,0.005228431259602706,0.005201157263131417,-0.007052055264139656,-0.0032895807273771727,0.005913156436221811,0.00010599343732908828,-0.016377150948836072,-0.006013116719213452,0.005576674544718552,-0.0048439079329343215,-0.003611838517060817,-0.007791305641323243,-0.0022338155365679846,-0.0013126826432412475,-0.0006645196729850866,0.00033146041523490766,0.008292640555928044,-0.0024763362223806373,-0.0007108453205624254,-0.008091913188267963,-0.002894790743852127,-0.008422101267101745,0.042713589769638016
2023-06-29,0.018689953894743594,0.005845195673995773,0.015828419319996012,0.022747558019104774,0.014857023729921925,0.023321037372073805,0.008843623635219844,0.004402175879862469,0.020896079370847476,0.010179430427412317,0.01003549775863033,0.022416216070381578,-0.0002028197107851737,0.020873042241053685,0.008072577511603285,0.018925519072591657,-0.0037944769685146484,0.012439106441956893,0.020196785754074353,0.011978503011191632,0.007462743504729419,-0.0018330943435144187,0.0011637154874237776,0.022038137129585023,0.010159679737142602,0.01746614312871797,0.01659557361057895,0.022327178395178837,0.012257983106673809,0.004121911358023533,0.003915660304377511
2023-06-30,0.001058423999918956,0.006278254118358584,0.006541180601150831,0.008581468224762911,0.0023938970543935234,0.005105803451222579,-0.012427904044027716,-0.001227184820248084,0.017786979033266537,0.008892821292111774,0.00840728247367828,0.005277448504159565,0.005947209339321358,0.004359108243878751,0.006006097434809066,0.00838820693077702,0.007910907168409587,0.011752135419503595,0.0010151056245899515,-0.0013810901250572716,0.009300361040421645,0.011400279705768623,-0.002901717431010531,0.0014591466097932937,0.009056032952984738,0.006273967403816361,0.0018656015154199235,0.002120007989822481,0.001593444897156182,0.0062197795362985975,0.005400438839940458
2023-07-03,0.023173871518819444,0.005671799484862516,0.006498589503409091,0.014759472480954994,0.011481596073584788,0.013505191173950326,-0.016741549031118352,0.01342808699113629,0.011943404160605908,-0.0007398979197282829,0.007882265965311719,0.009773740970046907,0.010547537799739493,0.005580242859478002,0.023880566609106202,0.029114564374722596,0.01337210721990445,0.007919798606119244,0.020284112546933963,0.012379895466128055,0.009948600902531357,0.003802924152457976,0.006857322560451351,0.009875347855709649,0.00979469087673257,0.013508819289733909,0.016294257978413773,0.020943480821375315,0.01272671805583303,0.007170139609847137,0.000895334447097218
2023-07-05,0.007319988872149352,0.017022183933351087,-0.0018372459520014095,-0.006331243243505202,-0.005357826145056865,0.0020782171467370603,0.012684271320478002,0.020784638267510314,0.0006075069431292768,0.008629534600668176,0.0007521587624912396,-0.005748319732302276,-0.005118945859115431,-0.003391224557503625,0.00923228473937221,-0.008082980527872485,-0.005737318628409649,0.016762712596925855,0.003976149929446393,-0.0007154784192683339,0.0011303958358279687,-0.0036862135591596568,0.007142846896126542,-0.0019237177701579844,0.02965430389093715,0.009996488519907754,-0.006184143698505173,0.010774956090461973,-0.01570849555642173,-0.003559594855251036,-0.008944529829005177
2023-07-06,0.0,-0.011847143644903468,0.011885370745479573,-0.011193397041716069,0.004199792336093688,-0.0008539672292519063,-0.006544818473017466,-0.010095836198519947,-0.007025195186440292,-0.01111217503971973,0.007514293926939919,-0.0016154672884421961,-0.00801874949606396,0.001031167431540858,-0.0024072836110505813,-0.0005821425671626024,0.0025966463403981344,0.000686914814141959,0.0014850660156202622,0.0008461247889750556,-0.008065165896874782,-0.0032885911275140067,-0.012040184794946618,-0.004176036661304838,-0.008258302469547396,0.007528953955830087,-0.0009218367783992987,-0.012300139186520065,-0.012448104762123324,-0.010963203425024992,-0.017448891174146164
2023-07-07,0.00034201631391805876,-0.0023467793247552438,-0.006964248414466301,0.028909878332886274,-0.011001065281779132,-0.0003662854546760963,-0.014311700626166712,-0.009856086653002971,-0.00602669684348367,-0.011557204016809042,-0.007458250440945835,-0.006812900389085996,-0.0022229921594337787,-0.011330836196164373,-0.008204685891788244,0.016307532847185113,-0.00028759413564305447,-0.005491679863902865,-0.016312375756907693,-0.003837076289730068,-0.008130741677367492,-0.013266911407236792,-0.005509362771124904,-0.011129031670481626,0.007824947022977202,-0.004617865394001441,-0.0065222632184279705,-0.0058114401439024466,0.00614084546989746,-0.0059784284166655155,0.024188623779568985
2023-07-10,-0.008119026597064205,-0.010227617761554564,0.0064896698056653435,0.004570025865458405,0.0035852340263229365,0.01795521609860895,0.015441391866034992,-0.003289221488328664,0.0018453541331562295,0.014424325165864227,0.004809073117949092,0.004458785720350633,0.00945187771880196,0.010731430904295403,0.0019465015277724262,0.019484223517087562,0.000287676869823672,0.014150062126417229,-0.00552756156218126,0.001240443748131037,-0.0014755167160787064,0.013305900339052101,-0.004196658172221812,0.0008155644245717575,-0.01253891160740761,0.02024452628691442,0.0014067510875923617,0.0014612916882934535,0.012849429276762248,-0.008018953696596332,0.013452951537295643
2023-07-11,0.019989659732591702,0.005425020106044398,0.00967194035787644,0.02695877272091396,0.016213351128863573,0.005519639237829388,0.0023831034717121113,0.00686067209592478,0.021138445488082747,0.004697162412406364,0.009721852441815892,0.01621915541035146,0.01631891081704895,0.02752285836349455,0.024769273911858347,0.001686211967624418,0.014388588696426119,-0.003913501803055608,0.024759959239240903,0.015062580424458627,0.01157541019122843,0.010140600980254932,0.019892107597003106,0.023305119436769717,0.016776687410677393,0.01703191736559062,0.014282396125328445,0.01709405313666168,0.00824609589598091,0.021851724324693178,0.004129703429908371
2023-07-12,-0.00523735279193871,0.00426510773534261,0.0008241006869187384,0.0011484127840921676,0.0021632978073506948,0.03138421429165805,0.002377437791457382,0.00431256807975644,0.011424180601470768,0.004764191031072285,-0.001333291292616945,0.010920265828094244,0.006160954829354637,0.00030096313678673603,-0.006161067576279766,-0.010662140173944179,0.0014183496337694113,0.013836597148956242,0.008382596704066048,0.010278196628690672,0.016393404560677727,0.008235169122509989,-0.0031405382938305415,0.0050963343133785255,0.006037551928872009,-0.004633783619163778,-0.003000970234432798,-0.009838094190175894,0.0037747728324555307,-0.01495674529772184,0.0011750788044380123
2023-07-13,0.009935423688573808,0.007214810034724239,0.007152639793216675,0.017863028927533664,0.0067457827296864,0.021636037718144596,0.0016941667531946702,-0.009189289302680481,0.004586015714694414,0.013352154829205043,0.00889955033863088,0.015538634986918431,0.01692119464289621,0.009427367066977776,0.01955168359216386,0.009075531317829455,0.005665805779693001,-0.004043712328306359,0.01075789293842,-0.0008982638972702128,0.013653809169691167,0.00857299472972839,0.01061193810981731,0.00475357212099925,0.002343006109384538,-0.004900448668928248,0.005325334608946353,0.00434691160071865,-0.01692259877992086,0.014681900888719124,0.0020540592700750704
2023-07-14,0.005381355098184493,-0.014580309136363878,0.011189555504329318,-0.010465312139453009,0.00017865713308951037,-0.014835845330836595,0.0067651196031648375,0.002426994484066247,-8.456042312010581e-05,0.005352857768241126,0.007203839755259178,0.004132095055257912,0.008481701705405964,-0.0037755117374557168,0.0009355139032927173,-0.02192241916629878,-0.0028169426399560216,0.006767015555998235,-0.00774060589876846,0.0028896039213774927,0.006301741749672463,0.009437228506413042,-0.002132934680598164,-0.00015771094114735984,-0.00032810525394610934,-0.004596116571205178,-0.0011515334215228545,-0.009274518069980475,0.004462842861874261,-0.010883013917921347,-0.0020498487592288672
2023-07-17,-0.017479240192378898,-0.03974843456370569,-0.01940276882882519,-0.008948907486104551,-0.010719044099693043,0.013219928200019826,0.014783286832676934,-0.048940815896596046,-0.00059177589211723,0.002283638439601665,-0.009633728920136253,-0.011856230384201583,0.004237338332327312,0.004986589220868476,-0.010747710708089664,0.0022987885351535287,-0.0019772977173998507,0.02974288192420116,0.006338370406212768,-0.017223592339668414,0.0018004111178806514,-0.0035473133490800945,0.007727648771002293,0.006940068865689097,-0.0722812691573177,0.0030508190806466384,-0.01222039836871791,-0.003328537584797564,0.0012693971594348596,-0.008752289902365207,0.007335877425123094
2023-07-18,-0.00519239201922117,-0.0025233371571780072,-0.0052558683161977315,0.020850371960247527,-0.0011738201254302139,0.004084418117137334,0.006842542130070406,0.005182304935980042,-0.007613615959348841,-0.01433930720479104,-0.007221774426164118,-0.011297625847371706,-0.03906149476208154,0.0027786309623740735,-0.012753973806890806,0.013761549884345525,-0.014152263617951522,0.008975205491535743,-0.006298448506593446,-0.011727195846672145,-0.03109869976959223,-0.020627446707500274,-0.004894650341814688,-0.0017230743178966446,0.008489955470954103,-0.0010686439058927855,-0.010037336662350516,-0.006470467489814613,0.0,-0.008577102986448537,0.005534332413211995
2023-07-19,0.02181904054948891,0.017869673322059576,0.007148380951368827,0.03602448029469363,0.006960705531022571,0.004632809741348831,0.004165266243948862,0.0265919419551095,0.032904254086431495,0.021030428971515303,0.010391785656615582,0.013595341834447883,-0.0089814645366052,0.014052399654511216,0.024880478680576523,-0.0005656792816085554,0.013493951793598136,0.006469386965113344,0.01706488757168345,0.008108619948809181,-0.009838685368406153,-0.004790051171368215,0.012133045730253977,0.016005009677285686,0.02718468304344035,0.015552974313256973,0.00825270101028508,0.01281517755860584,0.019017500438945234,0.0231552299659068,-0.007242148906337009
2023-07-20,0.015324123360604514,-0.02358422871347443,0.012138031651877323,-0.015988823953332343,0.006553612480439064,-0.01079751067737622,-0.015173009282693717,-0.052863483099930164,-0.019889364272715038,-0.0027315424953100464,0.007493461308013316,0.003661768186883352,-0.014366256472841066,0.004977067342043284,0.010737675839517014,-0.011318649207517018,0.010481497201794587,-0.003856631781937847,0.00047932837569408804,0.0046430016266891805,0.007981791818838069,-0.013414691663844458,0.014417703236371482,0.010501923071140062,-0.048704554264958566,0.002755060393097253,0.007483767783520001,0.030699038455176186,0.017418274309672244,0.019771212610889988,0.0017509574457421628
2023-07-21,0.016329853385267157,0.001299759945300627,0.0029473553527314955,0.0,0.006956862975062261,-0.002615073740985019,0.005098637533238026,-0.0020464818672289997,0.011704240718428238,-0.00418255789901234,0.007145944398246229,0.00491922406851808,-0.005108216933620846,0.0026218687870958046,0.004618870864477875,0.005724113840341216,0.013176511874424923,-0.0016131878609874084,0.0023957758051191824,0.007420365566171538,0.013574676464889857,0.009341634178428704,0.0020759892166661853,0.005654915411364536,0.016961323466552436,-0.0008080743326629447,0.004410307427914262,-0.0032199418595729723,0.0024457759284315372,0.0036579981701987396,0.0014563559260576397
2023-07-24,-0.0009737364079460686,0.03212723785005078,-0.004509304643742773,0.016879676226296603,-0.000620031074693439,-0.005471994416939241,-0.0011027621723043168,0.03905666442688105,0.024719125253797047,0.014842953103809897,-0.006081587777075459,-0.003018703742812767,0.0021906950289682925,-0.0008715953471924998,0.01701150286709563,-0.007968081409026606,0.0005533899104879225,0.004201027817810399,0.001912002294627957,-6.466042665320693e-05,0.012515909479806187,0.013437036291010118,0.009880384187882063,-0.0006078117840678798,0.0042799275589766594,0.006146420730063662,-0.0009243661251066015,0.0030284125543322826,0.0027447698564806444,0.00437380606134119,-0.002617920371120963
2023-07-25,0.0051985761656374585,-0.02117072071529358,-0.020460039836253885,-0.017685422368619585,-0.01790313008238975,0.009972521410885227,0.013468770104229089,-0.008432767567137622,-0.020305350392662458,-0.003210971880754032,-0.020687711521166663,-0.018944363153203136,-0.008334026237867276,-0.008433577781358337,-0.004972928214312278,0.0022948319700328845,-0.016869435262395593,-0.0012872403962924661,-0.017175462608098768,-0.01893248197909969,0.0007085684117658086,-0.006528055425647605,-0.004418385035917072,-0.00653892763931796,-0.0323798978726888,-0.005787383358778819,-0.02266950332611173,-0.007850193267511019,-0.001216505585917238,0.0032659055489216993,0.0026247918672199777
2023-07-26,0.029090918033115587,0.01707805373245752,-0.0036891557796800978,0.03553385568067635,0.009385477059699054,0.0028373623682693694,-0.08082794718597519,0.017461268917577488,-0.016415289028548163,-0.00421312262182072,0.002231623210969369,-0.0013346074184613643,-0.004201872754146629,0.006256747605540847,0.009086827257798413,-0.0028619439828759807,-0.0008439161710669385,0.005799891092159948,0.0063105829397298585,0.007179079272521038,0.017151895241900084,0.006298572780829348,0.010461216489889624,0.009030942974509681,0.027969376261073542,0.0038806511278155487,0.006153849848576032,-0.008520969640316456,-0.0027405906606023933,0.0036170749454009776,0.0
2023-07-27,-0.01217116924912054,0.01710701253898783,-0.02800523622037354,-0.014488372341320166,-0.027357993441163297,-0.057831604516228485,-0.050011776827092236,-0.020985157180945513,-0.029416666371873124,-0.020860330705308905,-0.025233793478434463,-0.032157005391796556,-0.01777802328992595,-0.022928181859083185,-0.017559635502856996,0.006314665204838921,-0.017736438364963747,-0.021624236080197923,-0.027013942340878172,-0.02269166839096526,-0.033570489343231036,-0.024495144131169266,-0.024470604259377304,-0.020631053909226482,-0.01766781476813417,-0.009422541412063445,-0.044695357158004656,-0.017802374939551835,-0.025038193616440108,-0.02426719503587349,-0.007853424302267764
2023-07-28,0.005643916108154068,-0.02204618767084776,-0.0013412682602396142,0.02058177372258152,-0.0025738213922337216,-0.01021019188133443,0.018962033104108933,-0.010535852564878656,0.06626142566672577,0.0016204465170159832,-0.013095903845628643,0.02399134814040038,-0.008099225394040843,0.0035795192428520473,-0.004124650944748676,0.03707916018702773,0.016623715582677168,-0.008513414376333461,0.0004958231642548938,-0.004750702148288433,-0.010324990741639284,-0.023583975453695838,-0.011577397806910028,0.004956672171868348,-0.015827286108245353,0.012032500869404883,-0.009110998910820012,0.0027083706141546315,-0.004384571965302508,-0.002585476485371996,-0.012899452864672312
2023-07-31,-0.006560854902116109,0.00709109896373139,0.01353882702965925,0.010310865780909673,0.005345070525166307,0.011043640969218282,0.028036250085349712,-0.0059665983038282855,0.014986140929290848,0.015752005171843164,0.017435711112588237,0.02629475416485394,-0.009017168985686053,0.005845611045058652,0.0046018664393334685,0.012101155081646331,0.0008457093687481709,0.01387053401392091,0.003964327761596831,0.006185363731711746,0.008896082695761587,0.0007813896105204332,-0.003985968074322943,0.010018407084617875,0.000319738432608796,0.0009639899459774615,0.015904573528648713,0.008103003814519116,-0.009751547831237106,0.014072344815633464,0.011583004943755748
2023-08-01,-0.028803249617132765,0.004886787185377051,-0.004134633104860841,-0.028815801170470223,-0.006233265180091929,-0.0036009534408194543,-0.010122644536910252,-0.0003694127143437642,-0.009870003388352533,-0.005877159017356193,-0.0030331380770157734,0.0020118837311486892,-0.014401568341124382,-0.0028564782486123486,-0.0064131548898423985,-0.0005434368261659772,-0.003943675674331182,0.006188905137470169,-0.004442294495680121,-0.011025112045434105,-0.00456916677074426,-0.00851816837294983,-0.003116301420496126,0.003204664978620597,0.04179047128719371,0.00674162044219595,-0.00929559205665198,0.0010305109162960235,0.005082614339066538,0.02982341625137308,-0.0026424029922378356
2023-08-02,0.0013108240247035052,-0.0032420963189603302,-0.009314910930471099,0.03600675643684559,-0.011253590805181846,0.0050596091812651345,-0.011308979912719064,-0.011547288107622622,-0.00024313303496414918,0.0005837773758123888,0.001216898954807144,0.0023766188682357026,-0.005161375117751055,-0.0048405656219259185,-0.0036883006978427613,-0.013050541034033358,0.002262388194037346,-0.0022660518621178127,0.0014873721771289095,-0.008850719189303136,-0.004026381691694225,-0.0020762961805909086,-0.0067456415157562954,-0.0007603693324020888,0.002016603157046548,-0.011001325466946987,-0.0007406188995420226,-0.0018529780645362148,-0.009797716709787352,-0.012174857206742384,-0.02266702026895595
2023-08-03,0.001309108014467153,-0.025548204311308886,-0.009295109777739063,0.0008950177501685364,-0.006530455266294255,0.0021575009531027423,-0.015332223552585122,-0.019345858713767483,-0.020346993634539623,-0.05735880780208735,-0.0057732445800386945,-0.0018395652869365176,0.01899898070223216,0.018761249107210665,-0.004164733108903973,-0.07382921978858414,-0.007900705196476454,-0.029850795269886432,-0.005940652746905695,-0.0059303951144139555,0.0010510513232762086,0.029450967286238194,-0.02534382368378829,0.004414517672476359,-0.02620754360849742,-0.045864831031335096,-0.005436195006789268,-0.005362949572514375,-0.007979626474953871,0.002632525095769944,-0.002710966953012872
2023-08-04,-0.01331918543938404,-0.005275888321413125,0.0024947875300576072,0.021311517304537064,0.01925057821961551,0.0037076612406503617,0.0060554313427074735,-0.010673797361806625,-0.007364525794458565,-0.0020278898180947635,-0.0006112387868065783,-0.0010239208625294483,-0.09860171328567524,0.007697504847688386,0.0004712089157008492,-0.013087505830427837,-0.011376509666566337,0.01872910887393142,-0.003983973003294561,-0.004251539554713357,-0.01268074861551094,-0.03934077762738286,0.006458289485712587,0.004092097574795339,0.0013927949885630397,-0.0006758547900883594,-0.005465908752657955,-0.06822903901450694,-0.0006434798381254048,-0.016827885444788526,-0.00694645782178005
2023-08-07,0.02873709543154468,-0.006765140662764013,0.01628342375476044,0.017802361045063497,0.01252998786920445,0.012154483969452512,0.0017196828811052445,0.00038535502516201525,0.007752632581128349,0.021626153511332236,0.011161990075422734,0.005821655414249394,0.04295955321354117,0.004931348893084886,0.012246850211692584,0.012055606423678755,0.01246380958878568,0.008371660108606349,0.00649990043411508,0.011569413507722892,0.017915605732315765,0.026551566021860706,0.015028642503808198,0.005886823081180603,-0.012428183333311527,0.011581732806176026,0.008993238327201336,0.014689492706943641,0.007083088141670357,0.029254692704619778,0.007907420759682537
2023-08-08,-0.013926938473714068,0.005939321119588614,-0.012881868293235788,-0.0162006149365711,-0.01164695972048202,0.0012950389355999015,0.004046525926562072,0.0018295420756460068,-0.014724113414215423,0.0002841423107013963,-0.008468056432486382,-0.011372010697454193,-0.017925374973772445,-0.01780034614701409,-0.02000939971620197,-0.0017868763882488148,0.0005724955677941512,-0.010743934692162616,-0.00745154143226312,-0.00878204984200115,-0.008116994789282295,-0.004169533016269655,-0.018466135133006656,-0.0174068130791859,0.013311433408956352,-0.0055156752885828775,-0.017330974470560312,-0.002193395256395614,-0.004475746286999205,0.005896925574865763,0.00694028626060228
2023-08-09,-0.0004898095221289589,0.013487984061215874,-0.0005931997915838982,-0.022588263722744806,0.00018410138585966962,-0.011405069793034905,-0.00769415332865897,0.0056708544520476245,0.0016791087627643364,0.0,0.0006100269160997929,-0.005071052574649237,0.01064076741040898,0.008914450420286268,0.004748349898866522,0.00477325873235479,-0.009728187467845317,0.0024682966402911344,0.02001995668944523,0.001236237027083531,-0.006643992931367859,0.01596707336170544,0.008644039621126476,0.0033597176914126337,0.020938064266642575,-0.0016806588193153393,-0.007054693143758173,-0.02154329443816516,0.007386074425361988,0.0021105388004005743,0.00089920641043717
2023-08-10,-0.0060442631570560845,-0.000855215360664241,-0.0008633253279022313,0.0032801074291477494,-0.008652463137919897,0.0026165701226454896,-0.006399958683894202,0.0005735775449648983,0.012153180955793097,-0.0005164539176935046,-0.000762247024366558,0.006298602443344903,-0.0018443918392736514,-0.0023302481623832527,-0.01039690943949878,-0.010688840974683256,-0.0026003298897551153,0.0013132303953713453,-0.0009813319628652062,-0.010906875020692208,-0.003588858720348309,-0.005692735422550554,-0.012098709865074553,-0.010958864323395212,0.002678825583851019,0.00042080579938219564,0.0010150019265231514,-0.021343423252465965,-0.013069825457586282,-0.0060840999471325485,-0.0077846570767377
2023-08-11,0.0035336028912089645,0.000909381764996775,0.011394914073795226,0.01233476859830085,0.0014856092856980752,0.002728300346535484,0.001362479578636,-0.002674585246727479,-0.0035607609625368797,0.0001033122941072051,0.01311781941896828,0.011077260116016063,0.008700209612320098,-0.005255551126083335,-0.001910224279390027,-0.02220884772639098,0.005214330799464539,-0.008688541679825135,0.0004911961643701002,0.0005549184823787634,0.011051069404936387,0.0077977743087893625,-0.0028916829389908916,-0.001692904752592761,0.007620814289265754,0.00016833098241653133,0.006083638605078212,-0.01721767470745783,-0.0022610352082984564,-0.008122339024446479,-0.0036208568716789014
2023-08-14,-0.018997768892309197,0.00021379242606922588,-0.024241738228562237,-0.02113917309350677,-0.016502859378081935,0.0014196468509997118,0.005813968851985596,-0.012355115110392223,0.00955706764160813,-0.0051539305669737745,-0.023938548646835756,-0.022726358979536232,-0.0064116068879680466,-0.013501541136157758,-0.01196179781396356,-0.006752578181149604,-0.006916488538562859,-0.004299679466036266,-0.00785470198549143,-0.011506275256217502,-0.0002429034170312594,-0.01202430080188821,-0.011600209391264937,-0.010174172980751184,0.004172932335851698,0.0012618726364717059,-0.016628891460004236,-0.00023353757724120516,-0.008093162556028544,0.007531333171540977,0.0033312584565838854
2023-08-15,-0.02696161587713619,-0.008014962769055223,-0.012531540832328436,-0.03299333370296231,-0.000565602095621176,-0.01618432040031559,-0.01770993549684996,-0.004169941998990012,0.0012347148140825492,-0.0129709522786291,-0.01264841739031708,-0.00741815260616796,-0.009449152340474165,-0.015669993472575805,-0.015496312637710341,-0.0098887283325102,-0.006674338786074485,-0.008968591315314578,-0.019792216929340745,-0.005820105362429051,-0.006397802016550602,-0.01333476225696284,-0.008802113359998809,-0.018065747494372508,-0.004718339445854203,-0.009662164458676403,-0.016909987480415944,-0.016822359911300433,-0.01958225002104874,-0.011983908281764655,-0.01207355325616033
2023-08-16,0.0013725588633968222,-0.041260418469254434,-0.002826242377478305,-0.009615498982498694,-0.000754538417423789,-0.010926945797951504,-0.0062601725654929385,-0.0276560866358444,-0.003946355533412271,-0.008471588213522896,-0.0024996979069826786,-0.0006298162491154002,-0.006980050821619788,-0.01743070794591617,-0.004426918275553859,0.0006241720606396939,-0.004674304240994798,-0.006703572851778916,-0.02927807107779945,0.004443571471220542,-0.006846563234742531,-0.0032894201266522316,-0.009751058286970093,-0.014274349603564107,-0.04109943978621178,-0.01917373827034996,-0.004430527546142149,-0.011407042357947206,-0.007656470754243139,-0.00024010487840142591,-0.010082559386989431
2023-08-17,-0.00471164133369828,-0.00943875856623877,-0.005168419299762084,-0.012527305806743882,0.0037756879433290536,-0.0013354450246892968,-0.018772904644106636,-0.0006008782866483431,0.005777954268286756,0.0001194342904846657,-0.0014095349651984668,-0.006596109045325149,-0.012496014992408377,-0.015073753875645024,0.0019762893235395484,-0.013724265886027487,-0.01614313803955958,-0.011979025051368053,-0.014560556467234087,0.008707173892706033,-0.013541247587053329,-0.022922133421468982,0.0001759671007508512,-0.01802097710308803,0.0020864385676995223,-0.01262865971695204,0.006544447124473551,0.00961546014573944,-0.004696389880262775,-0.017537588160743467,-0.007407407848634584
2023-08-18,-0.00929602324358414,0.0007940654795628443,0.0016758741494307117,0.003805837842530746,-0.0014105479980803803,0.0003646824521983394,0.005264556709924317,0.004409273864225183,-0.004185499928051728,-0.005399012167346728,0.0014115245584178648,-0.0005920562526533502,0.0033216722435629453,0.0038521066375585278,-0.009368906571003532,0.01897538156020251,-0.001790078840282483,0.009392086273801503,0.007387797642045113,0.0009050115700002248,0.010565798241750413,0.003891735415582298,0.0003515286582793653,0.004587923133511751,0.007105883905127008,0.012702620619187144,-0.0010403439285681104,-0.0009524439361285886,0.013818620236077939,-0.007213611840529821,0.0043531990861407355
2023-08-21,-0.007211105468501899,-0.008104275659122862,-0.009592310134517334,-0.00758294097994805,-0.010076244172674609,-0.0097217528600958,0.002937740769568098,-0.009877294807131842,-0.0031316942342186627,-0.005375029153564692,-0.013155781792142052,-0.013372347461623968,0.003704861477159316,-0.006119036472293837,-0.010950652109342651,-0.009931818333515752,-0.017632965180247928,-0.009304695768393212,-0.017286503629279415,-0.010502090551453902,-0.010949231285133032,-0.0006948903317736121,-0.01177499162020712,-0.014679460950025813,-0.019279967818123245,-0.024913512525042147,-0.008331114161674869,-0.007626259334537533,-0.007313788437958824,-0.010837435440254395,0.0034055158171020228
2023-08-22,0.0013127122428102656,0.004056664600300186,0.000563062274652637,-0.0046163710221247545,-9.52267040281729e-05,-0.006626591357016487,0.007132007283876085,-0.005340647325704717,0.022817538275480942,0.014185090292696989,0.0033328218543422494,0.0038602620402290455,-0.0065184854312252405,0.003547895738237772,-0.002013089871186091,-0.004388689295555248,0.009735408389552225,0.01673497437987259,-0.00959487313628038,-0.005271715138576716,0.007324753365837822,0.00164688927066714,0.001600477849211357,-0.0033107304009666327,-0.0005040261501786381,-0.01588011102672071,0.002362743466775008,0.007204573662204172,0.009711936953129996,-0.0058516148264251555,0.008639359785591605
2023-08-23,0.02499557922335227,0.012007049241702594,0.016658191374373965,0.03310407447923014,0.01417567805832265,0.027424352123478712,0.015680296346207045,0.008003226832776988,0.016569607945250198,0.009736221795802358,0.015026813399435346,0.0173039805901003,0.007984241122929614,0.019860640142847386,0.021179983162675997,0.0018891488927637035,0.01777640693475213,0.025529038641714186,0.01722274415984204,0.014273510885541851,0.016939382471737208,0.005882267808082098,0.014026953784271434,0.016608509374189007,0.01385438634357583,0.006400481082560638,0.017286556462143388,0.03195043285361332,0.015257074209562349,0.01440206238641939,0.019272002209410166
2023-08-24,-0.009549747073250514,-0.003879913802599444,0.0011625395065990585,0.0024768217291091243,0.00018766306791562215,0.00468918357862913,-0.009462178026868773,0.0006029919585801569,0.013437269076483904,0.006537792604227599,-0.0010908379755967257,-0.0022259309081875678,-0.0003921767726161596,-0.004791981044787841,-0.0014815330334415622,-0.016970404658943172,-0.005328673059390665,-0.008516202850793131,-0.009523800621965894,-0.0025775696013081717,-0.010806883564135394,-0.0055936434530954315,-0.013132488713390567,0.002777385623468298,-0.0024061572261890873,-0.008778229989625741,-0.0030894920795844216,0.0004620928374261535,-0.008820617203233572,-0.007901240704722645,-0.016506557583665704
2023-08-25,-0.007059251388453536,0.0021450881462767857,0.003262209719791853,-0.011581181413750419,0.0050647100568750325,-0.011728048781378564,0.008044235913621023,0.0014061596629448836,-0.01184688646511245,0.0075277872120667055,0.0034321525996925395,-0.0013890427245003556,0.0036874213627984265,-0.0005122160697188516,0.0004946090778621404,-0.012787757016973877,0.004464311474906557,0.010406321061251722,0.001602580065829029,0.010896117568815589,0.0075571719774900625,0.009241200528947502,-0.006387491937866141,-0.0030954833858383157,0.011786604473835949,0.0006326200669504178,0.011621802197748998,-0.005542642717457302,0.005932763434762345,0.008337462462534306,-0.004272224732377872
2023-08-28,0.003728144221298635,0.003605005442029574,0.004629312796981866,0.021402855938385867,0.006718893142229065,0.024339966847519046,0.019576056790094887,0.0017052340010352829,0.00952764949801499,0.009819517061445682,0.0038868249387407072,0.0032034293823977045,0.004690065116090825,0.003689957577674541,0.0074147007631080175,0.025259057177676958,0.0,0.014386177786950505,0.001066642379589311,0.0035237801891616627,0.010924387546807246,0.003546970749711109,0.008392867713332475,0.00866155442883687,0.0013043467479363358,0.00848902094158932,0.007403602967219758,0.007431530344700343,0.007208346851430569,0.0032086936756294815,0.007355135659774303
2023-08-29,0.01269761352319998,0.01869007881213558,0.008941860133009794,0.02661368273309117,0.003893298660763378,0.013122126237217424,0.00733772934019683,0.007309510193407975,0.0253244128038701,0.015542918865220745,0.008982621808098834,0.004243665576621591,0.01594965492992717,0.0034723292098031155,0.004416152771225423,0.019583072009667912,0.008592626635453682,0.009347266824158318,0.004262232611778716,0.0041311104969870005,0.008871035781022885,0.005950641431024639,0.0,0.008263117467102843,0.022100432647420787,0.016656255948750864,0.007602571970114713,0.003918779156675489,0.004554306627334359,0.02177384975305441,0.004259227749436656
2023-08-30,0.004947116548051911,0.004297511125734177,0.0067421288453295425,0.002681852737876911,0.00018457341709776642,-0.011901944917015905,0.002792226780016893,0.0021868468101777783,0.00989485619854813,0.002466487752494695,0.005372145948354667,0.004811643263370469,0.00038295650017894367,0.004884920285118,0.010747461260424807,-0.008674112290192992,0.010281927984241435,0.011496064166391262,0.007426990075965145,0.003497066165020435,0.004796137723699578,0.0074212218520077755,0.0015938142507234687,0.0,-0.001845830328180198,-0.00017614961889356184,0.012575544598857569,0.008495851137609645,0.0032383640717423834,-0.0018058020827965704,0.002726337075635188
2023-08-31,-0.012561585864700908,-0.0052665521397184945,-0.007237019198526595,-0.007875367689556656,-0.006462329483585383,0.00436942306623278,-0.007384995419130402,-0.0031739555417040766,0.0004557221105743192,-0.014081311083564918,-0.010229049815802305,-0.00737010751971523,-0.014927805613761835,-0.008102061673986527,-0.005316637688034254,-0.013124985472139583,-0.00872340399142102,0.002999231854591944,-0.002632956390477559,-0.007653037302801424,-0.011933203733092257,-0.016441242396412425,-0.004688893184700671,-0.0004820417393202048,-0.011403613405368329,-0.0001762499882129731,-0.008941763958407956,-0.005464400044428719,-0.004519024707062003,-0.00036190645834821566,-0.004861669066929419
2023-09-01,0.005243204893649045,-0.002923056202324803,-0.013437059665722617,-0.0013478376577193973,-0.008176888440745933,0.011404980088222993,0.007074055935681223,-0.007263767629504647,0.0029608443964750375,-0.004939983237252532,-0.012802725051650365,-0.0036494846236166945,0.0011657727810101548,0.0012251605679949318,0.0034013217238155757,0.0018999166873099327,0.0026401083070024534,0.0011017339999594977,-0.0031679300352578377,-0.006610062380233983,0.003140139340531478,-0.0020986081767850884,0.002855073560710686,0.0030546120610126515,-0.012648633982315416,0.012512210341165675,-0.004260732743919915,-0.013736193025956855,0.00486378270780663,-0.0028957435888307126,0.0
2023-09-05,-0.0049593176491326,-0.002046647019382286,-0.008657323807134798,0.003299410048637652,-0.013771786761285987,-0.0017437096295964682,0.006176603344016263,0.002205118477558443,-0.010672990216288314,-0.011523856580043068,-0.003125019416774344,-0.007283684673504598,-0.008771359174017945,-0.015500611949950671,-0.012106520686896327,0.005056940861011272,-0.009069698211450317,-0.0051879543673903905,-0.018538077388319696,-0.01628903117021263,-0.020386887639636364,-0.016714927823136327,-0.016903928266616353,0.0014425414595691244,0.0006765764320673107,0.0002610854827567177,-0.007802759412331439,-0.019266467697165113,-0.0054855894165865005,-0.02153921425145766,-0.02534352095014636
2023-09-06,-0.0036091843301079285,-0.013357697550481773,-0.002280571794960662,-0.011808667881098245,-0.004844683809048678,-0.00034943994097635933,-0.0010833409400757832,-0.009901003328814051,-0.00550871435105782,-0.0008457291079354556,-0.0029779558307567733,0.00262954787439873,-0.008927173965176727,0.007250908554096824,0.0004902448693191452,0.0044024899689592,0.002657257007814051,0.011694027268208229,0.017486370171193366,-0.005566450920335364,-0.0054895890337712805,-0.009071029716564483,-0.00470586843219023,0.01792567143357826,-0.017354802170649886,0.007047125680120558,-0.008878667744440794,0.009230711719252715,0.006164818877700151,0.01385118283836917,0.01472434541048373
2023-09-07,0.0035360519490412745,0.025504292838055553,0.010313887513156983,-0.002571536914657835,-0.007350143342072513,-0.009785605472117709,0.007591335088918516,0.010808089781173091,0.014002160967568233,0.009949125380160906,-0.00015732846340343887,-0.02186882079606345,0.005372966606671525,0.0030851505562290438,-0.013718798583171377,-0.016280519410564076,0.0073615679588243665,-0.005779337652112471,-0.00322245786511155,-0.006944021061837002,0.015900478756627923,0.016410350095747983,0.0016366617902241476,0.0042452909037327125,0.014908929684315009,0.005270031310274037,0.0012797435238953714,-0.001172617016056865,0.006771915919014715,0.006952915859698372,0.0018523799836325239
2023-09-08,-0.01160193659773534,-0.009093459000121151,-0.010705236747244995,0.009705776447502812,-0.009616334696900264,0.00282350427964162,-0.012556840675309933,-0.008294137752726694,-0.01380880781773397,-0.005299460849779836,-0.014937031740847595,-0.025730898625076493,-0.006680238983592157,0.0007176011053837694,-0.005464446095369446,0.021642247525898384,-0.009646289858870505,-0.015239626943167384,0.001077660038468986,-0.01605426737579363,-0.006730872936047905,0.0019037979123996962,0.004357252914320098,0.0031314408883904576,-0.01952633583448049,0.001485442400689152,-0.01175865229250872,-0.00493071857217231,-0.0009608286943577626,0.0006055906836213154,-0.010785827169657147
2023-09-11,-0.020433023870969458,-0.0033722924271436527,0.001394472959699078,-0.006308173298613218,-0.012039993682628314,0.0014078220270936637,-0.0019377017476829295,-0.0071544416181645865,0.008693619166239674,0.0041221568276594844,-0.0011173035566593992,-0.005415188278246719,0.0031648483336883526,-0.002970980998804551,-0.012987044468305786,0.0056074791630313925,0.005608007187698494,0.005264805530954764,-0.0005382499687525133,-0.008701882934900929,-0.002612716402468962,0.010706636407236791,-0.0027115212747885753,-0.002965518477963891,-0.00792920142058029,0.0010468850661213835,-0.0033627011114720773,0.015101451994553372,0.004167930299112443,0.01380145521713283,-0.0018691149673678575
2023-09-12,-0.007988623478744517,-0.0060460634149439585,0.007909535167643478,-0.0031742283758515732,0.016805942283400377,-0.007029035494738878,-0.007887410471961509,-0.0058865190354685515,-0.0013729015087807772,-0.0019622877843009645,0.008948551157289986,0.007096057389960775,7.881961601952092e-05,0.00945332458537318,0.008603309114668445,0.013011137874347156,0.007631444405443721,0.0022219404435963597,0.010231630587768326,0.012509156604272098,-0.0014735265573095901,-0.004020594410613754,-0.0003624062931451011,0.006731369765683226,-0.0039032766772653105,0.006449410900506214,0.005190818200325964,0.006276181463625408,0.002873595387737682,-0.001791321751740571,0.007802782511519002
2023-09-13,-0.008589861099940088,-0.012500760756050222,-0.005250109615266507,-0.032600384176599606,-0.013435185936744976,-0.06713074915053674,-0.00880627693115077,-0.005206698909883789,-0.020774390839679024,-0.005393821450925929,-0.010136255307451547,-0.011787704301118307,-0.01695582646278959,-0.007125355579336912,-0.0035123501071159247,-0.02079508983671885,-0.001165228523610451,-0.0014251751025372572,-0.010128004586250627,-0.013582875022754903,-0.006066538523245457,-0.001834879212842977,-0.0016319134764103405,-0.010053430821147402,-0.009470042953618307,-0.006148327118084329,-0.013168036021631413,-0.01062594934723915,-0.004138800064158343,-0.012082647581815875,-0.004335684681626706
2023-09-14,0.030054117016560467,0.023339944463695472,0.01922237414551775,0.03824450691778081,0.01322616469157345,0.008599978598713642,-0.004689008503517389,0.02873530862652096,0.011733089431466004,0.017218708295148266,0.011360036198817314,0.009417040421364709,0.017494339389811042,0.022349781542497116,0.025679772187150673,0.015615281656129243,0.02508028207542723,0.02259249951800979,0.026386677449294016,0.010547244397295152,0.025486659630034714,0.01507409894052647,0.0010896028550606562,0.017772098809881953,0.030565603700984045,0.022741156357489523,0.005756018026510379,0.03595607365986386,0.007352953608679602,0.02337125414087149,0.01710730373184277
2023-09-15,-0.003504654926415607,-0.005191125987647149,0.002343682692505622,0.0006038451577139448,-0.005318063140945961,-0.0166771389473942,-0.01909249746601205,-0.0022304538332200696,0.0021015225822904604,-0.007607105154392224,-0.0007910035420305439,0.0005330944288208794,0.014658132181578853,-0.009025350350839512,0.0009818384193001073,0.020910190594885636,0.003982827826511048,-0.015199037908456337,-0.009443897668326762,0.0002173779900369599,-0.002267984213665697,-0.007171626917168106,-0.018505064276747807,-0.006704057677998976,-0.0030619205009260186,-0.008263689957669573,-0.0054630745258756885,0.005634393578488828,-0.004125727261379497,-0.0016566184544022367,-0.004587282476116172
2023-09-18,-0.01239790423323428,-0.003386160542385941,-0.010386602958968205,-0.014182331650233193,-0.008943389630999277,0.006503470391975075,0.007583398044649581,-0.00894223099383018,-0.005436870750267997,-0.008695975341872164,-0.01472455976745779,-0.006082901342347569,-0.011400920606777554,-0.022060290601199517,-0.025012274032374493,-0.010843437504531428,-0.017285354378883233,0.0035004527852837697,-0.014300800090353505,-0.016956491278332764,-0.0036531176913258134,-0.015431700661069137,-0.006839061658873824,-0.019777111852011697,-0.013981161231697348,-0.01855517129983486,-0.007585643197925873,-0.020842676606165234,-0.016889691940228713,0.004978102179144628,-0.009523743274299168
2023-09-19,-0.004718580593824795,-0.01208708823044835,-0.004011437434736531,0.0032140645480662755,0.00019622250286999154,-0.006968238307757169,0.004264881242906027,-0.0057418628399104055,-0.008278011226078852,-0.01719362383606482,-0.002731765099901251,-0.007907103239798485,0.008609841816308306,-0.002793794100012792,0.00301811601950841,-0.0060900902221570075,-0.01787764866788666,-0.0003171295966921672,-0.006448170785694818,0.0053073851571669994,-0.00945171423991964,0.0018155853633776697,0.005025054659048234,-0.0011209136789060992,-0.0075314454561318245,8.7607650526067e-05,-0.002899249287196759,-0.005493165975476111,0.004538067556074221,-0.012383608579008776,-0.008684877406105795
2023-09-20,0.004025292425080762,0.0002818658150547382,0.0078896114642244,0.00015246035370797273,0.0022555813127704827,-0.0036999352601367885,0.013364972863521674,-0.0023719083371426253,0.008504659634483103,0.0019439142077313232,0.005800823464271465,0.008060146078623154,-0.0011747413747319468,0.012555722378757794,-0.0020060229363790816,-0.007352863838913093,-0.00293604992047658,0.006344176379257993,-0.002163269953318947,0.0023463344290883814,-0.005428930201760607,0.001479436123162925,-0.00370373706608762,0.0014427743190001951,0.006979619688418648,-0.004376001590213896,0.002643382398832328,0.012197861416930689,0.0027800555303181262,0.018151515980127986,-0.006570678957550702
2023-09-21,-0.08294713761433448,-0.04560053338012848,-0.017352700188501102,-0.0713849022707731,-0.029256337830202095,-0.03726464552672626,-0.03574502643487021,-0.03969392680977357,-0.03224803994771508,-0.03193835739387907,-0.022588925586706554,-0.021396353789067013,-0.038811394099265706,-0.025287587928629507,-0.04221106066843161,-0.017901329068699456,-0.027974209448717646,-0.027423156310837582,-0.026016358567150233,-0.0330651832911345,-0.05260112105111692,-0.028141937749467605,-0.03234192373037481,-0.019049123546430402,-0.047867204311569767,-0.018635739860273337,-0.032428172294921453,-0.02410191013842844,-0.0182647972976806,-0.017827912344317687,-0.017952756172002204
2023-09-22,-0.01622469115942604,-0.01836761095269024,-0.01041726910203511,-0.009362667758537557,-0.012700370736656086,-0.00013304251383172705,-0.0021731534071930403,-0.009903124682645537,-0.005647932770395103,-0.0021813803219730143,-0.014423801028967898,-0.015702039698048398,0.01199119486896838,-0.012227542639592803,-0.012067134921148193,-0.0069138593787571034,-0.009996841223246622,0.0029168808785520195,-0.01558140548396092,-0.014903773971638334,-0.0041902844252326155,0.003154129579001186,-0.009604388732495028,-0.008322436395000299,-0.017441758237811578,0.0003582765062555282,-0.012806559530978423,-0.008387618555326548,-0.012292360361116916,-0.010866942103108235,0.003207211132527421
2023-09-25,-0.0036539559324499926,-0.0029481130422176482,-0.000281451899852847,-0.011109332239490288,-0.0025523095410980856,-0.0025275351422079373,0.000768705993658747,0.0035876516783934775,0.002921147810891256,0.00196744198411003,-0.0028083675413009823,0.003107036845293676,-0.013058162116230676,-0.005920378936117632,-0.005841807598586879,0.020253242642935154,-0.0055079162873613585,-0.008078840260499875,0.0,0.0020734694322241953,-0.007188628292493782,-0.000947015294828768,-0.0071760496352804015,-0.0014809981599008815,0.0010938929475925452,0.004029323097147985,-0.006348255368872624,-0.0025846430140646914,0.0006727265139532257,0.0043462373473619476,0.0022378397975393316
2023-09-26,-0.023689166457201427,-0.01695626109385462,-0.014753036720691726,-0.032193105745919603,-0.013306018410064846,-0.017471394096265302,-0.02329748631382178,-0.0133246120513697,-0.030663402318016342,-0.030435596273945875,-0.011298461219970912,-0.012204733166188753,-0.013639367516249168,-0.021006932328572536,-0.01655981842435339,-0.017369807986056696,-0.015384663110085128,-0.024596853959202858,-0.014132367820057001,7.669753870631624e-05,-0.015452494630068259,0.0007204980947568274,-0.01816766767862532,-0.023401531577907142,-0.006109370325465657,-0.02657623823620381,-0.00805553080321808,-0.017667890505522643,-0.018823549281977492,-0.02524347620472689,-0.010526312568035712
2023-09-27,0.003959375622600847,-0.019765560393888437,-0.01445965703281693,0.019923771033456106,-0.015767686090187416,-0.0024433325593817834,0.0006552479733108463,-0.015151520297204346,-0.024789259266279506,-0.005527244099517992,-0.0032407273144320348,-0.013712666160752285,-0.0021528151219867286,-0.00011067918563656409,-0.019554532908866107,0.012626295810539201,-0.00937499318373991,-0.014863011522255887,0.0028669464735879835,-0.018545436970507034,-0.002242145981607546,0.004016290073473261,-0.011937875908835882,-0.002193635101596314,-0.020189886045871464,-0.008795219345028693,-0.008961130476367818,-0.006954360342700916,-0.010620126990789625,-0.010975416889308032,0.0003223444456079694
2023-09-28,0.01699949405985879,0.01646952385121625,0.002927601724313611,0.022629132741094793,0.0078825132282474,-0.0025853152474424324,0.006024873525420915,0.026532877810739652,0.014549788881695669,0.019615282622442498,0.005646893621327864,0.011130766577216011,0.002572370610353758,0.008628303698074768,0.0005539641885974333,0.035308900059873194,0.001892730857843361,0.01491768909178881,0.008004568148887836,0.00679313357780531,0.00791007562714463,-0.002641705697289054,-0.0008053904584347515,0.016573640868808637,0.012241134269809661,0.005915507751564686,0.00791175079203521,0.0190775340232745,0.020429426554199326,0.003241900876607584,-0.016757993928445902
2023-09-29,0.007954920513639774,0.013122082995251194,0.002627177261360636,0.004729697064722371,-0.00042278909813464605,0.007639802664105355,0.0010415549225042398,-0.0005430263565979754,0.020921216171959856,0.007337408858098415,-0.0010209427759015899,0.0063582716864880595,0.0062903872907995595,-0.006032059775426202,0.016611336746927385,-0.021315489851597036,-0.0022039736968745283,-0.007015163548298009,-0.0022687954097191376,-0.002249179152755132,0.0007134418567482648,-0.0028757611416190265,0.011668204034213536,-0.011146299623610578,0.008616355681038801,-0.007350971510984294,0.0,0.009101805261283236,-0.01255514249009615,0.01814562030523237,0.004916430987577991
2023-10-02,-0.019180830899930168,-0.01666154342902737,-0.021253101599082447,-0.033960980141029884,-0.016176770927580852,-0.011237501004547235,-0.01196512129338334,-0.0119525665129665,-0.02313663940416022,-0.018698559881628385,-0.014307674970309714,-0.015276533752487609,-0.01899985106840807,-0.023171070399472637,-0.029956446997826514,-0.009334085680127613,-0.012622329695307966,-0.013120321551991054,-0.027856769737030662,-0.01049354127442792,-0.024151117482964612,-0.010549501805666162,-0.019022686635010944,-0.023048440884444465,-0.009641778223493325,-0.03147273514712079,-0.014858278692587046,-0.018751513600180125,-0.01546394114629246,-0.0023192426321181348,-0.022178734140076317
2023-10-03,-0.01008348465440334,-0.02232390616193336,-0.004045412354405031,-0.05238425978432659,-0.005803293555682654,-0.023278063489768464,-0.010662071154120434,-0.027383719649629268,-0.025968529943750096,-0.016136240187051953,-0.01175047866842438,-0.007230074988386792,-0.0207931746287201,-0.021009824078828787,-0.027512646326093848,-0.02826634027935726,-0.0070310324005612435,-0.024544028061871948,-0.023976549450953066,-0.009426590466112494,-0.018264857792626654,-0.01929120572387477,-0.002041309007576264,-0.01859816532957903,-0.04166673748129912,-0.012042385396728528,-0.009391016564216148,-0.029753238848342467,-0.02129138261607688,-0.029609703856893654,-0.01601068104118386
2023-10-04,0.00658504347958444,-0.0026566765592338504,0.005316275107927204,0.008815427075514304,0.012971466722591307,-0.0022431467545499517,0.016897240303178185,0.009384841728781401,0.020929172550836928,0.02103597405941926,0.015037640112616657,0.012395086320641457,-0.003596171341555099,0.012691804243415872,0.009815322734661791,0.026502872336213068,0.016092682770061817,0.00803775228558834,0.011383911927154378,0.014115783036457108,0.008558129369380607,0.013061602549086837,0.013908850988372468,0.007545084662620827,0.004316322907224279,0.01035115087133387,0.016087262144063974,0.012465685876115185,0.011055619051741239,0.02950452591074093,0.013898325039458426
2023-10-05,0.001737682209325575,0.006532436962338073,0.011645772639682583,-0.005461443691746726,0.005442373607276396,0.015737006820252253,0.04003660272635812,0.006049048139005864,0.0011908632383346163,0.007067738841391558,0.007235173251491478,0.011671688210924458,0.0017186209795336804,0.0007975308865355579,-0.005717677519258668,0.012594435539114324,0.0028508487754308476,-0.0067602974912784886,0.0017773730318639824,0.00375355871526728,0.005626294689745848,-0.000656221119125,0.009885004777637763,0.01132011604701666,0.002515655625992208,0.0009574764957605009,0.009895418714075621,0.0036936427815079664,-0.0014110141175714963,0.016533908671307662,0.003677698714960931
2023-10-06,-0.0023469868882126654,0.005418612745867746,0.010219692653411494,-0.025626979165707997,0.016663163916673884,0.006778224617013162,0.014467248166867286,0.015254445252391724,-0.0028036959576273057,0.0037031651761498807,0.01419528498746958,0.01681105964316676,0.016728120163647775,-0.01047355680981732,-0.006900423243521581,0.0043532502788607985,0.009791546356271441,0.013612620345729853,-0.023063249661365637,0.01526964557068311,-0.00110055500986328,0.019661663319846756,0.0009987613503252835,-0.0013775927032196877,0.0033981253345642948,-0.0012434991754310953,0.013880958858162984,-0.027232502129007186,0.010597047203297016,-0.018313163379450104,-0.0066622813944909876
2023-10-09,0.027411279524564902,0.01535375217127255,0.012848891331853407,0.018222833768864133,0.017016330427526594,-0.0010992282549673327,0.011532741966949533,0.021934691136605844,0.014313754271937817,0.010681915026435451,0.012310279244089672,0.013291323672318889,0.01814040388010052,0.013000491978584883,0.01563414146430242,-0.008049496858882454,0.006881422052607888,0.020833327807046498,0.012106427007005927,0.02463155665280503,0.005049956008256862,0.024472442365806923,0.00878071670957481,0.011381283259613406,0.015057651805516326,0.009864959845312438,0.02039682664545417,0.026733880737022542,0.020272590204069463,0.007854599472009394,0.003688862969618567
2023-10-10,0.0,-0.011471394050665218,-0.0012628105646315113,0.014760147074857732,-0.011393964846896254,0.0064649414089761326,0.0052715496724842215,-0.0007512290046763903,0.011759715431724826,0.010117613490934652,-0.004331140530461575,-0.0070840667407880975,0.004640827672981684,0.013174235167833226,0.0216647059279238,0.014981294388608957,-0.007455678154472678,0.006577863955011365,0.019138907976886887,-0.008312732898848596,0.007948170437225066,0.003919607265779224,-0.006923942850399101,0.004774089945471349,0.0009752166370731175,0.006733697494372137,-0.009857640027436054,0.030213679326533294,0.0013703432379439384,0.018874795691471435,0.006014019333899556
2023-10-11,0.010054820066715653,0.04452566249535028,0.019713677043558864,0.03618179054011761,0.011525283522198837,0.009293430670938463,-0.0015853323587556867,0.015358120269728825,0.03295974637961807,0.02121044175432285,0.016228859285658537,0.02324510718393702,0.008413759159532797,0.020177189127240647,0.012276706646593194,-0.005535092982627221,0.03067298813801722,0.01926942722152436,0.021126612353226548,0.012082855999018038,0.018761855470724953,0.01580176586313109,0.014940412251577717,0.01764807121424905,0.033793210793233275,0.020536927454250842,0.017975652626504468,0.02789703607756655,0.004447487835160802,0.025576665159333434,0.017934201367934
2023-10-12,-0.031441044387057526,-0.008332264653778898,-0.004339957401213734,-0.013862055500476811,-0.00851981868019358,-0.020988428630860922,-0.020642511111639172,-0.0024327926909228914,0.0001607434241059913,-0.014752257501759014,-0.007408599836013274,-0.008187175743027408,-0.017505127713368318,-0.01911884865067892,-0.03307594235851863,-0.00680278100192,-0.008199327379606602,-0.005424976317688457,-0.009770115902939414,-0.006786375243991616,-0.02446619028680752,-0.010225613469685313,-0.01315030247899196,-0.01517428989434877,-0.008283808090462474,-0.0090464420660199,-0.010595003467442354,-0.007886822991970077,-0.0163488382303274,-0.009439451579638436,-0.01957583469019686
2023-10-13,0.00620743361521825,0.016561174707812487,-0.001302007201558486,-0.01352316561597433,-0.0012423388241336042,-0.01175665377091517,0.0014966668262070826,0.0024387256047493366,-0.014786265710716617,-0.0009282714218736832,-0.006634646044133996,-0.0046262159313787965,-0.016984431580046033,-0.010193776840045743,-0.008552067297423194,-0.013075893350631196,-0.0036741929087815706,-0.0033058195334609852,-0.008125244421123057,-0.0022775816047492237,0.0,-0.003077280243071856,0.00616561147485295,-0.0022011287156734616,0.008202944692379477,-0.002980898037898805,-0.00741345122903625,0.015431383045590552,0.002077645927056393,0.0017647680449159875,-0.003660564767558938
2023-10-16,0.020428859156159884,0.013296493049382407,0.010543063391787122,0.02380948892914092,0.004042703386603952,0.01371593280323724,0.01643835173920727,0.0004231335011144477,0.009135449803688633,0.011809141580106264,0.0033394792850953703,0.00018223177720821937,0.01202676040278483,0.014033468592843157,0.007475635255975499,0.025867533978582102,0.004609618398624171,0.022719719628991886,0.007606740736976647,0.009739756484027584,0.011582288093774817,0.013266256978160529,0.0029649702531129307,0.011369359418064384,0.006598143828063119,0.012146131700502494,0.0022129721369066324,0.003453895480115765,0.013130585852952237,0.0061067901843407935,0.004675994172696152
2023-10-17,0.00029728368392900606,-0.013417555929588598,0.005609124694213596,0.024665292132935113,0.0074334136119722505,-0.012701893760444616,-0.022298451771375793,-0.012476218516643711,-0.0034755994970466775,-0.011298753406624451,0.0011648922084912527,-0.0018678686393878152,-0.005858208271016352,0.012053584257731398,-0.0062784987179523855,0.0036899820018143625,0.0009178832554037619,0.0003243289223642254,0.023228817575668304,0.008666233471896545,-0.02515328878847689,-0.009828572860786089,0.004532959864398833,0.01929530814494962,-0.012272056203996073,0.016800565890330077,0.005244243467449339,0.0011472768402596145,-0.0017053012445100713,0.010388750045742912,-0.0013297347247800406
2023-10-18,-0.03329038136810469,-0.0247438890096483,-0.021363209331581534,-0.026994489624447948,-0.0229555464522615,-0.023912725959859604,-0.026817033932447942,-0.026445356973157197,-0.02214295374501407,-0.013446875954488124,-0.019281897507756107,-0.015838274330140734,-0.023486875604002755,-0.019960194211982363,-0.022975356627575327,-0.01776956360205817,-0.015892502539700093,-0.02755708473572238,-0.022701488832873262,-0.014195062148925297,-0.03468045020017552,-0.02340483523795145,-0.020796622836865675,-0.017283895309520902,-0.028192255268090105,-0.014525689241287498,-0.016748990694534505,-0.01054327477879513,-0.018107322100134327,-0.0092420847788377,-0.011318210022552178
2023-10-19,-0.02920977830466487,-0.020579959548692073,-0.01367912688432682,-0.036048805731417555,-0.01363542323801703,-0.0212034855619726,-0.04790112085093978,-0.05542729513789402,-0.04080951250754983,-0.03973096596333381,-0.008644053652404282,-0.006121818007683744,-0.030172365058341977,-0.013953106686975802,-0.01940034327397555,-0.017467252894150298,-0.019875774078767505,-0.004000682617434692,-0.019744596254273494,-0.00795758299387972,-0.017244633671436027,-0.030491712227718515,-0.009817665934703457,-0.008542759546372403,-0.027315581374337428,-0.018885302073053056,-0.017313667071324645,-0.031040036003125326,-0.02296449142561885,-0.021455272858509122,-0.012457984788110887
2023-10-20,0.00358947314561453,0.004139775346236219,-0.019878668437604885,-0.01191562969882698,-0.012654200165634233,-0.01214873879921241,-0.00135253043296657,0.0029107184015673138,0.0014700572445602855,0.002571684540146002,-0.01726792190348525,-0.012272557781840776,-0.02586671156224618,-0.0038798350801769743,-0.0035970147151976883,-0.01650798015559296,-0.011723637098159934,-0.008870285173173786,-0.010663319474103372,-0.017341398926778995,-0.0014622691009275046,-0.028278499863881534,-0.0014164521203618996,-0.0006757628497028323,0.012880058367134906,-0.0032863469955906055,-0.013924350703116595,0.0,-0.02029913529912153,-0.0003574592703362578,-0.0027275403658441055
2023-10-23,-0.007258560324609253,-0.0049972250447849476,-0.016390484927947035,-0.016883125549500555,-0.010985398460400475,-0.009482877610105911,-0.007990199988510471,0.005456222250610487,0.013988416736645082,-0.008744036772900365,-0.019832984475987914,-0.011102112428595157,-0.013322400876267348,-0.01661141568626201,-0.007220350270907727,0.009683712291642,-0.018916410075565326,-0.0027017789752152854,-0.01317374083003009,-0.009795553824151537,-0.015815722952969957,-0.012978280588002988,-0.006889601945963886,-0.01707526718861674,0.006879234523937239,-0.008855421897616012,-0.016138337818890958,-0.009323526765184997,-0.00836055743418862,-0.010728437150221426,-0.01401711377609971
2023-10-24,0.012715892820751362,0.0247347728527898,0.014805454205913726,0.015663341684653442,0.020254816739776027,-0.00029912705344559143,0.012559701965123793,0.017434484522169447,0.017372050586362375,0.006719599767211815,0.01313455768515226,0.025702180616968606,-0.015351871545579154,0.02096932792697337,0.027878739108470496,0.008312042432741418,0.016666737419811062,0.009989836886727499,0.020631068817672293,0.018921221486583706,0.008828494420060062,-0.021296324467683703,0.012038351347060328,0.01771581418471868,0.020082845751648426,0.007223652683706394,0.01698889947258264,0.022683495398103437,0.024560135064484623,0.015664658208594417,0.0034674356791180028
2023-10-25,-0.03745947207579159,-0.007964220883488027,-0.024335571914761767,-0.030843569993720843,-0.02348175466346314,-0.016010768599545533,-0.04395300778369016,-0.009759414731730809,-0.021009462486536234,-0.031115614308254158,-0.023300629202705925,-0.0206799880160502,-0.031839897278265306,-0.02202189672383037,-0.033018836610879676,-0.010779966424444565,-0.025393850544980556,-0.021458549898441093,-0.02615939620442642,-0.018492845958184456,-0.029105248702082198,-0.019204541748535253,-0.006451510682051076,-0.022815553272427236,-0.006951438077440919,-0.009342290068573678,-0.021025303743448687,-0.025011851203373903,-0.013953564269471919,-0.019219435540353658,-0.011402899120365961
2023-10-26,0.0218502491486412,0.08108443352836958,0.015740509668553893,0.027799107559937086,-0.017706822727636906,0.010644722103141824,-0.0007051621657796492,0.048246630063943474,0.03394324116089331,0.05462893106430777,0.0021524261874392714,-0.008180370085356548,0.02076051716837979,0.02706800054866343,0.020731758849179105,-0.004487258609134903,-0.04188652153831174,0.011135858048872738,0.050671590770169805,-0.04372742828485776,0.009013576586007321,0.0033194429050245056,0.01034900332180233,0.018332758076864186,0.05421283377275188,0.012764321397830347,-0.011768237977629048,0.01863503587562021,-0.00036288266415196446,0.004475665884612567,0.013981109023917915
2023-10-27,-0.024893595953482173,-0.017536774311669334,-0.03093344562809608,-0.022197395728727365,-0.06553909355534171,-0.004664423154742026,-0.003951436309414524,-0.01749205031695167,0.01174234334423252,-0.012675265160998928,-0.029353816468860594,-0.009398633241591403,-0.007888260530878766,-0.015676426685139022,-0.01911582067329265,-0.03090790231865015,-0.008605879319333098,-0.013554672699405801,-0.019755844511018306,-0.03480829118094331,-0.023185767897404452,-0.0008794437816870282,-0.015866703086078626,-0.020380406495133396,-0.011196242810564416,-0.016741907431288783,-0.060434645428448786,-0.010453733014306854,-0.00762246053893223,-0.020351718363257,-0.013443654283241235
2023-10-30,0.014946500214483294,0.0037792438024935038,0.00036903394335974227,0.01697828055593953,-0.000595398060362573,0.02040813972760014,0.0029753340751581536,0.0034493662853207763,-0.002206750354515896,0.006953943698673859,0.0042411572053566715,0.016748873790850105,-0.004406544040127747,0.012579251446059203,-0.026796652883294803,0.02192690939463482,0.016319507511216136,0.0012023186610190528,0.024303435349143587,-0.0005103135047161977,0.016029594651452594,0.0010478815121850449,-0.05673455447161446,0.009188593838448611,0.004411636649711337,0.007556962118111521,0.0019011461439728539,-0.0024009724756315354,-0.005852207221758388,0.006392238523676763,-0.002445896253261859
2023-10-31,0.0010748864921354961,0.032147791199577336,0.018997953175530657,0.004877115564771772,0.011318935285930642,0.027259205005786935,0.037010915562897706,0.03104905810005154,0.018676246259639928,0.020004731222542205,0.015975101589970286,0.018472695301118724,-0.003271432952215436,0.03932082310488472,-0.02690864043181329,0.006501938791411144,0.014349125919023153,0.013381355992120314,0.038194477943025884,0.005446339698866431,0.018911851437254157,-0.0004605438874748513,0.030806577979959338,0.03521730098063758,0.018154309274596603,0.04329246347770033,0.006008821557453858,0.021901313852819015,0.026490063870774128,0.021253183913665374,0.004903719449796284
2023-11-01,-0.0024696340498746583,0.001066282020287579,-0.011282807032664266,-0.0013066744503523742,-0.002356249013575562,0.012258525359210903,0.0035416767996994114,-0.005915304949173361,0.016966860664965555,0.013006368464450135,-0.03867708344584342,-0.0282815972264715,-0.002509851165825916,0.005592637000965572,0.001929265146532133,0.007752012232026706,0.0020209332823621917,0.009988145910926116,0.008918579307422236,-0.004824373148225258,0.008436700133320985,0.016253962550805134,0.012874719395422618,0.006472016370450806,-0.004649404141631841,0.023660032429415168,-0.012574617691176182,0.007536488678815401,-0.001075242748709182,0.021767675932205854,0.002091338711596613
2023-11-02,0.053498389851306616,0.032346597252536524,0.024714748536286857,0.04373829889394232,0.03424662210165308,0.02151295703539069,0.004750895653865106,0.05539329891460443,0.029809536992027708,0.032551799069493015,0.018800514108667343,0.01871361483357248,0.019742573034715383,0.019083943474698106,0.08023101120823628,0.0448717106995018,0.03462188144564893,-0.0051961750233042725,0.02375692542618202,0.02721548646376215,0.030708663916552803,0.023372754877118762,0.0425087705069338,0.024732033880626947,0.04690355544080371,0.029780425122419185,0.02706134870795962,0.027816814959977787,0.02583422744418873,0.02774212500442963,0.04904345850506209
2023-11-03,0.04546846954441541,0.0348630183664429,0.020247722518512257,0.05497851868628412,0.03414014895951367,0.06011165092656179,0.04539314729442512,0.008713488514783707,0.020654039256824852,0.00991889337917451,0.028234016772810122,0.025972822761522574,0.01518457093893022,0.021936948452815574,0.02257878445246475,0.028220880042588936,0.03866141939110501,0.040438112978915974,0.011872614348842792,0.028812745422300168,0.01747518031682027,0.02014017951179503,0.01639015011953604,0.009493154659673042,0.04457224531803483,0.017696819327811975,0.031308203874496954,0.002501691952886409,0.020286771911813162,0.007403069852857547,0.030835582011701224
2023-11-06,-0.01045737390234247,-0.020307543912276405,-0.012841488960060765,-0.025971780177110992,-0.02826541047159059,-0.011708977300820433,-0.004523113033654602,-0.012906561480494516,-0.025878238124127373,-0.011728689212829435,-0.020279944610038014,-0.023013888357283907,-0.010750657094788174,-0.013926720564140238,-0.00827908875882477,-0.0053699070099210156,0.0,-0.024291470702820228,-0.010133406558391567,-0.020119104756325057,-0.015204100103825668,-0.020295376128525056,-0.0076696074071348486,-0.02406760236887484,-0.027522133329161202,-0.006870811255688558,-0.02254280911537776,0.004537140509212723,-0.00582791878253297,-0.0035048010753477854,-0.007397908595982883
2023-11-07,-0.016296289531880448,-0.00669523484724921,-0.01022941969819069,-0.03276406132330556,-0.015566381282717923,-0.010649667498770277,0.011813626853567571,-0.005868372474658767,-0.011661133703893767,-0.004883685325898668,-0.013372403951906087,-0.013521132278475734,0.013040987700693396,-0.0118933447419588,-0.02385209347714079,-0.005398898593323209,-0.014821841645360267,-0.01792531870479319,-0.01885779733724602,-0.01782199211783808,-0.006671094647692,-0.0005642051819338967,0.004756260349482178,-0.017965025268678048,-0.005207374399969877,-0.015715753619161,-0.012300197541763147,-0.011291749983963761,-0.008620658632953804,-0.028250442452494084,-0.013609841671281875
2023-11-08,0.0034136808402203123,-0.00555410701383896,0.009558558203982326,-0.009729746981561704,0.014312035322806338,-0.005247569849971323,-0.008981326093272402,0.0012427649863178125,0.0036723931530466825,0.0025593350830126482,0.016152919891983197,0.0071158945915641425,0.10569030855751027,0.0035463848581089863,0.007330416965964259,-0.02714120110256113,0.008002571164556826,0.006084123469164426,0.0010983729326334846,0.011372193762001714,0.008634651090924317,0.010928307730913911,0.009861969632954715,0.008814204327446173,0.0015476227737629689,0.0017355556488518609,0.019302691601676303,0.005481965310804915,-0.005217399253819921,0.008406277390467398,-0.006570294695956935
2023-11-09,-0.05363219078653236,-0.013989755095682344,-0.01550394940362032,-0.050400282324561396,-0.008761883176879093,-0.025429423044197597,0.004790299803407727,-0.010963998230390182,-0.006539470704229666,-0.003855492061051069,-0.01863691485687935,-0.01569608765114916,-0.00362780052746825,-0.01981145136612439,-0.04608855302793624,0.0074395644992559795,-0.008891723057758538,-0.011086826980747144,-0.029072927208262933,-0.00967340387322202,-0.017597210668579222,-0.01627506733819961,-0.020117224024300495,-0.02060666382305043,-0.007408145702905156,-0.014293174843046708,-0.022907793857714243,-0.04407081903735721,-0.01713283481154615,-0.020030119999587148,-0.016203745271961667
2023-11-10,0.011418901133922743,0.010723668758313432,0.010999619458520904,0.0047901433315520325,0.015268058399622086,0.01998604789755931,0.026285284106224438,0.00020913671904598807,0.008933454546990127,0.013553342209384311,0.0154534013247003,0.014838287849801013,0.008552086665639225,0.011253050020761712,0.013350288891179174,0.009846148120513654,0.015059295359303171,0.009682324370231754,0.011299441834537127,0.024545019797699297,0.01229672299015716,-0.0074206114487253005,-0.0021925918741115824,0.017505485651720498,0.002701565220708302,0.013533736583443812,0.02406996067918654,0.011406772815374833,0.012451012017266727,0.01583181316479565,0.013445363191794568
2023-11-13,-0.014112497569504945,-0.0009249241579762923,-0.017300819882915652,-0.023455387658264604,-0.020239753770637692,-0.002313215048127315,-0.014061553360022683,-0.0010455458058784561,-0.008543619869753272,-0.00616476293693069,-0.006600678030899587,-0.023688524865805083,-0.012845269862075015,-0.015233279107041864,-0.02321203860095611,-0.0012187906320508812,-0.005366168456775511,-0.005720055340198926,-0.017877127279272265,-0.025505254658394372,-0.019799169133747574,0.006332218241968723,-0.0031960228365129906,-0.011414382786794741,-0.0003197310343096005,0.001820854203999911,-0.018314954493387936,0.004229398907192872,-0.01300063715032529,0.0011713537648339045,-0.010613561563793117
2023-11-14,0.11674264868740969,0.057619006298288644,0.03980882688880105,0.1070103923537411,0.03843055813895968,0.06301149435094944,0.053610074492737025,0.06102152269584571,0.0520955058039787,0.03659597896272104,0.041712753438103434,0.0509092845043011,0.1018030841887656,0.03916623208304637,0.087989779453163,0.035997602770502235,0.06125041417002519,0.047038998536782506,0.07508528321127339,0.038130323000465705,0.06684226622933598,0.05549468933816537,0.044889710880194444,0.04702141215503719,0.06728489444556884,0.04543881899792512,0.04726365772708685,0.04141303272133401,0.03773580492127482,0.01719903123561739,0.06034193346319938
2023-11-15,0.0037030095072880798,0.008650882123088843,-0.005294658331178703,0.005821158107964575,-0.012113864310979383,0.00846800118092128,-0.005801253806283269,0.018644594165438066,0.0022338857517503197,-0.006399283881526108,-0.009213334438185616,-0.011798494062134846,0.003473565870726558,-0.004539719206101744,0.0005903322648503906,0.010600664491829725,-0.005980753794199933,0.00500963304788038,0.002645581333523106,-0.007974207423293245,0.010793037239503978,0.0022691585364942313,0.006329100371659457,-0.00559369652694619,0.004510322328150407,-0.002069747862592508,-0.00950117704070963,-0.0011233055949801951,-0.0085762983998392,-0.007591484283131833,0.002845393684176134
2023-11-16,-0.017973689707888707,0.0164896773945844,-0.006668272336632475,-0.03139250180794795,-0.014849852188248636,-0.00699739736692695,-0.00024318346634377708,0.008328487386997097,0.004086061921419137,-0.0008066643826024622,-0.008583669089331503,-0.009410961744728552,0.0007692447384004542,-0.018559736274194383,-0.02359890901913675,-0.00524473457434349,0.009025165492415832,-0.0025727506067556583,-0.008970976415242915,-0.011042550908676008,-0.002171770677469098,-0.004144331908360388,0.011816246377585715,-0.014625557440460568,0.009236640354690406,-0.0009955343521965698,-0.010791398095594817,0.004273551995358726,-0.006920403424165,0.005679159372996123,0.0006305223638534141
2023-11-17,-0.000866999166030058,-0.006880582295094917,-0.004593101745456574,-0.0027158889799149266,-0.0025122823868073407,0.0011530600175755357,0.005958238155304274,-0.0019209322195531398,-0.004587426130295502,-0.007342645802123071,-0.00018033125035554765,-0.002599658236216773,-0.014143057544758864,0.0,-0.004833832470935162,0.011130721433447288,-0.0002981518370338554,0.003224279976312916,0.0010649323865479232,-0.003119908647711722,-0.0018137247324567785,-0.006974701571223374,-0.0033904816768232093,0.007992166217138275,-0.009745298277620718,0.0104633989316687,-0.005454502956781848,-0.0024635923867831755,-0.004181217891658595,0.008297813167665424,0.005671065047973434
2023-11-20,0.007327489537172216,0.009608538710964565,0.012600552134675258,0.00018151021130097256,0.014310243105590148,-0.0002559078989327057,0.003263587962175185,0.004907641010498898,0.009737514557346838,0.012521961199530196,0.011906861064455043,0.009620001090271169,0.00951195800865201,-0.001729023850032485,0.010321802269663838,0.014484273203636766,-0.0008947222741912952,0.01590872714709568,0.0010637995119946453,0.009306579639708046,0.00844920023343354,0.0014744750071038482,0.005859064195619101,-0.0006472857288997158,0.006247021578607903,0.008793544343450144,0.013101755972553475,0.009429721665599411,0.000699795646688095,0.012115729956226673,0.00971177159533898
2023-11-21,-0.0067956433781342085,-0.01051896157918164,-0.0024536612339600694,-0.026683617650065217,-0.010157976624178389,-0.0028161957625219003,0.0034939869340644414,-0.007947864037920138,0.0027239216492549456,0.005074304934693075,0.0008914136137170292,-0.0018305963294397154,-0.011430330362609764,-0.006061939753960743,-0.0162258750191423,-0.012564137331238623,-0.010149266549016267,-0.0026890534724296478,-0.011158282478794801,-0.008078379996008134,-0.0035135309748115517,-0.003371021776795935,0.006200663144057428,-0.013115198796493366,-0.006846113972390877,-0.00814660855741689,-0.013533844702898867,-0.009786509007354782,-0.013985990359317357,0.0021456217443680536,-0.01396211668106051
2023-11-22,0.007902082283291367,0.006327834225629436,0.010366063418250526,0.006713948904514044,0.00820981116819075,0.007188671984912798,0.0067234668320115265,-0.0048262856634430085,0.00455172582173291,0.007649137667057548,0.006234475278847462,0.0008934422727526758,-0.009218761094078487,0.0029405178814265742,0.01588260893121496,0.005783566133021889,0.006332939322438058,0.0038065180451631875,0.007522831195296842,0.006005292625822278,0.00840795097115854,-0.009680792805928706,-0.00448173741788116,0.004265747613917403,-0.0014985050881358708,-0.005338810836600816,0.010061092976130226,0.004043199035787426,0.014539019874898251,-0.0004507653424643543,0.006607894804053549
2023-11-24,0.0056410944370026694,0.0026662063872129327,0.0049269166593577385,-0.005001861404332897,0.0035059792908538334,0.007009980348912093,0.011091238188427832,0.004655727996037307,-0.0024117715696532205,0.0008183098559082502,0.006018799808291675,0.008785511170431137,0.002365600568775994,0.0002172364344428246,0.001202673407877164,0.0017251599626473269,-0.0002996707425345635,-0.0012640480892066597,-0.002133375956051786,0.003107345249596216,0.004124041475287443,0.0012170229387868936,0.011254820642003116,0.0017970832020237637,0.008061359160844495,-0.0021470378286613245,0.006640389769448252,0.009172193381924432,0.00174762078169155,0.01037210631333707,-0.001562911725658811
2023-11-27,-0.0015212393316920148,0.009482217630123912,-0.00859430414929685,-0.004654653659952879,-0.004395352186747914,-0.00012659329148256848,-0.00601559499379245,0.03446609965638059,0.00695977095829603,0.0017861420253537652,-0.005630949529872198,-0.011829354355646582,-0.0030679744698592915,0.017261900527322016,0.006606643415723479,0.0005740629704298339,0.0008992817160231592,0.006169934637336727,0.009620560996321137,-0.0036683537536410515,-0.0011606972327677934,0.006234560355314223,0.004080890833224382,0.007175437949089591,0.010166316844096412,0.0071996095396300586,-0.0020989084288461912,0.003990232126073856,0.003489143863057542,0.0055791116344177105,-0.010018809410965446
2023-11-28,0.02570949290628155,0.009989503801623334,0.0016871386374091024,0.033669998106744536,0.0119990775578247,0.00037973138350477775,-0.007950613452414768,0.037144161775146234,-0.004001562361208522,0.0006278094607483631,0.008494186787505908,0.0015081642636196602,0.004418850482794667,0.003628659100871845,0.015513139936226716,0.009179625853157347,-0.0029949124500698865,0.0018867999942346891,0.004235027015755399,0.01448205388142787,0.0021453685180725657,0.00015587059890975752,-0.005911716143743195,0.0014572581812466456,0.019749042133161865,0.003204352133628019,0.005108235964345287,0.00574082774958895,0.015994430222320055,-0.008988073272323538,-0.0025300049324507023
2023-11-29,0.011975438409512096,0.014565456918643083,-0.007782955905017097,0.0314875327220161,0.0039150224242117115,0.004428678723613855,0.004067033175729096,0.04364260989040614,0.009496064290324568,0.014292544913786731,-0.0071942509316622605,-0.001270588269396855,0.017597519369320525,0.0029774259955521742,0.007050465843555731,-0.008527611954782799,-0.009912899350913107,-0.0069052579913768675,0.002635818913089061,-0.001048449517361827,0.008295386237163749,0.004831295621331888,-0.002601685114109853,-0.0061438384296704784,0.012511866879492795,0.005405419113349019,-0.0047833104008379035,-0.0030735441074618564,0.013689297349007035,-0.0124286265893504,0.0050729050243132345
2023-11-30,0.0035776622575434125,0.012610413379577468,0.012351472500206961,-0.0012280447727794908,0.005682418871693962,-0.005290982407123113,-0.010721962112249739,0.011208780599299528,0.004196864027264935,0.008288914187957408,0.004595234173703222,0.005795631519069699,0.004940982902755353,0.013464815375451078,0.01050176847056905,0.0017201020270960488,0.01213593790787404,0.013748475230364043,0.015772828223149293,0.005005673692288104,0.016719724240088496,0.003334674955174144,0.010221989076469429,0.021311172645351206,0.0071778539458811075,0.017350892149988084,0.003304295340656349,0.009469251207387508,0.009115437215738043,0.010204099285933577,-0.0050778084390152856
