Date,MMM,AOS,ALLE,AAL,AME,ADP,AXON,BA,BR,BLDR,CARR,CAT,CDAY,CHRW,CTAS,CPRT,CSX,CMI,DE,DAL,DOV,ETN,EMR,EFX,EXPD,FAST,FDX,FTV,GNRC,GD,GE,HON,HWM,HUBB,HII,IEX,ITW,IR,JBHT,J,JCI,LHX,LDOS,LMT,MAS,NDSN,NSC,NOC,ODFL,OTIS,PCAR,PH,PAYX,PAYC,PNR,PWR,RTX,RSG,RHI,ROK,ROL,SNA,LUV,SWK,TXT,TT,TDG,UBER,UNP,UAL,UPS,URI,VRSK,WAB,WM,GWW,XYL
2023-04-04,-0.022186082148400343,-0.04386341581293318,-0.057420351362689526,-0.018030528953274283,-0.035979191778079955,-0.012776113788254273,-0.019306035452007153,-0.006917709723693322,-0.011501272199614498,-0.03105593320793687,-0.06128245772325913,-0.05403045975756138,-0.009696791486421108,-0.024121223796852664,-0.012910666539610594,0.0025171542602251407,-0.011390242743174572,-0.028243365732515957,-0.04176000612212227,-0.01366673176438904,-0.03620792520975524,-0.048610349392013696,-0.023612938901018787,-0.000642873981297365,-0.017171384722004635,-0.015233176462245979,-0.010269088368323631,-0.0336284904092764,-0.0620104653389425,-0.013083121635148798,-0.019294279050710794,-0.01210671244103867,-0.019781276102755263,-0.05582379018692474,-0.003205655299763688,-0.030537031998898345,-0.0404698400355582,-0.05198146561261696,-0.013147347744845161,-0.0346880547628281,-0.05165566666087207,-0.00929874504932271,-0.017274696922029764,0.003945686117696079,-0.027449407691758854,-0.025691006656139548,-0.01800932528741439,-0.002323039423758222,-0.016426688837256842,-0.042399011364466,-0.03066808071871996,-0.05463335584999296,-0.01284466117005878,-0.01955663963385046,-0.02376623146708301,-0.01893960767132341,-0.010638269869597927,-7.349448140248072e-05,-0.026877649909145984,-0.04301561201712256,0.0018691344483166006,-0.040139457581442106,0.0009466408881879662,-0.02907842686571971,-0.026081974626906312,-0.054001170946115895,-0.01357003754445496,-0.002225038043906613,-0.018342103935214404,-0.018685065446479743,-0.01605414744252287,-0.076952675447725,-0.005167682506136417,-0.03212690307250976,-0.0020747911507398298,-0.03877517044261014,-0.03139958525398312
2023-04-05,0.00039116279759876527,-0.018532613846546475,-0.007802298020769927,-0.019067761793705174,-0.024378036379322565,-0.004064590625385334,-0.02560541127294702,-0.01823279106016129,-0.018463055256798255,-0.016025658380238283,-0.018419236498024127,-0.018027131350088488,-0.043856022776019965,-0.015738910358579328,-0.006968408623474143,-0.013083096177155973,-0.007455075993083593,-0.04980589984819617,-0.05995074480971674,-0.01356124785585655,-0.01502719152922749,-0.023297354945838067,-0.024536269153475843,-0.013408517421529265,-0.007796406143493195,-0.028296588821893454,0.015188208269315773,-0.01236259821088559,-0.021905729765055115,-0.001482676209557221,-0.008416698652909949,-0.007908380562946404,-0.00023739808070821766,-0.028998822599164975,-0.0032161136092374587,-0.019754277029533696,-0.021663969320387833,-0.006695543904548962,-0.005141918032917858,-0.010040472667527056,-0.02758375298991733,0.001521966131854624,-0.0008734362625792969,0.0029679892634661975,-0.023897821529152097,-0.013696716745989379,-0.00965768334770345,0.00600298280677114,-0.011407865391118599,-0.015378954176714199,-0.032768455124593476,-0.025137287678193676,-0.009736089093468459,-0.02452346183489651,-0.027690084140973292,-0.016845931255661584,-0.007536979653824938,-0.006538431831859426,-0.03149188215127385,-0.020053007002595158,0.02771855536320178,-0.029610589771822404,-0.0044135814476532476,-0.03448729800582462,-0.017226472492667733,-0.01893183344278948,-0.017698893525613935,-0.008601419422265999,-0.008525568216524282,-0.011988766461081934,-0.006348001192751251,-0.02188635641904413,0.004564930491592012,-0.010552176592586893,-0.004341685168604559,-0.015882783004397383,-0.008993839394778713
2023-04-06,-0.007136612783703589,-0.00015478094218812632,0.004536725636991035,0.008639300402664807,-0.0030956071177375977,0.01379174092666724,0.0111372520710038,0.00652378627232153,0.002271397303269751,-0.005002330267049215,-0.00712588527088176,-0.02041873869485289,-0.0014423549903369581,-0.00547329356321824,-2.212545117197262e-05,-0.004017180644508067,0.02492309225250744,-9.075393013358024e-05,-0.011155039166976022,0.006873899083751356,-0.009237748392340372,-0.014008951095395572,0.0025273912876873084,-0.014994849861040493,-0.00265072223392393,-0.0005824181247365834,0.009437679168772029,-0.005408862250065871,0.0023099664320431756,-0.005546275728903649,-0.006896452145348397,0.005437479833128922,-0.01329853938260206,-0.012186889291323721,-0.007367722417316314,-0.004911862926175847,-0.007453910230749594,-0.007833967741888381,-0.0013509117594111553,0.005071153107936599,0.0050268763096315006,-0.0019756516707952754,-0.0010926443486081183,0.00036731029881997834,-0.007175981559905842,-0.00798261742962103,0.011672666829001033,-0.0011042813445822919,0.0024616684402989364,-0.011336485913096772,0.00014594475915274963,-0.00035180992424077573,0.001929566482215428,0.013480454918649354,0.005160621049678182,-0.004379758802126044,-0.005569055755211383,0.0034756341957991044,-0.013726107248577923,-0.003734030104754593,0.005705262614997375,-0.00443998729111017,0.000316605118213964,-0.002417003295233533,-0.002651285693044736,0.0011143548865824027,0.002352544951866653,0.0019280033523245699,0.02281032716735787,0.01498931921039115,-0.004329507219208328,0.011387349563388938,-0.005431940656310474,-0.002277947542117742,0.00515904989784155,-0.007102589780132895,-9.973964724740991e-05
2023-04-10,0.011815712498062014,0.013467428168759676,0.007426770964362062,0.00999281851258127,0.011312300814823928,-0.008745523964922786,0.013290237493588819,-0.0027912965488007258,0.005595009345816804,0.0361277214005189,0.011961682348078373,0.0304058729688792,-0.0010111178886316186,0.026653759765255636,-0.0038075680384590527,0.007932293480396035,-0.000999281008260522,0.024372473774547876,0.02077634993517319,0.008311065657896632,0.01751778101787682,0.0076160169957639745,0.01380547744245808,0.006873235343290762,0.022211691171389436,0.013403271327759647,-0.0021542053498202485,0.009633376806094551,0.024048034299555043,0.005884627623023553,0.008119649393070416,0.00640554727676057,0.013718428901556168,0.014642117871685345,0.017222075780055635,0.012363393393214128,0.004523444560855294,0.018545860241963252,0.024172295474888195,0.008055114059917656,0.006788160784038544,0.011217758200813943,0.013018167952621118,0.013423954110823866,0.009991418206630076,0.01695075857508188,-0.015091850094875237,0.013074241373308704,0.027688400266068225,0.008154005877377912,0.017374891560263617,0.00864080838220982,0.0023844135240806974,0.01703228512996202,0.00912707393994805,0.015144806175590775,0.014356928168896665,-0.005526939969902389,0.012836100957218877,0.01131725035879838,-0.005930801387176388,0.020331473648641296,0.01836017165585191,0.042805151261563035,0.010190485910199998,0.0024021457323450957,0.013239955608800758,0.01796021361325728,-0.0013593340022182154,0.011017375114492411,0.008908662565578318,0.027162405170235493,-0.0008403711668829583,0.023142316491089332,-0.008432222127981004,0.015273011588944785,0.012866622032948971
2023-04-11,0.017516519960712573,0.0013747890935129625,0.009464050429608406,0.012014139991305628,0.0017548033158416576,0.004621412253689394,0.00619857877984531,0.007306236615621131,0.014508001948364768,0.042315503089336515,0.028841720780484748,0.023523430279926316,-0.014170088274163994,0.005780988828927303,0.0005555360786480001,0.010270730032398312,0.010670195052139952,0.018387341010160707,0.009275649522220153,0.0179569841267333,0.01999298626968593,0.008638286623951164,-0.00011834811412692048,0.014259713187166012,0.012721721675580833,0.009392408080835413,-0.0003023107472173159,0.001077254050450449,-0.0072406838147391905,-0.0034053036381613833,-0.004769012792475769,0.002660643837931298,0.012820495355525319,4.447676590801919e-05,-0.0024322972229890993,0.004374539998976967,0.008000748861953566,0.0023435132227189737,0.007924696328343472,-0.0002633986447813097,0.005500269200279462,-0.0015560431585934786,-0.0034557214899018085,-0.01793662754456138,0.020627341611236583,0.015357190701343892,0.01734960544568498,-0.01735424333231772,0.015532058812798066,0.008087958229229697,0.01951786491851837,0.008915801220343633,0.000731898515026197,0.0051973586968103724,0.006971990087420332,0.013556962432354158,0.0010038784115100619,0.0008151656450632316,0.007337168790266357,0.011953594083390584,0.0038910428032703503,0.010798739202910301,0.01678595892404222,0.015877128416904807,-0.001169575628352515,-0.0002922513950289751,0.006690226550990053,-0.01953367789400351,0.0026716874682606306,0.02759097141754352,0.011510608323635152,0.015428025723125849,0.006254601281351135,0.00902734384355286,0.005299572136420183,-0.004697222834393,0.011619868024399294
2023-04-12,-0.0018170703349178474,0.007016515622328301,0.0021710846722260424,-0.09217875160299871,0.011020126926239326,0.0018587219869476979,-0.007990684924900515,9.414569038401766e-05,0.010274193112205232,0.006062547817933028,0.007812398444162261,-0.0004533263532455756,-0.024347369531815044,-0.010032439438799279,0.008173095509124373,0.00528124553948861,-0.004948854711613215,0.01292149857079683,0.009348197526578117,-0.024291481818525473,0.0012930505957879923,0.021536446488763072,-0.009474119942674886,-0.024877875440025177,0.00651009213640652,-0.0018989228519981083,-0.008897342260364871,0.02736358768555025,-0.013010050332498246,0.0042493449000340355,0.002023231998327546,0.005411295771168945,0.017580913125006203,0.009976444172661747,0.0065019158404719946,0.006578606325281955,0.00776376282610336,0.014748169646802811,-0.0002850011077054626,0.004391830858776924,0.012352255685688318,0.003569394915123203,0.004334693868675243,0.0005329614670839256,-0.0020623955558176643,-0.00041497524804301467,0.0024293450363293,0.009609786718095314,0.0002059365556925652,0.012034601985678739,0.015061977838281893,0.020567348748728564,-0.00886802906033679,-0.00574508787784489,-0.005052464317746641,0.007756696865968582,0.018050518400231086,0.014215885179915677,-0.02079192979257416,0.009335069484537106,0.012144658734352554,0.008690781498445377,-0.01436857529918123,-0.007496788059377701,-0.00951397115140773,0.022567879863010454,0.008946640314174248,-0.017030869934210546,-0.0008545962889943137,-0.06498197400600536,-0.013509986292250753,0.01489674881412495,0.003760765011741718,0.0014073167989407942,0.01446610627674727,0.010764939385611072,0.007398020064557809
2023-04-13,0.017054664361191074,0.004998390392522811,0.005809885617045429,-0.0038461685180664062,-0.0005773606868290093,0.007606348061207413,0.004905032543889076,0.0058867854457853586,0.0070774425903177285,0.0044118802471586616,0.005472005170660044,0.005306176236486104,0.017288057485173924,0.008972923811733091,0.01286507648147217,0.00788020066890982,0.008620702878928022,-0.007473702949167715,0.0009104081387760754,-0.010966229081707857,0.0025830760864107294,-0.009431670563968542,0.02116208365617056,0.01308861358715041,0.004281748654278994,-0.004185742062183695,0.006972653653432248,0.005985349447726884,0.03345315053464426,0.0037293312000536982,0.002125498926769609,0.013817756042920015,0.0025339536214934455,-0.0007937274433067465,0.004369926657614487,-0.0018929979343181857,-0.004820411637739386,-0.007798563766536537,-0.004844123604214934,0.013379928495895976,0.002266034020877772,0.009367879277419666,0.0010788506139580711,0.008277019394900664,0.00785283532305825,0.008765030193515377,0.003198843377885119,0.002940203400077168,-0.0214374797043011,0.005326496377959566,-0.0072112883863778565,-0.015315003429577145,0.007748239727288553,0.02963870947300573,0.007334999684086352,0.00024240895613125701,0.001576083054698696,0.008103439524910216,0.021774442373580172,-0.01070721119492557,0.0033188796926282293,0.004118906855155036,-0.0009306118518652706,0.014978847405880069,0.010196508893185907,0.004974257992026221,0.011121125248333863,0.02778687078227482,-0.004075842717055411,0.012789638309798068,0.006057463686945264,-0.007259233216883598,0.0126971615562248,-0.0019072348488375912,0.008157089398370898,-0.013259433709026047,0.010532392491520604
2023-04-14,-0.003579855949725874,0.011605176955760577,0.005874362891345131,-0.012355200754337936,-0.0007223392894759595,-0.0071347179344652956,0.002686875241034281,-0.05562053386259613,-0.009415908825059716,0.010927837073921864,0.004535114517902006,0.00906743602741722,-0.00029550234383757257,-0.0001046901940158218,-0.0025446814191836253,0.004951849014735332,0.0013148971446264035,0.010948573996029776,0.007875440585349613,0.011986839358822499,-0.003322251840263357,0.007032198471665252,0.011122790673738336,-0.013575503706130698,0.01297171487717752,0.017768498799874077,-0.0016444965387190091,-0.0008924094988163045,-0.017006421327331878,-0.004720874521395468,0.012088942001713843,0.0033180293824452978,-0.02251835496610277,0.0050310471895074205,-0.007093893450121236,-0.00862539428228104,0.00038930444741747117,-0.005001796903705391,0.012312581411032086,-0.007507718205689962,-0.00017387979245608864,-0.00486383935807444,-0.009376841812795078,-0.00843255952432187,-0.002665538971233228,-0.0036585353836728896,0.002947220771339021,-0.0033533612936539337,0.017730023076436785,0.0012319379362855098,0.015784335624258627,-0.0013770282996758976,-0.012173846412381173,0.0007261801718396743,-0.011575822871215724,0.005938135527087107,0.0,-0.005214039526496572,-0.00304428686326752,-0.0029125035844786984,-0.012722621356233588,0.00431124219630985,-0.016765050326535635,0.0017658914144045301,0.003364455373969344,-0.004494520373856226,-0.002507509852220924,0.0012722330629537648,0.0030820914915683506,-0.007148035335529768,0.00979054445005012,0.012615782245923635,-0.01413086249950879,0.0030172063181455044,-0.009289827938115502,0.006834754089628525,-0.0013386604701740579
2023-04-17,0.009549048669732052,0.006704387702398673,0.016449261411277227,0.024237718572423406,0.006288406863038443,0.011404690247927896,0.007413709235673194,0.016459233329654266,0.005992657397497991,-0.0006358367762363537,0.010609557322109442,0.006974389203134201,0.016260139679380448,0.002092637952531007,0.007348336821939805,0.003889981997913905,-0.0003282609724726271,0.0038954536859074906,0.009412829806056733,0.024281809200701998,0.007958684342978861,0.00766282902640536,0.0025475127310441437,0.006037041212344718,-0.004656595925924489,0.005068431943726859,-0.005982083569042507,0.002381998223613957,0.024083327114873265,0.007773704361124567,0.013935502869041105,0.006664864448886476,0.007757329078977637,0.016554771635185705,0.0068111681744222885,0.006103873020362194,0.006398017882121243,0.006822252100665116,-0.0006789572530703225,0.006173342226841072,0.012871777506634707,0.009924684736001055,0.012838516725819593,0.003381257459853071,0.015419430544017398,0.0037178169319194154,0.010212431836033709,0.004697735954435345,0.006348349150796295,0.013782970718196008,0.00742577835482372,0.019742589948164246,0.015289049882197592,0.013524723442068343,0.0022667562596256907,0.00499931165829981,0.014063712385697924,0.009463438129276192,0.01141791517196622,0.0019474893790794034,0.004381414727704147,0.0027507211762685113,0.020208392519160512,0.002896007428132563,0.009330909302221357,0.008572364743546279,0.0034714644277369366,0.019059793441653206,0.007605827844757718,0.017038707232270855,0.0021775859903878647,0.014469028592243083,0.0016157291568901222,0.003409234689806695,0.0006049426309777672,0.01491303524267984,0.002010756099180444
2023-04-18,-0.004776212486156561,0.014355537457065859,-0.0011490205416808674,0.014503784339736425,0.00021554731671136196,-0.0038502646105557092,0.00868906056407126,0.01629028121629128,-0.0015062808981545217,0.025662758119075146,0.000893448924027096,-0.0001776501155517085,-0.0007273171164772219,0.0015662619548115764,-0.004545686025135942,0.003745814032370731,-0.0013136016646972948,0.006140204722267395,0.013463790570399814,0.022260922028424,0.0006749545337343399,0.0038636673059340154,0.00796942787865551,-0.009357212151328564,0.003868669438171324,0.005789986351366405,-0.0004360695605947207,-0.0022277669472499095,-0.0030716038960150183,0.002179029071604166,0.017567428134146246,-0.00470024500518107,0.011430069457717185,0.00842326945688443,0.003075040913026461,-0.0014488053229808617,0.010824678542282973,0.004279551327960762,-0.009793385270759014,-0.001555461817243864,-0.0006869333601179362,0.009530861887864894,-0.00032227117689342943,0.024038042835532458,0.013565572056859265,-0.0005486954161199042,-9.535643828495477e-05,0.009856989069950473,0.00756992628681874,-0.001092390063778259,-0.0024569055056663514,-0.002181846686337585,-0.002464177487488284,-0.0064767633129586555,-0.0033924081991182353,0.005633721825667903,0.01503250179831328,-0.007427717464590922,-0.006825953551087616,-0.0035273598268741324,0.005902083002016889,0.006816308797418458,-0.007737437803356562,0.016195912197550788,0.0015887895100406002,-0.002209834274238265,0.010590654665277865,-0.010910295163373163,-0.0028494056268187906,0.015573379678573529,0.004294123366545222,0.009803931031520552,0.005047747333997155,0.006795225990044562,-0.00012084061328709872,0.008353245728104808,-0.004395702777927446
2023-04-19,-0.0017879068370925122,-0.009629569135747085,-0.0012462658469053478,0.025583156776810334,-0.012064634843307664,-0.0012885725620729316,-0.005230090308050106,0.0016317685110491809,-0.010697360546017554,-0.0232630270016827,0.0037937035347628267,-0.002442331731422609,0.004512448351662091,0.0008340658673360313,-0.012068424765859787,0.004761327383105973,0.0049325806479219025,-0.0063994240696828575,-0.009881810475023789,0.016119827826206024,-0.0049906080864806635,-0.0017716818766171372,-0.010312754275023872,0.0005647098042256271,0.0023301067602361503,0.0029712519463618303,0.0012215815168064026,-0.009675590643040355,-0.004814172896800084,-0.005044307287647043,0.005686984850649335,0.0044685435379310245,-0.0018452248411232608,-0.005654224063644575,-0.0047163011078750205,-0.012287435362497545,-0.009136476572078722,-0.012606525243388678,0.019951935195954285,-0.004673721592353242,0.011685894552815546,-0.004353573326078886,-0.006662307512143584,-0.012464842477214244,0.004194882025666979,-0.005810801361168072,0.0007152785972286413,-0.005005533378140137,0.0076005115566057935,0.0025518540075237794,-0.0023263074446088217,-0.003911392866154273,0.004300082392167948,-0.0009828151002749808,-0.0013237565393711126,-0.010608467179018977,-0.005446248088538108,-0.0007265460692031933,-0.0014538777784517398,-0.009174135679098083,-0.0012755075705056518,-0.010196461546432833,0.012164607539226768,-0.007907139294451415,-0.006201261174911821,0.0019876712309552236,-0.002347729175616431,0.009769977238050842,0.01268361159409448,0.07504645616935979,0.009839212493562233,-0.022490214347235415,-0.0016568343126014407,-0.006253095959330768,-0.0016930012023832486,-0.0013656889168537356,-0.004319049251581664
2023-04-20,-0.012726171285286969,0.013111381652402887,9.596912625031706e-05,-0.02274397777064252,0.0029076166828045924,-0.006542548802789594,-0.008261885426541604,-0.007091231559190003,-0.011506298118814984,0.002752219041715076,0.008892949585972865,-0.01059414957691418,-0.032893844402146155,0.01156247206618044,0.010036902676965331,0.0,0.008180616197392965,0.00012794388193704265,-0.006135936859605118,-0.03590312882087221,-0.0021688261532938347,-0.002692751822818251,-0.005789008553274799,0.03755574336226397,-0.0009834961368716533,0.01092396108613114,-0.0004793407835493868,-0.0033068265692844934,0.0002902358660965554,-0.005594489153761817,0.007371570168996255,-0.0053585686788264475,-0.0018483708387129205,-0.004394153902966491,0.0031748918272467286,-0.0028002856623606798,0.010678946766758957,-0.0044955427697597194,0.011994877299049689,0.004521756685548439,-0.0047562578063216066,-0.0032917588515014584,0.0012981489438053107,-0.00920917034429991,0.01452159845949752,0.006581061607097594,0.009435848481783138,-0.006057769392101453,0.0025432671285201547,0.0030303359345440484,-0.00452605869720768,-0.012676536029233243,-0.006376905128685606,-0.016854707045835693,0.007986298060279617,0.007710444651409354,-0.012008892062107979,0.005743853520807196,-0.011780254563290127,-0.001786367290732227,0.019157048517997932,0.07974300963824121,-0.007395938981276107,-0.00585312934136728,-0.0023218392282017275,5.6607955088772144e-05,0.0031026481116191995,-0.016853960677187363,0.0029702228467154423,-0.02982496335557483,-0.005356328974744029,-0.008162239908917845,0.00902387357754919,0.004694274886636318,0.0036340522322682034,0.0026148487765664807,0.0026027448842851353
2023-04-21,-0.002387161447746755,0.0001454742336353121,-0.01151748715730272,0.006006000415836432,-0.0028267239554130574,-0.0019014630347842232,0.002450229646575597,-0.010037165825112604,0.0075731330249910744,-0.00907843956376908,-0.003525756542975711,-0.0036188150773851513,0.004195366920274779,0.002883377646213381,0.0021354478717230396,0.003970255524128996,0.03278160402612307,-0.0068235990673199964,-0.009375810341391677,-0.008949193506888053,0.003124575337186908,-0.0004909390207251674,-0.0031443662857083554,0.0026702632362676226,-0.004385592466443211,0.0038461995777683278,0.004621169910602019,0.007238905344822966,-0.005899996266105378,-0.010988045633637644,-0.0025060369049570985,-0.003405410004220788,-0.006249947424928348,-0.002076947915021443,-0.014123733233837088,0.0024398255750486264,0.0022489913938552597,-0.00036133648565339627,-0.022874482765193327,-0.0066655395050218,0.00034135627891784814,-0.004140591689195561,-0.008751061696202322,-0.01640854005726422,-0.004117640847058013,0.0005486654348376696,-0.0009914525694820764,-0.004618563742821213,0.005650203667156184,-0.0002417093912124857,0.007853421811239825,0.004603345943270609,0.004125717833663112,0.0024347318808533025,0.008488978493162769,-0.008906628801819805,-0.005737076831050403,0.0020241146351189787,-0.01821592000522576,0.00591616546562479,-0.006766980842745296,0.015914077199795207,-0.001862836915567545,0.0021295936256484627,-0.011927313259707972,0.002720352583731378,0.0019265742176433065,-0.021269843691871237,-0.018509300668568263,-0.009801707121663394,0.0011797308590766331,-0.007510373130355408,0.011461759058723375,-0.001491091784034726,-0.0033191992166018425,0.004406644550618566,0.002884225549327102
2023-04-24,0.005551298670827931,0.002035443789243585,0.0014564700320927049,-0.005970143730110733,0.0010175807413537186,0.0012081188180350644,-0.0023109246404212636,0.003022229560920353,0.006959574864541684,-0.0015979708265680959,-0.07275550616495619,0.014345966523395592,-0.017905058316148637,0.01211625818987816,-0.004153324036849648,0.0020411234003723244,-0.013827796843127071,0.008716907027205067,0.0034651968576262515,-0.00611715043207639,0.006229685552537889,0.005586925173282298,-0.00011684887258534005,-0.00907440714183605,0.012135920140314171,0.002006814106080057,0.00746396653068504,0.0011976032808209691,0.018680659581133074,-0.00231091681330986,0.006431495404313203,0.003570061517754519,0.007919865217140165,0.007631236324931123,0.002874794584475815,0.002250244403469992,0.0063508366938311855,0.0005420971521994389,0.0,-0.0020914136227239144,-0.0032418112235977903,0.0005445416854974461,-0.00414169187629454,-0.003377805491515895,0.004725267088356855,-0.0023303911632073238,0.001417724438287804,-0.0022669586955947896,0.016024027880176206,0.003868098566970124,0.008475580979504294,0.006733170179059389,0.012509119658475454,-0.006687565564118203,0.009726922672096405,0.01489730836681935,0.0020538215634282597,0.003535128686980915,-0.006002749880858693,0.0022871434316109607,0.007065360100054319,-0.014790302379462772,0.00031105225889183075,-0.0018749562304238854,0.0010305295503336698,0.004521504236456364,0.0010203708299263425,-0.004865378491776595,0.007191306073776715,-0.011698547780391144,0.0032785038859222126,0.02938325721703139,-0.005030713048283508,0.010354387024638756,0.003148577299636468,0.007774890131335699,0.0022050156349879835
2023-04-25,-0.006567597375241152,-0.005078385111450534,-0.011537727962479205,-0.03603600249501826,-0.013070135795223647,-0.017543000487417637,-0.016258324705943794,-0.017398074338932257,-0.024189731445058982,-0.014191227205840984,0.009301125951064693,-0.021483134595551068,-0.05226372899815568,-0.02749314204042186,-0.02388857647507414,-0.012985413530650525,-0.01529641808907134,-0.006172509129775516,-0.022085420818992563,-0.02960139629545777,-0.0211305960896232,-6.106820081563935e-05,-0.01250147779380606,-0.014432772711360453,-0.025934837623396878,-0.02567365830190338,-0.02881628612379894,-0.02317922748956258,-0.02483284192841373,-0.007839580894608678,-0.01707431320671582,-0.004167086802128073,-0.00647101335567013,0.11627024737682112,-0.013998415752287774,-0.013195848532289056,-0.011191021125439016,-0.016796044621102735,-0.02193632954594049,-0.006811624548586415,-0.0020540311984820203,-0.013950729411058682,0.0004378118395707009,-0.011103743950456102,-0.015480973217735672,-0.0191454546428651,-0.02260396375886986,-0.011573116694193253,-0.04251783633098172,-0.004816446047333112,0.013962448849873743,-0.01811376632854178,-0.026512730488073122,-0.032927016906250106,-0.012226723125209449,-0.00623980498941068,-0.013371079411161224,-0.0015815800395755364,-0.01592102070296364,-0.0041655507941260606,-0.004760567022778939,-0.0049011345927006955,-0.027052166260214228,-0.02742641201801599,-0.011764890829498165,0.006245433443712312,-0.01470111911384464,-0.03552803591087339,-0.027611281458687964,-0.03277939031881416,-0.09987245708144254,-0.015562613732962971,-0.01578144662530223,-0.0068979047397165205,-0.0006034982745996009,-0.005167956067318125,-0.015496446880685633
2023-04-26,-0.013892987260031076,-0.01560437907598411,0.05434037095266597,-0.007788191610696438,-0.016038690420118296,-0.004062504214976448,-0.02137197686329606,0.004154489973529074,-0.008853451627528708,-0.022188581722054845,-0.03946112604758256,-0.011160416231030479,0.013465856656056596,-0.03505114592143732,-0.016531677505426723,-0.005417234303600527,-0.024595521303040657,-0.02411549319847095,-0.012807372886671775,-0.010872824618841537,-0.031967496038009635,-0.011356641666820044,-0.024136250573333795,0.003080311253004009,-0.02680760895182066,-0.013355898667655186,-0.01197501797967171,-0.03459886304211979,-0.08873651022521956,-0.03551224138357867,-0.022653439927827645,-0.02582170477338319,-0.013491418810573697,0.0023513329297037977,-0.03159221492578268,-0.025955417872275177,-0.015572508985421951,-0.01891997475101692,-0.04016222665432012,-0.00940824565708498,-0.017324207364867616,-0.023981690457119065,-0.021332530424443497,-0.02935357669450367,0.012141616329489624,-0.015316316322071755,-0.029451533376150474,-0.03519020402179451,-0.0997435388321396,-0.009316510187716842,-0.02272740338886614,-0.017217968545569784,-0.023899923037419835,-0.010425633627466513,-0.016879318859864267,-0.018837502070534584,-0.03373228588581778,-0.011736728581158595,-0.014923227748728896,-0.01564021059519838,-0.010070569184863709,-0.0144270628471721,-0.012464084368828954,-0.005150637219211607,-0.024404621765859225,-0.006430322221335993,-0.01469496103586565,0.0030415732383839433,-0.016688096544157927,-0.009178705317475888,-0.02110150057831206,-0.006964305727597431,-0.01292090825446579,-0.04236955561456779,-0.011837968362374385,-0.01787650438871413,-0.018849631238508135
2023-04-27,0.02341636876492359,0.020238056649927838,0.03674767375463728,0.01098903813484653,0.027142220972740105,0.02528099398133965,-0.0026835784849454924,0.014825368294997254,0.025510893369529386,0.01948198148744318,0.019926173585013585,-0.008603632584663123,0.009648854770217818,0.07762161414064517,0.025453243300264772,0.008429535997068083,0.008294741538585892,0.013431049043742371,-0.007367647979927838,0.017709995574315407,0.026773584273200424,0.03736406972401096,0.004243471907594554,0.035642293048107954,0.04562915116806843,0.02840801848706076,0.0142298671489125,0.00856322497549522,0.07050728175024079,0.004003156625390192,0.019228784133698218,0.04038771346767467,0.03112460937972128,0.026805709358005858,0.007605396793044283,-0.009295294217389394,0.03971989455576508,0.06721596621275916,0.026868692678103212,0.025297315833324507,0.03630649203818925,0.017785656470776345,0.029063282830705583,0.007322037036574747,0.040117990009571614,0.024707225339231753,-0.0007959840660742845,0.01912754058777777,0.025170147305846102,0.04885204121331865,0.007797448276200214,0.037381631950128336,0.02344118356347602,0.011200587301536169,0.09748190461256989,0.029865183731164535,0.017506116749642198,0.0032057963565657044,0.035395731275336795,0.04799898808774983,0.05798565926562538,0.02073730124195272,-0.03300972946565961,0.06588135883273272,0.0,0.043952974602841755,0.021832828124004555,0.0006738698638149021,0.010652735226332588,0.01733974782403669,0.03007470009280211,-0.0462655006385011,0.009883253140747561,0.012744884423774305,-0.01210185287626031,0.05537870084676144,0.028223494969606078
2023-04-28,0.008449612156282482,-0.003938153952305012,-0.008614564985078954,0.05900622842617298,0.00407643366136945,0.017764605463503225,-0.022454169656070277,0.0035915624018507675,0.013239671445881784,0.028990208612170054,0.008683005125203813,0.020855701963760298,-0.005483350756353533,0.011938211189290948,0.010979974078813237,0.016589517490847694,0.008226314514174993,0.01797389020959872,0.0165926437187236,0.029402918795810695,0.010928303551920093,-0.005060425616198128,0.005191311905299978,0.012930284084051946,0.02007165741353445,-0.0018539806056298014,0.008143727439298587,-0.008018906836309014,0.02630524886265717,0.012286058308236925,0.009280037872677616,0.00619299782337035,0.012805976384735906,0.008726831367432908,0.0013904640852153705,-0.007265547342197087,0.005736656224558434,0.0003508731503130136,0.030693208120343485,-0.0004329579214616963,0.007916449039644169,-0.014393939869967731,0.013034989883733195,-0.0011828545177365868,0.011722495521650611,0.001064367865706295,0.01080362052959849,0.00784388931580704,0.022924014906225088,-0.006753560852367335,0.013845739747439634,0.00488715480839419,0.01873143263901733,0.00508812352280108,0.009560341909558012,0.0039651768967639,0.0051313691133039185,0.05033044887978777,-0.0017776335977323088,-0.000740310921864773,0.015624969599919547,3.8612749438282634e-05,0.013721550965723583,0.04845168557119339,0.021049469765474393,0.0016711355666181316,0.007719223488045435,0.045454492910507405,0.011160510162176562,0.02264761532890125,0.011532436831001913,0.009646059030555376,0.01046327085430443,-0.0007163419858838838,0.027346373304611538,-0.0011344744917699545,9.631989007963249e-05
2023-05-01,-0.0034833797127448163,0.027090320831108183,0.0018102813920124472,0.018328445286468265,0.010222693837801389,0.005090796593918867,0.025105562705032503,-0.014072945542548898,-0.008458945865744472,-0.009707694434245018,-0.015542806696406286,-0.006992612889395677,0.026780100428456466,0.035392115024277304,0.014371315749041047,-0.008222662881534837,0.02154046451207492,-0.0019570808044943044,0.010846033163041557,0.011949820452143323,0.0017104954748592416,0.009933014570061793,0.0010809161176821291,-0.014348876415333223,0.02310262154993281,0.013744535215288511,0.012292643017557392,0.01252189238524104,0.002934801592455072,-0.0009617447712599869,0.022329967339144607,0.003202540793114439,0.0002256803121349904,0.013144166450901995,0.0024792984430674903,0.0025202537180795126,0.01599565519546009,0.0017537504076348132,0.0067317320716995255,0.00788159822028689,-0.003843562883493634,-0.0022546390561308804,0.01136601944270521,0.010722346115886738,-0.002803261848406402,0.005639997318962697,0.027483605762616214,0.0031434881012841753,-0.008271260656319224,0.007620083675341505,0.0013387433234761659,0.007664368145178457,0.001911546953420551,0.024727107680395655,-0.008092291818754926,-0.0025346647648275544,0.004304274085473292,0.002489199027302158,0.002191875813522426,-0.0026816054761183983,-0.023195148859636472,0.011719056568671338,0.009904265281468039,0.005096140056742415,0.0016431415863336074,0.010171677538771462,0.005477084735746818,0.054428421350461775,0.014971897519679978,0.013926954816826154,0.01329168373689038,0.0014677939173601828,-0.007933606837196572,0.005324180690598812,0.004456392867835168,0.0005606740894374962,0.006355906893903418
2023-05-02,-0.02711383150300306,-0.005132588955035544,-0.009667452227233309,-0.008639300402664807,0.044926075479592376,-0.020712693330155685,0.019537042688440476,-0.003041129798581288,0.06297676428316024,0.014384640341718935,0.01578819963136091,-0.00975751709491568,-0.02638848132325866,-0.0003830122117296497,-0.007440702082553097,0.004081628681073202,-0.007348244720106201,-0.029584806482568116,0.004396484522981803,-0.005472433355334205,-0.011406341773052109,0.026484203464734346,-0.013557283344436066,-0.029504764978528497,-0.027732519414109147,-0.004214033133243089,-0.009454481046387686,-0.0003131895576802268,0.0027312370060474933,-0.023472310066751767,0.003261543460232774,-0.011073365028486992,0.01489844777685545,0.025361042859730176,-0.026859960601039568,-0.000531847614342551,-0.04645858199369701,-0.00035013603032107987,-0.006630042909188449,-0.016756944053178624,0.004697148387771799,-0.02639820039172347,-0.145356170877181,-0.022452719426339418,-0.0005621558320363373,0.001792899833643835,-0.022625916910542054,-0.030061333589633032,-0.006829442760636462,0.0036068305786058907,-0.031555019799284434,-0.007178371741494494,-0.02244031409827496,-0.029574884226422737,0.004165861060626552,-0.006441789413637045,-0.014551988651224645,-0.00013780368780103025,-0.029934455583927266,-0.012842796119011624,0.013084594454057186,-0.0014100535860660512,-0.02059501067072378,-0.014865137224545633,0.005070977052203274,0.004581749718642225,0.0035232633940280866,0.11545505759039076,-0.012888312142655178,0.0027020700809967657,-0.023929640841319877,-0.017199421488273026,-0.018642652192407017,-0.015378434246321682,-0.00047961221753500816,-0.010273500712426054,0.00019140467660028193
2023-05-03,-0.0014566367926635015,-0.004585826261656489,-0.0059301650376650805,0.0014523967628541357,-0.007005477666597426,-0.0025860703061125756,0.002997019609712659,-0.011414550180658067,0.011875317537703767,0.12878153917269475,-0.017455660611442436,0.0022774715437847703,-0.013394240251873413,0.006417632980104004,-0.001895968496764433,0.0022865892071206595,-0.004505923105596388,-0.0140133377608892,-0.004116631712693275,-0.011583932722067702,-0.002349108941405831,-0.005021580974833628,0.0194600463809389,0.0033612173575934268,0.040268492064016836,-0.004967749872807348,0.0005253819516612968,0.0021923545582338555,0.1161478060073613,-0.01408384727901979,0.0025612716476108854,-0.0015130908532926535,-0.0057829700762566105,-0.023268353192718028,0.0005591681320564756,0.016301491030910054,-0.009343506688477055,-0.008231145578549315,-0.002053514242875365,0.007341428282615636,-0.01519441078608108,-0.01513960604455411,0.0034734762298871402,-0.012682747562998142,0.008062922471564038,-0.010875586946640037,-0.004463214430296736,-0.011363397697159328,0.01616129748289441,-0.008346837681657449,-0.01104511502391603,-0.005538075635821205,0.0006506381079720569,0.017143030088709876,-0.003284324634977631,0.0005949574651304967,-0.017295334213431657,0.007381276554926375,-0.029167277227229005,-0.0013977510526909098,-0.003826772473749851,0.001106657499117869,0.0277036131503956,0.012282126827656503,-0.01098091398540868,-0.05738222640264712,-0.0034720357780444466,0.036144569503793855,-0.0037741103574214785,-0.0011228214334421116,-0.011302273401379015,-0.014602458540094343,0.07932062744049873,0.010860641146229533,0.0036590413612056505,-0.00754934777625238,-0.003540014019404958
2023-05-04,-0.009627547533220482,-0.003887126937925922,-0.017712965274980896,-0.020304549220141244,-0.01148167336867556,-0.010047283107335714,-0.008058668688645021,-0.019310156599090522,-0.013025534217757762,-0.0062348611078866245,0.004766992956400262,-0.024392484138241355,-0.08640791877771759,-0.02217563184016258,-0.00017464763613983525,-0.008491738352191969,0.01228580136077495,-0.013366019524286399,-0.022578692225380337,-0.030764755335237814,-0.01696669823207031,-0.0228565816962778,-0.012884797277046278,-0.013799940263453103,-0.007130753371902165,-0.0011094798635116199,-0.00940831427662725,-0.004062514967152486,-0.04976467832300402,-0.005523494119721972,-0.024073883760951875,-0.008789727395492775,-0.0311239410599764,-0.01375912217058095,-0.020879875061142084,-0.012422561003719745,-0.02157620775914937,0.008122876825970016,0.00017142709101314324,0.0003470376803655917,-0.00796886117107265,-0.005195499277551363,-0.01780198977727354,-0.0025162088496658574,-0.019159119639184152,0.002783600747225057,0.011407012892144186,-0.0033355255340302703,-0.026288826229690976,-0.002805728025844667,-0.008515908543869521,-0.0028772784146888775,-0.00436518050158452,-0.04668031240065207,-0.009365259717226349,-0.017061048371605936,-0.012762607407625914,-0.0015065245783821846,-0.021480462357034602,0.0020457348764002514,0.0045615929328668425,-0.014064171852094187,-0.04871708618796744,-0.004159974031897051,-0.019354861622431496,-0.009789555051807897,-0.011999128658306546,-0.00924943109698051,0.008856722801751538,-0.03507197368133297,-0.014445849620088325,-0.062387620878844974,0.008775820950201574,-0.0031719792108559908,0.0029285159051146703,-0.023565999339175137,0.020931371653300834
2023-05-05,0.014827197797846692,0.017198957340952337,0.009903796187106684,0.026646902337398526,0.014693621280473357,0.0078106759331184605,0.0036969307897283255,0.006546527613064734,-0.0012413596680820316,0.04176420120082769,0.031143611454979014,0.022388021975244365,-0.008741258624666903,0.01713047946106183,0.0184307267517394,0.008436610052328986,0.01756630901629741,0.02226239921198192,0.020075504324336357,0.025997529143693354,0.018034418448276135,0.02070653782076559,0.02006288422732183,0.014550767346894311,0.006070503649166836,0.01184742872612543,0.01294338082796398,0.015375013035701324,0.04723472056808653,0.014699550326498168,0.009262994768892474,0.011211938866423354,0.016870716838752076,0.009572738968855576,0.02480157451596221,0.016579005645571687,0.013733009759127723,0.03643368334347352,0.02371829943618753,0.03321762987041743,0.06118611987213973,0.010768311245241247,0.017369446944553557,0.00798796804344093,0.01365440299534515,0.018598226442775756,0.02348849237311157,0.010356578030577879,0.015148729657324278,0.007737416015936915,0.024500069914018763,0.03416158084805909,0.0058768637689436964,-0.026286672280523726,0.013130295999357111,0.03459331981316183,0.006880863722123598,0.0003428652987649272,0.023435204307841184,0.01511459828880346,-0.0016730185549198584,0.008234240027859219,0.012632250737435013,-0.008238524233055822,0.012086937819596466,0.004602233526117772,0.009473772294247285,0.006935137633843791,0.021161060620493055,0.0440354912622809,0.014138196072438047,0.04162854236597746,0.02488343709252505,0.01796344043460074,0.003694562789650968,0.014827830953290544,0.024828338309034415
2023-05-08,-0.00977264532356803,-0.0009945394382350203,-0.004348243777930083,0.03532802993230977,0.0,-0.005615340498116517,0.008867249855710746,-0.0054452044519290865,-0.0020279202572487387,0.02175279252984552,0.005191155939197056,-0.0013948119787863256,0.0340388056297396,-0.014736796924606055,-0.013144028548968456,0.006718199814898407,0.0006276728584067026,-0.011661802758815232,-0.0022041431548219803,0.007660491498507893,-0.0033215045162342527,-0.006840058325144671,-0.006990539423973985,0.002598560577793174,-0.00951813108250621,-0.0058543908464457894,0.006236391235119321,0.0012360256783980894,-0.032492547508816916,-0.005709642274370097,0.006783703856696244,-0.007408612041408524,-0.004318144981756866,-0.005622996061724561,-0.016606772131666725,-0.001374796430551939,-0.007294428546734011,-0.0038871248330542008,-0.004633737941980187,-0.015445337459256359,0.016105579770307576,-0.002503554731263624,-0.021774127940618726,-0.010054024758709534,0.008419081085457858,-0.01053725266526373,-0.007857389964508021,-0.010228077057185758,-0.01681547064251676,-0.0023266527787410007,0.00027482898161901304,0.004620631941603115,-0.013910756878051433,0.006418883732836722,0.011923273177921745,-0.012801727282948927,-0.010768378988889826,-0.0001371836637719115,-0.026521670562005273,-0.008185716756197614,-0.0023940581296801877,-0.003604250654284158,-0.002359962630490542,-0.014742001207981525,-0.0066515215193874155,-0.00033928623814505343,0.006660653193208743,0.0286093200279387,-0.00641050786771169,0.023432251838456652,-0.007681772598626124,-0.0033911909481662006,-0.0036040744630824184,0.0018150081593812928,0.003562388279580997,0.004011754033411474,-0.014958239886315838
2023-05-09,-0.015047734670757151,-0.014080492076651185,0.0021370942749117106,0.007660209817652364,-0.0042063095383231275,-0.002846881173236615,0.022626901012578138,0.023420919115033634,-6.545818959469152e-05,0.008621477722529969,0.0042253583618026,-0.006052340473932549,-0.01398600852610521,-0.013306112126082792,0.0028245903405170747,0.001007326024920152,0.004391498124451054,-0.012067681137747033,0.003129494670331523,0.0,-0.009720238589913777,0.003943944043635961,-0.0019090489178148484,-0.00667895275195618,-0.00883753278753674,0.0022082713400271015,-0.009101505354336181,-0.004166614008690894,0.011767859219681487,0.0023254284794214097,0.0007927142409855925,0.000914034877945058,0.021684535596828036,0.0013305260928921925,0.0012870704133740585,-0.01177364517622237,-0.0016620604636586878,0.0005089863592044885,-0.013349029118433053,0.012533131097162586,-0.0017434542646056483,0.008597614071571114,0.015429448810904356,0.0023949485945657933,-0.00259744666119488,-0.004865863929467196,0.005891377246787455,0.00015835752082571375,0.0016363529909195762,-0.003614731014917938,0.007557088212824414,0.012752188878741855,0.008652297653551466,-0.020555376248432067,-0.0023907287734932225,0.01255322219000643,0.007640702849792236,0.007885549026634076,-0.004466169012906973,-0.011881966881290285,0.0007222718237498427,-0.009581624462875471,0.0013516558226445152,-0.029687737753346988,-0.005478721729206715,0.005997168452614332,0.04675648333391913,-0.016482183213132218,0.00325084224318295,0.010902747347263153,-0.007913308656193108,0.003712307943740001,0.006091776473726052,-0.0035228958134139177,0.002544061538140685,0.009274305618677925,-0.00503076269107261
2023-05-10,0.0009920136681311753,-0.0014425595483296139,0.004265216856590648,-0.00898411278796829,0.0018696753063760507,0.006318423349398472,-0.15052013584411073,-0.0051516173953214395,0.015077041529860002,0.01578715686440879,0.007012602992788164,-0.0014989063780953549,0.012281596049237953,-0.009154376285344878,0.024894941751950617,0.0062893081761006275,-0.006558415683270535,-0.024837013472433278,-0.0027526709694900564,-0.011695931341186405,-0.011638448689893166,-0.008443359285521757,-0.013986859248165673,0.020623166957289385,-0.012898146444033087,0.002387111935573838,-0.010059972207505541,0.0003099162526345456,0.009573228298836112,0.0015625102844842864,-0.014455500060897686,0.001065242817283929,-0.011170736338927512,0.004687797665979598,0.019847914924826737,-0.0022098451103709227,0.0021904730701303166,-0.009496309994159735,0.003979248379527567,-0.03477605912703874,-0.010797113105042166,0.0007943488015478284,-0.0028647009645739185,0.002455446537912742,-0.00967249528295766,-0.001798948815827539,0.000960164882974901,0.0016277637693855596,0.007240191522146722,0.0,-0.013636916011623201,-0.03606481538397788,0.021248564598579378,0.01652150239374439,-0.0001712037523865506,0.002514505715667026,0.0003118132828090481,0.007483426185290076,0.010019284587067911,-0.0276138044084161,0.016839089468597912,-0.002292345439507626,-0.013162312353441674,-0.006853404255012685,-0.008722196821899675,0.004892850336878807,0.0021399913974522455,0.015710979586124774,-0.00762734027445755,-0.01811907121503209,-0.008323131033885933,-0.013561571721058874,0.014522271864509051,-0.01262620748228993,0.006432085684032529,-0.00445573128540433,9.364133493017235e-05
2023-05-11,-0.0011893474542986615,-0.011846254879508189,0.005170484273134157,-0.018828483604649504,-0.006358895745184667,-0.02418492499159197,0.06158880630473895,0.004979087921897829,-0.0009687499282472478,0.006955156834633325,-0.0058031556287233554,-0.014730002970353429,-0.016746403529911746,-0.01351089270323913,0.002536856421403222,0.007250022888183549,-0.0006286594918039068,0.006494966057560614,-0.019979488057382255,-0.017159720900628783,-0.011775606629371382,-0.003488776823513229,0.00024404435732150453,0.001327451687314296,-0.014557531958550807,0.0051291785471130336,-0.006583287080303424,-0.006351611225286269,-0.007798628872539903,-0.016451555782728944,-0.0003013123022518327,-0.011869032171539229,-0.006778089748899152,0.0020573254496976112,-0.00796619877762439,0.0012036385098783686,-0.003715834719183353,-0.007875338570921042,0.0008513793659290503,0.013957933709827897,-0.003852277531518733,-0.011374599664675245,-0.022358269473818138,-0.00542863274342309,-0.012396757968044847,-0.0007393968282891628,0.008681090121545498,-0.016206538492796074,-0.012690385480877864,-0.010649552479662816,0.001520710598599706,-0.0024893703414056167,-0.018504840012576795,-0.02880886395499327,0.004109001815767455,0.000933355827271054,-0.007892117609872629,0.0002024686392212427,-0.005774282326117097,0.0014810603228678776,0.003075519380198566,-0.0029596105972532483,-0.009233899485580399,-0.008626089465497921,-0.005402965159726825,-0.01029781438516364,-0.01636750403667253,-0.009538611442360678,-0.0049232289618784675,-0.009666050577421315,-0.007810269233557987,-0.005862185135701581,0.00400991968870712,0.0033759447739794,-0.0021108092849505544,0.004270261847883816,-0.015822461111105524
2023-05-12,-0.005060567395846038,-0.016959190411363734,-0.0013778777647263096,-0.0035536061226028037,0.011547058607692895,0.01396505308646101,-0.015151544530977223,-0.005648035128478779,-0.0008402841557422214,-0.012194084984314069,-0.010039606705067428,-0.0023330638542206072,0.0008689474498611016,-0.0006042175245823955,0.0027055962282349633,0.015264280213320047,0.0009437037050512576,0.0013827869484239752,0.0031921197031241633,0.0003010645036181092,-0.003947947678399455,0.0003560407176963487,0.0065869310739135045,0.001374738577792467,0.005250503460935363,-0.0021870119699358703,-0.008494969260708585,0.005768610729331991,-0.004197938768724985,0.009180469195274377,-0.007134948617414039,-0.001855838863510928,0.0,0.0028230287803165943,-0.007572550783556231,0.002500573142116158,0.0027204944368097728,0.005176882814311945,-0.0018714065318007345,-0.009377954679274048,-0.0004834986958193177,-0.0006420639522327631,0.00817691796368969,0.00022192446454250003,-0.011030849770991336,0.0003237788558385635,0.007607832385567059,0.0066765537078710135,-0.0075703974971531585,-0.0016560497335603719,0.004003338460631944,-0.0018485307220919012,0.0026263516303828283,0.012061392229868906,0.002557461346982981,0.013170990218918988,0.004710083711366719,0.00047271280428273776,-0.0010425091202173054,0.00946860939459726,0.004245278103366834,3.9060238602672825e-05,-0.011736264575308075,-0.020633804252443766,-0.01769348314095409,0.005032823387469909,-0.001618825962868331,0.0007809108647587326,0.004594182386310708,0.0,-0.0006524376380205865,-0.007243723293999249,-0.0014861668765699942,-0.0009176286069388917,-0.005581966081497414,0.0003652471504222987,-0.0035198084694118004
2023-05-15,0.002194077599090516,0.014277284447357097,0.006070601221448868,0.018544883503448295,0.006326537175707969,0.007755937927988121,0.00977668099604534,0.010313937995487743,-0.0008409908270092803,0.02002768816956446,0.009669895666364559,0.008351688186771566,0.036638315762476115,0.007859733646152334,-0.011172888443409135,-0.0023223911218874793,0.005970993582831152,0.006904531047341678,-0.010080790271035256,0.014745759544356307,0.0058374552239071065,0.007948715539135787,0.007270991993427067,0.007943231505443071,-0.0023902124715319273,-0.00968032042399225,-0.002287643590188182,0.017981664307069156,0.04655128299264977,0.0011907398020927218,0.032388645170396524,0.0035637110896844515,0.012966309139664345,0.0002193921933395515,0.011010265891747917,-0.002782112607715881,0.0032820654179370745,0.011673750615419642,-0.002670302190431517,-0.00981406598107859,0.006287332387852285,0.0006424764632100288,-0.007476895118656679,0.0025066856236048984,0.0071154309836873875,0.0022189710139173258,0.004766164260508576,0.001390314093493883,-0.0051612215924617955,0.0013034122224839795,0.0009624624322115416,0.011451126268581024,0.011974946386135832,0.011954877884583714,0.0054421348338826725,0.005521916696963114,0.007396563586037352,-0.002564363164422656,0.008348196861370116,0.008386708875596671,-0.00587128929788161,0.006756671386109359,0.014669936426728869,0.00380740094368881,0.01343005268362174,0.0023632308791796675,0.015774427288477888,-0.008062454281920761,0.0032665182465392295,0.002661910537059997,0.002077108348638834,0.015889758796200804,-9.294349334965091e-05,0.0034697722370811146,-0.00389972546831463,-0.02078523388428033,-0.0010500661476945394
2023-05-16,-0.024678996643065276,-0.01451612011284431,-0.026330210965246237,-0.005602235658404231,-0.012163512020640588,-0.00956207757683114,-0.011107261479713304,-0.009370267373079555,-0.012431996721689265,0.008801567822448453,-0.015417129202468183,-0.019357334538271487,-0.020267991105685224,-0.02049586702222239,-0.00660903262146606,-0.005145868466139403,-0.010309215646280734,-0.027977176658272707,-0.020339827471130723,0.0029654345268208537,-0.014688035489206053,-0.02065681931019625,-0.02370057510011292,-0.01186946942619227,-0.012157264702444937,-0.010697255669010919,-0.005170354414894329,-0.017664035549509682,-0.03719578296138071,-0.01246379712399126,-0.00852941352833414,-0.013895350785829375,-0.006512385410588184,-0.012829822850326522,-0.004812043366423602,-0.024965171938923003,-0.014262738699193922,-0.006787701186423911,-0.025692099242699773,-0.004385666902245178,-0.025953179599521592,-0.015518723175728999,-0.01787538435249525,-0.009271541437273267,-0.017758337459164664,-0.012039304678133078,-0.0021604320254190457,-0.008512203751548375,-0.026265938040104242,-0.018577751711991275,-0.027980835769263468,-0.018797685477516812,-0.01950631325181129,-0.02366408363038419,-0.01251686325439616,-0.029288843349208116,-0.012823159846002574,-0.007238851003445679,-0.02128918160540927,-0.0151746982119918,-0.008268423510002787,-0.012336527182613688,-0.01755591617242891,-0.004298839700206281,-0.014187607633390442,-0.029637980426784116,-0.0013240134811492998,-0.018353455011576147,-0.01387503764256992,0.0033185333772078884,-0.013266196955577625,-0.030867033601542526,0.014512222991595936,-0.016983644276541532,-0.005042194648024245,-0.009143902756374334,-0.013188074154458329
2023-05-17,0.022140538264656007,0.015920150965211155,0.02394373957005813,0.05000000335800814,0.009476995924671217,0.007629432293182248,-0.017543928832057687,0.02987006594240027,0.0014423833674781505,0.007634259105765873,0.017793590397924053,0.023648776066504062,0.038809994493505195,0.027967688063642138,-0.0013305741701771234,0.009852254702272356,0.008522763401343614,0.01448529949566435,0.014861581154099746,0.06238923834519605,0.016942998707192736,0.02758251685440616,0.013555083156183478,0.01196271789179515,0.01913398414506351,0.010812924284613112,0.020879370568775757,0.009300844484028792,0.03542819553743559,0.017968210963994924,0.02313851592323224,0.0230155621637238,0.009719572494309547,0.01829163752074514,0.02142813853323533,0.01031073425940976,0.014823004125998684,0.008542594866275621,0.006373086140706308,0.019293413969094564,0.019243450613284363,0.010110262805629766,0.021190837746084323,0.021374495090393353,0.02741066542095094,0.01316655107920317,0.011860990897983203,0.026880605151311965,0.01786013435776379,0.009766060363409546,0.01432225081207994,0.02917201231461375,0.01178571363376646,0.028346373143504522,0.011647857865106692,0.0004124458715437651,0.011628052098567654,-0.008177875193799644,0.01631429034029619,0.017223551972572304,-0.007622750369752129,0.011547992121284656,0.04695163128012991,0.0383492288963061,0.018662119315909775,0.012263545220985828,0.015921770779911082,0.010683801830952966,0.010006585076336894,0.05292175538326571,0.028509678391111182,0.04192579023851417,0.004630659497816048,0.00848332465937185,-0.006021595870821406,0.010553062709732108,0.006682161924197683
2023-05-18,0.009728466934530555,0.01259528982558411,0.013204872878806118,0.00938969448393756,0.012745770533889367,0.006870336246784126,0.020335918764698757,0.0017886130647750687,0.009493307045971067,0.018316517667660293,0.008624771502584672,0.012352598937283688,0.014483230619237286,0.007745010264746277,0.014741919008152138,0.0776829603241711,0.013771412757029644,0.0023815772051807294,0.006656348032988424,-0.001113320800694817,0.007007526688525001,0.021111180369087545,0.0006078658915931179,0.023253541535053213,0.01075366351781959,0.018812313832409666,0.020098283546254425,0.011979770758300257,0.01341125827619094,-0.0018456606399400721,0.005218951075954159,0.01137634492749684,0.011417146398711386,0.02021727186145883,0.002242466756753103,0.002441483901883812,-0.00736859430356418,0.015246569014214284,-0.008308075651850322,0.006741632829217803,0.01968688217872816,5.381174625895824e-05,0.004710345072890032,-0.003389461303088148,0.014191053985842306,0.0027188983007631062,0.005535456409997641,-0.008360477786593323,0.008789801765841876,0.01306796957851919,0.0011183735121222949,0.012782493971424502,0.013512301292817774,0.03460279758259799,0.006603421112959085,0.012547188753122551,0.0015626893642055606,-0.005702779681411196,0.01932221938462586,0.02359525444691002,-0.012001897638207804,0.02090583896302234,0.0026773346189041813,0.01675432290069323,0.013507118331261836,0.0010286214355532675,0.007476319880480142,0.037262152265495674,-0.0001509025708609224,0.007958137552151578,-0.0018674503843441048,0.012991619503995189,0.006891277857752787,0.0002051813440533401,-0.010316687155710547,0.011947436542721901,0.004617572659060043
2023-05-19,-0.0061220889272175505,-0.010413647016284888,-0.010770217084840716,-0.015282424783770954,-0.0014884671807304795,0.0034814187235094884,-0.02399601592028089,-0.008444315545328984,-0.005966711177552764,-0.016924206819909138,-0.011093122339032813,0.0002794574376558945,-0.001460093340023727,-0.010444349030496403,-0.0036425119818789264,-0.001471142681587434,-0.002469847036124073,0.009457215751301096,-0.01881146247743215,-0.0083588386555834,-0.00965709905213219,-0.002634559030012973,0.0023085621486196306,-0.0010458318138156786,-0.0008721074077627788,-0.004344796488488956,-0.00585859480998685,-0.002883724993042125,-0.034696271065378204,-0.0013273990557577386,0.0024036365919049008,-0.004539706120235021,-0.0048694052150616285,-0.00199576795973877,-0.0024362016649809304,-0.0014612475368028788,0.0016690739696019197,-0.0028366737496438033,-0.01359200791479065,0.003863381028540891,0.0004747909688911367,-0.007748641870465978,-0.0065889348260324,-0.00276475150965394,-0.01958952358061794,-0.0019301956430968215,0.007262794272888895,-0.0006537824246368729,-0.016382285635215377,0.0007100495632981207,0.0019550780884187713,-0.006892393106542882,-0.005976416183917421,0.011018526555896191,-0.004878049410803498,-0.0010471152069374545,0.0,0.002625818004787339,-0.0032080571060251195,0.0007115723547623798,-0.0026724999290569373,-0.0015310842883138331,-0.0160213728834262,-0.018402717578574257,-0.012408089417875634,-0.010789514964898883,-0.004285413667437621,-0.0017834317152667367,0.0008048830719364908,-0.012258469551099771,-0.0006430773285688307,0.012708878506796806,0.00675339826649779,-0.0009230086985647645,0.002181809188143813,0.0036656994772987783,0.005362406799213959
2023-05-22,0.02706250160336987,-0.00336157557796557,0.0042087039073708254,-0.02968958093413243,0.0024394838730861235,0.001619030350484385,0.024839984631145562,0.0020438861147400456,0.002936007443399058,-0.0005821664676302074,-0.00841319261584772,-0.0024211203621985478,0.03005690189683108,0.0065716874991859076,0.002423003548887026,0.010426176570858647,-0.01268957518453373,0.006230401802314267,-0.008389344136122467,-0.0036526705791344316,0.005234076329745152,0.00017230940976298292,-0.00945564333370974,0.024700051039138415,-0.0012219082886876231,0.007090812298794491,-0.0017460971681397819,0.010958999219261356,0.03945863281170636,0.008877245195045402,0.0027815326529436746,-0.002128263869686675,-0.003113906040316361,0.008856705581124613,0.01320764104036587,0.018000826004384907,-0.0031134386096187683,-0.00033466817248173353,0.00285100501590807,0.0011116656344041242,-0.0034799840634519574,0.009761398073881988,0.020535735996363824,0.0005060695101275492,-0.009514761749401357,-0.0012931835752999499,0.002296343542365298,-0.000541340761286202,0.002455208593189484,-0.005676366005181954,-0.005017470779719924,0.0039057831414770483,0.017389621270470057,0.013456870928007403,0.0003380595886022242,-0.004193207125462561,-0.004889189560615348,-0.007788186321900148,0.002194325407363973,0.004123572107679774,-0.00876978367841963,0.001686763462914076,-0.00542739028360173,0.0017154744894558593,0.004653178434256722,-0.011830601002833951,-0.017762663440145543,-0.0002552867828626848,-0.003417650530433969,-0.0027345617503505837,0.003393251554093535,-0.008051184586050253,-0.017423027865570928,0.008828507661187146,-0.0064103079441864,-0.015371575024791695,-0.006191105951550369
2023-05-23,-0.009930166902217263,-0.02141070018044111,-0.017310590178166163,-0.021557748063255278,-0.013249393556743816,-0.004525885653681394,-0.029491930350642792,-0.016074972073845117,-0.01697899272269987,-0.05958222636109811,-0.021682812826428588,-0.007234157134727082,-0.008201899767327547,0.0037590799497762006,-0.02340868567399157,-0.029497586078837124,-0.009090932163629883,-0.009402439243523575,-5.550751746263849e-05,0.012690246127295524,-0.0062766613706534136,-0.016190143833701542,-0.007342975569155641,-0.024383391792877296,0.0010486698442047082,-0.019317493366617366,-0.008920827746905058,-0.02092748631867336,-0.006171759681036115,-0.026209303909326298,-0.02725985442944212,-0.009952767377768179,-0.023426989731969772,-0.023717597014587755,-0.004525557924575541,-0.019647193642814975,-0.018783268186972846,-0.0286336148222629,0.0159311865546512,-0.009055152968768798,-0.01634910551883384,-0.008109511056468954,0.013373299048709653,-0.00459623112746621,-0.017867440650230715,0.015445832255881697,-0.019428194841668134,-9.033045601181122e-05,-0.0028132511882225097,-0.02188401886214264,0.0,-0.01604112864570062,-0.010364582944615952,-0.018084508105535857,-0.024501524128953456,-0.025615524371779053,-0.016516767974493973,-0.008752566520726313,0.00014589236912510017,-0.014196278487982883,-0.020889688935958328,-0.010830399431050464,0.005457007593592689,-0.005137514045977842,-0.012351299120111237,-0.018746676093286396,-0.03054837440803504,-0.013020126254117081,-0.00963228338725175,0.009702575109747924,-0.010028709767951338,-0.007480971318847507,-0.011408950633537973,-0.015162228724910576,-0.009251394596083706,-0.017369263590191197,-0.001916760448142485
2023-05-24,-0.0368420884085463,-0.005694765549413616,-0.014648574926126923,-0.019189730628684898,-0.011714901778617892,-0.007190916434015038,-0.015270712188771962,-0.016436336282010133,-0.00714714135317529,0.009114226704068473,-0.005059091342887623,-0.01415077693658795,-0.022105587882269795,-0.021188577743329162,0.0037128277599618453,-0.0008089644725728373,-0.022777618307373237,-0.02523382015034692,-0.017754154078776008,-0.02729043232010786,-0.026414008494297647,-0.018615849429584164,-0.02663052376915287,-0.009204863697744425,-0.020253157220407325,-0.00865244417296307,-0.013633865324588545,-0.018914304693220974,-0.012250126788786342,-0.0020294280880430726,-0.007079484889724208,-0.01595110778595732,-0.012108742844659126,-0.0027558702151004866,-0.0015811197835359225,-0.02160526095330051,-0.004841787751355131,-0.018962261159006788,-0.019179195993593634,-0.012068900701587504,-0.01968694493156331,-0.01077480424201871,-0.005303284939144781,0.00019888284272817636,-0.016431900685834777,-0.026323044472458368,-0.014112184651596027,-0.0035889195327086787,-0.002721508974303899,-0.013861867636049352,-0.013307174917802866,-0.020591299410918418,-0.004777137245100427,-0.011022300411056452,-0.01697557374429337,-0.00030012893715203326,-0.00446430811614984,-0.001541680467358919,-0.006025781380900819,-0.029591310081849453,0.0015060868397887006,-0.012303215786758082,-0.018317450434363614,-0.025083121577765377,-0.026574944658658617,-0.010772455670244208,-0.0045836670111708555,-0.01810658990435332,-0.0227620235568472,-0.025276772748509813,-0.012191355929280001,-0.028461671919651765,0.004171398902050427,-0.021492171706390062,-0.0009829494218346335,-0.00463888056098416,-0.029575553357857554
2023-05-25,0.0006186693637590945,0.0021100086029048892,-0.009691393785742686,0.0420289793978017,0.010190058456222229,-0.016822503639048136,0.0059644684914430535,0.008029260854227172,-0.0123974354866081,0.024114345649970614,-0.0024211763407090414,0.0013352563690758323,0.0024393837548741804,0.0010068525875923662,0.004131583676630912,0.014920205056525582,0.0009712616022983234,0.0020425840151507835,0.002259426227473993,0.023475539659536748,-0.003096456161702177,0.052209124778040295,0.0008865247360438921,-0.0029364119505508324,0.018087908798226193,0.008913821824285462,0.006844034943597865,0.021810763766010544,0.0027560045916983356,-0.010555400370872658,0.0053474899353167515,0.0021369599313778576,0.0004624376776400929,0.04206835626679539,-0.01364485692642703,0.008143407300455818,-0.0004053871478714166,0.011773056437967444,0.016166458056628974,-0.012594048039591521,0.004773581657903536,-0.034537524551401244,-0.016863048143566983,-0.02184572264676532,0.004700529735268022,0.015668761136425235,0.001137591243229208,-0.0179638643392086,0.03231502580537682,0.004069137883714546,0.0082340139598438,0.015900169655908014,-0.004154101443315961,-0.0064806168913129625,0.007048522133847213,0.03776421660533269,-0.005765611192796949,-0.0054041591078441975,-0.006949467945993049,0.011879191174526849,-0.011528884368638859,0.0018409522364641884,0.01036621472453847,-0.02181860717214612,0.0040148301571052425,0.00782135316440602,0.009081305712645094,-0.00026339098457173193,0.006773974226008228,0.017573932651216984,0.020927679295291268,0.023034929284972305,0.009323299357271608,-0.008764385634910776,-0.004550388343340539,0.004614721873669625,-0.021472406903868202
2023-05-26,-0.0011334043227239077,0.00270717261831388,0.01757716881860527,-0.002086212290156042,0.01708639168363013,0.009885977269207258,0.005104094659243108,0.013740278950147955,0.00958349856696672,-0.010360468147849633,-0.0075243032955411016,0.008667519535281443,0.0139519892742892,-0.018909663957692335,0.009737150277384199,0.0014814501814013337,-0.0035575875760742726,0.007963492529780236,0.006565514921324622,0.003916081486577516,0.01338558299830317,0.03113883349607849,0.006201153101977885,0.016945851360992137,0.01093991872068134,0.015276882773323841,-0.0041318550848801205,0.04146192248345604,-0.008588851648019369,0.004404223816020902,0.01201736977787582,0.007697503931786143,0.005547835626739772,0.015038267751476209,0.016256828238649046,0.008375007421134173,0.014331492665355494,0.022750897273242643,-0.0040942596813628995,0.009831720631171104,0.013761512603061243,0.01343618118116452,0.012738014642861728,0.01269112318451926,0.010750536487558193,0.01690083655844421,-0.003077286308750926,0.015475883837942739,0.018182327819209254,0.00442100946209556,0.004646419022291903,0.017577113131398425,0.0026882532850307506,0.00827224649870284,0.007873960711987982,0.006653145063258092,0.0015034718231179411,-0.0044457677363756165,0.005062438931936919,0.04681277648094473,-0.0027889517802326402,0.006216881043715761,0.014021886690186447,0.014698299161402195,0.0046385627734453205,-0.004238496332786501,0.007347035691772419,0.013175230301662566,-0.0005694056418448223,-0.00463355566184076,0.0019856780457805367,0.027640392245736445,-0.00736234161946292,0.011099185752639462,-0.0037063385130148285,0.007004159326978732,-0.0021306958735697323
2023-05-30,-0.009077928766920595,0.00030016443238500834,-0.0001867052187712881,0.018815295952048006,-0.004655215775220434,-0.011106979968437236,-0.00918180720263384,0.005205507701106171,-0.012032837403389784,0.018082681301092363,0.021032046631806578,-0.008970810389428152,-0.012799987792968759,0.0001025865215520394,0.006123060497400745,0.00819300458814154,0.008794771500928666,-0.016835905431945686,-0.018420505663850784,0.010866522295238656,0.0030397193066189487,-0.003562521785273387,-0.014086336033734437,0.0005696280490261607,-0.003549544313631303,-0.004713566603895658,0.00887799201346362,-0.008552002304161754,-0.018885907471300922,-4.868946693314946e-05,-0.0033092798917361277,0.0041289995750566355,-0.00045967373356459174,-0.003140106050335878,0.003775660259562219,-0.0033909692410053482,-0.0074200668901392985,-0.00764137641738083,0.005755492174739585,-0.007630949011981691,-0.003232135258616986,-0.01353774376099226,-0.013200532173485824,-0.001070363739605007,-0.015363388040548487,-0.0004981112355771922,0.002944364526526355,-0.00036506599269869877,0.005540894693435661,-0.006846866264041518,-0.0026627270600764197,-0.00790076100419601,-0.007673140921081956,-0.004022076569106914,-0.007291656108616595,0.04120688533402217,-0.0047179969263685395,0.006521087077311805,-0.01081490542364405,0.001956483226509542,0.0022881804144729845,-0.0027200763228445446,0.005059058229100577,-0.01550186335428494,0.004298638160795676,-0.0013190157987588158,-0.01518001626036769,-0.02314692775003202,0.012513058325389625,0.015869657779024493,-0.010549714627926754,-0.012679194347307798,0.007232613023080647,-0.00306092085448606,0.005456262299305514,-0.015310893966005823,0.0024402247227330864
2023-05-31,-0.028627953528119865,-0.0412356992927132,-0.02185291586710303,0.010943902097437785,-0.01667451569453915,-0.005377804443152501,-0.0012942637981997462,0.004934263983533027,-0.007240021292149845,-0.014617160257227368,-0.020359331229257926,-0.019771251753121444,0.0024310811884420414,-0.030855977949592828,0.0011662345845704358,-0.011399572840009475,-0.009686802923369542,-0.02224242544551369,-0.013261789158366621,0.0013782519783578362,-0.026361957996879903,-0.03250641270051824,-0.00905724055539503,-0.01015364951759612,-0.03583597809002581,-0.019125721345777058,-0.03608390063736877,-0.031677623788223364,-0.03823401175324226,-0.0051647214014097775,-0.00849616986964119,-0.015163186663211259,-0.016789411109706665,-0.022223804689731175,-0.003315960127534323,-0.017900274477051226,-0.020904192658933396,-0.030458623222473058,-0.024992674405096338,-0.031288635765839956,-0.03210114646276141,-0.002381723644388156,-0.01489141782053316,-0.002157484251540054,-0.03340669838686028,-0.012595813224213326,-0.01425266888024801,-0.00609370171643675,-0.02248238638088995,-0.021174376836700648,-0.033445833967176375,-0.02970480989450397,-0.02245199255698227,0.0011079358697301256,-0.029905541755023357,-0.019815614768527556,-0.0073260366461920245,-0.0026055830541675817,-0.026209290039551303,-0.02855746640999024,-0.0025366617605305786,-0.030352621491962162,0.002349005720838404,-0.03239546936172166,-0.019182031324425308,-0.02011042025344989,-0.008725600781994358,0.00985087642057092,-0.008650788396556197,-0.011247596744611399,-0.01625816548901815,-0.03673657876134828,0.002149661405022929,-0.019269540226718784,-0.0014800136200145975,-0.0077057369588673374,0.01633026136643334
2023-06-01,0.010395561889868565,0.010009532056497905,0.0001910594919600772,-0.005412714827564669,0.012959160300784589,0.013493480801705537,-0.003991520697960493,0.010986921726565013,0.015539798594769838,-0.0007761650733876246,0.014669979917159903,0.016136060898021443,0.009215840079005222,0.010007450113275418,0.008175575485294573,0.0022834180385757907,0.023149667447424083,0.01198570336605731,0.019047280402367583,0.0013762494980060769,0.012975380410946924,0.01785101738435091,0.02149828364402917,-0.00033551264827624827,0.010606478627391391,0.0009286478667722697,-0.003165373005667216,0.0055291914985553525,0.04260006856088405,0.005632338431113881,0.030926873214797146,0.011795366345989766,0.022923998356837227,0.016958081183109597,-0.0008441599386578291,0.01084556735670783,0.014858519441065976,0.026297267507181532,0.014134231180787493,0.011131381798050732,0.004355057923156158,0.012186787278922973,0.005252375963018752,0.012747536904019752,0.015314527493180297,0.0176204462124554,0.019358348841606032,0.006934763365800567,0.023225008473743092,0.025154080678552848,0.01802857114175538,0.01731992409575911,0.021633498559447073,0.0034982040016673377,0.015323607004618545,-0.00861585025653111,0.021163453200379934,0.007766746816527448,0.020609043627049184,0.006712042046820743,0.022889089854664535,0.015309799255249557,-0.025443584035586775,0.015606212844343936,0.007111717818410801,0.021110262785249523,0.005816550894022887,0.014500375234257401,0.016413800390569167,-0.0012639850800097996,0.004970026121506654,0.016477292699135226,0.00392493352190626,0.004534214126002745,0.009800267648873318,0.009691470407798608,0.019261455423559948
2023-06-02,0.08750533401241611,0.05930623190860307,0.043050702086889325,0.011564631190457364,0.02538273776405764,0.02223689912462401,0.0057770407717163685,0.02577418944656218,0.028523528925973096,0.026842746366028347,0.046746941455086954,0.08399104836661442,0.039891149730966635,0.02951398898717872,0.011680623410011082,0.0027337721980487117,0.017208380465494333,0.05288607836568793,0.052471837350780426,0.01731714310130328,0.03553962746519934,0.04155494907602164,0.04360438966253821,0.024454522667813894,0.02224614458417662,0.027272634874831114,0.020479540851912725,0.027493354371401324,0.010743230423843952,0.018311916184443833,0.010795858477202769,0.025740299394781285,0.032014739865271924,0.025204566112382754,0.03116146439873413,0.03864495671696311,0.032435305278539106,0.055202113114869444,0.019252374481846468,0.03762855297313905,0.040527119634173214,0.030015294729222486,0.03848600293045523,0.010718843420129964,0.049123500817041865,0.02457496296429551,0.017247019804111474,0.012131922038285392,0.0063593112028044185,0.050177758541086304,0.046843736976248884,0.04521615356636621,0.02845143518876392,0.0434350802269059,0.03870730281148682,0.022891297556234314,0.021150014073633372,0.01240105418357107,0.05304401174211337,0.04410454046934831,0.010193959587931456,0.027862333310232357,0.032978379567706106,0.07154237415994302,0.027924868926116675,0.04279418081830655,0.020137533384938955,0.03248440787084683,0.015228979720354197,0.02299093347597614,0.013763939873491227,0.06575507643507561,0.006364498479972003,0.05233746774190906,0.013267880397917375,0.034273910843331645,0.028688984665708572
2023-06-05,-0.0443772697354794,0.0005846094474732944,-0.007321310425540406,-0.004034933853674816,-0.012543129218471338,-0.0012931903465963623,-0.007192752339707287,-0.021282619487358545,0.0018922622020347557,0.011431458320561028,-0.0055248996542397455,-0.018355929229300183,0.020335843789125452,-0.06419571169917748,0.00558602592690205,0.005566260031401704,0.006579002001062317,0.0021119793416355392,-0.019996217675123273,0.002431795933810932,-0.014156897204760543,-0.015497622916469278,-0.007486974859218565,0.000982912548167958,0.002632529990270527,-0.001444795176250624,-0.0029764252558326376,-0.005648846841514565,-0.018121640121761873,0.0007652414466410296,-0.01606812464573515,-0.008398314795750261,-0.007312284344689446,-0.0008489042348313047,0.0011567302140758073,-0.01774274245893681,-0.01562082279013599,-0.011082218735397276,-0.01790369272209913,-0.005913600007674047,-0.009616956659868725,0.0016463498703762625,-0.010185248414305792,0.00044011768331575496,-0.0112686396292071,-0.011750651733446915,-0.007041228283184764,0.003875392288569035,-0.01898840736995766,-0.012499935981394428,0.0004092628969512013,-0.009831844627748998,0.012698413144400789,0.04299057322260702,-0.008546971509985513,-0.004720207829299161,-0.003434660932351008,-0.005259588499422874,-0.0038637730682958837,-0.003858812239025733,0.013290657324268373,-0.0012705256846139434,-0.002327978320726065,-0.01771330637870605,-0.011865636909507815,-0.003467883112488357,-0.00714268632540227,0.017367194428871358,0.00035240905305911063,-0.004948488215810287,-0.01345950767250903,-0.010979102866031987,0.00795061944454556,-0.00786353707951215,-0.001333747966139276,-0.00311324777022981,0.010470262782793505
2023-06-06,0.0031638799589601696,0.002775722207835507,0.015672492509386737,0.008102625398992869,0.003360499639350145,0.002312299673233875,0.01574066643830707,-0.00713672527002529,0.004950016562142334,0.029834590569781883,0.015046329056981333,0.018923857550088075,0.00030192725430855383,-0.00010936414400042338,0.0007228045042839693,-0.004857662917788441,-0.005913434191171962,0.021030017644917853,0.027608992940896027,0.014555276562860486,0.008268050693917672,-0.0009259900775886454,0.004258355173579975,0.026606254928178474,0.00770170078526089,-0.024055053330630183,-0.007146791190340673,0.005083058452943545,0.0409938143006674,0.007455232839282733,0.013064332322255012,-0.004260041111783908,0.01093750986381492,0.006559255055062607,0.010398617895061912,0.000730305480762361,0.014982223606236689,0.013348746983584903,0.012094428995957696,0.018021235155779136,0.01229970180462292,0.01095771037092197,0.008306469284081519,0.008665245209522832,0.04244444526877578,0.0031617999243787054,-0.010030405000959197,0.00572327373716508,-0.018103427741120948,0.011711795814150827,0.017182550844452082,0.02726888786532311,-0.0021494696035144756,0.004935761529147209,0.018103455240646715,0.013334789261997493,0.017650129805446557,-0.0029219520806293975,0.0271513180093641,0.0009599174565977364,0.005343701445552407,0.013069515915121732,0.013000041587197808,0.033291291111350096,0.004897979471870428,0.013514278316771433,0.009224080351874608,-0.004205793583531681,-0.011925807059398053,0.010982233991451595,-0.0015491078894435129,0.03783250148470274,-0.008111877257272249,0.0064848036635265505,-0.012504645623696353,0.015022468790723442,0.0012244954941849073
2023-06-07,0.027571450314509915,0.020979122135273087,0.026413799347656086,0.015405193404891993,0.012324969158047372,-0.0012456982457627053,0.01539408828424449,0.02238409735120994,-0.0023332269694147367,-0.012911543719842156,0.039908770803842364,0.039130036555937275,-0.029584891841096694,0.0055804671206283185,-0.01555923868177278,-0.021228234702322824,0.02003754016877446,0.017410734201266598,0.02175603579600205,0.0156748112677767,0.03265718298508791,0.028241327725117005,0.02059604264363135,0.00979275632517873,0.014590951184327627,-0.00037060110101716504,0.023234689200183345,0.023650138115405506,0.007756594480706536,0.015985919378300295,0.005879059533162145,0.01044099866990944,0.019430313824512657,0.028125706327458477,0.02215550624758378,0.0128929475925037,0.03257929693722583,0.01951531396087236,0.022151078807597147,-0.002835801678587102,0.020463758060464965,0.014198952472735504,0.01684495081839965,0.006802913838303226,0.033930221622691326,0.03564771907882336,0.02808679238382994,0.011716188184744514,0.02786728155830165,0.01952761607514808,0.021450606479943568,0.03566284929013053,0.004487887437668814,-0.014604474273688273,0.029635869613647614,0.012718860268179588,0.011802060372615664,-0.010256748385850445,0.01692298119630342,0.024350191293257106,-0.005798464801559544,0.02698178926553596,0.013162211957499226,0.06065410699172347,0.03286185838415179,0.008126374310069462,0.01299943898188105,-0.03130430612504853,0.02597280101389776,0.012297570462437735,0.02333085654171363,0.044104904422340496,-0.012786930583403966,0.02393132493677541,-0.0069460311225109095,0.017541294047102918,0.007432559011203876
2023-06-08,-0.0023761918241650415,-0.004851643967488051,0.00017689997641112676,0.009234851235612185,-0.004764039325798275,-0.00013942784261467,-0.01586819947527285,0.029160610334303838,0.00032485901520429294,-8.177024407640676e-05,0.0,-0.004669882526263436,-0.0006221949752326372,-0.007399415290194278,0.012765731682142567,0.005915125597423465,-0.0006138505242136993,0.0007497772455378193,-0.0027499313203562803,0.02301860010299972,-0.008776870998226882,-0.004135816987366314,-0.002017958169666434,0.009562520077789571,-0.0024824883477349013,0.009825758668758455,0.0018254196061047168,-0.006102954262225402,-0.012348868074201658,-0.002988149590799849,-9.426932587841552e-05,-0.0012096977762516836,0.0038986458045768835,0.0038096113287591216,0.009229434393730473,-0.0005300260575188398,0.0024107400180479743,0.001116584200945514,-0.017736041254266866,0.005429097318503606,-0.004386787656484592,0.011274885471060925,-0.0018137048668960265,0.005240922279028837,-0.0036462110471513487,-0.002271919567469638,-0.002521150239721881,0.004676215263106354,0.00246754491662049,-0.012616189734452332,0.006825121254414812,-0.008664413904206358,-0.008488978915020873,0.006799932760802818,-0.014967031367580375,-0.0030446105973447324,0.00497011681352344,0.011209083941956521,0.002475627734424002,0.012771747689762414,-0.0009721561119133693,-0.0019639414125556254,-0.006495577882467796,-0.006673586642320761,-0.007004850262796625,0.004087220675111913,0.001538943976266527,0.03257236697601362,-0.002332982093833813,0.00971855736319216,-0.00011671687157366328,0.005367342060445646,0.006499142778645606,-0.010387547935797103,0.006375734671422828,0.01023151305669856,0.01839744399744303
2023-06-09,-0.008535104696711815,-0.013622004549055933,-0.003978760466551101,0.017647026191075277,0.0008656364257686455,0.0001393755901863969,0.00041081354009464555,-0.0036678879900926553,-0.0009741601608046491,-0.0018804327702556245,-0.0065790135946035555,0.00247386625803947,-0.012607025265229832,-0.016334028187830918,-0.005629807085717475,-0.0114147982802415,-0.007678198555255533,-0.0011898863414561145,-0.004989907306578889,0.004346718505404024,-0.008151740456687984,-0.002768634707438933,0.0015462917773461093,8.923337106359064e-05,-0.010469428261944524,0.0055075379579876405,4.468818286751386e-05,-0.0036549507425529537,0.0,-0.005947339191028189,0.0021683989087080136,-0.0013120996507246518,-0.008845780606599574,0.003925833298961567,-0.005542432190987712,-0.0027959899722665993,0.0021096433225307187,-0.004780101756803101,-0.012772933934177333,-0.0037712592099251596,-0.0006294277097135259,-0.003487409931709151,0.004360931780677202,-0.0031884837571235503,-0.012625857990080314,-0.002620700594384573,-0.006571416434124622,-0.0026565200033862313,-0.033735180636375706,-0.004994690567184601,0.001564382928993302,0.0008431196931903973,0.0065789602251487,-0.0010164341254003117,-0.012022123215587821,-0.0029447630308929718,0.0026241480989670496,-0.0009759493662723218,-0.002332183507205987,0.008516927287534948,-0.007540700285855739,-0.00649757031153797,0.0009807449983083583,-0.02003942987930818,0.0012267675050825488,-0.003674957633564291,-0.008661724614978938,0.018132225220266474,-0.006567544924618196,0.011028659491486348,-0.00577320872511855,-0.0015143138488570296,-0.0025010853832500013,-0.0003028327957491639,0.0006149604464749103,0.0021277634321048566,0.006052259120657322
2023-06-12,0.013613586408049105,-0.0031981497881643506,0.017221369337262704,0.028901783671135384,0.005921898935355774,0.01458974483412634,0.010419868098652474,0.019557314655318958,0.0029902437745039645,0.01351573968816222,0.011699920510943818,0.012211185387841272,0.031998780547568995,0.006575160382593648,0.00853406127624834,0.01399585499807654,0.0027855298927259575,0.01367864177011291,0.02180168222329182,0.023421656571113836,0.013674412952767723,0.012012851438601535,-0.001543904450589162,0.02211401132464763,0.0074582119324204665,0.007120731437924022,0.0035305529574680694,0.004402030094225129,0.007621881002219055,0.003768814237348206,-0.0006584476386686244,0.0030824590951845643,0.005224274950700547,0.012513961352531133,-0.004969518533060047,0.0006768017732206033,0.009515445541230072,0.005923878968023599,-0.006527910780111612,-0.0016346869983663304,0.000629824138478563,0.002810342440332958,0.013629213055350364,-0.006094843342852818,0.021868052868755372,0.003963060699619492,-0.0011101560868731486,-0.0016510636533710876,-0.00016326980590064544,0.009806167142197397,0.01210464343600659,0.006907602039530225,0.012534624545432083,0.025828660305580176,0.010140333664974355,0.013947294973335023,0.0008053229062832123,0.0032797942705797833,0.009763389969485115,0.014009832430250224,0.003921606295362867,-0.0011958447629000224,0.027433003730808814,0.008392405361851818,0.0065860299282518575,-0.0026100879629463725,0.007987398101963583,0.01829714489604406,-0.003555890172603937,0.01765178969986314,0.005924140520854326,0.0039843691772074585,-0.0010941128471105843,0.004846019930131895,0.0014139371152295244,0.02243525876307695,-0.008112336176991808
2023-06-13,0.014615752196331933,0.01677111054138547,0.027751132794516575,0.018102309606250477,0.015147539941129606,0.009754552124324745,-0.0009652143028450189,-0.005325838097056224,0.022488605118191618,0.018507986939325427,0.020510546280176678,0.03169407205914676,0.028562625360027738,0.011293241906263018,-0.0026004405109502082,-0.002415448338803361,0.008024627829428255,0.03878462449483222,0.02869828625841664,0.03383078001653894,0.014538218613044496,0.022738070286604684,0.024503299890926034,0.017439579698832253,0.0076611446270591355,0.01758520487099302,0.019238506516050302,0.018845881450087365,0.053119155239434335,0.0034730312155979437,0.004800874574300007,0.01314862966917918,-0.0036813028842803686,0.015577756411556898,0.010828903540118562,0.00884060247420293,0.02014432053352877,0.020213259584330734,0.004913269047321478,0.0050844482608227715,0.018568117436548848,-5.285977078961501e-05,-0.003569755146205722,-0.01630893935782196,0.014327176486041537,0.006736140834478821,0.010743722078789597,-0.005203891047309783,0.019468234792155092,0.008092494492110136,0.022119295205997647,0.026883018350314813,0.0037139659362863675,0.03253668224164019,0.015894236434743414,-0.0020498789876648438,0.00271574853913803,-0.004660315307650209,0.020291379198448922,0.018367890321396407,-0.001708977275733159,0.023834384458536473,0.03146852133308187,0.0427852072598891,0.0057820420675183115,0.02998222254471572,-0.004253534011518512,-0.007906128840069804,-0.00015080472239092924,0.03663997667317509,0.008104964890474964,0.04997826003017103,-0.00903616037773658,0.026122773274745326,-0.004972072010960726,0.020281485565232682,0.018379052620726366
2023-06-14,-0.007689270191492237,-0.00129087713185716,-0.004687964934434019,0.01716742463604537,0.0008470664091286828,-0.019955565046854584,0.0058476247079717325,-0.015790956117723187,0.002451419391326093,-0.03983492125686072,-0.013042640957471985,-0.008637550324637422,-0.019008001914259776,0.03580021970205127,0.00583523484155557,-0.00449679469557851,0.013166047889626054,-0.018144417022839976,0.0020339680641232594,0.015158750238780883,0.00020667139935692802,-0.004075091229981287,-0.0033670504267340196,-0.01318832216875887,0.004954732013915608,-0.012292856725561463,0.003495414426903265,-0.0034412251116581194,-0.035186833036022325,-0.007810735166303595,-0.019111888456993853,-0.002933654441750755,-0.006737665237391943,-0.0002852377247404281,-0.005725893101605428,-0.00464491746260931,-0.0005723984083213507,0.0003120235165694485,0.027273804956852832,-0.011489274168537733,-0.003553322608362053,0.009624009899271035,-0.00419757651547048,0.00039785961512883716,-0.011442886685368636,-0.0035799536720341196,0.014386495884928463,-0.007203838937126283,0.027619305975308706,0.003555071189184744,-0.017866215122702145,-0.0018466833708583597,-0.017355333953778307,-0.00876861308085597,-0.0021409643410452706,0.0004864970839077998,-0.02838801655359502,0.003214571575387737,-0.047383772806800284,-0.0074491770410211045,0.0,-0.0067609020816913334,0.034514581224859064,0.0014612863841152457,-0.01225412613782828,0.0018780978917891655,0.009826061546579723,-0.00338081116069322,0.019152528078620223,0.0030080814352901886,0.011510184002205603,-0.010022212081224113,0.016051712264039786,-0.004601945811093411,0.001974061378487546,-0.013446758556789784,0.00866269363802652
2023-06-15,0.018244213549260202,0.012638383797294095,0.01858357325622073,0.0036166043032268558,0.02018232592628033,0.022583191027896188,0.021636918417275997,0.01157219841519641,0.014419198699474611,0.016611587902731095,0.008232341317012448,0.017877596014866493,0.026339775317441028,0.007927369882160251,0.012939962675599936,0.008918280114902144,0.014203618675010077,0.012291439775917068,0.018719475819134912,0.016354634721777117,0.013087260292983016,0.019785589987613816,0.02551263864391906,0.011710283466470628,0.013855834327497929,0.014429989350468242,0.029477090852400467,0.035539588968930724,0.020744422118210926,0.0132931499500486,0.006781267732762775,0.01600832983281064,0.007439854078070907,0.017657226961456773,0.015186677731343856,0.01221968460927414,0.009572093406419402,0.009201465386372343,0.014565097518707493,0.008153302876990232,0.017829606924343988,0.012832000062150684,0.02661683707275886,0.007513048871668371,0.013203121216629254,0.011890532827687927,0.008581853148518226,0.011096219265013696,0.02385256990211948,0.011770084724676666,0.013066932278774424,0.01765749749228651,0.015868673696483038,0.012628459406061943,0.00693182684055782,0.003836018524288942,0.011769578937183,0.00689616292817119,0.026761945113164876,0.020088153859329605,0.018341856828767433,0.009161765814779566,0.011915447796554846,0.026826979858565858,0.017460485223405042,0.02133647945801531,0.017018960977218445,0.0506421160505397,0.01568505317623936,0.004311215810908875,0.023559018107912166,0.009803426845461205,0.01947528054649572,0.005705277844938461,0.010959183199665379,0.023133926795196214,0.013955929251908472
2023-06-16,0.007032141325030494,0.0069493763769232775,-0.004287865530012591,-0.010210215026356328,-0.00504142999397339,0.0015839342732208994,0.001336059564321479,0.002643461197639363,0.006887916469342947,-0.013007059965328138,0.007305544971873301,-0.009690266940697079,-0.010619486553023916,-0.0077600360940213164,-0.002071610118589251,0.0019515344708320725,-0.01042914974195841,-0.005818178494519044,0.0027304421086356,-0.002098808961450316,0.004419399508762911,-0.028594727842903955,-0.007043012835808438,-0.011316593555935062,-0.0036890613713557174,0.00604556411310031,-0.012603573969864224,-0.002084296244346917,-0.0213881884492354,0.011071758590609715,0.00834835659884492,-0.00373039047142254,-0.0013032733744570146,-0.0019936150295182253,0.011848702014948476,-0.0030893621082317413,0.004821701889333285,-0.002936280703244587,-0.0014129731220651198,0.0029252224282165784,0.0029104640464632237,0.011324868512538222,0.007625498507239259,0.007062152451724701,-0.009282344145725374,0.002240195270203138,0.003761688471855873,0.012100638269376907,-0.00886204552965053,0.0009035920607598502,-0.0056904454668820215,-0.013207118861768508,0.002471124423124138,-0.012440153937948395,-0.003278086423503246,0.0008073098295275916,-0.0026530672521551946,0.008163133848243076,0.0019103937329387755,-0.011302164456931885,-0.013208464822070498,-0.0014584573508572563,0.008242610620783353,-0.006340283345813935,0.003161239169903185,0.009770497938796474,-0.010634600777174263,0.0036900333293332643,-0.006070325351420269,-0.001493128561416368,-0.0023463549564594066,-0.01675773234108835,-0.00022266388586633656,0.013693234015079714,0.0050548641350602885,-0.01540544215566686,0.0008823488162075233
2023-06-20,-0.021427167170846917,-0.012816977079693537,-0.001773225470830142,-0.009708728874782357,-0.0036561161395199937,-0.004699116432268502,0.011909486335443864,-0.034637984388856013,-0.012562259861314207,0.04406554907131399,0.015571658278589862,-0.016797839596364716,0.004174102141530467,-0.02071441070029778,-0.014083262696096388,0.005614091093293583,-0.009033317501237148,-0.0113650818125266,0.0008586549040827673,-0.007244773991522013,-0.029107254296784957,0.015528555440406544,-0.007207471100284191,-0.00874792342222419,-0.025582793668010084,0.0030044801108815022,-0.007753001547736171,-0.004455558739584475,0.07913244928100838,-0.008511959860777685,-0.021356641959310196,-0.012662053597259693,0.012831719016631382,0.002122369329310869,-0.012252460268602161,-0.021978570487580007,-0.015847419420913944,-0.006199493126924138,-0.015508222862800403,-0.00917897325477779,0.003512968949578754,-0.0013806964790501475,-0.008149907403480539,-0.001720493085380581,0.009189110205390705,-0.006916605444596491,-0.01668601568046013,-0.008748760482607865,-0.014901920110917288,-0.01737761965257778,-0.010937329678271102,0.00745052776272126,-0.011884873494909076,0.007939539049962363,-0.0011511984091657768,-0.0010755721952058206,-0.00040921341469357664,0.0009607191536109561,-0.025333752450372393,-0.0012982076330826375,-0.004380623224979896,-0.0031035651496428285,0.01174062711096635,-0.01672173356436324,-0.008703440311354615,-0.007216902275270276,0.006949397416929459,-0.031020272854283215,-0.01607459580115833,-0.014953256767486822,-0.007335625541856738,0.009724900554990201,0.006458213758867792,-0.017078278161176352,-0.001030080399430533,-0.0023893833992207902,-0.0016749374445421683
2023-06-21,-0.008113455987651674,-0.0034242400881855373,0.010150484139547222,-0.0012255182682395782,0.007918329745858488,0.001271130647212848,-0.0353079593469563,-0.0013655096896940666,0.005668169055797367,0.01846011303131978,0.012812363025324514,0.001368463406067777,-0.024495271836819765,0.008201907652620077,0.004252291482022885,0.014127897238127796,0.006684881181921787,0.0005147134379928087,0.02110401805316342,0.00729764377131592,0.0057171180530555255,0.003140671782733806,0.00772068588757957,0.004390606411532216,-0.0006045379446637522,0.015682916848636763,-0.025080979383819146,-0.00391616906815595,0.020563430245059466,0.009466819933664716,0.009901957224673685,0.006986088582814576,0.012669152017760421,0.005326148158881994,0.0055384718385624865,0.007458375295908093,0.0035646180713224673,0.0001558440383344628,0.013912828321715143,-0.004502180889981333,0.01187231231463115,0.005530026177414049,0.015025223810974486,0.016711058671695866,0.0028566529211753178,0.003779715816201179,0.0017694535560173197,0.017894154652907,0.018839159419980156,-0.0009186535423716391,0.009643797000537635,0.006454206672014351,0.005523958427486431,-0.03107372049330337,0.0011525251943360626,0.027940867429587124,0.014022485374810545,0.0033591840224331815,0.002515412229166847,0.016994791926475683,0.00757765867486726,-0.0005127575180000621,-0.0034814720911096053,-0.008950462772699397,0.007568872615603572,0.0013462399155088622,0.03214611247519272,0.011619675118403006,0.011272155159424146,0.0028462563379529904,-0.020533733123947684,0.017321406902663705,0.005531703083226702,0.01521543741199416,0.003760659535398725,0.015629306395538167,0.0024724451168784967
2023-06-22,-0.010249369597805313,-0.011596161440923014,-0.025372615162811307,0.0036810660183710375,-0.0034490674924508857,-0.0007254482358652892,-0.003138580228103205,-0.030507361207291916,-0.007076596264644186,-0.012316064230161627,-0.0036431419943830923,-0.017144330696423182,-0.016740199200231398,-0.01477187887039455,0.0015827651074800109,0.0032580710995095963,-0.0006036598530947401,-0.009903451751900438,-0.002160417233631251,0.0035053421798250106,-0.011369130299619168,0.003900661603929434,-0.0003430853520997035,-0.010097883609573755,-0.009678524422403911,-0.011797382869592643,0.03139398420398698,-0.003931351051303378,-0.05101890583858659,-0.014159012284526207,-0.0021895259801795186,-0.005698809879507438,-0.012722652290455105,-0.004151574679376657,-0.00787506483482181,-0.014757889631141885,-0.012044144019165759,-0.009511849681670626,0.0012474628592136217,0.012175988015746153,-0.017148036908890885,-0.011610093405853728,-0.0054354283922590785,-0.005600444652347769,-0.013886402584823432,0.0006768780948782638,-0.0030797318469142354,-0.00953582581920387,0.01304153210248482,-0.010689642247023512,-0.0052216228268464615,-0.008657261913592174,-0.014088376749519127,-0.018211415708470735,-0.009537968735482516,-0.008536773593908031,-0.02170181325491416,0.008608832147364076,-0.011569425597328542,-0.017989064307569302,0.00921877407446181,0.0024186388337430476,-0.0020378788798252057,-0.015579241620328754,-0.01667673781149681,-0.005915244059491065,0.003089821610468224,0.003516210183202917,-0.001374868858458722,0.003784309720224144,-0.012958578841163582,-0.02799110273586569,0.003476762760133534,-0.005608185580228242,0.008641609360230618,-0.008314210277731049,-0.009689119717709693
2023-06-23,0.0028876158940656094,0.006517956404108238,-0.007646673579040919,-0.006112492526831104,0.00019229984333457573,-0.029809420915496987,-0.04169201468321393,-0.000972700489511702,-0.00340585432710816,7.838213997723997e-05,0.003969906238403542,-0.012218715296043015,-0.01779912575476217,-0.017275212884632074,-0.009604546808211878,-0.0012318097042819387,-0.011174800924855899,0.004676483910107221,-0.027039355696287126,-0.0018629616215443123,-0.010377958605626736,-0.005828219025727499,-0.008464882016431252,-0.010686718591531585,-0.0013089475888626856,-0.001228957756239768,-0.002532956210911763,0.0012686706461166875,0.034131959369882114,-0.00960600395234168,-0.00992178745197414,-0.0027908615167839823,-0.004510348363422678,-0.013564316711058289,-0.004542340038874437,-0.0028483687865945573,0.00111570797701388,-0.002361484446465112,-0.007928541055224003,-0.01615401277774975,-0.00535669477362144,-0.0113344426364691,-0.014883707630223508,-0.00878236546094302,-0.0023470148869629837,-0.0032978244064697515,-0.009586164515845819,-0.008754299322171977,-0.0129341617248383,0.003485487530836995,0.004224971314839454,-0.002398940131147942,-0.025972830132789726,-0.0017930283631111266,-0.0018263282314671114,-0.014262308126737788,-0.00010316889818651198,-0.00738371607916799,-0.005359051552442096,-0.005429014525658693,-0.005048056142341939,0.00029233428759134483,-0.010209863728098512,0.006995439688484595,-0.008250433625651588,0.007032303208974522,-0.0003879672857652894,0.012380256068562856,-0.01711165847991425,-0.007540013514311328,-0.012195137469682371,0.004745700625398364,-0.016051845530404618,-0.005056442048846477,-0.007908442652587055,0.0026769184630941467,-0.012452183824482654
2023-06-26,-0.0030778094724032146,0.021010154623776867,0.014458904288375596,0.011070129313778043,0.00845829112051577,0.007996956948498113,0.004875195465072757,0.0008276041376493737,0.01202457658446554,0.005097251748667153,0.012070787735636301,0.010706409059066946,0.012763907505191519,0.023327867283360115,0.005760559452260283,-0.0010091261892754,0.011301088337259069,0.009525005776431783,0.014192064336443488,0.006532893299325826,0.013958720786709566,0.008330759474798333,0.018804872285975716,0.000535650424209777,0.013543050169609216,0.011952980572206506,0.011147447452166892,0.01407847955865038,0.015030503389869887,-0.0014124523873659811,0.006455949370800074,0.012444473513189003,0.007119814856943574,0.007506275595526857,0.007466888695868201,0.01423360815441832,0.012466555175378424,-0.002367014023073377,0.007763550056367086,0.00506552881483624,0.015540928976204071,-0.0009380141716630597,0.01451842310553153,-0.014280659755434466,0.0036192276619899655,0.025791164865677008,0.017660579815072186,-0.013280494015184052,0.024217140416859184,0.008683586335226368,0.009816386038539848,0.014454832013824914,0.02094492389637037,0.015022846896292297,0.015302745220251879,0.020899109542543037,-0.003714703132808861,0.008462392970775667,0.018999118329471543,0.015226568062015167,0.006764891073056223,0.015240207206357326,0.0020628767847519214,0.019360106288491163,0.005237858640144255,0.0018263614465547917,0.0059746335393371375,0.024919197336295662,0.00720402183629365,0.012725510912207527,0.02043831822353903,0.020772475063490115,-0.006017479204705967,0.012118861966892824,0.006944887877876171,0.013809476425980627,-0.003242348838280562
2023-06-27,-0.021412217319228377,0.018604604237346,0.015532930983385596,0.05535278697387658,0.013978849295124052,0.00032482480361628596,0.030322205621169385,0.018727457974684114,0.010005569608949605,0.04142933318602737,0.01768451308445207,0.01578391807503632,0.02380592015880345,0.020311145117747342,0.011990879382142161,-0.0013467465683779656,0.010872904710323539,0.023011548184472153,-0.0016578086092846611,0.06838190805453825,0.011809955183620824,0.008006841917996166,0.014947260563113796,0.020477403622242374,0.020517212363434734,0.015459399639329297,0.05035540847234188,0.014299518466974082,0.0879322552132451,-0.00014143045765346862,0.004499874688331129,0.003751566834887532,0.030419803423106906,0.012114521331298755,0.011894913266301543,0.023406060280769525,0.01773547853530766,0.011230658307338715,0.012631726264442422,0.01138336238686577,0.014393919864260862,0.010066806600954825,0.00558463711571644,0.0007728926307888351,0.02776782680740708,0.010875832903152638,0.0033355145513207507,0.0009374816696885446,0.07392228766944631,0.00711658285370631,0.014518270724309446,0.012570921133677082,0.0037956542166848184,0.010199533252553517,0.027195247846128145,0.02178366285031208,-0.00020720866521783954,0.016376845098328152,0.002643626773505048,0.014526463035970494,0.014878814408298968,0.019403018954591067,0.03676480355648448,0.03575010981431137,0.01823768442147089,0.009866008883305133,0.02151185488349827,-0.013282223372604762,0.008195394820412982,0.05082518942204195,0.011114275182077415,0.025413110466948385,0.007309481583955613,0.022595645089555028,0.012234658055407133,0.02995626132476814,0.008493749624439051
2023-06-28,0.0031549443150007406,-0.0019371671542334212,-0.006975365489554131,0.01152731130798279,-0.005013087671764338,0.0,-0.004043446233895409,0.006159617008242746,0.001362126147724796,0.013934676879584496,-0.0034350199982126073,0.004902518929659427,-0.016261392784170048,-0.005929706978330063,-0.0037663882421631323,0.008204042481441132,0.003585280482172326,-0.0020448379280794127,-0.010524669672116072,0.013452028995174503,-0.009945316679261906,-0.014672371534067752,-0.003123902815662327,0.017006150216172466,0.005068476616490125,-0.006842273409009558,0.0068082902253172595,-0.0021898642780155964,0.03886907031761355,-0.004998620457378866,0.020301145203456272,-0.004131062866593815,0.00020785661453226467,-0.0046394417985535785,-0.003436196947052106,-0.003653629059808372,-0.006209352147917069,-0.004223399176598974,0.00044745299450132947,-0.0006872911488509104,-0.0022404202540922125,-0.009863149754618106,0.0027767221608017145,-0.007701586186592002,-0.0036842067911362353,-0.00846796376911485,0.0025607711773547592,-0.012889159010371798,0.030673422803724204,-0.002621360423295749,0.0039821416914394,0.005944394729932911,-0.003241215351867388,-0.005541941527791416,-0.004944172991044549,-0.004828863237749448,-0.006837218572758763,-0.009188464207534497,0.004024387276693631,-0.004493974398744771,0.0018917183402011872,3.536605945475557e-05,0.006241173522846255,-0.006363865298003035,0.0,-0.008495294846470047,0.0019227687058220866,0.00935431965055522,0.0005419995265867339,0.0048188553211863105,0.005667861732854496,0.016774136994953448,-0.006499599373356313,0.0006609594034934219,-0.007761638057167564,0.00323160296248326,-0.009586984725114212
2023-06-29,0.006797138184830631,0.0034660097670600187,0.012017663293755643,0.0028490681813586605,0.008565225640895013,0.00394235595105763,0.006372401030374064,0.005267656624531769,0.00970763400932495,0.006132716517758041,0.0034468600313513065,0.009798689102476832,0.017148044544912366,0.004260734783702258,0.001410070881594283,0.006130900204780021,0.008335730268458574,0.012001791167137066,-0.005743323988897431,-0.008563494446728215,0.009068571220285149,0.021052757941301348,-0.001454829801754487,0.0077805840533975434,0.009749552980486964,0.008267268417344376,0.006198667940020108,0.00877920559583778,-0.004524977339045444,0.015687276679193563,0.006445644176616305,0.01960493071079683,0.013510732061694286,0.01674857596304924,0.029670729506639626,0.01690638432920033,0.007091859693868718,0.011624305311143335,0.020240441908802254,0.01676548675509615,0.007784461710574009,0.019557758169144623,0.012807300054628712,0.017301964949504756,0.009684816420486131,0.018029513568493583,0.012636696836274774,0.01933766584509522,0.014745110512568216,0.012569967796378867,0.02392163154364413,0.011243250733855792,-0.01246489757559377,0.004643939771386663,0.02067638264205307,0.0058331476702071505,0.02013145043266662,0.017673540325931603,0.023773361524004333,0.009433106845474715,0.003068170050343877,0.013312667478019735,0.013532517656646093,0.027029906335679588,0.013395472449109436,0.017403929366882398,0.012222715201888112,-0.03752259910559841,0.007681310940491404,-0.04582589789200364,0.0022202612294255353,0.012222077901687278,0.00044812144145911503,0.019250770555803154,0.012778423449760767,0.012044161900516714,0.007237174141159652
2023-06-30,0.008565018586679907,0.005526397055821031,0.0036794400418111994,0.01931819006923785,0.010865609491348405,0.01538384123266301,-0.003625627877385851,-0.003162904985855919,0.014268188996306996,-0.0012484260206451214,0.00444539307379288,0.0074107530860940685,0.017162894071459434,0.0007424918100642497,0.014386874948858264,0.010525115508066785,0.00679064288404807,0.013057899067186796,0.008863887337197784,0.026560197632027993,0.020739746781111235,0.011315018700058799,0.013113496143213998,0.003668315546739409,0.008240311975882708,0.007687038425767678,-0.008320741930100017,0.01672539366006287,0.011736845712104094,0.003919535608940983,0.019584146367944033,0.00498869670737645,0.016406899638830907,0.013294167077885444,0.0028198611769019166,0.008101866080598041,0.006639678366164858,0.014906766181821851,-0.007891761583173729,0.005327311009227564,0.012180659622886614,0.0014322408067781733,0.007974518101870665,0.006427025853051438,0.0006975477923034656,0.005795277435637791,0.003451659629338799,0.010150302716840587,-0.0159680607862549,0.004514217728720515,0.012589323481295489,0.008506858775111592,0.02323241889429073,0.024100999723335015,0.014447252813202471,0.008625549623177076,0.0016358492825077064,0.01474052234302703,0.015525888089641393,0.01606849871398275,0.007764712838065346,0.004286368587412381,0.007232292485530589,-0.009512768218259637,0.004455641083548123,0.006684462892200704,0.00908455086481541,0.01385618394831356,-0.00014661180790687123,0.021407254003159792,0.018176657224377557,0.02235837475065705,0.012361679806862202,0.015368932889011866,0.022463348590386234,0.008040418664447824,0.011496360823760376
2023-07-03,0.010490641696627057,-0.005633400646908315,-0.010581519293600739,0.00891860884331419,-0.006610015604433195,-0.0048228003773669315,-0.0027674933356188758,-0.001136604892033044,-0.010505359658389501,0.002426484051872624,0.006638501219982995,0.005202219331265079,-0.019113017111625386,0.012400532314733592,-0.019413362747631502,-0.010525151782794895,0.007038197896888532,0.013215829257582579,0.0031836851610898,0.008834578599664189,-0.003454132922187547,-0.002337157671182033,0.004093415728677607,-0.02622186705207996,0.004623222682311745,-0.009832131891779117,-0.0014117779545987919,-0.01136803194365954,0.009857179458005572,0.00292822846557117,-0.014292275378541164,0.003855465450822937,-0.008676306321555693,-0.007751193172554571,0.005052664746128865,-0.011288638285408936,0.0029580114996421436,-0.001836050286754376,0.007623073160691662,0.003784919904922468,-0.006897725841105151,0.010062884742559453,-0.0006782489832996008,0.004778616658221102,-0.009236636352344396,-0.004754549629201743,0.009349078082230067,0.005177678381187656,-0.005084570144319067,-0.004493931145073682,-0.0001196364948043982,0.002486897934329102,-0.003575657781333841,-0.005042939146418068,-0.009752337572720093,-0.003766865421627519,0.004389638960451414,-0.011555851241249582,0.004254244258372175,6.06509519955889e-05,-0.011907543872507032,-0.004615157395755132,0.022921851065215604,-0.01301893741204585,0.006062435911399877,-0.0003137379795370432,0.0025498657235374367,-0.0018530928828014437,0.007379562500221537,0.0034627746510824675,0.025216162871780412,0.0073198026177363484,-0.015617392830123089,-0.0029178106393435987,-0.0116481905131951,-0.007646553034422077,-0.007014730757306076
2023-07-05,-0.024817062999385242,-0.018239555385245798,-0.018357848612240102,0.012154657940213198,-0.014675675873785932,0.0044346717523287005,-0.004985102331046987,0.011331307654071088,0.00030514251516855495,0.0010269154827851068,-0.015987209863517315,-0.010107981120301757,-0.006393755255443612,-0.009107935954077107,-0.001374496042769402,0.0026592561082496857,-0.013686709205924519,-0.020531349543257083,-0.004477556862522047,0.01167646959382096,-0.014543939146278606,-0.00862284808274083,-0.01487434354076933,0.009383385453225923,-0.0043553216529299554,-0.002739265506207733,0.003110476820076702,-0.011904798842461206,-0.08047815328537111,-0.0027342820834516113,0.0034171683531389885,-0.008977488820647084,-0.004681486824221759,-0.004073083329127369,-0.004677606667980561,-0.009209223057412674,-0.019131093543042987,-0.01716728856558236,-0.016007851253036942,0.017345495687968837,-0.007684267212315077,-0.002832044168762149,0.002601327937497233,0.0003892119204393918,-0.01231311473410146,-0.01846151953716013,-0.007383726435515547,0.0019425423353600646,-0.00038050516923504585,-0.012075410906390971,-0.016260080058821513,-0.020869081322188343,0.012649124949752677,-0.005412550183671039,-0.009223041506418728,-0.0028614256875966193,-0.0015245697448181827,-0.0016512154041448124,0.023695994836902656,-0.0072237537709475275,0.01654066571932944,-0.01098090810936625,0.004859660244821429,-0.02151579833488959,-0.01308058311887439,-0.007478951459990446,-0.011010068132892181,0.013228120046548275,-0.01076987908108451,0.010352337097846886,-0.020677993169242792,-0.01560308878268224,0.0159550457640536,-0.006858799261208248,-0.002041873721527865,0.00016609765742736649,-0.014396924005102618
2023-07-06,-0.02352235846560402,-0.006333672047821537,-0.009865371323429462,-0.02401749680061005,-0.010665766999810034,0.008875689366602213,-0.02474042286572209,-0.0032347402808287073,-0.002622955805095417,-0.0414743431631972,-0.003452538058726584,-0.017359001200954238,-0.003677001319334794,0.0030639660540940916,4.103070388716823e-05,-0.017128914343624624,-0.012105108367753803,-0.004521206889067764,-0.008624406416910868,-0.02452599101345454,-0.007379399556023514,-0.005781862551586858,-0.013085802812768388,-0.02728292264428145,-0.029795356312532495,-0.008240369077395227,-0.0026176335934648964,-0.011226662800793652,-0.03776715691000698,0.0019169770290783372,-0.01178098291267371,-0.011723162553581856,0.0010225149459672789,-0.003906642258481585,-0.007817989066322029,-0.003556764933123846,-0.014668825602199398,-0.008733635631876124,-0.002507179074716759,-0.0018944106746187073,-0.004318693257261974,-0.012323788459092766,-0.0023688424486579818,-0.002420211675919992,-0.016918995768209877,-0.007053292081688034,8.797863473208878e-05,-0.006687711971946286,-0.004541359145029178,-0.013136835054309848,-0.005590763410289523,-0.010160667323600991,0.007441545002696559,0.018842942183522116,-0.012937822084296502,-0.01342554986375677,-0.0019340282862863045,0.0018523793345950335,-0.0059485052178267495,-0.007948855036558955,0.010692759073184677,-0.008811814339923396,-0.003224140010667953,-0.012817711372257179,-0.001935904179222625,0.00021069289947117653,-0.008730173231646599,-0.03550158594772468,-0.0068658810920133595,-0.02175090555343251,-0.0038340610484377535,-0.030228900901783096,0.004246845122924059,-0.00331494056289372,0.001812283885304078,-0.004854982972135491,-0.006169437238720654
2023-07-07,0.010175544849556406,0.0005665840357398366,0.011869694437162792,0.02628642297335393,0.002041288260605123,-0.013128750094489772,-0.0038131617030754406,-0.0024456261199012896,-0.0012842946768822916,0.01750637250716336,0.005298627677044587,0.019120397762601327,0.008765180770781145,0.003370465772129627,-0.013435271016532746,-0.00933215435429624,-0.004781764884447259,0.014863786769618637,0.010244935725021165,0.011620580858957119,0.01507694308476415,0.003590481766072351,0.007932954327619424,0.002844751975548787,0.011484496099993802,0.001730999293288571,0.01445473807497799,0.0018000452869544326,0.021238287662699307,-0.0006067254321333593,0.008382162466613607,-0.0036763276392453026,0.009193078141905842,0.004381553663786342,-0.007304025662851932,-0.0006662282131538744,0.0054435341055263375,0.011013185039200124,0.0031836910099036775,0.00041258532526233793,0.0005983652702459263,-0.0004620642402581865,-0.004522922914711902,-0.006347038221971357,0.00018118250759657784,0.006480237064959482,-0.002156613638972238,-0.007741518986538742,0.010599324533931975,0.005440474660024952,0.005988841741149331,0.013748219496143133,-0.0024621470848736893,0.0019451572128192929,0.004475676238523851,0.005557600265248208,-0.006425365274722594,-0.00726390875975369,0.008585793274788589,0.002742831898979281,-0.007359775848840067,-0.0017068249033755922,0.01320755345201019,0.009402384967655664,0.007609659935491342,-0.003266347320707963,0.004824568382757688,0.018997844347309112,0.0015309220415657965,0.01782435232158197,0.002677385476691274,0.012351715515247053,-0.008986339986746028,0.012934257010881023,-0.00787821381167264,-0.003479363155260984,0.00027382429061217906
2023-07-10,-0.0010277744047711979,0.02194229040334794,0.015155358592571666,0.011989063148829748,0.002801187602968769,0.02523539602350744,0.038596460772258645,0.005704815748508674,0.011451206364920141,0.01622831182772777,0.03912426175806494,0.014805483108986106,0.016615914521936448,0.010182770401946373,0.01926120328667258,0.024741803314885846,0.009309306364616354,0.029332752395267114,0.004466090032449355,0.012113505710200867,0.016084759870420573,0.02317841480090377,0.005509241038861079,0.01560212613022638,0.018334710059207504,0.016934452646817144,0.0017512492651516887,0.023082109843225007,0.03696354138458702,0.0024748981528335268,0.021628647860677752,0.02204080634777905,0.017004041003110704,0.023276411965119204,0.01614264077784,0.033288949432107584,0.01862107063481,0.02412066295055615,0.006736896898946965,0.008413787569224285,0.017040264293163965,-5.143475992830382e-05,-0.00011356281284879977,0.0036406510475597287,0.02970478043974145,0.016426662430943928,0.009747691057315322,0.0003093888532956779,0.013002150990881534,0.004835301606664011,0.02794305039928968,0.022047497640786062,0.02679834079079968,0.031924972652885186,0.019573469793530363,0.031973101156610895,0.0006159952696902504,0.003725068767355344,0.01947644010352856,0.03187035288284479,0.0027802898883066973,0.01659963713102286,0.021814372856292064,0.03870030120935741,0.007552190335271769,0.023309973706103992,-0.0018005353380587952,-0.0030296217333376507,0.010058110007063359,0.016970616569133234,0.008733944591601706,0.026293325557873004,0.008934520177281247,0.015596555347450636,0.006587888424689936,0.026488622240753656,0.01980477593764407
2023-07-11,0.04866747545649819,0.013990801454000223,0.023954172043867406,0.012385543673457011,0.00025394207904794186,0.00945334315734736,0.0011261323710882731,0.02554965548084609,0.0071443450794972385,0.0015526151293505652,0.03394459877941802,0.016237328515995575,0.024891227649501246,0.02057567278697814,0.006660043518234238,0.0031011050665381568,0.0047604237781848635,0.014149647140160093,0.016482758521751073,0.004127123928656884,0.006803747164630947,-0.00044318075775950927,0.026501157429678512,0.008335862846530206,0.01552693785206749,0.0018692350178961536,0.026659756104578047,0.007970878350037625,0.04521298884003033,0.011645243329910127,0.006242654419955196,0.0047655699863138334,0.009156032452372953,-0.007631970579882408,0.013604309535637737,-0.00235054856746153,0.011435428463477226,0.00668603531642753,0.025163027534452764,0.023558214183401427,0.004409057310811537,0.01402526592662423,0.016812522555821996,0.012837222993598019,0.016182898515760602,0.011085382769964847,0.013497659715092647,0.018029567991088236,0.008432255209915418,0.0017186276216936136,0.017964821115772356,0.015433984360962105,0.014251369448158524,0.011765816145131502,0.025597038730341026,0.0008008437562010418,0.005642088575511073,-0.006892455996375668,0.02252015743471736,0.0071184402153907644,0.009704300901062224,0.020358124409376233,0.02004678487640077,0.03789912140263252,0.015138132344393318,0.00165275349780436,0.012739761124184623,0.036933190185580944,0.009421076942700113,-0.0026629064619737575,0.021562908618643073,0.027754730880032774,-8.817381512726818e-05,-0.0018859641466828503,-0.005317571197893889,-0.001305209342782887,0.008233390806600127
2023-07-12,-0.003434067206128266,0.003961804828274795,0.007825383852180012,-0.012234018700539528,-0.0003174198806279449,-0.00614009656502168,0.0015339147609629844,-0.007542484631177904,0.0007212344959326433,0.028124289689690274,0.0022640711098711463,0.0029662243369992236,-0.005413242508375271,-0.005803941859273354,0.0006087882803338385,0.000993750332211718,-0.007106974902908347,0.0017147888620197005,-0.014813866763965455,-0.014590980192952907,0.008095708978109739,-0.00517321455783859,0.0034859136104714583,0.003246255625875216,-0.0017078590034643737,-0.0039009825997777803,0.01242264651602043,0.005897402634397864,0.0095598911845296,0.0019800037434312134,-0.0001798298993240799,-0.0010060413496525422,-0.020512890868634504,-0.0038453789449267584,-0.005974878562528763,-0.004157866742314109,0.0007564540980680157,-0.0021131670738633312,-0.003668223887583144,-0.005594162868172381,0.006731217215149465,-0.007295614302341158,-0.004245460399227352,-0.00928607311982188,0.02146442913893476,-0.0051807535563103135,-0.0045254913336814084,-0.016060746536593506,-0.005689198266176865,0.014640320119329475,0.001161087989479448,-0.004038121744451284,0.0035550778130906124,0.006168614954783269,0.015218434298561734,-0.0076018895390023156,-0.012343112717578486,-0.0044711740777108044,0.0032170983766186545,0.004169782895586227,0.0050343294494732405,0.005356982876591587,-0.01607969658986763,-0.011726004668264123,-0.00854201453928416,0.002887764130614423,-0.005253538616042941,0.0036068495313494875,0.010300296503444661,-0.013883922660374526,0.006747958810575216,0.02153852312048099,-0.0019827374424156163,0.011427088142272002,-0.006109855146711807,-0.023124372868833287,-0.00923132417480621
2023-07-13,0.01270055882923482,-0.00544303041792038,0.0035144816709995474,-0.0064619781290686795,0.004825206184334574,0.009644845032207527,-0.009444588816619692,-0.0011975243245591072,0.008830488126370994,0.004236044967415031,0.0,0.008911618934280385,0.01809349318623732,-0.008090943119822058,0.0029004073189100588,0.0015442243987791038,0.0056666993195033655,-0.009882106595437201,0.004611589178527442,-0.005005256046492046,-0.003915797551909961,0.012084015676519622,0.0021711171720557587,0.005867356058151696,-0.007983768650126732,-0.03456493943848593,-0.012040951177310966,-0.0025317332537402315,-0.01417058896468748,-0.0029869930146887436,0.0007194489757333944,0.0009111374882859735,0.0010068663622133656,0.004463269784210633,-0.005705760214392064,-0.01070170700886608,-0.00895062391601309,0.008621951884180579,-0.0033570001902067936,0.0028128475698496747,-0.00014534507934405028,0.01286111562781378,0.008302601876815308,0.009568013150902832,0.01779357688076111,-0.0005248185203946543,0.011040356328358758,0.008117331923653825,0.004204836013022906,0.003945401114190394,-0.005334663310064602,0.0039537744917095274,0.016616028647658654,0.02566733157736545,0.00044967000785112177,-0.0008063325698173252,0.0036149606486146624,0.002815467551466,0.014183553323476872,0.00857015500213909,0.002504555964884858,-0.007412217282714906,-0.039169818424691805,0.006556984658186327,0.006571280254870082,0.004936299806553857,0.006384856143352158,0.025157208453924218,0.008089219965805583,-0.0030686277790653582,-0.0060593024965251985,-0.018708484159073113,0.0003974028511137817,-0.0008006971415820408,-0.004965020332784453,-0.0202366608574438,-0.007794373026123846
2023-07-14,-0.005444188408972095,0.01806009254403418,-0.00032579376446650876,-0.016802241759995784,-0.004612457164755335,0.010169060538058883,-0.009225342974767958,-0.017200880245986983,0.00029778375585021166,0.00922291120294294,0.01355431872831181,-0.000938032504082309,-0.01892786556744297,-0.012906594843624997,0.0038018826882371126,0.031277491656820366,-0.0026690530318781436,-0.009116267828428004,0.012354949353623912,-0.023524400878269125,-0.011727014700982252,-0.004403991627787263,-0.0024914007555114637,0.01445423519667699,-0.0013960366121676948,0.013756631304505884,-0.003907661541693308,-0.009217154618657242,-0.026636614089209032,-0.007558983092053717,-0.008986303499039172,-0.012313744912467839,-0.006236092438276608,-0.009217201651743778,0.0003066473535833225,-0.014250770249647271,0.0017662115935241918,-0.008398273978791226,-0.0041831562637598685,-0.01250198821601023,-0.0011630420863839586,-0.01395749843784333,-0.00044508692021660856,-0.004438438925738919,-0.001331978668584477,-0.004523730292778971,0.005395720123985814,-0.013981604516289492,0.0011395260194069223,-0.0038175417967067915,-0.0012824558010768872,-0.006170605628660231,0.0027379746736218014,0.015329663299164853,-0.013035604878470441,-0.010793333795992455,-0.010291302021105286,0.002540004819127528,0.0054724017128529034,-0.003591612044046233,0.01158310120300543,0.008155789373359479,-0.01835853120494879,-0.0038259026818169284,-0.022341585834326994,0.004451471359215864,-0.005538789903449803,-0.0195004250997054,0.0018043099417690556,-0.03422052155193467,-0.0005394435420102983,-0.02831397252465373,0.009664539001010164,-0.0034722863301566154,0.0013068771323381245,0.002337264401887751,-0.011738091667209183
2023-07-17,-0.005865181328171931,0.007929025016656377,0.01181366919971727,0.0022051222091092892,0.0022851886696930723,0.018520986242248405,0.020391167587043624,-0.005865240374619329,-0.007500542721079806,0.012751508961889924,0.013372913323717928,0.007198234305252127,0.04035342860375679,-0.007845195691665197,0.014727287988280269,0.0010679034042384572,-0.012191495824241061,0.011698459710583142,0.01444745742556841,0.006668031480461467,0.003910386864084181,0.01228744898719003,-0.008361415465136912,0.0026213273733535214,0.003371756080993382,-0.0034794650994969256,-0.01056521857776993,0.007685005086847552,0.0,0.004876415609948337,0.00779831967236122,0.009847679147430899,0.01619426213610331,0.005939321269945008,0.020713803765585848,0.004819027586103086,0.006410932281060822,0.002570942804488885,0.0004363948086159031,-0.009089476457122103,0.009605566230908247,0.011651030315797284,0.0072358616630479045,0.012190137165947856,0.008169403161086608,0.0032865408351423486,-0.006814904204647698,0.00798860448664196,0.01458556704935976,-0.002028913842768376,0.02218069528689881,0.011988835570000633,0.001406546724987523,0.011210984746608643,0.0010627656841322164,0.01621368624517161,0.0015597632269441775,0.0010668038666798996,0.008466366583611995,0.003956171820222565,0.0011225324428525418,0.006144195996402146,-0.0024752724896527356,0.00923814349332197,0.0008903121801502323,0.012938762535583237,-0.0028129079773890897,0.016983202715825874,-0.005355705563038549,-0.00018744509757406824,-0.013602508391575507,0.01355926734034818,0.005157621790631062,0.006522061197769435,-0.0047461526478982385,0.0008514682161524512,0.01078117284466007
2023-07-18,0.012880996661055244,0.020133365858754804,0.011353517240123567,0.027502749813356875,0.006143057234275773,0.009327361885402397,-0.019932726290342373,-0.0014159050355517788,0.0035985999497014642,0.024202513238567924,0.012463349975783133,0.024663957005750303,0.01783694998750396,0.011070202804040363,0.00011914220535880204,-0.002453549528274035,0.015954224867562816,0.015796440203092565,0.026057934681853023,0.03354697391283157,0.009670904789668366,0.021266258412375505,0.00525622779589785,0.00282534990871941,0.008687734641729561,-0.008554440853376644,0.028422319775396332,-0.0024083356399918765,0.008048669213215565,-0.013171845498629153,-0.0007199060801990065,-0.014026982870934401,-0.001992071000132878,0.01611646442080228,-0.014930494944626505,-0.0035612891747622832,0.01309872131135048,0.011012264152464368,0.02612053100432421,0.004176949849186373,0.0011532065697990035,-0.00838511265534192,-0.0014368439680200185,-0.030363658017246387,0.005126525132626014,0.0006066134832645176,0.008405529003188583,-0.025449098551162175,0.028490991008958133,-0.00011301415795506031,0.021242573827569666,0.018979900229916025,0.009584433530595682,0.01325941750381987,-0.004701470541979114,0.0015051695955434763,-0.005813929663808781,-0.007193175555668119,0.012472926677462137,0.012581068309655885,-0.0024669229405824833,0.0011195519107780605,0.012958486991597296,0.016661532056021056,0.007116388176669153,0.0017600379579665315,0.011904060644085002,0.041749101207501305,0.013151586294309014,0.027376692937266744,0.010014229688638965,0.028815727943380498,-0.004304995665928679,0.006568372250417065,-0.006854963637536349,-0.004960665141012233,0.0025309988883539525
2023-07-19,0.004562757326548095,0.0016990337166999936,0.0015923948129996646,-0.004282651092028522,-0.008749236601427568,0.006061891091842853,-0.014148250822903163,-0.01403791235943841,0.013984326555865456,-0.014342240615954016,-0.00018099867304743888,0.0009142634920471515,-0.00445062153036313,0.02523455505694705,0.0006550822592323868,-0.014009252037870734,0.0014814260025719506,-0.0011575540259599615,0.010682178982462709,0.0037213761285921354,-0.0013968593409154906,-0.0025198144726268357,-0.0014160867318238068,-0.0013456103559893462,0.011700717768311941,0.0088043514253211,-0.006527446622141886,-0.0026823885808995307,0.02013465195488995,0.000140484265223062,-0.010534723948629088,-0.000389780531906081,-0.007185495542420428,2.962735262834748e-05,-0.0005226781712311945,0.006337786863353179,0.0019649657726106273,-0.01939708466805301,0.03751930220620614,-0.0029361305239559155,0.00028808091120424706,0.012836797197258054,0.0022136117944979716,-0.009194640924768183,-0.003455143790648374,0.0016166759438285272,0.009653784763673734,-0.0009035370926028241,0.0025367440058805535,-0.005082997474226025,-0.0045850356775613,-0.011944424337632764,0.009166027276127808,0.004728456990168439,0.010665937227755329,0.001703356332673156,-0.0019841159195682634,0.0027505247365802177,0.0016583913311312148,-0.008331124823888758,-0.0026978675936373264,-0.002643235301573288,0.016602914640509336,0.0022256593641538647,-0.0013249645526191012,-0.01681718523665776,-0.011652534449704377,-0.006116872315138244,0.007666292341184544,0.00018248441989654474,0.007856043569759663,-0.008632945865323594,-0.003362636062905211,-0.00731928472439336,0.000540224908340603,0.0076820365494039144,0.004958932434389718
2023-07-20,0.007827495623247138,-0.0036534201980568115,-0.00937997844804661,-0.06236558191513586,0.0038734788646206386,-0.001053372932112051,-0.02901915282764611,0.024017230873664364,-0.0028289411572439693,-0.03589251435480656,-0.010139499960829856,-0.006317762866334564,-0.031852454889260806,0.002441026942025415,0.005991271612509452,-0.010737504300843748,-0.002662735982816966,0.004326774554263224,0.007932647653024372,0.0028835673692406694,-0.00119899744037133,0.005242959721137863,0.002399885245937483,-0.08893007753827742,-0.00024091618409471938,0.009949322246249448,0.01260279947498888,-0.0002690631277411093,0.002382128366996916,0.01184732784917819,0.012284943276303695,0.013598520543065318,0.013067901453693187,0.001452608852682502,0.01477253962678815,0.002509799408110913,0.0021571145221639387,-0.0019782748690442276,-0.01628846979075227,0.006789396923852831,-0.010076365655193098,0.005482125276657035,0.008945389939886361,0.009966531761248953,-0.014033294050719403,-0.013517923215833227,0.0003369607236627381,0.02731298608256072,0.007995920532391843,-0.01385100256958971,-0.0020221752739142396,-0.002155141066167321,0.004379165602146573,-0.02150658183149068,0.002268990227545231,0.00015000463227132776,0.016637110294598134,0.0337860557759504,-0.034531619716669626,-0.00418610350036186,0.00022545213416469423,-0.07329006238578362,-0.007228782923192734,-0.014939054113827677,0.0036852525200243846,-0.0011743846680974945,0.004501616302570621,-0.011672310049404055,0.01180866621042398,0.03229927887602302,0.004945707752049389,-0.003800257312423838,0.011612082906266474,0.0017766773170324601,0.031193700212788,0.001435972237603167,0.018751123864509278
2023-07-21,0.000383576210883918,-0.004845544245276168,0.004573875194034294,-0.0011468152036242518,-0.003542274015777336,0.002572955838061386,-0.0221159163855168,-0.008473374623950258,0.0037827436241688606,-0.002946698748799048,-0.0168282357135221,-0.01317547947656661,-0.009235200021137757,0.00040583405688754404,0.0006705385635301653,-0.000767456370209918,-0.037080852385760976,-0.00469280821660778,-0.006141516223174492,-0.0028752763162773753,0.014471448093844153,-0.015267194499685277,-0.007182418757007425,-0.018579240388052587,0.002168953086217895,0.004839299297772159,-0.014684759103656186,-0.0009416144533087589,-0.01344375165636813,-0.002823002583229206,-0.008180514558932761,0.0030775350184539807,-0.009525673865543038,-0.012048131355844593,-0.005582526137302923,0.004392738480348601,0.000234901819918365,-0.005031084202311797,0.018432681757833302,0.023480627309315993,0.002908394894845845,0.00025009828878208573,-0.0005473480453063173,-0.0027411423276409996,-0.008037500249172047,-0.00458134124684062,-0.018863965015275652,-0.002068776630097968,-0.009714807425069472,0.004489967194116318,-0.010356951888976673,-0.01281003085455179,-0.003552625885452021,-0.020776763277404187,0.0012072653152721546,0.007550806257065279,-0.007925177984742238,0.002782804149754181,-0.03674665038401814,-0.01599719657423382,0.0033806733827541624,0.010302852267606744,0.004584681797223489,-0.004713576589931101,-0.006755778852333694,-0.008843691847015389,-0.0027068186029262087,0.014172210687934728,0.0,0.018384318917054943,0.0019257998348101157,-0.018114860823665868,0.014077824144543838,0.0010641429428566163,0.0029669185492799954,0.0024114976600659865,0.0019374015339068684
2023-07-24,-0.0005751437048828745,-0.007500915394272889,0.009265891933866843,-0.03099890431471386,0.00444355861350787,0.007615001655167042,-0.009224292065896367,0.019216203998047687,0.00017659126488456245,-0.003459927501776594,0.0011163827597215903,0.006675695223694822,-0.0034955648174034293,-0.006693702402010282,0.006207893449341029,-0.016348451544303644,0.0018483594892335642,-0.0033236266550357163,0.012954018331716721,-0.022039194359784187,-0.00019720191495986583,-0.0015890170977261864,0.011070857616538143,-0.027313389710484692,0.001923867714718197,0.004815859611728035,-0.0034658217784185874,-0.003231435177412423,0.008947027009316155,0.010070990734791119,-0.0007250528936852962,0.003451613709864354,0.003205710612331103,0.0001197770966658851,-0.001511386938709225,0.010393217200690863,-0.004812816528180219,0.00015312165814029832,0.014060030357622821,0.00023812591740957068,-0.0010150198720527692,0.0035005778406662635,0.0013142873879246064,0.004485786177026663,0.0023632439765373103,0.006410531679643006,0.010128346659377785,-0.0026686661189347927,-0.01275058624654557,-0.0002291938687466466,0.008986425976614587,0.0005532174122784284,0.014909591310163117,0.002284579060733316,-0.001205809583185502,0.011514222242770655,0.006432285009191796,-0.004194900077228336,0.018438382510767237,0.003114976842269801,0.005166245344484732,-0.0034114145025107012,-0.0013422148327174588,-0.007206807238190227,0.00517539607248696,0.00299139805637183,-0.0066334386597204364,0.0019055717438110076,0.0007380340725966494,-0.026905037678163768,0.005552552724633175,-0.0004883691830999126,0.00021352495983917308,0.003188967453755298,-0.003538129563708692,0.0003381327875136009,0.0016700793171242623
2023-07-25,0.05332317207017456,-0.0033148139454665104,0.005698471506272895,-0.013625565975791343,0.0030968079242834623,0.004091829360151067,0.009702724048955114,-0.008106731086226171,0.007123551747550749,0.027197066957221905,0.0018583012286081946,0.010371308282357772,0.0008770124173360649,-0.0002042015757883764,0.011516582118875185,0.005800297091085982,0.019987660173511168,-0.00031025724751199135,0.008450265422020875,-0.021903971032864566,-0.03668871075241309,-0.005160119238748928,0.0037943868173020423,0.006971705637546455,0.003680291717069073,0.003252425286130123,0.003439294598689191,0.0017561385070210545,0.007025912253847855,0.00165410983977754,0.06267579058034811,0.001719686208323079,0.002995864685442662,-0.04571869350998281,0.0016001551309694495,-0.020339810386599266,0.006448102107500464,-0.003064186514561862,0.007159387025348796,0.0016666669706366655,-0.0010159389381524386,0.004385232086288715,0.00853106660816616,-0.005801172087643747,0.019872012635498537,0.00028583506790269553,0.007690050911252744,0.01101257674180589,0.015174814309918405,0.0038977180106913867,-0.02694472899275213,0.0005530660628836337,-0.0018363124022532373,0.008091616693533421,0.001358289029577353,0.007801397395382992,-0.10215453253921247,-0.002268353633732456,0.0014982741301601266,-0.0007097655360801536,0.0017876407152108698,-0.00538930735936094,-0.04489253141872229,-0.0009333467849496069,0.002059364956525478,-0.00020575886183427095,0.01326471652125294,-0.0031699392824661166,-0.006407253723519468,-0.032821978371633254,-0.019379845602394363,2.2172233500539207e-05,0.011786845253132228,0.003002134738753215,-0.0002909786755991295,-0.0034449339249201794,0.0034222568458781577
2023-07-26,0.02558497587437092,-0.0013302944351567536,-0.07688676610126899,0.006606643415723479,0.00025202215711672693,0.05393375910742826,5.551578572293714e-05,0.08724083859775345,0.0053194235687037406,-0.0016899531276542978,0.009645698798539382,-0.01427150221367357,0.011098050081491229,0.003676458097535029,0.00013555958366451293,-0.006543155704463843,-0.006632482766176562,-0.0061673080059139185,-0.029977760608337234,-0.0002152390570338003,0.0019794531691128547,-0.0157545045809101,-0.0021600131616035245,-0.021587628402890635,0.0062176200032590945,0.004634317856571757,0.03261963638503995,0.03478955343312107,0.029533295848716445,0.021926622075486346,-0.02082627600928888,-0.006772138287281737,0.005177123702123199,-0.026748687337495025,0.012392649260390964,0.007126566787739375,-0.0022658448160977063,-0.008452500672230023,0.01536850278671209,0.006338637319824203,-0.0011623662113120492,0.005011189853245224,0.01594196170845552,-0.002950621207615467,0.01733822335025703,0.008612940394235657,-0.0010540966740848479,-6.562468575876945e-05,0.06419305384301754,0.03608539613765105,-0.01969650311854254,-0.010876976921367354,0.021836562450153973,0.011813851095624273,0.008590789895021045,-0.013388525227994053,-0.009184668009975527,-0.007015256346098231,-0.059593444264694595,-0.011631018783648361,-0.0006691797474395189,-0.015121103045044104,0.02054594714928082,0.008407726839986696,0.004110377433970802,-0.000771438396324875,-0.001969235797312563,0.0029680561751193046,0.10415217136176702,0.006455154301757027,-0.001624285779832646,-0.01159432015913442,0.0003798768106391126,-0.004841854555868386,-0.039650752633594744,-0.005856916389571976,-0.00454737944290351
2023-07-27,-0.012872874351897767,-0.01851605210848839,-0.015259940175327613,-0.011336547223322668,-0.005668925166350092,-0.010139999167265823,0.011386375962032957,0.004080742851326313,-0.012617805131978632,-0.0019045232723703398,0.04262358225369445,-7.754315727948047e-05,0.011120801505163591,-0.006308428099616736,-0.023174398890771553,-0.013172586303371925,0.0024279468162475837,0.009132678398631855,-0.010001182080511373,-0.014645750889998754,-0.006880219155320777,-0.00462950232433379,-0.005953082453708292,-0.003144959165430561,-0.001029866680867575,-0.014351588920260339,-0.010293613689085768,-0.005082067540330915,-0.020856622503957256,-0.01328664447574679,0.006101820970054073,-0.0568999959540073,-0.00594291317673068,-0.004935500349652067,-0.01650607549690075,0.03226721337066141,0.0008222989491759591,-0.007284348223222881,-0.01341027697565178,-0.006548337389217118,0.008290920495446219,-0.06319124470099602,-0.016225432362366843,-0.009209116119591743,0.006492404069830426,0.0040876099895921225,-0.006710784531848812,-0.025920894245171966,-0.0204871911181016,-0.011683055043448243,0.008746086870880188,0.009015667629709956,-0.005479451888710241,0.008631280123215568,0.02824263629668544,-0.00503333602617928,-0.013094062451461497,-0.008307654082041038,-0.030226806775470738,-0.010929415146484933,-0.08883923854531584,0.0029739453157631157,-0.08935461057764937,0.012351994644738351,0.1187134367830831,0.014618025494442577,0.0007175115671604892,-0.014796041907000235,-0.024789935857237433,-0.02400588932778136,0.01155154629159516,-0.008719077299719213,-0.02341669050485906,0.038747289048415734,-0.0058807743041273675,-0.04913920946271977,-0.008170122143690395
2023-07-28,0.006205624781640884,-0.016216888173890776,-0.004501882270581792,0.013277080552502651,0.002470529845059577,-0.0010762405854315427,0.00302050119621744,0.021133700284091006,-0.01171883247541905,0.015194303155366518,0.03947135176259198,0.00824622016078913,0.026996133866282968,0.028056456257570694,-0.0037855315799749656,0.002375555213210978,0.02331208156844289,0.0007349142103996176,-0.003522974886451369,-0.0006557066715185966,-0.0006859155924310301,0.005937576413409751,-0.009472877313803196,-0.00044364336298274853,0.00904041627575558,0.012827197949533575,0.013113822892212301,0.008513478263699525,0.007256998515749125,0.012828659367070783,-0.00892390265160814,-0.006211529555563033,0.004982086226329674,0.004895086003927851,-0.0006071508912485202,0.015629292954727925,0.01721363667705278,0.0023417646235739387,0.02713509898349553,-0.0049237284981860086,-0.0018753123149748419,0.013174608137605626,0.0172525243630679,0.0008024038322282934,-0.01225609625401003,0.008706134948493371,0.005608853461124719,0.009813385969548172,0.03751234983868512,0.004237846383557953,-0.00011716059621358355,0.005688174747784824,-0.004171623306279959,0.02041047725337619,0.012788897076961847,-0.0057035036977000075,0.025478510931609577,-0.0006596147618702641,0.019275471686956758,0.009052052541145938,-0.004654602024561805,0.008487864185007687,0.020593579931933004,0.006812446312730147,-0.0018297296046300149,0.0073052440960410525,-0.008391007151964724,0.03282554729160592,0.0028866828363465213,0.0170859909142016,0.007344974004001692,0.011221402003339431,0.003024235664562447,0.009879107059427517,-0.006281729902603783,0.009245533173751763,-0.0024800418931326673
2023-07-31,-0.0033964834273008115,0.006094971072805766,0.01626235618561056,-0.0023824248568296014,0.0022116707105457323,-0.013367432227555098,0.01801354192470117,0.0006703408625112761,0.0005958099650453796,0.00542985598634238,0.009493147503811361,0.018200801163641422,-0.015159999223266163,-0.0021912575788761712,-0.0011936804334921058,-0.0024828035118805714,-0.014201107033507743,0.007922578937030744,0.005829940528978783,0.011810966305085824,0.0019219241012973232,0.00993607755306214,0.004177168684985411,0.006460534736883794,0.00047161504632931006,0.0030806225227764106,0.004091542167216522,0.017532370049175627,0.025350254879809908,0.0042220564648081105,-0.0013113480123276844,-0.005430614541959589,0.014078848798299015,0.006516646150766414,-0.0033846094104634794,0.01606370247312583,0.012730367453033686,0.016666662703084922,-0.007784334465912424,0.0008779118120196827,0.0052030414582331375,-0.014407520794165185,-0.0023467054887890137,-0.005857434097664593,-0.009306113278544803,0.005394354898591969,-0.012972198177375938,-0.010407397768710358,-0.01894340946474704,0.010105430742319843,0.00925705061623927,0.026128092240347733,-0.008299052601901669,0.0008142241645476833,-0.0027263543744331376,0.005686325502371581,0.006755241991580174,-0.0025742766857571597,-0.005498848372379461,0.00897094032758039,0.004922518211095239,0.0012863320938436562,0.01364981138784005,0.0025247379072079745,0.01819851710308429,0.004431905042015627,0.01648335071766671,0.027420018935605972,-0.0032221078210610266,0.0025845155820212184,-0.004044782030545702,0.041719851751496284,-0.013869750204246079,-0.0011806278681609772,0.005216559577604807,0.009735102748141822,0.0011542571859295414
2023-08-01,-0.008430524463525102,-0.0005508275341997715,-0.006246792394913991,-0.031044803448577407,0.005359402341458042,0.004287061332300279,-0.013983708638446224,-0.0035169000427641706,0.0017865488341064495,0.016132395964909563,0.00419811244966195,0.08854690607494486,-0.00494278331010356,-0.007885802520383067,0.0034060885865354606,0.0050910391599672256,-0.00029999350897980115,0.01606605929043381,0.008938529578685461,-0.018590522599309267,-0.003356810158614665,0.06662775804379972,0.0030650836089323175,-0.009163101312106514,-0.014375549305147839,-0.004606709203112458,-0.006630923237235575,-0.0005105268848218936,-0.002081926296572667,0.00787188996697763,-0.008928540977043098,-0.0033482950239116516,-0.04204138560644333,0.01185897549616155,0.0013062299793753507,-0.017492608809347665,-0.04355920141630132,0.011337571974582294,-0.0003433036695313918,0.009090151032960847,0.006901554056150339,-0.009340927124281029,0.06896191330552104,0.010999865320220126,0.012689548491761071,-0.0037756580109736815,0.0016267877988929147,0.007078656238490577,-0.01635306253112323,-0.008025383047325363,0.003483079683383572,0.010146205742826098,0.0027097352153799825,0.00547777756555945,0.005755361445710205,0.0013391624266168023,0.0004549557300526086,0.006485247051825294,-0.003101910666139407,-0.07547055284769744,-0.004898405719734433,0.00939655232076797,-0.021370064439373837,0.047446416680262615,0.0020574810864268933,-0.002055701410545119,0.0032344337075425056,-0.0568135384271754,-0.002241160318497415,-0.019333511788018343,-0.008710533969825462,0.020056927427279714,0.0012230632025596044,0.006332272818107221,-0.007814866090134154,-0.017833627236564786,-0.0072726717959451515
2023-08-02,-0.014923957747087102,0.0,-0.014208207164211784,-0.017251986498368677,-0.004766306490260663,-0.003865972575974541,-0.028964149378491344,-0.027855929486326758,-0.009095186713398484,0.012810063731127475,-0.013712384661051624,-0.003741500538637088,-0.04910586331862643,-0.019619620227397716,-0.008317619229714412,-0.004614993804766487,-0.010507536744375101,-0.010453225148374656,-0.0067137186734023135,-0.013215907285078488,-0.017253303493116046,-0.0005937358549666927,0.03830628827331739,-0.002522186439258056,-0.008288838702677603,-0.00805625289706946,-0.010105853611284576,-0.00038299311412937076,-0.24403446826832542,0.0040383530108718535,-0.011040422823383023,-0.0029977381565892136,-0.01918754435005987,-0.007950661251552193,-0.00934899095479913,-0.011042959513977602,-0.007266202467193672,-0.007877641782055411,0.005003219201295206,0.0073488553422966785,-0.09253186569841809,-0.009588764740224631,-0.014302866045960316,-0.006027284895018359,-0.014808793366029693,-0.011330049743592974,-0.016027718435434046,-0.0015173609702046065,-0.009815213829670988,-0.00930958566138329,-0.004165169574033567,-0.020040194100273245,-0.011286828309527208,-0.19191970580952844,-0.01273241060789232,0.0021299607366496165,-0.028532520480413215,0.0031562132068949644,0.005140728742367262,-0.0213244841356921,0.016490223238635915,-0.005018270275993664,-0.0017946594159747864,-0.026255068889557087,-0.014372012238435539,0.03029683275861106,-0.016917267668341562,0.006645177887545817,-0.00561558600632428,-0.011077735095409325,-0.011590248034834882,-0.012320662911395552,0.013960332512456652,-0.014179068351701019,0.0055997254215751635,-0.0049219373247322284,0.0013401615205419493
2023-08-03,-0.015792875949144358,-0.003994882157840385,-0.025244700907079975,0.001880861023820568,-0.00529336900189914,0.002587275968639613,-0.005167948246632137,-8.64563576747912e-05,-0.004739434930782882,-0.02684341704485993,-0.01492028654184463,-0.021281745438284982,0.06776120769443805,0.008004885332679512,-0.005304670010933821,0.009951342874375824,-0.0015169335354667801,-0.07467008378991236,-0.01530670817851354,-0.013616110424877759,-0.0018185351708872588,-0.008086885069297334,0.007883128769368586,-0.02275654399472704,0.0,-0.016588933085408097,-0.007270801607154098,-0.001532950076281292,-0.044674432440804934,-0.0027403463483500756,0.003483057713793425,-0.012389819910115119,0.0035408184375491647,-0.021105446132527073,-0.006847634014110038,0.012077798832359044,0.000839869907200752,0.02488936209200121,0.01843793073990363,-0.0002353633245174569,-0.02376075431290592,-0.0039801955085198015,-0.0015220880562134553,-0.00142678837420962,-0.020151987548572392,0.0036316651529311184,-0.006947135443088226,-0.010861099850117073,0.0109158886058065,0.0025729740668580803,-0.01370976189264328,0.030329941837345942,0.0022509474929375273,-0.008911218548580346,0.004926748359396216,0.005041470034993667,-0.009244101346510658,-0.022612731060340896,0.019111749804982203,-0.007328811179626804,-0.014769955198751461,-0.0003654522768468116,-0.03326343610928306,-0.02083950156047043,0.012238107286695055,0.0009265809895855348,0.009263470615627378,-0.02235943904453208,-0.001346638312057724,-0.009682899929051136,-0.010090085467050147,-0.0067498596512843845,-0.008691188099857139,-0.00817018354518051,-0.015175659723458357,0.0015655848399782624,-0.03283372577462651
2023-08-04,-0.015673167826669165,0.004702502792154117,0.002867778319888048,-0.008760913245235646,-0.008108866918396851,-0.009032221781982153,0.02123091122107712,0.0,-0.0010849255452801687,0.034497101304650224,-0.01755591518012889,-0.01780080859757527,-0.00027962359805611126,0.003054370488618119,-0.013724817111306353,-0.010749066293981535,-0.042236395552408545,-0.02526384231194201,0.00023585779478829672,0.009051913240970322,-0.0030831858201235685,-0.0015723561176194112,-0.0035457400058376276,0.003044030394148134,-0.005384537679429591,-0.014584355240766622,-0.0019732007186543665,-0.009979571345498539,0.02870813759634472,-0.007179939712455452,0.006229914905560685,-0.006823755258241415,0.018057334235605627,-0.007665120597041497,0.0025634566677490422,-0.005268822140274132,-0.014346787729464405,-0.0031287216051937294,-0.008355745771555845,-0.0017260841557494855,0.011605365708386994,0.00685819436787849,-0.013211486880357226,-0.0049116144260066275,0.0010114622429211462,-0.0092474073702985,-0.011615631441525776,-0.009195385517064447,-0.014356989083020855,-0.012385674460181573,-0.011662124841315014,-0.009637019304105321,-0.01347553900168219,-0.0219902721492371,0.007209762750725712,-0.015048693532288215,-0.0014172351145981255,-0.003956532750978292,-0.008056016842998615,-0.010693617874021788,-0.010076211785519207,-0.004716227379726767,0.014569139724936342,-0.006959901428937432,0.01131817207623298,-0.005164435098453879,0.0005805905546387713,-0.015465020405846852,-0.005915877002447778,0.004026056079121654,-0.0030853527578929008,0.001741932547737468,-0.002777753796192717,-0.015788601064847918,-0.0031689654265556477,-0.02021081525590407,-0.025184525998840468
2023-08-07,-0.002653688506259133,0.01651980833122013,0.011705788361424663,0.00946967279579014,0.025739140365196755,0.02058913559178599,-0.0065796883633214565,0.029780426052350872,0.002594689836882935,0.017241391617067725,0.017869632940329394,0.018846803420396796,0.024468681237971746,0.015022270645413283,0.008773931343600605,0.012790095102757526,0.008248726517796179,0.0030865727277054056,0.01714455086752431,0.014577255473355422,0.007802178180538855,0.024038863745073913,0.017477783891432397,0.0017196253110129955,0.008484158091268679,0.020506372735907386,0.0051710442144432545,0.013698653145427064,-0.029311070007379647,0.01419584830834486,0.014771015707089274,0.0020612650516718123,0.028542302978061818,0.01807838339243606,0.016310997984922748,0.013355045384108255,0.012528346732165518,0.014945521340802514,0.003002361728517089,0.009903361295562574,-0.0030273896353664176,0.007884146086790444,0.005458345244551133,0.009108897420171846,0.01246207442975078,0.007264119737043995,-0.0016025303355401421,-0.004286952581858516,0.005526807962725311,0.019093875345620237,0.008820004761741274,0.026077548260937666,0.01691197856201998,0.009262258505604803,0.020472507229401415,0.009187132630978034,0.010881195107173891,0.00242381884607612,0.005725022656684953,0.03895316435989682,0.00347565609948175,0.005546789246875017,0.007332638817059367,0.0030473212555626183,0.012336361789207828,0.020373277166965797,0.02017633158223875,-0.005530973357969038,0.0051197034427010735,0.025014347909284362,0.006687239654067367,0.04454604972121956,0.016408405874178467,0.008282565948230847,0.005111387748633289,0.012678784326339398,0.01220784556902399
2023-08-08,-0.010548370879661761,-0.008125669660259738,-0.012453707534190062,0.011882460086134916,-0.000622632243580723,-0.009887531444250697,-0.021929106036398083,-0.0008814552523281893,0.0644598741650022,-0.003416136304630446,-0.012220298438719523,0.004402687791668303,0.016377844037342104,-0.02079994763766413,-0.007443559892198914,-0.018104634396579944,-0.014789225790448612,0.004594529657300672,-0.0019707127554852155,0.01215739907068114,0.004254337619397308,-0.004025511327246267,-0.00740586342963323,0.005655169384410463,-0.043986856406536545,-0.009260868247816356,0.014752739016774763,0.0036970727803455894,-0.020522595243964714,-0.011972350987694447,-0.010285033334449745,-0.010284962099038064,0.0009910315917527335,0.01427049772011757,-0.019606045332835276,0.00026804036441729906,-0.0039641967758410335,0.01045493337601977,-0.009752726467644468,0.04568434842671576,-0.019018641533020908,-0.012452037107884562,-0.006452869798486582,-0.0006892744086720581,-0.00498995108221556,-0.009749860713625935,-0.020955958658039675,-0.008610819337909525,-0.0006351055389598459,-0.013968854150128163,0.009215465982860271,0.00040004953958860945,-0.009354776230636741,-0.0052879810558327245,0.006172867353760436,0.002869507669159388,0.00865797886683839,-0.010880502093190136,0.003706579513497399,-0.015815208094190902,0.0007423803356092495,-0.0031051517130672446,0.02335471067413253,-0.013772239130491193,-0.017839217086737524,-0.013487043347654826,-0.027696994607651293,0.004671837172599114,-0.0046582155458453345,0.02198212180453374,-0.008783885309372574,-0.009338723156749662,-0.00428208857158352,-0.007782122279206605,-0.008992192036035185,-0.005256204026922728,-0.01692224664750286
2023-08-09,-0.00393773532967534,-0.006144073140667672,-0.008049253302403248,-0.025957977031656365,-0.004859881507899511,0.007932669503663448,0.1406134826986445,-0.000756144685170157,0.009725199471081636,-0.010415305621883197,-0.021432286974558346,0.00579727714591316,-0.023230875904063253,0.000408486565177002,0.0029753200360265186,-0.005577030051964305,-0.006387680548613051,0.0010909126585696427,0.013079030008298798,-0.016597559597172018,-0.0028474414331491893,-0.010762917490746204,-0.004766886297474904,-0.0044184267088076545,-0.016342552936567944,0.006701999067920017,-0.010363172207433435,0.0022863793839953406,-0.014675986631305982,0.007439716690861298,-0.012153312983282816,0.008473317561651816,-0.014059351152123645,-0.02657968634973673,0.0072559802635261406,-0.004778863407344347,-0.0073973192597468485,-0.006995070143161031,-0.008142484530181737,0.01495987165483803,-0.012870624454507706,0.008513821951569911,0.005773190387649896,0.007430918662799435,-0.00819125341479332,-0.003132741288786045,-0.0071955627876052475,0.006121468165714017,-0.01872401451050587,-0.010568980546254547,0.0,-0.00672747302047072,0.008291969430558543,-0.01605152182664782,-0.009202548624725804,0.0036507945716270918,0.018095298969361018,0.0082840509561104,0.006066973248005647,-0.005727357239776576,0.010912494120454141,-0.0012092751722871942,-0.003260245156798014,-0.004312524489843872,-0.0011512514574935073,-0.016979595388635027,-0.02133059065965559,-0.02325064748911232,0.0027117036248149873,-0.0315348071999455,-0.006535686624559278,-0.0037872956481401765,0.010751292174530969,-0.00488020097243913,0.010638221025697003,0.0017240417288082455,-0.026818778110739183
2023-08-10,0.0018320625739201013,-0.010990649670356345,0.0033359619569830468,0.0,-0.005008693665255248,0.0009987495291010617,0.01835957209617889,0.0016816358171107826,0.004367785270059876,0.0013323488778100856,-0.013532742821027899,-0.002495377363565754,0.014022605202315797,-0.015516467252083,-0.00408396243280662,-0.004120414318810828,-0.006107379057156415,-0.005742046459880523,-0.003485465257453191,-0.0037752522023932755,-0.008427358651622585,-0.004131680979765684,-0.00010461514282500417,0.00010095398035581127,0.005112026334693098,-0.005255848712425681,0.003955103378667557,0.0057025703469442135,0.017892305968237654,-0.002122513859607489,0.012481071922573639,0.002816012165994586,0.0010041683763273301,-0.011216445235740835,-0.01304580932983257,-0.006058449687214029,-0.020656125910006318,-0.003228761204316699,-0.004964815389724708,0.002419826703904393,-0.015349117514293686,-0.004007238456280371,-0.0023574622684335855,-0.006095269852213425,-0.003979972605383408,-0.01024410828498179,-0.002339441334134329,-0.012122594749477966,0.011234491651077594,-0.0024999951929892683,0.0007023875322869078,-0.02249802250108024,0.0022575065020240537,0.016139064413541737,-0.0035180791796234345,-0.014795602703547961,-0.01765975470490755,-0.007273208159676914,-0.0002621511195392001,-0.01494397037210593,0.0002454215768599166,-0.014932489036606045,0.006244410695147362,-0.017015588695379447,-0.0048661270111837185,0.00039592734801607854,0.009046984831829974,0.011108543572645901,0.004580173948450561,-0.0033879221072292687,0.005630943292209034,0.0074780844211914665,-0.008254253050611449,-0.002802381508276053,-0.01034059492371664,-0.0034000083423150196,0.0010749141790891148
2023-08-11,0.006255941592639758,-0.008751143606282596,0.0011683041516472592,-0.006979734057996678,-0.004404789002736775,0.009019862206145035,0.034832455322515665,-0.010660594916029553,0.014161409196924435,-0.016165565567922924,0.002527079192658155,0.004932663453448116,-0.009897008348580538,-0.01254662888569369,-0.0003060651408015591,0.009654020426013155,-0.005498102040962127,0.00632321659585533,0.001150513165227407,-0.015381225431077228,0.004214355492468291,0.006592014978359817,0.0024080071904319933,-0.0050425554920526805,-0.008476775770560052,0.011623770495371444,-0.002851517610852561,0.0006301331988483039,-0.01012337627869242,0.005893801637431695,0.00906926882610537,0.01022566081047871,-0.008025671360522457,0.015180026758013332,0.009746808619046199,0.008714090321310763,-0.018072814378289892,0.0025030335372775436,0.0036558221164202376,-0.0017555748196194099,-0.00452565820832318,0.0082613178786759,0.0033904249630025696,0.008887956352339632,-0.003230823452191278,0.00020621557405320345,-0.007264709531740965,0.0018127789220734325,0.011898047722342708,-0.004215098933516126,0.003977588024862255,0.009085216929151319,0.00941202622574111,0.0016808730076860456,-0.014687276890677614,-0.001297130016025938,0.0071909092100475025,0.0010855070836790492,-0.0009179214361343391,-0.006374177610512066,0.006377234824442191,0.006890333294113482,-0.004137182718649712,-0.010700784410863418,0.0070776711865612185,0.005095756199805068,-0.005115208436363261,-0.019955143948376053,-0.003517096958146726,-0.013031207393092159,-0.011971478131466595,0.012212115842571647,0.006778477865064136,0.004309602707975424,0.00694489583378477,0.004110292032425189,-0.0010737599792624009
2023-08-14,-0.010808214748757927,-0.001121046487657984,0.008167964368265945,0.014696517668812747,-0.0006319981067147706,-0.003401664211566957,-0.021824554767770343,0.004199921466304213,0.005057785681481297,0.026776703835353244,0.008642391874452482,-0.002384049806604449,0.011502176931752706,0.0016800195957602515,0.009802342221602478,0.008651134313387043,0.002276462518167044,-0.006828114848188571,0.005907178063493834,0.0013584104181807444,-0.0034273551202116392,0.0031141110124064397,0.0016712786893289255,-0.002990333405524237,-0.00025644588440765226,0.005396985506443519,0.004402376084260862,0.00478526480410002,0.04351060256045769,-0.0027314126248234594,0.00828971905111442,-0.006083806105476208,-0.00444983600054194,0.011304385456834432,0.003570136715603356,-0.002998923925204622,0.0064018937681751265,-0.0027904111834397005,-0.004036261682805908,0.0037373674224980835,0.0005051225205341403,-0.007927601375477877,0.005222214414378756,-0.008743557850943162,0.010576642148143689,-0.005648091627634133,-0.0022231491077224774,-0.0037118031900490456,0.01268321120245619,-0.004118554030031585,0.002097433706955476,-0.006458533198137495,-0.0039050606598425297,0.007705554604136022,0.00043005853470856614,0.016835611510654047,-0.0046062168107975365,0.003049222690298503,-0.0022312714364511876,0.010061459662320749,0.008286622413102407,0.0010727272976738256,-0.005044625000171776,-0.002757156260124627,-0.007922356362362382,0.008318588608992261,-0.00947007066811345,0.02608097491480854,0.0013508045004220204,0.0009568131145003544,-0.006284688349714074,-0.0016796344557448162,0.01052545306204622,-0.0005254734162175589,-0.0013048062371344704,0.003280228104760363,-0.0021499034010558082
2023-08-15,-0.022046018751196828,-0.00645346678248182,-0.027332608511962952,-0.020780851469009765,-0.009233472314976732,-0.003929218829487269,-0.017278057060280738,-0.018799425798717406,-0.010775551154493246,-0.007639141359787716,-0.010888973258059598,-0.025198587691492635,-0.007445553422336437,-0.008701189281220989,-0.009707189032694297,-0.005981252405441895,-0.017521057159166076,-0.01906443765558552,-0.01361856513140225,-0.027357000602563408,-0.018388544231619508,-0.0050218588151415,-0.004483827257805828,-0.01672424613945811,-0.015050456153074432,-0.003463181171155072,-0.005207151354609696,-0.008522419679224735,0.003474691705908528,-0.014312801350865656,-0.01471228391706969,-0.009023271424468682,-0.009142641594453438,-0.012015532171824606,-0.021564441142415514,-0.00965257876579717,-0.006277464674930844,-0.013254693726576283,-0.013838139703368335,-0.00416156372908616,-0.004880450916050161,-0.02193502763060895,-0.0058063078271568536,-0.01444188006355518,-0.00388254041850844,-0.0172478654653897,-0.030543565988401133,-0.014623288331342632,-0.015264792103939384,-0.01504881029543459,-0.010813951385205356,-0.012227479539956065,-0.011200898798219061,-0.007782548222045382,-0.011031486189197914,-0.00167031750063118,-0.009023531160298748,-0.013173787952961868,-0.01525920562842853,-0.005014035568253972,-0.010635713683984416,-0.010678771772205997,-0.012227775958767895,-0.010846517643084197,-0.0203503908503615,-0.008835808974117176,-0.005156062290604946,-0.01716826464354737,-0.01853791140601635,-0.0185433224094389,-0.012819773072187512,-0.011961998598818857,-0.009951901315914724,-0.013580985335111984,-0.010950025188926515,-0.003912273768377439,-0.010674836087900874
2023-08-16,-0.0034605509709785265,-0.007483725548815601,-0.013546953651386695,-0.007073994148058205,-0.003957660914030936,-0.0002789685442372569,-0.011179533308759981,-0.009945740175782869,0.0027647536200710032,-0.022894663828701423,-0.016964450229912775,-0.010311056964624976,-0.011456578578653787,-0.002643717574839166,0.0032947450056821648,-0.00715264384327452,-0.0029722743563502796,-0.000988959449266802,-0.017929912787772895,-0.008135721628033554,-0.006077429232820286,-0.008488628394124564,0.005656195627610661,-0.00041348682863917574,-0.00920297103516532,-0.008861885898009736,-0.001807617008912521,-0.004929720723894193,-0.033827556170681894,0.0020615007510813577,-0.0024593260024169394,-0.006975510848901245,0.0016403661297201833,-0.0005869182989475252,0.004264346103701522,-0.005303933307628461,-0.001810908216422491,-0.004328397152001506,-0.03427881193971827,-0.008797628320183049,0.002536717829804136,0.0010418476753799588,-0.008299074716160204,0.0034943336440291795,-0.01728519248648086,-0.0035437921165191177,-0.005793654764813083,0.009735978325257078,-0.0062005672109778365,-0.005481719230196469,-0.002830344985086608,-0.0059692523825567445,-0.008819488614363546,-0.00393889210714371,-0.010430274325975097,-0.011958670778475122,-0.006070615046516847,0.011569706675373714,-0.010152252315924204,-0.008432458784771057,0.01099435676042071,-0.00014939127097801652,-0.00603869562496151,-0.017093014763420067,-0.006047870123439325,0.0004433410783057923,-0.0057056079260829895,-0.00975499744359909,-0.004079041723901722,-0.012076332879666252,-0.01454452596016742,-0.03619557378757721,0.0023425931531890765,-0.0065731363908154705,0.006605072124556743,-0.005007880167895107,-0.009899034003637563
2023-08-17,0.01002080778272263,-0.007967000429900062,-0.017630026081077332,-0.025259028513442194,-0.01961038427190087,-0.0024710178841187425,-0.026845300440375475,-0.023526869901751235,-0.015274440326368821,-0.11668029946771452,-0.02606944180587667,0.00240420502890637,-0.05780908177904254,-0.01039125024374743,-0.012952047539037337,-0.016695244544568277,0.0026499120121052933,0.0024102298839312475,-0.011275206168932073,-0.020857744333076966,0.005107560582633397,-0.007913320148247527,-0.00291635267099033,-0.013033470720239193,-0.001664920159143768,0.003856951541714171,-0.0006035526372994982,-0.01702245607642261,0.015162667988477985,-0.005724748757398368,-0.022981396166383727,-0.002734744364198738,-0.0049129610351824615,-0.019281065323525803,-0.015286266125024595,-0.0023699275963576794,-0.0006329036447175751,-0.009144150829740072,-0.013751899237352316,-0.01627219804774782,-0.0020243045705266027,-0.004436849438265389,-0.0049592645733230745,0.003482096286468339,-0.026556268880652212,-0.011346810906192162,0.004093683333599829,0.004399822549468579,-0.03176122235063783,-0.011892118021721743,-0.009578954665745543,-0.017892349773618088,-0.012244892066986757,-0.03579660465815182,-0.027082425934390253,-0.0017930839126455433,0.007096507649955175,-0.013332465376259872,-0.0018893574120952827,-0.012400494365654935,-0.02537455340454675,-0.0013529204468459843,-0.020959784109374935,-0.021218443864726377,-0.011507781726948774,-0.027076226698502293,-0.01387263102311398,0.007331035134889863,-0.001068480018118101,-0.023462192680715255,0.0,-0.024605661333516826,-0.019759556079524287,-0.0025035761958239755,-0.009561264643836442,-0.008402592308018764,-0.005098926294937134
2023-08-18,-0.002891326769141278,-0.011616310413212982,0.016624122856276458,-0.0006644670269169151,0.009609154404219167,0.0030765590965153855,0.02410566932074376,0.00939699239975833,0.0023518313505823674,0.03137015152731015,0.006409088196146273,-0.004978808682180813,0.022990184123240276,0.01778632092985588,0.003141016611566183,0.009884852834485702,0.019821560206947586,0.003091463462473687,-0.05281996764759567,-0.0069410662647552135,0.006083628275463493,0.0012594228936126939,0.000626794930064456,0.006969583267285584,0.016676900056200594,0.004016756619271256,-0.00853126003959892,-0.016800212619647925,0.02607040120932158,0.009491269108266476,0.007480152049996747,0.003226188476848968,0.0034971923793603032,0.009713711367687505,-0.003949033184400652,0.0023755574956232373,-0.004601621520050614,0.00590024498795616,0.005051256617083499,0.004135311854863266,0.002197504831961572,-0.0014855976093737233,-0.0021804370289689734,0.007566964829957223,0.006022978984504768,-0.005053248465237692,0.017362916246978388,0.0023300929384209024,-0.0017251637315353063,-0.002264024799296216,0.010865765244872705,-0.0032326252172346637,-0.004297461802687086,0.003281111558994354,0.002106471689296896,0.013272751892833501,0.007633552646899355,0.0033611080664064374,0.009329429805635447,0.00017159196629767948,-0.000495886572451365,0.01065025500048744,-0.002482191121589983,0.0025701079518218872,0.0069583710208493965,-0.0034408046007398108,0.01583363950371086,0.016374741551447913,0.003921904734914383,-0.008681613482201755,0.0029283665025903183,-0.0028496324272464513,0.0011272109343043457,-0.0018823434974494235,0.0023974651040543637,0.0002843531730778448,-0.000502527841601208
2023-08-21,-0.00819918755097182,-0.0008705515339368919,-0.0017652957041803807,0.007978715815388782,0.0011005822559855272,0.00023893433810306952,-0.01579212176772571,0.0025149231836250063,-0.00597762277053393,-0.010287795505379949,0.003371443076813918,-0.0038348568082237078,-0.0004294128118348395,-0.015475294644472282,0.0011947548014243914,0.0016122411900871825,-0.005183080335131929,-8.557250257879012e-05,-0.015691822703972957,0.006025539369352684,-0.004766411090766698,0.005078031465238775,-0.007620907543003819,-0.0023417333385832295,-0.010619021343180823,-0.005218366036544908,-0.010317859477060876,0.005257694984956318,0.024966933119992873,-0.0006238425224470712,0.002057362449721767,0.0019830247618144448,-0.004305019555887801,0.012486424935974405,0.0021418803238519857,0.008203472113084587,-0.0001271809770247989,0.003158251742101603,0.0031935488727248273,0.019543348593054066,-0.0074212194910384666,-0.003085785938882979,0.003850132554723551,0.0031773519660802663,-0.011621759366436168,-0.0041441984227278406,-0.009523356869002741,0.008182757307650501,0.02444789106469747,-0.0025081369896226002,-0.0009450085039551803,-0.0007291237322355482,0.0007469783592615187,0.00828230211576586,-0.002102043793556163,0.0024622421361442104,-0.0032634379663277757,0.003144704626438344,0.005626311246197169,0.004424756420130738,-0.011163553502703705,-0.0050642272282811485,-0.007154004681726223,-0.0007801413652499534,0.003986688249012937,0.007463768969655282,-0.005623391774181918,-0.00134252764460574,-0.005726746078239975,0.010794350518635643,-0.016059259611850507,0.002370389182982935,0.006235348065012136,0.000718455185482858,0.0,-0.0006964628833719955,0.004524484067061962
2023-08-22,-0.006855520843563112,0.008132449815067888,0.0032576563657875646,-0.02176780521289956,0.00045285743238143716,-0.006292031999477032,0.010256952612062387,0.012542936749425415,-0.0007305947445953587,-0.007155747119236833,0.004293392149924635,-0.009349124245011664,0.0011456656015595978,-0.007057303664425474,-0.0008435829936539463,0.006898119693775184,-0.006512480685784694,0.004237958053422863,-0.014278818477068134,-0.00311455417123796,-7.14024742165531e-05,0.0071845274466828535,0.010730131776352625,0.0010432310538679435,-0.0006981321650031402,-0.005945091222557486,-0.0036931390828710553,0.0005228096972702545,-0.02315374792856162,0.0,-0.0032136168257914655,-0.0050281261937837884,0.0024706024334144594,-0.0004555599425032364,0.003228510350758773,0.001808145232793379,0.0010180354828344118,0.0025496172197876366,-0.006157950725698025,0.0016891026994203528,-0.00339844886018148,-0.003924256637331425,-0.011195180181579611,0.003211558320546315,-0.00035628863095005237,0.02171737356723824,-0.006521013365198947,0.009315403320627968,0.00468851556028449,-0.006824695478908627,0.004138194346883894,0.0015849941818577573,-0.009289224381106798,0.011316792014150368,-0.0028588570654413115,0.015031615597663306,-0.0022216620361446004,-0.0023171560331134433,0.001998081142466246,-0.0006487724168149356,-0.013045653445729832,-0.008346199394180687,-0.013157866890185055,-0.0021194148952984326,-0.0023825550212490665,-0.005997376525307074,0.003437662502349781,-0.006273864828432174,-0.006965138610551591,-0.0040298359587975785,-0.009674243302986163,-0.023978963819499266,-0.0027540857616524805,-0.004935884653541778,-0.004657810893788361,-0.005959608327074428,-0.0041037386894891
2023-08-23,0.011572418614014257,0.008066957013073806,0.024492010737021452,-0.0033715570459941224,0.01034321723467757,0.005570452482485333,0.00673500348146705,-0.006476313494719554,0.02643418706133782,0.03641607723741935,0.02658001409323285,0.010473638799327833,0.0102988635902308,0.0035536899370745,0.011552498958885327,0.02945880083482555,0.016060336055531144,-0.0013214505102624452,0.023545605357084387,0.014179256031490617,0.015440734131369815,0.01845468528893912,0.005724290498716256,0.02251048289137847,0.0015717942503434834,0.00791563575493992,0.005676189605935189,0.016597078391466846,0.0051105986604291775,0.0025860451032220233,0.01620985841552125,0.005752436311162956,0.0092421612836866,0.03388896669092811,-0.0018129902387078456,0.009295134077768274,0.02025505115737647,0.02468210264157311,0.000577556821399039,-0.0018329876117523236,0.010912239313031868,-0.010765244818907616,0.0011531798042880848,0.003598772798187655,0.01657455618875825,0.015146432237643115,0.009007272422849821,-0.00733330586961134,0.01888887966159669,0.010849906411072308,0.008477478852876752,0.015197208807681495,0.01816664621931463,0.010492965707684876,0.018711406381273665,0.007840082682315064,0.008320623021735418,-0.0006829388094383715,0.000664562014920822,0.016744059904797437,0.006863228893161821,0.006189769585563276,0.0022222583053594924,0.019897221958719236,0.005041738333770418,0.021497749470908323,0.012125260944269467,0.01781287356725203,0.0032372911513487423,0.01942138536406479,0.01210602073097422,0.016189987667874828,0.015577771428959997,0.012175374680716944,0.0015809577277035025,0.01181909337285103,0.010753803508061877
2023-08-24,-0.011540426643813606,-0.016861949884841243,-0.018563874860821117,-0.0142083925535198,-0.009085744509961358,-0.004463586858344359,-0.02141791552451111,-0.0493044193813188,5.472095097425189e-05,-0.027596839584343447,-0.023537983276368468,-0.013661577303965,-0.006937531966926702,-0.0005365664248562219,-0.0067586892094160245,-0.045252902233070214,-0.014193573970960771,-0.007953537397740296,-0.019377002180043346,-0.007108940297157251,-0.004927823916060503,-0.0017623583841407386,-0.009106814626756221,0.0010701690095882288,-0.006277176556412134,-0.014834228400799176,-0.006412093986783773,-0.022367790507467955,0.006311924455416618,-0.004358216177571705,-0.02141534104500875,-0.01026298588543062,-0.02075699665662456,-0.0036210278126577178,-0.003972996765595149,-0.004425898110530624,-0.01287532520027379,-0.003795619234405523,-0.006245106524254362,-0.01432349089566376,-0.015517006363486407,-0.002356012229803528,0.009528807111061521,-0.004443827321833127,-0.00876578476459422,-0.01078282613034165,-0.00968664864651081,-0.005385215874977867,-0.009572221307954654,-0.012045381519610099,-0.01657911712525184,-0.014400669979036551,-0.007071217546921638,-0.01824960598053882,-0.014812644895953908,-0.03212485152812461,-0.010343982990847489,-0.008817580294898875,-0.00762117457210032,0.003125621625187147,-0.01439024279407386,-0.016954404807864032,-0.011086531842828262,-0.02005698229712638,-0.006732665844246588,-0.010522584930118928,-0.007636183801482788,-0.01019049824307583,-0.002733860483815076,-0.019646713152628115,-0.011132211812035275,-0.006840750617119529,-0.0028893415724839944,-0.010781445991940197,-0.006945311623120398,0.0018383720716950158,-0.009147848566207095
2023-08-25,0.0045685591490296495,0.013808050384175319,0.013471124388836575,0.0006863575217086471,0.017563143494282674,0.013010437563394595,0.01234629986615765,0.028070526768428472,0.0064654872600324875,-0.02747661846662719,0.02021136200827689,0.012105511536031344,0.01767889755574381,0.006656729777871906,0.016622291227458508,0.017657953191609232,0.01145282766981448,0.005633786113210526,0.009233217322534015,-0.0047733174085806684,0.009338442883253473,0.015119253468006022,0.019738873968635495,0.007839568441690536,0.0029828981225772377,0.01257750706226779,-0.0001931350837023338,0.012754694796507593,0.001306747318429613,-0.001295401270634211,0.008375439063132095,0.006156837974545137,0.0012468533063436649,0.02218419719821929,0.002017318310868932,0.015492392605450878,0.012201827725441872,0.00967176090286026,-0.008977543258288478,0.0030554657380639227,0.0027411297519535083,0.003429901986293782,-0.006430822288681526,-0.003226119183796672,0.0021224334687395263,0.008069695818680112,0.010021096929822226,-0.0017429637247232677,0.0008318407605862888,0.012433691479181608,0.006529737198811114,0.016026259672206278,0.009191775357716647,0.007688240181966233,0.008119100399531565,0.01840646329129103,-0.005402237038088065,0.007171938008431633,0.009970274886213382,0.01621602849605397,0.0084527850261924,0.009806186842266085,0.0,-0.002125103945301632,-0.00026570634974265595,0.016202594755375443,0.006717099487151046,-0.016114619869859736,0.007459984076100712,-0.009311799290713463,0.011197539467968642,0.007650729581795135,0.010738468494026598,0.006305203566889794,0.0066760446915894445,0.008652941024068772,0.01525331869378066
2023-08-28,0.052248630061727086,0.013763405266592033,0.008831081496944115,0.010288039733552079,0.0058379766706300185,0.005295427611190506,0.011490269224629257,0.016337647538848366,0.012847739004846037,0.02856260060123339,0.009996408852242178,0.008181684560197633,-0.0016810748361545391,-0.007679237071844369,0.006209529284483262,0.0022831573187276355,-0.0016175389694530473,0.0024563604297991315,0.011481106993257661,0.01702639856393451,0.00925215092338938,0.008874108765166033,0.004916034545005665,0.009596979913902404,0.006035718663203626,0.0029741393522595416,-0.0014688009318006845,0.006362047798590398,0.03688879218469632,0.007871606781349794,0.017772539253396502,0.00848101497338849,0.014113776660980681,0.007821713082361237,0.0018760165353968183,0.003537612855826433,0.007731488695688071,0.0029027651754129913,-0.004476170371269905,0.0046061530171483955,0.0017085475872224976,-0.0020734175797031407,0.011170197147365002,0.0027267305537654885,0.002470826498027323,0.016596740082472916,0.0026109698670775394,0.003701429173629922,0.017969017466171744,0.00918087739649076,0.004718168227616504,0.013218972675842267,0.0027077237474482097,0.0043994395063453595,0.00835185755493062,0.01174061592906872,0.01239810796766605,-0.004176677893548808,-0.0038686979062632076,0.018924544276744282,0.010414042225431519,0.0017382210938754472,-0.004163950327861654,0.019166144527986706,0.013826085253417109,0.005084436693263861,0.019346197967633483,0.004322166637018121,0.0016057968412259704,0.0051082960158392865,-0.0001776220692358832,0.01776806836635303,0.0031620582427169808,0.004564965853377068,-0.0024632679984061268,-0.00607372150936325,0.0064248361721805924
2023-08-29,0.013926242493460528,0.016263668693039524,0.017597712338346172,0.01154107817902461,0.006624225523829574,-0.00015725882285377857,0.022071608428057443,0.0008367939903515254,0.0010212656995409741,0.051098683297919445,0.021414392080143507,0.01906914588708175,0.013752395427459652,0.014402382094575783,0.006511857314385416,0.013667390734995788,-0.003564537935823231,-0.01070410951516354,0.023841552038778246,0.03206792333630304,0.018056849356590687,0.008132923109592793,0.00540151340933237,0.027716512722650855,0.01782451104128735,0.0036630305600828805,0.00863171599530177,0.013933607637917955,0.016697414487949924,0.003549946946985738,0.012021769198549581,0.008728950444396366,0.009210004323527476,0.004233286047380158,0.00027403689275096177,0.0034811015941442758,0.013199748159097746,0.012590431603308527,0.011990124161908033,0.002366461686386101,0.005628504583366389,-0.004716614039570355,-0.0003096655889330835,-0.00866639090905541,0.027288752656591697,0.007998039550862979,-0.01642994418376953,-0.002528090765955726,0.02740205842939991,0.010278839857486899,-0.027236551823673794,0.019484003539983474,-0.0018002325730351876,0.01873811704074968,0.018340555573045147,0.0044299264870306665,-0.004548632649329365,0.003437867058153188,0.009776370660116829,0.026532896938155526,0.0,0.006714256841386934,0.023158557111561118,0.02650382420883779,0.008916886069596508,0.01060858700244327,0.013703915737787842,0.02717999788830805,-0.004898887834921206,0.022158979122151257,0.017235235982621555,0.03828485613058774,0.005043332973862391,0.003385869272167552,0.0012030045000845924,0.010672816612779634,0.004616080788578669
2023-08-30,-0.010609125299725242,0.006123067686779615,0.007183416877721616,-0.008724776113747668,0.004575070843272799,0.0022802779642643323,0.029053362248220527,0.0070407309285616115,0.00316783284325739,0.00143192490058075,0.007399587472084468,0.008213299085876313,-0.002491698650313179,0.002648923453703045,0.007265988393250211,0.012808981906162309,0.002937338751352492,0.00825615781318012,0.022692305556652137,-0.01233724464736119,0.01478637379074832,0.008768817694701614,-0.003649219060896991,0.010174309365571954,0.006150690508046397,0.004170917334003876,0.012702498130768403,0.007634614050759936,-0.016093067407027095,0.004819855973838383,-0.008844222410393399,-0.005065467115159539,0.008314753149764043,0.0015632608251328062,0.008172762241210885,0.004391141823228084,0.010747894088821708,-0.001143371949267613,0.005024796731523784,-0.0009590137251084263,0.0011872805739503445,0.003102940008635091,0.011669905815992587,0.008942879396848902,0.008054821012592583,0.004907978301042615,0.008183745698060907,0.011021700932916101,0.005867240732978063,0.0017541951611770301,-0.001689523351244393,0.005594184783332068,0.004508887234641934,0.0021157272432783536,0.01060277438484647,0.004985599597052248,0.012653784699259818,-0.0002741628950844177,0.002519872867390749,-0.02420796614283449,0.006787315940988581,0.0074561790763068014,-0.00565865507251162,0.017998742289033975,0.008188141937053306,0.0007773897715819267,0.010250881208960338,0.025578828807989007,0.003376268311030106,-0.003579958423744034,0.001513817562602826,0.005920753762337139,0.010579525724394356,0.0055945119758422646,0.00309864989344133,0.010462517940621696,0.015005811340800479
2023-08-31,0.021254205256897585,0.002766178113031925,0.002113216961591613,-0.002708254183317771,-0.004866248598230483,-0.0012552242255552404,0.008574123667747235,-0.021061862336322235,-0.003318434653580171,0.036962882315207946,0.004721966073292672,-0.0042502953389734754,0.006383556759055109,-0.038183316284083224,-0.003596871090382203,-0.0053250025603415185,-0.01724693204870209,-0.008576501401256653,-0.005637974405055424,-0.008096200137741816,0.0004047650704479544,0.0012604427649787198,-0.0004069798766722643,-0.0039033916291975057,-0.009084709506840927,-0.0034613163937553537,-0.010875860451951547,-0.003412591679370025,-0.0034390509806351277,-0.0026403836632501454,0.0013122658798372377,-0.0032880269795010353,-0.00502814101559268,-0.002172938725660045,-0.0022190903188797906,-0.010186726541142832,-0.003705661608420785,-0.004006218816922313,-0.011209883527687259,-0.004357189503814918,0.0005082030443446239,0.0016309651171773076,-0.004593766231687835,-0.002358701542631403,0.0032302092485434475,-0.0063491913249970056,-0.021104903285428467,-0.003932841157992084,-0.006832270508855487,-0.001284121350764389,-0.0051982237632868245,-0.004608037810260979,-0.002448353686394955,0.004018299325756702,0.009772886975624173,0.001097145571206326,-0.004512319332492631,-0.012131454402284692,-0.02156372243389204,0.008107939702455047,-0.011984961638139557,-0.0010412881670448515,-0.0009484559383849955,-0.006735457727587435,0.0018047653283521647,0.00038995995635082714,0.0012295685259617883,0.015480568623666757,-0.01040864645877182,-0.005788365462323863,-0.015173540032867416,-0.0018223362026854595,0.0022758693522084705,-0.006358176464463905,-0.011599955288129626,-0.015400325460447561,0.0004831960850837369
2023-09-01,0.002624876133685561,0.01475859907657906,0.008259340870539367,-0.0033943814402153105,0.007146914688186623,0.004477428346361334,0.01164809395933708,-0.0028121451870075642,0.008216570862727979,0.02551028942570288,0.008529100393206202,0.018212247149719474,0.008135741789800033,-0.023001303190704925,0.0021619566268791246,0.003345922486171604,0.0142383416602474,0.028690686793118703,0.019370311357221004,-0.00046639581571228383,0.002697135478546331,0.014324757728398474,0.0068192978254271175,0.0006289462431021686,-0.002913190129593457,-0.005210209297767721,-0.00019147766215932283,0.002155915248263973,0.001094225111387459,-0.0011913012520990973,-0.0019220675271306442,0.002394325420985277,0.004447060024078908,0.007606245563242631,0.002450968444851931,0.008303924824909492,8.086291713982341e-05,0.004884269529760177,0.020491798941217443,0.004153764941289495,0.012190939619506125,0.0017519422283320818,0.013639594908775754,-0.0003791592262409882,0.012031919741027464,0.0056114711879804435,0.0066825994994965665,0.005841727624408932,0.019889103458222923,0.007247121719731187,0.014947062606771366,0.013336538347809679,0.0013907930256542578,0.0032221038147244307,0.00996293553040184,0.011864434283104686,0.0027893916826873255,0.005342313377765917,0.013791331554368957,0.006312472240019185,-0.005054398443543717,0.007148031346013939,-0.005696138166379594,0.009404820156455607,0.006562952895614593,-0.00014612203748576302,0.00826469887921899,-0.004022837784257716,0.0020854820866842427,-0.0018068691047286034,-0.008264432684169098,0.030700532380139922,0.0025595770150375063,0.008620705461074962,0.0014669503248387894,-0.004704937961710454,-0.009271804883357104
2023-09-05,-0.000935006674530392,-0.022155755569103097,-0.0314596953045142,-0.02588556584068602,-0.021973259540260748,-0.011339158832618268,-0.014578204181003196,-0.0037152488582887777,-0.00026637798396622614,-0.08188790832826809,-0.026233996199874654,-0.016139745051824805,-0.004787285887008164,0.0033956256219216385,-0.016862632708436798,0.004891089883105604,-0.023179835019430328,-0.020283951015919177,-0.010670856202205425,-0.025665078116249074,-0.03308672490724507,-0.01754607493540561,-0.010513543194016095,-0.011528814594288783,-0.006960596165077937,-0.020949653904686394,-0.016668654228074398,-0.020501077958595904,-0.009500629389756265,-0.013429313513403596,-0.01190476588535383,-0.014278925311283386,-0.027772146423943433,-0.04501872912107352,-0.016933873672749455,-0.024093193101702215,-0.020293453752771584,-0.021586812125063082,-0.02409641245463423,-0.020239429178937618,-0.02392101015388204,-0.02713528486891592,-0.013961907904527338,-0.006671440586234811,-0.0408573743464371,-0.019999103844314692,-0.025632357272131867,-0.010421883141217059,-0.027625279465273045,-0.021120965131560587,-0.022270091806799175,-0.025540869131492006,-0.008415017668565894,-0.005645902541054237,-0.028043922513039332,-0.01671685287052338,-0.01425592285006927,0.0011733432531120247,-0.017738119315748535,-0.021811762194579476,-0.035560039790014875,-0.02680022200923815,-0.015044824624681041,-0.019163559319063994,-0.0167476014524639,-0.022852454929236043,-0.024316446054145513,-0.010416702145621182,-0.024069130177376774,-0.025140787797879316,-0.02398801756933089,-0.041838943219605684,-0.009182925018157428,-0.03542158402144324,0.0001273356884390342,-0.025000707970787017,-0.04718268582521146
2023-09-06,-0.004492217799637932,-0.0012510626200475938,-0.024023724360290988,0.002097883396577016,-0.0001272455775341852,-0.007118832640802597,0.005889281507656108,-0.02075756042568022,-0.012787090556081404,0.029291154595134872,-0.00035449443780855017,0.004509415737611544,0.013743814879604743,-0.014326035870887877,-0.0020332343775021355,0.005973461354121357,-0.0063502783688049735,0.01660631002645263,-0.00033776326844481286,-0.001197261413373063,0.0005564276662142209,0.008886142779676254,0.00807112994956749,0.0006370805290314419,0.00025957490409367345,-0.003922976227992647,0.003312313303016623,0.0036176100246592124,0.005517371524904835,-0.023642173841616154,-0.001771785691830563,-0.006408216588000726,0.002483978045191071,0.01013586109303044,-0.03647751403012567,0.0002693157072615193,0.0076335649386989335,0.022939866717395008,-0.008176972946398853,-0.003468087097766248,-0.013196154542247651,-0.013105198484422709,-0.009747599628260328,-0.047732421568238315,0.006983245178185271,-0.004364084185547679,-0.013277631258172495,-0.0172589128333428,0.0009918089193690083,0.0004741639670078346,0.01334802776984989,0.0004614901258002124,-0.008239243074933289,-0.003331994435480934,0.009569365774056537,0.0013408818825237923,-0.01810700823108269,-0.006341973416394642,-0.01887299507381468,0.010677132466640593,0.002897096246776254,-0.002924707511744007,-0.02599935611720461,0.011442070658743475,-0.012092075806677594,0.018250745859352602,-0.006950351833895252,-0.013963431188719455,-0.013351296204848984,-0.0026820933534391633,-0.010123853886457979,0.009434368613864486,0.011886389732407965,0.004476058968559071,-0.006750186544105419,0.0007647039089770935,0.0007161772097297181
2023-09-07,-0.003948527946118552,-0.0018093303578620157,-0.004056376464408706,-0.023028606103489002,-0.002928092616946376,0.0012809535348301537,0.011990620883343128,-0.00871756789671152,0.009930417237471012,-0.009817906280463862,0.015070913469481528,-0.005196145520700468,-0.0017625390326371226,-0.013618567165008866,0.003570470206233578,-0.01913355450243326,-0.008072637449758058,-0.01332263116730803,-0.006179209159163146,-0.013905522166715145,-0.014875523835904292,0.013816340257631676,0.0073983895975440195,-0.013271946810991642,-0.000778522627344902,-0.009308995713666612,-0.005087991471265374,0.01248713074961727,-0.0028701362528981145,0.0029351338998637733,-0.00789847118271969,-0.0021136631531838423,-0.004749141395826939,0.02555841899477418,0.0008604654096278086,-0.019475830203152245,-0.023751093264818834,-0.00657049575325741,0.0025865034663365982,-0.0037069774779922016,-0.010073017337882129,-0.009401359602884352,-0.007978500403117428,0.0047176411446283595,-0.016643549056848728,-0.023752904492494675,-0.011238715452782544,0.017349527807426268,0.020973977551026035,-0.016826613218012043,0.003625410800859985,-0.006677030965884678,-0.0014953858681276966,-0.015487436097581742,-0.007755298079219486,-0.0018651820391230034,0.009819222421175944,0.01810615481139166,0.013977186904609029,-0.01945379785975332,-0.06197483227871936,-0.014285697565543098,-0.018018004750049332,-0.015047963566272249,-0.006317456139381505,0.011312426859632296,0.004813199182181815,0.008060978640189287,-0.010618740399828575,-0.013653286001836684,-0.00043123384715848534,-0.016313731566843348,0.0069413462495042655,-0.020280012177040674,0.010497728840610954,-0.002523217785020071,-0.021572457310739535
2023-09-08,0.0027371409888727882,-0.021332877018918728,0.0006479302504971418,-0.0014286041259765625,-0.017492318170477028,-0.002998570498905173,-0.006248222067856246,-0.02212450225308149,0.003206298132605978,0.005101356166336002,0.024628826201266163,0.003020330716948738,-0.007062293392144148,0.0015082120904188479,-0.004763778653531503,0.002017940710022925,0.01559852462859368,0.009976338079270342,-0.029315391881598596,-0.007537092777447296,0.0027519059428675607,0.005621609151367002,-0.004527163793499489,-0.024419287258823696,-0.006666680397376501,-0.014998253193069577,-0.006237701093400494,-0.013858971994484826,-0.024889962521536746,-0.0037496631466382713,-0.0006261953870386749,0.0021725754488970406,-0.011410782464519875,0.007845695507475936,0.006972915015097669,-0.011029805531371228,0.00020981141895903832,-0.001869213024557892,-0.007685728575698603,-0.007213875736790665,0.006140328263881001,-0.0038554786060504,0.000626817179847583,-0.006691101415270961,-0.008638947660152607,-0.004532647479346563,-0.002803487071060262,-0.01918834759803001,-0.026574247392175288,-0.0031336515303788115,0.017579861569532618,0.0002200985128002486,0.002912024503457067,-0.01486489264550328,-0.014618516299718776,-0.010541429872687358,-0.010079452839077185,-0.0036793678476876313,-0.0009553626418746797,-0.02489818572656055,0.010918301014837928,0.0038260767141264918,0.0033978859279568674,-0.014086071791299393,0.0013243609622186625,-0.0027601068367228976,-0.01728971979280891,0.02096393367422955,0.005841253360894028,-0.005033592217505545,-0.007396557946761084,-0.0075752552103591775,-0.003181589582745392,-0.010767728334588833,-0.002868012350939142,-0.002688701008612182,-0.005015648256280647
2023-09-11,0.015530858059520147,0.004559041968850819,0.0015725666624404333,0.007868427321419347,-0.002923922219590702,-0.004691816625966072,-0.007079335964469413,-0.0012306989178155758,0.006765050360010516,0.014296947664065751,0.004773276255950698,-0.0008149136478421415,0.016413581428315283,0.0026645828741642674,0.005493470324885452,0.006936705813764377,0.0076794419004004855,-0.005492347167712741,0.0017764552081485085,0.0004899327167191547,-0.01329965161600688,0.008088715775989908,0.011824217804381698,0.007376853215631307,0.012987025147888964,0.0016510449272968408,0.0054873375627702,0.012248619468480992,0.005122385278063968,-0.007343791703670055,0.022735431988593735,0.009158903583383227,0.00398742066390434,-0.0034190845501216316,0.0012332510025985233,-0.005044157538924288,-0.0017194325652476472,-0.011091938746052521,-0.002491452150267137,0.004742146375529943,-0.0031386090788190213,0.005597313216524347,0.0010438002221564435,-0.005743414890279963,0.007291473048564701,0.008891726618823315,0.0016868212241292202,0.005393663114476421,0.011370972128050605,0.00338523878437047,0.008401286174596567,-0.007404685195532057,-0.005392406657115489,0.005768352862361992,0.01057581987907752,-0.007070270813935742,-0.07882128463678983,0.007591349764076716,-0.011612030523255323,-0.010004632128043478,0.0002768131446577726,0.005813583504274744,-0.004063668273760146,-0.0004396555239328803,0.004894331095798954,0.021656726773893853,0.006801341630536584,0.03598638627942918,-0.0008971192640477854,0.0052698146550798075,-0.0009313874403994449,-0.01097531819456421,0.0025779642597507646,0.0076006547766669375,0.006583601871895883,0.002985833805462912,0.015122875777273226
2023-09-12,-0.006766066165934115,-0.031768677471447404,-0.013946541100534504,0.0014194112045968765,-0.01166504154777559,-0.0007251967556212158,-0.005910266669147846,-0.0017060832174937701,-0.0010582457724107597,-0.03925570575367865,-0.040040699686733405,-0.0008508159534897919,0.0020185914521209103,0.004968183606175236,0.028000401413896148,-0.017333306206597232,0.013585135875139986,0.007791687046135198,0.0047207010059424626,-0.003672883336123034,0.004635538018063157,-0.04259787362991008,-0.00199762866398967,-0.0025251230714736783,0.0018929372292797453,-0.0014651214032005422,-0.012681545108708114,-0.025983898037117203,-0.013906824113685046,0.005132462200555521,0.006476410166403435,0.01611085197242912,-0.002508381626497691,-0.023035779207899343,0.0011842738032312727,-0.0051162877117901795,-0.0022265474057111545,-0.004661315638024188,-0.01227127969425279,7.61177259560597e-05,0.002798733785684071,0.001302679073601487,-0.0012513022879478974,-0.0067275943154977424,-0.014124304111181374,-0.011240254478923628,0.013165303317270949,-0.0021647791414143303,-0.009834832067964094,-0.004819805370877672,0.0,-0.0019450801950645635,-0.0010843284714913137,-0.006329801649459621,-0.0190407946920228,-0.0026823619174619617,-0.017425298945139334,0.008416465322350186,-0.00013821585710327433,-0.016366791260985614,-0.0024916891563702137,0.004401812704809771,-0.004420275244383598,-0.018141714967244926,-0.004738766003709705,-0.00922042141058843,-0.006561698710439656,-0.02084185709819386,0.010680033561779823,-0.0018871913436685483,-0.026850615422154167,-0.003335602686960981,-0.0019999136934573114,0.0003725087808181815,0.006984983919125609,-0.007890217555444501,-0.0007242583795332713
2023-09-13,-0.05701756955109649,-0.016844715905141805,-0.011240217570073652,-0.05669732505499847,0.007132970147329942,-0.0008467284683542076,-0.009767338918359014,-0.010681225089926527,-0.003495714976038733,-0.03381749092330444,-0.02368328314381163,-0.020900566895398653,-0.006043472384839488,0.004483806385394251,0.005861687839701313,0.002035281549150003,-0.0029421398148335998,-0.007773898161666293,-7.457848066971806e-05,-0.02801670303545145,0.0023426783176201393,-0.028477372495938513,-0.022417932441031185,-0.0013669579763170292,0.01580211830631706,0.0033015548554540253,0.0027438693355608113,-0.008500096042614702,-0.02207431842696539,0.010626548809054892,-0.01217386290176159,0.012578514315399358,-0.013411516901473686,-0.010629196386517159,-0.008658673605607237,0.006171132782787803,0.001684196107771374,-0.03805062501130829,0.04089937629077567,-0.0014463594754933196,-0.002616498496113673,0.0002956039712977976,-0.007830457602846841,0.007562963890350716,-0.006446982452425365,-0.004262979836411773,0.010979572379193447,0.005258529052498906,-0.014483806825320356,-0.01574034825404569,-0.02276472998561674,-0.03786566639485478,-0.0038409997641908333,-0.016681898205247236,-0.016595043789955688,-0.0203432910290523,0.0,0.016490457089999966,0.004008920027413598,-0.012487853417804229,0.017207964452675917,-0.005106697366564661,-0.016734930147360494,-0.02239647053215532,0.00026440609383859837,-0.005468722228571088,-0.005630373963847024,0.0050083824632183305,-0.008135760353084387,-0.03802516001293155,0.008111360509238885,-0.02145909091609355,0.004253201696775344,-0.01051947225167238,0.01147679577655314,-0.002301506637573336,-0.01635770790329205
2023-09-14,0.012567996571681395,0.009237055530944005,0.007105006808688641,-0.003756588216268675,0.002426330370001173,0.0019369840870326893,0.01262743680919276,0.003119045941989418,0.0036831682002227417,0.01936062305811337,-0.008689397094950424,0.02406494191299502,0.0,0.028842819037135037,0.016686504809293456,0.012186799460484288,0.017704929266315172,0.014856305517709334,0.02349397355583016,-0.005562509363944312,0.020963135012546097,0.003342167732357515,0.00941844265415459,0.01247207080181556,0.0005072761592856967,0.0021937701052348046,0.019313090490885143,0.005275695301823369,0.0025080507060879498,0.00805683534445012,0.018045783468621623,0.01028240050483098,0.0002123453085109972,0.012771681572691707,0.016275251158752058,0.0050181087002763025,0.00739770478423063,0.0126273263339165,0.007023973582046317,0.02149733455475289,-0.0010492909069772516,0.014247785417906833,0.004858969786806888,0.01163925613948913,0.007209810616696233,0.0065299932610565214,0.029243285599500624,0.01409768363574404,-0.02107083174467317,0.004797620696771698,0.03109997577668966,0.013204096780100816,-0.0030175959835849753,0.0033642595799470154,0.014163010863184056,0.012279715550123749,-0.0007939922675772593,-0.0038405199836355486,0.027812177982385,0.005639822864443422,0.011459764384477156,0.010917097890699612,0.005210097656252577,0.0035510207608582256,0.007538779654933769,-0.025419624563700394,0.008037843035148873,0.0033222559783854244,0.016829304566013503,-0.008080426712910649,0.018309618638124858,0.01336795407916247,0.013335027350610984,0.015994012093994314,-0.0003115978099507144,0.01651214204540219,0.013788006261738595
2023-09-15,-0.012314301272919104,-0.014319473635431956,-0.0017004003652850708,0.0037707533839974605,-0.008046529094481558,-0.012002122680574878,-0.029645607057629864,-0.004496543543094367,-0.015369953800338787,-0.052286585209930014,-0.005478469082503601,-0.01206828981265462,-0.01175520499216598,0.007231087725425356,-0.015858474296575054,-0.021627590613309766,-0.006121144687907809,-0.007045253939233165,0.0010444736413572908,0.014492747984724552,0.00201162719669834,-0.02030156888893575,0.0026369744654750615,-0.014221339265934052,0.0008450532159163249,0.007296560042157507,-0.011477259760913738,-0.003017702545444978,-0.0022337384211051914,0.011695135015983071,-0.0013835317183762408,-0.0026865558496740327,-0.008706742105419774,-0.011640574813793658,-0.006011341787255597,-0.009523823002136611,-0.005674491947452731,-0.009915766093312905,0.019299376653091782,-0.013283616845934487,0.00017506551247992164,0.00676144689361724,-0.0114579456175119,-0.004320412101512794,-0.0216535453330452,-0.008421059827954158,-0.01243949644259057,0.0027062939654944884,0.006437652268149074,-0.006856042061745837,-0.007569528453837515,-0.007743337626447078,-0.024970550120453128,-0.008632263502106996,-0.006685502475086147,-0.01750582409153778,0.003973523147090541,-0.0019942048050888284,0.006028081080903247,-0.0065486610143908885,-0.0010790946968874948,-0.01322414455871046,0.025915731417059495,0.004109117596693412,0.0003937879475444106,0.0021777016355533085,-0.010776548699953592,-0.016556275705983503,-0.011033820735999678,0.006164742520522237,-0.0014930364663952034,-0.0028897765163389266,-0.011429075651593013,-0.0027779990849909897,0.0008106743761633339,-0.004509778714789969,-0.007994169586919453
2023-09-18,-0.0001979155148433831,0.005841078979704317,-0.004731242702887717,-0.0150263528650747,0.005539771410094652,0.008030654762947842,0.009553299538211046,-0.014367428208134525,-0.0009721827617521495,0.014696658110479932,-0.0012852782998652446,0.006412301315415814,-0.010937969078942067,-0.03004199256731299,-0.0006795103628893795,0.012534166446504402,0.00810371906743268,0.01261844427105796,-0.003081670649311641,-0.025313330688488622,-0.006368920288148727,0.006938017421311393,0.0075864870784005944,-0.009702339212621203,-0.0058257625459148255,-0.0056138895630346575,-0.018812957853355683,0.00618505197852115,-0.014954761317527487,0.0012496769435392796,0.009351446829245269,0.007356089999397408,0.008783215295857127,0.013740619323313608,0.0029766584138768426,-0.008775173524537716,-0.002517651602765403,0.007435510349287355,-0.00010293533323779691,0.007563187967907892,0.007526702462854251,0.013953293239236553,-0.004997924044449875,0.01370118083661187,0.006402053324986889,0.002513087672405989,0.0004901178399354666,0.01621726266352108,0.0005858978358548317,0.003328354101746589,0.012555654430752794,0.009537900056104442,0.002931734541315789,-0.0065486727416559365,0.004038299546666124,-0.0077293900242648705,-0.008179419578571823,-0.007859204643782425,-0.012649695558100582,0.012377313158850933,0.031596039493368755,0.001036655144343701,-0.020545664342950576,-0.010458085275597329,-0.0010497212175564208,0.00612369269481805,0.00623337200924845,-0.021254253503809828,-0.0007970002292454481,-0.02341355967092107,-0.012773415628114404,0.0035618384554716442,0.0023203654364076787,0.0039000471976167184,-0.0040503750055495,0.0009954931822222512,-0.0007325919294725036
2023-09-19,-0.008016589845775579,-0.0022334699766186628,0.0062749402279158595,0.006102206392149645,0.0012461521344064863,-0.005823344981306322,-0.021039435959846586,-0.0031201219036827155,0.004325191867171396,0.006970752786227052,-0.009928369525362468,-0.004520491197374965,-0.0268177344514956,0.007743073034189196,0.0009908339243467346,0.0031510103238088227,-0.006109335523527881,-0.015356202277347575,-0.0295735731673622,0.014399595842234936,0.0015327345798792358,-0.013643551486944516,-0.007930952357653842,0.007950774081473932,-0.003227122873229682,-0.002003282817998997,0.0027677530662701955,-0.010332201084309656,-0.0007272893732244157,-0.0065973864334128995,-0.0030882473124966836,0.004576789443690998,0.0006370628677090373,-0.018145426992349112,-0.01582817899368183,-0.006828009773821475,-0.0007993508585425468,-0.002409938810659318,-0.009725242192499595,-0.006830920767309734,-0.005211952651591467,0.00576707497057205,0.0012825119856574307,-0.010584767695744901,0.007997111699221016,-0.0027228287317252464,-0.010875406330512316,-0.010328701323152889,-0.008686275546000322,0.009706375688110613,-0.012979472623089516,-0.010483529794423796,-0.0013755796502528117,0.0029337190610105868,-0.010278514777938286,-0.007941233451128848,-0.0013301113241125373,0.001946763903430293,0.010114651205683112,-0.003359600335970603,0.00026176839943103936,-0.0022631470956043787,-0.005845975769022349,0.0034461752645225108,-0.006436361427420989,-0.0030432106605183806,0.0005746903657473101,0.023220852935500247,-0.006474241074234222,0.013667949714376348,-0.0027140316752976013,-0.005665565190249078,0.0003655188052289482,-0.0003699934532008786,-0.001001014051583815,-0.003963639172595901,-0.006703099985329364
2023-09-20,-0.01237160206571708,-0.009849357452400231,-0.015022704389249908,-0.00985588816545091,-0.008188118183450888,-0.008013341581798228,-0.002208032097663404,-0.010318860790485607,-0.006836675263410141,-0.02192132116870993,-0.0003713414058940101,-0.0037902332502698366,-0.03011367472488935,-0.010395439986971344,-0.0013779563326908884,-0.012340122073736914,0.012940831836492084,-0.008010922049050295,0.00912993398988804,-0.014448664260964028,-0.0017390928229608082,-0.006985591181681627,-0.008196676112192214,-0.01094145953499881,-0.021555845074396007,-0.009489060714638842,0.002120112261511098,-0.008193351259033643,0.0027292854508305098,0.01211575386920627,-0.011702955637595047,-0.00465831408770534,-0.01230897749162052,-0.01237363642752709,-0.015986979593892947,-0.004599169891054133,-0.005557437707380486,-0.018269787631996826,0.006391285166036598,0.006499931650822743,-0.013098216090986492,-0.008459202336136173,0.0017077439598331967,0.003856001654585217,-0.016047627017558908,-0.012828355955447401,0.016740027685155257,0.009656621595030002,0.003938179817604803,-0.005840866565016922,0.0009393498413563517,-0.003191124369171794,-0.004304798051610659,-0.030443032543507886,-0.00481632399069809,-0.004486874816628683,-0.008657494612738015,0.0003350003392212919,-0.007610185385558688,-0.009000501626422741,0.012300496427961827,-0.016801316909137887,-0.01349010643659132,-0.014195688815950236,0.049312589912053006,-0.009206798493160195,-0.01865413472899058,-0.021853349699365143,0.005713668786905934,-0.019451835443545007,-0.002341562295991362,-0.00669546207547711,8.126564984101137e-05,-0.008605549453097883,0.0023799105266490983,-0.008783585723977416,-0.01339086105632814
2023-09-21,-0.015153045271877552,-0.01778446684205237,-0.003836942505587415,0.0,-0.002509752494031181,-0.021117760236787575,-0.03550529138921088,-0.011958285454046425,-0.005366217141232199,-0.04828567821811525,-0.023592793529006673,-0.023617237472999042,-0.033538385419855876,-0.009477031565792937,-0.019629644428873494,-0.01999093727769441,-0.009262235852949718,-0.017139194354974463,-0.03651226869986024,-0.014917678214644625,-0.013519165428963476,-0.018635055117874222,-0.01550871226169237,-0.042552080232067024,-0.016022280712656767,-0.003316152881286283,0.04522592338445475,-0.01505677191896826,-0.015968083076920547,-0.016271295292269228,-0.01619505641888408,-0.015480400373310443,-0.010098819591742858,-0.019420851539590056,-0.014981985035030232,-0.015004335653507006,-0.017315776323231336,-0.015072173024175406,-0.01920687532976184,-0.015393884648846168,-0.02282770974571946,-0.004065223959145103,-0.015450192769499993,-0.022040032630570527,-0.017958556269868975,-0.017824212550903384,-0.01953327149452999,-0.00697443780389051,-0.01900072317800483,-0.009424633592216791,-0.016891594059801007,-0.02266556422945265,-0.02023348445421469,-0.025290560950963825,-0.016031523908390355,-0.04496796600560904,-0.024049433397529962,-0.013060946659027572,-0.010493759602200448,-0.02184670837930147,-0.019131467949860426,-0.0023071019598863707,-0.00841515594738329,-0.019858309706961452,-0.018268948239630545,-0.0160007930593008,-0.013483839634973682,-0.041890457462928854,-0.007418531884434865,-0.015103741533453285,-0.014019380293231909,-0.027431225272102955,-0.021921891819769668,-0.013720416917761047,-0.015994974430346587,-0.003693494196633118,-0.022977489527297057
2023-09-22,-0.004615810191220482,-0.010127325842083423,-0.00028886066407274313,-0.012251209490475756,0.004171385220270718,0.0026390809961023276,-0.003620082068990005,-0.011202752030823104,0.00408722883980861,0.006775737213435162,0.0058980084287969525,0.0037863991837669975,-0.012577575822530052,-0.00945251259030977,0.0006344180527477761,0.0004636174790597636,0.005802773329417477,0.008609780224402508,-0.017464728111343808,-0.016449106450658557,-0.0014834204612061974,0.009541947398273187,0.0063219053196066355,-0.002794553873249561,0.008053169881356625,0.002033347963139809,-0.002902491304060173,0.00487013842539219,-0.015766172772515352,-0.015954624500514214,-0.01539957675133019,-0.008619352194370045,-0.005860673847358444,0.004532637496194036,-0.007012306064904106,0.0016442529418361218,0.0060315257462211225,0.007182897850910308,-0.0024742053543742593,0.008389325132085679,0.005469437848509839,-0.002127184090523593,-0.013744644151603702,-0.00931652786758197,-0.009330105440708558,0.0020561280206241594,0.006061177996883993,-0.027933452340172304,0.0013245816784015485,-0.0013592671921742738,0.013363734060030996,0.014910472636484595,-0.0031771176956472136,-0.01731062335119249,-0.0012296504269413422,0.010618296356870838,-0.014592439787498135,-0.006718619261696479,-0.008565634474148376,0.00867569758048381,-0.013442182243390666,0.002821983534716521,-0.008132958960216818,-0.008293945626724253,-0.0016682766048445874,0.012271410524473225,0.005374712520789471,-0.004260059040567699,-0.01021753573219597,-0.014190866362393084,-0.010615644195055673,-0.005622572538107717,0.004233608426450486,0.004826399792965175,-0.006476596604960139,-0.0014359711765855598,-0.0056880249554716045
2023-09-25,-0.023186313045372664,-0.0006200424380905512,0.0016374730069235177,0.0007752115641515012,0.005604580971008577,0.002799212495401271,-0.011155422659950065,0.005411926706260228,0.0045589891887207745,0.010259356841520795,0.01342922581483097,0.004431208921867658,-0.002762435467456137,-0.003956689763086163,0.0015255172275010498,0.004865595116197552,-0.0016025990998208561,0.003163175894683734,0.009242034235345864,-0.002920058931267566,0.008418718085676957,0.01523559844704847,0.010298716039546463,-0.007814153479201336,0.017206564872598973,0.010699170692801463,0.02045268192407912,0.007269802692649874,0.006182704094701341,0.004534201016338724,0.004947422179820027,0.010960102841443664,0.010916994704837313,0.023639851595762318,0.00124328724078282,0.0029450428621782265,0.004111205314666799,-0.002790669608074503,0.005118974981299429,0.00037822877695425916,-0.0010880068108028995,0.0033991983478363075,0.002523901794404093,-0.0018131241298274814,0.0035787731629060016,0.0003568745163271547,0.0018766259588793854,0.001576879320635216,0.01959266763623324,0.001608507021128469,0.006240346972010258,0.010870229654755148,0.012394867817052457,0.00451086098209319,0.009695315990596587,-0.004616570138308296,0.0065660727105072425,-6.834403146638302e-05,0.012753701894058445,0.010875790931685447,-0.0045419152578271005,0.0016806803414195493,-0.019607835088391923,-0.00023883611308705976,0.014011964287448553,0.003591921320066138,0.0045435634929056334,0.01125872555095575,-0.0036322345304429238,-0.00325050825726525,0.0034464806686083094,0.02430246052139018,0.003058549907203334,0.011678280061397484,0.004409755849171582,0.012340824444136755,0.0009900991766464973
2023-09-26,-0.00960019961037717,0.015511034934993617,-0.0182710076229603,-0.016266463255541264,-0.021244468468403443,-0.011582347798924086,-0.018784955390310776,-0.01579635480899033,-0.016316336883485993,-0.009586422218602508,-0.016050796504882392,-0.017318715112571992,0.0190827608450288,-0.007477530765028995,-0.052718002994460056,-0.014756730583590616,-0.017014449738899318,-0.010625868911889103,-0.01238325848767663,-0.021033036215063805,-0.0192225769065848,-0.022371431801011754,-0.02548425594131143,-0.020368283624008887,-0.01613879963728926,-0.006023081087897619,-0.018916653000394135,-0.02084997419135637,-0.03900942462107315,-0.005243253492230204,-0.01602222305133172,-0.020692177066527706,-0.010583095863794911,-0.013319771920024204,-0.004569646182765008,-0.01891795813159658,-0.018680459382750536,-0.02378731083183272,-0.020896833688964778,-0.006879982097852455,-0.016518387276521107,-0.003904504910469786,-0.004159321060703491,-0.010050813837227834,-0.012199637044750689,-0.035717428925846395,-0.022722831106123165,0.002373186299408303,-0.02325519137766152,-0.020506427196950283,-0.018722226053599078,-0.01946310441666821,-0.014254476426693197,-0.01827194540099286,-0.024691363067052885,-0.014553694806833106,0.002914566807134422,-0.004578208186788668,-0.030602630125426966,-0.018880564089050478,-0.0026837235405005044,-0.012993123607477175,-0.03418184193363216,-0.01864249807376861,-0.011029345607446506,-0.01923739196951957,-0.010021073246537116,-0.014250710127430954,-0.017459716499307,-0.006522217034858002,-0.015617962667913043,-0.013811908833536335,-0.005274235901283286,-0.018804652954295897,-0.00941722384639887,-0.006319823657906509,-0.016155680297082586
2023-09-27,-0.00447376638762409,-0.0003054753261643173,0.011754371224783178,-0.007086626294453335,-0.0027467177506135254,0.022719631320661016,0.02658084104165992,-0.0009200198136515292,-0.0046685293657019455,0.011483831141246181,0.04476477197314721,0.011835905520808598,0.012231916998825199,0.015774073256003662,0.004615032733605862,0.00748887662654707,-0.011103846586576371,0.003929297612210059,0.012459421177210439,-0.0029915316402717718,0.005650824734057647,0.015587201010331952,0.013179951252564992,0.0019960030777894655,-0.002982442181736489,0.011017260582934174,0.005049793528442592,0.0045044598865657814,0.05493119649186817,0.012925160016576953,0.00873281960973915,-5.3179640088996116e-05,0.00589393681235606,0.02334079319947513,0.013871544142476377,0.017810759330357362,0.010039536497880919,0.0076445738074442104,-0.0047726254533572154,0.036693050265399485,0.006644489067459736,0.009914745419440152,0.011101244273403088,-7.338835856107728e-05,0.011020294607387848,0.01771094938188389,-0.010339422478979565,0.024989499184355335,0.002205436734198818,0.0007566833925385374,0.01132838243509715,0.01880740788609736,0.03362315704878438,0.013722370286027186,0.011407988732897945,0.028509438113337282,0.008580127671278692,-0.006521091845961502,0.021651104268816113,0.020605629677821424,0.007534956008042881,0.003992719002289036,0.009412666598266783,0.009498321476718141,0.011921547052232917,0.013988770122111971,0.01084633133669044,0.019652110297916137,-0.011911771271458926,-0.01453699236577588,0.0033575265221932327,0.01948862669639695,-0.007373370243013433,0.013567341354659312,-0.008093444373046377,0.021268094600624732,0.008824836122034885
2023-09-28,-0.002139930634672549,0.015737313541915654,0.009391008411772761,0.024583697704745555,-0.0002686829903133514,0.0028025602474528455,0.007346560387414103,-0.02573423649498463,-0.0012140574647666602,0.02359908944711986,0.015613614389740516,0.012944105795309468,0.009697173470330833,0.009850410974963308,0.005841070009593441,0.008826970379783416,0.0095772353550867,0.005914336261507058,0.004490850360221232,0.007910467478168925,0.0007113163459080418,0.005458103878496878,0.001548706400289701,0.012616199106941783,0.0065106231660114755,0.010715601905712857,0.014198258813774789,0.010599284357577954,0.0008265586168578754,0.006289537096015652,0.01307601305625461,-0.004098399493631,0.008680460312674887,0.005694278538912911,0.009203171298391988,0.0078094679589209015,0.0045455592889380725,0.015805199236770706,0.004256762297530692,-0.001982549210926554,-0.02475247280706272,-0.01632420046310601,0.001630696034397472,0.005480467337678041,0.02086074138315408,0.01358598304519032,0.005911720026854139,0.005168790489571196,0.01540416079636886,0.014114720381716461,0.010612053541404265,0.0033750338490077247,0.00523557203526015,0.0014780757060264271,0.007725659930186701,-0.0063117055244291675,-0.012074606322213577,0.0017273130122619218,0.0008203377445286097,0.005653090813942718,0.005609030504333035,0.01445055448219601,0.015292775402486969,0.010373980107221792,-0.0031668963767801372,0.020643817541994958,-0.004050131294975223,0.02215330114136682,0.008448676726254156,0.006661970072006307,0.020274248608868728,0.004482105922082313,0.003797473842990007,0.00505479466653469,0.00012948567397286226,-0.0017997416656319043,0.008194094552890885
2023-09-29,0.0038601854218525133,-0.005264889311063947,-0.0005755228902751819,-0.008513905265300825,-0.00712278302633762,-0.011220237678370104,0.014840899810969477,0.006564092044724301,-0.010773455477530836,-0.013706253685646708,-0.013228359870352757,-0.011728870776098521,0.0025117932650529085,-0.011590568268026291,-0.005951811915282823,-0.007828693304139156,0.005888129422647381,-0.012321093239719416,-0.019104361447601748,0.001353219479030665,-0.008387240109144822,-0.010439358019534994,-0.004535689180684255,0.0009835623787306513,0.0020104544705714655,-0.018149151077684778,-0.005704864273415544,-0.002823672672534472,-0.00018355911033896,-0.006385176169592888,-0.015933729775506444,-0.012666368516086157,-0.004948302846321639,-0.014154948713541837,-0.002340750448214912,-0.004974666167167241,-0.007498438871936686,-0.008557581180861584,0.01148196369637633,0.00434104725093265,0.0003760088855657706,0.01032836732443232,0.00021711093396592496,-0.004866645885398646,-0.016016183818270968,0.000448295745696603,-0.0022799543868975425,0.0015699493293974687,0.0076099874295352254,-0.001988391987104876,-0.008050512556652678,-0.0074153333575274205,-0.015283476284812192,0.007030245437942728,-0.0072063706537645045,-0.009373054370360068,-0.00041673209239534437,-0.013396076359935116,0.00109288712281419,-0.0018854419235383446,-0.008499362466438565,-0.010013994466488652,-0.005510606947215502,-0.002148995883878846,-0.006989519793456522,-0.006268635117418375,-0.006176505425765422,-0.003250925729645582,-0.002351617173774301,-0.00023640122679791098,0.002379358521289232,-0.008143284200406775,-0.01787636648126656,-0.010245051754718792,-0.012949966467056373,-0.010030628447845191,-0.0002196688993646445
2023-10-02,-0.03631706077659591,-0.0012097063517813034,-0.010268728090342183,-0.004683873352948287,-0.002300962502772008,-0.005029527520744259,-0.014272131857281933,-0.020085512269601646,-0.011505129750085885,-0.011968815883506179,-0.011594257780872863,-0.004688596598663497,0.0011790984945299066,-0.005572875998667404,0.008024776910553033,0.012299809176608889,-0.006829231190843221,-0.012737515748694417,-0.009380452194058697,-0.014864884704274828,-0.013117419982036638,-0.014253577886019664,-0.00890543754482942,-0.023201164694144683,0.0008724033748996884,0.004026363762499985,0.0007171272226054182,-0.006202849301929714,-0.02624817028618287,0.008869947795434818,-0.015920401720443622,-0.011529709804411592,-0.01794598905844136,-0.013241377152503508,-0.01256236354488538,-0.005960978166673958,-0.000998637621962284,-0.0018832799959901392,-0.005834957918721906,-0.015677715988194674,-0.015598539667561861,-0.014702435943171221,0.011284659702847755,-0.0027875511876496173,-0.016276877276722446,-0.008065639042171169,-0.027573209659917608,0.004611701370898169,-0.014542734893088993,-0.010085866651862618,-0.0030580638533781457,-0.010987942159604525,-0.013439683690266047,0.002969988711707394,-0.018378398703661092,-0.05575458539536149,-0.008753634176880576,-0.00947296335584713,-0.017057823861285293,-0.006716266284596428,-0.019019627898969715,-0.01293815743716542,0.004432956137546906,-0.03421871311755409,-0.01087791958994333,-0.02370507394791499,-0.022238575379025738,-0.006740625396327471,-0.004861789143528972,-0.016075657622707684,-0.0050682143440775596,-0.016195466930587266,0.0004656251986863147,-0.009692274020699276,-0.008068762740462532,0.004018168509985376,0.008678449605728389
2023-10-03,-0.0158501336956961,-0.01029518998019019,-0.0033936927959477003,-0.03607843436446845,0.0036630139161974995,0.004386503283881016,-0.020851371221806247,0.005803100288903851,-0.007119079798725836,-0.04731707068962776,-0.019061569223550845,-0.010120737854612205,-0.0080966148871916,0.0007004797186664913,-0.008249631520202638,-0.022925264201898776,0.007531083454634713,-0.007315473996677646,-0.0028354414864408817,-0.0331960571679788,0.0007264619811000461,-0.005660156967577712,-0.008985537160756896,-0.0016766149465472502,-0.007147177902112167,-0.012212914907069217,-0.018558272540906584,-0.004613235865066456,-0.027803930166518498,-0.009823638763003406,-0.009467751513048017,-0.00804999629754799,0.0022017333563697505,-0.01235207088132273,0.001039644565960396,0.0007737947816890411,0.001434347164019023,-0.011792453962200189,-0.0032547206343706003,-0.009005621985082923,-0.007827417269814951,-0.013289873131707264,-0.005901289977417901,-0.009783739408372405,-0.01768730221718018,-0.004381779791340579,0.004804165552194872,-0.017887039232080904,-0.008234329491070502,-0.0012578719377673853,-0.008494482660329594,-0.008540034107983097,0.004042873324158425,0.005768324526822299,-0.00550663539084717,-0.04115718786193556,-0.010653123691723998,0.009492741520929604,0.024850763196803793,0.0013030229917407876,-0.00955761030564084,0.008698776247788365,-0.013975752353747817,-0.028617458122787487,-0.011256338009256184,-0.009288314519590668,-0.014714078715139856,-0.02561300297342628,0.005625729302572768,-0.026189336390223916,-0.008576226370806017,-0.026087745520613326,-0.006769660357178187,-0.007031509617130616,0.008927905551538329,-0.010926778569745665,-0.01840565312558906
2023-10-04,-0.008672162125670346,0.01330879694662479,0.013037559004138277,0.035801430573557225,0.014598477567123513,0.014807395690810354,0.013277116964347746,-0.011592221377473177,0.0211688434662618,0.02526027544601317,0.020366194317290143,-0.014648560234353236,0.02478488967666337,-0.00233341754730354,0.006384292750218679,0.026044125719608013,0.002599929725576988,0.016793240021533595,0.01132036218257082,0.02326899418845052,0.00101604169894709,0.001387167357209007,-0.0020031039817709484,0.0077254325920468325,0.012553709464520058,0.015316469625341611,-0.0005380775288877926,0.007906159403275659,-0.013960275522099441,-0.006387630931655952,0.01011501223304534,0.007508041606725024,0.004393624973815902,0.005336574613572065,-0.0028187449077965443,0.0072484766831040215,0.00720453976817792,0.006523443305638699,0.0027300346717595847,0.013668794954756258,0.00365590232814883,-0.032490479039467,-0.014247139590369717,-0.006190713868310271,0.0123910427942453,0.012431941016658454,0.0028064218253505135,-0.02767607892785484,0.008227677325926885,0.00831227566479642,0.03129457259260926,0.006911868524307918,0.009103651354059217,-0.0014146337299523193,0.013447220275131455,0.014052091094748365,-0.006517433852434751,0.004701738373387165,-0.003115764855295189,0.01575690062119639,-0.008547049158863507,0.007639271157589667,0.014546843971344314,0.002678195574934872,-0.004056429517177884,0.02104352486374461,0.011572792050214442,0.009660757613818127,-0.007409940239769819,0.021712338875389925,-0.00019519007084978224,-0.00424923109836195,0.022065988180494767,0.0047846515613712,0.009176815366970237,0.017175360258148142,0.01209369255033188
2023-10-05,-0.0021586130712922813,-0.0025664149704492933,-0.013157880219576756,0.009426617717876118,-0.011390834922025306,-0.0025411608663618024,0.007707723114411369,-0.0023563565119353314,-0.000724399904608708,-0.0014150005810634747,-0.02014284846799952,-0.015960445650791244,0.02331644517299658,-0.013565709419082861,-0.004318735077753377,0.007088986428906763,-0.014262562929731826,-0.009839257705636872,-0.003474803470367438,0.010537916864645114,0.0028277272727776914,-0.029425843465688994,-0.011303625512980253,0.004222015063375162,-0.009797101480130355,-0.0021810110735219768,-0.0034223930575861816,0.00892617140439178,-0.005702505518390355,-0.0057795263455062695,-0.001194257380981223,-0.013588998275408826,-0.001968457407761748,-0.025661931614620714,-0.00674437989898613,-0.01583192097748809,0.003274880411967329,-0.006955392356270518,-0.006512916375058464,-0.004297199072595181,-0.015912470733432382,-0.015264422153077994,-0.009635425398507258,-0.009916988405456628,-0.0013386597183747684,-0.005736330651807897,-0.011764115588761337,-0.005257020534130019,0.00029762842878855444,-0.011491304232171928,-0.005076688872122204,-0.002366158015427944,-0.0035565463863688196,0.00547533184955995,-0.019512901153900475,-0.02049492282018306,-0.010553386375013019,0.0023050097741310616,0.0024460686446849955,-0.009141280121137574,-0.002780743537380559,0.007854982210037553,0.004411698614029458,-0.014500054192359113,-0.008014752904688671,0.002145850442796471,0.021030816933737206,-0.0073430802501470716,-0.008058566543445611,-0.0021733917633306454,-0.0022117826029800502,-0.00759166314000892,-0.005418143322685087,-0.0276190072142255,0.004936351007378104,0.005323142586296292,-0.01183951108733261
2023-10-06,0.006489848285215816,0.018465354690650804,0.009148409351442233,-0.0070039027172073,0.012195876716502907,0.012409650493923952,0.01830603399478603,0.005851154844401574,0.002063353355927111,-0.005501405813068239,0.014389853604619196,0.020092065797040037,0.00948200020126233,0.006046252138383057,0.02367958933079395,0.017938258381116734,0.016441942372642293,0.009759567901929334,0.007586041982778902,0.015367735031362573,0.004193533921252657,0.03450146038186852,0.015493165534853581,0.0080212108383515,0.0034147641331445655,0.02222218470336479,-0.0048619443944244445,0.011528135283058738,0.013744679396809234,0.014717427642012781,0.025294348336394323,0.025774897568169086,0.007231996561460452,0.03342352822846206,0.01113391142063147,0.004094787900999375,0.009534825664630153,0.00955106281320628,0.002847954286762544,0.023885740158859914,0.01987133174820821,0.016183069179338982,0.005859627270522028,0.008506365270775085,-0.00038303933822081415,0.004101699132503356,0.0043001674517022526,0.007546321527475586,0.025143861437317616,0.005054375481748696,0.014496124201693439,0.02095494554994981,0.022024874845659292,0.029245933652260803,0.007801271212627858,0.02663028126487843,0.005621102280178203,0.00620207717365262,0.012606749823221408,0.014502369068928544,0.006135015189355553,0.007018114841814249,-0.008784712278388174,0.009034506814800114,0.018543024134010544,0.017328953235834055,0.013290724288392619,0.02622726189055058,0.009071053488326486,0.012100677727319376,0.005802594822332585,0.02938729427922837,0.005615357638482754,0.008129264784461299,0.004653534912900437,0.01960003974504998,0.00920790999676635
2023-10-09,0.007352952134409119,0.019913731882134522,0.007329488717273014,-0.040752386241080796,0.007322652180685285,0.015423250736628757,0.04561843139493216,0.005923794329313559,0.012298861463814648,-0.005615607934416955,0.013632982048728204,0.019771388314134386,0.024253409268607085,0.017558349761327197,0.018164851444770758,0.008476405038974066,0.0054998349547970005,0.002064865314666431,0.01162356577605883,-0.046486559808474937,0.010655895508712154,0.014701017265993155,0.008733128284674319,0.018000212756175804,0.01928441118283719,0.00623675070697316,-0.008452838398873896,-0.00013260511865875735,0.008973915611243388,0.08429568555211775,-0.01085496643581485,0.010072575339013401,0.01000874400407592,-0.0024256597816411096,0.09342282562525561,0.010534951768397915,-0.0024250697310338465,0.010722162205742514,0.016717520527995022,0.018023246188736408,0.0051576072928325445,0.0995790216564838,0.037700641789501166,0.08933690326090926,0.00019155633203116196,0.011491716410647612,0.022139815139364583,0.11428501725603502,0.021164912542041003,0.005154546339728006,-0.00045722739873688134,0.009420038353811888,0.014991543765727755,0.020016239291481774,0.006161113020827447,0.0068322329726038245,0.04615169725057666,0.015444237723512,0.022757713547996383,0.0005511993762510325,0.008591951308313028,0.002733997784741371,-0.021418030623730933,0.009465309552859846,0.030038966433849845,4.893621804713533e-05,0.01997462370089753,-0.0072083448046454945,0.00908818754651608,-0.048780510052940596,0.0004537082039830498,0.008862257946863572,0.017085464124078298,0.004274823349713852,0.013124025003287354,0.013387896512736086,0.0013190883792579822
2023-10-10,0.01785507293798383,0.009179694764482216,0.009765505279313302,0.001634024357652919,-0.00026431502715262845,-0.004117014138487418,0.031032976405838575,0.026738782637022007,-0.0023638646689793097,0.037929872076454485,0.0072700837836701115,0.00704027403994778,0.01765673362489184,0.0017371366959400003,0.00880092659800602,0.008847634018561257,0.014800592944959945,0.004866507885098903,0.020629884970314594,0.015589699595386586,0.004701827380442003,-0.00018754613232607742,0.0052154233133352434,0.009487893250755386,0.00770483449393522,-0.010979380491451307,0.004184301345956154,0.013519011869732145,0.038379747940860076,-0.007589724886869154,0.011064791636100857,-0.0009650873400751658,0.0008617045972989512,-0.0021397590418902324,-0.00948338951880312,0.0006725957349620337,0.002132377224426607,0.009204434501312697,0.00938075520826831,-0.006068011232975068,0.00019007747408927855,-0.014649594059299664,-0.0012711008828373282,-0.0032757953393246497,0.008044486018698782,0.006124378054388924,0.025849272218371855,-0.013761384744009342,0.00696398189662828,0.004377772158656867,-0.0076625146036347624,0.004678651475127138,-0.00612629263284048,-0.002502794317385648,0.012403890077657298,0.021507873058049354,0.004932220273056398,-0.001568660043365755,0.0032722240264517755,0.004234548974450192,0.0063203454820501825,0.0012286021023324434,0.005660328852773677,0.03408514336377433,-0.0017674130650988662,0.020752812027499123,-0.0010149516899927713,0.025962602538347257,0.010034254165805168,0.015334354677482676,0.007839871026865008,0.026833475975041043,0.0015569033818403355,0.015188099953343137,-0.004000467793106255,-0.020705079835155682,0.009441195253941048
2023-10-11,-0.002758135537994977,0.026422084186892514,0.004740662792394046,0.01794447873142957,0.006411914919582928,0.001244307577799253,0.021877499469319606,0.013124624404191376,0.005069658730395998,0.020708161965218963,0.011187342344213258,-0.001390890542707801,0.010221952277443602,-0.005895969249641531,0.011586139362782966,0.011839528794147514,0.002219391733503162,0.003708522363757627,-0.0037867831081573877,0.006996813932686585,0.008154290841006606,0.01233345333460445,0.007471110075071952,-0.003524489088680416,-0.006031716333380399,0.0028648672496485172,-0.005179298400651566,0.009023111259300887,0.0034446988601866124,0.004690077402878856,0.01596693825273987,0.005688544331635903,0.00021526122348092258,0.009259813324186572,0.004376784387918553,0.0035528013039896056,0.006936794525509438,0.020095835232672554,0.011643042217348132,0.008044285572631926,0.014820379176284648,-0.004223681058260653,0.014317455407146129,0.003562337048510056,0.019000583305231578,0.005248904189344428,0.005926055742499825,0.01773737767115624,0.0015290802257998948,0.009215460459159885,-0.0010371796445106662,0.025247967599707266,0.0019421325647817067,0.01123634116022365,0.01736971850260205,0.009514176303161204,-0.0005453813326186108,0.0005465054033029215,0.004566272223355927,0.02817958787866548,-0.008192192584137725,0.0018025822479701414,-0.0168854815966325,0.030143412817010606,0.008726471909904054,0.01318629606599564,0.003255645382165273,0.00021441821368606284,0.015168325266145866,0.015102763544678321,-0.001607165931496235,0.011584676729199828,0.004336226171836488,0.007623402462133333,-0.0010839186080281449,0.004796914111767858,0.004567811843978475
2023-10-12,-0.01515657472916565,-0.01631723574542676,-0.01915633385584581,-0.033653777085345005,-0.007422066941948358,-0.007255768501188142,-0.02086361971768469,-0.02432806698769241,-0.00641475998814145,-0.07367333882062155,-0.0278373065258547,-0.011802270619653221,-0.02755957499671402,-0.0145365949156111,0.004838866330250102,-0.0047670902151488725,-0.014236009693468055,-0.010910702601236943,-0.018183583177619034,-0.02306831647907892,-0.013785350387215178,0.0073192264265695695,-0.01071162877800047,-0.029582029289556444,-0.0020513033082414367,0.07516512861969904,-0.01338767966670118,-0.015163372061195224,-0.05891629751382821,-0.0015981364486641336,-0.01704042451626453,-0.018463173492469287,-0.021949618513312896,-0.003637801447958444,-0.006763496036183758,-0.013292405012591657,-0.01217195980923147,0.0010607175201229335,-0.004541601175707233,-0.013110173562658756,-0.01965919026585017,-0.01707951605881708,-0.011815097565409438,-0.005748276520080031,-0.03747910585013314,-0.0017551120836745149,-0.005049563289957093,0.008323310590088173,-0.0039694383952115775,-0.007403717313986591,-0.0159205719172425,-0.001031264907996765,-0.0008427996837443441,-0.03434137219665545,-0.01692085274309829,-0.007863008777537761,-0.00013628868711634823,-0.0032770323552857583,0.0012986904256913068,0.00036676895365728157,-0.0154185509769732,-0.026300598023150323,-0.028625927919307292,-0.015106440584480407,-0.018555732210295273,-0.021012807161048697,-0.012301435972173702,-0.014794138845167448,-0.007112796382386821,-0.02878049524818982,0.00051511303063001,-0.02116415460990917,0.0019144098237355855,-0.016360900299702497,-0.010403355813975113,0.029525788341358217,-0.011692191985399614
2023-10-13,-0.003819361623224382,0.004718934085866433,-0.004425680544630217,-0.028192383147420896,-0.01641073801041404,-0.000605683118940159,9.279519675065018e-05,-0.03340302816367213,-0.019534327498067605,-0.0013742477169972345,-0.035242249424125904,-0.006194103762985459,-0.005476472081942019,-0.00873259929716852,-0.004582565730651855,-0.003919013803174276,-0.0006418625586152027,0.0007911422339819119,-0.004237741717133869,-0.029872062764627616,-0.014976404005110133,-0.040698938045054645,-0.013430474771494283,-0.014689608664320342,-0.0026550354583081415,-0.0016605992446142581,-0.03650216716277588,-0.024608427134577227,0.0019717731207773426,0.023757369564666897,-0.017515494660664488,-0.0020658912328875845,-0.02376248537865766,-0.04752824379078202,0.027512434420247756,-0.024219413703909676,-0.009540903928927591,-0.027853379141232426,-0.00762134159624317,-0.0005776181095474842,-0.013750967760676969,0.019792890713560052,0.004020772641897041,0.015939524263086646,-0.009686101359243526,-0.02153847933466768,-0.00019896112015260758,0.026900740355783714,-0.044780338281553256,-0.005469998148668775,-0.017936837942530537,-0.034261536624813904,-0.004891998283536703,-0.01329403908106297,-0.032252957585151676,-0.024619244674856766,-0.0006821654317228365,0.009315626812453903,-0.018158283309513412,-0.03902945198212593,0.004194657736512619,-0.002712962546887021,-0.0031434717990133088,-0.01630443169738971,0.00012780629128661403,-0.010490184112967205,-0.0014214249135975354,-0.053754106195690876,-0.00115391104726148,-0.02762427128456435,-0.0019307290233291363,-0.025671595436252637,0.006585944233501895,-0.013844820324778073,0.02425022619801931,-0.00533053883268253,-0.012268615621527479
2023-10-16,0.014208469416307379,0.02334190882053222,0.017201408037191612,0.018771272042834575,0.012311597263664487,0.007111088175496105,0.02144553002389782,0.0001081013102373074,0.010805998907922332,0.01470720532586478,0.011225260715001628,0.010636741355536827,0.02202641089709445,0.02083336383682144,0.007900356496313155,0.019453538571550633,0.008670525560263487,0.0023273965693231258,0.025954926586445604,0.009384155693352048,0.019258601872804704,0.014525403887365451,0.01677912007318616,0.008967648929949279,0.02138262527760726,-0.003991990323428785,0.01943669236453527,0.0072854952637324555,-0.013480223892669896,-0.0006994658230803363,-0.002194217645340224,0.014545609919414115,0.005183703869201084,0.031344366711751226,0.0014678178380060913,0.01001791523599671,0.009114488423187517,0.011367139288365191,0.02805490429226465,-0.0015169443847434794,0.01936482286145602,0.009929964219872245,0.005479999357780985,-0.001473692176588548,0.027386560778885016,0.008580417737592105,0.03289538390235647,-0.0022034029257520515,0.018119883117670543,0.006375109952835967,0.01575740611308607,0.010332619606418625,0.006357006392588849,0.019473825262915412,0.022752788364380994,0.016423677753191646,0.009965931399037009,0.005972185556648801,0.008850754354917445,0.012000547132881234,0.014759100391189994,0.013798541535826603,0.009460001836599785,0.010558661936923341,0.012517469988854613,0.016659345206390785,0.007957134716824577,0.028288858214948087,0.014825546397737588,0.02091935777524334,0.010123757711899328,0.018519839745930966,-0.020516960889259805,0.021838740611766383,0.006485766172615426,0.00043753093705900525,0.019186080516242265
2023-10-17,0.006782280064439261,-0.0009736018706120175,0.0031350491789967627,0.0,-0.004784952882281535,0.0002809003468913218,0.011315565552568296,0.0036230652369573235,0.008407503681466144,0.001440906629159855,-0.004703623633763976,0.0068687721838911475,0.007004368095688163,0.005364410495283245,-0.004664273006998787,0.0004288262869940329,-0.001273446707604986,0.002409623622097845,0.0014850541282034335,0.0075538102865169154,0.005753668451804028,0.0006614930545401077,-0.003943917997476398,0.004666079815296431,0.012359139245497808,0.0030060248847287863,0.001898535575542093,0.006429156202918174,-0.0028924886230632385,-0.006587848959911824,0.008063040440060343,0.0004833775406063445,0.01434989373287232,-0.014406460964619061,-0.009770837488383144,0.0026647350663020486,0.007234294738673874,0.010931531961938301,-0.003912951994691438,0.010345825759671579,0.003229505627337037,-0.003910598282256261,0.0006288491130435059,0.0016348431940003127,0.0005711675580331033,-0.0014699009348512204,0.0013490851988027242,-0.0001431499850366169,0.01144465937005923,0.006955580992398458,-0.0011751750955109053,0.01471069395447322,0.0034532019098327815,0.018879828967071965,0.01394321572827062,0.017122084906971535,-0.001216632091016634,-0.0009444610432282063,0.00785652311193119,-0.004215537359357757,0.001920985266385733,0.007349819859699069,0.007028549111197213,0.018223810012336195,0.007695255779600618,0.005237896312989987,-0.0008449827319105818,-0.007380854911983814,0.002418948380459529,0.014925377455283106,0.0033833373885685525,0.027138531620555906,-0.010762016195506874,0.007537429254813599,0.0013763321295139352,0.008718365930084016,0.012187096641466777
2023-10-18,-0.02374379679947114,-0.046777046022868474,-0.05227762421131632,-0.04857620972273391,-0.03866441825791456,-0.004291562746511546,-0.013525634032736766,0.0004848940459647455,-0.019159563936081092,-0.052898856701504404,-0.05198488337437768,-0.04925729062174988,-0.029962619437627125,-0.028186976353106075,-0.011822648317484696,-0.030647241959969596,-0.02231437334884967,-0.02137235423337447,-0.022729493961773373,-0.04440602370172153,-0.04068082705664977,-0.04419886305352205,-0.023653239790730307,-0.03151608282966856,-0.026825048608248192,-0.021145529175489175,-0.0178204028762855,-0.04072394786166844,-0.04471342568891978,-0.006051339528383437,-0.022268618840340704,-0.015296347266607668,-0.019672951986932863,-0.03243790621142928,0.0002241868427370619,-0.030808650476935706,-0.04203147546053809,-0.04980208597753344,-0.08846488012921228,-0.03208015078303661,-0.04298427596656196,0.0070106761657762195,-0.012569398969678791,0.011198505862584529,-0.03349184934774574,-0.02993125473435443,-0.021123041470701542,0.0035992494734020664,-0.03663044704890195,-0.027383796958666218,-0.01576643243486764,-0.05920604351531744,-0.0073023710409109155,-0.025433229148182246,-0.03399256062459244,-0.041025606116945945,0.00473671739732362,-0.005874839486248451,-0.018448791163867773,-0.05155737190160281,-0.016159968329583774,-0.033546872861412336,-0.04226449092975404,-0.05166444155764005,-0.017025570790302424,-0.06314839791171845,-0.024641491336220844,-0.031095111196531633,-0.025645877167296716,-0.0967098045043665,-0.02137676494191687,-0.0523132804307368,-0.007419407495733221,-0.03731056448285652,-0.006310096470249715,-0.03562913849102178,-0.028811004510660432
2023-10-19,-0.01515842330166195,-0.021323200049618518,-0.015089464742167102,0.007922548882736136,-0.002153513619102543,-0.008781077142659632,-0.032888449236323725,-0.015617475993025098,-0.009795116871897158,-0.0045576597790529805,-0.02293121486040861,-0.02441939227894918,-0.01682285780173487,-0.0056099168627992135,-0.010566902797149003,-0.019898247187493556,-0.004238637745024532,-0.00987008317969551,-0.0022500070518064463,-0.01297526593528231,-0.010307071049642014,-0.012351156484765813,-0.005976500110619787,0.02180866081773103,-0.020481327603012023,-0.004422590832041884,-0.0013135884122785768,-0.013596097179683353,-0.016125664036935494,-0.007756142901828356,-0.005763714121653107,-0.006540566352160382,-0.014430697410664495,-0.017004108919393857,-0.007533273586506795,-0.006753600882194011,-0.0022625510640952307,-0.018752938747331527,0.0007835657506518601,-0.017385505382892186,-0.026513687679579845,-0.009189663340949727,-0.009122639123657517,0.006971991386968579,-0.013191627200614398,-0.00597784524031475,-0.016466829183577225,-0.001670928896369106,-0.013462300230625224,-0.008623924195428456,-0.01315011733694782,-0.010554638571392605,-0.0006763591102821875,-0.010177872192157822,0.011878036717961837,-0.019181595662728146,-0.004714386679919191,-0.009713423235079843,-0.014295151269568929,-0.014696788117752768,-0.08351893155133461,0.009426785954359529,-0.013360318130338666,-0.007800710891775919,-0.01502795174727578,-0.023777863903040486,-0.013409938935791343,-0.006511599518531974,0.021416082483076693,-0.005794781717537889,-0.011441925713592371,-0.04227418409951722,-0.015453819681011227,-0.01554196225334481,-0.012448900656663042,-0.012685036126505067,0.02014612769570845
2023-10-20,-0.005857932540579425,-0.005223133704055027,-0.015827893569817175,-0.032314401023804784,-0.014479522470251527,-0.017880368388452417,-0.006829621614224846,-0.015044587236760054,-0.01540643513329576,-0.018942460022561503,-0.014693908342791384,-0.009499580366616134,-0.02201963012097674,0.02424683858541865,-0.009208071979384447,-0.014437247415075904,0.007203636869319796,-0.011321568822981964,-0.01630962154507498,-0.01467439791107128,0.0019341687693832377,-0.029613359554142016,-0.017930011893187214,-0.014582662662614765,0.0036592122354461853,-0.015718400628387585,-0.010974600590780037,-0.012095624924327142,-0.059386993246329345,-0.01264969340382327,-0.008134636910069992,-0.005212048568764449,-0.0061770178418448785,-0.017999952044284395,-0.010120629182428731,-0.014672854225054044,-0.005958206745654282,-0.013067721008204747,-0.014205027591945751,-0.002334056598886858,-0.009959345087107163,-0.010118014012146737,-0.007493928880824119,-0.0111536151931938,-0.004788449826958363,-0.003932072083434823,0.008046378426944,-0.00865410676247913,-0.00862659287722789,-0.008187292561475545,-0.011750421068015382,-0.005493619609232558,-0.018529520997228932,-0.02414311127861879,-0.0131662725095274,-0.023942126735364333,-0.01813503623137902,-0.004458394669205279,-0.01087687542729332,-0.020109077207905335,0.003949023452860079,0.0007517613232264075,-0.006975751065576796,-0.011919905481768467,-0.01861900916026238,-0.021168749408315812,-0.00946278032242065,0.005617927362165487,0.004801977695192194,-0.026089332738171378,-0.0006575601806650955,-0.01164911506223898,0.0,-0.0037970760819250327,-0.0031196076903109438,-0.01613481400390393,-0.003797780599807843
2023-10-23,-0.010976378357436367,-0.004050469938689294,-0.0013402300505869214,0.018953072165431184,-0.005015162835717457,-0.002151581122795898,-0.0036991310681926404,0.005498808765176166,-0.0030602821889648135,0.014915857439790736,0.004556724385865296,-0.007544099707248009,-0.01061244023431529,-0.013359926167051062,0.0025894160711694703,0.01052879179741395,-0.019505843421636526,-0.013184888857777466,-0.005011380296887857,-0.005895086236659686,-0.006236562538623147,0.007629228663478038,-0.014321531870176485,0.015138584507894404,-0.013020835414956355,-0.003992286531295464,-0.011013167862692796,-0.003274402426994505,-0.000905116589116739,-0.007363563929350558,0.005750395526804786,-0.0044120806462180084,0.002532227086074368,0.0018223241109038835,-0.01255193002599253,0.0005188922624010939,-0.004965130046553856,-0.018371342030147675,-0.020366519250703652,-0.006490120827171708,-0.006364128984559181,0.004372444957364774,-0.008952684917762688,0.004480214875384636,-0.0020048897387509035,-0.010867591057226234,-0.023797726789082874,-0.010500313235520697,-0.01366308688453255,-0.007996792311348977,-0.002696718690028299,-0.01622342710278235,0.005431055704328447,-0.00555800482180846,0.0016074954234055472,0.00467519092077584,0.007994435411074363,-0.004960697923535706,-0.01629103546601174,0.002969385887383158,0.0036308158031626014,-0.009292132504836403,0.003718992076860994,0.002310060409897341,-0.012253062586971009,0.0033640783342661074,0.004545665001648214,0.0018622400549259677,-0.01693955263927316,0.008264488864812902,-0.025006674406404472,0.006102408436183593,-0.01526976657127077,-0.009628808914367681,-0.003959661069060538,-0.007476543729813545,-0.023526770350054793
2023-10-24,0.05280374986680636,0.003765700763381785,0.002477554916248348,-0.007085910006763618,0.000780869150655894,-0.002944154636262186,0.015470296894864122,0.00734685875282004,0.0011004901667153177,-0.0036065414540741303,-0.00721642566358216,0.009016641037923323,0.00652275100117139,-0.005226328769049382,0.012693192396139086,0.008606959009848092,-0.01591508704485367,0.013407253636463556,0.0008037553550868104,-0.000624233994761858,-0.011355987413814939,0.0213332100251149,0.006432912020400305,-0.05216709639249739,-0.01336849510061211,0.0034855123905135343,0.015590144630476477,0.0034279781453436797,-0.017440553366964928,-0.0009005047288765944,0.06495454550658541,0.00520722447555344,-0.0011481369343130376,0.00670518540604359,-0.009290882246962284,-0.0004667133591040873,0.0027422103021872424,0.006238431131653899,-5.7840865164693334e-05,0.005621000863786696,0.006611540865499865,-0.021767309958098613,-0.009468760207176574,-0.011789517772625713,-0.012856593813276862,0.004178823172418689,-0.003351897838686946,-0.004494373426725429,-0.0045400950319154365,0.004680694240394523,0.04264993626725966,0.017472141955706233,0.0042013147682642416,0.01474877024341592,-0.045578560263124124,0.010757182786957697,0.07178999482509796,-0.007755123760161742,-0.004554304628116124,-0.003710109485234425,0.0147724173699475,0.013929291622547746,-0.016056025832989373,0.01626128282467798,0.0008002872157730767,-0.0071314206374620825,0.005529370627925134,0.026719277107793094,-0.011166650332084416,-0.006783540735477489,0.007829398264137089,-0.00618768986421292,-0.0031619205098147862,0.01215312707968974,-0.00852778566996415,0.0005682875743722171,-0.002342500042476825
2023-10-25,-0.008100295067436258,-0.021758757975429477,-0.0060756623430148204,-0.01516503797640012,-0.009292757362706516,-0.09199414269718631,-0.025594181160656482,-0.025389366458192897,-0.016546116059049987,-0.0388200238222679,-0.023053024190153537,-0.018473254073234524,-0.06163592495418413,-0.01217904526484126,-0.008520844844412512,-0.020211042799311074,-0.0026954122277011994,-0.0028284458879732632,-0.004443628534759436,-0.019050612168359904,-0.017002925768391797,-0.022089769346753996,-0.021049132545844618,-0.03258685618395274,-0.02941703995383471,-0.0026210346262035555,-0.02677083368354738,-0.08042705787180005,-0.018902712647163256,0.04034332144413888,-0.021299121719297598,-0.018571640272576295,-0.006206837766051021,-0.00839652431077098,0.003405936914326002,-0.029781079846278424,0.01304587540706903,-0.005361918638757346,-0.015231452581521587,0.0030970084962751443,-0.012725881459201394,0.015720745805085867,0.0034061193557521907,0.015400402017546666,-0.01648343545932507,-0.01477534162276728,-0.05325111866191756,0.01007439032535773,-0.03858510108094515,-0.023294932764718945,-0.0035365169010853625,-0.015430775086568205,-0.04209353361442425,-0.05113787496078537,-0.03514377181247319,0.005859438996913102,0.0003828108138956843,0.029867325532589195,0.019825363667867357,-0.009553777182269574,0.01990495184957508,-0.015115728235323811,-0.012552274042285538,-0.026710371231797758,-0.008929665723641622,-0.011470875179151685,-0.015389791859384827,-0.04163838447090995,-0.0010709121134291344,-0.008252729668879022,-0.016006002134491992,-0.017718686936431194,-0.008733800730368446,0.04122472696134838,0.061048998909140284,-0.01354295377514847,-0.018783488378999236
2023-10-26,-0.008278365871677962,0.060285426329224734,0.007563243177707957,0.009963737052294697,0.001288775007154186,0.002335915505980335,-0.01587524833061338,0.007652060108280567,-0.0038826037628671983,0.008472994874184625,-0.009710739599145812,-0.010247447295692047,-0.008594308724907629,-0.02066974055089077,-0.0057625894408956935,-0.011001593639361817,-0.0003378452212391414,-0.0021959825638098174,-0.006372515955379576,0.006049046003840486,0.003613186328804918,0.006761307498950986,-0.0025892618383257515,0.01224329024282933,-0.0034900936524908666,0.002803108368901297,-0.03095113586093634,0.007739912089128387,-0.02220393948147903,-0.007631975624209808,-0.021582708129906703,-0.011398745724285342,0.005551745447568646,0.007002685499615913,0.013810068329105363,0.033208592052765606,-0.008009958087752289,0.00876010474122113,-0.013290910602108741,0.003998783349385748,0.016424165382285194,-0.0030158334971280842,0.00821288151041566,-0.003842011974956039,0.06621142870107799,0.009918876383967268,-0.0026374111036950865,-0.01133962760352536,-0.0032882906322950767,0.0006625203402472746,-0.007334634964077824,0.006639071578336875,-0.003921985467107092,-0.012657251006744863,0.017079113349492303,-0.005825305971932204,0.009437517747479474,-0.010570509602854106,-0.003534500135003338,-0.0027342855156354817,0.04019806416000771,0.013149566487518971,-0.008898374995558123,-0.0002588773868809069,0.022323799984400816,0.01632145560894327,-0.0003421940056735906,-0.04085004969465311,-0.014520964878102727,0.0020085996524847882,-0.05934780735762901,0.011574576452832774,-0.006312186595099689,0.004324445777563524,-0.007618776352591228,0.03286044957148371,0.01059705521547305
2023-10-27,-0.012746781659886852,-0.018952651807530363,0.0018509449119450405,-0.02062776234127306,-0.004433594552603393,-0.018278230207983803,-0.01862449372328756,0.0033503049627829906,-0.011516037412485303,-0.008028384879583128,0.0021550895699307127,-0.015963351211098376,-0.0187306364249743,0.0029623232857414195,-0.004432234367054977,-0.009733533459800325,-0.011828384928576074,-0.013113254131419394,-0.0227038781602662,-0.030063314919974937,-0.016315646358095348,-0.006308879766588116,-0.006433392553196748,-0.021061485086342757,-0.006912408337353515,0.006463959642702299,0.003992454847533189,-0.0010752511539824372,-0.012375421928967123,-0.00956143430712375,-0.022518391510785718,0.005339135442595788,-0.008741687833055511,-0.002944836370495918,-0.022519800075757268,-0.011852432406946889,-0.004014973979897252,-0.008350055003243262,-0.010728363065411695,-0.014503703527031009,-0.013908792717986285,-0.02442790404081341,-0.017160813684946263,-0.005785072649036382,-0.009509045542630212,-0.0031485237398949373,-0.0041553798916569296,-0.009858087152095574,-0.0035966952930205354,0.008209731901037687,-0.007388923610171627,-0.01005514601030666,-0.019507840764378948,-0.01878012849413746,-0.011651821419877861,-0.014230209561788887,0.00012642696424980393,-0.00013692012335808634,-0.0042292643651444806,-0.002284935390374665,0.01092125112260467,-0.004536745682628629,-0.044890924681094346,0.062151943762613904,-0.010128931561349197,-0.014618733229908254,0.0012836087655170303,0.01501724831097273,-0.002571236115939568,-0.029209527392630275,-0.024455585982749883,-0.011764144684653921,-0.01252810323589526,-0.004879969649976723,-0.00884406036305041,0.010133422034769302,-0.00586319634302801
2023-10-30,0.02285194805102808,0.029634020792785654,0.002873788416384526,0.023809544603050625,0.006464570174913753,0.005771809452545629,0.004831645981490995,0.01480329248132084,0.012486615500506781,0.009316749895226906,0.018709684110436164,0.015090568998817222,-0.003943839760326973,-0.007875976196217271,0.01289255238726117,0.009127062808951036,0.005472010755640744,0.011243293698556922,0.018413345941980408,0.018923325641916122,0.0,0.012646570361970477,0.0047710842112971275,0.008237140486115013,0.011415324956957962,0.01076200005716954,0.034871586399387144,0.00015387333241245749,0.0004866291607350526,0.003063990461863897,0.032534049293365896,0.015536660332127639,0.011835589575493133,0.008220060913572746,0.019848032740269916,-0.002042737237527792,0.0014332948624899977,0.020040386395398624,0.022472623518887902,0.0004575076930988242,0.008504462564239201,0.020066754458305747,0.014366234146621304,0.005525586467529431,0.01547808284449137,0.00014143902268726194,0.01647434548921778,-0.009279814840229661,0.02898553608351695,0.005253523561272511,0.003962172484390791,0.009037854136423551,0.009126628230066824,-0.0011649964100856058,0.017857121599294645,-0.0006671957815005403,-0.007453393474669001,0.008561615467675532,0.014522626993076049,0.005572555529791856,0.02077565015805538,0.00852032004406511,0.0076096263813896226,0.02694129673834489,0.007309041257262283,0.018355030548196316,0.000756909162170194,0.03638127617400011,0.02022606917780423,0.0265486038546221,0.029296073304873493,0.02989833213375448,0.0028590328544069177,0.014807726866838955,0.00848917905718305,0.027307729464082664,0.012475911365980696
2023-10-31,0.015974073608216788,0.003885512746600872,0.006652379134350461,-0.0026834244925395545,0.004638952784031591,0.009903739027006475,0.013681702394683581,0.02451330447538136,0.006903805922034989,0.011841460541411664,0.006122074170267,-0.06652626514174553,0.013778947655876284,0.015008673720695365,0.008571853980513522,0.009276473464453927,0.015306131748870078,-0.0062482844764952805,-0.006634016655120201,0.0006404245295175137,0.011914026770515784,0.05121857305818733,0.0058790693832231344,0.03383733737041106,0.0024775093064148823,0.00188905282155849,0.013850177187829882,0.0036899255250206764,0.022251968368069308,0.009749777691481443,-0.010745841398728029,0.019527146017003894,0.01146794053000022,-0.04669463843445487,0.01136412566170275,0.004618720875718241,0.0024152062002620323,0.0018161042610664868,0.01272750148664925,0.016006144453982518,0.008227110303839158,0.028963068882205123,0.07985617541195067,0.01973800406649051,0.0050163885360952065,0.002026741536295118,0.017166838695278575,0.005867505535475104,-0.006541106386763862,0.008753584314588947,-0.013035251555577387,-0.001731808243675803,0.004341178073205443,0.020453224321490326,-0.010049398088713857,0.014323896979048456,0.03589162444964633,0.008421048254166008,0.009723078402735341,-0.0024672084530407146,0.02062416564599845,0.013556515279291581,-0.012438957622410207,0.009615471598909187,0.0026384472515930124,0.01185666116948969,0.01027249891262616,0.01287150112222446,0.0087949282615154,0.006034456582660441,0.017797938887439635,-0.011388343188233896,0.01278448924117881,0.004548037835157226,0.009708154718161222,0.0051924324516536835,0.04783244804108033
2023-11-01,-0.004288059875719008,0.015051539423877935,0.005693389020920314,-0.0008967960134188546,0.011579061194055162,-0.035972954385957046,0.013007913990247477,0.013703016048762784,-0.0006446207970346451,0.08247332154896969,0.041963904970474974,0.025569558510350587,-0.03624439044047978,-0.004521571873256636,0.0037071635227852173,0.006893364749655628,-0.009380247243510054,0.00809060982615284,0.013986236762361326,-0.004479980468749978,-0.006694912048331503,0.033283645436204656,0.007193460151984965,-0.011027959042795743,0.006132704846572468,0.009770325532105328,0.013036174376623189,-0.0013786203850237877,0.14345185681422357,0.005760222965113249,-0.012703614308810285,0.003983460456437049,0.014059028662625872,0.03332098936876049,0.005322499053591834,-0.01593439733245028,0.0018739981136131068,0.021588674289096277,0.006283907492267149,-0.023555883854175397,0.015503807939768022,-0.0038459550598718417,0.02078288264762107,-0.004970933650058962,0.011902455626719766,-0.005033143220035674,-0.003144779470346082,-0.006724187055910713,0.03714222315795768,-0.005180718432775122,0.007512475500244475,0.004228605728219037,-0.019720882714007737,-0.38486343317997085,0.013764612039964597,-0.04487796340879824,0.00933777492851906,0.001683650772622558,-0.010565647076985152,0.015867064804799158,-0.010369526323239064,0.010002288109015378,0.0,-0.0008230649330714934,-0.00013154006404092478,0.12185381661027139,0.00030191907743426505,0.012708019114383795,-0.00024087202917721928,-0.005712566633263139,-0.010265464673837266,0.007901202670208773,-0.022475342869813897,-0.002075043764598661,-0.0017647358285475256,0.016812020101459657,0.010049196925914217
2023-11-02,0.019324175011706357,0.007626054711843633,0.0021228761270810637,0.023339251992336107,0.009129247851550337,0.03893142432607988,0.015061600134710362,0.013887366967018755,0.048554480973756364,0.03217841780894348,0.006242470906774544,0.03144542651319715,0.0873723994866824,-0.0003683020896213529,0.004106107595370334,0.032633507876192125,0.02773076766990168,-0.0005044824197218967,0.008340712336287526,0.02925103920150085,0.03238299644424503,0.006190934448446983,0.017297207574370477,0.060882579442578244,0.026291831221426643,0.016126316524761597,0.016527606141564233,0.0032214170274498244,0.03360036876333883,0.005397600226888732,0.004941684788217993,0.01326147251554799,0.07893549245129883,0.005768515399469987,0.05819274157469989,0.027765957265831753,0.031932008860365846,0.05807384943083638,-0.0028331382814688055,0.028733790174775065,0.02169552059797475,0.024283762746256654,0.019766760698256114,0.012511600920192434,0.02200721103838199,0.02699503781728474,0.015992315336867735,0.016038060909442153,-0.004658925432639127,0.02395525145623756,0.014912727785109547,0.0920722064470858,0.03316188371579898,0.07943464049236737,0.022403318916211612,0.09685509702236139,0.007668886284911025,0.019967711277977473,0.025006755933161706,-0.03138813598045176,0.012627568830292812,0.010939608380346355,0.041835382089986384,0.01812189148912502,0.0194762148795804,-0.0018267024267110132,0.04996730770156299,0.06046081680297921,0.01845255182195693,0.02901460159976188,0.015665294960908183,0.05731663306302348,0.03428567696400453,0.03355384991150889,0.01712999515887592,0.01912143117897358,-0.0017993589226854567
2023-11-03,0.016791324506124417,0.0029432247927632105,0.027842237774685197,0.05087718799247032,0.0,0.0034315632598249657,0.03319539442484909,0.01583255367893699,-0.009451333861125732,0.045690729200225544,0.01120663031769209,0.006816681649786993,-0.028026309354424517,0.0031929386816818006,0.014400573903860181,0.015027631053608381,0.0003290628221548353,0.03643206845969771,0.02312887196240876,0.04153647711878605,0.008254637429979228,-0.0023688330626840948,0.008885426518069117,0.021977409159486427,0.0012410149875483611,-0.0010023637726969126,-0.00044489256821067524,0.008409663421917735,0.05595810713002858,-0.0032785042046560298,0.010577080131468408,0.013731801916995412,-0.005595801941613909,0.004025543396503961,0.0004703348851300415,0.008161588206742731,0.006042019453789127,-0.0035066355322544984,0.0187289571621434,0.0005228329156823364,0.01219034851068912,0.014257649767633662,0.007365756780664645,-0.010261149337299602,0.022647172887988676,0.019840733491135243,0.01407274543757353,-0.010908609907154032,0.009027099131300176,0.014748871785576378,0.02855795355571078,-0.008378963777355919,-0.017871472024279966,-0.02237795961763811,0.02324033320341168,-0.0336989101227253,-0.0007248337301798413,0.01146921512550736,0.006857386679448352,0.019721538105411662,0.01140885974503969,0.028439102287048046,0.023316128722199236,0.027161415366575348,0.0006454174083416753,0.022945936969510194,0.014199899114710757,0.02732359015213892,0.003500636961168979,0.0471803082386173,0.006127156657270483,0.04286864698195658,0.003262686982660634,0.01774115964129863,0.007611582733892286,0.015126474205707785,0.0277807739990219
2023-11-06,-0.0036224940906903758,-0.006567932318866876,-0.0015702506981793984,-0.026711160855727667,-0.001670091827929987,0.005608458964200036,-0.001795164049014697,-0.0107665012594661,0.001185671318692183,-0.00946450484243,-0.005145366897404857,-0.01025961047021029,0.0024540440122473584,0.0037948848238482658,0.0005015991571246659,-0.00043545520641807833,-0.0006579091508678303,-0.026031523777190424,-0.010334913382590849,-0.012893562964011895,-0.011908435091181113,0.007635362171941162,-0.0025008603800893425,-0.005664987581959102,-0.012926049760875524,-0.018060137723073355,-0.007323802749747976,-0.005458690407703859,-0.023351095987412473,0.002960346786886614,0.026257828860503096,-0.007884062584893714,0.015631461575561945,-0.012737779365712965,0.002521787599593539,-0.008607842862851212,-0.008408078425473198,-0.001683008491521587,-0.004895011808325855,-0.002911094917480428,-0.006216053463745097,-0.021058926097960118,-0.005964952881925001,-0.004808712523629022,-0.008168526792238895,-0.0014443708316099757,0.0037006642153472047,0.0008925175283853726,0.004333020722990355,0.00639019065660551,-0.004953974202877687,0.012338286155407774,0.009324625718211799,0.011759487314700445,-0.010545063556421708,-0.004255794872960905,-0.0038684600925453783,0.007820123297107795,0.0027504682118528745,-0.019719355192842958,-0.0031479135591154783,-0.007014661575076353,-0.007172955806786452,-0.024642780332998826,0.0011610413814679976,-0.004036739540965728,0.00755027568797173,0.008167526484784027,0.004572653801461879,-0.01999466898321478,-0.0041298464885336506,-0.028725786358618666,0.0008238849924131486,-0.009165276870070294,0.006543008756000779,-0.0007684547683921572,-0.007943860730845298
2023-11-07,-0.003956348495427475,-0.006189264800639749,-0.0031455910909248264,0.007718709585392114,0.02119056024998578,0.007753743468533303,-0.002259547596536682,-0.007981307647006108,-0.0024249568104520725,0.003742346002133967,0.003580618156858728,-0.01410106021304669,0.01055695279930835,0.009390178362767898,0.014555243854922573,0.013504659855051449,-0.0009874504211563329,-0.0016363737884170781,-0.02382029765330873,0.015795883556707135,-0.017249048435761694,-0.0027260377852271755,-0.07412247927484639,0.016427922868923472,-0.009776614177553156,0.0051089228469758385,-0.004606039199982592,-0.009605081468564203,0.012881815937341168,-0.004919431739733415,0.00017900519688751615,-0.004746680143944304,-0.009439730104010113,0.0013657522077696882,-0.009848602390012062,-0.009871329825234088,-0.0054509453410929165,0.011187821863620995,0.0005147784007590861,-0.0014972072578284257,-0.004691144544971548,0.006217050628343879,-0.004936182043210557,-0.0022387135442646366,0.010065893426193018,-0.00329987100541973,-0.004506374888946341,-0.00700633793700578,0.00588769028823366,-0.005602540113212484,0.0010419830505556948,0.002314435665611292,0.009328201112440926,0.04319712642623985,0.005902554283440775,-0.0200641469135584,0.0032766539664068617,0.0016812276049971153,-0.025600823428497455,-0.005725413842851634,0.005526270065521421,-0.007027089884426574,0.0012749081967413645,-0.010959797263065618,-0.0073444067777944655,0.011744670300716242,0.0045908296758543354,0.03697546327097845,-0.007930490889443864,0.00734495294047699,-0.0029521871977702396,0.0075503524994409155,0.010311566713742115,-0.004262178216285051,0.0008273069795119437,0.00754754238723665,0.006343506462906934
2023-11-08,-0.008910333529364434,0.006935567631800366,0.0065082161707410435,0.02212767905377322,0.009556228897569685,0.014533195870535032,0.061052858584724534,0.0021942331169206852,0.005879083477597913,-0.011105774421688697,0.009910801647180056,-0.0004256378575937525,0.01604841044084604,-0.01655181854544785,0.0018052359050095834,0.0019342393068777497,0.0006589930031970503,-0.00978876716131627,0.00035213686103952035,0.02183013074806972,-0.002759246769179935,0.008154233670712996,-0.0022368975326358953,0.003809330171841596,0.025452826203110623,0.004066389555722694,0.004791146962889625,0.006773489087679163,-9.636897718701132e-05,-0.0029250256151904797,0.018336247479797008,-0.010663974586225478,0.0014501681604903727,0.01008503934998739,-0.016017951838596223,0.003914813617453605,-0.003827953361507097,0.001060878241088803,0.0004573259374198724,-0.0056980787059705,-0.005891644313830824,-0.007654842423164943,0.0019454114204473516,-0.012195939616433171,0.022286621170581222,0.005124892139946935,0.002109072402171508,-0.015437275484357693,-0.015667593727105134,0.012269827438617043,0.0015036114857507332,0.008794349719272843,0.013507555339100197,-0.0019064672203978894,0.0006520116792541053,0.028349894143664178,0.006411047230991951,0.004518769704023873,0.014075052613245376,0.000389090410782611,-0.0031404989657792814,-0.005204683858853865,0.018251258236296808,-0.0009331716901227471,-0.011682256877113328,0.009878451706342384,0.0026769030027538054,-0.008413425167282718,0.0027907508781974677,0.027275240872952855,0.0007048896728494292,-0.00862927586378004,0.012093119318685508,-0.0022768839528916063,0.005373185909681277,0.01046665095190158,0.00041336891712528967
2023-11-09,-0.006715801944700006,0.0032331087841850348,-0.009209432140416252,-0.021648644789912908,-0.0029749037126930444,0.00461239840359684,-0.06045824885490958,0.007819423373206513,-0.009890975047129547,-0.027675312660730755,-0.010206053197681308,-0.002853306391432331,-0.03188793577984783,-0.015724860366057802,-0.0016692076567675906,0.001501494989875285,-0.006585464134119645,-0.009425700961401717,0.0006768266961278968,-0.020193112779738898,0.005226200518912316,0.003584553113136435,0.005309735474977373,-0.0004879715995225187,0.004593304302393797,-0.0021936370340084332,-0.017035449417523885,-0.0009175494888071789,-0.009057645523828706,-0.00793322095302429,-0.006675503591386467,0.0007627732089441341,0.009732810045458784,0.012684781789697785,-0.0016628486985597046,-0.010814754906942614,-0.0022269841131618007,0.014837248850036344,-0.016153094825532954,-0.002865251379987388,-0.00730929433505223,-0.004022318109186518,-0.004853899555716912,-0.004947578642059414,-0.011490098198132292,-0.0006768432483781339,-0.0051332067785649915,0.00132469164273874,-0.011662123053539752,-0.0024736424007719693,-0.00704466046311647,0.005259815886680119,-0.0002631205858791841,0.0014325359455253928,-0.011239593314368634,-0.0011191675105833854,-0.009254814120836063,0.004755504556288592,0.006212871972655298,-3.8941615783660843e-05,-0.0021086406406599645,-0.0009785482608622997,-0.026677757000733382,-0.01634562316722199,-0.01654858348795951,-0.003831594525950388,0.08697394441104911,0.011111095698192797,-0.008349097545878315,-0.01892747642940329,-0.01408938560973838,0.0021074157799143567,-0.0021608998645593624,0.01652215027886239,-0.0012333528633700075,0.0009090706133620952,0.00010333906139026183
2023-11-10,0.012104698594813446,0.020316616119391062,0.02333629786517366,0.004255335381690539,0.022650258864098882,0.008696803087226757,0.01038481930855828,0.017172668670075053,0.005335462566923743,0.025657954243396786,0.02121753377847102,0.023617334714694183,0.007387959343090111,-0.001997034238655493,0.013584668672940836,0.04369246038830177,0.01756712350318579,0.016617179596674303,0.011822948462959504,0.017323830316156252,0.006422647211181687,0.015752369101979857,0.015258278766128175,0.0029289273280428407,0.014244207837910583,0.01488240009862385,0.020067109448252296,0.007499345341638097,0.006903993962955823,0.014368999835655094,0.019276707955896644,0.01649615722401676,0.016201824091910844,0.01582396957435095,0.007845985175808146,0.007726681843380323,0.01746175882805656,0.019543442503591857,0.011993554280771868,0.012855390786641108,0.019900486484193403,0.0078004192033132025,0.010145370549679678,0.005446827854204583,0.01225439664642125,0.01643568818865737,0.01584029391100228,0.004727934296524738,0.018231334531374488,0.017110904149092443,0.026517834452454814,0.01971608873764552,0.012366280951610298,0.020267173064192123,0.01153213763000216,0.0265376762642775,-0.0025475501356337915,0.009210050022564031,0.011429226480283994,0.01004458481730719,0.014263098436921195,0.017406443908942748,-0.008137101213579356,0.009732922296968649,0.016559930266253797,0.02031763728044833,0.019967740976808646,0.030569482863472608,0.005993466635991984,0.017952893599179065,-0.0015904085721897276,0.043544818767877524,0.010318440813928742,0.010506411893914436,0.010055237856865906,0.0158744469723473,0.016938660650693604
2023-11-13,-0.001292967368041964,0.007690161507011739,-0.0025122169759799196,-0.001694954020371564,0.003846138254228304,-0.00936583648518774,0.0033036671223158898,0.04012204238257788,0.003839201307715978,-0.007561152217774536,-0.0108738442471491,0.008302760155103783,-0.009320101433067274,-0.012381105005209947,0.005229778908905969,-0.008003270948328423,-0.00814331364201104,-0.007259679350181458,-0.011310435967875954,0.0032295006229963175,-0.0012155764581652795,0.003381119715246239,0.001156039924857799,-0.0048131106296182,-0.012830472001788773,-0.006165654345571259,-0.002601273150131478,-0.007747298459196417,-9.659233158565428e-05,0.012728354776771589,0.002168858495493753,-0.0010712452457771748,0.015943510145131734,0.004386654764004128,0.01491763698566162,0.002973044344880549,-0.0016345151104560918,0.0076091233991459895,-0.0010930987999088204,-0.00044794353815247323,-0.008975570404128108,0.00922216707906065,0.008305154869664433,0.0003596716224341101,-0.009791690492961913,-0.006885546204939641,0.011123539146140171,0.0023959972005693775,-0.004126053774854532,-0.0030475972039131216,-0.003399079159858598,-4.772805022623672e-05,-0.0005238131492421028,0.004907604844407221,-0.014820844052073179,0.01246624933603635,-0.0023109245072132634,0.0038659177443460813,-0.005195436947012966,0.011337664972413286,0.008593698001158279,-0.010516966028577324,-0.0030224212348375357,-0.01151992879908903,-0.0006568639678032895,-0.0046123261355324185,0.0006549797235542165,0.012795653818971742,-0.009882269051859849,0.0031586977252697768,0.00043441863969739813,0.013142619359173047,0.0024376529072018815,0.0052430964233523,-0.0004657159970903324,-0.003269203982920521,0.0005078032379064457
2023-11-14,0.024598184642853793,0.0359770985072565,0.026155156204930696,0.03989815600023472,0.022129653841144625,0.01798097796949727,0.013354057075099623,0.01432486570228586,0.018054001025157085,0.0881828294344249,0.03670993407140011,0.02561345011091931,0.05536712168484903,0.05470425375323007,0.021722866014409314,0.02792715080388386,0.02167484811383602,0.025525498452362738,0.01406309668280592,0.03131412253027088,0.04054154327298809,0.02484610952652444,0.02251732434219078,0.06743828906581384,0.03943087828328107,0.02280349924752967,0.03582050817166338,0.024801022328111877,0.0587212843084195,0.00490576421572908,0.014975745005513241,0.019998987165223525,0.023241918263783745,0.016334797806767387,0.010970197217796906,0.030058839460694653,0.018611846715502534,0.01161780493884157,0.028220893616811793,0.02367790598543884,0.03248660407230153,0.02045139774376281,0.005459219950331606,-0.0018201570217797336,0.062387653494072826,0.03904990573641487,0.02536789876510137,0.005275841051391561,0.035344342198201595,0.026412316680270997,0.03398332654142888,0.020337121637103772,0.015548556316399509,0.02488376767599454,0.045627347411955954,0.037505685232116504,-0.016335460506966992,0.0041666739150729715,0.050789998957890825,0.02368381844328593,0.019364833691312144,0.02990268229922144,0.052403616557654464,0.058984472225092954,0.01393452885179114,0.02053999805857676,0.003614716992865308,0.031393555454735766,0.030038190294314537,0.033324598200576094,0.03618730597279396,0.03277626035526238,-0.001886672303407111,0.022930466869617305,0.0026209511529811103,0.014930526382830989,0.027306833946371345
2023-11-15,0.01947979515721543,-0.013417478138752825,0.006985730745753704,0.013877557248485273,-0.01053437985718153,0.00017361970502371982,-0.0022565213280448804,0.005976794167195987,-0.0038118855797770745,-0.041710048218730034,-0.008710528030419051,0.013031532799101297,0.012129209810801456,-0.00048027995780841604,0.001280806958637859,-0.009458591648123571,-0.003857303576294213,0.00345323066400427,0.015761756988540654,0.014755863175345718,0.014839209617353522,-0.010740956341401375,-0.002032767487299858,0.011047232055456435,0.0003379771422939992,-0.014590098117690853,0.012746874682401765,0.007469350024596144,0.010581974125621008,-0.008472549416381758,-0.008102328950779003,-0.003627010205437764,0.0007765660421430454,-0.020741702209640334,-0.004323529046442842,0.005099179428931455,0.004610312277675055,0.0007176916861810767,0.019100451943232732,-0.00036485261323870866,-0.010869554867557363,-0.0009061055953022423,-0.0001905563121249454,0.0020711034572704623,0.0025385264087249837,0.005424286957841362,0.014158335580937376,-0.0039414799117035715,-0.005162638545427312,-0.004050581896972605,-0.0024263954948980926,0.0026170556583560156,0.007569217592021227,0.00470842178611397,0.011699631280107425,0.0047579468030289895,-0.0007436080851067617,-0.012825336145594668,-0.00497023257800977,0.009792658397701048,-0.011398195748660966,-0.0005450460096090293,0.026337502963471593,0.014598493455253214,0.005704650541302092,-0.014581979207580087,-0.0025884584667071886,-0.0022272224239625604,0.011080716492814613,0.014220354073254837,0.02793881435466572,0.0038100176158533117,-0.001134207323162939,-0.005712339076333506,-0.005634880701047673,-0.008297491188189898,-0.009486117576939734
2023-11-16,0.004091474935974171,0.00853332519531258,-0.006749810028321979,-0.01851855833315541,0.005682537375473418,-0.002386556787002392,0.007599025971897211,-0.010109724222491567,0.004935614805025912,0.013135414218117036,0.006303716925756708,-0.011469949683490577,-0.029165524258686903,-0.016696640108999516,0.01132960367968705,0.0018285280446119767,0.010971336320831693,-0.0014748924046580347,-0.006065058421333203,-0.0069910517822776574,-0.009291976825765214,0.005096428922577223,-0.003927385917342541,0.008962738019206995,-0.004983105880208782,0.009149853565942667,-0.00963405549640961,0.002817305007755788,0.024372672029143505,-0.0020345052538081054,0.022699919332324514,0.006119776541457567,-0.0003879817276368769,0.0006218659854977382,-0.0014048281964151865,-0.0074844558944123785,0.00631525470952532,0.007029013098359904,-0.017972981359687723,-0.028467108733462587,0.0009639811815589372,-0.00021475332402842717,-0.0027629731545939507,0.0010109024318620818,0.002194416774724983,-0.007835633040444767,0.006424819411367855,-0.0023871344601520406,-0.012290810430740762,0.007927020245661831,0.005085720274747185,-0.006152662005862952,-0.0055489288822409,-0.019535924660517567,-0.017190221284031026,-0.0022860313538510812,0.002373843568627354,0.011845618539689795,-0.003746318346877997,0.00966052937721984,0.01562901945759565,-0.0011635180783184929,-0.026062531639511333,-0.0027670346475711094,-0.010055413483993636,0.0036772419281416724,-0.007252324022983592,0.012276783259268731,0.0058694068583644565,-0.016524783928528963,-0.0017666270983945909,-0.01074018124580911,-0.0010092291194923053,-0.0011315917176704104,0.0015774017109195793,0.00031454454433776924,0.01017555479823029
2023-11-17,-0.0038658734732143207,0.009783155337661276,0.003775377541368252,0.008203477023137173,0.010976174696065488,-0.0022617290512295662,0.003232183688534951,0.00696992807394059,0.00822246136240512,0.024856080419374926,0.010250582964397958,0.019580196119788562,0.030487851232702035,0.009039829412518241,-0.00988369419295887,0.018454670899786585,0.009256323029191993,0.009309847641837177,0.014766426417518907,0.015488681434949303,0.0018176137506198398,0.004409171016509061,0.02022853306361605,0.024104211366964723,0.00993125069899281,0.001483684876874669,0.003961672462133858,0.00694960931813049,0.005639754764858562,-0.0023240319587212177,0.008323534395555221,0.002621781670587353,-0.0011643229189800541,0.038917125130819796,0.009293582554028124,0.00212560441687093,0.003765296517100669,0.001994970556491449,-0.003302156735529471,0.01667919698648679,0.00616337527448807,-0.0030601958672814566,0.005636853569732869,-0.002042249343690794,0.012464236007748708,0.007509136503445424,0.012959570873099624,0.0006252259310639552,0.005304305662917619,0.007388021450308591,0.004949983117762402,0.01453900237204686,0.008841950366428986,0.02217107481382774,0.0007950268332930222,-0.0010365801101038796,-0.006855328789043158,-0.0010070861207981396,0.013411964114965924,0.00909161594481378,-0.005045428002495966,0.01106585024129525,0.021407955438219606,0.018424011556773534,0.007943779972777953,0.009181624585797632,0.005966692161295972,0.00036752036818499256,-0.0006837693170078651,0.012219947992700098,0.007283316579929089,0.013955699973005276,-0.0018101629114458673,0.006623112298304701,-0.005191364712161528,0.008993175930875452,-0.0009875233709076836
2023-11-20,-0.003775886246955573,-0.0035349129716593097,-0.005735813958311464,0.00895033824399305,-0.005460658165567622,0.01011381995863947,0.012260629790348698,0.046481511919847396,0.00552823734368868,0.005763936623767618,0.006952279973140296,-0.010352907496540942,0.007793345481199587,-0.006900788267999225,0.005237615755952829,0.012544747871456652,0.01391524493330909,-0.005942349413472603,-0.009944062852447644,0.012201847197789828,0.003338434846782423,-0.0038630591353089327,-0.005376898684764764,0.021051552569508525,-0.01218690897777197,0.002798307821821888,-0.0016018600096663338,-0.006167411257586575,-0.001489710780303466,0.004454601034023176,0.00116731170749107,0.003085593416528143,0.00019425531952732555,-0.00036556058700742966,0.01186908314968127,-0.011565038885215206,-0.0012503907471084208,0.0014220488417955313,-0.0012354066624047366,0.012267132083011667,0.0030627736247370585,0.004254366286532196,0.006270103198357857,-0.001956506893910026,0.0009981293958498672,0.001584796336107086,0.0051175221067714105,0.003554682954189037,0.005926462457334969,0.003075492470011598,0.005253900089140506,-0.002565680084036237,0.010636487710227849,0.02783099748588569,-0.0015887905354776688,0.005570428037362518,-0.006400629195245422,0.004914349481891733,0.019418609275904775,-0.01504037819355808,0.008367186677111338,-0.0022835641342499047,0.012898012425636818,-0.0023975202694483944,0.007493494142115198,-0.007304669601588931,0.0070277460338907805,0.005694367764714103,0.008621878425998375,0.006539289416661154,0.010744773905840832,-0.019086080468363353,0.009109306457926847,0.0009523037686540725,0.003693894325173197,0.008189986567244345,-0.006148990730168502
2023-11-21,-0.010423304465926764,-0.0031533026125989405,-0.014942249765824589,-0.021774154225446485,0.0038110774171746797,-0.002157898746840581,0.00972503287229598,0.0025722178187690403,0.008382798332347896,-0.013024709675873436,-0.016047753873685067,-0.004152498697565288,-0.01990547548618682,0.0034134128778042783,0.004356915369071235,-0.003933076779618183,0.0059263384168954936,-0.0016060057041460407,0.0061000050011923435,-0.016986272106431888,0.0016637187786869845,0.0003965994122017147,-0.0021399080915317503,0.00028636662837255855,0.002892864886880453,-0.0036112156566371345,0.0012522629885463044,-0.003989312025100333,-0.011145209978752901,0.002563287842548334,-0.001499115777287563,-0.002919695253824517,0.01048952836692063,-0.011039096477362564,-0.0011688488679886255,0.01466378039693117,0.009139484986096624,0.001704100393387309,0.013831140815390386,-0.08687395435574496,0.002480868468891062,0.01115402122860254,-0.0023602729951520685,0.00977899662911419,-0.01878007790934555,-0.0016251470186499084,0.004620078299486519,0.011270471922646408,0.006488196213867203,0.0011792272467261444,-0.004464299899002322,0.003221130981321263,-0.00345201687549912,-0.02367906873516068,-0.007161056044665215,-0.004181849519574787,-0.012883625952469724,0.003385559610237454,-0.009827630275950794,-0.006380866405674923,0.007794854657350081,-0.0014530966412924506,-0.01989657136835221,-0.024907186049190733,-0.002564785093556732,-0.004053755947566295,0.006916549884513179,0.0018264561483305464,0.00407053738200025,-0.01449279921090485,0.001337146075072848,-0.011805801082565459,0.0021313690110682515,0.0037190822951134184,0.0029793626816878582,-0.002472890873426725,0.008083001357089614
2023-11-22,0.014682465306709469,0.0001317319951776863,0.004896236576928281,0.014839266568636544,0.0016087689809514139,-0.00025953971106973395,-0.0067857589711185495,0.0075136269645244,0.007827184422817046,0.00656055435625702,0.00037926163964852044,-0.013632208433305815,-0.009205214207171686,0.0052241078677086605,0.0028559343462759568,0.004738358470668613,0.009302291905832094,0.010759947065492659,-0.03107274015725714,0.0019509390395873183,0.0005777236229465021,0.008369715877052375,0.002708779547435647,0.006405336316626098,0.001527121991246716,0.0028006127628918964,0.0023450040466539424,0.007426110001520714,-0.0032836594389415996,0.0037336072207800886,-0.0024188823995374698,0.00559502214335561,0.0049980453526581314,0.007732950032603991,0.0004202290331583036,-0.006747552054992223,-0.004590399221169217,0.0024099541641471323,0.004547426974951918,-0.008954291095188971,0.0036170015965639735,-0.003871424146111524,0.006151300815664618,0.005020632284463922,0.0040650044046055545,-0.0026985687852895124,0.003801020813675171,0.0008066449016068677,-0.0027909375674561865,0.0004711532957411002,-0.0020780928505790275,-0.003903729070008355,0.00498476119337754,-0.003480758648456761,0.005289338584437253,0.0024541935623521027,0.021369138020967293,-0.00018748390005918214,0.0049302831555617654,0.012658127469874492,-0.0014970401833795943,-0.0007275500891534836,0.003248048965621919,0.0053775171026380075,0.002957067527770363,0.006326609407174555,-0.0008547800426365049,0.009480409703366055,0.006711729013249901,0.009127804839926368,0.006543337781818259,-0.006027062806722938,0.001000875216215391,0.0022403662214467435,0.00046593298953712114,0.002739270032349639,0.011878881582986889
2023-11-24,0.006081516042327539,0.001713295829180339,0.0035349487482552178,0.0,0.003405017938743704,-0.0021198257066140647,0.006832120091319949,0.00040924167337519357,-0.0005891702965596934,0.009214946251862699,0.004360181843062749,0.005487606738181272,-0.008700727903445449,-0.0027796885039441666,0.00014422170936057022,-0.0015719791180366371,0.0027649788010843945,0.004365110731399113,-0.0015373496914148355,0.004172397997172617,0.008155302892145055,-0.0008300311841622499,-0.003714477884545042,0.000949996263937436,0.0006776643079182687,0.0014785662132925648,0.0044840958396501485,-0.00412794886832335,0.0043629730550782675,0.0020215905725078365,0.003093696288221981,0.005719963171339826,-0.00019124563440431341,0.002668970743459509,0.001092046811308478,0.009936662681202524,0.004777780652789332,0.008768247130668927,0.010544350604754005,-0.004759570363408683,-0.006069776198130872,0.0169301636840824,0.004138465972993055,0.0035746655677353356,-0.0015182212287649932,0.010265419799666331,0.009115968934872098,0.004131356737682612,0.0014117448027832769,0.0011772836266408238,0.00832968125337663,0.005658238942659377,-0.0037830765850123127,0.0077064530312720425,0.007971938620354502,-0.006691711864401095,0.0020045560350929748,0.0024373650472706565,-0.003311623293375643,0.0007331826099019612,0.0027486409068799844,0.0017111486428305067,0.006475221923677443,0.01860934452394103,0.004871198164097867,0.0048359648347560125,0.000546246397702177,-0.0009030023121736619,0.0035347967454109064,-0.0022613104098777592,0.00849087084110689,0.008394078844559782,-0.002041381192862235,0.006448284891607647,0.0013972371918065107,0.004103942500894853,0.010174143055250884
2023-11-27,0.01167277521838983,-0.0006578483140704527,-0.008472934562254286,-0.010560528839118066,-0.013574048256302262,-0.006503032754224813,-0.0011382300539362067,-0.0031818043101917715,0.005520148093002053,0.01373313601458026,-0.015855052482696586,0.00012127578922571658,0.0016364267830106805,-0.01333171726597182,-0.0002523240985352615,0.007675642178853526,-0.021446021015800065,-0.004789577385891808,-0.02155653128593782,-0.007202169875978992,-0.0046532350969084035,0.0002623188102199858,-0.005875090497236335,0.004128286488137789,0.003724727084603918,-0.0001640355903707036,-0.015566041890482607,-0.0016284323520648902,-0.0006205646536383558,-0.005931490174080012,0.0,-0.0022749725095654316,0.0066959722796235965,0.0002329961500062705,-0.007929845677135172,-0.0030620982370013206,-0.00020677767752508291,-0.007710683269860241,-0.018628809643587818,-0.0077814627794458024,0.0005724799155573113,-0.01617714479218013,-9.372544368280167e-05,-0.014424522504216108,0.009967902792308303,-0.004804229407938676,-0.018437856556497212,-0.006638052337466505,-0.014023578918037738,0.0018814208724406978,-0.0028261189732050607,-0.004035326275312334,0.003797442601199963,-0.013334107286492536,0.013128785432273693,0.01714322071791119,-0.006376620590454851,-0.0009351246980863204,0.002215115683531721,-0.007106236049107095,0.003488646546776941,-0.004615902680941475,-0.017289969541350092,-0.01072093132727825,-0.015052969560536922,-0.011288046238165261,0.006026430355297041,0.013376747696114633,-0.019752066087431297,-0.01259128711981028,-0.016049480109175174,-0.006676499825570947,0.006095017230443034,-0.002819017670788737,-0.0030812305218459457,-0.0023882832334852777,-0.0007747610827001372
2023-11-28,0.01483468060094184,-0.011058403739006017,-0.0002880285990265463,-0.000821036833438038,-0.009931108508686948,-0.0007418403589558586,-0.004777333101312675,0.01399905163113524,0.005063464395520301,-0.02555646087264718,-0.00978130563586932,0.00044464453139969606,0.006237905206050387,0.012037740391992013,-0.0007391199301851614,-0.009179711205069552,0.003443912900576551,-0.002941061678797263,-0.006046277957798996,0.005580378406471853,0.007551752669250789,-0.018314548753225246,-0.0010228019101666819,0.006710449245544092,0.008433816111032,-0.017227192556789728,-0.0007492586607263929,0.0008896434819360977,0.010201311649421285,-0.004627372084851866,-0.009335697977198576,0.006736814238141431,-0.012732766677031049,-0.01889551093990871,0.0009727034489639408,-0.010020168338397806,-0.0022745807841603183,-0.01582361029250401,0.005455331389828233,0.013479240643100354,-0.003051674662880699,0.006279310057833554,-0.0038407367237871526,0.006240304071493119,-0.0048510723779155995,-0.010381086934568406,0.0024541674612452713,0.0036080443027730613,-0.02827036513183956,-0.010563309022547318,-0.00872023023780566,-0.012479196334668874,0.005296384186429526,0.0122082442168705,-0.007181934071075702,-0.023531372930840955,0.00906003787144205,-0.0025585718845210215,-0.01313850273511541,-0.006677479432214972,-0.007449695397326761,-0.010625492803124303,0.015548310870735937,-0.0003317197639606251,-0.0069939214232764835,-0.014470254406286687,-0.020889250299072737,0.0026756637086546853,0.0062769360394496765,-0.0063759246579273565,0.00768774104837755,-0.017902146782324824,-0.003858879293045958,-0.014049575703585004,-0.010496911658640529,-0.043462129596447574,-0.005233581255380759
2023-11-29,-0.0004060594321378952,-0.0002662975469852613,0.00451394428435381,0.004930112207579773,0.002294635116844912,0.0007423910946320333,-0.005328782643405194,0.00926382877109,0.010977349597927288,0.013676951719070463,0.011233732749011516,0.007878775548453287,0.020368963150080743,-0.009952637852547741,-0.009506554934946121,-0.010053189949441932,-0.006574799420844379,0.0008938411094623344,0.010888333180051557,0.01664812594004661,0.008525704360769604,0.005387625155159448,0.004664346138766984,0.01675823754717909,-0.00041818013089889305,-0.0043406542702901785,0.0020519937637974994,0.0031110975477430802,0.015103628926821822,-0.0015904061157614446,8.414626007446913e-05,-5.152501881333649e-05,-0.00692975178180133,0.003268612240987734,-0.012379553686208467,0.008595709456079792,-0.0017409344110479452,-0.0008614008732951151,0.007917218321495945,0.017249713298097546,0.009374397897087272,-0.0023268240465597056,-0.0011284275699462443,-0.007272366501985372,0.01479235549822655,0.0041010691761838025,0.012617740167527813,-0.005679848082079109,-0.008957584663219609,0.00035585739277443906,0.0040685258637975785,0.0035870836369671366,0.013129283080647092,0.016997637566855683,0.002044363387376791,0.02354698154117263,0.009477422168570948,0.0005630597195753761,0.001617484745245923,0.004865357692084515,0.0055040630294478365,0.0032477299622235556,0.020547908134870507,0.01172559094364245,-0.023998931394555,-0.00035926528393304125,-0.003513967430085918,0.003380224951093025,0.0010849221005539977,0.00744355550159459,0.010282524455918596,0.0446169959639251,-0.007539529255821353,0.0009557790759555651,0.00035370216543917365,0.0007095334811455523,0.008378805684582824
2023-11-30,0.006093210791947801,0.0034620791146895424,0.014341724076423201,0.016353292757595783,0.015371477967361713,0.0033163760890797533,0.017754336739571164,0.032081327995374664,0.016680656829294316,-0.005782480412382052,-0.0047883176105285585,0.005091217831221018,-0.0033270032789953774,0.01346348789045626,0.007594490384584374,0.0,0.017964062497557887,0.0009377393022056424,0.0012914559897552191,0.007914872280518459,0.002770472244169264,0.00837023633350098,0.0066810551873663915,0.00512465641308002,0.012707182391386018,0.005533240830527308,0.01929662418053324,0.018756524732433055,0.012716273703344383,0.008740756335594568,0.024734992091238306,0.008545267729074046,0.019577404895249728,0.018122569305381697,0.013989323090741967,0.017044828905732556,0.005730216246870201,0.026293130332971648,0.01768745491197632,0.007765478451917218,0.000758146802089632,0.01139612983542082,0.010355797141090584,0.013375215978540966,0.002981618491974425,0.011779812497048292,0.014320261320594607,0.01658073198964405,0.013414595816751307,0.017312926037848175,0.0055854287904471,0.011960928716509445,0.006768466236040993,0.0020409862081718355,0.012868795968538072,0.0145465775371163,0.006547330805092955,0.011942707244010142,0.01838513486874027,0.018036682905260726,0.013685072668609077,0.01048413089284006,0.009474940901891493,0.002757944249615951,0.024455445382998375,0.01590949477922199,0.010547624646539466,-0.0003546180358611206,0.017158069617918104,0.003821694926851027,-0.004465117248404038,-0.00041999959371419315,0.013304766912460853,0.011805561166486678,0.011535712551292043,0.013536335349111583,0.01574876573350692
