Date,ACN,ADBE,AMD,AKAM,APH,ADI,ANSS,AAPL,AMAT,ANET,ADSK,AVGO,CDNS,CDW,CSCO,CTSH,GLW,ENPH,EPAM,FFIV,FICO,FSLR,FTNT,IT,GEN,HPE,HPQ,IBM,INTC,INTU,JBL,JNPR,KEYS,KLAC,LRCX,MCHP,MU,MSFT,MPWR,MSI,NTAP,NVDA,NXPI,ON,ORCL,PANW,PTC,QRVO,QCOM,ROP,CRM,STX,NOW,SWKS,SNPS,TEL,TDY,TER,TXN,TRMB,TYL,VRSN,WDC,ZBRA
2023-04-04,0.0,0.013339316731571182,-0.007145762525449739,-0.003980451586111822,-0.019576537751034295,-0.005909902453648752,-0.0019428783931929594,-0.003249549147529285,-0.01798559050100268,-0.005961607054083218,-0.02052218166132913,-0.012545359550162893,0.0005676480322340804,-0.022820007529518738,-0.0019261066960312156,-0.01140625723210853,-0.014878294701448302,-0.00029621330491047537,-0.020725400837123376,0.00946979425262473,-0.0007973570780348549,-0.001678766819962041,-0.005127376721590027,-0.032736919597631475,-0.005827403517582375,-0.01347204817786607,-0.011375056292286412,-0.0034831522935614423,0.006384785053348274,-0.0019515163574930217,-0.02698377902319482,-0.008423026642350173,-0.023405998019682683,-0.015388801335648461,-0.03301957222936258,-0.012936773336203133,-0.039255243366231984,-0.0001740692800010768,-0.02020410817654905,0.0016465905926992264,-0.015578715363316897,-0.018308576014440248,-0.03220138158152874,-0.032659619741345236,0.0008518250070352895,0.001171475196831917,-0.003669936934631357,-0.03588780259753388,-0.01956063457791246,-0.008575597347486918,0.0036133718521516034,-0.0062358491857626985,0.024887506300750983,-0.028452087295491313,-0.010310098576782667,-0.03529685523320425,-0.016270562758555096,-0.03473795246936218,-0.02041712288456876,-0.027246373863035966,0.014717073843554473,0.002390596111276011,-0.03387102447282064,-0.009433667572548599
2023-04-05,-0.01577811350070657,-0.008126716688080071,-0.03452597364305687,-0.0020626019510674443,-0.01984158616881304,-0.024344049386609723,-0.016607926178578536,-0.011290390463306599,-0.023310036279654667,-0.023269789822404463,-0.028378930083648668,-0.008511806055831461,-0.01867522599795879,-0.006868424919655225,0.0,-0.00016479200630736823,-0.004937637985179544,-0.04379379584878651,-0.029306668215647536,0.007943054748274392,-0.01838120865534132,-0.0313731084772052,-0.012429887519342375,-0.002929135728119925,0.008792455878011252,-0.012414720214276254,-0.004737711455253701,0.004103210015208525,-0.008156829242800812,-0.0015006947751553534,-0.022326730680194085,0.004979480889774512,-0.00851873052697727,-0.02861154603166194,-0.021435999907231218,-0.025967647382008296,-0.004365279857799886,-0.009889241436984664,-0.020061655925418087,0.0008397188525608446,0.0019141905062378672,-0.020835538669966347,-0.01760152110716484,-0.02484389095826811,0.009467993266355057,-0.012108287099988568,-0.01144199923144018,-0.023136246786632397,0.006050717853886223,0.0024592123777242847,-0.009584175552216134,-0.00734607624607253,-0.018317406668006075,-0.013765982528048615,-0.01706805769679931,-0.01409671128405332,-0.010494150983132666,-0.018042429783181935,-0.01773838378571191,-0.023440609884764152,-0.03201380758565964,-0.006593423529886899,-0.024485177714058004,-0.02772828154426399
2023-04-06,0.0013153611574563406,-0.0037170382466699126,-0.0009723027254149308,0.019506451820193504,-0.005253153290110557,-0.016809381721844097,-0.0037735888239017745,0.005495931448347591,-0.024463081664940045,-0.01848209809379442,-0.001063055988980044,-0.010126919286057912,0.004625201026976278,-0.013140456867015038,-0.010613654135410822,-0.0039564245390064645,-0.004670268879984452,-0.013786328260385394,0.013272926826185971,-0.0033287380742764716,-0.006207342729065868,0.014384176815162686,0.005679126761655162,0.0018840092316745327,0.003486374191196351,-0.0031426344592954125,-0.004080159857163479,-0.01241097651882106,-0.0006092307504346195,0.01913914295455177,-0.013461462805550828,-0.018070565100011815,-0.0013465420930154348,-0.018212205315217944,0.0006281186471281952,-0.010311804238897881,0.02908361633163592,0.025532872725764433,0.0006126068617027247,-0.009366194332681155,0.003024949285503009,0.005803232017424609,-0.01687664786360965,-0.01567813644216043,0.01085472821260347,-0.011587187583000813,-0.006738532410289877,-0.0028420699270148564,-0.0003251329545725934,-0.0038866474262355677,-0.014131352932959418,-0.007092199871043148,0.012410969715614506,-0.010046266465614018,-0.006448810704866026,-0.004257427520729884,0.00020748914076840208,-0.00829799146471566,0.00519193382515426,-0.004068363782754991,0.014609417216242537,0.002918448079751279,0.002567032203725228,0.0003665363031077895
2023-04-10,-7.113458345331392e-05,-0.011429337976238796,0.03255112032545915,-0.008742965382926626,0.010046398983749816,0.02019562623938831,-0.0007451261934312559,-0.015972275011977177,0.017911855721413295,0.020519228364450637,0.004053932637092084,0.007628621375389555,0.024410110462302903,0.019083462158969056,0.00117030035070953,0.011419998477666171,0.022874088597061748,0.025130906030145672,0.01624281792759552,-0.0007497826004881913,0.01063327175840012,0.036770839931784316,0.021215004430102713,0.0029641200821712843,0.002316024155528007,0.012610228458302508,0.015363501494099152,0.004061291960540503,-0.008838878369679892,-0.004566211299531497,0.01181784283884646,0.006827074062296656,0.010658129451745602,0.021379393825242676,0.027683884718118668,0.02350706354736687,0.08043028873329461,-0.00757891716935799,0.031988415099255096,0.0005644139912512891,0.032539723780971475,0.02004683722292433,0.013580218471985539,0.03132467115829485,-0.018425397599643678,0.003595073556699635,0.008380520509942313,0.004961401611458971,0.010487840326408593,0.0012394298510138846,-0.005505050853251925,0.030279476804021543,-0.0010356355109973903,0.003951631775439113,0.01082670956922338,0.01072933048341218,0.00537080691045233,0.023309133526962178,0.007298416478824787,0.014705907560596199,-0.0024092279346571432,-0.0022528664838037393,0.08221904023306226,0.005661698641720836
2023-04-11,0.01650812427887538,-0.013661168500830545,-0.015186473886224738,0.03182919285339447,-0.0028054229291680777,-0.008064913557095377,-0.0013360448691088767,-0.007591222986454649,-0.001030129202019836,-0.021577908214921004,-0.001816900229436258,-0.009276429966870614,0.0013107943377970166,-0.0028564869479303923,-0.013832226778500267,0.00949107818918904,0.0028669350384278314,0.0055158417478125,0.011652338135571316,-0.005798131433333187,-0.0008976048751243582,-0.009432627512684255,0.0013450356144815157,0.004862078349141319,0.026574308720787698,-0.0006226443662523673,0.006724985312088316,-0.004655391955311727,-0.005227589108815822,-0.01623501251632209,0.000842757260125504,-0.008254778987195177,-0.007877552025383427,-0.01243902380153561,9.849696900454674e-05,0.0,0.004741646000236965,-0.022668424506132934,-0.008429464284312571,-0.0004230174032292533,0.023827705301894042,-0.014866490145566846,-0.00307407838962781,-0.0061775514336094295,0.00223973038000147,0.000986410789236336,-0.0026119535477712175,-0.001050404173599473,-0.005792908501250138,0.005661931985436963,-0.013577764002980497,0.007987843936198669,-0.005966501431996507,-0.012076208482420081,-0.00155266284126776,0.003511885896186895,0.003645442783704711,-0.004380439036443473,0.0025080197495777057,-0.00020133124333787666,0.015712455142760096,0.005221566472813022,0.00867502650933738,0.0068552370605252655
2023-04-12,-0.005083946693720032,-0.0032873561781672223,-0.018079304161561782,0.0056987001674460025,-0.0011508571138810764,-0.011192695604765879,-0.015307592706127027,-0.0043531517069892445,-0.027667905918268065,0.011277507956109156,-0.02335926355396012,-0.007834897105340799,-0.00799479507572498,-0.002175054333466764,-0.010074864732400934,-0.022856185613963076,-0.006860929301477525,-0.0043173815645807245,-0.014711935927189113,-0.010291595197255532,0.008056395849688647,-0.01018901776930059,0.0028358573344215987,0.012776346902674707,-0.009003868469835252,-0.004361347552757633,-0.00935199518522023,-0.014415044283431433,-0.010200866365479344,-0.005508503627166483,0.003849846863630324,0.0035672255180760892,0.009733010759317429,-0.02056039284935951,-0.020570982363804835,-0.016387413603093037,-0.025326459666716317,0.002333503595485009,-0.03868847180653523,0.00783070926199314,-0.003002901672396363,-0.02480758796809235,-0.009657902465395107,-0.009842037350637933,-0.0007449631257618883,0.012810545365794734,0.0030156118322031134,-0.01661410995169088,-0.02670552284041483,0.008593429355353122,0.007570585733448265,-0.007475971518944191,0.0034268130911068173,-0.023089566477510037,-0.007590946044132685,-0.00278381406831818,0.0037007312785550806,-0.007821601592057026,-0.01289810129023583,-0.011274362376438973,0.0042799561717463686,-0.00510082982562321,-0.009642922652710939,-0.008617554608778666
2023-04-13,0.0053212762825809445,0.02408816889258225,-0.002599431261825602,0.02451340054556095,0.006913295441453693,0.009664226273099707,0.010616499645541344,0.03410359404493324,0.002739453176551887,0.020940397418607315,0.016307692259079687,0.012226195982140808,0.02276370062108124,0.005954625243101308,0.013769575570252046,0.005474473613484632,0.005469139098313702,0.06968323086860129,0.03455298413283736,0.021906437865576223,0.020966405292953683,0.016210472495461925,0.017859754496789337,0.002216991272687263,0.005678491423468879,0.003128990327543546,0.008091669123731382,-0.004978956464934736,0.003435412451244124,0.015445068177159404,0.008029723790296428,0.00977488494083234,0.013126970850284803,0.011482143905810371,0.0025751324887677285,0.011359187531850612,0.01678506972558136,0.022399423323046674,0.023503267131614436,0.012879593817743284,0.0061746127794635175,-0.0012077876321532344,0.009987033372005794,0.014778933650908765,0.01757189180805363,0.013262988294145739,0.016377936025121054,0.0010693552941123396,0.007150515588854267,6.780982910048472e-05,0.019440924789053238,-0.01551675334196334,0.02560296865227185,0.007693083460393657,0.013385766206263305,0.004944986462572798,0.0071010655071139794,0.004532911090387115,0.008786251582756588,0.013642805143930126,0.012395146565295612,0.020084613786853778,-0.029473656102230628,0.015792474396308043
2023-04-14,-0.02110268672563087,0.0015311961682553665,-0.0036920007754494,-0.007454552492932476,-0.006484373221387285,-0.0031201037366354045,-0.007441003087060305,-0.002114043606949778,-0.005023335103734317,-0.007221234486920358,-0.008405042621387082,-0.007529144370372776,-0.011335844050263888,-0.011891496987935679,-0.00511804214305267,-0.0094044188972644,-0.004294414982467409,-0.003767506966111167,-0.013366253241875903,-0.013296293773656487,-0.0010304125877863557,-0.013537823935989013,-0.004679042223718066,-0.01894312915669616,-0.007905131390281595,-0.007486018874253708,-0.0026755731882878164,0.0018764669079180951,-0.007469685349902666,-0.0004300475433351991,-0.004161136971917889,-0.002933409106104179,-0.0012518587576292317,0.0017361703611409318,0.004996409916954381,-0.007487737078239576,-0.005873037942218828,-0.012765556604906192,0.0009017315962980277,0.00711823618285945,-0.006885115696248056,0.011147507625715036,0.002501192620752102,0.004253149202605888,0.0016745469350269993,0.007934539662210582,-0.005682728621987487,-0.0004272688993144369,-0.008007802305930345,-0.005875576084741763,0.003247034378675462,-0.021270091728285645,-0.042337127653987894,0.012509203523414891,0.00031448558013225103,-0.0006349211027181223,-0.005807988572305023,-0.011673649640325912,-0.0007258686409827853,-0.01707510034079396,0.00250372443598601,-0.0018904800689406587,-0.0385033064673701,-0.01009251958045887
2023-04-17,0.002614068257854374,-0.0038483616328939263,-0.020490433279759857,0.004603237303089092,0.006270796070096507,0.00562310761590834,0.008536212696185208,0.00012101867118707865,-0.009831682675843112,-0.0011002929575467668,0.01248326636220165,0.012622329019482015,-0.006478673362279586,0.010483473194248916,-0.005144525644814157,0.011825448488735235,-0.0011499135395303117,0.07668743293692626,-0.004560831430795997,-0.0011687739602070923,-0.002277779647923861,0.05033592034736145,-0.005288682414654633,0.014894570530611162,0.02219700185290696,-0.0037712103772571393,0.037223335545965686,-0.0024973109918355885,0.007839374872107285,-0.0034645006743088125,-0.002865482558164434,-0.012356725854592798,-0.04092503684639959,-0.007812607106568836,-0.01633254217317115,0.012699626120030283,-0.0014370726929012756,0.009295911273746293,0.010664918119826838,-0.0018527437061828245,0.020045198590295188,0.009118764688709646,0.012532637169576422,0.006288571671955623,-0.0012538509351212035,0.008624153628399744,0.010647404252833281,0.0004274515360618292,-0.0064914039649525135,0.00684233480427876,0.012483986698004212,0.004534100925429829,0.016240824640945783,0.004723770667866445,-0.003903768242944472,0.006512060597950953,-0.004114448129032944,-0.026203403908594325,0.005978447868302927,-0.0049050005511936945,-0.004857669504599649,0.0030952515391491353,0.01579248132401201,-0.008644566560856659
2023-04-18,-7.15113343817686e-05,-0.000979110980150244,-0.0010014906479857144,-0.001326427227140603,-0.0026707782728224716,5.274231460372647e-05,0.003747930022118595,0.007504753232916883,-0.004651670673453512,-0.004466991406916976,0.0018265798216079432,0.00790613250843264,0.0028617029455417775,0.007251724424363726,0.0005967104725093098,0.006090483290644766,-0.006908552509986343,0.013115761036181173,0.00169692859445858,-0.01645098712644688,0.001292265929504266,0.002695401066909353,0.0016245844312348101,-0.005695175650111239,-0.005011069127050627,-0.004416380111095353,0.009375999554099845,-0.00031292992276032994,-0.009645267604771801,0.005680554658299419,0.0076630015418850395,-0.012808942287448,-0.018035643526446488,-0.0024185750802454553,0.005500734930672602,0.0028556712087379754,-0.009753720518345665,-0.0014887728449534121,-0.013973011375386535,-0.0014437800355163732,0.00413713675392402,0.024627857058311386,0.007277450111704997,0.010202721400329073,0.009205993083017061,-0.005766572086854049,-0.00728176053972307,-0.0009613753967598893,-0.008544162831179647,-0.0027093525840947708,0.0072051865016857786,0.0003112282552428791,0.011560944814644758,0.00216996231981037,0.0006312376254868912,0.007969007826967855,-0.004610689281712932,0.015696695445267972,0.0014995289562791392,-0.00862596386919845,0.034197445360617085,0.0038686331644675054,-0.008328684987450763,0.0005658438147155831
2023-04-19,-0.00021432963326339927,0.0067805526191608845,0.0017821749196356151,-0.007486147655960229,-0.013644539156268176,-0.005433151580602202,0.009334743775033294,0.006968164597188409,-0.008358023885887356,-0.028274669829034815,-0.004507467224128314,0.003447654974169101,-0.00046782102969022965,-0.13227183641949702,-0.045120237189387624,-0.014234193629649172,-0.014492905114066978,-0.01579844175129408,-0.02137895202127904,-0.04087057430776153,-0.002953952095755996,-0.005877498228741507,-0.007372456535681193,-0.03307634859362707,0.0,-0.051964514703136455,-0.03235113047735416,-0.011425889040037163,-0.02136346202114814,0.006552367277939508,-0.029111287095963667,-0.04164149925060079,-0.0109136843216886,-0.02680418561757336,-0.008781359579824843,-0.017209347917370388,-0.02066842140805958,0.00027743112199951625,-0.025482454507209873,-0.005610954323479023,-0.02663333337910201,0.00954196093955928,-0.01700985679963385,-0.02891050299199216,-0.006841571872727603,-0.023399963378906263,-0.015528601866204195,-0.0099433370823655,0.0015208182513977153,0.0030335878160256957,0.002115859793175412,-0.021938649066997162,-0.000840340983404797,-0.014254746836665166,-0.004363493136893881,0.003913942912945556,-0.019376692335097534,-0.010938286545589482,-0.017968098098688823,-0.013880297851433188,0.007920003255208252,-0.010781328120176292,-0.030795135812615948,-0.026178342112775033
2023-04-20,-0.015541185713422334,0.0003946868533952763,0.001890128578282635,-0.01642333971096288,-0.002456264034623512,-0.008326652890425001,-0.0028669852080347447,-0.005846226850345526,0.03670470942284898,-0.017078860211188873,-0.009768000573834756,-0.00233250965985643,0.0002807954280334979,-0.0026647118047637974,-0.03039132195355454,-0.004647367250929513,-0.0005882046407985619,0.002318584758397524,-0.022538463675956688,-0.021087189531524553,0.01169263337411941,-0.012191226143937084,-0.006238832009050066,-0.01008975291130787,-0.013430440836904256,-0.028074910747140525,-0.01919892031282755,0.00031670846650588835,-0.00930978366109625,0.004287463638622313,-0.00391628034700775,-0.028337508155541702,-0.00558434908018135,0.03999884775719176,0.07229861775970492,-0.023683472424372742,0.013355257847851743,-0.008112370070748165,0.006299895974072767,-0.00398097738145009,-0.04217684883717787,-0.02960866123041017,-0.018346000429915743,-0.0345813325017571,-0.010228546115250703,-0.015615415407470246,-0.003884000308659097,0.0038876956402129625,0.0008435576576224513,0.0002934348821856947,-0.0070882951693567176,-0.09195027023119495,-0.016610933697755237,-0.0071389413013733805,-0.0031945283157965854,-0.004990257211663018,-0.003367323898793906,0.00862421884763065,-0.002597726005824641,-0.007773087053478012,-0.007699033396066146,-0.001623183622355362,-0.03755052793670821,-0.007651389114744278
2023-04-21,0.002830766126169948,-0.006811119421910816,-0.018643882963005898,0.0011132216324527544,-0.004147277398687699,-0.0034228444134238867,0.00037098504454746717,-0.009780876951859141,-0.008130057823071968,0.0030889743833220074,-0.0028257452398402494,-0.0001895513351228839,-0.0034155043378639727,-0.009412148449503555,0.009660714507078172,-0.00800395683569144,-0.011183042537851517,-0.00524931140631002,-0.005667040916774724,-0.0010435255353826722,0.022446801393924076,0.006310029314036347,-0.0017937629872192273,-0.004668946404095542,0.0011343658314351135,-0.005502014756665119,-0.005062381067896804,-0.004985780804828477,-0.018146543326011066,-0.002235110142498664,-0.03169932337517489,0.01458190756107891,0.0038565091587317024,-0.009954461905585243,-0.01772025102568564,-0.009032208536371211,-0.0053693477021566904,-0.0012232548518811281,-0.007332435826955974,0.017482186951496947,-0.0023674975193466175,0.0005535528916691401,0.0011790691125166397,-0.007002481248344017,0.003374522178592354,0.0050969766773933944,0.007320746258852484,-0.00010759613090549625,-0.007417352561061463,0.005009127905541311,0.007695834715889971,-0.011562780328659983,0.01201649615739142,-0.016224137785067816,-0.0007945433703478999,0.006190719407341838,0.0037306341913436736,-0.014284318320792133,0.0022648408387280217,0.004869776507845369,-0.004452575377344448,0.010637772289140868,0.003601408552936114,-0.009018295526178721
2023-04-24,0.003329299100901073,-0.0008738239153500693,-0.009725213246451037,-0.00358291211737094,0.0020822244637972442,0.003327287419773617,-0.00185433164364468,0.001878459676063482,0.001322061080088588,0.0044267816964225215,0.00901643584429479,0.002591156615538104,-9.391677211711968e-05,0.017225623600106044,0.007654771807364291,0.0001680606868634804,0.0017857378263417267,0.00442737574554708,0.00021371978857187557,-0.002910008783879592,-0.0078834073441445,-0.03222834392011931,-0.007936489802111035,-0.0005285533214328675,-0.006232163299438653,-0.00829874903148331,-0.00033931117306640335,-0.002624712542569574,-0.021122010677184777,-0.009139718790250217,0.0059637061750272835,-0.0019163441130286563,-0.010379411854239629,0.0009409430752616021,-0.005433126683532574,0.006119695839950312,-0.026500971293629716,-0.01396278646576965,0.02144702004732868,0.0022203137984579957,0.0014238941231474733,-0.0028393990852237927,0.0004123523658134953,0.008679134908992081,0.0030478857344842236,-0.006727053307931774,-0.0039497591789592335,-0.010112908476319182,-0.0034816733295319757,0.00527604830814421,-0.020650156436513467,0.010457256322720099,-0.0006549567095408548,-0.0052474258426971065,-0.004214590194381862,-0.001090358595848051,-0.004207714707198162,-0.003980108596992382,-0.006327029990166322,0.0010535026975360129,-0.003642346650381434,-0.008825143365007726,-0.016148239324351388,0.0010073239009034118
2023-04-25,-0.023624780316831906,-0.020538506586140537,-0.043051235082843475,-0.014631125639807285,-0.027662289108841276,-0.03112968347616929,-0.03179858493004073,-0.0094356634960856,-0.026406175609269944,-0.01903420908283915,-0.028747905072004754,-0.019730778592467635,-0.04263312054278823,-0.005001933600878972,-0.0063305041153957076,-0.0174789469048644,-0.022875788070357506,-0.017809438518699094,-0.024288639612073837,-0.02499447335655436,-0.005661721566744604,0.0030014526018671273,-0.046490593676297154,-0.025350287453882236,-0.010262342716754635,-0.013947013627586768,-0.0071258259972659665,0.003907558566693892,-0.02629805555225062,-0.05084567245601068,-0.04465175072390959,-0.008639981037051214,-0.03309950657048666,-0.03913307881408412,-0.028500380609806197,-0.03753068982515939,-0.023021328871129954,-0.022535936154775005,-0.04675110959850404,-0.013974142597439787,-0.02938391140712937,-0.02962060899023866,-0.03172646624020081,-0.05418121710285062,-0.014459552026187428,-0.04886683914119927,-0.01490996358172647,-0.0252146466792732,-0.028121018062342906,-0.02322673963547406,-0.021803817155366167,-0.016137523216599337,-0.06494714845814609,-0.04210627720966564,-0.02965372334829819,-0.03181035026127621,-0.023263466018666357,-0.03329909008327714,-0.037009675566695543,-0.03557143099167437,-0.021557371824817984,-0.013030966270391464,-0.02462010138977877,-0.014192013266394188
2023-04-26,0.001883836983170406,-0.017668223826401763,0.025536984626679526,-0.00968924450274622,-0.01282217746790304,-0.0026498770203464694,-0.004669081917686668,-6.108816069350098e-05,-0.0027122512678691146,0.015496841088924018,-0.0016298449421179306,-0.009372754981760822,-0.001422232931895251,6.053350067558583e-05,-0.01167975316681702,-0.0010263286857776777,-0.01976276765271745,-0.2573436205882146,0.005256058820272802,0.0029166083536282805,0.006821464774891206,-0.052344104575868244,0.003641022061112942,-0.0015938187030966056,-0.008640513215588341,-0.0035360193225069114,-0.010252858996692149,-0.00031772738449975524,0.005886334111091074,-0.014601076200202012,0.019672572113680786,-0.030342044729967932,-0.005071502532311922,-0.0010901377005624324,-0.0046425496095579,-0.003496023094043954,0.049535623311523835,0.07243458722910767,0.007142603289968408,-0.0055650209996573885,0.01513666881656639,0.027247313581650223,0.005167104422550528,0.02274340453197965,-0.0037209242056981395,0.006682291247036787,0.007970355616026215,0.0011149344564509445,0.000964491976652937,-0.014427509518494142,0.004457996075305282,0.004457129553623318,0.026566880782378233,0.010915620483364474,0.001563677409616604,-0.032050227373183304,-0.026821701366770645,-0.010810768270650306,-0.029104349425623233,0.007202135164832146,0.00843377029279302,-0.002960131924034881,0.01838579463329504,-0.012953159439357376
2023-04-27,0.015633742475021917,0.023026540862000067,0.01745403720488259,0.03837362629692431,0.011906336390628436,-0.016827172882289854,0.012080741175944487,0.028395287186157914,0.012419669762890662,0.005129441898758413,0.0011058805719692533,0.0036027802733522574,0.02087323799057006,0.017623602346020784,0.00042971923473089646,0.013869771364407146,0.01581870024683729,0.0021363049552272084,0.01394283536120855,0.010637479215782175,0.028445052551786754,0.006616246607001441,-0.005362778302917093,0.027205960473923207,0.031377028469304236,0.012065238940612844,0.02624304262706012,0.008899445730209177,0.027883095003232716,0.03737005838972007,0.00802786929238497,-0.01531299352644011,0.004530969130254414,0.07633769238231602,0.0432047999131735,-0.031169847161273023,0.014421590345266466,0.032027688269282484,-0.011959373296472231,0.0207167376657571,0.0171557091794885,0.01001650751603278,-0.025158655487248494,-0.027380037176731542,0.014192748580951431,0.007236530168343247,-0.014856235269082974,0.006014042878063508,-0.0021022688598901773,0.05087585466121736,0.023078519581992696,0.008164715968745018,0.0006827688906618778,0.010797604852800902,0.009011253053742951,0.009900149581578921,0.014990557654231518,-0.031715409645994286,0.0049252209394292645,0.01105088417488398,0.05208681032519746,0.022148902053889197,0.0024479196943199,0.013194428044653872
2023-04-28,0.01757125625588918,0.016531107395627798,0.022072281007415206,0.0030592265818110143,0.009092120631353895,0.0127237981644166,-0.0034285288008432113,0.007541077740766067,0.01208812396660619,0.02168926559336648,0.02461728820554443,0.013082059755681108,0.0076493617493593735,0.009283980443490547,0.01481961597456638,0.008444599846861855,0.014351414348398261,0.0001218435458236744,0.011423464427596342,0.01741634934331504,-0.009160424315134419,-0.09087287672960609,-0.00015861300368924525,9.919247436895873e-05,-0.0045070070440487164,0.004207502190346268,-0.0003364392884624978,-0.004410534415059786,0.04018744834379162,0.034462699223879234,0.0038536726249651654,0.019269748173625034,0.019381210880466293,0.004939720315712437,0.010002022635725583,0.016573692077179514,0.03974140620655331,0.007971747622681269,0.02978088480101726,-0.00766220989394939,-0.008669591893206263,0.0192094965183216,0.0158198208759599,0.02829373581821759,-0.0033669845103940776,-0.014368995643266103,0.019863828850172238,0.01937340822015088,0.025280919226623677,0.003973603849625862,0.012401718105050641,0.034683145013000294,0.011181091541114796,0.019151252387118678,0.007953507313648078,0.008073142825678392,0.008297047964999749,0.011176259818541645,0.011677842449822506,0.00942988915876275,-0.018565544280435553,0.02259109863143638,0.05128206322500062,0.013761803918434845
2023-05-01,-0.0031039557440518672,-0.009031686842248643,0.0035806163700320415,-0.017445410319386512,0.012852714723843528,0.014787535493638648,0.0007963812095641565,-0.0005303731157714209,-0.0007079265893176201,0.0,0.008624713755713831,0.01827599913497635,0.005729276513375847,0.0043046638459272035,0.0019047619047618536,0.002177127443540261,-0.003311438788530685,-0.021985387804175693,-0.01214414617664794,-0.0007443145509179461,0.024781891235428954,-0.00947527500377543,-0.0038064689401052787,0.016994031586491376,-0.0005660091202474016,0.00837995083978238,0.00841460421648077,-0.002531363232474715,-0.024468810579732714,-0.0032436256317719403,0.014843129900187657,-0.0089552039809766,-0.0006914138823121974,-0.005458740759556102,-0.0004771017022969781,0.03274419961211694,-0.031230590399688563,-0.00553284257571085,0.02114862116586891,0.010878588111183252,0.012720625974561361,0.04183941943409364,0.01386345861111149,0.0885214400726213,0.0015835932410661613,0.004603728526700657,-0.0013514442142302796,0.008253632620798035,-0.008219340077003867,0.008465732051537556,-0.0029238385105169185,-0.003573246435147781,-0.019611704980811107,-0.003116229151797878,0.0008078955807699906,0.006782721281793247,0.005695019073118424,0.010067928464555731,-0.0031101079911588503,-0.004033941249772632,0.007360917483859808,-0.010820600190494023,-0.011033602455584046,-0.0020136325199585636
2023-05-02,-0.009591376962467923,-0.014673233526482199,0.0024529068426200062,-0.019617603837773,-0.014128764714049225,0.006135738666116719,-0.017029015739422948,-0.006191421572435907,-0.0069940952082211405,-0.1572178281644695,-0.020613849578024257,-0.04014413490156299,-0.00797527996419889,-0.014443500271166032,-0.02070131883187476,-0.00768712510846814,-0.01872543005033145,-0.0480104093087832,-0.02989138757027543,-0.018397149722640282,-0.00841830097444829,-0.024606093761944003,-0.021811856657029227,-0.018238022619715744,-0.04133622504193202,-0.013157930274333318,0.0053405609701075996,-0.00737575803282331,-0.017491711829547896,-0.01367203744221046,-0.016012942034216326,-0.0234270228339708,-0.01466718704622283,-0.015555500739456662,-0.0037225115472124815,0.009817041926016401,-0.007217201566796949,-0.0004908815041799741,-0.007652555651430859,-0.004786707809321,-0.022923529934249953,-0.024213051795043072,0.03313042128229071,0.01072381358680885,-0.0007378959452069012,-0.03497001394102217,-0.0027066069085435185,0.0063550623713710674,0.0023309545453782388,0.004557019884211755,-0.01997066121807245,-0.029200920670288455,-0.014941966056723932,-0.001610205403849596,-0.007507692216728201,-0.004626587616752609,-0.009022002297532139,0.00010823052953501389,-0.016438585530707206,-0.01982520375614727,-0.006966642949777779,0.0009571865073354502,-0.017322376065743605,-0.11135852637421462
2023-05-03,-0.005636965298467356,-0.06350025343016463,-0.0922033208527272,-0.006332320235529543,-0.007032903427519388,-0.006914997925652311,-0.002687705039046695,-0.006467340186584347,0.010074834898843532,-0.016669136695941833,0.0066521088840933995,0.00140436274522715,-0.0072737917575814715,-0.01721675397934619,-0.008628174530739607,-0.008420358083737756,-0.025238603909547463,0.016614293596339147,0.009088526002289932,-0.005083831877058076,0.017141842477632396,-0.011734649303017597,-0.015462190258402897,0.01278193315660836,-0.010631987627262807,-0.02105254875289808,-0.008632098812968558,-0.013662448215908007,0.029560018896336526,-0.015602758636197422,-0.008201001010731956,-0.0082248449285941,0.001053287159121341,-0.0007398328908355678,-0.014045428210434086,0.0017077229173769748,-0.015993604515135984,-0.0033070328674037475,-0.004315071771432866,-0.01548641626213454,0.0033745952556858416,-0.014463080664965378,-0.02303072491243141,-0.007452271713226488,-0.00021099472090069238,0.004353011900716908,-0.0021551456393454904,0.002033634173024046,-0.028249133876114385,-0.00933319620892703,-0.006345417616470672,-0.016358846384231573,-0.014875600010069823,-0.0017078381337481963,-0.0022503229197254893,-0.009948617315678865,-0.004697342473138577,-0.0016249407802585436,-0.0035989727514926795,0.0311004854156689,0.008307822201867765,0.0135239798390272,-0.012548609749759465,0.011979320111757508
2023-05-04,-0.031543081540499784,-0.02728461528670345,0.0611369480011259,-0.01809837095991418,-0.0033408415231755972,-0.005811703258353784,-0.016331695635527388,-0.009913385284290865,-0.007414678576335043,0.01966398473868125,-0.003458947751683983,-0.0049576497445218415,-0.011665452902123175,-0.006728468215579486,-0.005657017987517499,0.06759516597158632,-0.009472626098954717,0.0,-0.009958632050953709,7.634049723725944e-05,-0.020919988208149887,-0.015717349075803022,0.011406821087171615,-0.017001837839660805,-0.01791048001675921,-0.010752679905135731,-0.015405284846773504,-0.0071284167918062025,0.02342336458864569,-0.0167578432087081,-0.021059503306013694,-0.017622613347372806,-0.009118348775850715,-0.013062906872505664,-0.004489424893635241,-0.0028851751495774236,-0.006567026548482069,0.0033180056210466713,-0.015404044112248383,0.0062019322767181695,0.0011210196191198118,-0.008632399193426621,-0.022499323813039984,-0.009544413114324968,0.002004750784051934,0.007598732505342598,0.0016798582584121036,0.003952094705540921,-0.05539306876048289,-0.006441392840154214,-0.0011941006531864806,-0.014306118861075023,-0.01503152056483914,-0.029272056452707473,-0.003750013268512209,-0.01713210782203789,-0.00605748613137691,-0.02365451962098153,-0.006427948196448541,0.0040075643813644035,0.008579421935713816,-0.008131896593152166,-0.0003025210821182567,0.025145067698259194
2023-05-05,-0.0031894412955615348,0.03742967521309737,0.03729356546330531,0.019729966575844804,0.01515151827398209,0.011360518982935774,-0.004224976285314819,0.04692691287021722,0.03210319685462815,0.019506424272817346,0.009894854034026013,0.03271276236443166,0.0010242731069478594,0.012998948888776951,0.012035001226798236,0.006840534688402178,0.003506476710644524,0.027216547274315106,-0.10332458882075479,0.015938353237753722,-0.0063395693891777904,0.040853254357678725,0.05573710388534203,0.00971233489776746,0.04255315121417502,0.02246365645403814,0.02482991941653978,0.008811328162642074,-0.008002554935571782,0.008285015751251068,0.019796803685229403,0.014773100880278722,0.01691795368703297,0.03330382602617088,0.034202837664712105,-0.011179874493750575,0.01189880011050981,0.017157212724459248,-0.10385034928087267,-0.03047423684211925,0.021436555084157982,0.04056309837453442,0.018499300589260192,0.043556460360968385,0.021059183462283748,0.027484488687347763,0.030665998246738102,-0.011490522674822423,0.020641756647759912,0.010231915994952434,0.027081772132461435,0.01487667666147141,0.009964874056422657,0.0193852114306301,0.013474449040421943,0.03025228977440486,0.010842677133336087,0.02945096363765365,0.029554298737942686,0.009453797843798295,0.010762711522338764,-0.005797883564459094,0.012409196006390788,0.03320750110554238
2023-05-08,-0.0031243932718164613,-0.012456935746044007,0.05788073007126315,0.010056020113011321,-0.004755032009629789,0.0061617346907771875,-0.02436358486462431,-0.0004033849736714279,-0.002671002437083736,0.0006523525109931594,-0.015132845548870288,-0.0016821418735492033,0.0015591115614170814,0.000843439969591353,0.0019459459277066937,-0.02607050878721917,-0.00031758317522656565,0.02279987177455567,-0.043922934148008075,0.013661552685430012,0.006052068081075612,-0.00638297508784913,0.023068672823100655,0.00200937291842207,-0.005830914707935619,0.005669757020877242,0.001991426747901537,-0.0020218340935445056,-0.007098989544185863,0.002206899451716815,0.014365189334705653,0.001733100846340152,-0.0036892577320507547,-0.0055489542512044965,-0.005606318806643862,-0.01210435165394097,-0.005879410449975753,-0.006438142258396673,0.01787151987213731,0.011862553101315898,0.002349328978885623,0.016422590468202714,0.0073731882830083695,-0.008618623086874444,-0.0018562189978851285,0.04126576359984324,0.004106607696596765,0.01356145148178256,-0.0043206529285674256,0.0002837217442310802,0.0015688929821306985,0.006256741496842411,0.009636620420977016,0.010756771327077086,0.0004844242570887225,-0.002440232274823262,0.0010896179347004153,-0.013062793701920206,-0.009649093603717351,-0.010405827428491499,-0.006311878474669186,0.0017312388469337137,0.021823603156539306,0.014828333599721244
2023-05-09,-0.005059967272630139,-0.004098133093398237,0.00021040238713987414,-0.005923140891507472,-0.00212329729027938,-0.02655539624151959,-0.002310307161361158,-0.009971161788389415,-0.01650105810814273,0.0032591940636717,0.003854316439411365,-0.01677113939744812,-0.007443076461706832,0.009811570168258399,0.002805398495654421,-0.00016219875046141752,-0.009850697207849146,-0.033437391631896185,-0.0020706193217256974,-0.00207345077915988,0.0011271127770031697,0.003042901305664314,0.004842610259641944,0.0008218818003145056,-0.0029326139153055264,-0.0021140947413748057,0.0033123399311485446,-0.004682186809598754,-0.021774480304339816,0.0018505036995346558,-0.007910181567016283,0.006920409617594991,-0.0009082992969848824,-0.02025972178526192,-0.020919186911138477,-0.021004280629647543,0.0009856445788698487,-0.0053458376674691,-0.0411828550408756,0.005861795391478575,-0.0039062696965144195,-0.019896466705097704,-0.017613840077790544,-0.02123694927674724,-0.006715505012560019,0.02255634904479198,-0.0036268325795584255,-0.010937653173243245,-0.023451173514760337,-0.0015275563746218745,0.016574021629391922,0.01812048090461893,0.0054671506582215645,-0.05150133400307122,-0.012885291206694682,-0.012149381611672116,-0.006941650864744631,-0.012360337563695145,-0.007429069735051086,-0.005467893285065695,0.0014459759356508783,-0.008641442391772003,-0.016969041131543183,-0.02771173287046247
2023-05-10,0.020532835389352133,0.0039982347631424275,0.02061854759952575,0.08443209804778218,0.0035906818881925595,0.010076814546113866,0.007355708179823006,0.010420956293722972,0.013791305642301355,0.019636161830843157,0.01862715548312921,0.012546450334666837,0.0007842163557647552,0.005364801646646544,0.005164566076204302,0.015090128971747108,0.004172112093457914,0.022745969056842785,0.0037174748161379334,0.0037102999434646122,0.028023485504522716,0.01539328928743866,0.009186755968880744,0.00029562244212399946,0.014117766118803665,-0.004943476128416946,-0.01419607193330108,0.007014967182779053,-0.004318966638214294,0.008978627676381024,0.0061727763685459625,-0.0010309404169548397,0.018671315866750415,0.028290100783586514,0.022354941717942278,0.020079759039482115,-0.01542750368049528,0.01729633737801528,0.036374453292366216,0.010398851778446128,-0.007529388890267885,0.010990234392946219,0.0006663197775755858,0.013450136033822169,0.01435395104548065,0.01817809244875357,0.009835845109104069,-0.005905121917135658,0.0065236005628694915,0.003824733432490568,0.018242437425916913,-0.0006980390774306011,0.028886018208081232,-0.012622607058130786,0.00863873226516687,-0.0046223724692116,0.008086140174380807,0.007420419804290201,0.00030680741436972525,0.007824041546238947,0.01590865688426568,0.02280130840422756,-0.02142849519949841,0.005959377145908329
2023-05-11,0.012570135762132839,-0.007092618217917845,0.0008245911546360674,0.004442333988203151,-0.004505595382828909,-0.004629893845908506,0.0006761509370272201,0.0010945868706953021,0.0004331300921240899,-0.01578880557630713,-0.01640179859704949,0.0022353002068447037,-0.013369879498985049,-0.0068778309133777915,-0.007278973817210654,-0.010869600805504254,-0.009907426830691346,-0.0039028923922618253,0.001981079758453852,-0.0034007945716342247,-0.011360398613755485,0.01355536612692454,0.007312309329186029,0.004367585504490679,-0.004640447448092555,-0.02200151752261148,-0.015740212294796274,-0.009178821581638408,-0.03703703703703709,-0.015364245621531492,0.010991887503377207,-0.005159954633158548,-0.00796322974318997,0.00041419881176407713,0.0003413408344266067,-0.013752222893236188,0.02700444605302721,-0.007044285332742817,-0.04175684778200017,-0.0039025865047632724,-0.003477178893430688,-0.010628330137894548,-0.011198475704429778,0.005634117099882596,-0.0008202806926175255,-0.011133406663270007,-0.006979090930048892,-0.021924601572385405,-0.0225437215325609,-0.0018288103524265464,-0.006736660198658484,-0.008206744677620725,-0.0034570997348343235,-0.016741036968411338,-0.005835955070261689,-0.004395052962412271,-0.0006281209274718869,0.0024186739809253233,-0.011530233135404133,-0.01930336071948746,-0.01367989267999492,-0.011079219492483361,-0.010036551713336173,-0.02388045220860835
2023-05-12,0.018070401515278167,-0.01794594123253035,-0.01894949914320565,-0.0069832226129860064,-0.0002661864262518687,-0.0001107299555211938,0.004999764940117446,-0.005417483218887464,0.005456526863763855,-0.0027335417526741512,0.006991148638301192,0.005544435963492633,-0.0014891444542831644,0.01635834373263756,0.007332345770089788,-0.003555344320736009,0.00032283531267918164,0.04204247806388839,-0.012722456233457247,0.021216621258186796,-0.007286846344688125,0.2647524392905276,0.003999950267650432,0.01562857179633026,-0.054778466347884525,0.0036284681280021047,-0.016672362500602445,0.01604627155793903,0.0031185247008478356,0.006425214460742401,0.007213318263691093,0.005532526042729691,0.005259219393223713,0.004490659175623746,-0.0007203755055056327,0.009022440613871252,-0.011199485017069133,-0.0036759226275627777,0.0014551591080731452,0.015740923978033505,0.001427445758849455,-0.008328138505573013,0.007346146847649226,0.012699161441009466,0.004207765830005927,0.01075165054632321,0.004788464600209208,-0.0035335656299810836,-0.0042282670098503505,0.007088919607258326,-0.008158468826609866,0.013556364955047417,0.0058112664123770585,0.002373220626636252,0.002391577625960206,0.0033316055859422544,-0.0064307213226703075,-0.0027418538589122354,0.004405266846446265,0.0,0.0053008017715932,0.010250802804566472,0.014746530061045648,0.0033172681199558074
2023-05-15,0.0011544772692246852,0.030466540017281663,0.022464826177392316,0.007032330945466292,0.008521973185577236,0.021044449972031698,0.004941346831686566,-0.0028973079859666573,0.043242339702364685,-0.00468880568692831,0.01265110183839191,0.013705120676550608,0.005716811868904381,0.006872616288226441,0.008349278484019562,0.017839836091374295,0.006776404946039483,0.0069233282063925206,0.030474532403138355,0.016562536093586155,0.016549476729583068,-0.04359275755141778,0.011657089488850803,0.014422239958564509,0.011713930641507941,0.03326105030420834,0.023183388962810803,0.004233186858346061,0.029360970736613368,-0.003297349425656959,0.0057797797555658725,0.00722147897623393,0.024299570974584572,0.04426701353552964,0.04775189539983149,0.021270892366958893,0.06106365149590132,0.001585808554122048,0.033492764840039824,-0.003686514424899201,0.025498958528715754,0.021630112919030164,0.020540804916713062,0.012908816068740059,-0.006029738754154135,-0.0316106520586541,0.005226692112836773,0.03080672479063762,0.025670661520396765,0.00036827375989711975,0.007531858138096537,0.060621874691672684,0.01744288714516773,0.02419192268814707,0.01203774668010471,0.012037288930641932,0.008978544802094923,0.03618171295078354,0.020879652894737477,0.022892589995715973,0.007806947803129516,0.01508553259463885,0.1126249275865796,0.017057440947008118
2023-05-16,0.0060537670802476296,-0.0016201233963528683,0.04188913518621096,0.011056850534013174,-0.013071006129091955,-0.008569746749859442,0.000635544711121705,0.0,-0.0015688368476280967,-0.013335239852622971,-0.018587190056579384,0.002563212094176315,0.0007414816721056372,-0.00805090623681537,-0.003821573638456144,-0.012428312349251458,-0.018269281023416406,-0.045936812824292184,-0.02585549301264134,-0.016006899057343982,-0.002658250756058078,-0.03966782540457925,-0.003646441203361217,0.01935833958644606,-0.05789157530270339,-0.017494784328744073,0.003043711061705423,0.0008106500935445293,-0.019463092568400064,-0.01126206577945621,0.007370267543813647,-0.01433940623183294,-0.015322572127258738,0.011655462124892546,0.012059251435626583,-0.01764383183223428,-0.014077877580280007,0.007367683636587019,-0.02428728746438058,-0.0017130973058898658,-0.010810804643820005,0.008980127090717716,-0.012147868519748695,0.007889325533367852,0.010179001799527576,-0.0081347529752267,-0.008028773983472681,-0.026123418543005372,-0.023428705471826072,-0.004438493717630276,0.006049258429462245,-0.004258115868545409,0.011011736029349128,-0.030756893395978424,0.004982897222522764,-0.015585294935139271,-0.011358482215104937,-0.008384670843863407,-0.011375853857600093,-0.02321691232938683,-0.017423147023910346,-0.007165266678877846,-0.0038095072013180076,-0.015958652121946804
2023-05-17,0.019484860041556473,0.0333807192495883,0.022368905872836686,-0.001151215613603318,0.009632096694567771,0.028283930568648197,0.008557571822914944,0.0036031723280918193,0.039530191322357355,-0.0022770498015539653,0.026959931248989433,0.024990712062337606,0.008347264282202671,0.01893791526603028,0.01513214947102215,0.012584719169922876,0.006203064938462122,0.017209175559963708,0.010191650733216706,0.010747972115753512,-0.006524051394720454,-0.014285754235550785,0.0017567376792702039,0.0065066355141163434,0.037516253247659836,0.019230894765811524,0.020566424764676627,0.018224505434915272,-0.011978048405530739,0.024797685396042102,0.0261656530210177,-0.0048493612456109725,0.07603056964790333,0.0196179393053606,0.027158958513604725,0.034436114200777856,0.0186725110281023,0.009451586332616113,0.03271711747953998,0.00435854169516503,0.0212333956836821,0.03303327779458387,0.03231061317645345,0.031189743609532306,0.015470709760471602,0.00047020634238936765,0.014568715423515899,0.02086330826191296,0.009827557700565315,-0.011743430116283204,0.023562804955734817,0.005592072490183009,0.05270806361713354,0.02758479583139617,0.0051713276325537905,0.016831862707273437,0.007342203698808669,0.01594777706442141,0.011996408120093616,0.030620991045263724,0.021350866880030184,-0.0022719940484808854,0.010106498926966578,0.019858879975804156
2023-05-18,0.010013025891322691,0.010655266637526584,0.04028915956795931,0.011524720971392455,0.008877722847033809,0.022877080405496963,0.017201957470404095,0.013666002792523946,0.03357208201862871,0.041448905300134564,0.03214748265740952,0.031073657498031038,0.06216019015822649,0.008542472895768816,0.011967302359466636,0.018408777235426443,0.01524993187679513,-6.104261342909645e-05,0.022281383267934496,0.020117856007367374,0.02233016107379382,-0.016590369082154277,-0.004237920710712162,0.024775781218879578,0.0049874915347869475,0.006987955501275067,0.015526885862451767,0.0035001076865470715,0.028056732523506156,0.036585928800308976,0.01389729429948372,0.02436482488234204,0.00038055028035088867,0.028165024369445124,0.042901182480427735,0.0221932642995335,0.040819563309123286,0.014394799766596078,0.0379111168011983,0.013258124354792233,0.017275613301688475,0.049705038023390546,0.025635005145054235,0.01004321660558305,0.025759230116314757,-0.009398511965345802,0.016562893294665093,0.02746532432886606,0.020513354614464685,0.008978343729103111,0.0188174722968959,0.026333011588782984,0.034995535847783144,0.03047732915661583,0.08653337765131996,0.013587009925896565,0.011502046119474585,0.038453424224696775,0.027035237251416877,0.014336144014052143,0.011742930360946646,0.008751524362928809,0.04759335202858228,0.028195872808644884
2023-05-19,0.008452697417182575,0.030019719624031715,-0.019549713743958752,-0.005696707521060329,-0.0044654563247628065,-0.008998206492964012,-0.004366231230172657,0.0006284997498586797,-0.022860274023146387,0.01731936117603783,-0.01928332854354542,0.006416786976660704,-0.0005994725429753212,-0.012247393488069691,0.01929457813361557,-0.00958815647538569,0.0009586599881377111,-0.008245822706144157,0.039391924555501,0.0038738066509966806,-0.013251722565357116,-0.013331394300337807,0.021866713782153102,-0.0016299192565910614,0.012816427337952963,-0.0055516514691476004,-0.006506151432666196,0.008799126465997675,0.008423174205133943,-0.003641103375039645,0.0011919675049079093,0.003737706135444885,-0.003360377727585906,-0.011503402634700621,-0.016501331220132087,-0.0006031251499526435,0.008879569218522176,-0.0005650312700985483,0.0012746229039022339,0.003102699251743557,-0.010820613436880566,-0.013068970518159362,-0.0038714510008928116,-0.024627093375270137,0.004885633792965027,-0.005587168204582937,0.0030643023375027667,0.0002105269750332095,-0.010284247187355211,-0.0017230073654103117,-0.013875898238501216,-0.007808774663722873,0.0002547667675742993,-0.004406934017259112,-0.00295328764324454,0.008042926631561587,-0.00349514375852622,-0.014913321956172676,0.0017666545730061767,-0.01966405347139799,-0.01433319315161008,0.006595279325603665,-0.010841558220066716,0.005262597255460966
2023-05-22,0.0035874013215335676,0.0021548492739897895,0.02060102354434612,0.00779191396049872,0.006464278577649862,0.0040939038224634405,0.002585444924839697,-0.005480785935689125,-0.0031508486729117102,0.010145170022412664,0.012942436713699434,-0.00568700557108881,-0.023441473276137437,0.018077465009292748,-0.006309755002257278,0.015870573833004054,0.005747139383758704,0.014041995737274826,0.06533338758680562,0.015575676978295094,0.027706112875511835,-0.00904041836056746,-0.0015797876589197513,0.001904661558598919,0.05308638060755633,0.008374102626489632,0.005566348630533957,0.0018858630310252256,0.0116940335949125,0.018115339367539507,0.006904726022432417,0.007447443305396595,0.00973343568632612,-0.006680207484225487,-0.006436040068214521,0.016951253304167357,-0.028458201791188742,0.008921239994216457,0.03791499060524628,-0.01240544337952465,0.01990274808317971,-0.0028147442686493607,0.013774442214013582,0.010431451482350917,-0.010404545626044093,0.018286848729321292,0.0039490258012342405,0.01136365552031715,-0.005478943251569279,-0.0009613187227885955,-0.0004754045599232315,0.011082559331054842,0.0021360511102166413,0.008262761417223707,-0.01669524436773251,0.0036267120487054605,0.011170887876312152,0.007312071346757154,0.0044089386796903884,0.01587961370332347,0.009973587936650485,0.004968953018014144,0.0013047817708438103,-0.002385979128497029
2023-05-23,-0.009795523067422485,-0.004381062810681735,0.0011111365424261166,-0.010460468457852534,-0.021365717665697725,-0.01771993904528657,-0.024645073152032904,-0.015154960378887194,-0.01627813944001577,-0.03370705139347585,-0.03366261692761974,0.011984596128018499,-0.02773713670340372,-0.03135847732996355,0.0018434267614866329,-0.011092084330346252,-0.023174575580761192,-0.011053702598822546,0.0044372998466770674,-0.003316032660028112,-0.02126859901316558,-0.0039664982997371645,-0.020569625636171596,-0.018436890356343882,-0.005861613224987461,-0.004844331935958901,-0.004884285131866339,0.005333220863841692,-0.025429373626217555,-0.009491146751782864,0.007803285203936472,-0.014448861474408492,-0.007749468989914687,-0.014543387635783445,-0.0197924882981787,-0.01982567416968506,-0.003321835710127452,-0.018431973229825815,-0.05508472197903247,-0.028356628753740898,-0.009980569622584534,-0.015652962340478305,-0.013023596831400419,-0.03167523481825185,-0.03173813191168651,-0.012336656653260114,-0.028796235153852323,-0.02080732358355164,-0.01633739203129303,-0.015963916630295727,-0.01721675645278209,-0.00921363367255934,-0.021998865206106832,-0.016292598571823524,-0.021385173507568966,-0.01895129553769581,-0.03858304647805866,-0.022006055695872884,-0.006555063175049836,-0.022418761343762084,-0.01975027224421788,-0.024153273719409007,-0.014855348206709418,-0.03180667371150303
2023-05-24,-0.004442821333527469,-0.01258032366822559,0.0013872909052354832,0.00700908444108439,-0.022635965920372425,-0.07833121472567672,-0.0001672951640259157,0.0016320621512382338,-0.019650401584926813,0.0053392182920366515,0.0005594009900986574,-0.010152959312416665,-0.010157447480983461,-0.01102530046318928,-0.010222814357424448,-0.010900427131105284,0.02469943006459885,0.007492484228851959,-0.04444188633296675,-0.011229017314764111,0.0065771298134502665,-0.011648147468764414,-0.022029667802541564,0.0130652644973972,-0.0070755458151327,-0.015298992759864016,-0.01832465213617196,-0.01950374852185055,-0.01728226625564866,-0.07532227820999737,-0.006569725717984531,-0.0037504497532477865,-0.012889699082428319,-0.01396228031808544,-0.013287043174035174,-0.051533102806691766,0.007877558638595294,-0.004472510661725937,-0.018810532136231628,-0.006481359575758461,-0.00315981126311371,-0.004887948901691086,-0.04878329320850838,-0.03331717917975785,-0.0022325393371646074,0.07678924656695352,-0.0038972528233015558,-0.0039311807881929894,-0.005214410647394141,-0.01797863514394249,0.011711179713962627,-0.016835055456556836,0.004818596940749265,-0.020232120294312095,0.00585112399698362,-0.027993767105595424,-0.025971802745156647,-0.012035567258301905,-0.015729947222428486,-0.02061854759952564,-0.012868137710312477,-0.004394273910652724,-0.0150793573102872,-0.03624359017780021
2023-05-25,0.01722330386292814,0.0719050390714433,0.11157293992424155,0.01620262641299197,0.013293056704804407,-0.004676622801695118,0.025305431158472835,0.006692295268704074,0.0717982376105537,0.10607559551092094,0.004116887210133369,0.07250609630631688,0.10222422306376444,0.017288650332483835,0.012807199472018915,-0.007187372490648158,-0.015540750499442257,0.0032916383790766446,0.013434993472491996,0.01612340098259546,0.009043246574733876,0.012037266949955328,0.0087100444954471,0.026400380724233674,0.0,0.03601692187257166,0.030000060730454248,0.00859332020086323,-0.055172462662074095,-0.0067801366999795665,0.04251304522697219,0.01745381172669358,0.010549333068452516,0.06199564903844346,0.06402518056240725,0.0070631776016443215,0.04629496252820142,0.0384578882340294,0.17460855831598465,-0.0055716911383335566,0.03758486060612176,0.2436962668657079,0.028945471389757227,0.02769769468748784,0.06072005011249271,0.017962890767950768,0.004449455658675161,0.005760009765624963,0.00970685356645018,0.01708571620392685,0.004065847667856115,-0.01973250746272104,0.058163450828592866,0.012045788445018024,0.09815624097918052,0.004210513076416289,0.0024609326458568948,0.030402453042177147,0.015263025753333714,-0.00322229245198824,0.00568698865780104,0.008151742353236013,0.016653208152242804,-0.0065037381375020464
2023-05-26,0.04058124856703893,0.059506241991334585,0.055504780971078915,0.0169548863420641,0.036110379247429325,0.024015327404199205,0.04273447305743483,0.014104853607818546,0.04284502958355385,0.09058904885870223,0.006782731091567351,0.11516174795522116,0.01710542226347611,0.020979824746325315,0.016928474115363024,0.01158304766316931,0.015786077998989123,0.0037061827809952153,0.0062774801883243025,0.02242152513573692,0.02524185060951356,0.004130595306908624,0.0089325367050328,0.014841590811812244,0.016033365969069235,0.04567144922801014,0.012944924727906537,0.016803345608906728,0.058394215326877275,0.01290239332692078,0.0372677085742974,0.025899730680712496,0.02883512796499832,0.06203803565746613,0.04343131273146028,0.05637987132494393,0.062060071627599855,0.021385635427893623,0.06675944031593328,0.009113533425100462,0.01585693262574006,0.025434502296638684,0.057429634031060495,0.05634149690953705,-0.002013662340985989,0.01788634146130308,0.0007638135577023863,0.06098207598015959,0.06085376909668261,0.0011569413514747051,0.02634461761145257,0.03626681629012296,0.010681094367705812,0.0572665276908606,0.02425149351280087,0.029601668389239055,0.005517152959385596,0.06620742643200028,0.03932316169439232,0.017025799026956223,0.016318961330663573,0.009559970209064073,0.04914136553065607,0.019369243066766906
2023-05-30,0.01590911485326174,0.00438136869558825,-0.013855011832978992,0.01700343293271911,0.0020884757367167772,0.005098236777585363,0.03055732608682571,0.010659519970138698,0.0037484011852517707,0.023891939651334626,-0.01940674071795323,-0.011553509841031429,0.02811719054640749,0.0022385886417854994,0.0062172957177617505,-0.006838450246559491,-0.0028800716484100874,0.053995147298580015,-0.0005036204742593364,-0.0038461003857426235,-0.0015285389203403277,0.003122315560705191,0.011362023175483182,-0.0021849326419121073,0.006428999581392203,0.011734083541793394,-0.011821064285717386,0.004577526045635771,0.03413796748068698,-0.029491236210031913,-0.0033853435548860666,0.006229541801615168,0.003959657058183241,-0.005334038062423496,0.002721876538893886,-0.01876918376571124,-0.03029897646286661,-0.005046742874880605,-0.011422115682167555,0.0016164960094715575,-0.01045401200188012,0.029913157926913847,0.004912309618187782,-0.030593413089951338,0.010280586412179105,0.003684453427212686,0.01266888252746945,-0.0075969824997523805,0.05120076585526201,0.003933795570546517,0.015920871875751752,-0.020709626763392497,0.02169458688617487,-0.0007615495172852427,0.045195905581814744,0.0027691970827086188,-0.001988393319514614,-0.009545769195918652,0.0014748621632367787,0.005721561043039669,0.009273358333039328,-0.005044468170885219,0.006043860085623631,0.011559374223644614
2023-05-31,-0.00813801154988969,0.0013902281865803001,-0.056358248166238134,0.00010858903663213404,-0.017194215747582065,0.001465388132458445,-0.016921883771566892,-0.00028200137445466567,-0.023943830447324954,-0.04632497371791222,0.02230314937067268,0.0057510402799643145,-0.016357811875998385,-0.01672304178673023,-0.009965995358782953,0.0006405623100995683,-0.011232324637802549,-0.0013783037049448499,-0.005156104000399453,-0.00033870520967271833,-0.003466543094685859,0.0027668618293992253,-0.00306389089097725,0.0010217966656711486,0.01858312463750167,-0.07087631602323985,-0.060459112418127625,-0.006873669603098875,0.04834939688208384,0.03208655058686771,-0.0190664725916474,-0.0032818499676678936,-0.00289641466893642,-0.034312216838323195,-0.021048910227835282,-0.020689653788806495,-0.04868180796388577,-0.00851425807924211,-0.0486629540972745,-0.010911083289610879,-0.039797371546828386,-0.05676746392344456,-0.016312386163621517,-0.004406368241076097,0.0075130963087362,0.004282773345290591,0.01288711601187309,-0.02034646119967154,-0.015538195359194318,0.005512153298991018,0.020605884160641796,-0.014754031912734833,-0.007903492604355633,-0.013908815720257706,-0.021233559370750776,-0.005198126800927461,-0.01984766300625551,-0.024630119076206936,-0.0151231145951789,-0.01664561590322078,-0.0007300403899858088,-0.006804530743897308,-0.03053820268846874,-0.01945623825090903
2023-06-01,-0.002353501328355989,0.02144616020446244,0.010659014854826898,-0.007273184741244498,0.004903928948794878,0.015307487655757734,-0.001081634498830919,0.016022507088275795,0.0114779226545354,0.002043984281447253,0.019609828346849323,-0.022290855048381464,0.006409404980586064,0.009260876490719161,0.0014093188321111505,-0.004800864879612399,0.0019474261763257061,0.04365077136388362,0.005143821016815098,-0.00901207355029876,0.007071498781303864,0.028478510978005245,0.0045367708222840974,-0.0076415890717052015,0.0005699661840614656,0.01733699607644379,0.012388173882466935,0.009565402641670273,-0.00986005786559463,0.007157843713484935,0.004803346391913044,0.005926844539623,0.008281806629274246,0.02153557851376764,0.005123989874792345,0.018602249994622344,0.013049783318625607,0.012759188215896389,0.019146329231231718,0.0010640843400742117,0.08455169470102031,0.05117100131345276,0.01060852312376448,0.05203347552054871,0.0004719102710786238,0.015933239168701707,0.004985219182751077,0.012029592260408561,0.021338466825025826,-0.003126346530689217,-0.04691561803763966,0.019966674463031797,-0.003340811385042386,0.022992929977228238,-0.0009011861917749275,0.0005715011988827179,0.007101530448911042,0.029044865088167615,0.011099600770740903,0.029140789880221618,0.005088723233405812,-0.00017915342830787662,0.006196790118860429,0.01382490300322159
2023-06-02,0.020281812655893017,0.022542460731546532,-0.013476191461464282,0.02252602795770664,0.023080939122111177,0.0013924544087211554,0.005444901060505769,0.004775398833433586,-0.0014832596249910734,-0.02507795092067222,0.004623720744199478,0.027913218747474655,-0.01161838700173623,0.00542476740969855,0.00562926335299907,0.025245220310906813,0.020732108581878794,0.002149112178459367,0.006629415518698334,0.0034188034188034067,-0.0030255199037521052,-0.009581297055515803,-0.007430101118377608,0.014019573442745958,0.02507126845750718,0.03885477731965836,0.0384091713757817,0.020027668194964487,0.00578218192184865,0.01982848113516278,0.02579223133789532,0.01374792841237471,0.000735534618342637,0.012220103996124054,-0.009986102139098785,0.007043936133048323,0.001157947475679988,0.008479093523969361,-0.004085793550010819,0.001807206100624903,-0.01361863667750518,-0.011139163789013584,0.0033150694590871055,-0.012734453167140058,-0.0009434481337150524,0.002075797873370089,0.021174096368392625,-0.003962200431161911,-0.0018130109419506324,0.013383434320462184,0.0006106382646291486,0.014845089118243893,0.009613913533007556,-0.007271594936464787,-0.011417891498811561,0.030354873423725337,0.01535476791444812,0.0011639311861100232,-0.003299032323248907,0.0318551453857967,-0.00323326610206065,0.016526345671712628,0.032589181883037055,0.04436512778748036
2023-06-05,-0.022287193999489197,-0.005018682461928048,0.0005939224033744139,0.003528972239562167,-0.011215768234205337,-0.026807590099469425,0.0031384277343748934,-0.00757112968323348,-0.006685152427849728,0.0008000300480768274,0.02051501698944791,-0.011945839908021894,0.01149374966950023,-0.028010502242640678,0.003798393876394357,-0.038582204193689296,-0.014598588743906626,0.004783872837719416,-0.2172154639794429,-0.012197569241109485,0.0009609386281197452,-0.014849604540231431,0.04608835338667072,-0.004347699943601624,-0.0011118477152913808,-0.014435600076593058,-0.04124374283272558,0.0016612570410103888,-0.046311035683975765,0.028688205452565674,-0.007478093399164276,-0.030028982533535142,-0.011086595733763582,-2.1838327645018474e-05,-0.013134174633094964,-0.024999937589527788,-0.020239922767169793,0.0016101486785871089,-0.020311737201873514,0.0018389180158946417,-0.009862091110380056,-0.00396665627324011,-0.027753329852862385,-0.013820160685606875,0.009821475988195827,0.043960539272170474,0.009787618177352853,-0.02182781894802599,-0.024995696485242247,-0.008651880868205786,-0.01488052474820456,-0.02170068642320455,0.015560635942289958,-0.023782372630434145,0.001780350579994261,-0.016393434626764347,-0.01575162184619905,-0.016469731895165873,-0.028362685709694135,-0.02098468294409339,0.0013326932435897554,-0.008855771670377877,-0.030815149769994776,-0.032013323626604695
2023-06-06,0.011791694707976141,-0.002971067412373851,0.0534215469808772,-0.005647898550512509,0.010430427596132219,0.017087669124006055,-0.0013189150673924566,-0.0020602984250640555,0.0015704052411014136,-0.018139409201622825,-0.002015056295658124,-0.015330933309972705,-0.01528000268488483,-0.001653577131588313,-0.007966428841171824,0.01419252003031013,0.007407494992331953,-0.0006566799102125653,0.027158692607433865,0.0016555616946729579,-0.002033837040445574,-0.03363279278396447,-0.024273829227230204,-0.012022953525081759,0.008903715220383024,0.021304866431570257,0.0122908279490761,0.0003771729516273137,0.03683857629231291,0.01275859969760984,0.013649263115814492,-0.017643137624664185,0.00012390382681370937,0.006440437641604735,0.01088165074046099,0.029626729326862167,-0.0033938709405909595,-0.006727434019835665,0.02106136948014603,-0.017652049676553427,-0.0031303517319501983,-0.013198447012322312,0.026619793853430496,0.033282800361200016,0.0015898275277359541,-0.00912735185285729,0.012420991834444228,0.010114715383412909,0.03220081080250581,-0.002022455467643458,0.0142476197677881,-0.03729878029521949,-0.0016346646256930608,0.00925746007832462,-0.014039468795105425,0.024637765964964364,0.0021218595063277057,0.015267931055701789,0.0005872676761149442,0.021846689268145036,-0.010396300124922653,-0.00266716787699417,0.012307680570162294,0.0036788703721259974
2023-06-07,0.009706551030854937,-0.033657526926444525,-0.05151735774723143,-0.004608298322007376,0.016258022216788293,0.01348531996725244,-0.039128936323810426,-0.007756305856257195,0.007988682985141882,-0.0256137056957102,-0.03293106593732187,0.0033291708564060496,-0.02758107173818536,0.018691606601080935,-0.0006023408893826021,0.006916547875287504,0.019501218756309058,-0.0028476220947531994,0.006466402342765187,0.0026171135729979866,-0.041532168716289286,-0.02570883359966314,-0.03566297561523102,0.00017678577915769544,-0.01985637567408116,0.027379379958097694,0.009443530920003385,0.012736463272793985,0.01033592644912984,-0.05826226127982492,0.009802884753474128,0.018298771321786145,0.0,0.0059869418292981536,-0.0023194514479226713,0.04503214976392744,-0.007106902304158336,-0.030867885194224343,-0.0056895514316530615,0.009379935890708735,0.01298893300198567,-0.030401233483251633,0.028632819526400954,0.00858944934450423,-0.017273581040050723,-0.03769135446196681,-0.035883963943764585,0.019510677568501666,-0.01014087958770371,-0.007489433131951606,-0.03345083472778421,0.012118184468902449,-0.04944221135712956,0.013903626061375185,-0.019196082110602974,0.009743764221994855,0.015281055387081688,0.01115752579194873,0.009626702229151407,0.03206930776865602,-0.014616269397863979,-0.015733636876866797,0.013677834898393026,0.027619367961876584
2023-06-08,-0.01189603671777173,0.0495075327320571,0.027327515663794877,-0.0027992518790300736,0.0011426742636795328,0.0072629109544879444,0.01022848530293552,0.015465063534924717,0.008814138944936767,0.043254779514955155,-0.004971167139565691,0.014596931765259225,0.025216885780416476,-0.012542059421020713,-0.002008751825256283,-0.004792306254830403,-0.006585097555162123,-0.0037893484281578127,0.005235132919654495,0.0037780123975825752,0.012559774238114496,0.0029725038618440003,0.028929354489033,0.013404394768569361,0.0005626977062516136,0.0025380486121220347,0.0036751927857854305,0.0002232573007867611,0.017263361630081242,0.002367693524053971,0.004693874507215812,0.0003328041905734658,0.005635744443115209,0.021778468632612347,0.006155978395117945,-0.0029632641670240822,-0.025946808773346652,0.005813672506872702,0.006308443100048855,-0.005874826827121926,-0.009017830768111468,0.02761857335680351,0.005417030699913283,0.008404303204320174,0.021187702166226563,0.030381536759393146,0.010886324095340072,0.0028351435119517987,0.01015796868821739,0.0036619641666779668,0.018470826474863644,0.009780745423136894,0.013287438359194992,0.0023806844079128364,0.005444259572986665,-0.003891038461218188,-0.0029398798819938454,0.004317799492314478,0.0013371957422143588,-0.009185019011610951,0.0029614592985012234,-0.0014491116314149233,0.0019989509106039804,0.0016933319816876402
2023-06-09,0.004522889497531546,0.034097900513237134,0.03197021907990205,-0.0015115459457660796,-0.007862988032913854,0.004293293007794352,0.029995289835410777,0.0021598281288233157,-0.0005874484730840068,0.0012321151997161106,0.0061450624751957506,0.0005222137361633461,0.005349005659894823,0.002234420086317579,-0.00040263753896496723,-0.004012860368772686,0.03472209192454878,-0.03759642940959251,0.000520786903303927,0.004448052246392775,0.010460576642073782,-0.0017158104711326727,-0.01434779512709461,0.0016279472498959002,0.0022496336321802257,-0.0006328903800044694,-0.007989376800697667,0.006621434443606633,-0.015084836285400582,0.019345305580037442,0.004459491666297666,0.004324692841818356,-0.0049882838664668805,-0.017325749645708544,-0.01293638513827211,-0.008421027508747181,0.0016839393594034746,0.004703855075249175,0.008378509302482628,-0.004369468593320547,-0.00881573810425973,0.006751469408786237,-0.013122832164691789,-0.010778989262468341,0.022050599931200177,-0.012207167809420882,0.008295239097676266,-0.006865915780390197,0.0237215931652337,-0.0009288228260123654,0.027585542943590946,0.01686703044644111,-0.002447038317475614,-0.007315263527976179,0.0024903386684884676,0.0,-0.012146889831088581,0.003343793600426359,-0.00952208941250876,-0.011637083702357054,-0.0020540421353669736,0.002086103692923169,-0.007980042568598411,-0.012120976628362423
2023-06-12,0.008940196094351371,0.045440539389454804,0.034181911103505325,-0.0009732262545210091,0.017640330387695302,0.02849945556529776,0.01363930346836173,0.015638808811666793,0.028577742847148757,0.04602507710373316,0.03331847030241408,0.06306083064133605,0.017095499855098062,0.01660418505960992,0.016512353074735975,0.020467332316937092,0.0015255625956513974,0.013231742091681209,0.03156200308121693,0.012740122174270452,0.032876779673342016,0.02208336194356275,0.026907721572990262,0.02260922600758497,0.027497212285665595,0.031032379481711336,0.02147661127998224,0.00827784180116864,0.05520115818581539,0.033761990122418206,0.04090915258026162,0.026498880021254,0.015225545234653026,0.0210028350792808,0.03452080250294309,0.03559379784089978,0.03087266016345902,0.015483889843451504,0.0485185908885335,0.011906970085592272,0.024530322399287874,0.018364679993868593,0.02351361054308887,0.022916209755735162,0.059899865284834375,0.041072208248286834,0.01479387807328525,0.022773463296763996,0.02543856568405256,0.004891622179541644,-0.007524012519421586,0.041386111998413355,0.023069763146621902,0.02516996298351981,0.01654589950732177,0.01656252037474859,0.017270899002298945,0.04227768524664066,0.02022381356069336,0.017960441034114094,0.012478388911881577,0.013304984500904338,0.013323343646505448,0.019405761673340072
2023-06-13,0.011814471728130105,0.009186071901710058,-0.036070930985723226,-0.006710712746811565,0.01519908589062302,0.025098459734419487,0.009879715591007754,-0.0026117159108390853,0.01271337497352576,-0.008235258214614016,0.024939870400751074,-0.004956966464920165,0.02478346089119121,0.012292898176671452,0.006339023445065761,0.014371518828232732,0.00487348846180935,0.015659473582558148,0.004357784166248546,0.011570812588804325,0.001749636865301829,-0.0012739502293211968,0.009307009735999294,0.007123828664679754,0.006553759048714136,0.022112884675412614,0.02362717254523372,0.008649833687850439,0.025400489400579485,0.0032053677208161435,0.0023356457291565658,0.007744401128945366,0.0054867640259834705,0.009381074947915291,-0.00042356180755542816,0.03364694369581622,0.006226837051624079,0.007352776179974985,0.01799610253789985,-0.0046569658316525375,0.025763002846296734,0.03900509452497247,0.0430295017792488,0.01768065729757562,0.0021471615270634015,0.019595031444199718,0.00248902087661107,0.022664004114109293,0.018749045255506136,0.004207000831193408,-0.022041305910690312,0.020186129695667798,0.015319841660486944,0.024085102167340056,0.008833293798597541,0.016984333786551842,0.009504408502676531,0.017632005503448456,0.019363433063157354,0.019996088832120007,-0.009275243947919454,-0.0020544268069476734,0.0066981009319084794,0.012143378451552556
2023-06-14,-0.000349066980166568,0.0011273900414028315,0.02248456660406961,0.00239731098126561,-0.0006188178828859803,-0.002495141396550493,0.0032409643089137408,0.003491406442876821,-0.004372615540018665,0.002846949645092911,0.0012190434329293343,0.04119279930850528,-0.012301265445214482,0.0067275456025484015,0.003149623473688301,-0.008095936885027855,0.007578078943444977,-0.00256042916893362,0.01635077360563275,-0.0043226302958766505,-0.007896924767192948,-0.015102845200799964,0.014044623679480894,-0.006988899376275226,-0.004340689709368628,0.017554573126964845,0.001942435259912223,-0.002907028847717985,0.049248182599646695,-0.0029716557873620264,0.010030462778015004,0.014409208314898336,-0.004547383940496141,0.0013544715208024805,0.007177890871407522,0.010850529745709325,0.01841760757715294,0.00912379267579344,0.0028375598406327196,-0.0028662859033827814,0.0005460033278181786,0.048144838464858175,-0.00381794154899473,0.0007553652337037864,0.047908731974452,0.021101710280124752,0.0029084461840038767,0.006998456842194356,-0.008277761631312108,0.0011404976699993519,0.0020097529789067092,0.0092749816307518,0.02269618459834888,0.001732039738554736,-0.00873377282858634,-0.004534104923565319,-0.00951431297579719,-0.009246833958490797,-0.0016346834695322165,-0.002114176685226732,0.005719883587496533,-0.011904245685559367,-0.0029571892845553505,-0.010621439041735847
2023-06-15,0.027678172230064302,0.02373158073901882,-0.024267681794154616,0.0008696796707525767,0.013619093161596041,-0.011621182724316448,0.0074780892532591015,0.011198719148316716,-0.0075086572802570695,-0.033179563222131336,0.036899974298354676,-0.003103176311120004,0.007243949553302542,0.009174240165214398,0.01903455422890321,0.016166983169679794,0.01805048371027973,0.007310254357717039,0.02386194035735456,0.01195560560739084,0.00862619975047152,-0.0007770496680977734,0.02951864692032591,0.010840898422546763,0.027247926008119094,0.03807258098601718,0.004846516924029487,0.00874628536582045,0.006745192530866806,0.02261221152486037,0.049653952150835234,0.02398996230666839,0.007491844568157102,-0.01656474033097166,-0.014332685979707938,-0.014658376648671423,-0.004340279222041832,0.03189668485301045,-0.03337616900122198,0.014228755886906974,0.006275611765000466,-0.008000507139385271,0.0003065618404669568,-0.018762108085504825,0.03500461373982189,0.02196514732893151,0.015631570085953506,-0.01052120032765158,0.0017017914270041068,0.010297102087648558,0.012034404708276547,0.013018762949299711,0.012444690890300425,-0.002912031274140414,0.0007174248020993534,0.012905085449465226,0.025807605621535057,-0.002446530684244941,0.005476514932308607,0.01926040129558637,0.006375924409804723,0.017754488640498556,0.015323844800084752,0.014872611589757057
2023-06-16,-0.013064738163785727,0.00869810959609385,-0.03348354881071658,-0.00619093838072704,0.006000398555999542,-0.006854364410713187,-0.00724444778686173,-0.005859978228138996,-0.008421991197159806,-0.03474648493396448,-0.03581264028397624,-0.01734152020189872,-0.00811712116705321,-0.00028058197075675473,0.002695895099080081,0.005251739953783474,0.0593971312640873,0.007201834199316748,-0.036560753006250724,0.003102113640971238,-0.0026803847579131013,-0.020167976416279543,-0.011006897661397064,0.0009826387633471434,-0.0116711076416528,0.006876784791083779,-0.0032154276581233265,-0.006647428572201908,0.015354603936316824,-0.0028051850218336893,0.006880713347782175,0.0009247952445994301,-0.003325089411649662,-0.016272299327560136,-0.013446026249124832,0.0014056152731847238,-0.016855496607277365,-0.01657580642335721,-0.0032160289578553325,-0.007156311883180666,0.008270106925442278,0.0009144023377443133,0.010727950170556388,-0.009340642572759239,-0.008613241483464984,0.011197685370658128,-0.0030642973231286286,0.0010730719740439376,-0.007523665375888666,-0.005117742708796724,-0.0007550191746501511,-0.02781966469912378,-0.0154778535160488,-0.002829260393255817,-0.011604706258137587,0.016638013265728446,-0.006307955864752968,0.008810941686843377,-0.0074681760737294045,-0.0047241120304253315,-0.002027415859535031,-0.004539202714544666,-0.014849089171423246,-0.007555768718038536
2023-06-20,-0.006697189109401425,-0.01882145373817845,-0.009576961262016681,-0.008961745298625368,-0.013390114602593317,-0.002017444227725651,-0.009151531546726543,0.00048673536505150494,-0.002951113374089709,-0.020850455834463544,-0.007072573802510251,-9.209878787286296e-05,-0.01403492880762891,-0.004771232224605737,-0.009986498696737178,-0.006760904781421995,-0.026499174935106118,-0.054012387642571213,-0.001640019221723188,-0.018686645727915452,-0.005525331046435156,-0.015291810707698916,-0.015388776256837433,-0.008919120202911857,-0.0026837160184604025,-0.03187255561450453,-0.027096782519810292,-0.011055922017344955,-0.037668404573135694,0.00021979685540185478,0.005030314803643909,-0.029873747384504767,-0.013829908836926919,-0.0009465052899348958,0.0026606681228833473,-0.012866961474230165,-0.011232598955911888,-0.012502533323498377,-0.014257734092268937,-0.004067848384638917,-0.02070727380594639,0.02614068430870442,-0.01238314853361977,-0.008541367270414213,-0.027259682861905166,-0.0199975366089008,-0.009849727303096634,0.002338704515163492,-0.023312630085978503,-0.006604459707110766,0.024603356861623737,-0.016037706666451435,-0.010592753839684388,-0.01793878922658898,-0.012896943289556817,-0.003243654209843405,-0.01663257970589649,-0.021339740102300664,-0.013577622754056606,-0.020694823918435135,-0.00543419044488247,-0.00894094496030895,-0.03335809854455207,-0.017174242947375684
2023-06-21,-0.013232365808636515,-0.01724771460479657,-0.05734465380748355,-0.02878253861455482,0.003948220695209503,-0.013512079519010345,-0.018894720388019315,-0.005675320464289868,-0.013355493658187223,-0.019352786363521446,-0.01891603217942417,-0.018264514802816545,-0.019438370516447034,-0.0032712896531236213,-0.013579066056815359,-0.022586579418041763,-0.013753737380236553,-0.023257165371501687,-0.015742628539026082,-0.02333375178879482,-0.006335291960865463,-0.008167674490109689,-0.007675174764868564,-0.008235151871075819,-0.018837603451334672,-0.01116990032642562,-0.010278558464694276,-0.016696207010648112,-0.05999997585650951,-0.010107018422489733,-0.007271633752542139,-0.022222261858253045,-0.008734150282646125,-0.017267756024822778,-0.013804876186623516,-0.016945145573287523,-0.016442493388714285,-0.013282050766043052,-0.010093525273335513,0.00734492719375579,-0.002471521396095633,-0.017416891661355738,-0.010849505528629177,-0.014656495847494067,0.0004916354032356018,-0.011092747793317703,0.0015521462690626375,-0.020027197611998004,-0.033884199815282234,0.0012725939390394458,-0.03401394128815771,-0.016139370880901338,-0.02268137529339942,-0.028331839000767967,-0.02103330347212251,0.004363620130685364,0.005679658061418014,-0.01656083011612075,-0.022252816153595756,-0.017642567464227765,0.0013532113934056067,-0.005999376680985935,-0.017893680522800715,-0.024031645481935815
2023-06-22,-0.01899752444864733,0.00020938171994044907,-0.012576965965863884,0.002157402544165299,-0.00393269355313508,0.0036129918855538623,0.0019381784539975744,0.01652524837190983,0.016462970286682754,0.011418461151419645,-0.006154432183822722,-0.006169849072777178,-0.004429606294322541,0.01024225231071818,0.005309734513274433,-0.009180135267168876,0.0008717021092639055,-0.0325019735420472,0.012285624444905885,-0.005492263021039001,-0.004617361687618615,0.013544262515980732,0.010547039706969352,-0.01284063302398053,-0.00767951801562361,-0.0023780425904539326,-0.0016750386065657041,-0.01884958905721812,-0.005775057393324956,0.0006880329711227429,-0.012081509818797742,-0.007467538002092544,-0.007880393668416974,0.023990499882250216,0.023225454602937123,0.001928722031161012,0.006838791118356946,0.018437361304536326,0.014175967069966822,0.008962739889096127,0.009910472759445454,-0.0004645957081340635,0.00708814589181106,0.009992020625267273,-0.012448790768771034,0.04281766200376924,0.0052831781102384845,0.0021824760381765618,0.005528688798343451,0.01246898871736346,0.017653499751377533,-0.005522201939423432,0.00561449779216372,-0.004987542827442515,-0.0004925445815121554,-0.009499341180210896,-0.007513531858805544,0.008513457668310354,0.012611507817826828,-0.003157684096980473,0.018001472537914953,-0.0004084059613421731,-0.001821959868826828,-0.010964268927815435
2023-06-23,-0.02870634177123077,0.01495040589888097,-0.006233015637157835,0.0041921041041490525,-0.010610677616166742,-0.0009133216004406641,-0.018852813402546964,-0.0017112559175206377,-0.02051532264807865,-0.02884363097430509,-0.02273825359281001,-0.024073211895052182,-0.00740084879198788,-0.0063296199013090915,-0.015453774755346705,-0.008945646535797214,-0.017126325966311917,-0.02362638507802517,-0.019922170743853163,-0.0028303441970307652,-0.0137255997052379,-0.013683972276767431,-0.0037573652959591586,-0.022431014573808028,-0.021006192589964168,-0.01549464169744319,-0.006375761288577642,-0.013265276372072532,0.00886567504189184,0.004103522426480266,-0.007799670112988655,-0.021589799015477862,-0.011945735626996523,-0.022315819936637005,-0.01792308534073961,-0.013835470511540882,-0.014641360782437163,-0.013805840695287674,-0.012181786173826703,-0.017872213484166455,-0.0021807389118392306,-0.018965762847303447,-0.030619104066187397,-0.016076451424814175,-0.016088961961180703,-0.02091106394826059,-0.012963394411611762,-0.036626381619426995,-0.02551553531108819,-0.00261890651498764,-0.015003033658261389,-0.01486199845009717,-0.012512057293372125,-0.01657996172725129,-0.015417847250689398,-0.01040800139289233,0.0004261077520169021,-0.02448984774111984,-0.02867415998405387,-0.019006119904450558,-0.005810913773872883,0.004812264666243848,-0.012776998259861339,-0.01336276003474246
2023-06-26,-0.0034177897585235817,-0.010748455689794989,-0.022725206358092165,-0.0020309185462469292,0.004613885665219586,0.0021511465643495598,-0.010452513765333626,-0.007552972597393515,0.027412334914385994,0.01343905322919925,-0.006039610003480855,-0.0006325070848667291,-0.010252142474231674,-0.0027056648278538376,-0.002384392912355482,0.006769764093129016,0.008269257136825248,0.003276855910648413,0.029672925717362686,-0.00048454182698787207,-0.009754535717147905,-0.03235422221152706,-0.007403251940332312,-0.0037257451625681837,0.019762890241191045,-0.007869310684431197,0.005403503294587164,0.014757078498250698,0.01030310225583686,0.0013474135155033817,-0.015624984939331399,0.0023403392588332572,0.005950135883200147,0.00350147833929082,0.01900586991953368,0.010613547798066225,0.002603971538116534,-0.019162954816039246,0.009703554204998799,0.0063889150945475315,0.007376079130233526,-0.037361673448461086,0.01860195452260438,0.012568625979292314,-0.0156775980504954,-0.0005739091098110327,-0.018174056137307826,0.014899269962896478,0.028211210003773024,-0.001323732597369176,-0.01299441084833175,0.0038129987580279856,-0.009245141939141721,0.02528919926722062,-0.0056011205005011,0.00623538365064924,0.007316679081232014,0.007892663040119263,0.006381226347375479,0.02139256083980312,0.012898987760215919,-0.008494125817825382,-0.007923909990073308,0.033216052757209624
2023-06-27,0.011431944979738207,0.02035406779686899,0.026788179668795875,0.010175257851117392,0.020854047830864975,0.03241385364750404,0.022517377742938605,0.015059052265212314,0.048283354720009886,0.03520751426021884,0.030232131492794245,0.032581562893363,0.025963000258019342,0.004182708884970854,0.012945689691344908,0.010726885200649239,0.016110189737682745,0.011431392429375187,0.039618767804516786,0.013644557099870447,0.009186963535845694,0.023410767876433702,0.03658888534821214,0.006410838183194656,0.022148305550960812,0.0024406679561193023,0.002351421065572623,0.00761384458981329,0.02279548327657266,0.012640714467281766,0.020309600937183037,0.022681779969370153,0.0229046025143973,0.04008283539726998,0.046475174583973544,0.04756167502158726,0.02047380898218054,0.01816796188249392,0.04286469007397842,0.012447026763845237,0.016678050509679077,0.030616299080523213,0.0422477995503554,0.03667343601075834,0.00907688310827015,0.03195239207802225,0.01062907583706263,0.03300599622384737,0.027094283202176994,0.02318553670576584,0.007040927418835663,0.025763891292414076,0.0036991865306723604,0.033652115527673,0.022938106757323773,0.02083009292932636,0.002487500250511143,0.04056992373304791,0.04479997030035232,0.020944428883822974,0.014152475100524642,0.009068150015210108,0.017305582732056513,0.035516871324001054
2023-06-28,0.003025233694165186,-0.013980003865921797,-0.0019929452116996815,-0.003357531365265398,0.003404657882166484,-0.012891253255481239,0.003061951663827056,0.006327833363231061,-0.017195604669554942,-0.0017293554346814455,-0.0026589462679665887,-0.0005421603618936954,0.0024475417444249636,-0.001013268898760744,0.00019660964577816742,0.0038016706291650326,0.002594416326881621,0.0024219051891254395,-0.005369284606720814,-0.010454381383590006,0.01585998037059455,0.008154137404926987,0.009095820467491578,-0.0015630032882738565,-0.010292476209305845,-0.004260622511131462,0.003351134588383209,-0.004382764758127045,-0.015542459827656896,0.0013071555676147373,0.010049225532608563,-0.004566180615058757,0.002399110454636144,-0.0052418974775853,-0.010752291617316612,-0.010371092485168654,0.004192207207827758,0.0038258385245177884,-0.010397602561501462,-0.001197708032680489,0.003334239057162236,-0.018124955902478757,-0.013778061479538861,-0.0071841040859654814,-0.01111676987732546,0.007234021029097093,0.006224476572896043,-0.013427375610882475,-0.01878281774346835,0.0005734925756435416,0.016042480256814207,-0.007889302000817944,0.01613075150578669,0.0002774274562613588,0.0008669457759167276,0.0025599223059300513,-0.0037219919199336093,-0.023936876596174828,-0.007656944135390087,0.011805702186345135,0.0028204847245947295,0.006186755338164263,-0.009421633577004096,0.0024044152669686625
2023-06-29,0.02190764196197037,0.002777597492349848,0.00971226025785521,0.001572143569350315,0.011270007377164548,-0.0022115750096647346,0.0053652068930147845,0.0017964915139987436,0.0013886220030672192,0.022006882217049384,-0.0005817274561380481,0.01725355619940161,-0.0035751976021827225,0.017861219314283527,0.006683644019816359,0.01846293148222844,-0.002012769395985936,-0.01641676326690844,-0.013868789016725946,0.006559846017100135,0.011042788986743046,-0.0011399778117230364,0.010224599597929984,0.011755703612442714,0.008757512403525292,0.017726136125488345,0.012692090936405886,0.017456118028890133,-0.0196604305088508,-0.008289308455599054,0.027360620183412676,0.011795494736376977,0.014667072319170193,0.005901869892391831,-0.002834173736408152,0.012808708841252292,-0.040852814665848,-0.0023821042264352554,0.018108355114182073,0.017810427346077073,0.012229017843760959,-0.007174711461907735,0.011135841656302992,0.009538458012441131,0.010726859873359418,-0.00031570115582868485,0.014149640939990826,0.006755341258120939,0.004423925894291081,0.01059126949975231,-0.008200996880711409,0.005193145802191879,-0.0010752653483672159,0.015996215788996793,0.001755823506301546,0.00955643850975818,0.014370722705120187,0.016256361661358243,0.010459593545971702,0.009372641352486832,0.006945624094861991,0.0005385535590967105,-0.006605020081333124,0.018307533317544644
2023-06-30,0.0008108532442407945,0.010790254334184457,0.024002210082830766,0.00762417632651724,0.017974860436541507,0.028129543056192086,0.012942804412502174,0.023102532882802063,0.002149267864461013,0.01738969420059666,-0.007614667383845086,0.005634366339805297,0.026166146678936464,0.01577635560892876,0.010349626545375745,0.011465847250701211,0.00950749150215402,0.05485917503744053,0.0002670237124118291,0.003361392742083913,0.015906350333714903,0.03304169345447594,0.00665867657990149,0.0226834495820738,0.006511191732917698,0.009009088619563732,0.012862707238288085,-0.001864840948255786,0.016104462387051433,0.0051993697293251095,0.005028350589172392,0.014572588616563076,0.012761586168415828,0.016323292625513464,0.003904098709296866,0.030006725159363645,-0.01896475819751553,0.01638564888140892,0.008268029474130634,0.01625144650003385,0.0032831129682502347,0.03625489979830676,0.024629523700156364,0.027150303543509002,0.011122367458798355,0.008605347412562248,-0.0023136915077989206,0.0068087869186972405,0.008300906450705803,0.009808255760946238,0.003944313358093865,-0.0011301454368620734,0.025342930192991053,0.00737175938202328,0.017550852705648268,0.012789939926123983,0.009403816990141589,0.01764167581277598,0.018270265197116053,0.003221492656255931,0.011512374876487597,0.013636606310498234,0.008776644799116662,0.024767888589059872
2023-07-03,0.00774515364776196,-0.007730217089893965,0.016767588195155003,0.016134381928650132,-0.010241209816222119,-0.002463889676949882,-0.01005231149386443,-0.007784639615237898,0.006434293329855789,-0.013328419688075188,-0.004447503344874759,0.01038699199611437,0.0037523009039395205,-0.0015258097187154096,0.001546200866460623,0.004289137332183168,0.003424558051619675,0.012359728785677149,0.008142388569765124,-0.0009571953706172254,-0.01756036330100763,0.006838881986440892,-0.012303118412972824,-0.009220436210324978,-0.005390787878056025,-0.0053572819624269075,0.0013025680961313846,-0.0010462667094708333,0.005382812216432553,-0.014448179519206183,0.008338749017054337,0.0,-0.002806815343498581,-0.000412298946534162,0.012646568427437277,0.01227820337527552,0.012517850320318713,-0.007488109983150748,0.004331537750340564,-0.0017730592983898896,0.0006543517444443925,0.0026240410853242135,0.01197000926710401,0.02378938418735821,-0.016290130943009462,-0.0034049357594276852,-0.0137737643839283,0.010683171423367055,0.008820544332176272,-0.007092345961248636,0.0018460636172923373,0.005010529647126338,0.0016015525045518508,0.00912450507291962,-0.003215346190279078,0.0015696407227729914,-0.0016053444772616832,0.0017964347405039494,-0.0014443029840486288,-0.014355843242311206,-0.009988723437261093,-0.013541609691832823,0.015291273706588226,0.0014873490226749997
2023-07-05,-0.003440779477486111,0.004225012564970321,-0.016145767151695134,-0.012045537426599862,-0.0026166051685746483,-0.022281618099043943,-0.009267468010914826,-0.0058713887707732,-0.022066492128726578,-0.0013758675991292213,0.0007364219809564698,-0.016635530177423474,-0.01223445071663809,0.0055124156879575725,0.0015554837125195675,-0.0004575584334626237,-0.0051193609654996974,-0.02483047265166971,0.02740750024226979,0.0008213138515389407,-0.0038113576061320487,-0.023198717046688078,-0.004688000085020794,-0.00025929567065918757,-0.022222296651128404,-0.002393581216898588,-0.0022764183071956046,0.004264303435019823,-0.03301611681696148,0.013884908132596907,9.189200800685526e-05,-0.005745237181803753,-0.012037337155737182,-0.0348789159476518,-0.03442442765828124,-0.024920050233495306,-0.028795020809118554,0.00047336812436427067,-0.035589873911735515,-6.838429414135483e-05,-0.002092780086701662,-0.0022633905519942044,-0.01670453279328543,-0.04007027583849665,-0.010157932387386048,0.012723867031613656,-0.014892378455380828,-0.05362690323313346,-0.024648140565935672,-0.0008797229979994325,0.010252839547898684,-0.021871986853772007,0.005134426552326321,-0.03939112842691417,-0.002926244793146182,-0.006767461430328914,-0.009014525757073066,-0.030843735812697393,-0.017968403662674826,-0.000383297386866599,2.4277280891160657e-05,-0.0020636432026822638,-0.022072150380900157,-0.01154346723251276
2023-07-06,-0.006227886828595985,-0.012252187951099724,-0.004124559928878946,-0.007980505552663497,-0.001908052787114367,-0.020052676927706736,-0.007810566418926523,0.0025087124842610997,-0.013215087407920656,-0.004884762118449015,-0.013735604453874561,-0.01608146987172554,-0.010536714705076888,-0.008304804441202296,-0.007765490048563084,-0.012513300687285844,-0.009433993697343213,-0.02395059600089411,-0.012629353784135877,-0.02099293769762789,-0.012083723680288205,-0.02037976796356178,0.004575480802795795,0.007925300663983226,-0.006651847436864089,-0.0006000633161447055,0.007170781234579815,-0.015494773679605833,-0.016610329492717346,-0.013847624284166304,-0.007166496879784323,0.0009630311473778352,-0.002000374787008652,-0.01361371310395143,-0.012058943506466968,-0.017414900895258878,-0.01337419962963371,0.009226718788345023,-0.01676022005048583,0.009838152046094173,-0.000791674927083208,-0.005057099377859586,0.0034368758106000374,-0.003657841302350362,-0.004398008419898125,-0.01737246355476052,-0.005280258427045714,0.009734651227442104,-0.016306646495265253,6.277794259390568e-05,-0.017210774523032657,0.0,-0.017551598742185592,0.012954342337245794,-0.003766707305996042,-0.00358596266565836,0.0023110078461123784,-0.009621528137374269,-0.009686667197235987,-0.016871186171195762,-0.004462544395629542,0.003056902422563512,-0.007965991457144495,-0.005839137508754866
2023-07-07,-0.007175985867930557,0.008269401811981547,-0.0027318045366390153,0.0030167222688983752,-0.0009557128385129232,-0.004726383511647558,-0.003796014702067363,-0.005891286035062171,-0.005770085204167996,-0.0056639013911522484,0.0025864424997152913,-0.0014740689705210475,-0.013821914344919306,0.003448272386218587,-0.0023478339924541958,0.009735655290389778,0.0014431184184562351,0.029681454586713674,-0.002827971015935904,0.0017461758971666352,0.014557711219156833,0.03276182166646402,0.00040185905805345534,-0.005718533927617786,0.008928556996263382,0.012605177262084544,0.007443351193093806,-0.000605314150366909,-0.0037534249356763194,-0.0056132156537487266,0.010457152209793596,-0.003207181063315745,-0.005284226921846047,-0.012371607630858872,-0.0050402210390182445,-0.0031073534547126913,-0.007608530970658944,-0.011867456453577119,-0.0011467668665058328,-0.012685127335823054,0.00686641481379624,0.009500533639283715,-0.0015168576847965909,0.007450625600461613,-0.007275911137588298,-0.022928167713244574,-0.0019633817922662944,0.01715042039480985,0.006248908222801219,0.00019532545075207075,-0.002617317280647624,-0.008878683730630055,-0.0051275327590540876,-0.0032202253865999397,0.000417580662652961,0.006406189095514048,0.005592481458076781,-0.006632474783938913,-0.0064066668292867,0.015405634444872307,-0.009744688883603692,-0.003047586248776546,0.008297579055923654,0.014013829659218713
2023-07-10,0.008797708234423052,0.022832685599132763,0.0036229006692860555,0.011808011892915138,0.01506806847308706,0.030975194707778764,0.03760495212666526,-0.010855778467242394,0.007093059847198324,0.009810145897201306,0.028575652614682756,0.03658693831827908,0.033187883113196426,0.022091348353273643,0.008040758147718652,0.01989597915673902,0.009221819999236436,0.05596679998938492,0.025087260368936493,0.028796576039189725,0.010821536040069413,0.008882351379886133,0.04258168575496635,0.011617900323166452,0.016039830688599155,0.007113212133118996,0.013170674310874597,0.006208316605710529,0.027943556573580608,0.036011472606576334,0.019415687110567292,0.000643487566720724,0.03089697396707347,0.025952578253690017,0.015812447498742,0.02620639313425488,0.03017305172499718,-0.015983687896343524,0.03975478144059519,0.010621050061286441,0.02032786951680743,-0.007599562571292573,0.031167358476036355,0.028724546811526475,-0.002006868056148692,-0.0004846525262020007,0.013479097293374265,0.03601708929512171,0.010177681767826297,-0.0015952531822837068,0.01536333449575511,0.0019908089321369893,0.02282179384955274,0.035905520940401336,0.03345774859117401,0.010155893214123024,0.010073919727090264,0.028963681645127526,0.03304549087988051,0.014211670497481288,0.016335327571821656,0.011867832887688001,0.005309285178153544,0.03705711806845913
2023-07-11,0.004117400248715208,0.016903362602376237,-0.01989788783057178,0.001211060311945955,-0.0003533648041430526,-0.0005235033070283279,0.004545347233571029,-0.0028100635675283314,-0.021343108781920472,0.0038858984978293876,0.022765645005633495,0.004921768167321483,-0.010877924544304585,0.004055937904722473,0.014007750619354997,0.008103266659678088,0.010850978431833358,-0.00963128984811823,-0.011278969699532015,0.007726190213961148,0.007515102850300215,-0.0062887127186423974,0.005908028266975007,0.007902662996599252,0.02068580192698155,0.02001162026063885,0.06055802165754032,0.01158773961030457,0.017104341126687572,-0.0013567317692629866,0.0029647360111750842,0.011575514507284224,0.0035538164912594095,-0.017491275522627192,-0.013096819165072993,-0.005624951054860494,0.017925715692098665,0.001928807196299731,0.015346355386796073,0.004509007918323871,0.012339447965323158,0.005334249740288621,0.0025187640674679823,0.006876391015120387,0.007896187544604194,0.011152844761876723,0.012940242372306177,0.0023113010557425095,-0.0021345641605805543,0.0026700596288438128,0.03928387155800683,0.010927082637977481,-0.007354974052503627,-0.009266705697771771,-0.015749773387880417,0.0,0.006013016657026027,0.0,-0.0034551663603579197,0.0062487787876543965,-0.0003873055383436519,-0.05046870494101685,0.012939046535177967,0.009798797896902744
2023-07-12,0.017109484215085846,0.005190781725004312,0.029284963574986778,0.0009896232183257414,0.00836766977465997,0.023304509302435328,0.009379134817701473,0.008985541836038946,0.009668536138309536,0.024161797848717415,0.015420911225654477,0.008956461521127945,0.003752147299338482,-0.008504336512558885,-0.026477319827280854,-0.0001488797372387607,0.0045197888921446605,0.05190473205099089,0.004735216660679331,-0.0024883658020874444,0.0031667070467178426,0.028161648213203883,-0.020428989790034824,0.010491880771429596,0.004266711708069915,-0.01442579343260264,-0.016442476067498712,-0.011901317396639244,0.020420446399168624,0.02833727548534748,-0.007524162567460579,-0.016528837063337742,-0.007436667421966137,0.014342306056412735,0.005133846899712635,0.026247291208624013,0.0029874867745700584,0.014226856195860726,0.03411791570879852,-0.0048599735472024674,-0.017902554165863616,0.03530248501699029,0.004313835238194175,0.020591865442237234,0.009923354993568223,-0.07029531486322427,0.01632365614896747,0.01191389164060852,0.015487258175133745,0.0006499834792923487,0.027625811190197247,0.009171274144806008,-0.00017806993713087582,0.014929319570038624,0.006040560343622214,0.010195292395687616,0.003960714157778433,0.01663315200756732,0.019852276447263728,0.012420019853080388,0.010582127100956296,0.009825509500279495,0.0015640656318853807,0.02189801052360907
2023-07-13,0.004237245939513468,0.019552278917776,0.011694853521353687,0.021970779158736686,0.0018700520754943994,0.01468793324976736,0.030933598697795883,0.0040575140196590365,0.027071689763382922,0.027859104555358893,0.005898146806950333,0.00046073659665912814,0.029088205095323394,0.008791595372380279,0.015569551107361912,0.007741639157994085,0.007311500763565348,-0.0008752935417843943,0.048029164554472814,0.009573881464563838,-0.0002096044444270806,0.010207171552346184,0.01994263236382743,0.008512860900302677,0.020180569957193084,0.014051510568556358,0.02006086807250229,0.0081302045382734,-0.0032371641546748986,0.009458114655297445,0.018592013702143806,0.006464117796824764,0.005351781917540821,0.02091958449989062,0.025216896346948126,0.018189905612850277,0.011600413435898904,0.016192201671948014,0.027769851095962528,-0.009156861830326823,0.01784099385755189,0.04726441817442195,0.021995663681060096,0.03457369722263892,0.012325411318563573,0.027381340843791957,0.015851985480707764,0.014717081810188937,0.037411530417977845,0.003394597348322703,0.013595548902176846,0.006491448027212909,0.028699156626702527,0.012405867572824691,0.016970635846367932,-0.0021024389133147414,-0.004781943493445517,0.02499096278647661,0.0041125435298610125,0.0035316439423918045,0.007955352912661695,0.002687308650947795,0.02446648844887367,0.008039782875342683
2023-07-14,0.0017766627497450838,-0.00473633635221038,0.0001725696409327071,-0.007631936942803286,-0.01294905809017688,-0.03177489905957265,-0.008696372013744513,0.000787298391791369,0.0006310378445448794,-0.017970457080413893,-0.011311681008665198,-0.001999206355306149,0.005135530936238419,-0.00951208134478565,-0.022317024959747522,0.01344347897841014,-0.06309323921368215,-0.025733667126307314,-0.010915327101439498,-0.019233369688529733,0.016835254834201896,-0.02868745358736502,0.008562276919428902,0.0037085957580793583,-0.010411252987345687,-0.025981419121134275,-0.022944106740246606,-0.0038830080922616084,-0.021257782665762726,0.0054844997653571426,-0.011075664561874032,-0.06165702268578366,-0.0121843776432351,-0.0021646812523461456,0.00040728813996171453,-0.028583843576280743,-0.006973391786755823,0.0075291547940210535,-0.020134583329658562,-0.0037650766231559496,-0.010923403125040143,-0.011048996433554725,-0.018381719104597294,-0.023128190799461712,0.015496030714950315,0.009413832273594158,-0.005499436619540998,-0.018714325335450255,-0.004548431113444273,-0.0025477843785998155,-0.004514447663220067,-0.0072557236668756575,0.005074019592765655,-0.021881798817029563,0.011741353392456189,-0.008006792331137214,-0.011315566897899587,-0.008156452709245698,-0.012396168980345568,-0.01092795210679176,-0.022988192203649227,0.0010165945057079018,0.007621931717695318,-0.028856728753668293
2023-07-17,0.012699120978640899,0.013926893677811636,0.020527835115587312,0.0015164578651563065,0.006736714168162683,0.022868151245508228,0.010399380021105742,0.017305494710395886,0.019335865555391907,0.029230560963690477,-0.0019146523922572989,0.02449970367765797,0.015369265032052493,0.017275568938754926,0.008535167696254176,-0.002332319140123884,0.0011918991145842828,0.06592107208384257,0.0039265807169373,0.008511507522844797,0.015513345670412848,0.08055412136057338,0.017232648782380622,0.023161534137032147,-0.007364419240722397,0.010669760821182761,0.0009148520659452153,0.006297011847602896,0.036802435258129096,0.014111916076859465,0.010393348913830591,0.0037645013562335183,0.020477805409456096,0.03283555775234248,0.033685214557309884,0.027418723171863224,0.016853989945535996,0.0014193964595949904,0.04196372182277508,0.0014773727451313778,0.0019261721316938818,0.021817047952421786,0.033311360612077845,0.04664929285355801,-0.003186034606314281,0.03643375920193348,0.012995126194838447,0.023934341957645655,0.006853820801947963,-0.0023029893881283403,-0.005799510837812161,-0.010069823361149033,0.020676108582381225,0.028366864651536705,0.01556893165153661,0.010832607187659438,0.007630099039563465,0.027942427802334358,0.014099961543688533,0.005992503477160849,0.02620562734383247,-0.006093372545196707,-0.013111458894713102,0.000743698225672329
2023-07-18,0.00828689547209649,0.01959766373323757,-0.0032961408946444726,0.014492796674818287,0.0015261843654110763,0.0007129911953549506,0.0033062831223826805,-0.0013402758898847233,-0.0068041856031682,0.018131653392152725,0.016422635267814956,-0.00760140483030447,-0.0014318691704298114,-0.00722529878446565,0.008462782709091954,0.010666335718431341,0.0008928601367317324,-0.02963038525566697,0.011610224098584032,0.011072847092634674,0.0076799875194462075,-0.024865750194490333,-0.0004982675153908378,0.008003883801118272,0.018547896543988918,0.024046890653310005,-0.0012186483855601837,0.008343205504415696,0.0037823384630240042,0.009392386746011727,0.018355908260971665,0.020797890902475746,-0.0031684170001701206,-0.012887978428615887,-0.006256950591489674,0.012584021218402297,-0.0033762668487448133,0.03979986965131421,-0.001036050390660237,-0.0026758684010406153,0.011535606868925852,0.022233714551048944,0.01839548568568916,0.004888282352968787,0.015812918386657993,-0.006838659040180994,0.001569401042303964,-0.005680765747385519,-0.0043760082435907455,0.007701501471029326,-0.0016227856016995945,0.007218964957415919,0.008018501571368297,0.0010442485428643344,0.00379461387699509,-0.0014008500870394958,-0.014179961637947658,0.007741953985678229,0.0015267573161033,-0.012658233241322314,0.000901019283491511,0.0006967124470502739,-0.017373538982620063,0.011825154426769346
2023-07-19,-0.011258301496890222,-0.009507163715462341,-0.01271940978646946,0.0019189797368819317,-0.0021099512553909294,-0.003613290864976082,-0.000487172394928459,0.007071755662494406,-0.01889150281107399,0.015849231093668426,0.00842387122436472,-0.0022802964467267817,-0.006554921826913862,0.00802165958966694,0.02322410844486722,-0.0011566608661219835,-0.0008920636486604572,0.007823974015372936,0.01668629983597314,0.006343886131834342,0.001398642478319445,-0.014833583293742403,-0.019316992318405113,-0.01700357107220196,0.005202867525110344,-0.010882016227169333,0.004575892486848421,0.0008864484552768559,-0.001159428292967335,0.010354698927593109,0.0026123558149964143,0.009351976200616896,0.015833789222852612,-0.02782708334667172,-0.024133296610338473,-0.01724873408275951,0.00030779103722400336,-0.01226750737422011,-0.023124916199161683,0.004299721016676861,0.004941652401484031,-0.008780101829130027,-0.01511225270687,-0.027947279455620366,-0.01722280235458351,-0.009422551229753773,-0.0009538042704234639,-0.008710315017474324,0.01269734438954484,0.005060339126848001,0.029609410401958414,-0.0249225500792154,0.010249016239585185,-0.004694048425313624,-0.0120968746724468,0.003647276374146635,-0.0051616131143986665,-0.015706443029126937,-5.4368546478889e-05,0.011877776066054668,-0.010636510512019748,-0.00208861131072402,0.01222052085000902,0.016604340985708843
2023-07-20,-0.019855641821000858,-0.019519279095785436,-0.05307910580586894,-0.019153043067273057,-0.00951481151267608,-0.031360118854212415,-0.02382385142844945,-0.010097371940203104,-0.05459156497008555,-0.0275161182110355,-0.0369745096668016,-0.014455688152626767,-0.015258411164230656,-0.007061930416267681,-0.0011444357535140837,-0.03372398814450028,-0.012202306243164318,-0.051593115751842666,-0.04323286961013095,-0.010683481373291004,0.00865242086741369,-0.0004028695252140668,-0.012581083523300673,-0.02782305448360567,-0.011904736916648728,-0.004053165441835094,-0.011235874210958063,0.021405470673562688,-0.03163081631267739,-0.01754037431200739,-0.015025170011288669,-0.009596259096303017,-0.030015111134610084,-0.04354114691427735,-0.03841514130528911,-0.038046516013594545,-0.004156374291146903,-0.023121455127917412,-0.07912830155397166,0.012159272652237707,0.00958272049870934,-0.03307341934717556,-0.037815487790677116,-0.04523599690601898,-0.023675119023894964,-0.01605689816358613,-0.020730996309233585,-0.009920592013355711,-0.029737966844652575,-0.002154844424062663,-0.026496529352970533,-0.009355193164960696,-0.04039783691203891,-0.026375516659355225,-0.012288708989563357,-0.007967064273799784,0.0030491314406551062,-0.026363716599910325,-0.020417174640590896,-0.024222084617337547,-0.03232448885762074,-0.006557780751329179,-0.01669667405043629,-0.04343998110492475
2023-07-21,0.007456707182285749,0.006481147566729684,0.00634917866886342,0.0021696349270998727,-0.00830172487849401,0.012180386285381761,0.003700469208884005,-0.006161636894531863,0.017606763009196946,0.001341787075580747,-0.005071845845511347,0.009467041281546518,0.017044295986648805,0.00058386226845486,0.004964731089204255,0.0007488513118727447,0.0009038896753605918,0.008867653335782766,-0.006485033381833816,-0.0018109130076037205,-0.008988891036814883,-0.002972273742522069,0.005920292560289475,-0.004476167432857503,0.00890522861767451,0.003488312543439287,-0.009828049544120532,0.004046742099067302,0.01947853431585833,0.0015046919443790774,-0.008905741856158111,0.00267291375757317,0.00549589881289525,0.018795890942151283,0.01317568625526766,0.016772450565236463,0.014840057603820123,-0.008937077798807813,0.008732533600966041,0.0023010390887781007,-0.006993905670504064,-0.026603696232945118,0.006369425825641928,0.015005128866193651,0.015274397051403765,0.007312556290620886,0.013440059845053254,0.021948615347540112,0.03313454773896707,0.03694010942760406,-0.00043831566405361233,0.005227680565644599,0.005424292810170872,0.013455303365126792,0.00506964332921922,-0.006692395496200154,0.011105115292656231,0.02476182472053856,0.02445544580055703,0.0072560831748247345,-0.0020043253496601077,0.0013576464318652004,0.0005224780146673158,0.006304534236174275
2023-07-24,-0.004796666134515015,0.006977692595766305,-0.003064410520436822,0.004546501524433699,-0.000358780995277197,0.0021357633231438022,-0.005618016657510938,0.00422000290303548,0.014296164578745385,0.0004661024897412158,0.0030014526018671273,0.005397335877925569,-0.006546966704663926,0.00779751866568934,0.009120252667240925,0.0095793448665491,-0.0009030733966411963,0.001859374797153368,-0.009475279779264878,0.009340137893020017,-0.011509734402753158,-0.0012632004212723702,-0.011386987939388082,0.00382179381266301,0.002595930672378177,0.005214391941600338,0.005893288532830665,0.004318488498691986,-0.01146386729841986,-0.00816207633275734,-0.008007127657484792,-0.02132617756630628,-0.0001783153325802811,0.005277372547531689,0.024694199250206772,-0.009473869078949981,-0.0025894451348854597,0.0038979016654088205,-0.0008431566711155636,-0.002126982856623938,-0.013331694582113585,0.00683833055457983,-0.01134549916339389,-0.0108343425645967,0.003569922770152445,-0.002009701740811165,-0.0167663193971892,-0.0031748655291561345,-0.004971178152606948,-0.008450448902328378,-0.010523519785041513,-0.005536079222365986,-0.006838324061621992,-0.0034519635738495813,-0.007158590308370072,-0.0037588697247674663,0.0032973337648487533,0.0007822438488682693,-0.0023329267327238945,0.003791483657620054,-0.001561932874340144,-0.009397328124604254,0.01618796199047523,-0.012628059861297669
2023-07-25,0.013725261004442268,0.002825261606711482,0.02160744396040415,0.008297377346388135,0.008613467570842914,0.017102540374392072,0.012741340444043958,0.004513577920933098,0.012359928417334576,0.013801508853598543,0.0010924605940845211,0.0181900248960829,-0.012351352980301988,0.005000314624904467,0.00922607395353281,0.005782155368791564,0.024404787127075167,0.00933582860863802,-0.0033162451248718305,0.05838485201839916,0.02121512292575667,0.011889055960677686,0.013847544212624685,0.01850456601791861,0.015018233769465095,0.01383284054931444,0.02065978210877306,0.005661409457160316,0.01397565647232435,0.016315275438689936,0.004215228459229392,0.015321608996522684,0.005110230225568779,0.01112836978122611,0.01754218277614772,0.022167085799284836,0.003054280650001351,0.017009160335981433,0.0343386786361739,0.008120166959966202,0.0077756414832832466,0.023917329885233096,0.042725657859410404,0.02405567013401,-0.0010163589453486832,-0.0017260435038213284,0.008036964041552075,0.0035596932404493575,0.007816272486394382,-0.001615689612557758,0.0016396131843616768,-0.017543769896301797,0.007508177670132454,0.0025757166792717,0.012645617763796357,0.005196729575714931,0.002199085733738171,0.018151868988046438,0.011909304508860963,0.01624174878111595,0.013359757144652207,-0.003917320237526667,-0.007194213578362585,-0.0038335823264099567
2023-07-26,-0.003400585016796409,-0.020539152759948665,-0.025752244797428103,0.0066260847344679075,0.050883611323753186,-0.021159070996741636,-0.016532533978591335,0.004545054066301901,-0.007425377494620022,-0.0553736549625643,0.009442045668204502,-0.027124443274116006,-0.01817108017232716,-0.00686078553100844,-0.007089494391673612,-0.0011792237514126613,0.01176486047646308,-0.03404469030363344,-0.008062105740293757,-0.02572648413514922,-0.020809617048404006,-0.012999304615438634,-0.013785987390170451,-0.018305765290621556,0.00714283321546505,-0.007959078914582252,-0.0018125680695821877,0.0052733679789278565,0.007624573180470939,0.0007855394629667778,-0.010002672628645959,-0.00503011160736766,-0.0008867508241009459,-0.017721064997909486,-0.01210331904058215,-0.027630920255311553,0.025883090927181662,-0.03763757525297362,-0.041212679091314985,-0.00859177250084553,-0.008348040645924426,-0.004969481233761841,-0.006412325947349418,-0.00789685034283849,-0.02077147467564122,0.008645139405817348,-0.00034666562571772364,-0.0014934755606906824,-0.008395279591855154,-0.001031552135881797,-0.001990872674744293,-0.004636068861417986,-0.008774314551871942,-0.001505978896561122,-0.015598697435320052,0.022875355142524922,-0.06474249137848254,-0.022093375470369492,-0.05417023789037456,0.00241585671994593,0.0008332358034139897,-0.000995056672970951,0.006211223660916865,0.015559176443502798
2023-07-27,0.007298402236439072,-0.0011272317629071882,0.009174331636187416,-0.002123416206100459,0.0019187016572053128,0.020519981073698457,-0.012260766601754014,-0.006580997724028648,0.05121563948338137,-0.021039778165317324,-0.015464128254443321,0.0004926651430885443,0.0040177259174334345,-0.00822653006984908,-0.004133780955883015,-0.021694244082755776,-0.017151218963488812,-0.03784031804048138,-0.02446885416228528,0.004261112174511972,-0.017286603984164373,0.007041180101630351,-0.008801453357155653,-0.009547551873516635,-0.01215808414818964,-0.0051575053862692455,-0.004842605333896022,0.01346845495119875,0.005529779899847487,-0.0006641465495005328,-0.01714028658969946,0.0006740678528989186,-0.01733723476793636,0.0535110153179672,0.09275039123331563,0.023774485247323174,0.054764085308431465,-0.020872158065868507,0.015866142982179143,-0.012559236533466134,-0.002168355897300356,0.009856576126464178,0.015150135842882717,0.02881612705643888,0.0077922051991961006,0.0011020132995163134,0.0076287594569779404,9.350412373865247e-05,0.01475567931863142,-0.005386305038866501,-0.001906232516534656,0.0721063023311248,-0.03010723629286216,-0.0019519138679147119,-0.0013130580097523437,-0.004015656657997524,-0.023461485080242483,-0.03506627631139614,0.009772665998227348,-0.010752651670818403,-0.06128494676161522,-0.006592674131054466,0.07201643930397861,-0.021854183157311247
2023-07-28,-0.01025668727167317,0.028990068026112148,0.01674167989106512,0.0069156457139303296,-0.013518047953568257,0.015195656330322826,0.01166519477970751,0.013507954731082128,0.03961950510328416,-0.06149455753446642,0.0015754156482787884,0.007005895685351815,-0.002809656962405649,-0.00951780678031322,-0.017169823975185516,-0.007995171885518015,-0.001478857338527928,-0.07476019779708099,0.017853152673580563,0.0030857969663899976,0.005668474909046539,0.04828969163661023,0.002872828616385714,-0.008169652716431108,-0.0010256517919593477,-0.005760456027831262,-0.007603331989363693,0.003357276812877563,0.06599132343179259,0.03083396968028751,-0.00018358159272668928,-0.06938365610524899,-0.02035289175494348,0.05941742347711254,0.02750907833516214,0.029525592822492674,0.0018290495973172227,0.023131359666841877,0.015562338374673024,-0.0021941140939328863,-0.012654965385060946,0.01851848034349901,0.006853354346128215,0.029184171087322186,-0.003522408250008713,0.012883250480414166,0.009223013687120751,0.023462277323561764,0.028843841557815608,0.002463403163713185,0.0019987218264734263,0.020917184328217875,0.01723546254877495,0.014845831537846355,0.004813486003289347,-0.0075078395541686715,0.008580405243992839,0.015277496968119753,0.010709432499024008,-0.0054347997040893326,0.018988493443087062,-0.005586050064419146,0.008397276189022307,-0.0008349197011493503
2023-07-31,0.002535341044012318,0.03271122951328587,0.012747897070443548,-0.0014792835011762095,0.008450360510843247,0.005594251200836453,0.01144190341330753,0.003166000572667693,-0.0022378382478490666,0.026474287490580117,0.010486735675855785,-0.0012669241533049824,-0.0009819457860917868,0.004240952190446068,-0.0009598966436696887,0.004105852225822604,0.0053316562703722425,-0.01619905378305353,0.025595512422399214,0.014163985971654247,0.015758149340781458,-0.004798464631897814,0.011979142348800487,0.00778091290060523,-0.0015399085531838663,0.006952373036807735,0.006129316069985791,0.005088923682902147,-0.028780977460271973,-0.0002734839050055893,0.01597361943281106,0.006152712818568995,-0.0098961250611046,0.00575332823610375,-0.0038405103885448266,0.009022607317813458,0.0026686516935565674,-0.007240530160151248,0.025552275763949694,-0.015186424498898177,0.009968951479335297,-0.0004491255175569364,-0.0014777539051302746,0.02531167337333229,0.010690666792673387,0.0061181945641761715,-0.005592356931816922,0.004840613660037851,0.020775523849028588,0.0013200089376252944,-0.002615299559916462,0.000788035633672246,0.02363314691143592,0.0018394481371022398,0.0019959944747547365,0.005043125022715644,0.006570362383668815,0.005609500905357834,0.00913827593720562,0.013755408826722215,0.015255820130102293,0.012819273019943456,0.012610102531223744,0.029346878114311803
2023-08-01,0.01460408989686579,0.005364616817953527,0.02797200092273,-0.005079400602471917,0.0035104518487245606,-0.00025066584320843077,-0.015697150018648687,-0.0042759228798088245,0.006860600134696693,0.19678899344331513,0.0021698733108101997,0.023757846426145868,-0.0016238179263421415,0.0013898786936650254,0.011913916635917898,-0.0027260420912270655,-0.005892543216524104,-0.009945297297145217,0.011274854087546249,0.010363999827586401,-0.009880984463883857,-0.022757962196753634,0.0039886458276479075,-0.027348010436685555,-0.007198117409336957,0.0017262042076073847,0.0036550675388284937,-0.005895487210511585,0.0008386437594865015,-0.006253736601486426,-0.015451381985588153,0.007554047556874277,-6.204685077182415e-05,0.000642056529632562,-0.0036047263087349846,-0.0062806446591214815,-0.00882480876615388,0.0012502369566211868,-0.01644366847691281,0.005233260444131416,0.01102422120177815,-0.004750824844515389,0.0022423660924675293,0.003155418449100944,0.005800547865585148,0.012842020198665871,0.0048007472735942525,0.0017269809780369183,-0.0006809696821065137,-0.0008112089222677143,-0.00328869940198373,0.02866135939077341,0.012675839877251294,-0.003934611290175027,0.0037849092936228512,0.0009058923565519184,0.012274728202446905,-0.015140710452158368,-0.0090555240595932,-0.00501859594038212,0.004160032968186345,0.002133192485196389,0.007283776987570656,-0.17271719917675077
2023-08-02,-0.009938702155334767,-0.034237823035609405,-0.07015306213473704,-0.017017640196215544,-0.0027082200980014237,-0.035191436028315426,-0.03373627386482603,-0.015489976234546288,-0.03472450503076896,-0.044879057182601656,-0.02668862438405517,-0.03010873609890119,-0.02093052813186913,0.05162014157217132,-0.0015191517162701507,-0.0077449377907024,0.002074580339928467,-0.06406336092069209,-0.010773350079686828,-0.006067057737545789,-0.00903952075827219,-0.04144461318350989,-0.04754580472269598,-0.009042846440206143,-0.029000523822105273,-0.009764485658731337,-0.013657029581772617,0.005860641664790833,-0.0393853740129918,-0.020550645996403438,-0.006975109658548528,0.009996433723419518,-0.007512303090863814,-0.028603122972486128,-0.041933294546938726,-0.03299418398198539,-0.03660250555163469,-0.026282872040021,-0.036089876136002674,-0.0016658910199074395,-0.005198567144624633,-0.04812178972527004,-0.03168067075113579,-0.041816974708157484,-0.018658292498746842,-0.06714855679169207,-0.018838267765460603,-0.037201692298160394,-0.02127495780262678,-0.0030244534322011463,-0.016810113705089336,-0.004745829378475563,-0.04610516957081345,-0.027826587855968032,-0.027187971211960482,-0.016084173239574007,-0.01716118863399163,-0.03083700531378808,-0.03324546103432169,0.004296647627148431,-0.02548456846337621,-0.016603569575099786,-0.010496869002829978,-0.05346002334486277
2023-08-03,-0.002045418493047957,-0.012332600750307732,0.034750828575979664,0.0034624507808282967,0.0011315544098835506,-0.005039971539511523,-0.06116112178480704,-0.0073216538548316334,0.0032580032336633202,0.0027075571460073444,-0.020118017635494256,-0.008203501275209746,-0.000655806381354318,0.011573551119003822,0.010840608334833801,0.07851241080449944,-0.007098515224933988,-0.002345595460431671,0.03427611053263546,0.015102849670732388,0.040124533424652054,0.010088566636721863,0.019375705695899414,-0.00038145853626303516,-0.0069332520390933405,0.004640329803330401,0.006153774260899025,0.0019421648891277954,0.013957529981710737,-0.00214830899429419,0.006007476494824138,-0.00035350883542673017,-0.008069518836529288,0.00552471188528636,0.010905715604183408,-0.008308354922838435,0.014815843394003991,-0.002564854485140877,0.004241764644322243,0.0002085838554601871,0.010961092875880318,0.005556897751426648,-0.002079458391111899,-0.008400142407507527,-0.010025032686785673,0.005419819575817719,-0.0021565047554348293,-0.0025445695119014067,-0.08176689373827517,-0.00038688327976332815,-0.02240363919005106,0.05029986332768033,-0.004918512314488255,-0.015078936616742755,-0.002402641951564477,-0.009836439621391913,-0.0016206056546980152,-0.0022264400699346654,-0.0037114303517884473,0.03255208434965762,-0.014222089150043082,0.0011544831106291564,0.019801984649844506,0.03483313028354962
2023-08-04,-0.016176281023663197,0.005956917403036721,0.02359697863843735,-0.001186118318798668,-0.01333641855415535,-0.01639772311449994,-0.0026844119584308324,-0.04802003335691585,-0.014545701866195193,0.010351100661228463,-0.00518205418158002,-0.0037627404542944776,0.0017936203188144706,-0.007075460981962434,-0.009783596964645813,0.007521039619499126,-0.014000642757938442,-0.0025648376231555137,0.00795852140331288,-0.011282574502355924,-0.016557886369892638,-0.009478192816379405,-0.2506599939677835,-0.011300945715293609,0.0794844282453937,0.0028869361222350065,-0.008256805649279553,-0.0014537461166889143,0.011368485567078146,0.0,-0.002021112327690311,-0.0014144668853277587,0.0008828869469759137,-0.011665597881667766,-0.004182476414528513,-0.06769435323518036,0.010552241648944305,0.0034285998398648765,0.008184985267946754,-0.03079481517870708,-0.01941497663324987,0.0037066162943149017,-0.010419171766875346,-0.0037974625242197524,-0.0009603528160830876,-0.0805642866703985,-0.015476862680687486,0.00982616167339212,0.02358886822314621,-0.008676732932694886,-0.004499912932312333,-0.02182194587739228,-0.01564957021623914,0.0020169411998955944,0.0029537815254241373,-0.010148635438702147,-0.007042812816950961,-0.0013945501290902884,-0.019557640817953748,0.004683879374747013,-0.00180332963133234,-0.014510182105465064,0.004392104687430676,0.007453418503728937
2023-08-07,0.01240380855696599,0.005409154948993411,0.008547728081316652,0.0291482744002467,0.018098543548794588,0.00929120404877648,0.006729093555286392,-0.01725376628542985,0.03240437290699849,-0.0018374266138080353,0.010666239114761611,0.01747856033889783,0.015021844722298061,0.025117493330830687,0.007220157110665815,0.004647829297275363,0.0003022332040791831,-0.03250002179827005,-0.0005263994905045921,0.00802557361095424,0.02407790484141681,0.006276372003584552,0.016381897087841102,0.014458408778639908,0.05074631970483079,0.010362629045253202,0.009867387221647261,0.013449711435550071,0.0025612236018126566,0.016660582077696384,0.0015649698807298495,-0.005311609775052406,0.0026463244356262905,0.020081780553721895,0.021579709065161712,0.0161753825605766,-0.007581205702870575,0.0071084440188764475,0.008714419230386516,0.005594325510152931,0.006556821181739503,0.016495142281020003,0.023537708267113988,0.012510984359703547,0.014505386530878406,-0.014107739683613563,0.011896279997588355,-0.001496968907432561,-0.01777782218448498,0.012307209003982855,0.006850278418330635,0.025752455598963664,0.0059097760034239055,0.007959670474539493,0.005844743087725979,0.006642533761590297,0.007831042409502942,0.014058232605090648,0.0030871367170342,-0.012551564590170372,0.0030372148715656078,0.0006825575994922062,0.0011507304069644508,-0.012648692924901228
2023-08-08,-0.0022794660717443405,-0.0172352051411806,-0.030648011955178522,-0.003986204505544322,-0.0012377334850718347,-0.01835875690283617,-0.014052811826053557,0.005311676586621017,-0.015760188894403226,0.006582209224404556,-0.0024052890743565536,-0.015495045704704724,-0.015100712995861354,-0.0007888246860211501,0.0009432374556650469,-0.015000615880040757,-0.008456570066527558,0.0023625495122088225,-0.013328444883094481,-0.00590904349689636,-0.00593315251992621,0.0025562371390488448,0.015077970890488457,-0.013345031886714986,-0.03977277610667318,0.029629641069244705,0.009770973245105452,-0.0018470124410921995,-0.005960848728390311,-0.008807344008148976,-0.0045037390485649365,-0.013171921162831945,-0.01395086503226084,-0.015401625139044972,-0.013269784991294942,-0.003301455590963842,-0.02493522851732033,-0.01229901394564048,-0.0221885150626403,-0.009307776296685444,-0.0051092001618635585,-0.01657975972513981,-0.008412146064657677,-0.02133409752486204,-0.007493451994057265,-0.0174689168819242,-0.0004198569710032185,-0.004872603696710387,-0.014077368053749928,-0.0028820887245289972,-0.020734961483669045,-0.02116481809677251,-0.0037124430143131715,-0.01279843071892972,-0.018040562535191484,-0.014488672131256153,0.007246916605328835,-0.024329780098162335,-0.013198407930309353,-0.009805718513161588,-0.014331185201029384,-0.0099390659494899,-0.007816095461790629,0.02195543263121258
2023-08-09,-0.011486573408227674,-0.013100166363601229,-0.02437518373579961,0.08467615770340675,-0.003717370363065964,-0.009645858476616809,-0.016369628516954116,-0.008954306412041091,-0.01925548109867259,-0.01656963305592407,0.007577663619038333,-0.036720472569013896,-0.015856330494730564,-0.00537794965678795,-0.0013192734406932694,-0.004554537778419743,-0.00822432981102117,0.019812936265421355,-0.016546905065899065,-0.004317372104773343,-0.0016234741834241229,0.03824579177239262,0.02065902494070837,0.0037372580924894816,0.028106565219510937,-0.021582688337885236,-0.00786197798232724,-0.012200943219810578,-0.021130806501937882,-0.00820664214763267,-0.010063682388513517,0.001803750064037768,-0.0015295741989841405,-0.008382829672696435,-0.014295921437214254,-0.005560140772754463,-0.01404277966588674,-0.01171587386950812,-0.01634894025457212,0.012311060644629501,-0.01258176890201057,-0.04724162299655843,-0.011618914052682117,-0.02258829135498064,-0.01848484977861653,0.009409899439036806,-0.0011201600826905578,-0.01035780137222786,-0.009263952560613742,-0.005536580195380392,-0.027034696905194777,-0.002982339388343913,-0.004522185703953352,-0.014159560395076598,-0.01612422059395846,-0.012299699556338473,-0.004467535638189912,0.001976156180879096,0.003238770375539657,-0.0022006039715944947,0.0028337809120908553,0.0068893944699075504,-0.013438322947357473,0.01659579822692958
2023-08-10,-0.003595102955906926,0.003990010658402321,-0.0021725161683491256,0.009321284633314608,-0.005992727499645745,-0.0005410124258660165,0.001916377486350429,-0.0012346772941643769,-0.0037888517242394837,-0.006536704712176267,0.016066773538546464,-0.009203802627722024,0.0013759323319784134,0.0053079090455987465,0.007171178726012251,0.016299661915174513,0.0030712633320748584,-0.014444604239642111,0.015238785201140859,-0.008797895508797615,0.005053999585277635,0.006925286645637074,0.013047885746432453,-0.0015366105882109737,-0.004796213043180231,-0.0033937168113975513,0.004876551920740102,0.005333618093320336,0.01166861899124294,0.009603330949698341,-0.005502753763900081,0.0028808178053838507,0.0054254555016910455,0.003701036158562987,0.0004955304726186327,-0.00892223214090837,-0.01889053243066907,0.002172287443784837,-0.0049132236648001815,0.0027379942783387623,-0.0009102208094035058,-0.0039008816702673643,-0.011148874591276892,-0.013724826230889553,-0.0009725971599755523,0.0027638372348188778,-0.0011914646598812917,-0.007040893192322373,-0.008235474227627493,-0.0011871224742561193,0.011609828925300603,0.004337379833190047,0.008485786283021879,0.006715158218421946,0.00566491803843161,-0.005231846642629878,0.0014610664797987116,-0.0005634922242094831,0.0017337415584470772,0.015622100284963025,0.02590713955453161,-0.0031278988697488463,-0.010098644590996075,-0.00957779029505812
2023-08-11,-0.004381360072651108,-0.014307048132732314,-0.02413139418581045,0.003751797990360961,-0.007962705211450705,-0.008120830079261121,0.010737832906920763,0.00033759190288362717,-0.039969590014130474,-0.00771412698133811,-0.00048058658992533587,-0.01558899909145417,0.00203894646789915,0.004046070835848736,0.007869590024157214,-0.014068614165141935,-0.0070422769767194415,-0.009233546120710812,-0.01821767779388417,-0.003994101572865505,0.0011872544951163633,-0.0006828905585076761,-0.014531060900922377,0.0061559918971441085,0.005301213789316694,-0.0011349812425945904,-0.006066226020670751,-0.0009074892098305254,0.006055383751530474,-0.007378326662257351,-0.007502533313166637,-0.00610417897095461,-0.006221501775945937,-0.03487874661295831,-0.05014640332551079,-0.018485264828167702,-0.016350944663558353,-0.005945516356243186,-0.03145727822540856,0.014078458296061358,-0.0010410420916792118,-0.036165974249198984,-0.03670157697801779,-0.03233401773832212,0.0006195032775642151,0.018219233858516315,0.005262788779098804,-0.023763926240218947,-0.008649709730062294,0.0023156050090371583,0.0021608496914391484,-0.0044675711127100115,0.004396400795326549,-0.006485129475791607,-0.006792051493698104,-0.01451845099720539,-0.0011723157923777539,-0.04407065162761592,-0.00811655266702549,0.005971803132069464,-0.0023425326518130563,0.00975636358902987,-0.006405704578632099,0.02552660057631173
2023-08-14,0.008607035195012935,0.027141287170133088,0.04099659453956073,-0.0037377746150716318,0.003325241937652823,0.011898851564296375,0.007204320870139558,0.009393179885556657,0.02204133563140087,0.018177618791598738,0.01692627861142082,0.029333709976158362,0.008094778223460386,0.015431522862417557,0.0016731786716257524,0.01455469235021245,-0.0021585024607503334,0.025073960548580576,0.017843655896865984,0.0054105080312121245,0.018079069023495764,0.032020294405929794,-0.00033512831202076043,-0.003235692820226954,0.009587642856971001,0.0,-0.021361018403862286,-0.008454410350460906,0.02264258857939927,0.016131929082840557,0.01096929276612868,0.0032514840779818144,0.003194071939725207,0.0276544886901402,0.023359973998023253,0.015531485657380717,0.06074260778533547,0.009438901973018332,0.04478545594569261,-0.003217044408098224,-0.0040385817451757955,0.07093387371586557,0.014936382591092423,0.026964185893905368,0.022200670805961886,0.006331389160925571,0.017660190397230213,0.012858315894235472,-0.005147928391279755,0.014516215118175468,0.016099667750282043,0.014360406860164376,0.015732669870910154,0.01482654888805035,0.014913912094187909,0.003156946915099157,0.04981865686682485,0.029588083500520668,0.025752081390163495,-0.0012592137908270518,0.0005934848482223032,0.011167157302359287,0.017191914700165123,0.007329857571432674
2023-08-15,-0.013826979652327376,-0.006797487396780766,-0.005626048079355517,-0.008080773088515514,-0.007885697075806108,-0.021953748609325863,-0.022677845514143424,-0.011200348180942732,-0.01275629036461523,0.008589708181219402,-0.009220715848483718,-0.013558110617176822,-0.007634884953815924,-0.009389280806284428,-0.00983674464953277,-0.024191271638652645,-0.014524092627640095,-0.029078569058270998,-0.0044444519796489335,-0.015194643512850603,-0.005218859408009258,-0.05486445275772511,-0.008213236334563168,-0.013899520919212649,-0.012820418775100206,-0.01704560329164362,-0.007171797763866117,-0.0002819728136015387,-0.025504462629320934,-0.017042262200140934,-0.009260184903789215,-0.015844463046969404,-0.02655373374441894,-0.014993207234486938,-0.01704129910567198,-0.025891142033519055,-0.04320442715877837,-0.006727571239824481,-0.010997456403199268,-0.013156074759106406,-0.0020929076380216127,0.004273941922943836,-0.02658623962211404,-0.030786711373618547,0.01488269717674795,-0.016777572431943777,-0.00535015306411335,-0.035565517119003465,-0.02052269335436685,-0.0028213658778355466,-0.015467314991317926,-0.03406578851553543,-0.011674195316588643,-0.03059816899819834,0.004346289765049471,-0.022403697822704238,-0.00586346346200628,-0.02740117842646317,-0.013608502791910393,0.0021613640290953917,-0.01944353484818684,-0.01022755056278235,-0.03638495991970869,0.015614438958132082
2023-08-16,0.0007808576334940032,-0.0081164871285484,-0.037359641578097236,-0.013868686807399944,-0.010713062476838453,-0.022887691721521053,-0.0007757537481555277,-0.00495907461144951,-0.013064101573892928,0.00957417912128733,-0.02806283070237625,-0.011311309319012142,-0.012911204994972891,-0.015340976316609134,-0.007310190457319621,-0.0021619391804902355,-0.004390044732515808,-0.012485082537621928,-0.010127302276727201,0.00032145966426733175,-0.025588674391055055,-0.03973378556098439,-0.016731416163692225,-0.009307153698545179,-0.015392083346917773,-0.015028684522622515,-0.016959826887736673,-0.008669873557228258,-0.035663015249303376,-0.0030773829442302114,-0.02331949074616635,-0.007683814162751101,-0.013540865647590716,-0.019709230280453793,-0.014546578441822833,-0.013845978051485908,-0.01699061792914125,-0.002428519253539041,-0.04814126369909477,0.0012443224173759315,-0.011534830199133816,-0.010332314124522513,-0.02478436022775632,-0.020715999204720892,-0.016625421247245753,-0.007836420350127105,-0.004758204322148685,-0.023110887258289692,-0.01369987638595005,0.0016774458587509589,-0.008573586055171112,-0.01999993114218257,-0.018048563306962584,-0.018483400438924713,-0.019531068759513603,-0.007817876198706997,0.0017244456376330763,-0.006086204555469932,-0.014510048686718569,-0.027677946305187273,-0.00831033178726992,-0.006112694589714529,-0.015347163942123987,-0.007612539970475507
2023-08-17,-0.00650107365084418,-0.005481111120074433,-0.02565537771587645,-0.014457132339606216,-0.005822115022450891,-0.009482444054614736,-0.020859327319501353,-0.01455514042483741,-0.004773893243123717,0.00766388833362619,-0.024306393796202475,-0.007070934558626507,-0.013124923232722407,-0.006053338367184802,0.03342145828256449,-0.002166734419949301,0.008818804410882786,-0.010836863248734785,-0.024094893903404246,-0.0025707528250823453,-0.006267680726588787,-0.044035629658238595,-0.013234796385780845,-0.012657087763570662,-0.015144036788469095,-0.00410821371209491,-0.01086259891398833,0.0001422046816941247,-0.02833265608021107,-0.018561445935699417,-0.010246456615166988,0.030604703880257267,-0.004973474700412206,-0.0022151926111008136,0.0035124706003930584,-0.00839914087396021,-0.010277236401281753,-0.010986198081030185,-0.017331052199391572,-0.014841791638392832,-0.005039206978734612,-0.0032653743069186447,-0.01123315361717947,-0.023323947914525966,-0.003988180946024156,-0.029910706454046254,-0.021757306603951143,0.010594515185806674,-0.0006354300700502913,-0.017976797256759602,-0.01521817030618644,0.01152823215743437,-0.010664213560623304,0.0028005040488989774,-0.009598060375930473,-0.007915636641494861,-0.0009730418674485097,-0.00622217684358195,0.00024131256193093975,-0.012754133940300338,-0.00925505918552083,-0.01835307559159738,-0.0032161617839420176,0.00033840842695509465
2023-08-18,-0.008834004455252287,-0.006918538221942994,0.009670571459461375,0.006885564791040633,-0.0017567464567237456,0.0014815470198294989,0.008618015207556562,0.0028160576930928993,0.03684866084202443,-0.012147085179629369,0.004932036953147589,-0.001523317748340025,0.001089399009685188,-9.982434592448186e-05,0.005664242442594558,0.0001453417630814524,0.0037466216847268363,-0.00836888377270073,0.024347464765549054,0.0007732627470127262,0.0031417751166895602,-0.008340595066147483,-0.004354642059997693,0.003977322223323032,0.016720711718396952,0.0017679097402050203,0.0032300306091050945,0.005332027050155119,0.0052178748807218955,-0.0010073426816160636,0.00019534488661654414,0.008944535148266208,-0.13782077650099755,0.010593082432540424,0.006753409453807757,0.003919182622273754,0.0004720116249341544,-0.0012623411434238285,-0.006304751008538667,0.0007929326844970941,0.0037318027639536844,-0.0010381997364466988,0.01048684107988107,0.007775237000199553,0.013753464094132362,0.010213398094051751,-0.00885394577736387,0.007226453785981191,0.00018157657354533896,-0.004910331773412935,0.00485677742813051,-0.008932671692982397,-0.003936455357910762,0.008282035074348215,0.004527193781005634,-0.001095123869252257,0.007991439866049665,0.0043728849520292545,0.0044040762229955455,-0.0117955639377475,-0.003827603459366724,0.001143631479494145,-0.013651010785869278,0.02236594457141461
2023-08-21,0.011784553847629109,0.024285056386619708,0.026268414913473537,-0.0030724002309233667,0.0028158487949452304,0.008364198883406226,0.013431739721007974,0.0077368160344915005,0.042829033736668576,0.022875844889763464,0.011718808506163914,0.04758790039232075,0.020176816534424935,0.0055915642688171285,0.007267378257818757,-0.0005813939245058464,-0.004665705502693962,-0.0013809473748537249,0.004386160885730073,0.0054725135503777,-0.0008627284986201245,-0.0011544539037955381,0.02151853648565072,0.012067626173192458,0.020618585838905856,0.00235309096143399,0.007405007720336698,0.006152329437560056,0.011908386027521756,0.0047329529145434535,0.004491756714004369,-0.007092191760136202,0.0017005583134159785,0.02667585985942722,0.02496386745568313,0.01924041165992474,0.005818449408293347,0.017062710138770143,0.03441917077635415,-0.0018725587430435953,0.015270227062885944,0.08471330485414996,0.025690540099102765,0.02534988798925819,0.0011162825573061141,0.14840953195125928,0.007432349027070906,0.016774491486124532,0.005267995238149803,0.0034066259516112307,0.02050479378360981,0.017870964163452463,0.024376753844933097,0.022349585399048966,0.024529394104781943,0.004541932851025887,0.0019572592110719267,0.01662374156567159,0.008769253294100388,0.0018947004761504793,0.007738329960303547,0.0029303484087706,0.016607947144847035,-0.016361541390094825
2023-08-22,0.0077973565110840415,-0.001902108267721192,-0.023655493713892195,0.006362531487655421,0.003861077268628499,-0.003159893936037106,-0.001854808489634041,0.007904897586936022,-0.006184080273346382,0.015432967627520666,-0.007128019062231816,-0.010807555198242835,0.0022666422526040897,0.007248599652987631,0.0003607437341468511,0.01207096976118227,-0.0012500648767462819,-0.014136418916114835,0.009066680475984912,-0.0005122740090458544,-0.002235645367703265,-0.028618585776440164,-0.0011988302030472298,0.001535665255849361,-0.012506047405009046,-0.014671412774476922,-0.008628999867359766,-0.00555244754334594,-0.007543844656068055,-0.0007372963272196387,0.004374380150814927,0.012142886895507354,-0.007099299289634375,-0.008131048162795307,-0.0036159214651320104,-0.0036015046065789313,-0.008599029660715019,0.0018018240547217346,0.00348769855064357,-0.004582272683612443,0.0006539986465370351,-0.027657792422251637,-0.009721266338918566,-0.007094443097657277,-0.00042882014199330243,-0.025954071937894785,0.003901560949103766,-0.004571646510795557,-0.010932433068739478,0.003251167077544137,-0.010859705715530854,0.0059543016784449065,0.012835757996215946,-0.01653590026128715,-0.00018325789181827812,-0.003975713188509089,0.00454971632658685,9.734654021231748e-05,-0.00500146972611748,-0.014372203496204605,0.0014665200065291373,0.0052494074968088,0.0004949663938402793,0.00684030419248538
2023-08-23,0.02084824081838632,0.021617852325652498,0.035680451565405,0.011952968925687424,0.006526694616050932,0.004641645343558043,0.023177975211234436,0.02194891351584949,0.0031858053383384544,0.012318672706712386,0.018845342231478934,0.024293371557878363,0.035785586097267785,0.009611536203551374,0.009376164227014705,0.01250179313433497,0.007509473072066397,0.015897702382283052,0.025595609755361348,0.01403038306609683,0.0194425237270901,0.023116157683029437,0.014917677236578886,0.021105224082444973,0.008280581236359774,0.013698549582294772,0.004190899091166322,0.013569855284906618,0.03314083478770047,0.02656275404834818,0.013550172945952399,-0.007057224338902657,0.01111376354177529,0.015614713377746448,0.016901138498455426,0.004486966862019548,0.028071266221580737,0.014079324674920679,0.037592673684602174,0.006886852742353788,0.00026140829097442975,0.031707182911628884,0.00721234754269684,0.005521213507323486,0.011154898317979445,0.004689657720689633,0.009468600179737052,0.02056706752470938,0.01552933644414023,0.011280382016367163,0.011462615781304919,0.004097691244080881,0.010999951221414728,0.0186187882082256,0.027154552551996503,0.009391867267463327,0.013488850334817393,0.025012128064322292,0.016276633662125617,0.02110518632695957,0.012566563216195092,0.01083795698658796,0.015586370525846993,0.002710168644297184
2023-08-24,-0.0038053980892059913,-0.0344444772852186,-0.06972491302329908,-0.0077118400693050315,-0.009495035114774786,-0.021354516902082676,-0.014100284658081219,-0.026170500856949053,-0.037026999549105155,-0.056050146378430976,0.020747726954886803,-0.025234427033113405,-0.023717820453348915,-0.014492686299885649,-0.013218971078641562,-0.006102765588170023,-0.00776400091575391,-0.061521971731443026,-0.0270867879418345,-0.015668408811381984,-0.015117861643657249,-0.03411232472947079,-0.01757048699036101,-0.0011188460323375837,-0.026086979900914686,-0.018801355438354594,-0.012841128220686282,0.0009763133448250638,-0.0409064230628311,-0.00471190372170216,-0.010599687914278122,-0.008884142356677116,-0.018447417699303137,-0.0362518367631961,-0.03268010304328206,-0.03511597919749532,-0.023009712703895513,-0.02149843006436103,-0.06052555313793673,-0.007883650660165387,-0.013066796842035933,0.0009975161213713335,-0.036200956859357536,-0.03143839637482182,-0.04183633065249992,-0.034838354350697265,-0.018339598949978275,-0.024359204011291102,-0.023927231824649065,-0.008842556940439561,-0.017309856507702337,-0.01904471646723349,-0.032500038684253996,-0.027977194278184903,-0.02761914410255828,-0.010932773875243607,-0.013940813062893409,-0.03047847567328177,-0.024966175175326066,-0.018038385515791178,-0.013672728509910637,-0.012768629494683381,-0.028745440368010078,-0.015439234946486025
2023-08-25,0.0147068305898721,0.024647278776290582,0.00442040210954997,0.011510065434159777,0.008884688836063637,0.025735535716898683,0.021201825903021332,0.012643157316538645,0.012910501047996403,0.009542895428204856,0.0350910443492376,-0.0030897028256101633,0.019601830171492862,0.013513495020667676,0.008327285734683887,0.00042841414125494026,0.015023463617181765,0.014304398008699204,0.008220106254975379,0.009563480136004943,0.005880248977840674,0.01737185420883902,0.011349954085871916,0.00952066372627125,0.0019841252842369705,-0.004790375984755402,0.002926823537823031,0.012539189670912165,0.02025161142807752,0.0412237236771531,-0.0037641509329696676,0.0068125128336791185,0.011746280625268612,0.011188139640572858,0.006616603838565993,0.020704801368215398,0.00047104819788468255,0.009407141368982241,0.0021924942946560666,0.01153829613095736,-0.010724249139936748,-0.024277524731842526,0.01227943945632659,0.026233888776894254,0.02789828237351122,0.01455263839527321,0.03287222211764873,0.018048685067432402,0.01668045166333143,0.012441015127518495,0.019269168506232726,-0.007396061536573906,0.02567610538066556,0.011129156198598888,0.014637739405388261,0.008466608133456788,0.006280758110760454,0.01635492690993745,0.013406663651843509,-0.0021047990659611715,0.009783571858353879,0.015648901882457045,-0.009530907037824776,0.00928851194336433
2023-08-28,0.006744865836197045,0.00925605716329625,0.0035207883652963456,0.0038903085690151773,0.004055583908690874,0.012180103367081863,0.01069231228122014,0.00884611989203754,0.007342730935767872,0.005859661985336384,0.00541866514851419,0.010870888405847712,0.004472962752107845,0.013970621218715396,0.00897663434780771,0.007993129062778381,0.006783864876643841,0.009751041579309838,0.005285124862567381,0.009727345053048841,0.015389293366671053,-0.0038884330981843185,-0.0018704405336320562,0.0058395867237794885,0.01039605446618208,0.010228620358160079,0.015888425532541994,0.0046094857985665705,0.011127774476183072,-0.0003468389756405843,0.08864566539885144,0.00462956989777763,0.00046437739946525447,0.009881018930250285,0.009162936944609124,0.011591250089861393,0.024952899344385715,0.0022292238608472292,0.009793903159515116,0.00753293511313502,0.017264600533376973,0.017753991116040035,0.01544340909588815,0.014189748298571558,0.006720646432533561,0.007193637119194074,0.00441835942479063,0.02216093792033802,0.012327775883801628,0.0017179035811616394,0.010741394886561118,0.025613184797185218,0.008267493910561807,0.014229741404997442,0.003256156098961238,0.008628702472821104,0.018553463018789573,0.007612204253188537,0.005303595198327127,0.021284693445377423,0.014414296396180193,0.0038397650677570727,0.04861985533903512,0.0057006546286790805
2023-08-29,0.007914996601460667,0.0200974199077677,0.03225804053118608,0.011431895865344321,0.014541341606882696,0.01236615419702769,0.019665739667771964,0.02181025904754308,0.03135740222835115,0.019179985192367077,0.010640737010278123,0.033504423549593376,0.018154528704653394,0.0033357100298119224,0.006405713908933075,0.01104505701965941,0.007657112341359795,0.029928171657354063,0.03170721332729043,0.014922522402037952,0.026982690006322363,0.02743836984747161,0.03287905076816111,0.013033820660212303,0.006369444718692163,0.002977835270801865,0.0012768530920945764,0.002944752909824766,0.020523551078525992,0.033958347888315865,0.02696449538560053,0.010634585654019535,0.023209037037684066,0.02341260573093451,0.02750933806599587,0.02092416894341742,0.020976897994487542,0.014550446614936208,0.03837049429365336,0.004094253090695332,0.005393866489201926,0.041614138949497725,0.029764659567503626,0.04250778034481151,0.03260875858239487,0.006453833627989569,0.007560593877207866,0.01898247488798499,0.01880368130866117,0.005064107448437882,0.0011335985819964645,0.0049947890031782904,0.018581403818265674,0.014877603258558247,0.01778312021881745,0.01109835040356888,0.004277506448491231,0.026776370399705707,0.011796085235369125,0.018400364022117754,0.019102137509149353,0.003970402987776289,0.00338081116069322,0.013226054494089645
2023-08-30,-0.0006183779813857537,0.00886097630731264,0.006325511523108673,0.002298830079136005,0.004322581505838308,-0.005422802229466117,0.005569523718504055,0.019172304277990104,0.006467567596501356,0.00889732640833607,0.009799495055081264,0.002640618219725388,0.00878931685811013,0.002746479766343235,0.004420037695911816,0.001260474265379674,0.00429170308131388,-0.0072840171962588185,0.008769509279983989,0.009615999927298446,0.011650916623192398,0.01844615435414898,0.009731158538576423,0.007622223561147168,-0.013632019015424768,0.030878987106959688,-0.0663054375789277,0.0027996490665342932,0.006412050487451637,0.007623811172823958,0.00320619302120817,0.0,0.0024195322660640617,0.0008435286344288251,0.0027458743294239696,0.00024391172659665727,0.021145771517056433,0.001157125802676351,0.004523927279522333,0.004113051540636015,0.00013090862921383284,0.009839315580061347,0.003509460411919907,0.012703594467942558,0.0038955452068520913,0.017014345753647575,-0.001091504646337338,0.006713939333074848,0.0025667808137721515,0.008973182558538406,0.014530979782537035,0.026656499853084048,0.01618670028888025,0.0018556913024077026,0.012644753554189148,0.0056406157044162075,0.0051685856839545075,0.0,-0.008553477752414551,0.00018433483082236357,0.01626700165162287,0.008536238059179135,0.023345396835481314,0.020549180291283387
2023-08-31,0.0016086638240524476,0.02563452009573841,-0.008162070992381087,0.004300429576328035,0.0010193241848532875,0.0011564757893423039,0.009210038425143896,0.0011723994740120425,0.011990640887675097,0.043452642217047366,0.001760322203910425,0.03430540798572612,0.0023344903584912036,0.01460760056415955,0.009505330488079888,0.0016785523490676635,0.001831441318214555,-0.01233316543226226,0.01417549119475181,0.005653177693815126,0.006565138588427999,0.02249128596624561,-0.016497911076305383,-0.005573944633735284,-0.0004935119751959816,-0.021313408508278897,0.014339336447136253,-0.00020427276845402798,0.01766582632882452,0.0022753323143971382,-0.01166105587953603,0.029339001460749303,0.005430692493281208,0.007164380279048643,0.02311627766822877,-0.0018294998550169028,0.027169963656650253,-0.0031326358114160957,0.01178325471883257,0.001341908420171789,0.003532655305285015,0.001847140896894084,-0.0007771859627314637,-0.003945365661796485,-0.0060270976319242164,0.02269865192860454,0.005053646999781947,0.008735678312732809,0.011123929856907466,-0.007082895893900543,0.02985497408936344,0.03843342447564657,0.0010030376466476643,0.0070382951006719985,0.0035208534671067326,0.0034867465408747744,-0.004213629872136693,0.005687130956767428,-0.006913700356999897,0.009953933926771352,0.001181026311174227,-0.006359993602282676,0.058325482491463854,-0.014689462223192229
2023-09-01,0.012261729832307555,0.006918859604852612,0.035281835834945374,0.0024740902587387925,0.0021498406309645723,0.008346207765197455,0.0005017833742888556,0.008463369005767607,0.008052001769002004,0.010910233721385332,-0.008650978407789278,-0.05457856100335812,0.012976189841571006,0.009614041088940928,0.008544040072084647,0.0016758465196762273,0.001218846214470215,0.017387156954609573,-0.001698916784421134,0.005804698319593848,-0.008876981901722814,-0.014541032524329145,0.010961631912436154,0.0010295581007817578,0.010864140621609009,0.05826948817868072,0.022214764315362512,0.007559741760760019,0.04183270164979791,0.014377648546921362,0.008739726279653803,0.006524649213951905,0.004351101408673452,0.0102616228463972,-0.0006264503816426625,0.005498559178270135,0.006434039741040953,0.002745868136005969,0.007117982819318858,0.00038776133825635384,0.011733930984720864,-0.01714105449807579,0.020610548279361485,0.009547049056945367,0.004485446514199687,-0.0023838956998750715,-0.0028538300888144574,0.0098705425516179,0.0075089120943301335,0.0009618013280512372,0.00031604833065923543,0.04110744106868647,0.0034814593914562764,0.00864452377450764,0.0033995020784858276,0.006647090702443625,0.005331128499654225,0.005469513939081683,0.010531946446090013,0.004927914824822688,-0.004442409071126807,-0.012705132465224533,0.02133331298828134,0.00341806628132324
2023-09-05,-0.004820839145225131,0.0029651157561207953,0.012151684496470416,-0.007593691826771054,-0.006774329085945441,-0.004878541518360646,-0.004921190264947084,0.0012666818009348102,-0.002467763468083972,0.0005067192095984385,-0.0025452120158141467,-0.00040119116610681793,0.00800622831248421,-0.002533052501977995,-0.010027679415782642,-0.01059536781627124,-0.020085190753719062,-0.007457462256928227,0.0052988810653615825,-0.00012152525597941555,-0.004294163911418458,0.0005902270388664643,0.017085607586277973,0.0008856060765236595,0.00683931825635109,-0.009454932997050691,-0.007573312023934187,0.0012843873244019477,0.0027314435273424476,0.0017831945197268606,-0.023046249984043254,-0.010235392648701325,0.0050791204883542385,0.010906889350449589,-0.001695222219278092,-0.008871094158462767,-0.0014205615604760968,0.014878508617225394,0.007239257573697255,-0.009200377154956585,0.024355748409380595,0.0008040157750186516,-0.011383117700735523,-0.0009054724939991932,0.025221225634287414,0.009681963133226779,-0.004361154273583856,-0.011802663119555024,0.010052887063565885,-0.012311284498669472,-0.012819917634360745,-0.038127465272003946,0.010628161741510045,-0.005014643150370257,0.013899432569906667,-0.016958146733990653,-0.018143782619458038,-0.016964744305522972,-0.0005298814512658678,-0.028877590136769937,-0.011420356823159117,0.005361960205910066,-0.003698828814875821,-0.009784425032043687
2023-09-06,0.00042918346061493473,-0.005204649511388104,-0.013540350392929668,-0.007173600938382707,-0.00011370896152085308,0.0035253652163853566,0.011056542115864376,-0.03579336108394593,-0.002799390487248865,0.0004050773298185373,0.012485146042793271,0.00011472254250599612,0.004847063125868356,0.003009773505961988,-0.0017463202103699116,0.004649921594510609,-0.010559015833260244,-0.03709789456292323,0.007002064914661377,-0.004678224866662917,0.016993180917398654,-0.02354139580774417,0.0051687884931823636,0.0006564306115126595,-0.017952458082949985,-0.0033689453308644035,-0.000331784361944365,-0.00047265413999497685,0.007354954238875333,0.0006719702117674586,-0.009577840450523456,0.00827301794183688,-0.004310358513510915,0.001794898447603499,-0.006464346363874163,-0.00613042181864476,0.0017072731009879494,-0.002008594536648478,-0.010478210606238991,-0.0005336672477103122,0.005409531243607102,-0.03054974502217822,0.0010598002240580495,0.0018125094109440187,0.0028230039574508314,0.0005712628451641777,-0.0007528616103761321,-0.008677804619439344,-0.01604463797521727,0.0032631307719801494,0.013397926942573912,0.00479613597494688,0.0022607620768431147,-0.02703196590123591,-0.0024847459503988256,-0.007251304134998304,0.0026883407254758573,-0.009754290432022028,-0.009956420362517093,-0.008041898173910766,-0.003799735332215337,-0.003248475970643927,-0.007643640135846175,-0.0031838796603385067
2023-09-07,0.0058229523099802005,-0.002633698370502313,-0.02461568879442444,0.0026011236524894343,-0.013756253288022324,-0.020419315890224943,-0.007757703912842806,-0.029249333704662206,-0.03231485992205474,-0.01012453208451336,-0.005355546614536855,-0.017471588931329052,-0.021240333600305417,-0.001781733134934127,-0.006473040424088028,-0.0007013410905289952,-0.010671698466333979,-0.00650244192717897,0.005578138714488645,-0.014467160725283312,-0.004031407410674204,-0.008731925805194662,0.015105232743429342,0.009783853399322195,-0.011857697391008837,-0.025915344748643765,-0.026883517284779557,-0.003647109244846569,0.03244999411631566,0.004827890198979556,-0.027131092222253406,-0.02017094461996083,-0.01776376847229766,-0.03172529083627351,-0.02806505330368403,-0.024179642911037136,-0.007669417427717762,-0.008922149186668227,-0.032569942133170104,0.0053039980613764914,-0.013263300708407089,-0.01742413158532341,-0.01819141219847331,-0.00985019347252336,0.006112675856052574,0.0009379540852403334,-0.007602743906517606,-0.07078310235575513,-0.07220086789645441,-0.0013333546841548527,0.0041061442205527765,-0.10936406252388098,0.0013533567448786865,-0.07346019808839421,-0.016319882461878432,-0.014454982223684576,-0.009661602148857362,-0.055787120856685135,-0.01987503674419666,-0.01885369499884859,0.0006911453091020814,0.010555492507138942,-0.04423411932833454,-0.029884773120331
2023-09-08,-0.00831808439895354,-0.0001784901994287269,-0.004690871725100743,0.005861445297783652,-0.009913492417277459,-0.005547429855199515,-0.012967862158827281,0.0034917033967567512,-0.004722407310493226,0.004756100882183478,-0.008234885800032843,0.0006066209515351861,-0.014370914951622238,-0.001080306367123085,-0.0021131454666647453,0.0012631279228045855,-0.004758848141466432,-0.016362594658200558,0.008168669440612453,-0.005574443564547726,-0.004976665132158886,0.015013887611452503,0.014247293841483044,0.00039542421682381423,-0.0005000235570491451,0.0028918328870608523,0.004433891282427105,0.0010844759367061307,-0.004452650925660051,-0.00550926556288156,-0.01214908749046173,0.014305684120148543,0.00531912549982394,0.001106305058665047,-0.011556128549071287,-0.0040455436338631134,0.004436766656192637,0.013215623833837897,-0.010412182639849554,0.0003185723089556003,0.0029165628698908375,-0.014467703246251906,-0.004705632705706675,-0.005989279814137438,0.00983299782793079,0.013445253499561938,-0.00862723449006586,0.006280339440043248,-0.0024436555337605803,-0.005724748377590738,0.010021101603252758,0.03042248189959529,0.0012514182587504141,0.010164681018161703,0.0022921659912704673,-0.00249641537137546,0.0005121617767287479,0.00010029868165850608,-0.00030356047360291516,-0.020368972994670664,0.0032232732696042543,-0.005728050259476536,0.0009210434088477992,-0.029783512746147878
2023-09-11,0.0012289859919323298,0.007388133979338463,-0.007257957108547819,0.0006687017063444767,0.006519855900448679,0.0010141558534675355,0.002067739411051095,0.006622539839339137,-0.005558056990425553,-0.016694654445552293,-0.0020529994216432756,0.001854129717908659,0.022059749900509074,-0.006818039544701282,0.0029998709968011017,-0.00014014662881312034,-0.010838390325839997,0.01630207959533947,0.004032437533848521,0.0006851486033052634,0.0057907150472436,-0.020959617138581965,0.01560792890218754,-0.01053220537352384,-0.03401707593235137,-0.006343754455393369,0.003735136922816684,0.004740108568361157,0.01525922333890084,-0.0022885858103453005,0.002701917994046843,-0.00791192815091013,0.0031745892612036197,-0.007172584264385162,-0.007774179580804286,0.008631724478719072,-0.0021373819067056488,0.010979243579736897,-0.02936888539413418,0.0035753516168210986,-0.007080566929822951,-0.008645688507419091,0.002216177328177471,-0.0007148661778306753,0.003087390024471448,0.01768912840441872,-0.0025062699239853936,-0.02144148713447791,0.03900510291366577,0.012919262238557883,0.0024470682737141036,-0.016215431103569822,0.009782183821121837,-0.01157169032714056,0.005836983469701185,0.004145151820073911,-0.0024377163400718382,-0.008024009203568938,0.007166277367197882,-0.0037269248414091294,-0.011474615207491379,-0.020817210992356117,-0.013112483984765833,-0.006240944241525659
2023-09-12,-0.03369436385391622,-0.03948623211221214,-9.496901119876444e-05,-0.007064418747203205,0.001735180433052097,-0.01463547658025155,-0.0076190282428075795,-0.017060634525508878,-0.018676336146950856,-0.021533224336342638,-0.03172717503485267,-0.01701693786107039,-0.0278736993347396,-0.010794443355706562,-0.007916984576816222,-0.016823282337513734,0.011601602327905303,0.00949337924165361,-0.013512521289967272,-0.002738717984419048,-0.016111762465439106,0.008752898293792333,-0.024127857725333546,-0.0004281274137141189,0.009321637540814498,-0.008705822154801646,-0.012185494354512216,-0.014018139016566011,0.0069966404779855385,-0.006007536871980745,-0.0038096767605674264,-0.0034674431762734548,-0.008062140705072829,-0.01691762568035493,-0.013571488626589745,-0.013717585559009815,0.0039982817987700425,-0.01825776559045056,-0.02513577534342326,-0.007795208287393551,-0.0026740364079358425,-0.006817439474417597,-0.014746639648951398,-0.010832882729927662,-0.1349538504956621,-0.029272353954237995,-0.022054743781628083,-0.027774889143821202,0.008614471688623615,-0.008375804531817077,-0.016199875442878042,-0.02472393699585851,-0.028220575497639344,-0.013437841708912046,-0.0161535270329225,0.0006231128363094474,-0.0009041471973114668,-0.010818996823811933,-0.014170313216560149,-0.005906659414310678,-0.013826232835880137,-0.01868881084721441,-0.01398606684096304,-0.013580902994243083
2023-09-13,-0.0031122946587180955,0.02093280302094791,0.022789873530702165,0.007499267025062206,-0.001039216366600093,0.006398163785846567,-0.004222672099953972,-0.01185479072988127,0.004236967244465095,-0.004972768594807775,0.002171819869925651,0.009958188659984435,0.019749632226799152,-0.002919450356453912,-0.001950698981012522,0.008127825347890694,-0.004141432325211358,-0.03040129749808429,-0.0019405286942094646,0.0008737947109087596,0.007985675949549575,-0.05769869736122635,-0.0138582845372478,0.008336464782372266,-0.02411488652744842,-0.011202784141843947,-0.021078143971352215,0.001708894499998781,-0.003860037234344804,-0.007417563993031506,0.0018654823319996794,-0.011482216434264614,0.0018230573816264695,-0.004528630206527939,0.009131287611602312,0.0038279149797155743,0.007680326372784707,0.012930739694977156,-0.0075537200649260505,-0.004337017666153575,-0.004468972657083792,0.013706297682806845,0.004511261094604979,0.00041327528824242066,0.020344874234957233,0.0022789141266037483,-0.010276923291368423,-0.001798812765814839,0.012676396030538717,0.0036257776431063427,-0.012902646228912129,0.010682334089998635,0.004313528142622758,-0.0027860920606209705,0.02751122546658258,-0.0017124783099204954,0.0012229423811562778,-0.0017377296268846765,0.005321480569470571,-0.002376762578584213,-0.009678041983362418,0.004987935885100825,0.02174945627035685,-0.004496458134535808
2023-09-14,0.008537525978119076,-0.0025291285863088264,-0.010026941233261755,0.006966272747029878,0.0,0.019867235582437193,0.02152406911239324,0.008782578151825149,-6.917062934697071e-05,-0.0028177935542343935,0.020776424084790746,0.02193625050505643,0.007008677506673555,0.007008039765895369,0.0015991521459481906,0.003818971103602742,0.007037761953746058,0.022658855510429232,0.02695287022996329,0.002244952662642463,0.010095154476830626,0.038123167155425186,0.00766527547786211,0.009428314927510062,0.010515238089952916,0.02623725569717994,-0.01800212595447981,0.005458901655213566,-0.0010333846927766954,0.010425246657433274,0.011823876627240937,-0.002111968359789329,0.009325921095088008,-0.007650963826290602,-0.0033856636744500346,0.017287392196292606,0.01326735783037325,0.00785571301296506,0.018730383752723956,0.020164663283122497,0.007438888580645564,0.0021105513139278997,0.0114271884288204,-0.0037178622693788688,0.016273256321451157,-0.0019082625146205068,0.015287067262347742,0.01865594874444132,0.012428967856700446,0.007951920716124272,-9.142720375654445e-05,0.013566859298661527,-0.0021475523703268218,0.026903959258107957,-0.0015207802710773821,0.007329493531321729,0.01556124348896848,0.0030718186411540227,0.01028232404320284,0.026206069541697907,0.007421959760418373,0.004712500304074219,0.010874534769349298,0.018426735731525312
2023-09-15,-0.012824197213617494,-0.04214350845384929,-0.04820406566674351,-0.009666382444236232,-0.009131952797200471,-0.008515625019998474,-0.02283165455308178,-0.004154008157087885,-0.04371590016993454,-0.015141801955949608,-0.015322804696019654,-0.022899400081196286,-0.0359937617557774,-0.01329896686133969,-0.00585410452938695,-0.01127244887450396,-0.007941532543740082,-0.01643360761145496,-0.021233948760196464,-0.013999502133591135,-0.016679162943368686,-0.016666649425097102,-0.03296351928139085,-0.017895137893627955,-0.009365186663697789,-0.008134742713503673,-0.017253761778238008,-0.009229779943111138,-0.02042917357325158,-0.01738492953495674,-0.024107498466926724,0.002821872406666426,-0.0019530838068846368,-0.0535111213364351,-0.05075945110191804,-0.02998870184268254,-0.026605446400733368,-0.02503692429452009,-0.031178915895622827,-0.005687599324774251,-0.010566554036876674,-0.03687942464610361,-0.026197624943089082,-0.03493316786502543,0.0021995079951797614,-0.02286229846443777,0.004616433823836141,-0.0017689716092044172,-0.007891947398058874,-0.007228409479059117,-0.01906023490361186,-0.007782114353473868,-0.017844077414561066,-0.010378909572540396,-0.03050520520624722,-0.01942876749367961,-0.0016356987245851329,-0.02521432747575858,-0.020656551310731408,-0.006771106276258321,-0.015835583693266875,0.0015468167902257246,-0.0020599715133172714,-0.013383525621788683
2023-09-18,0.010719030023873755,0.006674295532059116,0.008670853299196368,0.01043058696546062,0.008420093480090207,0.008869404577501294,0.0038620372113697954,0.01691337904051249,0.014611224558192415,0.007037695123250698,0.0007968041438106699,-0.0019725924668553274,0.011748120208854074,0.00816423900826524,0.0012490501877444604,0.0007126354179256555,0.01088691613868309,-0.026101407398115284,-0.016270987200696863,0.014766178581848255,0.013147824076882753,-0.036253935351654776,-0.00934119453536808,0.004826560384779022,-0.0015757044178889013,-0.004100786045930782,-0.0007314960883264554,-0.006164808552785228,0.0029039744500363174,-0.005705485384473352,0.007260032507221403,-0.005276105313837154,-0.0008279437742452211,0.005041626956659551,0.02012498236959681,0.004122051041710817,0.008872484238643175,-0.003512820163776631,-0.002240264766722233,0.014794744762092638,-0.01994348492780651,0.0015034183736286622,0.009676667269337136,0.016111708105096767,-0.014923991244491064,-0.0012905810263625916,0.012866789420184377,0.009798837052182652,-0.00344705457855643,0.006756556565305605,0.0018172470459869583,0.007529480733269089,-0.0018461770465990623,0.002952895922566867,0.017878913152020948,0.0022891911460087844,0.012095193018309969,0.013299793011407157,0.0012913966827259316,0.015192808277729508,0.039373431155212746,-0.004982064537257802,0.001146859025407787,0.007240003302084963
2023-09-19,0.004590219406201301,0.01741110369408183,-0.007424070683204498,0.009754772652850185,0.0006958230135547527,-0.005397302065513809,-0.008559929830706303,0.0061808384821004925,-0.018250468084410554,-0.006397174573027464,-0.006837798260832528,-0.0009411379704202805,-0.001140076301031967,-9.583795627432501e-05,-0.004811991491907142,-0.0018514016929594979,0.009819490796705743,0.042079144090840126,0.014419517695889228,0.0028605604182014854,0.007584790086558435,0.008584637745679968,-0.00016546130858940966,0.008157421892110772,-0.00052606372690156,0.004117671736730388,0.009150817314300896,0.009855999618804123,-0.04343258032369246,-0.010878317153659278,0.002527337867920698,0.007072142996304542,0.0015819714792255635,0.001752396238629217,-0.016518498534686565,-0.0021808100716708134,0.0029786656680614865,-0.0012460043619445527,-0.011679858578437674,-0.00556719173986886,-0.0017065864073085857,-0.010144172591713518,-0.0007526563538772235,-0.003805503342053873,0.004990544894146964,-0.015507112552286095,-0.003978553131992357,-0.012594210654610194,-0.018004390065654907,0.007212187684873195,0.0032557997592659316,0.009964180886884444,-0.010682602844305111,-0.006903586883294177,2.1693545433798533e-05,-7.876774175474832e-05,0.004261316372245583,0.010644933248127986,0.0019038617886371068,0.0036454805314667382,0.006381972039685158,0.003404729980097665,0.006185489888387075,-0.0040679257176587935
2023-09-20,-0.0016701560164243956,-0.010910249622283819,-0.012498811778685837,0.017538877030721656,-0.017151493025341247,-0.014937019399085205,0.0031042569283044052,-0.019992165589840516,-0.00537364863446832,-0.011253594170041348,-0.0204187582802281,-0.016611386126394456,-0.00997633004188303,0.0015814411772816506,-0.0060887826699290715,-0.008275000576596026,-0.0081555555810634,0.015398516989135524,0.014784747311052282,-0.0034104485470751733,-0.006703491084682822,0.0003547276272664046,-0.0047980990638528676,0.0071045642146778665,0.007894705211378028,0.0017574797339703352,-0.018498375160176495,0.022590710246975787,-0.045404514817182884,-0.010582087723299494,0.002147600890517687,-0.009129256477188097,-0.0031589455966127833,-0.011217745502024479,-0.010061666573662587,-0.013628152464216226,-0.014566531014387873,-0.02397680031866345,-0.010747624493383956,-0.00020991703778783233,0.0005260480654323274,-0.02943472998124741,-0.02099018107841555,-0.014855704134275394,0.0008868967699466879,-0.00368376645608115,0.0013314817482104058,-0.004600129998818647,-0.013547721381525601,0.002764703565620197,-0.01237829488512221,0.011715641019386158,-0.003110144922899516,-0.015232020277621605,-0.014651516010915522,-0.011972251530221634,-0.006424064041409827,-0.0184068008516296,-0.006374859843791492,-0.0007646896286982452,-0.00030560325748818506,0.001746537495886491,0.039389877710806376,-0.06479754315159802
2023-09-21,-0.015151443336614112,-0.04087502933396525,-0.04215662628982697,-0.005161743659511719,-0.017332873044361707,-0.01272156052581952,-0.030463176395856273,-0.008889425978085397,-0.012995549958580876,-0.026757862597255433,-0.017667155656032052,-0.026740740450914124,-0.0239965635799283,-0.018947403257362216,-0.0389188997608968,-0.004315970291469573,-0.013915270562218862,0.007098469345429015,-0.025131054138869402,-0.019972664817611285,-0.015522108641187637,-0.017726305262505848,-0.02277643743687363,-0.02245111971968461,-0.008877202539756657,-0.0070175856712826334,-0.00960834456453874,-0.01635179860309033,-0.0011530266370004538,-0.036708227011616246,-0.01826147185999394,-0.017363539176840748,-0.011619083779551787,-0.011632497117186391,-0.013686439077223778,-0.008211736201223285,-0.025545227584545138,-0.0038656964578875908,-0.0275580704946774,-0.02299288424651058,-0.0023659716796206043,-0.028930626108634616,-0.004924141518628966,-0.020572986945878613,-0.030477624048712904,-0.03340416705656668,-0.007698272154904262,-0.006932003351132088,-0.011536346658827079,-0.016899732833030368,-0.020748242943589013,-0.002742695623819902,-0.03684157207224603,-0.0005191055907201036,-0.019877360108298103,-0.01769770554276029,-0.010974867449422554,-0.003958738341146351,-0.010487426914556286,-0.02697531729603575,-0.021043002550919065,-0.002092145299852133,-0.026506086719054633,-0.030318488316832592
2023-09-22,0.013108918635757805,-0.001907021988476587,0.000936388901457752,-0.0035207750610906086,-0.00011991558383295242,0.00943396309611777,0.007148536463208011,0.004944447221324477,0.00724910460753847,0.013943527038280612,-9.803132755203947e-05,0.025632172338419634,0.009099666700466802,0.0035115097454452293,0.004311917794366682,0.005779608413292614,0.0012828312421540033,-0.039487387788776585,0.0027276938482854174,0.0073011821178339265,-0.0003708723814211945,-0.022798414459133998,-0.009186749099087677,0.020217632622555826,-0.006322439244765277,0.0023558399505125838,-0.0011193528165602817,-0.003189086428357246,-0.013564226952610725,0.008327244817112556,0.02116351286057805,0.007212412712370497,-0.00015270436993086722,0.010963898262156269,0.014285944898244196,0.01301092779247015,0.014432859097725403,-0.007886573751302861,0.020232491777765427,-0.005122350698246181,0.001580953404571428,0.014457408360529111,0.014381381103754753,0.03167268496373299,-0.0036553036569263453,0.004704502523496634,-0.00804005531862828,-0.0044421553123581425,-0.0025935369100028582,-0.0013316598770496402,-0.010450160242519768,0.006875596728608491,0.00829799522407959,0.001454122854943396,0.005807317968003378,-0.001460781769204722,0.00805711455840985,-0.0021963936386074634,-0.0005611294628872221,-0.012583550569564395,0.011216065999992475,-0.0030449788088455776,0.015751592812128123,-0.006690566854556823
2023-09-25,0.00284725254526097,-0.002534642715277702,0.012266115827536339,0.0005578573397611031,-0.0008400603155047648,-0.0002848949584163263,-0.0038955223053561694,0.007380354747588802,0.0030843678943646147,0.004657848258557085,0.007988653873981955,0.005801661239249745,0.0025578614780346065,-0.003693553186414733,-0.0016801223184560454,0.001723885929225455,-0.00800766985283552,0.00983989595724788,0.015977062941511022,-0.0008823861491052964,0.0005283478521493912,0.01163434549186615,-0.002232161132703081,0.004631431682635023,-0.008483555758885597,-0.0029378505293574664,-0.01755696995011158,-0.0029270182428919878,0.0032183309826445683,-0.0005112933645162743,0.0012081898656646217,-0.0010741665693290159,-0.0014506218323712128,0.007901399828061706,0.002390588536741012,0.00454069140849489,-0.004355332374196608,0.0016718847954464433,0.008591296443059226,-0.003888489199118661,-0.006708725682546102,0.014708037500973603,0.006758541009511676,0.006928915284033721,-0.00669535355224582,-0.00866481018395815,0.0015641751173132157,0.025177975307929534,0.02553862527227979,-0.0048083688755390375,-0.00043596541725399174,-0.011503146935416653,0.009727577382812491,0.013897562018734266,0.0021930859468826114,-8.128364629089724e-05,-0.007179094392997576,0.010901413119455805,0.0036803671933518523,-0.0011947704466857,0.0011838540031723355,0.006108558047498436,-0.011519726734487312,0.004402377402024982
2023-09-26,-0.020126785718601492,-0.010359691648390013,-0.014582031310290233,-0.012638236247911827,-0.021619043735659704,-0.017613902851011165,-0.02190705474584076,-0.023398449688816658,-0.018376198030309987,-0.017993126386033453,-0.019497226345779328,-0.0212258617128529,-0.008605429159628364,-0.023219554827403344,-0.014397823025699696,-0.015631765688651766,-0.02744587971944301,-0.016102369717691634,-0.031338490988297885,-0.018357327679020985,-0.021079136809059595,-0.017950572069971638,-0.011701949716631854,-0.022128505341279525,-0.031550851586152895,-0.011196182579439107,-0.022053267169530932,-0.02211900849362336,-0.013414985593994677,-0.010072566351106427,-0.025341157402512637,-0.013619982874507164,-0.005810800105886416,-0.022464294018114006,-0.023509921300594372,-0.01782245373036817,-0.00933212392351801,-0.017005751595592256,-0.01900027907188051,-0.011422017186409006,-0.00874061432085349,-0.007365862688898384,-0.01579846083698011,-0.04562775355036208,-0.03157902133560164,0.001147726606793631,-0.018953632863578762,-0.017512978667422296,-0.006429411667776441,-0.01853469166803401,-0.01865848072625742,-0.015981347742917817,-0.026542461043013055,-0.018719368809400283,-0.007770762506070894,-0.02040154893751145,-0.018366744667147494,-0.006325114597060422,-0.018272151652207302,-0.01993620420737685,-0.021077555076406518,-0.0032348419795753536,-0.007843982126834792,-0.018365054984477713
2023-09-27,0.012137494871019117,-0.0073078842161973245,0.021988335040459495,0.006682344324448586,0.011048330285029273,0.0027272146632311145,-0.0026429885883779702,-0.008897493261285527,0.0073090032910871905,0.020683498046554227,0.0030744575321257628,0.0007596582409359343,0.006062982739917011,-0.007740683954270633,0.009296161323384844,-0.006410352285870058,-0.00199209390528865,0.00805706313200627,-0.0002335807911522103,0.012724090481157413,0.016517085388692232,-0.0172253472322349,0.01236286053804303,-0.0022857447792522523,-0.011595820392689138,0.01728246753544327,-0.00311043014894552,-0.0004886821494300975,0.023056436693223548,0.010035962676212096,0.0017143299194084527,-0.0007267798246927137,0.002845459668237904,0.0008985380659867204,0.013069259054169446,0.005917085771726116,0.003974065793805659,0.0020823932553031277,-0.0075583505239325,-0.001901247920579996,0.0013360287157930806,0.013290087982331222,0.008769654797877946,0.02107600103959495,-0.0024789936383758926,0.022531861023975752,0.001953721262107244,-0.0026368527205741232,-0.004830467247236125,0.006556934761977606,0.0011851954558967925,0.013718102317149317,0.0032131905776593417,0.0038570144879772617,0.0053110955758886025,-0.0006637387466300604,0.015174563000520891,0.0067828107259835235,0.0011394968783497994,0.0010170715462924917,0.011737215795835754,0.0008987365350456855,0.006550732155605532,0.008706898061195067
2023-09-28,-0.04329160921741815,0.004118597889138043,0.04782300862649813,0.0007479602817825892,0.02088399326795387,0.02083211351431724,0.011958921850468096,0.001525648064243157,0.023397039552715215,0.01558362597549956,0.02773383747383007,0.01859667341797877,0.014567529587100392,0.021088149467537898,0.012781937867639925,-0.005278579922815885,0.008649402886414803,-0.000749346156254993,0.01187701890782722,0.023351786408319697,0.0013889200937791113,0.018220789222163525,0.007911921040621106,-0.007932612601463829,-0.0055866412929855835,0.032806063136158636,-0.002730061918489013,-0.011105708595493313,0.016469187617610848,0.00787028366262077,0.18796345470171572,0.012363613942678597,0.01717795703995395,0.028121912352677247,0.022152767234197457,0.02758173297280697,-0.044128542509667246,0.002717538481271653,0.02667090706581976,0.004432510790298938,0.01734489040938314,0.014622818429816276,0.019471286031180313,0.021727321387218668,0.014624372337439517,0.014144022706447323,0.01971543080430682,0.009623558434902701,0.017492414726719474,0.0017672752396757918,0.0023183605317822487,0.02177628926918551,0.01306785494459839,0.0165108971122927,0.031340243710237026,0.027980680887796483,-0.007546427773712283,0.03316747130165121,0.006007366312145601,0.06502745016203737,0.011081957490663097,0.010575123980038903,0.0278275993167445,0.04851485670139177
2023-09-29,0.0210792258809136,0.010363168663871658,0.0005838610095998398,-0.004671150931646384,-0.0010704691739708005,-0.007482584276839788,-0.0010407492575005284,0.0030464689908054066,0.0016640181330516146,-0.002711055792747219,-0.004714010921238465,-0.001706672530973674,0.0012392998236381292,-0.005520545895256079,-0.0022272023834248866,-0.0014739966416095207,0.004947193181535248,0.0010831935214856703,-0.01600924981488039,-0.0008061318246935789,-0.02064633643512548,0.0005572528661959009,0.0013652189955264404,-0.008111621636311961,-0.006741460130745169,-0.01474745970236191,0.005084155920137112,-0.009040783202465708,0.010517296505951235,-0.00253785200891965,0.015526230478341896,-0.0017959270821011897,-0.002487951089966911,0.0012443309691914095,-0.0011952209886072485,-0.007123782203480866,0.0434049368492857,0.006727415554116156,0.022304793993365823,-0.0071118495921844715,-0.004852493163897242,0.009515118928716149,-0.0030420028631245044,-0.011695970949732626,-0.0021667661907133207,-0.003146484639087288,0.0033994032430113563,0.0,-0.00036005349524181884,-0.006584781701127196,-0.0020669201538043858,0.003957938615995804,0.009828013891915122,0.0071508770045700665,-0.0037767581920233884,-0.002261540022344244,-0.004240643207481298,0.007825001475128657,-0.0005029318818644546,0.027666490501069063,-0.008829950311603163,-0.00029615262193738445,-0.003711750475483666,-0.0014353710680933274
2023-10-02,0.003744631087283068,0.022023948069722854,0.0043765507642268275,0.002721990923927997,-0.015954255612215973,0.0019418810363645012,-0.0005040964632427869,0.014835543764684544,0.007656169838651472,0.021095009173690782,0.0100526885807386,0.005261356616478974,0.009347001335388239,-0.003865985343507461,0.01171871483080067,0.00029530236258845655,-0.008532954551631833,-0.027548940041214554,-0.01505731967129953,0.005088788179996806,-0.005687773910828975,-0.03248963499585744,-0.000852066066811763,0.006955603010174949,-0.008484128391789802,0.004029849639562322,-0.0011674125114685685,0.0035638422841675066,-0.002531684817082658,0.013426233971931323,0.015603987063228075,0.009355788868420811,-0.004610389400705905,0.004295069220503045,0.006557414506811243,0.00409996783972888,-0.0010289004376005106,0.019160646238419066,-0.005757578845009492,0.002497858111405238,-0.0010542129117105947,0.029494967864933663,0.0013505888295859414,0.004518620894347292,0.007458449683750201,0.009938584741471468,-0.005928828213683346,-0.0036660570822868443,0.00036018318045472064,-0.0008259625497077927,0.004586290266144655,0.003639258023463876,-0.006673181188776911,-0.0034486424852986364,0.010567152734636931,-0.002509487818189271,-0.015419227568686744,0.0020904324753736603,0.005911648431377037,-0.018937995659206064,-0.009789271128288868,-0.0009381446825232898,-0.0035064616188210662,-0.012260575451109368
2023-10-03,-0.006585320731184896,-0.027056600025719746,-0.030889851028438997,-0.011326397676059141,-0.005686600034507938,-0.022345153565963893,-0.033658303475053275,-0.0077697671927764445,-0.01999852246834599,-0.015547618374438854,-0.027321912836898554,-0.024097234043459426,-0.032982379257390115,0.003930784508478613,-0.006481412596398783,-0.006788705526075467,-0.006289291736662039,-0.022423786368588328,-0.04494914322601007,-0.015127266642805615,-0.03132278973463887,-0.032557224364326065,-0.01739724440016055,-0.012427710384302793,-0.009697679762542988,-0.029243072874883924,0.017919771976392385,-0.0029119925892096,0.006486234452508066,-0.019930424536390268,-0.010010000700203081,-0.017825296916371025,-0.0030371594969859084,-0.01908255456970176,-0.020241585513095628,-0.02067124975254131,-0.0019128635910263814,-0.026134181374943832,-0.022662950405669235,-0.0052396549395955505,-0.012401067697879076,-0.028247972653759224,-0.024926311320800254,-0.03866338764227695,-0.020522971337945783,-0.02137094001472839,-0.021300767381466468,-0.014613113430533287,-0.008190767813733069,-0.007977159036947401,-0.01904670735327396,-0.011633247021220927,-0.025196748602379193,-0.012417262508014337,-0.028243727947592556,-0.008034393023624187,-0.007407803011262981,-0.020959583869179288,-0.016880280743695075,-0.020628314713101004,-0.003975282644375855,-0.00509043588978253,-0.014295172826671254,-0.014124911110681482
2023-10-04,0.010319021156500074,0.022464122750688098,0.039868083440936175,0.00871045393885006,0.014115300604003123,0.013293745820061709,0.01193497512423014,0.007308609947887845,0.01887075655157089,0.006165825049552431,0.018595035428944806,0.011020711834666574,0.02781057563712741,0.018089869310663698,-0.003727866865337215,0.0035661131142938896,0.0016655654213195703,0.02591489277568093,0.004531832357095311,-0.02313326631366064,0.029060174285895357,0.003768643465908994,0.011282723560062768,0.016388572975948756,-0.012672855126151461,0.004725253987369449,-0.003444236024310321,0.004843678826006226,0.006724641125133823,0.01966580825648423,0.02077120049191472,-0.01705982203652745,-0.007083076260125498,0.020383329725764288,0.023086506873207346,0.013289943824928985,0.004127962086377446,0.01777337512342214,0.018354744046762628,0.010092431178334582,0.006278444218013268,0.012041255409005691,0.015317644080185877,0.002562340932100282,0.024493031923930264,0.020413428813974344,0.012986133143343848,0.003947456566053109,-0.0030856595220962735,0.016936816271278854,0.010208643684332719,0.008407198758018986,0.013672353387742087,0.005565292873260352,0.023517940350566313,0.009653965651060581,0.004958705351513215,0.017349805674364394,0.004578665262818138,0.010628004580880202,0.009820371469221323,0.015846219661682426,0.010486417311542207,0.0026483767008302905
2023-10-05,0.0008726039790345475,-0.0038192595463534262,-0.011146305718424343,-0.008259782671821925,-0.008399320545640632,-0.009724342295155064,-0.0022007242704040753,0.007197953758258935,-0.00014358491576793586,0.010750954217726871,-0.01497146180468456,6.066008292648917e-05,-0.0011912306984110943,-0.011586040523355545,-0.007109478897622923,0.0023689607608261554,-0.012969756982385006,-0.009984623364893697,-0.014900070752126737,-0.001540273917871593,0.001951621953400151,-0.042616262077277645,-0.004119427921109753,0.01393615613471888,-0.008751423235739075,-0.012933419931335677,0.0072963608081022535,0.003189852331496601,-0.001113340324553791,-0.0005033968042468251,-0.00944476939575356,-0.022525889470816574,-0.008360791429890324,6.504618909985993e-05,-0.010357656239006419,-0.005400545113362187,0.013801316056755386,0.001254013346038363,-0.011833646196603542,-0.003646487293885392,0.009220822784738791,0.014690903436057168,-0.013825189900674939,-0.020224466474367597,0.011860193960649967,0.0014379814514462463,0.0013607565334234906,-0.001912861935117749,-0.00045508342019473513,0.0035140149322752112,0.0006935126221565557,0.009852965890143839,-0.002679410358399137,-0.008301737708187318,-0.0034032933739970295,-0.02009567060398665,-0.007924622920292168,-0.007280289785517535,-0.018104659612806162,-0.01720836948968618,-0.007228662115454365,0.00283619477288366,0.018105534958006375,-0.036373123176893896
2023-10-06,0.008170289087769067,0.019828034594467248,0.042075542197793414,0.0009464174773350376,0.00883353826273603,0.010865723154019902,0.02181410589845978,0.014750493980513424,0.007251530584685417,0.03185664804579891,0.029809699804506984,0.025975304731445048,0.03910206801856786,0.012756113536969815,0.007160385507285927,0.002067885209681153,-0.0033692907338664924,0.027152844305440738,0.025797233441270828,0.004756430675246115,0.012741574045061377,0.022084563607049468,0.032919679978329563,0.004146053826162621,0.021188916118608292,0.0023822698760158634,-0.012580963691750657,0.0036037798415358147,0.008358826055479662,0.03292658497128231,0.007364369711456709,0.0052890482095382385,0.013768555044122888,0.01511668029561175,0.0036431664469591674,0.028312854864990467,0.01486895080295425,0.024737085165437822,0.04852132443420065,0.010650361110077888,-0.0006620118208993109,0.02403327068967065,0.018265632009737853,0.03130318922023734,0.014859326773442483,0.04185321274262921,0.0037189886027262364,0.009689136284611433,0.009835983496257139,0.011549957373476527,0.02648386836788208,-0.00855590777076265,0.024763763028268437,0.01612234031738291,0.029385556858346984,0.02513852408868522,0.00833963143259897,0.011352211146906654,0.012184905025387271,-0.0011673418581671369,0.016867476813274163,0.010386214471400201,0.006289327948137968,0.005886639960928086
2023-10-09,-0.0005765839199048939,0.004955543001173401,-0.0025176860168292237,-0.0002836495715859977,-0.0031187008506998737,-0.003736221263115569,0.01483927608367197,0.008451123001483873,-0.0009980017075901237,0.012266722871942859,0.0024757393309975395,0.012564205832393593,0.013896287895292181,0.012109123956029144,0.0087932384932905,0.00501183703325081,-0.004732901635927544,0.004951295063430949,0.012615203391569851,-0.002175099672139136,0.01816786651976643,-0.03204088977558406,-0.007008209269211418,0.0013008807894179242,-0.0017291881045397028,0.001188361187785425,0.006949792258332366,0.0011969101984876662,-0.0035920438228077556,0.003018873979949488,0.031165841963683993,0.007891723667144523,0.0007630558933202636,-0.0027347565338994295,-0.0006687145460955168,-0.0013829326270859976,-0.006861016638211037,0.007822510602054633,0.004940000953723045,0.03682907139032121,0.007420054238568952,-0.010685692798987123,-0.004522218231536312,0.0,0.003273888772648892,0.024686838856946114,-0.002850177475573923,0.0007381597961890751,0.00829731540213019,0.009558813538595334,-0.0006751513755611782,0.0027251942790023076,0.00661653261253381,-0.0010170414629639968,0.014072610245280615,-0.007017823238414933,0.022619665857542604,-0.01609218444324545,-0.0017834001082613904,0.009349426194189991,0.012131728031965272,0.0027025603998316328,-0.021551723429195646,-0.005673460968652622
2023-10-10,0.0009935457828076366,0.006480365807349564,0.019070775846009136,0.02326680229232525,0.004211328578759943,0.015289642650510249,0.007876092812948654,-0.003352154166654242,0.008919085796160742,-0.008503045930976505,0.009071066129632932,0.0029559652095769717,0.009743687627524089,0.009754010814718495,-0.0009272999941678517,-0.004693447153097496,-0.006453787392744048,0.050104384133611735,-0.006512157255084361,0.012245183449329566,-0.00026983688867909805,0.05396379931955142,-0.001848375042122874,0.004970936501612844,0.021362708539565345,0.004747802646749344,0.0134202336261533,-0.0006329008149357218,0.01026063444312686,0.009721301510961844,0.0024626264840648115,-0.013049958358059666,0.008767870268187483,0.01578940984918842,0.010658133477689624,0.016996078533604297,-0.005901016030756323,-0.004335667823852307,0.02936851499632165,-0.004400832869701388,-0.00039454269433403244,0.011596323600642444,0.018322234470470544,0.02628394788988464,-0.005529374457767022,0.01582403678818123,0.017150163317234846,-0.01728134207881138,0.004561629800422962,-0.0047441256665958775,-0.0016407505833787583,0.005284561534265375,-0.010860522938818562,0.0008144928080520142,0.021232646355062945,0.00999189489649921,0.0012667211051688998,0.005451741323688752,0.005997930731583612,0.004824392155003521,-0.002417641372996604,0.0025027145544549434,-0.0011013887682208567,-0.0008087336377459176
2023-10-11,0.004854868570721038,0.03226836496990626,-0.006421471093651765,0.0016637425003596107,0.014138488696501694,-0.005967005355415833,0.00527567300829479,0.007904015087894845,0.005516213935837344,-0.014738330920538445,0.0034357590405469374,0.018813891469280142,0.012932915825982327,0.017463758132593155,-0.003898260572939072,0.007073369214247727,-0.005128233154686135,0.022743543621085882,0.01343540068952187,-0.00354675762086587,0.017466083152787082,-0.00039586671654934236,-0.007239062190738221,0.014052048499465286,0.0022610539905021376,0.013585318114113232,0.015134293559515344,0.007881195567496668,0.012352437704382657,0.0027217522430207364,0.031043025045990547,-0.010200219071541672,0.004610389400705905,0.017906123884429137,0.011586117767322879,0.005570711446033272,0.0165049650830984,0.012271941005437492,0.024571495298886692,0.008945806290885816,0.013815858293876992,0.022009666948114015,0.008475887917870795,0.019502782905872262,0.0030189505764290914,0.009463325365422381,0.00829006579267566,0.0017155911328539108,-0.010595606982002459,0.00973466493227848,-0.00014500569696851429,0.04475810160522964,0.0006627174015356729,-0.004272724500972158,0.009875389198603868,0.008847382664448178,0.00381978338325184,-0.00030119818894525086,-0.0020931666717780573,0.008834244040112349,0.00107146282585302,0.008641812423917594,0.0229327662738692,-0.0235611078155602
2023-10-12,-0.026172723394495057,0.017675678225473,0.004431754849536507,-0.006551620065314179,-0.00590739293635123,-0.007546234831893539,-0.013775951652341467,0.005061239209919854,0.019834092104371592,0.005993922093328274,-0.0020168512285937412,0.03549209062815195,-0.0030832429143407003,-0.010476107866960738,0.0035407562740743526,-0.034825842759610315,-0.03333335760107781,-0.03133503429104645,-0.04567730676854065,-0.014746121510314625,-0.013640144493319073,-0.013927396767997147,-0.01644906224561138,-0.008092714839702753,-0.024252632982658673,-0.012237722872334378,-0.0029816749062510084,-0.013893720804024401,-0.0010845578410958456,0.003378931660748874,0.004476508554830838,-0.011450356754204138,-0.02392411013833584,0.03829017189965889,0.020616246199400612,-0.008863741977049755,-0.006551719597891692,-0.0037903810020997186,-0.017926875390715247,0.0023643472400729504,-0.014536093635106995,0.0029697362591991627,-0.005406531069038101,-0.02196758830458878,-0.0048340006280009895,0.005439619260794393,0.004319921256485504,-0.004602872121643009,0.003059765653582902,0.000537836312820783,-0.005656337409769563,-0.0030189246036438355,0.0026492232430255225,-0.009501428782741184,0.002586117279983924,-0.006617257953916211,-0.01362125879703835,-0.0017075341414761747,-0.01480964846953492,-0.042832668042755984,-0.01365887489356521,-0.005521460718404314,-0.016598414914734683,-0.028964857427009605
2023-10-13,-0.00831252103122071,-0.01942353880661507,-0.03401052069582822,-0.009752953892266714,-0.026622236596846593,-0.014573688182170197,-0.02510971124410588,-0.010292769459871676,-0.026620732886144416,-0.016372149076499753,-0.015509719347150175,-0.024757070970274575,-0.0077319467559009425,-0.020417878443370285,-0.0014855658668093685,-0.0027289780415705733,-0.00710981790655596,-0.006180801582465478,0.004377997359596764,-0.02903038616520659,0.0033619471386616695,-0.009840024276785542,-0.004137959973565475,0.0008941249781393434,-0.01040456015543667,-0.027728663685116728,-0.009345806497386588,-0.01968280814924439,-0.023615653621843258,-0.019064801855781854,-0.022570444566070158,-0.009266418551719946,-0.006243354270749513,-0.028536637496717643,-0.015023890154161612,-0.03788350815052011,-0.007742019290809754,-0.010357477295058981,-0.03506816721433326,-0.00045094294005665336,-0.012774893725311154,-0.031611564633191924,-0.03884169342495947,-0.04202045710771751,-0.007881966002541763,-0.0046811497335595975,-0.008880246876071474,-0.02226045534334531,-0.025121099734379704,-0.00887917240973135,-0.005299476743996223,-0.013266024732183412,-0.018727217374495786,-0.024239243501291474,-0.013219671147165823,-0.02528089092893626,-0.005872704723366984,-0.03813262849315202,-0.014516068302891871,-0.007358769706993562,-0.030744571827479916,-0.006987945753407221,0.0017536570128846574,-0.018731906101894902
2023-10-16,0.011629095589495542,0.0036080990478799535,0.013036471541754802,0.007222555470013159,0.018070753184877386,0.009820438229763528,0.013782309820303151,-0.0007268258894903568,-0.0009918830273591972,0.03681848833106538,0.011027820428376689,0.021954778704408984,0.004675317358422859,0.007526863619536472,0.00725313170103381,0.015050160407316326,0.01682777957258219,0.026653768813750922,0.02770443317745186,0.022789236992593942,-0.009761711760198244,0.02278255245337757,0.0238919859455875,-0.009156380905922745,0.022196185728384332,0.038228149464967665,0.014339560037909926,0.005416747749031003,0.01640255123842138,0.014726694039405519,0.008530686273640065,0.024551837746747962,0.019468005182757597,0.009038406075331684,0.008649539489387514,0.01923571771350341,-0.0018782779626203006,0.014981844782806952,0.015491343784978628,0.01794207140243964,0.013206986438394797,0.013946097271967384,0.027146595952900032,0.028606720543167707,0.00424939460631113,0.00817268761399248,0.010919764468212634,0.01429831805915982,0.01702552762177234,0.008175346212943913,0.019258040529504417,0.007598918153665757,0.003584091683101809,0.01310781952483131,0.0046765739468375145,0.023301776983480904,0.011666422901173368,0.014644396596495968,0.010147287794634918,0.01582850967626892,0.02350998837328766,0.017882062145126776,0.0010940751909371826,0.038903939314677505
2023-10-17,0.009530371706984564,0.016977224800971413,-0.012399020347321654,0.002421327462104994,0.0033582265775846665,-0.000810418654183187,0.0017498031099234534,-0.00878476392266725,0.012198555347474382,-0.007264746506734143,0.010435389208639734,-0.020131357149558382,-0.005568347413413055,0.00038303987095500425,-0.0040620822048687,0.005990814871761119,-0.007394325435903015,0.016757177819091584,-0.007055447590010533,-0.00623623943511753,0.03574329270702137,0.044748526491483975,-0.008285388380563585,-0.009043757911192385,0.011428671692170767,-0.007597941210275461,0.008184586573686037,0.007973542502521136,-0.01367610447194656,-0.003919411688191432,0.0020416256497119978,-0.0072270715263853536,-0.015976917715379457,-0.009893913992255143,-0.0011525494254088775,-0.0005065808888741197,-0.0011581065356269793,-0.0017437237253249416,-0.01357844520757201,-0.01183007000428582,0.012771631063503763,-0.046794687336002005,-0.010311383304020927,0.0,0.0030356130596953523,0.0008412405550064506,0.012117435411907573,0.005855572634780204,0.015292747394816564,-0.003944954044646565,0.0062820580552547245,-0.00014494513062468517,0.030527646558837773,-0.0018780780771149308,0.0001829342618380192,0.001931096794037801,0.001783559755925035,-0.004948477638338278,-0.0002592723030815369,-0.004141993714251835,0.009349435478865242,0.014632122851825802,-0.03519127017161883,-0.009210567596853902
2023-10-18,-0.014533693386303725,-0.003963705175657695,-0.028248061993003337,-0.004923808828522169,-0.025340765191338988,-0.007763130291378095,-0.024219797090758055,-0.007394845816873885,-0.00889851374291728,-0.006192143141041329,-0.020328080713351793,0.0029737888793621714,-0.013838919505403391,-0.013116308261922671,-0.003151622551078148,-0.016971877364587384,-0.020929398720971326,-0.04178279886841274,-0.03470652197755708,-0.013008172898103743,-0.003909403245393572,-0.031190641224410176,-0.016709349214614644,-0.005430311893924844,-0.0056497665193977475,-0.017667724109620142,-0.0022139937816968436,-0.0024942570501252925,-0.011647292720855962,-0.02108475118545916,-0.01469946433468039,-0.021839046933411876,-0.025746051460839747,-0.014290152905321873,-0.011862527340367524,-0.011658917995418738,0.0020290362775210458,-0.005872416934971869,-0.03252475437398572,-0.005623626157486239,-0.014950638749230305,-0.039646818517320215,-0.022860626398886752,-0.02290332694513364,-0.0072450336010058125,-0.0015282108634839808,-0.007046581324482104,-0.011427395036402888,-0.010873421134388161,-0.014061984872801192,-0.023875307826295877,-0.006672460104458211,-0.031294490376228334,-0.015053377140672897,-0.012844176330514934,-0.020237682073869112,-0.02726627980651486,-0.02527972624280672,-0.015817416177576704,0.02139033433262938,-0.021080097203960868,-0.005740472123032525,0.007023139501078468,-0.01816991537708923
2023-10-19,-0.0027322862767337197,-0.0038181026071586466,0.0022511829407421136,-0.0011203692082738526,-0.00797154744213835,-0.014888765481960164,-0.015698145779842965,-0.002160976125167302,-0.04962891581061235,-0.014006185702608698,-0.01702915510314562,-0.021645267920959887,-0.006083711935645719,-0.0160554965083467,-0.008368981617325355,-0.00893533940076252,-0.006159425902735105,-0.06411494708339527,-0.018253801663404068,-0.016425000967632997,0.004985238327034791,-0.007575286522044533,0.0017340435580628366,0.009176123114373658,-0.01193183503348838,-0.02278190848443884,-0.0218195431334951,-0.014003096731629583,0.0008416922675134053,-0.011186506838233301,-0.03737070926732289,-0.018018072967318277,-0.016030507405889072,-0.029933245281985488,-0.0627335058153109,-0.01538656090288748,-0.023286115223972947,0.003665447784159115,-0.05923305587008465,-0.021788890348566348,-0.009634393756724924,-0.0022513359124677335,-0.027277447521458997,-0.02879779335998245,0.0008313417686340863,-0.03141498266673004,-0.026319361178818723,-0.007851620668155257,0.0027031826823074034,-0.010894652269678451,0.01703854641393132,-0.023510483126300552,0.016888188996625253,-0.006792569542274807,-0.00691745577407854,-0.021721338121266864,-0.013137822920311404,-0.014243239600603363,-0.00579635471078066,-0.03955790047701102,-0.006325761557969822,-0.006477608277850377,-0.031271076845680534,-0.014967433517150908
2023-10-20,-0.01960785103827667,-0.026595113760817357,-0.005761757407162227,-0.02775961566505336,-0.01273334260334158,-0.013039351030073587,-0.02168442891668476,-0.014704256023562845,-0.0023059646017598023,-0.028044679533148598,-0.016402216541364978,-0.01636272775105596,-0.02619765866687518,-0.011979284498822351,-0.007314273222417289,0.004584282270124085,-0.00947871058866423,-0.14676446861333614,-0.03207209306770309,-0.0010099919334215501,-0.00789766735036801,-0.007896275176700551,-0.02440712889457175,-0.012095258273904785,-0.01322606340538246,-0.06564415383557598,-0.0166352142490368,-0.006158871374520758,-0.0210261125768908,-0.02820599615646624,-0.0408163564136349,0.009972030801239207,-0.00943623025327267,-0.0056122523175570205,-0.0026581169868357124,-0.018622155632287973,-0.004590553988842783,-0.01403471788751387,-0.03160803146152802,-0.0024473133348178466,-0.009994616851545346,-0.016959220462906655,-0.01154683020713232,-0.025054594318508094,-0.05990394985609582,-0.03962390307676211,-0.02526186767050176,-0.01077163465348352,-0.023813821297744453,-0.01109677199346537,-0.02203346503121051,-0.0026917764136601408,-0.031197491539788902,-0.014853608094356208,-0.030536684739629116,-0.014662695022454653,-0.013287214916762657,-0.010782831810358662,-0.020736772904562217,-0.014940397375475922,-0.024641932479898876,-0.016724976300071748,-0.004644699409218078,-0.006990642278778103
2023-10-23,-0.006936018715803849,-0.0010168012529265802,-0.017679947603646218,-0.005191244987112875,-0.008514858083145338,-0.015914009697772236,-0.013513509090522291,0.000694125483640784,0.0008201036091970426,0.0022030178967533676,-0.014652924095561626,0.010062880974651467,0.005363722689283534,-0.004340861422734821,-0.01379183314996324,-0.01095220991584167,-0.008833263746772069,-0.026291824149745624,-0.004477678734613022,-0.01307631729189207,0.016655704431366436,0.003647960709504794,-0.004613238705017286,-0.017863318075128087,-0.01631700354319232,-0.0019697451536891952,-0.004998075528530266,-0.005686806328044525,-0.030641382909768478,-0.0054852886582047455,-0.006318931459298738,-0.014218024591792555,-0.007409184456732998,0.00025946885976635414,-0.0012824446780075327,-0.012871655806294013,-0.005058031262622387,0.00811213257096255,-0.015593808553461708,-0.006471111594814061,-0.01373008584919011,0.0383695291471553,-0.018356995661658937,-0.014381718665205878,0.01777126225404957,0.012628514966480209,-0.011978177106964583,-0.017888895670572946,0.00027621556405432734,-0.008918918096567197,-0.00849161028723866,-0.02159244840545893,-0.0020829198770003776,-0.018765617835030945,0.000384895796217366,-0.013180275516842532,-0.00857412083005804,-0.008938292303331874,-0.01008043953429183,-0.0077885029921017646,-0.002529147146916322,-0.008168349933339925,-0.024498348625943578,0.0036176495885349436
2023-10-24,0.0038990773952842783,-0.0015728347517194319,0.016598300142556255,0.007634260345043664,0.001010402130004584,0.006468506935153995,0.004964829691477712,0.002543361361414531,0.004991435441823233,0.02128458679908629,0.026637252317812443,0.021908622643570297,-0.010461797790897176,0.0017037929369354554,0.015517231221084282,0.001999468348094391,-0.002599317233133558,-0.015058724310416882,0.003013530173289203,0.012430046079626056,-0.07017979826452114,0.030266893672906914,0.025668493414853222,-0.015268767713679798,0.011256000481141282,0.005921024591776014,0.010819200784692784,0.01033869936222298,0.02186117642483021,0.003551406221518949,0.00193190926257647,0.00881415057849333,0.0027068672934731364,0.016646487682461908,0.007405165558993287,0.022045966382179705,0.017793050398926313,0.0036742406655956295,0.010907191811327044,0.00719318701146987,0.00777942209947402,0.01600930628280617,0.006909813135101084,0.017701180680960604,-0.004437628929962578,0.02396721452312911,0.026157218214127642,0.0050910391599672256,0.006718141065346517,0.009899099160869618,0.0109901050529857,0.04367809667928424,0.02403119739976578,0.01171785367706879,0.0004488723265154704,0.01732011367251185,0.0029606925972698317,0.007589168508306932,0.0041005560229363525,0.000826294477451528,0.020121066872169635,0.0021800065508861266,0.027505325840919026,0.0030201685238129272
2023-10-25,-0.011516781060775694,-0.034138896496225035,-0.05517852573410509,-0.01601609497180667,0.005046718296975339,-0.031164710105685334,-0.02369192377505447,-0.013491655676301062,-0.03550774094914999,-0.023098372767023423,-0.023556314526041677,-0.035727691591458055,-0.02687336162924603,-0.0059532854840197436,-0.011507251781262329,-0.016270222755321972,-0.0029783798035489806,-0.00516657404776566,-0.03793724983796942,0.023205525196609678,-0.042940680811164644,-0.029121189633575684,-0.027806782470637614,-0.016720973421206153,-0.03339191465355218,-0.009810266412557889,-0.004969416653851533,-0.005152794715521103,-0.0508817203396873,-0.04505558109802177,-0.021611695303720313,-0.00595709586957327,-0.014479684833101691,-0.032790397094275336,-0.03423728617781285,-0.06116005039057337,-0.023064508526240868,0.030678047814253206,-0.04370814186267469,-0.0033043372716671238,-0.01841807270786322,-0.043148672110354114,-0.04177331587205668,-0.046186306791873966,-0.017151166220970238,-0.028880921278040872,-0.012100833431846425,-0.02971633834390952,-0.042142769657947055,-0.002776904132524294,-0.03506024688723541,-0.014684352345373908,-0.04368771279843531,-0.03223337483655375,-0.027284552372664583,-0.013382993161863421,-0.03342915036768235,-0.040388576277025856,-0.034916974894901975,-0.02497418091679815,-0.02009832408613854,-0.001933552017815754,-0.018156396553062226,-0.03399543429413332
2023-10-26,-0.0021866343681657963,-0.01316342088256317,-0.024880277434846,-0.007309941629182082,0.0067787099305158804,0.0066963212783559545,-0.007202414714446381,-0.02460553270865795,0.0056105541130293535,-0.08743075573030723,-0.02042860726000062,-0.02692936272635571,-0.002553765056520829,-0.0014091123677970607,-0.01965652366451054,-0.010454053572661381,0.005601153457019725,0.019395886175415544,-0.0049873781062472755,-0.0011207685730093564,0.005599315542224703,-0.0013874650701661828,-0.003932738852460704,-0.00672378629230197,0.009696961238092161,-0.0006605058812259035,0.005378389954087792,0.04873064434130536,-0.00944266378735703,-0.007411547912092087,0.0011496297789657106,0.001997624110721574,-0.006723645309090864,0.007475130331206614,0.0030684710637629564,0.019333257623235012,-0.029623997889859144,-0.03751432615374006,0.010832269951710494,-0.020213330132472063,-0.014486826134793795,-0.03477822495958238,0.020575144597309247,0.02008375036802712,-0.01015478221959043,-0.03104698334561007,-0.015365623674933881,0.0009280955207309205,0.008016820190794638,-0.0017247905457242751,-0.004110410883126581,-0.01877796520619268,0.03919503171947114,0.00045161729750642365,-0.0037780634885734576,0.009186120476549986,-0.002786135202322404,-0.0317370255479511,0.0156570239784255,-0.008255783033205844,-0.003709403815196577,-0.009396049934307427,-0.09293508665910477,0.02976219425847315
2023-10-27,-0.006848376734286954,-0.011977976644571453,0.029465166971098578,0.0015709736328570756,-0.011097297276683071,-0.0018027802615193655,0.0072919059219813676,0.007969302694253777,0.0035158703862454566,0.037510274658191234,-0.0049459578056970654,0.014042970534592358,0.0018659636834996718,0.0024190849739940123,0.0036987478259828954,-0.0018921430159560826,-0.01262533686707934,-0.14649619383009005,-0.014194026148733663,-0.011484326430336589,0.022152057961479343,-0.05219979959147025,0.009691261468053103,-0.01114040309550135,-0.00900356486383036,0.0052874759730208165,-0.012609881269571632,-0.008625450752876573,0.09286602079820572,0.00014598086006056832,0.005167362108136064,0.06100478798979858,-0.0029250049540693324,-0.0006764882792228422,-0.0018969314393584291,-0.006871973873492476,0.017356228407416463,0.005855610477259354,0.004628033355124517,-0.008914171695366568,0.005319912958793971,0.004314810825996718,-0.0023946644315326893,0.008817438331518934,0.005876495194004239,0.006745608281368387,0.001545759629323129,0.0022021609190361335,0.007952989229618401,-0.010012900704022942,0.0016306105692676098,0.03584458070253982,0.005554038462284083,-0.004288384234787057,0.007628856087423808,-0.017354339174811217,-0.004110248279164064,-0.015037636492353013,-0.006180207617251798,-0.016435361113015468,-0.004599191528130486,-0.05818214426982593,0.018557316526862655,0.011472883970703007
2023-10-30,0.00917116116308958,0.03703850961401023,-0.0025925541761776527,0.005489633828709151,0.00844799467503976,-0.02920850055271429,0.016214273863111694,0.012305220699691866,-0.0020563847970308524,-0.0026675816685990394,0.013528052637546084,0.0034472040149726713,0.012344636218617255,-0.00930116080825738,0.0001938593702373037,0.007109017789035166,0.0026325541156646537,-0.04178332109631311,0.0109294954622432,-0.003672317794404578,0.003761351884490116,-0.04844330202934655,0.001066501512284157,0.01200271225716909,0.008479643508580104,0.005917194912410606,0.012383941518190333,0.0007719169071349619,0.004220517971877058,0.01664161983744572,-0.017380724148250315,-0.0071401618989610505,0.00360405929071117,0.0035159103413124893,-0.000890431171148065,-0.02214222421374079,0.006397606526892252,0.022740346048018667,-0.00475452271874699,0.014060693425641091,-0.008773152190151623,0.01632095499331454,-0.049963839773613294,-0.21767242619597293,0.006535330097343639,-0.0010050263458377673,0.024547967057343634,-0.004625899389754329,0.012868695585760648,0.019408225647308264,0.013735548901867123,0.0032257777034740975,0.026226905661624667,-0.020174631084061256,0.00862144954355859,0.007185481587891784,0.004450902145928026,-0.004532434402332308,-0.009307517552396227,0.006076362156482773,0.011468599670400037,0.028552145878550705,0.07261991089838515,0.012501263096059922
2023-10-31,0.014998236924412156,0.009716466947784719,0.024121435719099082,0.007409594798593044,0.007126735041385057,0.00930207124559268,0.011339663266261457,0.0028188207178163616,0.010074023450971081,0.14027995518577385,-0.0008088801696295445,0.0001426389725971422,0.02622798584116004,0.017000693875760087,0.010859089765135721,0.011294210339660271,0.003750958382798153,0.011695882610141206,0.02270377788069533,0.015882556613052046,-0.006366788109870347,0.04496764447381585,0.015092302534213342,0.007188992084980805,0.0006006289141444743,0.0052287262252241895,0.006498473591926235,0.014092278789285873,0.02269546273046008,0.01528208776058082,0.019764239051438315,0.0189250389834541,0.019291842568900153,0.022109062112394273,0.008089094364831073,0.008915889215786565,0.012108325440688184,0.0023716781683220667,0.09341587557381414,0.008109444477565786,0.022478192110812145,-0.009256327647379381,0.01322129101838021,-0.041322269659762156,0.017215964205056,0.01873821489632621,0.007317104140035946,0.015684889960587256,0.010757698476414612,0.007776451433221254,0.007828561876582096,-0.002484616204609269,0.023410838415928614,0.003354585471303295,0.018440577851735807,0.012979229662203329,0.005988857756084265,-0.0022766269714445952,0.010747291863600905,0.01660915547079922,0.013948949169481528,0.007722196242824664,-0.039473630174584495,-0.0016208780557493974
2023-11-01,0.011949302751040225,0.023380826407713995,0.09685280117286643,0.005419505938936808,0.013407719090139825,0.012140113082434123,0.0017609078458227234,0.018738629407298646,0.02221374166632284,0.052253338702632046,0.006577886762385132,0.013751365516899705,0.020971434860526994,-0.006187527021894401,0.0011508805423459112,0.007600385408476962,-0.0037369412716093953,-0.035812998348146996,-0.004228585727642953,0.0021769367308321907,0.029697229198568875,0.0027377985117833514,0.0024488929303789764,-0.0003613875258988708,-0.0018008051268056935,0.009752921286121374,0.005696887261680272,0.005254444016256299,0.02164383237021439,-0.011677936595289373,0.016449451015634775,-0.009286802769415958,-0.010241703963496884,0.014541123285648938,0.03134876180303525,-0.003506783460478169,0.03783463710536106,0.023542638716432585,0.033549155190729874,0.0073260794004677,0.007831797807649199,0.03788628844641906,0.0005220290108376435,0.035121279847996734,0.022727250842614843,0.007571378098684134,-0.010895875226091811,0.004575629538516646,0.017432793401852997,-0.0029064510464981153,0.015336363107966822,0.04380946605060876,0.01998797863848112,0.0036891623767454362,0.012653379368000595,0.04251170138106741,-0.015350116277033088,-0.006124547385160661,0.008168464945990328,-0.1309145309529126,-0.005899656008210741,-0.02569370323910325,0.039601496691427096,-0.05462439756815274
2023-11-02,0.024880189277189046,0.026097377360250196,-0.001943716056026723,0.013283254033356728,0.01800809820660887,0.032027016046578094,-0.021165897386490995,0.020693294755968594,0.023800785658538715,0.00398404644507977,0.0015584015925043104,0.021525519558638795,-0.0016334904740992195,0.03770836517201026,0.010730087631848129,-0.0201662356961525,0.027006726974918793,0.028541570652933057,0.0722825022076472,0.006253271193340293,0.03409914297527039,0.03325399133141804,0.004885687883221079,0.017082377322181985,0.03247146956823177,0.003863512974555894,0.01359521063384772,0.011072930098108946,0.01099492657116996,0.022855025306444565,0.0009614499546033439,0.00749907031999375,0.019867498641171988,0.026881841614793345,0.02739603724270334,0.036035992270406325,0.014985635000775543,0.0065016048348987,0.03320480287414074,0.002388618873264692,0.018814063180844887,0.02790312577224552,0.029387907134782232,0.027606431471701276,0.010591015822499994,0.022461814858655504,0.053495629398959244,-0.02664536946051177,0.05834606927600405,0.014163951753455084,0.020597307011978705,0.00800115511763222,0.010025632545063612,0.02802664546986855,0.006857692229669254,0.009604399565028787,0.011712415592427305,0.0379410022196458,0.028916668593954364,0.021484401557245958,0.09455081370052332,0.029918302373619143,0.010062246096218752,0.04550731984876388
2023-11-03,0.017428259127244106,0.008859606910930351,0.040990430250297694,0.030683038471877255,0.020096253698721034,0.02178414517526983,0.054572049836093095,-0.00518115901189109,0.00895237752470801,0.003826591295396753,0.023790353863133218,0.013060978443548255,0.020696979904371693,0.01349980848683563,0.0049288968136169675,0.04116256538777319,0.020087695943315165,0.023948294899886813,0.036115533028372004,0.007915266255746456,0.03299689196345712,0.029473583653710334,-0.12345894411379099,0.14550192733798828,0.02679094856131159,0.02180885760190976,0.021609500168029205,0.006054013858530327,0.011671053442389834,-0.003677399204889631,0.02769316312299419,0.014514325158430763,0.020779263404233417,0.021007925929849458,0.01732767546915248,0.038451146489415056,0.03038046428959551,0.012861710646231872,0.04496314983478955,0.06490729892631664,0.0156562748119069,0.034454937367382366,0.02229851992601839,0.024313414578430503,0.011041454042280296,-0.027280723016471664,0.008132771480665602,0.03334111326856792,0.018404886703302425,0.01718453202829151,-0.0030752937762309474,0.0065450642512319135,0.012228312195596835,0.017318518164884056,0.019430025715254207,0.01386653074148736,0.0168828055824366,0.020954611310096016,0.019822131677002197,0.013623319616287377,0.025878003696857776,0.010681304339680286,0.020161254202975654,0.035265715225883065
2023-11-06,-0.0012759383359747245,0.003175742731054365,-0.0044543429844098315,-0.0005529728902650133,-0.004954560792816309,-0.0020843231509780624,-0.02366719187363131,0.014605202590414423,0.004365019921722446,0.0015059158414862939,-0.009755810746427729,-0.0020958436359355126,0.000921739971613933,0.007543146432307246,0.005282052877530807,0.00015086856942958526,-0.007518824471692498,-0.03254544404002746,0.017449094314468727,0.002920540906636182,-0.0028481674266130907,-0.03271028788234842,-0.007527754983382873,0.01515351555073896,-0.010209806499930307,-0.00125556054210485,-0.0032822688756434237,0.007234601547566388,-0.0017098152769320363,0.003991880866236253,-0.009657207110042698,0.004035273452188459,-0.013835921307310373,-0.001521197603176705,0.007838022817578283,-0.017139817640464017,0.004684392428386586,0.010572556407856482,0.0012374933000374178,0.017233209823977358,-0.0010540169267535537,0.016576019122821695,0.006885209414424498,-0.029597020411229358,0.009810269807228877,-0.026813940015721793,0.007796143977350178,-0.0021510521619784173,0.0034304586777833546,0.001313336194422865,-0.00024101340658222448,-0.015910434247902616,0.004103748095291904,-0.011532198206644528,0.004098864593993223,0.0010336499935099663,-0.006008535367731382,-0.0010261871963332947,-0.018172108135383613,-0.01414757076821127,-0.00848047754786041,0.004049543400587163,0.0037200616985841872,-0.038637417925267536
2023-11-07,0.006707356121494534,0.03492793275025852,0.015212500655411132,0.0038730925810541716,0.0020154244833145984,0.003222490445425219,0.0030968395681110206,0.014450713064667164,0.009831885285738196,-0.0009867555917822957,0.01643641752137115,0.019288621655381366,0.0158545517369586,-0.014404867113541941,-0.0030024258770025014,-0.007694639067007625,-0.009018739292748323,0.008314166325679606,-0.0010208248519012475,0.010224563796905839,0.011468498896741064,-0.01796284525904024,-0.011576807066311923,0.013551741663812455,0.08481367662890738,-0.010056507517067548,0.0,-0.0009397708604114152,0.021607369653204422,0.026793147438979315,-0.006763113618591832,-0.01571069993094132,0.008063215828638004,0.00853950005686488,0.003458335963006931,0.0025292230209319477,-0.0016455754951629764,0.011219294507102573,-0.00198564270458379,0.001313393417053943,-0.002901630192095217,0.004458862589782564,0.01641137176640939,0.008606366690823153,-0.0010998124745323912,0.021434606882087204,0.0039687631061251505,-0.00022687364652684838,0.0065871436103837055,0.007670898922364611,0.021309411859820715,-0.004077069969655067,0.007648704381667981,-0.007111065571145825,0.018532854078090022,-0.0067519047564549295,0.00360574764184185,-0.006620309734798768,-0.006169516353283888,0.015307327639967117,-0.0026652599831898938,0.0027052435116934337,-0.0018530928828014437,0.009804819783424845
2023-11-08,0.00834418878276888,0.0001879448893853386,0.0012340184523080833,0.0156163598999699,0.007572245780038678,0.004758887096716791,0.01823993921608591,0.0058849194097718716,0.017567293336384404,-0.014111006180024699,0.007890483349332067,0.014824736176489495,0.010522989847098874,0.006153902972460212,-0.0024468581143562984,-0.0038010868235746065,-0.005824553851094039,-0.024483068125662144,0.009360345808513859,-0.0017295770380199027,0.0021632227290129258,-0.045035681546021,0.014539604483994717,0.008168086356405757,0.020602176124431937,-0.0006349854203563376,-0.0043907936657292534,-0.005375274318784706,-0.02192422694821372,0.016481514675986908,0.0022960349846439243,-0.004083134120669407,-0.0018396715222741555,0.01598030969316122,0.00985556371457541,0.0006639594365591694,-0.0071429306006475235,0.00740573428924618,0.0007714622989687392,0.01380420728230658,0.0022486613648753373,0.01346969325658609,-0.013186221877025006,-0.00823357824297788,0.0306450340071327,-0.00413086579823263,0.0025460963672530035,-0.0020426724871245305,-0.005467208072547858,0.007888609107376432,-0.001746578189122272,0.014398755124938711,0.018602147619165565,-0.016338430062835196,0.014308073435194357,0.0,0.0006339890869064835,-0.0074687399669745025,-0.009345761316683965,-0.010129571200177434,0.009887778466787234,0.005690197481783343,0.003945188404347322,-0.007690784927713246
2023-11-09,-0.01132718526383758,-0.012933329954715078,-0.0008803457817150306,-0.006964513929717975,-0.0011743360655495083,-0.010538155033689711,-0.008782285468149298,-0.0026245375042115437,-0.007349349676012196,0.009732792112254529,-0.010873242544039097,0.0002744349016590153,0.0001950792189451267,-0.003727069859307708,-0.018867930002678057,-0.013278384905365592,-0.008787981793845101,-0.01742527881269562,-0.04017169381578478,0.0005133587842316434,0.023680677673715733,-0.03845318857540392,-0.011345610877353751,0.000523486681482499,-0.01656313383583108,-0.007623872741957416,-0.0069826967290923525,0.001708000330257864,-0.003164528947236067,-0.015008306418555772,-0.0075835118937166435,-0.001863533702137432,-0.0230787501585763,-0.00933169657169075,0.004138509945513347,-0.022027707612464642,0.017847284941733266,-0.006910785855726798,-0.022071665760438397,-0.0012614381563164079,0.0006599288297748362,0.008073184147916912,-0.016471248825641105,-0.028679268315153328,-0.0013353571761692828,0.0062634581689364754,-0.005881206002109729,-0.005799432818645589,0.0003331829426960198,-0.0025828825308709114,-0.006904084292993606,0.0019482347902892716,-0.008907308416346904,-0.015927175069270882,-0.0019558839639883807,-0.007517593311048287,-0.006177718848491942,-0.016786184158748885,-0.013427881365175143,-0.018800592739674382,-0.005797598325567366,-0.00478007494832422,0.021266805809944556,-0.018988559012723005
2023-11-10,0.017408189165084575,0.03371755599062376,0.04493786739024341,0.008926092716704526,0.01822248598965248,0.031053693995027887,0.02489271583578101,0.023220045946402923,0.05245511110503487,-0.022680037165,0.028825529443022857,0.050626479106419264,0.019925853415195816,0.015203828028195199,0.011346171987535847,0.020108166630364632,0.022534209383454185,0.03202760556554041,-0.0070036437101788085,0.02007442867861653,0.03531733620949429,0.010488186844121339,0.0231528401101877,0.02561355082338146,0.014736931202907977,0.021766972283652875,0.02220577423932424,0.01636890761969534,0.028042364938773545,0.027889135820274413,0.02093445908730507,0.013442809053347382,0.0191944571208138,0.055016784364800175,0.054086003501399915,0.05237449874837985,0.024330555368641038,0.024896758413415654,0.04671617042751053,0.007189128691717839,0.017409679941151612,0.02949953985585463,0.03515777082384797,0.04708622923301875,0.007933622554884057,0.04501421465762112,0.01922689485950624,0.048381600619566534,0.03422145066587223,0.014536899529414171,0.017237324273434718,0.005833339655607395,0.02420291687692555,0.04080923001612047,0.027040408771340285,0.02054794097573276,0.01689508370607462,0.03756032967526157,0.02736091332481938,0.015037568245656496,0.013114627961051673,0.01578122587069286,0.018560427550023295,0.018072231513467374
2023-11-13,-0.012699795200314057,-0.011519949407512775,-0.015178307428517557,0.0018958808362510293,-0.002770992117058446,-0.009633277975495624,-0.0017152658662092923,-0.008583642151914983,-0.0062383090692395005,0.01663122462923816,-0.0022793984393834066,-0.01105979616937569,0.009099269402919052,0.0014172581909845938,-0.006845468254546683,-0.00409391385645963,0.0014450389443143585,0.007309562327346697,-0.0028466951359952253,-0.0027036021774258234,0.015621558275836112,-0.0005973852460314788,-0.010232201119368178,0.006972268987059271,-0.01970957568108167,0.0025062806069491295,0.005792922465408301,-0.006173655499722264,-0.016212070463720307,0.00622054179576037,0.010213730038734825,-0.009580001041258224,-0.007484911912883585,-0.011230678905388536,-0.017507219709075872,-0.012119534156147527,-0.0076963806229222165,-0.008088388510664957,0.005033891537991941,-0.004436984952397194,-0.005185469107084839,0.005896310928677817,-0.009803438512124174,-0.010834012426470307,0.0095516485487539,0.00840205486555301,0.0034958035562508982,-0.014073760244247113,-0.0028982728304122185,-0.0002900422263187874,0.007723605573989767,0.000690425344081369,0.005750147020531227,-0.0124402177712446,0.0078060013098035785,-0.013264902736854767,0.003840128703186174,-0.017022237852084787,-0.008968050155065521,-0.024611680211501064,-0.00554097744585591,0.004149380648194478,0.004000006781684107,-0.017314929635503074
2023-11-14,0.015397729228458168,0.023698190192006363,0.02645771310615519,0.0102721152925358,0.027092666057757064,0.04054842995230912,0.023848805640571236,0.01428571074703422,0.028983526990179254,0.02339736635679346,0.03455494667267622,0.027488866019848235,0.032886233975496726,0.03061757532118592,0.017997340362693848,0.025883064348214413,0.026695548902954114,0.16346270959951648,0.05509392194501084,0.036691511180031,0.0146996400127537,0.1143156266466987,0.020278339428127623,0.01840773192475864,0.03915335459041458,0.026249975895545896,0.017998583460859363,0.015597552082335264,0.03086582054159126,0.04385740931985449,0.018457018211916143,0.02418159144042864,0.04743754856144888,0.03538347585490631,0.031911182991414266,0.06081951080065329,0.03196039988733679,0.009790566816934465,0.05590390280921764,0.008461457096621494,0.025540801954361925,0.021308063745539174,0.054371378954020555,0.04966237783668381,0.017082728411033754,0.021632037440498797,0.017681099330865813,0.04702887983657544,0.02834071646952996,0.014893626831511408,0.027406140514395938,0.029529476873438654,0.02468634643659784,0.04431440316854096,0.029528768163293417,0.04465077784467586,0.023915483134643756,0.04652499698631751,0.027832986182882102,0.04213623796085453,0.007613196774538755,-9.604561858955751e-05,0.015272213856756922,0.06440947145967812
2023-11-15,0.015632343967938445,-0.014925652004985634,-0.015682326463886898,-0.0005351871790790774,0.003719994197367571,0.018019986523708065,0.0021145360732028884,0.003040930740533243,0.008372256153325486,-0.006784347006423386,-0.00575082810310068,0.002507812414824784,-0.025053138781437223,0.0021056231275031756,0.0020688220071238828,0.015286539903824892,0.017217187343505858,0.01553778507964565,0.022978768086613588,0.001885171211331027,-0.006026385916640842,0.021992750387020088,-0.005066218298505287,-0.010304896721859969,0.006110072571402503,0.0018271681773263104,0.0067184313768196,0.014427219706876215,0.030449144064593314,3.587167228347177e-05,0.006445183600666704,0.005085401577036519,0.031121811019948042,-7.32950043356162e-05,0.00428838959886968,0.015009924685240206,-0.0003887618425351125,0.0004059981016533154,0.022653030050832523,0.005956497424634666,0.0027954461597985425,-0.015466340894293551,0.03006822070463344,0.016723816241515532,-0.017571007474839084,-0.019106407686171334,-0.00096886361492865,0.006129720828835117,0.012248736031479357,-0.007280450409867578,-0.007957295257785102,-0.000804212054189013,-0.004998637329011846,0.01281639147359459,-0.016718680111362683,0.009345086661836532,-0.0011690933387585867,0.00794267522042058,0.012939388622538184,0.019511001375048576,-0.004480930568307118,-0.007448356589604299,0.0034881153507264617,0.006028021096552649
2023-11-16,0.005591420350902432,0.011338630339960964,0.015508490093683713,-0.006157369507802546,0.005727798073455803,-0.005199695794687154,0.010349319295608783,0.009042137421952035,-0.0036043512438417302,-0.0020585872092172552,-0.005043710771422849,-0.01624981997832886,0.0045147735086901175,-0.015576481643973517,-0.09834832326768905,0.0010231556152944243,-0.010115134801381931,-0.023057854174571957,0.010422010244730995,-0.022458251582653688,0.012831096555360189,0.013712087409776919,-0.012534335823196519,0.00555317949877332,0.032388635657082165,-0.043161229555323866,-0.009132416386695819,0.003145862641098507,0.06747101262222333,0.0025381048574995013,-0.014691456422895044,-0.030719238241762037,-0.0029281431226041432,-1.8353071464805026e-05,0.0036394711883966924,-0.004121162723226601,-0.006092772842995919,0.01758324928692301,-0.01939374738216504,0.009996267867705244,-0.026989354720803438,0.012109279113049487,0.00024908627639996794,-0.023478113783633847,0.005348041718284291,-0.05418061527384699,-0.011960117224754874,-0.01407559223577648,-0.0017065080167284474,0.008101634138364844,0.009251657990325235,0.013950310282095923,0.002120148764865659,-0.0071246022524739105,0.007802472654850456,0.0012196096481418284,-0.008524188558563961,-0.0068951172725036924,0.00013171971491465762,-0.012912095282115676,2.389266101476828e-05,0.013410816904063871,-0.00043450919604781646,-0.006821584349782972
2023-11-17,0.0015580448387981782,0.0009965378672731617,0.006592680492829794,0.008979078525080508,0.0016749366092507767,0.017849286501656625,-0.007293019228016395,-0.0001054465855937492,-0.040178291415095546,0.006235357768522576,0.010743175112519543,0.018946396863043447,0.004794182651466583,-0.0010208559369692116,-0.00582851005200713,0.015332878217000134,0.0035236217204674958,0.024153551181567368,0.008947033848161645,0.012604773305372019,0.007939539748460067,0.003300820553730821,0.016660059164882446,-0.005927209511488507,0.018988914235537946,0.01207122852883269,0.0035448880412278783,-0.001110663606800566,0.010611370596576464,0.005763474631184984,0.004664326472284097,0.006338577826130898,0.0028613675850244213,-0.0015585848626907817,-0.00014277217606206705,0.016674681799835556,0.01160818234465788,-0.016800933350932468,0.005661391846297992,0.0031204612065396375,0.009506420241375935,-0.0036782219492861312,0.0006972220894736481,0.008206157534367708,0.006017294135217011,0.021832411141170294,0.007262975836240582,0.002343929461671612,0.005982928418194033,-0.0007236725549889522,-0.0010385898880496125,0.003836512496756983,0.0031887471044140803,0.008889245546241265,0.0024932365908871823,0.0009137382314814424,0.0021557714642588266,0.014877703437570444,0.01797350542174736,0.012146705000764202,-0.015179075965010336,0.0038218410327572894,0.013258001143331422,0.011787676792668789
2023-11-20,0.009364632431335007,0.016659541880827966,0.00754432110755876,0.0008899036368861246,-0.0016721358876368164,0.004206495319220682,0.009951282546453832,0.009278267089376957,0.026785213512446893,0.003307978562763214,0.01090505267206443,0.018389600375170678,0.007380665252971097,0.009057635836994482,0.010678459964870823,0.008087885691303809,-0.006671300202347741,0.06073658574819918,0.008015827921694196,0.006929144408418297,0.008807632828922385,0.027544761295239084,0.01268048277726641,0.016690216865469454,0.0062924041178789025,-0.006277501023623677,-0.011303463048789708,0.009549393156489394,0.02122803643057547,0.007747829325577715,0.007839247919031678,-0.0025935379933871294,0.01306506674317065,0.024259048932478766,0.02685837223644172,0.014126622048614035,0.013666885006919482,0.020521822935339662,0.0207028943073011,0.0037077443381878794,0.005418023391582372,0.02253638109997369,0.011943843953647892,0.00928175834941003,0.013522879242028774,0.05242542581815002,0.010393600229644973,0.011266980633113155,0.00030896689535353516,0.0,0.017674729412050283,0.015550814715916905,0.019194323980317618,0.01304535141676122,0.012603294560637801,-0.001521468102969048,0.001254886845265979,0.010750363904218352,0.005950059487765724,0.013847183216389114,0.0015801864692741585,0.0036170273333631098,0.015658506198228617,0.011558521990131743
2023-11-21,-0.0019340711473677663,-0.0027909612185195165,-0.019501317707502852,0.005868196190553121,0.001339966364649836,-0.013981097437502199,-0.009555662693784717,-0.004230856994020926,-0.02176050049161149,-9.282536459465085e-05,-0.009239867125601764,-0.014572533615435312,0.0005180930561978769,-0.0018413204423057827,-0.009736947045748456,0.0064469474006829675,-0.006362682903873096,-0.001827414265743954,-0.008874025509042482,0.010535263728193689,0.00328125293870829,-0.004331641733311908,0.012906992595107525,0.007560464633699526,0.013467954159047446,-0.013265968945866624,-0.004287190753993864,-0.0028506797797672734,-0.024586550012307806,-0.004109863314613271,-0.010949984657092626,-0.0018573748364379972,-0.0026682524105935412,-0.01265799651921784,-0.016380469354627558,-0.02089679770202857,-0.02429409642369651,-0.0115779861406341,-0.023784490822225557,0.0017531155292114242,-0.006543547029799757,-0.009224555051354777,-0.014261782027681913,-0.03239956006847455,-0.007184366399476616,0.013278548404740187,0.0032146073137613307,-0.02112678315246197,-0.019226329745009707,0.0046311542007657636,-0.003597910278620442,-0.01297685924224079,0.002219219009524931,-0.011188490421099262,-0.0021052123787118626,-0.00419006411690892,0.004833966130625145,-0.014181336363779606,-0.013565646788154306,-0.015479178248393177,-0.002305836821211882,0.008156303020093958,-0.023442382923432592,0.008479234755169207
2023-11-22,0.008690107891731191,0.014288254485807839,0.02811344722362019,0.0038893525332686085,0.004683819581193571,0.007834508784546168,-0.0034384871349377732,0.0035144679557825853,0.0036929279773514345,0.011006850439211124,-0.06895757170533845,-0.009376281643771023,-0.00014796605922706707,0.003699949344377451,0.005857774640791735,0.008967932432996095,0.0017786992520425482,0.019121208902088016,-0.011627906976744207,0.006809719574467854,0.009735538243971886,0.00706175960962141,0.007417257057189763,0.0012856489912878022,0.005695341289581268,0.010243277454962563,0.028345862298904345,0.00792671815784951,0.0006874147506059636,0.0036465536278897925,-0.003588617365217095,0.006326782803399489,0.00862071702702183,0.006319309327066147,0.014264097914879814,-0.0006060241239026487,0.005084010816357676,0.012812605370184027,0.014830241063132243,-0.0014688154832952494,0.0072323287622901855,-0.024587497680150894,-0.004290573265924524,0.0024857167782201817,0.001378321919125458,-0.0033707689844869604,-0.010830474591973616,0.0023623024502457124,0.0037789347643684135,0.00252294583232171,-0.0021398491915808338,0.006442340245589762,0.0018850219695507597,0.006297996754575541,0.001202902417167362,0.004743287318045297,0.006541622817115789,0.007410644680219569,0.0032588152503960632,0.009942203587879339,0.0020192354880581576,0.007337711730046603,0.014489579252271456,0.015511878474151253
2023-11-24,0.0027316772694476743,-0.00046791783555844013,-0.0016325571312481024,0.0007044275008334377,0.0029970865148165604,0.0020802632308878355,-0.002076896489364044,-0.0070043194552873445,0.005753282278112337,0.0032155677357328383,0.0037500961862364512,0.007067845309555176,0.0009616395124005805,-0.001520605587309709,0.005823660947377629,0.004091435197020488,0.0014204870647760437,0.00019964344381429022,0.0018431420419731115,0.006105159328164023,0.004102626751500971,-0.03343348545628766,0.00868414336174994,-0.0034785223119805364,0.0037753620429350487,0.003168586721392197,-0.0006978725599142699,0.0003222316211910492,0.0066407356923952054,-0.0002835184454912376,0.005134085585787762,0.010724809424011328,0.0023577369772442847,0.0026526729769114077,5.578822448781828e-05,0.009701710655348084,-0.0029830153910911372,-0.0011115877225083004,0.006171331669643676,0.004131186733299819,0.0044877117048895965,-0.01929550047312789,0.002705625544374035,0.01050176847056905,8.605125610783304e-05,0.011172652428996788,0.0036928541813430193,0.00042850472609745616,0.0019607892729331944,-0.005468413237212477,0.002412475669034242,-0.006139791669200201,0.00633164805956854,0.006682984037836404,0.003068171921415397,-0.002055922246984143,0.010469310401829635,0.0017328715427473718,-0.0022087725204193998,0.010531114497683403,-0.004248913542493127,-0.004342584603414745,-0.006608428358545804,0.013548204862855684
2023-11-27,-0.004819829445442347,-0.00025825863523365467,0.0027798542561681128,0.0008798809747339043,-0.0026560786824807447,0.003933298414603659,-0.002249019549792508,-0.0009475597905649336,0.003126255368842701,0.001282104400748274,-0.005702505518390355,-0.029248017996043485,0.0034736428524064777,-0.008260688193983068,-0.008891680048332962,-0.00562036723577497,-0.011702124637519185,-0.024146858306417607,-0.00023485167850267885,-0.0030340562671603566,0.011612395442331058,0.0017488599891988255,0.005802009573654843,0.010565723752041345,0.0028208493018853087,-0.0145293396239361,-0.00418989072424647,0.002513304980316322,0.0027298168580813797,-0.005034882008465025,0.0011436239793205516,-0.0018294405434636785,0.0022788358768202066,0.002357637182452743,0.006898929488812211,-0.018015853489238398,0.008325753684742754,0.0031263882009369137,-0.005314377145318905,-0.0005297768859862106,-0.0031912012260136846,0.009753821803996754,-0.0022985475189674087,-0.0086604862109263,0.001892437674372971,0.011312424524673848,-0.0010973287564844947,-0.000535421909033218,0.003522465703153843,-0.0011225828359840984,0.0018272056083359356,0.01945319933471934,-0.00497111811801243,-0.0031612544460919434,0.0015478944732529865,-0.0031283661662367956,-0.002902981088922618,-0.006054682360557284,-0.006445668715279296,0.005890397368049083,0.0028040425001851776,0.0034235848658972223,0.01309014228166383,0.011270320861834993
2023-11-28,0.0003910744688409018,0.00653993841980971,-0.00521809524407868,0.007912101326408072,-0.0023302157731952544,-0.00310167538856454,-0.0087811316915124,0.003214082048213829,-0.018234865357195873,-0.0064937951288965845,0.025264514729228083,-0.004093700191469929,-0.003056478031950416,-0.010330392199882854,-0.0016691333372047534,0.007489139943930301,-0.003946918085366957,0.013292386316954286,0.007360733157889987,0.008473553845505188,-0.007994660298015988,0.0023925663794350793,-0.017677721125195056,-0.006189686110964154,0.0,-0.005128235461127173,0.004207519772312596,0.0005141516262767709,0.003402851745708535,0.006842122116522686,-0.004873702503361499,0.00769790195597575,-0.00022001303963348207,-0.017613784619053274,-0.016693213179653332,0.0007338253060926725,-0.017933222850900155,0.010802744284916121,-0.005635719796987071,-0.0068918955294744455,0.0002561880921769788,-0.008726889088820133,0.0018530861108447816,0.006115290726253164,-0.0019747444455133767,0.03247980360964586,-0.0019386303829260765,0.0018213606707719876,-0.01255848422355843,0.0016570680594747422,0.0005783392797518161,-0.007864894470628103,-0.007918869070553503,0.0019027516710270476,0.0003678751147082604,-0.003520792013527285,-0.008483521833487329,-0.0075057373992786225,0.0019658439119933924,0.005855817851304845,-0.010017738291744238,-0.002196677911548539,-0.006778218619569176,0.010323971445565627
2023-11-29,0.0023454377706970675,-0.009513560620711403,0.015080700808743241,0.009158267844647794,0.0030030014706721175,-0.002674668971848315,0.014391386547571328,-0.0054096576277038455,0.008780244989828212,0.00943614753398303,0.03124854674692057,-0.0058328904267317405,0.016585365743680525,-0.002774103621444257,0.004179729660895859,-0.016549793193125106,0.01657057207060353,0.01876892673048114,0.0182284670435906,0.006213035809217837,0.0016676606893377688,0.002644745142696081,0.015343768602881447,0.003335726673440842,0.02062824827151566,0.06443300118313644,0.015014032726472726,0.004882812691470173,0.01605243255303823,0.021519481117961536,-0.11815117598237512,0.020007348459355034,0.01144364344760862,-0.005611008593826572,0.005067636256369301,0.014177507534050449,0.007488162969789158,-0.010060114922162189,0.0165980219430637,0.0018213157475617248,0.1463320942782218,0.0066707270148520514,0.02149683938754965,0.03646894830836667,-0.0002580878791534902,0.03988056590486777,0.0067336261927566365,0.02545179338089043,0.016853569354711828,-7.60155750566538e-05,0.024141952599926908,0.019883141501963575,0.020579043115828144,0.012871926951001589,0.016055839879162148,0.0018433845139760319,0.010277433856758611,0.016659407146528693,0.001962086747766101,0.0282131286573708,0.00039298456222014444,-0.008384507465756696,0.009170405433417628,0.011672135339959588
2023-11-30,-0.0005999330762889166,-0.01033383231253826,-0.021719780744073214,-0.0014693014125261028,0.008982031358636844,0.003666996477911244,-0.018403266645181993,0.0030627968844576525,0.002811985586696597,0.0018696017163875034,0.02141681758965519,-0.016049722093398833,-0.007049171547694022,-0.005705084992082443,0.006867880194854514,0.0037078507794070514,0.009567698948734549,0.0005942705936790027,-0.01446678519728617,0.0067039069049674715,0.011626825675619124,0.015119386310579186,-0.019402931537996326,0.010973684725856803,0.014239754681853123,0.023607771921905663,0.009287906016887337,0.013745884829265753,-0.0053404065666102785,-0.009995963195183921,0.0006942193035204269,0.02264554724962342,-0.014432879479917449,0.0010108768826895265,0.0027031067341001247,0.005543493201536798,-0.00743250714501309,0.00015836757985265848,-0.006769842184921493,0.012004740301369221,0.020661116652288536,-0.02845859109239457,-0.001223535484142002,-0.0040491609104439386,0.0,0.021390718900162975,0.012026465053213364,0.0063614622404244425,0.008912511586348648,0.023619741652936677,0.09355323300180207,0.007900039879584764,0.010030485664294098,0.009687503178914314,-0.016707166377304072,0.004370216639018487,0.009671724611703736,-0.0057136563938248175,-0.00319836973978882,0.010453035193241922,0.0037563496807533348,0.0023618328162859914,0.020921421911485716,0.0015214293710608118
