,date,ADM,BF.B,BG,CAG,CPB,CVS,DG,EL,GIS,HRL,HSY,K,KDP,KHC,KO,KR,KVUE,LW,MDLZ,MKC,MNST,MO,PEP,PM,RMD,SJM,STZ,SYY,TAP,TFX,TSN,WBA,WMT
0,01/02/2018,40.09,54.16,67.99,37.52,47.39,73.52,94.06,127.59,59.04,36.36,112.11,63.8215962441315,95.27,77.02,45.54,28.3,,55.37,42.41,50.615,31.355,70.74,118.06,104.39,85.53,123.72,226.56,60.5,82.24,254.73,80.62,74.95,98.59
1,01/02/2019,40.95,46.07,53.43,21.33,32.26,65.58,107.71,131.94,38.43,41.33,105.44,53.1830985915493,25.28,43.34,46.93,27.3,,73.66,39.89,67.81,24.38,49.31,109.28,67.31,111.77,93.88,164.04,62.05,57.09,252.38,53.35,68.04,93.34
2,01/02/2020,46.11,67.06,57.56,33.63,48.49,74.16,156.54,206.26,52.13,44.31,143.96,63.5117370892019,28.74,31.61,54.99,28.66,,84.09,54.33,83.765,31.85,49.25,135.82,85.19,156.11,102.14,188.3,84.66,53.54,378.49,89.97,59.08,118.94
3,01/03/2018,39.78,54.552,69.45,37.33,46.72,73.2,93.99,129.62,58.73,36,111.64,63.5211267605634,95.32,77.01,45.44,27.85,,56.06,42.58,50.735,31.56,70.48,117.75,104.26,86.42,123.4,227.5,60.63,81.45,256.64,79.71,75.51,99.45
4,01/03/2019,40.77,45.35,53.41,21.56,32.66,65.23,107.84,125.68,39.03,41.68,106.24,53.2769953051643,25.04,43.31,46.64,27.35,,72.98,39.74,68.13,24,49.04,108.26,66.44,106.48,94.59,161.6,61.37,57.87,246.2,54.49,67.33,92.86
5,01/03/2020,46.02,67.34,57.94,33.34,48.43,73.57,155.39,204.7,51.94,44.25,145.26,63.849765258216,28.81,31.24,54.69,28.7,,93.56,54.24,85.1,31.64,49.63,135.63,85.03,155.29,102.29,189.53,84.35,53.38,374.62,90.58,59.08,117.89
6,01/03/2022,67.89,71.59,93.71,34.06,43.74,104.16,235.48,370.29,67.26,49.13,193.21,60.7323943661972,36.71,36.14,59.3,45.19,,63.92,65.97,95.82,48.27,47.97,172.98,95.73,259.51,136.8,252.82,78.95,47.35,334.73,87.8,53.06,144.65
7,01/03/2023,89.65,64.99,95.57,38.83,56.2,92.91,246.72,253.91,83.22,45.75,226.93,66.9201877934272,35.55,40.78,62.95,44.47,,87.25,66.25,83.47,50.66,45.52,179.41,101.3,209.11,158.99,227.6,75.99,49.44,249.85,63.6,37.19,143.6
8,01/04/2018,40.45,54.488,70.47,37.94,47.11,75.13,95.09,130.23,59.41,36.45,112.42,64.5352112676056,95.77,77.91,46.08,26.98,,57.22,42.68,51.055,31.68,70.2,118.33,103.47,86.54,124.39,225.79,60.84,82.0,254.01,80.22,71.6,99.54
9,01/04/2019,41.71,47.06,54.89,21.86,32.84,66.82,108.77,129.92,39.82,41.7,106.08,53.8028169014084,25.56,44.49,47.57,27.66,,75.58,40.84,68.335,24.895,50.3,110.48,69.55,110.19,95.88,166.62,61.85,59.71,251.14,55.16,69.57,93.44
10,01/04/2021,49.87,78.03,65.71,35.99,48.53,69.99,209.71,254.99,59.03,46.31,150.9,57.6995305164319,31.59,34.23,52.76,32.13,,75.67,57.92,93.99,45.3,40.84,144.27,81.5,212.18,115.63,216.74,72.31,45.65,403.13,63.5,41.4,146.53
11,01/04/2022,69.15,71.43,94.53,34.2,44.12,104.29,233.7,371.86,67.89,49.01,194.86,61.3239436619718,37.26,36.91,60.29,46.17,,63.3,66.45,96.5,48.87,49.03,173.23,96.34,253.44,138.57,254.6,80.88,48.9,334.55,89.54,53.48,142.0
12,01/04/2023,86.39,65.53,95,38.65,55.76,91.98,243.5,261.91,83.89,45.89,223.27,66.4131455399061,35.84,41.24,62.92,44.97,,87.48,66.73,84.96,51.075,45.41,178.97,101.23,210.9,158.19,231.16,76.68,51.36,257.5,64.51,37.49,143.76
13,01/05/2018,40.18,54.56,69.94,38.06,47.29,78.45,95.72,129.99,59.92,36.35,112.96,64.7323943661972,95.5,77.84,46.07,27.32,,57.7,43.23,51.555,31.745,70.4,118.67,104.3,87.69,125.55,219.88,61.45,82.93,257.73,80.83,72.92,100.13
14,01/05/2021,50.84,77.9,67.4,35.56,48.9,70.46,206.73,258.83,59.09,45.79,150.73,58.0281690140845,31.64,33.57,52.18,31.9,,75.39,57.98,94.23,45.71,40.76,144.7,82.39,214.61,117.13,216.89,72.77,47.0,400.43,63.45,41.16,145.75
15,01/05/2022,68.61,71.85,93.97,34.15,44.28,105.81,233.8,356.11,68.8,49.64,197,61.6619718309859,37.03,36.76,60.79,46.81,,63.12,67.41,96.92,48.025,48.64,173.82,95.95,244.74,141.01,253.36,80.2,49.41,328.64,89.72,54.0,143.92
16,01/05/2023,84.23,63.74,93.18,39.97,56.14,90.45,245.42,261.17,84.41,46.05,223.08,66.3474178403756,35.29,41.33,62.2,45.16,,96.03,66.19,84.45,50.19,45.37,177.1,100.82,205.07,159.39,208.68,76.27,49.58,253.0,64.36,35.19,143.27
17,01/06/2020,45.66,67.48,57.52,33.52,48.51,73.86,154.54,207.36,52.59,44.27,144.57,63.793427230047,29,31.31,54.67,28.8,,90.7,54.15,85.61,31.69,49.83,136.15,86.02,156.03,103.71,190.4,84.24,54.63,378.99,90.15,59.59,117.65
18,01/06/2021,52.9,77.55,70.17,35.73,47.91,72.56,215.31,258.34,58.94,46.07,151.26,57.5774647887324,31.76,33.94,50.52,32.21,,76.63,57.87,93.93,45.35,41.42,142.93,82.5,213.21,118.38,223.72,76.0,49.25,405.03,65.36,43.03,146.66
19,01/06/2022,69.22,69.23,96.12,33.53,45.03,102.59,235.8,355.39,68.49,49.33,196.57,61.9342723004695,37.43,36.83,60.47,47.12,,67.82,67.38,96.49,47.76,49.21,173.86,97.41,241.8,141.36,244.79,79.67,49.78,326.86,90.84,52.44,143.52
20,01/06/2023,85.95,64.41,96.62,40.96,57.01,91.6,248.56,263.81,85.96,46.91,225.65,68.0281690140845,36.26,42.59,63.4,45.74,,99.61,68.02,86.3,51.215,46.45,181.1,103.49,208.89,162.59,214.23,78.71,50.88,257.93,66.07,36.61,146.78
21,01/07/2019,41.92,46.85,55.35,22.31,33.69,68.61,112.94,131.5,40.48,42.2,105.41,54.056338028169,25.88,45.33,46.95,27.92,,70.55,41.12,68.92,24.865,48.78,109.53,67.42,111.22,97.17,170.12,61.8,59.58,250.18,56.05,69.97,94.54
22,01/07/2020,45.11,66.97,57.04,32.32,48.19,73.58,152.21,206.05,52.23,44.54,144.85,64.6103286384977,28.2,30.76,54.25,28.59,,91.21,53.92,84.14,31.845,49.57,134.01,86.4,155.15,102.25,183.6,83.56,54.49,378.41,88.84,59.29,116.56
23,01/07/2021,52.43,77.56,69.44,33.78,47.22,73.99,217.72,258.27,57.95,45.72,151.17,57.1737089201878,31.8,33.695,49.96,31.82,,75.7,57.76,94.79,46.75,41.78,142.47,82.98,215.26,116.85,228.87,75.59,49.15,403.78,64.61,45.26,146.65
24,01/07/2022,69.81,68.15,97.02,34.75,45.85,104.19,238.27,354.93,68.57,49.85,195.85,62.5352112676056,37.3,37.35,60.33,48.12,,70.24,67.55,96.04,47.03,49.77,174.08,99.14,237.23,143.35,246.18,80.46,50.64,316.42,91.01,53.84,144.89
25,01/08/2018,40.09,54.88,68.93,37.52,47.63,77.77,94.15,130.97,60.12,36.41,114.06,64.9483568075117,95.68,78.48,46,27.97,,58.56,43.01,51.61,32.015,70.31,117.99,104.14,88.19,126.69,216.84,61.58,83.82,258.68,81.71,73.85,101.61
26,01/08/2019,42.7,46.99,55.73,21.44,33.59,68.53,113.48,132.73,41.09,42.31,106.47,54.3568075117371,25.89,45.37,47.48,28.46,,70.91,42.08,70.15,26.415,49.06,110.58,67.87,113.51,99.68,172.34,62.78,61.17,252.84,57.55,71.37,95.2
27,01/08/2020,44.61,67.14,56.39,31.87,47.35,72.66,151.55,207.72,52.98,44.59,146.04,64.6854460093897,27.76,30.59,54.35,28.42,,91.26,54.05,83.69,31.91,50.08,134.7,88.04,156.27,103.3,190.29,84.53,55.02,379.46,89.39,55.83,116.16
28,01/08/2021,52.57,78.43,70.2,34.07,46.86,74.86,215.81,260.73,56.4,45.44,152.03,56.5258215962441,32,33.62,51.08,31.63,,76.83,58.19,95.21,47.495,41.59,144.18,83.09,218.94,116.12,230.21,77.55,49.5,413.38,64.03,45.21,146.63
29,01/09/2018,40.22,53.96,69.63,37.39,47.3,77.69,94.25,131.7,59.32,36.4,113.78,64.5821596244132,95.52,78.62,46.23,27.77,,58.04,42.99,51.56,32.74,69.57,118.08,104.89,88.0,126.79,222.08,61.38,83.63,262.14,82.26,73.42,100.39
30,01/09/2019,43.07,46.45,57.05,21.38,34.18,66.04,115.5,127.83,40.42,42.65,105.69,54.4131455399061,26.47,45.13,46.57,28.05,,69.72,41.93,70.145,26.665,49.66,107.49,67.91,114.55,99.68,150.94,62.48,61.0,259.62,56.55,72.23,94.89
31,01/09/2020,44.15,67.38,55.98,32.21,47.62,72.86,152.58,211.96,52.38,44.49,146.57,64.9201877934272,27.87,30.58,55.34,28.44,,90.79,54.19,81.12,32.125,50.57,134.79,88.28,157.58,103.61,193.59,84.63,54.96,379.41,89.21,54.68,117.36
32,01/09/2023,85.37,64.69,98.04,40.42,55.95,91.49,241.05,261.63,84.68,46.09,225.39,67.0234741784038,36.03,42.2,62.61,46.19,,98.66,67.24,84.61,50.575,45.98,179.33,102.3,209.69,160.33,215.51,79.2,50.21,257.15,65.71,36.35,144.95
33,01/10/2018,39.91,54.312,69.39,36.83,45.82,77.44,94.78,130.32,58.63,35.39,110.82,62.9295774647887,95.67,77.89,46.07,27.99,,57.87,42.63,50.79,31.795,70.29,117.48,105.63,87.1,124.16,219.36,61.35,85.21,257.92,81.0,74.08,99.67
34,01/10/2019,43.37,46.89,56.67,21.47,34.48,65.55,116.52,125.3,41.42,43.25,106.8,54.7323943661972,26.28,45.6,47.07,28.48,,69.86,42.34,70.44,26.63,48.86,108.15,68.15,115.39,101.48,159.93,63.26,62.86,262.62,57.56,72.48,94.96
35,01/10/2020,43.95,67.28,55.66,31.83,47.73,72.11,153.22,211.62,52.25,44.9,148.13,65.0422535211268,27.88,30.7,55.53,28.36,,90.48,54.25,82.115,32.67,50.22,134.53,87.46,156.89,104.38,188.38,84.92,55.07,378.7,91.92,54.22,116.38
36,01/10/2022,69.93,65.8,96.11,34.17,45.84,105.06,236.31,335.89,68.77,49.85,194.64,62.8920187793427,37.31,37.36,60.43,49.1,,68.54,67.03,94.62,46.365,50.54,174.17,100.28,237.35,143.28,247.08,79.31,49.29,323.52,90.77,53.73,144.61
37,01/10/2023,86.23,65.26,97.51,40.44,56,90.65,241.76,262.45,84.05,45.91,224.78,66.4319248826291,35.69,42.33,62.13,45.98,,98.05,67.31,84.37,50.265,45.99,177.85,102.19,212.68,159.02,220.0,79.96,50.86,259.48,65.58,36.7,144.86
38,01/11/2018,40.56,53.288,70.44,36.76,45.75,79.02,98.19,129.09,58.09,34.34,110.09,61.9530516431925,95.64,77.13,46.04,28.08,,58,42.51,50.5,31.98,70.29,116.88,104.86,87.04,123.15,219.05,61.22,84.49,260.66,79.96,75.38,100.02
39,01/11/2019,43.16,46.86,55.72,21.61,35.04,65.81,116.06,125.94,41.8,42.54,106.59,55.0046948356808,27,45.61,47.34,28.43,,69.47,42.23,70.06,27.185,48.9,108.16,69.5,114.81,102.19,159.21,63.04,63.34,255.99,57.83,71.71,94.84
40,01/11/2021,52.04,77.24,69.72,33.1,46.03,76.07,215.26,258.11,55.57,44.43,150.11,55.7464788732394,31.36,32.85,50.2,31.76,,76.01,57.09,93.63,46.47,41.35,142.09,82.31,220.3,114.1,226.88,77.55,49.68,403.86,64.77,47.7,147.29
41,01/11/2022,70.48,67.01,97.76,33.98,45.07,106.04,228.65,340.57,68.53,49.69,194.03,62.5164319248826,37.83,37.59,60.45,47.71,,69.33,67.26,95.21,47.29,49.48,174.09,100.99,238.37,142.11,252.69,78.43,49.25,330.2,90.99,54.33,144.2
42,01/11/2023,86.68,66.13,98.46,40.52,55.63,89.75,236.81,263.61,83.95,46.82,226.59,66.4976525821596,35.77,42.56,62.01,45.61,,97.24,67.57,83.52,50.845,45.82,178.05,102.06,214.53,157.88,222.64,80.6,50.92,239.77,65.81,37.12,146.13
43,01/12/2018,40.5,52.84,69.74,36.71,45.51,78.78,99.1,128.53,57.85,34.55,109.27,60.7417840375587,95.24,77.35,46.15,28.14,,58.28,42.47,50.505,31.885,69.61,117.38,104.5,87.78,123.43,217.52,61.38,84.88,263.18,79.9,76.07,100.87
44,01/12/2021,51.4,76.06,69.69,32.91,45.49,76.26,218.38,255.41,54.37,44.07,149.38,54.9859154929578,31.36,32.18,50.11,31.52,,75.08,57.32,92.45,46.995,40.93,141.43,81.07,216.88,111.23,228.09,78.37,51.85,397.06,64.01,47.96,148.97
45,01/12/2022,70.42,67.01,98.57,33.54,45.21,105.78,228.6,345.55,68.33,49.03,195.84,62.3286384976526,38.01,37.3,60.54,47.14,,68.83,67.37,95.37,46.99,49.49,173.9,101.44,244.17,140.83,248.12,78.19,48.58,334.66,90.75,53.91,143.44
46,01/12/2023,87.39,65.67,100.54,40.13,54.73,89.18,232.56,262.25,82.53,46.53,224.19,65.9530516431925,35.57,42.43,61.21,45.67,,97.06,66.76,80.97,50.02,45.4,175.78,101.44,214.0,155.35,223.19,80.25,50.33,238.54,64.83,36.66,144.81
47,01/13/2020,44.42,68.08,55.78,32.03,47.72,72.76,154.12,213.47,53.06,45.9,149.69,65.4553990610329,27.8,31.16,56.13,28.42,,91.23,54.59,82.65,32.765,50.76,136.53,87.82,158.27,105.24,188.44,83.72,55.39,378.18,93.46,54.06,115.88
48,01/13/2021,51.77,75.64,70.43,33.38,45.43,74.92,218.22,256.66,55.39,44.01,149.92,55.5305164319249,31.66,32.01,50.16,31.99,,76.69,57.37,93.26,45.935,41.09,142.59,81.21,216.48,111.55,224.57,76.14,52.29,397.75,64.09,48.94,147.45
49,01/13/2022,70.9,67.14,98.78,34.37,45.88,105.34,223.06,334.38,68.9,49.51,196.74,62.7605633802817,38.45,37.65,60.9,49.48,,69.04,67.64,95.51,47.185,50.31,174.18,102.1,251.7,143.0,247.03,80.42,50.28,329.86,93.21,54.19,145.47
50,01/13/2023,88.4,67.07,100.42,39.91,54.96,89.92,233.52,267.22,82.51,46.1,226.61,65.7276995305164,35.69,42.42,61.43,45.22,,98.16,67.06,81.1,51.04,45.62,175.24,101.7,218.1,154.43,225.0,80.33,50.76,240.98,64.98,36.78,145.29
51,01/14/2019,42.85,45.52,54.56,20.85,35.04,65.34,113.1,124.91,41.79,42.71,106.03,54.9671361502347,26.35,46.25,47.15,28.3,,67.64,42.48,69.695,27.075,48.26,107.32,69.62,113.58,102.63,160.86,62.95,62.36,249.94,57.77,70.65,94.95
52,01/14/2020,44.5,68.89,55.6,32.15,47.54,73.83,157.98,215.7,53,45.45,148.83,65.7276995305164,27.6,31.73,56,28.84,,90.67,54.19,83.445,32.79,50.87,136.85,87.58,158.32,104.4,190.83,82.4,55.95,383.14,91.94,54.62,116.18
53,01/14/2021,52.87,73.46,72.25,34.05,45.87,75.05,213.24,250.02,55.75,43.97,147.42,55.4460093896714,31.54,32.08,49.23,33.14,,78.14,57.31,91.62,45.68,41.11,141.76,81.18,213.28,112.55,223.9,75.51,53.5,387.66,64.76,49.32,146.97
54,01/14/2022,71.55,67.9,98.71,35.11,46.38,106.22,217.08,322.05,69.9,49.08,199.53,63.4084507042254,39.28,38.02,61.39,49.12,,68.93,68.1,96.35,44.955,50.81,175.64,103.38,252.16,145.15,248.64,79.79,51.69,325.75,93.76,54.3,145.06
55,01/15/2019,43.48,46,53.23,21.12,35.53,63.74,112.17,125.08,41.9,43.49,107.73,55.6901408450704,26.57,46.91,47.57,28.62,,68.9,42.94,70.395,27.38,47.91,108.99,70.5,115.67,103.17,160.53,62.72,62.43,256.11,58.59,71.79,96.25
56,01/15/2020,44.39,69.7,55.38,31.93,47.78,75.27,156.59,218.49,53.37,45.3,148.51,65.981220657277,27.86,31.6,56.7,28.29,,90.88,54.74,83.805,32.94,51.25,139.2,88.32,158.72,104.55,190.85,82.65,55.92,380.4,90.79,54.43,115.28
57,01/15/2021,52.2,73.9,70.66,33.86,46.42,76.26,211.44,249.13,56.24,44.87,148.46,55.4272300469484,31.86,31.99,48.7,33.7,,78.5,57.22,93.43,45.825,41.2,141.39,80.94,211.62,114.09,219.99,75.57,52.54,388.37,64.75,48.92,144.64
58,01/16/2018,40.78,53.12,70.18,36.77,46.44,79.44,98.44,128.66,58.43,34.72,108.29,61.9154929577465,94.91,78.64,46.53,28.25,,58.52,42.99,50.645,32.28,68.92,117.86,104.87,87.86,124.01,217.76,61.72,84.72,262.93,78.67,76.03,100.69
59,01/16/2019,43.3,45.36,52.37,21.17,35.28,63.92,112.21,125.17,42.27,42.84,106.7,55.5117370892019,26.27,46.84,46.92,28.7,,70.18,42.67,69.785,26.905,47.2,108.34,70.75,116.89,103.23,159.88,62.25,61.26,248.64,58.5,72.0,96.35
60,01/16/2020,45.34,70.81,56.32,32.3,48.09,76.05,158.27,217.94,53.72,46.02,148.97,66.4225352112676,27.62,31.73,56.82,28.08,,91,55.19,83.575,33.55,51.09,139.61,88.56,160.73,104.99,190.86,82.66,56.57,384.38,90.02,54.42,115.9
61,01/17/2018,40.91,54.576,70.45,37.26,46.96,79.5,100.5,132.06,59.12,34.92,108.93,62.4507042253521,95.9,80.07,46.82,28.67,,59.34,43.86,51.325,33.535,70.15,119.18,105.79,88.73,125.84,219.22,62.2,84.68,272.31,79.25,75.78,102.7
62,01/17/2019,43.41,45.45,52.34,21.24,35.78,63.37,112.27,125.43,42.97,43.35,107.78,55.6619718309859,26.28,47.08,47.06,28.93,,70.9,43.04,70.24,27.135,47.06,109.22,72.52,117.41,104.18,160.36,62.24,61.78,254.7,59.39,71.99,96.74
63,01/17/2020,45.25,70.74,56.06,33.33,48.02,76.02,157.99,219.88,53.85,46.3,150.85,66.5539906103286,27.67,31.03,56.94,28.15,,90.5,55.16,84.34,33.655,51.02,141.26,88.69,160.57,106.39,189.95,82.82,56.57,383.73,89.86,54.41,114.96
64,01/17/2023,88.09,68,101.2,40.03,54.66,89.37,232.07,267.04,81.86,46.35,226.16,65.4647887323944,35.73,42.33,61.68,46.18,,99.99,67.02,81.1,51.085,45.16,176.06,101.23,225.38,155.47,223.78,79.87,50.38,241.1,65.36,36.33,144.41
65,01/18/2018,40.48,54.12,69.64,37.16,46.25,79.35,101.03,130.98,58.66,34.25,107.79,61.7840375586854,95.32,79.27,46.88,29.06,,59.03,43.68,51.455,33.235,70.03,119.05,105.07,88.79,125.68,217.29,62.22,83.25,275.3,78.88,76.0,104.3
66,01/18/2019,44.26,45.91,53.03,21.57,35.49,65.52,113.53,127.54,43.47,43.84,108.14,55.8028169014085,26.67,47.53,47.61,29.43,,70.88,43.36,69.72,27.79,48.31,110.07,73.79,117.84,104.79,164.15,62.68,63.62,257.92,60.96,72.43,97.73
67,01/18/2022,71.27,66.53,98.09,35.3,46.29,104.51,213.11,310.95,69.26,49.23,198.32,62.9014084507042,38.15,37.43,60.9,48.59,,67.72,67.37,97.47,43.35,50.46,173.96,101.73,240.69,145.35,243.44,78.92,51.65,325.7,93.72,53.52,142.52
68,01/18/2023,85,66.69,97.89,38.45,52.58,88.2,226.23,263.25,78.41,44.46,216.77,63.2206572769953,34.93,39.66,59.81,45.26,,97.09,64.57,77.17,50.37,44.01,171.62,99.26,225.97,150.18,219.6,77.3,49.03,236.44,63.87,35.61,140.84
69,01/19/2018,40.96,54,77.56,37.77,47.39,79.86,101.98,134.45,59.11,34.76,109.37,62.5539906103286,96.35,79.66,47.16,29.72,,60.04,44.14,49.595,33.43,71.12,120.17,108.92,88.68,127.53,218.28,63.21,83.77,276.42,80.19,76.47,104.59
70,01/19/2021,53.1,74.23,70.65,33.63,46.38,75.4,206.06,248.44,55.67,44.75,148.75,54.8920187793427,31.82,32.36,48.51,33.62,,77.09,57.14,93.01,45.04,41.23,142.06,81.9,214.9,115.65,222.91,74.87,52.03,385.83,63.9,48.15,143.39
71,01/19/2022,71,66.77,96.76,35.56,46.04,103.45,219.94,309.52,69.15,49.15,199.64,62.5352112676056,38.38,37.22,61,48.58,,67.03,67.6,96.06,43.365,50.09,175.21,101.49,241.39,143.4,242.81,77.69,50.24,332.86,92.71,53.53,143.94
72,01/19/2023,85.31,65.9,98.39,38.27,52.39,87.48,224.47,259.51,77.45,44.46,216.12,63.2018779342723,34.36,40.04,59.72,44,,95.64,63.84,76.65,49.93,44.54,169.63,101.19,229.3,150.06,216.59,76.97,49.59,235.2,63.49,35.41,138.83
73,01/20/2021,53.5,73.34,70.91,33.76,46.04,75.25,205.12,255.22,55.34,44.73,149.63,54.1220657276995,31.95,32.86,48.68,33.07,,77.37,57.1,91.75,44.805,42.1,141.33,81.7,217.96,114.23,227.51,77.02,51.14,393.29,66.25,48.09,145.51
74,01/20/2022,68.89,66.29,94.76,35.45,44.83,102.39,212.1,301.06,68.48,48.92,199.16,62.093896713615,38.11,37.06,60.75,47.27,,65.33,67.76,95.34,43.185,50.33,173.94,102.02,237.96,141.14,243.4,78.03,49.37,324.83,90.46,53.18,141.22
75,01/20/2023,84.75,66.25,97.43,37.98,52.04,87,230.61,267.56,77.46,44.58,214.52,63.3802816901408,34.71,39.88,60.08,44.45,,96.56,64.04,77.44,50,44.94,169.88,101.82,234.73,148.93,220.88,77.83,49.98,235.69,64.7,35.88,140.54
76,01/21/2020,45.12,71.03,56.41,32.76,48.56,74.59,157.54,217.73,54.34,46.95,152.83,66.2910798122066,27.1,31.01,57.17,28.41,,91.2,55.54,85.575,33.41,51.09,141.86,88.87,161.94,107.8,190.23,83.23,56.5,383.94,87.47,53.87,115.59
77,01/21/2021,52.79,73.19,68.68,34.06,46.62,74.08,207.72,255.27,55.29,45.25,148.98,54.3568075117371,31.54,32.78,48.95,33.21,,77.07,56.12,91.46,44.6,41.94,139.61,81.33,217.07,113.42,228.69,76.83,50.65,388.72,65.9,47.07,144.85
78,01/21/2022,68.94,65.78,94.33,35.25,45.3,101.56,210.18,297.02,69.03,49.13,200.35,62.5446009389671,37.83,37,60.45,46.92,,64.81,68.36,95.71,42.81,50.32,174.22,102.92,235.16,143.22,241.01,77.41,48.62,323.2,89.93,52.5,140.19
79,01/22/2018,42.75,54.112,82.11,37.77,47.65,80.95,102.27,134.87,59.77,34.88,109.96,63.0704225352113,96.76,80.17,47.38,29.63,,60.3,44.28,49.565,33.885,71.28,121.51,108.81,87.51,127.38,219.32,63.59,84.06,274.75,80.89,77.4,105.45
80,01/22/2019,43.56,45.84,51.89,21.45,35.39,64.92,112.9,125.76,43.24,42.87,108.31,55.1173708920188,26.55,47.28,47.72,29.32,,70.75,43.13,69.4,27.74,44.97,109.91,72.81,117.47,104.99,164.73,62.66,64.1,257.53,60.07,71.59,97.49
81,01/22/2020,44.93,71.77,55.88,32.29,48.57,74.01,154.5,212.64,53.98,46.57,152.44,65.9718309859155,28.03,30.67,57.61,28.37,,91.19,55.47,86.265,33.745,51.03,143.38,88.98,164.38,106.99,191.94,83.14,56.48,386.35,87.61,53.42,116.1
82,01/22/2021,52.82,72.84,68.6,34.38,46.58,74.12,206.21,249.83,55.97,45.41,148.2,54.7417840375587,31.47,32.91,48.49,33.56,,78.15,56.25,91.87,44.1,41.83,138.59,80.68,215.52,114.24,226.91,75.19,50.52,386.44,66.52,47.45,146.33
83,01/23/2018,42.61,54.896,80.57,37.72,47.57,80.44,103.17,136.72,59.79,34.94,110.81,62.8450704225352,96.73,80.27,47.45,29.31,,60.32,44.5,49.445,34.225,71.45,121.3,109.53,100.35,128.04,220.78,63.34,83.26,273.9,81.13,77.02,105.9
84,01/23/2019,43.71,46.65,52.67,21.47,35.38,66.11,113.59,126.89,44.01,42.72,108.56,55.5211267605634,26.51,47.06,48.27,29.24,,72.73,43.51,69.5,27.59,44.7,110.73,74.0,117.22,104.19,165.59,62.89,64.42,260.58,60.5,71.71,98.71
85,01/23/2020,44.97,71.9,55.6,32.69,48.96,73.53,155.14,208.87,54.24,46.99,153.83,66.1408450704225,27.77,30.68,57.83,28.44,,90.89,55.44,86.385,33.885,50.56,143.65,87.08,161.39,108.38,193.97,83.59,56.74,384.82,87.96,53.3,115.81
86,01/23/2023,84.35,66.51,95.65,37.43,51.58,87.2,231.07,274.49,77.4,44.65,217.04,63.1830985915493,34.69,40.26,60.23,44.7,,96.13,64.36,78.65,50.055,44.81,169.12,101.15,236.53,147.7,224.0,79.25,50.09,238.28,66.15,36.67,142.64
87,01/24/2018,42.84,55.072,80.03,37.6,47.1,80.92,102.69,136.25,59.72,34.39,110.31,63.1924882629108,95.96,79.86,47.83,29.48,,59.87,44.59,50.045,34.14,71.56,121.14,110.6,100.22,126.94,222.03,63.73,83.89,275.08,79.78,77.33,105.79
88,01/24/2019,43.67,45.61,53.09,21.15,34.72,64.98,113.75,125.23,43.52,41.58,105.37,54.1408450704225,26.37,46.54,47.69,28.71,,71.36,43.03,62.175,27.68,43.33,109.5,71.55,117.3,101.77,164.79,62.53,63.39,266.0,60.09,71.32,98.36
89,01/24/2020,44.3,71.79,54.32,32.28,48.79,71.43,154.34,205.34,53.71,47.23,154.68,65.1079812206573,28.04,30.41,57.68,28.19,,90.69,55.09,86.335,33.55,50.25,142.92,86.15,162.39,107.67,191.56,82.63,56.12,380.02,85.93,52.04,114.37
90,01/24/2022,68.59,66.17,93.69,35.31,45.32,103.51,216.58,301.79,68.55,49.01,199.92,62.1596244131455,38.17,36.39,59.96,47.72,,64.86,67.61,94.17,44.07,49.95,173.33,100.58,238.52,142.02,240.06,77.17,49.86,317.29,90.65,52.38,140.2
91,01/24/2023,85.77,67.16,96.57,37.26,51.4,86.02,234.12,277.16,77.01,44.6,220.29,63.5399061032864,34.98,39.82,60.55,44.26,,96.98,64.84,78.6,51.51,44.78,170.69,101.3,233.62,149.6,227.5,78.11,51.47,235.62,65.24,35.9,143.02
92,01/25/2018,42.89,54.92,80,38.04,47.46,81.58,103.75,137.17,60.14,34.59,111.23,63.7652582159624,95.69,79.67,47.84,30.26,,59.24,44.47,52.545,33.9,69.91,120.9,107.49,101.62,129.55,221.31,63.99,83.79,278.15,79.8,78.27,106.6
93,01/25/2019,43.72,45.5,53.29,21.01,34.24,65.45,114.2,128.07,43.29,41.46,104.3,54.2535211267606,26.3,46.75,47.37,28.12,,71.1,42.72,60.68,27.925,44.24,109.35,72.73,94.56,101.44,166.8,62.02,64.4,268.83,60.72,71.89,96.94
94,01/25/2021,53.09,71.97,67.72,34.96,48,73.21,206.57,250.02,57.9,47.04,147.53,56.1877934272301,32.03,33.75,48.78,34.57,,78.03,56.87,94.55,44.23,41.96,140.18,81.34,221.68,118.94,222.17,73.0,51.65,382.14,66.6,47.82,146.2
95,01/25/2022,68.37,66.34,94.69,35.04,44.39,103.1,212.01,294.21,68.34,48.21,194.77,62.150234741784,38.08,36.21,59.82,45.08,,64,66.98,93.02,43.165,50.03,171.34,102.14,232.17,139.4,236.47,77.07,50.22,304.42,90.29,50.99,137.15
96,01/25/2023,85.57,68.35,96.88,37.14,51.66,85.75,238.42,273.94,77.87,44.76,220.99,63.868544600939,34.96,39.95,60.93,44.9,,97.76,65,77.98,51.76,44.93,171.93,103.42,231.16,150.13,228.93,79.15,52.92,240.36,65.81,36.28,142.34
97,01/26/2018,43.59,55.664,81.8,38.5,47.34,82.01,105.3,137.71,60.2,34.66,111.07,64.1596244131455,95.65,79.39,48.53,30.88,,59.8,44.42,53.725,34.455,71.02,121.76,110.19,102.8,131.06,223.64,64.12,84.39,284.59,80.17,79.15,108.39
98,01/26/2021,52.18,73.19,66.65,35.49,49.95,74.23,206.12,245.31,59.13,48.52,149.52,57.2018779342723,32.63,34.39,49.29,37.07,,76.93,57.59,96.09,44.4,42.23,141.8,81.99,222.28,124.09,219.85,74.17,53.33,382.8,66.57,49.19,147.51
99,01/26/2022,72.27,66.5,96.29,34.84,43.53,104.86,204.71,292.57,67.8,46.56,194.13,60.8450704225352,37.41,36.04,59.6,44.38,,63.72,66.62,91.94,42.295,49.47,169.53,101.38,231.04,137.38,234.33,77.06,48.38,298.74,90.58,49.76,135.75
100,01/26/2023,84.9,67.16,99.75,36.84,50.67,87.66,237.14,273.22,76.8,44.76,220.01,63.3990610328638,34.93,39.66,60.81,44.46,,98.75,64.52,73.46,51.955,44.29,170.22,104.32,232.17,150.08,228.5,78.34,52.77,241.01,65.49,36.5,142.21
101,01/27/2020,43.53,70.48,51.84,32.53,48.77,70.97,155.86,196.99,53.22,46.82,152.85,64.8169014084507,28.03,30.35,57.48,28.33,,90.43,54.69,86.355,33.3,49.77,142.14,84.71,160.62,107.19,190.9,82.34,55.94,378.52,84.15,52.23,115.86
102,01/27/2021,49.58,73.35,63.91,35.77,52.71,72.42,199.63,235.85,60.4,50.5,146.19,58.5539906103286,33.2,34.74,48.53,38.75,,73.38,56.42,94.07,42.965,41.82,138.04,79.8,214.06,128.18,213.32,72.02,54.99,372.25,64.78,51.18,143.84
103,01/27/2022,74.2,66.09,96.59,35.37,44.21,106.79,205.34,298.19,68.35,46.76,194.37,61.1924882629108,37.6,36.09,59.65,45.4,,63.59,67.47,98.2,41.585,50.34,169.37,102.25,224.89,138.99,234.77,76.66,48.16,295.56,90.02,50.0,135.84
104,01/27/2023,83.63,66.84,97.6,36.46,51.13,87.78,236.11,270.79,77.89,44.89,218.76,63.4741784037559,34.7,39.69,60.49,45.05,,98.31,64.72,74.44,51.395,44.14,169.62,103.76,224.59,150.02,228.79,77.89,51.3,243.86,65.72,37.17,143.3
105,01/28/2019,44.17,45.41,53.93,21.29,34.61,65.24,114.12,131.98,43.55,41.84,104.95,54.5727699530516,26.3,46.9,47.17,28.22,,71.4,43.12,60.925,27.78,45.3,108.82,74.35,91.56,102.87,167.9,62.27,64.15,267.86,61.8,71.58,97.06
106,01/28/2020,43.92,70.47,51.61,33.32,48.88,71.82,156.66,197.11,53.01,47.05,152.19,64.7699530516432,28.54,30.13,57.01,28.33,,91.66,54.85,83.03,33.44,50.17,142.44,84.68,163.3,106.27,192.75,82.67,56.09,380.38,84.57,52.78,116.6
107,01/28/2021,51.01,74.13,66.65,34.7,48.75,72.61,199.05,245.08,59.36,47.96,148.21,56.4976525821596,32.42,33.96,49.15,35.38,,76.91,57.12,91.02,44.365,42.65,139.19,81.28,215.93,118.25,216.85,74.15,51.98,381.5,64.96,50.68,143.75
108,01/28/2022,75.92,67.25,98.19,35.34,44.22,109.27,204.33,303.79,69.38,47.23,196.83,61.2769953051643,37.64,36.05,60.84,43.47,,64.04,66.42,98.23,42.655,50.48,172.67,103.52,216.12,140.52,236.05,77.63,48.21,299.85,91.3,50.46,137.52
109,01/29/2018,43.11,54.848,80.86,38.21,46.95,83.63,105.34,136.6,59.58,34.64,109.67,63.6244131455399,117.07,78.42,47.7,31.34,,59.09,44.54,53.89,34.145,69.83,119.67,108.61,102.82,129.42,220.74,63.39,83.48,287.65,78.91,80.27,109.55
110,01/29/2019,44.21,45.75,53.71,21.39,34.49,65.54,114.8,130.4,43.58,41.75,105.01,54.6760563380282,26.47,46.88,47.4,28.08,,72.44,43.43,60.595,27.74,45.91,109,74.41,92.04,103.25,168.15,62.05,64.75,267.87,61.78,71.5,96.71
111,01/29/2020,43.68,69.38,51.05,33.2,48.34,70.55,155.75,198.73,53.03,47.32,151.15,64.2535211267606,28.55,29.62,57.01,27.45,,92.05,54.56,83.705,33.275,50.11,141.73,83.96,165.84,105.18,192.58,81.89,56.3,379.38,84.41,52.28,115.89
112,01/29/2021,50.01,71.67,65.44,34.6,48.11,71.65,194.61,236.65,58.1,46.86,145.44,55.3427230046948,31.8,33.51,48.15,34.5,,74.7,55.44,89.54,43.415,41.08,136.57,79.65,201.57,116.41,210.93,71.51,50.16,377.63,64.31,50.25,140.49
113,01/30/2018,42.48,54.92,79.95,37.86,46.4,80.19,104.23,136.63,58.58,34.7,109.53,63.793427230047,119,78.5,47.41,30.83,,58.25,44.34,53.985,33.95,69.82,119.89,107.94,100.67,127.46,220.05,63.3,83.48,281.56,78.89,76.13,107.73
114,01/30/2019,44.69,46.53,54.41,21.44,34.89,65.96,115.28,134.38,43.71,41.53,105.58,54.3004694835681,26.58,46.75,47.86,28.26,,72.58,43.81,61.31,28.11,47.8,110.82,74.48,93.74,103.48,170.61,62.9,65.33,272.64,62.16,71.61,94.8
115,01/30/2020,45.8,68.82,52.47,33.25,49.03,69.71,156.99,198.67,53.73,47.88,158.14,64.6760563380282,28.66,29.94,58.86,27.55,,92.12,58.8,82.755,33.505,48,143.83,84.33,165.44,105.82,190.79,82.84,56.26,380.5,84.75,51.95,116.58
116,01/30/2023,82.25,66,97.07,36.97,51.9,87.05,232.89,271.21,78.21,44.78,223.19,63.9342723004695,34.72,40.37,60.64,44.21,,98.55,64.84,74.68,51.185,44.5,169.48,103.83,222.71,151.6,226.36,78.1,51.23,241.04,64.1,36.53,142.15
117,01/31/2018,42.95,55.44,79.43,38,46.55,78.69,103.12,134.96,58.49,34.33,110.33,63.9530516431925,119.35,78.39,47.59,30.36,,58.6,44.4,54.385,34.115,70.34,120.3,107.23,100.79,126.89,219.47,62.87,84.02,277.75,76.11,75.26,106.6
118,01/31/2019,44.9,47.25,55.07,21.64,35.43,65.55,115.43,136.42,44.44,42.32,106.1,55.4084507042254,27.22,48.06,48.13,28.33,,72.3,46.26,61.82,28.62,49.35,112.67,76.72,95.17,104.88,173.66,63.85,66.61,273.5,61.92,72.26,95.83
119,01/31/2020,44.76,67.64,52.43,32.92,48.39,67.82,153.41,195.16,52.22,47.26,155.17,64.0469483568075,28.53,29.2,58.4,26.86,,91.31,57.38,81.685,33.3,47.53,142.02,82.7,158.97,103.61,188.3,82.14,55.58,371.51,82.63,50.85,114.49
120,01/31/2022,75,67.43,98.86,34.76,44.12,106.51,208.48,311.79,68.68,47.47,197.07,59.1549295774648,37.95,35.8,61.01,43.59,,64.21,67.03,100.31,43.36,50.88,173.52,102.85,228.6,140.58,237.75,78.15,47.66,310.19,90.89,49.76,139.81
121,01/31/2023,82.85,66.58,99.1,37.19,51.93,88.22,233.6,277.08,78.36,45.31,224.6,64.3943661971831,35.28,40.53,61.32,44.63,,99.89,65.44,75.12,52.04,45.04,171.02,104.24,228.37,152.8,231.52,77.46,52.58,243.42,65.75,36.86,143.87
122,02/01/2018,42.46,55.024,79.66,37.61,46.78,78.79,102.28,134.56,57.88,34.08,103.77,64.150234741784,120.1,78.57,47.45,30.21,,57.4,45.87,53.76,33.965,69.93,120.3,105.17,99.65,126.03,220.69,61.99,83.55,278.68,75.76,76.06,105.52
123,02/01/2019,44.89,47.55,54.96,21.4,35.01,65.22,115.04,136.72,44.24,42,104.78,55.1173708920188,27.21,47.76,48.7,28.07,,72.4,45.57,61.53,28.975,49.2,112.19,75.73,93.62,103.83,173.75,63.57,66.0,271.7,61.92,71.88,93.86
124,02/01/2021,50.48,72.16,67.27,34.2,48.03,71.46,192.75,241.85,57.55,46.92,145.11,55.2300469483568,31.92,33.25,48.48,33.7,,75.6,55.25,89.18,44.125,40.77,136.98,79.06,202.67,115.33,215.06,71.57,49.51,379.33,64.19,48.83,139.27
125,02/01/2022,75.53,67.49,99.99,34.97,44.15,106.27,209.12,315.02,68.25,47.11,195.73,59.3708920187793,38.14,36.13,60.56,44.13,,64.59,66.68,100.49,43.235,50.64,172.34,103.25,232.16,138.5,235.66,79.46,48.24,309.5,91.06,49.75,140.91
126,02/01/2023,83.37,67.18,100.12,36.91,51.67,87.49,235.61,280.8,77.99,45.34,225.3,64.093896713615,35.34,40.54,61.33,45.18,,99.6,66.73,75.62,52.02,47.54,171.56,105.39,229.02,152.08,233.59,77.92,53.31,250.18,65.13,37.18,144.67
127,02/02/2018,41.43,53.6,78.6,36.71,44.6,76.45,99.44,134.39,55.95,33.65,102.97,61.4553990610329,118.71,77.19,46.73,29.34,,56.79,45.5,51.78,33.315,69.4,118.67,103.44,96.97,120.12,215.89,61.18,81.06,272.36,74.49,73.56,104.48
128,02/02/2021,50.94,72.96,69.5,34.67,47.26,71.83,195.35,246.86,57.62,48.75,147.12,54.8826291079812,31.99,33.16,48.96,33.1,,77.84,56.16,89.48,45.22,41.57,138.38,79.27,206.67,114.77,217.73,73.03,48.89,391.4,64.22,48.44,140.77
129,02/02/2022,76.69,68.38,100.66,35.24,44.54,108.9,206.69,319.17,68.77,47.58,198.54,59.5211267605634,38.77,36.38,61.18,44.1,,64.29,67.9,101.66,43.605,50.5,175.47,103.9,237.2,139.58,240.44,79.99,48.51,308.89,91.37,50.41,140.85
130,02/02/2023,82.31,66.84,98.71,36.26,50.38,86.18,231.31,268.41,75.9,45.34,234.42,63.5023474178404,35.21,39.99,60.28,44.97,,97.08,66.66,74.97,51.29,46.97,169.97,103.51,226.61,149.85,232.45,77.13,54.18,262.22,65.13,37.71,143.62
131,02/03/2020,44.96,68.74,52.99,32.94,48.87,66.93,154.77,196.2,52.99,47.43,154.65,64.6384976525822,28.68,29.15,58.58,26.98,,91.75,57.55,81.58,33.71,46.26,142.51,83.0,163.14,104.17,189.12,76.68,56.31,373.67,83.27,50.95,114.27
132,02/03/2021,51.44,73.03,70.5,34.62,47.12,73.24,195.78,248.62,56.82,47.88,146.58,54.4694835680751,31.92,33.01,48.77,33.96,,78.54,55.28,88.72,45.205,42,138.02,80.23,203.21,114.48,216.3,76.4,49.37,389.27,65.47,48.9,141.2
133,02/03/2022,75.67,68.04,98.79,35.27,44.6,108.72,205.37,303.12,69.05,47.8,203.92,59.5962441314554,38.75,35.84,61.61,45.11,,63.97,67.94,102.9,43.04,50.42,175.37,103.81,237.01,140.38,237.86,79.23,48.82,310.92,90.32,49.5,140.99
134,02/03/2023,82.28,66.84,98.08,36.45,50.88,85.77,228.09,269.54,75.48,45.24,236.28,63.4835680751174,35.15,39.38,59.83,44.42,,98.12,65.91,74.54,50.9,46.91,169.12,102.59,224.6,149.97,230.82,76.72,53.62,258.47,64.03,37.09,141.71
135,02/04/2019,44.49,47.41,54.11,21.67,35.01,65.91,116.64,136.17,43.83,42.04,105.73,55.3239436619718,27.17,47.73,49.25,28.12,,71.3,46.11,60.89,29.09,49.11,113.09,76.05,94.33,104.94,172.81,66.64,65.85,272.19,61.78,71.46,94.77
136,02/04/2020,45.37,69.81,52.98,31.92,48.66,67.88,155.99,200.42,52.55,47.55,152.44,64.4882629107981,28.67,29.15,58.84,27.39,,92.28,57.43,80.35,34.44,46.52,143.22,83.6,166.85,104.59,192.89,75.06,56.91,383.27,83.89,52.34,115.27
137,02/04/2021,52.52,73.68,71.58,34.59,46.93,73,195.72,253.05,56.9,49.02,147.22,54.3380281690141,32.3,32.92,49.01,33.45,,79.22,56,88.88,45.735,42.53,139.68,83.63,204.06,114.09,223.51,76.52,49.06,398.66,66.22,49.27,142.53
138,02/04/2022,75.71,67.15,98.1,34.73,43.09,108.49,202.36,313.35,67.92,46.98,202.78,57.8215962441315,38.24,34.75,60.96,44.77,,62.75,67.02,101.73,42.145,50.19,172.49,103.59,239.01,136.87,237.33,78.76,47.71,313.29,88.29,48.6,139.33
139,02/05/2018,40.6,51.712,80.89,35.65,44.22,73.32,95.8,134.3,54.01,32.49,100.17,60.2159624413146,118.33,74.26,44.89,28.47,,56.34,43.94,50.765,31.925,66.04,114.46,98.69,93.33,116.63,211.0,57.48,77.68,261.45,73.23,70.43,100.09
140,02/05/2019,41.85,47.63,53.99,22.09,34.96,65.67,116.04,152.02,44.61,42.16,106.1,55.5305164319249,27.11,48.14,49.26,28.3,,71.64,45.98,62.395,28.805,49.04,112.9,75.81,95.16,105.37,174.72,65.35,66.51,273.41,61.69,71.31,95.6
141,02/05/2020,46.07,69.04,54.36,32.67,49,70.54,157.26,201.32,52.56,47.39,152.88,65.1267605633803,28.69,29.37,58.85,28.08,,92.58,57.92,81.005,34.475,46.28,144.3,83.94,167.74,107.4,197.14,75.7,58.02,385.47,84.11,52.98,116.81
142,02/05/2021,53.3,74.56,73.09,34.62,47.5,72.18,193.82,272.81,57.4,49.06,146.6,54.4882629107981,32.53,33.8,49.65,33.15,,79.5,56.21,90.29,45.55,42.47,140.96,84.28,202.17,114.46,227.93,77.08,48.98,398.77,66.18,49.81,144.36
143,02/06/2018,42,52.008,82.55,35.71,45.14,74.02,97.6,137.22,55.78,32.74,101.29,61.1830985915493,118.35,74.31,44.67,29.07,,55.8,44.55,51.23,32.105,66.53,113.56,100.33,95.05,119.92,216.29,59.64,77.98,261.95,74.19,71.79,100.9
144,02/06/2019,41.87,47.55,54.23,21.92,34.19,66.03,116.35,150.25,43.85,42.11,106.14,55.5492957746479,27.12,47.69,49.26,28.29,,71.31,46.2,61.58,28.68,49.27,113.05,75.51,95.59,105.26,172.29,65.33,65.67,272.55,60.9,71.47,95.64
145,02/06/2020,45.98,69.26,53.64,32.09,48.16,70.84,155.47,211.53,51.71,46.89,154.34,59.5868544600939,28.56,29.06,58.99,28.05,,93.17,58.42,81.06,34.725,46.66,144.33,86.18,170.51,107.77,199.8,76.62,57.5,381.41,79.77,53.49,116.31
146,02/06/2023,82.56,66.65,99.58,36.91,52.08,85.25,228.34,261.17,77.18,45.64,240.53,64.7981220657277,35.22,39.93,60.17,44.54,,99.14,66.17,75.32,51.41,46.96,171.82,101.81,221.46,151.63,231.99,76.91,53.58,253.41,61.08,36.28,140.68
147,02/07/2018,42.19,52.064,81.34,35.89,44.8,74.35,97.88,134.71,54.65,32.74,99.04,60.2910798122066,118,73.55,44.56,28.9,,56.93,44.05,51.33,32.275,66.79,113.5,98.88,92.59,119.83,214.15,58.43,76.16,263.09,73.38,71.53,102.85
148,02/07/2019,41.4,48.11,53.61,22.22,34.2,65.75,117.37,152.31,43.86,42.48,106.96,52.4319248826291,27.17,47.23,49.42,28.18,,70.61,46.5,62.425,28.715,48.72,113.09,76.73,95.72,103.83,174.05,65.11,65.57,270.89,60.12,71.2,96.73
149,02/07/2020,45.71,68.8,54.08,31.95,48.88,71.56,154.97,208.96,51.9,47.09,156.05,60.2535211267606,28.57,29.54,59.19,27.96,,94.45,58.66,81.555,34.455,46.22,145.37,87.45,171.46,108.23,200.34,77.36,57.78,375.07,80.35,53.24,116.45
150,02/07/2022,75.98,67.18,98.92,34.98,43.54,109.41,200.59,314.43,68.14,47.46,204.71,58,38.57,34.72,61.6,44.67,,64.27,67.48,101.89,42.27,50.39,171.81,103.58,237.55,137.1,237.62,79.92,47.44,313.74,99.09,49.09,137.96
151,02/07/2023,82.66,65.79,98.96,36.26,51.3,85.98,228.39,261.01,76.31,45.18,237.11,63.849765258216,35.2,39.54,60.07,44.47,,99.06,65.08,74.58,51.255,46.56,171.56,102.2,224.45,150.0,230.29,77.26,52.3,257.5,61.41,36.74,140.98
152,02/08/2018,41.35,50.664,79.96,35.49,44.83,70.55,95.1,131.46,53.99,32.21,97.65,61.9530516431925,116.93,71.58,43.1,27.57,,54.73,42.68,50.68,30.995,64.05,110.15,100.39,89.26,118.37,208.73,57.0,74.51,249.14,73.92,68.22,100.02
153,02/08/2019,41.76,48.12,53.03,22.19,34.29,65.01,116.32,154.71,43.95,42.94,108.42,51.981220657277,27.78,47.46,49.5,27.83,,70.62,46.9,63.345,28.945,48.84,113.02,79.98,96.81,103.61,175.22,66.2,64.94,274.14,59.29,70.12,95.58
154,02/08/2021,53.65,75.89,74.11,34.8,47.12,72.98,198.38,280.54,57.7,49.8,149.33,54.2159624413146,32.1,33.91,49.92,33.28,,79.71,56.02,90.83,45.44,42.97,140.4,85.99,201.55,115.12,228.63,76.92,48.72,398.63,67.95,49.93,145.03
155,02/08/2022,76.69,67.46,100.96,35.25,43.62,110.83,202.77,315.08,68.43,47.58,207,57.9342723004695,38.85,34.94,62,45.5,,64.71,68.05,102.44,42.36,50.42,172.02,103.85,241.05,136.49,238.9,81.34,48.4,322.77,98.71,49.79,137.99
156,02/08/2023,81.6,65.03,98.19,36.29,50.9,88.96,227.64,259.19,75.74,44.62,234.84,63.0985915492958,34.87,39.07,59.72,44.27,,98.99,64.79,73.79,51.045,46.5,171.16,101.29,220.96,148.89,230.13,76.22,51.41,253.95,59.98,36.56,140.22
157,02/09/2018,41.49,52.296,80.75,35.56,45.73,69.39,98.26,134.75,54.72,32.81,99.67,63.2206572769953,116.71,71.38,43.13,27.66,,54.46,42.14,50.92,31.445,64.03,111.18,99.94,91.05,119.52,210.26,58.33,74.21,252.75,74.87,68.46,99.37
158,02/09/2021,54.48,76.59,75.43,34.78,47,73.49,203.49,279.35,57.67,49.48,149.62,54.1220657276995,32.4,33.71,49.7,33.59,,78.77,55.5,90.77,45.255,43.36,139.6,85.63,199.86,115.35,233.8,76.21,48.66,400.28,69.5,50.0,145.83
159,02/09/2022,77.28,67.96,99.6,35.19,43.46,104.79,205.79,320.04,68.17,48.01,203.64,57.8967136150235,38.68,34.95,61.04,45.15,,66.58,67.96,102.3,43.145,50.6,171.94,104.1,246.48,136.55,240.71,81.39,49.1,332.15,98.72,49.99,137.69
160,02/09/2023,80.6,64.55,96.1,35.96,50.51,90.07,229,252.51,75.22,44.53,235.15,63.0328638497653,34.87,38.89,59.62,44.09,,98.12,64.29,73.42,51.425,46.33,172.78,102.02,215.11,146.08,226.88,76.46,51.22,248.47,60.64,35.81,141.52
161,02/10/2020,45.68,69.3,54.67,32.24,48.7,73.25,155.59,208.68,52.36,47.33,156.99,61.3521126760563,28.71,29.69,59.75,28.14,,94.58,58.97,81.805,34.585,46.2,145.66,88.75,173.19,109.89,200.07,76.96,57.84,376.8,81.58,53.42,115.25
162,02/10/2021,54.46,76.89,74.69,35.32,47.55,73.83,201.32,284.4,58.09,49.83,150,54.5633802816901,32.03,33.89,49.6,33.61,,77.08,55.25,90.8,45.225,43.55,137.7,85.94,200.4,115.8,240.34,76.14,48.98,403.21,69.28,51.61,144.13
163,02/10/2022,76.44,67.28,99.06,34.92,43.19,105.32,202.1,315.61,67.08,47.13,203.42,59.6995305164319,38.28,34.29,61.38,45.17,,66.22,66.77,100.44,41.915,50.18,168.37,105.07,244.35,133.59,237.3,82.94,49.23,324.41,97.88,49.22,136.08
164,02/10/2023,82.09,65.01,98.89,36.37,51.43,89.66,229.59,250.24,76.09,44.95,239.1,63.5586854460094,35.28,39.63,59.62,44.8,,99.27,65.5,74.5,51.4,47.24,176.2,102.36,213.13,148.93,228.3,77.58,51.44,245.48,60.39,36.55,143.72
165,02/11/2019,42.01,48.22,52.34,22.81,34.16,65.1,117.25,153.69,43.99,43.14,108.63,52.2723004694836,28.18,47.33,49.61,27.55,,70.39,47.45,63.745,29,48.89,112.97,79.05,97.21,103.34,172.77,66.29,65.36,275.59,59.43,70.47,96.2
166,02/11/2020,46.12,70.35,55,32.8,48.73,73.85,155.95,209.82,52.76,47.48,157.65,62.2253521126761,28.67,30.01,59.59,28.44,,95.13,58.87,81.625,34.575,45.57,146.08,89.44,174.35,110.26,199.94,76.27,58.05,378.83,80.99,52.99,115.4
167,02/11/2021,54.92,76.45,76.21,34.43,46.97,73.6,200.04,289.76,56.91,48.18,150.42,53.5211267605634,31.91,35.54,50.3,33.4,,77.26,55.68,89.88,44.97,43.31,134.97,85.36,200.53,113.97,236.39,76.22,44.5,406.55,65.34,50.12,144.02
168,02/11/2022,76.47,67.19,101.69,35.69,44.15,104.24,200.63,300.77,68.06,47.92,205.19,59.9530516431925,38.03,34.73,60.29,46.27,,66.25,66.7,100.75,41.4,50.37,168.58,107.96,243.92,136.68,235.94,82.57,49.79,320.63,97.99,48.7,135.33
169,02/12/2018,41.27,52.992,79.66,35.7,46.31,69.87,95.09,137.03,54.92,33.07,99.78,62.9765258215962,116.74,71.81,43.97,27.2,,55.08,42.53,51.15,32.04,65.35,111.93,102.4,91.73,119.4,213.01,58.13,75.77,255.2,74.53,68.46,99.55
170,02/12/2019,42.34,48.34,52.69,23.73,34.56,67.01,118.01,152.92,44.84,43.77,109.7,53.0798122065728,28.3,48.11,49.66,28.58,,69.02,47.55,64.375,29.445,49.66,113.79,80.6,98.21,104.36,171.94,66.94,59.19,277.9,61.38,71.56,96.97
171,02/12/2020,45.61,70.69,55.02,32.63,48.18,73.75,158.66,214.79,52.93,47.76,157.86,62.1408450704225,28.64,30.04,59.41,28.69,,94.51,58.95,82.52,34.625,45.4,146.08,87.9,172.76,109.47,198.72,77.46,55.5,377.39,80.36,54.47,115.85
172,02/12/2021,55.72,76.85,78,34.55,46.75,74.21,198.6,290.25,57.12,48.24,151.38,53.8779342723005,31.77,35.39,50.69,33.95,,77.16,55.19,89.65,45.865,43.4,133.87,86.12,200.55,115.1,241.27,76.24,44.01,406.19,65.56,50.38,144.47
173,02/13/2018,41.34,53.504,79.51,35.47,46.65,70.11,96.86,137.5,54.79,33.08,99.54,63.3708920187793,115.95,71.71,44.19,28.12,,54.54,42.8,51.355,31.695,65.64,112.14,103.05,91.52,119.69,213.47,58.42,75.7,254.95,74.73,68.29,100.98
174,02/13/2019,42.4,48.57,53.17,23.55,34.66,67.79,118.9,155.19,44.47,43.5,109.14,53.4835680751174,28.42,47.64,49.79,28.96,,68.56,47.61,64.295,29.655,49,114.12,81.3,98.93,103.73,174.77,66.53,59.68,281.58,60.69,72.43,97.94
175,02/13/2020,45.27,71.21,55.77,32.58,48.36,72,159.85,214.89,52.99,48.45,159.33,63.0422535211268,28.58,27.77,59.61,28.63,,95.09,59.03,83.54,34.845,45.65,146.47,88.82,174.88,107.72,201.19,77.94,55.36,381.78,81.18,53.57,117.44
176,02/13/2023,81.9,65.89,98.24,36.78,51.8,89.87,233.51,255.29,76.6,45.37,239.91,64.2065727699531,35.66,40.33,60.6,44.89,,99.59,66.27,75.59,52.11,47.85,177.77,103.71,215.21,149.45,228.54,78.23,51.97,245.9,60.96,37.11,145.91
177,02/14/2018,41.82,53.872,75.06,35.54,46.96,69.79,96.67,139.73,56.03,34.04,99.02,63.6056338028169,114.91,71.92,44.1,28.4,,54.24,42.96,51.88,31.95,65.18,109.11,102.54,93.47,121.01,214.0,58.35,80.45,260.96,75.84,68.49,101.7
178,02/14/2019,42.24,48.12,52.91,23.72,34.45,67.69,118.52,153.38,44.53,43.05,108.2,53.1267605633803,27.93,47.34,45.59,28.96,,68.97,47.32,63.7,29.315,49.14,112.59,81.85,99.44,101.54,173.96,66.56,59.84,281.52,61.18,72.11,98.52
179,02/14/2020,44.77,71.4,54.22,32.69,48.64,71.37,158.03,215.01,53.31,48.58,160.34,63.5774647887324,28.87,26.88,59.95,28.23,,95.17,59.68,83.42,34.93,45.17,146.99,88.5,176.6,110.0,203.83,78.21,55.25,386.65,80.51,52.85,117.89
180,02/14/2022,76.12,66.37,100.83,35.3,44.03,103,200.61,303.85,67.63,47.46,203.35,60.7981220657277,38.1,34.59,60.68,45.69,,65.38,66.14,100.4,41.285,50.09,166.7,109.24,233.62,137.43,233.85,81.99,49.41,317.34,94.88,47.36,133.95
181,02/14/2023,81.78,65.31,99.96,36.06,51.02,88.52,231.38,255.52,75.35,44.99,238.9,63.0985915492958,35.39,39.88,59.59,43.63,,99.27,65.66,74.91,52.125,47.41,175.77,101.71,213.92,147.04,225.75,77.78,51.65,245.26,60.89,36.75,145.49
182,02/15/2018,43.2,55.048,77.19,36.36,47.7,70.49,98.45,139.63,56.89,34.08,100.79,65.5586854460094,115.51,72.71,44.78,28.79,,55.4,44.08,52.405,32.805,65.32,110.97,103.69,94.19,122.65,216.81,59.37,81.74,265.61,75.88,69.78,103.23
183,02/15/2019,41.98,48.93,52.31,24.5,34.79,69.53,119,155.01,45.04,43.2,109.35,53.3239436619718,28.24,47.62,45.24,29.5,,69.51,48.16,64.235,29.36,48.74,115.91,83.46,100.45,103.38,174.91,67.54,60.91,285.89,62.61,73.43,99.99
184,02/15/2022,76.8,66.45,101.62,35.42,44.13,102.97,199.15,307.53,67,47.27,202.88,60.6478873239437,37.93,34.68,60.91,46.41,,66.79,65.87,100.12,41.39,50.32,165.96,109.67,235.25,136.09,219.55,84.35,49.52,327.85,93.96,48.3,134.37
185,02/15/2023,81.74,65.58,99.4,35.88,50.95,88.35,232.15,254.65,75.11,45.14,237.47,63.0798122065728,35.7,40.13,59.59,44.27,,100.11,65.69,74.8,52.55,47.65,176.01,101.11,214.88,146.71,224.88,77.38,52.31,247.17,61.25,36.52,146.57
186,02/16/2018,43.13,55.664,79.1,36.25,46.17,71.9,97.73,141.04,56.43,34.35,100.71,65.4084507042254,115.12,70.8,44.98,28.69,,55.58,44.14,52.75,32.74,65.46,111.06,104.31,93.81,124.46,219.45,60.0,81.47,267.89,76.01,70.92,104.78
187,02/16/2021,56.05,76.23,79.31,33.9,46.11,70.53,200.23,295.74,56.29,47.07,151.38,53.3896713615024,31.42,35.36,50.27,33.66,,76.72,54.88,86.93,46.09,43.41,134.38,86.0,194.1,113.11,232.0,76.39,44.5,404.5,65.67,49.14,145.66
188,02/16/2022,76.9,66.6,102.76,35.43,43.67,103.94,197.35,308.65,66.76,47.11,202.65,60.3943661971831,37.92,36.62,60.9,44.57,,67.13,65.71,98.39,41.61,50.61,166.3,111.57,237.57,135.72,220.91,85.57,49.44,327.0,94.45,47.88,133.53
189,02/16/2023,81.42,65.42,97.55,35.82,50.89,87.97,228.82,249.53,75.11,44.95,235.22,62.7605633802817,35.9,39.78,59.22,43.85,,100.01,65.68,74.31,52.02,47.4,175.51,100.3,213.91,147.22,227.26,77.47,51.4,246.35,60.69,36.32,144.27
190,02/17/2021,55.92,75.98,78,33.97,46.38,72.71,201.5,289.59,56.81,46.96,151.29,54.4882629107981,31.66,37.02,50.13,34.37,,77.09,54.92,85.95,46.08,43.6,134.46,86.61,199.73,115.44,228.46,74.89,45.38,403.3,67.22,49.56,147.2
191,02/17/2022,76.65,65.98,100,35.88,44.19,102.3,197.12,304.29,67.79,47.31,202.03,60.8826291079812,37.92,37.79,62.12,45.23,,66.13,66.06,98.08,41.07,51.37,166.75,111.9,234.24,138.33,218.87,84.26,48.75,317.99,93.21,46.81,138.88
192,02/17/2023,81.59,65.65,97.57,36.41,52.35,88.58,227.82,252.88,76.77,45.74,240.69,64.2065727699531,35.67,40,60.12,44,,100.48,66.85,75.75,52.09,48.07,176.28,101.82,216.14,149.94,226.8,78.71,52.02,247.47,61.37,36.76,146.44
193,02/18/2020,44.45,70.8,53.6,30.68,48.2,72,161.71,211.44,53.54,48.26,160.06,63.0516431924883,28.87,27.33,59.53,29.71,,95.87,59.66,82.455,34.8,45.22,145.6,87.44,174.8,109.34,203.82,76.83,54.45,387.76,80.15,51.86,119.63
194,02/18/2021,55.82,76.66,74.74,34.7,47.14,71.52,202.83,287.96,58.02,47.49,152.99,55.8967136150235,31.74,38.96,50.77,33.84,,77.59,56.13,86.49,46.325,43.63,135.37,86.33,199.88,116.68,226.18,74.93,44.54,403.82,67.63,48.92,137.66
195,02/18/2022,76.39,66.52,99.3,36.02,44.95,102.13,199.97,302.99,68.15,47.45,202.59,62.037558685446,38.48,38.46,62.54,45.59,,66.5,66,97.79,40.635,51.74,167.71,111.61,231.73,138.99,215.85,83.55,49.0,315.78,92.27,46.61,137.99
196,02/19/2019,41.85,48.36,52.65,24.01,35.01,69.88,119.15,155.4,45.74,43.3,109.69,53.9154929577465,28.17,47.77,44.83,29.55,,70.3,48.1,64.845,29.115,48.99,115.93,83.39,99.75,104.01,174.72,67.01,61.11,282.0,62.94,74.43,102.2
197,02/19/2020,43.97,71.39,53.76,29.8,47.79,71.78,163.79,213.12,53.24,48.44,160.49,62.2535211267606,28.85,27.31,59.77,29.54,,94.35,59.3,82.015,35.04,45.14,145.53,87.88,176.62,110.66,206.64,76.2,54.88,395.14,77.83,52.07,117.68
198,02/19/2021,56.12,75.43,76.38,34.1,46.32,70.42,201.16,285.16,56.5,47.1,148.85,54.3755868544601,31.24,37.48,50.11,34.02,,78.09,54.31,84.12,44.825,43.8,132.51,85.45,201.18,113.76,223.21,76.71,44.4,390.43,67.52,48.86,138.34
199,02/20/2018,42.57,54.648,76.07,36.08,46.08,70.66,94.56,139.35,55.95,33.8,99.9,65.4272300469484,116.06,68.69,43.99,27.49,,54.29,43.76,52.3,32.3,64.19,109.48,102.85,92.83,123.87,217.33,58.88,79.75,269.07,76.13,70.91,94.11
200,02/20/2019,41.97,48.24,52.7,24.03,35.18,64.22,118.99,156.67,46.95,43.13,110.68,54.8826291079812,28.17,48.26,45.1,28.75,,70.06,47.99,65.21,29.35,50.51,115.83,85.04,99.77,106.94,166.98,67.35,61.39,286.48,63.6,71.8,99.88
201,02/20/2020,44.23,71.55,53.98,29.88,47.74,71.94,165.73,211.32,54.13,45.53,160.11,61.6619718309859,29.3,27.42,59.72,29.78,,94.92,59.04,81.915,35.2,45.56,145.16,87.44,176.0,110.56,208.34,76.71,55.41,384.36,78.8,51.87,117.69
202,02/21/2018,42.12,54.176,75.1,35.69,42.9,68.76,95.27,139.82,54.48,32.68,97.89,64.1408450704225,115.38,67.47,43.34,27.41,,53.51,43.62,52.03,32.51,63.93,108,103.72,93.2,120.82,213.79,58.55,78.75,270.0,75.4,69.63,91.52
203,02/21/2019,42.57,48.41,53.48,24.07,35.44,62.35,118.46,156.53,46.95,41.99,111.2,54.7699530516432,28.17,48.18,45.86,28.58,,70.98,48.41,66.88,29.44,50.37,116.1,85.58,100.1,106.77,165.65,67.24,62.08,275.23,63.06,70.47,99.39
204,02/21/2020,43.9,70.14,53.23,29.59,47.96,71.51,166.88,209.27,53.92,44.77,160.32,61.5211267605634,29.5,27.26,60.13,30.31,,94.84,58.75,81.1,34.87,45.89,145.85,89.64,173.88,110.87,207.4,77.04,55.29,370.4,77.83,51.45,118.58
205,02/21/2023,81.4,64.9,96.17,36.36,53.35,87.62,226.61,249.99,80.16,45.48,240.9,64.7042253521127,35.55,39.87,59.8,44.62,,100.33,66.6,75.53,51.19,47.44,176.18,99.98,215.28,150.0,223.11,76.81,53.65,241.33,60.72,36.16,147.33
206,02/22/2018,41.76,54.328,75.59,35.94,43.96,68,96.1,140.15,54.95,33,97.07,64.093896713615,114.81,67.64,43.52,27.22,,53.75,43.51,52.53,32.465,63.34,109.26,102.98,93.78,122.84,213.11,58.86,78.45,249.44,74.69,69.67,92.77
207,02/22/2019,42.49,48.84,51.77,23.38,32.83,61.95,118.38,158.98,46.58,42.91,110.22,53.2676056338028,27.48,34.95,45.28,28.52,,70.5,47.72,67.87,29.22,51.5,116.76,87.15,101.24,101.42,169.06,67.33,61.93,285.42,63.32,70.43,99.55
208,02/22/2021,56.85,74.71,78.19,34.48,46.13,70.48,198.77,285.45,56.17,47.28,148.25,55.6431924882629,31.68,37.23,50.63,33.59,,80.75,54.32,83.96,44.585,44.42,131.99,86.5,200.02,114.27,222.49,78.66,45.12,386.54,68.36,48.86,137.69
209,02/22/2022,76.71,65.9,99.13,35.84,44.69,101.92,191.94,295.68,67.34,47.6,202.03,62.0845070422535,38.57,40.4,62.28,45.04,,66.68,66.47,96.97,40.825,51.28,168.35,108.59,233.27,138.64,216.94,84.24,48.59,322.53,92.44,45.79,136.45
210,02/22/2023,81.61,65.06,97.85,36.25,52.98,87.21,225.27,249.25,80.28,45.41,239.86,64.037558685446,35.78,39.58,59.98,44.62,,101.3,66.23,75.84,51.165,47.14,176.12,99.59,213.99,149.24,222.12,77.47,52.97,240.75,61.74,36.08,144.24
211,02/23/2018,42.57,55.64,76.62,36.28,44.12,68.16,97.2,142.39,52.98,32.64,96.95,64.3568075117371,115.37,69.02,44.04,27.42,,54.71,43.75,53.11,32.94,64.59,109.68,106.11,95.42,124.55,217.46,59.68,78.66,255.27,75.08,70.36,92.89
212,02/23/2021,57.02,75.03,77.41,34.97,46.33,69.64,195.18,291.9,56.82,47.34,147.98,55.6619718309859,31.79,37.12,50.54,33.03,,83.07,54.8,84.37,44.16,44.29,132.78,86.44,200.09,114.38,222.38,79.13,46.98,395.15,68.19,48.41,135.47
213,02/23/2022,75.24,65.18,99.68,35.74,44.67,102.24,188.34,290.93,67.11,47.7,202.57,62.4131455399061,38.06,40.1,61.59,44.53,,66.15,66.28,96.61,39.705,51.95,166.69,108.59,233.23,136.9,212.48,84.09,50.81,322.35,91.99,45.46,135.05
214,02/23/2023,82.05,65.15,98.42,36.39,53.05,86.87,217.11,249.66,80.3,45.26,240.47,64.0469483568075,36.11,39.75,60.09,43.91,,100.33,66.07,75.4,51.345,47.51,176.31,99.83,215.0,149.24,225.6,76.55,53.5,235.77,62.36,36.21,142.09
215,02/24/2020,42.82,67.66,53.02,29.23,48.02,67.92,164.86,198.78,53.72,44.57,158.94,60.5633802816901,29.14,26.63,58.65,30.27,,95.32,57.74,80.495,34.095,43.8,142.64,85.57,169.83,109.82,201.54,75.54,54.2,361.59,75.59,49.03,116.32
216,02/24/2021,58.48,75.04,76.76,35.24,46.24,70.4,192.61,294.34,56.2,46.88,147.57,55.0328638497653,31.46,37.6,50.71,32.75,,83.59,54.33,84.8,44.12,45,132.09,87.56,200.97,113.22,223.93,80.98,47.01,400.39,68.87,49.17,133.21
217,02/24/2022,75.85,64.58,101.91,34.31,43.54,100.77,190.8,293.13,65.56,47.03,196.81,59.8967136150235,36.65,38.98,60.51,44.44,,64.58,64.65,94.12,40.175,49.57,163.79,102.79,237.78,133.77,215.01,84.96,49.42,338.06,90.33,45.27,134.53
218,02/24/2023,81.44,64.99,98.06,36.53,53.13,85.77,214.25,242.72,80.64,45.1,239.02,63.5492957746479,35.79,39.61,59.84,43.75,,99.98,65.55,74.98,50.615,47.17,175.96,98.58,211.53,148.6,224.09,75.83,53.78,235.18,61.23,35.8,142.47
219,02/25/2019,42.43,48.55,53.43,23.31,32.26,61.23,118.76,157.26,46.2,42.53,109.47,52.2629107981221,27,34.23,44.94,28.85,,69.49,47.21,66.715,29.27,51.84,116.06,86.6,101.66,101.06,167.15,67.26,61.04,290.15,62.32,71.31,99.12
220,02/25/2020,40.43,66.23,51.02,28.38,47.88,64.33,161.5,191.43,52.53,44.72,157.32,59.5211267605634,28.92,26.07,57.82,29.67,,93.77,57.02,79.185,33.31,42.49,141.1,85.0,165.81,107.75,195.29,74.05,51.42,348.11,71.71,47.51,114.39
221,02/25/2021,57.35,73.73,74.72,34.57,45.65,69.33,188.68,289.62,55.84,47.18,147.57,55.1549295774648,30.86,37.27,50.17,32.41,,80.35,54.04,84.41,42.675,44.63,130,86.52,194.98,115.03,217.93,80.4,45.83,402.48,68.31,48.27,131.95
222,02/25/2022,78.9,66.46,105.19,35.35,45.19,104.3,198.99,300.33,67.99,48.46,204.32,61.6713615023474,38.3,39.73,62.85,46.46,,67.84,66.76,96.21,42.285,51.48,168.38,105.24,245.39,137.27,217.04,87.25,52.92,343.01,93.37,46.2,136.38
223,02/26/2018,42.17,55.248,75.97,36.53,44.37,68.23,97.55,143.29,51.42,33.07,98,64.7417840375587,115.96,69.74,44.03,27.85,,54.62,44.77,53.71,32.905,65.43,110.94,106.68,96.4,127.02,218.04,60.28,77.93,256.26,75.71,70.6,93.12
224,02/26/2019,42.32,49.19,52.86,23.36,32.91,60.68,118.38,156.44,46.86,42.17,109.74,52.5070422535211,26.55,33.12,44.69,28.92,,69,47.43,66.52,29.37,52.1,115.97,86.51,100.8,106.09,169.41,67.41,61.04,288.38,61.77,71.48,98.69
225,02/26/2020,39.87,64.43,50.53,26.94,46.64,62.65,162.67,189.29,52.14,43.94,158.38,58.9389671361502,28.73,25.64,57.6,28.75,,92.54,56.86,76.555,32.94,42.12,141.98,86.25,165.92,109.18,190.97,72.87,51.74,345.3,71.09,47.67,113.78
226,02/26/2021,56.58,71.58,76.58,33.93,45.48,68.13,188.99,285.86,55.01,46.37,145.65,54.18779342723,30.52,36.38,48.99,32.21,,79.77,53.16,84.28,43.87,43.6,129.19,84.02,192.78,112.0,214.14,79.63,44.45,398.12,67.67,47.93,129.92
227,02/27/2018,41.64,55.896,74.83,36.2,43.94,68.25,95.52,139.78,50.78,32.75,98.19,63.0328638497653,116.3,67.87,43.62,27.27,,54.39,44.01,53.295,32.085,64,110.89,104.08,95.5,126.64,218.05,59.85,76.58,253.72,74.56,69.14,91.52
228,02/27/2019,42.62,49.07,53.03,23.09,36.21,58.5,118.17,157.05,47.09,42.91,109.58,52.3568075117371,26.94,32.2,44.94,29.8,,69.1,47.13,67.375,29.37,52.32,115.37,87.27,101.82,107.57,169.25,67.11,61.11,290.41,61.65,71.37,98.11
229,02/27/2020,37.62,62.5,47.85,26.37,45.7,59.33,157.66,182.28,50.14,42.53,151.96,57.2957746478873,28.24,24.97,54.93,28.36,,89.45,54.46,75.13,31.87,40.3,136.37,83.07,162.72,106.11,175.66,69.68,50.01,337.1,69.19,46.24,110.4
230,02/27/2023,81.19,65.24,97.19,36.76,53.12,84.84,216.1,242.14,80.98,44.8,239.22,63.3896713615024,35.37,39.66,59.82,43.41,,101.03,65.64,75.01,51.16,46.54,175.91,98.17,211.89,148.06,224.69,75.7,53.75,238.93,60.41,35.39,141.44
231,02/28/2018,41.52,55.832,75.43,36.13,43.05,67.73,94.59,138.44,50.55,32.46,98.26,62.1596244131455,116.25,67.05,43.22,27.12,,54.09,43.9,53.39,31.685,62.95,109.73,103.55,95.27,126.3,215.48,59.65,76.25,249.83,74.38,68.89,90.01
232,02/28/2019,42.5,49.49,53.08,23.37,36.02,57.83,118.46,156.94,47.13,43.36,110.68,52.8262910798122,25.15,33.19,45.34,29.33,,69.31,47.16,67.99,31.915,52.41,115.64,86.94,102.43,105.91,169.16,67.55,61.66,289.84,61.66,71.19,98.99
233,02/28/2020,37.65,61.41,46.95,26.69,45.12,59.18,150.3,183.6,49,41.6,143.99,56.7793427230047,27.88,24.77,53.49,28.13,,86.89,52.8,73.095,31.205,40.37,132.03,81.87,158.96,102.99,172.38,66.65,49.61,335.02,67.83,45.76,107.68
234,02/28/2022,78.45,65.23,104.55,34.97,44.97,103.65,198.34,296.33,67.43,47.64,202.26,60.037558685446,38.67,39.22,62.24,46.8,,66.43,65.48,95.17,42.2,51.29,163.74,101.07,246.75,134.75,215.62,87.1,52.18,336.31,92.66,46.09,135.16
235,02/28/2023,79.6,64.87,95.5,36.41,52.52,83.54,216.3,243.05,79.51,44.38,238.32,61.9154929577465,34.55,38.94,59.51,43.14,,100.64,65.18,74.32,50.88,46.43,173.53,97.3,213.0,147.89,223.7,74.57,53.19,238.23,59.24,35.53,142.13
236,03/01/2018,41.25,55.37,75.98,36.4,42.28,67.15,95.31,138.54,50.57,32.36,97.8,62.8262910798122,116.44,66.89,43.43,27.46,,54.46,43.62,53.37,27.11,62.43,108.12,104.68,93.96,126.9,215.95,59.46,76.84,242.67,73.42,70.2,89.08
237,03/01/2019,42.43,49.82,53,23.26,36.35,58.13,119.5,156.92,47.22,43.39,112.23,53.3708920187794,26,32.4,45.38,28.02,,70.95,47.23,68.355,32.37,52.75,116.18,87.51,103.11,105.42,171.94,67.58,61.41,294.51,62.19,66.61,97.93
238,03/01/2021,57.3,72.86,78.68,34.15,45.52,69.28,192.9,293.95,54.74,46.34,145.19,53.4366197183099,30.89,37.09,49.9,32.89,,81.27,53.66,84.55,43.775,44.54,130.62,84.95,195.62,112.06,217.75,80.91,44.85,403.68,68.54,47.85,131.37
239,03/01/2022,77.99,64.44,105.87,34.49,44.41,102.05,201.05,285.59,66.82,49.54,204.86,59.4741784037559,38.16,38.68,61.97,48.35,,63.75,64.34,96.25,41.615,51.57,162.27,101.44,251.15,126.32,213.65,86.15,50.4,333.24,93.83,45.01,135.99
240,03/01/2023,79.24,64.25,95.17,35.74,51.91,82.47,213.79,245.83,78.85,43.83,236.65,61.2769953051643,34.19,38.4,58.86,43.38,,100.89,64.19,72.97,49.595,46.15,171.33,97.51,214.11,145.25,219.7,75.09,53.05,233.66,59.29,35.2,140.15
241,03/02/2018,42.2,56.15,75.17,36.87,42.02,67.46,94.28,140.65,50.94,32.65,98.87,63.5492957746479,116.24,67.17,43.72,27.35,,55.37,44.42,54.145,27.08,62.55,109.04,106.81,94.92,128.45,219.84,59.66,78.34,245.61,73.65,70.58,88.77
242,03/02/2020,38.84,64.32,49.03,28.24,47.98,64.03,159.6,193.33,51.41,43.19,152.36,59.2863849765258,28.26,26.07,55.92,29.68,,86.65,55.6,76.235,32.385,42.07,137.58,84.97,168.75,106.74,177.22,69.68,51.48,353.61,70.54,48.11,115.88
243,03/02/2021,57.37,72.08,79.26,34.31,45.62,68.94,186.5,289.54,55.07,46.84,145.35,53.7370892018779,30.78,37.32,50.1,32.56,,81.34,53.68,84.9,43.44,44.72,131.07,85.07,193.21,113.03,218.15,80.03,44.97,403.78,68.68,47.44,130.11
244,03/02/2022,80.28,64.82,107.77,34.6,45.15,104.43,205.41,291.75,67.46,50.48,208.03,59.7370892018779,38.61,39.07,62.43,49.37,,63.5,64.7,97.33,41.875,52.81,164.52,102.54,249.62,130.7,215.82,88.37,51.21,340.12,95.04,46.15,136.16
245,03/02/2023,80.57,65.83,97.56,35.85,52.42,81.43,216.23,248.84,78.95,41.83,238.4,61.6150234741784,34.58,38.66,59.72,45.73,,102.3,65.36,73.04,51.075,46.46,173.32,98.36,215.68,148.59,221.74,75.55,53.28,235.67,59.06,35.38,140.5
246,03/03/2020,38.06,63.81,48.56,27.67,47.88,62.54,156.42,188.39,51.65,42.99,153.49,58.8262910798122,27.55,25.5,56.06,29.34,,85.5,54.79,74.95,31.89,41.9,135.58,83.5,165.24,106.25,177.59,68.5,50.43,337.11,68.5,46.12,112.91
247,03/03/2021,57.12,69.71,78.45,34.79,45.81,69.03,182.89,289.54,54.89,46.93,144.37,53.830985915493,30.62,37.98,49.98,33.25,,83.13,52.94,83.19,42.3,45.05,129.14,85.15,190.21,114.0,216.06,81.5,44.95,402.42,69.96,47.63,127.59
248,03/03/2022,81.93,69.41,109.21,34.62,45.55,104.54,206.29,292.2,68.27,51.48,208.14,60.7793427230047,38.61,39.95,62.47,55.1,,61.09,64.91,99.56,41.675,53.17,163.27,102.48,249.91,133.42,218.29,87.08,51.12,343.66,95.34,46.72,139.29
249,03/03/2023,81.06,67.03,98.77,35.84,52.41,81.81,217.69,253.23,79.6,40.63,238.4,61.3521126760563,34.55,39.04,59.44,45.98,,101.98,65.71,72.9,51.005,46.53,173.15,99.2,219.81,150.8,223.25,76.26,53.46,239.19,59.23,36.09,140.67
250,03/04/2019,42.24,50.97,52.81,23.17,36,55.96,118.87,156.29,46.78,43.02,110.64,51.2769953051643,26.05,33.23,45.65,28.64,,70.79,46.99,67.735,32.51,52.46,116.17,87.28,101.9,102.54,170.63,67.11,61.25,292.61,62.26,64.74,97.85
251,03/04/2020,39.37,64.56,49.71,28.79,52.72,66.04,160.16,193.4,54.17,45.05,160.95,60.6103286384977,27.77,26.45,58.92,30.96,,88.09,58.01,76.94,34.025,43.93,142.39,88.74,174.82,111.7,185.96,70.65,52.48,351.38,70.39,48.69,116.77
252,03/04/2021,55.49,68.41,76.06,34.67,45.8,69.17,178.14,285.19,55.29,46.96,146.09,54.1784037558686,30.88,37.21,49.94,34.09,,82.76,53.96,82.9,42.34,44.26,128.83,84.61,183.05,116.22,211.15,79.42,45.39,390.97,72.19,46.86,127.53
253,03/04/2022,82.8,69.99,108.32,34.4,45.55,105.19,210.98,285.69,68.12,51.73,212.82,60.9859154929578,38.88,39.84,62.57,58.94,,58.02,63.83,103.41,40.66,53.49,165.75,99.8,254.6,133.78,217.66,84.96,50.87,349.98,93.51,47.72,142.82
254,03/05/2018,42.72,56.52,77.99,37.79,43.52,68.31,93.43,141.64,50.62,32.87,99.45,64.9765258215963,115.91,67.43,43.89,27.99,,55.88,45.06,54.87,27.87,64.13,109.43,107.7,95.44,130.02,219.52,60.04,78.03,250.51,73.6,70.55,89.98
255,03/05/2019,42.25,51.49,52.2,22.87,36.1,54.96,119.61,155.98,46.82,43.49,111.75,51.4272300469484,26,33.04,45.6,28.92,,71.16,46.93,67.915,31.31,52.88,116.03,86.98,102.43,102.08,167.47,66.58,61.09,293.58,63.97,63.4,98.34
256,03/05/2020,38.33,61.82,48.42,28.47,53.1,64.36,157.48,189.62,54.3,43.8,159,59.7746478873239,27,26.65,56.74,33.47,,86.36,56.86,76.77,33.565,43.16,138.1,87.86,170.75,110.75,182.77,67.65,50.12,340.47,67.01,48.78,115.92
257,03/05/2021,57.59,71.13,77.72,35.5,46.59,70.63,178.71,292.89,56.78,47.72,150.38,55.6244131455399,31.53,37.85,50.79,34.44,,85.8,55.58,84.43,43.21,45.12,133.03,86.16,185.05,118.34,217.01,81.79,46.16,401.7,72.71,47.2,129.12
258,03/06/2018,43.12,56.04,77.11,38.29,43.9,67.65,93.44,142.68,51.06,33.43,99.37,65.6338028169014,116.12,67.77,43.93,28.01,,56.82,45.57,55.03,27.835,64.77,109.58,107.98,96.18,129.68,222.56,60.87,78.79,254.32,74.05,69.79,89.06
259,03/06/2019,42.13,48.85,51.02,22.89,36.14,54,119.27,153.88,46.81,43.47,111.68,51.1455399061033,26.51,32.86,45.45,28.44,,70.54,46.97,68.235,30.87,54.67,116.66,87.02,100.61,103.41,166.06,66.28,60.16,287.14,63.54,61.1,98.26
260,03/06/2020,37.64,62.25,46.85,28.25,51.76,64.15,158.38,191.95,54.77,43.95,156.29,59.3333333333333,26.63,26.03,55.26,32.04,,83.37,55.66,75.32,33.095,42.15,137.26,87.27,166.08,109.99,179.07,66.95,48.04,346.92,64.65,50.51,117.23
261,03/06/2023,81.4,67.28,98.06,35.91,52.58,82.97,219.32,251.69,79.11,40.53,239.88,61.1267605633803,34.82,38.99,60.36,46.48,,101.99,65.68,73.23,51.99,47.19,173.5,100.1,219.16,150.46,220.54,76.35,53.09,233.66,58.75,35.45,140.65
262,03/07/2018,43.03,52.89,77.43,37.77,43.08,67.51,89.39,143.55,51.06,33.17,99.88,65.0704225352113,116.3,67.46,43.82,26.23,,56.31,43.58,54.595,27.775,64.07,109.84,106.89,96.65,128.72,223.91,60.13,78.26,257.65,74.53,69.5,87.74
263,03/07/2019,42.17,49.77,50.58,22.37,35.92,52.36,118.88,155.4,46.4,43.44,111.93,50.9859154929577,26.54,31.89,45.28,25.61,,70.51,46.81,67.815,30.795,54.74,116.1,86.97,100.49,102.63,167.64,65.87,60.04,287.55,64.11,59.79,97.45
264,03/07/2022,83.97,67.76,108.75,33.7,45.52,104.56,203.72,263.87,67.67,52.2,213.38,61.9154929577465,38.14,40.15,61.08,57.82,,52.65,62.53,104.06,37.5,52.85,162.45,93.2,247.28,135.82,212.98,77.75,51.56,347.25,92.56,46.99,141.67
265,03/07/2023,79.73,66.26,97.18,35.83,52.13,80.45,219.29,245.46,79.04,39.98,238.35,60.6009389671362,34.83,38.64,60.01,46.91,,100.97,64.81,72.13,51.61,46.55,172.64,99.25,215.03,149.87,219.22,75.62,52.84,230.38,58.37,34.14,139.25
266,03/08/2018,43.29,53.48,77.01,37.98,43.14,68.36,86.05,144.39,51.7,33.5,99.65,65.3896713615024,117.35,66.99,44.45,22.98,,56.67,44,54.81,28.415,65.43,112.08,109.0,97.61,129.67,227.7,60.48,80.55,261.41,74.97,68.97,87.92
267,03/08/2019,41.92,49.92,50.23,22.47,36.02,52.93,118.71,156.04,46.56,42.99,111.24,51.2300469483568,26.4,32.1,44.84,24.47,,70.01,46.58,68.525,30.305,55.37,115.23,87.45,101.0,102.49,166.19,65.78,59.45,286.89,62.78,59.9,97.59
268,03/08/2021,57.76,69.85,78.46,36.53,47.25,71.73,181.98,280.07,57.76,47.9,151.79,55.7558685446009,32.47,38.67,51.64,34.74,,84.3,55.15,84.15,42.57,46.9,132.13,86.36,179.46,119.77,220.63,81.7,47.67,400.35,73.69,48.48,127.88
269,03/08/2022,83.13,64.05,106.31,30.93,42.3,102.36,199.26,269.84,63.76,50.28,204.01,58.8075117370892,37.21,38.66,58.66,55.71,,51.76,60.8,97.55,36.245,50.89,157.87,93.97,238.85,131.89,214.64,75.31,51.95,336.96,92.32,47.47,138.74
270,03/08/2023,79.91,63.48,96.82,35.9,53.14,79.81,217.66,248.48,79.17,40.23,238.98,60.7699530516432,34.78,38.32,60.04,47.45,,99.93,65.09,72.74,51.56,46.8,173.11,99.75,214.63,150.49,219.3,74.84,54.35,227.58,58.51,34.48,138.1
271,03/09/2018,43.3,55.05,74.96,38.06,43.61,69.27,86.94,145.05,51.45,33.76,100.36,65.962441314554,117.95,67.23,44.82,24.08,,57.33,44.27,55.27,29.03,65.65,112.54,108.3,99.68,129.92,230.34,61.28,81.09,269.26,75.69,70.6,88.72
272,03/09/2020,35.3,58.55,43.58,27.52,50.2,61.3,159.28,177.9,54.14,43.41,151,58.6009389671362,24.45,23.96,51.86,31.25,,73.38,53.94,72.015,30.93,40.34,130.16,81.63,154.5,108.32,164.24,61.25,43.01,334.29,60.88,48.44,117.16
273,03/09/2021,57.99,70.68,79.06,36.04,46.93,71.23,186.7,280.02,57.4,47.59,150.56,55.3896713615024,33.09,39.13,50.86,34.46,,81.6,55.62,85.02,44.22,47.68,132.25,87.07,182.26,118.99,227.1,79.36,46.38,406.75,72.39,48.46,128.89
274,03/09/2022,81.78,64.24,107.48,31.18,42.63,103.6,207.22,277.68,64.11,49.91,204.88,58.3943661971831,37.63,38.18,58.96,55.34,,53.32,61.29,98.31,38.34,51,157.4,93.81,245.23,129.34,214.72,79.76,52.48,343.1,90.64,48.12,139.46
275,03/09/2023,77.99,62.29,94.91,35.08,52.33,77,217.46,243.48,78.64,39.72,238.62,60.2065727699531,34.56,37.79,59.46,47.25,,99.2,64.76,72,51,46.74,171.8,98.96,212.12,148.38,215.8,74.31,53.06,228.85,57.64,33.29,137.17
276,03/10/2020,37.12,57.91,43.34,27.86,51.26,62.6,166.25,187.38,54.09,43.76,154.55,59.0516431924883,25.25,24.5,53.66,32.6,,72.73,54.91,75.765,33.065,42.15,134.14,84.73,161.71,111.09,165.32,62.42,43.89,356.37,62.76,49.16,119.79
277,03/10/2021,58.39,72.03,80.52,36.81,47.88,72.7,187.55,285.25,58.56,48.24,152.65,56.0845070422535,33.56,39.51,51.44,35.24,,80.69,56.19,85.9,44.7,48.2,133.58,86.76,185.39,121.07,227.06,81.23,46.85,418.62,74.05,50.52,132.18
278,03/10/2022,84.31,63.56,109.75,30.67,41.87,104.08,206.08,273.36,63.1,50.48,205.14,57.2863849765258,37.2,37.54,57.88,57.09,,51.33,60.16,97.94,37.695,51.23,154.51,91.89,242.62,128.65,213.64,79.98,50.34,339.35,89.95,48.07,142.63
279,03/10/2023,76.66,61.52,92.55,35.01,52.51,77.1,216.09,236.2,78.52,39.18,237.74,59.9906103286385,34.32,37.94,59.21,47.1,,97.63,64.9,70.95,50.085,46.61,172.03,98.35,205.86,147.88,212.0,73.13,52.31,222.88,56.98,33.26,136.97
280,03/11/2019,42.84,50.27,51.64,22.9,35.9,53.75,119.71,157.51,46.91,42.95,111.39,50.8450704225352,26.88,32.17,46.18,24.67,,70.21,47.12,69.54,30.595,56.01,116.59,89.24,101.4,103.13,168.33,66.46,60.1,291.88,64.22,60.68,98.48
281,03/11/2020,35.07,55.73,39.9,26.81,50.47,61.31,157.63,172.51,52.87,42.27,148.77,57.924882629108,24.51,23.66,52.21,30.59,,71.43,52.34,73.305,30.905,40.48,129.75,79.84,153.61,105.59,155.07,55.15,40.94,342.08,58.55,46.07,114.43
282,03/11/2021,58.59,71.65,81.46,36.5,47.44,72.35,189.67,291.64,58.13,47.75,151.9,55.6431924882629,33.3,38.47,50.88,34.94,,80.54,56.27,85.82,44.675,47.8,133.22,86.63,186.71,120.25,228.61,81.03,45.98,414.71,73.98,51.52,132.13
283,03/11/2022,83.6,62.55,109.93,30.1,42.17,103.47,205.55,264.23,62.27,50.48,204.69,56.1971830985916,36.81,37.36,57.92,55.89,,50.11,59.12,96.52,36.61,50.48,153.73,88.87,238.07,128.84,212.39,77.82,50.82,335.99,87.64,47.44,142.07
284,03/12/2018,44.53,54.42,75.93,38.05,43.59,69.01,88.61,145.37,51.97,33.7,101,65.5680751173709,117.59,67.7,44.53,23.99,,57.26,44.39,55.345,29.215,65.77,112.75,107.14,99.54,130.31,230.15,60.52,80.96,266.38,75.27,70.15,88.07
285,03/12/2019,42.91,50.48,52,22.79,35.05,54.65,119.61,159.22,46.83,42.41,110.36,50.8544600938967,27.23,31.99,46.05,24.48,,69.7,46.95,69.2,30.115,55.75,116.57,88.8,102.77,102.8,168.81,66.18,60.21,296.44,63.81,61.0,98.37
286,03/12/2020,31.54,49.97,36.15,24.14,47.68,54.6,141.97,157.35,50,40.08,132.87,54.6384976525822,22.99,20.06,47.16,29.12,,63.36,47.51,65.59,28.695,36.42,115.34,72.25,136.12,99.27,131.43,43.51,38.4,297.71,51.8,41.02,104.05
287,03/12/2021,58.25,71.91,80.78,37.08,47.96,73.92,191.96,289.21,58.75,48.44,152.44,56.9389671361502,33.37,38.11,50.36,35.46,,80.72,56.87,86.81,44.47,48.65,133.04,87.72,185.12,121.44,229.39,83.4,46.63,423.5,75.51,53.21,134.12
288,03/13/2018,44.24,54.55,75.87,38.03,43.94,68.25,89.53,145.78,51.99,34.03,101.8,65.3896713615024,117.65,67.37,44.57,24.01,,56.47,44.04,55.37,29.345,66.13,113.6,107.24,98.89,131.53,227.94,60.7,80.46,267.35,75.62,69.86,88.3
289,03/13/2019,43.27,50.17,52.02,23.04,35.27,56.57,120.68,159.44,47.08,42.79,110.78,50.3380281690141,27.34,32.3,46.22,24.73,,69.84,47.28,69.6,29.885,56.13,116.58,89.5,102.63,103.26,170.66,66.45,60.59,297.44,64.44,61.9,99.03
290,03/13/2020,34.64,53.15,38.56,24.79,49.28,59.64,145.81,172.22,53.48,42.4,139.84,59.7746478873239,23.47,23.97,48.47,30.71,,63.85,50.92,67.5,31.195,40.07,127.45,79.5,149.73,103.05,132.98,47.07,42.56,318.42,52.51,46.19,114.1
291,03/13/2023,77.22,62.28,91.39,35.1,53.28,76.28,216.8,234.96,79.79,39.33,240.57,60.3380281690141,34.25,38.12,59.81,46.85,,96.31,65.54,72.12,50.16,46.68,173.71,97.37,206.32,149.91,211.0,73.85,52.08,223.03,57.21,33.57,137.37
292,03/14/2018,43.77,54.37,74.24,37.46,44.2,67.05,89.2,145.09,51.81,33.72,101.68,64.7887323943662,117.81,66.58,43.78,23.44,,56.08,43.88,55.28,29.365,63.82,112.61,105.61,98.59,130.85,227.39,59.88,81.1,265.69,75.38,68.55,87.67
293,03/14/2019,43.35,50.19,52.05,23.09,35.64,55.88,111.64,159.99,47.46,42.7,110.38,50.5258215962441,27.37,31.87,45.7,24.75,,68.19,47.35,69.73,29.835,56.4,115.5,89.79,101.0,103.85,170.61,66.12,60.49,298.86,64.88,61.82,98.22
294,03/14/2022,82.57,62.36,108.15,31.57,42.81,104.49,208.69,250.38,62.57,50.04,206.71,56.5727699530516,37.04,37.69,58.54,55.42,,49.96,59.34,98.2,36.615,50.54,155.89,89.59,236.58,128.93,219.69,76.76,50.81,334.61,85.5,47.91,144.05
295,03/14/2023,78.95,62.29,104.62,35.48,53.77,75.56,215.51,240.42,80.16,39.31,242,60.7042253521127,34.63,38.14,60.03,47.18,,98.62,66.29,71.84,50.82,46.74,173.53,97.35,208.55,151.56,215.05,74.66,51.85,227.06,57.3,33.29,138.1
296,03/15/2018,43.26,55.32,73.74,36.38,43.31,65.86,93.44,144.12,50.93,33.3,100.94,62.9014084507042,117.27,65.46,43.67,23.63,,55.62,43.39,54.485,29.095,63.81,111.99,104.99,98.11,124.85,226.89,59.38,81.41,265.93,73.73,67.38,87.51
297,03/15/2019,43.18,50.7,52.86,23.09,36.01,55.6,113.89,162.74,47.51,42.56,110.79,50.9577464788732,27.68,32.09,45.3,24.36,,69.51,47.8,69.995,30.135,56.75,115.66,90.85,100.37,105.58,170.45,66.27,60.82,302.9,65.22,62.63,98.42
298,03/15/2021,58.3,72.39,79.24,37.33,47.6,74.97,194.1,289.55,59.02,48.43,153.32,56.3568075117371,33.58,38.53,51.03,35.87,,82.75,57.23,87.34,44.655,49.84,133.03,87.68,187.09,122.12,229.86,83.24,47.64,429.44,76.58,55.05,133.43
299,03/15/2022,82.81,63.56,108.06,31.83,43.47,106.98,214.25,258.9,63.28,49.19,208.82,57.5774647887324,37.34,37.82,59.62,56.19,,50.57,61.17,98.28,37.54,51.54,159,92.66,244.31,129.3,222.13,77.79,50.85,335.58,85.7,48.17,145.78
300,03/15/2023,76.81,61.81,96.79,35.67,54.34,75.4,218.56,236.8,80.95,39.44,244.42,61.2769953051643,34.92,38.11,60.43,48.29,,97.99,66.4,72.92,51.175,46.87,176.63,96.18,207.99,153.55,216.03,74.98,52.06,225.49,58.14,33.54,139.64
301,03/16/2018,43.5,55.06,73.43,36.61,43.58,65.65,95.43,146.27,50.49,33.5,101.02,62.3849765258216,117.6,65.36,43.46,23.69,,55.66,43.19,53.905,29.32,63.19,111.64,103.46,98.19,125.84,228.54,60.12,80.19,264.76,74.27,67.57,89.17
302,03/16/2020,32.68,50.52,33.64,27.21,49.3,52.3,136.1,148.98,53.38,42.63,125.93,58.7417840375587,19.6,22.02,45.26,31.1,,52.44,45.1,60.185,28.72,38.22,113.09,69.6,137.93,107.84,124.75,37.75,41.85,282.66,45.05,45.08,106.76
303,03/16/2021,57.78,72.64,78.98,37.32,48.9,75.07,193.55,288.92,59.38,48.23,153.49,56.6760563380282,34.09,38.74,51.22,35.82,,80.3,57.78,87.23,44.695,49.44,134.01,88.2,191.99,123.31,230.63,80.45,48.41,419.81,76.26,54.71,133.39
304,03/16/2022,81.45,64.13,104.06,31.7,42.66,107.11,212.49,270.88,62.65,49.37,205.7,57.2394366197183,37.46,37.68,59.46,54.99,,53.08,61.95,96.83,38.595,51.28,159.7,93.77,255.36,129.34,222.34,80.08,52.13,341.12,87.22,47.38,145.35
305,03/16/2023,76.47,62.39,96.72,35.88,54.06,75.83,212.09,237.23,80.47,39.16,245,61.0046948356808,35.1,38.18,60.3,47.13,,98.29,66.94,73.25,51.7,46.17,176.51,95.39,211.28,153.81,215.65,74.5,51.48,232.22,58.53,33.41,138.28
306,03/17/2020,35.26,57.96,35.29,29.8,53.84,58,154.53,153.74,59.67,48.53,139.1,64.9953051643192,20.32,23.83,47.18,33,,53.13,48.82,69.35,29.87,39.85,127.72,73.99,161.43,117.11,124.45,35.06,43.99,262.84,47.86,49.6,119.26
307,03/17/2021,57.7,71.75,79.06,37.05,48.96,74.01,187.51,290.74,59.39,47.96,154.56,56.6948356807512,34.1,39.08,51.24,35.28,,80.76,57.92,86.65,44.3,49.78,133.62,89.2,191.47,124.12,233.01,80.76,48.66,416.46,76.38,54.1,132.28
308,03/17/2022,83.78,64.51,105.39,32.06,42.74,108.56,221.94,272.39,63.22,49.7,206.71,57.3145539906103,37.8,37.75,60.09,55.66,,53.49,62.27,96.89,39.14,51.69,160.94,93.33,259.22,129.58,221.77,79.75,52.39,347.05,88.6,47.48,145.01
309,03/17/2023,74.26,61.66,92.11,35.52,53.38,74.37,208.83,234.56,79.79,38.35,243.15,60.7887323943662,34.86,37.63,60.02,46.78,,97.31,66.4,72.62,51.495,45.32,175.13,94.79,207.1,151.88,210.9,72.94,49.91,235.84,58.54,32.91,139.4
310,03/18/2019,42.48,51.05,52.22,23.07,36.56,56.67,116.53,163.1,47.62,42.55,110.52,50.9577464788732,27.83,32.03,45.41,24.55,,69.9,48.04,70.355,30.3,57.3,117.27,90.73,97.4,107.02,171.08,66.46,60.95,301.09,65.33,63.08,99.66
311,03/18/2020,33.02,54.59,30.25,27.26,50.48,57.18,148.74,156.24,57.75,48.27,116.11,64.7511737089202,19.91,23.69,44.85,33.91,,45.01,46.55,70.515,27.945,38.32,120.92,64.91,151.75,118.86,121.25,31.24,40.45,245.05,44.18,52.81,122.58
312,03/18/2021,57.61,70.7,78.53,37.12,49.52,74.48,178.8,286.99,59.9,48.29,156.07,56.9295774647887,33.89,38.94,50.57,34.69,,79.92,57.91,86.32,43.96,50.57,132.53,90.56,185.09,123.94,231.07,78.82,49.15,406.92,76.93,52.7,130.01
313,03/18/2022,83.98,64.76,104.91,31.74,42.43,107.3,229.63,276.87,62.41,49.26,206.73,57.0516431924883,37.81,37.62,60.1,55.82,,54.58,61.51,96.24,40.295,51.68,162.79,93.9,261.47,128.07,225.93,81.24,52.96,349.93,87.14,47.36,145.44
314,03/19/2018,43.06,54.53,72.65,36.34,43.6,63.63,94.04,145.86,50.21,33.7,100.07,62.3755868544601,118.36,63.95,43.26,23.16,,55.47,42.35,53.935,29.135,62.48,110.36,101.74,97.75,126.29,226.35,60.18,79.47,262.14,74.13,66.62,87.45
315,03/19/2019,43.01,51.28,52.05,22.81,36.3,57.09,117.24,160.7,47.24,42.52,109.33,51.0892018779343,27.5,32.13,45.56,24.33,,69.71,48.24,70.15,28.96,56.01,118.09,90.5,97.9,106.91,167.33,66.18,60.76,301.42,65.77,63.77,99.85
316,03/19/2020,33.46,56.51,32.74,26.31,47.5,55.38,143,156.51,53.68,47.22,121.79,57.6807511737089,24.32,22.28,41.83,34.18,,48.81,45.47,62.815,27.16,37.1,117.34,66.43,136.1,109.02,123.06,37.11,38.51,254.4,54.21,48.55,119.45
317,03/19/2021,56.83,68.73,78.18,37.85,49.79,73.18,187.78,285.22,60.07,47.97,154.7,57.0985915492958,34.14,39.14,50.81,35.4,,80.24,58.1,86.54,43.96,50.55,134.5,89.25,185.6,126.39,234.7,79.7,49.2,401.08,76.75,52.54,131.74
318,03/20/2018,42.97,55.34,73.99,36.41,43.12,62.94,93.41,148.2,49.93,33.56,100.33,62.2723004694836,118.4,63.18,43.16,23.41,,55.69,42.35,53.875,29.34,61.52,109.9,100.27,98.18,125.43,227.61,60.43,76.88,265.28,74.02,66.05,87.95
319,03/20/2019,42.3,50.63,51.41,22.9,36.32,56.16,117.13,159.69,48.29,42.3,109.8,50.8075117370892,27.76,32.02,45.53,23.99,,69.37,48.18,69.695,28.25,55.72,118.32,90.74,98.81,107.07,164.6,65.41,59.77,301.8,64.88,62.79,98.64
320,03/20/2020,30.61,48.85,31.78,26.05,45.3,54.7,140.13,151,53.37,45.12,117.73,52.4037558685446,23.53,22.28,38.3,31.77,,47.63,43.32,62.27,26.05,34.28,103.93,61.09,114.34,104.17,119.7,35.33,36.94,243.84,53.62,46.42,113.97
321,03/20/2023,76.93,62.38,95.04,36.15,54.08,74.98,210.33,236.82,80.65,38.76,244.54,61.0516431924883,35.22,37.94,60.6,47.35,,99.08,67.73,73.28,52.275,46.07,177.59,96.3,210.67,154.46,215.4,74.09,50.86,237.32,58.57,33.19,140.9
322,03/21/2018,42.62,54.76,73.02,35.34,42.17,62.42,92.98,146.13,45.51,32.79,98.47,59.793427230047,118,61.99,43,23.45,,55.36,42.03,53.52,29.04,60,108.74,97.75,98.33,120.16,226.07,60.3,76.05,260.05,73.69,66.27,88.18
323,03/21/2019,42.88,51.36,52.29,25.82,37.86,57.4,117.82,161.79,50.04,43.11,111.5,53.0328638497653,28.04,32.75,45.51,24.32,,71,48.88,71.64,27.1,56.93,119.44,91.91,100.97,111.59,169.39,65.91,60.81,304.96,66.52,63.6,99.06
324,03/21/2022,87.16,64.94,110.08,31.96,42.47,107.39,228.4,273.97,62.82,49.75,208.36,57.2300469483568,37.78,37.62,60.58,55.68,,54.49,61.37,96.72,39.5,52.25,162.56,94.14,256.95,130.17,225.85,80.75,52.65,348.7,86.58,47.38,144.23
325,03/21/2023,77.69,62.38,97.2,36.42,54.08,75.56,210.09,238.5,80.75,38.51,243.19,61.1737089201878,35.15,38.04,60.32,47.76,,99.65,67.83,72.79,51.895,46.2,178.01,95.7,213.87,154.11,216.17,75.2,50.91,244.87,58.23,33.54,140.42
326,03/22/2018,41.94,53.94,72.05,35.45,42.1,61.79,91.75,144.5,44.45,32.7,97.05,59.5023474178404,118.02,60.53,42.76,23.39,,54.58,41.05,53.28,28.39,60.39,107.94,97.67,96.48,118.28,224.23,59.77,74.39,256.81,72.7,65.83,87.14
327,03/22/2019,42.62,51.74,51.7,26.45,38.24,56.04,117.47,159.5,50.74,43.59,112,53.2769953051643,27.71,32.29,45.93,24.34,,71.66,49.13,71.185,26.755,55.92,120.72,91.17,100.14,114.3,169.53,65.56,59.45,301.69,66.61,62.41,98.28
328,03/22/2021,56.43,69.18,77.66,38.27,51.02,73.47,193.96,286.18,61.45,48.55,156.38,58.5821596244132,34.58,39.55,51,36.19,,79.25,58.84,87.85,44.525,51.64,137.8,89.98,189.79,127.25,230.72,78.6,49.85,402.66,75.47,53.11,132.37
329,03/22/2022,87.56,66.12,110.33,32.31,42.99,107.23,226.06,281.9,62.68,49.73,208.3,57.3521126760563,37.83,37.95,60.8,56.57,,55.72,61.57,96.78,40.65,53.31,164.34,93.65,255.05,130.3,227.72,81.11,52.88,346.85,86.78,47.43,143.8
330,03/22/2023,76.97,62.43,95.64,36.32,53.59,74.41,206.44,237.3,79.87,38.18,242.74,60.5539906103286,34.67,37.57,60.05,48.04,,99.71,67.36,72.11,51.175,45.15,176.51,92.37,210.78,151.97,214.14,74.06,49.99,240.8,57.2,32.5,139.52
331,03/23/2018,42.05,53.1,72.52,35.5,42.27,60.86,90.06,143.8,44.21,32.55,96.06,59.1079812206573,117.95,60.03,42.33,23.28,,54.05,40.51,52.86,27.93,59.27,106.15,95.63,95.47,118.76,220.92,59.32,72.16,252.86,71.54,65.43,85.42
332,03/23/2020,29.31,46.48,32.74,25.76,42.93,53.09,139.87,144.38,47.28,42.31,111.43,50.2910798122066,23.18,20.77,37.56,31.08,,47.71,41.93,56.915,25.485,31.38,105.18,59.98,121.36,95.79,105.64,36.27,34.56,225.31,57.6,43.61,114.28
333,03/23/2021,55.56,69.86,75.58,38,50.63,71.9,197.09,281.28,61.19,48.69,156.92,58.7699530516432,34.61,38.92,51.39,36.64,,78,58.6,87.56,44.81,50.51,139.46,88.05,190.74,126.46,229.08,77.78,48.79,399.28,73.41,52.03,133.94
334,03/23/2022,89.09,65.11,111.96,32.14,43.01,106.2,221.55,273.43,64.23,49.93,207.76,57.8215962441315,36.87,38.28,60.4,56.45,,54.8,60.78,96.14,39.025,53.22,163.48,91.25,233.0,130.18,224.52,80.43,52.5,328.97,85.73,46.74,141.95
335,03/23/2023,75.13,61.79,93.54,36.57,53.5,72.37,202.85,238.72,82.15,37.95,243.98,60.6572769953052,34.11,37.42,59.92,48.52,,98.78,67.2,71.2,51.195,43.46,175.65,90.27,210.59,151.09,214.99,73.23,49.56,241.34,56.08,32.33,140.65
336,03/24/2020,32.32,48.97,35,26.53,43.5,54.35,141.82,157.83,48.23,44.85,121.92,52.8356807511737,23.89,22.99,39.45,30.15,,55.04,46.66,62.465,26.865,32.38,113.84,63.6,135.06,105.73,123.82,38.98,37.47,255.88,59.99,45.25,115.03
337,03/24/2021,55.92,69.07,75.53,36.9,48.77,73.21,197.08,284.98,58.62,48.06,157.26,57.7558685446009,34.37,38.23,51.52,35.71,,77.99,58.06,87.53,44.36,49.51,138.81,88.55,192.18,123.14,229.68,77.65,48.36,403.66,73.57,51.78,133.11
338,03/24/2022,90.43,66.43,113.99,32.28,43.32,108.05,220.9,276.68,66.36,50.26,211.24,58.018779342723,37.26,38.63,60.98,56.75,,55.76,60.85,96.65,39.28,52.5,164.47,92.58,241.37,131.39,226.46,81.53,52.92,334.45,86.33,47.02,142.83
339,03/24/2023,76.61,62.95,93.93,37.21,54.54,73.26,205.81,241.69,84.8,38.65,247.86,61.4741784037559,34.87,38.18,60.9,49.05,,100.19,69.04,72.87,52.04,43.97,179.09,90.75,212.58,154.69,217.95,74.64,50.7,248.93,57.06,32.7,141.8
340,03/25/2019,42.35,52.29,51.44,27.36,38.28,54.95,118.75,159.98,51.09,44.07,112.42,53.2112676056338,27.81,32.5,46.03,24.15,,72.83,49.41,71.965,27.275,56.55,120.85,88.27,101.42,115.93,168.04,66.2,58.75,299.59,67.46,61.69,98.17
341,03/25/2020,32.7,52.09,36.63,26.08,41.41,53.64,137.23,167.76,47.65,41.94,126.14,52.7417840375587,25,22.96,41.61,27.94,,56.33,46.11,62.095,26.83,34.37,112.5,66.07,135.71,105.19,126.61,45.65,37.54,280.86,63.19,41.44,109.4
342,03/25/2021,56.88,68.95,77.1,37.88,49.37,74.07,197.78,286.16,59.53,48.48,157.04,58.9014084507042,34.54,39.2,52.02,36.49,,79.8,58.56,88.7,44.395,50.19,139.63,88.69,187.53,126.64,231.16,79.59,50.1,410.28,75.35,51.71,134.01
343,03/25/2022,93.49,66.65,117.21,32.89,44.53,108.56,221.47,274.89,67.39,50.7,214.37,58.9859154929578,37.58,39.29,61.53,57,,57.22,61.52,97.92,39.35,53.62,165.24,93.45,240.33,133.69,229.41,80.91,53.96,339.4,86.93,47.12,143.45
344,03/26/2018,42.83,54,73.19,36.36,42.47,61.6,92.65,148.21,45.3,33.41,98.02,60.2159624413146,118.42,61.65,42.69,23.87,,56.43,41.33,53.485,28.435,59.6,106.81,96.35,98.27,121.7,220.35,59.96,73.91,259.13,73.94,67.47,87.5
345,03/26/2019,42.29,52.72,51.59,27.12,38.52,55.39,118.77,161.81,51.8,44.38,113.25,54.056338028169,28.15,32.9,46.64,24.47,,73,49.79,72.68,27.81,57.03,122.02,88.59,102.32,115.71,171.71,66.28,59.48,304.04,67.85,61.92,98.32
346,03/26/2020,34.46,55.28,37.64,27.85,43.59,58.31,140.52,172.98,50,44.85,132.45,55.1737089201878,24.79,24.77,44.29,29,,58.84,48.9,65.82,28.92,36.64,120.26,71.16,146.52,103.47,140.69,53.48,38.62,289.99,61.23,45.67,109.82
347,03/26/2021,57.91,69.38,79.28,38.5,50.87,75.96,203.08,292.31,60.97,47.91,159.27,59.8215962441315,35.24,40.03,53.04,37.23,,80.64,59.44,90.21,45.825,52.5,142.7,90.58,190.93,128.5,235.31,80.63,51.37,413.02,75.98,52.03,135.13
348,03/27/2018,42.87,53.35,72.61,36.3,42.69,60.6,92.43,146.69,45.31,33.57,97.79,60.4507042253521,118.28,60.7,42.89,23.47,,56,40.91,53.675,28.125,60.72,107.64,96.73,97.28,122.41,218.47,59.36,74.23,257.65,74.03,65.96,86.05
349,03/27/2019,42.49,52.59,51.81,27.12,37.95,54.05,118.71,162.9,51.3,43.95,113.22,53.4647887323944,27.92,32.64,46.61,24.27,,72.27,49.63,73.695,27.44,56.3,121.89,87.03,101.5,114.9,170.12,65.64,59.29,299.78,68.0,62.23,97.21
350,03/27/2020,33.5,54.5,36.19,27.92,44.19,58.6,146.12,160.68,51.82,44.96,130.84,55.8403755868545,24.38,24.24,42.81,29.13,,57.25,47.89,66.145,28.195,36.64,120.46,69.15,141.95,103.03,144.88,50.45,38.06,282.51,58.59,44.0,109.58
351,03/27/2023,77.75,63.06,95.83,37.19,54.69,73.57,206.01,241.87,84.88,38.97,250.9,61.81220657277,35.1,38.6,61.35,48.63,,101.68,69.16,74.06,52.335,44.29,179.49,92.6,215.82,156.29,219.49,76.04,51.08,247.02,57.99,32.94,144.17
352,03/28/2018,42.8,53.82,73.06,36.32,43.41,62.71,92.94,146.03,44.35,33.66,98.25,60,118.36,61.37,43.32,23.62,,56.39,40.59,52.975,28.12,62.45,109.18,99.79,96.25,123.3,220.49,59.37,75.41,253.1,72.93,67.59,87.77
353,03/28/2019,42.72,52.65,52.2,27.74,38.3,53.36,119.36,164.42,51.49,44.41,114.33,53.4929577464789,27.97,32.89,46.58,24.44,,73.92,49.35,74.35,27.23,56.7,121.84,87.28,102.7,116.05,172.5,66.26,59.27,300.11,68.89,62.51,97.13
354,03/28/2022,92.35,66.84,113.86,32.83,44.15,108.04,226.3,277.62,66.86,50.4,214.65,59.1173708920188,38,39.39,61.92,57,,58.01,61.57,97.62,40.01,52.03,165.73,92.07,242.48,133.94,229.37,80.94,53.35,344.94,86.77,47.19,146.0
355,03/28/2023,78.55,62.98,96.6,37.28,54.75,73.12,208.13,240.43,84.77,39.16,252.9,62.2441314553991,35.14,38.39,61.42,48.92,,101.68,69.59,81.18,51.6,44.36,179.43,94.23,213.09,156.46,219.28,76.36,51.4,246.36,57.85,33.82,143.61
356,03/29/2018,43.37,54.4,73.94,36.88,43.31,62.21,93.55,149.72,45.06,34.32,98.96,61.0422535211268,118.38,62.29,43.43,23.94,,58.22,41.73,53.195,28.605,62.32,109.15,99.4,98.47,124.01,227.92,59.96,75.33,254.98,73.19,65.47,88.97
357,03/29/2019,43.13,52.78,53.07,27.74,38.13,53.93,119.3,165.55,51.75,44.76,114.83,53.8779342723005,27.97,32.65,46.86,24.6,,74.94,49.92,75.315,27.29,57.43,122.55,88.39,103.97,116.5,175.33,66.76,59.65,302.16,69.43,63.27,97.53
358,03/29/2021,57.09,70.41,77.68,38.69,51.96,76.3,203.39,290.53,62.49,48.67,161.13,60.9859154929578,35.49,40.78,53.85,37.95,,79.19,60.18,90.13,45.96,52.3,144.81,90.99,191.05,131.05,235.98,79.03,52.91,415.72,76.4,52.85,136.67
359,03/29/2022,87.84,67.53,108.08,33.4,44.73,104.68,228.52,284.93,67.66,50.72,214.74,59.9530516431925,38.29,39.37,62.16,56.39,,59.63,63.06,96.9,41.29,51.68,168.19,93.63,247.22,135.43,231.75,83.1,54.07,346.98,88.82,47.82,147.23
360,03/29/2023,78.99,63.69,97,37.56,54.62,74.09,207.14,244.63,85.03,39.3,252.6,62.4319248826291,35.29,38.67,61.86,49.04,,102.57,70.37,81.2,52.15,44.52,180.67,94.72,213.52,157.57,223.68,77.39,51.95,246.33,58.25,34.15,144.23
361,03/30/2020,35.83,56.63,39.59,28.23,46.53,59.68,146.77,165.23,54.1,46.78,137.78,57.1924882629108,24.78,25.17,45,29.65,,57.64,51.13,71.575,29,37.31,125.48,72.55,154.21,110.63,146.44,46.35,40.3,288.34,59.15,45.16,115.19
362,03/30/2021,57.9,70,79.81,38.32,51.38,76.08,201.75,295.13,61.79,48.16,158.86,59.868544600939,34.91,40.28,53.15,38.08,,78.92,58.78,89.9,45.345,51.26,142.54,89.35,189.31,128.55,233.95,79.89,52.34,414.79,75.95,52.98,135.74
363,03/30/2022,89.3,67.31,109.71,33.4,44.1,103.55,227.47,279.16,67.94,51.5,216.65,60.1596244131455,38.15,39.4,62.21,56.37,,59.72,62.75,97.26,40.03,52.05,167.96,93.94,249.01,134.88,233.08,82.99,54.3,348.31,88.71,47.46,149.87
364,03/30/2023,79.47,63.54,95.34,37.39,54.4,74.7,207.69,246.72,84.96,39.24,253.29,62.5915492957746,35.13,38.84,61.85,49.06,,102.86,69.58,81.01,52.49,44.5,180.83,96.62,215.95,157.54,224.91,76.94,51.69,248.95,58.32,34.63,145.67
365,03/31/2020,35.18,55.51,41.03,29.34,46.16,59.33,151.01,159.34,52.77,46.64,132.5,56.3286384976526,24.27,24.74,44.25,30.12,,57.1,50.08,70.605,28.13,38.67,120.1,72.96,147.29,111.0,143.36,45.63,39.01,292.86,57.87,45.75,113.62
366,03/31/2021,57,68.97,79.27,37.6,50.27,75.23,202.62,290.85,61.32,47.78,158.16,59.4366197183099,34.37,40,52.71,35.99,,77.48,58.53,89.16,45.545,51.16,141.45,88.74,194.02,126.53,228.0,78.74,51.15,415.46,74.3,54.9,135.83
367,03/31/2022,90.26,67.02,110.81,33.57,44.57,101.21,222.63,272.32,67.72,51.54,216.63,60.5539906103286,37.9,39.39,62,57.37,,59.91,62.78,99.8,39.95,52.25,167.38,93.94,242.51,135.41,230.32,81.65,53.38,354.83,89.63,44.77,148.92
368,03/31/2023,79.66,64.27,95.52,37.56,54.98,74.31,210.46,246.46,85.46,39.88,254.41,62.8732394366197,35.28,38.67,62.03,49.37,,104.52,69.72,83.21,54.01,44.62,182.3,97.25,218.99,157.37,225.89,77.23,51.68,253.31,59.32,34.58,147.45
369,04/01/2019,42.68,53.59,52.81,27.63,37.85,54.19,118.33,164.77,50.99,43.78,113.84,52.6009389671362,27.7,32.5,46.72,24.48,,73.97,49.69,75.175,26.64,57.73,122,88.2,104.67,115.73,177.59,66.78,60.37,302.26,69.7,63.49,97.82
370,04/01/2020,33.87,53.47,38.37,29.76,45.98,58.34,153.16,153.38,53.12,46.35,131.66,57.3615023474178,23.66,23.68,42.12,30.5,,51,48.68,69.31,26.55,37.61,118.12,71.12,142.29,109.6,136.88,41.87,37.85,279.8,55.34,43.03,114.14
371,04/01/2021,57.65,69.65,80.2,37.29,49.97,74.3,202.4,292.33,60.92,47.6,158.76,59.4741784037559,34.5,40.03,52.51,35.95,,78.08,58.44,89.24,45.68,51,141.28,88.06,194.44,126.25,229.62,77.99,51.9,414.15,74.87,54.75,135.62
372,04/01/2022,91.17,67.85,112.78,34.08,45.05,101.09,226.3,274.41,68.85,52.42,218.77,61.6056338028169,38.24,39.93,62.87,57.48,,61.2,63.53,101.92,41.075,52.71,169.76,96.78,246.44,137.51,233.71,82.41,52.42,354.82,91.04,43.86,151.01
373,04/02/2018,42.27,53.24,72.58,35.89,42.25,61.04,93.43,147.67,44.09,33.49,97.04,59.2676056338028,118.1,60.06,42.67,23.28,,58.07,40.71,51.915,27.81,60.51,107.05,97.54,95.8,119.77,228.16,58.36,73.09,250.04,68.64,63.1,85.55
374,04/02/2019,42.26,52.9,52.16,27.39,37.62,52.13,117.89,163.22,50.98,43.08,114.75,52.9107981220657,27.37,32.08,46.57,23.76,,74.36,49.64,75.505,26.665,56.69,121.68,88.01,105.01,116.05,176.71,66.33,60.15,302.73,69.26,55.36,96.94
375,04/02/2020,34.33,54.64,39.08,29.93,47.45,55.41,159.7,149.21,54.88,47.58,135.73,57.5774647887324,23.86,24.64,43.95,31.6,,49.88,50.38,72.605,27.53,36.22,123.86,74.34,150.13,110.26,131.22,41.29,40.0,295.3,54.15,40.32,118.65
376,04/03/2018,43.12,53.97,74.12,36.18,42.28,62.58,93.31,149.38,44.3,34.22,97.81,59.5023474178404,118.19,60.24,43.38,23.59,,59.13,41.18,52.015,27.865,62.66,108.19,99.85,96.92,121.72,225.09,59.44,73.64,251.34,69.93,63.17,86.8
377,04/03/2019,42.22,52.66,51.89,27.47,37.25,52.79,118.17,164.28,50.29,41.93,114.86,53.2018779342723,27.6,32.25,46.18,23.8,,73.09,49.73,75.605,26.295,53.98,121.56,85.81,103.0,115.34,179.69,66.47,59.84,302.33,68.93,54.84,97.19
378,04/03/2020,34.65,55.44,37.17,31.21,49.53,55.72,162.2,154.08,56.71,48.38,139.77,59.6995305164319,23.8,25.32,43.83,32.29,,50.2,50.79,73.44,27.11,37.41,124.59,73.46,152.97,112.33,132.17,39.5,41.01,294.37,53.82,40.72,119.48
379,04/03/2023,80.42,64.08,96.66,37.44,55.15,76.09,211.87,246.79,85.92,40.42,257.16,63.0140845070423,35.39,38.85,62.4,49.94,,104.22,70.22,84.32,53.58,44.98,182.5,97.9,219.17,157.64,225.42,78.16,52.12,251.84,59.41,35.46,148.69
380,04/04/2018,43.9,54.71,75.64,37.01,43.23,64.28,95,150.5,45.37,35.87,100.6,60.9671361502348,118.42,61.38,44.24,24.08,,59.43,42.07,52.52,28.385,63.35,110.18,100.92,95.84,123.7,226.45,61.21,74.1,252.64,71.54,65.51,87.22
381,04/04/2019,42.73,53.09,53.22,27.79,37.45,53.4,120.16,163.07,50.26,41.58,114.91,53.0046948356808,27.26,32.69,46.48,23.68,,70.32,49.65,76,26.435,54.6,121.47,86.07,101.3,115.69,191.45,66.86,60.76,302.2,70.03,54.15,98.11
382,04/04/2022,90.43,67.39,111.45,34.12,44.99,100,226.27,278.62,68.49,51.7,216.52,61.3239436619718,38.36,39.89,62.54,57.44,,60.69,63.04,101.35,41.3,52.72,169.32,96.28,245.71,134.64,229.71,82.88,52.07,344.55,89.85,43.4,151.04
383,04/04/2023,79.38,62.9,94.51,37.58,54.98,76.25,214.19,244.56,86.07,40.9,258.07,63.1830985915493,35.36,38.61,62.21,49.46,,103.58,70.52,85.14,53.16,44.45,181.85,97.54,220.24,155.74,218.23,77.74,51.94,256.09,59.68,35.85,147.23
384,04/05/2018,44.43,55.29,75.14,36.81,43.48,64.66,96.4,151.48,45.43,35.11,99.7,60.6197183098592,118.65,61.31,44.4,23.81,,61.47,42.2,52.65,28.705,64.54,110.57,101.7,95.21,124.0,229.93,60.31,73.88,252.06,70.97,64.65,87.81
385,04/05/2019,42.93,53.22,53.25,28.29,38.26,54.06,122.58,163.5,50.88,41.93,115.87,53.3333333333333,27.31,33.17,46.47,23.9,,71.63,49.68,75.945,26.44,54.77,121.62,85.44,100.91,116.54,193.3,67.14,60.63,302.28,69.8,54.69,98.83
386,04/05/2021,57.52,70.56,78.94,37.49,50.09,75.04,207.78,295.27,61.53,47.8,159.35,59.7558685446009,35,40.31,52.81,36.73,,80.6,58.82,89.08,46.72,51.32,143.16,88.6,195.11,127.09,230.28,79.28,52.75,422.49,74.62,56.8,139.43
387,04/05/2022,90.9,67.65,111.89,34.1,44.88,99.46,229.36,272.66,69.16,52.27,218.41,61.774647887324,36.95,39.59,62.47,57.65,,60.29,63.01,102.79,40.95,52.64,169.5,95.66,245.48,137.77,230.34,82.5,51.39,342.55,90.19,43.49,151.47
388,04/05/2023,79.41,62.93,92.24,38.27,55.56,77.75,212.01,239.43,87.06,40.49,259.43,63.8779342723005,35.4,39.02,62.8,48.06,,104.17,71.4,85.31,52.8,44.43,183.64,98.74,221.15,157.29,221.44,77.45,52.5,262.17,59.96,36.12,149.67
389,04/06/2018,44.33,54.42,75.59,36.74,43.73,63.38,94.97,150.25,45.47,34.93,98.85,60.3192488262911,118.6,60.54,43.92,23.77,,61.78,41.48,52.1,27.965,63.85,109.3,101.02,93.62,123.94,227.19,59.72,73.16,246.68,70.11,63.47,86.69
390,04/06/2020,35.78,57.39,38.27,31.3,47.61,56.22,169.65,160.5,57.7,48.55,141.86,59.6338028169014,24.59,25.91,46.67,32.63,,51.82,52.03,76.005,29.035,37.28,131.16,75.68,158.3,115.19,142.26,45.01,42.9,321.45,56.45,42.63,126.07
391,04/06/2021,58.04,70.95,79.31,37.62,50.09,74.62,205.63,295,61.74,48.08,160.76,60.112676056338,35.07,40.7,53.19,36.89,,80.92,59.09,89.73,46.865,51.38,143.67,88.63,196.29,127.74,236.3,81.25,52.41,423.37,75.89,55.7,140.1
392,04/06/2022,92.83,68.36,113.16,34.34,44.89,102.06,239,264.73,69.73,52.75,221.75,62.4882629107981,37.83,40.04,63.1,58.73,,60.44,63.21,102.52,40.41,53.83,172.39,99.02,247.29,137.22,231.81,83.04,50.76,341.33,90.9,44.31,154.99
393,04/06/2023,78.74,62.66,92.46,38.38,55.47,77.54,212.44,241.26,86.9,40.31,259.87,63.8403755868545,35.64,39.14,62.84,48.52,,106.86,71.05,85.8,52.56,44.43,184.36,99.03,221.85,156.51,224.64,77.27,52.15,262.49,59.61,35.78,150.8
394,04/07/2020,35.98,58.65,38.02,30.45,46.74,56.87,169.18,163.17,56.44,47.91,141.11,58.7323943661972,25.91,26.61,46.51,31.86,,55.1,51.8,75.15,29.205,38.48,130.48,74.51,153.68,113.88,149.59,46.07,43.53,308.39,57.37,42.81,121.99
395,04/07/2021,57.84,70.38,78.58,37.24,49.22,74.49,205.73,295.13,61.39,47.53,160.57,59.7840375586854,35.27,40.64,53.28,37.15,,77.99,59.19,89.16,47.115,51.13,143.41,88.28,197.12,127.85,234.94,80.65,51.72,419.61,75.72,55.58,139.8
396,04/07/2022,93.98,68.34,116.74,34.43,45.16,103.61,241.69,267.02,69.75,52.9,222.71,63.0422535211268,37.61,40.31,63.44,59.88,,65.26,62.89,102.99,40.89,53.73,172.55,99.67,252.08,137.34,242.5,83.68,50.49,343.17,91.44,45.11,156.54
397,04/08/2019,43.09,53.02,53.53,28.3,38.53,54.15,122.3,164.82,51.31,42.32,116.27,53.9906103286385,27.61,33.19,46.55,23.86,,72.87,49.61,76.64,26.535,55.28,122,85.31,101.46,117.98,192.34,67.24,60.79,303.35,70.44,55.06,99.23
398,04/08/2020,36.48,61.22,39.44,31.31,46.16,59.41,169.22,165.73,55.73,47.37,142.71,57.7089201877934,26.61,27.32,47.82,31.02,,57.75,51.79,74.55,30.13,40.13,132.61,74.66,155.16,114.13,157.77,47.25,45.62,321.58,58.41,43.09,121.84
399,04/08/2021,58.14,71.05,78.39,37.3,48.75,73.79,207.19,298.58,60.95,47.22,160.11,59.962441314554,35.31,40.81,53.12,37.23,,77.62,58.98,89.64,47.65,51.48,142.54,89.44,197.24,128.13,224.21,80.61,51.58,420.15,76.33,54.79,139.71
400,04/08/2022,95.25,68.31,118.25,34.5,45.47,106.61,245.8,266.64,70.17,52.71,223.72,63.4366197183099,37.65,40.94,63.83,61.67,,66.33,63.4,102.12,40.81,54.11,173.13,100.07,249.33,138.8,244.46,85.57,51.56,346.47,92.44,45.42,157.41
401,04/09/2018,44.22,55.09,74.91,36.77,43.26,63.31,95.7,150.33,44.95,35.39,99.36,60.5446009389671,119.5,60.65,43.83,23.54,,62.29,41.68,52.71,28.115,63.25,109.38,100.7,94.65,125.11,226.21,59.85,73.18,248.26,70.27,62.85,86.28
402,04/09/2019,42.78,52.86,53.11,27.54,39.49,53.72,121.42,163.85,51.03,41.75,116.02,53.6713615023474,27.68,32.95,46.67,23.94,,72.92,49.64,76.65,27.345,55.11,122.17,85.84,101.35,119.48,190.89,66.96,59.55,303.36,69.57,54.5,98.69
403,04/09/2020,37.58,62.89,40.83,32.46,47.75,60.47,169.24,164.83,57.4,47.54,143.91,58.9107981220657,26.86,28.11,49,31.06,,58.4,52.34,77.15,30.255,40.91,133.63,75.34,159.82,112.75,166.24,49.59,47.4,325.56,60.94,43.98,121.8
404,04/09/2021,58.54,70.98,79.45,36.19,48.07,74.07,206.66,302.12,60.13,46.35,159.5,58.8356807511737,35.17,40.14,53.18,37.78,,77.41,58.85,88.11,47.645,51.49,142.57,91.07,199.16,128.21,224.15,80.86,50.0,427.09,76.56,54.18,139.78
405,04/10/2018,44.14,55.54,74.1,36.85,42.59,63.97,96.44,152.3,44.51,35.34,95.86,59.7370892018779,120.34,61.25,43.99,23.46,,63.77,41.74,52.86,28.16,64.22,109.4,101.1,96.66,124.39,226.07,60.62,73.99,255.62,70.71,63.76,86.45
406,04/10/2019,43.24,53.01,52.99,29.39,39.13,53.87,121.81,166.52,51.55,41.75,116.31,54.037558685446,28.06,32.98,46.64,24.98,,72.4,49.7,77.285,27.485,55.42,122.04,85.71,101.62,119.07,190.1,67.42,59.4,304.85,70.65,54.51,99.6
407,04/10/2023,80.05,62.7,94.17,37.57,55.36,76.04,216.76,240.56,86.35,40.22,258.75,63.6431924882629,35.23,39.1,62.69,48.9,,107.29,70.53,85.25,52.35,44.5,183.2,98.57,222.14,155.76,224.6,77.71,53.15,261.6,61.05,36.1,150.51
408,04/11/2018,44.13,55.55,74.49,36.74,42.84,63.07,96.27,152.42,44.87,35.36,96.65,59.4835680751174,120.53,61.54,43.99,23.48,,63.76,41.83,53.295,28.11,63.84,108.68,100.72,96.44,123.61,225.45,60.52,73.89,255.3,70.72,64.11,85.91
409,04/11/2019,43.29,53.09,52.96,29.78,39.66,52.69,122.41,168.04,51.56,41.56,115.92,53.849765258216,26.87,32.99,46.71,25.74,,71.63,49.67,77.02,27.375,55.98,121.67,85.51,100.84,119.46,191.17,68.12,60.07,305.24,71.17,53.44,100.8
410,04/11/2022,94.57,68.44,117.67,35,45.77,104.45,240.77,262.28,70.51,53.11,223.93,63.7183098591549,37.59,41.25,63.81,60.65,,65.96,63.41,102.09,41.085,54.45,172.6,101.24,242.15,139.43,247.51,84.71,52.84,338.88,93.82,44.43,154.29
411,04/11/2023,81.39,63.23,95.22,37.91,55.79,76.29,218.62,241.75,87.06,40.34,259.14,64.2065727699531,35.25,39.25,62.58,47.96,,108.04,70.31,86.11,52.28,45.09,182.92,98.64,223.17,155.65,228.16,78.32,54.05,266.5,62.05,36.31,150.07
412,04/12/2018,45.3,55.39,75.05,36.78,42.67,64,96.89,151.49,44.58,35.09,95.57,58.7887323943662,120.75,60.94,44.03,23.6,,63.32,42.03,52.54,28.265,63.4,108.31,100.25,98.5,122.64,224.22,60.51,73.61,258.22,70.15,64.04,85.43
413,04/12/2019,43.38,53.27,52.65,29.75,39.81,52.81,122.38,167.52,51.58,41.15,116.11,54.056338028169,26.51,33.07,46.74,25.67,,71.11,49.79,76.93,26.51,56.56,122.23,85.77,102.28,118.34,190.53,69.01,59.98,305.13,70.84,53.45,101.56
414,04/12/2021,58.59,72.41,79.26,37.53,48.83,74.46,209.04,303.22,60.97,47.03,159.6,59.5399061032864,35.49,40.7,53.35,37.97,,78.69,58.61,88.23,47.71,51.75,143.02,91.39,201.74,129.53,226.31,81.57,50.62,426.29,77.56,54.7,139.8
415,04/12/2022,95.07,68.24,119.3,35.09,45.71,104.64,243.83,262.7,70.43,53.33,226.02,63.8028169014085,37.63,41.12,64.56,58.75,,66.26,63.67,102.04,41.345,54.91,173.3,100.49,237.37,139.41,248.83,84.57,53.67,339.69,93.44,44.23,153.23
416,04/12/2023,81.11,62.56,94.53,37.62,55.36,74.92,216.24,247.05,87.01,40.22,258.61,64.1971830985916,35.21,39.28,62.69,47.32,,108.17,70.21,85.89,52.47,44.83,182.56,98.79,222.18,154.31,226.42,74.83,54.27,261.55,61.58,35.69,149.34
417,04/13/2018,45.2,55.43,75.14,36.8,42.45,63.43,96.28,148.81,44.8,35.04,95.96,59.2112676056338,120.81,60.92,44.51,23.73,,64.12,42.09,52.9,28.34,63.95,109.26,101.85,98.85,122.85,223.89,60.42,72.98,257.52,70.17,63.82,86.02
418,04/13/2020,36.07,59.51,38.95,31.96,48.5,58.96,171.57,162.22,57.67,47.1,142.65,58.9671361502347,26.33,27.93,46.93,31.33,,58.26,52.02,74.345,29.765,40.44,130.89,73.95,157.19,110.26,157.63,47.05,45.02,321.04,62.18,44.11,125.3
419,04/13/2021,57.9,72.24,77.68,37.22,48.86,74.02,212.04,303,60.68,46.65,158.82,59.2300469483568,35.38,40.92,53.09,37.58,,77.7,58.69,88.02,47.945,51.17,143.05,90.78,205.45,129.81,226.57,80.48,51.74,429.29,76.97,54.6,139.37
420,04/13/2022,95.55,68.92,120.96,35.66,45.81,104.98,245.39,266.58,70.68,53.48,225.58,63.81220657277,37.66,42,64.73,58.34,,67.32,63.85,102,42.005,54.8,173,101.2,236.6,139.08,248.63,86.67,54.29,338.1,94.49,44.6,157.22
421,04/13/2023,81.22,63.05,93.3,37.54,55.32,75.42,216.57,251.5,86.95,40.15,258,63.7089201877934,35.24,39.17,63.15,47.05,,109.47,70.44,86.47,52.87,44.97,184.38,99.75,226.55,153.79,226.2,74.66,56.23,262.7,61.69,35.78,149.49
422,04/14/2020,37.24,62.83,39.46,33.34,50.07,61.56,178.07,165,58.85,48.51,146.13,59.7370892018779,27.49,28.45,48.92,32.09,,60.7,54.51,76.595,32.205,42.12,138.4,77.18,163.67,113.04,167.83,48.32,46.57,330.93,61.41,46.38,129.0
423,04/14/2021,58.55,72.5,80.03,37.25,48.44,75.08,213.55,304.39,60.61,46.56,158.19,58.7605633802817,35.36,40.27,53.08,37.24,,77.52,58.32,87.91,47.4,51.35,142.11,91.07,207.68,129.07,228.82,80.53,51.15,426.91,78.26,54.47,139.32
424,04/14/2022,96.91,68.5,123.96,35.62,46.2,103.68,248.77,263.87,70.92,53.43,225.98,63.7370892018779,37.24,42.29,65.02,58.32,,68.71,63.72,101.57,41.295,54.98,171.9,101.77,234.21,139.69,251.42,86.27,55.61,336.62,95.45,44.81,157.08
425,04/14/2023,81.79,62.78,94.4,36.97,54.78,74.7,213.23,254.01,86.56,39.26,256.28,62.9107981220657,35.1,39.1,63.05,46.65,,108.71,69.81,84.99,52.56,45.03,183.51,99.48,224.56,152.38,228.23,73.48,56.06,263.83,60.82,35.32,148.48
426,04/15/2019,43.34,53.69,52.48,30.08,39.84,54.22,123.85,167.1,51.72,41.1,116.74,54.7887323943662,26.55,33.14,47,25.47,,71.2,50.28,77.49,27.035,56.94,123.66,86.19,103.1,119.18,190.92,69.63,60.45,302.74,71.41,54.24,102.43
427,04/15/2020,35.49,60.8,36.92,32.87,50.5,60.56,176.11,157.79,59.05,48.66,142.6,59.1079812206573,26.84,28.05,47.61,32.03,,55.91,53.71,76.28,31.145,40.91,135.03,75.44,160.17,115.4,162.36,46.1,44.6,331.04,60.15,43.44,128.76
428,04/15/2021,58.67,73.49,80.91,37.58,48.88,75.78,215.75,305.13,60.55,46.38,160.9,59.1267605633803,35.83,41.05,53.33,37.19,,78.73,58.71,88.48,47.975,51.61,142.31,91.83,204.2,130.79,234.6,80.58,52.94,431.24,78.3,53.72,140.16
429,04/16/2018,45.47,55.9,75.06,37.21,42.81,66.1,97.07,150.82,45.24,35.44,96.8,59.9342723004695,121.04,61.19,44.68,24.17,,64.73,42.23,53.63,28.49,64.25,109.92,102.95,99.7,120.95,227.02,61.26,73.55,262.52,71.29,66.22,86.84
430,04/16/2019,42.98,52.58,51.74,30.09,39.43,53.9,123.7,169.84,51.47,40.78,116.83,54.8262910798122,26.42,33.04,46.95,25.57,,69.66,50.12,76.6,27.1,56.39,122.41,86.21,101.85,118.93,190.01,70.1,59.53,294.03,72.06,54.84,102.93
431,04/16/2020,35.66,62.51,38.11,33.47,51.11,62.56,180.13,161.87,60.69,50.21,145.45,60.2159624413146,26.81,29.23,47.1,31.95,,57.55,53.43,77.71,30.935,40.4,135.64,75.39,161.32,121.13,162.15,45.74,43.17,330.08,60.88,43.23,132.33
432,04/16/2021,59.45,74.26,83.62,37.55,49.4,75.88,216.74,312.29,61.3,46.84,160.99,59.4835680751174,36.01,41,53.68,37.11,,80.61,58.77,88.79,49.085,52.31,144.16,92.91,207.51,131.72,238.86,80.56,53.47,432.56,78.92,53.3,140.61
433,04/17/2018,45.69,56.05,74.8,37.51,42.53,67.11,99.87,153.11,45.26,35.42,96.7,59.8967136150235,120.67,61.69,44.88,24.23,,65.5,41.91,54.225,28.84,63.98,108.87,103.3,100.72,120.55,231.4,62.5,73.71,266.46,71.45,65.97,87.9
434,04/17/2019,43.04,52.9,51.55,30.12,39.13,52.54,124.3,169.53,51.75,40.72,116.75,54.5446009389671,26.24,32.89,47.28,25.54,,68.63,50.23,76.23,27.445,56.18,127.01,85.48,97.37,119.26,191.58,70.64,59.42,277.75,73.28,55.14,103.16
435,04/17/2020,37.19,63.97,40.09,33.58,50.34,63.36,182.11,174.26,60.67,50.51,146.46,61.0516431924883,26.15,29.33,48.06,31.93,,59.92,53.48,78.445,31.095,40.85,137.55,77.96,165.16,121.58,162.7,50.31,44.38,346.68,62.34,44.5,132.12
436,04/17/2023,82.2,63.72,95.75,37.27,55.21,75.8,213.52,253.25,87.09,39.82,259.03,63.4929577464789,35.39,39.54,63.46,47.81,,109.47,70.26,85.52,52.88,45.44,184.45,99.94,225.45,153.38,229.68,75.28,56.98,260.65,61.44,35.94,149.52
437,04/18/2018,45.65,55.26,74.86,37.17,41.84,66.61,100.18,152.5,44.73,35.54,95.34,59.5399061032864,119.96,60.79,44.51,24.58,,65.51,41.99,54.065,28.735,61.5,106.98,101.44,101.17,120.18,232.16,61.85,73.23,268.7,71.1,66.26,87.57
438,04/18/2019,42.76,52.85,51.13,30.52,39.39,52.63,123.55,170.33,51.72,40.39,116.96,54.8826291079812,26.61,32.96,47.48,25.78,,67.62,50.09,77.19,27.6,54.37,127.09,84.49,99.22,120.7,198.8,70.99,61.4,277.05,73.49,54.63,103.18
439,04/18/2022,96.46,67.46,126.76,35.39,45.47,103.42,250.18,264.12,70.84,53.02,224.41,63.4929577464789,36.78,42.16,64.44,57.82,,67.16,63.57,100.25,41.22,54.6,170.42,101.05,231.99,138.89,252.82,85.91,55.63,327.01,95.08,44.5,155.88
440,04/18/2023,82.55,63.68,97.8,37.2,55.12,76.14,216.26,257.08,87.48,39.75,259.6,63.6244131455399,35.39,39.46,63.56,47.85,,109.65,70.5,85.15,52.68,46.14,184.83,101.33,222.89,152.6,227.35,74.77,57.32,259.69,60.87,35.58,149.85
441,04/19/2018,45.79,55.46,75.7,36.66,41.27,65.86,99,151.83,44.03,35.4,93.56,58.4037558685446,120.44,59.73,44.31,24.18,,65.25,41.01,53.225,28.655,57.78,105.57,85.64,100.37,117.04,229.62,61.58,73.06,269.64,70.38,65.28,87.89
442,04/19/2021,59.29,74.84,83.18,37.85,49.66,75.75,216.73,309.18,61.3,46.52,160.98,59.81220657277,36.13,40.95,54,37.43,,79.73,58.69,88.85,48.93,49.08,144.75,91.67,205.66,132.15,237.6,81.08,54.01,431.79,78.55,53.79,139.71
443,04/19/2022,95.93,68.03,123.24,36.23,46.2,103.86,255.36,274.56,71.72,53.73,226.98,64.131455399061,37.56,42.61,65.07,57.79,,68.07,65.21,101.53,41.9,55.22,172.9,102.58,239.42,142.32,253.87,88.1,55.87,338.73,97.48,45.6,157.65
444,04/19/2023,81.95,64.15,96.75,37.35,54.23,74.21,216.51,256.63,87.13,39.83,257.3,63.2394366197183,35.35,39.47,63.68,47.45,,108.95,70.36,85.26,52.49,46.46,184.72,101.51,222.37,152.17,227.87,74.76,57.43,268.49,61.62,34.83,150.01
445,04/20/2018,45.5,54.49,73.73,36.43,40.36,65.12,96.34,148.73,43.41,35.45,92.48,56.5915492957747,120.32,58.22,43.74,24.12,,65.36,40.11,51.62,28.25,57.23,102.48,84.27,98.8,114.92,227.58,61.15,70.38,271.03,69.2,63.92,86.98
446,04/20/2020,36.34,61.46,38.88,33.88,51.3,62.34,179,167.79,60.76,49.92,144.58,62.2065727699531,26.02,29.17,46.53,31.93,,57.51,53.49,78.06,30.69,39.07,134.55,76.86,164.28,121.62,156.62,49.61,43.49,344.85,63.86,42.85,129.85
447,04/20/2021,58.71,75.95,81.31,38.27,50.14,75.91,218.29,309.43,62.3,47.27,162.19,60.3004694835681,36.17,41.03,54.17,37.76,,79.16,59.21,90.62,48.7,47.19,145.71,94.0,205.7,132.51,238.31,80.31,52.43,431.86,78.53,53.34,140.79
448,04/20/2022,98.22,69.33,126,36.54,47.14,106.64,259.04,278.26,72.83,54.68,229.68,64.7417840375587,38.01,43.35,65.96,57.7,,69.15,65.73,104,42.675,55.37,175.47,103.05,245.04,143.64,258.78,89.1,56.78,346.04,98.4,46.54,159.63
449,04/20/2023,81,64.07,96.39,37.4,54.38,73.25,217.9,258.48,87.57,39.9,260.42,63.1361502347418,35.53,39.41,63.96,47.8,,110.18,71.03,85.4,52.9,45.99,185.33,96.71,224.85,151.81,226.95,74.4,57.7,267.53,60.86,35.37,150.97
450,04/21/2020,35,60.29,36.13,33.83,50.44,60.25,178.74,161.11,59.78,48.93,141.62,61.5211267605634,25.65,28.47,45.38,32.17,,55.71,51.08,75.59,29.52,37.76,130.94,72.28,157.35,117.36,153.02,49.1,42.1,328.35,61.91,42.55,129.21
451,04/21/2021,59.83,77.14,82.8,38.55,50.55,76.7,216.84,309.87,62.76,47.31,162.94,60.6009389671362,36.31,41.58,54.61,37.91,,80.87,59.57,91.92,48.995,47.58,146.98,94.19,208.51,133.66,241.13,82.4,53.17,438.28,79.58,54.05,141.2
452,04/21/2022,96.05,68.82,122.33,36.56,47.48,105.18,255.83,271.95,73.19,54.81,228.79,65.4647887323944,37.51,44,66.21,58.18,,68.66,65.84,104.28,43.44,56.53,174.84,105.06,239.0,143.66,254.21,89.74,55.87,338.51,97.79,46.81,159.87
453,04/21/2023,80.5,63.97,95.1,37.45,53.67,72.84,218.22,256.23,87.45,39.85,260.85,63.2394366197183,35.31,39.22,64.05,47.92,,110.35,71.32,85.68,53.07,46.15,185.41,97.77,228.07,151.24,226.44,75.56,58.32,269.21,61.0,35.27,151.73
454,04/22/2019,42.66,52.98,51.31,30.88,39.32,52.43,123.56,169.92,51.75,40.43,117.04,54.7981220657277,26.85,32.9,47.4,25.5,,68.9,50.18,76.335,27.485,54.61,126.44,84.29,100.01,121.22,205.46,70.58,61.16,274.54,72.85,54.1,102.37
455,04/22/2020,35.4,59.91,37.8,34.3,50.8,60.35,179.15,165.98,60.19,48.4,143.28,60.7323943661972,26.54,28.76,45.68,32.31,,56.33,52.22,76.685,30.06,37.81,132.62,73.06,160.92,118.56,155.22,51.35,42.1,334.03,59.92,43.31,131.59
456,04/22/2021,58.87,77.19,83.35,38.17,49.53,76.18,215.16,312.09,62.03,47.01,162.24,60.0657276995305,36.03,40.97,54.44,37.43,,80.12,59.55,91.42,48.755,46.5,146.07,94.01,208.22,132.11,238.33,82.38,52.28,439.35,79.04,52.58,139.67
457,04/22/2022,92.18,66.99,117.94,36.12,46.94,101.68,248.81,264.04,72.5,53.58,224.14,65.0985915492958,37,43.18,65.25,57,,68.2,65.06,102.28,42.825,55.53,172.15,102.69,227.41,142.24,250.96,88.8,53.77,321.11,94.92,45.54,156.86
458,04/23/2018,45.49,55.03,73.44,36.5,40.84,65.68,97.01,147.95,44.56,35.77,93.18,56.8262910798122,119.88,57.68,43.98,24.79,,65.66,40.35,51.885,28.435,56.57,102.58,83.67,97.94,114.57,228.26,61.34,71.92,271.7,70.22,64.6,86.1
459,04/23/2019,42.7,52.86,51.25,30.89,38.9,52.96,124.23,171.11,51.01,39.24,116.86,54.8638497652582,27.35,33.1,48.21,25.22,,69.48,50.36,75.64,28.115,54.82,127.09,84.91,101.49,121.72,207.48,70.4,61.28,280.15,74.45,53.22,103.07
460,04/23/2020,35.74,60.46,39.13,33.98,50.54,61.28,176.5,162.75,59.71,47.2,136.91,60.5633802816901,26.17,28.53,45.07,32.88,,56.69,51.33,75.81,29.815,38.45,130.26,71.78,158.73,116.81,153.05,49.75,41.87,334.43,60.9,43.5,128.53
461,04/23/2021,59.41,77.1,85.1,37.61,48.77,76.05,213.31,313.79,61.26,46.39,161.43,59.4178403755869,36.18,40.41,54.47,37.35,,81.34,59.51,91.47,49.34,47.39,145.83,94.61,209.3,129.77,240.58,82.64,52.27,443.71,78.7,53.02,139.9
462,04/24/2018,45.16,54.36,72.72,36.82,41.08,66.6,96.82,146.87,44.37,36.2,92.77,56.7699530516432,118.8,56.53,43.07,25.38,,65.44,39.77,51.83,27.865,55.3,101.44,82.49,96.56,114.55,226.23,61.93,71.69,263.37,70.37,65.0,86.53
463,04/24/2019,42.78,53.13,51.12,31.28,39,52.93,126.04,170.42,50.68,39.81,117.07,54.9953051643193,27.5,32.76,47.98,25.57,,69.29,50.38,75.665,28.41,54.71,126.92,84.45,101.73,122.36,210.14,70.07,62.51,278.88,73.76,53.47,103.53
464,04/24/2020,35.99,61.13,39.61,34.18,50.75,62.31,175.98,166.31,60.48,46.61,135.74,60.18779342723,26.29,29.23,45.43,32.96,,57.78,51.41,77.13,29.9,39.42,134.36,73.67,161.0,117.8,158.83,53.08,43.03,338.39,58.98,43.74,129.44
465,04/24/2023,80.8,63.58,95.24,37.72,53.49,73.44,222.43,253.6,87.62,39.7,261,63.4929577464789,35.36,39.18,63.95,48.24,,109.83,71.81,85.22,53.7,46.67,185.5,98.35,229.49,151.67,224.38,75.5,58.29,269.32,60.91,35.5,152.76
466,04/25/2018,45.84,54.8,72.55,37.15,41.51,67.73,97.25,146.49,44.04,36.15,93.54,57.2300469483568,119.69,56.85,42.43,25.63,,65.85,39.68,52.595,27.205,55.84,101.15,81.81,96.45,115.54,226.87,62.45,71.91,264.49,70.44,65.95,87.17
467,04/25/2019,41.72,52.67,48.6,30.95,38.18,53.23,126.38,170.39,50.22,39.66,122.44,54.4037558685446,27.66,32.52,47.84,25.77,,69.2,50.01,75.485,28.95,51.41,126.13,83.59,102.25,121.22,212.16,69.37,62.8,281.31,73.62,52.68,103.52
468,04/25/2022,90.96,66.93,116.39,36.11,46.83,101.77,248.49,268.22,72.2,53.56,224.98,65.0328638497653,37.3,43.04,65.94,56.69,,69.14,65.78,102.37,43.34,55.23,173.74,102.53,225.95,142.21,248.74,89.74,54.44,326.35,94.51,45.39,156.94
469,04/25/2023,75.9,63.95,91.38,38.14,54.67,72.87,219.44,247.05,88.5,40.02,262.98,64.3661971830986,35.89,39.44,63.85,47.97,,109.79,72.5,85.84,54.21,46.99,189.71,98.69,226.61,154.34,226.53,74.97,58.71,268.34,61.0,34.89,151.57
470,04/26/2018,45.85,55.6,71.97,37.41,41.73,68.69,99.03,147.59,44.37,36.31,93.29,56.4319248826291,119.81,57.33,42.75,25.63,,66.41,39.77,53.425,27.55,54.77,103.26,81.49,97.2,115.36,228.73,62.95,72.49,269.12,71.03,66.74,87.94
471,04/26/2019,40.91,53.59,48.97,30.99,38.64,53.53,125.26,172.5,51.09,39.94,125.17,55.7746478873239,28.53,33.06,48.26,25,,69.69,50.29,76.42,29.825,52.79,126.4,84.76,103.94,122.79,212.16,69.1,63.83,282.04,74.16,52.85,101.53
472,04/26/2021,59.98,75.96,86.05,37.2,47.92,75.75,211.73,316.25,60.54,46,159.03,58.6291079812207,35.61,40.13,53.66,36.54,,81.61,58.77,90.35,48.57,47.22,143.36,94.39,210.89,129.77,238.51,82.28,52.94,440.01,77.95,52.73,137.91
473,04/26/2022,90.64,66.51,114.86,35.41,46.36,101.43,245,254.77,71.03,52.36,220.13,64.093896713615,37.05,42.31,65.05,55.72,,66.38,64.04,100.59,43.13,54.88,173.3,102.77,216.66,139.61,247.92,87.65,54.17,316.89,92.58,44.87,155.3
474,04/26/2023,77.03,64,92.03,37.82,54.54,72.26,219.26,240.84,87.88,39.84,261.75,64.2816901408451,35.5,39.36,63.55,47.82,,110.25,72.33,84.98,54.26,46.69,188.54,98.2,223.92,152.94,225.44,73.97,59.13,265.68,60.35,34.81,150.91
475,04/27/2018,46.05,56.04,72.69,37.34,42.08,69.95,98.36,148.74,44.52,36.47,93.38,56.5633802816901,119.96,57.66,43.31,25.52,,66.59,39.93,53.345,28.095,56.13,101.71,82.56,94.39,116.18,234.22,63.38,72.3,270.72,71.35,67.11,87.29
476,04/27/2020,36.54,60.77,39.69,34.6,51.24,63.5,179.49,165.3,59.98,46.65,135.11,61.1267605633803,25.86,30.19,46.78,33.28,,58.55,51.48,78.435,30.26,39.75,134.46,74.92,162.77,120.85,163.15,54.92,44.59,350.08,59.68,44.43,128.3
477,04/27/2021,61.82,75.82,88.34,37.06,48.02,75.11,212.4,315.5,60.54,46.16,158.71,58.3380281690141,35.51,40.1,53.58,36.77,,80.46,58.72,89.87,48.51,47.16,142.89,94.51,210.67,131.04,238.35,83.29,52.06,438.81,76.69,52.51,138.38
478,04/27/2022,93.92,67.29,118.96,35.63,47.04,100.85,243.5,259.64,71.36,52.85,222.24,64.7981220657277,37.86,42.88,65.56,55.58,,66.84,64.05,101.95,43.375,54.92,174.85,101.69,214.72,139.63,249.31,87.72,54.23,316.18,93.62,44.23,154.24
479,04/27/2023,78.01,65.28,92.69,37.9,54.98,73.06,221.55,245.67,88.79,40.41,273.33,65.0610328638498,33.54,39.68,63.68,48.34,,111.6,73.82,87.4,55.28,47.19,189.69,98.82,225.3,153.84,228.56,75.08,59.09,268.66,61.28,35.1,151.38
480,04/28/2020,37.17,64.35,40.42,34.61,50.98,63.24,178.43,168.92,60.96,47.76,134.25,61.7464788732394,27.11,30.43,46.74,32.36,,60.16,51.17,78.35,30.07,40.71,136.32,77.25,158.22,118.64,167.43,55.84,45.44,340.27,62.8,44.65,128.0
481,04/28/2021,63.1,76.21,85.65,36.99,47.57,75.4,212.08,315.5,60.8,45.95,158.86,58.2723004694836,35.21,40.12,53.59,36.65,,79.68,60.88,89.32,48.235,47.18,141.83,94.15,210.14,130.49,237.9,83.24,51.87,443.85,77.33,52.4,137.89
482,04/28/2022,92.51,68.7,116.83,35.92,48.27,100.85,246.58,272.33,72.27,53.53,227.98,65.3051643192488,37.99,43.61,66.19,55.49,,67.76,66.22,103.73,43.905,55.2,177.5,102.41,213.51,141.03,250.18,88.32,55.1,295.5,95.69,44.53,156.21
483,04/28/2023,78.08,65.09,93.6,37.96,54.3,73.31,221.46,246.72,88.63,40.44,273.06,65.5117370892019,32.7,39.27,64.15,48.63,,111.81,76.72,87.85,56,47.51,190.89,99.97,240.96,154.41,229.47,76.74,59.48,272.52,62.49,35.25,150.97
484,04/29/2019,43.27,52.98,50.12,30.36,38.34,53.99,125.1,172.46,50.94,39.49,124.31,56,28.61,33.27,48.42,25.57,,68.55,50.53,76.685,29.345,53.51,126.69,84.9,103.07,122.06,212.54,69.72,63.88,280.58,74.2,53.56,101.56
485,04/29/2020,38.41,63.26,41.65,34.21,50.18,62.61,174.8,176.86,60.3,47.6,134.41,60.9389671361502,26.69,30.53,47.12,31.52,,64.89,51.05,78.23,31.07,40.47,133.36,76.5,156.31,114.19,169.42,58.6,46.17,353.13,63.3,45.36,123.6
486,04/29/2021,63.56,78.09,85.46,36.96,48.02,76.37,214.87,316.75,61.43,46.57,164.22,58.9014084507042,35.94,41.685,54.26,37.06,,80.59,60.91,90.6,48.97,46.6,143.94,95.09,207.91,131.94,241.6,84.17,55.5,417.2,77.3,52.74,139.63
487,04/29/2022,89.56,67.44,113.12,34.93,47.22,96.13,237.53,264.06,70.73,52.39,225.77,64.3192488262911,37.4,42.63,64.61,53.96,,66.1,64.48,100.57,42.84,55.57,171.71,100.0,199.97,136.93,246.09,85.48,54.14,285.62,93.16,42.4,152.99
488,04/30/2018,45.38,56.04,72.23,37.07,40.78,69.83,96.53,148.09,43.74,36.25,91.94,55.3051643192488,119.96,56.38,43.21,25.19,,65.32,39.5,52.705,27.5,56.11,100.94,82.0,94.64,114.08,233.13,62.54,71.24,267.88,70.1,66.45,88.46
489,04/30/2019,44.6,53.29,52.41,30.78,38.69,54.38,126.09,171.81,51.47,39.94,124.85,56.6197183098592,29.07,33.24,49.06,25.78,,70.05,50.85,76.985,29.8,54.33,128.05,86.56,104.51,122.63,211.67,70.37,64.19,286.18,75.01,53.57,102.84
490,04/30/2020,37.14,62.2,39.67,33.44,49.98,61.55,175.3,176.4,59.89,46.85,132.43,61.5023474178404,26.46,30.33,45.89,31.61,,61.36,51.44,78.42,30.905,39.25,132.29,74.6,155.32,114.91,164.69,56.27,41.01,335.4,62.19,43.29,121.55
491,04/30/2021,63.13,76.28,84.42,37.09,47.75,76.4,214.75,313.8,60.86,46.2,164.3,58.6103286384977,35.85,41.29,53.98,36.54,,80.5,60.81,90.36,48.525,47.75,144.16,95.0,187.97,130.99,240.32,84.73,54.95,422.48,77.45,53.1,139.91
492,05/01/2018,45.03,55.49,71.64,36.56,40.95,68,96.54,144.93,43.55,36.12,91.32,55.1643192488263,120.11,55.7,42.59,24.76,,64.97,38.99,52.35,27.6,56.03,99.13,81.2,95.12,115.01,229.68,63.09,71.68,270.38,69.56,65.42,87.41
493,05/01/2019,44.07,52.15,52.16,30.14,38.32,57.33,123.82,170.3,51.31,39.05,122.92,55.7652582159624,28.47,32.99,48.59,25.58,,70.1,51.64,76.245,28.97,53.39,127.24,85.78,104.45,122.52,212.09,69.97,59.35,280.61,74.8,53.68,101.36
494,05/01/2020,35.12,61.02,37.89,33.28,50.41,59.7,173,172.54,59.58,46.6,132.54,60.9014084507042,25.9,29.38,45.6,31.96,,58.35,50.7,77.21,29.76,37.91,130.14,73.28,159.07,115.51,161.57,52.76,38.92,329.37,60.01,41.66,122.92
495,05/01/2023,77.8,65.29,92.54,38.22,54.63,73.89,220.1,246.87,89.37,40.63,276.35,66.4694835680751,32.57,39.76,64.3,49.28,,112.19,77.22,88.41,56.84,47.78,191.68,99.35,234.43,157.04,230.23,76.82,60.45,274.11,62.33,34.61,151.59
496,05/02/2018,44.43,53.74,73.29,35.94,39.95,65.94,96.4,132.59,42.49,35.37,89.54,53.1924882629108,119.38,54.2,42.06,24.55,,64.14,37.89,50.81,26.36,55.69,97.23,80.1,95.82,113.83,226.8,62.81,60.64,269.59,67.49,63.65,86.34
497,05/02/2019,43.54,51.98,51.13,29.95,37.91,56.73,124.63,170.25,51.26,39.7,122.54,53.8779342723005,28.95,32.18,48.39,25.78,,66.37,51.48,76.415,28.995,53.16,126.83,84.92,105.74,122.93,209.12,70.83,59.92,298.03,75.12,53.79,101.15
498,05/02/2022,89.31,65.32,115.24,34.22,46.9,96.5,236.17,260.63,69.48,51.82,217.53,63.2582159624413,36.53,41.98,63.44,53.72,,65.87,63.79,97.94,42.375,55.38,167.76,98.57,199.77,134.93,244.03,85.14,54.32,282.53,92.9,42.52,151.98
499,05/02/2023,75.52,64.61,91.15,38.45,54.55,72.76,220.24,245.22,89,40.21,274.3,66.8356807511737,32.54,39.45,64.01,49.44,,111.42,77.6,88.23,57.54,47.18,192.25,96.91,235.94,158.71,228.56,75.8,65.08,268.7,60.94,33.5,151.18
500,05/03/2018,43.6,55.26,70.27,35.82,40.4,62.27,96.3,134.12,41.21,35.27,89.7,54.6009389671362,118.8,54.95,41.89,23.87,,64.04,37.57,50.515,26.155,56.36,97.6,80.44,96.98,111.41,224.07,62.18,59.4,266.15,66.05,62.23,86.23
501,05/03/2019,43.67,53,51.15,30.01,38.27,56.66,124.7,174.43,51.18,39.68,121.83,53.0234741784038,29.05,32.58,48.72,25.74,,67.1,51.76,76.08,31.555,53.76,127.67,85.7,112.68,123.54,211.4,70.52,61.37,300.36,75.09,54.08,102.08
502,05/03/2021,64.63,77.62,85.83,37.5,48.4,77.69,216.57,288.93,61.6,46.79,166.74,59.0516431924883,36.07,41.99,54.48,37.38,,81.29,61.41,90.9,48.805,48.37,145.79,95.85,194.74,132.08,243.02,84.04,57.14,417.18,78.5,54.3,142.12
503,05/03/2022,89.76,66.16,116.77,34.85,47.12,95.98,236.96,245.52,69.65,51.66,220.07,62.8826291079812,37.19,42.38,63.08,54.79,,66.05,64.69,97.73,41.96,55.44,167.99,98.99,196.42,136.49,245.05,85.76,52.69,284.85,90.1,42.94,152.51
504,05/03/2023,75.02,64.32,90.79,38.09,54.55,70.08,217.18,202.7,88.83,40.63,274.21,67.1643192488263,32.79,40.25,63.65,48.94,,111.56,77.02,87.92,58.36,46.53,192.18,95.86,236.8,157.09,225.5,75.32,64.96,272.12,60.56,31.96,150.62
505,05/04/2018,43.86,55.86,70.49,36.92,41.02,63.1,95.55,135.74,42.54,35.77,91.78,56.150234741784,118.71,58.01,42.36,24.14,,65.09,38.9,51.6,26.38,56.26,98.99,81.87,97.72,113.31,221.28,62.29,60.48,271.09,66.97,63.81,87.53
506,05/04/2020,34.76,62.03,37.69,33.42,50.78,59.95,175.44,174.38,59.73,46.46,131.25,59.7840375586854,26.02,28.93,45.14,32.53,,57.7,50.06,78.695,29.605,38.01,130.92,73.31,154.78,114.99,163.75,53.83,38.19,325.78,55.32,42.45,123.7
507,05/04/2021,65.1,76.81,87.03,37.59,48.25,81.12,216.24,302.11,61.8,47.18,166.91,58.6666666666667,35.72,42.36,54.14,35.89,,78.86,60.74,90.37,47.97,47.85,143.96,94.91,192.17,132.47,240.0,83.18,56.42,412.68,77.78,54.12,140.72
508,05/04/2022,91.15,67.25,118.68,35.69,48,100.57,241.91,257.26,70.81,52.25,225.33,63.7089201877934,37.22,43.32,65.03,55.77,,65.89,66.19,99.45,43.325,56.4,173.86,100.56,205.24,139.05,253.6,86.2,53.24,286.65,92.23,44.46,154.62
509,05/04/2023,74.22,64.32,89.35,37.62,54.33,68.79,216.57,201,89.4,40.91,274.64,66.0845070422535,32.49,40.84,63.72,48.28,26.9,111.16,77.29,88.27,57.82,46.13,193.38,94.38,232.09,157.42,222.41,75.55,65.01,248.9,60.13,31.55,150.47
510,05/05/2020,34.96,63.24,37.94,33.39,50.88,61.21,174.87,169.94,59.81,46.29,131.36,59.3802816901408,26.26,28.94,45.4,32.81,,58.97,50.32,80.105,30.325,36.8,131.67,72.2,159.41,116.02,163.01,50.54,37.44,340.75,56.99,42.02,124.73
511,05/05/2021,66.2,75.95,90,37.77,48.85,83.04,215.88,294.21,61.83,47.54,168.36,59.2206572769953,35.99,42.47,54,36.47,,78.64,61.14,90.46,47.225,48.35,143.89,95.44,192.6,134.84,239.7,83.04,56.95,410.34,77.87,54.47,140.6
512,05/05/2022,89.41,65.19,114.82,35.42,48.62,97.73,233.64,241.83,70.75,51.57,223.84,65.943661971831,37.06,43.14,64.51,53.85,,63.43,65.23,96.44,41.52,55.95,170.39,99.77,203.73,137.6,251.91,83.63,52.64,277.78,90.9,43.78,152.74
513,05/05/2023,75.96,64.67,90.55,37.82,54.74,70.68,218.95,203.54,89.81,41.2,275.33,66.056338028169,33.23,41.32,64.02,49.23,26.5,112.09,77.56,88.95,59.71,46.69,194.27,95.56,231.65,158.2,223.44,76.77,64.89,257.95,60.69,32.17,151.77
514,05/06/2019,43.09,52.62,50.65,29.8,38.21,56.6,124.36,170.05,51.45,39.4,123.64,53.8967136150235,29.44,32.77,48.47,25.71,,67.5,51.6,76.565,31.31,53.53,127.27,85.12,112.63,125.15,210.41,72.95,60.98,299.0,77.05,53.92,102.46
515,05/06/2020,34.4,64.59,34.2,33.41,50.56,60.41,173.9,169.52,58.97,46.49,131.73,60.1784037558686,26.72,29.4,44.75,32.78,,59,50.14,80.11,30.65,35.73,130.78,71.5,159.93,114.15,165.48,51.88,37.68,336.71,54.78,41.2,123.3
516,05/06/2021,66.69,76.82,88.97,38.15,49.82,83.7,218.5,299.35,63.64,47.47,168.63,63.4084507042254,36.33,43.12,54.54,37.69,,78.05,61.72,90.23,47.51,49.49,145.56,96.82,193.1,137.41,241.62,85.38,59.45,407.54,78.39,54.46,141.05
517,05/06/2022,89.73,64.62,115.23,35.59,49.67,100.69,233.56,240.3,71.4,52.01,226.05,68.2910798122066,36.96,43.59,64.74,53.85,,63.15,65.73,97.54,43.335,56.57,170.41,98.94,202.05,140.84,247.47,82.48,53.14,269.61,90.82,43.99,149.56
518,05/07/2018,43.69,55.64,69.36,37.37,41.03,61.75,94,133.79,42.34,35.53,91.66,56.7981220657277,119.09,58.83,42.14,23.98,,66.21,38.69,52.025,26.655,55.71,98.23,81.51,97.85,112.65,223.8,63.48,59.63,272.39,67.22,62.3,85.47
519,05/07/2019,42.71,52.46,49.98,29.2,38.23,55.35,122.25,167.29,51.19,38.8,124.31,53.6619718309859,29.06,32.5,48,25.77,,68.25,51.01,76.545,30.8,52.94,125.98,84.43,112.34,125.09,207.87,72.9,60.08,294.33,76.85,52.94,101.3
520,05/07/2020,34.76,64.65,36.37,33.17,50.24,61.45,173.6,171.94,58.77,46.59,130.53,58.8638497652582,26.36,28.83,44.6,32.68,,55.42,50.16,80.43,31.045,35.1,131.55,70.14,160.7,113.53,164.77,52.28,37.6,343.27,57.26,40.66,121.89
521,05/07/2021,67.02,76.68,91.32,37.95,49.55,85.11,220.2,303.35,63.05,47.14,168.49,62.8638497652582,36.6,43.48,54.51,37.73,,78.97,61.85,89.33,45.625,49.95,145.56,97.41,195.16,136.6,240.92,86.26,59.51,412.55,78.82,54.53,140.2
522,05/08/2018,43.95,55.45,69.52,37.4,41.3,60.71,93.88,136.2,42.3,35.51,92.15,56.6197183098592,119.46,58.76,41.81,24.09,,66.66,38.58,52.195,26.54,55.27,96.79,80.81,97.83,112.85,221.46,62.74,60.39,267.71,66.66,62.36,85.74
523,05/08/2019,42.42,52.84,53.44,29.59,38.59,55.74,122.28,166.75,50.87,39.33,124.86,53.7558685446009,29.11,32.43,47.85,25.28,,68.3,51.01,77.125,30.84,51.96,126.02,83.81,111.42,124.62,207.19,72.98,59.18,296.34,77.49,53.5,100.3
524,05/08/2020,36.39,65.97,36.53,33.52,51.26,63.12,176.36,173.15,59.76,47.24,133.19,59.793427230047,26.34,29.56,46.11,33.34,,61.54,50.9,82.015,32.89,36.74,134.23,72.0,162.75,116.08,166.06,53.29,38.89,340.3,60.39,41.67,122.94
525,05/08/2023,75.4,64.63,90.21,37.74,54.46,69.68,220,206.01,89.87,40.64,274.77,66.7887323943662,32.85,41.08,63.92,49.15,26.51,112.16,78.11,88.29,59.04,46.61,193.35,95.56,232.7,157.11,228.2,76.08,64.47,259.18,50.73,31.66,152.72
526,05/09/2018,43.7,56.97,69.92,37.67,41.36,61.21,93.52,137.81,42.51,36.09,92.61,56.6478873239437,119.92,58.48,41.78,24.36,,67.73,38.77,52.68,24.555,55.92,96.16,81.99,98.16,113.79,221.97,63.5,61.07,267.09,67.27,62.94,83.06
527,05/09/2019,42.56,52.31,53.17,29.23,38.96,55.35,122.96,165.33,51.41,39.51,125.5,54.2629107981221,28.28,32.58,47.4,25.36,,68.63,51.35,77.465,30.96,51.99,126.05,83.93,112.05,125.96,201.89,73.55,58.35,301.34,77.94,53.56,99.54
528,05/09/2022,84.36,64.84,107.83,36.29,51.39,98.86,231.37,233.58,73.5,52.55,223.2,69.981220657277,37.14,44.19,64.61,54.84,,62.72,66.28,98.52,41.785,55.26,171.7,99.87,192.74,145.01,246.24,81.08,53.67,259.7,92.84,43.85,151.31
529,05/09/2023,75.02,63.8,89.3,37.81,54.6,69.97,220.61,201.26,89.59,40.16,274.08,66.1596244131455,32.71,40.88,63.39,49.16,26.28,112.18,77.89,88.45,58.69,46.44,194.14,95.65,231.13,157.26,225.46,75.98,64.52,251.99,48.82,31.44,152.98
530,05/10/2018,43.9,57.43,70.75,37.76,41.19,62.44,92.94,138.5,42.62,36.17,92.89,57.3145539906103,119.61,59.04,42.18,24.36,,68.03,39.1,53.7,25.03,56.04,97.27,83.0,101.07,114.16,220.39,62.74,61.4,268.55,67.72,63.81,82.69
531,05/10/2019,42.43,51.88,53.76,28.72,38.74,55.16,121.84,164.35,51.54,39.86,126.88,55.0610328638498,29.41,32.65,48.19,25.83,,67.45,51.87,78.335,31.5,52.11,128.01,84.54,112.09,126.9,203.23,73.99,58.64,302.83,79.81,53.42,101.91
532,05/10/2021,67.63,77.81,90.54,38.25,50.15,85.85,218.86,298.39,63.83,47.57,170.31,64.0469483568075,36.38,43.62,54.91,38.86,,78.9,62.07,90.68,45.8,50.68,146.72,98.06,193.21,138.49,239.19,85.64,59.56,407.64,78.82,55.11,140.82
533,05/10/2022,84.97,65.14,110.33,35.71,49.58,98.16,227.5,229.68,71.74,52.12,223.15,68.4788732394366,37,43.46,64.01,55.19,,62.42,65.92,97.97,42.07,51.57,171.49,98.88,195.22,142.5,246.78,86.05,54.84,267.76,92.09,43.31,149.18
534,05/10/2023,74.64,64.23,89.59,36.75,54.35,69.71,218.18,201.19,89.57,40.13,274.12,66.2441314553991,32.59,40.68,63.5,49.12,26.25,111.62,77.89,89.02,59.11,45.94,194.27,95.1,233.5,158.38,226.19,73.39,64.44,249.51,47.28,31.59,152.55
535,05/11/2018,43.98,56.86,71.17,37.85,40.68,64.41,93.62,140.19,42.66,36.26,92.46,57.6431924882629,119.36,59.24,42.14,24.57,,67.93,39.23,53.51,24.635,55.19,97.43,81.2,101.99,113.02,220.23,62.82,60.72,265.68,68.25,64.09,83.38
536,05/11/2020,35.43,66.79,34.67,33.41,51.96,63.84,183.04,169.95,60.81,47.85,132.95,59.3990610328638,26.93,29.33,45.54,33.73,,59.66,50.79,82.425,33.2,36.42,134.38,71.28,169.28,116.9,163.3,51.7,38.54,347.45,60.76,41.71,123.67
537,05/11/2021,66.89,77.72,90.77,37.95,50.03,84.37,213.9,294.81,63.11,47.22,168.92,63.0516431924883,35.75,43.255,54.32,38.42,,78.14,61.95,89.72,45.77,50.43,145.65,97.29,194.75,136.82,234.04,83.98,57.8,400.72,79.44,54.24,139.55
538,05/11/2022,84.36,64.89,109.77,35.69,49.35,97.99,228.37,229.49,71.8,52.2,224.63,67.962441314554,37.42,43.5,64.31,54.33,,61.34,65.56,98.14,42.455,51.69,170.66,103.62,191.46,144.43,245.96,84.06,55.82,267.37,90.2,43.35,147.62
539,05/11/2023,74.9,64.22,89.97,36.5,54.46,68.97,217.29,201.79,90.26,40.29,274.78,66.3849765258216,32.43,40.65,63.86,49.16,26,113.06,78.36,89.51,59.28,45.67,195.34,95.04,236.12,157.39,224.87,73.66,64.0,249.69,49.34,31.17,153.12
540,05/12/2020,34.74,66.73,34.63,34.11,52.4,63.35,181.73,168.55,62.51,48.25,132.47,59.6525821596244,26.59,29.38,44.82,33.55,,58.23,50.4,84.31,33.095,36.08,132.94,69.87,167.15,117.98,160.52,49.28,37.69,340.23,60.08,40.53,123.78
541,05/12/2021,66.5,76.17,88.36,37.5,49.2,83.38,205.87,290.07,62.96,46.88,167.6,62.3661971830986,35.43,42.92,54.04,36.63,,76.75,61.56,88.94,44.895,49.35,144.23,96.2,192.32,134.8,229.75,81.72,57.38,385.96,79.16,53.04,135.94
542,05/12/2022,84.44,65.2,109.17,35.67,50.01,98.25,231.86,231,72.21,52.32,222.53,68.4694835680751,36.86,43.05,64.51,54.22,,61.44,65.68,97.87,42.84,52.17,170.4,103.37,192.31,144.71,245.22,82.61,55.57,269.24,89.54,43.16,147.48
543,05/12/2023,75.38,64.27,90.3,36.75,54.33,68.58,218.51,199.15,90.61,40.24,274.58,66.4882629107981,32.67,40.66,64.11,49.18,26.5,114.28,77.88,90.28,59.54,45.67,196.12,95.12,233.5,158.15,227.75,74.64,64.25,249.59,48.87,31.07,153.07
544,05/13/2019,40.69,50.71,52.49,28.11,38.72,53.82,118.26,165.1,51.79,39.58,127.07,54.2535211267606,29.29,31.97,48.05,25.39,,66.54,51.19,77.005,31.17,51.44,127.16,83.7,110.85,126.76,201.06,73.37,57.87,294.07,79.57,52.12,99.89
545,05/13/2020,33.84,65.9,34.35,34.05,52.5,61.15,181.57,162.76,63.56,48.59,131.87,60.2535211267606,26.42,28.76,43.94,34.1,,54.78,49.56,84.26,32.585,36.35,132.96,68.79,164.37,118.19,155.32,46.69,36.22,337.99,58.12,38.35,123.71
546,05/13/2021,67.14,77.48,89.31,38.13,49.56,84.27,205.76,291.02,63.98,47.42,171.6,63.5586854460094,35.72,43.82,54.51,36.81,,78.4,62.39,90.26,44.735,50.12,146.37,97.55,194.86,136.19,231.0,83.12,58.24,392.11,80.56,54.14,138.24
547,05/13/2022,85.39,66.8,109.58,35.89,50.55,97.48,232.33,240.39,73.1,53.21,225.91,68.5539906103286,37.21,44.29,65.72,53.39,,63.53,66.38,100.27,44.445,53.04,173.72,104.43,196.86,144.23,248.92,84.73,55.93,278.46,90.0,43.55,148.05
548,05/14/2018,44.42,57.31,71.04,37.75,40.04,66.82,93.72,140.63,42.53,36.08,92.54,57.887323943662,119.7,59.28,42.04,24.73,,67.62,39.22,53.465,24.465,55.02,97.15,80.86,102.15,111.58,221.82,62.9,60.42,265.29,67.62,65.1,84.39
549,05/14/2019,40.85,51.71,52.65,28.6,38.67,52.97,117.28,167,51.97,39.41,127.06,53.6807511737089,29.59,32.27,48.69,25.25,,67.02,51.62,77.265,31.175,51.89,127.41,84.09,112.06,126.78,205.33,73.63,58.42,297.51,81.57,52.58,100.29
550,05/14/2020,34.16,65.56,34.77,33.83,52.97,62.31,181.5,164.19,62.21,47.58,131.03,59.7652582159624,26.37,28.8,43.7,32.78,,54.51,49.52,87.76,32.495,36.25,133.08,67.96,162.96,114.07,157.96,47.98,36.29,334.35,59.16,38.85,123.42
551,05/14/2021,67.66,78.24,90.63,37.56,49.27,84.33,206.2,296.48,63.4,46.58,171.11,62.4788732394366,36.05,43.73,54.73,37.2,,78.79,62.37,89.56,46.07,50.28,146.59,97.7,195.42,135.33,234.44,84.0,58.18,393.0,80.34,54.71,139.52
552,05/15/2018,44.41,57.96,71.04,37.72,39.44,65.84,94,142.16,42.49,35.96,92.65,57.5117370892019,119.37,59.04,41.72,24.75,,67.31,39.41,52.985,24.1,54.52,96.8,79.93,101.18,110.99,221.77,62.95,60.05,259.32,67.28,64.61,84.52
553,05/15/2019,40.98,51.56,53.27,29,38.98,52.79,118.04,169.97,52.41,39.56,127.74,53.868544600939,29.54,32.4,49.18,25.21,,67.07,51.83,77.505,31.535,52.13,129.35,85.34,112.82,127.5,204.99,73.9,58.3,295.6,82.24,52.74,99.88
554,05/15/2020,34.12,66.32,34.33,34.17,53.53,63.19,182.02,169.41,62.49,47.92,130.38,60.1596244131455,26.3,29.2,43.26,32.51,,52.09,49.96,88.99,33.005,36.59,135.95,67.78,164.12,114.73,158.49,47.62,36.35,335.69,58.21,38.4,125.94
555,05/15/2023,76.06,64.26,91.99,36.54,53.33,68.85,218.04,201.19,90.29,39.62,270.46,65.8403755868545,32.36,40.17,63.94,49.07,27.5,113.89,77.73,90.85,59.72,45.56,194.27,95.0,232.49,155.51,230.33,74.45,63.7,248.31,49.47,31.5,151.88
556,05/16/2018,44.52,58.26,70.59,37.78,39.48,66.13,96.2,144.7,43.05,36.38,93.64,57.7370892018779,119.03,59.29,41.55,24.94,,67.14,39.52,53.31,24.045,54.87,97.19,80.89,102.39,112.04,221.46,63.35,60.11,259.1,68.56,65.74,86.13
557,05/16/2019,41.26,52.31,53.29,29.1,38.93,52.3,119.72,170.7,52.1,39.82,128.49,53.8967136150235,28.6,32.46,49.58,24.66,,66.88,52.8,77.92,31.965,52.03,130.27,85.51,113.43,125.74,206.8,74.64,58.54,301.51,82.6,52.5,101.31
558,05/16/2022,87.18,66.99,112.57,35.64,50.66,98.55,234.17,235.38,73.46,53.37,229.32,68.6948356807512,36.98,44.08,65.96,53.2,,63.52,66.13,100.94,44.555,53.74,175.47,105.91,196.91,144.28,249.42,84.54,56.76,281.34,90.79,44.15,148.21
559,05/16/2023,73.15,63.01,89.11,36.44,53.02,67.1,214.94,194.95,90.26,39.03,269.23,65.2582159624413,31.86,39,63.22,48.93,27.03,113.64,77.8,89.7,59.94,45.09,193.43,93.86,228.73,154.91,226.69,73.42,63.19,246.71,49.2,31.35,149.78
560,05/17/2018,44.91,58.92,70.69,37.72,39.22,65.76,96.67,144.9,42.81,36.38,92.6,57.4460093896714,119.38,58.06,42.3,25.3,,67,39.52,52.575,24.285,55.29,97.92,81.04,101.43,111.32,222.15,63.86,60.26,259.48,68.64,65.99,84.49
561,05/17/2019,40.68,52.13,52.23,29.08,39.13,52.88,120.19,167.62,52.4,39.79,128.9,53.5399061032864,29.26,32.53,49.2,24.22,,67.63,52.23,77.53,31.815,52.35,130.51,86.81,112.78,126.9,204.79,74.93,58.66,296.0,82.49,52.27,100.86
562,05/17/2021,67.64,77.96,89.54,37.72,49.36,84.56,204.2,296.64,62.79,46.55,172.49,62.2723004694836,35.97,43.8,54.64,37.39,,77.68,62.47,89.14,45.675,50.21,146.17,97.55,195.0,133.51,235.87,84.13,57.93,393.24,80.61,55.3,138.89
563,05/17/2022,88.63,67.29,116.49,35.31,50.28,99.38,227.55,242.58,72.91,52.86,225.41,68.9577464788732,35.97,43.16,65.78,51.23,,64.45,65.72,101.01,44.615,54.24,174.46,106.3,197.83,143.41,250.95,85.92,55.85,292.76,91.77,44.94,131.35
564,05/17/2023,73.05,63.3,89.69,36.69,53.58,69.43,216.33,197.07,89.85,39.35,267.5,64.9389671361502,32.12,38.91,63.15,49.25,27.22,113.62,77.23,88.78,59.65,45.34,192.06,93.49,223.97,154.71,230.72,73.3,62.13,245.48,50.12,32.04,149.53
565,05/18/2018,45.02,59.22,69.66,37.42,34.37,64.92,96.73,145.49,41.82,35.9,91.49,56.5164319248826,119.47,56.79,42.18,24.89,,66.79,39.65,51.475,24.735,55.54,97.51,80.75,101.63,107.94,220.3,63.54,60.24,264.35,67.91,64.34,83.64
566,05/18/2020,35.8,67.67,35.43,34.01,50.94,63.73,182.05,178.25,61.58,48.15,132.27,59.8591549295775,26.96,30.87,44.97,32.26,,56.37,50.97,88.165,33.31,37.6,135.52,68.25,167.17,114.0,168.51,52.7,38.55,353.08,60.83,40.86,127.66
567,05/18/2021,67.03,78.17,87.77,37.62,48.81,88.61,204.95,296.2,62.93,46.32,172.79,62.0093896713615,36,43.685,54.34,37.2,,77.48,62.18,89.19,45.405,49.99,145.51,97.69,193.54,133.72,234.11,82.91,55.48,393.52,79.86,55.26,141.91
568,05/18/2022,84.54,62.47,111.29,32.33,46.22,94.02,202.26,229.13,67.57,48.23,207.69,65.0892018779343,34.52,39.04,61.2,47.9,,62.4,60.94,91.65,43.31,53.2,163.65,106.18,191.41,128.36,237.05,80.71,52.44,286.34,84.75,41.17,122.43
569,05/18/2023,72.79,63.18,88.82,35.8,52.85,69.31,217.83,199.85,88.5,39.27,266.84,64.8356807511737,31.87,38.91,62.8,49.33,27.04,113.84,77.27,88.58,59.85,45.07,191.56,92.6,224.21,151.88,232.15,73.19,61.88,245.19,49.97,31.46,151.47
570,05/19/2020,34.82,67.11,35.14,33.04,49.62,63.61,181.48,174.58,60.73,47.39,130.91,58.6197183098592,27.22,29.91,44.54,31.76,,55.86,49.89,86.26,33.575,37.12,131.73,68.51,162.57,110.54,168.9,51.38,37.83,345.65,58.36,39.77,124.95
571,05/19/2021,66.43,78.06,85.97,37.63,48.33,89.21,203.73,298.43,62.6,45.97,172.28,62.0093896713615,35.79,43.57,54.17,36.4,,77.14,62.34,89.81,45.365,49.44,145.43,96.31,193.86,134.3,232.38,81.14,55.57,390.5,79.64,54.81,141.92
572,05/19/2022,83.86,61.92,110.35,31.74,46.06,93.14,201.33,235.38,66.13,47.81,205.12,63.849765258216,34.33,38.56,60,48,,62.42,61.11,89.44,43.38,51.09,161.2,100.5,197.59,126.36,234.83,79.08,50.78,288.69,84.12,40.61,119.07
573,05/19/2023,73.23,63.7,90.45,35.84,52.68,69.38,215.08,199.88,87.63,39.34,266.04,65.0985915492958,31.83,39.07,62.83,49.64,27.23,114.48,77.06,88.92,59.68,45.3,191.84,93.19,224.51,151.89,235.29,73.13,62.61,243.78,49.96,31.28,149.91
574,05/20/2019,39.82,51.79,51.83,28.48,38.75,53,119.82,167.38,52.71,39.72,129.3,52.9953051643192,29.15,31.79,48.85,24.07,,67.54,52.29,77.46,31.805,52.33,129.99,86.23,112.06,127.39,203.05,74.96,58.06,291.73,81.87,52.26,101.52
575,05/20/2020,35.35,68.69,35.59,32.73,48.17,63.22,178.57,179.75,60.93,47.99,131.22,58.6666666666667,27.69,30.24,45.89,32.3,,56.27,49.75,86.795,34.705,37.77,131.26,70.47,161.76,110.21,172.47,52.58,37.89,352.27,60.65,40.14,125.45
576,05/20/2021,66.14,79.54,85.49,38.03,48.86,89.07,204.12,297.97,62.9,49.36,173.09,62.2723004694836,36.39,43.87,54.65,36.36,,77.56,63.11,90.87,46.25,50.03,147.23,97.42,198.75,134.81,236.1,80.17,56.49,398.01,80.58,54.6,142.42
577,05/20/2022,84,62.91,109.38,31.72,46.03,94.93,187.6,237.21,67.01,48.26,206.98,63.6056338028169,34.58,38.37,60.98,48.66,,63.17,61.19,90.32,43.815,51.09,162.21,101.15,197.66,125.31,234.5,76.98,51.23,287.3,85.28,40.96,119.2
578,05/21/2018,45.17,58.78,69.93,36.91,33.58,65.5,97.21,147.79,41.77,36.17,92.06,57.0610328638498,119.73,56.45,42.41,24.77,,66.74,39.34,51.46,24.955,55.64,99.51,80.15,102.85,108.29,219.34,63.64,60.4,266.53,67.89,64.5,84.51
579,05/21/2019,40.18,52.68,51.98,28.56,38.42,53.52,121.55,168.14,52.39,39.82,130.31,53.0892018779343,29.07,31.98,48.6,24.3,,65.36,52.18,76.865,31.87,51.87,129.05,85.76,112.49,126.69,205.0,75.49,58.77,295.38,80.61,52.76,101.12
580,05/21/2020,35.12,65.65,35.53,32.25,47.18,63.34,178.41,177.88,59.95,46.01,128.03,57.6244131455399,26.88,29.71,45.17,32.12,,55.83,49.28,85.28,34.18,37.54,130.21,70.5,160.68,107.9,171.0,52.48,36.79,351.5,59.25,39.75,124.99
581,05/21/2021,66.98,79.78,86.85,38.17,48.87,89.81,205.04,296.75,63.13,49.42,173.76,62.4413145539906,36.24,44.13,54.62,36.59,,80.24,63.36,90.6,46.005,50,147.1,97.42,202.14,135.51,237.28,80.51,57.15,401.52,80.69,54.88,141.75
582,05/22/2018,44.91,58.45,69.97,36.87,34.37,65.62,96.41,147.88,41.93,35.84,91.65,57.7652582159624,119.9,56.58,42.25,24.7,,65.04,39.43,51.16,24.84,55.21,99.93,79.87,102.04,109.41,215.92,63.69,61.03,262.16,67.88,64.23,83.37
583,05/22/2019,39.92,52.83,51.9,28.45,37.86,53.71,122.05,167.57,52.71,39.49,131.44,53.3615023474178,29.12,31.88,49.65,24,,63.66,52.09,77.8,32,52.83,130.07,85.49,113.12,127.28,204.97,75.41,59.25,297.75,81.26,52.94,102.23
584,05/22/2020,35.38,64.78,35.38,32.68,48.35,63.33,178.98,178.2,59.96,46.93,130.26,58.3004694835681,27.16,29.95,45.03,32.37,,57.22,49.7,85.935,34.355,37.73,130.48,70.45,161.35,108.56,172.31,51.75,36.83,363.24,59.19,39.6,124.33
585,05/22/2023,73.44,64.34,90.47,35.39,51.59,69.42,211.87,197.97,85.7,38.89,262.88,64.1690140845071,31.91,38.74,61.51,49.98,26.07,111.75,75.87,87.72,59.12,44.93,186.64,93.07,225.46,149.67,235.46,71.8,62.45,245.34,50.11,31.19,148.59
586,05/23/2018,44.8,58.4,69.84,36.95,34.26,65.57,96.28,151.3,42.29,35.82,92.1,58.4319248826291,120.24,56.98,42.4,24.57,,65.16,39.45,51.495,25.005,55.88,100.45,81.7,102.72,110.22,216.58,64.1,61.71,265.9,69.05,63.91,83.01
587,05/23/2019,39.21,52.26,51.42,28.89,38.11,52.79,120.64,165.53,53.43,39.13,130.22,53.6056338028169,28.95,31.45,49.85,23.53,,63.08,52.04,78.135,31.615,52.81,129.97,86.24,112.74,127.14,206.21,74.68,59.42,291.93,81.71,51.61,101.86
588,05/23/2022,86.57,63.35,113.44,32.34,46.16,95.57,194.42,236.6,67.48,48.47,209.25,64.2910798122066,34.96,38.99,62.86,50.22,,63.98,62.04,91.62,43.525,52.12,165.6,102.91,198.46,122.72,238.67,78.59,52.12,289.36,87.34,42.15,122.6
589,05/23/2023,75.05,62.98,91.81,35.22,51.87,69.67,208.18,191.75,85.47,39.1,262.42,64.3474178403756,32.02,38.69,61.4,49.1,26,109.87,75.65,87.29,57.94,44.93,186.07,92.94,222.55,149.4,235.91,70.8,61.62,237.27,51.67,31.6,148.31
590,05/24/2018,44.81,58.55,70.1,37.06,34.34,65.12,96.91,150.53,42.2,35.42,91.67,59.6338028169014,120.37,57.06,42.32,24.56,,65.2,39.56,51.595,24.81,55.89,100.18,81.61,103.13,109.84,216.96,64.59,61.53,266.68,69.38,63.41,82.85
591,05/24/2019,39.16,52.13,50.55,28.83,37.53,53.07,121.96,165.16,52.81,40.27,130.19,53.1079812206573,29.21,31.11,49.61,23.72,,62.13,52.13,77.595,31.71,52.4,129.5,84.64,113.89,126.69,198.68,75.05,58.72,295.61,81.46,51.77,102.67
592,05/24/2021,66.62,79.58,86.8,38.23,48.64,89.71,197.15,302.46,63.05,49.26,174.1,62.0657276995305,36.86,44.52,54.8,36.6,,80.43,63.68,90.6,46.615,50.32,147.85,98.16,206.33,135.61,236.48,80.37,57.75,403.47,80.56,54.83,141.76
593,05/24/2022,87.76,64.04,115.46,32.88,47.76,96.45,195.95,232.06,69.14,49.13,213.45,66.150234741784,35.29,39.61,64.02,51.51,,63.73,63,93.71,43.745,52.93,167.82,106.62,195.52,125.39,244.0,77.11,53.73,285.11,88.75,42.08,124.13
594,05/24/2023,72.85,61.81,90.46,35.06,51.6,68.82,208.85,189.89,85.07,38.89,262.47,64.3568075117371,31.92,38.72,60.88,49.56,26.45,109.31,75.47,87.69,57.57,44.95,184.89,92.35,220.4,148.54,232.3,71.26,60.91,233.09,51.77,30.79,147.63
595,05/25/2018,44.55,56.79,69.94,37.41,34.6,66.03,96.62,150.82,42.64,35.86,92.03,61.2488262910798,120.36,57.77,42.4,24.61,,65.43,39.58,51.72,24.83,55.63,100.31,80.34,103.12,109.74,216.81,65.02,61.43,265.91,69.59,63.53,82.46
596,05/25/2021,66.59,79.79,87.02,38.11,48.41,88.7,198.87,305.19,62.85,49.01,174.72,62.1971830985915,36.5,44.15,54.79,36.46,,80.25,63.71,90.3,46.515,49.61,148.3,97.52,206.55,135.29,237.94,81.51,58.06,405.59,80.21,54.19,142.34
597,05/25/2022,88.77,64.34,115.73,32.77,47.98,97.15,195.34,232.11,69.26,48.95,211.43,65.849765258216,35.34,39.88,64.07,51.16,,63.63,62.37,93.41,43.865,53.89,168.97,108.57,195.4,127.23,243.03,79.14,54.33,283.01,89.06,42.46,123.37
598,05/25/2023,73.72,61.2,93.61,34.73,51.46,67.67,203.61,191.1,84.51,38.24,260.38,63.7840375586855,31.55,38.26,60.41,48.9,26.33,108.94,75.18,87.21,57.33,44.67,183.8,90.76,216.97,147.12,232.14,70.51,60.73,233.17,51.76,29.97,146.16
599,05/26/2020,37.13,63.54,37.72,32.95,47.36,64.64,180.36,186.43,59.92,45.73,128.27,58.3286384976526,26.93,30.215,46.09,31.37,,60.7,49.59,85.515,34.505,38.28,129.75,72.13,160.48,107.38,176.41,55.11,36.73,350.0,61.64,42.16,123.86
600,05/26/2021,66.49,80.37,87.84,37.91,48.36,87.32,199.98,305.84,62.83,48.78,174.3,62.056338028169,36.54,44.18,55.03,36.39,,80.68,63.63,89.66,46.705,49.42,148.3,97.31,205.61,134.5,237.19,81.09,57.37,400.35,79.6,52.01,142.17
601,05/26/2022,88.31,65.2,114.93,32.98,47.9,97.8,222.13,240.4,69.46,48.42,209.54,65.6150234741784,35.53,37.07,64.3,52.14,,65.78,62.5,91.96,44.365,54.5,170.11,108.07,202.06,125.65,244.37,82.84,54.53,285.47,89.76,43.04,126.0
602,05/26/2023,72.73,61.58,94.3,34.84,51.51,67.64,205.1,194.44,84.18,38.47,257.72,63.5399061032864,31.41,38.34,60.26,47.31,26.3,109.45,75.13,86.93,57.61,44.61,183.58,90.84,215.44,146.56,232.88,70.72,60.64,232.35,52.01,30.01,146.42
603,05/27/2020,39,65.82,39.36,33.73,48.66,65.97,187.2,193.56,60.82,46.93,133.05,60.6666666666667,27.77,31.03,46.73,33.28,,61.95,50.35,86,35.3,39.05,130.81,73.91,153.71,110.11,179.38,56.95,39.74,347.63,62.75,42.97,122.48
604,05/27/2021,66.6,79.87,87.01,37.92,47.82,86.42,204.39,303.55,62.28,48.6,173.45,61.5399061032864,36.65,43.43,55.49,36.29,,80.25,63.31,88.7,46.655,49.2,146.51,96.68,205.96,132.52,236.99,80.44,57.38,402.73,79.51,53.04,141.69
605,05/27/2022,88.93,66.56,114.72,33.15,48.21,98.05,228.38,251.86,69.89,48.63,212.61,65.5492957746479,35.18,37.83,64.68,52.96,,67.99,63.76,92.94,44.835,54.43,171.77,106.97,208.3,125.55,246.31,84.48,55.15,290.09,91.04,43.71,128.48
606,05/28/2019,38.58,51.35,50.62,28.46,36.78,52.7,119.96,166.62,51.09,38.86,128.3,51.2300469483568,28.84,29.06,49.1,23.62,,60.79,50.97,76.44,31.135,49.87,127.63,81.55,113.38,123.68,194.24,74.55,57.24,289.63,80.31,51.72,102.42
607,05/28/2020,39,65.99,38.87,33.91,49.52,66.56,184.11,192.48,61.91,47.88,135.98,61.4272300469484,27.78,30.39,47.09,32.06,,59.62,51.41,86.255,35.435,38.81,132.29,73.51,158.82,111.46,175.44,55.95,38.35,358.29,62.66,41.83,123.69
608,05/28/2021,66.53,80.36,86.82,38.1,48.67,86.44,202.96,306.52,62.86,48.54,173.05,61.4929577464789,36.96,43.59,55.29,36.98,,82.49,63.53,89.06,47.135,49.22,147.94,96.43,205.85,133.29,239.72,81.0,58.32,402.19,79.5,52.66,142.03
609,05/29/2018,43.79,56.71,69.66,37.36,34.25,64.8,96.24,150.13,42.48,36.51,91.59,60.6384976525822,119.89,57.4,42.68,24.5,,64.56,39.33,51.475,24.645,55.73,101.1,79.27,101.1,108.68,219.74,65.15,61.56,261.79,70.39,62.7,82.4
610,05/29/2019,38.54,50.84,51.81,27.25,36.22,52.52,118.51,164.05,48.25,39.22,128.88,49.5774647887324,28.43,28.68,48.61,23.03,,59.93,51.16,76.505,30.88,50.19,128.17,81.14,112.17,120.95,188.9,74.39,55.46,288.69,76.28,51.13,102.12
611,05/29/2020,39.31,65.93,39.02,34.79,50.98,65.57,191.51,197.47,63.04,48.83,135.68,61.3239436619718,27.92,30.47,46.68,32.62,,60.06,52.12,87.58,35.955,39.05,131.55,73.36,160.82,113.93,172.7,55.16,37.96,362.86,61.44,42.94,124.06
612,05/30/2018,44.28,57.76,70.35,37.75,34.53,65.99,96.52,151.19,42.9,37.17,91.6,61.943661971831,120.63,58.84,43.13,24.98,,65,39.68,52.01,25.98,56.59,101.83,80.32,102.57,108.59,224.84,66.05,62.35,266.91,70.52,63.54,84.12
613,05/30/2019,38.46,51.03,51.18,26.86,35.8,52.75,127,165.61,48.82,39.62,130.81,48.9107981220657,28.37,27.4,49.25,22.78,,60.05,51.25,77.625,31.14,50.21,128.61,79.6,113.3,121.17,187.29,74.52,54.75,290.9,76.74,50.55,102.19
614,05/30/2023,71.43,61.53,93.94,34.29,50.37,67.15,203.84,191.91,83.27,38.33,256.37,62.3568075117371,31,37.85,59.78,45.96,25.73,109.28,72.37,85.42,57.75,44.32,181.61,90.21,209.98,145.31,237.06,69.52,60.4,232.06,52.38,29.93,146.06
615,05/31/2018,43.72,56.56,69.55,37.06,33.64,63.39,87.48,149.44,42.29,35.89,90.04,60.4600938967136,119.3,57.48,43,24.33,,63.75,39.27,50.5,25.58,55.74,100.25,79.54,102.81,107.5,223.08,65.03,61.65,267.16,67.47,62.39,82.54
616,05/31/2019,38.32,49.98,52.29,26.77,36.31,52.37,127.28,161.03,49.44,39.49,131.96,49.3521126760563,28.19,27.65,49.13,22.81,,59.25,50.85,78.02,30.93,49.06,128,77.13,114.12,121.56,176.45,68.82,54.98,288.3,75.89,49.34,101.44
617,05/31/2022,90.82,66.12,118.32,32.89,47.91,96.75,220.34,254.65,69.85,48.67,211.71,65.4835680751174,34.74,37.83,63.38,52.97,,67.58,63.56,92.72,44.56,54.09,167.75,106.25,203.46,125.37,245.47,84.18,55.84,287.74,89.61,43.83,128.63
618,05/31/2023,70.65,61.77,92.64,34.87,50.55,68.03,201.09,184.03,84.16,38.25,259.7,62.6948356807512,31.12,38.22,59.66,45.33,25.09,111.2,73.41,85.73,58.62,44.42,182.35,90.01,210.79,146.59,242.97,69.95,61.85,234.75,50.64,30.37,146.87
619,06/01/2018,43.82,55.59,69.89,36.94,33.28,64.07,89.26,148.4,42.6,35.79,90.01,59.9342723004695,119.92,57.65,43.12,24.42,,64.11,39.56,50.255,25.75,55.72,100.25,78.18,103.56,106.2,222.75,65.41,61.61,269.07,68.09,62.86,82.99
620,06/01/2020,38.89,65.52,39.22,34.72,51.72,65.64,191.5,200.43,63.54,48.85,136.43,62.075117370892,28.36,30.425,46.99,32.49,,61.59,52.25,88.285,36.295,39.18,132.99,73.79,161.12,115.32,173.25,57.18,37.97,365.48,62.61,43.3,123.96
621,06/01/2021,67.92,80.17,89.36,38.18,48.87,85.87,201.42,304.08,62.66,48.34,172.65,61.4647887323944,36.89,43.85,55.28,37.28,,83.96,63.33,88.93,46.795,49.36,147.63,96.78,206.25,133.51,237.35,81.45,58.2,392.46,80.1,52.84,141.66
622,06/01/2022,86.67,65.51,114.1,32.52,47,96.54,218.82,250.42,69.12,48.28,209.69,64.7887323943662,34.64,37.25,63.07,51.35,,66.57,62.91,90.72,44.025,54.08,166.49,105.76,202.71,124.55,244.18,83.25,54.72,282.86,88.14,43.26,125.45
623,06/01/2023,70.55,61.81,91.02,34.42,50.65,68.88,161.86,182.89,83.89,40.2,259.66,62,31.17,38.19,60,44.66,25.28,112.07,73.61,87.58,59.36,44.58,182.19,90.16,218.69,144.9,242.7,71.28,62.33,233.77,50.61,30.32,147.41
624,06/02/2020,39.67,65.35,39.87,34.47,52.01,66.84,191.78,202.68,63.42,48.76,137.18,62.7323943661972,28.06,31.43,46.9,33,,61.77,52.22,87.71,36.04,39.66,132.63,73.73,159.76,115.16,173.23,56.64,39.32,365.19,62.5,43.55,123.94
625,06/02/2021,67.92,80.9,88.57,38.87,49.66,85.99,202.23,303.66,63.49,49.2,173.54,62.3849765258216,37.05,44.09,55.5,37.95,,84.14,63.62,89.68,47.415,49.51,148.22,96.81,203.56,135.93,239.31,80.68,60.1,389.56,80.27,53.83,141.35
626,06/02/2022,89.28,66.17,115.2,32.32,45.75,97.23,224.72,264.4,68.68,45.76,209.23,64.018779342723,35.32,36.39,63.73,52.88,,68.11,63.04,91.08,45.17,54.15,166.68,106.21,211.26,123.04,245.79,84.32,53.98,290.57,88.01,43.43,127.51
627,06/02/2023,71.97,64.05,92.28,35.13,51.47,69.99,166.12,188.29,84.59,40.77,260.91,63.2769953051643,31.45,38.51,61.16,45.92,25.55,113.27,74.27,88.46,59.48,45.33,184.06,91.78,220.64,148.98,245.42,72.64,63.87,236.47,51.34,31.19,148.82
628,06/03/2019,38.98,50.32,54.6,27.52,37.37,53.39,129,164.15,50.64,40.42,132.33,50.5164319248826,28.19,28.42,49.98,22.96,,60.24,51.56,78.55,31.405,50.1,128.98,78.61,112.76,124.3,177.23,68.96,55.9,289.67,78.06,49.91,101.96
629,06/03/2020,40.51,65.79,41.39,33.65,48.82,66.85,189.75,203.24,61.47,47.67,134.22,61.4366197183099,28.47,31.31,47.9,32.68,,64.78,52.09,87.15,36.255,40.21,132.82,74.21,161.81,114.59,174.82,59.1,40.54,370.88,60.1,43.61,123.47
630,06/03/2021,68.25,81.1,88.94,38.81,49.42,87.06,206,302.88,63.8,49.64,174.54,62.6572769953052,36.92,43.99,55.64,38.49,,83.6,63.74,89.67,47.525,49.78,147.67,97.37,203.93,137.88,238.65,80.29,59.8,391.24,79.17,54.77,141.6
631,06/03/2022,87.91,66.17,112.99,32,45.73,94.9,226.95,264.22,68.39,45.12,209.18,63.6244131455399,34.93,36.3,62.97,52.54,,68.17,62.41,89.85,44.415,53.82,164.85,105.52,208.31,122.77,243.33,84.25,53.56,281.85,87.41,43.14,125.32
632,06/04/2018,44.09,56.01,69.99,37.58,33.36,64.1,91,149.16,43.28,36.19,91.31,60.6760563380282,120.21,58.42,43.49,24.75,,65.28,39.78,50.615,25.895,56.02,100.12,78.41,105.13,107.04,225.83,65.74,61.38,272.21,68.6,63.3,85.42
633,06/04/2019,39.63,51.78,54.75,28.62,38.11,54.62,130,169.24,50.88,40.35,133.13,51.2676056338028,28.07,28.67,50,23.63,,61.23,52.14,76.56,31.435,50.42,129.07,78.5,114.07,124.6,184.44,69.4,57.98,292.84,79.33,51.5,102.56
634,06/04/2020,41.14,65.4,41.3,33.31,48.77,66.53,185.88,201.12,60.76,47.97,133.43,60.7605633802817,28.42,31.49,47.92,33.11,,65.81,51.29,85.385,35.46,40.73,130.57,75.19,160.81,109.1,175.73,58.59,42.31,366.6,64.07,44.2,122.11
635,06/04/2021,68.77,80.7,89.11,38.92,49.68,86.47,206.76,303.35,64.03,49.43,174.9,62.5633802816901,36.91,43.96,56.24,38.61,,84,64.02,89.81,47.685,49.77,147.84,97.9,205.31,139.82,239.25,79.61,60.11,395.23,78.65,54.85,141.85
636,06/05/2018,44.23,55.87,70.44,37.37,33.33,63.33,94.18,148.7,42.49,36.21,90.5,59.4084507042254,120.12,57.92,43.11,24.91,,65.73,39.26,50.42,25.68,56.33,100.21,77.51,105.56,106.1,225.27,65.83,61.1,277.09,69.11,62.89,84.62
637,06/05/2019,39.27,54.1,54.53,29.25,41.93,53.17,130.4,169.99,51.28,41.42,136.01,51.6525821596244,28.36,28.47,50.78,23.37,,62.35,52.94,78.205,32.015,49.69,131.39,77.25,115.13,125.26,187.0,70.84,57.42,298.16,80.61,50.8,104.42
638,06/05/2020,42.52,67.42,42.47,33.42,48.18,68.35,185.66,205.17,61,48,135.44,61.6150234741784,28.69,32.62,49.09,32.48,,71.25,52.53,85.415,36.115,41.91,132.44,75.91,160.84,107.44,181.42,61.59,42.4,376.58,64.92,45.35,121.56
639,06/05/2023,71.27,63.08,91.74,35.02,51.56,70.74,158.87,181.09,85.24,40.56,259.48,63.3802816901408,31.31,38.06,60.75,46.15,25.15,114.47,74.29,88.76,59.26,44.64,184.19,90.05,222.12,148.96,244.17,72.54,63.81,240.67,50.51,31.25,149.8
640,06/06/2018,44.79,52.47,70.07,37.05,33.19,65.08,94.63,148.21,42.6,35.66,90.55,59.0704225352113,120.26,57.92,43.46,24.68,,64.66,39.49,50.6,26.6,56.31,100.83,76.85,106.66,106.52,224.36,65.78,61.79,278.81,68.2,63.15,84.56
641,06/06/2019,39.71,55.87,55.1,29.65,43.01,54.11,131.46,173.93,51.33,41.49,137.24,52.3661971830986,28.36,28.62,51.4,23.7,,62.39,53.46,78.86,31.92,50.75,131.98,77.2,116.89,122.37,184.16,70.95,57.71,301.76,81.8,50.98,105.11
642,06/06/2022,88.41,66.4,111.9,32.21,45.91,95.72,232.47,265.68,68.77,45.6,211.41,64.2723004694836,36.7,36.69,62.87,52.15,,68.98,62.45,89.73,45.68,53.59,165.54,106.37,210.85,123.26,245.87,84.72,54.06,283.8,87.48,43.39,124.87
643,06/06/2023,72.39,62.5,92.43,34.32,50.59,70.51,157.11,184.13,83.78,40.43,255.29,62.7511737089202,31.08,37.79,60.31,46.07,25.17,113.49,73.28,90.15,58.33,44.66,181.56,91.62,221.99,146.23,242.5,72.87,65.14,235.98,50.44,31.53,149.78
644,06/07/2018,44.69,51.24,69.1,37.18,33.49,65.02,93.82,151.51,42.22,35.97,91.08,58.4600938967136,120.21,57.67,43.44,24.98,,64.86,39.32,50.525,26.415,56.69,101.16,77.39,105.91,100.8,223.53,65.76,62.62,277.52,69.71,63.6,84.95
645,06/07/2019,39.58,56.5,55.15,29.63,43.08,53.92,133.15,176.86,51.81,42.05,138.01,52.5727699530516,28.34,28.74,51.49,23.93,,60.99,54.02,78.9,32.96,51.38,133.47,78.17,117.4,124.53,188.4,71.5,56.97,305.28,82.45,51.97,106.06
646,06/07/2021,68.66,79.96,89.6,38.79,49.46,86.33,206,302.96,63.72,49.18,173.99,62.3568075117371,36.84,43.88,56.04,38.97,,83.8,63.67,89.49,47.15,50.49,147.75,98.56,206.7,138.13,239.08,79.83,60.66,392.77,78.33,54.56,140.9
647,06/07/2022,89.52,65.98,112.81,32.6,46.6,95.92,234.32,271.32,69.16,45.63,211.77,64.7981220657277,36.41,37.08,63.25,52.03,,69.05,63.24,89.65,45.425,54.01,166.56,106.28,214.5,130.31,246.24,85.11,54.65,285.33,88.38,43.0,123.37
648,06/07/2023,73.36,64.77,94.19,34.1,46.08,71.48,155.54,181.26,81.5,40.37,253.2,62.3286384976526,31.31,36.95,60.22,45.46,25.08,111.81,72.19,90.75,56.9,45.1,180.11,92.25,214.77,148.43,243.32,72.69,66.15,240.09,51.33,31.93,150.0
649,06/08/2018,44.85,52.97,69.17,37.74,34.05,66.03,94.9,153.05,42.91,36.21,91.77,59.8215962441315,120.52,58.47,43.95,25.36,,65.68,39.78,51.74,27.74,57.71,102.49,79.42,106.79,102.52,227.28,66.15,63.56,283.28,70.75,63.4,84.36
650,06/08/2020,42.89,67.91,43.81,33.93,49.89,70.62,186,204.84,62.14,48.11,135.67,63.0704225352113,28.43,33.97,49.85,33.01,,74.58,53.61,86.385,35.2,42.83,132.21,77.7,162.83,111.16,185.93,64.11,43.37,375.07,68.67,47.02,121.24
651,06/08/2021,68.73,79.69,89.75,38.47,49.12,85.81,205.72,300.02,63.19,48.72,173.58,61.9530516431925,35.25,43.78,55.65,38.89,,83.6,63.29,88.5,47.08,49.88,146.37,96.4,207.48,136.87,238.37,80.31,60.73,389.71,78.32,54.0,139.83
652,06/08/2022,88.61,68.58,112.53,32.66,47.31,93.88,233.73,267.86,68.9,45.61,210.55,64.7511737089202,36.03,37.4,62.89,51.22,,68.27,62.62,89.46,45.12,49.49,165.73,103.54,212.27,127.44,245.45,85.16,53.93,281.31,87.31,42.6,122.3
653,06/08/2023,72.2,65.43,91.18,34.46,46.77,71.75,155.85,181.13,82.65,40.63,255.12,62.5070422535211,31.41,37.19,60.37,45.76,25.11,113.4,73.09,90.13,57.53,45.36,182.1,92.17,214.93,151.01,244.41,72.08,66.4,238.56,50.86,31.85,152.17
654,06/09/2020,42.38,69.14,42.91,33.57,49.53,69.37,186.25,200.72,62.82,47.98,133.34,62.1596244131455,28.33,33.1,49,32.92,,71.9,52.95,85.55,35.215,42.18,132.97,75.65,161.49,108.43,183.4,61.39,41.75,367.18,66.77,45.28,121.35
655,06/09/2021,68.11,75.19,88.79,37.31,45.92,84.95,204.93,297.84,62.12,48.28,172.86,60.8450704225352,34.98,43.04,55.48,38.28,,82.5,63.31,88.13,46.62,49.9,146.1,96.75,211.96,135.97,236.67,79.46,60.74,393.31,77.4,53.43,139.08
656,06/09/2022,85.98,68.28,110.19,32.25,47,92.74,237.71,258.79,67.93,45.3,209.45,64.4694835680751,35.71,37.27,61.8,50.43,,67.42,61.23,87.36,44.65,48.66,162.78,101.69,208.61,127.25,241.65,82.49,52.41,271.88,85.31,41.72,121.02
657,06/09/2023,72.54,64.34,93.62,34.38,46.05,71.76,153.05,176.53,82.3,40.87,255.82,63.0610328638498,31.31,36.88,60.47,46.17,25.1,113.62,72.97,90.67,57.25,45.22,182.35,92.59,213.53,153.57,241.61,72.54,66.46,237.06,50.37,31.42,153.09
658,06/10/2019,40.06,57.25,56.4,29.35,42.01,55.03,134.97,178.02,51.34,41.47,136.74,51.4272300469484,28.62,30.31,51.38,24.39,,61.42,54.19,78.47,32.875,51.21,133.59,76.96,118.33,122.64,191.96,71.72,54.74,310.95,82.49,52.29,107.52
659,06/10/2020,41.34,68.39,40.42,33.2,48.94,67.51,190.13,200.43,62.78,48.03,135.32,62.4600938967136,28.5,32.5,48.62,32.57,,70.52,53.11,86.205,35.22,41.82,134.13,75.14,166.5,108.74,180.3,56.99,39.5,366.73,64.54,44.28,121.16
660,06/10/2021,67.23,75.54,87.53,37.17,45.72,85.5,206.45,298.28,62.57,48.67,174.38,61.3145539906103,34.94,42.95,55.91,38.79,,82.07,63.63,88.74,46.885,50.14,147.6,97.55,220.53,135.68,237.17,78.93,60.72,396.4,76.94,55.31,139.88
661,06/10/2022,84.68,68.45,106.96,32.57,46.93,93.17,233.36,249.48,68.38,45.84,213.35,65.3333333333333,35.49,37.45,61.41,51.09,,66.58,60.8,87.98,43.52,48.94,162.52,102.33,208.51,128.41,239.09,81.91,52.34,267.67,84.14,41.54,121.7
662,06/11/2018,45.51,52.14,69.69,37.66,34.83,66.94,95.92,155.05,44.42,36.61,92.41,61.4553990610329,120.59,59.88,44.13,25.54,,65.36,40.23,52.585,28.035,58.25,103.21,80.47,106.56,106.17,226.09,66.41,64.67,283.89,71.99,64.06,84.3
663,06/11/2019,40.17,57.18,56.2,29.8,42.53,53.97,135.51,177.49,52.37,41.84,136.82,52.2629107981221,28.33,30.24,51.33,24.66,,61.92,53.99,78.39,32.25,52.15,133.2,78.14,118.19,123.11,194.96,72.76,54.63,309.57,82.31,52.88,107.94
664,06/11/2020,38.6,65.6,38.88,31.82,47.97,63.16,188.28,189.2,60.58,46.84,129.09,59.8779342723005,28.34,31.18,45.54,32.7,,63.26,50.53,83.92,33.9,39.29,127.84,71.25,158.2,106.29,168.67,53.37,36.55,350.93,59.85,40.75,120.09
665,06/11/2021,66,75.56,84.7,37.33,46.11,85.47,209.31,300.22,62.52,48.78,174.8,61.1830985915493,35.23,43.42,56.16,38.71,,83.71,63.78,88.85,46.75,49.76,147.69,98.84,218.58,136.24,237.89,79.87,59.96,393.54,77.37,55.31,140.75
666,06/12/2018,45.1,52.77,69.69,37.7,35.13,66.35,96.68,157.09,44.52,36.36,93.38,61.6995305164319,120.79,60.12,44.41,25.69,,65.69,40.43,52.59,28.09,57.88,104.48,80.32,106.95,105.9,229.71,66.22,66.09,284.87,71.48,63.7,84.1
667,06/12/2019,40.72,57.58,57.1,29.55,42.43,53.66,136.04,177.17,52.61,41.55,138.22,52.7887323943662,28.48,30.13,51.64,24.63,,61.37,54.55,78.555,32.04,51.59,133.14,77.21,119.53,123.86,189.32,72.98,54.85,315.79,81.89,52.12,108.82
668,06/12/2020,39.43,65.25,39.39,32.41,47.07,64.15,184,191.38,60.15,46.67,129.11,59.7089201877934,28.12,31.8,45.6,32.26,,64.97,50.73,83.27,34.15,39.13,129,70.42,160.69,104.7,170.28,54.26,38.05,352.25,62.2,41.4,117.74
669,06/12/2023,73.17,63.55,93.79,34.32,45.98,71.5,153.99,179.63,81.58,40.88,255.19,61.4084507042254,31.23,36.58,60.21,46.38,25.02,113.47,72.81,90.63,57.91,45.53,181.9,92.65,214.7,151.08,244.44,72.33,67.1,235.44,50.65,31.64,154.1
670,06/13/2018,45.28,52.21,70.99,37.95,35.5,68.41,96.73,155.62,44.62,36.11,91.22,61.7558685446009,120.49,60.1,44.18,26.01,,65.34,40.14,52.36,28.05,57.43,105.27,80.1,106.8,103.83,229.23,65.89,66.1,284.44,70.44,63.91,84.09
671,06/13/2019,41.01,57.29,57.5,29.8,42.64,54.59,135.96,177.95,52.99,41.75,137.63,53.1549295774648,28.62,30.41,51.13,24.62,,61.21,54.65,78.425,30.3,51.21,132.94,77.59,119.44,123.51,189.34,72.52,55.11,321.0,82.53,52.89,108.65
672,06/13/2022,82.01,66.11,102.44,32,45.86,90.89,230.93,238.26,67.06,45.23,210.06,64.6572769953052,34.7,36.04,61.34,50.33,,65.15,59.2,86.73,42.245,47.16,159.74,98.5,202.39,127.3,230.03,79.72,50.63,259.51,83.31,40.28,119.41
673,06/13/2023,74.28,65.2,96.17,34.49,46.25,72.26,160.1,184.67,80.73,40.83,257.73,61.5774647887324,31.52,36.8,60.45,46.86,25.13,115.05,72.72,90.34,58.18,45.76,181.54,93.3,214.77,151.23,247.41,72.76,67.75,239.06,50.26,31.95,155.3
674,06/14/2018,45.24,52.94,70.55,38.2,36.51,69.12,96.33,156.37,44.51,36.11,92.14,62.5352112676056,120.63,60.67,43.58,26.16,,65.85,40.4,52.93,28.025,56.7,105.13,80.85,106.76,103.75,232.18,66.48,66.72,284.16,70.99,64.87,83.79
675,06/14/2019,40.79,56.26,57.86,29.88,42.26,54.17,135.69,176.88,53.41,41.43,138.32,53.1737089201878,28.63,30.31,51.31,24.26,,61.71,55.05,78.3,30.665,50.86,132.73,77.2,118.09,123.31,187.63,72.25,54.0,320.24,81.91,52.57,109.07
676,06/14/2021,65.22,75.71,82.62,37.47,45.82,84.62,209.55,303.22,62.65,48.91,174.67,61.3990610328639,34.85,42.82,55.55,38.4,,83.43,63.79,89.2,46.7,48.08,148.57,100.5,231.7,136.1,236.37,79.4,59.76,395.7,77.35,54.43,140.56
677,06/14/2022,82.67,65.16,104.35,31.8,45.44,90.64,230.02,240.78,66.45,45.12,206.79,64.1690140845071,34.4,36.14,59.23,50.39,,64.15,58.47,83.8,44.03,46.29,156.12,98.97,202.01,125.36,231.5,80.14,51.36,252.51,83.92,40.2,119.46
678,06/14/2023,73.15,64.96,95.32,34.95,45.91,66.65,162.12,192.16,80.65,41.25,260.59,62.1032863849765,31.76,36.67,60.86,47.21,25.34,115,73.13,90.98,58.48,43.95,183.17,93.06,216.64,152.46,247.01,72.83,67.45,244.53,49.76,31.51,156.87
679,06/15/2018,46.03,53.39,70.08,38.5,37.1,70.09,97.33,158.03,45.43,36.44,94,62.9671361502347,121.5,61.61,44.12,25.88,,64.93,40.82,53.2,28.215,57.79,107.61,81.88,105.8,105.73,233.02,66.89,67.89,282.09,71.81,65.8,83.7
680,06/15/2020,39.5,65.82,39.82,33.33,48.38,63.32,187.86,191.44,60.87,47.09,130.13,61.4929577464789,28.58,32.12,46.3,32.08,,65.52,51.22,85.2,34.4,40.31,130.48,72.2,163.75,105.8,173.69,54.88,38.26,359.85,62.76,41.49,118.08
681,06/15/2021,64.64,75.84,81.45,37.25,45.37,85.4,212.12,302.81,62.14,48.64,174.85,60.9107981220657,34.68,42.76,55.41,37.87,,82.6,63.66,88.77,46.095,47.9,148.58,100.46,236.46,134.78,236.08,79.22,58.14,396.31,75.72,54.24,140.0
682,06/15/2022,82.28,67.09,103.92,31.98,45.31,91.45,232.25,243.12,66.34,44.89,206.19,63.6619718309859,34.85,36.18,59.67,50.88,,65.12,59.04,83.73,43.935,45.67,157.79,98.21,203.28,125.17,230.58,80.78,51.82,257.22,84.11,40.73,119.38
683,06/15/2023,74.56,65.2,94.2,34.79,46.44,69.5,163.68,199.41,80.71,41.3,260.86,61.9154929577465,31.76,36.87,61.23,45.94,25.75,114.74,73.46,91.98,58.8,44.15,185.71,94.73,218.98,152.88,249.19,73.4,66.6,248.8,50.21,32.02,157.73
684,06/16/2020,40.75,66.1,41.08,34.25,49.17,65.58,190.88,196.2,61.79,47.8,132.58,62.6103286384977,28.64,32.73,46.77,32.53,,67.96,52.58,86.485,34.75,41.09,131.67,74.66,168.99,108.07,177.46,56.53,39.8,364.17,64.85,42.15,119.65
685,06/16/2021,63.99,75.2,80.44,37.03,45.52,84.74,211.14,299,61.15,47.97,172.67,60.8262910798122,34.24,41.91,54.67,37.55,,81.38,62.74,87.57,45.76,47.37,147.1,99.92,236.8,133.78,233.97,77.44,57.79,395.97,74.64,53.31,137.15
686,06/16/2022,79.03,66.04,100.24,31.75,45.18,89.85,232.23,233.12,66.75,44.9,202.26,63.5399061032864,34.44,36.03,59.07,49.82,,63.71,58.61,82.86,43.945,45.38,157.03,98.27,196.23,123.42,225.77,78.44,50.46,249.44,82.55,39.67,120.62
687,06/16/2023,75.48,65.4,96.43,34.64,46.42,67.72,164.32,203.95,80.71,41.27,260.72,62.2441314553991,32.17,36.99,61.67,46.17,26.25,114.34,73.57,92.65,58.45,44.07,186.04,94.89,219.04,153.1,246.03,73.39,66.28,252.4,50.39,32.67,155.53
688,06/17/2019,40.74,54.88,57.51,29.34,41.37,54.54,135.9,177.62,52.98,40.96,137.7,53.0985915492958,30.04,30.17,50.87,24.36,,59.85,54.75,77.74,30.96,50.86,132.52,77.99,118.5,122.4,187.23,71.84,53.66,325.53,78.53,52.81,109.16
689,06/17/2020,40.47,67.11,40.41,34.3,49.41,65,189.76,195.19,61.8,48.01,132.28,62.9859154929578,28.74,32.8,46.58,32.81,,67.83,52.71,87.07,34.77,40.86,131.76,74.09,172.4,109.05,178.71,54.48,38.77,367.81,63.49,42.15,119.03
690,06/17/2021,61.93,74.78,78.01,36.38,45.69,84.23,213.28,299.9,61.1,48.34,173.51,60.5915492957747,34.49,41.33,54.95,39.18,,79.53,63.19,87.54,46.285,46.87,148.52,100.0,240.46,133.61,229.74,76.04,56.14,403.03,73.88,52.81,137.72
691,06/17/2022,77.31,66.57,97.6,31.37,45.39,88.66,230.8,237.83,66.23,44.69,206.03,63.4178403755869,34.35,35.58,59.43,46.2,,65.46,58.8,82.54,44.06,45.31,157.06,97.95,197.57,122.22,227.7,78.77,50.37,244.93,83.07,39.32,118.29
692,06/18/2018,46.19,53.14,71.08,37.94,36.67,67.74,97.94,157.05,44.73,35.67,91.55,62.2159624413146,121.8,60.87,43.55,26.01,,64.93,40.18,52.775,28.045,56.6,105.38,80.03,106.28,104.19,232.26,66.75,67.01,279.86,71.0,64.15,83.0
693,06/18/2019,41.2,54.22,57.98,28.98,40.86,54.66,137.05,179.14,52.45,40.87,138.25,52.112676056338,30.07,30.27,50.64,23.94,,58.97,54.56,76.82,31.06,50.12,132.06,77.11,119.63,120.6,181.97,71.68,54.11,331.6,77.18,52.8,109.65
694,06/18/2020,40.58,66.76,41.21,34.24,49.05,64.49,191.32,196.15,61.76,48.15,132.54,63.6150234741784,29.06,33.18,46.99,31.81,,67.79,53.09,86.94,34.855,41.47,132.78,74.6,173.74,108.59,184.25,55.93,39.08,365.57,64.02,41.98,117.99
695,06/18/2021,60.66,73.02,77.2,35.68,45.27,82.4,212.7,295.88,59.76,47.42,170.49,59.7089201877934,34.52,40.5,53.77,38.75,,77.95,62.14,86.13,45.88,46.31,145.42,99.5,237.44,130.3,221.25,74.71,54.23,396.87,72.76,50.84,135.17
696,06/19/2018,46.07,52.51,71.86,38.3,37.03,70.77,97.43,155,44.98,35.71,91.92,62.5258215962441,121.79,62.14,43.6,25.99,,66.38,40.34,52.875,27.94,56.79,105.96,80.84,106.1,104.52,231.85,66.9,67.62,276.35,70.8,64.61,83.61
697,06/19/2019,40.71,55.01,57.36,29.24,41.26,54.89,138.17,179.82,53.32,41.18,137.9,51.6995305164319,30.43,30.96,51.12,23.64,,61.32,55.06,77.875,31.18,49.9,132.85,76.65,120.54,120.87,184.32,71.09,54.66,333.65,77.76,52.9,109.62
698,06/19/2020,40.24,65.32,40.63,33.55,49.14,64.49,188.78,190.3,61.58,48.55,129.45,63.6431924882629,28.71,33.48,46.02,32.24,,66.2,52.56,86.1,35.04,40.69,131.28,72.2,172.72,108.94,181.41,54.26,38.03,368.39,63.22,44.13,119.85
699,06/20/2018,46.17,50.61,70.27,38.45,37.2,71.6,98.01,153.07,44.87,35.59,91.86,62.6197183098592,122,63.04,43.26,26.18,,67.48,40.76,52.905,27.77,56.75,105.81,81.75,106.81,106.36,231.5,67.42,68.11,277.32,70.13,68.0,83.61
700,06/20/2019,41.3,55.42,57.61,29.2,41.03,53.87,138.81,182.96,54.02,41.56,137.64,51.8215962441315,30.91,31.13,51.66,23.13,,61.34,55.46,77.985,31.76,50.26,134.16,77.18,123.27,121.1,185.74,70.78,54.98,334.84,78.63,52.88,110.32
701,06/20/2023,74.08,64.83,93.51,34.24,45.79,68.67,164.99,197.55,80.64,40.78,258.46,61.5586854460094,31.93,36.62,61.26,45.83,26.06,113.3,73.26,92.94,58.36,43.47,185.31,94.82,216.81,151.34,243.74,72.48,66.6,252.98,49.83,32.39,154.16
702,06/21/2018,46,49.98,71.05,38.28,37.46,71.08,98.68,151.87,44.97,35.67,91.91,62.7605633802817,122.15,62.57,43.09,28.73,,67.29,40.74,52.535,27.985,56.69,107.24,79.47,107.03,105.39,231.36,68.08,67.47,279.57,69.27,67.79,84.21
703,06/21/2019,41.08,55.11,57.55,28.72,40.69,53.65,138.78,181.31,53.77,41.41,137.13,52.1971830985916,30.65,31.48,51.55,22.24,,60.84,55.25,77.205,31.89,48,133.96,79.22,120.07,121.52,183.73,70.65,55.42,334.73,79.29,52.45,111.13
704,06/21/2021,61.84,74.03,80.18,35.84,45.55,84.02,213.97,301.48,60.14,47.82,172.24,60.2535211267606,34.29,40.83,54.36,39.58,,79.66,62.66,87.17,46.02,47.29,146.56,100.16,239.52,131.12,225.94,77.36,55.71,400.29,73.57,51.93,136.4
705,06/21/2022,79.4,68.69,98.71,32.34,47,91.08,238.97,246.76,67.85,45.31,215.07,64.6572769953052,34.94,36.61,60.7,48.4,,67.09,59.82,83.57,45.42,45.7,160.71,100.1,201.51,124.39,234.94,80.07,52.21,249.11,84.01,40.1,122.17
706,06/21/2023,73.46,66.32,91.82,34.39,45.68,68.77,167.05,194.75,81.38,40.68,258.89,61.2582159624413,31.74,36.07,61.43,45.68,26.2,113.36,73.14,93.31,58.41,43.95,185.43,96.35,216.75,152.49,246.28,72.6,66.54,244.89,50.47,31.56,154.46
707,06/22/2018,46.53,49.81,71.52,38.55,38.6,72.18,100.15,152.93,45.22,36.27,92.67,63.2863849765258,122.37,63.21,43.25,29.69,,67.88,41.3,53.045,28.43,57.02,108.37,80.19,107.93,105.71,231.52,67.79,69.02,281.71,69.38,67.61,84.82
708,06/22/2020,40,65.71,40.39,34.4,49.81,64.3,192.14,192.26,61.52,48.39,130.56,62.6291079812207,29.19,33.15,45.74,32.07,,65.85,52.35,86.35,35.135,40.05,131.05,72.04,179.11,108.95,179.71,55.0,37.95,368.1,61.42,43.24,121.68
709,06/22/2021,61.64,73.69,79.77,35.73,45.59,83.81,214.84,300.51,60.21,47.74,172.27,60.018779342723,34.77,40.55,54.56,39.83,,79.81,62.87,87.26,45.89,47.24,146.78,100.0,241.09,130.52,224.7,77.13,54.92,404.8,74.21,51.77,137.03
710,06/22/2022,77.43,68.65,93.06,32.46,46.97,91.29,240.52,247.91,67.9,45.72,214.9,63.774647887324,34.88,37.05,61.15,47.34,,68.22,60.28,83.45,45.37,41.5,162.03,99.18,202.97,123.8,237.4,78.3,52.72,247.91,83.81,40.45,120.69
711,06/22/2023,73.06,65.84,93.27,34.39,45.78,69.41,172.22,195.54,81.3,40.61,260.31,61.5492957746479,31.92,36.07,61.85,46.07,26.55,115,73.74,93.75,59.69,43.76,187.35,95.69,216.52,152.02,245.27,73.24,66.47,243.43,50.41,31.89,155.75
712,06/23/2020,39.93,65.15,41.08,34.22,49.1,64.43,189.97,194.31,61,47.6,130.25,62.2723004694836,29.03,32.4,45.64,32.1,,66.54,51.92,86.205,35.09,40.34,131.36,71.49,181.95,106.44,180.46,58.28,37.97,368.47,61.16,42.81,121.07
713,06/23/2021,61.26,72.92,79.99,35.27,45.22,83.73,214.08,302.38,59.21,47.43,170.37,59.2206572769953,34.49,40.14,54.12,39.19,,78.94,62.33,86.11,45.155,47.02,144.85,100.05,243.4,129.06,224.25,77.27,54.72,408.16,73.83,52.08,135.96
714,06/23/2022,71.75,69.5,87.39,33.31,47.4,92.37,243.61,258.56,68.98,46.31,218.11,65.0892018779343,35.21,37.85,61.88,47.73,,69.2,61.04,85.5,46.09,42.51,164.1,101.57,207.49,125.94,239.35,80.83,53.8,251.49,83.96,40.89,123.62
715,06/23/2023,72.9,65.04,94.04,34.09,45.59,69.6,171.15,191.94,81.32,40.47,259.09,61.1830985915493,31.18,35.91,61.2,46.14,26.48,114.69,73.1,93.79,59.11,43.42,186.07,96.3,215.27,150.32,242.38,72.45,66.18,237.3,49.5,31.4,155.46
716,06/24/2019,40.73,55.26,57.49,28.1,40.53,53.14,137.14,183.91,53.67,42.14,137.45,52.3849765258216,29.97,30.52,51.92,22.08,,60.76,55.33,77.075,31.78,48.49,134.14,77.83,121.17,121.31,181.26,71.11,55.46,332.8,80.82,51.95,111.24
717,06/24/2020,39.32,63.81,41.19,33.79,48.86,63.18,191.85,187.75,60.29,47.76,127.98,60.9201877934272,28.4,32.13,44.65,32.82,,63.05,50.64,86.135,34.035,39.43,129.56,70.09,181.86,106.24,171.66,54.88,36.5,355.31,59.44,41.17,120.3
718,06/24/2021,61.69,74.07,80.29,35.42,45.2,83.77,213.9,308.7,59.15,47.4,172.39,59.5680751173709,34.59,40.37,54.39,39.15,,80.03,62.65,86.28,45.07,47.43,145.67,99.03,245.97,128.57,226.0,77.23,54.96,400.82,74.28,52.1,136.91
719,06/24/2022,74.52,71.51,88.39,34.1,48.44,94.52,247.9,270.2,70.63,47.37,220.96,66.4037558685446,35.76,38.4,63.04,48.45,,71.91,62.65,87.84,47.29,43.4,166.13,103.4,211.5,128.88,245.5,85.57,55.77,258.05,85.8,41.65,123.72
720,06/25/2018,46.26,48.3,71.25,38.94,42.23,71.43,100.45,145.62,46.01,36.64,94.2,64.8356807511737,121.92,63.32,43.58,29.33,,68.15,41.45,53.43,28.315,57.07,108.99,79.97,105.52,108.23,228.04,68.23,69.79,275.94,69.83,67.24,86.47
721,06/25/2019,40.42,55.71,55.88,28.89,41.04,53.68,136.01,183.95,53.7,40.5,137.2,51.2018779342723,29.57,30.68,51.76,21.85,,62.54,55.48,76.545,31.665,48.78,133.81,78.82,119.89,120.57,183.9,71.7,55.4,336.13,79.97,52.95,110.72
722,06/25/2020,39.95,63.34,42.52,33.69,49.6,64.02,190.67,186.95,60.33,48.67,128.67,61.5117370892019,28.4,31.88,44.93,32.78,,63.86,50.83,89.27,34.53,39.66,131.41,70.67,186.3,105.74,173.33,55.0,35.58,354.96,59.87,42.04,119.71
723,06/25/2021,61.46,75.11,79.11,35.65,45.76,84.08,211.91,315.95,59.63,47.76,175.12,60.0281690140845,34.86,40.69,54.32,39.21,,80.68,63.18,87.28,46.06,47.62,146.41,99.04,244.5,129.42,228.6,77.04,55.08,412.21,74.5,52.16,138.53
724,06/26/2018,46.23,48.8,70.92,38.23,41.31,69.81,99.73,146.74,46.06,37.06,94.04,64.5070422535211,120.26,63.21,43.33,29,,68.63,41.18,53.27,28.12,56.1,108.05,79.77,106.38,109.12,229.65,68.21,68.61,275.8,70.47,66.57,85.98
725,06/26/2019,40.5,54.91,55.63,28.93,40.46,53.7,136.47,182.5,51.31,40.13,134.15,50.1877934272301,28.76,30.84,51.12,21.43,,63,54.46,75.315,31.8,47.94,132.32,77.38,119.5,116.0,185.02,70.31,54.96,326.94,79.52,52.38,110.16
726,06/26/2020,38.93,61,40.22,32.64,48.4,63.45,189.39,184.14,59.21,48.21,125.85,59.962441314554,28.22,30.9,43.57,32.68,,62.53,50.08,88.125,33.95,38.19,128.93,68.87,185.63,103.01,168.99,52.3,34.43,355.87,58.28,41.17,118.32
727,06/26/2023,73.64,65.44,92.88,34.28,45.83,69.85,167.69,194.08,81.86,40.78,259.53,61.5962441314554,31.12,35.55,61.22,46.65,26.15,114.66,73.23,93.29,57.71,44.26,184.89,96.77,214.49,151.74,242.42,72.37,65.67,239.53,50.23,31.59,155.05
728,06/27/2018,46.27,48.67,70.07,35.45,39.89,70.05,98.67,144.99,45.73,36.8,93.93,64.9577464788732,119.4,62.69,43.07,29.01,,68.16,40.99,52.965,27.965,55.99,108.27,79.9,103.43,110.04,229.41,68.06,67.79,269.24,69.28,66.26,86.89
729,06/27/2019,40.57,55.28,55.1,25.43,39.75,54.74,136.46,182.05,52.22,40.27,134.88,49.943661971831,28.68,30.77,51.08,21.39,,61.7,54.12,77.935,31.785,47.9,131.69,77.92,120.6,116.89,188.21,70.44,55.33,327.75,79.65,54.52,110.1
730,06/27/2022,76.04,72,90.92,34.05,48.14,94.54,246.76,262.87,71.04,47.53,220.96,66.6291079812207,35.89,38.66,62.91,48.7,,72.67,62.63,87.91,47.105,43.19,166.35,102.71,212.62,128.56,247.42,86.1,55.38,259.56,85.81,42.19,124.12
731,06/27/2023,73.89,66.12,92.41,34.24,46.2,68.68,169.4,196.47,80.9,40.49,259.91,62.6291079812207,31.25,35.58,61.09,46.77,25.89,114.3,73.93,93.25,58.13,44.34,186.22,96.56,214.1,150.78,246.99,73.38,65.81,236.62,49.96,28.64,154.49
732,06/28/2018,46.19,49.27,69.6,35.83,40.75,65.78,99.13,142.55,44.68,37.24,94.18,65.4178403755869,120,62.65,43.47,28.43,,68.72,40.9,57.415,28.39,57.29,108.68,81.66,104.08,109.05,232.33,68.35,67.84,269.38,69.26,59.7,85.86
733,06/28/2019,40.8,55.43,55.71,26.52,40.07,54.49,135.16,183.11,52.52,40.54,134.03,50.3004694835681,28.9,31.04,50.92,21.71,,63.36,53.9,77.505,31.915,47.35,131.13,78.53,122.03,115.19,196.94,70.72,56.0,331.15,80.74,54.67,110.49
734,06/28/2021,60.79,75.3,79.35,35.83,45.86,84.12,215.02,314.54,60.55,47.77,174.54,60.4788732394366,34.88,40.88,54.26,39.36,,79.88,63.19,88.15,45.73,47.18,147.04,98.67,247.09,130.84,229.39,76.22,54.83,406.39,73.6,52.21,138.1
735,06/28/2022,75.99,71.16,90.71,33.94,47.89,93.2,243.58,257.37,70.26,47.09,218.42,66.5446009389672,35.51,37.73,62.28,48.43,,71.71,61.72,86.84,45.405,43.19,164.01,102.44,211.27,127.21,245.52,85.05,55.76,253.26,85.62,40.96,122.37
736,06/28/2023,73.94,65.62,91.81,33.05,45.32,68.14,167.05,193.87,76.72,39.43,249.59,61.5492957746479,30.9,35.02,60.52,47.17,25.8,113.11,73.22,91.85,57.15,44.5,183.7,96.2,214.68,145.15,246.78,72.87,65.65,234.94,49.83,29.08,155.33
737,06/29/2018,45.83,49.01,69.71,35.73,40.54,64.35,98.6,142.69,44.26,37.21,93.06,65.6056338028169,122,62.82,43.86,28.45,,68.51,41,58.045,28.65,56.79,108.87,80.74,103.58,107.48,218.87,68.29,68.04,268.21,68.85,60.02,85.65
738,06/29/2020,39.66,63.24,40.81,33.7,49.25,64.42,190.02,185.65,60.74,48.34,127.61,61.1079812206573,28.3,31.64,44.36,34.13,,63.26,50.58,89.69,34.555,39.23,131.08,70.51,188.32,105.08,174.17,54.42,35.42,355.44,59.26,42.32,119.06
739,06/29/2021,60.6,75.31,79.54,35.96,45.63,83.49,216.99,317.51,60.03,47.54,172,60.0281690140845,35.24,40.58,53.86,38.85,,79.28,62.34,87.62,45.78,46.78,146.94,97.94,246.29,130.14,230.98,75.68,54.43,408.63,73.32,51.99,137.3
740,06/29/2022,77.24,70.92,91.48,34.33,48.4,93.35,247.05,256.99,74.72,47.96,218.91,67.2488262910798,35.68,37.98,62.73,48.11,,72.03,62.05,85.63,46.675,41.76,166.73,100.87,212.91,130.7,243.63,85.3,55.36,256.83,86.3,40.87,121.92
741,06/29/2023,74.62,66.3,92.81,33.31,45.48,68.76,166.77,192.53,76.3,39.86,248.68,62.7417840375587,30.76,35.02,60.02,46.32,25.99,113.89,72.28,86.78,57.42,44.97,183.88,97.69,216.23,146.37,246.85,73.13,65.62,234.95,50.69,28.37,154.28
742,06/30/2020,39.9,63.66,41.13,35.17,49.63,64.97,190.51,188.68,61.65,48.27,129.62,62.0281690140845,28.4,31.89,44.68,33.85,,63.93,51.13,89.705,34.66,39.25,132.26,70.06,192.0,105.81,174.95,54.66,34.36,363.98,59.71,42.39,119.78
743,06/30/2021,60.6,74.94,78.15,36.38,45.59,83.44,216.39,318.08,60.93,47.75,174.18,60.4037558685446,35.24,40.78,54.11,38.31,,80.66,62.44,88.32,45.675,47.68,148.17,99.11,246.52,129.57,233.89,77.75,53.69,401.79,73.76,52.61,141.02
744,06/30/2022,77.6,70.16,90.69,34.24,48.05,92.66,245.44,254.67,75.45,47.36,215.16,66.9859154929578,35.39,38.14,62.91,47.33,,71.46,62.09,83.25,46.35,41.77,166.66,98.74,209.63,128.01,233.06,84.71,54.51,245.85,86.06,37.9,121.58
745,06/30/2023,75.56,66.78,94.35,33.72,45.71,69.13,169.78,196.38,76.7,40.22,249.7,63.2863849765258,31.27,35.5,60.22,47,26.42,114.95,72.94,87.23,57.44,45.3,185.22,97.62,218.5,147.67,246.13,74.2,65.84,242.03,51.04,28.49,157.18
746,07/01/2019,41.4,56.15,56.29,26.9,40.12,54.93,135.87,182.23,53.33,40.91,134.25,50.1220657276995,29.48,30.46,51.6,21.6,,62.53,54.71,77.85,32.385,47.69,131.87,77.98,123.76,116.51,196.09,70.68,56.31,335.87,80.96,54.65,110.62
747,07/01/2020,39.41,64.52,40.13,35.67,49.31,64.56,190.9,189.33,60.43,47.44,130.12,61.906103286385,28.67,31.67,44.82,33.57,,63.42,51.08,89.75,34.515,39.24,132.36,69.99,190.86,105.22,185.88,53.7,35.06,368.93,58.57,40.88,119.69
748,07/01/2021,60.71,74.54,79.42,36,45.72,82.22,217.81,317.08,60.22,47.57,173.7,60.0657276995305,35.22,40.49,53.96,38.13,,80.78,62.47,87.97,45.575,47.83,148.2,99.89,247.88,130.05,232.03,76.82,53.98,406.84,73.84,48.71,139.32
749,07/01/2022,76.41,71.57,90.95,34.56,48.49,93.94,246.35,256.52,75.79,47.72,221,67.3990610328639,36.07,38.64,64.38,48.14,,71.66,63.34,82.67,47.295,42.25,169.39,99.72,215.72,131.19,235.43,86.32,55.62,255.09,85.25,38.56,122.63
750,07/02/2018,45.23,49.25,69.33,35.03,40.29,65.17,98.06,142.74,43.44,36.59,92.23,65.3615023474178,123.68,62.09,43.75,28.22,,67.99,40.86,57.84,28.79,55.87,109.53,80.24,103.78,105.16,215.91,67.96,67.62,267.6,66.42,61.13,84.0
751,07/02/2019,41.49,56.6,56.41,26.67,40.64,54.8,137.11,184,53.55,41.2,136.09,50.056338028169,29.76,30.52,51.98,21.44,,62.62,54.95,79,32.325,48.6,132.43,79.75,123.37,117.58,198.66,71.42,56.13,331.99,81.28,54.96,111.6
752,07/02/2020,39.56,64.43,39.78,35.41,49.32,64.7,189.48,191.61,61.48,48.08,129.86,62.2629107981221,28.53,31.81,44.88,33.5,,63.46,51.49,90.805,34.63,39.4,132.85,70.46,192.48,105.02,185.8,54.06,35.34,368.15,58.45,41.98,119.21
753,07/02/2021,60.63,74.44,79.69,35.86,45.66,82.43,218.53,317.56,60.22,47.77,174,60.112676056338,35.18,40.38,54.18,38.37,,80.27,62.6,88.59,45.43,47.53,148.91,100.3,250.53,129.69,231.42,76.59,53.81,410.0,73.62,48.17,140.11
754,07/03/2018,45.66,49.02,68,34.64,41.03,64.5,98.1,141.95,43.53,36.82,92.77,65.1079812206573,123.22,62.64,43.99,28.7,,68.37,40.81,57.655,28.84,56.46,108.8,81.12,103.52,107.29,214.99,68.54,67.69,269.98,66.83,60.76,84.44
755,07/03/2019,41.87,57.33,56.73,28.26,41.67,55.2,139.09,186.03,54.34,41.77,138,53.2112676056338,30.2,31.25,52.1,21.55,,63.72,55.81,81.18,32.975,49.19,133.99,80.63,123.88,119.73,199.9,71.75,56.86,333.3,82.16,55.19,112.32
756,07/03/2023,76.73,66.82,97.12,34.09,46.51,69.77,170.57,198,77.12,40.62,251.73,64.3661971830986,31.47,35.81,60.58,47.44,26.04,115.12,73.51,88.17,56.95,45.92,185.6,98.48,214.65,150.39,247.47,75.3,66.61,238.73,51.81,29.02,158.2
757,07/05/2018,46.34,50.55,69.4,35.92,41.49,65.09,98.12,143.55,44.84,37.07,95.16,67.1737089201878,123.81,63.95,44.66,28.6,,69.88,41.86,59.06,28.82,57.63,109.55,82.03,105.26,110.64,215.74,69.36,69.7,271.09,67.29,62.38,84.57
758,07/05/2019,41.94,57.16,56.61,28.06,41.57,55.57,139.95,185.35,54.18,41.5,138.26,52.3661971830986,30.08,30.99,52.11,21.75,,64.34,55.5,80.72,32.96,48.78,133.02,80.12,124.33,119.49,197.49,71.75,56.85,334.15,82.63,55.19,111.98
759,07/05/2022,72.38,70.8,86.62,34.37,48.25,92.53,250.05,259.03,75.15,47.6,218.34,67.8591549295775,36.26,38.12,63.28,47.23,,73.4,62.48,84.1,48.055,41.72,169.01,98.08,216.43,131.48,236.71,85.2,55.34,252.25,85.79,38.51,124.25
760,07/05/2023,77.42,67,98.46,33.67,45.98,69.59,170.16,195.64,77.31,40.16,248.81,64.2253521126761,31.75,35.85,61.03,47.04,25.7,114.3,73.22,87.07,56.97,45.98,186.58,97.45,216.44,149.39,251.0,74.28,66.64,237.61,51.88,29.26,158.11
761,07/06/2018,46.71,50.44,69.78,35.73,41.91,66.48,98.63,142.42,45.04,37.15,95.55,67.4460093896714,122.92,64.43,44.64,29.12,,70.19,42.35,59.69,29.22,58.29,109.56,82.26,106.82,111.74,214.98,69.38,70.62,274.28,67.01,63.3,84.51
762,07/06/2020,39.67,64.72,40.49,35.54,49.31,64.93,187.14,192.02,62.19,47.99,129.45,62.1596244131455,28.56,32,45.23,33.73,,64.05,51.62,90.785,35.655,39.6,133.3,70.6,193.62,105.87,186.49,53.76,35.66,368.15,59.45,43.16,118.89
763,07/06/2021,59.45,74.21,77.67,35.89,45.54,81.18,218.4,319.04,59.84,47.9,175.1,59.8403755868545,34.93,39.65,53.88,37.41,,79.79,62.34,88.05,45.305,46.67,149.13,98.65,247.93,128.58,229.46,75.34,52.02,412.61,73.03,47.7,139.94
764,07/06/2022,72.22,70.4,85.85,34.79,48.36,93.19,253.18,257.24,76.22,48.02,220.64,68.3098591549296,35.95,38.2,63.41,47.4,,73.53,62.41,83.43,48.695,41.16,170.7,95.0,217.29,132.09,239.44,84.82,55.23,251.8,85.68,37.78,125.13
765,07/06/2023,77.04,66.83,98.29,33.43,46.02,69.54,168.76,194.02,76.43,39.81,247.76,64.2065727699531,32.2,35.66,60.56,47.29,25.62,114.41,72.88,85.71,56.61,46.09,186.6,97.5,215.0,148.5,252.59,74.18,66.09,234.38,52.1,29.11,157.11
766,07/07/2020,39.22,64.17,39.64,35.88,49.73,63.92,187.82,189.12,62.98,48.15,129.25,62.5446009389671,29.12,32.05,45.21,33.68,,63.05,51.5,91.57,35.85,39.94,133.57,72.94,191.47,106.05,182.46,53.02,34.66,360.69,58.69,42.22,126.95
767,07/07/2021,59.9,74.43,77.8,36.17,46.08,81.34,221.5,319.15,60.39,48.03,176.57,60.2535211267606,35,39.85,54.32,37.64,,79.93,63.05,88.18,45.42,46.79,149.79,98.79,252.08,129.04,227.08,74.85,52.89,421.59,73.39,47.49,139.71
768,07/07/2022,74.4,70.43,88.75,35.2,48.57,93.73,254.86,259.34,75.51,48.35,219.93,68.3943661971831,36.15,38.08,62.91,48.74,,74.78,62.37,82.68,48.495,41.81,170.36,94.99,220.28,132.9,241.61,86.05,54.63,255.92,86.07,38.21,125.32
769,07/07/2023,78.01,66.19,100.99,33.22,45.54,69.17,169.33,192.46,75.17,39.35,242.98,63.0892018779343,31.76,35.46,59.76,47.17,25.22,112.62,72,84.67,55.87,45.98,183.08,97.7,215.8,147.71,253.49,74.33,65.92,235.92,51.76,29.1,153.49
770,07/08/2019,41.84,56.42,56.97,28.47,41.5,55.31,138.57,185.25,54.05,41.37,138.59,52.0469483568075,29.92,30.69,52,21.8,,64.39,55.44,79.85,33,49.08,132.56,79.61,123.81,119.21,200.1,72.0,56.45,332.73,81.92,55.43,112.72
771,07/08/2020,38.68,64.04,39.19,35.7,49.53,63.14,186.53,188.61,62.94,47.91,128.52,62.5446009389671,28.61,31.86,45.07,32.42,,61.85,51.24,91.82,35.88,39.87,134.22,72.3,192.72,104.71,183.48,53.11,34.74,360.26,57.93,42.29,124.44
772,07/08/2021,59.13,73.89,76.14,36.09,45.86,80.22,219.66,313.57,59.66,47.75,175.79,60.093896713615,34.77,39.6,54.13,37.88,,79.6,62.95,87.08,44.92,46.43,149.86,98.37,250.73,129.53,227.01,74.29,52.73,422.51,72.64,46.72,139.59
773,07/08/2022,73.34,70.16,87.7,35.31,48.58,94.18,252.88,251.48,75.54,47.55,219.79,68.093896713615,36.2,38.37,63.14,48.02,,74.94,62.44,82.07,48.74,41.52,171.88,93.89,217.67,131.95,242.17,86.15,55.5,254.66,84.11,37.55,125.4
774,07/09/2018,47.27,50.9,69.46,36.44,41.55,67.64,98.39,142.64,44.31,37.15,93.92,66.169014084507,123.66,63.97,44.4,28.75,,70.38,42.17,59.84,29.36,58.02,107.76,82.18,107.23,110.91,218.3,69.33,69.82,278.31,66.63,63.73,85.93
775,07/09/2019,41.77,56.04,57.29,28,41.46,54.83,139.55,183.9,53.31,41.18,138.62,51.5023474178404,29.39,30.5,51.59,21.71,,65.08,55.38,79.035,32.38,48.35,131.74,79.44,124.02,118.77,198.04,71.49,55.54,335.34,82.15,55.5,112.88
776,07/09/2020,37.81,63.25,38.23,35.6,49.41,61.28,189.74,187.81,62.55,47.01,126.75,61.8779342723005,29,31.37,43.91,32.76,,59.96,50.26,91.925,35.525,38.6,132.71,70.14,193.69,103.39,182.39,50.98,33.25,356.96,55.58,39.01,127.75
777,07/09/2021,60.32,74.12,77.45,36.12,45.64,81.32,220.77,317.87,59.7,47.44,176.75,60.3568075117371,35,39.95,54.46,38.27,,80.82,63.02,87.1,45.12,47.4,149.48,99.4,247.68,130.85,227.69,76.14,53.18,422.82,73.55,47.41,140.3
778,07/10/2018,47.94,50.75,70.2,36.62,41.49,68.24,100.01,144.6,44.69,37.33,93.81,66.3286384976526,22.19,64,44.97,28.77,,70.28,42.08,58.96,29.785,58.76,112.89,82.67,108.0,109.14,217.98,69.65,68.39,278.29,66.67,63.2,87.21
779,07/10/2019,41.8,56.35,57.19,28.34,41.4,55.38,140.93,184.29,54.5,41.3,138.57,51.4366197183099,29.16,31.3,51.82,21.65,,66.2,55.53,78.725,32.515,49,134.41,80.28,124.0,118.14,200.79,72.06,55.87,331.9,82.03,55.57,112.98
780,07/10/2020,39.38,64.8,39.89,36.31,50.28,62.65,188.24,189.69,63.55,48.2,127.75,63.0892018779343,29.2,32.28,45.15,33.44,,63.01,51.44,92.955,35.825,40.27,134.46,72.96,192.09,105.18,184.93,52.31,34.66,354.78,58.52,40.12,130.68
781,07/10/2023,78.54,65.53,100.18,32.91,45.99,69.36,168.99,193.2,74.79,39.08,241.91,62.9014084507042,31.46,35.4,59.31,46.88,25.25,112.24,72.1,83.32,56.38,44.95,184.3,97.75,216.61,146.37,251.72,74.07,65.53,239.12,50.9,29.79,154.88
782,07/11/2018,47.85,50.63,69.76,36.54,42.4,67.3,99.02,139.47,44.69,37.52,94.04,66.037558685446,24,63.74,44.79,27.97,,70.2,42.25,59.155,30.12,58.69,112.54,82.84,107.57,109.85,217.35,69.4,68.61,276.15,66.0,63.66,86.53
783,07/11/2019,41.73,56.38,56.55,27.48,40.87,57.97,140.36,186.08,53.56,41.22,137.09,51.2676056338028,29.04,30.65,52.04,21.76,,67.58,54.63,78.5,32.4,49.26,134.35,81.26,124.72,114.51,197.67,71.98,54.77,335.98,81.43,55.62,113.92
784,07/11/2022,72.63,70.23,87.13,35.56,48.74,94.71,253.88,245.59,75.76,47.8,220.5,68.3192488262911,36.14,38.61,62.94,47.9,,74.63,62.28,82.33,48.43,41.95,170.47,93.23,216.87,133.04,241.14,86.34,56.06,248.24,81.81,37.43,125.45
785,07/11/2023,80.47,65.95,102.11,33.12,46.2,71.27,169.89,192.9,75.08,39.21,241.22,63.3427230046948,31.39,35.63,59.52,47.57,25.08,110.51,70.89,83.52,55.53,45.64,183.98,98.6,216.91,147.8,252.47,73.99,64.44,242.98,51.67,30.57,154.65
786,07/12/2018,47.9,50.79,68.85,36.06,41.37,67.99,98.55,138.84,44.58,37.56,93.66,66.3661971830986,25,63.64,44.67,27.95,,70.54,42.45,59.02,30.495,58.01,111.53,83.2,109.02,109.73,217.52,69.84,67.71,278.1,65.96,63.88,86.52
787,07/12/2019,41.92,56.05,56.86,27.61,40.92,57.55,141.52,186.81,53.44,41.01,137.17,51.2206572769953,28.73,30.8,52.12,21.89,,65.93,54.54,79.255,32.5,49.5,133.28,81.89,124.39,114.2,199.6,72.59,54.38,334.27,81.38,55.74,114.6
788,07/12/2021,60,73.28,77.53,35.93,45.55,81.82,219.46,320.48,59.27,47.04,176.82,59.8779342723005,34.98,39.79,54.48,38.31,,79.7,62.95,86.69,45.585,47.49,149.51,98.55,248.84,130.4,226.46,75.23,52.85,420.43,72.55,47.55,140.05
789,07/12/2022,72.85,70.07,87.59,35.6,48.89,94.98,247.54,244.3,75.92,48.08,220.13,68.5352112676056,36.3,38.8,62.67,47.6,,74.17,62.56,82.26,48.375,42.31,169.5,93.8,215.78,133.11,240.56,86.39,57.4,243.77,82.72,37.97,125.07
790,07/12/2023,78.73,66.02,100.66,32.98,45.92,70.47,168.61,191.03,74.95,39.15,238.8,63.7652582159624,31.27,35.76,59.84,47.35,25.25,112.39,71.4,84.95,56.21,45.69,183.17,99.0,216.88,147.22,250.9,73.83,65.99,246.64,52.18,30.32,155.04
791,07/13/2018,47.57,51.02,68.47,36.07,41.05,68.63,99.5,140.49,44.91,37.58,93.99,66.8262910798122,24.25,63.85,44.74,28.05,,70.85,42.83,59.57,30.605,58.5,112.69,82.68,109.12,111.06,215.5,70.74,68.1,275.68,66.3,65.17,87.7
792,07/13/2020,39.76,64.68,40.5,35.64,49.83,62.62,186.46,189.74,63.56,48.06,127.88,62.8638497652582,28.92,32.51,45.25,33.28,,63.8,51.65,91.455,35.275,40.21,134.91,73.5,188.09,104.68,179.69,52.44,34.32,350.24,58.02,39.58,129.52
793,07/13/2021,59.24,72.08,76.34,33.98,44.71,81.66,220.02,320.63,59.13,47.13,175.93,59.3051643192488,35.02,39.16,55.02,38.07,,77.96,63.07,85.7,46.01,46.84,152.96,97.71,248.76,129.74,225.45,73.31,51.69,418.76,71.77,47.32,140.58
794,07/13/2022,72.69,70.93,87.11,35.74,49.46,93.45,246.63,245.44,76.43,48.19,219.78,69.3802816901408,36.43,39.18,62.38,47.95,,73.18,61.97,83.12,48.4,41.96,170.1,90.65,218.25,134.64,244.98,86.27,58.25,242.51,83.03,37.24,125.37
795,07/13/2023,79.17,66.89,100.55,33.16,45.53,71.22,165.66,193.26,74.79,39.76,238.48,63.5023474178404,31.51,35.64,60.35,47,25.4,112.03,71.83,85.21,56.74,45.58,187.53,100.49,218.69,147.61,252.75,73.29,66.7,247.07,52.97,29.74,154.13
796,07/14/2020,40.44,66.22,41.9,36.77,50.31,63.7,189.73,195.88,65.17,49.09,131.8,64.2253521126761,29.34,33.31,45.87,34.24,,66.15,52.85,94.71,35.815,41.06,135.52,74.31,195.04,107.19,179.18,52.96,35.08,362.35,58.81,40.11,132.01
797,07/14/2021,58.78,72.78,75.94,33.89,44.37,82.42,220.89,326.56,59.27,47.21,177.57,59.3521126760563,35.5,38.99,56.26,38.32,,78,63.51,86.18,46.5,47.56,154.54,99.56,249.38,130.29,225.78,73.22,51.54,417.25,71.17,46.88,141.55
798,07/14/2022,71.7,71.56,85.63,33.15,49.05,92.83,248.35,243.98,74.7,48.09,217.87,68.4131455399061,36.39,38.76,62.18,47.5,,73.95,60.88,82.43,48.875,41.63,170.98,89.62,221.92,132.79,250.97,86.74,58.18,239.09,81.54,36.86,127.82
799,07/14/2023,78.2,67.54,99.67,32.9,45.39,71.38,163.16,193.63,75.01,40.13,238.87,63.4366197183099,31.66,35.85,60.9,46.44,24.94,112.71,72.28,85.77,57.31,45.49,188.21,99.5,222.35,148.05,255.47,73.1,67.28,245.86,52.33,29.2,154.66
800,07/15/2019,41.74,55.83,56.78,27.52,41.12,57.44,142.26,187.29,53.12,41.24,138.37,51.6431924882629,28.5,30.68,52.13,22.08,,66.37,54.7,79.94,32.63,49.54,134.15,81.47,123.75,115.09,198.59,72.84,53.7,334.96,81.75,55.89,114.98
801,07/15/2020,40.9,66.26,43.23,36.6,49.21,64.58,189.43,199.53,64.6,48.82,132,63.9342723004695,29.42,33.15,46.4,33.77,,68.26,52.57,94.6,36.095,41,133.69,75.0,197.55,105.88,182.63,55.44,35.77,374.41,60.52,40.68,132.0
802,07/15/2021,59.02,72.67,75.7,34.68,45.06,82.07,221.95,326.96,59.78,47.85,179.49,59.9906103286385,36.01,39.43,56.44,38.84,,78.65,64.12,87.07,46.81,47.49,155.25,99.31,249.6,132.02,224.96,72.59,51.04,376.2,71.77,46.25,141.66
803,07/15/2022,72,71.3,86.41,33.73,48.73,95.37,244.14,245.54,74.92,47.79,216.8,68.0281690140845,36.63,38.01,62.5,47.75,,73.6,60.74,81.74,48.575,41.99,171.12,90.18,225.5,131.79,244.54,87.62,58.64,244.14,81.93,38.03,129.07
804,07/16/2018,47.17,51.17,67.66,35.69,40.58,68.24,99.13,140.95,43.96,37.17,92.75,66.2816901408451,24.8,62.64,44.73,27.99,,70.2,42.31,59.235,30.535,57.14,112.96,81.92,108.97,108.41,213.45,70.49,66.9,272.65,65.86,65.16,87.64
805,07/16/2019,40.82,55.91,55.84,28.14,41.29,57.38,144.2,189.11,52.86,41.23,140.43,51.849765258216,28.29,30.32,52.14,21.96,,66.79,54.77,79.86,32.895,49.41,133.8,81.58,123.37,115.46,197.88,72.65,54.49,331.52,79.13,55.81,114.76
806,07/16/2020,40.96,66.72,42.84,36.6,49.55,64.99,188.92,199.14,64.69,49.53,134.45,64.075117370892,29.56,34.4,46.15,33.73,,66.92,53.04,94.86,36.31,41.48,133.88,75.35,195.82,106.08,181.24,54.62,36.07,369.94,60.37,41.35,132.2
807,07/16/2021,58.21,71.96,73.59,34.86,45.53,81.72,222.17,324.49,60.05,48.27,179.99,60.3380281690141,35.88,39.3,56.4,39.36,,77.65,64.26,87.9,46.535,47.31,155.82,98.9,253.19,133.1,224.01,71.58,50.49,390.32,71.4,46.02,141.56
808,07/17/2018,47.72,52.64,68.74,36.11,41.16,67.94,99.4,142.2,44.23,36.72,93.56,66.3380281690141,24.96,63.05,45.25,28.42,,70.73,42.83,59.71,31.085,57.35,114.88,82.33,109.38,110.99,213.85,71.07,67.0,277.62,65.56,65.63,88.19
809,07/17/2019,40.31,55.75,55.67,28.96,41.35,56.23,144.97,189.73,53.05,41.2,145.71,52.5821596244132,27.98,30.44,52.18,21.64,,67.08,54.89,80.03,32.87,49.45,132.78,81.05,123.78,116.01,199.38,71.75,54.29,333.99,79.14,54.52,114.6
810,07/17/2020,41.17,67.45,43.06,36.58,49.6,65.36,188.48,198,64.64,49.92,136.4,64.4413145539906,29.78,35.01,46.82,33.85,,66.4,54.07,95.445,37.11,41.54,134.66,75.03,199.0,106.71,180.61,54.17,36.08,381.88,60.82,41.42,131.74
811,07/17/2023,79.56,66.68,101.71,32.28,44.94,71.17,161.13,192.65,74.31,39.39,239.45,62.6478873239437,31.61,35.51,60.81,46.54,24.89,113,71.94,85.75,57.29,45.38,185.63,98.95,220.77,148.48,254.56,73.41,67.99,247.25,51.88,29.12,154.85
812,07/18/2018,47.31,51.93,68.41,35.69,40.17,67.9,99.09,141.21,43.09,36.46,91.41,64.7511737089202,24.79,61.59,45.12,28.14,,70.59,42.13,58.76,30.515,57.43,114.83,82.15,108.52,109.01,214.36,70.32,64.35,276.33,64.5,66.16,88.07
813,07/18/2019,40.16,55.73,55.83,29.11,41.68,56.5,142.82,190.24,53.28,41.79,147.5,53.5023474178404,27.97,31.05,52.03,21.66,,67.96,55.23,80.09,32.485,50.53,132.88,87.71,124.76,115.89,202.6,71.88,54.39,340.48,80.96,54.82,114.72
814,07/18/2022,72.55,70.22,87.71,33.41,48.18,94.29,244.15,245.77,73.95,47.37,215.06,67.3333333333333,36.16,38.43,61.65,47.53,,73.15,60.06,80.95,47.51,42.27,168.26,89.51,218.76,130.57,243.45,86.35,58.11,244.38,81.88,38.32,128.77
815,07/18/2023,80.75,67.3,102.98,32.19,44.86,72.31,164.49,188.18,74.31,39.33,239.84,62.5539906103286,31.56,35.51,60.57,46.21,24.81,112.04,72.1,85.43,56.55,45.39,184.45,98.35,221.12,147.72,254.33,72.48,67.9,251.61,51.49,29.58,154.57
816,07/19/2018,47.25,52.34,67.97,36.28,40.95,66.14,99.2,140.42,43.35,37.1,92.23,65.3521126760563,24.43,61.34,45.11,28.12,,70.38,42.24,59.06,30.57,56.94,115.77,80.9,108.81,109.57,215.82,70.88,63.87,277.4,64.9,64.93,87.72
817,07/19/2019,40.25,55.66,55.57,28.9,41.27,55.94,141.28,190.83,52.77,41.26,145.18,53.1267605633803,27.63,31.54,51.39,21.69,,68.57,54.89,79.375,31.63,50.53,130.09,88.73,123.46,114.3,201.57,70.86,54.59,335.05,80.8,54.44,113.9
818,07/19/2021,57.45,71.52,73.78,35.4,45.91,80.67,224.27,316.11,60.73,48.31,179.43,60.8544600938967,35.58,39.34,55.73,41.07,,74.1,64.02,88.61,46.125,46.79,155.8,97.93,253.55,133.99,222.02,70.47,50.36,375.1,70.92,45.58,141.23
819,07/19/2022,73.83,71.4,90,33.45,48.42,96.79,245.35,255.4,74.37,47.72,216.11,67.5586854460094,36.48,38.74,62.53,47.3,,74.67,61.42,81.96,48.13,42.96,170.06,91.43,224.76,131.18,244.73,87.36,58.57,254.55,83.5,38.6,129.56
820,07/19/2023,81,68.62,103.93,32.57,45.89,74.38,166.25,190.97,75.21,39.56,242.66,63.0798122065728,31.89,36.14,61.64,46.98,25,112.37,73.21,86.06,57.25,45.38,186.26,98.77,218.05,149.69,267.93,74.15,69.18,251.3,52.27,29.93,154.62
821,07/20/2018,47.12,52.59,68.03,36.15,40.5,65.26,98.17,141.08,43.36,37.25,91.92,65.9154929577465,24.57,60.69,45.28,28.14,,70.42,42.45,58.915,30.79,57.64,116.01,84.31,109.33,109.47,215.96,71.0,62.85,275.48,64.12,64.98,88.06
822,07/20/2020,40.22,66.22,41.91,36.2,49.22,63.91,192.77,196.34,63.64,49.7,135.51,63.3051643192488,29.77,34.12,46.12,34.15,,65,53.42,95.78,36.935,40.87,133.11,72.89,203.01,105.31,177.6,53.03,35.0,384.8,60.16,40.46,131.47
823,07/20/2021,58.03,72.19,74.78,35.01,45.28,81.8,226.41,323.45,59.92,47.87,180.28,60.4694835680751,35.89,39.4,55.83,40.57,,75.98,64.41,87.7,46.855,47.21,155.82,94.93,255.25,132.51,225.17,72.67,50.93,386.15,71.34,46.06,141.87
824,07/20/2022,74.57,70.9,91.89,33.13,48.05,95.15,246.26,257.8,73.4,47.22,215.38,66.2065727699531,36.31,38.26,61.5,47.2,,74.61,61.45,82.01,48.2,42.32,168.26,89.83,226.9,129.43,243.17,88.23,57.89,257.77,82.35,38.92,130.64
825,07/20/2023,82.63,68.84,105.59,33.1,46.55,74.87,168.79,182.26,76.36,40.21,245.62,63.5962441314554,32.43,36.4,62.39,47.86,24.51,113.28,73.88,87.56,57.58,45.66,189.3,98.18,219.29,152.48,269.2,75.36,70.06,257.78,52.5,30.24,157.48
826,07/21/2020,40.86,67.11,42.89,36.34,49.35,64.52,191.86,194.47,64.5,49.75,137.31,63.5399061032864,29.88,34.53,47.2,34.79,,65.94,54.04,96.79,37.5,41.22,134.43,75.92,204.4,106.56,180.77,54.72,35.85,385.38,60.58,40.41,132.33
827,07/21/2021,58.1,72.5,75.9,34.52,44.59,83.06,224.22,323.08,58.99,47.17,178.02,59.4460093896714,35.5,39.37,56.55,40.11,,75.7,64.02,85.56,46.675,47.33,155.24,96.54,255.37,129.54,225.85,73.27,50.59,390.89,71.47,46.67,141.17
828,07/21/2022,74.02,71.19,91.59,33.18,47.61,93.19,246.94,262.57,73.1,47.28,215.91,65.9530516431925,36.28,37.95,61.36,46.28,,75.17,61.35,83,47.885,42.77,168.51,93.59,232.91,128.74,242.28,86.92,57.18,267.32,82.22,38.46,132.55
829,07/21/2023,82.14,68.62,104.84,33.29,46.33,75.05,167.09,179.66,77,40.14,246.64,63.6431924882629,32.58,36.32,62.44,47.99,24.01,112.96,73.98,88.13,58.1,45.6,190.16,97.52,219.94,152.11,269.5,75.2,69.95,258.77,52.66,30.46,158.37
830,07/22/2019,40.38,55.17,56.34,28.25,41.14,55.48,138.04,188.64,52.46,41.36,147.06,53.0892018779343,27.61,31.49,51.22,20.86,,67.56,54.64,79.43,31.765,49.67,130.28,86.95,123.64,112.12,201.17,70.25,54.23,339.18,81.33,53.94,112.82
831,07/22/2020,41.16,67.54,43.37,36.51,49.34,63.78,195.15,195.57,64.72,49.78,138.46,63.3427230046948,30.3,34.9,48.48,35.16,,68.16,54.55,96.91,37.865,41.34,136.01,76.0,205.33,107.59,179.49,55.34,35.8,389.41,60.35,40.69,132.66
832,07/22/2021,57.41,71.24,74.55,34.13,44.27,82.63,225.59,326.58,58.8,46.76,176.91,58.9389671361502,35.73,38.8,56.47,39.73,,74.58,63.84,84.73,46.685,46.99,155.19,97.24,257.59,129.23,223.84,71.96,50.45,393.16,70.72,46.49,141.27
833,07/22/2022,73.84,71.22,91.02,33.63,47.85,94.06,247.81,260.1,73.63,47.59,215.92,66.7981220657277,36.43,38.32,61.59,46.24,,74.95,61.99,84.11,47.535,43.09,169.61,95.93,231.75,130.19,242.38,86.86,57.91,265.18,82.08,38.66,132.21
834,07/23/2018,47.23,52.7,67.66,35.9,40.23,66.34,98.73,141.39,42.89,37.17,91.04,65.5962441314554,24.28,60.3,44.95,28.29,,69.02,41.68,58.6,30.495,57.59,114.39,83.22,109.05,108.7,215.0,70.86,63.24,278.6,63.56,65.34,87.63
835,07/23/2019,40.54,55.9,56.97,29.2,41.47,56.27,137.22,189.48,52.39,41.15,147.29,54.6572769953052,27.72,31.95,54.33,20.82,,63.66,54.79,79.265,32.05,50.04,130.74,86.75,123.83,112.64,202.29,70.17,56.3,341.51,82.03,54.65,112.09
836,07/23/2020,42.26,68.46,44.78,36.82,49.63,63.79,191.65,194.1,64.99,50.55,146.33,64.2347417840376,30.27,34.86,48.28,35.13,,68.72,54.88,97.945,37.465,41.58,137.08,76.3,204.06,108.42,179.0,54.94,36.55,388.84,60.91,40.34,131.64
837,07/23/2021,58.01,72.02,74.94,34.25,44.57,83.27,228.9,333.55,59.4,47.34,179.26,59.5586854460094,36.07,39.22,57.01,39.89,,75.5,64.89,85.72,48.145,47.49,157.18,98.4,259.83,130.5,224.58,72.87,49.7,397.91,71.32,46.53,142.43
838,07/24/2018,47.3,52.98,67.8,35.6,40.07,65.58,98.59,139.59,43.09,37.31,92.06,65.8967136150235,24.31,59.67,45.26,27.96,,68.34,41.52,58.585,30.54,57.99,114.74,83.56,108.98,107.61,214.6,70.23,64.41,275.2,63.1,65.51,87.96
839,07/24/2019,40.57,55.38,56.87,28.63,40.52,55.99,139.15,189.45,52.84,40.41,146.76,54.7042253521127,27.76,32.07,53.78,21.24,,63.49,54.42,79.415,32.37,49.78,129.21,85.02,125.46,112.1,204.09,70.12,56.65,346.08,81.04,55.2,112.0
840,07/24/2020,42.09,68,44.33,36.61,49.4,63.34,191.7,191.75,64.23,50.27,145.68,64.4882629107981,30.34,34.68,48.49,34.71,,67.79,54.87,96.76,37.44,41.85,136.06,76.85,202.44,108.14,179.85,54.94,36.49,387.66,60.82,40.51,131.24
841,07/24/2023,83.11,69.09,106.08,33.26,46.41,75.95,167.67,177.04,77.25,40.52,245.82,63.7089201877934,32.36,36.35,62.46,48.74,24.16,112.69,74.32,88.77,58.38,45.6,190.92,97.62,218.16,153.13,271.26,75.81,69.85,257.17,53.47,30.64,159.3
842,07/25/2018,47.24,54.86,68.09,36.22,40.22,65.99,98.75,141.51,43.55,36.15,92.83,66.5258215962441,24.33,59.84,46.09,28.28,,70.41,41.5,58.84,31.06,57.85,115.21,83.81,109.33,108.52,215.15,70.93,65.41,278.72,62.62,66.7,87.9
843,07/25/2019,40.68,54.64,56.63,28.54,40.4,55.44,137.72,189.54,53.73,40.83,149.72,54.8075117370892,28.01,31.55,53.07,21.14,,64.79,54.41,80.295,32.08,49.59,128.99,85.63,123.84,113.05,203.01,70.13,56.67,346.12,81.67,54.76,112.22
844,07/25/2022,75.62,71.3,94.2,33.87,48.61,94.49,247.72,258.69,74.25,47.77,216.86,67.6995305164319,36.76,38.38,62.19,45.71,,74.86,62.76,84.57,47.92,43.83,169.85,95.84,236.02,130.5,240.67,87.86,58.22,263.07,83.69,38.75,132.02
845,07/25/2023,86.05,69.77,108,33.33,46.27,75.66,164.69,178.38,76.91,40.64,244,63.81220657277,32.32,36.55,62.25,48.69,25.12,105,74.4,89.82,58.08,45.46,191.36,97.19,219.99,152.98,271.38,75.52,70.67,256.09,54.23,30.69,159.17
846,07/26/2018,47.71,54,68.48,37.09,40.7,66.34,99.16,139.72,44.17,36.67,99.66,66.5539906103286,24.52,60.48,46.24,28.64,,70.05,43.27,59.39,30.825,56.1,115,84.46,108.66,110.15,214.63,71.74,65.3,278.9,63.71,67.54,88.23
847,07/26/2019,40.59,55.23,56.93,29.16,40.96,55.54,137.97,190.87,53.64,41.38,152.98,55.1455399061033,28.1,31.85,54.17,21.48,,64.68,54.81,81.285,32.6,49.86,131.22,85.98,126.87,114.26,203.92,70.89,56.59,347.16,80.98,55.05,113.02
848,07/26/2021,58.44,72.25,74.72,34.25,44.51,82.87,229.97,333.32,59.32,47.26,178,59.3896713615024,36.05,39.52,57.06,39.79,,76.08,64.84,85.38,48,47.61,157.07,99.04,259.74,130.69,224.82,73.32,50.49,397.69,71.25,47.25,142.63
849,07/26/2022,78.92,71.87,95.33,33.82,49,95.31,241.39,251.82,74.41,48.15,218.01,68.4600938967136,37.07,38.64,63.21,46.02,,75.15,62.94,84.85,47.945,44.14,171.83,96.53,238.16,130.55,241.5,86.18,58.12,262.64,84.21,38.85,121.98
850,07/26/2023,86.9,70.36,108.75,33.17,46.19,75.1,164.88,178.07,75.74,40.81,240.44,63.4178403755869,32.54,36.36,63.05,48.71,24.69,101.76,73.67,89.93,58.17,45.56,191.6,98.23,221.63,152.23,272.2,75.45,70.49,256.07,55.04,30.85,159.74
851,07/27/2018,47.61,53.63,68.01,37.29,40.94,66.67,97.43,136.79,44.98,36.65,96.99,67.0422535211268,24.16,60.26,46.21,28.7,,69.8,42.9,58.87,30.315,57.9,114.28,85.47,106.48,110.02,213.95,71.48,64.28,275.15,63.56,68.64,88.13
852,07/27/2020,42.13,68.9,45,36.97,49.49,62.57,189.95,192.84,64.08,50.55,146.29,65.6995305164319,30.96,34.84,48.48,34.76,,70.5,55.58,98.01,38.215,42.13,137.67,78.54,205.63,108.87,178.89,53.99,36.15,385.0,60.98,39.84,131.21
853,07/27/2021,58.85,72.47,75.2,34.22,44.69,83.64,230.15,329.78,59.55,47.69,179.24,59.8215962441315,35.51,39.27,57.26,40.03,,65.79,65.23,85.75,47.59,47.79,157.94,99.84,264.24,132.0,226.36,73.59,50.01,402.29,71.77,46.82,142.64
854,07/27/2022,80.45,72.42,91.52,33.38,48.56,95.87,244.45,263.42,73.82,48.26,218.23,67.8028169014084,37.11,36.34,63.01,45.94,,77.14,63.63,85.4,48.695,44.07,171.59,96.96,240.16,129.43,245.32,86.37,58.92,266.53,85.68,39.22,126.59
855,07/27/2023,85.79,69.87,107.85,33.11,46.04,75.47,167.95,173.45,75,40.63,233.56,63.0328638497653,33.76,36.2,62.44,48.1,24.24,102.2,72.36,89.57,57.56,45.6,188.53,98.58,221.5,150.38,270.57,75.5,69.26,250.07,55.41,30.63,159.16
856,07/28/2020,42.59,68.31,44.6,37.29,50.23,63.27,190.03,192.6,64.54,50.56,145.73,66.5821596244132,30.89,35.25,48.18,35.23,,62.42,55.71,96.495,38.095,42.52,137.38,77.97,202.23,109.27,179.52,53.5,36.32,384.67,60.74,40.68,131.76
857,07/28/2021,58.64,72.16,78.51,33.76,44.1,83.3,230.06,330.87,58.82,46.91,176.5,59.1079812206573,35.33,38.92,56.74,40.03,,66.82,63.4,84.7,47.025,47.62,156.49,98.94,266.03,130.76,226.42,73.65,49.53,399.23,71.61,47.11,142.06
858,07/28/2022,79.35,73.61,89.32,33.99,49.12,95.53,245.15,271.29,74.6,49.25,224.27,68.7887323943662,38.5,37.19,64.06,46.04,,80.15,64.2,87.53,49.455,44,174.84,97.17,243.07,131.0,248.35,87.28,59.04,245.69,87.2,39.44,129.75
859,07/28/2023,86.39,70.82,108.36,33.03,46.25,74.61,170.59,180.44,75.45,41.04,235.64,63.4553990610329,33.92,36.16,62.48,48.52,24.4,102.08,75.04,89.83,58.15,45.49,190.31,99.86,223.17,150.99,272.5,76.06,70.55,252.32,56.35,29.8,159.91
860,07/29/2019,40.9,55.22,56.58,29.02,41.34,56.26,135.8,192.06,53.7,41.44,152.21,54.8544600938967,28,31.76,53.99,21.43,,65.55,54.86,81.24,32.695,50.31,131.53,86.76,129.41,114.35,199.0,69.95,56.51,350.76,81.25,55.12,112.27
861,07/29/2020,42.92,69.21,45.18,37.63,50.2,64.22,191.38,190.88,64.37,50.84,145.81,66.6103286384976,31.26,35.57,48.02,35.11,,59.81,56.79,97.17,38.655,41.63,137.93,78.39,204.1,110.49,181.61,53.99,36.73,400.99,62.0,41.16,130.69
862,07/29/2021,59.6,71.46,79.61,33.64,43.94,83.06,233,333.59,58.91,46.92,178.52,59.2112676056338,34.95,38.98,57.05,40.72,,67.25,63.33,84.25,47.29,48.6,156.81,100.29,269.73,131.39,224.57,75.08,49.41,396.0,71.92,47.04,142.24
863,07/29/2022,82.77,74.22,92.33,34.21,49.35,95.68,248.43,273.1,74.79,49.34,227.96,69.4084507042254,38.74,36.83,64.17,46.44,,79.66,64.04,87.35,49.81,43.86,174.96,97.15,240.52,132.32,246.31,84.9,59.75,240.46,88.01,39.62,132.05
864,07/30/2018,47.35,52.73,68.17,36.51,40.94,67.43,98.14,134.06,45.92,35.73,97.8,66.9765258215962,23.99,60.28,46.23,29.72,,70.24,43,58.34,29.855,58.45,114.18,86.62,104.65,111.04,209.67,66.67,66.77,270.77,58.72,69.16,88.88
865,07/30/2019,40.95,55.1,56.36,29.1,41.66,56.53,134.2,188.98,53.68,41.63,152.26,54.9859154929578,28.2,31.84,53.72,21.43,,67.54,54.81,80.675,32.755,48.5,130.48,86.3,130.22,113.13,200.95,69.63,56.92,347.08,81.33,55.4,112.06
866,07/30/2020,43.36,69.21,45.01,37.37,49.31,64,191.32,193.03,63.48,50.75,145.29,66.2816901408451,30.77,34.39,47.69,34.41,,59.32,55.77,96.92,38.91,41.58,137.69,77.45,204.46,109.35,180.83,53.59,37.44,385.17,61.57,40.64,130.12
867,07/30/2021,59.72,70.92,77.63,33.49,43.72,82.36,232.64,333.83,58.86,46.38,178.88,59.4929577464789,35.21,38.47,57.03,40.7,,66.77,63.26,84.17,47.16,48.04,156.95,100.09,271.8,131.11,224.34,74.2,48.89,397.43,71.46,47.15,142.55
868,07/31/2018,48.26,53.22,69.13,36.71,40.9,64.86,98.15,134.94,46.06,35.97,98.21,66.6948356807512,24.01,60.25,46.63,29,,70.27,43.38,58.77,30.01,58.68,115,86.3,105.78,111.12,210.23,67.21,67.0,272.71,57.65,67.62,89.23
869,07/31/2019,41.08,54.81,58.43,28.87,41.34,55.87,134.02,184.19,53.11,40.99,151.74,54.6666666666667,28.14,32.01,52.63,21.16,,67.12,53.49,79.27,32.235,47.07,127.81,83.61,128.7,111.19,196.82,68.57,53.99,339.74,79.5,54.49,110.38
870,07/31/2020,42.83,69.34,43.44,37.45,49.57,62.94,190.4,197.54,63.27,50.86,145.41,64.7793427230047,30.59,34.38,47.24,34.79,,60.08,55.49,97.45,39.24,41.15,137.66,76.81,202.51,109.35,178.2,52.85,37.52,373.1,61.45,40.71,129.4
871,07/31/2023,84.96,70.6,108.67,32.81,45.82,74.69,168.86,180,74.74,40.88,231.31,62.8075117370892,34.01,36.18,61.93,48.64,23.68,103.63,74.13,89.48,57.49,45.42,187.46,99.72,222.35,150.65,272.8,76.31,69.77,251.17,55.72,29.97,159.86
872,08/01/2018,48.11,52.94,66,36.36,41.43,64.09,96.65,134.43,45.08,35.93,96.53,65.1924882629108,24.2,59.28,46.39,28.69,,69.7,42.83,58.73,29.385,58.08,113.61,85.54,106.98,109.4,208.46,67.07,69.33,270.81,57.6,66.44,88.24
873,08/01/2019,41.15,55,57.92,29.14,42.11,55.37,132.15,182.76,54.01,41.23,151.69,59.7464788732394,28.15,32.53,52.03,21.52,,66.55,53.63,78.725,31.73,47.88,127.14,82.45,131.55,111.73,193.6,68.93,52.49,361.57,80.39,54.07,109.38
874,08/01/2022,84.26,74.76,93.84,34.83,49.58,96.02,252.08,273.51,75.7,49.33,229.78,70.1784037558685,38.91,37.43,64.52,46.74,,80.6,64.89,87.73,49.245,44.05,176.95,98.48,239.2,134.05,244.15,86.0,59.68,245.3,88.17,39.89,132.54
875,08/01/2023,84.98,70.81,108.42,32.57,45.5,73.95,168.44,175.03,74.34,40.59,230.59,62.150234741784,34.13,35.88,61.77,48.54,23.65,103.17,74.35,88.05,57.71,45.18,186.82,98.25,225.35,149.67,270.03,76.16,66.52,249.28,55.32,29.57,159.11
876,08/02/2018,49.34,53.16,66.36,36.86,41.71,63.78,98.28,136.74,45.74,36.53,97.54,65.6150234741784,23.89,59.4,46.18,29.74,,70.53,43.16,59.815,29.675,58.83,114.69,86.0,108.61,112.32,207.94,68.04,68.83,249.02,57.55,66.98,88.76
877,08/02/2019,40.07,54.88,57.19,28.27,42.34,55.71,133.69,182.2,53.7,41.36,152.11,59.5305164319249,28.1,32.21,52.33,22.24,,67.06,53.76,79.59,31.195,47.93,127.92,84.17,130.28,112.15,192.74,68.9,52.24,361.35,79.76,53.68,109.4
878,08/02/2021,59.36,70.79,76.69,33.38,43.31,82.41,232.5,327.67,59.37,46.59,178.41,59.5492957746479,34.39,38.58,56.88,41.01,,67.35,63.46,84.09,46.68,47.73,156.32,100.03,268.63,131.29,222.79,73.18,49.25,391.29,71.75,46.83,142.22
879,08/02/2022,82.79,74.36,92.94,34.12,49.2,95.37,250.62,268.39,75.68,49.39,229.16,69.3615023474179,38.56,37.09,63.64,46.78,,81.36,64.76,88.37,48.45,43.83,175.49,98.65,239.31,133.96,245.0,85.41,53.44,250.85,87.51,39.05,132.68
880,08/02/2023,84.79,70.59,112.89,32.84,46.21,76.41,167.88,172.5,75.45,41.39,233.19,62.5727699530516,34.46,36.32,61.96,49.02,23.9,102.41,75.35,88.29,57.63,44.57,188.31,97.94,222.15,151.75,269.53,75.63,67.33,248.61,55.41,30.67,159.22
881,08/03/2018,49.95,53.99,66.09,37.6,42.76,64.89,98.23,134.99,47.24,37.02,99.16,67.7464788732394,24.04,64.48,46.62,29.93,,72.16,43.76,60.76,29.63,59.73,116.3,86.84,104.74,116.24,214.01,68.57,69.2,245.86,57.75,67.22,89.6
882,08/03/2020,42.93,69.06,44.03,37.56,49.71,63.86,192.89,198.17,64.6,50.8,144.94,65.1173708920188,29.92,34.79,46.3,35.1,,60.13,55.49,98.145,38.92,41.01,136.7,76.53,202.0,110.97,173.29,52.13,36.81,373.65,62.43,41.08,129.3
883,08/03/2021,59.79,70.78,77.24,33.12,43.35,84,235.05,327.54,59.39,46.3,179.85,59.7276995305164,34.82,38.94,56.92,42.62,,66.66,63.38,83.79,46.52,47.79,156.67,100.44,273.09,132.81,221.34,72.56,49.13,384.96,71.71,47.49,143.82
884,08/03/2022,82.25,75.9,95.05,34.3,49.69,101.38,251.99,269.56,75.6,49.35,228.12,69.4460093896714,39.1,37.34,63.92,46.97,,81.75,65.13,88.41,48.025,44.23,176.83,98.81,239.6,134.22,246.58,86.4,54.19,254.97,87.56,39.19,130.5
885,08/03/2023,84.97,70.38,114.39,32.51,45.63,74.32,168.84,171.84,74.52,40.82,231.03,62.2065727699531,33.93,35.57,61.64,49.4,23.99,102.21,75.29,88.17,57.98,44.3,187.12,97.42,219.95,150.05,268.73,74.22,65.12,239.47,56.27,30.31,159.26
886,08/04/2020,42.72,68.38,44.31,38.06,50.45,64.98,195.43,199.42,65.74,51.13,144.3,65.4553990610329,29.95,35.08,46.69,35.39,,61.74,55.58,99.13,39.005,41.6,137.47,77.1,202.77,113.26,171.69,54.11,36.75,368.26,65.12,40.93,131.64
887,08/04/2021,58.75,69.96,75.28,32.39,42.45,81.55,234.9,325.78,57.63,45.56,178.16,58.2347417840376,34.37,36.94,56.1,41.92,,65.39,61.72,83.18,46.005,47.03,154.05,99.49,273.19,128.83,219.39,71.75,48.02,373.41,70.36,46.54,142.84
888,08/04/2022,82.02,76.1,95.05,33.98,48.94,101.87,251.28,273.31,75.52,48.93,225.24,69.3145539906103,38.68,37.03,63.67,46.7,,80.63,64.25,88.29,48.18,44.25,175.87,98.0,238.7,133.11,243.12,86.29,52.91,250.56,86.57,38.98,125.57
889,08/04/2023,85.55,69.96,114.71,32.31,45.15,72.89,167.77,170.66,73.59,40.54,228.23,60.8450704225352,33.6,35.28,60.71,49.49,23.53,101.94,73.92,87.34,55.11,44,184.6,96.21,179.25,149.15,268.02,73.79,65.31,237.88,56.46,29.86,158.34
890,08/05/2019,37.78,53.25,55.3,28,41.21,54.51,132.65,174.56,52.81,40.73,149.12,57.981220657277,27.95,31.44,51.65,21.92,,65.36,52.22,77.37,29.48,46.65,124.4,80.26,126.9,110.37,186.69,67.14,50.59,350.6,83.83,51.87,105.82
891,08/05/2020,43.34,67.53,44.84,37.58,49.74,64.4,195.28,201.24,64.42,50.86,142.27,65.0328638497653,29.93,34.78,47.22,35.09,,62.8,55.15,98.625,41.55,41.66,136.25,76.96,202.96,111.14,173.43,54.99,36.53,374.25,62.93,40.81,129.81
892,08/05/2021,58.8,70.47,74.96,32.27,42.23,80.05,235.81,328.69,57.58,45.52,178.75,58.6948356807512,34.46,36.94,56.5,41.87,,64.18,61.86,83.25,45.975,47.36,154.31,99.59,267.38,128.42,219.51,73.52,48.3,377.84,70.14,46.93,145.49
893,08/05/2022,82.76,75.54,96.75,34.43,49.42,102.26,253.08,270.74,76.17,48.91,227.11,70.4600938967136,38.72,37.57,63.38,47.25,,81.26,63.77,88.33,45.69,44.1,174.55,97.6,241.8,133.08,244.36,86.25,54.07,250.57,87.45,38.99,126.58
894,08/06/2018,50.06,53.56,66.23,37.46,42.68,65.04,98.67,135.08,47.1,37.06,100.07,67.793427230047,23.93,62.3,46.65,29.91,,72.58,43.27,60.93,29.705,60.21,117.38,86.15,106.8,114.47,212.52,69.72,69.06,241.6,59.64,67.42,89.67
895,08/06/2019,37.42,54.19,56.07,27.64,41.26,54.09,134.46,179.56,52.51,40.52,150.37,57.8967136150235,27.85,30.58,52.27,22.28,,64.95,52.83,77.755,30.09,46.16,126.45,81.32,129.43,110.67,187.19,68.59,51.19,362.69,85.02,51.45,107.27
896,08/06/2020,43.55,67.63,44.7,37.47,49.88,64.12,192.55,199.24,64.18,51.18,143.67,65.0046948356808,29.83,35.28,47.48,35.03,,63.5,55.49,99.525,41.755,41.55,135.86,77.12,175.52,110.29,171.09,56.4,36.57,369.57,62.46,40.89,129.35
897,08/06/2021,60.29,70.34,76.56,32.76,42.3,81.25,236.15,328.83,57.87,45.48,178.59,59.3615023474178,34.29,37.2,56.64,41.75,,65.08,61.77,83.43,48.485,47.35,154.33,99.21,274.69,127.9,218.8,73.92,49.1,380.88,71.12,47.1,145.23
898,08/07/2018,50.25,53.55,66.71,36.91,41.77,65.45,100.92,135.35,46.48,37.23,98.58,67.5117370892019,23.86,61.32,46.5,30,,71.77,42.94,60.485,29.895,59.56,114.22,85.53,107.74,112.81,217.13,69.55,68.8,237.16,59.88,67.05,89.77
899,08/07/2019,37.28,54.4,56.27,27.97,41.57,58.12,134.59,182.59,52.92,40.89,152.61,57.7464788732394,27.61,30.87,53.18,23.9,,65.62,53.42,79.83,30.195,46.23,127.78,81.36,129.0,111.42,188.16,69.87,52.14,357.81,86.21,52.48,108.2
900,08/07/2020,44.03,68.72,45.46,37.84,49.97,64.96,195.29,199.99,64.35,51.62,143.92,65.2769953051643,29.63,35.41,47.8,35.24,,62.75,55.6,100.775,41.595,42.17,136.74,77.5,173.24,111.05,172.27,57.8,37.27,373.5,62.8,41.52,129.97
901,08/07/2023,87.21,70.55,115.98,32.1,44.34,73.91,166.96,170.15,73.46,40.76,228.88,60.8544600938967,33.82,35,61.19,49.7,23.54,103.1,74.26,87.62,58.49,44.12,186.89,97.21,186.67,149.13,270.63,74.17,65.02,240.17,54.3,29.88,160.49
902,08/08/2018,49.97,53.36,65.8,36.63,41.98,68.17,101.78,133.12,45.22,37.02,97.69,66.6760563380282,23.67,60.28,46.15,30.61,,71.41,42.39,60.67,29.7,58.61,113.49,83.75,107.92,111.91,214.41,69.85,66.58,232.62,59.55,66.49,90.05
903,08/08/2019,38.3,55.79,58.1,28.2,42.03,59.04,137.39,186.43,54.02,41.78,154.57,58.6760563380282,29.03,28.22,53.69,23.35,,66.84,54.95,81.11,31.09,46.5,129.47,82.48,131.41,113.54,193.26,70.63,52.72,366.38,88.7,53.02,108.52
904,08/08/2022,82.49,74.26,96.29,34.27,49.54,102,255.3,270.16,76.36,49.02,226.34,70.1220657276995,38.78,37.79,62.97,47.09,,80,63.94,89.18,44.715,44.22,173.85,97.64,236.63,133.16,234.88,86.74,54.64,255.91,80.1,39.48,127.61
905,08/08/2023,86.44,69.75,114.09,31.22,43.31,74,165.27,168.14,71.36,40.14,224.3,59.5868544600939,33.43,34.46,60.92,48.87,23.38,100.42,73.4,85.78,57.41,44.24,184.44,97.15,179.27,146.49,270.99,73.11,64.85,229.75,55.05,29.53,160.65
906,08/09/2018,50.24,53.63,65.19,36.78,42.28,68.57,102.98,132.17,45.27,37.12,97.34,66.9483568075117,23.87,60,46.35,29.82,,71.63,42.16,60.41,30.49,59.22,113.7,84.4,108.09,110.7,214.78,70.03,66.54,232.06,59.7,66.17,89.01
907,08/09/2019,38.36,55.37,57.22,28.65,41.79,59.29,135.58,183.61,53.92,41.71,155.48,58.3849765258216,29.09,26.5,53.42,23.32,,67.06,54.69,81.75,29.615,46.16,128.6,82.59,131.4,111.84,194.15,69.99,52.65,371.65,88.37,52.79,107.28
908,08/09/2021,60.56,70.04,77.35,33.15,42.59,81.65,236.38,326.47,58.35,45.89,178.47,59.6713615023474,34.37,37.31,56.65,42.28,,64.4,62.02,83.7,49.235,47.48,154.35,99.2,277.97,129.01,217.19,73.45,49.34,375.12,77.3,47.44,145.58
909,08/09/2022,82.86,75.43,97.38,34.31,49.68,103.69,253.96,265.63,77.03,49.86,228.29,70.6103286384977,39.11,38.4,63.05,46.87,,79.4,63.93,90.32,44.405,44.22,174.5,97.37,236.78,134.23,242.73,82.34,55.13,249.3,79.92,39.13,128.87
910,08/09/2023,85.85,70.45,112.7,31.28,43.97,74.6,167.05,166.19,72.16,40.71,225.65,59.7089201877934,33.62,34.52,61.06,49.26,23.35,99.33,73.8,86.97,57.51,44.09,183.98,97.12,176.92,148.15,270.55,73.53,64.61,228.88,53.82,29.26,160.91
911,08/10/2018,49.87,53.25,63.39,36.65,41.35,69.05,102.33,132.73,45.18,37.09,97.7,67.0234741784038,23.7,59.65,46.08,30.14,,71.09,41.94,60.5,30.35,59.05,112.87,82.56,107.78,110.83,213.3,68.48,65.46,228.13,60.18,66.49,90.18
912,08/10/2020,44.49,69.4,46.8,37.74,50.4,65.71,193.29,204.49,63.75,51.98,143.92,64.8075117370892,29.76,34.79,47.72,35.03,,64.57,55.49,100.91,41,43.22,135.98,78.37,175.15,112.84,171.45,60.1,37.9,376.4,64.56,42.86,131.88
913,08/10/2021,61.41,69.67,78.65,33.4,42.51,83.24,238.22,327.72,58.49,45.72,178.96,60.2723004694836,34.37,37.47,56.8,42.78,,65.5,62.04,84.24,49.395,48.11,154.43,99.96,275.12,130.0,218.06,78.24,51.2,360.3,79.55,48.43,148.68
914,08/10/2022,83.6,75.93,97.85,34.41,49.94,104.05,254.39,272.5,77.58,49.85,226.46,70.9014084507042,39.7,38.63,63.65,46.79,,80.65,64.47,89.81,44.91,44.74,175.94,98.13,243.58,134.08,242.13,81.72,55.72,254.05,79.36,39.9,129.14
915,08/10/2023,85.9,70.4,112.14,31.06,44.01,73.96,167.07,169.94,72.38,40.79,223.79,59.7089201877934,33.4,34.39,60.92,49.08,23.37,97.99,73.72,86.14,58.1,43.92,183.75,96.84,177.13,147.32,268.61,72.07,64.32,227.86,53.75,29.23,160.26
916,08/11/2020,44.39,69.61,46.72,37.25,49.77,65.26,191.09,207.26,62.14,51.41,142.51,63.9718309859155,29.57,34.63,47.93,34.26,,64.21,55.2,98.885,40.3,43.6,135.12,78.72,172.98,112.71,172.87,60.84,38.21,375.26,65.21,41.85,130.2
917,08/11/2021,61.5,69.36,79.24,33.81,42.83,84.95,238,327.59,59.05,45.72,178.67,60.5258215962441,34.66,37.77,56.73,43,,66.1,62.47,85.48,49.36,48.17,155.04,99.76,272.51,131.29,213.4,78.16,52.05,364.06,80.18,49.72,150.01
918,08/11/2022,84.14,75.4,98.59,34.44,50.09,104.25,251.87,270.36,76.96,49.61,225.18,70.7887323943662,39.02,38.73,63.22,47.19,,80.31,64.29,89.63,44.65,45.13,175.04,99.47,240.85,132.66,239.84,82.26,56.7,253.87,80.69,40.07,129.82
919,08/11/2023,84.82,70.3,112.23,31.28,44.05,74.87,164.85,167.63,72.67,41.6,223.57,60.075117370892,33.8,34.55,61.17,48.98,23.72,96.78,73.97,86.43,58.18,43.73,184.04,96.16,179.47,147.96,267.68,71.96,64.22,227.23,55.24,29.35,161.2
920,08/12/2019,37.4,54.94,53.36,28.69,42.11,58.75,134.94,177.72,54.27,41.83,155.89,57.8591549295775,28.62,26.29,53.2,23.07,,67.9,54.25,82.55,28.24,45.98,128.35,82.38,131.61,113.52,193.05,72.19,52.01,365.26,88.27,52.0,105.22
921,08/12/2020,44.45,71.21,46.81,37.84,50.96,64.99,196.83,211.5,63.06,52.03,146.02,65.0516431924883,30.11,35.33,48.43,34.61,,64.38,56.03,100.83,41.325,42.96,137.8,79.69,175.84,114.96,175.5,59.7,38.43,376.01,65.71,41.82,131.89
922,08/12/2021,61.82,68.37,79.09,33.58,42.59,85.14,236.28,326.78,58.95,45.39,177.64,60.4788732394366,34.4,37.36,56.84,42.64,,65.61,62.39,85.68,48.81,48.12,155.07,100.01,275.2,130.92,211.94,78.78,50.37,361.65,80.04,49.32,149.06
923,08/12/2022,86.6,76.14,101.24,34.39,49.94,106.39,253.3,275.38,77,49.86,225.76,71.0046948356808,39.3,38.67,63.7,47.21,,81.67,64.2,90.67,45.01,45.15,177.33,99.24,239.99,133.79,243.73,84.77,56.71,256.95,81.79,40.59,132.22
924,08/13/2018,49.32,53.23,61.62,36.56,41.51,69.5,102.47,132.33,45.47,37.03,98.06,66.6760563380282,23.76,59.28,45.83,29.89,,70.92,41.9,60.54,30.22,58.98,113.02,81.86,106.73,111.1,213.83,72.75,65.44,231.69,59.88,66.48,89.64
925,08/13/2019,37.76,55.9,53.47,28.91,42.26,59.85,135.38,180.79,54.38,41.79,155.36,58.8732394366197,28.47,25.96,53.5,23.05,,67.3,54.57,83.565,29.02,46.78,129.93,83.95,134.99,114.0,196.53,73.36,51.68,370.61,87.82,53.07,107.41
926,08/13/2020,44.43,71.48,46.47,37.7,51.18,64.7,196.08,213.37,62.97,52.12,146.57,64.8075117370892,30.16,35.57,48.38,34.59,,64.69,56.01,101.02,41.91,42.57,138.1,78.14,177.51,114.63,176.62,58.6,37.81,382.1,64.6,41.0,131.85
927,08/13/2021,62.4,69.23,79.17,34.05,43.18,84.36,236.76,326.6,59.84,46,179.4,61.5680751173709,34.45,37.87,57.23,42.81,,66.49,63.36,86.68,49.06,48.6,156.52,101.59,275.1,132.68,213.64,79.44,50.54,366.08,81.91,49.29,149.53
928,08/14/2018,49.94,53.65,61.95,36.87,41.75,71.38,105.1,133.05,45.8,37.24,98.61,67.1455399061033,23.61,59.52,45.89,30.45,,71.7,41.87,61.035,30.89,59.21,113.1,82.31,108.26,111.44,221.81,74.19,67.39,231.03,59.58,68.66,90.85
929,08/14/2019,36.77,54.9,53.34,28.1,41.46,58.56,133.85,175.12,53.77,40.69,152.42,57.793427230047,27.42,25.52,52.99,22.11,,66.8,53.2,83.325,28.055,45.87,129.12,83.33,131.15,113.36,193.36,72.28,50.34,365.01,85.76,50.41,106.2
930,08/14/2020,44.59,71.13,45.93,37.78,51.63,65.67,198.55,212.09,63.27,52.23,146.07,64.8826291079812,29.89,35.59,48.45,35.39,,64.65,56.12,100.775,41.66,42.54,137.56,77.71,176.78,113.97,176.03,59.54,37.68,378.47,63.94,41.91,132.6
931,08/14/2023,84.94,70.29,112.88,30.9,43.68,74.34,163.58,167.17,72.27,40.87,224.36,60.018779342723,33.74,34.24,60.88,48.56,22.94,97.2,73.21,86.83,59.01,43.53,183.62,95.85,180.85,146.6,267.65,70.95,64.48,227.77,54.41,29.07,160.0
932,08/15/2018,49.44,53.45,61.79,37.06,42.35,71.64,104.13,133.53,46.23,37.58,100.44,67.6995305164319,23.35,59.09,46.08,30.06,,69.26,41.81,62.065,30.67,60.18,113.45,83.41,107.14,112.59,208.27,74.89,67.18,235.0,60.0,68.73,90.22
933,08/15/2019,36.76,57.02,53.82,28.85,42.16,58.84,133.81,175.43,54.33,41.39,155.5,59.6431924882629,27.84,25.06,53.87,22.23,,67.9,53.78,84.5,28.475,45.49,130.72,84.49,132.33,113.53,194.4,72.25,50.86,368.46,87.86,49.29,112.69
934,08/15/2022,86.13,76.95,100.35,34.9,50.05,106.27,252.94,276.37,76.64,50.42,230.32,71.2206572769953,39.95,38.56,64.5,47.52,,83.25,65.18,91.85,45.895,45.28,179.28,101.0,237.11,135.89,246.48,85.16,56.46,254.65,82.05,41.07,132.6
935,08/15/2023,82.43,68.64,111.6,30.29,42.99,73.33,162.55,163.52,71.7,40.24,220.71,59.2769953051643,33.47,33.76,60.47,47.95,23.26,95.99,72.28,85.88,58.21,43.07,181.35,94.63,183.35,144.61,265.7,71.21,63.65,224.35,53.73,28.6,159.18
936,08/16/2018,50.15,52.9,62.62,37.18,42.03,73.2,104.88,133.57,46.6,37.83,100.5,68.2629107981221,23.59,60.03,46.22,30.53,,66.59,42.11,62.695,30.835,60.83,114.25,84.68,106.84,112.09,202.48,73.88,67.89,236.97,60.96,69.62,98.64
937,08/16/2019,37.84,57.54,54.87,29.47,42.64,60.28,135.91,179.22,55.02,41.45,155.44,59.887323943662,28.01,25.41,54.41,22.66,,68.81,54.54,84.97,28.59,46.48,131.76,84.91,134.44,114.35,198.79,72.96,51.88,369.81,87.7,50.48,112.99
938,08/16/2021,62.68,69.89,79.58,33.97,43.44,85.39,237.84,327.98,60.13,46.31,181.16,61.9906103286385,35.13,38.01,57.48,43.45,,66.45,63.69,87.38,49.21,48.39,158.05,102.39,280.24,133.6,214.05,79.33,50.38,372.35,81.11,49.14,150.75
939,08/16/2022,86.58,77.45,99.52,35.24,50.69,106.43,256.78,276.11,77.44,50.64,230.72,71.2676056338028,40.08,38.83,65.03,49.08,,82.65,65.96,92.47,46.14,45.74,180.32,101.72,236.1,137.53,248.17,86.3,56.48,253.11,82.09,42.04,139.37
940,08/16/2023,82.17,68.39,111.26,30.03,42.92,72.72,163.68,162.13,71.34,40.07,219.49,58.2723004694836,33.85,33.56,60.48,47.02,22.93,94.64,71.96,85.8,58.3,42.75,181.21,93.99,173.71,143.65,262.82,72.08,62.45,222.4,53.4,28.19,159.26
941,08/17/2018,50.55,53.57,63.04,37.48,42.04,73.68,106.38,135.94,47.21,38.64,101.48,69.1361502347418,23.63,61.02,46.6,31.35,,65.59,42.71,63.2,31.085,61,114.96,85.05,106.8,114.59,203.93,74.83,68.56,238.15,62.4,69.99,97.85
942,08/17/2020,44.39,72.04,46.39,38.05,52.28,64.9,200.73,213.97,64.28,52.42,148.33,65.4272300469484,29.75,35.93,48.21,36,,63.45,56.52,101.15,41.725,43.03,137.92,78.26,183.2,113.5,173.69,59.7,37.74,374.73,63.68,41.18,135.6
943,08/17/2021,61.47,69.98,78.81,34.07,43.9,86.47,231.54,322.6,60.86,47.14,182.13,62.9014084507042,34.65,37.91,57.28,45.44,,66.04,64.06,87.84,48.76,48.56,157.9,102.5,280.6,135.61,213.31,78.67,49.66,378.34,80.76,49.14,150.7
944,08/17/2022,86.35,77.66,100.1,35.23,50.69,104.92,255.54,276.52,77.14,50.82,230.48,71.1079812206573,40.05,38.2,64.88,48.55,,82.2,65.51,92.58,45.755,45.45,180.22,101.17,236.41,139.38,250.15,85.57,55.68,244.94,81.09,40.87,139.52
945,08/17/2023,82.54,67.64,111.07,29.95,42.37,66.8,160.5,162.06,70.29,39.4,217.52,57.6807511737089,33.67,33.49,60.61,46.74,22.78,93.29,71.2,85.09,57.25,42.57,178.45,93.4,164.8,140.88,257.36,71.46,62.17,221.24,54.1,27.16,155.69
946,08/18/2020,44.31,72.48,46.17,38.18,52.44,65.18,197.98,213.29,64.63,52.71,149.59,65.830985915493,29.1,35.66,48.42,36.24,,63.28,57.27,101.245,41.49,43.22,138.11,79.18,183.03,113.92,178.18,59.59,37.76,373.99,63.67,40.76,134.71
947,08/18/2021,60.9,68.51,77.21,33.26,42.78,84.59,231.64,319.08,59.28,46.21,179.51,61.5023474178404,34.38,36.95,56.5,46.26,,66.15,62.97,86.34,47.93,48.22,156.28,100.95,279.57,131.69,214.43,76.94,48.88,371.96,80.15,49.02,149.1
948,08/18/2022,87.62,77.66,100.69,35.29,50.79,103.64,257.66,281.62,77.5,50.96,230.65,71.2769953051643,40.03,38.26,65.22,49.62,,82.07,65.55,92.07,45.63,45.61,180.4,100.5,236.0,139.32,250.87,86.32,56.12,245.45,81.78,38.24,139.07
949,08/18/2023,82.83,67.86,112.53,30.19,42.83,66.81,162.99,156.69,70.21,39.29,218.78,58.075117370892,33.75,33.66,60.95,47.57,22.87,94.75,71.13,84.97,57.36,42.91,178.18,94.36,165.67,142.05,257.07,71.47,63.03,217.61,54.63,26.54,157.93
950,08/19/2019,38.03,58.49,55.01,30.04,43.19,61.39,138.1,201.65,55.2,41.21,157.77,60.4976525821596,27.95,25.71,54.69,22.99,,70.12,54.56,84.28,28.9,46.7,132.57,85.01,136.0,116.26,201.8,73.6,52.5,369.84,87.47,51.16,113.81
951,08/19/2020,44.06,72.73,46.69,37.94,52.38,65.28,200.13,212.5,64.46,52.43,147.76,64.6478873239437,29.34,35.43,47.37,36.22,,64.06,56.76,101.26,41.335,43.65,136.45,78.7,183.43,111.36,180.0,58.08,37.85,371.8,63.48,40.25,132.41
952,08/19/2021,59.32,68.83,74.47,33.54,43.2,84.23,232.47,327.4,60.13,46.44,180.25,62.1877934272301,34.89,36.83,56.86,45.93,,65.73,63.68,87.48,48.59,48.24,158.91,101.42,283.03,132.38,213.88,75.55,48.05,375.84,80.29,47.55,150.11
953,08/19/2022,87.23,77.24,100.02,35.4,51.31,104.05,253.86,273.28,77.97,51.07,233.18,71.9906103286385,39.96,38.53,65.17,49.5,,81.94,65.36,91.78,45.295,45.47,180.17,100.13,233.49,139.77,251.69,86.68,56.09,242.18,81.75,38.22,137.02
954,08/20/2018,50.77,53.6,63.82,37.51,42.18,74.62,107.53,140.56,47.58,39.04,102.44,69.2206572769953,23.35,60.64,46.73,31.4,,65.63,42.82,63.265,31.045,60.99,114.84,84.58,106.4,115.87,202.9,75.18,68.68,240.95,63.4,69.99,96.0
955,08/20/2019,37.48,58.15,53.9,28.68,43.08,61.56,137.21,202.2,54.29,40.9,156.48,59.3708920187793,27.89,25.14,53.88,22.91,,68.25,53.99,80.615,28.92,46.03,132.06,83.0,135.32,114.58,202.48,72.8,52.16,367.86,88.24,50.67,112.05
956,08/20/2020,43.49,72.3,45.99,37.97,52.4,63.72,197.8,198.27,64.21,52.55,147.74,64.5446009389671,29.19,34.85,47.35,35.92,,62.34,57.24,101.445,41.505,43.5,136.72,78.22,180.97,111.9,178.34,57.93,37.16,370.75,62.9,39.71,130.57
957,08/20/2021,58.94,69.54,73.62,33.73,43.28,84.85,234.78,330.18,60.3,46.33,180.03,62.1220657276995,34.82,36.6,56.64,46.94,,65.08,63.49,87.56,48.37,48.47,158.35,101.42,285.69,131.28,213.83,76.79,47.79,377.07,79.94,48.3,151.45
958,08/21/2018,50.74,53.23,63.88,37.52,41.87,73.69,107.6,136.63,46.13,38.46,101.09,67.81220657277,23,59.84,46.22,31.36,,65.24,42.56,61.93,30.93,59.93,113.72,83.53,106.87,108.2,200.49,74.37,68.25,243.58,62.91,70.25,96.08
959,08/21/2019,37.69,58.25,54.7,28.4,43.27,61.65,138.79,203.72,54.38,40.97,158.75,59.4835680751174,27.73,25.27,54.1,23.34,,68.44,54.3,80.505,29.015,46.25,132.34,83.05,136.56,113.34,202.85,72.25,51.78,367.78,89.79,50.9,112.02
960,08/21/2020,43.59,72.08,46.77,37.82,52.54,63.94,198.93,207.01,64.02,52.68,147.43,64.6854460093897,28.93,34.56,47.28,35.91,,61.48,57.47,101.575,41.365,43.46,136.46,78.06,179.37,112.09,179.29,57.46,36.8,371.63,62.92,39.46,131.63
961,08/21/2023,82.51,67.77,112.99,29.79,42.06,67.08,162.28,150.9,68.75,38.94,216.29,57.3896713615023,33.63,33.48,60.43,47.39,22.9,94.49,70.73,83.66,57.42,42.73,177.05,94.33,165.89,139.73,258.99,71.07,62.78,218.39,54.81,26.44,157.51
962,08/22/2018,50.5,53.21,63,37.22,41.21,73.91,107.27,135.07,45.75,38.51,100.2,67.7370892018779,23.12,59.55,45.93,31.74,,66.18,42.26,61.785,30.505,59.32,112.24,82.43,107.25,105.4,203.36,75.08,68.2,247.59,62.5,69.64,95.67
963,08/22/2019,37.93,58.35,54.9,28.8,43.68,62.05,139.74,202.56,54.68,42.95,158.38,59.9718309859155,27.49,25.62,54.49,23.67,,69.51,54.51,81.19,28.575,46.59,132.66,82.95,136.04,113.9,201.66,73.29,51.69,366.16,91.66,50.95,111.91
964,08/22/2022,86.54,77.23,99.3,35.15,50.85,102.34,248.73,265.27,77.5,50.72,231.42,71.0046948356808,39.48,38.41,64.2,50.12,,81.26,64.51,90.34,44.795,45.38,178.45,98.29,229.36,137.75,254.81,84.87,55.33,235.5,80.45,37.31,134.57
965,08/22/2023,80.77,66.91,111.39,29.76,41.89,67.05,159.83,149.59,68.44,38.95,213.85,57.0422535211268,33.45,33.3,60.06,47.01,23.74,96.27,70.21,82.35,57.35,42.77,175.7,94.03,162.58,139.67,257.32,70.2,62.46,217.22,54.04,26.54,157.01
966,08/23/2018,50.51,52.84,62.7,36.71,40.61,73.64,108.08,133.13,45.59,37.33,98.99,67.7089201877934,23.2,58.8,45.7,32.31,,67.08,42.09,61.97,30.34,59.82,111.93,82.32,108.25,104.45,204.88,75.21,68.1,246.36,62.6,69.28,95.18
967,08/23/2019,37.43,57.44,53.22,27.93,42.68,60.24,136.99,197.15,53.63,42,157.03,59.3896713615024,26.72,25.33,53.74,23.29,,68.4,53.63,80.4,28.04,46.41,130.27,81.22,132.18,111.2,198.51,72.8,50.07,357.94,89.93,49.32,110.83
968,08/23/2021,59.31,69.5,74.86,33.55,42.52,84.6,234.64,336.29,59.6,45.99,178.75,61.7183098591549,35.03,36.64,56.44,46.74,,66.13,63.1,86.73,48.375,48.48,157.85,100.85,285.84,130.1,216.01,77.56,48.03,382.43,79.53,48.51,150.45
969,08/23/2022,88.05,76.56,101.91,35.19,51.16,101.13,247.6,265.56,77.87,51.27,232.56,71.5399061032864,39.49,38.72,64.27,49.6,,81.59,63.72,89.03,45.08,45.53,178.37,97.8,224.68,142.35,254.18,85.28,55.88,229.69,79.83,37.44,134.0
970,08/23/2023,81.13,69.29,112.12,29.61,41.79,66.4,158.51,152.87,68.14,38.47,215.32,57.1361502347418,33.65,33.49,60.27,46.93,23.62,96.65,71.48,81.65,57.91,43.12,178.12,94.32,162.0,139.53,262.05,70.32,62.81,217.55,53.47,26.54,158.1
971,08/24/2018,50.7,53.4,64.18,36.85,40.68,74.08,108.01,135.59,45.98,37.96,99.77,68.0281690140845,23.39,59.03,45.63,31.2,,67.03,42.39,62.13,30.325,58.78,112.15,79.69,108.9,105.05,207.6,75.78,68.03,247.63,63.12,69.21,94.95
972,08/24/2020,44.45,72.83,46.83,38.26,52.69,63.87,198.32,212.57,64.13,52.64,148.84,65.3333333333333,29.16,35.09,47.97,36.06,,63.66,57.98,101.42,41.845,44.04,137.64,79.63,176.42,112.99,181.49,59.51,38.02,370.85,63.55,39.74,131.33
973,08/24/2021,59.61,69.8,75.54,33.1,42.02,83.81,232.75,337.6,58.42,45.38,176.14,61.0234741784038,34.97,36.55,56.01,45.75,,66.63,62.25,85.88,48.315,48.21,155.89,100.63,282.24,127.21,216.83,78.45,48.45,386.17,79.12,48.34,148.9
974,08/24/2022,88.64,77.33,101.33,35.55,51.55,101.28,247.45,265.43,78.45,51.45,233.38,71.4553990610329,39.61,38.91,64.36,49.66,,82.4,64.6,88.82,45.215,45.8,179.26,97.64,223.72,144.13,257.46,86.05,56.62,229.98,79.53,36.77,134.97
975,08/24/2023,80.33,67.37,112.09,29.66,41.77,66.49,152.98,150.73,68.01,38.92,213.88,57.1173708920188,33.43,33.52,60.11,46.49,23.66,95.71,70.85,80.99,57.03,43.4,177.18,94.08,159.74,140.72,258.27,69.9,62.54,214.98,54.18,25.32,156.89
976,08/25/2020,44.3,72.48,46.94,38.74,53.03,63.47,198.66,215.43,63.9,51.54,148.67,65.2488262910798,29.3,35.37,47.91,36.08,,62.93,57.89,101.39,41.985,43.52,137.3,79.62,179.09,120.75,180.18,58.2,37.62,377.48,63.54,39.5,130.63
977,08/25/2021,60.3,69.39,76.37,32.86,41.11,83.57,234.74,335.32,58.16,45.35,175.6,60.075117370892,34.92,36.75,56.07,45.8,,66.09,61.87,85.56,48.565,48.65,155.2,101.24,285.56,127.28,214.98,79.15,47.91,385.28,78.71,48.65,148.96
978,08/25/2022,90.91,77.56,102.94,35.58,51.19,102.15,246.08,277.32,77.9,51.44,233.36,71.2112676056338,39.69,38.61,64.67,49.32,,82.58,64.46,89.04,45.59,46.39,179.27,98.19,229.23,143.64,257.73,86.39,55.67,234.72,80.04,36.8,135.87
979,08/25/2023,80.83,68.09,112.71,30.02,42.08,67.32,154.98,153.2,68.37,39.38,217.31,57.5023474178404,33.28,33.85,60.39,46.54,22.97,96.35,71.5,81.48,57.34,43.67,179.42,95.07,160.98,142.1,259.49,69.76,62.85,216.14,54.01,25.26,157.82
980,08/26/2019,37.81,58.67,53.51,28.61,42.66,60.76,139.22,200.16,53.98,42.63,159.05,59.7652582159624,26.74,25.58,54.54,23.92,,68.87,54.46,80.795,28.325,47.12,133.74,77.73,135.12,112.93,202.44,73.35,50.57,360.22,91.44,50.04,111.99
981,08/26/2020,44.48,72.79,46.65,38.73,53.48,62.7,204.09,216.68,64.25,50.98,149.15,66.0845070422535,29.8,35.31,48.16,36.37,,61.45,58.36,102.75,41.985,43.2,138.47,79.98,180.08,121.73,181.36,57.5,37.5,375.93,63.45,38.67,130.7
982,08/26/2021,59.74,69.68,75.3,32.83,40.43,83.03,225.9,336.49,57.3,44.64,175.11,59.3615023474178,34.97,36.07,55.54,45.17,,64.51,61.44,84.93,48.42,48.75,154.63,101.25,285.04,123.92,214.35,79.02,47.17,385.96,78.1,47.84,147.35
983,08/26/2022,89.56,75.75,102.32,34.91,50.69,100.06,236.32,261.88,76.32,51.08,228.67,69.3427230046948,38.62,38.11,63.11,48.38,,80.72,62.73,86.6,44.575,45.88,175.04,96.55,221.15,141.59,251.9,83.63,53.87,224.14,78.31,36.0,131.6
984,08/27/2018,50.78,52.64,64.7,36.48,40.7,74.96,107.19,138.25,45.87,37.94,99.29,67.6244131455399,23.1,59.57,45.69,31.19,,68.12,42.49,61.87,30.22,59.01,112.41,80.26,110.74,105.83,210.26,74.54,67.99,248.15,62.84,69.44,94.54
985,08/27/2019,37.42,58.99,52.58,27.91,42.05,59.19,138.75,200.55,51.91,42.41,159.38,58.3098591549296,26.75,25,54.72,23.12,,68.45,54.42,81.515,28.285,45.25,134.76,71.7,135.98,103.69,198.19,73.87,50.17,359.99,89.97,49.45,112.42
986,08/27/2020,44.72,72.9,46.24,38.77,53.29,63.39,201.34,216.41,64.71,51.31,148.7,66.1596244131455,29.93,34.76,48.23,36.16,,62.45,58.13,102.725,41.67,43.75,138.4,80.0,180.68,120.92,182.65,60.03,37.57,380.28,63.96,39.34,136.63
987,08/27/2021,60.57,70.17,77.12,33.05,41.4,83.71,225.25,340.82,57.73,44.92,175.63,59.4178403755869,35.13,36.38,55.65,45.49,,65.56,61.89,85.22,48.665,49.53,154.94,102.1,286.91,123.57,212.42,80.25,47.51,388.22,78.51,48.48,146.52
988,08/28/2018,50.45,52.33,64.75,36.33,39.83,74.92,106.84,140.09,45.38,37.91,98.76,67.1079812206573,22.94,58.79,45.37,31.11,,67.9,42.25,61.565,30.395,58.45,111.17,79.5,111.53,104.25,207.17,74.4,67.01,247.42,62.46,69.28,96.07
989,08/28/2019,37.57,58.85,52.44,28.45,41.97,59.48,141.03,202.55,53.12,42.3,160.48,58.6948356807512,26.83,25.17,55.11,23.51,,68.77,54.88,81.93,29.04,45.85,135.19,74.32,137.03,104.37,201.83,74.41,51.15,359.63,90.58,49.95,112.72
990,08/28/2020,44.9,73.6,46.67,38.16,52.14,63.21,200.39,222.93,63.39,50.62,149.2,66.2347417840376,30.07,34.88,49.83,35.3,,64.19,58.31,102.295,42.27,43.93,139.94,80.74,180.23,119.65,185.37,61.89,37.89,385.02,63.91,38.76,140.3
991,08/28/2023,80.87,68.46,113.56,30.31,42.23,67.24,156.57,156.39,68.55,39.74,218.01,57.6244131455399,33.7,33.84,60.56,46.63,22.97,96.41,71.55,82,57.71,43.97,180.25,95.88,161.88,142.89,261.9,70.28,62.89,215.54,54.29,25.17,158.72
992,08/29/2018,50.4,52.38,65.32,36.66,39.99,74.45,106.7,140.37,45.68,38.42,99.61,67.4272300469484,22.8,59.3,45.33,30.68,,67.73,42.54,62.115,30.69,58.42,112.05,79.06,112.38,103.66,209.25,74.18,67.44,248.5,63.07,68.66,95.64
993,08/29/2019,37.73,58.85,52.62,28.59,43.31,60.15,156.09,203.61,53.35,42.45,157.99,59.1173708920188,27.24,25.33,55.05,23.67,,69.92,55.28,81.565,28.805,44.25,136.02,72.72,138.38,102.83,204.63,74.49,51.05,363.35,91.72,50.4,114.08
994,08/29/2022,90.76,75.34,103.8,35.04,51.14,100.33,238.63,259.84,77.22,51.28,227.89,69.6807511737089,38.8,38.09,62.73,48.3,,80.42,62.48,85.87,44.295,45.71,174.49,96.24,220.63,142.0,250.61,83.08,53.21,221.93,77.66,35.96,132.88
995,08/29/2023,81.61,69.03,113.88,30.28,42.28,67.13,154.99,159.27,68.49,39.81,217.69,57.7370892018779,33.9,33.76,60.5,46.49,22.86,96.7,71.48,82.8,58.49,44.22,180.93,96.25,163.93,145.94,261.27,70.48,63.28,217.68,54.67,25.54,160.05
996,08/30/2018,50.38,51.66,64.66,36.5,39.15,74.53,105.66,139.5,45.64,38.55,99.92,67.3708920187793,23,58.22,44.95,31.04,,67.12,42.44,61.83,30.41,58.68,111.96,78.57,112.4,102.97,208.76,73.97,66.93,248.81,62.55,67.8,96.1
997,08/30/2019,38.05,58.99,53.41,28.36,45,60.92,156.09,197.99,53.8,42.61,158.48,58.9671361502347,27.28,25.52,55.04,23.68,,70.39,55.22,81.435,29.335,43.74,136.73,72.09,139.3,105.16,204.35,74.33,51.36,363.92,93.04,51.19,114.26
998,08/30/2021,60.07,70.4,75.73,32.63,40.96,84.6,225.36,343.48,57.58,45.29,176.53,59.3051643192488,35.26,36.12,56.18,46.2,,64.35,62.16,85.45,48.905,49.7,156,103.07,289.06,122.28,211.79,78.99,46.74,392.58,78.18,48.63,147.7
999,08/30/2022,87.57,73.52,99.88,34.75,50.69,98.8,238.73,257.11,76.98,50.66,226.21,68.7323943661972,38.42,37.41,62.15,47.51,,79.78,61.85,84.77,44.265,45.12,172.99,95.49,219.44,140.81,248.6,82.6,52.25,223.0,76.74,35.18,132.48
1000,08/30/2023,80.75,66.28,114.5,30.11,41.96,66.83,157.66,163.57,68.28,39.66,217.31,57.943661971831,33.77,33.67,60.47,46.52,23.07,97.6,71.57,82.92,58.15,44.52,181.08,96.76,164.18,143.88,260.86,70.09,63.08,218.72,54.37,25.6,161.2
1001,08/31/2018,50.4,52.22,64.98,36.75,39.45,75.24,107.73,140.12,46.01,39.15,100.52,67.4084507042254,22.8,58.27,44.57,31.5,,67.6,42.72,62.44,30.445,58.52,112.01,77.89,111.41,103.38,208.2,74.82,66.74,247.43,62.81,68.56,95.86
1002,08/31/2020,44.76,73.17,45.62,38.36,52.61,62.12,201.88,221.72,63.95,50.98,148.64,66.5821596244132,29.83,35.04,49.53,35.68,,62.85,58.42,103.1,41.93,43.74,140.06,79.79,180.78,120.18,184.48,60.14,37.64,392.95,62.8,38.02,138.85
1003,08/31/2021,60,70.22,75.71,33.12,41.73,86.39,222.91,340.49,57.81,45.54,177.7,59.2863849765258,35.67,35.99,56.31,46.03,,65.15,62.07,86.29,48.785,50.23,156.39,103.0,290.53,123.67,211.14,79.65,47.53,395.46,78.52,50.75,148.1
1004,08/31/2022,87.89,72.7,99.17,34.38,50.38,98.15,237.42,254.38,76.8,50.28,224.67,68.3004694835681,38.12,37.4,61.71,47.94,,79.53,61.86,84.07,44.415,45.12,172.27,95.49,219.92,139.99,246.05,82.22,51.67,226.26,75.38,35.06,132.55
1005,08/31/2023,79.3,66.13,114.32,29.88,41.7,65.17,138.5,160.53,67.66,38.59,214.86,57.2957746478873,33.65,33.09,59.83,46.39,23.05,97.41,71.26,82.08,57.41,44.22,177.92,96.06,159.59,144.95,260.56,69.65,63.49,212.74,53.27,25.31,162.61
1006,09/01/2020,45.14,72.6,45.47,37.83,51.4,60.28,199.9,220.99,63.12,50.69,148.42,65.0140845070423,29.95,34.14,49.12,35.4,,61.33,58.2,102.965,42.42,43.12,139.19,79.04,178.91,117.96,185.94,60.1,37.01,398.35,62.64,36.76,147.59
1007,09/01/2021,59.66,72.62,75.76,33.43,42.59,85.71,222.69,344.31,57.7,45.67,178.22,59.4272300469484,35.74,36.1,56.69,45.74,,65.58,62.33,87.4,48.9,50.08,157.91,103.56,288.07,122.35,214.91,78.99,47.27,397.56,78.35,50.29,147.78
1008,09/01/2022,87.58,72.51,98.07,34.3,49.37,99.93,242.77,251.18,77.16,46.98,227.56,68.8638497652582,38.33,37.7,62,48.61,,79.52,61.97,84.79,44.5,45.37,172.85,96.48,219.48,141.99,247.52,81.85,51.37,226.65,74.82,35.26,134.48
1009,09/01/2023,79.79,66.74,115.02,29.32,40.89,65.67,130.27,161.7,66.25,38.4,213.85,56.2347417840376,33.55,32.58,59.31,45.98,22.96,97.28,69.69,80.46,56.55,44.11,175.32,95.68,159.19,142.49,259.48,70.29,62.91,213.55,52.59,23.43,161.57
1010,09/02/2020,45.74,79.89,46.41,38.25,52.45,60.91,204.1,221.96,64.5,51.33,149.42,66.1220657276995,30.4,34.71,51.19,36.6,,62.77,59.01,104.89,43.265,43.76,143.29,79.98,183.0,120.85,188.01,60.84,37.92,408.18,63.39,37.17,147.68
1011,09/02/2021,60.23,70.9,77.19,33.47,42.81,86.96,224.96,344.06,57.92,43.57,178.22,59.5868544600939,35.86,36.07,56.77,47.31,,64.5,61.92,88.04,48.8,51.04,156.95,105.64,294.4,121.99,212.46,78.36,47.09,404.61,78.49,51.78,148.56
1012,09/02/2022,87.61,71.64,99.01,34.22,49.13,99.44,242.6,248.32,76.72,46.39,224.05,68.2629107981221,37.83,37.31,61.15,48.43,,78.23,60.73,83.05,44.195,45,170.66,94.53,215.98,140.0,244.85,80.78,51.7,222.77,74.62,35.27,133.0
1013,09/03/2019,37.99,59.44,53.36,28.5,45.43,60.69,155.63,199.49,54.3,42.84,159.93,59.81220657277,26.6,26.06,55.3,24.01,,71.36,55.64,82.055,28.82,44.04,137.46,72.66,137.77,106.98,208.35,74.47,52.39,361.12,93.29,50.43,114.64
1014,09/03/2020,45.81,79.35,45.76,37.41,48.53,60.45,196.8,218.06,62.97,50.99,148.36,65.6713615023474,29.8,33.55,50.48,36.11,,63.28,57.83,102.005,41.35,43.29,139.37,79.32,177.86,118.23,190.58,60.37,38.0,396.58,61.64,37.09,144.54
1015,09/03/2021,60.2,70.93,77.39,33.49,43.05,87.47,222.45,341.83,57.77,42.81,177.99,59.5680751173709,35.24,35.83,56.73,46.65,,63.58,61.72,88.08,48.79,50.97,157.09,106.1,295.8,120.61,211.83,77.35,46.98,398.43,78.23,51.29,149.25
1016,09/04/2018,50.08,52.75,63.71,36.12,39.69,74,109.82,138.15,45.92,39.98,101.5,67.5211267605634,22.65,56.66,44.76,31.9,,67.17,42.62,63.12,30.465,59.11,111,77.64,111.85,103.69,211.11,75.35,64.89,247.0,62.75,67.62,95.36
1017,09/04/2019,38.24,60.49,53.9,28.89,45.07,61.66,157.8,202.72,54.31,42.53,161.4,59.4741784037559,27,26.26,55.77,24.66,,72.38,56.2,82.585,29.03,44.3,139.15,73.02,137.83,106.28,210.18,75.07,53.13,355.78,86.06,51.43,115.91
1018,09/04/2020,46.49,80.12,46.48,37.13,47.58,60.24,195.72,216.22,63.15,51.08,148.8,64.9953051643192,29.54,33.47,51.04,35.47,,62.44,57.88,100.925,41.135,43.49,138.76,79.15,173.56,117.56,191.52,60.14,38.32,389.39,62.42,36.89,142.83
1019,09/05/2018,49.83,52.94,63.99,36.1,39.86,74.89,111.06,137.75,45.55,40.34,102.87,68.2629107981221,22.95,57,45.38,31.96,,67.3,43.49,63.865,30.725,60.65,113.12,78.79,111.98,107.15,209.75,75.0,65.65,242.52,62.5,68.24,96.62
1020,09/05/2019,38.63,60.91,55.22,28.45,44.62,62.76,159.82,204.98,54.16,42.55,160.3,59.0046948356808,27.15,26.59,55.12,24.83,,71.79,56.14,81.875,29.385,43.85,135.98,71.95,140.33,104.68,204.93,74.38,53.18,356.48,85.26,52.33,115.44
1021,09/05/2023,78.88,64.99,113.09,29.15,41.22,65.61,127.22,161.07,66.1,37.65,212.1,55.8403755868545,33.05,32.55,58.82,45.02,22.61,96.86,69.56,80.49,55.96,44.09,174.16,94.51,153.89,143.01,257.5,68.66,62.28,208.34,52.15,22.73,160.27
1022,09/06/2018,49.41,53.76,63.29,36.25,40.05,76.07,111.12,138.68,47.01,41.28,104.24,69.1549295774648,22.99,56.8,45.77,32.56,,67.22,43.49,64.78,30.67,60.79,113.5,78.62,111.93,109.77,208.62,74.97,66.41,248.0,63.08,68.03,96.45
1023,09/06/2019,38.71,62.3,55.8,28.66,44.98,62.23,161.54,207.03,54.96,42.6,158.98,60.3004694835681,26.86,27.28,55.23,24.7,,71.22,56.63,82.49,28.585,43.85,137.37,72.97,140.3,105.21,204.75,75.71,53.42,356.17,86.04,52.56,114.73
1024,09/06/2022,85.7,71.03,94.1,33.84,48.81,98.73,239.81,246.15,75.3,46.55,222.75,67.8591549295775,37.57,37.43,61.18,48.52,,77.99,60,82.2,44.295,44.57,169.51,94.1,220.66,138.63,244.89,80.43,51.65,221.7,73.06,35.32,132.34
1025,09/06/2023,77.46,63.58,110.81,29.05,41.1,65.51,126.46,156.58,65.87,37.25,210.39,55.6807511737089,33.2,32.57,58.78,45.16,22.38,96.73,69.69,80.1,56.28,43.53,174.73,93.55,153.33,141.13,258.81,68.45,62.03,210.02,51.52,22.64,161.47
1026,09/07/2018,49.31,54.02,63.7,36.33,40.22,77.29,110.82,138.77,47.55,41.29,103.64,69.5680751173709,22.88,56.59,45.72,32.37,,66.83,42.52,65.3,30.17,60.93,112.74,78.6,112.04,109.53,211.72,74.7,63.78,248.15,63.27,68.19,95.83
1027,09/07/2021,59.35,70.17,77.05,33.18,42.88,86.58,221.54,337.57,56.79,42.22,173.73,57.9718309859155,34.77,35.66,55.67,45.99,,62.16,60.04,86.97,47.59,50.79,154.53,106.06,296.01,119.64,209.28,77.14,45.82,399.14,77.29,51.0,147.27
1028,09/07/2022,87.23,72.75,95.57,34.7,49.31,100.68,245.89,247.99,76.28,47.19,228.25,68.7042253521127,38.34,37.32,62.31,49.82,,80.11,61.42,85,45.225,44.95,173.25,94.61,231.29,140.92,248.39,82.9,52.23,233.13,73.88,36.08,135.74
1029,09/07/2023,78.53,64.2,112.46,28.88,41.82,65.6,123.72,155.4,64.99,36.98,208.99,55.7464788732394,33.31,32.68,58.33,45.53,20.99,98.38,70,80.12,56.64,43.72,176.4,93.28,150.5,140.34,259.56,69.16,63.07,206.64,51.33,22.04,163.47
1030,09/08/2020,45.22,78.95,45.22,35.15,45.22,59.53,192.4,216.02,59.52,50.25,145.52,62.2910798122066,28.86,31.76,49.81,34.62,,61.1,56.39,98.76,40.05,43.07,135.55,79.03,171.42,114.16,187.76,59.48,37.76,381.94,61.57,36.1,138.45
1031,09/08/2021,59.87,72.46,76.49,33.57,43.02,86.22,224.04,336.76,59.38,42.6,176.63,59.2018779342723,35.29,37.06,56.42,46.29,,61.97,60.86,88.35,48.42,50.88,156.72,103.68,297.36,121.86,216.97,76.41,46.28,400.11,76.17,51.09,147.46
1032,09/08/2022,90.29,72.77,96.87,34.32,47.84,102.26,247.41,247.94,75.63,46.84,225.48,67.3708920187793,38.46,36.06,62.12,48.36,,79.45,60.95,79.3,45.71,45.15,172.67,95.62,233.07,138.64,248.24,83.04,51.82,237.46,73.94,35.96,136.43
1033,09/08/2023,78.81,64.31,112.38,29.1,42.18,65.84,127.2,154,66.15,37.12,209.03,55.793427230047,33.36,32.96,58.33,46.94,21.3,98.4,69.82,80.7,56.37,44.08,176.27,93.67,147.95,141.58,259.2,69.95,63.64,206.8,52.05,21.99,163.77
1034,09/09/2019,39.67,63.56,57.1,29.11,44.59,63.68,160.76,205.4,55.59,42.91,156.15,60.2535211267606,26.75,28.08,54.52,25.19,,71.06,56.48,80.6,28.615,44.04,136.4,73.3,135.11,105.12,206.75,76.71,55.87,341.33,83.56,55.59,116.33
1035,09/09/2020,46.05,81.14,45.85,35.81,45.59,59.53,197.45,218.51,59.98,50.67,147.72,62.4694835680751,29.52,31.65,50.19,35.18,,61.4,57.5,101.345,41.37,43.79,137.11,80.47,174.68,115.76,189.93,61.42,37.52,389.47,61.24,35.35,139.89
1036,09/09/2021,59.66,71.2,75.65,33.22,42.8,85.41,220.14,337.49,58.45,42.2,175.4,59.1549295774648,34.83,36.56,55.86,46.13,,61.25,60.61,86.76,48.175,50.59,155.73,102.58,295.58,120.78,216.01,77.97,46.05,385.4,75.58,50.57,146.42
1037,09/09/2022,91.47,73.48,96.89,34.37,47.93,102.15,247.26,252.9,75.91,46.86,226.25,67.6619718309859,38.69,36.46,62.32,51.94,,79.5,61.33,79.89,46.215,45.57,173.22,97.06,236.03,139.44,246.7,83.89,52.17,242.15,75.57,36.24,136.84
1038,09/10/2018,49.7,50.71,62.96,36.62,40.53,75.64,111.45,138.55,47.43,41.52,104.41,69.5023474178404,23.1,57.24,46.06,31.75,,67.03,42.9,65.755,29.88,60.58,113.57,78.38,112.01,110.17,212.06,75.04,64.73,252.78,63.39,68.8,96.9
1039,09/10/2019,40.29,64.06,56.99,29.45,45.89,63.6,157.09,199.46,54.53,43.67,152.54,59.0892018779343,27.16,28.96,54.4,25.82,,70.57,54.33,78,28.88,44.24,135.86,74.5,134.36,106.69,208.18,76.75,56.6,338.88,81.46,56.88,116.05
1040,09/10/2020,46.02,79.57,45.39,34.7,45.32,58,197.12,214.6,58.49,49.72,145.15,61.9718309859155,28.53,31.51,50,34.74,,62,57.1,99.095,40.89,43.35,134.76,80.41,172.06,113.08,188.73,61.78,35.6,378.07,63.45,34.67,136.81
1041,09/10/2021,59.89,71.55,76.14,33.09,43.15,83.79,218.05,335.71,58.43,42.31,175.06,58.9107981220657,34.83,36.33,55.61,42.67,,60.49,60.23,85.55,47.96,50.6,155.46,103.57,295.59,121.06,213.91,76.56,45.57,372.42,74.8,49.45,145.89
1042,09/11/2018,49.75,50.79,63.26,36.95,40.02,75.73,111.15,138.17,46.75,41.6,104.24,68.9765258215962,23.18,57.76,46.02,31.39,,67.13,42.86,65.1,29.045,59.47,113.33,77.45,111.33,109.19,215.26,74.95,62.83,255.06,63.53,68.74,96.64
1043,09/11/2019,41.05,65.18,57.97,29.5,46.66,63.99,156.01,197.27,54.32,44.54,151.15,59.8967136150235,28.26,29.28,54.77,25.57,,71.58,54.51,78.715,28.435,44.72,136.36,75.07,133.69,108.2,206.77,77.07,56.38,338.77,82.32,58.06,116.02
1044,09/11/2020,46.89,79.35,45.64,34.47,45.5,57.4,200.5,214.69,58.54,49.83,145.5,61.4460093896714,28.83,31.71,51.06,34.37,,63.33,57.55,99.32,40.67,43.59,135.81,81.23,172.0,113.31,188.81,62.3,35.09,370.57,63.72,34.7,136.7
1045,09/11/2023,78.74,64.99,114.87,29.04,42.72,68.75,126.64,153.3,65.89,37.36,212.03,56.1971830985916,33.53,33.63,58.88,45.43,22.07,98.92,71.37,81.75,56.78,44.46,178.93,94.53,151.51,131.66,259.5,70.17,64.78,211.79,52.56,21.43,164.34
1046,09/12/2018,49.89,50.67,63.61,37.59,40.27,77.32,110.7,139.73,47.51,42.03,106.02,69.906103286385,24.01,59.12,46.24,31.73,,67.14,43.35,65.585,29.145,63.43,113.85,80.05,111.65,110.2,215.99,74.49,63.08,262.55,63.72,70.38,95.97
1047,09/12/2019,41.45,65.2,57.5,29.76,47.15,63.9,157.1,197.22,54.09,44,151.26,59.81220657277,27.66,29.03,55.11,25.59,,71.95,54.81,78.905,28.725,44.46,137.29,74.9,133.96,105.85,203.97,77.72,56.25,337.78,83.47,55.56,116.92
1048,09/12/2022,88.21,73.49,94.91,34.66,48.51,103.04,247.13,255.42,76.15,47.08,227.18,68.2065727699531,39.01,36.73,62.5,50.54,,80.06,61.9,81.41,46.78,45.15,173.9,97.66,238.01,141.4,248.04,84.24,53.28,245.15,75.56,36.63,138.07
1049,09/12/2023,79.7,64.02,114.41,28.63,42.58,70.52,123.89,151.3,65.49,37.4,207.59,55.962441314554,33.26,33.56,58.3,45.68,21.06,97.62,71.06,80.73,56.15,44.87,178.27,94.45,148.97,129.86,260.67,69.95,64.09,210.51,52.89,21.72,164.52
1050,09/13/2018,50,50.27,63.68,37.98,41.13,77.08,109.53,140.13,47.59,42.18,106.6,70.2347417840376,24.13,59.49,45.83,28.58,,67.35,43.87,65.64,29.47,61.46,114.99,79.78,114.08,110.93,214.83,73.6,63.48,267.32,63.5,70.48,95.12
1051,09/13/2019,41.63,64.21,56.83,29.87,46.28,64.06,157.78,194.82,53.97,42.98,148.57,59.4835680751174,27.55,29.25,54.26,26.23,,72.15,54.08,78.56,29.43,42.01,136.44,73.05,132.19,106.51,204.07,78.28,57.17,331.15,85.17,55.99,117.43
1052,09/13/2021,61.15,71.3,77.25,33.39,43.83,84.51,217.6,332.93,58.63,42.68,175.48,59.5305164319249,35.15,36.64,56.07,42.88,,61.46,60.77,85.15,47.695,50.08,155.76,102.59,288.9,122.72,214.9,76.87,46.94,377.73,76.43,49.18,145.06
1053,09/13/2022,86.35,71.24,92.94,33.65,47.28,100.45,240.33,245.26,74.35,46.17,222.9,66.4976525821596,37.69,35.06,60.47,49.37,,77.15,59.88,79.48,44.765,42.97,167.41,94.02,234.64,139.34,239.92,80.66,51.23,237.69,73.23,34.74,135.22
1054,09/13/2023,79.64,64.01,113.15,28.57,42.72,70.24,120,152.39,65.26,37.55,209.71,55.3239436619718,33.13,33.19,58.44,45.11,21.6,99.09,71.29,79.84,56.52,44.75,179.68,95.25,146.34,128.41,260.18,69.91,63.23,213.34,52.84,21.9,164.56
1055,09/14/2018,50.04,49.88,64.33,38.25,41.29,76.91,108.91,140.93,47.75,41.9,105.97,70.2723004694836,24.47,58.97,45.99,27.8,,68.01,43.8,66.145,29.765,62.07,114.57,79.33,114.23,111.08,212.05,73.54,63.14,270.43,63.4,70.28,94.59
1056,09/14/2020,47.5,79.49,46.25,34.59,45.82,57.97,202.11,217.41,58.76,50.25,144.5,61.4272300469484,28.81,31.87,50.71,32.84,,65.61,58.01,100.05,41.445,43,136.67,81.94,174.43,113.46,195.31,64.57,35.01,371.88,65.31,35.11,137.32
1057,09/14/2021,60.38,70.89,76.98,33.19,43.36,83.89,216.29,330.82,58.77,42.41,174.55,59.793427230047,35.02,36.21,55.69,41.79,,60.88,60.35,85.08,47.48,48.37,155.15,101.96,292.28,122.46,215.59,75.78,46.58,387.34,75.43,48.22,144.3
1058,09/14/2022,86.17,72.04,92.2,33.35,47.34,101.05,241.07,246.14,74.42,45.95,221.75,66.2065727699531,37.74,34.96,60.79,48.94,,75.75,60.24,79.41,44.465,41.76,168.68,93.7,233.2,139.04,240.93,79.41,50.65,238.65,72.29,34.77,134.92
1059,09/14/2023,80.65,64.57,115.3,29.06,43.49,69.95,117.79,154.24,66.36,38.41,211.79,56.2535211267606,33.67,33.77,58.46,45.79,21.74,99.81,72.38,80.38,56.87,44.1,181.23,96.31,147.64,127.42,262.85,71.07,63.79,214.62,53.96,22.48,165.25
1060,09/15/2020,47.47,78.96,46.37,34.57,45.52,57,202.87,217.76,59.02,49.81,144.34,61.6244131455399,28.8,31.97,51.05,32.72,,67.25,58.09,100.175,41.57,42.78,135.62,81.4,175.55,112.4,196.59,65.4,34.29,369.83,65.25,35.27,137.36
1061,09/15/2021,62.52,70.66,81.13,33.44,44,85.54,216.97,326.25,58.72,41.59,175.08,59.981220657277,35.42,36.22,55.88,41.1,,61.03,60.51,85.35,47.57,49.23,156.02,104.0,290.42,121.81,218.5,76.27,46.57,388.67,76.21,50.12,144.55
1062,09/15/2022,85.26,70.33,91.2,33.62,47.09,102.31,240.85,244.78,75.07,45.95,219.62,66.0469483568075,37.23,34.61,59.53,47.88,,77.62,59.57,78.51,43.685,42.01,165.88,94.04,225.95,139.15,240.52,79.66,50.94,232.67,72.1,34.23,133.47
1063,09/15/2023,79.35,63.73,112.41,28.94,43.04,70.87,115.68,155.7,65.85,38.24,212.36,56.3004694835681,33.3,33.45,57.94,46.32,21.22,99.59,71.94,79.79,56.14,43.53,179.84,95.79,145.39,126.83,260.34,71.02,63.59,213.45,54.54,22.42,164.64
1064,09/16/2019,41.96,64.18,57.82,30.44,46.74,63.43,153.17,192.55,54.54,42.83,148.04,59.887323943662,27.31,29.62,53.96,25.98,,73.19,54.05,79.14,29.615,41.41,134.88,72.6,130.71,107.18,203.84,77.19,57.55,329.13,86.34,55.34,115.57
1065,09/16/2020,47.66,77.94,46.51,34.79,45.26,57.48,202.75,217.26,58.75,49.45,143.19,60.0281690140845,28.43,31.36,50.79,32.02,,68.19,57.97,99.34,40.935,41.76,134.98,80.6,174.06,110.82,193.2,68.25,34.56,357.9,65.21,36.28,136.26
1066,09/16/2021,63,70.8,81.09,33.43,43.52,85.35,221.56,323.13,58.72,41.86,175.56,59.6619718309859,35.49,36.54,55.35,40.87,,61.87,60.71,86.11,47.94,48.79,155.56,102.83,286.18,122.69,215.45,76.76,46.38,385.97,75.8,49.94,145.03
1067,09/16/2022,84.77,70.56,89.45,33.83,47.69,102.06,243.79,239.38,75.25,45.79,219.89,66.7417840375587,37.17,34.71,59.54,47.28,,76.56,60.3,79.14,43.62,42.29,166.97,95.56,223.07,138.88,239.9,78.19,50.44,227.35,72.01,34.27,133.19
1068,09/17/2018,49.78,49.1,64.61,38.19,40.96,78.1,107.25,139.89,47.77,41.05,103.77,70.1408450704225,23.54,58.35,46.32,28.84,,66.69,43.71,66.335,29.86,62.44,115.4,80.3,112.76,111.65,212.33,73.49,64.04,267.14,63.06,70.45,94.82
1069,09/17/2019,41.79,64.22,56.66,29.97,46.69,63.48,156.82,191.34,55.03,43.17,152.69,60.2347417840376,27.85,28.36,54.24,25.65,,74,54.7,79.49,28.995,41.31,135.7,72.02,133.93,108.72,205.75,78.38,55.68,338.64,88.88,54.84,116.51
1070,09/17/2020,47.77,77.3,47.33,34.8,45.59,58.41,203.5,215.71,57.58,49.51,140.5,59.6338028169014,28.31,30.64,50.55,32.51,,70.1,57.21,96.365,40.355,40.86,133.2,79.47,172.89,109.98,192.21,68.4,35.06,346.58,63.75,37.21,136.69
1071,09/17/2021,62.39,69.53,80.58,33.47,43.19,85.51,222.11,319.88,58.92,42.02,175.07,59.6807511737089,34.91,36.55,54.44,40.94,,61.57,60.94,86.27,47.32,48.61,154.13,101.86,285.95,123.0,214.85,76.09,45.8,385.57,75.81,49.62,144.73
1072,09/18/2018,49.62,48.64,64.8,37.75,40.06,78.61,109.15,140.3,44.13,40.58,103.44,68.8826291079812,23.55,57.1,45.93,29.29,,66.84,43.47,65.62,29.695,62.14,113.98,80.33,113.43,110.47,213.52,73.05,63.87,268.94,62.37,70.88,95.43
1073,09/18/2019,41.67,64.56,56.98,29.5,46.58,63.26,156.7,192.02,54.53,42.96,153.05,59.7276995305164,27.95,28.41,54.23,25.22,,73.75,54.72,79.625,29.18,40.84,135.5,71.56,132.58,108.83,207.33,78.86,55.04,340.83,88.27,54.41,117.16
1074,09/18/2020,47.64,76.36,47.61,34.55,45.44,59.57,208.1,212.39,57.32,48.75,138.92,59.0798122065728,28.05,29.74,50.45,33.21,,68.34,56.52,94.98,39.495,39.84,131.47,78.08,170.01,109.39,187.81,67.63,34.31,337.96,62.03,36.93,135.29
1075,09/18/2023,79.19,63.34,113.93,28.72,42.72,70.7,113.66,154.2,66.1,38.22,212.46,56.4882629107981,33.65,33.42,58.3,46.54,21.08,99.1,71.86,79.92,56.27,43.35,179.38,96.96,146.05,126.77,260.69,70.82,64.42,211.27,53.9,22.19,163.42
1076,09/19/2018,49.94,48.42,65.24,37.02,40.14,78.96,109.33,139.66,44.27,39.66,102.66,67.981220657277,23.56,56.89,45.96,28.88,,65.26,43.44,64.945,29.66,61.84,113.77,80.91,112.61,109.17,215.17,72.92,64.28,270.59,61.56,71.28,95.24
1077,09/19/2019,40.9,64.3,56.15,29.66,46.61,63.63,156.81,192.92,54.39,42.96,153.45,59.849765258216,27.61,28.15,54.52,25.82,,73.63,55.04,80.015,29.395,40.12,135.48,71.71,133.51,107.64,207.34,78.39,55.04,341.7,88.17,54.57,117.11
1078,09/19/2022,87.33,71.23,91.25,34.24,48.05,102.11,245.61,241.66,75.83,46.26,222.87,67.1173708920188,37.77,34.61,59.99,47.45,,78.03,60.38,78.86,43.925,42.91,168.73,95.92,224.26,139.96,242.26,79.79,51.11,222.95,72.44,34.15,134.33
1079,09/19/2023,79.1,62.83,112.87,28.69,42.32,71.99,115.1,152.01,65.88,38.43,209.07,56.6103286384977,33.41,33.94,58.18,46.09,21.06,97.24,71.51,78.72,56.01,43.06,178.32,97.32,143.69,127.36,260.0,70.51,63.85,209.87,53.82,22.03,163.38
1080,09/20/2018,50.33,49.29,66.18,37.18,40.32,79.39,109.56,142.59,44.37,39.86,103.45,68.3568075117371,23.65,57.57,46.64,29.18,,66.13,43.87,65.05,30.19,62.26,115.22,82.55,113.48,109.65,218.57,73.29,64.92,270.03,62.31,72.89,95.75
1081,09/20/2019,40.9,63.65,55.96,29.81,46.76,64.3,156.23,191.91,54.33,42.94,153.94,59.8403755868545,27.32,28.14,53.91,25.68,,73.52,54.65,80.07,29.175,40.81,134.71,71.2,134.53,107.81,205.1,78.24,56.26,343.8,87.39,55.0,116.98
1082,09/20/2021,60.52,69.34,77.12,33.23,42.6,84.58,221.79,310.6,58.75,41.7,173.43,59.5211267605634,34.32,36.21,54.06,40.41,,61.52,60.43,85.65,46.395,48.14,153.61,100.99,284.23,122.27,210.13,76.14,45.1,379.11,75.7,48.4,142.74
1083,09/20/2022,86.75,71.01,90.21,33.98,47.77,101.34,245.76,239.5,75.41,46.01,222.47,67.1079812206573,37.43,33.94,59.9,46.92,,77.56,59.75,77.36,43.85,42.92,168.92,96.01,220.2,139.2,241.62,79.53,49.92,220.24,71.83,33.99,133.55
1084,09/20/2023,79.38,63.15,112.59,28.92,42.68,71.41,115.66,150.84,65.87,38.79,211.33,57.0422535211268,33.77,34.02,58.44,46.18,20.89,98.13,71.64,78.56,55.76,43.04,178.38,97.71,141.12,128.26,261.9,70.59,64.77,208.74,53.32,21.84,163.91
1085,09/21/2018,50.32,50.28,66.73,37.45,40.05,79.59,108.26,143.54,44.46,40.01,103.9,68.7042253521127,23.8,57.12,46.58,29.95,,67,43.94,65.11,29.925,62.55,114.91,83.75,113.83,110.16,216.94,72.97,64.78,269.75,61.24,73.0,95.9
1086,09/21/2020,46.51,75.84,45.73,35.04,46.07,58.87,202.94,207.83,57.87,48.47,137,58.8920187793427,27.87,29.65,49.09,33.46,,65.01,55.85,95.2,39.19,38.82,131.24,77.83,171.51,109.79,185.06,64.05,33.59,326.7,59.85,35.79,137.07
1087,09/21/2021,60.02,68.71,77.11,32.97,42.22,83.93,219.55,311.58,58.01,41.32,171.78,58.9483568075117,33.99,35.94,54.05,40.45,,61.26,60.22,85.47,45.9,48.03,153.54,100.51,288.23,120.48,209.08,76.47,44.8,378.14,75.52,48.02,143.02
1088,09/21/2022,86,70.8,89.5,34.32,48.53,99.77,240.28,237.86,79.72,46.57,223.41,68.4600938967136,37.16,34.44,59.4,45.27,,77.94,59.75,77.3,43.52,43.01,168.44,96.42,217.59,140.51,238.87,78.45,49.29,214.19,71.32,33.43,134.77
1089,09/21/2023,78.88,61.16,113.23,29.03,42.9,71.89,109.76,146.1,65.48,39.33,208.15,56.7699530516432,33.33,34.49,57.54,45.71,20.84,95.73,70.71,77.41,54.75,42.91,175.38,95.92,136.29,128.69,256.47,69.52,64.17,203.46,53.05,21.45,161.92
1090,09/22/2020,47,76.15,45.98,35.15,45.66,58.14,208.34,209.83,57.99,48.71,137.43,58.8450704225352,27.85,29.23,49.66,33.74,,63.57,55.81,96.195,39.615,38.55,132.15,77.01,172.26,109.88,188.5,64.02,33.73,331.83,59.39,35.72,138.31
1091,09/22/2021,58.99,68.6,77.29,33.3,42.36,83.86,219.02,318.56,59.92,40.84,172.39,59.3615023474178,34.33,36.13,54.13,40.1,,61.02,60.56,85.33,46.285,48.24,154.01,100.51,288.48,120.57,211.3,77.7,45.63,383.33,75.48,48.01,142.69
1092,09/22/2022,86.07,69.83,88.3,34.76,49.18,99.83,240.2,234.91,80.78,47.05,225.52,69.1173708920188,37.11,34.26,59.26,45.5,,77.83,59.8,76.67,43.385,43.27,168.6,95.79,213.69,142.03,236.59,77.38,49.15,211.88,71.01,33.32,133.39
1093,09/22/2023,76.98,60.51,110.4,28.86,42.61,71.15,108.14,147.62,64.82,38.91,207.94,56.5352112676056,33.12,34.16,57.6,45.66,20.55,94.05,70.43,76.55,54.52,42.33,175.27,94.93,136.61,126.59,256.03,68.63,63.4,204.02,51.12,21.12,162.35
1094,09/23/2019,40.4,63.04,55.97,28.9,46.66,63.35,158.71,193,53.9,42.6,153.31,59.4178403755869,27.14,28.2,54.14,25.72,,74.14,54.61,79.905,29.56,40.88,135.44,72.0,135.51,107.03,205.77,78.7,56.21,347.76,85.79,54.32,117.62
1095,09/23/2020,45.16,75.34,44.66,33.86,45.18,57.4,204.22,207.63,57.72,47.66,134.34,57.3990610328639,27.19,28.77,48.21,33.28,,63.53,54.82,92.745,38.895,37.93,131,75.5,168.7,108.29,186.57,60.52,33.08,330.77,57.09,35.06,135.99
1096,09/23/2021,60.28,68.59,78.69,33.19,42.28,84.86,218.36,321.32,60.28,40.63,173.07,59.2957746478873,34.3,36.31,54.04,40.18,,60.37,60.73,84.78,46.545,48.81,154.13,101.45,282.75,119.77,214.02,79.79,46.36,389.3,76.11,48.46,142.77
1097,09/23/2022,81.65,68.56,83.19,34.35,48.6,98.35,241.62,229.02,79.17,46.87,223.94,68.5821596244132,37.08,33.92,58.6,44.86,,77.55,58.95,76.03,43.545,41.68,168.52,91.79,214.51,140.65,231.26,74.92,47.68,207.48,69.94,32.83,130.06
1098,09/24/2018,49.62,49.62,66.23,36.77,39.83,78.74,107.29,143.6,44.01,39.85,102.19,67.924882629108,23.54,56.52,46.07,29.61,,66.43,43.45,64.81,29.15,61.06,112.27,81.61,113.99,108.7,216.32,72.95,62.48,268.97,60.99,72.2,94.92
1099,09/24/2019,39.93,63.18,55.55,29.56,46.15,62.93,158.81,195,54.18,42.96,155.66,60,26.96,27.93,54.3,25.81,,73.86,55.05,79.92,29.405,40.73,135.36,71.56,135.62,107.76,205.04,78.61,55.85,343.63,86.28,53.63,118.4
1100,09/24/2020,45.47,74.79,44.65,34.63,46.81,56.71,205.02,210.46,58.7,48.28,137.66,58.8262910798122,27.26,28.84,48.7,33.43,,62.67,55.61,94.425,39,38.33,131.58,76.35,168.14,110.87,181.87,61.56,33.05,329.52,56.9,35.03,136.7
1101,09/24/2021,59.76,68.64,78.77,33.35,42.43,84.71,217.71,320.65,60.54,40.8,174.04,59.887323943662,33.87,36.39,53.89,39.98,,60.79,60.36,84.55,46.37,48.46,154.2,101.82,279.48,119.11,212.62,80.48,46.51,388.09,76.22,48.31,143.17
1102,09/25/2018,49.64,50.17,66.63,36.2,39.06,77.61,108.32,142.08,43.78,39.59,102.29,67.6995305164319,23.53,55.66,45.68,29.26,,67.1,43.26,64.635,28.965,60.71,111.97,79.91,115.36,108.37,214.51,73.06,61.84,270.56,60.53,72.21,95.1
1103,09/25/2019,40.48,62.83,56.08,29.9,46.56,62.59,159.15,193.38,54.17,43.3,153.37,60.150234741784,27,28.14,54.17,25.77,,73.86,55.19,80.275,29.185,40.56,135.09,75.28,136.01,107.97,204.0,78.72,56.14,342.74,85.97,54.36,118.47
1104,09/25/2020,46.08,74.5,46.09,35.12,47.56,57.32,208.39,215.2,59.67,48.84,139.52,59.2300469483568,27.88,29.13,48.72,33.53,,64.89,56.16,95.785,39.395,38.27,133.55,75.4,169.04,112.15,181.82,62.01,32.65,335.81,59.18,35.43,137.27
1105,09/25/2023,77.3,59.83,110.69,28.29,41.98,72.57,107.86,145.49,64.78,38.93,205.97,55.8591549295775,32.48,34.32,57,45.71,20.83,94.11,69.71,75.56,54.65,42.09,174.33,93.72,138.29,126.5,256.45,68.79,62.94,203.44,50.62,21.34,163.07
1106,09/26/2018,49.35,50.49,67.4,36.06,38.98,78.43,109.52,141.73,43.7,39.31,102,67.5211267605634,23.43,55.17,45.85,29.39,,66.7,43.24,64.945,29.155,60.81,111.5,80.5,115.55,105.66,213.76,72.94,62.27,269.0,59.76,72.96,94.59
1107,09/26/2019,40.86,62.7,56.56,31,46.7,61.59,159.5,195.34,54.99,43.54,154.28,60.2910798122066,27.22,28.01,54.39,25.78,,73.59,55.69,80.3,28.885,40.66,135.72,75.29,134.61,109.15,206.07,78.8,57.09,340.0,86.46,54.08,118.3
1108,09/26/2022,81.51,68.85,81.92,34,47.98,97.74,238.46,232.46,78.66,46.86,223.78,68.4788732394366,37.28,34.06,57.87,45,,77.67,58.35,75.36,43.955,41.47,168.45,90.17,215.1,139.52,232.66,73.62,47.49,204.34,68.95,32.69,131.31
1109,09/26/2023,76.07,58.29,108.96,28.01,41.76,71.33,105.8,139.62,65.22,38.85,205.2,55.5680751173709,32.16,34.5,56.53,45.15,20.64,92.35,70.57,75.48,54.29,41.9,172.52,91.07,143.2,128.41,253.4,66.23,63.04,199.99,51.27,21.13,162.5
1110,09/27/2018,49.45,50.69,68.54,32.98,36.86,78.76,109.17,144.12,43.03,38.9,101.74,65.7370892018779,23.11,55.04,46.01,29,,65.59,43.07,64.145,29.16,60.77,111.05,81.51,114.59,102.37,214.94,72.83,61.74,265.26,59.79,73.81,94.13
1111,09/27/2019,40.94,62.67,56.54,30.28,46.87,62.08,160.02,196.33,54.87,43.54,153.78,60.18779342723,27,27.84,54.31,25.74,,73.36,55.39,78.4,28.905,40.13,135.6,75.13,133.6,109.04,206.0,78.87,57.47,335.62,85.2,54.41,118.45
1112,09/27/2021,60.76,68.15,80.34,33.79,42.26,85.74,216.76,318.68,59.65,40.94,170.9,60.093896713615,34.01,36.84,53.61,40.19,,61.53,59.47,84.35,45.895,48.74,152.72,102.51,270.5,119.93,211.67,81.66,48.8,387.22,76.86,48.8,142.25
1113,09/27/2022,80.82,67.5,82.21,33.12,47.08,97.21,235.85,226.08,77.97,46.4,221.43,67.6056338028169,35.97,32.95,56.38,44.29,,77.17,57.58,74.45,43.675,40.79,166.01,87.02,212.32,136.59,232.73,72.98,47.59,201.97,68.56,32.43,130.95
1114,09/27/2023,76.36,56.64,109.57,27.54,41.46,69.78,104.34,140.04,64.05,38.33,202.56,55.5117370892019,31.67,34.03,55.95,44.48,20.22,91.38,69.99,74.09,53.12,41.91,169.57,90.32,148.65,125.44,250.59,65.21,62.41,196.51,50.11,21.02,161.72
1115,09/28/2018,50.27,50.55,68.71,33.97,36.63,78.72,109.3,145.32,42.92,39.4,102,65.7464788732394,23.17,55.11,46.19,29.11,,66.6,42.96,65.875,29.14,60.31,111.8,81.54,115.34,102.61,215.62,73.25,61.5,266.09,59.53,72.9,93.91
1116,09/28/2020,46.5,75.63,46.5,35.46,47.98,57.94,209.8,215.75,59.9,48.96,140.41,59.5117370892019,27.84,29.83,49.28,33.7,,66.77,57.01,97.59,40.255,38.95,137.97,76.31,172.0,113.24,185.45,61.85,33.58,341.89,59.76,36.07,137.25
1117,09/28/2021,60.57,67.65,80.68,33.64,42.06,85.66,215.2,309.54,59.33,41.13,168.68,60.093896713615,34.04,36.62,52.64,40.51,,61.29,58.7,83.26,44.75,48.27,151.05,98.42,264.82,120.12,209.96,80.7,47.49,387.42,77.8,48.09,140.5
1118,09/28/2022,82.91,68.1,83.9,33.47,47.88,98.16,241.01,228.14,78.79,46.93,226.3,68.3004694835681,36.57,33.62,56.98,45.45,,79,58.14,75.04,44.7,41.41,168.67,87.35,218.75,139.18,237.43,73.76,48.32,207.96,68.59,33.2,133.11
1119,09/28/2023,76.04,57.09,110.61,27.44,41.26,70.03,105.37,141.95,64.11,38.03,201.84,55.5868544600939,31.46,33.75,55.81,45.09,20.11,92.19,69.39,74.65,53.16,42.14,169.5,93.05,150.05,124.61,251.61,66.52,62.61,198.32,49.93,20.9,162.54
1120,09/29/2020,45.98,75.23,45.18,35.48,48.02,57.54,209.64,214.78,59.86,48.51,141.19,59.5680751173709,27.11,29.59,48.92,33.77,,65.29,56.48,94.945,39.895,38.36,137.16,74.34,172.66,113.01,187.52,61.17,33.53,335.54,58.96,35.38,137.14
1121,09/29/2021,60.78,67.88,80.94,34.66,42.85,86.79,216.97,306.4,60.77,41.62,171.9,61.3145539906103,34.64,37.53,52.96,41.34,,61.61,59.05,83.69,44.665,48.74,152.3,99.49,265.36,122.16,211.76,80.93,47.32,385.2,80.49,48.71,140.44
1122,09/29/2022,80.61,67.4,82.24,33.26,47.01,96.98,239.47,219.35,77.71,45.9,223.8,67.1549295774648,36.12,33.56,56.57,44.68,,78.08,56.67,73.51,44.005,41.17,166.61,86.09,218.46,139.0,233.67,71.48,48.17,203.97,66.85,31.55,132.25
1123,09/29/2023,75.42,57.69,108.25,27.42,41.08,69.82,105.8,144.55,63.99,38.03,200.08,55.8779342723005,31.57,33.64,55.98,44.75,20.08,92.46,69.4,75.64,52.95,42.05,169.44,92.58,147.87,122.91,251.33,66.05,63.59,196.41,50.49,22.24,159.93
1124,09/30/2019,41.07,62.78,56.62,30.68,46.92,63.07,158.94,198.95,55.12,43.73,154.99,60.4225352112676,27.32,27.935,54.44,25.78,,72.72,55.32,78.15,29.03,40.9,137.1,75.93,135.11,110.02,207.28,79.4,57.5,339.75,86.14,55.31,118.68
1125,09/30/2020,46.49,75.32,45.7,35.71,48.37,58.4,209.62,218.25,61.68,48.89,143.34,60.6478873239437,27.6,29.95,49.37,33.91,,66.27,57.45,97.05,40.1,38.64,138.6,74.99,171.43,115.52,189.51,62.22,33.56,340.42,59.48,35.92,139.91
1126,09/30/2021,60.01,67.01,81.32,33.87,41.81,84.86,212.14,299.93,59.82,41,169.25,60.018779342723,34.16,36.82,52.47,40.43,,61.37,58.18,81.03,44.415,45.52,150.41,94.79,263.55,120.03,210.69,78.5,46.38,376.55,78.94,47.05,139.38
1127,09/30/2022,80.45,66.57,82.57,32.63,47.12,95.37,239.86,215.9,76.61,45.44,220.47,65.4084507042254,35.82,33.35,56.02,43.75,,77.38,54.83,71.27,43.48,40.38,163.26,83.01,218.3,137.41,229.68,70.71,47.99,201.46,65.93,31.4,129.7
1128,10/01/2018,50.11,51.1,67.61,33.45,36.34,79.5,109.52,145.78,42.67,39.3,101.64,65.6244131455399,23.1,55.54,46.23,28.75,,65.94,42.83,66.31,28.68,60.33,110.71,81.82,115.17,102.51,213.32,73.03,61.21,265.5,58.85,72.46,94.4
1129,10/01/2019,40.33,63.06,56.39,29.48,46.82,62.35,159.04,197.25,54.39,43.62,154.89,59.2488262910798,27.04,27.34,54.65,25.59,,73.57,54.64,83.475,28.21,41.16,137.37,77.83,133.59,107.96,209.41,79.36,58.11,331.53,83.32,54.7,117.85
1130,10/01/2020,46.6,75.48,45.82,35.87,48.52,57.84,211.52,219.53,62.57,49.28,143.93,60.4507042253521,28.01,30.37,49.18,34.02,,66.67,57.91,96.6,40.74,38.92,140.8,74.14,169.51,116.0,184.61,62.62,32.78,337.24,59.22,35.87,143.08
1131,10/01/2021,60.8,67.18,82.52,33.7,41.53,84.07,209.21,310.68,60.62,40.89,170.78,59.9718309859155,33.2,36.68,53.02,39.14,,62.8,58.21,80.71,44.94,45.86,150.95,96.08,262.2,119.69,213.48,80.82,47.13,383.27,78.31,46.8,137.05
1132,10/02/2018,50.41,51.02,69.06,33.41,36.7,79.24,107.47,144.31,43.22,39.5,102.7,66.1220657276995,22.83,55.93,46.51,29.08,,72,43.23,66.7,28.595,61.29,108.72,83.52,113.87,103.17,212.73,73.28,62.06,264.7,59.03,73.49,95.15
1133,10/02/2019,39.72,61.88,55.86,28.31,46.16,61.5,157.62,192.03,52.91,42.74,153.55,58.2065727699531,26.91,26.55,53.08,25.05,,73.35,53.98,82.37,27.56,40.21,133.94,76.72,128.88,106.79,206.79,78.63,56.72,325.3,82.37,52.83,116.12
1134,10/02/2020,46.74,75.63,46.39,36.88,48.81,57.83,211.52,218.76,62.52,49.02,142.92,60.7605633802817,28.09,30.47,49.36,34.07,,67.93,56.86,96.42,39.775,38.97,138.06,74.46,167.5,116.47,185.6,63.17,34.04,335.9,59.31,35.77,140.5
1135,10/02/2023,74.2,56.83,106.69,26.79,39.5,69.69,103.78,143.4,62.58,37.54,199.01,52.5,31.21,33.09,55.48,44.03,20.32,92.23,68.49,74.72,52.54,41.58,169.17,91.41,145.75,121.46,248.64,65.18,62.61,195.9,49.24,22.42,160.1
1136,10/03/2018,50.45,50.21,68.81,33.43,36.51,79.9,104.92,143.29,43,39.68,102.1,64.4788732394366,22.83,55.6,45.87,29.38,,72.24,42.78,67.01,28.335,60.86,107.52,82.91,111.75,101.63,210.76,72.61,61.35,260.7,59.13,73.8,94.07
1137,10/03/2019,39.53,62.04,55.79,27.97,46.77,61.22,157.41,193.7,53.37,43.05,155.48,58.6009389671362,27.24,26.54,53.84,24.59,,77.88,54.52,83.675,27.81,40.81,137.93,76.77,130.29,106.33,194.26,77.95,56.62,332.39,82.1,52.6,116.31
1138,10/03/2022,83.03,68.28,84.39,32.91,47.72,97.76,246.48,219.09,78.48,46.2,224.56,66.7323943661972,36.87,33.96,56.65,43.75,,76.63,56.35,72.41,44.535,41.37,165.25,85.03,224.25,139.56,234.52,72.09,48.58,208.5,66.72,32.43,132.53
1139,10/03/2023,73.81,57.75,105.73,26.53,39.87,69.25,105.59,141.06,62.94,37.7,197.18,52.99,31.09,33.11,54.88,44.27,19.99,89.61,67.6,68.4,50.67,41.13,167.7,90.27,144.59,120.41,248.33,64.28,62.02,193.56,49.08,22.55,159.09
1140,10/04/2018,50.46,49.81,68.39,33.54,37.19,79.39,104.46,137.14,43.34,39.59,102.73,64.9201877934272,22.39,55.52,45.85,28.78,,73.25,42.37,67.855,27.985,61.78,106.61,83.82,109.79,101.69,222.1,72.14,61.37,254.06,60.0,73.34,94.21
1141,10/04/2019,40.35,62.81,56.29,28.86,47.34,62.24,160.97,198.14,54.3,43.74,157.51,58.9953051643192,27.61,26.975,54.54,24.79,,77.77,55.98,84.48,28.29,41.65,140.28,78.28,132.4,107.68,193.74,78.15,56.63,330.08,82.25,52.97,118.16
1142,10/04/2021,61.16,67.14,82.59,34.02,42.11,83.81,206.19,306.2,61.45,41.24,171.56,60.5915492957747,32.72,36.89,52.99,39.63,,62.93,58.07,80.69,44.25,46.5,150.2,96.19,255.02,120.97,213.02,81.42,47.61,374.34,78.08,46.69,135.73
1143,10/04/2022,85.7,68.51,88.13,33.91,48.06,100.52,245.11,227.26,78.5,46.9,225.67,67.7183098591549,37.26,34.33,56.78,44.7,,78.85,57.53,74.43,45.825,42.5,167.11,87.0,228.73,142.11,237.4,75.0,49.25,206.25,67.46,33.39,134.25
1144,10/04/2023,73.47,57.73,104.52,26.53,39.92,68.98,107.03,142.38,63.1,38.1,198.92,52.97,31.7,33.28,55.04,44.94,19.73,90.49,68.68,68.41,52.33,41.65,168.91,91.33,148.01,120.32,249.36,65.0,63.03,195.49,48.35,22.29,161.0
1145,10/05/2018,51.07,49.69,68.93,33.59,37.23,78.67,103.76,138.31,43.49,39.7,104.39,65.1455399061033,22.26,55.89,45.88,29.07,,74.7,42.42,67.875,28.095,62.07,106.49,84.1,109.81,102.95,223.18,72.03,61.89,253.61,61.55,72.51,93.31
1146,10/05/2020,47.78,76.4,47.24,37.1,48.98,58.95,213.19,222.05,62.68,49.5,143.77,61.4553990610329,27.67,31,49.38,34.53,,69.55,57.08,97.54,39.335,39.5,137.93,75.91,170.81,117.38,183.6,63.54,34.95,339.3,59.0,36.62,141.8
1147,10/05/2021,62.28,66.83,84.12,34.27,42.56,83.64,205.61,313.18,61.54,41.27,174.47,60.112676056338,33.43,37.07,53.08,39.88,,62.45,58.83,80.05,44.775,46.17,151.09,96.39,257.97,121.32,213.06,80.74,48.25,375.61,78.31,47.09,136.62
1148,10/05/2022,86.27,67.39,87.74,33.8,47.59,100.45,242.7,226.24,77.69,46.31,225.09,67.5023474178404,37.44,33.89,56.24,44.6,,82.15,57.24,73.31,46.09,42.9,166.0,86.97,231.76,141.26,235.95,75.5,48.46,205.55,66.64,33.16,132.92
1149,10/05/2023,73.13,56.89,103.84,26,39.17,69.75,106.38,141.39,62.36,37.35,195.51,50.64,30.21,32.32,52.38,44.15,19.76,97.75,65.07,65.39,50.09,41.99,160.1,91.98,145.52,116.54,241.33,63.65,59.06,196.34,48.17,22.18,159.08
1150,10/06/2020,47.6,76.16,47.6,36.85,48.58,58.23,212.29,217.66,61.23,48.85,141.56,61.1830985915493,28.03,30.67,48.94,33.95,,70.16,56.09,95.82,38.815,39.6,135.7,75.5,167.65,117.5,180.58,64.67,34.92,336.37,58.61,35.95,140.63
1151,10/06/2021,62.3,67.58,83.93,34.48,42.5,83.15,207.12,313.55,62.13,41.81,178.55,60.4694835680751,34.11,37.35,53.71,39.55,,62.34,60.2,80.28,45.05,46.45,154.96,96.64,256.17,123.18,211.62,81.11,47.32,378.74,78.62,46.91,137.62
1152,10/06/2022,85.75,66.2,86.25,32.56,46.81,98.58,241.67,229.1,74.97,44.91,220.65,65.7652582159624,37.14,33.42,55.03,43.72,,82.73,56.01,72.43,45.87,42.99,162.8,85.47,229.85,138.08,232.52,73.27,47.73,199.43,65.52,32.25,131.68
1153,10/06/2023,72.86,56.86,103.12,26.41,39.46,69.9,103.67,145.26,62.49,36.87,195.04,50.43,30.07,32.03,53.14,43.45,20.07,93.47,63.36,64.55,49.97,42.07,160.29,92.17,146.59,115.0,236.61,62.95,59.2,196.7,47.43,21.81,156.41
1154,10/07/2019,39.78,62.47,55.63,28.63,47,61.99,160.01,195.22,54.5,43.7,157.7,58.8544600938967,27.48,26.94,53.87,24.84,,75.91,55.07,84.11,27.865,42.17,138.34,77.17,132.18,107.36,188.74,78.22,56.17,328.44,81.16,52.76,117.23
1155,10/07/2020,48.31,77.15,49.06,37.38,48.25,59.42,214.53,221.48,61.59,49.33,143.41,60.9014084507042,28.6,30.84,49.56,34.03,,72.21,56.19,97.09,39.38,40.53,137.01,79.05,170.7,117.45,181.48,66.28,35.68,348.03,58.77,36.49,140.89
1156,10/07/2021,63.02,67.82,84.5,34.22,42.2,84.2,210.83,314.79,61.32,41.34,178.05,59.2582159624413,35.01,37.08,53.88,39.5,,58.2,59.89,80.43,45.035,46.48,156.39,95.65,254.99,121.84,216.51,82.87,47.19,373.99,78.68,47.85,139.24
1157,10/07/2022,85.44,65.13,85.52,32.85,46.63,88.25,239.5,219.77,75.35,44.54,220.52,65.3990610328639,36.5,33.03,54.51,43,,82.79,55.26,73.44,45.145,42.82,161.61,84.65,222.41,137.59,222.7,72.19,47.02,194.22,63.89,30.52,128.56
1158,10/08/2018,51.79,49.74,70.77,34.65,38.25,79.8,105.35,139.98,44.39,40.53,106.23,65.9718309859155,22.56,57.06,46.48,29.35,,73.99,42.92,68.035,28.245,63.17,108.19,84.89,107.87,104.4,228.67,72.67,62.75,250.55,63.28,74.15,94.69
1159,10/08/2019,38.4,61.58,54.42,27.89,46.77,60.38,159.84,189.09,54.15,43.08,156.28,58.0657276995305,26.93,26.71,53.58,24.46,,76.57,54.56,83.32,27.94,42,137.24,76.37,130.23,105.95,189.52,77.57,55.34,316.75,80.43,52.09,117.58
1160,10/08/2020,48.85,78,49.02,37.25,48.42,60.47,218.88,224.21,61.39,49.1,143.51,61.2394366197183,28.7,31.22,50.46,34.29,,74.33,56.5,97.165,39.585,40.38,137.85,78.33,172.7,117.13,185.15,67.84,36.8,354.34,58.99,37.07,141.36
1161,10/08/2021,63.29,67.96,84.36,33.72,42.21,84.37,210.4,311.71,61.46,41.69,177.75,58.8638497652582,35.04,36.78,54.12,39.47,,56.39,59.54,79.31,44.635,46.73,156.03,95.35,253.9,121.63,219.66,83.35,46.77,362.91,78.57,47.38,139.66
1162,10/09/2018,51.45,50.17,69.91,35.57,37.52,79.49,105.1,140.33,43.29,40.72,104.92,64.7793427230047,22.96,56.07,46.39,27.92,,74.62,42.76,67.91,28.275,63.1,108.12,84.63,106.3,101.97,226.27,71.8,61.73,249.78,62.83,73.56,97.08
1163,10/09/2019,38.93,62.44,54.83,28.09,46.83,60.8,160.85,191.1,54.16,42.84,156.47,58.3286384976526,27.1,26.73,53.83,24.53,,75.96,54.95,83.2,28.14,42.46,137.85,77.45,132.18,106.28,191.46,78.15,55.51,318.23,81.73,52.08,118.93
1164,10/09/2020,48.97,78.42,50.47,37.32,48.47,59.4,220.98,224.6,61.87,48.96,145.63,61.830985915493,29.25,31.11,50.81,34.45,,73.21,57.3,98.055,40.475,40.69,138.44,78.88,176.12,118.68,186.65,67.98,36.11,363.51,57.98,36.34,142.78
1165,10/09/2023,73.9,56.13,105.49,27.59,40.24,71.25,102,141.91,63.96,36.05,195.72,50.5,29.74,32.49,52.88,44.62,19.87,92.7,63.77,63.16,49.64,42.7,161.36,92.31,146.54,114.85,235.09,63.43,59.13,194.95,47.22,22.27,155.84
1166,10/10/2018,50.14,47.26,67.45,35.27,37.72,78.92,105.58,129.9,43.94,40.05,103.74,64.5352112676056,23.52,55.74,45.68,27.73,,73.22,42.27,67.15,26.95,62.91,107.34,84.62,103.16,103.54,221.61,70.41,61.31,248.0,61.27,72.31,95.76
1167,10/10/2019,39.77,62.61,55.38,28.35,47.32,62.14,160.52,189.69,54.61,41.67,156.3,58.5633802816901,27.64,26.94,53.66,23.84,,76.41,55.41,82.845,28.06,42.98,137.89,77.75,130.47,107.02,192.71,78.23,55.72,317.1,82.13,52.93,119.61
1168,10/10/2022,86.61,65,86.6,33.57,47.72,88.25,239.61,216.9,76.41,45.28,223.55,66.5258215962441,36.97,34.07,54.39,44.26,,82.93,55.62,75.86,45.51,43.46,161.82,84.0,219.18,141.35,221.24,72.8,47.31,190.28,64.1,31.84,129.32
1169,10/10/2023,74.15,56.63,104.49,27.53,39.56,71.73,105.36,140.67,63.26,36.81,194.34,50.71,30.29,32.47,54.03,44.84,19.69,96.37,63.63,63.21,50.4,42.49,164.4,94.05,150.41,115.96,237.9,64.27,60.16,199.24,48.35,22.38,157.6
1170,10/11/2018,48.67,45.75,66.61,34.87,37.14,73.19,101.96,128.08,42.85,39.68,102.09,63.4929577464789,22.79,53.82,44.64,26.74,,72.13,41.19,65.835,26.415,61.12,105.06,82.31,101.84,102.17,217.77,68.49,59.59,244.55,60.23,70.9,93.92
1171,10/11/2019,40.46,62.98,56.21,28.41,46.87,62.94,162.25,193.85,54.35,41.16,155.31,58.3380281690141,27.81,27.08,53.3,24.25,,76.09,54.82,82.38,28.15,42.57,137.64,77.95,129.66,107.02,193.08,78.87,56.06,322.09,83.6,53.99,120.24
1172,10/11/2021,63.97,68.22,84.94,33.55,41.87,84.28,209.79,309.96,61.69,41.92,178.21,58.9295774647887,35.13,36.78,54.23,39.58,,55.2,59.42,78.42,44.025,46.71,156.24,95.12,251.62,121.56,219.7,82.86,45.85,354.14,78.34,47.42,139.53
1173,10/11/2022,86.3,64.65,86.2,33.89,48.62,88.5,239.63,214.05,77.39,46,225.46,67.5680751173709,37.55,34.94,54.48,45.68,,81.35,56.28,75.84,44.73,44.35,162.59,85.62,215.0,141.46,221.39,73.46,47.75,191.03,63.95,32.61,132.67
1174,10/11/2023,73.7,56.19,101.99,27.36,39.43,71.73,103.66,140.43,62.73,36.23,191.77,49.53,29.29,32.44,53.71,44.19,19.57,91.84,62.9,62.02,49.6,42.56,162.62,93.15,144.23,114.73,239.0,64.08,60.05,192.23,48.21,22.6,158.23
1175,10/12/2018,48.83,46.59,67.21,35.34,37.1,74.58,104.76,126.32,43.1,39.69,103.41,63.8028169014085,23.04,54.24,44.68,26.92,,72.96,41.12,66.41,26.645,60.06,105.28,82.31,103.25,103.16,225.69,68.82,59.33,248.25,60.29,73.5,94.81
1176,10/12/2020,49.99,78.98,51.39,38.01,49.12,59.72,220.56,227.02,62.35,50.1,148.08,62.2629107981221,29.8,31.65,51.09,34.63,,72.62,58.65,100.45,41.39,40.45,142.13,79.32,177.43,119.92,187.01,67.48,35.65,367.62,58.97,36.93,144.25
1177,10/12/2021,63.39,67.78,84.47,33.41,41.76,83.79,208.26,309.08,62.14,42.31,179.5,58.5539906103286,35.16,36.78,54.23,39.83,,55.09,59.67,78.1,43.97,47.15,156.93,95.58,252.25,122.0,218.84,83.06,45.77,351.46,79.24,47.42,139.38
1178,10/12/2022,86.03,64.46,87.6,33.58,49.09,87.84,237.68,215.1,77.36,45.6,224.53,67.6338028169014,37.71,35.3,55.14,46.04,,82.88,56.83,74.48,44.785,44.75,169.39,85.67,210.13,140.94,223.31,72.91,48.76,186.76,63.78,31.94,131.17
1179,10/12/2023,72.77,53,101.28,26.63,38.06,70.92,101.83,139.62,61.53,32.67,187.65,48.62,27.9,30.81,52.81,44.26,19.32,84.1,61.04,59.56,47.54,42.24,158.08,91.87,136.3,111.53,228.39,62.69,58.06,187.35,47.11,24.19,158.95
1180,10/13/2020,48.83,78.09,50.94,37.94,49.61,59.12,223,223.02,62.72,50.64,148.85,62.7417840375587,29.83,32.41,50.22,34.8,,71.96,58.9,100.115,41.745,39.38,143.54,79.21,177.66,120.09,187.53,65.08,35.34,362.55,58.96,36.18,146.23
1181,10/13/2021,62.92,68.52,84.06,33.16,41.51,83.16,209.4,315.01,61.86,42.36,180.15,57.924882629108,35.91,36.8,54.24,39.47,,55.98,59.96,78.89,42.665,47.92,157.99,97.47,252.25,121.09,219.13,81.84,45.79,354.51,79.31,47.26,138.37
1182,10/13/2022,88.84,65.43,90.35,34.38,50.62,90.1,242.16,213.26,78.82,45.98,227.8,68.6854460093897,38.14,35.78,55.87,46.57,,84.85,57.68,74.87,45.04,45.89,174.61,87.23,214.78,142.34,225.89,74.47,49.45,193.3,65.45,33.65,132.28
1183,10/13/2023,73.32,53.48,102.17,27.57,39.71,71.54,111.16,137.68,63.04,32.02,190.86,49.86,28.11,31.43,52.89,44.16,19.37,83.18,61.53,60.99,47.72,42.66,160.0,92.26,140.25,113.31,231.69,63.26,58.65,189.58,46.52,23.25,159.83
1184,10/14/2019,40.2,63.25,56.55,27.78,46.83,62.99,161.21,192.83,54.01,40.97,155.38,58.5821596244132,27.4,27.32,53.3,24.1,,75.84,54.22,81.505,28.275,42.72,137.45,78.03,129.22,106.9,192.97,78.99,56.24,324.74,84.06,53.67,119.17
1185,10/14/2020,48.85,77.49,52.15,37.69,49.46,58.51,220.1,222.84,62.09,50.23,149.47,62.7793427230047,29.67,32.15,50.12,33.84,,72.13,58.59,99.005,41.4,39.55,142.52,78.91,177.81,118.97,183.11,66.9,35.4,364.5,59.28,35.91,143.94
1186,10/14/2021,64.17,69.55,85.87,33.8,41.49,84.56,212.8,319.54,62.36,42.88,182.21,58.3661971830986,35.59,37.26,54.61,39.12,,57.96,60.63,80.26,42.8,48.67,159.26,98.85,254.62,122.0,220.37,82.23,46.33,364.48,79.7,50.77,139.87
1187,10/14/2022,83.38,63.89,84.99,34.29,50.37,89.3,236.6,209.31,77.71,44.89,222.71,67.5868544600939,37.33,35.73,54.98,43.16,,83.99,56.94,73.54,43.7,45.23,170.19,85.26,211.75,141.03,221.99,73.74,48.8,195.67,64.84,33.24,130.43
1188,10/15/2018,49.04,46.91,68.02,36.05,37.8,73.06,106.39,125.86,43.57,40.46,104.96,64.4788732394366,23.31,54.47,44.91,27.5,,73.18,41.04,67.135,26.1,61.44,105.63,83.49,102.69,103.93,223.71,68.96,59.67,249.13,61.1,74.72,93.82
1189,10/15/2019,40.33,62.84,57.13,27.08,46.61,64.83,162.07,191.09,53.61,41.01,152.54,58.150234741784,27.53,27.49,53.51,24.31,,75.5,54.04,80.5,28.145,43.43,136.33,78.32,130.45,107.33,196.76,79.08,56.68,328.55,83.74,54.52,119.53
1190,10/15/2020,49.94,76.26,54.21,37.79,49.16,59.32,222.87,221.88,62.7,50.47,150.42,63.0422535211268,29.44,32.3,49.99,33.98,,73.24,58.34,99.575,40.695,39.7,141.43,79.14,179.6,118.86,181.55,66.58,35.57,361.8,60.49,37.64,144.53
1191,10/15/2021,63.95,69.28,85.62,33.25,41.16,85.84,212.8,320.82,62.16,42.66,179.61,58.018779342723,35.31,36.98,54.48,38.59,,56.24,60.15,79.63,42.79,48.7,158.81,98.37,255.49,122.08,218.95,82.22,45.62,363.2,79.68,48.92,140.55
1192,10/16/2018,49.3,48.25,68.79,35.66,38.4,73.72,110.95,128.48,44.37,41.3,105.5,65.5868544600939,23.89,55.44,45.49,27.2,,75.27,41.28,68.52,26.55,60.77,107.39,83.5,106.01,105.39,226.96,70.14,60.23,249.69,62.03,76.28,95.81
1193,10/16/2019,39.7,63.5,55.4,26.92,47.17,65.41,162.24,192.74,52.65,40.56,151.53,57.5868544600939,27.61,27.44,53.49,24.51,,76.23,54.27,80.215,28.26,43.51,136.42,79.1,131.16,107.55,198.48,78.91,56.32,323.29,81.86,54.66,119.42
1194,10/16/2020,49.79,75.95,54.59,37.91,48.94,59.59,221.71,224.13,62.37,49.54,149.92,63.0046948356808,29.76,32.16,50.03,34.07,,72.7,57.97,99.695,40.38,39.53,141.73,79.27,180.79,117.88,181.48,65.78,35.4,365.39,59.71,37.41,144.71
1195,10/16/2023,74.52,54.89,103.33,27.76,40.1,71.49,113.57,140.21,63.25,32.12,191.83,50.29,28.51,31.58,53.43,44.29,19.54,84.64,62.62,61.5,48.67,42.87,161.08,93.12,141.24,112.72,234.79,64.4,59.26,191.17,47.37,22.78,161.21
1196,10/17/2018,49.03,47.9,68.62,35.3,36.32,74.36,109.77,128.82,44.06,40.9,105.19,65.3990610328639,23.93,56.4,45.86,27.29,,76.11,41.16,68.845,26.315,60.62,108.31,84.56,106.66,103.8,227.2,70.38,59.57,248.87,61.97,76.98,96.56
1197,10/17/2019,39.85,63.72,55.05,27.39,47.96,66.5,162.87,187.7,52.96,40.86,152.73,58.4131455399061,27.6,27.77,53.79,24.43,,77.05,54.63,81.05,28.28,44.28,136.96,79.85,131.63,108.29,197.29,79.21,57.0,328.04,81.37,55.94,119.84
1198,10/17/2022,85.76,65.41,87.84,34.25,50.01,90.89,236.4,212.98,77.41,45.34,225.72,67.81220657277,37.76,35.49,55.69,42.11,,84.55,57.44,73.63,44.69,44.59,172.73,85.57,215.0,139.97,224.02,75.58,49.12,202.04,65.81,33.0,131.37
1199,10/17/2023,75.2,55.69,105.12,27.68,39.63,72.01,117.33,142.67,62.98,32.41,190.77,50.62,28.78,31.51,54.07,44.49,19.78,86.91,63.54,61.86,49.79,43.19,160.37,93.39,141.84,113.94,237.8,64.86,59.14,194.07,47.2,22.85,161.42
1200,10/18/2018,49.21,47.48,67.31,35.43,36.67,74.53,108.92,126.77,43.65,41.12,104.58,65.3145539906103,23.8,55.54,45.61,27.36,,75.65,41.04,68.735,25.915,60.93,107.93,87.52,105.03,102.9,225.09,70.55,58.97,245.22,62.41,76.58,96.17
1201,10/18/2019,39.64,63.71,54.7,27.15,47.56,66.16,164.41,185.53,52.55,40.81,153.07,58.1596244131455,27.59,27.61,54.78,23.94,,76.97,54.48,80.795,28.03,44.33,136.25,80.55,131.21,107.62,197.02,79.14,56.98,328.31,82.42,55.3,119.14
1202,10/18/2021,63.8,69.36,85.68,33.15,40.86,84.48,213.7,318.36,61.52,42.12,178.73,57.7276995305164,34.76,36.88,53.94,39.21,,55.5,59.75,79.41,42.715,48.13,158.09,97.45,256.99,121.48,215.6,81.3,44.97,359.87,79.43,48.4,141.68
1203,10/18/2022,87.77,65.74,89.3,34.93,50.55,91.94,237.59,215.24,78.27,45.77,227.31,69.0046948356808,38.37,36.07,56.44,43.16,,85.28,58.35,74.61,45.24,44.77,175.06,86.31,218.9,142.25,226.49,77.0,49.22,202.31,65.7,33.1,134.14
1204,10/18/2023,74.52,55.78,105.31,27.38,39.84,71.09,116.02,138.63,63.2,31.86,191.2,50.31,28.79,31.73,54.05,44.23,20.06,86.53,64.15,61.21,49.84,43.12,162.03,93.21,142.43,114.81,233.43,65.18,59.28,191.82,46.93,21.25,161.54
1205,10/19/2018,49.54,48.09,67.43,35.84,37.93,74.18,109.55,125.45,44.54,41.73,106.58,66.8262910798122,24.08,57.56,46.33,27.56,,76.57,41.8,70.325,26.055,61.95,110.29,88.83,102.98,104.98,222.93,71.1,59.9,243.39,62.43,77.35,97.15
1206,10/19/2020,50.31,74.34,54.6,37.47,48.63,58.78,218.07,222.34,61.29,49.02,147.5,62.6197183098592,29.2,31.75,49.62,33.88,,71.66,57.17,98.765,40.005,39.18,139.68,77.84,179.41,115.21,180.64,64.34,34.72,361.63,58.31,36.97,142.95
1207,10/19/2021,64.54,70.02,86.47,33.22,40.82,84.89,213.79,312.43,61.69,41.65,179.7,57.7464788732394,34.75,36.81,54.15,39.07,,55.95,59.79,79.88,42.5,47.9,160.1,95.79,260.16,120.94,216.24,81.34,44.96,367.82,80.1,48.01,144.69
1208,10/19/2022,88.35,64.26,90.6,34.93,50.98,91.66,238.37,207.29,78.13,46.12,226.26,69.0892018779343,37.78,36.29,55.96,42.94,,83.87,57.7,74.69,44.12,44.67,173.36,86.47,215.3,143.04,223.26,77.45,48.31,197.9,65.02,33.39,133.76
1209,10/19/2023,73.84,55.75,103.65,27.15,39.78,70.61,115.51,138.81,62.86,31.82,191.58,49.89,28.45,31.45,54.35,44.5,19.84,87.49,64.21,60.04,50.4,42.61,160.56,90.73,142.29,113.82,233.2,65.66,58.34,186.02,46.59,20.96,160.77
1210,10/20/2020,50.87,74.47,55.03,37.12,47.67,59.43,217.78,225.72,61.12,48.76,146.88,62.2065727699531,29.23,31.99,50.25,33.33,,71.89,56.98,97.97,40.1,38.7,139.71,73.33,179.43,114.12,180.33,64.58,34.7,361.8,57.86,37.49,143.9
1211,10/20/2021,64.84,69.95,87.58,33.7,41.28,86.55,215.23,304.25,62.71,41.88,180.19,58.2253521126761,34.9,36.92,54.63,39.32,,57.48,60.29,80.69,42.465,48.43,161.31,97.02,261.45,121.76,218.15,79.82,45.34,372.25,81.23,48.39,146.0
1212,10/20/2022,88.33,63.37,89.83,34.36,49.88,90.99,237.22,200.95,76.67,44.89,224.74,67.3802816901408,37.28,35.34,55.08,42.17,,82.68,56.91,72.79,43.505,43.56,171.46,85.03,217.42,141.05,222.53,77.2,48.24,193.67,64.6,33.36,134.09
1213,10/20/2023,72.85,55.31,101.6,26.99,39.72,69.05,115.22,137.3,63.24,31.42,190.94,50.12,28.65,31.31,54.57,44.13,19.74,87.5,64.1,59.76,49.98,42.71,160.0,92.56,144.2,112.73,230.39,65.43,58.67,187.56,46.29,21.26,158.76
1214,10/21/2019,40.4,64.01,55.15,27.46,47.89,65.7,164.35,185.71,52.51,40.64,153.58,58.6854460093897,27.49,27.81,54.23,24.11,,76.82,53.57,81.19,28.145,45.56,136.12,81.8,130.52,108.27,194.58,79.46,57.16,330.39,80.97,54.59,119.74
1215,10/21/2020,50.81,74.74,55.1,37.09,47.75,59.23,219.86,232.65,60.97,49.27,145.58,61.943661971831,29.16,31.44,49.99,33.33,,71.34,56.82,97.67,40.045,38.51,139.6,73.82,179.13,114.4,179.64,63.8,34.59,359.06,59.17,37.39,144.4
1216,10/21/2021,64.87,69.17,87.69,33.34,40.63,86.86,218.94,317.77,62.49,41.66,180.3,57.9154929577465,34.38,36.38,54.35,39.3,,57.24,60.16,80.31,42.625,48.23,159.18,96.52,263.04,121.8,218.41,79.63,44.45,378.28,81.19,49.14,146.81
1217,10/21/2022,89.69,63.9,90.8,34.69,50.25,92.72,239.37,201.8,77.04,44.97,228.22,67.830985915493,37.62,35.21,55.96,43.63,,81.72,57.35,73.84,43.795,44.48,173.06,86.51,222.28,142.81,225.15,80.05,49.16,197.67,65.12,34.3,136.8
1218,10/22/2018,48.91,47.67,66.84,36.23,37.95,72.84,110.02,126.19,44.15,41.67,105.78,66.2816901408451,23.92,56.21,45.97,27.98,,77.15,41.44,70.705,26.045,61.31,109.4,87.51,102.63,104.71,219.16,70.79,58.89,240.48,61.83,77.65,97.14
1219,10/22/2019,40.56,64.55,55.4,27.37,47.67,66.56,165.8,185.1,51.09,40.53,149.75,58.2910798122066,27.52,28.5,53.85,24.85,,75.33,52.71,80.25,27.97,46.34,136.66,81.17,126.52,106.76,196.81,79.0,59.3,322.42,79.17,55.32,119.58
1220,10/22/2020,51.68,75.18,56.45,37.65,47.91,59.48,214.32,232.62,61.31,49.33,145.44,62.3098591549296,29.55,31.23,50.68,32.64,,72.88,56.82,97.315,40.28,38.99,139.61,74.86,182.82,115.63,178.4,65.21,35.3,368.22,59.44,37.51,143.55
1221,10/22/2021,66.22,69.49,88.33,33.34,40.7,87.52,220.31,327.64,62.68,42.01,182.1,58.3286384976526,34.66,36.38,54.45,40.23,,59.09,60.52,80.73,42.365,48.22,159.97,96.88,267.5,122.97,219.4,78.68,44.44,376.51,82.5,49.0,148.34
1222,10/23/2018,49.06,47.06,66.9,36.41,38.02,72.45,110.39,125.3,44.49,42.44,107.71,66.8356807511737,23.74,56.6,46.36,28.43,,78.16,41.26,70.515,26.32,61.85,110.13,88.5,100.63,105.86,214.88,71.5,58.3,239.78,62.15,77.26,97.8
1223,10/23/2019,40.73,64.7,55.45,27.61,47.8,65.6,162.98,185.9,51.18,40.78,149.71,58.4131455399061,27.63,28.61,54.64,24.98,,74.81,52.65,80.23,28.1,46.75,137.45,81.78,126.74,107.81,197.54,78.84,59.47,321.67,77.5,54.56,119.35
1224,10/23/2020,51.87,74.4,56.02,38,48.55,60.25,215.44,235.23,61.78,49.61,146.34,62.6854460093897,29.21,31.37,50.52,32.76,,72.11,56.61,98.23,40.195,39.08,139.56,74.45,183.03,115.54,179.46,64.8,35.68,366.24,60.05,38.04,143.85
1225,10/23/2023,72.4,55.19,101.44,26.69,39.51,68.99,116.67,136.97,63.23,30.96,189.2,49.37,28.33,31.12,54.08,43.32,19.68,87.17,63.99,60.84,50.3,42.13,160.08,90.92,146.63,112.02,231.86,65.0,57.62,187.68,45.17,21.96,161.01
1226,10/24/2018,47.75,46.18,65.64,37.15,38.4,69.81,110.98,124.27,44.82,41.91,108.17,67.0892018779343,23.93,55.78,46.73,27.95,,79.05,41.32,70.645,26.01,62.31,112.96,89.2,98.06,107.26,212.18,71.98,59.34,234.49,61.71,74.2,97.56
1227,10/24/2019,40.54,65.39,54.64,27.09,47.08,64.84,162.91,187.57,51.11,40.87,146.37,57.8967136150235,27.71,28.45,54.61,24.93,,74.6,53.04,80,28.305,46.96,137.89,81.45,127.73,108.37,196.69,78.95,58.9,320.66,77.82,54.45,119.1
1228,10/24/2022,89.28,64.47,91.11,35,50.6,94.8,244.98,196.79,77.62,45.15,231.96,68.6948356807512,38.44,36.52,57.57,43.99,,82.73,58.74,74.5,45.055,45.41,177.68,87.19,225.63,145.08,229.74,81.51,49.8,196.37,65.12,34.69,139.41
1229,10/24/2023,69.47,56.35,100.72,27.07,39.6,68.97,116.54,138.02,63.65,30.96,190.29,50.26,29.11,31.71,55.64,43.61,19.98,88.79,65.55,62.3,50.05,42.54,162.19,90.83,142.27,112.53,234.67,65.32,58.31,189.57,45.47,21.37,163.25
1230,10/25/2018,47.9,46.86,66.12,36.37,37.95,70.67,111.04,126.41,44.47,41.71,102.84,66.2441314553991,24.05,55.98,46.51,28,,78.05,41,69.835,26.255,63.16,112.85,90.63,98.5,106.53,213.15,71.71,56.83,239.92,61.68,75.74,99.18
1231,10/25/2019,41.01,64.28,55.24,26.92,46.46,65.1,162.18,188.63,50.51,40.57,143.31,57.1737089201878,27.51,28.38,53.75,25.28,,75,52.77,79.69,28.175,46.8,136.64,81.98,144.26,108.28,195.84,79.17,56.84,321.88,78.48,55.42,119.04
1232,10/25/2021,66.63,69.36,88.32,32.89,40.2,87.68,222.49,330.06,61.89,41.95,180.23,57.962441314554,34.44,36.22,54.23,40.33,,58.4,60.34,80.68,42.19,47.95,159.22,96.54,267.98,123.14,217.69,78.05,43.76,376.9,83.29,49.22,150.06
1233,10/25/2022,91.14,66.82,91.97,35.04,51.16,92.22,250.46,205.12,78.3,45.16,234.12,69.5680751173709,38.55,37.06,58.95,44.77,,84.63,59.31,76.13,45.83,45.74,178.27,88.5,229.98,146.0,238.75,82.52,50.57,204.39,67.03,35.52,140.07
1234,10/25/2023,71.05,55.97,102.18,27.75,40.9,68.53,119.47,134.55,65.65,32.12,194.47,50.96,29.1,32.08,56.12,44.29,19.73,88.81,65.69,64.38,50.08,42.82,162.35,90.03,140.5,114.5,234.02,65.74,57.68,185.37,45.37,21.67,162.76
1235,10/26/2018,46.46,46.61,65.23,35.42,36.73,70.12,107.83,125.62,43.52,41.17,102.52,64.9389671361502,24.1,54.65,45.92,27.58,,77.01,40.11,69.195,25.525,63.09,110.45,89.0,104.1,105.36,209.96,69.8,55.7,235.56,60.47,76.23,98.94
1236,10/26/2020,51.19,72.76,55.69,37.55,48.29,59.56,212.04,232.17,60.98,49.45,144.2,61.6901408450704,28.44,30.58,49.8,33.16,,67.79,55.23,97.03,39.425,38.57,138.06,73.65,180.53,115.1,174.97,60.8,34.88,357.36,57.46,37.21,142.16
1237,10/26/2021,65.36,69.32,87.25,33.03,40.77,88.32,221.53,331.05,62.09,42.19,181.71,57.8403755868545,34.58,36.44,54.47,39.96,,58.34,60.83,81.06,42.79,48.11,161.17,96.2,267.72,124.7,218.21,77.04,43.55,373.36,82.49,48.31,148.75
1238,10/26/2022,93.59,66.63,98.41,35.24,51.54,92.73,250.58,206,78.36,45.76,232.79,69.3427230046948,38.76,36.91,59.39,45.44,,84.02,59.9,76.4,46.005,46.31,179.07,89.58,233.97,147.56,237.83,83.55,50.06,207.62,67.82,35.51,141.14
1239,10/26/2023,71.85,55.96,106.38,27.67,40.93,67.98,120.94,134.23,65.75,32.04,189.05,50.87,29.51,31.86,55.78,44.77,18.69,88.78,65.65,64.43,50.06,39.26,161.41,89.71,138.73,113.03,231.38,65.47,58.0,180.95,45.92,21.7,161.77
1240,10/27/2020,50.36,72.29,55.69,36.96,48.24,58.15,213.71,231.05,61.12,50.03,142.5,60.9671361502348,28.6,30.68,49.9,32.34,,66.23,55.01,96.105,40.195,37.17,139.12,71.33,184.85,113.1,172.16,58.34,33.81,351.46,57.67,36.0,142.87
1241,10/27/2021,64.53,69.01,90.62,32.62,39.91,88.09,220.37,325.37,61.3,42.26,179.51,57.5586854460094,34.2,36.4,55.52,39.48,,57.45,60.39,80.47,42.44,47.5,160.61,94.87,268.12,123.0,214.95,76.42,43.62,366.27,80.63,47.12,147.53
1242,10/27/2022,94.13,66.59,97.86,35.78,51.8,92.7,253.54,204.43,79.87,46.03,234.43,70.6760563380282,38.11,38.02,59.53,45.68,,84.85,60.31,77.62,45.865,45.42,178.88,89.54,232.29,148.69,238.46,83.75,49.87,211.0,67.39,35.67,140.73
1243,10/27/2023,70.04,55.04,105.42,27.19,40.44,66.29,119.32,124.53,65.3,31.39,184.11,50.4,29.87,31.44,55.24,44.43,18.21,88.88,65.01,62.98,49.9,39.3,159.62,87.47,134.65,112.75,229.62,64.49,56.75,179.39,45.62,21.14,161.17
1244,10/28/2019,41.3,63.4,55.53,27.3,46.56,65.88,162.64,185.71,50,40.49,141.15,57.3333333333333,27.65,28.37,53.57,25.33,,76.03,52.41,80.11,27.985,45.99,136.57,82.09,145.45,106.98,192.92,78.86,54.57,327.34,82.08,55.8,119.22
1245,10/28/2020,49.52,69.63,58.06,35.86,47.07,56.57,211.02,220.55,59.52,48.62,138.2,59.6150234741784,27.73,29.22,47.96,32.16,,63.31,53.15,92.835,38.685,36.72,134.17,70.04,180.66,111.24,165.01,54.79,32.91,335.03,56.76,34.59,140.04
1246,10/28/2021,64.84,68.88,92.91,32.78,40.19,88.62,220.92,325.5,62.04,42.86,179.4,57.924882629108,35.49,36.48,56.04,39.69,,57.49,60.95,81.18,42.45,44.58,161.62,95.97,268.66,124.63,216.77,76.64,43.86,347.36,81.01,47.1,148.45
1247,10/28/2022,94.88,68.17,96.76,36.64,52.73,94.19,260.44,206.44,81.57,46.96,239.96,72.1032863849765,39.55,38.94,60.76,46.77,,85.47,61.7,79.2,46.77,46.31,182.23,92.53,218.73,150.73,247.09,85.98,51.1,214.13,68.64,36.58,142.51
1248,10/29/2018,47.01,46.19,65.77,35.96,37.59,70.54,109.92,126.46,44.14,42.68,106,66,24.27,55.52,46.46,28.23,,77.2,40.11,70.215,25.66,64.59,112.89,90.46,103.16,107.71,202.75,70.32,56.59,237.25,61.56,76.82,99.8
1249,10/29/2019,41.51,64.47,56.19,27.49,46.49,65.89,160.62,190.46,50.46,40.84,143.65,59.0328638497653,27.64,28.14,53.41,24.63,,77.02,52.83,81.21,28.075,46.38,136.08,81.85,146.68,108.09,192.98,79.11,54.69,328.41,82.29,56.27,117.15
1250,10/29/2020,49.92,69.62,58.29,35.5,46.77,55.93,210.73,223.14,59.22,48.7,137.83,59.2300469483568,27.19,30.04,48.02,32.26,,64.09,53.19,91.95,38.77,36.87,133.99,70.64,179.51,111.28,165.85,55.29,33.38,326.65,57.24,33.52,139.92
1251,10/29/2021,64.24,67.89,92.64,32.2,39.95,89.28,221.52,324.33,61.8,42.32,175.35,57.5586854460094,36.09,35.89,56.37,40.02,,56.45,60.74,80.23,42.5,44.11,161.6,94.54,262.91,122.86,216.81,76.9,44.09,356.94,79.97,47.02,149.42
1252,10/30/2018,48,46.52,68.02,36.38,38.24,72.39,112.45,131.22,45.5,43.36,108.04,67.4741784037559,24.59,55.85,47.63,30.09,,76.79,42.12,72.375,26.485,65.87,113.77,90.47,105.19,109.6,198.47,72.01,58.21,242.59,62.1,78.8,102.42
1253,10/30/2019,40.53,64.89,52.76,27.79,46.27,67.05,161.63,193.27,50.71,40.89,145.97,59.981220657277,27.9,28.5,53.94,24.74,,77.75,52.03,81.53,28.075,45.96,136.9,81.21,147.23,106.34,191.54,79.65,53.0,329.84,81.79,55.86,118.1
1254,10/30/2020,46.24,69.71,56.73,35.09,46.67,56.09,208.71,219.66,59.12,48.69,137.46,59.0516431924883,26.9,30.59,48.06,32.21,,63.45,53.12,90.255,38.285,36.08,133.29,71.02,191.94,112.2,165.23,55.31,35.26,318.23,57.23,34.04,138.75
1255,10/30/2023,71.42,55.23,106.46,27.23,40.4,68.01,119.93,127.97,64.83,32.06,185.98,50.2,30.02,31.62,56.15,44.95,18.64,89.52,65.98,63.78,50.68,40.25,162.28,89.39,137.45,113.65,234.1,65.54,57.04,179.39,46.27,21.1,163.02
1256,10/31/2018,47.25,46.34,61.8,35.6,37.41,72.39,111.38,137.44,43.8,43.64,107.15,61.4835680751174,26,54.97,47.88,29.76,,78.16,41.98,72,26.425,65.04,112.38,88.07,105.92,108.32,199.23,71.33,64.0,240.74,59.92,79.77,100.28
1257,10/31/2019,42.04,65.52,54,27.05,46.31,66.39,160.34,186.27,50.86,40.89,146.87,59.6525821596244,28.16,32.33,54.43,24.64,,78.04,52.45,80.345,28.065,44.79,137.17,81.44,147.92,105.68,190.33,79.87,52.72,347.41,82.79,54.78,117.26
1258,10/31/2022,96.98,68,98.7,36.7,52.91,94.7,255.05,200.49,81.58,46.45,238.77,72.131455399061,38.84,38.47,59.85,47.29,,86.22,61.48,78.64,46.86,46.27,181.58,91.85,223.69,150.66,247.08,86.56,50.43,214.56,68.35,36.5,142.33
1259,10/31/2023,71.57,56.16,105.98,27.36,40.41,69.01,119.04,128.87,65.24,32.55,187.35,50.47,30.33,31.46,56.49,45.37,18.6,89.8,66.21,63.9,51.1,40.17,163.28,89.16,141.22,113.84,234.15,66.49,57.77,184.75,46.35,21.08,163.41
1260,11/01/2018,48.72,47.15,62.57,35.62,37.94,74.41,113.18,141.94,44.32,43.47,107.34,60.093896713615,26.52,56.2,47.74,29.33,,77.23,42.37,72.6,27.225,63.67,111.51,88.35,106.0,109.74,200.88,71.79,65.99,263.49,62.36,79.9,100.58
1261,11/01/2019,42.43,65.9,54.22,27.47,46.54,67.24,159.9,186.58,51.18,41.26,143.07,59.793427230047,28.21,32.61,53.9,24.99,,77.57,52.03,80.315,28.125,45.06,136.93,82.97,147.43,105.58,191.0,81.28,52.7,346.0,83.7,57.38,117.62
1262,11/01/2021,63.61,70.94,92.12,32.42,40.41,90.65,220.47,325.15,62.29,42.95,174.68,58.3661971830986,36.4,36.73,56.17,40.45,,57.56,60.91,80.69,42.73,44.05,161.26,93.42,264.95,123.62,220.21,78.37,45.18,359.24,80.83,47.32,149.79
1263,11/01/2022,97.53,67.44,99.77,36.34,52.57,94.62,254.14,206.76,80.29,46.45,237.76,71.3521126760563,37.84,38.22,59.64,47.17,,86.18,61.87,78.59,47.175,46.14,180.76,91.72,220.87,149.31,243.44,84.11,48.81,219.24,68.0,36.26,141.69
1264,11/01/2023,71.37,56.17,106.06,26.98,40.67,68.73,116.36,104.51,65.1,32.44,187.85,50.6,30.46,32.2,56.44,45.39,18.88,90.96,66.82,64.11,51.65,39.9,164.87,89.01,147.18,112.99,234.21,65.65,58.2,187.51,46.47,20.63,164.87
1265,11/02/2018,48,47.25,62.5,35,36.88,73.09,112.12,143.11,42.17,43.2,105.84,59.1549295774648,26.65,50.73,48,30.17,,76.98,41.98,71.73,27.05,63.67,111.17,88.75,105.71,105.69,201.32,71.29,63.12,256.13,61.56,79.3,101.34
1266,11/02/2020,48.56,70.86,58.07,35.6,47.68,58.08,209.52,223.85,59.73,49.46,140.78,60.037558685446,27.04,31.67,48.62,32.06,,65.67,54.34,92.585,38.96,36.48,135.15,71.63,196.8,116.66,176.39,57.09,37.55,319.97,57.63,35.79,140.4
1267,11/02/2021,63.37,71.73,91.13,32.83,40.38,91.15,221.84,338.62,62.63,43.07,175.5,58.7136150234742,35.97,37.08,56.1,40.7,,56.72,61.36,81.36,42.945,44.15,162.74,94.02,262.6,123.71,220.7,77.61,45.61,369.71,81.53,47.75,149.72
1268,11/02/2022,95.8,66.44,99.18,35.91,52.26,96.8,249.68,189.96,79.81,46.31,235.11,71.1924882629108,36.98,38.12,58.81,46.56,,86.17,62.58,77.23,45.855,44.84,178.24,89.38,218.0,149.26,239.26,81.45,49.34,208.4,67.44,35.81,140.75
1269,11/02/2023,72.42,57.84,105.47,27.67,41.28,69.64,117.43,114.38,66.24,33.18,189.55,51.73,30.86,33.51,57.09,45.4,19.23,93.71,67.97,64.82,52.66,40.67,166.83,90.94,150.1,114.07,238.0,65.65,57.83,209.19,47.56,21.5,165.52
1270,11/03/2020,47.9,72.94,56.48,36.25,47.89,59.45,214.1,224.79,60.89,50,142.72,60.4507042253521,27.8,31.78,49.35,32.74,,67.23,54.42,93.84,39.76,37.39,137.04,71.82,202.46,116.98,184.84,60.25,38.68,332.19,56.49,37.37,142.78
1271,11/03/2021,64.9,71.55,91.46,33,41.57,96.34,223.72,340.38,63.14,43.36,176.56,59.4741784037559,36.09,37.42,56.29,42.95,,57.8,62.34,82.25,43.66,44.96,164.3,94.73,268.12,125.37,220.69,77.38,46.85,348.03,81.72,49.23,150.18
1272,11/03/2022,96.28,66.16,98.73,35.77,51.23,97.8,249.24,193.78,78.91,45.82,232.09,65.2676056338028,36.29,37.99,58.78,47.22,,84.86,62,76.76,45.545,44.91,177.78,88.34,208.94,148.78,241.41,81.25,49.48,200.92,66.56,35.74,140.72
1273,11/03/2023,72.91,59.55,106.06,27.81,40.99,70.25,119.24,110.96,65.74,32.87,187.99,52.06,31.12,33.27,56.74,45.37,19.37,94.09,68.82,64.96,55.56,40.67,166.79,91.52,152.81,113.47,241.68,67.02,59.03,211.03,47.06,22.11,164.66
1274,11/04/2019,43.06,65.44,56.26,27.76,46.34,68.04,158.21,181.75,51.38,41.68,140.53,59.6807511737089,27.87,33.33,53.14,24.99,,77.21,51.74,79.23,28.045,45.6,135.16,83.44,147.49,106.92,193.92,80.81,53.61,348.64,82.05,59.65,117.57
1275,11/04/2020,46.51,73.81,55.96,36.29,47.69,60.37,216.23,227.75,60.47,50.15,143.94,59.6995305164319,28.23,31.82,49.17,32.09,,67.21,54.94,94.49,41.36,38.08,137.86,71.54,209.42,114.58,180.85,60.74,37.29,328.75,56.54,36.3,141.96
1276,11/04/2021,64.23,71.26,92.57,32.65,40.96,94.49,226.21,339.75,62.71,43.14,175.37,59.0704225352113,36.15,37.19,56.6,43.42,,56.15,62.09,81.31,43.89,44.61,164.31,93.72,262.65,124.81,219.36,77.71,46.21,346.46,81.07,49.51,151.28
1277,11/04/2022,95.19,67.15,99.53,35.98,50.83,99.56,248.1,210.53,79.06,46.06,229.03,65.5962441314554,36.98,38.02,59.26,46.4,,85.46,63.22,79.02,48.97,45.5,178.78,89.98,210.89,149.38,244.83,82.25,51.2,202.39,67.3,37.07,140.97
1278,11/05/2018,48.1,47.87,62,35,37.73,73.69,114.09,141.81,42.97,44.22,106.97,59.2957746478873,26.65,52.39,48.69,30.61,,78.63,42.71,73.425,27.355,64.63,114.39,89.55,105.0,107.98,200.3,64.56,63.09,258.16,62.04,79.97,102.91
1279,11/05/2019,42.97,65.13,55.59,27.61,46.49,67.32,159.69,184,51.59,41.62,140.29,59.6431924882629,28.03,32.91,52.42,27.83,,76.86,51.7,79.51,28.235,46.25,134.01,84.2,144.38,107.44,191.72,80.08,54.38,336.22,81.93,61.21,118.86
1280,11/05/2020,47.91,75.11,58.5,36.16,48.06,61.41,218.01,236.86,60.56,49.56,144.6,60.3755868544601,28.8,31.7,49.44,32.72,,67.76,55.64,94.27,41.84,37.31,138.05,70.9,212.81,115.8,183.48,60.83,38.25,337.27,57.71,37.53,143.47
1281,11/05/2021,64.49,72.68,92.92,32.59,40.73,93.78,225.63,349.5,62.65,43.21,175.39,58.7417840375587,36.38,37.84,56.84,42.32,,57.66,62.26,81.23,45.815,45.2,166,94.3,260.55,125.78,222.69,81.31,46.61,353.31,81.56,50.2,150.23
1282,11/06/2018,47.33,48.67,63.33,35.06,38.37,77.9,114.39,142.4,43.82,44.08,107.69,60.4600938967136,27.21,53.46,49.11,30.83,,80.26,43.45,74.25,27.395,64.87,115.21,88.77,104.99,109.92,204.0,64.45,62.65,257.4,62.02,80.6,103.33
1283,11/06/2019,42.88,65.28,55.21,27.84,46.6,70.93,159.61,187.06,52.47,41.6,140.82,60.4788732394366,28.17,33.14,52.8,27,,79.07,52.22,79.66,27.995,45.91,134.44,83.7,143.25,108.33,193.21,81.06,54.48,334.95,83.47,59.49,119.5
1284,11/06/2020,48.27,75.27,57.51,36.07,47.99,64.95,221.4,238.64,61.07,49.9,149.4,60.4225352112676,28.66,31.54,49.45,33.17,,66.39,55.84,94.33,41.63,37.27,138.38,70.45,214.19,116.62,185.78,60.86,38.32,335.94,57.33,37.31,145.77
1285,11/06/2023,72.56,58.97,105.42,27.43,40.7,71.08,119.57,112.67,65.22,32.53,187.66,51.34,30.97,33.29,56.97,45.16,19.35,94.18,68.24,64.71,56.14,40.54,166.7,90.97,153.88,112.84,241.56,66.82,59.4,213.03,46.58,21.77,164.88
1286,11/07/2018,48.3,49.35,62.75,34.78,38.35,78.77,115.94,142.34,43.85,44.14,108.05,60.3474178403756,27.63,53.55,49.37,31.32,,80.81,43.66,75.005,27.955,65.37,115.61,89.07,107.59,110.79,206.75,66.45,63.62,263.31,62.04,81.91,104.32
1287,11/07/2019,43.54,64.68,55.45,27.8,46.42,71.78,159.23,187.14,51.98,41.63,141.32,59.8403755868545,29.83,32.72,52.29,26.86,,79,51.74,80.215,28.32,45.98,133.32,82.25,142.18,107.13,190.28,80.9,53.51,335.54,83.25,58.67,120.23
1288,11/07/2022,95.6,67.09,103.21,36.1,51.12,101.18,251.32,206.01,79.19,47.01,229.3,66.9389671361502,37.46,38.17,59.49,46.85,,85.07,64.39,79.94,49.45,45.88,180.21,90.9,212.64,149.27,246.49,83.22,50.98,204.13,67.26,38.59,142.45
1289,11/07/2023,72.11,59.09,104.62,27.39,40.43,70.25,120.97,115.53,65.1,32.59,187.49,50.9,31,33.09,57.18,45.11,19.6,93.42,68.49,64.77,55.98,40.51,167.18,91.28,150.26,110.14,242.52,67.56,59.11,204.81,46.72,21.65,165.65
1290,11/08/2018,48.57,48.76,62.48,34.46,38.2,80.05,117.53,141.69,44.44,44.54,107.07,61.2018779342723,28.47,53.31,49.33,31.35,,81.68,43.94,75.67,27.07,65.37,116.06,89.48,108.52,110.92,204.72,66.56,63.97,264.51,61.5,82.44,104.88
1291,11/08/2019,43.31,64.5,55.89,27.44,46.25,72.47,157.86,187.27,52.5,41.97,140.97,60.0845070422535,29.2,32.85,52.21,27.02,,78.95,51.73,79.845,29.08,46.41,133.13,83.57,143.85,106.27,187.56,80.4,53.79,331.18,82.63,59.24,119.44
1292,11/08/2021,63.8,72.53,92.49,32.29,40.81,93.76,220.93,349.39,62.64,43.54,174.74,58.4507042253521,35.76,37.2,56.33,41.7,,58.13,61.88,80.32,45.415,45.07,162.43,92.89,263.63,125.08,221.78,80.41,46.09,352.41,81.37,49.9,149.27
1293,11/08/2022,96.39,66.99,104.56,35.69,51.54,101.65,251,207.89,79.56,47.46,231.07,67.0610328638498,37.94,38.1,59.6,47.12,,85.18,63.92,80.7,48.93,45.9,180.71,92.5,213.51,149.79,243.38,83.42,51.29,200.81,67.73,38.29,142.79
1294,11/08/2023,72.03,58.72,102.76,27.75,40.27,68.75,119.46,116.6,65.29,32.47,189.02,51.99,31.05,33.17,57.09,43.87,19.16,94.37,69.02,65.3,55.66,40.2,167.39,90.2,148.78,108.35,241.5,67.03,58.99,200.48,46.34,21.0,164.3
1295,11/09/2018,48.26,48.92,63.27,34.39,38.97,79.83,116.1,140.23,45.31,45.02,108.58,61.0422535211268,28.52,53.99,49.68,31.39,,82.02,44.3,75.2,28.42,63.42,117.48,89.18,106.94,112.88,203.13,66.81,64.5,265.88,62.08,82.39,105.56
1296,11/09/2020,49.29,76.98,56.85,34.38,46.12,67.53,210.49,246.21,58.36,49.49,149.72,59.1173708920188,27.73,30.62,52.57,31.01,,75.87,55.92,89.16,40.675,38.17,138.45,71.63,220.59,113.26,200.75,71.08,41.16,363.96,60.35,39.78,143.54
1297,11/09/2021,64.43,72.5,92.89,32.54,41.28,92.76,220.18,347.07,63.17,43.25,176.18,59.0985915492958,35.78,37.35,56.49,41.93,,58.78,62.24,80.98,45.88,44.79,163.51,93.67,261.65,128.58,221.64,79.6,45.69,342.32,81.52,49.1,149.79
1298,11/09/2022,93.06,66.44,99.93,35.53,51.44,99.56,242.36,204.81,80.34,47.14,230.72,66.6666666666667,37.57,37.73,58.77,48.06,,83.25,63.39,79.21,48.115,45.21,178.55,90.97,211.96,147.63,239.79,82.96,49.76,200.45,64.11,36.89,139.47
1299,11/09/2023,72.16,58.38,103.87,27.94,40.64,66.74,118,115.32,65.53,32.51,188.62,52,30.9,32.95,56.66,43.89,19.22,94.36,68.94,64.55,55.08,40.11,166.16,89.8,143.42,109.13,238.95,66.69,58.18,198.9,46.4,20.45,163.92
1300,11/10/2020,50.15,78.65,58.81,34.98,47.29,70.23,210.56,247.35,58.92,50.94,152.26,60.2723004694836,28.38,30.48,53.98,31.92,,76.46,57.09,90.97,40.79,39.59,141.72,74.75,212.11,117.57,200.56,72.28,42.8,368.45,60.46,42.35,145.56
1301,11/10/2021,65.39,72.61,92.3,32.48,41.41,92.96,220.77,345.11,63.53,43.5,179.56,59.6431924882629,35.87,37.49,56.72,42.47,,58.58,62.73,82.31,45.99,44.75,164.04,94.38,259.47,127.61,222.34,78.55,46.04,341.94,82.54,48.97,148.44
1302,11/10/2022,94.28,69.84,102.19,35.19,50.55,99.91,253.94,218.89,79.58,47.58,226.3,66.6854460093897,37.94,37.87,60.88,48.11,,84.63,64.98,81.86,49.65,44.22,181.7,93.25,225.18,145.87,244.03,84.24,51.45,218.2,66.46,38.49,142.36
1303,11/10/2023,72.5,57.02,104.53,27.81,40.42,67.68,117.94,114.75,65.28,32.5,191.48,51.82,30.97,32.89,56.72,43.89,19.15,94.07,69.12,64.93,55.28,40.02,166.92,89.7,143.6,108.74,239.32,67.34,58.97,200.05,46.95,20.76,166.19
1304,11/11/2019,43.53,64.16,55.82,27.55,46.07,71.73,157,187.26,52.36,41.62,141.73,59.5962441314554,28.99,32.76,51.84,26.61,,80.49,51.8,80.22,29.015,46.41,132.39,83.74,143.88,104.43,184.52,80.15,53.31,326.89,82.73,62.25,119.04
1305,11/11/2020,50.09,78.52,58.9,35.51,48.29,69.51,213.57,248.23,59.89,51.96,153.66,61.5962441314554,29.4,31.35,53.58,32.09,,73.78,57.74,93.445,42.25,39.76,143.9,75.11,215.83,119.8,194.53,68.49,42.37,362.97,61.11,41.44,147.98
1306,11/11/2021,66.14,72.69,93.96,32.08,40.93,94.21,221.28,344.41,62.9,43.34,178.35,59.3990610328638,35.62,37.28,56.74,42.27,,57.83,62.47,81.46,46.135,44.9,162.69,95.0,253.3,126.08,224.75,77.57,47.34,338.26,83.13,49.94,148.5
1307,11/11/2022,93.07,69.64,101.51,34.56,48.97,97.55,249.14,228.22,77.25,47.4,218.88,64.7699530516432,37.34,36.99,61.32,47.1,,81.84,64.8,83.77,49.06,44.38,178.05,94.47,223.03,142.61,247.0,84.47,51.9,219.51,67.41,41.26,142.58
1308,11/12/2018,47.94,48.28,62.09,35.25,39.17,80.34,115.76,141.1,45.68,45.31,108.67,60.3755868544601,28.51,53.67,49.87,31.37,,82.14,44.45,74.615,27.375,61.2,116.97,87.96,103.74,114.2,201.97,67.37,65.5,259.25,61.61,81.81,103.87
1309,11/12/2019,43.24,64.31,55.72,27.58,46.38,72.35,156.98,187.95,52.36,41.78,142.85,60.0657276995305,29.2,32.98,51.71,27,,80.12,52.07,80.56,29.2,47,131.98,84.46,144.15,105.13,183.83,80.3,52.67,331.94,88.88,62.72,119.12
1310,11/12/2020,49.33,77.83,57.99,35.41,48.53,69.39,212.78,249.49,60.49,51.72,153.56,61.1267605633803,29.05,31.1,53.01,32.03,,71.41,57.47,92.49,41.48,39.5,143.84,74.5,212.79,117.85,194.9,68.01,42.2,356.74,60.83,40.77,148.23
1311,11/12/2021,65.93,71.9,95.13,32.25,41.55,94.02,225,346.72,63.24,43.42,177.69,59.3615023474178,35.67,37.22,56.61,42.43,,56.51,62.78,81.76,46.03,44.92,162.65,94.76,254.81,127.1,226.41,76.21,47.6,340.12,81.23,49.54,147.76
1312,11/13/2018,48.02,47.6,61.73,35.19,39.25,80.8,115.34,143.39,45.48,45.29,109.14,59.5492957746479,27.93,53.38,49.86,31.38,,83.35,44.08,74.105,27.89,60,117.14,86.4,101.7,113.83,199.64,66.86,64.49,258.4,58.17,81.92,102.94
1313,11/13/2019,42.82,64.67,55.2,28.31,47.37,72.82,157.99,188.08,52.6,42.15,145.78,60.4788732394366,29.5,33.3,52.41,27.06,,81,52.7,81.83,29.475,46.83,133.29,84.73,145.28,105.78,184.01,81.22,51.95,336.02,88.87,62.25,120.98
1314,11/13/2020,49.86,79.58,59.17,36.03,49.19,71,213.9,255.11,60.97,52.15,154,61.7464788732394,29.3,31.61,53.45,32.14,,71.93,58.06,92.31,42.01,40.33,144.71,75.89,214.74,119.09,202.01,71.54,44.14,364.4,62.35,42.71,150.54
1315,11/13/2023,73.04,57.56,104.08,27.57,40.42,67.8,117.39,113.73,65.16,32.43,194.7,52.21,31.28,33.24,56.93,44.18,19.1,96.12,69.3,65.1,55.54,40,167.77,90.0,142.92,108.2,240.85,67.23,58.51,203.86,45.62,20.17,167.68
1316,11/14/2018,46.6,47.18,60.09,32.64,39.16,79.92,114.3,144.84,45.3,44.84,107.95,58.6478873239437,27.76,52.64,49.76,30.29,,82.99,43.76,73.845,27.245,59.1,116.65,85.5,101.64,113.94,197.31,66.47,64.75,255.92,58.76,81.52,101.53
1317,11/14/2019,42.78,64.64,55.45,28.44,47.07,72.94,159.49,191.5,52.53,42.23,146.31,60.1408450704225,30,30.96,52.63,26.91,,81.04,52.9,81.555,29.465,46.63,133.33,83.64,145.42,104.49,182.86,81.5,51.3,342.38,90.34,61.94,120.65
1318,11/14/2022,94.28,68.88,98.86,33.96,48.64,97.17,246.93,220.67,76.97,47,218.12,65.1267605633803,36.54,36.82,60.73,46.56,,80.11,64.1,82.75,48.46,43.96,176.73,93.93,220.88,141.65,244.46,84.64,51.95,210.0,64.83,40.54,138.39
1319,11/14/2023,73.86,59.09,106.2,28.02,40.57,68.5,121.33,122.82,65.15,32.92,197.84,52.58,31.88,33.58,57.1,44.24,19.41,95.88,70.1,66.31,55.68,40.22,168.11,90.4,147.31,111.18,241.89,68.97,59.74,209.9,47.74,21.09,167.65
1320,11/15/2018,46.13,48.03,59.01,32.42,39.12,79.84,111.78,144.85,45.23,45.46,108.41,58.7042253521127,27.54,51.99,49.74,30.03,,82.21,43.94,74.32,27.65,57.28,116.8,85.83,104.23,112.94,197.44,66.22,64.69,260.66,59.03,82.29,99.54
1321,11/15/2019,42.87,64.71,56.19,28.81,47.28,74.29,160.14,190.99,52.56,42.38,145.75,60.7136150234742,30.02,31.3,52.67,26.75,,82.94,52.82,81.19,29.32,47.97,133.81,84.79,147.1,105.0,179.65,81.61,52.52,346.89,90.33,62.14,118.87
1322,11/15/2021,66.95,72.15,96.15,32.3,41.73,93.49,227,348.07,63.7,43.43,177.47,60.0093896713615,35.71,37.62,56.62,42.66,,58.19,62.85,82.69,46.5,45.2,163.8,95.36,262.37,128.92,228.82,76.43,49.21,338.14,84.11,49.22,146.91
1323,11/15/2022,94.53,69.25,99.76,34.38,48.81,97.73,257.26,226.98,77.44,47.14,217.31,65.1173708920188,36.59,37.04,60.63,46.87,,81.29,64.65,83.65,49.07,43.66,177.19,94.67,223.63,140.48,243.45,83.45,52.08,215.02,64.34,40.65,147.44
1324,11/15/2023,74.24,59.22,106.79,28.15,40.5,69.13,122.99,126.07,64.69,32.74,195.72,52.3,31.89,33.56,57.21,44.51,19.6,94.83,69.99,65.87,55.42,40.75,167.25,91.73,152.15,111.9,239.54,70.5,59.72,211.59,48.31,21.55,169.78
1325,11/16/2018,46.38,48.57,58.41,33.07,38.65,79.33,111.42,144.02,44.18,45.89,109.15,57.962441314554,27.71,52.08,50.17,30.24,,82.65,44.27,75,27.885,56.78,118.35,86.33,104.18,113.06,196.53,66.39,64.74,262.17,60.22,82.52,97.69
1326,11/16/2020,50.41,81.2,60.69,36.54,49.9,73.47,213.09,258.34,61.21,52.51,155.12,62.5164319248826,29.45,32.15,53.85,32.3,,74.23,58.68,92.09,41.79,41.48,145.76,78.63,215.54,120.11,206.1,74.97,44.92,375.22,64.74,44.1,152.44
1327,11/16/2021,66.4,71.87,95.73,31.99,41.38,92.89,230.33,350.32,63.26,43.09,177.72,59.4835680751174,35.58,37.04,56.22,41.69,,57.72,62.47,83.48,46.165,44.45,163.31,93.07,266.48,127.51,231.13,76.53,48.23,340.71,83.58,48.57,143.17
1328,11/16/2022,95.19,69.56,99.41,35.04,50.71,96.1,256.19,222.91,79.06,47.99,223.15,66.0845070422535,36.69,37.69,60.52,47.83,,82.71,65,83.65,49.595,43.58,178.33,94.71,224.58,143.63,243.22,84.31,52.11,217.29,64.53,40.39,148.5
1329,11/16/2023,73.92,57.69,105.93,28.08,41.13,68.25,117.81,122.62,65.02,32.66,195.84,52.2,31.78,33.81,57.15,42.66,19.61,95.7,70.62,66.04,55.1,40.7,167.71,91.28,148.9,111.27,236.59,70.67,58.99,213.64,48.33,20.75,156.04
1330,11/17/2020,50.16,81.23,59.38,35.74,49.38,67.14,208.75,256.95,61.28,51.33,152.93,62.2723004694836,29.19,31.59,53.68,31.9,,74.5,58.54,91.33,42.77,41.19,145.24,78.38,214.15,118.43,205.05,74.23,45.13,375.5,63.78,39.85,149.37
1331,11/17/2021,65.66,72.29,95.63,31.81,41.59,92.73,222.88,354.46,63.12,43.3,179.3,59.1173708920188,35.68,36.56,55.91,40.65,,58.7,62.17,83.95,45.7,44.42,163.37,93.59,262.53,127.8,234.02,75.66,47.72,339.52,82.59,47.81,141.94
1332,11/17/2022,94.6,68.89,99.49,34.94,50.49,94.93,255.93,228.16,79.77,48.07,221.62,65.7558685446009,36.84,37.75,60.71,48.18,,82.82,64.45,83.12,49.48,43.67,180.03,95.16,218.98,144.54,244.86,84.1,53.01,213.86,65.39,40.13,148.0
1333,11/17/2023,73.96,58.51,106.8,28.18,40.88,68.81,121.11,123.81,64.76,32.52,196,52.8,31.73,33.66,57.26,42.44,19.68,95.8,70.63,66.36,54.79,40.82,166.76,91.95,148.94,111.69,235.63,70.89,59.38,212.79,48.74,21.22,155.35
1334,11/18/2019,42.84,64.57,54.68,29.05,48.04,75.1,159.98,192.89,52.89,42.71,146.69,61.4366197183099,30.37,31.01,53.03,27.01,,83.36,53.08,82.735,29.515,48.34,134.06,84.79,147.78,105.33,174.89,80.7,51.96,344.68,89.98,61.94,120.25
1335,11/18/2020,49.27,79.19,58.38,35.48,49.04,66.35,208.57,250.32,61.13,50.01,150.64,61.0516431924883,29.51,31.63,52.61,32.04,,73.24,57.76,91.095,42.11,40.17,143.38,77.47,211.07,115.77,203.75,71.68,43.56,370.17,63.45,38.23,149.09
1336,11/18/2021,66.59,72.7,96.02,31.12,40.99,95.34,222.34,347.2,62.9,42.62,180.11,58.6009389671362,35.57,35.37,55.41,41.4,,56.9,62.34,83.55,44.695,44.01,163.42,91.55,263.16,125.85,237.01,74.93,46.52,329.99,82.56,47.82,143.16
1337,11/18/2022,95.15,69.79,100.7,35.95,51.56,97.35,257.7,233.46,81.03,48.66,225.21,66.3004694835681,37.42,38.1,61.14,48.26,,84.02,64.99,83.76,49.85,44.2,181.33,96.28,224.4,146.14,247.65,85.06,53.5,217.4,65.52,39.75,150.23
1338,11/19/2018,46.31,47.48,58.41,33.42,38.45,78.55,110.51,142.87,44.23,45.36,108.35,57.924882629108,27.44,51.89,50.51,30.56,,80.81,44.43,74.575,28.52,55.68,119.01,87.63,102.57,111.85,193.39,66.02,66.39,253.07,59.42,81.92,96.78
1339,11/19/2019,43.08,66.14,55.66,29.32,48.16,75.35,158.43,196.1,52.91,42.74,147.56,61.3333333333333,30.2,31.3,53.08,26.87,,83.75,52.71,82.98,29.28,46.93,134.57,83.46,149.39,104.15,180.96,80.29,52.41,353.83,90.54,61.45,119.89
1340,11/19/2020,48.92,80.14,58.53,36.19,49.32,66.06,211.21,241.92,62,49.99,149.4,61.2300469483568,29.76,31.88,53.13,32.76,,71.6,57.6,91.62,41.865,40.06,143.32,77.51,211.76,117.05,204.21,71.99,44.04,372.27,62.34,37.85,152.12
1341,11/19/2021,65.34,75.23,94.11,30.72,40.58,93.16,224.55,352.85,62.04,42.63,179.33,58.150234741784,35.16,35.34,55.13,40.89,,56.37,60.52,83.97,44.65,43.4,163.81,90.4,260.31,124.31,235.4,74.17,45.91,318.83,81.51,46.98,142.39
1342,11/20/2018,45.66,46.81,58.03,33.23,40.55,75.52,105.29,142.02,44.18,44.95,106.48,57.943661971831,26.31,50.94,49.38,29.59,,80.6,43.69,73.335,27.89,55.63,116,86.55,101.61,112.28,190.72,65.09,64.88,253.5,58.82,79.79,94.16
1343,11/20/2019,42.5,67,55.3,29.49,48.28,74.92,160.95,195.27,53.17,42.85,149.12,61.3896713615023,30.53,31.09,53.22,26.59,,83.49,52.41,83.975,29,48.45,133.74,83.48,149.64,105.45,185.86,79.82,52.39,352.97,90.62,61.34,119.13
1344,11/20/2020,48.61,79.76,58.74,35.86,48.98,66.39,210.23,240.56,61.36,50.13,147.78,61.0422535211268,29.84,32.26,52.67,32.44,,69.62,57.14,91.835,41.76,39.94,143.42,76.73,211.02,116.23,200.57,70.0,43.56,370.61,60.74,37.53,150.24
1345,11/20/2023,73.61,59.02,107.7,28.1,40.73,68.26,121.78,122.45,64.13,32.19,193.07,52.52,31.78,33.79,57.4,42.92,19.75,97.33,70.91,65.63,54.82,40.84,166.52,92.38,151.21,112.26,236.95,71.27,59.0,214.73,48.41,21.03,155.3
1346,11/21/2018,45.6,46.4,58.23,32.89,39.52,75.09,105.2,140.67,43.31,45.43,106.16,58.112676056338,26.16,51.16,48.73,29.53,,81.79,43.48,72.22,28.015,54.39,115.28,83.95,102.85,109.99,194.21,64.48,64.13,254.49,58.91,79.76,94.17
1347,11/21/2019,42.82,67.24,54.64,28.22,46.84,74.94,160.78,192.74,52.34,42.72,146.55,60.7699530516432,30.63,30.24,52.96,26.7,,82.84,52.07,83.215,29.2,48.82,133.91,83.46,146.34,104.15,186.63,79.22,52.55,350.98,88.53,60.62,119.86
1348,11/21/2022,96.11,70.47,101.28,36.4,52.19,97.89,257.71,218.92,81.98,49.31,232.13,67.4272300469484,38,38.44,62.08,48.12,,86.17,65.85,85.15,50.55,44.8,184.82,96.9,225.21,148.11,252.42,85.23,54.33,214.04,66.75,40.59,151.15
1349,11/21/2023,73.73,58.59,108.2,28.2,40.65,68.08,123.29,120.15,64.66,32.45,190.59,52.82,31.91,34.15,58.03,43.01,19.9,98.14,70.97,65.38,54.8,40.76,167.8,92.8,152.52,112.19,234.27,71.3,59.61,216.57,47.98,20.98,155.86
1350,11/22/2019,42.72,67.04,54.08,28.73,46.83,75.31,159.79,193.18,52.69,42.31,146.84,60.5727699530517,30.3,30.54,53.03,27.05,,82.91,51.8,83.455,29.315,49,134.07,82.38,145.25,108.4,181.22,79.06,52.28,346.76,86.41,60.6,119.36
1351,11/22/2021,66.42,74.84,94.21,31.37,41.06,92.99,225.96,350.47,62.88,43.02,181.15,58.5821596244132,35.86,35.47,55.47,42.86,,57.35,60.97,84.77,45.045,43.99,164.15,89.78,257.22,126.44,234.3,75.37,47.47,321.24,83.13,47.32,144.78
1352,11/22/2022,97.67,72.24,101.58,36.58,52.57,99.51,257.46,222.29,82.17,49.29,232.19,67.6338028169014,38.33,38.96,62.35,48.08,,86.18,66.31,86.12,51.58,45.16,184.84,97.16,229.66,149.23,255.0,86.21,54.8,217.0,67.32,41.79,151.69
1353,11/22/2023,74.33,59.55,109.54,28.33,40.96,69.14,124.97,122.63,64.87,32.59,191.61,52.98,32.41,34.68,58.42,43.82,20.04,98.89,71.49,66.15,55.22,41.19,169.22,93.82,152.61,113.31,239.04,72.03,60.0,218.22,48.01,20.69,154.67
1354,11/23/2018,45.2,46.68,57.51,33.19,40.53,75.18,105.86,140.11,43.37,45.67,106.21,57.9718309859155,26.54,51.04,49.02,29.69,,81.15,43.79,72.59,28.66,53.72,115.41,84.05,103.69,110.71,192.84,64.9,64.1,252.66,58.89,80.81,95.1
1355,11/23/2020,48.81,80.1,59.93,35.7,49.11,66.78,211.04,239.7,61.02,50.03,146.83,59.7840375586854,29.83,32.6,52.68,33.03,,70.07,57.35,91.5,42.035,40.2,143.02,76.63,209.57,116.05,201.58,71.31,44.13,373.14,63.13,37.98,150.93
1356,11/23/2021,66.75,74.98,94.3,31.53,41.51,93.64,225.14,349.76,63.44,43.25,182.21,59.5117370892019,35.91,35.82,55.88,43.06,,57.11,61.41,85.41,44.31,44.24,165.25,89.65,254.36,133.63,237.06,76.51,47.73,315.29,83.24,47.39,145.81
1357,11/23/2022,96.78,72.57,101.18,36.87,52.54,100.06,256.33,222.71,82.78,49.15,232.17,68.0845070422535,38.32,38.9,62.63,47.84,,86.4,66.67,86.11,51.965,45.02,185.08,98.11,229.34,149.47,256.69,86.06,55.27,225.71,67.14,41.76,152.42
1358,11/24/2020,50.56,81.82,62.65,35.36,49.37,68.43,212.98,245.81,60.57,47.21,148.21,58.6572769953052,29.89,33.83,53.22,32.69,,71.98,57.82,93.27,42.095,41,144.03,78.02,206.53,117.79,207.8,72.45,47.04,381.62,64.8,38.52,151.36
1359,11/24/2021,66.32,74.62,92.84,31.6,41.35,92.65,223.43,349.21,63.3,42.94,180.97,59.3427230046948,35.62,35.19,55.43,42.54,,55.97,61.32,85.49,44.545,44.08,163.74,90.03,255.0,132.3,232.5,76.33,47.26,317.77,83.24,46.62,146.54
1360,11/24/2023,74.3,59.75,108.01,28.49,41.15,69.42,125.48,123.91,65.18,32.72,191.68,53.47,32.62,34.94,58.57,44.18,20.25,99.21,71.62,66.44,55.17,41.47,169.37,94.34,153.88,113.27,238.37,72.15,59.99,219.95,48.3,20.85,156.06
1361,11/25/2019,43.08,67.77,53.88,28.85,46.8,76.58,159.92,194.7,52.72,42.76,146.08,60.4131455399061,30.7,31.06,53.22,27,,83.43,52.04,83.31,29.33,49.26,133.83,82.37,146.31,105.83,183.57,79.82,52.42,348.36,88.63,60.67,118.92
1362,11/25/2020,50.5,81.15,61.83,35.76,48.92,67.63,217,246.85,60,46.87,148.15,59.3990610328638,30.33,32.54,52.93,32.32,,73.26,57.49,92.795,42.04,40.38,144.16,76.89,206.03,118.0,204.7,71.68,46.5,373.66,64.99,39.07,151.83
1363,11/25/2022,97.4,72.73,101.78,37.12,53.04,101.26,257.23,220.01,82.97,49.41,233.76,68.3568075117371,38.25,38.9,62.69,49.04,,86.15,66.69,84.91,51.685,44.74,184.11,98.25,229.92,151.26,257.49,86.45,55.58,225.54,67.33,41.66,153.07
1364,11/26/2018,45.52,46.69,58.47,32.6,39.02,77.84,107.69,140.93,42.38,45.71,106,57.7464788732394,26.68,51.07,48.87,29.57,,80.37,43.95,72.37,28.41,53.21,115.86,83.84,104.74,109.01,194.11,64.9,64.98,258.03,59.46,81.7,95.15
1365,11/26/2019,42.75,68.81,53.28,29.06,47.1,74.94,158.47,195.42,53.3,44.28,149.59,61.4929577464789,30.99,30.47,53.9,27.04,,83.85,52.62,84.465,29.82,49.22,135.7,82.27,149.58,107.19,184.06,80.65,51.06,350.11,89.7,59.63,119.19
1366,11/26/2021,64.4,74.4,90.48,31.6,41.52,91.52,224.42,334.35,62.76,42.81,177.92,59.7558685446009,34.98,34.83,53.73,43.14,,52.75,60.25,85.54,43.525,43.74,161.14,88.68,251.21,130.95,229.32,72.73,45.6,305.15,81.34,45.9,144.9
1367,11/27/2018,46.07,47.65,58.3,32.27,39.51,79.5,107.62,139.99,42.45,44.99,106.61,58.4507042253521,26.1,51.8,49.37,30.04,,77.55,44.54,73.56,28.88,53.79,116.44,85.05,105.59,109.18,195.8,65.32,65.17,258.44,58.34,83.52,95.04
1368,11/27/2019,42.94,68.72,53.45,29.18,47.06,75.04,158.42,195.96,53.48,44.88,148.56,61.6056338028169,31.21,30.37,53.95,27.23,,84.02,52.73,84.715,30.045,49.75,135.91,82.48,150.83,106.08,185.75,81.06,50.73,353.57,90.09,60.11,118.76
1369,11/27/2020,50.45,81.1,60.84,35.94,48.98,67.87,218.01,245.94,60.13,47.2,148.05,59.6056338028169,30.76,32.84,52.7,32.43,,73.19,57.46,93.24,42.075,40.37,144.6,75.9,209.64,116.5,204.81,71.24,46.8,371.05,65.0,39.0,151.6
1370,11/27/2023,73.19,59.12,107.54,28.19,40.83,68.74,125.68,122.73,63.58,31.96,188.4,52.5,32.55,34.89,58.46,44.09,20.16,99.68,71.48,64.94,54.72,41.44,168.32,94.05,152.57,111.1,237.99,71.9,60.24,218.85,47.59,20.11,156.77
1371,11/28/2018,46,48.67,58.63,32.43,39.5,80.27,110.36,140.2,41.88,44.89,106.65,58.7793427230047,26.65,51.18,49.71,30.25,,77.1,44.42,73.98,29.55,54.95,118.5,86.39,108.87,101.28,201.32,66.85,65.91,267.28,56.99,84.64,97.46
1372,11/28/2022,96.25,71.93,102.38,37.04,52.92,100.41,253.1,217.3,82.93,49.11,232.63,68.2816901408451,38.2,38.87,62.7,48.83,,85.47,66.15,83.75,50.94,45.15,183.89,97.63,225.54,151.57,257.5,85.93,54.93,224.49,65.53,40.81,153.51
1373,11/28/2023,74.05,59.26,108.41,28.22,40.44,69.32,127.5,126.03,63.42,31.95,188.99,52.28,32.24,35.12,58.58,43.92,20.16,98.44,71.43,65.01,55.28,41.82,168.86,94.15,155.68,109.59,241.77,71.83,60.28,219.83,47.99,19.98,158.64
1374,11/29/2018,46.04,48.3,57.96,32.27,39.63,80,110.89,141.5,42.21,45.23,107.45,59.3896713615024,26.98,51.19,48.98,30.36,,76.74,44.53,74.525,29.4,55.94,118.27,86.96,110.5,103.44,196.21,67.54,64.31,271.51,57.72,84.85,97.29
1375,11/29/2019,42.93,67.82,53.38,28.87,46.57,75.27,157.36,195.47,53.32,44.53,148.16,61.1455399061033,30.94,30.5,53.4,27.34,,83.98,52.54,84.625,29.91,49.7,135.83,82.93,149.6,105.09,186.06,80.55,50.48,353.34,89.89,59.6,119.09
1376,11/29/2021,64.81,74.19,90.58,31.51,41.2,92.02,225.07,340.05,63.52,42.49,179.16,59.9718309859155,35.17,34.78,54.58,42.35,,53.29,60.64,86.99,43.425,43.48,164.14,87.35,256.92,129.37,226.97,73.2,45.33,308.95,81.88,46.08,142.63
1377,11/29/2022,96.45,71.12,104.16,36.96,52.62,100.88,252.85,214.94,82.84,48.19,230.49,67.981220657277,38.1,39.04,62.48,49.35,,85.05,66.05,83.75,49.895,45.82,182.59,97.79,223.2,151.52,253.64,85.09,54.92,226.15,66.45,41.08,152.97
1378,11/29/2023,73.19,58.23,108.1,28.02,39.76,66.9,128.88,125.6,62.59,30.47,185.72,51.66,31.73,35.08,58.23,43.64,20.08,97.53,70.44,64.28,54.71,41.76,167.16,93.65,158.85,108.58,237.95,71.71,60.1,221.25,47.09,19.98,156.08
1379,11/30/2018,46.02,47.72,57.07,32.34,39.2,80.2,110.99,142.66,42.31,45.09,108.3,59.7652582159624,27,51.12,50.4,29.66,,76.7,44.98,75,29.84,54.83,121.94,86.53,111.79,104.51,195.76,67.4,65.77,275.42,58.95,84.67,97.65
1380,11/30/2020,49.77,80.66,58.89,36.56,50.02,67.79,218.58,245.32,60.82,47.18,147.89,60.0093896713615,30.45,32.94,51.6,33,,72.38,57.45,93.49,42.39,39.83,144.23,75.75,209.6,117.2,205.84,71.29,46.0,382.75,65.2,38.01,152.79
1381,11/30/2021,62.21,70.36,86.57,30.55,40.33,89.06,221.3,332.07,61.77,41.4,177.49,57.4460093896714,33.99,33.61,52.45,41.53,,51.92,58.94,85.82,41.89,42.64,159.78,85.94,254.85,126.47,225.33,70.04,44.44,297.42,78.96,44.8,140.63
1382,11/30/2022,97.5,73.02,104.84,37.98,53.67,101.88,255.68,235.79,85.3,47,235.17,68.4976525821596,38.67,39.35,63.61,49.19,,86.9,67.61,85.18,51.43,46.58,185.51,99.67,230.2,154.01,257.35,86.51,55.11,234.12,66.28,41.5,152.42
1383,11/30/2023,73.73,58.74,109.87,28.29,40.18,67.95,131.12,127.69,63.66,30.59,187.92,52.54,31.57,35.11,58.44,44.27,20.44,100.03,71.06,64.83,55.15,42.04,168.29,93.36,157.73,109.73,240.49,72.17,61.54,225.69,46.84,19.94,155.69
1384,12/01/2020,50.11,81.6,59.47,36.29,50.25,67.54,219.84,247.17,61.31,47.53,150.04,59.793427230047,30.45,33.14,52.04,33.01,,72.75,58.46,93.64,43.34,40.49,146.07,77.03,211.61,116.92,205.74,73.43,46.25,380.47,66.76,38.46,152.64
1385,12/01/2021,61.82,70.64,84.49,30.45,39.91,88.78,222.79,325.33,61.43,42.06,175.51,57.3051643192488,33.56,32.88,52.3,40.21,,50.24,58.56,86.55,40.53,42.99,160.16,86.87,253.29,126.55,223.19,68.07,43.98,289.48,78.26,43.72,137.14
1386,12/01/2022,91.32,74.05,98.94,37.83,53.59,101.65,236.34,231.96,85.42,47.59,231.88,68.7323943661972,38.71,39.49,63.79,48.41,,86.51,68.09,85.73,51.625,47.01,185.9,102.46,229.34,153.94,258.72,86.04,54.97,244.8,65.48,41.31,153.37
1387,12/01/2023,75.08,59.94,109.21,28.36,40.6,68.48,134.69,131.94,64.13,31.32,190.98,52.88,32.17,35.52,58.64,44.6,20.69,100.92,70.82,65.99,55.22,42.6,168.69,94.05,159.64,111.42,241.95,72.8,61.93,227.67,48.2,20.79,154.34
1388,12/02/2019,43.29,67.42,53.54,28.76,47.14,75.55,154.68,195.59,53.48,45.43,148.96,61.4272300469484,30.52,30.95,53.75,27.74,,84.03,52.84,84.605,29.905,50.6,135.88,82.6,149.01,105.7,186.08,80.82,50.67,351.64,89.58,59.27,119.28
1389,12/02/2020,49.49,79.88,59.31,35.17,49.07,69.63,217.54,245.32,60.22,46.97,149.25,58.8920187793427,30.08,32.78,52.11,32.29,,72.63,58.14,91.42,43.13,40.02,144.62,78.07,209.26,114.87,204.99,72.75,45.29,380.38,66.1,39.84,150.52
1390,12/02/2021,62.4,71.79,86.05,30.98,40.52,89.99,215.81,334.67,62.86,41.96,176.69,58.150234741784,34.16,33.25,53.07,44.65,,53.06,59.46,87.01,41.48,43.21,160.62,87.84,255.88,127.85,225.26,70.18,45.38,298.3,80.79,44.62,135.47
1391,12/02/2022,91.71,74.51,94.83,38.12,54.1,102.58,243.96,239.01,86.52,47.64,234.73,69.3239436619718,38.74,39.83,64.35,47.57,,87.73,68.31,86.38,52.02,47.63,185.69,104.3,232.9,154.45,261.05,85.33,55.57,242.58,66.02,41.48,153.22
1392,12/03/2018,46.84,49,59.33,32.43,38.76,79.52,111.7,152.65,41.5,45.54,108.93,59.2676056338028,26.35,51.42,49.69,29.76,,75.58,45.03,75.75,30,55.73,118.98,87.08,113.03,103.26,198.21,67.04,66.14,275.63,60.27,85.69,98.75
1393,12/03/2019,42.92,66.7,52.86,28.6,47.58,74.71,153,193.83,53.65,45.54,148.8,61.6431924882629,30,30.8,53.8,27.39,,84.41,53.13,85.42,29.495,50.1,135.46,82.97,149.47,106.2,184.49,81.3,50.1,352.46,88.95,58.99,118.67
1394,12/03/2020,49.81,78.6,60.78,35.38,48.74,72.52,214.49,245.46,60.44,47.24,149.83,59.1549295774648,30.1,33.45,52.78,30.88,,75.66,58.56,92.65,43.26,40.42,144.45,78.5,207.4,116.48,209.78,74.68,46.67,377.99,69.13,42.82,149.3
1395,12/03/2021,62.53,72.38,86.62,31.37,41.13,90.87,222,335.3,64.23,42.73,179.61,59.1549295774648,34.47,33.64,53.54,43.43,,53.98,60.26,88.54,41.85,43.92,164.71,89.38,254.78,128.76,226.19,69.98,45.75,305.22,82.6,46.53,137.51
1396,12/04/2018,45.61,46.66,58.04,32.08,38.59,78.91,104.1,144.09,40.27,44.91,108.1,57.9718309859155,26.45,49.98,49.58,28.64,,75.49,44.47,75.78,28.915,54.4,117.8,85.43,112.13,102.24,191.17,66.13,64.87,266.18,58.24,82.82,95.81
1397,12/04/2019,42.93,67.84,53.1,29.39,48.47,75,153.55,197.87,53.3,45.25,150.16,61.7183098591549,30.04,31.03,54.29,27.64,,84.13,53.34,85.685,30.195,50.11,137.3,82.1,150.15,106.27,184.29,81.99,51.13,353.61,89.24,58.91,118.69
1398,12/04/2020,50.57,79.79,61.47,35.49,48.5,74.5,213.43,244.12,60.44,47.38,150.87,58.5633802816901,30.53,34.12,53.85,30.58,,76.38,59.03,93.95,43.72,41.37,145.85,80.75,209.69,117.35,213.79,78.12,47.54,386.97,70.1,43.41,148.91
1399,12/04/2023,74.63,60.38,107.74,28.96,41.01,68.48,134.83,138.95,64.95,31.74,190.62,53.65,32.23,35.82,58.57,44.67,20.62,102.46,71.22,66.79,55.17,42.5,169.14,92.93,161.53,112.43,240.31,73.0,62.28,229.36,49.82,20.79,154.3
1400,12/05/2018,46.84,49,,,38.76,79.52,111.7,152.65,41.5,45.54,108.93,59.2676056338028,26.35,51.42,49.69,29.76,,,45.03,75.75,30,55.73,118.98,87.08,,103.26,198.21,67.04,66.14,,60.27,85.69,98.75
1401,12/05/2019,43.15,63.57,53.51,28.78,47.63,74.48,155.1,196.3,53.9,45.76,149.97,61.7370892018779,29.19,31.25,54.19,26.8,,84.41,53.81,86.09,29.96,50.17,136.34,82.38,150.18,106.75,182.46,82.97,50.35,358.26,89.46,59.1,118.66
1402,12/05/2022,90.77,74.02,93.32,38.25,53.3,102.01,245.93,231.47,86.3,47.19,233.25,68.8732394366197,37.96,39.62,63.47,46.07,,87.68,67.43,84.05,51.085,47.19,183.12,103.48,219.35,154.02,254.86,85.13,54.5,235.78,64.77,41.21,151.65
1403,12/05/2023,74.14,60.23,106.1,28.76,40.37,71.02,133.39,132.17,64.52,31.34,187.93,53.35,32.03,35.84,58.66,44.51,20.17,100.62,70.68,66.65,54.26,42.57,167.94,92.54,160.95,116.12,236.66,73.21,62.04,227.56,49.94,20.51,155.73
1404,12/06/2018,45.53,46.79,58.67,31.62,38.22,76.57,106.68,141.39,39.73,44.94,108.14,57.5305164319249,25.98,49.52,49.38,29.56,,74.13,44.25,75.815,29.135,54.4,116.84,85.29,112.35,100.83,190.72,65.94,64.46,268.05,57.9,82.94,94.77
1405,12/06/2019,43.91,63.35,53.72,28.9,47.75,75.36,154.72,197.92,53.31,45.34,149.25,62.1784037558685,29.29,31.09,54.42,27.49,,84.22,53.84,85.995,30.02,50.41,137.36,83.25,150.59,107.3,183.65,82.77,51.06,368.01,89.45,58.63,119.78
1406,12/06/2021,63.11,73.61,86.56,31.77,41.3,92.65,225.53,341.55,64.44,43.03,180.7,59.6995305164319,34.8,34.27,54.91,45.11,,54.84,61.42,90.11,42.855,44.43,166.42,91.39,260.3,130.98,230.87,72.99,46.84,320.42,83.48,48.3,139.0
1407,12/06/2022,90.85,73.65,95.47,37.56,52.99,101.19,245.45,237.05,85.38,46.84,232.56,68.6103286384976,37.67,39.42,63.44,46.33,,86.29,67.29,84.38,50.72,46.21,181.63,101.63,217.73,153.55,247.62,84.26,53.26,235.97,64.15,40.59,149.89
1408,12/06/2023,73.19,53.98,104.21,29.4,43.24,73.5,133.92,133.36,65.89,31.9,189.2,53.71,32.19,36.2,58.6,44.54,19.39,101,71.29,67.73,54.3,41.36,167.51,91.1,164.0,117.66,235.1,73.05,61.9,229.45,50.19,21.38,154.04
1409,12/07/2018,44.46,45.93,59.47,30.84,37.77,74.09,102.7,137.12,38.48,44.34,107.14,57.1267605633803,26.3,48.71,49.09,29.17,,73.45,43.8,75.195,28.705,54.18,115.82,84.56,109.99,98.17,188.61,65.02,63.37,256.64,56.21,81.19,93.19
1410,12/07/2020,50.04,80.39,60.78,35.37,48.31,73.63,213.36,245.76,59.74,47.15,149.72,58.169014084507,30.71,33.6,52.99,30.95,,76.6,58.41,92.64,43.585,41.69,145.37,81.68,209.21,117.06,212.04,75.87,47.66,382.86,68.7,42.43,148.11
1411,12/07/2021,64.16,73.45,87.78,31.8,41.12,92.93,224.5,353.64,64.57,42.43,182,59.2300469483568,34.93,34.51,55.21,45.07,,56.42,61.41,87.83,44.185,44.49,166.23,90.41,265.91,130.22,233.83,72.92,46.69,321.81,83.97,48.23,138.55
1412,12/07/2022,93.17,68.27,95.51,38.23,56.18,102.28,248.97,232.53,87.22,47.62,236.69,69.3802816901408,37.94,39.89,63.54,46.94,,87.07,68.03,85.35,50.615,46.37,182.18,101.88,222.18,155.68,246.66,84.19,53.05,240.32,63.74,40.65,149.11
1413,12/07/2023,73.83,54.52,104.1,29.79,43.44,74.01,132.3,135.84,66.39,31.85,189.06,54.16,32.36,36.5,58.74,44.8,20.81,101,71.61,67.73,54.3,41.32,167.46,91.12,163.49,121.06,235.86,74.18,62.13,232.58,51.54,22.91,152.46
1414,12/08/2020,50.36,78.96,61.35,35.7,48.26,73.86,211.37,248.48,60.4,47.48,150.63,58.7323943661972,30.17,34.34,53.18,31.3,,77.5,58.29,93.44,44.1,42.23,145.52,82.64,212.11,117.53,213.01,76.72,47.93,382.96,68.41,41.99,149.45
1415,12/08/2021,64.13,70.46,87.02,31.71,41.83,93.1,221.41,356.15,64.21,42.79,183.22,58.2347417840376,34.81,33.15,55,42.81,,57.05,60.88,88.65,44.465,44.52,166.52,89.89,268.02,129.88,234.68,73.5,46.11,323.28,83.53,48.5,137.15
1416,12/08/2022,92.4,68.13,96.36,38.49,57.07,102.53,248.7,242.62,87.55,47.65,241.31,68.9765258215962,38.31,40.14,63.81,47.46,,86.5,67.59,85.65,50.77,46.86,183.78,102.06,222.5,155.49,246.38,83.91,52.66,245.13,63.86,40.9,148.78
1417,12/08/2023,73.75,55.08,104.5,29.52,42.91,75.1,127.22,133.73,65.47,31.38,185.74,53.7,32.11,36.23,58.61,44.58,20.61,100.96,71.09,67.09,53.92,41.3,165.68,91.31,162.87,119.33,234.44,73.83,62.31,231.08,51.38,23.16,150.86
1418,12/09/2019,44.07,63.75,53.4,29.3,48.24,74.99,154.82,198.7,53.16,45.36,149.54,62.4788732394366,29.19,31.93,54.07,27.84,,84.16,54.17,86.37,30.245,50.53,137.16,83.59,149.32,106.53,181.27,83.13,51.53,357.01,89.67,58.71,119.36
1419,12/09/2020,49.84,76.75,63.5,35.71,47.28,73.53,208.98,246.65,59.33,47.07,152.14,58.2159624413146,30.26,34.22,53.33,31.21,,77.4,57.72,93.12,43.95,42.98,145.69,84.61,211.77,118.06,209.38,76.41,48.08,381.37,69.16,41.77,148.27
1420,12/09/2021,63.28,70.58,85.48,31.87,42.18,97.31,222.33,355.84,63.97,44.8,183.5,58.2441314553991,34.59,33.47,54.86,43.68,,56.71,60.99,88.72,44.15,44.59,166.31,89.5,264.56,130.57,233.5,73.87,45.57,320.35,83.75,49.17,138.5
1421,12/09/2022,91.88,67.92,95.51,38.02,55.66,101.65,243.26,240.41,85.84,47.02,236.77,67.924882629108,37.93,39.94,63.14,46.47,,85.58,67.06,85.28,50.02,46.71,183.1,102.09,219.68,154.68,242.04,82.23,52.46,247.34,63.75,40.43,145.31
1422,12/10/2018,44.59,46.39,59.64,30.41,37.72,73.34,105.64,137.98,38.54,44.26,107.13,56.6197183098592,25.95,48.27,49.24,28.79,,73.37,43.93,75.625,28.475,53.36,116.19,84.22,112.9,99.16,187.3,64.9,62.74,257.17,55.41,81.16,93.94
1423,12/10/2019,44,63.5,54.71,29.22,48.39,73.18,154.37,197.92,53.24,45.6,149.4,62.5727699530516,29.16,31.88,53.77,27.87,,84.02,54.06,85.68,30.755,50.05,136.27,83.9,148.98,106.06,180.93,82.53,51.21,353.92,88.61,58.41,119.14
1424,12/10/2020,49.2,76.15,64.5,35.37,47.31,72.21,205.87,246.53,58.87,46.6,149.7,58.1971830985916,30.18,34.1,53.05,31.21,,76.39,57.18,93.05,44.015,42.95,144.67,84.97,208.73,115.87,207.29,77.24,48.21,383.35,69.41,41.65,147.04
1425,12/10/2021,63.45,71.27,86.91,32.08,43.15,98.86,222.4,361.39,64.76,46,186.51,58.7981220657277,35.32,34.15,56.28,44.6,,57.05,62.26,90.51,44.775,45.09,168.97,90.04,261.38,132.88,235.32,73.67,46.23,321.29,84.11,49.5,141.03
1426,12/11/2018,44.55,46.44,58.47,30.61,38.82,73.41,106.56,139.11,38.73,44.86,107.91,57.1549295774648,26.29,48.38,49.54,29.24,,75.17,44.21,76.455,28.79,53.95,117.29,84.33,113.94,100.88,188.77,65.3,62.54,255.35,55.8,81.81,93.85
1427,12/11/2019,44.23,63.78,55.28,28.63,47.98,73.35,154.51,198.56,51.58,45.56,149.77,62.112676056338,28.83,31.6,53.95,28.02,,84.38,53.93,85.325,31.215,50.3,137.1,84.84,150.48,104.43,181.62,82.88,51.17,354.78,88.49,58.01,119.0
1428,12/11/2020,49.81,76.37,66.04,35.35,47.21,71.58,206.61,245.75,59.32,47.2,149.11,58.3192488262911,30.36,34.07,53.35,31.34,,77.28,57.4,93.42,44.01,43,144.97,85.0,204.53,115.17,205.29,75.88,47.3,383.42,69.29,41.53,147.0
1429,12/11/2023,75.08,56.44,105,29.46,43.83,73.76,125.81,134.8,66.08,31.71,186.28,54.25,32.76,36.78,59.04,45.09,20.59,102.61,71.75,67.85,55.26,41.39,167.82,92.99,163.54,121.5,235.7,73.93,62.87,231.56,51.24,23.0,151.24
1430,12/12/2018,45.19,46.52,59.63,30.59,38.86,74.5,105.89,138.73,38.56,45.17,109.03,57.2769953051643,26.12,48.26,49.22,29.75,,76.39,44.07,77.445,28.72,53.33,117,83.82,115.16,101.68,186.73,65.55,63.07,258.52,55.68,82.44,93.11
1431,12/12/2019,44.91,63.27,55.93,28.23,47.71,74.26,155.58,200.62,51.66,45.35,146.82,62.150234741784,28.78,31.94,54.14,28.2,,84.11,52.98,83.23,31.12,49.93,137.18,84.05,152.25,102.47,179.79,83.27,51.36,356.45,87.51,58.58,119.76
1432,12/12/2022,93.33,68.84,95.47,38.47,56.91,103.79,244.81,244.44,86.84,47.18,239.29,69.5211267605634,38.09,40.28,63.97,46.71,,86.01,67.38,85.98,50.41,46.96,183.97,102.6,220.9,155.98,245.49,83.13,52.96,248.47,64.53,41.06,148.02
1433,12/13/2018,44.93,47.51,59.08,30.38,39.4,73.37,106.16,140.13,38.12,45.31,110.01,57.3239436619718,26.15,48.47,49.47,29.76,,77.69,44.35,77.915,26.715,53.92,118.35,84.34,115.33,103.77,182.63,65.98,63.2,256.43,56.08,82.32,92.96
1434,12/13/2019,45.2,63.85,55.77,28.38,47.86,73.59,154.63,203.21,51.6,44.9,147.15,62.2065727699531,28.76,31.6,54.42,28.09,,84.1,53.24,83.75,31.105,50.16,137.94,84.67,153.63,101.51,182.06,83.54,50.81,359.88,87.97,57.88,120.29
1435,12/13/2021,64.64,72.23,87.86,32.47,43.66,98.9,226,360.34,65.93,47.28,188.65,59.6056338028169,35.3,34.48,57.76,45.63,,56.77,63.17,93.06,44.89,45.36,169.81,91.67,263.49,134.62,237.37,73.38,46.02,320.76,84.93,49.14,143.57
1436,12/13/2022,93.23,69.19,94.47,38.23,56.27,101.19,243.46,248.16,86.97,46.66,236.33,69.1643192488263,37.64,39.97,63.99,45.45,,86.14,67.6,86.6,50.22,46.81,183.87,102.32,223.7,154.36,240.86,82.51,52.61,253.49,64.58,41.03,147.49
1437,12/14/2018,44.61,47.06,58.83,29.89,39.16,71.88,104.98,135.18,37.38,44.57,107.87,56.6760563380282,25.92,47.46,49.34,29.55,,75.83,43.55,75.785,26.345,52.73,113.95,82.5,112.93,101.91,181.27,65.45,62.0,247.43,55.3,78.74,91.85
1438,12/14/2020,48.69,75.53,63.78,35.63,46.71,69.72,205.9,247.45,59.35,47.2,149.14,58.1408450704225,30.35,34.42,53.27,31.3,,76.54,57.29,93.28,44.21,42.9,144.23,84.4,206.38,113.25,207.0,73.43,45.92,380.67,69.78,41.48,145.65
1439,12/14/2021,64.85,71.86,87.08,32.5,43.07,98.78,225.45,356.76,65.91,47.9,187.69,59.5023474178404,35.06,34.78,57.8,45.58,,56.89,63.39,91.58,45.185,45.4,169.39,91.92,256.46,135.18,236.81,73.52,45.87,317.78,85.75,49.32,144.94
1440,12/14/2022,92.8,68.94,96.23,38.48,57,100.68,247.48,249.22,87.33,46.51,236.01,69.2206572769953,37.34,40.16,63.99,44.76,,87.08,67.26,86.27,50.95,47.13,183.36,102.46,220.86,154.17,239.55,82.14,52.89,253.28,64.35,40.63,146.67
1441,12/15/2020,49.57,76.57,65.16,35.67,46.82,69.89,207.78,250.4,59.03,47.33,150.23,57.5023474178404,30.19,34.33,53.84,31.19,,76.87,57.45,91.77,44.29,42.18,144.77,84.29,208.65,113.46,212.25,74.31,46.03,392.68,68.25,41.33,145.58
1442,12/15/2021,65.08,71.99,87.78,32.93,43.49,100.55,226.12,365.12,67.34,48.59,189.77,59.6244131455399,35.65,34.88,58.06,46.22,,57.19,64.79,92.21,45.605,45.96,171.57,92.73,256.56,134.73,241.04,74.57,44.92,319.03,85.91,49.66,145.77
1443,12/15/2022,92.42,66.86,96.75,38.31,56.92,97.6,246.88,240.6,86.95,45.69,234.14,68.0845070422535,36.63,39.83,63.11,43.49,,86.15,66.39,84.46,49.825,46.95,180.25,101.27,215.04,153.86,235.4,78.29,51.74,250.07,62.57,39.53,145.36
1444,12/16/2019,45.98,64.24,55.92,28.8,47.96,74.4,152.77,204.03,52.38,44.87,146.78,62.2347417840376,28.9,31.74,54.42,28.31,,83.97,53.71,83.81,31.245,50.6,137.06,86.25,156.0,102.64,182.89,84.23,51.98,364.29,89.95,57.8,120.54
1445,12/16/2020,49.2,77.79,64.63,35.58,47.11,69.32,211.02,258.68,58.92,47.22,150.28,57.7464788732394,30.64,34.43,53.06,30.97,,76.09,57.2,92.71,44.9,43.1,144.89,85.63,210.51,113.83,214.81,73.88,46.27,397.33,65.24,40.44,145.43
1446,12/16/2021,66.17,72.7,88.27,34.4,44.18,101.22,225.66,362.68,68.86,49.19,192.13,61.7652582159624,35.7,36,58.65,45.91,,57.22,65.69,94.66,45.81,47.35,171.82,94.38,253.77,138.91,241.61,74.01,45.0,318.0,86.2,49.26,143.34
1447,12/16/2022,92.31,65.86,96.08,38.01,57.06,95.45,248.25,240.94,86.93,45.66,235,66.9389671361502,36.07,39.92,62.75,44.32,,86.99,66.16,83.41,50.39,46.56,180.34,100.28,209.8,155.33,231.36,78.68,51.18,247.01,61.84,39.05,142.75
1448,12/17/2018,43.38,45.89,57.89,29.01,38.83,70.69,103.12,130.3,36.74,43.17,105.17,55.6150234741784,25.24,46.82,48.33,28.92,,75.44,42.81,73.065,25.625,52.35,112.87,81.4,110.76,99.0,176.05,64.21,60.57,245.75,53.47,76.22,90.77
1449,12/17/2019,46.21,64.38,55.84,29.19,47.76,73.35,155.18,202.43,52.17,44.5,144.71,62.0657276995305,28.89,31.62,54.42,28.7,,84.09,54.09,83.515,31.385,50.83,136.17,85.95,156.48,102.14,183.12,84.14,52.45,367.23,90.38,57.09,121.28
1450,12/17/2020,49.38,78.91,64,36.17,47.78,69.59,212.55,263.83,59.7,47.77,151.61,58.6666666666667,31.13,34.62,53.27,31,,78.64,57.93,94.6,45.07,43,145.71,85.67,213.73,115.32,217.8,74.44,45.97,402.9,65.0,40.88,146.1
1451,12/17/2021,65.27,71.9,88.08,34.58,43.12,100.36,222.5,345.96,67.65,48.17,187.62,60.5164319248826,35.68,35.51,57.73,44.79,,58.04,64.96,94.12,45.81,48.25,168.3,93.45,252.98,136.41,242.25,72.11,44.74,321.5,85.43,48.85,138.75
1452,12/18/2018,42.84,46.13,56.79,28.56,38.49,69.56,104.35,130.9,36.7,43.26,104.36,55.2582159624413,24.64,46.15,48.32,28.55,,75.63,42.14,72.84,25.615,50.89,111.84,75.17,111.65,97.34,172.62,64.02,59.3,245.93,52.38,75.48,91.08
1453,12/18/2019,45.31,64.92,56.14,29.05,48.22,73.28,155.3,203.94,53.18,44.42,145.82,62.4225352112676,28.57,31.75,53.91,28.33,,84.17,54.53,83.735,31.43,51.36,135.97,85.7,156.02,103.16,183.68,84.07,52.95,370.77,88.86,57.2,119.86
1454,12/18/2020,49.68,79.42,64.38,36.12,47.57,69.55,210.48,261.31,59.4,47.94,150.88,58.2910798122066,30.93,34.77,53.74,30.87,,78.66,58.32,93.37,45.065,43.78,146.93,86.09,218.45,115.88,218.68,72.28,45.51,408.9,64.95,40.69,145.95
1455,12/19/2018,42.4,45.6,56.57,29.09,38.65,68.59,103.02,128.54,38.55,43.01,107.33,55.1079812206573,25.1,45.09,47.9,28.23,,74.99,41.41,70.975,24.72,51.4,110.04,72.04,109.53,96.9,172.09,63.49,57.77,245.14,52.67,73.29,90.55
1456,12/19/2019,45.64,65.36,55.98,33.66,48.22,74.1,157,204.29,53.2,44.7,146.67,62.7042253521127,28.53,31.9,54.32,28.76,,84.2,55.15,84.155,31.735,50.79,136.47,85.99,156.04,104.51,185.82,84.49,53.25,373.41,89.74,57.75,120.08
1457,12/19/2022,92.65,65.46,96.19,38.13,56.83,95.05,242.44,236.24,87.12,45.49,234.89,67.1455399061033,36.32,40.11,62.84,44.4,,87.11,65.7,82.84,50.21,46.38,181.34,100.61,209.15,155.82,230.29,77.91,51.69,243.35,60.81,39.32,142.8
1458,12/20/2018,41.23,45.89,54.25,24.28,37.67,66.48,100.34,124.91,39.07,42.79,106.43,53.8215962441315,25.35,44.85,47.54,27.68,,73.4,41.16,69.525,24.605,50.44,110.21,69.08,107.47,95.42,166.88,61.82,57.24,238.67,53.34,69.61,87.28
1459,12/20/2019,45.79,66.71,57.55,35.07,49.17,74.58,156.71,206.86,53.28,44.96,147.44,64.4507042253521,28.87,32.22,54.97,29,,85.83,55.4,84.125,31.96,51.13,137.92,85.27,155.93,103.71,188.9,85.44,53.86,372.82,90.86,58.39,120.29
1460,12/20/2021,64.22,72.03,85.82,34.32,43.22,100.32,220.4,345.54,67.79,48.47,187.79,60.4413145539906,35.48,35.27,57.54,45.51,,59.05,64.78,93.91,45.82,48.11,169.42,92.86,248.03,135.04,239.45,71.21,43.38,312.4,84.84,48.83,139.2
1461,12/20/2022,92.94,65.1,96.47,38.49,56.18,95,240.93,237.64,83.13,45.24,233.65,66.6478873239437,36.26,39.79,62.79,44.58,,87.73,65.85,82.99,50.58,46.44,181.23,100.92,208.91,155.31,230.17,78.28,50.77,242.71,61.38,39.53,144.05
1462,12/21/2018,40.8,45.98,53.35,22.15,35.75,63.7,99.74,125.82,38.81,42.54,105.91,54.1220657276995,25.12,44.05,47.57,27.4,,73.6,40.68,69.07,24.115,49.09,109.42,66.21,106.45,96.1,162.18,60.89,55.5,238.17,51.73,67.26,87.13
1463,12/21/2020,49.37,78.72,64.82,35.97,48.32,68.71,210.96,254.52,58.99,47.64,149.66,57.774647887324,30.77,34.57,52.81,30.8,,77.47,57.68,93.69,44.485,42.94,145.4,84.17,213.47,114.38,214.46,72.47,44.58,399.02,63.85,40.67,145.97
1464,12/21/2021,64.83,71.73,88.27,33.83,42.3,100.79,221.72,352.75,65.06,47.51,187.33,58.8262910798122,35.32,35,57.77,43.87,,61.18,64.32,93.02,46.395,47.77,168.92,93.04,257.63,131.89,241.32,74.49,44.54,321.5,85.27,49.96,139.62
1465,12/21/2022,94.27,66.82,97.79,38.78,56.91,94.12,244.54,243.87,85.36,45.41,234.98,67.4272300469484,36.53,40.18,63.8,44.46,,88.65,66.89,84.25,50.975,45.59,182.5,100.52,210.14,157.94,233.39,77.14,51.45,247.71,60.76,38.6,145.18
1466,12/22/2020,48.73,77.76,64.09,35.99,47.76,67.22,213.07,257.46,58.6,47.03,148.62,57.4553990610329,31.07,34.39,52.76,30.89,,77.34,57.16,92.96,44.135,42.55,144.02,82.19,211.67,114.73,212.95,71.92,44.42,396.84,62.48,39.27,144.2
1467,12/22/2021,64.62,71.99,89,33.46,41.97,100.9,220.22,361.7,65.7,47.7,188.87,58.9483568075117,35.87,35.11,58.18,43.52,,60.95,64.83,93.39,46.74,46.88,169.97,92.91,261.7,133.14,243.21,75.27,44.66,328.19,84.93,50.41,139.8
1468,12/22/2022,93.49,66.52,97.11,38.76,56.82,93.4,245.53,242.22,85.17,45.41,234.93,67.2957746478873,36.29,40.36,63.34,45.25,,88.58,66.73,84.18,50.405,45.78,181.09,100.86,209.14,158.55,231.01,77.22,51.44,248.05,60.88,38.44,143.48
1469,12/23/2019,46.02,66.61,56.97,34.02,49.11,74.38,155.16,205.97,52.72,45.4,146.31,64.5821596244132,28.81,31.92,54.91,28.89,,85.5,54.73,83.625,31.68,51.55,137.04,86.02,155.69,103.37,188.04,85.3,53.05,374.31,91.39,58.57,119.03
1470,12/23/2020,49.35,77.58,64.72,36.41,48.11,68.01,211.17,259.63,58.99,47.34,149.45,57.849765258216,31.61,34.8,53.08,31.39,,78.6,57.35,92.98,44.47,42.87,144.41,82.2,209.98,115.17,215.48,72.87,45.39,397.29,64.55,39.87,143.22
1471,12/23/2021,65.44,71.72,90.16,33.33,41.96,101.31,221.33,365.99,65.99,47.77,188.46,59.0328638497653,35.94,35.25,58.22,43.21,,61.75,64.94,93.03,46.92,46.7,169.78,92.93,258.82,132.99,244.04,76.65,45.59,327.38,85.22,50.48,139.49
1472,12/23/2022,94.62,66.35,98.96,38.84,57.28,93.56,247.55,241.02,85.41,45.63,235.88,67.774647887324,36.37,40.52,63.82,45.89,,89.63,67.1,84.22,50.63,46.24,182.26,101.69,208.32,159.44,232.41,78.09,51.93,248.81,61.35,38.63,143.77
1473,12/24/2018,39.62,45.75,52.06,20.96,33.42,62.92,98.85,122.46,37.59,40.91,103.37,52.4131455399061,24.65,42.54,45.96,26.6,,71.53,39.48,67.025,23.975,47.56,106.03,65.97,103.52,93.16,156.95,59.95,55.15,229.54,50.75,65.26,85.82
1474,12/24/2019,46.08,66.73,57.05,34.05,49.23,74.51,156.25,205.45,52.98,45.35,146.09,64.7230046948357,28.65,31.98,54.71,29.1,,85.14,54.99,84.125,31.735,50.28,136.89,86.11,156.7,103.75,186.83,85.38,53.28,373.98,91.15,58.35,119.51
1475,12/24/2020,49.44,78.03,64.33,36.38,48.55,67.97,211.28,260.95,59.13,47.17,149.95,58.0093896713615,31.88,34.98,53.44,31.53,,77.65,57.85,93.47,44.905,41.72,145.06,82.51,212.42,116.09,215.81,72.42,45.47,405.06,64.79,39.62,143.5
1476,12/26/2018,40.67,46.57,53.5,21.43,34.25,65.41,105.95,126.9,38.42,42.34,105.63,53.6619718309859,25.61,43.29,46.94,27.73,,73.37,40,69.17,24.55,48.43,108.33,66.86,108.88,94.78,163.42,61.23,56.16,239.11,52.06,67.72,90.41
1477,12/26/2019,46.2,67.58,57.38,33.69,49.02,74.48,155.31,207.24,52.42,45.3,146.29,64.4694835680751,28.82,31.63,55.02,28.89,,86.15,54.85,84.81,31.94,50.4,136.69,86.03,155.79,102.65,189.66,85.54,53.61,372.77,91.3,58.9,119.52
1478,12/27/2018,40.96,47.26,53.29,21.22,33.5,65.24,106.46,128.39,39.03,42.56,106.13,53.6525821596244,25.47,43.76,47.53,27.38,,73.73,40.23,70.02,24.72,48.7,109.42,66.68,111.14,94.39,163.5,62.05,56.54,248.95,52.49,68.36,91.59
1479,12/27/2019,46.3,67.94,57.37,34.18,49.46,74.4,156.65,207.95,53.19,45.26,147.62,64.9389671361502,28.84,31.62,55.35,28.76,,86.07,55.28,85.925,31.785,50.4,137.54,86.31,156.2,103.1,189.23,85.74,53.83,371.98,91.42,59.02,119.59
1480,12/27/2021,66.07,72.09,91.06,33.42,42.18,102.4,224.69,369.27,66.06,47.98,189.88,59.3990610328638,36.11,35.43,58.65,43.74,,61.75,65.52,94.13,47.4,46.79,171.47,93.54,262.07,133.85,246.8,77.51,45.68,331.16,86.16,50.73,140.76
1481,12/27/2022,95.91,66.58,100.58,39.02,57.55,93.02,247.17,248.29,85.94,45.84,235.73,68.2347417840376,36.1,40.96,64.21,45.95,,90.01,67.49,84.83,51.005,46.48,183.07,102.68,206.89,159.88,232.39,77.97,52.33,248.87,61.69,38.31,143.81
1482,12/28/2018,40.78,47.42,53,21.18,33.44,65.19,107.07,128.56,38.76,42.37,106.3,53.7558685446009,25.41,43.57,47.2,27.58,,73.61,39.89,69.505,24.52,48.89,110.36,67.27,112.04,93.91,162.86,62.28,55.94,254.5,52.34,68.05,92.13
1483,12/28/2020,49.7,78.35,64.11,36.62,48.43,68.08,210.39,263.82,59.35,47.22,151.8,58.5352112676056,31.99,35.21,54.16,31.39,,77.44,58.27,93.42,45.405,41.48,146.91,82.49,211.43,116.33,218.64,73.83,45.48,406.56,64.38,39.66,145.22
1484,12/28/2021,66.93,72.04,91.73,33.94,43.36,102.77,228.32,367.8,66.89,48.43,190.97,60.0469483568075,36.37,35.86,58.88,44.42,,62.22,66.01,94.96,47.35,47.38,172.36,93.86,260.89,135.2,248.99,78.32,45.77,330.03,86.67,51.43,142.78
1485,12/28/2022,93.62,65.57,99.5,38.65,57.04,92.76,245.01,246.19,84.76,45.37,232.87,67.3427230046948,35.77,40.44,63.57,44.58,,88.93,66.83,83.24,50.66,45.85,181.75,100.94,205.77,158.39,231.88,76.99,51.38,247.55,61.19,37.58,141.29
1486,12/29/2020,49.45,78.94,63.44,36.42,48.42,67.9,211.34,262.75,59.15,46.75,151.44,58.4882629107981,32,34.9,54.13,31.46,,76.84,58.45,94.82,45.52,40.73,147.42,81.87,211.26,115.33,217.44,72.83,45.54,406.04,63.5,39.41,144.3
1487,12/29/2021,67.01,72.45,92.21,33.88,43.22,103.7,233.58,370.08,67.02,48.53,191.82,59.9906103286385,36.58,35.81,58.95,44.71,,62.66,66.37,95.62,47.895,47.4,172.97,94.3,261.11,135.1,249.78,77.94,45.95,333.69,86.42,52.25,142.71
1488,12/29/2022,93.12,66.15,99.79,38.77,56.71,93.45,248.01,249.93,84.38,45.51,233.25,67.1079812206573,35.83,40.68,63.95,44.62,,88.94,66.97,84.14,51.01,45.87,181.98,101.19,209.37,158.56,234.8,76.84,51.6,251.35,61.79,37.47,142.15
1489,12/30/2019,46.12,67.58,57.15,34.04,49.25,73.7,157.35,206.4,52.74,45,146.82,64.5821596244132,28.87,31.71,55.27,29.06,,85.45,55,85.19,31.68,49.89,136.81,85.7,154.59,103.15,188.37,85.8,53.78,371.39,90.34,58.91,119.4
1490,12/30/2020,49.91,78.68,65.19,36.13,48.02,67.75,209.93,262.62,58.56,46.44,150.53,57.774647887324,31.82,34.67,54.44,31.55,,77.36,58,94.56,45.73,40.74,147.31,81.48,209.72,114.72,218.21,73.29,45.24,407.56,63.59,39.34,144.18
1491,12/30/2021,66.86,72.4,92.06,33.88,43.15,103.68,235.83,367.34,67.05,48.57,191.27,60.0281690140845,36.68,35.66,58.78,45.14,,63.02,65.75,95.57,47.695,47.25,172.67,94.26,261.99,135.34,249.39,78.0,45.9,330.89,86.32,51.99,143.17
1492,12/30/2022,92.85,65.68,99.77,38.7,56.75,93.19,246.25,248.11,83.85,45.55,231.57,66.8920187793427,35.66,40.71,63.61,44.58,,89.36,66.65,82.89,50.765,45.71,180.66,101.21,208.13,158.46,231.75,76.45,51.52,249.63,62.25,37.36,141.79
1493,12/31/2018,40.97,47.58,53.44,21.36,32.99,65.52,108.08,130.1,38.94,42.68,107.18,53.5305164319249,25.64,43.04,47.35,27.5,,73.56,40.03,69.62,24.61,49.39,110.48,66.76,113.87,93.49,160.82,62.66,56.16,258.48,53.4,68.33,93.15
1494,12/31/2019,46.35,67.6,57.55,34.24,49.42,74.29,155.98,206.54,53.56,45.11,146.98,64.9389671361502,28.95,32.13,55.35,28.99,,86.03,55.08,84.865,31.775,49.91,136.67,85.09,154.97,104.13,189.75,85.54,53.9,376.44,91.04,58.96,118.84
1495,12/31/2020,50.41,79.43,65.58,36.26,48.35,68.3,210.3,266.19,58.8,46.61,152.33,58.4319248826291,32,34.66,54.84,31.76,,78.74,58.47,95.6,46.24,41,148.3,82.79,212.56,115.6,219.05,74.26,45.19,411.57,64.44,39.88,144.15
1496,12/31/2021,67.59,72.86,93.36,34.15,43.46,103.16,235.83,370.2,67.38,48.81,193.47,60.4882629107981,36.86,35.9,59.21,45.26,,63.38,66.31,96.61,48.02,47.39,173.71,95.0,260.48,135.82,250.97,78.55,46.35,328.48,87.16,52.16,144.69
