,date,APA,COP,CTRA,CVX,DINO,DVN,EOG,FANG,FTI,HAL,HES,MPC,MRO,OXY,PSX,PXD,SLB,TRGP,VLO,WMB,XOM
0,01/02/2018,44.3,55.32,28.9,127.58,51.3,42.23,109.3,127.88,23.7053571428571,49.61,47.85,67.18,17.38,73.98,101.75,172.92,69.52,49.09,92.8,31.14,85.03
1,01/02/2019,27.11,63.38,23.53,110.69,51.3,23.21,90.61,95.22,14.7247023809524,27.3,42.24,59.64,14.72,62,88.12,134.3,37.2,36.74,75.56,22.42,69.69
2,01/02/2020,25.36,65.46,17.23,121.43,51.39,25.79,84.14,92.65,15.8705357142857,24.68,67.72,61.91,13.68,42.58,112.2,152.34,40.17,40.61,95.13,23.49,70.9
3,01/03/2018,45.33,56.34,29.03,128.51,51.38,42.72,110.93,129.17,23.8764880952381,50.5,49.4,68.61,17.67,75,102.43,176.34,71.33,49.93,93.29,32,86.7
4,01/03/2019,27.18,62.18,23.38,108.57,49.07,23.52,89.97,96.16,14.7544642857143,27.13,42.39,58.77,14.62,61.24,86.9,134.73,37.6,37.37,74.2,22.61,68.62
5,01/03/2020,25.69,65.7,17.28,121.01,48.18,26.1,84.99,94.41,16.0565476190476,24.76,69.84,58.23,13.75,43.61,108.49,153.35,40.56,41.25,91.52,23.59,70.33
6,01/03/2022,28.06,73.77,19.57,119.26,33.87,45.57,91.16,111.84,6.37,23.99,76.79,65.66,16.87,31.06,75.74,186.89,31.72,53.24,77.14,26.5,63.54
7,01/03/2023,43.62,113.12,23.21,173.99,49.65,58.12,124.45,131.38,11.55,37.66,134.52,110.92,25.64,61.05,101.03,220.25,51.5,70.65,120.04,32.15,106.51
8,01/04/2018,46.84,56.99,28.91,128.11,50.97,43.23,110.95,130.13,24.0997023809524,51.63,50.59,68.68,18.12,74.96,102.15,177.27,73.1,50.37,93.59,32.55,86.82
9,01/04/2019,28.32,63.75,23.13,110.82,51.72,24.57,93.92,99.93,15.5357142857143,28.42,45.69,61.65,15.41,63.21,90.84,139.29,39.09,39.4,77.01,23.55,71.15
10,01/04/2021,14.77,39.57,16.6,84.71,25.27,16.13,49.86,48.94,7.32142857142857,18.83,52.8,40.75,6.83,17.45,69.88,113.48,21.95,26.16,55.73,20.1,41.5
11,01/04/2022,29.46,76.97,20.93,121.43,33.32,47.66,95.35,119.2,6.55,25.43,81.16,67.81,17.61,33.38,78.57,191.28,33.26,54.37,78.51,26.74,65.93
12,01/04/2023,42.15,113.34,23.98,172.14,50.2,58.9,124.36,130.62,11.59,38.43,136.57,110.58,25.32,61.11,100.68,223.05,51.7,71.03,119.62,32.35,106.82
13,01/05/2018,46.39,56.88,28.76,127.9,51.25,43.11,112.17,129.98,24.1741071428571,51.82,52.16,69.34,17.89,74.55,102.16,176.51,73.6,48.45,94.03,32.46,86.75
14,01/05/2021,16.18,41.84,16.76,87,25.58,17.36,53.92,53.67,7.72321428571429,20.41,56.54,42.09,7.45,19.21,71.75,121.35,23.13,27.78,57.32,20.71,43.5
15,01/05/2022,28.4,75.65,20.68,122.22,33.12,46.61,93.6,118.11,6.46,25.18,80.83,68.24,17.21,31.81,78.32,192.92,33.26,54.06,78.2,26.8,66.75
16,01/05/2023,41.76,116.77,23.67,175.24,50.58,60.17,124.38,134.04,11.82,38.95,140.78,115.73,25.87,62.22,103.02,227.13,52.67,70.93,126.59,32.02,109.21
17,01/06/2020,25.64,66.48,17.42,120.6,48,26.41,88.44,94.9,16.1681547619048,25.39,70.86,58.22,13.96,45.05,107.81,158.11,40.82,41.86,91.53,23.9,70.87
18,01/06/2021,16.84,43.51,17.07,89.8,25.64,18.32,55.06,56.32,8.09523809523809,20.82,59.73,42.95,7.5,20,71.22,126.36,24.41,28.55,58.6,21.5,44.61
19,01/06/2022,29.62,78.49,20.46,123.26,33.85,48.37,95.52,123.65,6.67,25.61,85.25,70.15,18.03,32.76,80.48,198.33,34.05,55.56,80.16,27.44,68.32
20,01/06/2023,42.89,118.23,24.26,176.56,50.9,61.23,127.47,138.14,12.44,40.21,143.7,116.82,26.6,63.75,105.7,233.46,54.5,73.1,127.56,32.56,110.53
21,01/07/2019,28.93,63.47,24.07,112.26,52.34,25.35,94.51,102.63,16.1458333333333,28.82,47.88,62.26,15.62,64.48,91.47,142.32,40.17,41.02,77.09,24.15,71.52
22,01/07/2020,32.51,66.48,17.52,119.06,48.35,26.49,89.29,96.42,15.78125,24.67,70.94,59.14,13.79,45.27,108.14,156.95,40.61,41.97,92.73,23.9,70.29
23,01/07/2021,17.11,44.7,17.42,90.22,26.12,18.57,58.62,56.79,8.46726190476191,20.35,61.16,44.17,7.69,20.57,71.86,131.99,24.88,30.47,59.67,21.54,44.96
24,01/07/2022,29.67,80.64,21.55,125.03,33.65,48.89,98.16,121.52,6.85,26.02,86.62,70.93,18.24,33.21,81.96,199.07,35.03,55.91,81,28.01,68.88
25,01/08/2018,45.92,57.46,28.91,128.53,51.72,43.25,112.71,130.99,24.3973214285714,52.29,52.49,69.39,17.97,75.19,102.06,178.53,74.8,48.59,94.22,32.58,87.14
26,01/08/2019,29.36,64.32,24.42,111.77,51.82,25.55,95.52,104.95,16.6145833333333,29.2,48.48,62.87,15.48,64.99,91.39,142.2,40.67,42.7,77.36,24.87,72.04
27,01/08/2020,32.73,64.94,16.85,117.7,47.71,25.55,87.34,93.33,15.2455357142857,24.05,68.52,58.52,13.28,44.98,104.1,152.08,39.41,39.59,93.09,23.53,69.23
28,01/08/2021,16.58,44.7,17.27,91.08,25.39,18.11,58.87,56.76,8.70535714285714,20.12,60.25,43.18,7.55,20.08,70.71,131.24,24.84,29.2,57.71,21.3,45.46
29,01/09/2018,44.55,57.93,29.12,127.84,51.26,42.54,111.71,127.49,24.0922619047619,52.11,52.46,69,18.05,74.89,101.72,177.95,74.9,48.52,94.1,32.73,86.77
30,01/09/2019,30.86,66.45,23.85,113.27,52.95,25.83,99.19,106.79,17.0535714285714,30,50.16,64.22,16.07,65.78,91.99,145.81,41.24,43.79,77.29,25.15,72.42
31,01/09/2020,32.6,66.07,17.26,117.51,48.16,25.85,88.25,94.15,15.5133928571429,24.19,69.09,59.39,13.45,45.37,105.62,152.23,39.86,40.36,95.18,23.67,69.76
32,01/09/2023,43.37,117.36,24.79,175.18,50.16,62.2,127.75,141.49,12.38,40.44,144.22,115.76,27.03,64.08,102.01,230.16,55.64,74.92,128.58,32.63,108.47
33,01/10/2018,43.99,57.65,27.96,128.66,51.28,42.18,112.01,127.29,24.4270833333333,52.47,53,69.51,17.9,74.25,102.08,178.7,75.6,49.52,94.15,32.75,86.08
34,01/10/2019,30.96,67.94,24.12,113.45,53.32,26.29,99.12,106.13,16.875,30.87,51.95,63.63,16.35,66.19,92.94,145.24,41.65,42.83,77.42,25.15,72.05
35,01/10/2020,32.38,65.42,17.49,116.44,48.69,25.1,86.27,92.26,15.6324404761905,24.08,68.51,60.22,13.18,45.9,104.87,149.4,39.83,39.65,96.89,23.5,69.14
36,01/10/2022,29.42,81.03,21.36,125.11,34.24,48.5,98.06,121.35,6.78,25.85,85.15,70.45,17.74,32.38,83.86,199.12,35.12,54.57,81.03,27.95,68.47
37,01/10/2023,43.24,118.08,25.08,176.04,51.7,63.13,127.61,141.95,12.44,40.94,143.62,116.5,27.01,64.15,101.57,231.16,55.96,74.39,132.01,32.14,110.09
38,01/11/2018,46,59.18,28.4,132.57,51.5,43.07,115.14,129.9,25.3050595238095,53.33,54.72,70.25,18.6,75.82,102.37,184.17,77.05,50.82,94.55,33.1,86.93
39,01/11/2019,31.1,66.39,24.18,112.54,53.52,26.36,96.87,104.1,16.8154761904762,30.7,51.27,64.87,16.11,66.22,92.69,142.24,41.74,42.08,78.47,25.04,71.72
40,01/11/2021,16.66,45.36,18.04,91.6,25.86,18.33,59.61,58.3,8.91369047619048,20.57,60.94,43.59,7.64,20.08,72.27,131.42,24.99,29.21,58.64,21.51,46.84
41,01/11/2022,32,83.59,21.25,127.97,34.96,49.8,102.2,124.36,6.87,27.24,90.04,72.69,18.66,34.7,86.15,204,36.48,56.4,83.85,28.87,71.35
42,01/11/2023,43.82,118.24,24.69,175.2,51.58,62.85,126.85,142.24,12.47,40.99,145.25,117.6,27.05,64.09,101.42,231.6,56.32,74.65,133.6,32.43,111.37
43,01/12/2018,47.16,60.05,28.88,133.6,52.51,44.04,115.7,130.14,25.8928571428571,53.14,54.54,71.42,18.82,76.53,104.97,186.15,77.97,51.44,96.75,33.21,87.52
44,01/12/2021,18.53,47.42,18.58,93.34,27.35,19.71,62.44,62.87,9.54613095238095,22.13,63.84,45.58,8.39,22.62,73.74,135.12,26.14,31.01,59.51,22.43,47.88
45,01/12/2022,32.65,84.4,22.54,127.33,34.81,49.9,102.77,124.57,6.95,27.44,91.58,73.08,18.71,34.75,86.3,204.91,36.45,56.97,84.37,29.2,71.14
46,01/12/2023,45.35,120.16,25.39,177.08,52.12,64.03,130.45,145.33,12.86,42.17,150.73,121.01,27.38,65.74,102.86,239.18,58,75.41,135.32,32.96,113.22
47,01/13/2020,32.01,65.13,17.19,116.66,48.33,25.36,85.52,90.48,15.8779761904762,23.75,69.3,59.62,13.19,46.57,105.3,146.78,39.23,40.16,96.25,23.78,69.8
48,01/13/2021,17.8,47.03,18.92,93.25,26.34,19.13,60.47,61.54,8.80208333333333,21.57,62.1,44.32,8.04,22.33,71.77,130.93,25.46,30.69,57.7,22.24,48.42
49,01/13/2022,32.09,83.62,21.84,126.8,35.26,49.64,102,124.08,6.86,27.93,90.61,73.12,18.57,34.15,86.78,207.3,36.17,57.11,83.36,28.93,70.63
50,01/13/2023,45.34,121.47,25.1,177.56,52.01,63.59,129.46,145.24,12.88,42.66,152.21,121.93,27.08,65.31,103.03,238.99,58.28,75.4,136.13,32.81,113.15
51,01/14/2019,31.57,65.61,24.66,111.72,53.09,26.17,98.51,104.51,16.8080357142857,30.37,50.81,64.88,15.83,65.58,92.83,142.89,41.32,41.9,78.95,25.31,71.63
52,01/14/2020,33.59,65.14,17.51,116.3,48.52,26.23,86.33,91.26,15.6026785714286,23.94,70.06,59.84,13.28,47.24,106.38,146.78,39.53,40.89,95.4,23.84,69.2
53,01/14/2021,18.35,47.87,19.3,95.49,29.23,20.28,62.24,61.93,9.18154761904762,21.76,63.78,45.52,8.67,24.24,74.14,132.38,25.96,31.07,60.27,22.69,50.31
54,01/14/2022,33.29,86.74,22.2,128.96,37.67,50.39,105.63,129.21,7.05,28.74,91.78,74.74,19.47,35.51,88.58,215.7,37.81,57.78,85.2,29.29,71.87
55,01/15/2019,31.75,66.03,24.8,112.12,52.86,26.4,98.59,105.01,16.8973214285714,30.35,51.82,64.33,15.83,65.52,92.45,143.03,41.72,42.55,78.77,25.45,71.67
56,01/15/2020,33.54,65,17.34,116.13,46.64,26.24,86.74,91.31,15.014880952381,23.57,70.08,58.13,13.24,47.26,104.89,145.4,38.33,40.83,92.26,23.81,69.09
57,01/15/2021,17.27,45.12,19.07,92.09,28.21,19.57,59.19,59.24,8.81696428571428,20.74,61.04,43.98,8.25,22.39,71.74,127.38,24.91,30.03,58.3,22.5,47.89
58,01/16/2018,46.27,58.84,28.03,132.01,52.25,43.26,113.39,128.02,24.84375,52.13,53.54,70.78,18.24,75.27,103.5,182.51,77.17,50.75,96.15,32.59,86.97
59,01/16/2019,31.21,65.66,25.03,111.4,53.3,25.89,98.67,105.64,17.1354166666667,30.36,51.28,64.34,15.54,65.14,92.99,143.54,41.25,42.83,79,25.86,71.64
60,01/16/2020,33.1,65.07,17.37,116.89,46.93,26.44,87.02,90.74,14.9404761904762,23.81,70.31,57.53,13.34,46.67,103.79,146.99,38.78,41.26,91.98,24.04,68.82
61,01/17/2018,46.53,59.86,27.98,132.36,52.4,43.44,113.53,127.44,25.0520833333333,52.85,54.02,71.98,18.84,75.86,106.16,184.32,77.21,51.21,97.56,32.52,88
62,01/17/2019,31.69,67.06,25.26,111.96,55.08,26.39,99.05,105.65,17.3139880952381,30.9,51.84,65.79,15.79,65.83,93.42,143.27,41.37,42.74,80.49,26.16,72.13
63,01/17/2020,32.67,65.07,16.81,115.58,46.92,25.85,85.31,89.54,14.7247023809524,23.96,69.9,56.89,13.21,45.83,103.31,148.79,38.37,41.28,91.22,23.86,68.56
64,01/17/2023,45.14,120.24,25.34,180.49,52.4,63.49,130.06,145.73,12.93,42.53,151.65,121.77,26.8,64.72,102.51,237.9,58.46,75.14,137.61,32.78,112.93
65,01/18/2018,46.7,59.76,27.57,131.59,50.91,43.2,114.24,127.23,24.6651785714286,52.36,53.84,71.49,18.69,75.39,105.29,184.38,76.37,50.69,96.46,32.28,87.43
66,01/18/2019,32.09,67.9,25.62,114.37,55.97,27.14,101.05,106.89,17.9166666666667,32.25,52.81,66.09,16.1,67.03,95.3,144.9,44.73,43.5,82.59,26.4,72.99
67,01/18/2022,32.97,87.51,21.82,129.38,37.54,50.36,105.67,125.94,6.96,28.6,92.18,74.55,19.43,36.03,88.66,216.09,37.54,57.43,85.64,29.59,73.08
68,01/18/2023,44.06,118.55,24.68,177.23,53.35,62.62,128.79,144.1,12.42,40.6,150.76,121.31,26.88,64.42,102.71,233.97,57.13,73.42,135.52,31.68,110.61
69,01/19/2018,46.05,59.75,27.51,131.3,50.94,42.85,114.37,127.57,24.9255952380952,53.01,52.61,71.89,18.58,75.55,105.63,183.17,76.42,50.73,97.26,32.3,87.15
70,01/19/2021,17.82,46,18.61,94.51,29.52,20,60.48,60.02,8.72023809523809,20.54,62.14,46.09,8.57,23.07,74.78,132.04,25.42,30.08,60.54,22.45,48.84
71,01/19/2022,32.38,87.28,20.88,128.91,37.05,48.93,105.13,125.71,6.85,28.38,91.23,73.35,19.1,35.83,87.24,219.06,37.1,56.31,84.21,29.03,73.11
72,01/19/2023,45.16,119.64,25.3,179,54.91,64.08,131.29,146.43,12.58,40.19,153.83,123.23,27.39,65.67,104.38,238.38,57.38,74.87,138.47,31.93,111.32
73,01/20/2021,17.47,45.36,18.32,95.38,29.28,19.97,60.2,60.62,8.40773809523809,20.08,62.26,46.17,8.62,23.02,75.39,132.13,25.35,29.77,60.57,22.43,49.53
74,01/20/2022,31.25,85.63,20.03,128.45,35.44,48.63,103.5,121.91,6.59,28.14,88.97,71.99,18.68,34.95,85.5,215,37.05,55.56,81.41,28.77,73.27
75,01/20/2023,45.09,121.8,25.62,180.9,56.93,64.75,132.75,147.55,13.03,40.69,154.8,125.72,27.88,66.91,106.96,239.4,57.35,75.66,142.73,31.46,113.35
76,01/21/2020,31.74,64.03,15.52,113.31,46.84,24.99,84.04,88.32,14.4345238095238,23.77,68.49,56.18,12.85,44.32,102.34,147.35,36.95,40.22,90.25,23.01,67.58
77,01/21/2021,16.64,43.19,18.36,92.01,28.68,18.39,55.03,60.78,8.37797619047619,19.41,60.71,45.39,8.25,21.54,73.16,130,24.19,28.77,58.86,21.67,48.11
78,01/21/2022,30.1,82.72,19.33,126.91,34.01,46.12,100.63,117.99,6.48,27.54,87.69,70.7,18.1,33.75,83.44,206.91,36.36,55.45,79.29,28.76,72.17
79,01/22/2018,47.66,60.67,28.11,132.56,51.74,44.81,116.82,132.21,25.7366071428571,56.4,53.47,73.16,19.28,77.63,106.66,186.3,79.79,51,98.95,32.85,88.25
80,01/22/2019,31.52,65.75,25.21,112.34,54.35,26.63,96.86,101.46,17.1279761904762,31.26,51.87,64.82,15.69,65.12,93,139.98,43.96,42.26,82.01,26.16,71.89
81,01/22/2020,30.87,63.01,15.43,112.9,46.5,24.3,83.09,85.44,13.8839285714286,23.93,67.2,55.97,12.45,43.29,101.86,144.63,36.68,39.35,89.62,22.64,67.19
82,01/22/2021,16.38,42.69,18.54,91.73,29.06,17.8,54.86,63.74,8.34077380952381,19.24,59.93,45.75,8.15,21.49,72.55,131.16,24.41,28.77,59.45,21.6,47.43
83,01/23/2018,47.77,60.47,28.36,131.02,51.72,44.52,117.84,132.31,25.6324404761905,56.83,53.62,73.12,19.22,77.42,106.9,186.01,79.21,51.03,98.69,33.15,88.3
84,01/23/2019,30.97,65.86,24.96,111.39,54.21,26.32,96.57,101.33,16.8005952380952,31.05,51.05,64.85,15.56,64.57,92.63,137.42,43.31,41.27,79.78,25.82,71.3
85,01/23/2020,30.27,63.14,15.23,113.1,46.2,24.4,81.83,84.7,13.7127976190476,23.58,66.53,55.33,12.22,42.52,102.08,140.43,36.43,39.37,89.51,22.44,66.77
86,01/23/2023,45.36,120.13,25.78,180.66,57.83,65.76,134.18,149.35,13.13,40.57,155.16,126.88,28.1,66.5,106.94,241.45,55.86,75.6,143.08,31.68,112.76
87,01/24/2018,48.12,60.49,28.11,131.39,49.26,44.52,118.47,130.36,25.78125,55.34,53.88,71.59,19.28,77.56,104.63,188.33,78.18,50.79,97.66,33.1,88.53
88,01/24/2019,31.84,66.12,25.48,113.51,53.85,26.6,97.24,101.56,17.0089285714286,31.21,51,63.11,15.8,64.98,91.33,138.31,43.56,41.26,78.95,26.5,71.4
89,01/24/2020,29.98,62.62,14.64,111.85,46.53,23.95,79.85,82.84,13.3705357142857,23.1,64.41,54.49,11.93,42.22,100.32,142.03,35.77,38.68,89.26,22.19,66.32
90,01/24/2022,30.54,83.02,19.53,127.18,33.75,48.33,102.31,119.42,6.44,28.59,88.74,70.39,18.3,34.01,82.83,206,36.6,55.56,78.59,28.27,72.79
91,01/24/2023,44.06,118.81,25.2,180.83,58.4,63.97,132.76,147.24,13.18,39.84,153.88,130.21,27.85,64.43,107.01,237.74,55.47,75.09,145.03,31.44,113.81
92,01/25/2018,47.45,59.48,27.62,130.65,48.5,43.91,117.45,126.85,25.2901785714286,55.2,53.59,71.08,18.68,76.74,104.17,188.5,77.33,50,97.18,32.4,88.37
93,01/25/2019,32.06,66.99,25.91,113.22,55.06,27.25,99.1,102.21,17.3363095238095,32.1,53.1,64.08,15.9,66.53,93.02,140.23,45,42.55,82.19,26.67,71.72
94,01/25/2021,15.73,42.58,18.69,90.9,30.13,17.37,55.2,61.33,7.84970238095238,18.63,58.05,46.23,7.82,21.51,72.08,129.33,23.74,27.97,59.41,21.66,46.9
95,01/25/2022,33.07,87.11,20.35,132.59,34.63,51.26,106.94,126.98,6.81,30.59,91.5,71.5,19.5,36.77,85.96,213.14,38.79,56.87,81.16,28.97,74.93
96,01/25/2023,44.09,120.37,25.1,179.08,57.49,64.17,132.5,147.08,13.61,40.03,157.89,129.81,27.86,64.52,108.85,236.22,56.25,75.31,143.35,31.4,113.21
97,01/26/2018,48.08,60.39,27.83,131.19,48.81,43.86,117.76,130.09,25.3720238095238,55.61,53.69,71.74,18.84,77.18,106.59,188.36,77.61,49.99,98.69,32.53,89
98,01/26/2021,15.3,41.68,18.39,89.36,29.97,16.85,53.49,59.61,7.95386904761905,18.2,57.19,45.16,7.47,20.38,71.31,123.64,22.74,27.59,58.15,21.44,45.87
99,01/26/2022,33.11,87.06,20.27,132.69,34.3,51.79,107.53,127.4,6.9,30.8,87.74,70.98,19.61,37.06,85.05,212.45,39.8,57.36,81.3,29.21,74.17
100,01/26/2023,45.36,124.65,25.26,187.79,59.18,65.72,135.93,149.89,13.91,41,160.44,135.35,28.76,67.09,111.49,237,57.47,76.05,149.96,31.43,117.76
101,01/27/2020,28.85,61.04,14.42,110.39,44.13,22.62,76.64,79.37,12.8720238095238,21.65,62.15,52.7,11.69,41.24,96.92,135.39,33.96,37.55,85.05,21.61,64.74
102,01/27/2021,14.6,40.65,19.05,88.2,30.87,17.21,55.01,56.59,8.41517857142857,17.28,55.97,43.94,7.54,20.58,71.2,117.63,21.81,26.99,58.73,21.21,45.35
103,01/27/2022,32.95,89.66,20.99,135.37,34.76,51.74,109.75,128.64,6.63,30.83,89.68,71.9,19.85,37.26,85.82,213.85,38.86,57.74,81.98,29.37,75.12
104,01/27/2023,45.73,123.61,25.33,179.45,56.96,65.27,134.66,150.96,13.75,40.52,156.25,132.85,28.31,66.54,108.73,234.39,56.97,75.35,143.21,31.51,115.61
105,01/28/2019,32.29,65.35,25.51,112.17,53.63,26.5,98.1,100.3,17.0014880952381,31.23,51.73,63.72,15.83,66.08,92.5,139.71,44.24,42.46,81.03,26.58,71.24
106,01/28/2020,28.73,61.18,14.71,111.12,45.6,22.72,77.05,79.12,12.485119047619,22.08,62.12,52.93,11.77,41.2,96.69,140.97,33.96,38.26,85.95,21.64,64.65
107,01/28/2021,14.94,41.11,18.38,89.02,29.74,17.2,53.72,60.31,8.14732142857143,18.27,55.9,44.77,7.56,20.95,71.45,122.6,22.64,28.05,58.33,21.46,46.06
108,01/28/2022,33.17,89.22,21.63,130.61,35.01,51.55,109.7,128.72,6.47,31.36,91,71.8,19.84,37.57,84.25,215.37,39.68,57.95,81.41,29.64,75.28
109,01/29/2018,46.65,59.66,27.06,128.48,46.82,43.33,116.58,129.05,24.6130952380952,54.8,52.31,70.15,18.62,76.24,104.25,187,76.38,48.89,96.39,31.98,88.01
110,01/29/2019,33.08,65.3,25.62,111.83,54.1,26.85,98.87,100.16,17.1279761904762,30.85,51.87,64.14,15.91,66.48,93.35,140.2,44,43.66,81.14,26.68,71.51
111,01/29/2020,28.09,60.49,14.32,110.37,45.98,22.19,75.14,77.57,12.3809523809524,21.63,57.82,53.59,11.75,40.47,95.8,138.92,33.73,38.05,86.46,21.16,64.11
112,01/29/2021,14.28,40.03,18.33,85.2,28.46,16.46,50.96,56.69,7.95386904761905,17.63,53.98,43.16,7.24,20.06,67.8,120.9,22.21,27.37,56.43,21.23,44.84
113,01/30/2018,44.57,58.46,26.69,125.23,46.55,41.52,115.17,126.27,24.1517857142857,54.14,50.52,69.13,18.06,74.76,102.28,182.66,74.54,47.92,94.34,31.51,86.78
114,01/30/2019,33.4,65.69,25.35,113.01,55.9,27.67,99.45,102.26,17.2172619047619,31.57,53.93,65.33,16.02,66.97,94.53,141.51,45,43.18,83.28,27.02,72.29
115,01/30/2020,28.18,60.89,14.31,111.4,45.19,22.49,75.82,76.49,12.2470238095238,21.95,58.56,54.35,11.86,40.59,96.41,137.53,34.04,37.02,88.19,21.27,64.79
116,01/30/2023,44.16,120.53,24.66,174.2,55.92,62.34,132.1,145.34,13.63,40.34,151.77,129.14,27.09,64.13,106.42,229.83,56.34,73.84,140.19,31.03,113.56
117,01/31/2018,44.87,58.81,26.35,125.35,47.96,41.37,115,125.5,24.1517857142857,53.7,50.51,69.27,18.19,74.97,102.4,182.91,73.58,48,95.97,31.39,87.3
118,01/31/2019,32.82,67.69,24.95,114.65,56.34,26.65,99.2,103.12,17.0833333333333,31.36,54,66.26,15.79,66.78,95.41,142.32,44.21,43.01,87.82,26.93,73.28
119,01/31/2020,27.44,59.43,14.09,107.14,44.92,21.72,72.91,74.4,12.2842261904762,21.81,56.57,54.5,11.37,39.72,91.37,135,33.51,36.5,84.31,20.69,62.12
120,01/31/2022,33.21,88.62,21.9,131.33,35.16,50.57,111.48,126.16,6.49,30.74,92.29,71.75,19.47,37.67,84.79,218.89,39.07,59.08,82.97,29.94,75.96
121,01/31/2023,44.33,121.87,25.03,174.02,56.9,63.24,132.25,146.12,13.89,41.22,150.16,128.52,27.47,64.79,100.27,230.35,56.98,75.02,140.03,32.24,116.01
122,02/01/2018,44.69,59.35,26.2,125.57,47.62,42.22,116.52,126.64,24.8139880952381,54.51,50.59,68.69,18.43,76.1,100.86,186.65,75.51,48.91,94.69,31.68,89.07
123,02/01/2019,32.65,68.68,25.07,118.37,55.2,27.01,98.85,102.89,17.2395833333333,32.12,55.66,65.47,16,68.04,94.21,143.01,44.56,43.61,85.26,27.43,75.92
124,02/01/2021,15.12,40.71,18.61,86.41,28.01,16.76,51.33,57.98,7.97619047619048,17.86,54.5,43.45,7.34,20.39,67.38,120.26,22.16,28,56.24,21.29,44.92
125,02/01/2022,34.71,91.54,22.19,134.79,36.81,52.56,113.18,130.21,6.86,31.37,93.5,74.02,20.65,39.29,87.66,224.22,39.52,60.73,86.55,30.52,80.83
126,02/01/2023,43.4,117.7,24.54,171.36,54.65,61.89,127.29,143.35,13.93,40.84,144.24,122.97,26.78,63.5,97.99,223.96,55.7,74.58,136.23,31.86,114.74
127,02/02/2018,42.82,57.72,25.19,118.58,46.4,40.03,112.83,122.46,24.3154761904762,52.19,47.79,67.41,17.52,73.58,97.01,178.74,73.69,47.14,93.19,30.7,84.53
128,02/02/2021,15.56,40.97,18.27,87.06,28.24,16.96,51.26,58.42,7.93898809523809,18.02,54.48,45.15,7.38,20.73,68.66,119.58,22.51,29.21,57.77,21.42,45.63
129,02/02/2022,34.77,92.21,22.92,135.41,36.87,53.24,112.92,130.97,6.77,31.41,93.1,78.5,20.97,39.62,87.7,223.48,39.25,61.26,86.61,30.68,80.62
130,02/02/2023,42.36,111.3,24.73,169.01,54.05,60.95,124.75,137.57,13.01,38.56,138.78,119.9,26.19,62.47,98.98,220,52.29,74.77,133.05,32.21,111.15
131,02/03/2020,27.56,59.18,14.16,106.28,43.14,21.18,71.37,73.08,12.641369047619,21.5,56.43,52.06,11.47,40.08,88.97,132.57,33.46,36.56,80.25,21.12,60.73
132,02/03/2021,16.43,43.21,18.94,88.96,29.42,18.2,55.88,63.58,8.31845238095238,18.81,58.36,47.3,7.8,22.02,71.29,126.64,24.18,30.03,60.1,21.92,47.42
133,02/03/2022,34.54,90.87,22.95,134.2,35.93,53.01,111.78,129.39,6.62,31.22,92,76.97,20.84,40,87.22,222.76,38.58,60.32,85.09,30.31,79.68
134,02/03/2023,42.04,108.11,24.26,169.45,53.15,60.85,124.62,138.4,13.14,38.57,137.57,118.2,26.03,61.24,98.81,220,52.64,73.41,131.73,32.08,111.92
135,02/04/2019,33.13,69.93,24.89,119.74,55.14,27.16,99.38,104.55,17.5,32.25,55.67,65.91,16.15,67.74,94.76,144.57,44.6,44.17,84.79,27.37,74.82
136,02/04/2020,28.14,56.49,14.41,106.85,42.74,21.86,73.62,73.22,12.983630952381,21.67,57.67,53.39,11.77,40.5,88.72,135.9,34.07,37.58,81.24,21.48,59.97
137,02/04/2021,16.32,44.01,18.87,89,30.09,18.15,57.47,65.35,8.51934523809524,19.11,57.87,47.33,7.81,22.3,71.93,126.6,24.81,29.81,61.06,22.02,48.33
138,02/04/2022,34.49,91.87,23.42,135.88,36.54,52.87,113.7,132.06,6.79,31.94,95.63,78.19,21.5,40.8,88.84,227.85,38.51,61.06,86.7,30.58,81.41
139,02/05/2018,40.93,55.94,24.08,112.62,44.99,38.65,109.56,120.27,23.6830357142857,50.04,44.49,64.58,16.78,70.91,95.21,171.82,71.35,45.83,89.77,29.48,79.72
140,02/05/2019,32.83,69.26,24.76,119.48,56.42,26.86,98.35,101.88,17.5595238095238,32.3,54.41,67.18,15.94,67.3,95.17,143.59,45.14,43.92,85.96,27.35,75.59
141,02/05/2020,28.9,58.78,14.87,110.28,44.31,23.41,77.05,77.4,13.296130952381,22.58,59.31,55.54,12.16,42.12,92.64,142.19,35.07,38.35,83.78,21.65,62.73
142,02/05/2021,16.22,44.42,17.56,89.26,30.2,17.9,56.61,64.45,8.00595238095238,18.98,56.94,47.65,7.94,22.56,72.04,128.24,25.01,30.23,61.72,22.09,49.95
143,02/06/2018,41.12,55.94,24.6,117.18,46.47,38.38,108.27,121.9,23.9136904761905,50.63,45.96,65.69,17.23,71.22,96.88,173.95,71.04,46.48,90.46,30.17,78.35
144,02/06/2019,31.85,69.11,24.14,118.88,56.48,26.78,96.18,101.65,17.6860119047619,32.03,54.94,66.87,15.91,66.63,94.42,141.79,45.07,43.8,85.92,27.06,75.26
145,02/06/2020,28.94,58.41,14.77,109.49,43.44,23.13,75.87,76.23,13.0133928571429,22.26,57.03,55.46,11.92,42.12,90.22,140.44,34.51,37.91,83.27,21.44,61.88
146,02/06/2023,42.02,107.49,23.81,169.64,52.4,60.14,123.83,137.12,13.1,38.31,137.3,116.41,25.79,61.55,98.08,218.4,53.09,72.53,128.09,31.7,111.73
147,02/07/2018,39.55,55.63,23.37,115.29,45.79,36.76,105.78,118.5,22.6785714285714,49.69,44.11,65.09,16.33,69.87,95.61,176.2,69.75,47.57,89.84,30,76.94
148,02/07/2019,30.53,67.48,23.72,118.23,54.76,25.3,92.99,97.96,16.7559523809524,30.5,52.4,63.7,15.27,64.92,91.74,136.79,43.46,42.72,83.91,26.68,74.68
149,02/07/2020,28.11,57.99,14.64,108.94,43.52,22.97,74.35,74.24,12.514880952381,21.8,55.45,54.69,11.68,41.89,90.33,137.82,34.42,37.28,84.04,21.06,61.47
150,02/07/2022,34.09,92.94,23.2,138.55,37.2,52.59,114.69,130.18,6.76,32.51,95.23,79.83,21.61,41,90.29,226.48,40.27,61.51,89.63,30.71,82.39
151,02/07/2023,43.69,112.02,24.26,174.09,54.62,62.21,127.78,143.56,13.51,39.03,143.27,122.23,26.87,64.6,102.28,226.07,53.89,74.6,134.52,32.11,114.92
152,02/08/2018,37.73,53.24,23.01,112.3,44.36,34.94,101.04,111.33,21.6517857142857,47.41,43,62.79,15.68,68.47,92.44,169.16,67.4,45.3,86.77,28.56,76.07
153,02/08/2019,29.87,66.26,23.95,117.58,53.95,24.92,92.5,96.6,16.6294642857143,29.7,52.47,62.72,15.13,64.96,93.52,135.71,42.78,42.67,84.14,26.88,73.98
154,02/08/2021,17.84,46.78,17.81,91.48,31.93,18.75,59.41,68.93,7.90178571428571,20.04,60.38,49.48,8.98,25.45,75.79,133.05,25.99,31.26,64.79,22.5,52.1
155,02/08/2022,32.87,91.33,22.39,136.44,36.39,51.19,111.53,124.37,6.54,31.76,93.31,79.29,21.11,39.35,88.82,220.83,38.9,61.45,88.49,30.41,80.26
156,02/08/2023,42.12,110.79,24.15,170,53.11,61.33,128.64,144.29,13.92,39.28,142.73,121.56,26.6,63.93,102.74,223.88,54.71,75.17,134.12,31.81,113.92
157,02/09/2018,37.23,52.02,23.64,113.5,44.5,34.68,100.07,110.51,21.6815476190476,46.7,42.12,63.84,15.51,68.18,92.6,165.05,65.19,45.17,88.22,28.61,75.78
158,02/09/2021,17.23,46.88,17.49,90.96,31.32,18.87,58.22,66.97,7.3735119047619,19.79,58.45,48.87,8.89,24.65,74.53,129.04,26,30.31,64.59,22.26,50.63
159,02/09/2022,33.43,92.95,22.73,137.79,36.19,52.12,113.31,128.88,6.71,32.65,93.31,79.79,21.53,40.3,89.45,221.82,39.4,62.4,88.84,30.47,79
160,02/09/2023,41.05,109.93,24.36,168.44,52.33,60.3,127.16,141.47,13.65,37.66,140.64,120.74,26.13,63.2,102.11,221.32,53.84,74.38,132.62,31.32,114.35
161,02/10/2020,27.97,57.87,14.65,109.79,43.39,22.54,73.7,72,12.0982142857143,21.4,54.95,55.07,11.38,40.5,90.26,136.75,34.35,35.36,84.37,21.43,59.96
162,02/10/2021,17.61,47.25,17.81,92.52,31.73,19.73,60.21,68.88,7.70833333333333,20.26,59.7,49.81,9.09,25.6,76.72,132.35,26.62,31.05,65.11,22.81,51.12
163,02/10/2022,33.46,91.91,22.99,136.04,36.07,52.22,112.66,130.42,6.62,32.41,92.4,79.74,21.41,40.68,89.46,222.12,39.17,62.13,89.89,30.14,78.24
164,02/10/2023,43.56,115.06,25.07,171.97,55.43,63.54,134.14,149.29,14.09,39.02,146.59,126.79,27.75,65.63,107.38,231.39,56.36,76.75,140.73,31.82,119.17
165,02/11/2019,30.35,66.74,24.41,116.95,54.96,25.44,94.21,97.86,16.8973214285714,30.2,53.58,61.72,15.27,64.84,94.23,137.65,43.69,42.5,83.34,26.72,74.1
166,02/11/2020,28.17,58.71,14.76,111.21,44.45,22.7,74.79,72.51,12.9464285714286,21.73,56.16,56.76,11.57,41.17,90.27,136.13,34.29,36.23,84.24,21.47,60.53
167,02/11/2021,16.98,46.44,17.41,92.02,31.31,19.3,59.64,67.77,7.70089285714286,19.43,57.92,49.76,8.75,24.98,77.24,129.87,26.37,30.42,64.55,22.28,49.84
168,02/11/2022,34.14,93.52,24.11,138.81,38.62,54.11,116.75,135.57,6.87,33.52,96.2,81.19,22.21,42.98,93.2,230.88,40.62,64.06,92,30.71,80.21
169,02/12/2018,38.11,53.41,23.84,113.98,44.73,35.78,103.14,116.01,22.0907738095238,47.92,44.14,64.77,16.27,69.87,93.59,171.03,66.84,47.03,88.84,29.42,76.42
170,02/12/2019,31.08,67.45,24.71,118.72,54.77,25.96,95.63,98.68,16.8229166666667,30.84,55.14,61.87,15.45,65.75,94,141.39,44.06,43.63,82.33,26.73,75.4
171,02/12/2020,28.48,59.76,14.96,112.04,44.8,23.26,75.38,74.35,13.0654761904762,22.35,58.77,58.93,11.61,42.49,91.14,137.61,35.05,36.88,85.04,21.55,61.27
172,02/12/2021,17.48,47.16,18.23,92.55,31.75,19.98,61.02,69.12,7.67113095238095,20.17,60,50.46,8.97,25.39,77.23,132.29,26.77,30.74,64.74,22.84,50.52
173,02/13/2018,37.7,53.32,23.73,113.29,45.26,34.57,102.47,115.03,21.7410714285714,47.39,42.8,66.08,16.07,69.72,93.76,172.17,65.92,47.3,89.48,29.77,76.3
174,02/13/2019,32.28,67.78,24.59,119.57,56.17,26.91,96.75,101.02,16.889880952381,31.4,56,63.65,15.55,65.85,96.12,145.95,44.42,44.42,83.46,27.03,76.25
175,02/13/2020,27.92,58.82,15.07,111.66,43.58,23.3,75.68,74.54,12.9166666666667,22.19,59.99,59.5,11.11,42.04,90.34,140.04,34.67,36.51,83.7,21.62,60.93
176,02/13/2023,42.51,112.31,25.01,171.01,55.05,63.56,133.28,148.23,14.12,39.27,147.02,127.81,27.33,64.76,108.26,232.45,57.31,76.64,139.8,31.81,117.8
177,02/14/2018,38.2,55.51,24,113.63,46.78,35.56,106.76,122.83,22.4404761904762,47.87,45.37,68.16,16.95,69.85,93.33,179.5,65.87,47.81,92.63,29.98,76.46
178,02/14/2019,32.67,69.1,24.72,118.16,57.05,27.33,96.96,103.83,17.0014880952381,31.6,57.07,64.04,16.91,66.57,95.65,143.08,44.14,45.1,83.61,26.86,76.27
179,02/14/2020,27.36,58.62,14.8,110.08,43.32,22.82,74.92,74.97,12.8422619047619,22.12,60.34,58.33,10.64,41.6,89.47,139.23,34.42,36.89,82.64,21.54,60.65
180,02/14/2022,32.14,91.55,23.23,136.67,38.2,52.26,113.41,130.47,6.65,32.36,94.73,79.16,21.21,41.23,90.52,224.05,39.3,62.54,89.72,30.08,78.98
181,02/14/2023,42.47,113.55,25.55,172.32,55.36,63.94,133.13,149.87,14.07,38.96,147.99,128.64,27.16,66.34,107.95,233.72,56.82,77.22,139.69,31.92,116.42
182,02/15/2018,38.1,54.54,24.05,112.53,46.81,34.74,107.69,125.15,22.0758928571429,46.89,45.53,67.8,16.32,69.43,92.77,179.59,66.21,49.85,93,29.98,76.21
183,02/15/2019,33.3,70.18,25.23,119.35,57.89,28.42,100.25,105.5,17.5148809523809,31.85,57.58,65.15,17.08,67.19,95.99,145.35,44.95,45.51,84.4,27.27,77.71
184,02/15/2022,32.23,89.68,22.92,134.26,38.14,51.42,110.9,127.88,6.71,32.52,93.19,78.41,20.54,39.85,88.42,219.18,40.09,62.44,88.53,29.86,77.99
185,02/15/2023,41.31,111.65,24.92,169.01,54.5,57.23,128.53,145.64,14.15,37.95,146.01,127.11,26.07,62.9,106.65,220.9,55.99,76.5,136.37,32.1,116.07
186,02/16/2018,38.11,54.65,23.89,112.14,46.4,34.11,107.64,123.88,22.03125,47.5,45.65,67.93,15.65,68.16,91.99,178.79,66.28,47.91,93.27,28.91,76.54
187,02/16/2021,18.58,48.85,18.31,93.13,33.35,20.87,63.1,68.97,8.09,20.6,61.75,51.46,9.55,26.46,79.39,136.16,26.81,31.04,66.96,22.91,52.04
188,02/16/2022,32.4,90.21,22.87,134.3,36.55,53.85,111.77,129.82,6.81,33.57,94.26,78.06,21.07,39.65,88.3,222.48,41.69,62.98,88.04,30.01,78.35
189,02/16/2023,40.14,108.36,24.61,166.57,53.81,55.72,125.14,141.76,14.01,38.58,143.76,126.51,26.78,62.5,104.92,216.37,55.78,76.08,133.97,32.09,115.73
190,02/17/2021,18.69,49.36,18.58,95.92,33.71,21.73,63.54,68.84,7.8,20.55,61.82,51.89,9.58,26.73,80.64,136.2,26.87,30.99,68.12,23.09,52.85
191,02/17/2022,32.39,91.16,22.79,133.61,35.98,55.25,112.6,129.69,6.7,32.97,94.2,76.96,21.89,39.86,87.04,230.13,41.11,62.46,87.04,29.69,78.23
192,02/17/2023,38.09,104.12,23.4,162.85,52.3,53.33,118.42,134.68,14.01,36.5,135.52,122.5,25.86,60.73,99.54,208.96,53.34,73.94,129.61,31.26,111.28
193,02/18/2020,28.11,58.3,15.3,110.24,42.52,22.16,74.53,74.56,12.7455357142857,21.86,61.14,56.47,10.3,41.56,88,135.56,33.65,36.86,82.52,21.49,59.88
194,02/18/2021,17.63,47.69,18.06,95,33.32,20.54,60.57,65.14,7.02,19.57,60.72,51.22,9.12,25.28,80.05,133.01,25.58,29.55,67.83,22.26,52.02
195,02/18/2022,32.16,89.63,22.59,133.42,35.43,54.78,111.62,131.47,6.47,32.26,93.87,77.02,21.87,39.56,85.07,233.38,40.21,62.09,86.72,29.62,77.36
196,02/19/2019,33.31,69.49,25.18,119.31,57.58,28.31,99.71,104.8,17.8199404761905,31.7,57.59,65.01,17.03,67.63,96.75,145.56,45.54,47.89,84.79,27.42,78.23
197,02/19/2020,28.47,59.26,15.6,110.74,42.82,22.72,77.28,79.29,12.797619047619,22.28,63.57,57.69,10.47,42.51,88.36,141.17,34.29,36.95,83.23,21.55,60.34
198,02/19/2021,18.02,48.42,18.56,95.8,36.59,20.83,62.51,65.57,7.28,20.2,63.58,53,9.45,25.42,82.31,133.94,26.12,29.96,71.53,22.64,52.37
199,02/20/2018,38.3,54.84,23.92,110.98,45.98,34.65,107.96,122.81,21.860119047619,47.16,45.84,66.25,15.85,67.99,90.99,178.25,65.61,47.75,91.58,29.09,75.75
200,02/20/2019,33.8,70.65,24.95,120.28,56.1,30.27,98.78,106.45,18.296130952381,32.29,58.64,65.11,17.08,68.25,97.45,141.28,45.9,44.89,85.43,27.35,78.53
201,02/20/2020,28.58,58.88,15.35,109.81,42.61,22.15,75.99,78.48,12.827380952381,21.95,64.72,60.26,10.25,42.97,90.19,142.53,33.83,39.45,84.17,22.05,59.86
202,02/21/2018,37.2,53.75,23.25,109.06,44.41,30.57,105.81,120.98,21.6443452380952,46.55,45.23,66.27,15.3,67.21,89.58,174.73,64.4,46.74,90.83,28.62,74.89
203,02/21/2019,33.37,70.24,24.54,119.14,55.25,29.85,95.35,102.14,16.8526785714286,31.38,57.68,64.66,16.68,66.6,96.81,136.15,44.72,42.03,84.48,27.06,77.82
204,02/21/2020,28.4,58.44,14.89,109.01,43.03,20.97,74.21,76.4,12.6116071428571,21.26,64.42,59.13,10.11,42.12,89.25,142.25,33.39,39.14,82.9,21.52,59.13
205,02/21/2023,38.06,105.31,23,161,52.77,53.73,119.23,134.21,13.75,36.4,135.87,123.07,25.42,59.82,99.65,205.94,53.4,73.29,132.2,30.79,111.17
206,02/22/2018,34.85,54.91,23.88,109.89,44.09,30.41,107.09,123.31,22.7232142857143,47.13,47.08,66.46,15.18,67.92,90.13,177.41,64.96,45.96,92.05,28.56,75.86
207,02/22/2019,33.47,69.97,24.26,119.39,55.52,29.65,95.53,104.03,16.8973214285714,31.32,57.16,65.02,16.89,65.93,97.36,142.13,44.36,41.88,85.32,27.11,78.42
208,02/22/2021,19.08,50.88,18.34,98.39,37.9,21.25,66.1,68.4,7.22,21.13,65.41,54.85,10.2,26.47,83.96,139.47,27.54,30.37,74.25,22.91,54.3
209,02/22/2022,31.04,87.83,22.56,132.4,34.44,52.67,109.53,128.03,6.46,31.46,93.87,75.63,21.6,38.32,84.1,223.2,39.55,60.79,85.84,29.51,76.46
210,02/22/2023,37.86,104.08,23.26,160.35,52.7,53.59,117.57,137.29,13.22,35.71,134.63,122.78,25.11,58.42,99.47,205.27,52.41,75.56,130.69,30.91,109.73
211,02/23/2018,36.13,57.05,24.46,112.59,45,31.43,108.83,127.93,22.8422619047619,48.45,47.87,66.81,15.54,68.32,91.83,180,66.5,46.97,92.46,28.74,77.53
212,02/23/2021,19.75,52.1,18.06,99.63,39.03,21.59,67.85,71.01,7.14,20.94,68.26,55.77,11.16,26.06,85.53,145.24,27.74,31.32,75.81,23.84,55.05
213,02/23/2022,30.83,88.23,23.21,135.55,30.49,53.55,110.33,129.56,6.36,31.68,93.94,75.72,21.74,38.69,83.98,225.27,39.74,61.14,86.35,30.12,76.77
214,02/23/2023,39.12,105.43,24.67,161.93,53.34,55,119.53,141.6,14.06,36.23,135.8,125.52,25.48,59.22,100.35,205.06,53.32,76.47,132.43,31.05,110.74
215,02/24/2020,26.75,56.38,15.05,104.71,39.86,19.18,69.91,71.08,11.9196428571429,19.83,60.22,55.87,9.46,39.48,86.56,135.97,30.93,37.76,78.1,20.4,56.36
216,02/24/2021,20.81,54.67,19.2,103.31,38.45,22.27,72.37,73.8,7.59,22.27,68.8,56.65,11.84,28.16,87.25,150.06,29.41,32.55,78.16,23.91,56.7
217,02/24/2022,32.31,87.73,22.24,134.85,29.85,52.75,110.1,127.89,6.66,31.47,95.26,74.46,21.43,38.92,83.48,225.9,38.32,62.1,83.84,29.96,75.8
218,02/24/2023,39.22,105.25,25.56,162.41,50.35,55,114.26,142.38,15.22,36.99,138.95,124.92,25.59,58.98,102,196.57,53.92,75.76,132.75,31.18,110.75
219,02/25/2019,33.46,69.25,24.89,119.62,54.72,29.49,94.75,105.29,17.1056547619048,31.75,57.54,64.75,16.67,66.23,97.29,142.93,44.79,41.36,84.98,27.35,78.5
220,02/25/2020,25.5,53.83,14.6,100.71,38.13,17.78,66.99,67.16,11.3616071428571,19.01,57.39,53.12,8.92,36.19,82.81,130.09,29.34,35.67,74.44,19.25,54.2
221,02/25/2021,20.13,53.03,18.91,102.35,38.41,21.35,70.59,69.06,8.5,22.03,66.96,55.07,11.3,26.75,84.64,149.05,28.51,31.9,78.15,23.45,55.76
222,02/25/2022,33.67,91.27,22.71,140.38,29.82,55.2,107.28,133.27,6.8,32.53,97.52,76.54,21.88,38.74,84.69,229.28,39.45,63.74,84.87,30.69,77.84
223,02/26/2018,35.98,56.59,24.94,114.6,45.06,31.61,109.49,127.72,22.5446428571429,48.23,47.78,66.29,15.34,67.27,92.52,179.69,66.73,47.19,93.31,28.41,78.84
224,02/26/2019,33.09,68.92,25.11,119.94,53.7,29.59,93.91,105.51,16.9568452380952,31.54,57.69,64.59,16.52,66.04,97.84,142.76,44.31,40.33,84.41,26.97,78.66
225,02/26/2020,24.43,51.17,14.66,98.04,35.98,16.72,63.2,63.14,11.3318452380952,18.4,55.88,52.27,8.41,34.22,80.33,125.49,28.38,34.74,71.72,19.22,53.01
226,02/26/2021,19.73,52.01,18.51,100,37.88,21.54,64.56,69.28,8.22,21.83,65.53,54.62,11.1,26.61,83.05,148.57,27.91,30.93,76.98,22.84,54.37
227,02/27/2018,34.8,55.83,24.24,113.61,44.4,31.86,106.94,126.17,22.1279761904762,47.62,46.47,65.6,15,66.75,92.12,174.67,66.91,45.93,92.77,28.36,77.5
228,02/27/2019,33.56,69.22,24.76,120.08,52.97,29.88,95.04,105.49,16.6889880952381,31.25,58.14,63.4,16.79,66.65,97.64,141.57,44.35,40.79,83.09,27.09,79.47
229,02/27/2020,25.07,47.13,13.51,94.13,32.36,15.67,60,59.48,11.3839285714286,17.39,55.02,47.93,7.93,31.81,74.26,122.67,26.84,32.27,66.19,18.9,49.82
230,02/27/2023,39.23,105.86,25.38,162.82,51.05,54.52,114.75,144.36,15.67,37.18,138.88,126.58,25.83,58.96,103.65,201.97,54.4,75.26,135.05,30.7,110.55
231,02/28/2018,34.15,54.31,24.16,111.92,42.83,30.67,101.42,124.64,21.4434523809524,46.42,45.42,64.06,14.52,65.6,90.37,170.23,65.64,44.65,90.42,27.76,75.74
232,02/28/2019,33.18,67.85,24.62,119.58,51.2,29.51,94,102.93,16.5848214285714,30.69,57.85,62.01,16.6,66.15,96.36,140.95,44.06,40.24,81.56,26.69,79.03
233,02/28/2020,24.92,48.42,13.93,93.34,33.68,16.24,63.26,62,11.0416666666667,16.96,56.18,47.42,8.28,32.74,74.86,122.78,27.09,32.4,66.25,19.05,51.44
234,02/28/2022,35.63,94.86,23.33,144,30.45,59.55,114.92,138.1,6.85,33.53,101.06,77.87,22.56,43.73,84.24,239.6,39.24,65.37,83.51,31.28,78.42
235,02/28/2023,38.38,103.35,24.97,160.77,49.72,53.92,113.02,140.58,15.29,36.23,134.7,123.6,25.15,58.56,102.56,200.41,53.21,74.1,131.73,30.1,109.91
236,03/01/2018,34.27,53.88,24.92,112.04,43.45,30.54,101.18,126.41,21.5104166666667,46.03,45.67,64.79,14.53,65.63,90.87,169.16,65.22,45.3,90.82,27.38,75.2
237,03/01/2019,33.99,68.93,25.24,122.03,52.03,30.15,96.42,104.79,16.6369047619048,30.93,59.23,62.68,17.08,67.55,97.48,144.46,45.19,41.72,82.89,27.43,80
238,03/01/2021,19.52,52.61,18.86,102.05,38.18,22.4,64.98,73.66,8.42,23.01,65.53,56.1,11.2,27.64,84.7,148.47,28.72,32.06,77.8,23.59,56.4
239,03/01/2022,37.29,96.96,24.36,149.72,30.03,59.25,116.41,136.83,6.49,32.11,101.4,75.01,22.89,46.79,82.17,240.47,37.67,65.55,80.63,31.67,79.17
240,03/01/2023,39.63,106.25,25.24,162.05,51.51,54.74,118.01,144.62,15.42,37.51,137.86,129.19,25.79,59.71,107.24,205.43,54.89,76.29,139.29,29.94,110.89
241,03/02/2018,34.78,54.06,25.26,111.64,44.08,31.36,101.45,129.08,21.4360119047619,46.03,46.68,65.19,14.86,65.64,91.37,168.89,65.47,45.67,92.2,27.11,75.55
242,03/02/2020,25.52,49.23,14.55,96.59,34.04,16.31,62.86,62.14,11.2202380952381,17.22,57.19,47.73,8.34,32.95,75.11,124.32,27.79,33.91,67.87,19.6,53.88
243,03/02/2021,19.5,52.28,18.77,102.44,36.98,22.48,64.47,71.01,8.45,22.28,64.73,56.03,11.23,27.82,82.27,149.75,28.14,32.17,76.63,23.72,56.07
244,03/02/2022,37.87,98.04,25.67,154.14,30.85,58.65,116.74,136.67,7.09,32.93,101.78,76.99,23,48.37,84.31,242.25,39.24,67.59,83.62,32.69,80.53
245,03/02/2023,40.27,108.33,25.81,162.56,52.08,55.7,120.8,144.16,15.36,38.39,140.25,129.63,26.1,60.27,105.81,209.8,55.3,77.25,139.23,30.42,111.4
246,03/03/2020,24.99,48.12,14.79,94.39,33.11,15.79,62.43,61.76,10.6770833333333,15.95,57.7,45.17,8.08,32.99,72.86,120.03,26.81,33.07,64.44,18.98,51.3
247,03/03/2021,19.91,53.66,18.68,103.59,39.03,22.69,66.99,74.44,8.68,22.28,67.64,56.07,11.63,28.66,83.84,154.16,28.37,32.28,77.53,23.74,56.52
248,03/03/2022,38.28,97.41,25.51,156.22,29.69,58.85,116.29,134.12,7.21,33.35,100.96,77.37,22.89,47.75,83,238.08,38.52,68.01,84.19,32.8,81.04
249,03/03/2023,41.15,108.64,26.34,164.96,53.56,56.67,121.77,146.76,15.34,38.89,141.16,133.5,26.53,61.25,106.02,209.83,55.99,79.24,141.17,30.97,112.81
250,03/04/2019,33.67,69.9,25.34,122.12,52.07,29.44,96.81,104.67,16.7336309523809,30.98,59.33,62.01,17.28,67.45,97.28,144.05,45.24,41.57,82.53,27.4,80.31
251,03/04/2020,25.13,49.43,14.94,98.53,32.79,16.26,64.08,61.07,10.5431547619048,15.39,57,45.88,8.11,32.93,74.63,123.5,27.08,33.96,64.15,19.42,52.42
252,03/04/2021,20.98,55.62,18.65,104.5,38.99,23.62,71.43,81.26,8.69,22.08,70.79,56.51,12.36,29.9,84.41,158.57,28.58,33.4,76.37,24.11,58.71
253,03/04/2022,39.48,100.27,26.11,158.65,30.15,59.57,118.75,137.8,7.45,34.13,101.17,77.73,23.81,56.15,84.3,241.16,38.94,69.53,85.98,33.47,84.09
254,03/05/2018,35.21,53.99,25.31,113.15,44.42,32,101.81,130.25,22.172619047619,46.26,48.44,66.16,15.15,65.92,93.06,171.69,66.16,46.55,91.56,27.24,76.27
255,03/05/2019,33.73,69.01,25.75,123.29,51.52,29.27,95.5,102.62,16.4955357142857,30.29,59.15,60.81,17.27,67.53,97.46,142.36,44.79,41.18,81.15,27.44,80.19
256,03/05/2020,24.34,47.7,14.92,97.19,30.84,15.95,61.87,58.21,10.2529761904762,14.74,54.48,41.21,7.8,31.48,71.98,118.61,25.83,32.5,61.7,18.56,50.11
257,03/05/2021,23.25,58.34,18.97,109,39.97,25.61,74.58,85.27,9.26,23.84,75.04,57.32,12.98,31.23,87.35,163.59,29.07,34.55,79.03,24.26,60.93
258,03/06/2018,35.36,54.06,25.19,113.65,45.23,31.33,101.01,127.09,22.3065476190476,45.92,48.48,67.39,15.03,65.66,93.93,169.96,66.63,46.25,91.72,27.63,76.18
259,03/06/2019,32.73,68.29,25.41,123.53,50.57,28.72,91.94,100.05,16.3616071428571,28.84,56.74,59.93,16.86,66.19,97.6,138.75,43.37,40.28,81.35,27.35,79.28
260,03/06/2020,20.7,45.33,16.37,95.32,28.61,13.37,55.3,48.56,9.375,13.07,49.72,39.15,6.83,26.86,69.3,105.12,23.85,27.86,63.09,17.45,47.69
261,03/06/2023,40.15,109.56,25.66,166.17,52.1,56.49,120.91,143.55,15.19,38.86,141.55,131.92,26.24,61.68,103.98,209.59,55.35,78.47,139.69,30.7,113.81
262,03/07/2018,34.65,54.07,25.41,113.84,44.95,30.95,100.87,126.27,22.0610119047619,45.83,46.48,67.68,14.8,65.19,94.22,170.17,66.23,45.09,92.04,27.46,74.26
263,03/07/2019,33.27,67.95,25.12,121.94,49.83,28.06,91.35,97.76,16.0119047619048,27.93,56.61,58.84,16.86,65.74,96.45,136.32,42.49,40.09,80.59,26.94,80.16
264,03/07/2022,37.92,101.27,27,162.04,29.34,59.89,120.15,134.44,7.66,36.24,97.12,74.54,24.33,55.38,82.6,236.63,42.1,68.62,84.01,33.4,87.12
265,03/07/2023,39.13,107.65,25.87,164.03,51.91,55.03,118.26,142.74,15.17,37.85,136.88,130.21,25.66,60.85,101.79,206.33,54.04,77.03,136.96,30.37,111.61
266,03/08/2018,34.97,53.57,24.95,113.35,45.29,32.39,100.59,125.2,22.172619047619,46.01,46.7,69.03,14.83,62.96,95.19,167.68,66.74,44.77,93.31,27.15,74.12
267,03/08/2019,31.95,65.43,24.67,121.62,48.8,26.71,86.44,95.5,15.610119047619,27.47,55,57.5,16.27,62.71,94.31,130.36,41.29,39.4,79.75,26.93,79.01
268,03/08/2021,23.17,58.78,19.07,109.75,40.63,24.57,74.59,84.17,9.08,24.36,73.78,57.16,12.38,29.77,88.47,162.09,29.71,34.32,80.56,24.12,60.87
269,03/08/2022,38.63,98.8,26.01,170.53,34.14,59.48,117.81,134.44,7.88,36.76,96.62,76.22,24.09,54.6,84.31,237.37,45.08,67.01,90.54,32.86,87.78
270,03/08/2023,38.49,107.23,25.15,162.99,50.29,54.5,117.83,142.49,15.17,37.16,135.86,127.87,25.39,62.15,99.31,204.32,53.54,76.45,132.77,30.37,109.98
271,03/09/2018,35.32,55.06,25.52,117.22,46.52,32.72,102.8,128.94,22.9017857142857,46.99,48.46,70.22,15.22,63.67,95.91,171.53,68.78,45.66,94.32,28,74.56
272,03/09/2020,9.55,34.07,16.89,80.67,24.1,8.37,37.6,26.88,6.91220238095238,8.15,32.98,33.82,3.63,12.51,62.09,66.31,17.31,13.12,58.4,14.99,41.86
273,03/09/2021,21.6,57.9,18.53,109.5,38.81,23.83,73.61,81.03,8.67,23.47,70.5,55.87,12,28.65,85.4,156.93,29.35,33.39,76.58,23.56,59.93
274,03/09/2022,38.7,96.21,25.46,166.27,33.56,58.94,113.77,130.05,7.46,34.84,96.7,75.43,23.4,57.5,79.35,230.4,42.56,68.32,87.14,32.5,82.79
275,03/09/2023,37.01,105.81,25.11,160.51,49.84,52.98,115,139.94,14.73,35.57,133.88,128.38,24.58,60.56,101.14,202.02,52.19,75.2,132.28,29.89,109.13
276,03/10/2020,10.79,34.88,16.94,84.98,23.87,9.01,41.6,29.68,7.09077380952381,8.66,39.68,34.52,4.4,14.34,63.36,79.86,18.19,14.15,60.45,16.29,43.41
277,03/10/2021,21.63,59.42,19.19,111.37,40.97,23.9,75.11,80.94,9.09,24.14,70.89,58.18,12.22,29.36,88.44,158.5,29.95,34.4,81.37,24.4,61.77
278,03/10/2022,40.04,99.72,26.33,170.82,35.59,60.57,119.88,134.07,7.79,37.95,98.12,77.93,23.88,58.13,81.21,237.75,43.4,69.68,89.58,32.49,85.36
279,03/10/2023,35.95,104.22,24.59,159.67,49.27,51.76,112.18,135.91,14.54,34.53,129.63,128.55,23.97,59.86,101.22,198.78,51,73.55,132.16,28.9,107.78
280,03/11/2019,32.75,65.87,24.9,123.62,50.07,27.8,86.26,97.58,16.0565476190476,27.89,55.93,59.2,16.57,63.88,96.67,132.44,42.08,40.34,83.48,27.36,79.78
281,03/11/2020,8.25,32.56,16.21,83.03,22.12,8.41,38.86,26.2,5.97470238095238,7.83,36.69,31.36,4.09,11.8,55.15,70.24,17.38,14.45,54.42,16.02,41.98
282,03/11/2021,21.89,59.83,19.3,111.19,41.27,24.64,75.31,84.04,8.89,23.84,73.19,58,12.51,30.98,87.73,164.58,29.4,34.44,82.48,23.9,61.31
283,03/11/2022,39.05,98.41,25.63,170.9,35.68,58.64,116.68,129.67,7.47,37.41,94.61,78.51,23.17,57.95,80.77,232.49,42.9,68.51,91.67,31.9,84.92
284,03/12/2018,35.41,54.74,25.52,116.79,45.99,32.82,100.65,127.41,23.139880952381,46.92,48.65,69.27,15.09,63.89,94.99,171.19,68.09,46.71,92.69,28.26,75.24
285,03/12/2019,33.68,65.63,25.52,123.9,50.7,28.76,86.98,100.5,15.9895833333333,28.09,57.21,58.86,16.9,64.2,97.39,135.03,42.59,40.6,83.85,27.53,80
286,03/12/2020,7.76,28.2,16.04,76.26,19.44,7.27,32.5,25.62,4.94047619047619,6.42,32.84,22.89,3.98,11.89,46.4,60.68,14.42,11.12,43.96,13.29,37.18
287,03/12/2021,21.23,59.19,18.8,111.56,41.04,24.25,75,82.01,8.76,24.02,72.49,57.75,12.2,30.63,88.66,165.63,29.01,34.77,82.42,23.93,61.97
288,03/13/2018,35.46,53.96,25.64,116.46,46.14,32.79,100.05,127.15,22.5744047619048,46.1,48.4,69.24,14.82,64.2,94.55,169.56,67.14,47.14,93.49,28.02,74.53
289,03/13/2019,34.32,67.35,25.98,124.67,51.71,29.33,88.57,103.42,16.2946428571429,28.5,58.06,59.57,17.32,65.06,98.08,135.68,43.15,40.78,84.22,27.7,80.71
290,03/13/2020,8.07,31.38,18.37,83.42,22.66,8.7,34.8,27.19,5.3125,7.15,34.92,24.92,4.53,14.26,54.36,70.68,16.16,12.48,49.9,15.81,38.12
291,03/13/2023,34.52,100.68,24.47,158.71,46.67,49.98,109.1,131.54,13.72,33.38,124.83,123.78,22.95,59.15,95.52,195.36,48.84,72.21,128.11,29.01,106.54
292,03/14/2018,35.65,53.96,25.57,115.13,46.27,32.62,99.89,125.81,22.4181547619048,46.24,48.57,69.36,14.87,64.04,94.21,169.04,66.43,46.74,92.66,28.14,73.6
293,03/14/2019,34.27,67.02,26.05,124.6,52.16,29.5,89.69,104.21,17.1056547619048,28.47,57.96,59.69,17.26,65.21,98.47,136.37,43.09,40.58,84.94,27.73,80.44
294,03/14/2022,37.58,96.55,23.13,166.72,36.39,52.69,115.84,126.19,7.4,36.36,94.21,76.66,22.18,55.59,78.27,229.34,41.55,65.6,90.55,31.07,81.88
295,03/14/2023,34.83,101.36,24.89,160.76,47.06,49.22,109.2,132.64,13.69,33.42,124.88,127.78,23.23,60.19,97.95,195.24,49.36,72.37,131.62,29.25,106.94
296,03/15/2018,35.34,54.03,25.05,115.58,45.59,31.71,98.65,124.6,21.7113095238095,45.29,48.86,68.63,14.91,63.91,94.46,166.57,65.35,46.35,92.33,26.69,74.42
297,03/15/2019,34.45,67.59,25.93,125.31,52.2,29.64,88.85,102.39,17.046130952381,27.97,58.25,60.45,17.27,65.47,98.52,135.67,42.39,40.04,85.08,27.56,80.15
298,03/15/2021,21.53,58.16,18.96,110.25,40.53,24.61,74.36,84.29,8.72,23.97,71.48,57.86,12.05,29.3,87.84,165.76,29.12,33.98,81.83,23.67,60.39
299,03/15/2022,36.7,95.05,23.43,158.28,35.42,53.01,113.82,124.56,7.08,34.8,93.08,74.4,21.65,54.53,75.34,227.79,39.26,64.94,84.41,31.04,77.22
300,03/15/2023,32.05,95.24,22.78,153.8,45.12,45.12,101.48,122.74,12.67,30.41,116.8,122.69,21.26,56.8,93.65,181.85,45.32,68.15,124.33,28.78,101.62
301,03/16/2018,36.14,54.93,24.99,115.4,46.51,31.96,100.45,125.51,22.1875,45.91,48.98,69.68,15.12,64.45,95.79,169.34,66.1,47.73,93.79,27.21,75.12
302,03/16/2020,5.46,26.08,17.11,69.7,21.21,7.57,31.1,23.49,4.26339285714286,5.94,31.05,20.29,4,12.02,48.27,59.72,14.41,9.83,41.63,13.49,34.49
303,03/16/2021,20.75,56.58,18.85,107.64,39.06,23.51,70.65,82.09,8.27,22.87,69.01,56.21,11.46,28.17,84.93,163.03,28.06,32.94,79.32,23.22,59.11
304,03/16/2022,36.85,94.82,23.47,157.71,35.39,52.46,113,125.63,7.02,34,94.75,74.86,21.59,52.99,76.5,230.31,37.88,65.67,84.94,31.26,76.93
305,03/16/2023,32.81,96.4,23.51,154.29,47.38,46.27,104.48,125.53,12.67,31,120.79,125.16,22.01,59.04,95.05,186.49,46.18,68.67,127.17,28.82,101.03
306,03/17/2020,4.46,26.25,19.09,70.69,21.45,6.46,30.89,20.23,4.59077380952381,6.14,30.62,20.3,3.62,11.34,46.67,57.53,14,7.21,39.02,12.13,36.81
307,03/17/2021,20.99,56.83,18.53,108.03,38.63,23.68,73.19,81.41,8.42,23.35,70.85,56.21,11.66,29.04,85.46,169.27,28.31,33.34,79.14,23.38,59.37
308,03/17/2022,39.43,98.83,24.74,160.44,36.06,57.52,117.87,133.88,7.39,35.89,97.14,77.15,23.07,58.01,77.55,241.39,39.51,67.63,89.09,31.53,78.98
309,03/17/2023,31.74,94.39,23.19,152.34,47.19,46.15,102.75,123.12,12.35,29.95,118.33,123.66,21.2,58.48,94.72,182.05,44.68,67.47,126.37,28.3,99.84
310,03/18/2019,35.01,67.61,25.95,125.88,52.77,30.51,91.92,104.54,17.3214285714286,28.87,59.13,62.08,17.39,67.01,98.72,138.58,43.36,40.75,86.75,27.79,81.08
311,03/18/2020,4.44,22.67,18.5,55.05,22.26,5.41,29.76,15.56,3.72767857142857,4.61,30.14,16.75,3.45,10.53,42.97,56.77,12.05,4.73,35.02,9.25,33.12
312,03/18/2021,19.24,53.38,17.89,104.12,36,22.36,68.9,75.17,7.88,22.17,67.32,52.85,10.68,26.62,81.37,161.88,27.25,32.39,73.7,22.76,56.81
313,03/18/2022,39.11,99.6,24.85,161.73,36.61,58.27,115.8,131.45,7.3,36.04,97.41,78.32,23.08,56.24,78.76,239.86,39.73,69.26,90.43,31.46,78.67
314,03/19/2018,35.57,53.57,24.41,113.89,46.26,31.16,98.47,122.63,21.8154761904762,44.68,46.96,69.21,14.85,63.65,94.4,166.24,64.7,46.16,92.94,26.2,74.15
315,03/19/2019,34.49,67.35,25.96,125.28,52.11,30.24,92.88,103.18,17.3363095238095,29.26,57.99,62.03,17.12,66.17,98.89,138.21,43.25,40.61,86.43,28.13,80.87
316,03/19/2020,4.95,25.59,16.91,57.39,20.98,6.55,33.22,18.69,4.50892857142857,4.8,31.13,16.72,3.83,10.83,45.68,60.37,13.87,6.39,37.41,10.82,34.43
317,03/19/2021,19.48,52.6,18.05,103.38,36.29,22.7,70.08,75.81,7.83,21.79,68.61,53.76,11.02,28.1,82.26,163.48,27.05,32.45,73.7,22.95,56.49
318,03/20/2018,36.27,54.7,24.07,114.5,48.01,31.55,101.33,125.54,22.0982142857143,45.49,48.39,71.46,15.26,63.91,95.1,169.86,65.56,46.43,94.47,26.2,73.99
319,03/20/2019,35.29,67.54,26.41,124.69,51.45,31.25,95.89,105.18,17.6636904761905,30.1,59.95,62.19,17.6,67.26,98.18,144.44,44.29,41.58,86.44,28.35,81.32
320,03/20/2020,4.83,26.84,14.92,59.39,22.28,6.08,34.89,18.59,4.6875,5.05,30.69,18.95,3.56,10.23,48.35,61.76,14.28,7.3,38.66,11.53,32.74
321,03/20/2023,32.88,96.16,23.59,154.58,49.14,47,105.45,125.61,12.72,30.69,121.76,126.25,21.74,58.98,95.55,186.89,46.22,68.62,128.91,28.89,102.45
322,03/21/2018,38.1,57.04,24.39,117.04,49.03,32.92,104.78,130.18,22.7008928571429,47.11,50.69,73.21,16.32,66.04,96.15,175.37,67.74,47.5,95.45,27,75.04
323,03/21/2019,36.08,68.14,26.59,125.86,52.32,31.65,96.87,105.91,17.7306547619048,30.04,60.8,62.79,17.69,67.24,98.55,145.59,44.22,42.01,86.38,28.93,81.79
324,03/21/2022,40.88,102.76,25.28,164.64,36.38,61.44,122.46,139.88,7.65,37.58,103.85,79.98,25.05,60.96,80.63,251.18,41.19,71.63,94.26,32.5,82.2
325,03/21/2023,35.04,99.71,24.13,159.31,49.19,49.06,108.62,130.62,13.54,31.94,126.09,128.29,22.96,60.24,95.55,195.34,48.28,70.95,132.19,29.18,107.04
326,03/22/2018,37.28,56.5,23.96,113.7,48.18,32.29,104.29,127.78,21.860119047619,46.38,50.1,72.97,15.84,65.18,94.7,172.34,65.52,46.49,93.04,26.48,73.5
327,03/22/2019,34.82,66.07,25.96,123.09,50.61,30.34,93.68,101.37,16.860119047619,28.73,58.75,61.3,16.68,65.24,95.98,140.56,42.47,40.73,84.63,28.47,80.48
328,03/22/2021,18.86,52.24,18,102.54,35.85,22.33,68.23,75.31,7.73,21.54,68.5,53.35,10.83,27.46,80.58,158.66,27.65,32.01,72.28,22.99,55.91
329,03/22/2022,40.52,101.77,25.58,164.09,36.3,60.63,120.83,137.35,7.64,37.09,101.59,79.25,24.66,59.64,79.79,251.32,41.2,71.13,93.59,32.12,81.84
330,03/22/2023,34.35,98.37,23.5,156.07,49.14,47.76,105.73,127.96,13.03,30.46,123.66,126.98,22.28,58.68,94.69,189.81,47.4,68.2,131.77,28.64,104.59
331,03/23/2018,37.01,57.74,23.51,112.98,47.81,32.23,105.86,127.96,21.8675595238095,46.44,49.46,71.28,15.76,65.49,93.39,172.47,64.14,46.22,91.22,25.64,72.89
332,03/23/2020,4.31,24.55,14.14,54.22,18.66,6.18,34.54,20.37,4.6875,5.24,28.91,16.62,3.35,9.69,42.09,61.29,12.83,7.1,32.62,11.15,31.45
333,03/23/2021,18.27,51.71,17.96,101.97,35.02,21.74,69.65,72.13,7.47,20.81,66.96,52.44,10.17,26.59,78.98,157.34,26.67,30.72,70.08,23.01,55.22
334,03/23/2022,40.71,104.37,26.19,165.86,37.04,61.67,123.55,142.64,7.49,38.07,106.22,80.46,25.58,59.84,80.27,254.82,42.41,72.23,95.52,32.71,83.13
335,03/23/2023,34.01,96.42,23.1,154.52,48.22,46.72,104.78,126.63,12.56,29.42,120.56,126.15,22,58.48,93.54,189.18,45.48,66.85,130.38,28.3,103.41
336,03/24/2020,5.58,30.74,16.35,66.55,19.31,7.41,39.8,24.12,5.27529761904762,6.63,34.52,17.5,3.61,10.72,45.58,72.62,14.65,8.02,34.65,12.92,35.44
337,03/24/2021,18.58,53.21,18.23,104.7,35.73,22.34,72.54,74.39,7.62,21.3,69.08,53.17,10.44,27.06,82.03,161.3,27.42,31.23,71.78,23.49,56.34
338,03/24/2022,40.78,104.54,27.03,166.3,38.61,61.54,121.01,143.19,7.65,37.68,106.51,81.39,25.53,57.75,81.12,251.26,42.64,72.88,96.44,32.93,83.38
339,03/24/2023,34.51,95.43,23.68,156.06,47.6,46.57,105.49,125.42,12.51,29.6,122.49,124.7,22.16,58.18,93.73,192.22,44.57,67.52,129.26,28.74,103.53
340,03/25/2019,34.92,67.07,26.39,122.89,50.67,30.82,92.78,100.98,17.3363095238095,28.24,59.54,61.17,16.71,65.13,95.86,139.93,42.47,40.53,85.48,28.7,79.92
341,03/25/2020,5.89,30.94,16.46,69.27,21.56,7.16,39.69,24.17,5.19345238095238,6.77,34.74,21.11,3.58,12,50.5,72.31,14.6,8.18,39.63,13.39,37.29
342,03/25/2021,18.34,53.57,18.72,105.07,36.68,22.35,73.04,73.8,7.67,21.2,68.95,53.88,10.53,26.7,82.44,161.31,27.4,31.85,72.42,23.94,56.18
343,03/25/2022,41.53,107.5,28.91,169.31,39.29,62.5,124.51,146.51,7.87,38.9,109.08,82.23,26.04,58.71,83.85,256.71,43.68,75.65,97.25,33.88,85.2
344,03/26/2018,37.28,59.08,23.97,115.35,49.36,32.47,107.57,133.23,22.2991071428571,47.21,50.48,73.68,16.27,67.2,96,175.57,64.46,46.39,94.25,25.45,74
345,03/26/2019,35.66,68.56,26.39,124.13,51.26,31.6,94.77,102.61,17.4330357142857,28.47,61.09,61.96,17.11,67.08,98.02,143.07,43.05,40.98,87,28.61,80.96
346,03/26/2020,5.76,32.09,16.87,76.38,23.95,7.36,39.53,25.95,5.26785714285714,7.05,36.68,23.14,3.88,12.83,54.39,74.34,15.52,7.65,45.6,14.25,38.82
347,03/26/2021,18.79,55.04,19.18,107.48,36.93,22.74,74.88,75.79,8.04,21.79,72.32,55.02,11.09,27.76,84.31,164.81,28.31,32.45,73.11,24.56,57.71
348,03/27/2018,37.48,59.14,23.79,114.66,48.98,31.71,106.33,129.18,21.577380952381,46.88,49.87,72.88,15.82,65.82,95.71,171.75,64.48,45.46,92.27,25.15,73.7
349,03/27/2019,35.02,67.91,26.3,122.79,50.82,31.33,94.59,102.35,17.2767857142857,28.56,60.26,62.19,17.06,66.35,97.27,147.15,42.68,40.78,86.02,28.49,80.34
350,03/27/2020,4.86,29.25,16.24,68.78,24.25,6.29,36,23.87,5.29017857142857,6.39,34.03,23.15,3.52,11.61,52.32,68.65,13.76,6.99,45.04,13.91,36.95
351,03/27/2023,35.38,97.48,23.76,157.65,48.9,48.08,108.38,128.56,13.07,30.58,126.86,128.91,22.9,59.65,96.23,194.42,46.77,69.84,131.88,28.93,105.8
352,03/28/2018,37.35,58.73,23.72,112.1,47.56,31.2,103.82,124.67,21.3467261904762,46.05,48.73,71.82,15.32,63.15,94.33,167.52,63.21,43.74,90.28,24.78,72.81
353,03/28/2019,35.09,67.38,26.36,123.02,50.25,31.88,95.24,102.54,17.5818452380952,29.19,60.96,60.95,16.82,66.57,95.67,152.91,43.62,40.99,84.83,28.66,80.74
354,03/28/2022,39.85,103.5,28.09,166.35,38.8,60.45,120.86,140.7,7.85,37.32,107.42,81.97,25.29,56.64,82.29,253,41.73,74.7,96.37,33.3,82.81
355,03/28/2023,35.9,97.93,23.98,159.49,49.78,48.57,110.41,130.71,13.28,31.29,129.6,131.57,23.27,62.21,98.78,197.77,47.64,70.26,136.02,28.87,107.12
356,03/29/2018,38.48,59.29,23.98,114.04,48.86,31.79,105.27,126.52,21.9122023809524,46.94,50.62,73.11,16.13,64.96,95.92,171.78,64.78,44,92.77,24.86,74.61
357,03/29/2019,34.66,66.74,26.1,123.18,49.27,31.56,95.18,101.53,17.5,29.3,60.23,59.85,16.71,66.2,95.17,152.28,43.57,41.55,84.83,28.72,80.8
358,03/29/2021,17.96,53.84,19.23,106.92,36.1,21.85,73.64,74.24,7.74,21.24,71.61,53.53,10.9,27,82.53,162.28,27.7,31.67,71.86,24.04,57.4
359,03/29/2022,40.96,100.69,27.4,164.32,39.13,60.51,120.63,138.73,7.9,37.85,107.69,83.14,25,56.79,83.47,253.41,42.63,74.84,96.68,33.44,82.37
360,03/29/2023,35.91,99.75,24.11,160.86,49.14,49.79,112.68,132.79,13.58,31.35,133,134.08,23.64,62.09,100.28,202.28,48.7,71.16,136.95,29.27,108.96
361,03/30/2020,4.11,29.29,17.51,71.95,26.02,6.35,34.98,23.59,5.24553571428571,6.37,31.93,24.33,3.24,11.01,54.16,66.49,13.28,6.48,47.19,13.82,37.5
362,03/30/2021,17.83,53.43,18.79,105.93,36.05,22,73.26,74.48,7.71,21.5,71.04,53.6,10.98,27.33,82.31,160.62,27.22,31.77,71.78,23.68,56.69
363,03/30/2022,41.2,101.1,27.1,165.48,39.65,60.56,121.09,139.15,7.75,38.52,108.56,85.35,25.5,57.48,87.44,257.93,42.21,76.25,100.5,33.65,83.78
364,03/30/2023,35.38,99.25,24.04,162.39,49.31,49.85,113.54,133.3,13.57,31.06,132.47,133.94,23.71,62.32,99.99,202.06,48.74,71.61,137.02,29.41,109.49
365,03/31/2020,4.18,30.8,17.19,72.46,24.51,6.91,35.92,26.2,5.01488095238095,6.85,33.3,23.62,3.29,11.58,53.65,70.15,13.49,6.91,45.36,14.15,37.97
366,03/31/2021,17.9,52.97,18.78,104.79,35.78,21.85,72.53,73.49,7.72,21.46,70.76,53.49,10.68,26.62,81.54,158.82,27.19,31.75,71.6,23.69,55.83
367,03/31/2022,41.33,100,26.97,162.83,39.85,59.13,119.23,137.08,7.75,37.87,107.04,85.5,25.11,56.74,86.39,250.03,41.31,75.47,101.54,33.41,82.59
368,03/31/2023,36.06,99.21,24.54,163.16,48.38,50.61,114.63,135.17,13.65,31.64,132.34,134.83,23.96,62.43,101.38,204.24,49.1,72.95,139.6,29.86,109.66
369,04/01/2019,34.97,67.69,25.87,124.94,49.12,31.54,96.94,103.69,18.125,30.14,60.84,61.05,17.39,67.18,95.07,150.99,44.76,42.38,86.43,29.27,81.73
370,04/01/2020,4.02,29.62,16.64,68.56,21.73,6.79,34.6,25.07,4.88095238095238,6.6,31.98,20.87,3.12,10.74,49.51,67.77,12.59,5.89,41,13.33,37.53
371,04/01/2021,18.85,54.02,19.09,105.75,38.02,23.5,75.34,81.22,7.98,21.92,74.48,55.8,11.79,27.38,83.16,164.6,28.1,32.1,75.3,23.9,57.39
372,04/01/2022,42.22,100.58,27.1,164.22,39.89,60.35,120.33,138.44,7.85,38.58,108.99,84.81,25.75,58.11,85.96,253.15,41.69,77.34,101.27,33.83,83.12
373,04/02/2018,37.9,58.09,23.15,112.24,48.3,30.35,102.93,122.26,21.4360119047619,46.09,48.5,71.8,15.57,64.67,94.95,166.91,63.48,43.42,91.56,24.53,73.22
374,04/02/2019,34.28,66.35,25.9,124.93,48.84,31.21,96.05,102.49,17.827380952381,29.94,60.35,59.92,17.13,66.63,94.52,148.18,44.49,42.25,84.45,29.35,81.38
375,04/02/2020,4.69,33.86,16.7,76.12,22.94,7.79,38.3,29.05,5.59523809523809,7.52,35.3,21.22,3.47,12.77,51.72,75.15,13.88,6.32,41.5,14.38,40.4
376,04/03/2018,38,60.03,23.54,114.83,49.69,31.37,105.07,123.44,21.7931547619048,46.8,50.45,72.6,16,66.63,96.18,169.46,64.79,43.88,92.7,24.45,75.02
377,04/03/2019,33.06,65.51,25.49,123.89,49.12,30.71,93.93,99.96,17.7604166666667,29.93,59.56,60.38,16.93,66.06,95.04,146.06,43.59,40.57,84.26,28.91,80.9
378,04/03/2020,5.38,32.91,17.35,75.11,22.38,8.38,39.89,31.59,5.33482142857143,7.61,33.52,20.06,3.65,13,51.62,74.68,14.29,6.33,40.34,13.65,39.21
379,04/03/2023,39.2,108.42,25.12,169.95,48.69,53.31,121.41,144.43,14.1,34.1,143.51,135.64,26.33,65.18,102.91,213.37,52.33,75.41,138.53,29.85,116.13
380,04/04/2018,38.19,59.56,23.71,114.48,50.9,31.32,104.17,122.58,21.4657738095238,46.78,51.01,72.57,15.89,66.62,95.99,169.28,64.81,43.69,93.35,24.46,74.87
381,04/04/2019,33.37,65.16,25.82,124.8,49.73,31.01,93.67,99.84,17.983630952381,30.42,60.75,61.35,17.14,66.44,96.86,147.52,44.1,40.26,84.35,28.82,82.05
382,04/04/2022,42.98,100.55,26.58,164.37,39.22,60.85,120.83,139.59,7.71,38.77,109.71,85.07,25.68,57.79,86.67,252.75,41.55,76.99,100.74,33.73,83.16
383,04/04/2023,38.1,106.3,25.09,169.04,44.78,52.74,119.62,141.65,13.69,33.23,140.92,125.82,25.73,64.83,98.28,210.76,50.46,74.68,127.43,29.67,115.02
384,04/05/2018,38.75,60.46,23.94,117.29,52.49,32.29,104.38,124.41,22.202380952381,47.68,52.54,73.41,16.8,67.77,97.77,172.43,65.77,45.22,95.86,24.8,76.02
385,04/05/2019,35.57,66.12,26.17,126.42,50.05,32.2,98.63,102.45,18.735119047619,30.97,63,63.47,17.7,68.04,97.79,150.68,45,40.79,86.69,29.11,82.49
386,04/05/2021,17.54,52.21,18.55,104.51,36.99,22.46,71.79,75.4,7.85,21.32,70.76,53.96,11.19,25.31,82.06,152.18,27.55,31.28,74.62,23.75,56.5
387,04/05/2022,41.69,98.05,26.38,163.36,38.78,58.47,117.83,135.48,7.57,37.53,107.63,84.71,24.8,55.72,85.91,244.48,40.46,75.71,101.46,32.98,82.73
388,04/05/2023,37.99,107.75,25.41,169.88,46.63,53.53,120.37,142.98,13.54,33.06,142.21,132.71,25.7,64.57,104.43,210.4,50.7,75.28,135.09,29.94,116.99
389,04/06/2018,38.34,59.26,23.17,114.76,52.26,31.45,101.93,116.62,21.4657738095238,47,51.09,72.45,16.24,67.53,96.97,168.13,64.36,44.95,95.18,24.38,74.87
390,04/06/2020,5.87,32.8,18.28,80.39,25.96,8.8,39.43,32.1,5.78125,7.91,35.13,23.09,3.62,13.44,57.42,76.24,15.67,7.21,46.1,13.5,40.47
391,04/06/2021,17.86,52.58,18.49,103.58,36.93,22.78,72.3,75.46,7.65,21.26,71.48,53.68,11.14,25.35,80.85,151.38,27.44,31.16,74.18,23.77,56.34
392,04/06/2022,40.81,97.54,26.49,164.81,39,58.34,118.45,135.06,7.54,37.35,106.85,85.57,24.42,56.1,85.68,241.98,40.78,76.41,103.3,33.4,83.65
393,04/06/2023,38.07,106.26,24.94,167.65,46.25,52.91,119.37,140.55,13.43,32.71,140.88,128.68,25.52,63.04,102.84,208.16,49.62,74.93,132.59,29.65,115.05
394,04/07/2020,6.52,33.27,18.38,80.92,25.97,8.71,41.33,33.01,5.85565476190476,8.04,35.14,22.51,3.68,13.84,58.63,75.31,16.47,7.86,48.01,15.15,41.24
395,04/07/2021,18.02,52.38,18.48,104.19,36.85,22.52,73.3,76.31,7.88,21.42,73.01,53.99,10.94,25.3,80,153.53,27.35,32.22,74.41,24.12,56.59
396,04/07/2022,41,99.96,26.79,167.1,38.09,60.23,120.62,136.95,7.53,37.75,108.18,85.85,24.93,57.68,83.08,244.39,40.97,75.9,103.33,33.65,85.05
397,04/08/2019,35.56,66.55,26.82,126.68,49.18,32.03,99.48,104.35,18.8095238095238,31.29,63.08,63.36,17.6,68.37,98.3,151.73,46.17,40.33,86.2,29,83
398,04/08/2020,7.58,35.68,19.19,85.98,26.63,9.41,45.29,37.48,6.55505952380952,8.75,39.18,24.31,3.95,15.56,63.7,80.29,17.28,7.99,51.6,15.34,43.85
399,04/08/2021,17.55,51.24,17.85,103.02,35.85,22.34,72.19,75.2,7.72,21.35,73.43,53.36,10.9,24.73,78.42,149.49,27.06,31.51,72.88,23.68,56
400,04/08/2022,43.02,103.05,28.75,169.93,38.92,62.37,126.88,141.99,7.86,39.94,112.89,86.9,25.9,61.8,84.25,254.11,42.55,77.27,103.22,34.42,86.84
401,04/09/2018,38.45,60.62,22.95,115.98,52.91,31.47,103.38,113.29,21.1532738095238,46.56,51.6,71.67,16.35,68.93,97.74,169.35,64.26,44.62,96.01,24.38,74.87
402,04/09/2019,34.88,65.7,27.14,125.54,48.17,31.06,98.57,102.84,18.3333333333333,30.81,62.54,62.16,17.26,67.28,97.37,148.94,45.58,39.99,85.11,28.71,81.93
403,04/09/2020,8.2,34.73,18.88,84.31,26.42,9.67,44.82,34.86,6.25,8.21,40.38,25.63,4.12,15.36,61.52,75.48,16.47,8.61,50.1,16.59,43.13
404,04/09/2021,17.26,51.23,17.38,102.92,35.17,22.04,71.77,74.8,7.55,21.07,73.8,52.83,10.91,24.59,79.03,147.19,26.76,31.04,71.09,23.6,55.87
405,04/10/2018,39.28,62.34,23.55,118.85,53.96,33.6,107.66,117.38,22.641369047619,48.82,53.69,73.7,17.06,70.51,100.25,178.32,66.71,46.26,98.89,25.07,77.07
406,04/10/2019,35.72,66.97,27.15,125.49,50.04,31.4,98.73,103.87,18.4747023809524,31.04,63.36,63.6,17.45,67.18,98.61,150.49,45.55,39.3,88.43,28.66,81.56
407,04/10/2023,39.09,105.95,25.65,168.29,46.78,53.39,120.37,143.19,13.51,33.09,142.33,131.24,25.76,64.09,104.96,220.22,50.04,75.4,135.1,29.84,114.54
408,04/11/2018,39.64,63.23,23.5,119.25,54.57,33.74,109.4,116.54,23.3333333333333,49.59,54.93,74.02,17.52,71.68,102.55,181.78,67.55,45.64,100.31,25.35,77.43
409,04/11/2019,35.64,66.37,27.07,125.99,50.48,31.18,98.73,99.92,18.3928571428571,31.2,63.29,63.11,17.19,67.18,98.51,150.92,45.31,39.39,89.04,28.76,81.95
410,04/11/2022,41.07,97.98,28.48,165.56,38.01,60.03,121.34,135.11,7.71,39.06,111.76,84.88,25.22,57.92,82.49,246.49,41.33,75.76,100.9,34.4,83.85
411,04/11/2023,39.92,106.75,25.96,169.22,47.96,54.3,121.68,145.17,13.48,33.73,144.8,132.19,26.11,64.37,106.46,220.39,51.14,76.32,136.71,30.17,115.35
412,04/12/2018,39.38,63.24,23.56,119.23,54.19,32.83,109.98,116.34,24.0625,50.21,55,74.25,17.63,71.78,102.63,182.61,67.56,45.08,100.53,25.08,77.22
413,04/12/2019,36.5,67.37,27.3,119.76,50.25,33.48,105.31,106.28,18.3556547619048,31.33,66.1,61.59,17.76,65.33,97.17,168.32,45.65,40.11,88.41,28.94,80.92
414,04/12/2021,17.25,50.86,16.96,101.78,34.64,21.88,70.1,73.88,7.28,21.02,72.95,52.21,10.77,24.23,77.62,145.02,26.54,31.28,70.3,23.45,55.5
415,04/12/2022,42.18,100,28.37,169.01,36.99,62.26,124.57,139.18,7.96,39.53,112.6,85.8,26.27,59.14,81.97,252.53,41.53,76.95,100.79,34.79,85.6
416,04/12/2023,39.64,107.53,25.76,169.82,46.34,54.54,122.31,145.01,13.59,33.59,146.17,130.22,25.62,64.84,106.03,225.1,51.98,76.12,133.72,30.33,115.23
417,04/13/2018,40.62,64.9,23.67,119.92,55.71,33.6,111.02,118.7,24.0922619047619,50.78,56.32,74.59,18.16,73.63,103.74,188.32,67.95,45.2,101.83,25.15,77.84
418,04/13/2020,8.38,34.3,18.98,84.91,25.05,9.71,43.29,33.08,6.25744047619048,7.85,39.91,25.33,4.39,15.33,61.56,78.55,15.95,8.55,49.7,17.1,42.76
419,04/13/2021,17.28,50.79,16.72,102.24,34.64,21.69,70.4,75.76,7.26,20.68,70.53,52.57,10.76,24.29,77.62,145.68,26.04,31.64,70.28,23.7,55.71
420,04/13/2022,43.61,100.23,29.13,171.67,38.52,63.75,123.56,140.34,7.89,40.19,114.63,87.59,26.57,59.62,83.14,255.42,42.57,77.99,103.94,35.05,86.81
421,04/13/2023,40.47,109.04,25.74,172.09,46.37,55.22,121.29,145.74,13.55,33.81,147.25,130.48,25.66,64.77,106.27,227.92,51.89,76.62,133.13,30.5,115.77
422,04/14/2020,8.08,34.08,19.54,84.61,25.07,9.11,42.23,31.65,6.28720238095238,7.63,38.6,26.3,4.25,14.9,61.07,77.37,15.54,8.68,50.95,17.31,42.43
423,04/14/2021,18.14,52.69,16.94,104.27,35.46,22.49,74.12,80.34,7.51,21.66,72.31,53.87,11.09,25.55,79.39,153.1,27.31,32.84,72.28,23.65,57.32
424,04/14/2022,43.68,101.37,29.42,171.59,38.15,62.56,122.94,138.44,8,40.76,114.72,87.2,26.61,59.34,82.85,254.75,43.25,78.64,104.86,35.52,87.83
425,04/14/2023,40.78,108.5,25.76,172.44,46.44,55.7,121.61,146.74,13.56,33.63,148.93,130.78,25.73,64.48,106.26,230,52.48,77.91,131.86,30.39,116.05
426,04/15/2019,35.95,66.34,27.36,120.14,48.49,32.57,102.12,105.96,18.1696428571429,31.29,65.54,60.54,17.38,63.36,96.24,167.74,46.4,39.96,87.65,28.53,80.65
427,04/15/2020,7.94,32.2,19.99,82.49,23.8,8.67,39.89,30.23,5.89285714285714,6.95,35.42,23.98,4.23,13.61,56.47,74.92,14.73,7.99,46.7,16.81,40.48
428,04/15/2021,18.07,51.9,16.83,103.42,35.41,22.37,72.83,79.08,7.32,21.08,70.57,53.87,10.84,24.86,79.02,152.22,26.66,33.34,71.39,23.84,56.98
429,04/16/2018,40.79,65.73,23.96,120.7,57.17,33.62,111.02,119.04,24.0773809523809,50.76,56.24,77.52,18.19,74.91,106.82,191.13,68.52,46.64,105.49,25.59,78.54
430,04/16/2019,36.56,65.84,27.43,121.17,48,32.83,102.35,106.87,18.3035714285714,31.81,66.31,60.02,17.47,63.67,95.98,171.24,47.34,39.61,88.32,28.63,81.2
431,04/16/2020,7.49,31.07,19.31,79.99,23.07,8.09,36.52,28.03,5.52083333333333,6.67,32.54,21.95,3.89,12.2,53.53,71.11,14.05,7.68,45,16.59,39.15
432,04/16/2021,17.8,51.09,16.56,102.96,35.48,21.88,70.51,77.54,7.27,20.69,69.34,54.26,10.53,24.38,78.69,148.41,26.29,33.38,72.5,23.62,56.66
433,04/17/2018,41.35,66.51,23.84,121.46,57.76,33.69,111.15,122.3,24.1815476190476,50.89,56.33,78.55,18.15,75.22,107.86,193.18,68.66,47.25,106.69,25.73,78.33
434,04/17/2019,36.84,65.78,27.04,120.27,48.42,33.21,101.84,108.24,18.2366071428571,31.59,65.92,60.24,17.74,62.65,96.46,173,47.41,39.37,89.42,28.39,81.43
435,04/17/2020,8.49,35.26,20.96,87.17,27.02,9.22,41.84,31.52,6.04166666666667,7.58,37.35,25.45,4.35,13.63,59.53,76.63,15.28,7.93,51.76,18.08,43.22
436,04/17/2023,39.49,105.61,25.68,170.92,45.54,55.3,120.78,144.6,13.36,33.44,145.65,129.3,24.8,62.94,103.92,228.22,52.06,76.5,128.3,30.32,114.7
437,04/18/2018,42.84,66.42,24.04,123.82,58.03,36.1,112.85,127.1,24.7247023809524,52.09,57.92,78.78,18.23,75.92,108.89,194.45,70.34,48.03,107.54,25.77,79.22
438,04/18/2019,35.87,65.9,26.13,119.86,47.34,33.55,103.87,107.28,18.1919642857143,31.13,65.86,59.81,17.62,61.82,95.42,175.06,45.56,39.34,88.04,28.32,81.13
439,04/18/2022,43.98,103.47,30.77,173.89,40.15,63.54,123.32,140,8.73,41.64,115.71,90.11,26.88,61.37,87.16,256.67,43.68,78.8,110.35,35.31,88.55
440,04/18/2023,39.42,104.95,25.76,170.52,45.5,55.22,119,144.68,13.32,33.88,145.8,129.06,24.74,63,104.31,228.48,52.17,76.86,127.11,30.16,116.94
441,04/19/2018,42.03,66.31,23.56,123.71,58.24,35.69,114.04,128.88,24.7991071428571,52.01,58.2,79.4,17.99,75.99,110.64,195.47,70.28,47.17,108.2,25.55,79.42
442,04/19/2021,18.07,50.89,16.54,103.26,34.87,22.03,71.29,77.67,7.28,20.67,69.4,53.43,10.63,24.54,77.94,148.58,26.53,32.98,70.85,23.69,56.48
443,04/19/2022,44.39,101.56,30.47,171.83,40,63,121.76,137.92,8.75,41.31,114.38,90.44,26.78,60.38,89.55,250.82,43.43,79.05,107.74,35.41,87.76
444,04/19/2023,38.79,105.26,25.7,170.68,45.25,54.85,118.8,143.67,13.53,34.11,144.94,126.39,24.66,62.47,103.06,227.31,52.63,76.23,124.4,30.08,116.57
445,04/20/2018,41.45,65.79,23.08,122.31,58.26,35.4,113.97,128.4,24.4642857142857,51.96,57.81,79.76,18.02,76.47,110.99,194.95,69.23,47.59,108.55,25.51,79
446,04/20/2020,8.48,34.57,21.42,83.57,26.22,9.16,41.17,30.86,5.69196428571429,7.63,35.93,24.85,4.21,12.59,58.12,71.28,15.21,7.88,50.31,18.49,41.18
447,04/20/2021,17,48.65,16.38,101.33,33.75,20.97,68.57,74.27,6.94,19.81,67.73,52.05,10.11,23.2,75.42,145.92,25.25,32.23,68.68,23.45,55.29
448,04/20/2022,44.33,102.67,30.93,172.53,40.53,64.61,122.69,141.9,8.88,39.6,114.88,90.98,27.65,61.47,88.87,253.34,42.68,80.63,108.07,35.92,87.96
449,04/20/2023,37.7,103.78,25.56,169.85,45.09,54.02,118.26,141.94,13.17,33.87,143.99,125.69,24.27,62.03,101.25,225.3,51.97,75.56,122.95,29.83,115.64
450,04/21/2020,8.57,33.19,21.03,81.64,26.58,9.05,40.5,31.4,5.60267857142857,7.46,36.37,23.72,4.24,12.34,56.8,73.47,14.69,7.84,49.45,18.02,40.96
451,04/21/2021,17.14,50.04,16.4,102.73,34.47,21.17,68.96,75.26,7.17,19.1,68.02,53.31,10.44,24.45,77.02,147.1,25.73,32.71,70.3,23.56,56
452,04/21/2022,42.19,98.67,29.97,164.58,38.51,61.15,119.49,137.35,8.32,38.95,110.17,88.74,26.09,59.2,85.95,243,40.65,78.63,104.91,35.68,87.03
453,04/21/2023,37.23,102.26,25.46,169.12,44.33,53.63,117.31,141.09,13.02,33.4,143.84,123.53,24.09,61.87,100.15,224.78,49.8,75.61,119.63,29.93,116.01
454,04/22/2019,37.09,66.96,26.17,121.9,48.85,35.16,107.07,111.2,18.5714285714286,31.09,67.88,61.13,18.78,63.05,97.14,175.89,45.85,40.97,91.15,28.76,82.9
455,04/22/2020,9.42,34.98,20.72,84.44,26.88,9.74,43.15,34.24,6.14583333333333,8.23,39.38,24.69,4.53,13.02,58.18,80.66,15.34,8.3,50.57,17.66,42.13
456,04/22/2021,17.61,49.46,16.37,100.95,33.28,21,68.35,75.28,6.93,19.22,67.02,52.06,10.33,24.1,74.95,146.28,25.25,32.77,68.48,23.24,55.27
457,04/22/2022,40.71,96.01,28.96,160.95,37.93,58.07,116.12,130.1,8.19,37.69,106.45,87.08,25,56.62,83.62,236.24,41.65,76.17,103.05,35.1,85.13
458,04/23/2018,41.53,65.48,23.32,123.58,59.08,35.43,114.84,128.24,24.9255952380952,52.05,58.54,79.85,17.98,77.24,111.45,197.35,68.91,47.99,109.26,25.85,79.57
459,04/23/2019,36.43,66.45,26.19,122.02,48.59,34.6,106.6,111.81,18.9285714285714,31.15,67.46,61.06,18.68,62.36,97.4,175.72,45.89,40.91,90.28,28.82,83.38
460,04/23/2020,10.5,36.18,20.04,86.8,28.57,10.57,44.22,37.1,5.73660714285714,8.92,41.67,25.94,4.84,13.87,59.97,79.31,16.52,9.26,52.07,17.51,43.45
461,04/23/2021,18.18,49.72,16.12,101.55,34.09,21.44,69.06,76.13,6.95,19.06,67.29,53,10.67,24.65,76.49,146.45,25.71,33.94,70.18,23.61,55.57
462,04/24/2018,40.64,65.31,23.26,122.54,60.39,34.48,114.59,125.73,24.84375,51.37,57.65,79.78,17.71,77.34,109.23,196.06,68.28,46.28,108.29,25.55,78.35
463,04/24/2019,35.48,64.7,26.11,118.28,47.98,34.49,103.94,111.04,18.4375,30.11,65.85,59.5,18.15,62,94.28,172.37,44.24,40.68,87.73,28.68,81.76
464,04/24/2020,10.69,36.09,20.44,87.01,28.56,10.52,43.36,35.78,5.9672619047619,8.86,42.46,25.76,4.93,13.81,60.53,77.45,16.11,9.72,52.5,18.28,43.73
465,04/24/2023,37.85,103.65,25.7,171.48,45.14,54.47,119.18,143.49,13.61,34.47,145.73,126.51,24.73,62.76,100.69,227.24,50.22,76.99,120,30.33,118.2
466,04/25/2018,41,65.06,23.17,122.72,59.63,35.2,115.4,125.75,24.9702380952381,51.75,59.34,80.23,17.97,77.36,109.79,198.9,69.1,46.75,108.68,25.62,79.5
467,04/25/2019,34.06,63.97,26.01,117.9,49.49,33.54,102.08,109.61,18.0580357142857,29.22,64.18,60.65,17.93,61.84,95.22,168.01,43.3,40.23,90.83,28.47,82.22
468,04/25/2022,39.08,91.66,28.66,157.49,36.76,56.18,111.77,125.82,7.73,35.33,102.62,84.26,24.14,54.92,81.02,231.14,38.69,73.07,100.88,33.9,82.26
469,04/25/2023,36.28,102.09,25.15,168.99,43.8,53.21,116.67,139.33,12.83,33.25,141.17,123.15,23.74,61.33,99.32,222.44,48.96,75.51,117.85,29.93,116.52
470,04/26/2018,40.88,66.97,23.47,124.22,62.11,35.78,117.62,126.87,24.9776785714286,52.6,58.44,82.93,18.46,77.6,112.52,200.73,69.47,46.63,111.54,25.58,80.86
471,04/26/2019,33.06,62.78,26.66,117.1,48.56,32.69,97.88,107.21,18.59375,28.85,63.85,60.39,17.38,61.31,94.92,164.94,43.3,40.62,90.08,28.49,80.49
472,04/26/2021,18.65,50.25,16.44,101.52,34.38,21.87,69.83,77.46,7.05,19.43,68.15,53.27,10.78,24.9,76.5,148.98,26.37,34.19,70.52,23.97,55.68
473,04/26/2022,38.62,91.32,28.55,156.53,36.53,56.4,111.59,125.39,7.56,35.12,101.48,85.47,24.08,54.82,81.88,228.69,39.54,73.56,105.14,34.31,82.29
474,04/26/2023,35.37,100.47,24.69,165.98,43.6,52.2,115.66,136.93,12.81,31.72,142.95,122.53,23.29,60.26,99.27,222.48,47.78,74.38,116.64,29.44,115.45
475,04/27/2018,40.18,64.95,23.62,126.62,60.44,35.75,116.79,125.85,24.7991071428571,52.83,56.63,81.43,18.11,77.04,111.34,199.29,69.08,47.37,109.78,25.56,77.79
476,04/27/2020,10.5,37.15,21.09,89.71,29.76,10.76,44.54,36.22,5.71428571428571,8.91,43.17,26.45,4.85,14.15,63.49,81.86,16.05,10.04,55.57,18.52,43.94
477,04/27/2021,19.03,51.3,16.79,102.7,34.59,22.14,71.68,79.32,7.25,19.32,70.45,53.89,11.04,25.09,78.1,151.07,26.18,33.91,71.82,23.94,56.41
478,04/27/2022,39.97,93.06,28.85,156.24,36.75,58.07,112.81,126.64,7.59,35.94,102.75,87.25,24.66,55.59,83.01,231.63,39.95,75.16,109.51,34.32,84.64
479,04/27/2023,35.66,101.23,25.16,166.95,42.99,52.25,115.84,138.06,13.42,32,141.48,121.43,23.48,60.58,97.74,212.81,47.96,74.28,114.64,29.81,116.83
480,04/28/2020,10.67,38.48,20.54,89.91,30.73,10.97,44.98,38,5.92261904761905,9.52,44.3,28.43,4.99,15.17,67.34,82.76,16.15,10.57,57.87,18.91,44.97
481,04/28/2021,20.49,53.04,16.97,105.22,35.73,24.03,74.98,83.68,7.91,20.14,75.94,55.44,11.75,26.1,80.1,157.22,27.36,34.53,74.12,24.43,58.11
482,04/28/2022,41.45,97.55,29.15,161.79,38.46,59.89,117.77,129.47,7.55,36.72,105.15,89.69,25.46,57.03,87.21,234.98,40.11,76.26,115.53,34.83,87.2
483,04/28/2023,36.85,102.89,25.6,168.58,44.11,53.43,119.47,142.2,13.69,32.75,145.06,122,24.16,61.53,99,217.55,49.35,75.53,114.67,30.26,118.34
484,04/29/2019,33.22,62.65,25.96,117.72,48.55,32.72,97,106.9,18.6979166666667,28.77,63.92,60.99,17.15,60.13,95.36,165.75,43.43,41.56,89.6,28.29,79.97
485,04/29/2020,13.05,42.21,20.77,94.62,33.63,12.63,47.72,44.19,6.89732142857143,11.02,49.01,33.04,5.85,16.78,73.5,89.8,18.2,12.22,66.28,19.46,47.46
486,04/29/2021,20.68,53.13,17.06,106.9,35.67,24.07,75.93,84.34,7.65,20.36,76.74,56.04,11.73,25.94,81.12,159.57,27.82,34.8,74.86,24.58,58.94
487,04/29/2022,40.93,95.52,28.79,156.67,38.02,58.17,116.76,126.23,6.92,35.62,103.07,87.26,24.92,55.09,86.76,232.47,39.01,73.41,111.48,34.29,85.25
488,04/30/2018,40.95,65.5,23.91,125.11,60.69,36.33,118.17,128.45,24.5238095238095,52.99,56.99,74.91,18.25,77.26,111.31,201.55,68.56,46.97,110.93,25.73,77.75
489,04/30/2019,32.91,63.12,25.89,120.06,47.73,32.14,96.05,106.39,18.296130952381,28.33,64.12,60.87,17.04,58.88,94.27,166.46,42.68,40.15,90.66,28.33,80.28
490,04/30/2020,13.08,42.1,21.62,92,33.04,12.47,47.51,43.54,6.62946428571429,10.5,48.64,32.08,6.12,16.6,73.17,89.31,16.82,12.96,63.35,19.37,46.47
491,04/30/2021,20,51.14,16.67,103.07,35,23.38,73.64,81.73,7.4,19.56,74.51,55.65,11.26,25.36,80.91,153.83,27.05,34.69,73.96,24.36,57.24
492,05/01/2018,40.45,65.71,23.97,124.86,60.46,36.2,117.56,128.1,24.3824404761905,52.44,57.65,72.9,18.2,76.58,111.85,198.86,68.4,46.68,110.72,25.96,76.95
493,05/01/2019,31.71,62.67,25.38,117.81,47.76,31.84,91.89,101.37,17.6860119047619,27.59,63.11,59.95,16.53,57.48,91.84,157.98,41.37,39.87,89.77,27.98,78.67
494,05/01/2020,11.28,39.14,20.22,89.44,30.32,11.15,44.57,40.28,6.15327380952381,9.76,44.28,29.24,5.5,15.24,66.36,82.92,15.75,11.81,58.76,18.55,43.14
495,05/01/2023,36.9,102.53,25.44,167.24,43.86,53.24,118.64,141.93,13.56,32.55,143.31,122.46,24.04,61.17,98.4,216.99,49.15,75.4,115.41,30.36,114.67
496,05/02/2018,41.06,65.45,23.81,125.49,64.48,38.23,116.65,128.92,24.6428571428571,52.64,57.61,75.84,18.3,76.83,114.52,196.33,68.66,47.43,112.25,26.15,76.8
497,05/02/2019,29.78,61.29,25.11,116.38,46.19,30.92,89.17,99.12,17.4479166666667,27.74,61.93,58.69,15.52,57.35,89.1,153.47,41.12,39.34,88.25,27.46,77.29
498,05/02/2022,40.61,95.92,28.92,159.75,38.99,58.35,116.31,127.5,7.05,35.96,102.38,89.12,24.95,58.3,89.18,235.84,39.11,74.26,116.6,34.4,86.41
499,05/02/2023,34.36,98.64,24.31,160.04,41.63,50.71,111.61,135.05,12.85,29.86,137.08,116.97,22.74,60.04,94.73,209.51,46.18,72.26,110.78,29.3,110.1
500,05/03/2018,38.54,65.99,23.08,126.01,65.63,37.2,116.01,126.51,24.375,52.31,57.79,77.46,19.44,77.29,115.59,192.14,67.72,46.3,113.37,26.1,76.54
501,05/03/2019,30.59,62.01,25.37,117.27,46.74,31.26,90.9,100.47,17.485119047619,27.77,63.23,59.96,15.68,57.95,89.56,156.09,41.28,39.87,88.44,27.59,77.47
502,05/03/2021,20.46,52.74,17.08,105.53,37,23.62,75.97,83.92,7.82,20.66,76.95,57.16,11.13,26.14,83.94,158.66,28.22,35.54,78.15,24.77,58.82
503,05/03/2022,42.52,98.93,31.66,162.49,40.7,64.28,120.76,136.11,7.34,36.67,106.86,92.65,26.25,59.24,90.79,243.7,40.15,76.36,121.4,35.31,88.19
504,05/03/2023,34.17,96.09,24.1,156.83,41.91,49.01,111.02,128.78,12.82,29.15,135.31,110.07,22.27,58.97,95.95,207.79,45.27,71.39,107.06,28.96,107.93
505,05/04/2018,39.49,66.86,23.43,125.53,66.05,37.87,114.66,127.3,24.7321428571429,52.19,58.71,76.94,19.72,77.71,115.61,194.19,68.79,46.03,113.39,26.19,76.9
506,05/04/2020,12.06,40.36,20.26,91.44,32.53,11.42,46.74,42.52,5.92261904761905,10.03,46.29,31.53,5.81,15.52,73.48,83.06,16.23,11.96,63.66,19.13,44.88
507,05/04/2021,20.18,52.57,17.19,106.11,36.22,23.45,75.01,79.2,7.8,20.96,77.16,57.3,11.32,25.86,83.03,158.45,28.39,35.48,78.16,24.58,59.19
508,05/04/2022,45.2,103.86,32.77,167.59,42.97,67.74,124.77,142.49,7.86,38.08,111.49,96.35,27.69,61.57,96.17,252.78,42.6,78.02,128.23,36.89,91.7
509,05/04/2023,32.26,97.36,24.14,156.22,38.26,48.24,111.31,125.99,13.31,29.02,130.94,105.06,22.08,58.7,92.31,206.06,45.07,69.35,104.31,29.1,106.04
510,05/05/2020,11.78,40.92,20.39,92.89,31.34,11.18,46.05,40.33,5.77380952380952,9.86,46.14,31.14,5.53,15.32,75.2,82.48,16.25,12.45,63.02,19,44.83
511,05/05/2021,20.97,55.44,17.47,108.96,34.68,25.23,76.71,83.12,8.16,22,80.95,59.37,11.7,27.05,84.99,164.34,30.34,36.43,80.06,24.92,60.97
512,05/05/2022,41.3,102.86,31.87,166.26,42.22,67.15,123.42,138.59,7.6,36.69,109.57,94.1,27.68,62.29,94.52,256.48,42.08,74.7,125.83,35.91,90.31
513,05/05/2023,33.22,100.37,25.09,160.21,38.38,50.36,114.17,132.8,14.25,29.88,136.3,106.9,22.93,60.69,93.44,212.22,45.75,71.88,107.04,30.18,108.68
514,05/06/2019,30.78,61.88,25.47,118.4,45.44,31.49,91.24,100.7,17.2767857142857,27.63,62.81,59.49,15.77,58.77,87.03,156.29,41.24,39.95,86.39,27.38,77.13
515,05/06/2020,11.61,40.49,19.6,90.05,30.01,11.49,45.84,38.92,5.54315476190476,9.56,45.01,29.53,5.6,13.4,71.91,81.83,15.82,11.66,60.91,18.61,43.99
516,05/06/2021,21.43,55.7,17.11,109.02,35.33,25.27,76.98,82.25,8.18,22.17,81.29,59.46,11.5,26.65,85.61,164.94,30.73,37.16,80.46,24.97,61.55
517,05/06/2022,44.11,107.69,32.55,170.69,42.68,69.69,132.22,142.93,7.77,37.35,117.25,95.92,28.15,64.94,96.36,270.18,43.03,75.47,129.18,36.67,91.69
518,05/07/2018,39.47,66.77,23.02,124.94,65.6,37.89,113.89,130.24,24.4047619047619,52.03,59.22,76.5,19.77,77.28,115.41,195.8,69.21,46.55,113.67,26.27,77.74
519,05/07/2019,30.51,61,25.5,118.27,45.47,31.05,91.78,98.23,16.9717261904762,26.94,62.3,59.43,15.51,59.69,86.55,147.97,40.6,40.8,84.36,27.52,76.72
520,05/07/2020,11.88,42.42,19.98,92.64,28.31,12.01,48.31,40.37,5.63244047619048,10.01,46.4,30.78,5.51,13.88,73.31,87.02,16.73,13.42,61.26,19.21,44.24
521,05/07/2021,21.59,57.1,17.39,110.02,35.65,26.22,83.1,84.21,8.58,22.95,82.53,60,11.89,27.39,86.04,167.83,31.89,38.23,80.49,25.3,62.43
522,05/08/2018,40.12,67.74,23.34,126.57,67.1,39.02,115.29,134.72,24.3303571428571,51.87,60.91,75.31,20.44,78.2,116.25,197.65,69.54,47.4,113.19,26.12,78.09
523,05/08/2019,30.61,61.43,25.58,117.5,43.72,31.53,94.03,105.85,16.9940476190476,26.5,63.44,55.23,15.56,60.21,85.9,153.77,40.27,39.44,82.4,27.09,76.84
524,05/08/2020,12.45,43.08,20.51,95.47,31.21,12.7,51.45,42.08,5.89285714285714,10.7,48.48,33.03,5.78,15.02,77.06,89.99,18.05,13.8,65.92,19.47,46.18
525,05/08/2023,33.08,100.9,24.86,159.58,39.03,51,114.36,132.59,13.98,29.95,136.88,108.71,22.82,58.96,93.96,212.35,46.61,71.25,107.38,29.56,109.11
526,05/09/2018,41.25,68.7,23.1,128.72,67.97,40.22,117.79,136.52,24.9330357142857,52.7,62.35,77.11,21.26,82.4,117.5,201.52,70.88,47.59,114.82,26.52,79.93
527,05/09/2019,31.06,61.54,25.94,121.19,43.56,31.25,94.24,108.24,17.0238095238095,25.99,63.26,52.96,15.27,56.33,85.75,153.4,40.27,38.55,81.74,26.96,76.77
528,05/09/2022,37.53,97.2,29.32,159.25,42.29,62.02,117.94,129.49,6.85,33.36,106.73,90.86,24.2,57.84,89.48,244.39,38.04,67.59,118.45,34.74,84.46
529,05/09/2023,33.16,101.53,24.84,159.12,39.37,49.17,113.77,132.91,14.13,30.1,136.16,110.94,22.9,58.96,93.98,211.24,47.17,71.18,108.4,29.45,109.14
530,05/10/2018,41.64,69.34,22.96,128.82,67.45,40.89,118.95,129.79,23.5491071428571,52.71,63.3,77.54,21.14,83.86,117.96,203.19,71.12,48.07,114.49,26.69,81.72
531,05/10/2019,31.22,61.92,25.96,121.99,43.91,31.31,95,107.89,16.9866071428571,25.36,63.58,53.15,15.26,54.97,86.65,151.65,39.56,40.43,83.73,27.55,76.56
532,05/10/2021,21.89,57,17.7,109.57,35.13,26.01,84.55,82.76,8.31,22.74,82.56,59.81,11.65,26.63,85.59,167.58,31.63,37.73,79.64,25.54,62.58
533,05/10/2022,37.38,98,29.62,160.78,43.78,63.76,119.56,129.84,6.9,34.3,105.77,91.72,24.39,59.41,89.57,250.54,37.89,68.02,120.97,34.18,85.02
534,05/10/2023,32.8,100.47,24.46,157.09,40.5,48.11,112.16,130.49,14.15,29.56,135.24,111.72,22.67,56.85,94.23,209.11,45.86,70.8,111.01,29.16,107.74
535,05/11/2018,41.41,69.44,22.67,129.84,67.62,40.95,117.41,123.82,23.8169642857143,52.28,62.72,77.33,21,84.97,117.76,202.17,71.08,48.12,114.63,27.14,81.28
536,05/11/2020,12.03,42.27,19.35,93.37,30.21,12.46,49.84,41.02,5.58035714285714,10.58,47.13,32.7,5.75,15.03,76.67,84.44,17.36,13.38,65.57,19.53,45.74
537,05/11/2021,21.04,55.72,17.41,106.7,34.21,25.74,82.14,79.8,8.22,22.61,81.15,58.64,11.49,24.53,83.63,157.7,31.26,37.55,77.69,25.65,60.59
538,05/11/2022,38.3,99.04,29.58,163.16,45.04,64.68,121.29,125.27,6.91,34.69,109.69,91.96,25.17,60.1,91.2,249.73,38.37,68.79,120.42,34.46,86.79
539,05/11/2023,33.08,99.89,24.36,156.22,40.11,47.26,110.53,127.66,14.08,28.49,132.53,110.1,22.47,57.93,93.4,207.2,44.14,69.69,110.66,29,105.79
540,05/12/2020,11.79,41.58,19,91.1,28.7,12.4,49.72,40.87,5.60267857142857,10.49,44.8,32.21,5.96,14.58,73.53,84.03,17.08,14.42,63.34,19.08,44.12
541,05/12/2021,21.13,55.69,17.5,107.37,34.49,25.58,81.36,79.48,8.06,22.63,81.14,58.97,11.54,25.12,85.34,156.17,32.1,37.75,79.97,25.28,60.04
542,05/12/2022,38.03,99.6,29.07,164.71,45.06,64.61,120.51,127.04,6.99,34.56,108.39,92.74,25.13,59.22,91.19,252,39.03,68.33,120.41,34.62,86.3
543,05/12/2023,32.98,99.43,24.8,156.62,40.05,47.52,110.42,128,14.08,28.61,132.79,109.88,22.39,58.09,93.22,204.78,44.07,69.89,110.52,29.28,105.78
544,05/13/2019,30.14,61.19,25.84,120.44,42.67,29.92,93.5,107.2,16.3988095238095,24.65,62.9,50.72,15.03,54.17,85.79,147.22,38.16,40.44,81.41,27.24,75.71
545,05/13/2020,10.73,39.89,18.77,88.7,27.47,11.53,48.2,37.79,5.11904761904762,9.54,42.36,31.05,5.56,13.44,71.03,79.38,15.85,14.08,59.05,18.48,41.93
546,05/13/2021,20.4,54.24,17.19,106.68,33.88,24.75,79.58,76.2,7.92,22.37,79.46,58.78,11.07,23.71,84.35,151.87,31.76,37.48,78.5,25.38,59.3
547,05/13/2022,41.15,102.91,29.78,167.87,46.86,68.7,124.28,133.43,7.37,36.1,114.27,95.88,27,64.08,94.6,261.89,40.74,71.28,124.7,34.79,88.86
548,05/14/2018,42.31,69.59,23.27,130.39,69.04,41.32,118.68,124.24,23.6160714285714,52.5,63.13,78.34,21.42,84.89,118.29,201.62,71.6,48.85,115.87,27.25,81.83
549,05/14/2019,31.01,62.32,26.3,121.64,43.63,30.76,94.34,109.11,16.8229166666667,25.43,64.18,51.31,15.46,54.55,86.92,150.35,39,41.24,82.96,27.48,75.81
550,05/14/2020,10.36,39.93,18.65,90.05,27.61,11.66,47.56,38.18,4.94791666666667,9.95,42.77,30.89,5.64,13.76,71.75,82.21,16.1,14.19,59.41,18.49,42.3
551,05/14/2021,21.56,56.52,17.77,109.47,35.82,26.38,82.6,78.7,8.21,23.06,84.33,60.08,11.8,25.1,87.7,157.05,32.81,38.52,81.21,25.88,60.77
552,05/15/2018,42.52,70.09,23.2,129.74,68.9,41.28,120.23,128.53,23.7872023809524,52.72,63.46,77.29,21.27,84.27,118.32,203.05,71.6,48.71,115.9,27.26,81.79
553,05/15/2019,31.17,62.04,26.36,122.14,43.71,30.93,94.36,109.06,16.9642857142857,25.59,65.04,51.19,15.43,54.25,87.3,151.49,39.33,41.94,83.37,27.71,76.37
554,05/15/2020,10.61,40.87,18.25,89.16,26.87,11.95,47.68,38.78,4.85119047619048,9.82,44.07,30.3,5.61,13.82,70.93,82.86,15.95,15.03,58.78,18.76,42
555,05/15/2023,32.94,100.29,25.56,157.2,40.25,47.71,111.34,128.96,13.85,29.1,134.64,110.63,22.67,58.52,94.22,206.78,44.6,70.78,112.91,29.1,105.07
556,05/16/2018,42.66,69.85,23.28,129.56,68.96,41.4,121.5,132.13,24.6875,52.97,63.61,76.73,21.18,84.26,118.16,206.08,73.11,48.59,114.99,27.37,82.02
557,05/16/2019,31.23,62.57,26.27,120.8,44.69,31.3,95.18,110.63,17.0907738095238,25.88,66.35,52.86,15.71,53.75,88.3,155.09,39.86,42.26,85.47,27.63,76.36
558,05/16/2022,42.41,105.5,30.56,173.01,47.16,70.99,126.36,131.3,7.6,37.57,116.97,96.47,27.98,67.72,97.08,268.78,42.14,72.14,127.78,35.44,90.95
559,05/16/2023,31.63,98.07,24.78,153.51,39.39,46.13,107.63,124.86,13.47,27.88,130.11,106.75,21.97,58.14,91.89,201.18,43.25,68.51,109.64,28.65,102.52
560,05/17/2018,44.01,70.66,23.35,129.46,72.43,42.36,126.15,136.26,25.2604166666667,54.37,65.17,80.71,21.65,86.16,121.87,212.31,74.43,48.57,119.71,28.01,81.88
561,05/17/2019,30.41,62.1,26.17,120.52,42.94,30.61,93.02,111.02,16.7113095238095,25.18,65.69,51.95,15.47,52.76,84.81,154.27,39.02,42.17,83.71,27.5,75.91
562,05/17/2021,22.16,58.3,18.31,110.81,36.67,27.19,85.1,80.36,8.37,23.78,86.42,61.52,12.25,26.39,88.7,161.03,34.05,39.05,81.62,26.53,62.19
563,05/17/2022,43.14,107.02,31.05,174.03,47.18,72.58,127.42,131.45,7.85,37.88,118.37,97.55,28.36,67.94,97.72,276.53,42.95,72.96,128.06,35.9,92.11
564,05/17/2023,32.56,100.71,24.64,155.71,40.54,47.71,110.8,127.58,13.42,28.94,132.19,110.63,22.71,58.92,94.79,203.96,44.5,69.45,112.1,28.95,104.82
565,05/18/2018,43.91,69.55,23.28,127.86,72.96,41.96,125.79,134.58,25.4389880952381,54.32,64.66,79.53,21.41,85.42,120.33,209.64,74.29,48.34,120.56,27.8,81.3
566,05/18/2020,11.92,43.6,18.47,92.55,30.86,13.12,52.44,43.44,5.57291666666667,11.51,49.11,34.95,6.08,15.07,76.28,93.38,17.95,17.44,64.35,19.58,45.34
567,05/18/2021,21.67,57.29,17.84,106.18,35.64,26.24,82.97,80,8.32,23.29,84.79,60.33,11.93,25.87,86.76,158.37,33.07,38.52,79.58,26.33,60.43
568,05/18/2022,40.45,104.48,30.69,168.06,46.94,69.92,122.58,128.36,7.5,36,114.19,96.21,26.77,64.3,95.52,271.08,41.13,69.77,124.68,35.23,90.65
569,05/18/2023,32.71,100.74,25.45,154.01,41.78,48.28,112.02,128.74,13.52,29.87,133.11,110.98,23.05,58.25,96.28,203.97,44.85,69.65,111.55,29.21,105.77
570,05/19/2020,11.36,42.67,18.21,89.62,29.46,12.31,50.66,41.84,5.19345238095238,11.15,45.86,34.5,5.82,14.37,75.22,89.65,17.11,16.72,64.05,19.42,43.94
571,05/19/2021,20.82,55.58,18,103.2,34.63,25.28,80.54,77.92,8.22,22.54,82.73,59.55,11.61,25.07,85.73,153.09,32,38.12,77.28,26.03,58.98
572,05/19/2022,40.82,104.61,30.42,166.86,46.36,69.51,121.7,129.82,7.68,36.06,113.43,95.76,26.88,63.96,95.33,265.42,40.85,68.91,124.26,35.02,91.14
573,05/19/2023,33.41,102.6,25.63,155.23,41.35,49.2,114.59,130.22,13.88,30.17,133.55,110.31,23.07,59.13,94.94,208.94,45.27,70.22,111.27,29.24,106.26
574,05/20/2019,29.93,62.45,26.45,120.84,43.34,30.03,93.68,109.66,17.0907738095238,25.08,65.28,52.12,15.54,53.46,84.52,154.21,39.12,41.25,82.08,27.46,75.9
575,05/20/2020,11.95,44.15,18.91,93,31.75,12.42,52.65,43.66,5.57291666666667,11.95,47.34,36.82,5.95,14.99,78.25,92.43,18.21,17.36,67.34,19.72,45.37
576,05/20/2021,20.63,55.39,17.75,103.56,33.77,25.26,80.52,76.53,8.16,22.38,81.96,59.67,11.53,24.95,85.1,150.65,31.77,38.65,76.99,26.34,58.84
577,05/20/2022,41.66,105.02,30.69,167.82,46.47,69.92,122.05,130.28,7.58,36.7,113.34,96.56,27.26,63.26,93.79,266.48,41.12,69.44,122.98,35.38,91.86
578,05/21/2018,44.28,70.66,23.41,129.37,75.14,42.33,127.45,136.76,25.3050595238095,54.4,65.27,78.85,21.9,85.79,121.44,209.84,75.03,48.73,122.06,27.62,82.28
579,05/21/2019,30.83,63.62,27.35,121.34,44.13,31.12,95.63,113.8,17.5,25.59,66.46,53.28,15.84,53.51,86.16,157.91,39.5,42.17,82.47,27.89,76.25
580,05/21/2020,12.05,43.72,18.63,92.04,30.99,12.29,52.32,42.89,5.40178571428571,11.98,47.24,35.69,5.94,14.25,77.09,92.93,17.79,17.31,65.73,19.47,44.56
581,05/21/2021,20.89,55.65,17.81,104.12,33.99,25.35,80.07,76.31,8.21,22.46,81.94,59.59,11.6,25.12,84.29,150.72,31.95,38.56,77.2,26.39,58.92
582,05/22/2018,43.13,70.13,22.79,128.23,72.94,41.8,123.76,132.23,24.6949404761905,53.24,63.82,78.49,21.54,84.95,118.75,202.68,73.73,48.53,120.15,27.73,81.64
583,05/22/2019,29.49,63.05,26.6,120.57,42.7,29.31,92.91,108.88,17.0982142857143,24.74,64.09,51.92,15.43,52.78,85.6,153.15,38.34,41.68,80.35,27.63,75.56
584,05/22/2020,12.17,43.28,18.9,90.28,30.46,12.14,52.28,42.94,5.36458333333333,11.59,47.1,35.57,5.89,14.13,76.46,92.42,17.58,18.04,65.68,19.65,44.6
585,05/22/2023,33.47,103.73,25.89,152.44,42.3,49.32,113.55,132.45,14.25,30.22,133.08,110.63,23.43,59.04,95.56,211.04,46,71.24,112.79,29.23,104.97
586,05/23/2018,42.57,69.12,22.78,128.7,73.67,42.19,122.98,129.64,24.233630952381,52.92,63.12,78.87,21.63,85.33,118.95,199.5,73.45,48.51,121.05,27.69,82.15
587,05/23/2019,27.66,59.5,25.61,117.87,40.96,27.17,88.85,104.03,16.4732142857143,23.51,59.01,50.14,14.56,52.91,82.27,145.58,37.49,40.11,75.41,27.01,73.79
588,05/23/2022,44.15,109.02,32.37,171.72,46.89,71.06,128.07,136.11,7.99,38.33,116.97,96.91,28.13,65.42,95.08,272,43.81,69.26,123.96,36.02,93.89
589,05/23/2023,33.91,104.39,25.77,156.85,43.13,49.11,113.46,132.93,14.07,30.58,131.96,109.92,23.64,59.68,95.64,214.02,46.06,70.96,112.5,29.38,106.4
590,05/24/2018,41.26,68.45,22.38,126.61,75.55,41.69,119.98,124.99,23.7053571428571,52.27,62.4,79.11,21.47,83.86,118.82,193.23,71.22,47.29,121.88,27.19,80.27
591,05/24/2019,27.33,59.88,25.7,118.71,41.11,26.99,87.16,104.11,16.3764880952381,22.97,59.47,50.29,14.43,53.47,82.94,147,37,40.46,76.22,26.99,74.1
592,05/24/2021,20.88,56.1,16.6,105.6,34.2,25.95,80.14,77.3,8.11,22.51,84.19,60.73,11.97,25.44,85.51,151.64,31.7,38.65,78.31,26.51,59.61
593,05/24/2022,43.62,109.48,32.6,172.64,47.44,70.39,129.25,135.78,8.02,38.48,117.73,97.3,28.08,65.07,96.77,271.25,43.9,68.97,124.21,36.21,94.4
594,05/24/2023,34.38,103.98,25.51,157.27,43.51,49.67,113.29,134.38,14.35,30.82,133.11,110.54,24.02,59.39,96.56,212.33,46.23,70.84,114.79,29.27,107.59
595,05/25/2018,39.28,65.47,22.5,122.19,72.69,40.58,117.76,120.35,23.2366071428571,50.19,59.16,77,20.71,82.4,115.6,190.64,68.6,46.79,118.73,26.99,78.71
596,05/25/2021,19.94,54.88,16.45,103.87,32.94,25.8,78.68,75.48,8.04,21.94,82.43,60.01,11.66,24.62,83.23,148.32,31.24,37.28,77.33,25.94,58.26
597,05/25/2022,45.55,111.2,33.94,175.41,49.42,71.94,133.07,141.75,8.25,38.78,119.27,99.02,29.01,66.39,99.08,277.86,45.05,70.49,127.34,36.69,96.3
598,05/25/2023,33.3,101.69,24.83,154.56,42.84,47.87,110.4,131,13.88,30.32,129.11,109.52,23.33,58.81,95.14,207.6,45.16,69.41,113.18,29.08,105.66
599,05/26/2020,12.71,43.67,19.47,93.3,32.3,12.31,51.44,44.9,5.69196428571429,11.87,48.63,36.83,6.03,14.4,78.97,93.72,18.4,18.28,68.7,20.43,45.91
600,05/26/2021,20.48,55.42,16.7,104.12,33.05,26.41,79.6,78.29,8.2,22.28,84,60.8,11.9,25.29,83.37,150.29,31.55,37.88,79.09,26.02,58.94
601,05/26/2022,45.84,113.15,34.65,176.59,48.83,73.81,133.72,146.43,8.64,40.16,120.67,99.48,29.75,68.66,98.68,279.99,46.69,71.05,128.12,36.92,96.64
602,05/26/2023,33.41,101.85,24.24,154.08,42.94,48.07,110.12,130.99,13.93,30.2,130.2,108.81,23.26,58.94,94.91,207.93,44.48,69.19,113.82,28.75,104.97
603,05/27/2020,12.58,44.67,20.33,93.9,33.06,12.43,52.73,44.3,5.86309523809524,12.19,49.39,36.58,6.15,14.42,81.73,94.19,19.05,18.42,70.18,20.47,46.24
604,05/27/2021,20.83,55.53,16.38,103.01,33,26.65,80.33,79.34,8.67,22.52,85.19,61.4,12.09,26.07,84.41,151.94,31.34,38.76,80.79,26.3,58.56
605,05/27/2022,47.62,114.6,35.52,178.28,49.85,75.8,136.85,152.66,8.56,41.36,123.28,102.1,31.07,70.86,101.73,280,48.21,72.82,131.81,37.46,97.59
606,05/28/2019,26.91,60.05,25.7,118.31,40.89,26.6,87.11,103.52,16.3764880952381,22.99,59.18,49,14.33,52.28,82.52,147.9,36.5,39.39,75.09,26.38,72.61
607,05/28/2020,11.87,43.01,19.32,90.87,31.47,11.66,51.64,43.02,5.71428571428571,12.11,48.44,35.18,5.7,13.64,78.56,92.54,18.79,18.32,67.13,19.96,45.04
608,05/28/2021,20.8,55.74,16.4,103.79,32.47,26.56,80.34,80.07,8.59,22.45,83.82,61.8,12.11,25.96,84.22,152.19,31.33,38.86,80.4,26.34,58.37
609,05/29/2018,39,65.71,21.95,121.39,74.85,40.89,116.21,121,22.8497023809524,49.76,59.43,77.61,20.68,81.83,116.81,190.88,68.07,46.61,119.47,26.66,78.42
610,05/29/2019,26.66,60.14,25.27,116.77,40.99,26.85,86.43,101.31,16.2723214285714,23.01,58.54,48.99,14.09,52,82.75,146.59,36.18,39.11,74.86,26.3,72.16
611,05/29/2020,10.79,42.18,19.84,91.7,31.45,10.81,50.97,42.58,5.50595238095238,11.75,47.47,35.14,5.34,12.95,78.26,91.6,18.47,17.89,66.64,20.43,45.47
612,05/30/2018,40.71,68.05,22.69,125.16,77.59,41.93,119.76,122.8,23.75,50.41,60.96,79.55,21.53,84.07,119.18,196.62,69.48,48.35,122.21,27.19,81.5
613,05/30/2019,26.18,58.95,25.17,115.38,39.6,25.78,83.96,100.35,15.9672619047619,22.17,57.79,47.11,13.62,51.91,82.06,144.43,35.18,39.04,72.87,26.63,71.97
614,05/30/2023,32.24,101.2,23.55,153.12,42.39,46.96,108.81,129.49,13.91,29.73,127.89,107.79,22.84,58.59,93.59,206.3,44.31,68.49,111.66,28.56,104.04
615,05/31/2018,40,67.39,22.85,124.3,77.18,41.57,117.81,120.76,23.1770833333333,49.74,60.42,79.03,21.43,84.2,116.49,193.1,68.67,48.63,121.2,26.86,81.24
616,05/31/2019,26.07,58.96,25.02,113.85,37.98,25.16,81.88,98.06,15.4761904761905,21.29,55.86,45.99,13.15,49.77,80.8,141.96,34.69,38.46,70.4,26.38,70.77
617,05/31/2022,47.01,112.36,34.33,174.66,49.1,74.9,136.96,152.02,8.24,40.5,123.07,101.79,31.43,69.31,100.81,277.94,45.96,72.02,129.6,37.06,96
618,05/31/2023,31.78,99.3,23.25,150.62,41.44,46.1,107.29,127.15,13.14,28.65,126.67,104.91,22.16,57.66,91.61,199.44,42.83,68.05,107.04,28.66,102.18
619,06/01/2018,38.97,68.29,23.03,123.85,81.65,41.4,118.35,115.5,23.6904761904762,49.08,61.8,81.92,21.52,85.1,119,191.91,68.96,48.79,123.78,26.68,81.83
620,06/01/2020,11.73,43.39,19.83,92.79,31.14,11.7,51.81,43.73,5.84077380952381,12.04,48.7,36.5,5.69,13.81,78.83,92.91,18.43,18.29,66.58,20.44,46.28
621,06/01/2021,23.06,58.27,16.46,106.65,33.95,30.2,84.59,86.61,8.97,23.34,87.77,62.5,13.76,28.47,86.85,161.44,32.93,39.88,82.18,26.89,60.46
622,06/01/2022,47.62,115.75,35.19,176.32,50.48,76.48,139.93,152.89,8.49,41.4,127.45,103.91,31.38,70.42,103.18,277.82,46.68,75.07,132.55,37.43,97.84
623,06/01/2023,32.04,99.53,22.97,152.16,41.32,46.78,108.15,128.1,14.02,30,129.05,105.87,22.47,58.12,93.05,200.8,44.98,68.8,105.93,29.11,103.36
624,06/02/2020,12.23,44.2,20.21,94.69,32.59,12.16,54.81,45.61,6.03422619047619,12.69,51.74,37.72,5.86,14.75,81.57,96.16,18.86,19.37,68.19,20.34,47.31
625,06/02/2021,23.52,58.99,17.04,108.08,36.01,30.8,85.27,86.44,9.89,24.35,88.4,62.98,13.89,29.23,89.62,166.58,35.46,40.59,84.39,27.29,60.94
626,06/02/2022,47.47,114.96,34.98,176,51.51,76.31,139.44,153.9,8.14,41.04,126.25,104.27,31.2,69.3,103,275.29,46.3,76.68,133.62,37.74,97.67
627,06/02/2023,33.68,102.35,23.9,156.26,43.26,48.53,111.92,131.35,14.86,31.64,133.67,108.91,23.26,59.69,97.03,205.67,46.77,71.49,109.27,30.23,105.76
628,06/03/2019,26.89,59.42,25.29,115.99,38.66,25.51,82.95,98.17,15.6845238095238,21.6,54.73,47.13,13.33,49.32,82.2,142.61,35.49,39.44,72,26.87,71.88
629,06/03/2020,12.53,45.12,20.35,97.18,33.71,12.52,55.37,47.58,6.57738095238095,13.08,52.11,38.59,5.95,15.45,83.73,100.77,19.61,20.47,70.54,20.66,49.24
630,06/03/2021,23.26,59.47,16.8,107.59,35,31.17,86.81,86.52,10.31,24.7,87.5,63.26,13.8,29.28,89.21,170.1,36.52,41.2,83.32,27.62,61.18
631,06/03/2022,48.3,118.12,35.18,177.6,52.84,77.02,142.48,154.66,8.15,41.95,127.89,105.62,31.68,70.29,104.46,279.47,47.47,77.35,135.42,37.51,99.09
632,06/04/2018,39.18,67.9,22.45,122.26,81,40.09,118.67,111.7,23.1547619047619,47.95,60.83,81.93,21.08,85.36,119.2,190.65,69.07,48.71,124.44,26.54,80.97
633,06/04/2019,28.34,59.1,25.48,117.3,39.67,25.99,84.28,99.13,15.922619047619,21.96,55.84,48.49,13.45,49.69,84.12,144.62,35.73,40.77,73.85,27.69,73.59
634,06/04/2020,13,44.71,19.98,96.28,34.42,12.72,55.15,47.68,6.40625,13.19,52.48,38.04,6.23,15.55,83.13,103.55,20.33,21.91,70.05,20.71,49.1
635,06/04/2021,23.42,59.85,16.93,108.45,35.73,31.66,87.46,85.82,10.41,24.72,88.92,63.67,13.8,29.14,91.48,170.3,36.42,46.26,83.24,27.95,61.45
636,06/05/2018,39.25,67.56,22.57,122.73,79.03,39.32,116.58,111.55,23.2738095238095,47.87,61.08,80.33,20.58,85.51,118.83,191.16,68.46,48.78,123.33,26.5,80.68
637,06/05/2019,28.04,57.08,25.28,117.65,40.83,25.48,82.03,96.12,15.9672619047619,21.19,54.18,47.69,13.19,47.43,84.83,141.5,34.94,39.35,73.14,27.85,72.98
638,06/05/2020,16.07,48.59,20.42,100.81,36.77,14.6,59.31,52.21,7.13541666666667,14.52,57.03,41.56,7.32,20.79,87.4,110.89,21.99,23.41,74.64,21.14,53.08
639,06/05/2023,33.07,102.07,23.73,155.51,43.09,48.37,111.65,130.32,14.46,31.16,131.7,108.69,22.94,59.4,96.02,202.85,46.22,70.9,107.39,30.14,105.29
640,06/06/2018,39.58,67.88,23,123.38,75.85,41.51,116.14,112.22,23.6979166666667,48.3,61.57,78.76,20.7,86.46,116.65,190.98,68.89,48.77,121.2,26.19,82.06
641,06/06/2019,28.84,58.2,25.43,120.68,40.07,25.63,84.27,97.58,16.6220238095238,21.55,55.52,48.1,13.25,49.04,84.9,144,35.05,39.07,74.47,27.55,74.31
642,06/06/2022,48.55,117.38,35.95,176.83,54.28,77.05,141.11,155.81,8.26,41.32,126.61,109.39,31.41,69.61,106.02,278.74,47.22,76.37,138.69,37.41,98.84
643,06/06/2023,33.34,101.94,24.17,155.79,43.93,48.95,112.81,130.96,14.26,31.23,132.25,109.03,23.18,59.44,96.82,203.45,46.95,71.06,109.27,30.35,106.15
644,06/07/2018,41.75,69.48,23.39,126.96,76.75,41.95,117.93,114.12,24.6502976190476,48.93,62.33,79.15,21.1,86.48,117.44,195.42,69.6,49.72,121.49,26.41,82.88
645,06/07/2019,28.95,58.96,25.44,121.48,40.09,25.69,84.6,97.02,16.8005952380952,21.63,56.55,46.99,13.31,47.84,85.52,144.98,35.6,38.54,74.73,27.76,74.58
646,06/07/2021,23.42,59.81,16.86,107.75,36.16,30.92,87.03,87.19,10.3,24.3,89.05,63.34,13.68,29.16,92.41,170.71,35.83,47.34,82.69,28.23,61.05
647,06/07/2022,51.39,122.71,36.11,180.2,57.55,78.04,145.93,160.4,8.44,42.53,129.09,113.65,32.17,70.55,109.92,285.28,48.93,80.38,145.08,37.82,103.37
648,06/07/2023,34.4,104.81,24.84,159.83,46.04,50.05,116.25,134.18,14.82,32.55,137.08,114.12,24.31,60.04,101.05,206.81,48.13,72.78,113.52,31.4,108.53
649,06/08/2018,42.24,69.43,23.54,126.44,77.19,42.16,117.67,113.96,24.2559523809524,48.1,61.84,78.99,20.99,85.47,116.84,193.24,69.43,49.31,119.72,26.12,83.6
650,06/08/2020,17.73,50.31,22.37,103.24,37.32,15.76,62.11,59.82,7.5297619047619,16.4,59.98,42.21,8.43,24.4,89.73,116.78,23.65,26.15,75.62,21.58,54.74
651,06/08/2021,23.14,60.47,17.01,108.73,36.1,30.85,87.39,89.64,10.6,24.41,90.18,64.09,13.59,29.19,92.56,169.44,35.9,47.13,83.26,28.17,62.13
652,06/08/2022,51.17,121.86,35.78,181.13,57.35,77.93,145.74,160.31,8.34,42.97,129.64,112.87,31.93,69.03,110.25,283.89,49.57,77.76,143.77,37.49,104.59
653,06/08/2023,34,104.54,24.55,159.24,45.83,50.02,116.15,133.34,14.86,32.15,137.02,112.43,23.95,59.71,99.14,207.03,47.45,72.27,112.44,31.7,108.19
654,06/09/2020,16.53,48.63,21.93,101.53,35.33,14.55,59.47,53.92,6.93452380952381,15.43,57.67,40.41,7.66,23.18,85.67,108.53,22.51,24.23,71.27,20.53,53.52
655,06/09/2021,22.84,59.68,17.22,107.78,35.29,29.93,85.81,88.28,10.48,24.26,88.88,63.61,13.36,28.35,92.45,167.75,35.76,45.21,81.93,28.13,62.65
656,06/09/2022,50.04,118.56,34.96,177.52,57.46,77.85,142.49,157.83,8.12,42.21,126.86,111.36,31.25,65.18,108.27,276.78,48.14,75.08,143.41,35.59,102.33
657,06/09/2023,33.41,103.89,24.57,158.86,45.82,49.87,116.25,132.28,14.92,32.34,136.39,113.01,23.55,59.32,98.76,204.8,47.53,70.81,113.39,30.39,107.39
658,06/10/2019,28.88,59.26,24.18,122.29,40.22,26.12,85.2,97.6,16.9047619047619,21.76,57.28,47.68,13.45,47.9,85.9,144.73,35.47,38.47,75.86,27.48,74.91
659,06/10/2020,14.83,45.91,20.24,97.58,34.22,13.67,55.63,50.17,6.39136904761905,14.51,53.57,39.19,7.11,20.76,84.33,102.73,20.96,22.92,69.05,20.14,50.65
660,06/10/2021,22.68,60.17,17.3,108.41,34.8,29.39,86.17,86.99,10.1,23.91,89.03,63.44,13.47,28.33,91.64,163.13,34.94,46.55,81.94,27.71,62.75
661,06/10/2022,48.81,116.83,34.31,175.4,56.37,74.06,144,155.49,7.81,40.49,127.72,108.34,30.29,63.87,106.31,270.87,47.21,72.43,140.51,34.89,100.46
662,06/11/2018,44.6,70.49,23.54,127.56,76.28,42.27,118.01,113.83,24.4270833333333,47.86,61.8,77.77,21.47,86.15,117.02,191.54,69.87,50.64,120.57,26.75,83.1
663,06/11/2019,28.85,58.73,23.99,121.17,40.52,26.1,86.5,99.76,16.9940476190476,22.08,58,47.77,13.41,49.05,84.71,146.13,36.69,38.48,76.36,27.63,74.84
664,06/11/2020,12.79,42.12,20.14,89.37,30.26,12.2,51.15,44.36,5.57291666666667,12.28,48.57,35.33,6.26,17.41,75,96.64,18.51,19.53,60.68,18.17,46.18
665,06/11/2021,22.63,59.97,17.28,107.91,34.7,29.29,85.44,87.27,10.13,24.03,89.68,63.18,13.46,28.33,90.97,162.9,34.89,46.93,81.29,27.79,62.17
666,06/12/2018,42.76,69.43,23.59,127.08,72.88,41.93,118.47,118.88,24.3824404761905,47.86,60.47,75.46,21.36,84.93,115.55,192.95,68.6,48.78,118.02,26.73,82.42
667,06/12/2019,28.01,58.55,23.72,120.19,39.59,25.48,85.03,98.21,16.4508928571429,21.07,56.71,46.97,13.02,48.79,83.25,141.32,35.58,36.97,76.5,27.21,74.03
668,06/12/2020,13.77,43.73,20.07,92.39,31.38,12.8,52.57,46.96,5.91517857142857,12.78,49.61,36.62,6.58,18.5,77.26,98.23,19,19.63,63.79,18.23,47.17
669,06/12/2023,33.06,102.82,24.47,157.33,45.75,49.4,113.92,129.74,14.57,31.73,134.76,112.37,23.25,59.19,96.78,201.65,47.02,70.14,113.08,30.56,106.42
670,06/13/2018,43.32,69.62,23.85,127.07,73.05,42.59,118.25,118.35,23.9211309523809,47.67,60.49,74.88,21.47,84.33,115.75,192.86,67.97,47.93,117.88,26.62,81.51
671,06/13/2019,28.36,59.06,23.9,120.91,40.4,26.12,86.49,100.17,17.03125,21.66,58.31,47.9,13.28,49.73,85.24,143.25,36.79,37.84,77.26,27.38,74.68
672,06/13/2022,45.57,111.76,32.56,167.33,53.1,69.24,132.73,147.8,7.27,37.53,121.54,102.17,28.39,59.83,101.44,261.37,44.32,67.55,131.61,33.12,95.85
673,06/13/2023,33.71,103.41,24.75,158.51,45.4,50.39,112.72,130.06,14.69,32.7,136.56,112.5,23.34,58.77,96.88,201.92,47.96,70.92,113.08,30.48,106.44
674,06/14/2018,42.89,68.13,23.61,126.51,72.96,41.71,117.53,115.95,23.9285714285714,47.73,60.97,75.19,21.12,84.35,115.55,191.45,68.33,48.52,116.82,27.21,81.89
675,06/14/2019,27.49,58.82,23.77,120.81,40.3,25.77,85.17,98.95,16.9196428571429,21.38,57.25,47.96,12.98,49.31,85.59,141.58,35.93,36.59,76.76,26.99,74.35
676,06/14/2021,22.42,60.31,16.91,107.97,33.82,28.98,84.86,86.44,9.84,23.6,88.67,62.99,13.42,28.28,91.44,162.13,34.05,47.07,81.95,27.52,62.07
677,06/14/2022,46,111.49,31.11,167.55,52.71,70.59,131.26,149.63,7.07,36.67,120.07,102.67,28.79,62.09,104.13,264.55,43.22,66.3,133.75,32.34,96.1
678,06/14/2023,33.65,102.67,24.26,157.09,44.6,48.95,110.67,126.78,14.84,32.05,134.03,111.64,22.81,58.47,95.7,201.28,47.27,70.97,111.83,30.2,105.16
679,06/15/2018,41.61,65.36,23.5,124.04,72.3,40.25,114.18,115.58,23.0952380952381,46.6,60.04,73.56,19.99,83.33,114.3,184.2,66.83,46.54,115.18,26.67,80.66
680,06/15/2020,14.08,43.35,19.4,91.23,31.48,12.89,52.21,48.12,6.09375,13.03,49.6,37.84,6.6,19.05,75.6,95.55,19.32,21.96,63.59,19.12,47.14
681,06/15/2021,22.86,61.17,16.88,110.3,34.96,29.6,85.6,90.85,9.96,24.19,90.66,63.67,13.84,29.2,92.1,162.09,34.19,47.7,82.3,27.75,64.33
682,06/15/2022,45.63,109.33,30.67,164.26,51.57,68.46,127.46,146.76,7.05,35.61,117.16,98.9,28.07,60.28,102.38,258.21,41.52,66.73,128.3,31.75,94.89
683,06/15/2023,34.67,104.15,25.08,158.28,45.71,49.6,111.7,126.66,14.71,32.71,135.81,113.83,23.29,58.42,97.02,203.29,47.9,71.91,114.03,30.57,105.89
684,06/16/2020,14.57,45.11,19.31,94.03,32.7,13.3,54.6,49.97,6.31696428571429,13.53,52.21,38.64,6.74,20.29,77.04,97.06,19.55,22.83,66.16,19.36,48.2
685,06/16/2021,22.57,61.13,16.57,109.67,35.36,29.06,84.71,90.37,9.74,24.1,88.52,63.28,13.66,30.54,90.74,161.41,34.04,48.96,81.46,27.47,64.1
686,06/16/2022,41.76,102.42,28.63,155.48,47.77,63.27,119.56,133.68,6.9,33.47,108.71,91.98,25.66,56.81,96.5,241.5,38.48,62.25,118.74,30.45,91.39
687,06/16/2023,34.38,104.92,25.21,157.26,46,49.8,113.41,128.74,14.72,32.58,135.56,113.29,23.5,58.15,97.13,206.8,47.78,71.79,114.21,30.53,105.13
688,06/17/2019,27.84,59.01,24,121.39,40.94,26.4,85.47,101.58,17.1651785714286,21.97,57.86,48.71,13.33,49.81,85.91,144.61,36.66,36.73,76.93,27.04,75.09
689,06/17/2020,13.89,44.02,18.89,91.54,31.04,12.63,52.48,46.55,5.95238095238095,12.96,50.41,37.13,6.37,19.04,72.88,94.24,19.83,21.24,62.32,18.98,46.63
690,06/17/2021,21.13,59.01,15.91,107.07,33.78,27.59,81.43,86.89,9.2,22.72,85.63,60.96,12.89,28.22,86.66,157.5,32.47,45.36,78.58,26.93,61.99
691,06/17/2022,39.22,93.74,26.54,148.38,45,58.02,111.67,122.29,6.59,31.69,102.87,87.29,24.15,55.68,90.51,221.77,36.64,60.65,112.44,29.74,86.12
692,06/18/2018,42.84,66.6,23.72,125.97,74.2,41.1,116.62,122.58,23.4300595238095,46.62,61.6,74.79,20.32,83.79,114.94,184.6,67.04,47.4,116.54,27.09,80.82
693,06/18/2019,28.64,59.83,23.88,122.93,41.42,26.9,88.3,104.54,17.6785714285714,22.22,58.71,49.64,13.67,50.35,86.8,149.79,36.93,37.59,77.8,27.26,75.74
694,06/18/2020,14.22,44.45,18.77,91.94,32.56,12.95,52.93,46.59,5.82589285714286,13.19,51.65,38.47,6.49,19.67,76.24,94.54,20.18,21.72,64.63,19.45,46.92
695,06/18/2021,20.65,57.53,15.33,103.03,32.53,26.75,79.31,86.18,8.74,21.99,84.35,58.87,12.57,27.99,84.17,154.84,31.29,44.18,76.02,26.06,60.4
696,06/19/2018,43.26,66.26,23.95,125.54,74.7,41.61,117.08,127.58,23.4151785714286,46.11,61.4,74.52,20.53,82.58,114.58,180.14,65.7,47.66,116.62,27.2,80.7
697,06/19/2019,28.62,59.65,24.07,122.89,41.43,26.91,88.65,104.12,17.8348214285714,21.81,58.92,49.66,13.63,50.3,87.6,148.44,36.51,37.52,78.16,26.95,75.32
698,06/19/2020,13.98,43.7,18.69,90.63,32.24,12.94,52.3,46.73,5.625,13.04,51.24,38.19,6.36,19.71,74.7,93.58,19.71,20.61,63.16,19.22,45.98
699,06/20/2018,45.68,67.47,24.16,125.29,74.59,42.61,119.43,129.56,23.2514880952381,45.71,62.64,73.82,21.06,83.24,114.59,183.24,65.55,48.52,115.73,27.71,80.45
700,06/20/2019,29.51,60.7,23.59,124.28,43.65,28.07,91.45,107.59,18.422619047619,22.88,61.32,51.95,14.11,51.3,90.83,154.34,38.25,38.56,79.75,27.33,76.61
701,06/20/2023,33.5,102.03,24.44,153.68,44.49,48.27,110.33,126.97,15.21,31.48,132.36,110.94,22.82,57.23,93.48,201.84,47.26,70.94,110.96,30.64,102.72
702,06/21/2018,44.36,65.11,24.16,122.59,72,41.15,116.6,123.73,22.8869047619048,44.92,61.71,72.48,19.92,82.09,111.45,178.02,64.79,48.24,111.22,27.69,79.69
703,06/21/2019,29.64,60.33,23.43,124.93,44.12,28.24,92.37,109.79,18.4895833333333,22.84,61.2,52.66,14.05,50.61,90.58,155.21,38.88,38.72,81.91,27.7,77.69
704,06/21/2021,22.16,60.45,15.93,106.05,33.89,28.6,84.99,91.5,9.36,23.35,90.4,61.05,13.44,29.5,87.35,161.09,33.12,45.71,79.98,26.75,62.59
705,06/21/2022,40.35,99.28,27.57,154.59,47.17,60.56,117.65,132.28,6.98,33.55,107.74,91.36,24.9,57.87,95.98,237.55,38.82,63.47,116.47,30.93,91.48
706,06/21/2023,34.21,103.7,24.42,154.88,44.54,48.94,110.87,127.67,15.16,31.92,133.08,112,23.04,57.47,93.28,203.27,47.76,71.95,111.62,30.82,103.87
707,06/22/2018,44.76,67.78,23.11,125.1,71.19,43.28,118.51,125.56,24.0625,46.22,64.57,72.62,21.48,83.33,112.02,185.65,66.58,49.45,112.24,27.64,81.38
708,06/22/2020,14.28,43.56,18.07,91.59,31.73,12.7,52.42,46.09,5.61011904761905,13.02,51.82,38.61,6.27,19.91,74.4,95.1,19.82,20.86,62.66,19.54,46.42
709,06/22/2021,21.95,60.79,16.05,106.4,34.12,28.54,84.95,91.33,9.17,23.49,88.62,61.34,13.47,30.01,87.97,162.22,33.02,45.39,80.98,26.73,63.79
710,06/22/2022,37.5,93.06,27.03,147.87,44.75,57.55,110.77,126.1,6.68,32.09,103.34,89.06,23.1,55.77,90.51,228.81,37.52,60.02,113.13,30.57,87.86
711,06/22/2023,33.21,101.43,23.92,152.64,42.55,47.69,108.25,125.85,15.03,31.27,133.65,111.42,22.25,56.52,90.81,200.19,46.84,71.18,110.39,30.57,103.3
712,06/23/2020,14.13,43.81,18.17,91.44,31.48,12.38,52.46,46.31,5.75892857142857,13,52.41,38.8,6.33,19.79,74.7,96.76,19.57,20.54,62.65,19.42,46.7
713,06/23/2021,21.9,60.76,16.39,106.27,33.79,29.1,85.7,91.91,9.23,23.51,88.29,61.55,13.56,30.96,88.26,164.25,32.88,45.25,80.85,26.73,64.26
714,06/23/2022,36.21,87.89,25.9,142.43,42.66,54.74,107.17,119.24,6.42,30.04,99.36,84.63,22.02,56.09,84.39,223.67,34.98,58.15,104.53,30.41,85.21
715,06/23/2023,32.58,100.46,23.72,151.35,42.5,47.15,106.82,125.4,14.77,30.89,131.61,111.64,21.95,56.07,90.86,198.66,46.59,69.92,111.3,30.59,102.4
716,06/24/2019,29.07,60.52,23.23,124.91,43.84,27.92,90.56,107.64,18.4077380952381,22.51,61.59,51.6,13.93,49.89,89.76,151.28,38.65,37.41,80.76,27.15,76.95
717,06/24/2020,13.07,40.99,17.92,87.64,29.58,11.25,48.95,41.9,5.27529761904762,11.86,48.96,36.23,5.79,18,69.99,92.16,17.86,19.12,58.02,18.84,44.5
718,06/24/2021,22.26,61.39,16.57,107.14,33.68,29.74,86.09,94.25,9.29,23.8,88.5,62.34,13.85,31.74,89.69,164.11,33.26,45.59,81.73,26.77,64.52
719,06/24/2022,36.45,90.91,26.35,144.77,43.49,53.77,110.59,119.7,6.32,30.95,101.69,85.68,22.05,57.52,84.2,223.48,35.06,58.14,103.93,30.05,86.9
720,06/25/2018,43.14,66.14,23.22,122.61,67.29,41.89,116.83,121.6,23.4449404761905,45.24,62.29,69.97,20.3,81.35,110.45,182.27,65.43,48.49,109.26,26.91,79.74
721,06/25/2019,28.22,59.77,22.96,123.64,43.88,27.92,90.04,105.22,18.5714285714286,22.5,62.19,51.39,13.9,49.38,89.83,148.19,38.58,37.27,81.63,26.79,76.27
722,06/25/2020,13.66,42.06,17.17,89.21,29.64,11.7,50.73,43.62,5.46130952380952,12.43,50.63,36.69,5.98,18.54,70.07,97.7,18.42,19.54,57.28,19.1,45.17
723,06/25/2021,22.2,61.31,16.82,107.3,34.69,29.76,87.65,96.31,9.51,23.94,89.32,62.55,14.07,32.91,90.04,165.17,33.35,45.31,82.09,26.78,64.66
724,06/26/2018,44.17,67.34,23.51,124.16,67.56,42.59,119.68,126.54,23.4002976190476,45.34,63.77,70.54,20.73,82.68,110.81,186.28,66.02,49.01,110.25,27.17,80.64
725,06/26/2019,29.03,62.75,22.63,123.93,44.42,28.73,93.09,107.23,18.7872023809524,23.2,65.38,54.21,14.39,50.42,92.76,151.24,39.02,38.27,84.93,27.5,76.6
726,06/26/2020,13.25,40.35,16.57,86.46,28.21,10.94,48.76,41.13,5.23809523809524,11.93,48.48,35.37,5.74,17.69,68.07,94.11,17.44,18.18,56.32,18.51,43.62
727,06/26/2023,33.03,101.31,23.96,154.01,42.81,47.74,110,127.22,15.41,31.67,134.99,113.04,22.16,57.25,91.52,201.38,47.36,71.53,112.99,31.07,104.29
728,06/27/2018,45.89,68.74,23.39,126,66.49,43.47,123.93,130.13,23.891369047619,45.84,65.57,69.2,21.22,83.77,110.71,192.8,66.81,49.21,109.52,27.06,81.71
729,06/27/2019,28.64,61.27,22.66,123.11,45.24,28.3,92.11,107.49,18.8541666666667,22.73,64.29,54.37,14.2,49.75,91.75,150.81,39.11,38.33,83.93,27.54,75.82
730,06/27/2022,37.47,92.23,27.03,147.57,46.35,57.79,113.76,124.39,6.65,32.23,106.96,87.94,23.12,58.9,87.2,230.17,35.89,60.75,112.24,30.59,89.03
731,06/27/2023,32.76,100.79,24.27,153.53,43.62,47.32,108.98,127.32,15.87,32.42,132.87,113.98,22.11,57.13,92.57,199.74,48.14,72.69,115.35,31.37,104.55
732,06/28/2018,45.94,68.41,23.66,125.66,66.98,43.58,123.5,130.84,23.4300595238095,45.63,65.56,69.49,20.7,83.4,111.74,188.85,67.01,50.21,109.11,27.17,81.97
733,06/28/2019,28.97,61,22.96,124.44,46.28,28.52,93.16,108.97,19.3005952380952,22.74,63.57,55.88,14.21,50.28,93.54,153.86,39.74,39.26,85.61,28.04,76.63
734,06/28/2021,21.03,59.59,16.32,103.99,32.71,28.41,82.97,92.47,9.02,22.71,86.18,60.5,13.39,31.24,85.42,160.24,32.02,44.05,77.72,26.24,63.01
735,06/28/2022,38.77,95.22,27.69,149.94,47.51,59.46,118.31,129.8,6.91,33.19,112.92,88.69,24.13,61.71,88.85,235.33,36.97,62.49,116.25,31.74,91.5
736,06/28/2023,33.2,102.51,24.47,154.92,43.9,47.69,111.19,128.61,15.9,32.56,133.55,115.1,22.34,57.46,93.4,203.44,48.59,74.11,115.69,32.02,105.4
737,06/29/2018,46.75,69.62,23.8,126.43,68.43,43.96,124.43,131.57,23.6160714285714,45.06,66.89,70.16,20.86,83.68,112.31,189.24,67.03,49.49,110.83,27.11,82.73
738,06/29/2020,13.33,41.3,17.06,87.67,28.45,11.12,49.65,41.43,5.05952380952381,12.42,49.94,35.4,5.96,17.86,68.66,94.44,18.01,18.78,56.95,18.37,44.32
739,06/29/2021,21.03,59.05,16.28,103.76,32.53,28.02,82.31,92.62,8.92,22.67,86.19,60.08,13.33,31.3,85.11,158.66,31.88,43.9,76.92,26.14,62.62
740,06/29/2022,36.1,91.46,26.71,146.98,46.21,55.82,113.22,122.31,7,32.18,109.33,84.48,22.79,59.1,84.58,226.18,36.18,60.64,108.85,31.51,88.12
741,06/29/2023,33.92,103.06,25.13,156.24,44.47,48.4,113,130.01,16.32,33.19,133.86,116.34,22.93,58.52,94.53,206.07,48.47,75.21,116.61,32.53,106.7
742,06/30/2020,13.5,42.02,17.18,89.23,29.2,11.34,50.66,41.82,5.08928571428571,12.98,51.81,37.38,6.12,18.3,71.9,97.7,18.39,20.07,58.82,19.02,44.72
743,06/30/2021,21.63,60.9,17.46,104.74,32.9,29.19,83.44,93.89,9.05,23.12,87.32,60.42,13.62,31.27,85.82,162.52,32.01,44.45,78.08,26.55,63.08
744,06/30/2022,34.9,89.81,25.79,144.78,45.16,55.11,110.44,121.15,6.73,31.36,105.94,82.21,22.48,58.88,81.99,223.08,35.76,59.67,106.28,31.21,85.64
745,06/30/2023,34.17,103.61,25.3,157.35,44.61,48.34,114.44,131.36,16.62,32.99,135.95,116.6,23.02,58.8,95.38,207.18,49.12,76.1,117.3,32.63,107.25
746,07/01/2019,29.2,62.25,23.01,124.84,45.95,28.9,93.09,109.35,19.2559523809524,22.95,64.27,55.12,14.25,49.78,94.06,151.28,39.32,39.98,84.25,28.06,76.56
747,07/01/2020,13,40.74,17,87.62,27.71,11.1,49.86,39.6,5.14136904761905,12.47,49.85,35.68,5.95,17.41,69.11,95.5,17.72,19.19,56.44,18.81,43.71
748,07/01/2021,21.92,62.88,17.85,106.21,33.04,29.96,85.99,99.6,9.36,23.8,88.89,61.27,14.17,32.86,87.09,167.4,33.07,44.78,77.81,26.8,63.26
749,07/01/2022,35.35,90.98,26.33,146.51,45.65,55.11,111.62,121.21,6.64,31.43,105.39,84.48,22.55,60.44,84.37,223.94,35.65,61,107.98,31.29,87.55
750,07/02/2018,44.68,68.59,23.52,124.25,68.36,43.53,122.4,129.3,22.8199404761905,44.47,64.89,70.27,20.66,82.52,110.61,185.21,65.21,48.27,109.23,26.7,81.76
751,07/02/2019,27.4,60.1,23.02,122.93,45.65,27.54,87.56,104.17,18.735119047619,22.65,62.64,54.49,13.55,48.78,95.72,144.5,39.18,39.13,80.7,28.2,75.72
752,07/02/2020,13.26,41.78,17.74,88.31,27.22,11.24,50.52,41.56,5.41666666666667,12.57,51.49,36.07,6.12,17.78,68.42,96.8,17.98,19.07,56.34,19.08,44.08
753,07/02/2021,21.47,62.75,17.84,106.07,32.59,29.23,85.77,98.06,9.29,23.78,88.17,61.07,13.85,32.58,87.9,166.74,32.79,44.8,78.07,26.94,63.17
754,07/03/2018,45.78,69.56,23.39,124.73,69.04,44,122.43,130.05,23.125,44.53,65.96,70.82,21.27,83.86,110.51,186.19,65.84,48.66,108.17,27.04,82.24
755,07/03/2019,27.28,60.5,23.53,123.35,45.35,27.52,87.2,105.2,18.7053571428571,22.84,62.42,54.32,13.66,49.17,97.02,145.55,39.49,39.65,81.98,28.39,76.44
756,07/03/2023,34.06,104.23,25.17,157.21,44.7,48.83,114.7,131.95,16.78,33.63,137.41,117.54,23,59.21,95.66,207.74,49.47,77.01,117.43,32.72,107.46
757,07/05/2018,46.33,68.93,23.44,123.98,67.28,43.99,123.22,132,22.6264880952381,44.45,66.38,69.6,20.7,84.19,110.15,183.33,66.43,48.6,107.53,27.42,82.31
758,07/05/2019,27.18,59.9,23.64,123.54,45.83,27.9,88.57,107.41,18.7127976190476,23.03,63.01,54.87,13.76,49.28,96.8,146.52,39.57,40.25,81.84,28.35,76.13
759,07/05/2022,32.73,84.64,25.6,142.66,43.81,51.89,104.82,114.14,6.14,28.89,98.19,81.74,21.13,59.11,80.39,215.14,33.33,58.96,103.59,30.16,84.81
760,07/05/2023,34.35,104.02,25.19,156.31,44.74,48.5,114.29,130.6,16.42,33.2,134.44,116.21,22.9,58.89,96.13,207.53,49.3,76.45,116.75,32.46,106.91
761,07/06/2018,46.91,69.65,23.58,124.14,68.6,44.51,124.35,134.97,22.797619047619,44.93,67.55,70.2,21.09,84.25,111.18,185.02,67.03,49.84,107.83,27.58,82.33
762,07/06/2020,13.53,41.63,17.92,88.57,28.05,11.16,50.41,42.88,5.74404761904762,13.03,49.49,36.36,5.86,18.18,68.09,98.72,18.75,19.12,56.47,19.31,44.39
763,07/06/2021,20.54,60.28,17,103.99,31.17,27.84,83.72,91.17,8.71,22.23,85.18,58.97,13.21,30.51,84.45,160.96,31.17,43.98,74.7,26.42,61.37
764,07/06/2022,32.01,83.34,25.32,140.78,43.88,51,100.91,110.28,6.07,28.41,95.55,79.31,20.68,59.11,79.53,210.93,32.73,56.28,101.71,29.72,83.28
765,07/06/2023,33.65,100.34,24.82,152.88,44.67,47.55,112.25,127.17,16.25,33.01,130.09,113.34,22.54,57.61,95.4,202.99,49.12,76.01,113.46,32.37,102.92
766,07/07/2020,12.77,40.64,18.08,86.31,27.1,10.35,48.11,40.12,5.29017857142857,12.41,48.36,34.69,5.57,17.15,64.61,96.07,18.18,18.87,53.12,18.91,43.24
767,07/07/2021,20.05,59.01,17.02,102.93,31.15,27.53,81.09,87.99,8.56,21.62,83.34,57.95,12.93,29.48,82.54,157.19,30.68,43.14,72.31,26.28,60.41
768,07/07/2022,34.51,86.35,26.38,143.52,45.72,53.67,105.07,116.3,6.3,29.89,99.91,83.43,21.83,61.47,82.54,216.67,34.38,59.82,106.34,31.18,85.94
769,07/07/2023,34.91,103.23,25.24,154.22,45.76,48.85,116.2,132.4,17.14,35.58,134.41,118.02,23.52,58.61,99.44,206.4,53.35,77.3,114.88,32.73,103.16
770,07/08/2019,26.5,59.89,23.84,123.6,45.89,27.94,90.15,106.96,18.578869047619,23.25,61.71,54.34,13.52,49.3,96.96,145.8,39.89,39.9,81.36,28.44,76.48
771,07/08/2020,13.07,41.04,17.55,86.35,27.6,10.36,47.44,40.23,5.52827380952381,12.47,49.32,34.15,5.67,17.28,63.98,96.59,18.07,18.45,52.98,18.94,43.14
772,07/08/2021,20.03,59.21,17.41,102.6,30.85,27.76,79.89,88.19,8.49,21.61,82.6,57.45,12.95,29.66,80.79,157.24,30.53,43.31,70.26,26.24,60.14
773,07/08/2022,34.85,86.46,26.31,142.77,45.65,54.48,105.52,116.33,6.36,29.84,100.18,83.27,21.72,60.67,82.01,217.5,34.32,59.72,107.03,31.32,86.08
774,07/09/2018,48.4,71,23.72,125.99,70,45.3,126.13,136.67,23.3184523809524,45.83,69.21,71.82,21.91,85.25,112.59,189.24,68.34,50.63,109.27,27.57,82.9
775,07/09/2019,26.95,59.89,23.93,123.35,46.35,28.08,89.15,106.97,18.2738095238095,23.57,62.05,54.64,13.54,49.61,97.72,143.36,40.2,40.52,82.24,28.74,76.43
776,07/09/2020,12.08,38.35,17.03,82.74,26.21,9.8,44.34,37.5,5.06696428571428,11.78,44.68,33.35,5.27,16.28,58.98,91.48,17.13,17.27,50.22,18.27,41.36
777,07/09/2021,20.57,60.13,17.61,104.07,31.67,28.65,82.59,89.42,8.64,22.38,84.01,58.68,13.26,30.24,82.7,158,31.19,45.04,72.3,26.7,61.23
778,07/10/2018,48.61,71.74,23.65,127.59,68.95,45.61,126.97,133.96,23.6979166666667,46.26,69.6,71.87,21.98,85.7,113.19,189.82,69.49,50.9,108.62,27.51,83.66
779,07/10/2019,27.47,61.21,24.03,125.44,46.94,28.84,90.66,109.68,18.7946428571429,23.6,63.18,54.98,13.9,50.24,98.11,146.6,40.62,41.64,83.4,28.82,77.51
780,07/10/2020,12.71,39.69,17.6,85.23,27.56,10.19,45.4,38.93,5.25297619047619,12.06,44.9,36.2,5.35,16.71,61.06,92.44,17.79,17.86,53.65,18.55,42.65
781,07/10/2023,35.08,104.35,25.52,155.25,45.27,49.19,115.77,134.09,17.38,36,135.99,117.84,23.8,58.7,100.33,206.4,53.62,77.02,112.61,32.91,104.69
782,07/11/2018,47.68,70.05,23.65,123.52,67.26,44.12,124.66,130.76,22.8199404761905,45.1,66.82,69.96,21.3,83.93,110.66,182.59,68.34,50.49,106.36,27.49,82.59
783,07/11/2019,26.74,61.46,23.81,125.43,48.15,28.66,90.84,109.32,19.0104166666667,23.85,62.49,55.44,13.65,50.44,99.59,144.86,40.97,41.87,84.43,28.71,77.57
784,07/11/2022,34.21,85.55,26.39,141.51,45.67,53.32,103.7,114.39,6.17,29.36,98.4,83.63,21.32,59.52,81.76,213.61,33.37,58.93,107.79,31.76,85.64
785,07/11/2023,37.28,107.44,26.39,158.12,46.78,50.56,119.6,137.14,18.09,37.52,139.19,120.01,24.33,60.55,101.52,213.42,56.05,78.5,115.95,33.55,105.97
786,07/12/2018,47.07,71.45,23.27,124.26,67.92,43.93,124.14,130.28,22.96875,44.92,66.74,70.51,21.43,84.56,111.14,182.36,67.47,51.19,106.79,27.17,82.69
787,07/12/2019,26.91,61.76,24,125.98,48.54,28.65,90.9,110.83,19.1815476190476,23.75,63.13,55.48,13.92,51.72,100.33,144.29,40.81,41.83,84.75,28.85,77.63
788,07/12/2021,20.41,59.8,17.69,104.28,31.51,28.7,83.3,89.83,8.43,22.42,84.6,58.33,13.33,29.99,82.4,157.06,31.22,44.66,71.68,26.5,61.17
789,07/12/2022,32.43,83.45,26.34,138.92,45.25,51.93,99.49,110.41,5.89,28.6,94.58,82.75,20.66,57.37,80.51,210.34,32.73,59.05,104.86,30.95,84.5
790,07/12/2023,37.51,109.31,26.48,159.64,46.44,51.09,121.71,139.51,17.79,37.92,140.85,119.96,24.79,61.32,101.96,215.92,56.68,79.02,115.04,34.11,106.49
791,07/13/2018,47.45,72,23.45,124.04,68.68,44.72,125.96,131.34,23.0208333333333,45.35,66.54,71.74,21.48,83.64,111.81,184.55,68.08,52.26,107.34,27.32,83.31
792,07/13/2020,12.52,39.66,17.08,85.4,26.98,9.96,44.95,37.1,5.45386904761905,11.79,45.33,35.31,5.13,16.16,60.27,91,17.38,17.1,53.23,18.56,42.66
793,07/13/2021,20.17,59.46,17.69,103.93,31.2,28.97,82.73,90.04,8.32,22.09,83.91,57.4,13.12,30.08,81.65,157.19,30.61,44.39,70.47,26.2,60.88
794,07/13/2022,32.9,83.11,27.14,137.99,43.57,52.59,99.39,110.59,5.82,28.3,95.93,81.94,20.74,58.01,79.65,210.83,32.29,58.72,102.39,31.14,84.84
795,07/13/2023,38.6,110.55,26.45,157.51,47.02,51.11,122.57,139.41,17.45,37.75,139.73,119.92,25.13,61.44,102.58,215.2,57.42,79.58,115.51,34.26,104.54
796,07/14/2020,13.51,41.31,17.44,88.35,27.23,10.43,47.28,39.28,5.52827380952381,12.48,47.48,36.2,5.37,16.68,61.96,95.66,18.39,17.85,54.4,19.1,44.07
797,07/14/2021,19.04,57.67,16.81,101.97,30.05,27.3,79.66,84.58,8.06,21.45,80.39,55.12,12.52,27.83,78.54,151.86,29.55,43.03,67.67,25.6,59.53
798,07/14/2022,31.58,81.61,26.31,135.94,42.58,51.42,95.12,106.71,5.62,27.34,94.19,80.68,20.41,57.23,78.55,205.44,31.33,57.8,100.78,31.15,83.14
799,07/14/2023,36.64,107.09,25.47,153.58,46.21,48.9,118.93,135.66,17.31,36.89,135.26,118.41,24.08,59.38,100.46,208.92,57.13,78.03,113.48,33.38,100.94
800,07/15/2019,26.35,60.65,23.51,125.72,47.99,27.65,88.75,106.41,18.7946428571429,23.46,62.17,54.83,13.48,51.63,101.01,140.69,40.47,41.17,84.32,28.8,77.08
801,07/15/2020,13.82,41.62,17.85,88.89,28.68,10.74,47.46,39.9,5.85565476190476,13,48.66,37.57,5.69,17.18,65.46,96.59,18.9,19.07,57.23,20.08,44.63
802,07/15/2021,18.47,57.08,16.48,101.3,29.64,26.65,76.19,81.74,7.74,20.69,78.38,54.25,12.24,27.23,77.17,147.29,28.73,41.98,66.8,25.56,58.95
803,07/15/2022,31.99,82.89,26.92,137.65,44.16,52.71,97.28,109.14,5.94,27.86,95.21,84.42,20.85,58.71,81.64,208.45,32.3,58.86,104.59,31.38,84.54
804,07/16/2018,46,70.58,23.7,122.98,68.9,44.21,124.61,129.99,22.7529761904762,44.96,63.88,71.42,20.04,82.53,111.32,183,67.42,51.68,106.3,27.25,82.49
805,07/16/2019,25.24,59.75,23.25,124.76,47.83,26.8,87,104.11,18.6904761904762,22.88,61.7,55.68,13.32,51.1,101.38,140.06,40.07,40.78,84.21,28.2,75.93
806,07/16/2020,13.87,41.59,17.71,88.36,28.41,10.67,47.82,39.51,5.86309523809524,13.09,48.67,37.39,5.72,17.01,64.87,96.82,18.82,19.12,56.58,19.9,44.28
807,07/16/2021,17.98,55.5,16.16,98.62,28.81,25.78,73.91,78.36,7.58,20.06,76.37,53.26,11.75,25.94,74.48,140.94,27.87,41.33,64.88,25.28,57.32
808,07/17/2018,45.26,70.28,23.66,121.91,70.57,44.08,124.32,130.65,22.8125,45.06,63.46,71.7,20.06,82.69,111.06,182.64,66.74,51.6,106.09,26.97,82.31
809,07/17/2019,24.48,59.78,22.39,124.14,47.55,25.93,85.19,101.79,18.4375,21.78,59.65,54.31,13.22,51.18,100.79,136.34,38.63,39.62,83.24,27.72,75.48
810,07/17/2020,13.29,39.96,17.94,87.19,27.48,10.29,47.16,39.02,5.73660714285714,13.08,47.87,37.93,5.51,16.28,63.84,96.52,18.62,18.56,55.47,19.77,43.52
811,07/17/2023,36.33,106.44,25.52,153.44,46.06,48.92,118.68,135.47,17.52,37.36,134.5,118.13,23.96,59.29,99.04,207,56.51,77.7,113.71,33.01,101.38
812,07/18/2018,44.46,70.35,23.94,121.53,71.6,43.75,123.58,130.59,23.0282738095238,44.8,64.14,72.56,20.37,82.96,110.9,182.24,67.06,51.76,106.65,27.76,82.22
813,07/18/2019,23.55,60.32,22.4,124.68,48.16,25.7,85.43,103.58,18.5565476190476,21.68,59.85,55.36,13.38,51.01,101.92,136.1,38.78,39.16,83.35,27.56,74.84
814,07/18/2022,32.8,85.07,27.42,139.58,44.94,54.62,99.53,112.52,6.13,28.85,99.79,85.23,21.57,60.05,82.75,211,33.13,60.51,106.31,31.91,86.1
815,07/18/2023,37.88,108.75,26.46,153.75,46.58,50.51,122.77,138.81,18.02,38.11,136.65,119.43,24.8,60.08,101.16,211.13,56.98,78.47,115.42,33.34,100.92
816,07/19/2018,44.55,69.69,24.42,121.67,71.81,44.14,122.39,132.09,22.3958333333333,44.96,64.5,72.86,20.54,82.98,110.9,182.97,66.92,52.3,107,28.69,82.01
817,07/19/2019,24.03,60.33,22.32,125.04,48.53,26.34,87.04,104.61,18.6830357142857,21.75,60.61,55.24,13.66,52.33,101.96,138.07,38.71,39.71,83.65,27.57,74.99
818,07/19/2021,17.21,53.7,15.64,95.96,27.59,24.93,70.34,73.19,7.22,19.36,73.65,50.88,11.12,24.82,70.55,136.66,26.65,40.04,61.92,24.72,55.35
819,07/19/2022,34.34,88.48,28.14,144.61,46.1,57.21,103.62,116.54,6.43,29.46,104.09,87.85,22.52,62.82,85.41,214.47,34.22,62.64,108.74,32.35,88.27
820,07/19/2023,38.03,109.48,26.5,154.69,47.4,50.62,122.44,138.9,17.99,37.01,137.26,122.11,24.87,60.16,102.46,210.11,57.36,78.74,118.02,33.32,101.62
821,07/20/2018,44.38,70.01,24.24,122.27,71.02,44.14,122.35,131.15,22.4553571428571,45.2,64.04,72.52,20.48,83.08,110.36,180.95,66.09,51.63,106.21,28.8,81.4
822,07/20/2020,13.6,39.33,17.84,85.27,26.55,10.27,47.7,38.58,5.6547619047619,13.41,48.2,36.75,5.49,15.69,62.33,96.91,18.44,18.27,54.33,19.29,42.5
823,07/20/2021,17.56,54.47,15.54,96.53,27.74,25.33,71.5,74.92,7.46,20.07,74.24,52.12,11.34,25.37,71.13,138.95,27.24,41.47,62.57,25.03,55.96
824,07/20/2022,35,90.71,28.91,146.52,45.86,57.68,105.57,118.77,6.33,29.26,104.92,88.79,22.92,63.55,86.85,216.81,34.14,63.18,109.28,32.5,89.24
825,07/20/2023,37.97,111.69,26.88,156.4,48.34,51.4,123.49,140.02,17.47,36.45,140.34,124.25,25.23,60.46,104.05,213.14,57.26,79.59,120.73,33.6,103.41
826,07/21/2020,14.9,41.66,18.53,91.39,27.81,11.35,50.42,42.11,5.98214285714286,14.32,52.26,38.54,5.86,17.41,66.42,102.72,19.56,19.65,57.58,20.11,44.65
827,07/21/2021,18.42,57.02,16.16,99.82,28.8,26.34,74.19,79.34,7.85,20.77,76.3,54.08,11.87,27.18,73.76,145.09,28.43,42.83,64.91,25.28,57.76
828,07/21/2022,33.29,88.93,28.06,145.4,43.84,56.2,103.56,115.97,6.12,28.14,103.36,86.45,22.16,62,85.21,213.28,33.63,62.7,104.15,32.41,87.75
829,07/21/2023,38.64,112.89,26.71,158.69,48.96,52.26,124.61,141.24,17.4,36.94,142.2,125.82,25.29,60.74,105.73,215.85,56.01,80.66,122.99,33.85,103.89
830,07/22/2019,23.86,60.44,22.26,125.31,48.2,26.41,87.21,103.49,19.0401785714286,23.74,60.42,55.22,13.67,52.51,102.55,138.23,39.49,40.03,84.35,27.62,75.07
831,07/22/2020,14.51,40.89,18.48,91.04,27.34,11.07,50.19,41.7,5.83333333333333,14.18,52.09,38.73,5.79,16.95,65.25,102.51,19.17,19.15,57.07,19.45,43.61
832,07/22/2021,18.25,56.67,15.69,98.82,27.97,25.99,73.7,78.67,7.24,20.55,74.99,53.39,11.7,27.01,72.31,143.85,27.98,42.83,63.48,25.26,57.11
833,07/22/2022,32.41,88.13,27.71,144.19,43.44,55.19,101,113.43,6.22,27.46,101.39,85.65,21.75,61.06,84.53,209.8,35.07,61.71,104.02,32.34,87.08
834,07/23/2018,44.35,69.98,24.3,121.33,70.96,44.21,122.86,131.17,22.2470238095238,41.54,64.24,73,20.46,82.45,110.44,181.31,65.74,51.98,106.28,28.8,81.4
835,07/23/2019,24.31,60.28,22.27,125.82,48.36,26.21,87.59,104.44,19.4642857142857,23.84,60.24,55.71,13.76,51.8,102.32,139.97,39.75,39.57,84.77,27.31,75.37
836,07/23/2020,14.39,40.46,19.19,91.01,27.32,10.88,48.85,41.07,5.88541666666667,14.75,51.04,38.88,5.76,16.82,65.18,100.66,19.3,19.05,57.67,19.32,43.7
837,07/23/2021,18.21,55.34,15.78,98.86,28.11,25.62,72.51,78.24,6.94,20.11,74.37,53.43,11.5,26.58,72.17,141.95,28.41,42.52,63.71,25.15,57.04
838,07/24/2018,45.05,70.85,24.27,123.85,70.9,44.56,125.62,133.45,22.2767857142857,40.35,65.06,73.74,20.85,83.46,111.22,187.17,65.52,52.03,107.27,29.18,83.01
839,07/24/2019,24.79,60.08,22.11,126.54,49.51,26.51,87.68,104.45,19.6354166666667,23.79,60.6,57.62,13.97,52.05,102.42,139.64,40.33,40.29,86.17,26.9,75.36
840,07/24/2020,14.2,40.28,19.04,90.13,26.98,10.7,49.04,40.73,5.90773809523809,14.71,50.46,38.7,5.72,16.74,65.06,99.68,19.48,18.78,57.98,19.21,43.43
841,07/24/2023,39.28,114.72,26.87,161.82,50.28,53.09,126.15,144.45,17.81,38.26,145.66,128.39,25.64,62.32,106.85,218.03,57.02,81.38,125.71,33.96,105.52
842,07/25/2018,45.7,71.51,24.97,124.9,72.05,45.27,128.38,134.68,22.2247023809524,39.82,64.88,74.72,21.18,84.33,112.35,188.65,65.78,52.59,109.33,29.44,83.59
843,07/25/2019,24.18,59.04,21.79,125.63,49.32,25.57,85.47,101.4,20.8184523809524,23.22,59.81,56.5,13.75,51.14,101.57,135.91,39.95,40.22,83.45,26.32,74.93
844,07/25/2022,34.43,92.05,28.89,148.48,45.32,57.97,105.48,119.99,6.48,28.42,106.32,88.8,23.18,64.41,87.24,221.57,36.17,64.15,109.32,33.45,89.98
845,07/25/2023,39.57,116.18,27.15,162.56,49.9,53.4,128.5,146.04,18.37,38.42,147.34,128.61,25.98,63.41,107.71,219.53,57.88,81.67,124.54,33.98,105.68
846,07/26/2018,45.72,71.8,24.72,123.95,74.41,45.15,128.86,134.55,23.1845238095238,41.31,64.33,80.16,21.24,84.16,116,188.45,66.86,52.82,116.83,29.46,84.24
847,07/26/2019,23.93,58.75,19.16,123.72,49.6,25.54,84.29,101.99,21.2127976190476,23.03,59.83,56.84,13.75,51.59,102.32,135.68,40.01,39.88,84.31,25.13,74.81
848,07/26/2021,18.84,56.87,16.18,100.95,29.03,26.65,74.17,80.25,7.39,20.69,75.85,54.66,11.83,27.12,74.32,144.66,29.46,43.49,65.54,25.59,58.48
849,07/26/2022,33.84,91.09,29.45,147.32,45.65,56.76,103.75,118.28,6.37,28.04,105.24,87.96,22.91,62.07,85.95,218.58,35.6,65.41,107.63,33.54,89.63
850,07/26/2023,39.99,116.83,27.15,161.34,50.9,53.15,129.32,144.99,18.75,38.21,147.62,130.35,26.11,62.85,109.59,220.55,57.67,81.38,126.18,34.07,105.09
851,07/27/2018,45.01,71.45,22.81,125.97,74.07,44.55,129.15,132.34,24.1741071428571,41.8,63.61,80.99,20.83,83.47,118.79,186.02,67.04,51.24,116.35,29.1,81.92
852,07/27/2020,13.69,39.77,17.97,91.04,26.65,10.43,48.56,40.05,5.8110119047619,14.9,50.29,38.52,5.63,16.7,64.59,98.52,19.68,18.13,58.03,18.83,44.07
853,07/27/2021,18.56,56.33,15.87,100.61,29.12,25.94,72.73,78.55,7.36,20.64,74.06,54.34,11.37,26.26,74.54,142.68,29.18,42.08,65.58,25.27,57.83
854,07/27/2022,35.19,93.27,30.06,149.26,47.5,59.58,108.19,123.29,6.66,28.89,106.67,89.98,23.88,62.78,88.34,226.54,36.33,66.62,111.5,33.79,91.57
855,07/27/2023,39.48,115.78,26.97,159.66,50.69,52.22,128.76,144.35,17.56,37.93,147.92,129.58,25.86,61.85,108.89,220.65,57.02,80.56,125.47,34.05,105.42
856,07/28/2020,13.32,38.96,18.27,89.11,26.15,10.34,47.27,38.88,5.60267857142857,14.65,48.1,38.12,5.53,16.35,63.58,96.55,19.15,17.9,56.89,18.87,43.55
857,07/28/2021,19.04,56.72,15.86,101.18,29.82,26.46,73.3,79.58,7.41,21.09,77.49,55.28,11.78,26.9,75.22,144.98,29.32,42.86,67.3,25.3,58.22
858,07/28/2022,35.62,94.06,29.82,150.39,46.73,60.37,107.39,123.61,7.33,28.64,109.18,89.59,23.95,62.64,88.01,228.67,35.71,67.35,109.51,33.78,92.64
859,07/28/2023,40.15,115.93,27.41,158.87,51.6,53,130.7,145.64,18.52,38.16,149.02,131.83,26.1,62.08,110.35,223.4,57.15,80.63,129.07,34.06,104.16
860,07/29/2019,23.33,58.19,19.13,124.23,49.58,25.52,83.92,99.73,20.9672619047619,22.18,59.98,56.16,13.5,50.91,102.81,133.56,39.21,39.13,84.03,24.79,75.34
861,07/29/2020,13.65,39.94,18.48,90.07,27.74,10.84,48.5,40.76,5.73660714285714,15.07,50,39.91,5.74,17.03,65.58,98.54,19.43,19.13,59.69,19.77,44.03
862,07/29/2021,19.08,57.08,15.9,102.57,29.59,26.63,73.71,79.54,7.42,21.25,77.66,55.93,11.81,26.78,74.78,147.07,29.64,42.93,67.64,25.45,58.93
863,07/29/2022,37.17,97.43,30.59,163.78,47.82,62.85,111.22,128.02,8.09,29.3,112.47,91.66,24.8,65.75,89,236.95,37.03,69.11,110.77,34.09,96.93
864,07/30/2018,46.06,72.27,22.73,127.83,74.91,45.06,129.9,133.71,24.7991071428571,42.29,64.68,81.5,21.11,83.31,122.15,191.27,67.58,52.16,117.26,29.57,81.74
865,07/30/2019,24.1,59.51,19.33,124.34,50.09,26.88,86.06,102.83,20.8035714285714,23.2,62,57.05,14.13,52.47,103.61,137.89,39.55,38.87,84.79,25.02,75.35
866,07/30/2020,16.01,37.64,18.14,86.27,26.79,10.34,46.58,39.51,5.95982142857143,14.67,47.54,38.08,5.51,15.77,63.09,95.85,18.44,18.68,56.33,19.34,41.87
867,07/30/2021,18.75,56.06,16,101.81,29.4,25.84,72.86,77.13,7.22,20.68,76.44,55.22,11.59,26.1,73.43,145.37,28.83,42.11,66.97,25.05,57.57
868,07/31/2018,46,72.17,23.5,126.27,74.58,45.01,128.94,131.95,24.21875,42.42,65.63,80.83,21.12,83.93,123.34,189.27,67.52,51.07,118.35,29.75,81.51
869,07/31/2019,24.42,59.08,19.16,123.11,49.77,27,85.85,103.43,20.4910714285714,23,64.84,56.39,14.07,51.36,102.56,138.04,39.97,38.91,85.25,24.64,74.36
870,07/31/2020,15.35,37.39,18.7,83.94,27.5,10.49,46.85,39.86,5.97470238095238,14.33,49.21,38.2,5.49,15.74,62.02,96.92,18.14,18.28,56.23,19.13,42.08
871,07/31/2023,40.49,117.72,27.54,163.66,52.09,54,132.53,147.32,18.34,39.08,151.73,133.02,26.27,63.13,111.55,225.67,58.34,81.99,128.91,34.45,107.24
872,08/01/2018,44.94,71.81,23.29,125.39,73.81,43.47,125.57,132.88,24.0029761904762,42.06,64.8,80.76,20.31,82.64,123.01,187.66,66.66,51.59,116.78,30.07,80.39
873,08/01/2019,24.12,58.8,18.73,120.74,52.19,25.16,81.07,97.4,19.8809523809524,21.66,63.66,55.36,13.53,53.17,101.99,127.56,38.51,37.37,84.34,25.52,72.46
874,08/01/2022,36.01,95.1,29.57,160.51,47.41,61.57,107.58,125.92,8.1,28.19,108.74,90.32,23.99,65.23,87.49,228.1,36.4,68.42,110.65,34,94.48
875,08/01/2023,40.24,117.38,27.6,162.3,52.33,53.68,131.75,147.88,17.9,39.27,151.6,134.94,26.18,62.64,112.11,224.68,57.61,81.61,128.77,34.1,106.62
876,08/02/2018,44.41,71.56,23.08,123.76,68.91,43.94,125.93,134.49,23.5565476190476,41.91,65.82,79.73,20.83,82.24,122.05,188.58,65.94,51.92,115.33,30.98,79.91
877,08/02/2019,24.19,56.47,18.27,120.73,51.13,25.03,82.46,97.49,19.0922619047619,21,61.95,53.62,13.28,51.18,99.52,127.27,37.42,37.15,82.07,25.01,71.75
878,08/02/2021,18.28,55.38,16.12,101.63,28.94,25.49,71.62,76.75,7.16,20.16,73.78,54.46,11.3,25.79,73.48,142.35,28.5,41.53,66.4,24.94,57.58
879,08/02/2022,35.93,94.71,29.38,159.14,48.71,60.63,107.19,127.54,8.25,28.6,109.61,93.62,23.88,65.06,87.54,227.91,36.69,67.96,112.99,32.86,94.07
880,08/02/2023,39.01,115.59,27.03,159.73,51.62,49.74,130.04,146.79,18,39.03,149.46,135.87,25.71,61.47,108.99,227.94,57.47,81.17,126.31,33.68,105.29
881,08/03/2018,45.15,71.29,23.45,124.05,67.65,43.05,122.41,130.8,23.2217261904762,42.05,66.3,79.09,20.54,82.29,121.66,184.11,65.89,51.63,115.38,31.14,80.2
882,08/03/2020,15.72,36.71,19.12,84.81,26.67,10.6,46.37,40.01,5.99702380952381,14.53,49.84,38.57,5.52,15.25,61.12,97.84,18.72,18.79,53.91,19.72,42.25
883,08/03/2021,18.78,56.64,16.36,102.6,29.56,26.21,73.68,80.53,7.28,20.37,74.98,55.94,11.55,26.43,76.07,153.51,28.9,42.12,69.01,25.12,58.2
884,08/03/2022,34.43,91.32,28.68,155.36,47.35,56.7,103.61,121.38,8.2,28.43,105.66,92.68,22.89,60.99,85.51,220.68,35.54,67.6,107.81,32.63,91.02
885,08/03/2023,41.66,114.99,27.7,159.67,53.04,50.83,131.69,148.41,18.25,39.69,151.94,136.22,25.78,62.21,110.41,229.98,57.98,81.81,125.6,34.44,107.12
886,08/04/2020,15.88,37.64,19.63,86.49,26.03,11.09,48.46,41.07,6.14583333333333,15.11,50.68,37.69,5.78,15.74,61.85,99.52,19.23,19.73,53.02,21.34,43.47
887,08/04/2021,17.75,54.93,15.86,100.3,28.6,25.29,70.74,76.42,6.86,19.2,71.87,54.38,11.05,25.69,71.64,150,27.63,41.41,64.18,24.89,56.84
888,08/04/2022,30.68,89.88,27.39,151.14,45.37,54.49,99.82,116.45,7.97,27.27,99.86,90.17,21.47,57.46,82.65,212.86,33.95,63.94,104.33,31.91,87.19
889,08/04/2023,41.87,113.71,27.57,159.31,54.94,50.8,129.8,148.57,18.31,39.55,152.94,137.95,26.18,63.52,110.48,234.06,57.67,82.47,126.89,34.36,107.42
890,08/05/2019,23.25,54.68,17.45,118.74,48.8,24.06,79,91.45,18.4151785714286,20.31,58.82,50.67,12.5,49.42,95.64,121.84,35.99,35.51,75.78,23.78,70.28
891,08/05/2020,16.24,38.02,19.62,87.2,25.96,12.04,50.75,41.63,6.39880952380952,15.32,53.61,36.43,5.98,15.94,61.96,102.65,19.5,20.16,51.62,21.29,43.85
892,08/05/2021,18.06,55.95,16.04,101.23,29.4,26.63,70.74,79.83,6.88,19.48,73.2,56.49,11.79,26.19,73.37,151.79,27.92,42.4,65.71,25.08,57.2
893,08/05/2022,31.75,92.85,27.93,153.64,46.3,56.65,107.01,121.37,8.31,27.79,102.89,90.22,21.77,59.01,83.76,217.15,34.66,63.72,104.99,32.22,88.45
894,08/06/2018,45.64,71.73,23.54,124.3,68.2,43.65,123.9,133.62,23.0059523809524,41.96,66.96,79.84,20.61,82.3,122.54,186.11,65.74,52.89,114.89,31.34,80.18
895,08/06/2019,22.92,54.23,17.29,119.38,49.39,24.22,78.28,91.06,18.5416666666667,19.95,57.5,49.59,12.16,47.58,97.41,120.23,35.46,35.55,76.84,23.53,70.96
896,08/06/2020,15.6,38.05,19.83,87.47,24.62,11.77,50.89,40.73,6.23511904761905,14.82,53.39,35.73,5.68,15.45,60.97,102.36,19.32,19.36,51.48,20.82,43.64
897,08/06/2021,18.33,56.5,16.28,101.95,29.02,27.01,70.93,80.05,7.01,20,73.14,57.41,11.96,26.39,73.96,151.55,28.42,42.88,66.5,25.06,57.86
898,08/07/2018,46.38,72.9,23.78,125.18,69.11,43.45,124.43,134.74,23.2440476190476,42.03,67.25,81.27,20.72,81.94,122.72,186.57,66.68,52.75,116.71,31.57,81.27
899,08/07/2019,21.99,53.32,17.46,119.1,50.35,24.16,77.55,92.74,18.1919642857143,19.65,58.02,48.13,12.05,46,97.33,122.13,34.74,34.12,75.81,23.62,70.5
900,08/07/2020,15.54,38.3,20.59,86.8,25.5,12.11,48.81,42.01,6.18303571428571,14.89,53.03,36.67,5.74,15.45,62.87,104.28,19.63,19.61,52.66,20.85,43.44
901,08/07/2023,42.17,114.48,27.8,159.89,56.38,50.81,127.63,148.59,18.2,39.59,151.84,140,26.02,63.9,111.44,232.32,57.97,82.09,129.29,34.47,107.2
902,08/08/2018,46.13,71.39,23.4,123.88,69.42,42.67,122.77,133.79,22.8794642857143,42.03,65.93,81.69,20.14,81.2,122.98,188.03,66.41,53.18,115.9,31.55,80.73
903,08/08/2019,22.45,55.07,17.67,123.23,51.04,24.44,80.36,95.2,18.7946428571429,19.93,60.35,49.52,12.86,47.13,100.71,126.78,35.21,35.96,78.76,24.03,72.38
904,08/08/2022,32.21,93.63,27.82,153.41,47.15,57.52,107.19,123.14,8.29,28,103.99,90.39,21.83,60.04,83.8,217.14,34.65,65,106.39,32.45,88.95
905,08/08/2023,43.33,115.59,27.6,159.65,57.42,50.77,128.4,149.2,18.1,39.78,153.41,141.78,25.82,63.75,112.68,233.39,58.51,82.83,131.34,34.83,107.73
906,08/09/2018,43.29,71.75,23.54,122.53,68.36,42.07,122.31,131.15,22.3139880952381,41.51,64,80.75,20.09,77.79,122.18,185.65,65.4,52.52,115.14,31.79,80.32
907,08/09/2019,21.97,54.01,17.37,122.42,48.56,24.05,79.37,96.42,18.2291666666667,19.52,60.62,48.39,12.87,47.13,100.44,126.17,34.53,35.86,78.85,23.99,70.84
908,08/09/2021,17.91,55.45,16,100.25,28.76,26.64,69.38,77.23,6.86,19.69,71.64,57.22,11.82,25.61,73.01,148.08,27.99,42.64,66,24.76,57.2
909,08/09/2022,32.68,95.51,28.13,155.41,49.29,59.04,108.24,124.54,8.34,28.31,106.58,93.35,21.96,62.41,85.53,218.19,34.99,67,110.67,32.83,90.59
910,08/09/2023,44.22,116.44,28.29,159.86,58.71,51.19,130.81,150.43,18.29,40.46,156.4,144.05,26.27,63.81,114.42,236.59,59.51,84.28,133.95,35.26,109.56
911,08/10/2018,44.17,71.94,23.64,123.34,69.02,42.84,122.77,134.8,22.3214285714286,41.94,64.27,80.93,20.38,78.78,122.59,186.14,66.04,53.98,115.37,31.79,79.42
912,08/10/2020,16.28,39.64,20.58,89.73,26.12,12.64,50.46,44.67,6.41369047619048,15.61,55.14,37.13,6.04,16.48,64.87,108.99,20.22,20.44,53.55,21.54,44.51
913,08/10/2021,19.06,56.48,16.38,102.08,29.46,27.65,68.73,78.12,7.08,20.21,72.61,58.48,12.35,26.26,74.23,151.48,28.42,44.4,66.9,24.98,58.18
914,08/10/2022,33.22,95.98,28.33,155.82,49.82,60.05,108.99,126.04,8.51,28.41,107.59,95.18,22.34,62.86,85.63,217.8,34.92,67.54,111.76,33.02,91.45
915,08/10/2023,44.15,115.83,27.82,160.83,58.22,50.76,131.05,149.7,18.47,40.36,156.57,145.28,26.24,63.73,114.67,235.91,58.92,84.21,134.86,35.06,110.12
916,08/11/2020,15.59,39.71,19.73,89.62,26.49,12.36,49.42,44.45,6.42857142857143,16.14,53.52,36.95,5.94,15.16,64.11,106.56,20.3,19.61,53.65,21.42,44.97
917,08/11/2021,19.23,57.19,16.27,102.85,29.93,28,69.46,79.01,7.16,20.63,72.78,59.14,12.4,26.84,74.41,154,28.98,44.19,66.84,24.98,58.35
918,08/11/2022,34.84,100.36,29.33,159.62,50.64,64.46,113.54,132.78,8.76,29.57,112.14,96.71,23.91,65.69,88.33,228.48,36.89,70.39,114.09,33.94,93.19
919,08/11/2023,44.88,117.81,28.05,164.15,59.34,50.41,132.33,149.66,18.82,40.7,157.68,149.75,26.84,65.84,116.64,236.76,59.65,84.94,139.06,35.38,111.83
920,08/12/2019,21.55,53.12,17.35,121.55,46.68,23.51,77.92,96.88,17.8794642857143,19.41,60.81,46.35,12.74,44.99,98.31,126.75,34.27,35.42,77.15,23.7,69.63
921,08/12/2020,15.75,41.66,19.81,90.72,27.22,12.51,49.09,44.57,6.54017857142857,16.71,53.83,38.13,5.98,14.92,64.41,110.5,20.36,20.02,55.12,21.61,44.09
922,08/12/2021,18.92,57.04,16.09,102.64,30.12,28.47,69.79,79.37,7.07,20.44,71.99,59.54,12.4,26.87,74.44,154.68,28.55,44.32,67.25,25,57.35
923,08/12/2022,34.7,102.75,28.66,159.85,51.63,65.55,114.49,133.13,9.08,29.55,113.72,97.47,24.06,65.73,90,232.95,37.14,69.53,115.19,34.16,94
924,08/13/2018,43.69,71.07,23.36,122.44,68.55,42.07,121.5,131.87,21.7485119047619,40.85,63.33,80.09,20.08,78.14,121.57,183.12,64.97,53.01,114.79,30.69,78.56
925,08/13/2019,21.92,53.87,16.99,122.39,47,23.62,78.52,99.94,18.1398809523809,19.48,62.02,47.15,12.95,44.76,99.74,128.36,34.63,35.55,78.74,23.89,70.49
926,08/13/2020,15.42,40.63,19.35,89.82,25.52,11.84,47.42,44.58,6.38392857142857,16.65,52.73,37.26,5.89,14.6,62.63,109.94,19.87,19.22,53.19,21.57,43.01
927,08/13/2021,17.88,55.97,15.82,101.96,30.39,28.01,68,75.64,6.89,20.13,69.94,59.15,12.1,25.79,73.89,151.6,28.35,43.94,66.25,24.83,56.77
928,08/14/2018,43.9,72.15,23.72,122.58,69.03,42.41,123.07,133.75,21.4955357142857,40.67,63.92,80.11,20.45,79.66,120.94,183.34,64.8,53.47,115.05,30.31,78.31
929,08/14/2019,20.08,51.78,16.16,117.74,44.28,22.03,75.02,96.31,17.3139880952381,18.33,59.36,44.63,12.3,43.7,97.53,122.72,32.34,33.53,76,23.11,67.65
930,08/14/2020,15.62,40.82,20.04,90.35,25.99,12.12,47.97,45.51,6.42857142857143,16.63,53.78,38.35,6.05,14.64,63.66,110.73,20.07,19.97,54.46,22.13,43.2
931,08/14/2023,44.66,117.69,27.97,164.03,57.95,50.29,131.48,148.94,18.53,40.31,157.17,148.54,26.45,65.11,114.67,237,59.52,84.59,136.5,35.03,111.92
932,08/15/2018,41.98,67.82,22.98,117.94,67.37,40.48,115.44,117.7,20.5357142857143,39.7,61.5,77.18,19,76.93,115.38,173.69,62.29,52.45,111.52,30,76.94
933,08/15/2019,19.93,50.91,16.3,116.95,43.86,21.62,74.94,95.81,17.1279761904762,18.25,59.62,45.4,12.02,43.96,97.47,123.01,31.65,33.08,76.72,22.92,67.25
934,08/15/2022,33.57,100.77,28.35,156.81,50.81,63.57,112.28,127.93,8.69,28.47,111.46,95.79,23.39,64.34,89.16,229.94,35.76,68.17,111.95,33.63,92.32
935,08/15/2023,43.86,115.51,27.65,159.24,56.22,49.19,129.14,147.41,18.23,39.49,155.57,142.62,25.86,63.55,113.43,233.72,58.33,84.07,131.14,34.76,108.16
936,08/16/2018,42.17,69.41,23.5,117.66,67.75,40.68,115.91,120.46,20.7589285714286,39.77,62.74,76.69,19.32,78.02,114.94,173.09,62.49,52.92,111.32,30.01,78
937,08/16/2019,20.84,51.47,16.47,115.81,44.35,22.54,75.92,97.26,17.6785714285714,18.87,59.82,46.22,12.45,44.57,98.83,124.61,32.72,34.08,78.12,23.28,68.3
938,08/16/2021,17.13,54.81,15.47,100.92,29.88,27.17,65.92,72.54,6.61,19.65,67.46,58.38,11.67,24.79,71.85,147.59,27.78,43.02,64.54,24.61,55.94
939,08/16/2022,33.22,100.1,29.18,156.41,50.75,63.58,112.41,125.59,8.42,28.21,110.88,96.65,23.05,63.51,89.36,229.12,35.58,68.23,113.31,34.32,91.46
940,08/16/2023,43.64,114.64,27.56,158.63,56.65,48.52,128.6,146.92,18.34,39.29,152.75,141.4,25.56,62.55,113.27,234.15,57.77,83.2,130.94,34.47,106.34
941,08/17/2018,42,69.77,23.6,117.8,68.64,40.6,114.77,120.18,20.8556547619048,39.97,62.35,77.11,19.83,78.55,115.44,173.2,62.83,53.92,111,30.47,78.26
942,08/17/2020,15.34,40.7,20.16,90.77,26.5,11.74,46.54,45.08,6.19047619047619,16.65,52.47,38.65,5.92,13.91,62.36,108.61,20.01,19.6,55.6,22.34,42.64
943,08/17/2021,16.87,54.52,15.5,100.73,29.7,26.91,65.97,71.88,6.54,19.17,66.4,57.1,11.49,24.08,69.97,145,27.19,43.23,63.51,24.48,55.56
944,08/17/2022,33.63,101.36,29.35,157.7,52.04,64.14,113.69,125.77,8.38,28.2,112.75,98.62,23.41,62.97,89.87,232.5,35.4,67.44,117.75,34.3,92.2
945,08/17/2023,44.05,116.73,27.93,159.75,56.74,49.06,129.73,147.51,18,39.27,154.29,142.49,26,63.16,113.59,236.6,57.89,83.79,132.02,34.61,108.4
946,08/18/2020,15.25,40.33,19.89,87.63,25.69,11.34,46.35,44.49,5.99702380952381,16.45,50.02,37.24,5.95,13.95,61.31,107.7,19.77,18.46,54.74,21.8,42.43
947,08/18/2021,16.6,53.53,15.03,96.7,28.85,26.14,65.36,69.81,6.42,18.9,64.74,56.28,11.14,23.45,68.15,142.34,26.81,42.46,62.24,24.04,54.39
948,08/18/2022,36.5,104.88,30.58,159.02,52.89,67.92,118.99,130.07,8.51,29.83,116.9,100.79,24.6,64.88,88.69,241.81,37.13,70.09,118.79,35.24,94.38
949,08/18/2023,44.22,117.29,27.78,160.9,57.61,49.99,130.63,148.04,18.27,39.4,155.56,144.62,26.39,64.07,114.24,237.86,58.03,84.75,133.58,34.77,110.04
950,08/19/2019,21.9,53.94,16.75,117.31,45.88,23.27,77.81,99.96,18.0877976190476,19.33,63.15,47.81,12.88,45.58,98.76,128.22,34.1,35.36,79.7,23.56,69.45
951,08/19/2020,15.34,39.65,20.1,86.39,25.9,11.09,45.61,43.3,5.95982142857143,16.49,48.49,37.18,5.73,13.82,61.42,104.77,19.72,18.36,54.26,21.65,41.96
952,08/19/2021,16,52.44,14.59,94.29,28.24,25.34,64.26,67.88,6.1,18.15,63.59,54.23,10.68,22.09,66.27,140.47,26.44,41.12,60.24,23.89,52.73
953,08/19/2022,36.15,105.14,30.3,157.69,52.65,68.51,118.75,130.39,8.47,29.39,116.63,100.45,24.46,71.29,88.44,242,37.12,68.89,118.55,34.93,94.08
954,08/20/2018,42.03,70.52,23.99,117.75,70.68,41.04,114.77,120.99,21.0863095238095,40.4,62.96,78.76,19.98,79.01,116.08,172.51,63.5,54.22,113.4,30.42,78.81
955,08/20/2019,21.75,52.71,16.81,116.13,45.8,23.36,76.69,99.28,17.8497023809524,19.06,62.6,46.72,12.62,45.26,98.68,126.6,33.9,35.53,78.01,23.53,69.03
956,08/20/2020,14.74,38.77,19.37,84.81,25.35,10.69,44.1,40.63,5.74404761904762,16.01,48.14,35.62,5.51,13.4,60.97,102.67,18.77,18.56,52.7,21.4,41.32
957,08/20/2021,16.07,52.77,14.42,94.3,28.86,25.7,64.47,68.18,6.19,18.21,64.32,54.77,10.72,21.95,65.95,141.32,26.46,41.85,60.2,24.04,52.74
958,08/21/2018,42.67,70.89,24.5,117.94,71.26,41.85,115.49,122.59,21.7782738095238,40.91,63.4,79.01,20.21,78.89,116.51,173.74,64.76,54.29,114.14,30.52,78.83
959,08/21/2019,21.73,52.63,16.84,117.88,45.37,23.38,77.22,100.1,17.8497023809524,18.6,64.83,47.23,12.42,45.06,99.3,126.94,33.69,35.87,78.4,23.88,69.72
960,08/21/2020,14.26,38.16,19.52,85.08,24.98,10.44,43.39,39.21,5.55803571428571,15.74,47.51,35.4,5.27,13.16,60.97,102.11,18.58,18.4,52.62,21.41,41.01
961,08/21/2023,43.9,117.21,28.2,160.36,56.84,50.17,130.37,148.45,18.32,39,153.67,142.85,26.44,63.73,113.33,237.29,57.44,84.53,131.16,34.83,108.71
962,08/22/2018,43.28,72,24.46,118.92,71.41,42.71,117.32,124.23,22.2619047619048,41.2,65.19,80.21,20.87,79.33,117.02,176.05,65.09,55.71,115.68,30.49,79.96
963,08/22/2019,21.46,52.26,16.82,117.73,45.62,23.03,75.51,99.23,17.8720238095238,18.67,63.95,46.89,12.26,44.7,98.46,126.07,33.71,35.22,77.42,23.6,69.57
964,08/22/2022,36.79,105.24,30.58,156.9,52.52,68.42,118.9,131.18,8.25,29.19,116.23,100.42,24.65,69.03,88.23,243.45,36.92,67.88,119.13,34.69,94.01
965,08/22/2023,42.61,116.15,27.9,159.04,56.55,49.74,129.24,148.3,18.16,38.58,152.02,142.95,26.11,62.91,112.94,235.11,56.41,83.7,130.89,34.63,108.1
966,08/23/2018,42.86,72.05,24.25,118.1,72.87,42.52,116.4,121.6,22.3363095238095,40.83,64.55,81.62,20.78,78.98,118.37,174.86,64.65,55.38,118.06,30.09,79.08
967,08/23/2019,20.69,50.42,16.84,115.18,43.63,21.68,71.75,94.6,17.1875,17.72,59.56,45.76,11.75,42.37,95.18,120.65,32.03,32.92,74.18,22.88,67.49
968,08/23/2021,17.29,54.79,14.65,96.73,30.39,27.26,67.64,72.2,6.33,19.21,66.75,56.82,11.3,23.47,68.8,145.55,27.49,43.07,63.11,24.5,54.91
969,08/23/2022,38.79,108.45,30.31,161.99,53.34,70.88,121.78,135.12,8.55,31.22,120.14,103.49,25.71,73.79,91.41,251.77,39.36,69.71,122.11,35.12,98
970,08/23/2023,42.54,115.81,27.63,159.25,55.36,49.34,128.89,148.22,18.4,38.72,150.82,143.25,25.73,61.82,112.26,234.07,57.89,83.63,129.37,34.7,107.15
971,08/24/2018,43.49,72.61,24.15,119.01,73.58,42.66,117.46,121.75,22.5297619047619,40.81,65.14,83.82,20.61,79.34,119.25,176.04,65.25,55.67,120.55,30.08,79.62
972,08/24/2020,14.46,38.87,19.51,87.2,26.14,10.78,44.33,40.05,5.89285714285714,16.29,47.83,36.81,5.45,13.62,63.65,104.75,19.55,18.3,54.99,21.68,42.22
973,08/24/2021,17.9,55.41,14.7,97.84,31.07,28.53,68.45,74.2,6.6,20.05,68.19,57.96,11.61,24.38,70.93,147.84,28.22,43.91,65.23,24.64,55.36
974,08/24/2022,40.31,110.52,31.27,163.19,53.55,72.45,123.9,136.65,8.67,31.66,123.13,104.78,26.29,74.91,92.37,256.82,39.91,71.26,122.12,35.58,98.58
975,08/24/2023,42.23,114.8,27.8,157.94,56.03,48.84,125.68,149.01,18.03,38.24,150.02,143.6,25.52,61.35,112.39,232.78,56.79,84.09,129.46,34.52,106.35
976,08/25/2020,14.65,38.85,19.29,86.13,26.05,10.98,44.38,41.06,5.78125,16.15,48.32,36.45,5.49,13.51,61.63,106.92,19.26,17.91,54.25,21.39,40.88
977,08/25/2021,18.13,56.02,15,98.51,31.51,29.24,68.73,75.01,6.63,20.17,69.34,58.63,11.8,24.63,72.18,149.15,28.45,44.36,66.34,24.59,55.46
978,08/25/2022,40.4,112.08,31.26,164.62,55.19,73.72,125.22,136.28,8.72,31.87,124.65,105.97,26.37,74.48,93.81,259.89,40.17,72.2,123.36,35.6,99.09
979,08/25/2023,42.73,116.52,27.74,159.12,57.1,50.43,127.08,149.55,18.12,38.15,150.6,143.98,25.62,61.84,113.89,233.78,56.46,84.48,133.12,34.67,108.25
980,08/26/2019,21,51.37,16.55,115.74,43.88,21.57,72.25,93.5,17.8645833333333,17.5,59.92,46.04,11.63,42.13,96.31,120.25,31.59,32.97,73.71,22.93,67.85
981,08/26/2020,14.08,37.56,18.68,84.78,25.91,10.7,43.26,39.39,5.59523809523809,15.81,46.3,35.33,5.3,12.96,60.03,104.41,18.67,17.1,53.7,21.05,40.01
982,08/26/2021,17.69,55.13,14.71,97.22,30.88,29.09,67.43,73.08,6.58,19.77,67.4,58.09,11.52,24,70.68,146.89,28.13,43.57,65.46,24.15,54.71
983,08/26/2022,40.18,112.12,30.87,163.41,54.34,72.77,124.57,133.93,8.58,31.1,124.6,104.34,26.16,73.55,92.18,257.38,39.42,70.21,121.88,35.03,97.87
984,08/27/2018,43.77,72.84,23.98,120.35,73.89,42.88,118.65,122.73,22.9017857142857,41.01,66.15,83.68,20.87,80.21,120.03,177.39,64.85,55.85,121.21,30.32,80.4
985,08/27/2019,20.96,50.98,16.6,115.83,43.15,21.34,71.66,92.37,18.3928571428571,17.31,59.71,45.33,11.53,42.35,94.52,118.02,31.25,32.46,71.71,22.92,67.19
986,08/27/2020,14.6,38.15,19.07,84.91,24.96,10.76,44.95,39.77,5.6547619047619,16.02,46.42,34.98,5.36,13.04,60.26,105.38,18.7,17.47,53.44,20.96,39.74
987,08/27/2021,18.74,56.74,15.63,98.64,32.57,30.36,69.63,76.65,6.8,20.55,69.85,60.02,12.01,25.66,72.61,151.67,29.08,45.15,67.11,24.61,55.77
988,08/28/2018,42.76,72.05,23.98,119.86,73.98,42.51,117.97,121.12,22.7752976190476,40.67,65.78,83.91,20.7,80.11,119.75,175.79,64.07,55.47,120.39,30.08,80.28
989,08/28/2019,21.63,51.95,16.79,116.83,43.34,21.92,72.53,96.63,18.4002976190476,18,61.43,46.33,11.94,43.11,96.17,120.79,31.62,34.08,72.76,23.33,67.68
990,08/28/2020,15.05,38.38,18.95,85.63,25.81,11.1,46.21,40.14,5.80357142857143,16.27,46.94,37.09,5.39,13.13,61.79,105.6,19.42,17.77,54.89,21.07,40.69
991,08/28/2023,42.9,117.52,27.89,160.21,56.46,50.57,127.42,150.68,18.59,38.71,153.39,143.03,25.92,62.24,113.13,236.42,57.83,85.29,131.6,34.87,109.16
992,08/29/2018,43.73,73.54,24.12,120.22,74.63,42.96,118.78,121.91,22.9613095238095,40.72,67.21,83.72,21.77,80.23,120.44,175.62,64.49,55.48,120.61,29.91,80.86
993,08/29/2019,22.04,52.29,17.23,117.52,44.51,22.54,74.48,98.58,18.3705357142857,18.53,62.24,48.56,12.2,43.37,98.12,123.36,32.26,35.51,75.24,23.71,68.43
994,08/29/2022,41.36,113.42,31.51,164.63,55.15,74.14,126.57,139.26,8.66,31.9,126.61,105,26.79,75.26,93.2,262.5,40.38,71.11,123.42,35.24,100.12
995,08/29/2023,43.57,117.66,28.05,159.96,56.29,50.73,127.85,151.19,18.82,38.75,154.68,143.27,26.14,62.4,112.69,237.76,58.22,85.7,131.39,34.88,109.81
996,08/30/2018,44.38,73.56,24.15,119.81,74.67,43.13,118.91,121.52,22.9613095238095,40.22,68.17,83.12,21.63,80.13,119.55,174.74,64.34,55.3,119.05,29.68,80.51
997,08/30/2019,21.57,52.18,17.12,117.72,44.36,21.99,74.19,98.08,18.4821428571429,18.84,62.95,49.21,11.84,43.48,98.63,123.42,32.43,36.12,75.28,23.6,68.48
998,08/30/2021,18.66,56.2,15.74,98.39,32.06,29.78,67.39,76.28,6.61,20.16,69.08,58.93,11.76,25.25,71.57,150.28,28.28,44.18,66.02,24.56,55.16
999,08/30/2022,39.32,110.5,30.4,160.62,53.5,71.08,121.86,134.07,8.33,30.35,122.12,101.5,25.58,72.01,90.15,254.71,38.68,68.1,118.03,34.32,96.31
1000,08/30/2023,43.72,118.7,28.14,160.18,55.77,50.66,127.77,151.31,19,38.91,154.7,143.14,26.38,62.63,113.65,238.07,59,86.2,131.45,35,110.88
1001,08/31/2018,43.83,73.43,23.83,118.46,74.52,42.93,118.23,121.08,22.7901785714286,39.89,67.34,82.29,21.51,79.87,118.51,174.7,63.16,55.07,117.88,29.59,80.17
1002,08/31/2020,14.8,37.89,18.97,83.93,23.87,10.87,45.34,38.96,5.72916666666667,16.18,46.04,35.46,5.28,12.74,58.47,103.93,19.01,17.01,52.59,20.76,39.94
1003,08/31/2021,19.48,55.53,15.89,96.77,32.33,29.55,67.52,77.14,6.63,19.98,68.75,59.27,11.75,25.69,71.09,149.67,28.04,43.92,66.31,24.69,54.52
1004,08/31/2022,39.11,109.45,30.91,158.06,52.63,70.62,121.3,133.28,8.18,30.13,120.78,100.75,25.59,71,89.46,253.22,38.15,68.23,117.12,34.03,95.59
1005,08/31/2023,43.84,119.03,28.19,161.1,55.09,51.09,128.62,151.78,19.04,38.62,154.5,142.77,26.35,62.79,114.16,237.93,58.96,86.25,129.9,34.53,111.19
1006,09/01/2020,14.94,37.16,18.59,83.08,23.96,10.91,45.21,38.48,5.72172619047619,16.23,45.94,34.97,5.32,12.48,58.79,102.98,18.63,16.97,52.47,20.96,39.43
1007,09/01/2021,19.05,54.65,16.26,95.71,31.19,28.24,66.36,74.16,6.58,19.69,68.81,57.25,11.26,25.08,69.21,147.92,27.98,43.79,63.95,24.65,53.77
1008,09/01/2022,37.92,107.53,30.23,155.54,51.1,68.16,118.71,130.3,8.03,28.94,116.45,96.76,24.92,68.4,86.33,247.8,36.85,67.64,110.64,33.58,93.87
1009,09/01/2023,45.08,122.14,28.46,164.3,56.88,52.92,130.98,154.66,19.55,39.81,157.2,145.96,27.11,64.57,117.17,241.66,60.12,87.53,133.58,34.69,113.52
1010,09/02/2020,14.42,36.38,18.17,83.19,23.53,10.66,43.7,36.32,5.625,16.25,45.89,35.01,5.12,12.4,60.05,100.92,18.77,16.99,52.91,21.28,39.19
1011,09/02/2021,19.85,56.6,17.35,97.71,31.44,29.32,68.36,76.57,6.79,20.46,71.27,57.9,11.72,26.58,69.92,149.85,28.61,45.05,65.2,25.11,55.08
1012,09/02/2022,38.8,110.26,30.11,157.85,53.49,70.34,121.52,133.87,8.33,30.01,120.91,99.13,25.71,68.77,88.46,241.76,38.07,69.62,113.82,33.72,95.59
1013,09/03/2019,21.41,52.04,17.02,116.27,45.17,22.09,74.13,97,18.1994047619048,18.76,63.28,49.64,11.77,42.68,99.47,122.46,31.72,35.18,74.57,23.55,68.56
1014,09/03/2020,14.39,35.99,18.14,82.28,23.53,10.47,43.13,35.77,5.71428571428571,16.12,46.41,34.26,4.99,12.59,59.69,98.38,19.12,16.46,52.33,20.9,39.11
1015,09/03/2021,19.67,56.24,17.81,97.49,30.73,29.17,67.99,75.56,6.63,20.17,69.91,58.24,11.63,25.92,69.62,149.88,28.09,45.05,64.7,24.97,54.87
1016,09/04/2018,43.18,73.11,23.01,118.87,76.19,42.35,117.68,120.32,22.485119047619,39.48,65.68,84.28,21.06,79.27,118.96,171.1,61.92,54.39,120.24,29.2,80.29
1017,09/04/2019,22.04,53.3,17.13,117.25,45.81,22.84,75.57,97.82,18.891369047619,18.76,65.04,50.66,12.11,43.58,99.69,124.18,32.98,36.3,74.78,23.7,69.29
1018,09/04/2020,14.6,35.86,18.33,81.93,22.82,10.55,43.14,35.53,5.8110119047619,15.99,47.15,33.64,4.93,12.25,58.98,99.1,19.31,16.34,51.22,20.69,39.08
1019,09/05/2018,43.92,73,22.48,118.92,73.84,41.71,117.89,117.46,21.8675595238095,37.13,65.41,83.94,21.21,79.14,117.99,169.22,61.02,54.67,116.91,29.47,81.36
1020,09/05/2019,22.67,53.44,17.4,117.64,47.62,23.5,75.6,97.65,19.1517857142857,19,64.99,52.48,12.54,45.09,99.8,128.54,34.06,36.78,76.79,24.07,70.27
1021,09/05/2023,45.32,122.83,28.15,166.46,57.22,53.5,133.39,154.19,20.14,40.7,157.83,147.02,27.16,66.18,116.74,243.03,60.21,86.85,133.12,34.44,113.53
1022,09/06/2018,42.66,70.54,21.91,115.23,72.01,40.63,115.5,114.49,21.2127976190476,36.86,62.97,82.8,20.36,77.57,116.7,164.63,60.21,53.94,116.07,28.5,80.46
1023,09/06/2019,22.35,53.63,17.55,118.26,48.64,23.35,76.44,95.6,18.735119047619,19.09,64.04,52.47,12.45,45.46,100.91,128.87,34.2,37.5,78.13,24.12,70.93
1024,09/06/2022,37.82,108.63,29.16,157.12,53.03,69.54,120.31,134.01,8.39,29.52,119.44,98.46,25.52,66.88,86.76,238.99,37.36,68.05,112.78,33.17,94.95
1025,09/06/2023,44.65,123.07,28.07,166.63,57.25,53.49,133.12,156.1,20.66,40.88,157.81,147.89,27.09,65.57,116.64,241.37,61,85.03,134.03,33.84,114.51
1026,09/07/2018,42.87,70.22,21.84,114.6,70.81,40.47,114.47,112.65,21.3616071428571,36.8,62.63,82.51,20.52,76.65,114.3,162.19,59.7,53.98,115.08,28.58,81.83
1027,09/07/2021,19.53,55.98,17.76,97.06,31,29.06,67.67,74.93,6.61,19.91,70.11,58.57,11.58,25.66,68.74,147.55,27.83,44.42,65.52,24.62,54.55
1028,09/07/2022,36.67,106.76,29.1,155.11,52.8,68.36,117.18,131.57,8.49,28.68,117.96,98.34,24.92,65.43,86.32,234.54,37.06,68.18,112.62,33.29,94.14
1029,09/07/2023,44.37,121.71,27.96,166.64,58.39,52.5,131.55,154.87,20.57,41.08,158.33,150.89,26.7,64.57,118.75,238.95,60.83,85.51,136.25,34.19,113.95
1030,09/08/2020,13.04,34.06,17.88,78.97,21.85,9.62,40.83,31.99,5.38690476190476,14.81,45.7,32.33,4.5,11.06,57.96,94.36,18.38,15.46,48.73,20.48,38.18
1031,09/08/2021,19.04,55.28,18.41,96.39,30.28,28.23,67.18,74.7,6.29,19.35,68.68,57.11,11.19,24.91,66.99,145.3,26.66,44.3,63.7,24.75,54.05
1032,09/08/2022,36.93,108.32,29.12,155.95,52.49,68.91,118.31,132.19,8.62,28.41,118.1,98.45,25.61,64.61,85.93,234.02,38.17,70.14,111.93,32,94.91
1033,09/08/2023,44.26,122.72,28.2,167.21,60.99,52.66,132.73,156.03,21.03,41.28,160.52,155.31,27.31,65.28,122.23,238.82,60.17,85.33,142.06,33.82,115.61
1034,09/09/2019,23.65,54.97,18.4,119.39,50.43,24.63,80,96.54,19.1964285714286,19.95,64.06,53.58,12.9,44.97,102.17,132,36.23,39.31,79.38,24.68,71.49
1035,09/09/2020,13.15,34.46,18.58,80.03,21.46,9.58,41.86,32.19,5.31994047619048,15.06,46.95,31.77,4.54,11.07,57.87,96.6,18.61,15.42,47.75,21.02,37.95
1036,09/09/2021,18.93,55.58,18.53,96,29.94,28.45,67.35,75.66,6.32,19.32,68.58,57.25,11.35,25.07,66.74,150.3,26.62,43.96,63.54,24.14,54.09
1037,09/09/2022,38.09,111.97,29.77,159.97,53.13,68.51,123.36,135.02,9.04,29.66,122.47,100.01,26.35,65.61,88.03,239.62,39.65,71.86,113.32,32.77,96.5
1038,09/10/2018,43.31,71.15,21.86,114.48,71.19,40.51,114.32,112.11,21.4360119047619,36.69,62.55,82.43,20.35,76.88,113.95,163.22,59.98,54.09,115.25,28.52,81.71
1039,09/10/2019,23.7,56.32,18.59,121.85,51.16,24.56,80.1,99.46,19.1294642857143,20.03,63.21,54.48,12.83,46.43,102.96,134.75,37.46,39.13,81.68,24.85,72.07
1040,09/10/2020,12.01,32.92,18.2,78.15,20.55,8.87,38,30.08,5.12648809523809,14.28,43.52,30.27,4.36,10.19,55.36,91.45,17.71,14.9,45.63,20.18,37
1041,09/10/2021,18.69,55.73,18.32,96.07,29.53,28.07,67.14,75.04,6.58,19.53,67.77,56.87,11.27,24.98,66.38,151.08,26.78,43.49,63.41,24.28,53.98
1042,09/11/2018,44.09,71.47,21.94,115.02,71.75,41.49,116.22,116.4,21.9122023809524,37.35,64.38,83.52,20.54,77.12,112.55,166.42,60.32,54.83,115.1,28.57,82.86
1043,09/11/2019,23.99,57.2,19.01,121.28,51.26,24.97,81.03,98.72,18.5565476190476,20.05,64.95,54.11,13.01,46.29,102.47,133.41,37.32,39.46,82.67,24.96,71.93
1044,09/11/2020,11.89,33.11,18.24,77.69,20.95,8.97,39.05,29.62,5.05208333333333,14.27,43.25,31.25,4.47,10.22,57.07,92.07,17.87,14.71,46.39,20.23,36.9
1045,09/11/2023,42.89,120.44,27.75,163.76,61.21,50.78,130.17,152.56,20.98,41.32,157.95,154.07,26.16,63.84,122.34,233.64,60.77,83.83,143.74,33.69,114.16
1046,09/12/2018,45.13,71.97,22.06,115.79,70.65,41.95,116.94,120.51,22.3214285714286,38.14,65.06,84.2,20.56,75.74,112.16,169.97,60.82,55.57,116.31,28.39,83.13
1047,09/12/2019,23.84,56.35,18.65,121.42,50.69,24.56,79.68,96.17,18.6979166666667,19.75,63.48,53.19,12.58,45.4,102.19,130.35,36.9,39.28,83.7,24.29,71.98
1048,09/12/2022,40,114.39,30.69,162.5,53.27,71.19,126.41,137.37,9.07,30.28,126.92,99.94,27.2,66.8,89.56,248.68,40.15,72.72,114.25,33.87,97.61
1049,09/12/2023,44.2,123.08,28.47,166.81,61.31,51.39,134.09,156.31,21.41,42.36,161.25,155.83,27.13,66.43,124.28,236.19,62.1,85.19,146.26,34.16,117.49
1050,09/13/2018,44.54,72.55,22.07,116.3,72.03,40.88,116.62,118.81,22.0907738095238,38.43,65.24,84.09,20.67,76.64,113.02,170.17,61.02,55.52,116.83,28.19,82.32
1051,09/13/2019,24.34,57.34,18.81,121.5,51.38,25.07,79.39,96.73,18.9732142857143,20.27,63.22,53.29,12.7,45.09,102.77,135.43,37.33,39.9,85.53,24.7,72.64
1052,09/13/2021,20.15,57.59,18.98,97.97,30.67,28.92,70.09,77.8,6.86,20.44,71.39,58.61,12.08,26.65,67.26,154.87,28.11,44.74,66.18,24.81,55.37
1053,09/13/2022,39.11,112.33,30.06,159.41,51.82,69.07,122.91,134.71,8.82,29.15,123.7,97.65,26.49,65.34,86.16,242,38.47,69.06,111.33,32.79,95.33
1054,09/13/2023,42.1,122.31,28.31,166.2,60.97,50.65,132.91,155.79,20.79,41.9,160.45,155.48,26.57,66.32,123.17,235.83,60.62,84.77,145.48,34.26,116.44
1055,09/14/2018,45.46,73.5,21.92,117.38,70.39,39.67,117.82,121.73,22.4181547619048,38.63,66.01,84.34,20.88,77.58,113.6,170.43,61.23,55.13,117.13,28.09,82.92
1056,09/14/2020,11.93,33.52,18.61,77.29,21.71,9.12,39.17,31.06,5.02232142857143,14.33,43.84,32.02,4.4,10.17,58.37,93.35,18.03,15.23,47.51,20.85,36.66
1057,09/14/2021,19.35,56.94,18.66,96.2,30.08,28.27,69.52,75.68,6.86,20.07,68.91,57.56,11.73,26.28,65.24,152.95,27.67,44.2,64.7,24.75,54.58
1058,09/14/2022,41.74,117.71,32.23,163.27,52,72.17,126.73,140.17,9.23,30.4,128.09,98.32,27.36,67.2,86,251.7,40.24,72.45,109.59,33.45,97.67
1059,09/14/2023,42.98,124.5,28.55,167.23,60.2,50.93,134.66,157.92,20.79,42.21,164.88,156.19,27.33,67.3,122.97,237.35,61.6,85.74,145.95,34.72,118.52
1060,09/15/2020,11.94,33.8,18.68,76.35,21.69,9.23,38.59,30.5,5.07440476190476,14.44,42.85,31.09,4.34,10.71,58.05,94.63,18.2,15.03,46.56,20.87,36.27
1061,09/15/2021,20.62,59.32,19.98,98.24,31.05,30.33,75.31,81.58,7.26,20.8,72.65,59.57,12.63,27.88,66.03,158.66,29.24,46.71,66.51,25.8,56.42
1062,09/15/2022,41.49,115.56,30.77,160.62,50.86,69.48,122.56,134.63,9.28,29.4,124.95,96.14,26.8,65.09,81.87,244.28,39.63,72.15,105.16,32.83,94.83
1063,09/15/2023,42.46,123.57,27.92,166.5,59.26,49.68,132.18,155.75,20.86,42.11,160.35,153.81,26.88,66.15,121.03,234,60.58,84.66,143.68,34.34,116.7
1064,09/16/2019,28.45,62.53,18.15,124.12,53.78,28.12,85.64,105.04,19.1666666666667,22.49,70.29,52.41,14.17,47.8,104.03,144.24,39.31,43.27,82.39,24.99,73.73
1065,09/16/2020,12.5,35.08,19.3,78.56,22.52,9.76,40.86,32.91,5.45386904761905,15.07,44.2,32.36,4.56,11.64,60.51,97.55,19.18,16.15,49.1,21.42,37.81
1066,09/16/2021,20.49,59.23,19.37,97.32,30.72,30.31,73.97,80.07,7.12,20.59,72.16,59.1,12.32,27.33,65.76,157.03,28.86,46.22,65.46,25.41,55.82
1067,09/16/2022,40.46,113.13,28.74,156.45,49.49,66.82,121.45,132.62,9.04,28.19,121.64,95.65,26.22,64.41,80.73,239.5,38.37,68.74,104.46,31.69,93.21
1068,09/17/2018,45.78,74.24,21.57,117.51,68.92,38.81,117.54,122.69,22.2470238095238,38.71,66.77,83.82,20.87,77.6,112.81,171.11,60.97,54.65,115.46,28.24,83.41
1069,09/17/2019,26.02,61.22,18.35,123.89,53.04,26.68,81.22,100.45,18.2440476190476,21.03,67.8,53.41,13.07,45.15,102.2,139.01,38.17,41.32,84.31,25,73.17
1070,09/17/2020,12.42,36.09,19.41,78.79,22.27,9.95,41.19,33.79,5.50595238095238,14.82,44.25,32.12,4.68,11.86,60.35,97.08,19.08,16,49,21.31,37.8
1071,09/17/2021,20.14,58.92,19.41,96.76,30.69,29.79,74.25,82.62,7.05,20.27,71.34,58.86,12,26.94,66.02,157.05,28.31,45.04,65.6,25.28,55.16
1072,09/18/2018,46.26,75.04,21.71,118.13,69.52,39.33,119.45,124.75,22.9910714285714,39.16,68.52,83.97,21.5,78.88,113.3,173.79,60.99,55.85,115.33,28.09,83.63
1073,09/18/2019,25.43,60.01,18.33,124.18,53.05,26.5,81.32,98.25,18.110119047619,20.81,66.91,53.76,13.03,44.62,102.99,137.77,38.03,41.64,83.6,24.84,72.82
1074,09/18/2020,12.65,35.87,19.39,78.21,21.99,9.78,40.71,33.77,5.52827380952381,14.45,43.02,32.28,4.82,11.65,59.82,95.78,18.73,15.36,48.71,20.74,37.19
1075,09/18/2023,42.71,124.48,27.9,167.22,60.35,49.5,131.88,156.26,21.18,42.64,162.6,156.34,26.9,66.32,122.45,235.28,61.21,85.66,146.28,34.43,117.64
1076,09/19/2018,46.8,75.53,22.26,119.51,65.5,39.87,120.17,128.58,23.0208333333333,40.06,69.42,80.54,21.76,79.38,109.36,174,61.23,56,109.7,28.19,84.63
1077,09/19/2019,25.76,59.97,18.17,123.66,52.78,25.96,81.61,97.33,17.8571428571429,20.92,65.58,53.92,13.04,45.79,103.08,135.93,37.76,40.87,83.55,24.81,72.33
1078,09/19/2022,40.45,112.87,28.94,156.9,50.48,65.9,120.43,130.93,9.32,28.37,120.27,96.3,25.93,64.68,81.93,234.85,38.97,69.36,104.67,32.06,93.2
1079,09/19/2023,42.17,123.16,27.54,167.2,59.08,48.99,129,155.39,20.41,41.43,159.04,152.15,26.75,65.81,120.22,233.93,60.43,85.15,142.66,34.29,117.33
1080,09/20/2018,45.67,75.36,22.9,119.42,65.94,40.11,119.21,126.72,23.2142857142857,40.39,69.38,81.93,21.55,79.23,110.33,171.39,61.57,55.26,110.48,28.25,84.82
1081,09/20/2019,25.8,60.82,18.05,124.32,52.63,26.11,81,96.82,18.1473214285714,20.44,65.67,55.1,13.18,45.7,103.27,134.34,37.3,41.44,82.85,24.71,72.08
1082,09/20/2021,18.91,57.07,19.37,94.78,29.79,28.18,71.53,79.11,6.67,19.6,67.6,57.13,11.48,25.48,64.27,149.36,27.25,44.12,62.97,24.97,53.69
1083,09/20/2022,39.6,112.07,28.92,156.28,52.08,65.12,119.63,130.79,9.16,27.62,119.31,97.2,25.76,64.28,83.22,231.74,38.5,68.52,107.42,31.83,92.44
1084,09/20/2023,41.28,121.17,26.92,166.69,58.52,47.88,125.5,152.89,20.39,41.29,156.28,152.67,26.15,64.25,120.07,228.77,59.79,85.43,142.97,34.29,116.4
1085,09/21/2018,45.96,76.28,23.21,121.13,66.88,40.55,119.46,128.55,23.2142857142857,40.71,70.51,83.37,21.86,79.6,111.66,172.52,61.13,55.33,112.24,27.88,85.17
1086,09/21/2020,12.11,34.36,19.45,76.3,21.21,9.27,38.81,32.08,4.98511904761905,13.22,41.15,31.25,4.56,11.29,55.92,91.92,17.27,14.69,47.36,20.67,36.43
1087,09/21/2021,18.77,59.33,18.98,94.85,30.04,28.49,72.21,80.04,6.67,19.48,67.31,57.84,11.41,25.43,64.34,147.95,26.93,44.74,63.32,24.71,53.64
1088,09/21/2022,38.43,111.09,28.68,155.01,50.51,64.48,118.24,128.8,9.04,27.08,116.92,94.67,25.18,62.68,81.27,228,37.58,66.89,105.53,31.47,90.95
1089,09/21/2023,40.14,119.07,26.1,165.19,59.26,46.41,122.59,151.36,20.42,40.76,150.93,154.77,25.87,62.56,119.94,222.97,58.82,83.07,146.3,33.45,114.76
1090,09/22/2020,12.24,34.3,19.41,75.53,21.1,9.2,38.45,31.61,5.05208333333333,13.33,41.23,31.04,4.47,11.08,55.36,92.52,17.33,14.59,47.42,20.81,35.53
1091,09/22/2021,20.12,62.26,19.36,97.64,31.92,30.44,74.6,84.38,6.83,19.75,70.82,59.91,12.02,26.75,67.01,150.05,27.15,46.02,65.32,25.03,55.21
1092,09/22/2022,37.11,110.06,28.04,154.89,52.26,63.12,118.35,126.54,8.96,26.92,114.4,95.98,24.59,61.88,82.27,226.65,38.23,65.45,107.59,31.16,90.57
1093,09/22/2023,40.22,119.16,26.05,166.28,57.58,46.59,122.62,150.57,20.85,40.63,150.12,153.46,26.16,62.89,118.58,223.07,59.04,84.44,145.27,33.62,114.94
1094,09/23/2019,26.18,60.18,18.12,124.9,53.17,25.83,80.13,98.29,18.2514880952381,20.61,65.51,55.78,13.1,45.5,104.26,133.75,37.33,41.28,84.14,24.61,72.13
1095,09/23/2020,11.1,32.92,18.65,71.95,20.03,8.68,36.38,29.9,4.73958333333333,12.65,39.4,28.73,4.21,10.41,52.63,86.9,16.61,14.01,44.51,19.91,34.39
1096,09/23/2021,21.54,63.71,19.78,100.06,32.34,32.8,76.87,87.86,7.12,20.81,74.7,61.8,12.73,27.96,68.61,157.96,28.88,47.44,67.17,25.47,57.08
1097,09/23/2022,32.87,100.59,26.36,144.77,49.2,57.69,109.12,115.2,8.35,24.58,104.6,91.45,21.9,58.73,75.99,208.99,35,59.75,100.57,29.15,85.75
1098,09/24/2018,47.48,77.06,23.2,122.62,69.59,41.55,123.99,132.86,23.6309523809524,41.06,72.04,85.79,22.34,80.75,113.46,174.85,61.6,55.69,114.96,27.56,86.6
1099,09/24/2019,25.38,59.3,17.94,123.74,52.25,24.72,78.56,94.49,17.8794642857143,19.49,64.32,55.48,12.22,45.47,103.62,130.83,35.56,40.39,83.1,24.29,71.14
1100,09/24/2020,10.9,33.6,18.74,71.8,20.04,8.96,36.65,29.99,4.7172619047619,12.52,39.45,28.62,4.31,10.64,52.85,86.56,16.62,13.96,44.58,19.93,34.32
1101,09/24/2021,21.91,65.02,20.34,100.6,32.31,33.09,78.1,88.72,7.21,21,75.34,61.89,12.85,28.1,68.04,162.03,29.01,47.42,67.63,25.4,57.59
1102,09/25/2018,47.78,78.11,23.24,123.37,70.76,41.41,125.64,134.51,24.2113095238095,41.36,71.64,85.05,22.49,81.31,114.88,177.38,62.53,56.12,116.76,27.26,86.5
1103,09/25/2019,25.52,59.48,17.58,123.51,53.34,24.71,76.77,93.24,18.125,19.44,63.52,60.15,12.32,45.33,105.06,128.16,35.24,39.94,83.66,24.4,71.35
1104,09/25/2020,9.85,33.7,18.12,71.83,20.15,8.82,37.45,29.9,4.50892857142857,12.37,40.48,28.63,4.14,10.22,52.88,85.9,15.92,14.16,43.92,19.98,34.64
1105,09/25/2023,41.02,121.07,26.57,168.71,57.89,47.51,125.65,152.64,21.06,40.98,151.94,154.2,26.61,63.16,120.26,225.54,59.84,85.32,146.54,33.96,116.23
1106,09/26/2018,47.23,77.28,22.46,121.95,71.12,39.68,125.31,131.33,23.9732142857143,41.08,70.44,84.53,22.44,81.01,113.89,174,60.88,55.39,116.52,27.1,85.78
1107,09/26/2019,25.27,57.68,17.17,120.16,53.51,24.41,75.09,90.12,18.0580357142857,19.27,61.68,60.84,11.94,45.35,104.56,126.35,34.54,39.77,83.12,24.13,70.97
1108,09/26/2022,31.84,99.2,25.32,140.96,47.71,55.18,105.18,111.21,8.06,23.31,100.74,89.54,21.09,57.88,74.16,205.41,33.86,57.28,97.89,28.42,83.98
1109,09/26/2023,41.05,120.14,26.34,167.8,56.82,46.95,126.88,153.06,20.72,40.79,152.04,151.02,26.29,63.15,119.42,227.87,59.13,84.35,141.58,33.58,116.41
1110,09/27/2018,47.43,77.52,22.97,122.47,69.77,39.38,127,134.06,23.266369047619,40.59,71.58,83.04,22.73,81.17,112.88,172,61.17,56.39,115.29,27.26,85.77
1111,09/27/2019,25.7,57.9,17.53,118.6,53.58,24.25,74.98,89.99,17.9910714285714,18.73,60.13,62.42,12.2,45.14,103.66,126.32,34.33,39.75,84.44,24.2,71.48
1112,09/27/2021,23.26,66.71,22.06,102.97,33.43,35,81.81,95.48,7.58,22.14,79.12,63.09,13.66,30.19,71.13,168.02,30.19,49.46,70.78,26.04,59.3
1113,09/27/2022,32.68,98.76,25.51,141.02,50.61,56.17,105.45,113.49,8.43,23.76,101.09,92.85,21.39,58.53,76.22,206.78,33.98,58.2,101.17,28.54,85.74
1114,09/27/2023,42.38,123.09,27.14,171.04,57.52,48.84,129.81,157.23,21.29,42.03,158.04,152.43,27.39,65.6,120.8,234.09,60.8,86.59,143.95,34.1,120.2
1115,09/28/2018,47.67,77.4,22.52,122.28,69.9,39.94,127.57,135.19,23.2514880952381,40.53,71.58,79.97,23.28,82.17,112.72,174.19,60.92,56.31,113.75,27.19,85.02
1116,09/28/2020,10.27,33.71,18.07,73.93,20.89,9.8,37.44,31.49,4.73958333333333,12.76,41.03,29.95,4.29,10.34,53.98,88.31,16.45,14.65,44.82,20.4,35.31
1117,09/28/2021,21.69,67.8,21.82,103.36,33.13,35.13,81.73,94.98,7.45,22.39,78.66,62.51,13.76,29.9,70.91,169.54,30.91,49.32,71.17,26.08,59.92
1118,09/28/2022,34.67,103,26.66,145.78,54.25,60.05,111.73,119.4,8.48,24.74,108.3,100.09,22.67,61.41,81.4,215.14,35.44,61.1,108.8,29.41,88.86
1119,09/28/2023,42.23,122.72,27.53,170.59,58.63,48.81,129.47,157.14,20.94,41.79,156.64,154.43,27.41,65.88,123.38,234.19,60.94,87.44,147.18,34.41,119.47
1120,09/29/2020,9.54,32.46,17.64,71.9,20.18,9.57,36.19,31.2,4.62053571428571,12.07,40.69,29.43,4.16,9.99,52.19,86.4,15.6,14.62,43.41,20.26,34.28
1121,09/29/2021,21.27,68.04,22.55,103.33,32.7,35.75,82.57,96.05,7.43,22.16,78.36,61.93,13.79,30.03,69.96,170.3,30.33,49.5,70.31,26.27,59.88
1122,09/29/2022,34.95,103.66,25.97,144.77,53.54,60.97,112.97,120.91,8.43,24.64,109.14,98.7,22.8,62.11,80.63,216.5,35.97,60.8,107.24,28.96,88.68
1123,09/29/2023,41.1,119.8,27.05,168.62,56.93,47.7,126.76,154.88,20.34,40.5,153,151.34,26.75,64.88,120.15,229.55,58.3,85.72,141.71,33.69,117.58
1124,09/30/2019,25.6,56.98,17.57,118.6,53.64,24.06,74.22,89.91,17.9613095238095,18.85,60.48,60.75,12.27,44.47,102.4,125.77,34.17,40.17,85.24,24.06,70.61
1125,09/30/2020,9.47,32.84,17.36,72,19.71,9.46,35.94,30.12,4.69494047619048,12.05,40.93,29.34,4.09,10.01,51.84,85.99,15.56,14.03,43.32,19.65,34.33
1126,09/30/2021,21.43,67.77,21.76,101.45,33.13,35.51,80.27,94.67,7.53,21.62,78.11,61.81,13.67,29.58,70.03,166.51,29.64,49.21,70.57,25.94,58.82
1127,09/30/2022,34.19,102.34,26.12,143.67,53.84,60.13,111.73,120.46,8.46,24.62,108.99,99.33,22.58,61.45,80.72,216.53,35.9,60.34,106.85,28.63,87.31
1128,10/01/2018,48.36,79.89,22.3,124.39,69.56,40.2,129.49,136.8,23.2217261904762,41.05,74.59,82.43,23.86,83.13,114.48,178.22,61.59,57.59,113.88,27.66,85.81
1129,10/01/2019,24.27,55.15,17.58,116.01,53.3,23.14,71.58,85,17.2842261904762,18.58,60.62,60.38,11.79,43.77,101.03,121.73,32.7,39.66,85.22,23.82,68.95
1130,10/01/2020,9.31,32.43,16.85,70.42,18.94,9.1,34.86,29.09,4.66517857142857,11.17,38.98,27.71,3.95,9.68,50.28,84.57,15.01,13.58,40.28,18.78,33.13
1131,10/01/2021,21.8,70.1,22.25,104.33,33.91,36.81,83.91,98.86,7.82,22.28,81.14,63.56,14.24,31.15,72.57,174.68,30.36,50.77,73.62,26.4,60.93
1132,10/02/2018,48.55,78.28,22.85,124.74,68.56,39.86,130,137.05,23.0803571428571,41.71,73.36,83.28,23.51,82.87,114.69,178.19,61.89,57.14,115.52,27.65,86.46
1133,10/02/2019,23.2,53.07,17.13,112.29,51.63,22.03,69.8,83.12,17.016369047619,18.17,59.32,59.2,11.3,42.94,98.24,120.98,31.76,38.9,82.8,23.37,67.15
1134,10/02/2020,9.74,33.07,17.01,71.19,19.6,9.6,34.81,30.47,4.74702380952381,11.31,37.71,28.27,4.12,9.87,51.06,86.54,15.57,14.31,40.73,19.09,32.98
1135,10/02/2023,39.53,117.1,26.32,166.54,56.4,45.65,123.66,150.2,20,39.77,149.12,150.02,25.59,62.3,119.02,224.46,57.94,83.43,138.09,32.93,115.63
1136,10/03/2018,48.88,78.57,23.09,125.31,71.35,40.65,130.38,139.92,23.2068452380952,41.8,73.98,86.39,23.99,82.45,118.47,183.57,62.62,58.38,119.99,27.98,86.15
1137,10/03/2019,23.37,53.66,17.67,113.15,52.79,22.67,70.84,85.89,17.202380952381,18.64,61.79,60,11.66,43.2,98.87,124.69,32.05,39.93,83.54,23.56,67.98
1138,10/03/2022,37.3,109.97,27.36,151.73,55.65,65.33,119.93,129.52,8.93,26.38,116.8,102.79,24.97,64.06,84.58,231.44,38.3,62.98,112.31,29.43,91.92
1139,10/03/2023,39.66,117.6,26.34,166.93,54.15,45.75,124.24,150.89,19.92,40.06,149.5,147.27,25.68,62.46,115.63,223.64,58.61,82.07,133.58,32.97,115.83
1140,10/04/2018,48.48,78.28,23.79,124.95,70.21,40.14,130.23,135.25,22.7901785714286,41.89,72.58,85.27,23.72,82.18,117.7,181.18,62.85,58.31,117.22,27.77,85.58
1141,10/04/2019,22.16,53.5,17.98,113.85,53.58,22.6,70.92,85.42,17.2098214285714,18.55,62.39,60.74,11.56,43.07,100.86,125.45,31.88,40.59,84.52,23.65,68.97
1142,10/04/2021,22.06,71.49,22.77,104.72,34.26,38.76,86.4,103.38,7.91,23.02,82.78,63.02,14.83,31.81,75.71,178.97,30.88,52.07,75.02,27.34,61.72
1143,10/04/2022,39.16,115.62,28.58,157.63,58.24,69.07,125.17,136.3,9.09,28.12,124.09,107.72,26.5,66.17,90.36,243.41,39.12,65.37,117.58,30.71,95.27
1144,10/04/2023,38.01,113.33,25.83,163.04,52.25,43.35,119.36,145.51,19.27,38.27,143.26,141.89,24.4,60.04,110.49,215.32,55.83,79.23,128.67,32.93,111.5
1145,10/05/2018,47.98,78.39,23.91,125.33,69.21,40.04,131.05,136.35,22.4255952380952,42,72.44,84.51,23.41,81.4,118.37,183.38,63,58.51,117.11,27.62,85.34
1146,10/05/2020,9.84,34.28,17.74,72.7,20.03,10.15,36.46,30.87,5,11.93,39.36,29.24,4.23,10.51,52.55,89.32,16.07,15.85,43.07,19.54,33.74
1147,10/05/2021,22.21,71.73,22.65,105.86,34.07,40.08,87.1,104.16,7.92,23.41,84.11,63.25,15.38,32.77,77.35,181.96,30.59,52.22,74.3,27.28,61.62
1148,10/05/2022,40.52,115.93,28.79,158.53,57.72,70.88,126.08,139.37,9.26,29.24,126.91,107.58,27.19,67.74,92.61,251.18,41.57,66.13,118.09,30.46,99.12
1149,10/05/2023,37.73,113.42,26.11,163.9,52.55,42.85,118.46,145.12,19.01,38.06,141.94,142.28,24.24,59.42,109.48,214.96,55.4,80.15,127.48,33.36,108.99
1150,10/06/2020,9.42,33.3,17.61,72.3,20.13,9.73,35.99,29.21,4.85863095238095,11.85,37.97,28.83,4.04,10.13,51.06,88.03,15.67,15.55,42.33,19.33,33.39
1151,10/06/2021,22.1,71.81,22.07,104.93,34.69,38.68,86.57,104.11,7.66,22.99,82.88,62.86,15.09,32,78.39,181.8,29.94,51.88,75.37,27.06,60.49
1152,10/06/2022,42.2,117.65,28.86,161.42,57.34,72.24,127.53,142.33,9.67,29.81,130.38,107.86,28.25,70.5,93.36,256.7,42.49,64.87,119.22,30.11,102.06
1153,10/06/2023,37.59,115.33,26.8,162.23,52.07,43.7,120.68,151.23,19.14,38.69,145.65,143.18,24.59,61.4,109.19,237.43,55.7,81.29,126.53,33.68,107.17
1154,10/07/2019,21.4,54.6,18.17,113.26,52.97,21.89,69.76,83.37,16.9866071428571,18.36,62.7,60.4,11.41,42.18,101.36,124.54,31.8,39.43,83.42,23.48,68.02
1155,10/07/2020,9.57,34.33,18.26,73.78,20.7,9.87,36.71,29.47,4.96279761904762,11.93,37.68,29.21,4.13,10.28,51.93,88.94,15.95,16.17,42.35,19.39,33.5
1156,10/07/2021,22.8,71.51,22.01,105.68,34.27,38.4,85.79,105.12,7.79,23.38,83.61,63.5,15.36,32.48,79.3,184.66,31.02,52.31,75.9,27.64,60.66
1157,10/07/2022,42.52,118.51,29.2,160.03,55.54,72.04,127.45,142.43,9.42,30.41,128.2,106.84,27.94,69.8,92.5,256.88,42.59,63.77,113.78,29.79,101.03
1158,10/08/2018,48,78.28,24.35,124.84,67.61,38.78,129.83,132.88,22.4925595238095,42.01,71.11,83.86,22.88,81.75,118.14,181.84,62.94,57.73,116.18,27.69,86.13
1159,10/08/2019,20.25,53.9,17.69,111.71,52.09,20.91,68.73,80.82,16.6294642857143,18.25,62.12,59.82,11.09,40.83,100.82,123.46,30.71,37.88,83.32,22.91,66.7
1160,10/08/2020,10.14,35.53,18.49,75.22,21.5,10.32,37.67,31.12,5.26785714285714,12.81,38.59,31.12,4.38,11.18,53.64,89.48,16.43,17.1,44.36,19.99,35.26
1161,10/08/2021,24.36,74.92,22.27,108.05,34.69,39.86,90.53,109.9,8.14,23.94,89.15,65.16,16.07,33.63,82.13,193.08,31.66,52.71,78.6,28.32,62.18
1162,10/09/2018,49.3,79.4,24.41,126.82,68.64,39.51,132.35,135.13,22.983630952381,42.14,72.57,83.76,22.93,82.23,117.68,187.92,63.11,58.02,115.66,27.63,86.51
1163,10/09/2019,20.53,54.94,17.34,113.14,52.26,21.07,68.59,81.55,16.8303571428571,18.27,64.35,60.56,11.19,40.84,102.71,126.51,30.9,38.14,85.07,22.72,67.44
1164,10/09/2020,9.67,35.13,18.93,74,20.87,10.07,37.56,30.69,5.26041666666667,12.58,38.06,30.12,4.26,10.82,53.04,88.07,16.23,16.77,43.64,19.42,34.74
1165,10/09/2023,39.17,121.82,28.15,166.72,52.99,46.1,127.24,156.47,20.07,41.31,153.38,146.57,26.22,64.18,111.21,235.62,58.24,83.14,126.95,34.36,110.92
1166,10/10/2018,46.4,75.09,24,122.6,65.88,37.3,126.47,129.28,22.5967261904762,40.64,67.19,80.65,21.16,77.92,113.05,179.3,60.82,56.83,110.84,27.2,84.52
1167,10/10/2019,20.43,55.88,17.51,114.59,53.17,20.83,68.91,82.54,17.0535714285714,18.43,65.91,61.93,11.4,41.03,106.6,129.35,31.07,38.71,85.8,22.74,68.25
1168,10/10/2022,41.17,116.8,28.47,157.14,54.94,70.35,123.7,140.31,9.2,29.55,126.78,106.06,27.52,65.63,91.11,249.6,42.13,63.36,110.86,29.35,98.84
1169,10/10/2023,38.89,120.39,28.09,166.54,54.26,46.07,126.71,156.38,20,41.15,153.65,148.91,26.23,63.98,112.39,237.41,58.62,83.2,130.21,34.42,110.45
1170,10/11/2018,44.63,72.79,23.19,118.43,66.04,36.04,121.62,124.63,22.1949404761905,39.75,65.5,78.73,19.96,76.53,109.46,171.66,59.12,55.29,106.89,26.59,81.6
1171,10/11/2019,21.42,56.43,17.56,116.15,53.88,21.26,69.25,83.64,17.4627976190476,18.95,66.77,63.42,11.74,41.12,106.53,132.51,32.48,39.46,88,23.09,68.98
1172,10/11/2021,24.42,73.97,21.52,107.13,34.44,39.45,90.16,110.73,7.89,24.68,89.85,64.56,15.95,33.39,82.04,193.06,32.46,53.02,77.8,28.63,61.56
1173,10/11/2022,40.48,115.58,28.8,157.17,54.4,68.57,122.7,139.37,9.33,29.56,124.16,103.43,27.04,64.03,90.34,246.13,41.76,65.85,109.69,29.75,98
1174,10/11/2023,38.93,120.04,28.25,161.1,54.09,46.75,127.37,158.85,20.1,41.64,154.98,148.52,26.49,63.35,112.13,240.82,58.76,85.5,129.6,34.69,106.49
1175,10/12/2018,45.13,73.83,23.38,117.77,66.47,36.63,122.18,126.12,22.3958333333333,39.6,66.16,80.08,20.52,76.96,109.46,173.54,59.33,55.42,108.25,26.68,81.38
1176,10/12/2020,9.31,35.59,19.57,74.51,20.77,9.86,38.21,31.2,5.26041666666667,12.73,38.64,30.49,4.29,10.81,53.46,88.68,16.12,16.8,43.09,19.45,34.63
1177,10/12/2021,24.74,73.41,21.45,107.15,35.16,39.25,90.12,110,7.66,24.49,90.05,64.74,15.88,33.01,82.63,191.36,32.88,53.77,78.92,28.93,61.24
1178,10/12/2022,40.75,116.3,29.8,157.64,55.56,69.4,123.46,141.17,9.25,29.8,125.65,104.96,27.44,65.11,92.94,246.89,42.02,64.84,115.2,29.36,98.43
1179,10/12/2023,39.22,121.11,28.57,161.23,53.45,46.69,128.96,162.36,20.02,41.73,156.35,147.59,26.8,63.22,110.75,240.36,58.37,85.52,126.23,34.8,106.47
1180,10/13/2020,9.14,34.88,19.3,73.4,19.85,9.5,38.64,30.41,5.05952380952381,12.54,38.65,29.38,4.23,10.52,51.27,88.15,15.73,16.88,41.43,19.42,34.22
1181,10/13/2021,24.61,73.23,20.9,107.79,35.22,38.99,90.41,108.19,7.71,24.49,89.24,65.26,15.79,32.28,81.87,190.76,32.76,54.23,78.14,28.93,61.07
1182,10/13/2022,41.86,122.74,30.46,165.28,57.98,72.25,127.34,145.28,9.89,31.11,129.1,109.07,28.33,68,96.9,253.45,44.19,68.38,120.86,30.41,101.87
1183,10/13/2023,41.25,124.86,29.09,164.06,53.59,48.39,133.84,166.57,20.52,42.43,160.98,148.2,28.07,64.37,110.6,248.29,58.96,87.22,126.05,35.19,109.87
1184,10/14/2019,21.94,56.13,17.59,116.18,53.67,20.95,68.19,83.96,17.3065476190476,18.76,67.19,63.14,11.78,40.51,106.65,129.89,32.57,38.45,88.53,23.12,69.18
1185,10/14/2020,9.2,34.53,19.19,72.95,20.51,9.32,37.62,30.49,5.13392857142857,12.72,38.59,29.91,4.2,10.45,52.08,90.09,15.95,17.33,41.71,19.68,34.15
1186,10/14/2021,26.22,73.85,20.75,108.81,36.81,39.78,90.57,108.83,7.8,24.8,89.94,66.68,16.14,31.99,82.16,191.25,33.52,55.21,79.17,29.37,62
1187,10/14/2022,39.93,117.96,28.42,160.14,56.22,68.02,120.57,139.36,9.36,29.41,122.59,104.1,27.05,66.68,94.1,239.89,42.16,64.96,114.12,29.41,99.19
1188,10/15/2018,44.57,73.27,23.9,116.94,64.66,36.11,122.57,127.93,22.3809523809524,39.8,65.64,77.79,20.84,72.24,107.21,173.29,59.55,55.36,103.79,26.77,80.82
1189,10/15/2019,22.18,55.95,17.99,116.31,54.69,20.97,69.25,84.84,17.2842261904762,18.7,66.13,64.05,11.84,40.8,107.3,130.41,32.81,38.86,89.45,23.15,69.42
1190,10/15/2020,9.76,35.4,19.47,73.51,21.19,9.42,38.08,30.63,5.26041666666667,13.07,39.32,30.54,4.27,10.61,52.51,92.22,16.42,17.27,41.56,19.71,34.45
1191,10/15/2021,26.37,74.14,20.34,109.61,36.44,40.1,89.62,108.28,7.9,26.01,90.15,66.8,16.18,31.66,81.22,190.09,34,55.71,78.66,29.55,62.59
1192,10/16/2018,44.51,73.8,23.9,117.51,67.27,37.08,122.26,130.82,22.514880952381,40.08,65.8,80.07,21.18,73.12,109.86,173.56,59.68,56.65,105.91,26.94,81.2
1193,10/16/2019,21.76,54.61,17.85,115.11,53.64,20.65,68.18,83.43,17.1577380952381,18.3,65.23,62.69,11.62,40.34,106.26,128.41,31.95,38.93,89.09,22.81,68.23
1194,10/16/2020,9.37,33.77,19.1,72.89,20.16,8.95,37.42,29.29,5.11904761904762,12.25,38.06,29.37,4.07,10.09,50.58,90.26,14.97,16.55,40.22,19.27,34.1
1195,10/16/2023,42.19,125.31,29.21,165.4,54.99,49.4,134.03,167.41,20.44,42.36,161.41,150.75,28.45,65.37,111.78,248.76,59.45,87.93,129.2,35.73,109.95
1196,10/17/2018,43.28,72.48,23.8,117.29,66.78,36,120.14,129.51,22.1354166666667,39.56,64.78,79.15,20.89,72.92,108.78,170.18,59.24,56.57,103.74,26.88,81.5
1197,10/17/2019,22.12,54.53,17.9,115.35,55.1,20.38,66.77,84.04,17.1130952380952,18.51,65.16,64.1,11.55,40.33,107.21,127.7,31.89,38.98,90.1,22.8,68.14
1198,10/17/2022,40.1,118.36,28.92,161.31,56.39,69.8,120.9,139.46,9.46,29.99,124.91,105.37,27.14,67.36,95.46,244.05,42.86,66.08,115.5,29.96,100.62
1199,10/17/2023,42.43,125.46,29.4,167.59,55.75,49.93,134.3,168.47,20.83,43.04,164.02,151.34,28.63,65.53,113.91,251.84,60.24,87.85,130.72,35.9,111.39
1200,10/18/2018,42.33,72.59,23.59,117.47,67.95,35.1,118.55,126.96,21.8973214285714,38,64.11,78.82,20.55,71.9,109.12,167.9,58.43,56.48,103.39,26.65,81.85
1201,10/18/2019,22.44,53.95,17.95,114.74,54.8,19.8,64.44,81.97,17.0386904761905,18.43,64.95,65.14,11.3,40.45,107.2,123.36,32.31,39.37,91.06,22.91,67.61
1202,10/18/2021,26.93,74.5,20.4,109.56,36.71,40.52,89.31,109.26,7.72,26.01,89.15,66.4,16.43,32.93,80.87,189.93,34.16,56.36,78.13,29.29,62.56
1203,10/18/2022,39.82,117.89,29.44,162.72,58.05,69.77,123.99,141.85,9.5,30.46,125.86,108.16,27.56,67.78,96.11,244.54,43.36,67.14,117.7,30.44,100.8
1204,10/18/2023,42.99,126.59,29.71,168.92,57.28,50.08,135.76,169.92,20.86,43.13,164.97,153.99,28.85,66.5,116.25,255.23,60.59,87.51,134.03,35.65,112.95
1205,10/19/2018,42.1,72.49,23.97,118.14,63.17,34.94,117.67,127.1,21.8303571428571,37.54,63.56,73.92,20.67,72.18,102.77,166.78,58.47,56.56,92.76,26.74,81.97
1206,10/19/2020,9.06,32.7,19.08,71.28,19.47,8.86,36.19,28.04,5.17857142857143,12.17,36.6,28.25,3.98,9.82,48.95,87.05,15.01,16.02,39.29,19.29,33.42
1207,10/19/2021,26.86,75.32,20.86,111.7,37.53,40.3,90.16,110.94,7.78,26.1,90.1,66.83,16.39,32.94,82.78,190.89,34.54,56.2,80.15,29,63.5
1208,10/19/2022,41.91,121.11,30.12,168,59.74,71.94,130.07,146.03,9.93,31.96,129,108.87,28.35,68.46,97.95,250.55,45.47,67.12,123.96,30.88,103.79
1209,10/19/2023,43.3,126.38,29.6,169.1,56.69,49.25,136.23,168.92,20.69,43.26,166.08,152.84,29.19,66.46,115.19,255.33,59.97,87.71,132.42,35.57,113.02
1210,10/20/2020,9.61,32.58,19.27,71.68,19.6,8.97,36.28,28.45,5.41666666666667,12.74,37.85,29.24,4.15,10.07,49.59,83.53,15.49,16.77,40.7,19.69,33.7
1211,10/20/2021,27.45,76.02,21.41,113.16,37.39,40.91,93.1,111.15,8.09,26.46,89.56,67.21,16.49,33.36,83.32,192.05,34.74,56.77,81.04,29.16,63.85
1212,10/20/2022,41.51,121.81,29.69,168.96,59.24,71.68,131.59,146.59,10.37,31.66,130.15,109.34,28.23,68.85,97.74,254.02,45.69,65.77,124.44,30.9,103.93
1213,10/20/2023,42.16,124.06,28.93,166.83,56.16,48.32,133.23,166.48,20.58,42.11,163.02,150.86,28.49,65.18,113.54,250.93,58.21,86.69,131.18,34.92,111.08
1214,10/21/2019,22.77,55.96,18.25,116.61,55.25,20.24,67.66,82.74,17.2991071428571,19.61,65.91,64.67,11.53,40.82,108.2,125.39,33.59,39.38,93.21,23.04,68.74
1215,10/21/2020,9.1,30.64,19.18,70.87,19.15,8.63,35.12,27.71,5.36458333333333,12.67,37.19,28.82,4.1,9.66,48.72,78.44,15.01,16.49,40.54,19.3,33.16
1216,10/21/2021,27.01,74.59,20.78,111.74,36.57,39.7,90.9,108.93,7.43,25.35,87.51,67.03,16.18,32.8,82.73,188.68,34.3,55.7,82,28.52,62.69
1217,10/21/2022,43.19,124.49,29.67,173.19,59.27,74.29,135,152.32,10.8,33.88,135.58,111.38,29.15,71.26,100.44,264.35,50.41,67.79,127.74,31.52,105.86
1218,10/22/2018,41.29,72.05,23.16,117.21,64.8,34.87,116.25,124.56,21.3764880952381,36.4,62.94,74.13,20.46,72.29,103.15,163.02,56.81,56.24,92.85,26.28,81.15
1219,10/22/2019,22.95,56.54,18.52,117.8,55.55,20.67,69.57,85.69,17.4925595238095,19.9,67.55,65.18,11.73,42.22,108.77,130.42,34.82,40.09,94.17,23.21,69.09
1220,10/22/2020,9.44,31.91,20.17,73.4,19.93,9.34,36.93,29.17,5.10416666666667,13.04,39.25,29.51,4.37,10.17,50.01,83,15.3,17.18,41.28,20.31,34.86
1221,10/22/2021,27.68,75.72,21.29,112.8,36.54,40.44,92,109.33,7.71,25.89,88.64,67.52,16.58,33.93,82.89,191.62,33.91,56.21,80.99,28.65,63.12
1222,10/23/2018,39.78,69.22,22.74,113.4,64.41,33.73,111.12,119.11,20.9598214285714,35.6,61.43,72.09,19.48,70.64,99.8,158.98,55.09,54,91.66,25.9,79.84
1223,10/23/2019,23.54,56.25,18.52,117.98,55.63,21.3,71.94,87.16,17.4404761904762,20.21,66.62,65.87,12.01,42.92,109,130.6,35.33,40.56,93.85,23.46,69.75
1224,10/23/2020,9.28,32.54,19.68,72.57,20.39,9.36,37.51,29.03,4.81398809523809,13.31,39.37,29.89,4.44,10.02,50.48,85.54,15.4,17.11,41.97,19.96,34.16
1225,10/23/2023,41.19,121.34,28.4,160.68,55.55,47.71,131.64,165.32,20.65,41.65,161.3,149.45,28.17,62.82,113.05,247.26,58.84,86.4,130.73,34.84,109.45
1226,10/24/2018,37.97,65.69,21.18,110.21,61.01,32.13,106.14,112.9,20.2678571428571,34.23,58.16,68.06,18.35,68.23,95.3,149.98,53.01,51.5,86.69,25.26,77.62
1227,10/24/2019,23.23,56.16,18.46,117.58,56.04,21.46,71.97,86.91,15.3869047619048,19.91,66.87,66.35,11.94,42.29,110.63,129.27,35.11,40.74,96.91,23.22,69.09
1228,10/24/2022,43.76,125.14,30.28,173.13,58.94,75.24,134.66,153.26,10.61,34.58,136.26,111.46,29.47,70.83,100.4,268.62,52.15,66.27,129.22,31.1,106.6
1229,10/24/2023,41,119.95,28.36,156.65,54.61,47.47,129.94,163.26,20.43,40.23,155.22,148.63,28.16,62.53,111.93,244.95,57,85.49,128.8,34.46,108.39
1230,10/25/2018,38.15,68.02,21.4,111.58,63.15,32.85,107.12,114.24,20.1041666666667,34.74,58.99,69.96,18.79,68.65,98.49,153.61,53.3,52.45,87.38,25.02,78.31
1231,10/25/2019,22.07,56.35,18.81,118.67,57.42,21.47,72.48,87.46,15.8928571428571,20.48,66.78,68.01,11.98,42.53,114.42,129.83,35.09,40.87,99.27,23.24,69.25
1232,10/25/2021,28.22,76.52,22.56,113.85,37.18,40.66,94.04,109.41,7.75,26.22,88.5,68.2,16.78,35.22,83.73,192.69,34.36,56.79,82.69,28.8,64.35
1233,10/25/2022,45.2,123.94,30.15,174.93,59.84,75.51,132,153.36,10.68,34.98,135.75,111.44,29.65,71.09,100.22,264.83,52.47,66.72,126.8,31.85,105.88
1234,10/25/2023,41.02,120.41,28.23,155.87,53.81,47.85,129.73,164.68,19.93,40.38,154.4,147.35,28.12,63.27,110.74,245.16,56.62,85.35,126.86,34.46,108.59
1235,10/26/2018,37.39,68.48,22.92,111.53,61.99,32.38,106.56,113.76,19.6056547619048,35.14,58.11,68.86,18.69,67.91,99.45,149.66,52.9,51.44,85.79,24.32,77.53
1236,10/26/2020,8.56,30.32,19.34,70.94,19.38,8.81,34.93,27.53,4.53869047619048,12.79,37.43,28.6,4.13,9.46,48.14,82.8,15.17,16.06,39.54,19.2,33.35
1237,10/26/2021,28.15,77.03,22.47,114.1,36.23,41.51,95,111.69,7.85,26.16,89.17,68.47,16.85,35.36,82.22,191.91,34.26,56.19,81.88,28.59,65.84
1238,10/26/2022,46.08,126.57,30.27,177.09,60.03,76.92,134.3,155.38,10.92,36.48,142.29,113.12,30.18,72.52,102.26,265.49,52.18,67.31,126.74,32.15,107.14
1239,10/26/2023,40.42,118.31,27.92,154.75,54.12,47.17,127.94,161.72,21.73,39.45,153.18,148.06,27.7,63.27,110.1,243.06,55.87,85.71,125.36,34.58,107.6
1240,10/27/2020,8.35,30.26,19.09,69.51,18.57,8.69,34.58,26.57,4.24107142857143,12.51,37.4,28.19,4.13,9.27,47.07,83.78,15.09,16.35,38.26,19.42,32.82
1241,10/27/2021,26.9,74.43,22.11,112.07,34.18,39.61,93.04,107.58,7.5,25.12,84.68,66.15,16.2,33.3,77.35,188.63,32.54,54.82,78.67,28.3,64.13
1242,10/27/2022,45.73,126.64,30.14,177.9,61.44,76.56,134.37,153.35,10.41,36.27,141.75,113.65,30.52,71.87,103.56,265.84,51.68,67.9,128.27,32.5,107.55
1243,10/27/2023,40.13,117.8,27.7,144.35,53.38,46.77,125.99,160.05,21.6,39.6,143.29,146,27.48,62.23,110.93,238.79,55.83,84.39,123.56,34.05,105.55
1244,10/28/2019,21.73,55.68,18.11,118.48,58.25,21.05,71.05,86.6,15.5729166666667,20.3,66.57,67.58,11.94,42.28,117.25,125.55,35.02,41.05,100.07,22.97,68.64
1245,10/28/2020,7.79,28.79,18.17,66.88,17.23,8.1,32.51,24.6,3.97321428571429,11.42,36.12,27.5,3.85,8.88,44.22,80.33,14.18,15.76,36.19,18.86,31.57
1246,10/28/2021,27.08,75.15,21.88,113.12,33.98,40.5,93.81,109.01,7.58,25.61,83.64,66.67,16.45,33.83,76.75,189.87,33.3,55.24,78.46,28.42,64.31
1247,10/28/2022,45.44,127.17,30.1,179.98,61.5,76.01,133.69,153.82,10.18,35.95,140.47,113.57,30.16,71.84,104.2,257.31,50.45,67.16,125.98,32.67,110.7
1248,10/29/2018,36.18,67.35,22.96,108.93,62.15,30.98,102.04,108.17,19.2559523809524,34.42,56.16,67.23,18.15,66.46,98.52,143.08,51.45,51.02,87.38,24.03,77.05
1249,10/29/2019,22.05,57.09,18.96,118.13,58,21.4,71.81,87.92,15.0818452380952,20.38,67.8,68.02,12.01,42.33,118.96,127.12,34.79,41.08,100.82,23.22,68.44
1250,10/29/2020,8.19,29.16,18.39,68.8,17.79,8.45,33.97,25.54,3.99553571428571,11.62,37.18,28.83,3.99,9.13,45.98,81.42,14.45,16.01,37.53,19.1,32.97
1251,10/29/2021,26.21,74.49,21.32,114.49,33.8,40.08,92.46,107.19,7.37,24.99,82.57,65.93,16.32,33.53,74.78,186.98,32.26,54.67,77.33,28.09,64.47
1252,10/30/2018,37.45,69.52,24.27,110.85,63.26,32.32,105.51,109.88,19.4642857142857,35.06,57.08,68.8,18.68,67.55,102.06,145.78,52.32,50.05,90.1,24.2,78.78
1253,10/30/2019,21.36,55.04,18.49,116.36,56.87,20.25,69.62,84.38,14.6800595238095,19.44,64.76,66.19,11.56,41.36,116.45,122.55,33.1,40.23,98.81,22.89,67.72
1254,10/30/2020,8.3,28.62,17.79,69.5,18.51,8.93,34.24,25.96,4.11458333333333,12.06,37.22,29.5,3.96,9.13,46.66,79.56,14.94,16.05,38.61,19.19,32.62
1255,10/30/2023,39.68,118.14,27.33,146.09,53.35,46.17,125.45,158.43,21.4,39.42,145.17,146.86,27.16,61.67,112.44,238.91,56.4,83.6,124.24,34.23,105.88
1256,10/31/2018,37.83,69.9,24.23,111.65,67.44,32.4,105.34,112.36,19.5684523809524,34.68,57.4,70.45,18.99,67.07,102.82,147.27,51.31,51.67,91.09,24.33,79.68
1257,10/31/2019,21.66,55.2,18.64,116.14,54.94,20.28,69.31,85.76,14.6800595238095,19.25,65.75,63.95,11.53,40.5,116.82,123.02,32.69,38.88,96.98,22.31,67.57
1258,10/31/2022,45.46,126.09,31.13,180.9,61.17,77.35,136.52,157.11,10.59,36.42,141.08,113.62,30.45,72.6,104.29,256.41,52.03,68.37,125.55,32.73,110.81
1259,10/31/2023,39.72,118.8,27.5,145.73,55.38,46.57,126.25,160.32,21.52,39.34,144.4,151.25,27.31,61.81,114.07,239,55.66,83.61,127,34.4,105.85
1260,11/01/2018,36.39,69.58,24.35,111.17,67.26,32.86,106.89,115.45,19.7321428571429,34.77,57.84,71.08,18.61,68.35,102.5,149.58,51.66,52.6,92.51,25.75,80.67
1261,11/01/2019,23.81,57.15,18.43,116.21,54.34,21.17,71.15,86.79,15.2604166666667,20.09,68.91,66.47,12.05,42.29,118.4,127.56,34.44,40.11,99.86,22.89,69.6
1262,11/01/2021,27.17,74.59,21.59,114.53,34.21,41.99,93.46,111.61,7.71,25.58,84.59,67.26,17.03,34.81,78.14,189.89,33.3,55.85,78.02,28.54,65.63
1263,11/01/2022,45.79,127.78,30.75,182.22,62.04,77.3,136.31,158.63,10.68,36.5,143.3,119.2,30.93,73.8,107.38,252.93,51.55,68.5,130,33.44,111.91
1264,11/01/2023,39.61,116.67,27.55,143.98,55.77,46.21,124.22,159.41,21.88,39.42,142.25,155.21,27.11,61.36,116.09,237.87,55.86,84.15,127.73,34.72,105.64
1265,11/02/2018,35.94,67.84,24.55,114.73,66.49,32.28,102.35,114.32,19.7172619047619,34.9,56.35,69.49,18.21,68.31,99.01,146.9,51.4,51.3,91.83,25.58,81.95
1266,11/02/2020,8.89,30.23,17.42,72.15,19.22,9.43,35.15,27.71,4.43452380952381,12.8,38.04,31.3,4.15,9.65,47.96,82.8,15.58,16.07,39.9,18.77,33.99
1267,11/02/2021,27.29,73.03,21.45,113.83,33.8,41.98,92.82,114.45,7.57,25.38,82.3,64.64,16.92,34.36,77.55,189.74,33.2,55.6,75.86,28.39,64.82
1268,11/02/2022,44.24,126.51,30.68,178.5,60.95,67.44,135.59,154.83,10.51,35.79,140.4,114.73,29.76,71.1,103.24,252.92,51.14,67,125.83,33.04,109.61
1269,11/02/2023,39.69,122.02,28.07,148.76,57.75,47.27,128.65,163.24,22.44,40.59,147.76,155.77,28.02,63.27,118.12,245.84,57.36,90.25,128.96,35.79,109.11
1270,11/03/2020,8.73,29.31,16.8,71.74,19.05,9.64,35.02,28.12,4.48660714285714,12.99,36.91,31.91,4.14,9.69,47.52,82.2,15.76,16.59,39.48,18.98,33.41
1271,11/03/2021,27.63,72.74,22.09,113.01,33.9,41.97,90.95,111.81,7.34,24.72,81.62,63.68,16.49,33.85,78.94,189.83,32.98,54.98,75.88,28.3,63.93
1272,11/03/2022,47.29,133.82,30.61,181.13,63.18,70.73,138.38,158.53,11.44,36.86,142.1,118.2,31.42,72.16,103.12,255.64,51.8,69.69,129.71,33.15,111.1
1273,11/03/2023,39.96,119.75,28.04,147.61,56.28,47.34,128.16,162.1,22.25,40.29,146.26,150.78,27.46,63.01,116.79,243.69,56.87,88.12,126.43,36.08,107.78
1274,11/04/2019,24.52,58,18.75,121.57,54.32,22.57,73.69,90.36,15.6026785714286,21.07,69.24,67.94,12.52,44.23,118.54,136.06,36.24,40.95,101.24,23.33,71.67
1275,11/04/2020,8.99,30.38,16.01,71.77,18.73,9.81,36.04,27.12,4.46428571428571,12.71,37.22,31.7,4.27,9.81,47.92,83.5,15.97,16.72,38.97,19.09,33.23
1276,11/04/2021,29.08,73.31,21.75,113.51,32.42,42.36,90.9,112.76,7.38,24.52,82.13,63.57,16.57,33.75,76.88,185.82,33.15,55.98,76.35,28.28,64.41
1277,11/04/2022,48.99,132.32,28.93,183.42,63.09,71.48,142.23,161.37,11.66,38.48,146.53,117.65,32.03,73.27,103.48,255.06,53.1,70.37,128.72,33.54,112.31
1278,11/05/2018,37.58,69.03,25.99,118.94,65.19,33.1,106.35,115.99,19.8511904761905,35.75,58.64,69.76,18.69,69.95,100.52,148.28,51.96,51.91,91.15,25.72,81.64
1279,11/05/2019,23.96,58.51,18.11,121.94,55.89,22.98,74.01,90.23,15.6919642857143,21.05,69.7,66.44,12.64,41.91,118.92,135.86,36.72,40.61,101.09,22.95,73.09
1280,11/05/2020,8.97,30.12,16.45,72.14,18.67,10.05,35.6,26.2,4.49404761904762,12.57,37,31.83,4.29,10.47,48.19,79.58,15.52,17.74,39.53,19.11,33.17
1281,11/05/2021,29.9,75.45,21.58,114.74,32.97,43.58,95.12,113.79,7.41,24.69,82.55,65.81,17.07,33.42,77.77,185.3,33.51,56.68,77.92,28.56,65.02
1282,11/06/2018,37.34,69.5,25.79,118.9,65.5,32.93,107.33,113.37,19.8883928571429,35.77,58.66,68.37,18.33,73.34,100.88,148.52,52.08,51.65,91.28,25.74,81.99
1283,11/06/2019,23.62,57.63,18.38,119.9,53.42,22.08,71.42,77.2,15.2752976190476,20.6,68.66,64.28,12.18,39.61,118.42,133.57,35.56,39.47,100.35,22.24,71.49
1284,11/06/2020,8.54,29.19,16.44,71.15,17.57,9.77,34.58,24.74,4.32291666666667,12.28,36.49,31.58,4.13,10.01,46.68,77.34,15.22,16.95,38.17,18.26,32.78
1285,11/06/2023,39.3,118.47,27.44,147,55.8,46.72,126.42,160.14,21.99,39.52,145.74,149.92,26.61,61.75,116.85,239.07,56.48,87.54,125.82,35.75,105.87
1286,11/07/2018,37.81,70.03,25.47,120.87,68.13,33.86,109.15,115.87,19.9032738095238,36.41,60.88,69.82,18.51,73.72,103.12,161.71,52.32,52.97,92.59,26.48,83.03
1287,11/07/2019,24.08,59.54,18.36,121.89,54.74,22.68,74.74,75.56,15.2604166666667,20.96,70.73,66.25,12.56,39.03,119.57,136.57,36.08,39.82,101.4,22.13,73.01
1288,11/07/2022,49.5,134.94,29.51,185.61,63.47,72.04,145.94,163.49,12.15,39.54,148.74,119.5,33.03,75.97,105.43,257.91,54.81,71.34,131.78,33.84,113.64
1289,11/07/2023,38.08,115.25,27.45,144.41,54.19,45.29,122.64,158.79,21.1,37.95,142.95,146.16,25.53,60.2,113.86,234.97,53.33,85.52,123.05,35.3,104.21
1290,11/08/2018,36.02,66.91,25.23,119.36,65.74,32.72,104.85,110.65,19.3452380952381,35.37,59.23,67.7,18.05,72.63,98.67,156.51,51.58,52.24,88.7,25.55,81.71
1291,11/08/2019,24.43,59.16,18.37,120.93,54.14,22.91,74.7,75.43,15.327380952381,21.28,71.85,66.23,12.53,40.1,119.7,134.99,36.34,39.9,100.86,22.09,70.77
1292,11/08/2021,30.66,75.93,21.66,115.15,33.54,44.12,96.99,115.71,7.52,25.12,86.41,65.67,17.22,34.29,77.99,186.45,34.3,57.83,77.78,28.48,65.72
1293,11/08/2022,49.04,134.44,29.13,185.34,62.64,71.99,148.26,163.55,12.21,39.37,148.29,119.1,32.73,74.83,105.11,259.25,54.69,72.19,132.25,33.96,114
1294,11/08/2023,36.71,114.45,26.88,142.4,53.25,44.18,121.21,155.97,20.82,37.79,140.77,143.5,24.85,61.15,111.81,231.69,52.93,83.38,121.58,35.12,102.93
1295,11/09/2018,37.08,66.73,25.61,119.51,64.7,33.01,105.51,113.85,19.0848214285714,34.98,59.15,67.18,17.84,73.55,99.74,159.82,50.4,50.55,87.58,25.33,80.87
1296,11/09/2020,9.75,33.38,16.65,79.4,22.56,11.33,40.31,32.4,5.39434523809524,14.38,43.39,36.47,5.09,12.23,57.03,88.37,18.25,19.57,50.08,19.35,36.93
1297,11/09/2021,30.01,75.75,21.36,116,33.96,43.99,97.11,112.99,7.41,25.08,86.3,67.13,17.26,33.74,79.17,187.34,34.14,57.24,78.25,28.53,66.36
1298,11/09/2022,45.55,125.26,26.74,177.93,60.56,66.76,139.62,157.55,11.54,36.81,137.71,115.86,30.63,67.93,104.09,241.74,53.07,68.31,128,32.67,108.9
1299,11/09/2023,36.36,114.15,26.8,141.94,52.5,44.14,121.3,155.58,20.9,37.8,140.2,141.8,24.8,60.58,110.63,231.85,52.74,83.69,119.92,34.84,102.96
1300,11/10/2020,9.99,35.53,17.19,83.07,21.65,11.76,42.19,33.73,5.41666666666667,14.38,44.79,37.64,5.07,12.38,58.14,91.75,18.31,20.24,49.96,19.99,36.86
1301,11/10/2021,28.73,73,20.27,114.15,33.5,42.33,94.29,107.16,7.02,23.83,81.8,65.52,16.6,31.82,77.53,182.28,32.73,54.83,76.86,28.15,64.19
1302,11/10/2022,47,129.46,27.53,181.3,61.84,68.98,142.31,160.28,11.63,37.81,139.84,119.18,31.6,70.48,106.24,245.45,53.1,71.59,132.45,33.62,110.5
1303,11/10/2023,36.92,115.61,26.97,142.95,53.8,45.62,122.7,157.71,21.55,38.29,141.59,145.13,25.09,60.98,113.44,233.56,53.3,84.56,122.67,34.88,103.75
1304,11/11/2019,23.85,58.91,17.74,120.81,54.13,22.53,73.82,76.78,15.297619047619,21.25,72.8,65.71,12.16,38.88,118.41,133.64,36.41,39.2,100.68,22.08,70.34
1305,11/11/2020,9.95,35.28,17.28,82.46,21.3,11.66,41.91,32.85,5.22321428571428,14.18,44,37.19,5.07,11.9,58.98,90.64,17.71,20.24,49.79,20.02,36.48
1306,11/11/2021,29.41,72.14,20.85,114.16,33.7,42.72,94.92,108.77,7.05,23.72,81.32,66,16.73,32.12,77.87,183,32.78,55.25,77.22,28.89,64.31
1307,11/11/2022,48.76,133.96,28.45,186.46,62.05,71.8,147.11,164.35,11.82,38.74,145.58,121.23,32.88,74.33,111.3,255.63,54.82,72.64,133.96,34.08,113.95
1308,11/12/2018,36.05,65.14,25.39,117.39,63.44,31.55,101.25,110.23,18.4300595238095,34.16,57.46,65.9,17.26,72.16,97.67,154.32,49.45,49.52,85.97,24.83,79.83
1309,11/12/2019,23.8,58.23,17.8,120.96,53.44,22.37,73.29,78.01,15.0520833333333,21.03,71.81,64.9,12.01,38.44,118.1,136.13,36.21,38.81,100.48,22.04,69.37
1310,11/12/2020,9.7,34.01,16.91,80.67,20.67,11.22,40.49,31.66,5.11904761904762,13.92,41.59,34.7,4.82,11.31,54.85,86.27,17.3,19.98,47.28,19.34,35.23
1311,11/12/2021,29.45,72.36,20.6,114.23,34.57,42.58,94.84,109.95,6.89,23.57,82.18,65.8,16.68,32.08,77.47,183.24,32.76,54.22,76.58,28.64,63.82
1312,11/13/2018,35.24,63.72,26.49,115.35,60.81,30.9,98.52,107.85,17.5074404761905,32.27,55.96,64.17,16.47,70.78,94.8,150.3,47.34,47.82,83.57,24.32,78
1313,11/13/2019,23.3,57.56,17.9,122.28,52.59,21.62,72.61,77.01,14.7470238095238,20.62,68.97,64.25,11.87,38.12,118.43,133.5,35.03,38.33,100.25,22.04,68.8
1314,11/13/2020,10.32,35.36,17.62,83.03,22.14,11.78,42.67,33.6,5.43898809523809,14.33,43.42,37.56,5.06,11.8,58.76,90.67,18,20.53,50.92,20.04,36.08
1315,11/13/2023,36.65,115.36,26.99,144,54.21,45.42,123.06,158.18,21.65,38.66,142.68,146.76,25.08,61.61,114.15,235.99,54,84.91,124.27,34.93,104.84
1316,11/14/2018,36.12,64.12,25.84,115.72,61.85,30.54,98.07,108.71,17.8125,32.25,56.02,63.84,16.68,70.95,95.6,150.68,47.81,46.68,82.34,24.75,77.39
1317,11/14/2019,23.43,57.25,17.85,121.96,53.88,21.84,72.35,76.29,14.6354166666667,20.33,67.85,64.45,11.89,37.76,119.44,132.37,34.71,38.03,100.82,21.95,68.5
1318,11/14/2022,47.21,133.03,28.13,186.55,62.82,71.5,146.18,163.57,11.7,38.05,145.51,120.53,32.5,73.28,110.26,255.44,54.07,71.91,136.8,33.77,113.37
1319,11/14/2023,37.57,115.54,27.21,145.05,54.86,45.74,125.12,159.16,21.54,39.18,143.76,150.67,25.6,61.73,115.02,236.91,54.35,86.43,126.08,35.29,104.29
1320,11/15/2018,36.99,65.21,25.64,116.95,63.09,30.62,101.59,112.24,17.9389880952381,32.45,57.22,65.36,17.15,72.59,96.23,154.86,48.08,47.18,83.27,25,78.19
1321,11/15/2019,23.91,58.25,18.17,120.64,52.54,22.56,73.48,77.09,15.0967261904762,20.48,68.02,64.69,12.1,38.95,118.36,134.28,35.36,39.26,100.61,22.36,69.19
1322,11/15/2021,29.61,72.72,20.82,116.82,34.6,43.18,93.2,111.17,6.88,23.4,82.3,66.12,16.75,31.98,78.91,182.66,32.72,55.14,77.35,28.61,64.37
1323,11/15/2022,49.04,134.09,27.81,188.05,65.54,73.62,147.3,167.03,12.35,38.91,149.44,120,32.94,74.43,111.11,262.39,54.67,74.19,140.71,33.9,114.13
1324,11/15/2023,37.31,115.03,27.15,145.56,54.59,45.52,123.07,155.79,21.23,38.44,144.17,150.33,25.41,61.3,115.49,235.2,53.68,86.27,126.7,35.38,103.66
1325,11/16/2018,37.43,66.12,25.74,119.06,63.83,29.56,105.2,114.31,18.0505952380952,32.46,57.68,65.44,17.19,73.38,96.61,156.49,48.22,47.5,83.95,25.13,78.96
1326,11/16/2020,11.14,38.08,17.05,88.96,24.17,12.53,45.35,35.93,6.10119047619048,15.46,46.82,40.73,5.48,12.7,62.62,94.71,20.04,21.58,55.67,20.23,38.16
1327,11/16/2021,29.62,72.64,20.98,117.28,34.66,43.43,91.9,110.18,7.25,23.61,81.33,64.84,16.72,31.84,76.99,183.07,32.89,54.68,77.94,28.22,65.02
1328,11/16/2022,47.43,129.24,26.42,184.99,64.51,71.34,143.45,158.98,12.33,37.85,146.7,119.86,31.45,71.93,107.68,254.11,52.99,72.15,135.53,33.77,112.91
1329,11/16/2023,35.85,111.99,26.33,141.77,52.79,44.29,120.7,152.5,20.14,37.18,141.46,145.1,24.75,60.31,113.53,232.35,52.11,83.85,121.92,34.75,102.46
1330,11/17/2020,11.44,38.85,17.18,87.04,23.61,13.11,45.67,37.31,6.00446428571429,15.81,47.31,40.61,5.5,12.99,64.34,95.91,20.09,22.65,54.15,20.83,38.67
1331,11/17/2021,27.66,71.97,20.61,115.42,32.54,42.29,90.08,107.24,6.72,22.97,79.89,63.58,16.09,30.76,74.68,180.25,32.06,54.62,73.45,28.21,64.31
1332,11/17/2022,46.94,131.19,26.8,184.09,65.18,70.99,144.49,161.78,12.39,37.47,146.67,120.4,31.3,71.46,109.73,256.56,52.83,70.97,137.91,33.1,113.06
1333,11/17/2023,36.87,114.59,26.75,144.46,53.68,45.36,124,156.15,20.63,37.99,144.45,147.9,25.56,60.96,116.37,238.16,52.85,86.02,124.11,35.43,104.96
1334,11/18/2019,22.98,56.7,17.17,118.55,53.91,21.96,71.26,75.73,14.5238095238095,20.16,66.79,64.54,11.78,39.3,118.65,133.2,34.69,39.03,101.06,22.3,68.52
1335,11/18/2020,11.04,39.18,16.74,84.28,22.72,12.76,44.93,37.74,6.16071428571428,15.39,46.03,38.54,5.49,12.87,60.75,94.61,19.97,22.68,51.25,20,37.21
1336,11/18/2021,27.58,72.72,20.77,114.45,32.54,43.32,89.62,107.96,6.55,22.76,80.74,62.7,16.12,30.64,73.71,179.71,31.86,54.56,72.96,27.97,63.61
1337,11/18/2022,46.34,128.59,26.6,182.99,63.72,69.62,141.02,156.22,11.96,36.71,143.99,121.18,30.8,71.25,108.99,249.94,53.44,72.33,137.62,33.4,112.08
1338,11/19/2018,36.53,66.44,25.8,119.42,62.33,29.62,105.71,113.81,18.0580357142857,32.99,56.96,63.41,17.12,73.36,94.9,157.18,48.31,47.25,80.69,25.33,79.22
1339,11/19/2019,22.37,57.17,16.9,116.45,52.3,21.49,70.4,74.19,14.3452380952381,19.9,66.2,61.85,11.46,38.14,117.42,129.62,34.31,37.11,97.62,22.14,67.82
1340,11/19/2020,11.35,39.47,17.18,85.73,22.88,13.56,45.46,39.44,6.30952380952381,16,47.07,39.08,5.69,13.36,61.45,96.63,20.46,23.24,51.21,20.16,37.4
1341,11/19/2021,26,69.61,19.99,111.91,31.19,40.6,85.68,102.17,6.23,22.04,76.07,60.28,15.31,29.12,69.64,176.46,30.05,53.55,69.07,27.42,60.67
1342,11/20/2018,34.67,63.99,25.29,116.1,59.25,27.44,102.36,108.73,17.202380952381,31.44,54.86,61.89,15.93,70.3,92.54,151.14,46.9,44.85,78.61,24.65,76.97
1343,11/20/2019,22.87,59.36,16.39,117.34,52.36,21.95,72.06,75.29,14.6056547619048,20.53,67.13,61.8,11.69,38.48,116.06,130.47,36.14,38.14,97.19,22.38,68.03
1344,11/20/2020,11.44,39.65,17.07,85.79,22.15,13.16,45.39,39.84,6.14583333333333,15.9,46.54,38.26,5.6,13.49,61.59,95.81,20.21,23.08,50.82,20.34,36.94
1345,11/20/2023,37,115.39,26.68,144.38,54.25,45.65,125.23,156.15,20.96,38.2,144.5,148.99,25.57,61.14,118.11,237.37,52.74,86.88,124.73,35.61,104.5
1346,11/21/2018,36.03,65.48,25.78,117.57,59.86,28.53,106,109.23,17.5669642857143,31.93,56.19,63.73,16.41,72.08,93.65,153.96,47.64,45.99,79.2,25.03,77.56
1347,11/21/2019,23.22,60.21,16.05,118.77,53.34,22.77,73.32,75.57,14.6205357142857,21.13,66.91,63.24,11.89,39.12,118.37,130.74,36.62,38.49,98.41,22.79,69.67
1348,11/21/2022,45.27,125.49,26.38,181.24,63.32,67.19,139.86,149.99,11.8,36.13,140.92,120.31,30.04,69.59,109.03,244.51,52.27,70.63,135.96,33.15,110.97
1349,11/21/2023,36.62,115.17,26.53,144.04,54,45.25,124.25,155.09,21.06,38.21,144.32,147.63,25.31,60.75,117.41,237.15,52.72,87.56,123.17,35.95,104.46
1350,11/22/2019,23.41,59.9,16.39,118.63,52.97,22.77,72.99,75.33,14.3080357142857,20.99,64.37,62.36,12.2,39.58,116.63,129.56,36.61,37.53,97.51,23.1,69.37
1351,11/22/2021,26.53,71.89,20.96,113.91,31.91,41.14,86.71,105.47,6.25,22.29,77.61,61.69,15.66,30.01,72.19,180.48,30.34,53.81,70.65,27.6,61.51
1352,11/22/2022,47.78,129.98,27.5,185.89,65.61,68.57,144.32,151.44,12.27,37.45,148.11,126.6,31.19,72.77,112.29,251.08,53.64,74.03,141.98,34.21,114.18
1353,11/22/2023,36.56,114.85,26.67,144.33,54.53,45.16,123.17,154.16,20.92,37.89,144.4,149.21,25.24,60.21,118.01,236.25,52.52,87.22,125.36,36.23,104.01
1354,11/23/2018,34.86,63.8,25.59,113.6,57.17,26.91,100.7,104.88,16.8303571428571,30.7,53.65,61.73,15.65,69.83,89,147.17,46.37,44.4,77.03,24.54,75.49
1355,11/23/2020,12.86,42.71,17.63,91.03,24.36,14.48,50.38,44.49,6.5922619047619,17.32,49.94,41.22,6.17,15.76,65.84,104.5,21.61,24.76,56.09,21.28,39.36
1356,11/23/2021,28.47,73.78,21,116.3,33.29,43.44,91.76,110.19,6.37,22.97,81.58,63.85,16.51,31.92,73.83,188.06,31.18,55.57,72.55,28.08,63.13
1357,11/23/2022,46.78,126.74,27.54,184.24,64.6,67.8,142.65,149.99,12.13,36.56,144.9,125.6,30.65,71.12,110.71,254.37,51.42,73.39,139.21,33.83,113.61
1358,11/24/2020,14.04,44.41,18.03,95.62,25.8,15.3,54.42,47.14,7.19494047619048,17.91,53.64,42.45,6.45,16.78,67.72,111.35,22.23,25.2,58.49,21.96,41.98
1359,11/24/2021,28.61,74.83,21.09,117.19,33.96,45.09,93.05,114.2,6.35,23.22,81.65,64.55,16.83,32.01,73.87,190.25,31.41,56.67,72.95,28.55,63.48
1360,11/24/2023,36.88,115.49,26.77,144.9,54.16,45.35,123.5,154.63,21.3,38.06,145.41,149.5,25.35,60.16,118.63,237.69,52.6,87.84,124.96,36.32,104.57
1361,11/25/2019,23.55,61.05,16.69,118.38,53.35,22.74,73.52,77.13,14.5089285714286,21.34,64.75,62.43,12.11,39.93,115.42,131.08,37.08,37.95,97.35,23.09,68.91
1362,11/25/2020,14.12,43.63,17.77,92.14,25.24,15.12,53,45.39,6.74107142857143,17.86,52.58,41.48,6.43,16.72,66.26,109.96,22.1,24.98,56.43,21.62,40.81
1363,11/25/2022,46.43,126.81,27.61,183.7,64.79,68.35,142.64,149.32,12.1,36.36,144.76,125.2,30.38,70.28,110.78,254.14,50.83,73.31,138.4,33.9,113.21
1364,11/26/2018,35.37,64.7,24.97,114.98,60.44,27.13,102.54,109.31,17.7232142857143,31.8,53.1,64.18,16.23,70.64,92.07,150.24,46.63,45.02,78.78,24.81,76.98
1365,11/26/2019,22.89,60.11,16.01,117.79,52.65,22.26,71.91,77.1,14.3229166666667,20.83,63.57,61.67,11.83,38.57,114.33,127.68,36.39,37.2,97.44,22.87,68.74
1366,11/26/2021,26.24,71.48,21,114.51,31.73,42.7,87.42,107.48,5.93,21.65,76.04,61.35,15.7,29.7,69.25,181.73,29.7,54.47,68.01,28.24,61.25
1367,11/27/2018,35.08,65.28,24.26,115.21,60.17,26.61,101.95,109.84,17.2693452380952,31.88,53.2,63.74,16.1,69.38,91.26,147.12,46.2,45.11,77.43,24.99,77.05
1368,11/27/2019,23.22,60.34,16.25,118.07,52.3,22.51,72.35,78.52,14.5089285714286,21.41,63.12,61.47,11.88,38.75,114.69,130.18,36.77,36.9,97.1,22.71,68.7
1369,11/27/2020,13.92,42.78,17.77,91.31,24.93,14.78,51.43,43.52,6.67410714285714,17.56,50.77,41.42,6.35,16.56,65.23,110.07,21.88,24.5,56.62,21.46,40.19
1370,11/27/2023,36.34,114.8,26.27,144.36,54.36,44.93,123,154.02,21.04,37.69,144.51,150.55,25.32,59.87,118.33,236.4,52.55,87.97,125.61,36.39,103.96
1371,11/28/2018,35.26,66.35,24.9,118.14,61.76,26.87,103.77,109.8,17.5372023809524,32.17,54.03,65.28,16.49,70.71,92.63,147.9,46.41,44.93,79.42,25.34,78.45
1372,11/28/2022,44.96,123.84,27.15,178.36,63.34,66.53,136.65,143.73,12.08,35.88,139.52,121.92,29.81,68.23,107.82,245.21,49.88,72.29,134.84,33.48,109.81
1373,11/28/2023,36.38,114.98,26.07,145.51,54.08,44.82,123.64,153.99,20.73,37.52,145.6,149.99,25.32,60.06,118,236.11,52.31,87.5,125.24,36.33,103.9
1374,11/29/2018,35.54,66.87,24.69,118.85,61.68,26.91,105.47,112,17.6264880952381,31.89,54.44,64.9,16.55,70.91,92.68,149.17,45.9,45.21,79.47,25.56,79.06
1375,11/29/2019,22.28,59.94,15.94,117.13,51.55,21.89,70.9,77.34,14.0178571428571,20.99,62.09,60.64,11.65,38.57,114.72,127.84,36.2,36.53,95.49,22.72,68.13
1376,11/29/2021,26.83,72.15,20.84,114.85,31.98,43.92,88.39,109.93,5.82,22.25,76.07,61.78,15.85,30.06,69.86,183.36,29.65,53.96,68.17,28.01,61.59
1377,11/29/2022,46.59,124.25,28.07,181.03,62.6,67.5,141.29,146.74,12.07,37.16,141.98,123.47,30.35,69.11,108.97,240.78,51.05,73.72,135.2,34.32,110.54
1378,11/29/2023,36.31,113.97,26.09,143.91,52.73,44.88,123.24,153.79,20.23,37.3,139.56,147.42,25.3,60.33,122.22,229.88,51.87,88.01,124.08,36.44,102.34
1379,11/30/2018,35.13,66.18,25.16,118.94,62.47,27.03,103.31,110.38,17.1800595238095,31.43,53.89,65.16,16.69,70.27,93.52,147.75,45.1,44.63,79.9,25.32,79.5
1380,11/30/2020,12.89,39.56,17.52,87.18,23.39,13.99,46.88,39.96,6.18303571428571,16.59,47.18,38.88,5.92,15.76,60.58,100.58,20.79,23.5,53.77,20.98,38.13
1381,11/30/2021,25.77,70.13,20.08,112.87,32.32,42.06,87,106.73,5.67,21.59,74.52,60.85,15.49,29.65,69.17,178.32,28.68,51.63,66.94,26.79,59.84
1382,11/30/2022,46.85,123.51,27.91,183.31,62.34,68.52,141.93,148.02,12.4,37.89,143.91,121.81,30.63,69.49,108.44,235.99,51.55,74.39,133.62,34.7,111.34
1383,11/30/2023,36,115.57,26.25,143.6,52.48,44.97,123.07,154.41,20.72,37.03,140.56,149.19,25.43,59.15,128.89,231.64,52.04,90.45,125.36,36.79,102.74
1384,12/01/2020,12.37,39.27,17.38,87.45,24.18,14,46.53,39.85,6.41369047619048,17.08,47.76,39.45,5.86,15.13,61.88,99.8,21.07,23.61,54.4,20.9,38.5
1385,12/01/2021,25.25,69.2,19.74,112.1,32.41,40.84,85.35,103,5.58,21.15,72.86,60.91,15.12,28.95,68.67,174.3,28.38,50.85,67.31,26.64,59.79
1386,12/01/2022,46.72,123.06,27.43,182.49,60.84,68.28,140.54,144.7,12.45,37.89,143.37,120.23,30.09,68.8,108.04,239.07,51.76,74.95,132.03,34.92,110.8
1387,12/01/2023,36.2,115.23,26.14,144.81,54.34,45.17,123.6,154.27,20.68,37.71,141.07,151.42,25.44,58.83,129.7,232.15,52.39,90.16,126.38,37.28,102.99
1388,12/02/2019,19.54,60.37,16,116.8,52.72,21.83,70.79,77.88,14.0327380952381,21.29,61.19,60.87,11.96,38.68,114.33,126.78,36.36,36.53,95.6,22.55,68.42
1389,12/02/2020,13.11,39.97,17.05,89.87,26.23,14.8,47.82,40.52,6.73363095238095,17.61,49.11,40.58,6.06,15.89,64.43,101.53,21.64,24.17,58.07,21.65,39.94
1390,12/02/2021,26.18,71.26,20.23,115.14,33.47,41.59,86.56,106.43,5.89,22.02,77.14,63.33,15.58,29.65,71.38,177.01,29.32,52.44,71.17,27.25,61.28
1391,12/02/2022,47.11,122.18,27.26,181.03,56.42,68.46,138.97,145.46,12.89,38.87,144.02,118.23,29.74,68.21,106.66,239.41,52.79,75.19,127.07,34.96,109.86
1392,12/03/2018,36.49,69.11,24.91,120.67,58.85,28.77,108.11,112.17,18.2738095238095,32.66,56.45,64.66,17.55,71.32,92.09,153.38,46.3,46.62,81.3,25.7,81.22
1393,12/03/2019,18.38,58.89,15.71,115.89,51.86,21.41,68.78,76.91,13.8095238095238,20.79,59.79,60.03,11.76,38.02,112.75,123.49,34.99,35.94,93.89,22.2,67.88
1394,12/03/2020,13.74,41.2,15.92,89.8,26.89,15.31,48.17,41.91,6.97172619047619,18.02,51,40.99,6.19,16.39,65.02,105.35,22.07,24.9,57.91,21.56,40.21
1395,12/03/2021,25.58,71.11,20.22,114.41,32.17,41.77,85.99,106,5.93,22,75.88,61.67,15.29,29.16,70,176.89,29.24,51.24,69.71,27.11,60.89
1396,12/04/2018,35.04,66.92,25.1,117.24,58.14,28.17,104.07,105.08,17.4925595238095,31.44,54.92,63.34,16.82,69.67,91.4,145.68,44.12,45.18,79.51,25.05,79.43
1397,12/04/2019,18.7,60.63,16.1,116.94,50.78,22.39,72.05,80.56,14.2485119047619,21.47,61.22,60.03,12.17,38.45,112.57,130.51,36.19,35.37,93.21,22.13,68.65
1398,12/04/2020,15.18,44.27,16.44,93.28,28.55,16.72,53,47.22,7.64136904761905,19.43,54.39,42.91,6.85,18.59,69.32,114.06,23.45,26.52,61.27,22.49,41.68
1399,12/04/2023,35.82,114.53,25.79,144.87,54.37,44.68,123,153.86,20.46,37.37,141.69,151.39,25.06,57.86,128.44,230.35,52.03,89.31,126.46,36.99,102.43
1400,12/05/2018,36.49,69.11,24.91,120.67,58.85,28.77,108.11,,,32.66,56.45,64.66,17.55,71.32,92.09,153.38,46.3,,81.3,25.7,81.22
1401,12/05/2019,18.58,59.84,15.96,116.33,50.75,22.07,70.59,79.94,14.0625,21.42,60.95,59.85,12.04,37.98,112.54,128.31,35.85,35.22,92.99,22.19,68.41
1402,12/05/2022,45.71,119.37,26.2,176.56,52.49,66.55,134.14,142,12.03,36.82,140.59,112.45,28.52,66.36,104.15,230.37,51.38,72,120.96,34.17,106.85
1403,12/05/2023,34.79,113.14,25.34,142.86,54.35,43.78,121.95,150.15,20.3,36.33,138.39,148.92,24.4,57.28,127.7,225.78,50.61,87.75,125.65,36.26,100.44
1404,12/06/2018,33.9,66.61,25.21,115.91,57.8,27.75,102.13,101.82,16.1383928571429,29.79,53.37,63.55,16.22,67.52,92.6,142.62,42.32,43.64,78.84,24.53,78.39
1405,12/06/2019,19.99,61.97,16.08,118.01,50.94,23.14,73.96,83.23,14.1369047619048,22.33,62.26,60.2,12.45,39.01,113.56,133.9,36.89,35.83,93.61,22.39,69.51
1406,12/06/2021,25.85,72.81,19.64,116.2,33.36,42.36,87.57,108.23,6.17,22.58,77.16,62.86,15.6,29.84,71.07,179.52,30.01,52.25,70.41,27.32,61.58
1407,12/06/2022,43.87,115.61,25.8,172.01,51.29,64.13,127.79,138.21,11.91,36.2,135.61,109.29,27.45,64.14,103.08,226.14,50.88,69.65,118.86,33.47,103.88
1408,12/06/2023,34.03,110.52,24.78,142.53,52.7,43.25,119.75,146.48,18.86,34.86,136.28,143.18,23.54,56.48,125,222.07,49.13,85.63,122.73,35.84,99.11
1409,12/07/2018,33.01,65.91,25.23,115.49,56.85,27.2,103.61,102.7,15.625,29.68,52.61,61.56,16.05,66.54,90.35,143,43.04,44.55,75.99,24.48,77.64
1410,12/07/2020,14.61,42.82,16.53,90.76,27.42,15.95,51.57,45.64,7.27678571428571,18.97,52.53,42.21,6.69,18.19,67.05,110.28,22.83,25.72,59.46,21.6,40.9
1411,12/07/2021,26.89,74.57,20.12,117.92,33.47,45.12,90.56,115.59,6.36,23.4,79.97,64.23,16.31,31.12,72.48,185.74,30.76,53.38,71.63,27.76,62.27
1412,12/07/2022,43.66,114.88,25.48,172.52,51.18,64.25,126.16,136.56,11.43,35.05,134.77,109,27.41,63.95,103.01,229.38,49.8,68.57,120.19,33.79,103.65
1413,12/07/2023,33.83,110.85,24.58,142.42,52.35,43.46,118.35,147.59,18.74,34.42,132.23,141.58,23.66,56.4,124.62,220.6,48.46,84.72,122.07,34.93,98.42
1414,12/08/2020,14.76,42.68,16.42,91.54,27.07,15.97,52.15,46.14,7.34375,19.76,52.75,42.45,7.07,19.13,67.39,114.27,23.23,26.27,58.98,22.1,42.24
1415,12/08/2021,26.63,74.11,20.75,118.45,32.92,44.91,90.08,113.63,6.61,23.79,80.56,64.06,16.19,30.77,71.85,185.28,31.06,53.11,70.72,27.64,62.45
1416,12/08/2022,42.77,112.6,24.95,173.54,49.74,63.5,124.57,132.88,11.65,34.87,133.44,108.85,26.84,63.71,100.9,221.28,49.92,68.27,116.9,32.91,104.42
1417,12/08/2023,34.47,112.07,24.7,144.31,52.67,44.09,118.96,148.73,18.92,34.93,134.5,143.02,24.09,56.47,125.32,223.05,48.8,86.56,122.74,35.52,99.55
1418,12/09/2019,20.63,61.83,16.11,117.3,49.41,23.15,74.51,83.78,14.0252976190476,22.57,61.75,58.43,12.59,37.34,111.96,133.19,37.16,36.39,92.52,22.9,69.66
1419,12/09/2020,15.02,42.7,16.77,90.44,27.15,15.71,52.96,47.33,7.27678571428571,19.51,54.09,42.64,7.15,19.39,68.77,114.43,23.37,26,58.8,22.4,42.8
1420,12/09/2021,26.03,72.55,20.82,118.14,32.52,42.32,88.88,110.33,6.49,23.49,78.75,63.34,16.04,30.24,72.3,183.09,30.62,52.18,70.31,26.62,62.61
1421,12/09/2022,41.86,110.02,24.48,168,48.72,59.62,121.67,129.6,11.15,33.01,129.32,106.83,26.17,62.6,98,214,46.97,68.62,114.65,32.59,103.54
1422,12/10/2018,31.26,65.2,25.29,114.94,54.95,26.27,101.71,100.63,15.6026785714286,29.28,51.49,60.98,15.3,64.44,88.84,140.56,41.97,42.94,73.38,24.08,76.54
1423,12/10/2019,20.93,61.76,16.19,117.89,50.06,23.42,74.84,83.46,14.2113095238095,22.79,61.73,58.67,12.59,37.57,111.93,134.55,37.34,37.08,94.57,22.94,69.06
1424,12/10/2020,16.5,44,17.65,93.35,28.44,16.57,54.68,49.94,7.46279761904762,19.99,57.3,43.83,7.3,21.31,70.86,118.79,23.38,28.06,59.87,22,44.01
1425,12/10/2021,26.67,73.49,20.91,118.34,33.11,43.42,89.68,111.18,6.55,23.93,79.16,63.69,16.22,30.77,72.52,184.25,30.99,52.21,70.85,26.64,63.01
1426,12/11/2018,30.57,65.44,25.19,115.47,55.11,26.75,102.07,100.04,15.3199404761905,28.8,51.98,61.34,15.33,64.7,88.42,138.67,41.24,42.61,73.27,23.93,76.68
1427,12/11/2019,21.28,61.68,16,116.23,50.1,23.42,74.67,83.83,14.389880952381,23.38,61.6,57.11,12.61,37.54,112.21,136.19,38.4,36.86,92.89,23.19,68.96
1428,12/11/2020,16.1,43.48,17,92.45,27.48,16.16,53.6,50.11,7.19494047619048,19.83,56.63,42.91,7.06,20.89,69.51,115.57,22.94,28.25,59.03,21.93,43.8
1429,12/11/2023,34.7,112.16,24.86,144.35,51.98,44.41,119.2,149.54,18.99,34.77,136.2,143.85,24.05,57.06,126.41,223.43,49.15,85.66,123.48,34.89,99.62
1430,12/12/2018,31.33,65.27,24.45,115.62,57.06,27.28,103.93,98.49,15.8035714285714,29.61,51.74,62.04,15.52,65.41,89.25,140.36,41.44,43.45,73.64,24.19,76.02
1431,12/12/2019,22.04,62.59,16.16,118.81,50.45,23.99,76.71,86.27,14.8065476190476,24.3,63.38,59,13.03,38.25,113.73,139.55,39.07,37.16,94.53,22.65,70.34
1432,12/12/2022,43.91,111.78,24.85,169.75,50.84,61.08,124.06,134.21,11.44,34.3,134.16,111.21,27.18,64.03,102.07,218.96,49.1,70.42,120.66,33.19,106.09
1433,12/13/2018,31.3,66.13,24.12,115.94,55.81,26.87,102.83,96.32,15.8854166666667,29.91,52.21,62.12,15.62,66.68,88.83,138.6,41.02,44.23,73.46,23.86,76.98
1434,12/13/2019,21.35,62.7,16.1,117.96,50.19,23.48,75.49,85.09,14.8809523809524,23.99,62.32,58.61,12.72,37.71,112.99,139.99,39,37.11,93.81,22.71,69.23
1435,12/13/2021,25.28,71.02,20.46,115.88,32,41.06,88.03,106.61,6.11,22.71,77.06,61.81,15.39,29.23,69.64,178.88,29.83,50.69,68.22,26.24,61.63
1436,12/13/2022,45.83,113.41,24.9,173.53,51,61.98,127.46,136.32,11.73,37,137.17,111.12,27.68,64.28,102.13,224.82,51.05,72.74,120.53,33.79,107.25
1437,12/14/2018,30.24,64.55,23.31,113.83,54.08,25.84,100.08,92.71,14.985119047619,29,50.9,59.87,15.04,65.1,86.83,137.14,39.1,42.21,73.3,23.45,75.58
1438,12/14/2020,15.31,42.32,17.25,89.44,25.9,15.37,52.08,46.95,7.07589285714286,18.96,53.9,40.76,6.72,19.17,67.19,113.11,22.18,27.44,56.39,21.51,42.22
1439,12/14/2021,24.95,70.68,20.09,116.22,31.74,40.34,85.3,104.07,5.9,22.48,76.18,62.45,15.18,28.74,70.73,177.52,29.67,50.4,68.19,25.88,61.54
1440,12/14/2022,45.04,112.87,24.7,172.33,50.63,61.92,125.93,136.84,11.59,36.55,136.16,110.94,27.47,63.68,101.28,225.12,50.43,73.27,119.73,33.72,106.46
1441,12/15/2020,15.89,42.8,17.32,89.37,26.43,15.79,53.16,48.16,7.41071428571429,20.07,56.4,42.25,6.91,19.84,68.25,117.44,22.97,28.18,57.48,22.33,43.04
1442,12/15/2021,25.1,70.71,20.37,115.56,31.93,39.98,84.81,103.75,5.9,22.27,75.39,62.48,15.15,28.52,70.52,174.16,29.31,50.92,68.24,25.98,61.27
1443,12/15/2022,45.05,112.55,25.33,171.04,51.13,61.58,126.63,137.38,11.61,36.69,134.67,110.87,27.86,63.16,101.47,224.61,50.11,71.11,119.92,33.5,105.44
1444,12/16/2019,22.07,62.82,16.89,119.36,51.54,23.85,77.91,87.69,14.84375,24.35,64.6,60.75,13.13,38.32,114.14,143.37,39.4,37.51,95.14,22.82,70
1445,12/16/2020,15.8,42.32,17.02,88.69,25.56,15.91,52.7,47.65,7.32142857142857,20.14,56.62,41.65,6.97,19.45,67.29,116.89,22.84,28.28,56.92,21.75,43.7
1446,12/16/2021,24.79,71.7,20.08,116.64,31.46,40.36,86.19,105.3,5.89,22.56,75.63,62.77,15.36,28.38,70.96,177.32,29.7,50.39,68.75,26.14,61.37
1447,12/16/2022,43.79,110.44,24.74,168.72,50.76,60.08,125.77,134.32,11.49,35.85,133.01,109.75,27.33,62.53,100.64,218.92,49.38,70.1,119.37,32.35,104.7
1448,12/17/2018,30.17,63.12,22.61,112.45,52.68,25.51,96.21,88.54,14.6577380952381,29.09,49.76,58.84,14.72,64.11,85.86,133.43,39.05,40.85,72.58,22.98,74.04
1449,12/17/2019,22.47,63.52,16.69,118.6,50.87,24.17,78.81,86.61,14.8883928571429,24.69,64.67,61.21,13.37,38.32,113.03,144.03,39.46,38,95.68,22.94,69.68
1450,12/17/2020,15.75,41.97,17.23,88.41,25.64,16.1,52.15,47.39,7.20982142857143,20.08,56.67,40.58,6.91,19.18,67.17,114.38,22.93,27.75,56.34,21.8,43.48
1451,12/17/2021,24.38,68.61,19.66,113.6,31.98,39.2,84,102.43,5.9,22.11,71.62,62.45,15.15,28.04,71.8,173.69,28.97,49.78,68.69,25.79,60.03
1452,12/18/2018,29.24,61.91,22.95,109.74,52.39,24.41,94.01,87.93,14.2559523809524,28.98,47.31,58.96,14.24,63.14,84.73,132.07,37.84,39.07,71.06,22.42,72
1453,12/18/2019,22.74,63.2,16.85,118.55,50.79,24.7,80.59,87.08,15.1339285714286,24.54,65.06,60.91,13.42,38.67,113.04,145.87,39.62,38.67,94.51,23.08,69.87
1454,12/18/2020,15.33,40.98,16.97,87.19,25.17,15.63,51.77,45.84,7.05357142857143,19.68,55.95,40.35,6.73,18.52,66.85,114.36,22.31,26.95,54.77,21.18,42.73
1455,12/19/2018,28.75,61.28,22.56,107.83,51.52,23.85,92.98,90.6,14.2113095238095,27.64,46,58.63,13.86,62.24,85.16,132.57,37.79,39.05,70.98,22.32,70.78
1456,12/19/2019,22.71,63.19,17.01,118.13,50.95,25.11,81.25,87.48,15.2380952380952,24.48,63.69,61.13,13.18,38.7,112.81,147.21,39.61,39.17,94.59,23.5,69.39
1457,12/19/2022,43.84,110.44,24.31,169.88,49.73,59.26,125.53,133.58,11.52,36.06,133.63,111.07,27.03,62.41,100.61,218.07,49.83,69.04,119.71,32.07,105.17
1458,12/20/2018,27,60,22.43,104.98,50.69,22.51,89.74,89.03,14.1964285714286,27.14,43.51,57.42,13.61,60.63,82.78,128.62,36.2,38.14,70.61,21.84,68.63
1459,12/20/2019,22.62,63.72,17.41,119.68,51.46,25.47,82.66,88.02,15.2604166666667,24.49,64.84,61.61,13.21,39.01,113.35,147.6,39.43,39.72,95.27,23.8,69.94
1460,12/20/2021,23.94,68.6,19.42,113.65,31.42,38.26,83.58,99.12,5.8,21.8,71.18,60.91,14.86,26.98,69.43,172.65,28.47,48.98,68.69,25.35,59.16
1461,12/20/2022,44.13,112.65,24.48,172.67,50.26,59.36,126.49,134.94,11.79,37.42,136.01,113.01,27.15,62.37,102.64,219.65,51.76,69.78,121.88,32.35,106.69
1462,12/21/2018,26.55,59.8,22.81,104.21,49.36,21.91,87.26,88.77,14.2633928571429,25.85,41.49,56.74,13.45,59.98,82.38,125.08,35.7,36.22,71.64,21.78,68.12
1463,12/21/2020,14.85,40.24,16.86,86.09,24.81,15.3,50.08,45.02,6.80803571428571,19.35,54.29,39.75,6.55,17.47,66.49,110.89,21.78,27.08,54.05,20.7,41.95
1464,12/21/2021,25.34,70.68,19.64,115.47,32.36,41.31,86.35,104.9,6.06,22.66,74.5,63.42,15.76,28.6,72.14,177.93,29.45,50.55,71.32,25.66,60.5
1465,12/21/2022,46.67,116.28,25.07,174.7,50.35,61.76,130.01,137,12.06,38.63,140.29,114.55,27.74,63.73,103.35,225.56,53.31,72.08,122.68,32.97,108.06
1466,12/22/2020,14.12,39.03,16.79,84.36,24.32,14.83,48.85,44.05,6.66666666666667,19.12,52.09,39.67,6.31,16.92,67.51,108.44,21.36,26.66,53.7,20.61,41.24
1467,12/22/2021,25.83,71.08,19.75,116.13,32.12,42.29,87.22,105.69,6.07,22.73,74.11,63.1,16.04,28.92,71.62,181,29.5,50.88,71.3,25.68,60.99
1468,12/22/2022,44.69,112.9,24.51,172.08,49.1,60.11,126.3,132.88,11.84,37.54,135.3,111.65,26.7,61.8,100.53,220.15,51.39,70.71,119.62,32.57,105.88
1469,12/23/2019,26.53,64.6,17.59,120.33,51.76,26.23,83.38,89.03,15.7886904761905,24.89,66.89,60.66,13.56,39.71,112.67,150.93,40.79,40.28,95.24,23.94,70.29
1470,12/23/2020,14.78,40.08,17.17,85.69,25.45,15.66,50.08,47.8,7.04613095238095,19.48,54.2,41.31,6.81,17.89,69.36,113.12,21.92,26.85,55.79,20.75,41.77
1471,12/23/2021,26.07,71.19,19.39,116.41,32.08,42.05,87.18,105.94,6.04,22.71,73.49,63.04,16,28.85,71.9,180.03,29.57,50.81,71.73,25.85,61.02
1472,12/23/2022,47.25,117.05,25.2,177.4,50.88,62.51,130.61,137.03,12.12,39.09,141.68,115.12,27.44,63.95,103.94,229.11,52.99,73.36,124.37,33.32,108.68
1473,12/24/2018,25.4,57.01,22.16,100.99,46.77,20.98,82.86,85.67,13.7946428571429,25.14,36.43,54.32,12.66,57.11,78.5,120.51,35.19,34.11,68.94,20.58,65.51
1474,12/24/2019,26.17,64.67,17.44,120.34,51.62,26.54,83.81,90.18,15.7291666666667,24.86,67.24,60.97,13.62,39.89,113.2,151.8,40.65,40.31,95.1,23.84,70.02
1475,12/24/2020,14.43,39.49,16.94,85.33,25.35,15.33,49.6,48.25,6.99404761904762,19.21,53.54,41.21,6.63,17.67,68.73,112.49,21.64,26.55,55.68,20.74,41.6
1476,12/26/2018,27.04,61.5,23.59,107.39,50.82,22.71,88.99,91.99,14.6130952380952,26.43,40.45,58.35,14.17,60.6,84.2,130.03,36.61,36.46,73.31,21.67,68.64
1477,12/26/2019,26.27,65,17.38,120.6,51.51,26.36,83.65,91.31,15.7291666666667,24.54,67.45,60.47,13.69,40.15,112.06,152.08,40.07,40.7,94.42,23.81,70.13
1478,12/27/2018,26.74,62.23,23.77,109.32,51.61,22.9,88.79,92.88,14.5758928571429,26.36,41.54,59.1,14.29,60.76,85.82,130.08,36.33,35.47,74.63,21.46,68.94
1479,12/27/2019,26.12,64.98,17.22,120.3,50.98,25.73,83.14,90.77,15.5803571428571,24.4,66.46,60.38,13.48,40.16,110.6,151.78,40,40.61,93.2,23.59,69.89
1480,12/27/2021,27.97,73.21,19.91,118.79,32.46,44.61,90.78,111.14,6.12,23.17,75.61,64.08,16.56,29.64,72.79,185.77,29.84,52.54,73.13,26.26,61.89
1481,12/27/2022,47.64,118.47,25.58,179.63,50.93,63.24,132.08,137.58,12.07,39.27,143.41,116.82,27.65,64.33,104.58,231.53,53.5,73.89,126.41,33.41,110.19
1482,12/28/2018,26.34,61.67,22.95,108.65,51.09,22.46,87.52,91.89,14.6354166666667,26.46,40.38,58.24,14.08,60.47,84.96,130.51,36.6,35.01,73.48,21.48,68.17
1483,12/28/2020,14.21,39.3,16.48,84.9,25.22,15.35,48.94,47.63,7.00148809523809,18.89,52.83,40.78,6.63,17.4,69.33,110.65,21.57,25.73,55.09,20.14,41.74
1484,12/28/2021,27.93,73.12,19.96,118.56,32.85,44.5,90.22,110.16,6.09,23.05,75.28,64.37,16.48,29.48,73.93,183.81,30.11,52.34,74.5,26.16,61.69
1485,12/28/2022,45.18,115.31,24.37,176.98,48.93,60.89,127.4,134.47,11.88,38.08,138.64,114.52,26.58,62.08,102.15,224.39,52.6,71.95,125.35,32.72,108.38
1486,12/29/2020,14.15,39.07,16.08,84.61,25.27,15.31,48.67,47,7.07589285714286,18.64,52.57,40.73,6.57,17.24,68.38,110.64,21.38,26.12,55.45,20.08,41.27
1487,12/29/2021,27.91,72.92,20.01,117.95,33.08,44.2,89.85,108.71,5.93,22.94,74.67,63.95,16.57,29.26,72.85,183.56,29.65,51.94,74.65,26.04,61.15
1488,12/29/2022,45.91,116.39,24.52,178.32,51.5,61.04,128.63,136.28,12.06,38.87,140.86,116.18,26.78,62.28,104.11,226.68,52.91,73.64,126.32,32.97,109.2
1489,12/30/2019,25.5,64.61,17.13,119.85,49.83,25.53,82.39,91.07,15.8630952380952,24.56,66.15,59.67,13.42,40.7,110.37,150.87,40.4,40.2,92.88,23.2,69.48
1490,12/30/2020,14.57,40.01,16.47,85.33,26.08,16.14,50.56,49.27,7.15773809523809,19.12,53.77,41.57,6.8,17.91,70.6,114.57,21.88,26.18,56.72,19.94,41.6
1491,12/30/2021,27.06,72.28,19.55,117.43,32.66,43.67,89.18,107.31,5.84,22.76,73.96,63.43,16.35,28.97,72.45,181.28,29.82,51.5,74.28,25.92,60.79
1492,12/30/2022,46.68,118,24.57,179.49,51.89,61.51,129.52,136.78,12.19,39.35,141.82,116.39,27.07,62.99,104.08,228.39,53.46,73.5,126.86,32.9,110.3
1493,12/31/2018,26.25,62.35,22.35,108.79,51.12,22.54,87.21,92.7,14.5684523809524,26.58,40.5,59.01,14.34,61.38,86.15,131.52,36.08,36.02,74.97,22.05,68.19
1494,12/31/2019,25.59,65.03,17.41,120.51,50.71,25.97,83.76,92.86,15.952380952381,24.47,66.81,60.25,13.58,41.21,111.41,151.37,40.2,40.83,93.65,23.72,69.78
1495,12/31/2020,14.19,39.99,16.28,84.45,25.85,15.81,49.87,48.4,6.99404761904762,18.9,52.79,41.36,6.67,17.31,69.94,113.89,21.83,26.38,56.57,20.05,41.22
1496,12/31/2021,26.89,72.18,19,117.35,32.78,44.05,88.83,107.85,5.92,22.87,74.03,63.99,16.42,28.99,72.46,181.88,29.95,52.24,75.11,26.04,61.19
