,date,AFL,AIG,AIZ,AJG,ALL,AMP,AON,AXP,BAC,BEN,BK,BLK,BRK.B,BRO,BX,CFG,CINF,CMA,COF,DFS,FITB,GL,GS,HBAN,HIG,IVZ,JEF,KEY,L,MCO,MET,MMC,MS,MTB,NTRS,PGR,PNC,PRU,RF,RJF,SCHW,STT,SYF,TFC,TROW,TRV,USB,WFC,WRB,WTW,ZION
0,01/02/2018,43.985,59.5,99.23,62.17,101.92,169.91,131.49,98.94,29.9,43.25,53.82,508.97,197.22,25.54,32.52,42.68,73.08,86.57,99.61,76.91,30.43,90.21,255.67,14.6,55.27,36.35,23.9721858193511,20.17,49.89,146.13,50.18,80.4,52.19,171.19,99.46,55.36,144.62,115.45,17.37,59.24,51.44,96.72,38.86,49.92,103.08,131.98,54.03,61.09,31.1288888888889,146.99,50.7
1,01/02/2019,45.52,39.62,90.1,71.89,81.64,107.96,144.04,95.68,24.96,29.85,47.5,389.42,202.8,27.07,30.07,30.51,75.62,69.74,77.26,59.41,24.2,76.37,172.03,12.14,43.42,16.84,15.8442004855308,15.02,45.08,140.85,41.67,79.04,40.4,144.89,84.05,59.23,118.81,82.67,13.67,49.36,41.58,63.93,24.27,44.39,91.84,117.37,46.35,46.94,32.1866666666667,149.68,41.58
2,01/02/2020,53.35,51.76,132.36,95.51,112.82,169.23,208.79,125.85,35.64,25.61,50.92,508.98,228.39,39.61,55.8,40.75,105.96,71.75,103.61,85.3,31.02,105.56,234.32,14.99,60.95,17.99,20.8126195028681,20.26,52.96,241.72,51.62,112.05,52.04,171.07,107.58,74.33,160.37,94.84,17.09,60.52,48.23,80.76,36.21,56.67,125.16,137.51,59.2,53.75,45.9733333333333,204.28,52.44
3,01/03/2018,44.115,60.16,99.51,62.64,101.98,169.07,133.59,99.55,29.8,43.45,54.15,514.34,199.79,25.83,33,43.17,72.79,86.54,99.44,77.48,30.52,90.47,253.29,14.72,54.83,36.53,23.8916220880687,20.24,50.47,148.86,50.5,81.45,52.33,173.11,100.05,55.33,144.59,115.49,17.4,59.8666666666667,51.52,97.43,39.12,50.46,104.49,132.4,54.56,61.56,30.8711111111111,149.74,50.64
4,01/03/2019,44.37,38.75,88.66,70.54,80.3,105.1,141.88,93.43,24.56,29.3,46.56,377.98,191.66,26.73,29.23,30.37,74.4,69.28,76.16,58.41,24.18,75.01,169.51,12.04,42.82,16.43,15.5398486117974,15.07,44.52,136.18,40.87,78.01,39.68,143.86,81.89,58.23,118.27,81.27,13.65,47.6933333333333,40.72,61.85,24.09,44.09,88.81,115.26,45.7,46.57,31.6533333333333,146.54,41.35
5,01/03/2020,52.98,51.36,132.99,95.31,112.83,167.12,207.97,124.6,34.9,25.09,50.27,503.57,226.18,39.65,56,39.91,106.5,70.66,102,83.88,30.44,104.3,231.58,14.81,60.64,17.67,20.6118546845124,19.91,52.76,241.12,51.09,111.88,51.2,169.32,105.37,74.32,158.83,93.26,16.77,59.48,47.01,79.57,35.69,56.2,124.75,137.02,58.51,53.42,46.0333333333333,204.33,51.7
6,01/03/2022,58.27,57.39,156.27,166.71,118.27,304.26,293.24,168.21,46.18,33.41,58.51,911.73,300.79,68.79,126.63,49.14,113.11,88.61,148.34,118.64,44.67,94.94,395.33,15.8,69.51,23.29,37.7724665391969,23.58,58.1,383.59,63.23,167.23,100.19,158.25,120.7,102.0,208.22,109.92,22.67,102.86,85.76,94.45,47.0,60.4,194.58,155.75,57.27,50.73,54.1733333333333,235.57,64.24
7,01/03/2023,71.58,62.93,127.32,187.26,136.66,310.66,299.42,147.12,33.51,27.12,46.3,712.04,309.91,56.65,76.13,39.53,104.01,66.05,92.97,96.99,32.64,119.59,346.22,14.1,75.35,18.22,32.7151051625239,17.61,58.59,276.47,72.15,165.98,85.72,144.97,89.78,130.14,159.52,99.48,21.47,106.11,81.94,78.4,32.39,43.63,109.15,187.12,44.64,41.79,72.58,245.18,48.46
8,01/04/2018,44.57,60.4,100.05,63.22,100.8,169.69,135.42,100.85,30.19,43.3,54.69,521.13,200.69,25.9,33.26,43.68,73.62,87.51,101.42,78.25,30.63,90.7,256.83,14.85,55.4,36.83,24.0258949735393,20.32,50.72,151.6,51.36,82.3,53.13,173.44,101.55,55.32,144.6,116.51,17.54,60.36,51.81,98.48,39.4,51.07,105.31,132.4,54.98,62.33,30.9955555555556,151.26,50.85
9,01/04/2019,44.92,40.18,90.45,72.32,82.67,110.73,144.55,97.64,25.58,30.26,47.91,391.82,195.2,27.39,30.23,31.62,75.89,71.5,79.54,61.29,24.76,77.67,175.05,12.38,44.14,17.26,16.2649221933386,15.58,45.65,143.28,42.28,79.92,41.3,148.28,84.75,59.56,121.23,85.04,14.15,49.6266666666667,42.44,64.19,25.24,45.25,91.98,118.68,46.83,47.95,32.1422222222222,150.5,42.62
10,01/04/2021,43.19,37.13,132.11,120.24,108.08,188.11,204.55,118.04,30.03,24.34,41.69,710.82,228.45,46.35,63,35.52,84.5,55.5,97.84,89.61,27.23,92.4,265.0,12.56,48.29,16.95,23.7284894837476,16.29,44.4,292.0,46.08,113.51,68.33,126.82,92.5,97.13,149.15,76.4,15.95,62.6866666666667,52.76,72.25,34.14,47.18,147.69,135.65,46.12,29.7,43.2933333333333,203.7,42.93
11,01/04/2022,60.18,59,157.74,167.43,121.13,318.08,294.27,173.61,47.99,34.22,60.6,917.22,308.53,69.12,124.94,51.37,115.74,92.4,151.15,122.3,46.57,97.39,407.48,16.4,70.83,24.31,38.5372848948375,24.82,59.39,386.27,64.94,167.15,104.26,164.0,125.28,102.16,215.89,113.71,23.68,107.49,89.96,98.32,48.16,62.35,195.12,159.0,58.77,52.75,54.98,238.67,66.07
12,01/04/2023,71.92,63.86,129.09,189.74,138.96,312.88,302.72,150.54,34.14,27.83,47.44,721.9,314.55,57.6,78.01,40.65,106.35,66.9,95.8,101.27,33.46,120.01,347.7,14.36,76.82,18.98,36.9789674952199,18.08,59.27,284.11,73.19,169.21,86.65,146.59,91.68,131.24,163.73,101.18,21.91,105.54,83.35,79.48,33.1,44.85,111.36,187.23,46.03,42.65,72.34,246.49,50.23
13,01/05/2018,44.865,60.65,101.31,63.51,101.87,170.27,136.57,101.08,30.33,43.57,54.83,525.57,201.42,26.145,33.01,43.88,74,88.47,101.43,78.16,30.71,91.06,255.52,14.98,55.16,37.28,24.0617010763315,20.33,50.62,154.12,51.84,82.87,53.11,172.82,102.0,55.53,144.78,117.68,17.49,60.6333333333333,52.01,98.57,39.74,51.23,107.23,132.16,55.32,62.75,30.8666666666667,152.23,50.87
14,01/05/2021,43.26,37.75,132.15,119.44,107.23,187.01,204.3,118.67,30.26,24.28,42.16,714.58,227.47,46.32,62.81,36.29,83.7,56.8,100.14,90.73,27.61,92.33,270.93,12.84,47.97,17.46,23.8240917782027,16.55,44.72,284.38,46.65,112.72,69.49,128.49,91.81,96.95,148.36,77.14,16.25,62.9333333333333,52.77,72.68,34.77,47.5,149.09,134.53,46.27,30.53,42.92,202.0,43.61
15,01/05/2022,60.08,58.19,156.31,164.29,121.02,314.94,293,171.76,47.18,33.86,60.18,891.77,309.92,67.45,117.79,50.98,114.11,92.34,148.26,120.64,46.43,97.44,398.63,16.42,70.36,23.69,37.5525812619503,24.67,58.78,377.05,64.63,164.83,101.68,165.29,124.43,102.89,212.39,111.4,23.45,105.03,89.31,97.15,46.91,61.67,187.48,159.77,58.46,52.29,54.3666666666667,237.01,66.22
16,01/05/2023,71.5,63.51,126.16,186.44,139.34,308.75,300.35,146.43,34.07,27.33,47.21,701.24,312.9,57.08,76.59,40.47,106.67,66.06,93.98,99.55,33.13,120.19,343.76,14.26,77.08,18.68,35.4397705544933,17.84,59.21,276.69,72.6,166.14,85.92,146.24,91.51,131.53,159.37,99.44,21.67,107.25,83.11,78.71,31.98,44.44,108.21,187.55,45.67,42.42,71.88,246.44,49.35
17,01/06/2020,52.83,51.4,133.11,95.75,113.16,167.67,208.57,124.06,34.85,25.29,50.74,504,226.99,39.62,55.9,39.7,105.68,69.63,101.08,82.4,30.19,103.75,233.95,14.57,60.48,17.79,20.3824091778203,19.61,52.08,241.87,50.95,111.91,51.02,167.92,105.24,75.67,158.51,93.49,16.58,59.24,47.34,80.79,35.68,55.73,125.52,137.17,57.71,53.1,45.9666666666667,204.58,51.07
18,01/06/2021,44.93,40.21,137.95,121.93,109.99,197.74,206.78,123.06,32.15,25.53,45.01,734.96,230.27,47.23,61.66,38.81,87.64,61.44,107.38,95.46,30.26,97.47,285.55,14.1,50.86,18.41,25.1720841300191,18.16,46.87,281.35,49.43,113.5,73.68,139.81,97.29,98.79,156.51,81.71,17.25,66.66,57.41,77.63,36.88,50.0,151.53,139.1,49.01,32.69,44.3933333333333,203.7,48.51
19,01/06/2022,61.19,59.19,155.83,166.08,122.4,319.2,290.5,172.9,48.13,34.1,61.3,895.49,313.22,68.54,119.16,53.8,116.22,96.49,150.73,122.82,48.37,98.99,396.93,17.03,71.5,24.14,38.4512428298279,25.93,59.36,374.62,66.45,166.69,103.42,171.93,125.98,105.25,220.57,113.22,24.59,106.52,90.74,98.92,47.56,63.98,190.02,162.33,60.05,53.63,55.2933333333333,234.34,68.94
20,01/06/2023,73.84,64.55,128.59,192.02,141.37,321.28,307.33,150.17,34.41,28.38,47.95,738,318.69,58.83,79.22,41.64,109.74,67.6,97.07,103.04,34.47,123.37,348.08,14.6,78.9,19.17,35.8030592734226,18.37,60.47,289.7,73.58,170.96,87.56,150.19,94.67,134.61,164.21,101.01,22.39,110.18,84.54,80.68,32.8,45.86,112.29,193.87,46.31,42.8,74.29,253.43,51.26
21,01/07/2019,45.16,40.41,90.81,72.11,82.54,111.24,144.23,98.17,25.56,30.41,47.8,392.91,196.91,27.37,31.13,32.01,75.55,72.13,79.98,61.39,24.9,77.96,176.02,12.43,43.98,17.47,16.3723405017151,15.74,45.96,143.81,42.55,80.27,41.71,150.1,84.97,60.04,120.96,85.0,14.39,49.86,42.74,64.99,25.37,45.61,91.85,118.3,46.61,47.64,32.2355555555556,151.61,42.79
22,01/07/2020,52.33,51.11,132.21,94.72,112.19,165.65,206.8,123.41,34.62,25.56,51.25,507.22,225.92,39.5,55.9,39.45,103.69,69.17,100.08,81.49,29.85,103.65,235.49,14.41,59.94,17.76,20.1816443594646,19.46,51.84,241.0,51.29,111.57,50.92,165.89,105.82,72.76,157.26,93.39,16.35,59.8666666666667,47.62,81.91,35.18,55.49,126.02,135.16,57.16,52.66,45.1266666666667,204.16,50.76
23,01/07/2021,44.68,40.89,139.34,122.33,110.07,200.13,206.56,121.66,32.86,25.49,45.28,750.42,232.88,47.88,63.23,40.17,87.68,62.34,110.73,97.55,31.44,96.97,291.65,14.44,50.4,18.33,25.0095602294455,18.49,46.75,281.38,49.58,113.34,74.94,147.55,97.58,94.74,159.0,81.35,17.66,67.82,59.06,77.73,36.71,51.49,154.55,139.07,49.99,33.43,44.0066666666667,205.25,49.99
24,01/07/2022,62.16,60.74,158.74,165.36,125.95,319.33,282.78,174.38,49.18,35.16,62.33,892.27,319.78,68.6,116.65,54.22,118.64,97.07,154.69,125.69,48.8,100.72,397.51,17.22,72.06,24.54,38.604206500956,26.35,60.78,372.4,67.26,163.81,104.05,176.93,129.66,109.18,223.73,114.79,25.12,109.07,91.74,101.66,48.21,65.0,191.58,166.24,61.0,54.77,56.3866666666667,231.56,70.09
25,01/08/2018,44.98,60.25,99.7,63.55,101.39,172,136.58,100.15,30.12,43.92,55.06,529.49,202.74,26.065,33.28,44.06,73.67,88.72,100.8,77.57,30.7,91.33,251.81,14.95,54.78,36.84,24.3929075271589,20.28,50.58,155.07,51.98,81.99,52.89,172.42,102.5,55.7,145.05,117.61,17.47,61.1266666666667,52.24,99.65,39.26,51.5,109.88,131.45,55.4,62.04,30.7111111111111,151.41,50.62
26,01/08/2019,45.3,40.57,90.92,72.43,82.53,111.94,144.92,98.65,25.51,30.59,47.62,397.91,196.31,27.73,31.4,32.01,75.48,72.32,80.02,61.5,25.03,78.86,175.37,12.55,43.39,17.28,16.5245164385818,15.73,45.85,145.9,42.77,80.82,41.45,150.75,84.33,60.73,121.15,85.5,14.54,50.22,43.28,65.27,25.42,45.72,92.32,117.84,46.91,47.54,32.0,152.58,43.18
27,01/08/2020,52.49,51.71,132.71,94.85,112.5,167.14,207.65,125.54,34.97,25.42,51.31,507.1,225.99,39.79,56.74,39.76,103.1,69.68,101.14,82.37,29.92,103.6,237.76,14.53,60.26,17.82,20.1434034416826,19.65,51.85,245.62,51.83,111.24,51.57,166.73,106.79,73.19,158.89,93.99,16.45,61.0333333333333,47.91,81.49,35.45,55.61,127.22,136.61,57.04,52.82,45.4466666666667,204.39,51.26
28,01/08/2021,44.49,40.62,138.61,120.85,109.95,201.55,205.22,121.78,32.53,25.28,44.8,756.45,234.03,48.02,62.9,39.56,87.78,61.38,110.56,97.11,31.18,96.44,290.08,14.43,49.89,18.65,25.2294455066922,18.24,46.58,280.21,49.41,113.48,75.25,144.24,96.89,94.5,158.19,80.7,17.57,68.0,58.98,77.13,36.58,50.65,154.52,139.65,49.32,33.19,44.24,203.64,48.72
29,01/09/2018,45,60.63,99.11,63.63,100.94,174.08,136.92,100.52,30.27,43.66,55.56,533.94,203.02,26.275,33.74,44.19,73.21,90.37,101.69,78.24,31.25,92.07,253.94,15.23,54.97,37.2,24.7062109265903,20.74,51.13,156.12,52.36,81.99,53.3,174.91,104.26,56.17,147.82,119.0,17.78,62.1,53.34,101.4,39.44,52.09,111.75,132.47,55.78,62.26,30.5733333333333,151.83,51.81
30,01/09/2019,45.2,41.16,91.48,73.28,83.16,113.1,145.13,98.83,25.76,30.32,47.76,400.19,196.37,27.79,31.74,32.43,76.24,73.22,80.57,62.13,25.05,79.71,176.47,12.65,43.77,17.32,16.569274067072,15.85,46.05,146.39,43.5,80.89,41.74,152.35,85.09,61.3,120.81,86.88,14.7,51.14,43.83,66.78,25.99,46.15,92.65,118.68,47.41,47.8,32.0888888888889,151.66,43.55
31,01/09/2020,52.5,52.28,134.64,95.78,113.78,168.87,209.1,127.81,35.03,25.2,51.48,513.1,228.65,40.33,57.85,40.02,104.94,69.83,102.51,83.43,30.25,104.65,242.6,14.56,60.62,18.01,20.9369024856597,19.69,52.71,248.85,52.37,112.03,52.06,167.26,108.13,73.94,160.81,94.7,16.55,61.9,48.11,82.92,35.43,56.18,128.28,137.62,57.06,52.73,45.7133333333333,205.0,51.6
32,01/09/2023,71.45,63.87,125.11,191.76,140.01,321.22,306.33,150.4,33.89,28.51,48.14,752.99,315.53,58.84,80.58,41.1,108.69,66.81,97.45,103.88,34.22,120.28,353.0,14.41,76.85,19.27,36.0898661567878,18.19,58.97,290.79,71.34,170.39,87.64,148.55,94.21,132.01,164.28,98.26,22.09,110.67,85.43,80.91,32.29,45.8,114.85,189.12,46.61,42.39,72.98,255.06,51.02
33,01/10/2018,45.37,61,96.49,63.57,100.43,175.83,136.66,101.22,30.55,43.27,57.3,531.57,205.61,26.11,34.18,44.9,72.19,91.31,103.14,79.47,31.58,92.76,254.33,15.48,55.04,36.82,24.9210475433433,21.01,51.21,154.81,53.03,81.16,53.93,176.75,105.76,55.68,149.62,121.51,18.08,62.9333333333333,53.56,104.25,39.66,52.71,112.27,132.11,56.2,63.12,30.2,153.61,52.35
34,01/10/2019,45.77,41.42,92.5,73.69,83.54,113.44,147.63,98.26,25.73,30.47,47.47,399.5,196.58,27.99,31.73,32.24,77.3,73.08,79.95,62.49,24.92,79.82,176.0,12.56,44.22,17.55,16.8915289922014,15.8,46.39,149.04,43.37,81.46,41.66,150.44,84.89,61.97,119.58,87.31,14.71,51.0266666666667,43.71,66.51,25.75,45.86,92.29,120.27,47.31,47.75,32.4355555555556,153.35,43.76
35,01/10/2020,52.07,52.03,132.44,95.44,113.45,169.16,208.06,127.28,34.74,25.02,50.54,512.18,226.62,40.4,57.72,39.52,104.7,68.42,101.55,82.68,29.76,104.25,242.11,14.38,59.76,17.7,20.6883365200765,19.45,52.07,248.03,52.47,111.7,52.21,165.99,106.99,73.7,158.57,94.41,16.35,61.92,47.8,81.69,35.47,55.96,127.46,135.51,56.67,52.5,45.24,205.0,50.67
36,01/10/2022,62.91,61.41,156.35,162.43,123.54,318.65,282,173.74,48.93,34.92,62.8,873.34,318.93,68.08,114.72,53.92,118.25,97.12,157.15,127.52,48.8,101.01,399.17,17.03,71.84,24.16,38.7476099426386,26.33,60.73,361.79,67.5,165.18,104.13,177.49,129.25,110.0,222.45,114.46,24.86,107.69,91.65,101.2,48.3,65.29,189.21,164.06,61.36,55.35,56.26,232.62,69.56
37,01/10/2023,72,63.45,126.52,192.68,141.26,319.77,307.33,152,34.12,29.15,48.01,757.28,316.35,59.87,80.53,41.26,110.51,67.58,98.5,105.61,34.46,121.53,357.36,14.47,76.2,19.52,37.4474187380497,18.21,59.04,297.25,71.57,170.39,88.92,148.0,94.84,133.02,164.94,99.35,22.03,110.97,85.62,81.46,32.84,46.0,117.2,191.22,46.66,42.36,73.35,253.38,51.04
38,01/11/2018,45.845,61.15,95.79,63.4,100.78,178.98,135.27,100.73,30.66,43.94,57.83,537.92,206.69,26.1,34.53,45.3,72.77,92.52,104.42,80.36,31.86,92.86,255.13,15.63,55.09,37.3,25.0463689031158,21.19,51.51,155.72,53.49,81.02,54.2,177.99,105.95,55.66,151.49,123.72,18.2,63.4466666666667,54.17,105.78,39.76,53.16,113.06,132.34,56.68,63.01,30.4933333333333,154.76,53.11
39,01/11/2019,45.69,41.66,92.58,72.7,83.45,113.44,147.25,98.55,26.03,30.33,48.08,397.91,196.29,27.78,31.97,32.63,77.05,73.31,80.94,62.54,25.06,80.08,176.93,12.63,44.46,17.38,17.0884625575583,15.96,46.58,148.97,43.72,81.15,41.74,150.81,85.65,61.68,120.05,87.74,14.78,51.5,43.82,67.01,26.02,45.61,90.25,120.47,47.44,47.87,32.2622222222222,153.99,43.99
40,01/11/2021,44.51,40.28,137.81,118.46,109.15,201.58,202.13,121.06,33.07,25.75,45.56,766.68,233.43,46.98,62.69,39.83,88.67,62.57,109.31,95.23,31.38,95.36,293.83,14.73,50.25,18.94,25.5927342256214,18.48,46.55,276.35,49.4,112.59,76.06,146.7,97.89,95.09,159.38,80.78,17.88,68.8733333333333,60.25,78.14,36.29,50.94,155.38,137.43,49.34,33.24,44.2466666666667,199.23,49.87
41,01/11/2022,63.22,61.77,157.47,163.75,123.82,326.03,287.7,175.38,49.21,35.96,63.07,888.19,319.8,68.35,121.3,54.54,119.48,97.35,158.51,128.58,49.05,102.1,403.05,17.01,72.4,24.82,39.6080305927342,26.43,61.13,367.86,68.0,165.73,105.92,178.2,131.61,108.92,223.84,115.39,24.66,108.85,93.91,102.35,48.76,65.66,193.68,163.16,62.12,56.06,56.7066666666667,233.96,70.22
42,01/11/2023,71.91,63.46,126.59,195.76,138.23,329.99,312.19,153.92,34.38,29.47,48.18,755.92,320.37,61.69,83.07,41.47,109.89,68.04,101.79,107.04,34.32,121.94,364.48,14.57,75.98,19.77,37.7151051625239,18.29,59.83,307.43,71.57,173.91,89.43,149.35,96.28,132.25,165.84,100.0,22.13,111.8,83.42,82.34,33.76,46.37,120.27,191.63,47.11,42.74,72.96,257.18,51.33
43,01/12/2018,42.47,60.97,95.39,63.88,102.11,182.04,136.55,100.97,31.19,44.53,58.42,555.53,210.16,26.21,35.39,45.52,74.03,93.04,105.43,80.51,32.35,92.25,257.03,15.85,55.29,37.86,25.0016112746256,21.42,52.78,157.25,53.33,81.74,55.12,178.52,107.26,55.94,151.84,124.12,18.28,64.5266666666667,55.39,107.24,39.37,53.14,115.35,134.73,56.98,62.55,30.8622222222222,155.46,53.28
44,01/12/2021,46.18,41,141.17,118.54,109.78,204.55,202.48,121.62,33.66,26.53,46.56,777.74,233.03,46.85,62.58,40.3,92.47,63.54,110.76,95.33,31.82,95.65,302.21,14.9,51.86,19.58,25.4780114722753,18.84,46.92,274.06,50.2,113.0,75.8,149.65,99.35,95.07,161.73,82.29,18.26,69.02,61.2,80.42,36.56,52.25,158.31,140.42,49.65,33.94,44.8333333333333,199.95,50.36
45,01/12/2022,63.34,61.37,157.08,165.73,123.79,328.2,287.7,174.47,48.86,35.12,63.55,885.11,320.39,69.43,122.34,55.21,118.88,98.36,158.79,127.8,49.2,104.25,390.31,17.09,72.32,24.71,35.9369024856597,26.4,61.18,372.9,67.62,166.37,103.05,179.53,132.75,109.85,224.93,115.65,24.78,109.57,94.82,103.33,49.03,66.33,180.83,162.97,62.49,56.4,57.0066666666667,233.77,70.21
46,01/12/2023,71.8,63.68,126,194.99,137.07,331.17,315.87,154.92,34.47,29.83,48.16,753.96,318.93,61.66,85.06,41.83,107.93,68.91,101.02,106.06,34.9,121.38,369.94,14.65,76.25,19.57,38.4799235181644,18.34,59.88,312.4,71.39,174.16,90.53,149.64,97.33,132.94,168.82,99.6,22.36,113.83,83.48,82.37,33.58,47.18,119.57,191.99,47.59,42.83,73.03,254.73,51.45
47,01/13/2020,52.5,52.62,132.47,95.37,114.48,169.73,209.07,128.54,35.06,25.51,50.88,523.11,228.45,40.38,58.43,39.86,105.09,68.75,101.91,82.88,29.86,104.09,245.21,14.46,59.5,18.06,20.8604206500956,19.48,52.1,251.49,52.58,112.0,52.78,166.85,108.68,74.92,159.44,95.07,16.44,62.56,48.02,82.08,35.41,56.22,131.03,136.26,56.71,52.11,45.4066666666667,205.0,51.02
48,01/13/2021,46.09,40.72,140.35,117.93,108.88,203.07,206.9,122.4,33.46,26.45,46.32,779.75,234.51,46.28,63.97,40.25,91.81,63.68,112.08,96.99,31.7,95.91,302.94,14.87,51.9,19.52,25.4302103250478,18.79,47.14,274.25,50.33,113.48,75.56,146.71,98.33,94.93,159.1,82.24,18.16,67.92,59.51,78.66,37.41,52.08,157.2,142.25,49.51,33.8,44.3733333333333,204.27,49.79
49,01/13/2022,63.43,61.87,155.95,162.45,124.16,327.32,280.43,173.29,48.76,34.93,63.65,867.58,321.26,68.58,118.94,55.7,120.99,98.78,161.37,129.4,49.54,104.16,390.8,17.33,72.41,24.77,36.3862332695985,26.7,61.49,362.59,67.89,163.95,102.55,183.21,133.23,109.26,226.45,116.42,25.03,108.37,93.38,103.44,49.46,66.77,177.31,163.05,63.19,56.0,57.4933333333333,231.21,70.06
50,01/13/2023,72.85,64.41,128.75,196.55,138.97,333.18,317.17,155.76,35.23,30.07,49.03,753.99,317.64,61.27,85.04,41.72,108.75,68.54,102.85,107.2,34.64,121.28,374.0,14.58,76.68,19.39,38.6902485659656,18.18,60.22,314.53,71.92,173.38,91.66,149.55,98.2,133.65,164.0,101.0,22.43,115.55,82.98,82.97,33.47,47.57,118.51,193.92,47.33,44.22,73.36,254.65,51.39
51,01/14/2019,45.93,42,93.6,72.66,83.8,114.04,147.61,98.44,26.37,30.34,48.42,396.42,195.78,27.86,31.98,33.06,77.6,73.95,81.4,63.19,25.37,80.02,178.72,12.83,44.53,17.55,17.2764445972172,16.24,46.65,149.22,43.97,81.49,42.48,151.04,86.06,61.58,120.55,88.53,14.96,51.6733333333333,43.8,68.46,25.85,46.15,91.19,120.58,47.79,48.42,32.5466666666667,153.57,44.32
52,01/14/2020,52.2,52.34,130,95.09,113.8,168.42,207.65,128.8,35.32,25.25,51.01,518.32,227.17,40.21,58.11,40.01,104.86,68.95,102.56,83.04,29.74,103.93,245.66,14.6,59.76,17.9,20.8604206500956,19.5,52.03,249.43,52.19,111.51,52.86,166.58,108.0,74.25,159.88,94.93,16.49,62.6333333333333,47.71,81.53,35.4,56.36,129.73,136.65,56.59,49.3,45.5266666666667,204.0,51.42
53,01/14/2021,46.87,41.3,139.13,116.01,109.06,206.95,206.62,123.78,33.99,27.12,46.53,743.5,235.02,45.75,63.5,41.45,93.49,65.88,114.4,98.43,32.54,96.58,307.87,15.0,52.37,20.27,25.2294455066922,18.93,47.4,272.16,51.57,111.99,76.47,149.36,99.69,93.45,161.5,83.91,18.65,68.4666666666667,59.33,79.58,38.91,53.14,158.53,142.32,49.28,34.75,44.0066666666667,205.5,50.92
54,01/14/2022,64.06,61.91,154.89,157.7,124.08,328.58,273.45,168.4,47.91,35.27,63.6,848.6,324.13,67.05,116.12,56.35,119.54,101.24,160.56,127.54,50.45,105.97,380.94,17.63,72.45,24.89,35.9751434034417,27.01,61.63,353.55,68.37,161.2,98.88,185.34,133.62,109.75,222.2,117.4,25.41,108.44,95.53,103.77,48.67,67.41,174.97,163.21,63.25,58.06,57.06,229.12,70.65
55,01/15/2019,46.4,42.45,94.5,72.91,84.23,115.18,149.68,97.99,26.55,30.66,49.41,400.71,196.94,27.92,32.23,33.1,77.64,74.04,81.52,62.94,25.46,80.5,179.91,12.88,44.89,17.8,17.4375720597819,16.31,46.65,153.23,44.06,81.68,42.88,151.45,86.95,62.03,121.12,88.98,15.11,51.7,44.25,68.66,25.77,46.34,92.75,121.82,47.97,47.67,32.8355555555556,154.63,44.81
56,01/15/2020,52.3,51.78,130.73,95.81,114.26,168.29,209.03,129.82,34.67,25.12,50.69,530.26,228.35,40.59,58.23,38.98,105.4,66.98,102.34,83.32,29.03,103.72,245.21,14.46,59.6,18.0,20.736137667304,19.17,51.68,253.03,51.85,112.21,52.94,162.62,107.02,75.72,154.08,94.32,16.31,62.38,47.12,81.21,35.2,55.13,130.15,137.57,54.97,48.32,45.9666666666667,204.07,50.37
57,01/15/2021,46.48,41.35,140.17,116.11,108.4,208.28,207.93,122.15,33.01,26.56,45.57,727.76,233.49,46.3,63.35,40.63,93.7,63.78,112.53,97.76,31.87,96.08,301.01,14.76,51.67,20.0,25.0095602294455,18.41,47.19,266.65,51.14,111.84,75.24,144.77,96.44,94.8,154.78,83.61,18.23,68.6266666666667,58.75,77.18,38.77,51.97,156.42,143.24,48.4,32.04,44.0933333333333,206.65,49.14
58,01/16/2018,43.195,61.06,93.89,63.42,102.13,177.31,134.54,100.34,31.24,43.79,57.54,563,210.29,26.185,35.02,45.25,74.2,93.79,104.42,78.94,32.28,91.42,258.46,15.68,55.24,37.2,24.6614532981001,21.32,52.19,155.53,51.85,81.26,54.6,177.78,106.61,56.27,152.26,122.09,18.16,63.7333333333333,55.53,105.97,37.93,53.08,114.47,135.52,57.17,62.5,30.8533333333333,152.58,52.9
59,01/16/2019,46.81,43.13,94.41,73.72,84.54,118.26,150.99,99.41,28.45,30.99,50.43,413.04,198.41,28.32,32.58,33.95,77.94,78.13,83.62,64.36,26.26,81.26,197.08,13.27,45.33,18.31,17.7866815620054,16.75,46.68,155.4,44.87,82.0,44.49,154.42,88.42,62.6,121.21,90.48,15.4,53.3133333333333,46.7,70.47,26.38,47.54,95.27,122.3,49.11,48.94,33.2844444444444,156.92,45.75
60,01/16/2020,52.79,52.36,131.57,96.05,116.15,171.95,210.15,130.55,34.72,25.76,46.72,535,229.73,41.12,60.15,39.59,105.53,68.24,102.92,83.64,29.39,104.45,249.72,14.66,60.27,18.26,21.4244741873805,19.41,52.14,256.05,52.2,112.82,56.44,163.95,107.93,75.44,152.62,95.39,16.65,63.5866666666667,49.0,81.14,35.48,55.86,132.02,138.85,55.19,49.25,46.4866666666667,204.19,50.74
61,01/17/2018,43.91,61.42,94.81,64.05,103.94,178.47,136.5,100.76,31.18,44.9,57.89,576.51,214.16,26.29,34.96,45.84,75.06,94.76,104.39,78.93,32.49,92.03,253.65,15.76,56.23,38.08,24.9031444919472,21.26,52.35,157.41,52.55,81.53,55.35,179.21,106.89,57.23,154.23,123.44,18.36,64.1666666666667,56.09,106.4,38.06,53.28,116.38,136.86,56.34,63.88,31.16,154.55,53.32
62,01/17/2019,47.32,43.29,95.45,73.91,84.57,118.59,152.5,99.49,28.99,31.07,51.53,412.52,198.78,28.18,32.64,33.9,78.18,79.7,83.65,64.54,26.41,81.7,199.09,13.36,46.11,18.46,17.8135361390995,16.33,46.8,157.86,45.05,82.38,42.53,163.21,89.18,63.25,121.89,91.17,15.61,53.2333333333333,46.92,71.05,26.35,48.28,94.74,122.94,49.75,49.23,33.2933333333333,156.96,46.59
63,01/17/2020,53.42,52.9,133.77,96.45,117.55,172.43,211.85,131.52,34.71,25.74,46.18,535.24,230.2,41.41,60.76,40.87,107.31,68.72,104.13,84.44,29.45,104.45,249.46,14.71,61.22,18.32,21.4244741873805,19.59,52.39,257.63,52.61,114.15,57.51,163.03,109.38,76.3,153.36,97.1,16.39,64.18,48.34,82.56,35.76,56.29,132.26,140.73,55.35,49.18,46.9066666666667,204.99,50.74
64,01/17/2023,72.44,63.78,128,195.65,135.52,336.28,316.94,153.75,34.52,29.78,49.68,749.73,314.86,61.18,85.88,40.82,106.19,68.2,103.63,105.41,34.11,120.56,349.92,14.5,75.96,19.15,38.32,18.02,59.35,313.58,71.57,172.01,97.08,150.54,99.4,130.69,161.85,101.08,22.43,117.01,83.49,83.0,33.67,47.15,118.64,185.0,47.44,44.12,71.81,252.2,50.86
65,01/18/2018,43.22,61.53,94.27,64.03,104,177.57,135.08,99.86,31.48,44.63,55.35,579.22,213.19,26.18,34.91,45.76,74.86,93.81,103.41,78.22,32.17,91.66,250.97,15.51,56.09,37.86,24.7330655036845,20.82,52.52,157.58,52.95,81.56,55.84,186.15,105.38,57.29,153.71,123.31,18.15,63.6,55.33,105.05,37.3,54.14,115.79,137.34,56.15,63.95,31.12,153.56,52.86
66,01/18/2019,47.7,44.16,96.38,74.41,85.7,121.11,154.41,100.48,29.3,31.54,52.66,419.45,204.48,28.64,32.91,35.43,80.35,81.19,84.97,66.37,27,81.98,202.54,13.59,46.68,18.84,18.2432093726055,16.85,47.53,159.4,45.31,84.06,43.69,165.59,91.16,64.42,125.25,92.26,15.7,54.1733333333333,47.98,71.3,26.28,49.29,96.61,124.01,50.22,50.01,33.6355555555556,158.66,47.05
67,01/18/2022,63.66,60.9,152.64,155.58,123.22,319.2,272.68,166.17,46.26,34.26,62.92,832,320.29,65.96,113.92,55.67,117.37,99.51,157.08,123.72,49.62,105.12,354.4,17.45,71.32,24.05,35.9560229445507,26.6,60.91,344.42,68.19,158.74,94.01,182.39,132.24,109.87,216.88,115.73,24.81,104.94,92.16,101.01,47.24,67.17,170.76,163.57,62.19,56.69,56.4866666666667,227.16,69.43
68,01/18/2023,71.88,62.21,127.19,191.99,132.43,328.2,314.09,150.42,33.72,29.91,49.23,747.36,308.3,60.63,83.99,40.9,104.4,65.94,101.9,102.34,32.72,118.63,349.09,14.07,75.11,19.03,37.97,17.24,58.47,316.48,70.16,168.81,96.58,145.8,98.97,128.23,152.07,98.57,21.82,114.42,81.38,81.54,33.21,45.74,117.2,183.63,45.81,43.38,71.0,251.29,48.26
69,01/19/2018,43.41,61.55,94.08,64.29,103.7,178.81,135.18,98.03,31.72,44.89,56.61,590.26,213.25,26.25,34.7,46.82,75.16,94.99,104.38,78.32,32.5,92.15,256.12,15.81,55.96,38.13,25.07322348021,21.16,52.51,159.18,53.4,82.08,57.46,188.78,106.49,57.66,155.25,124.13,18.67,64.1266666666667,55.48,107.61,38.47,54.8,117.35,137.85,56.46,64.22,31.4355555555556,153.89,53.73
70,01/19/2021,47.05,42.25,142.98,117.4,110.27,212.99,209.16,126.75,32.77,27.14,45.82,733.65,234.55,46.73,64.41,40.83,93.77,63.9,112.86,99.07,32.07,96.88,294.2,14.88,52.66,20.25,24.6940726577438,18.55,47.56,269.29,52.12,112.22,74.99,146.2,97.36,96.19,156.0,84.86,18.42,69.24,59.23,78.4,39.7,52.15,158.48,143.51,48.07,32.63,43.7466666666667,208.5,49.33
71,01/19/2022,62.76,58.84,151.53,154.59,120.93,311.83,270.63,161.39,46.44,33.82,59.24,825.5,314.75,64.63,112.26,54.36,114.97,96.67,151.61,118.5,47.97,104.1,347.32,17.11,70.46,23.25,34.6558317399618,25.59,59.59,346.63,66.76,158.27,95.73,175.92,125.84,107.63,208.52,113.19,23.65,102.21,91.51,93.88,45.64,64.58,167.79,160.07,57.37,55.57,55.02,226.56,66.17
72,01/19/2023,70.68,61.72,125.86,190.89,124.64,323.17,318.96,146.85,33.23,29.34,48.92,729.87,305.23,60.25,80.52,40.27,101.15,69.84,97.91,101.9,33.64,117.32,350.75,14.02,74.31,18.58,37.47,16.45,58.07,312.96,69.43,169.6,94.15,153.81,90.46,125.92,148.02,96.94,21.69,112.44,76.32,80.52,32.58,47.71,114.0,184.04,45.63,42.95,69.8,251.72,49.52
73,01/20/2021,47.06,42.08,142.01,119.47,111,213.16,211.94,128.94,32.34,27.03,42.49,741.54,234.76,47.61,65.22,40.09,92.48,63.12,111.38,99.89,31.33,96.52,290.47,14.68,52.49,21.57,24.7323135755258,18.29,47.35,275.53,51.65,113.44,74.84,143.73,94.8,96.06,156.26,84.01,18.15,68.9866666666667,58.61,76.64,39.91,51.63,159.54,145.02,45.58,32.46,44.44,210.27,48.3
74,01/20/2022,61.9,58.84,149.11,155.67,119.49,309.4,270.25,160.92,45.75,32.72,59.92,826.55,311.01,64.24,111.56,52.16,115.78,93.54,150.27,116.8,46.62,103.31,348.1,16.68,71.1,22.64,34.7036328871893,25.13,59.09,345.27,66.46,158.19,99.83,166.35,120.02,107.17,206.9,112.43,22.42,101.65,91.43,94.21,45.16,63.12,164.79,165.18,56.94,55.0,55.5333333333333,228.24,64.23
75,01/20/2023,71.05,62.47,128.91,193.9,125.65,333.25,325.4,151.6,33.85,30.04,49.24,741.71,309.87,61.72,85.01,41.26,102.73,69.13,104.18,106.14,34.61,117.42,341.84,14.11,75.05,18.97,38.07,17.44,58.96,320.47,70.19,173.12,96.24,153.69,93.36,127.63,154.87,98.63,22.69,113.68,77.03,84.28,35.41,47.92,117.81,185.33,46.46,43.92,69.92,253.05,51.48
76,01/21/2020,52.84,51.67,131.53,96.19,117.8,170.25,211.26,130.53,34.26,25.51,46.78,529.14,228.63,41.2,61.17,40.09,106.33,66.31,102.19,83.68,29.02,103.85,245.7,14.61,60.49,18.31,21.2332695984704,19.5,51.5,256.34,51.76,113.96,55.92,160.97,108.57,76.43,151.65,95.49,16.25,64.4266666666667,48.45,81.31,35.72,56.28,132.3,140.91,54.42,48.94,46.5666666666667,205.03,49.9
77,01/21/2021,46.32,41.05,137.71,119.09,110.72,211.94,209.47,127.43,31.77,26.46,42.26,742.2,234.16,47.46,65.69,38.92,88.28,62.06,108.54,94.24,30.68,95.71,289.37,14.51,51.02,20.9,24.5506692160612,18.15,46.53,270.77,51.07,111.83,74.7,144.51,94.22,94.26,153.69,82.86,17.79,68.4,58.7,74.58,38.17,51.07,156.64,148.72,45.67,32.0,44.3933333333333,208.57,47.39
78,01/21/2022,60.86,57.32,146.99,154.17,119.41,299.38,266.42,158.74,44.92,31.82,57.18,800.92,305.22,63.13,109.78,50.62,114.46,89.7,146.52,114.45,45.04,100.99,343.91,15.18,69.32,21.94,33.7093690248566,24.79,58.15,341.87,65.61,157.05,98.86,160.11,113.93,108.02,200.96,110.01,22.1,98.16,89.2,90.99,44.42,61.47,159.68,162.61,55.1,53.67,55.0266666666667,225.64,61.75
79,01/22/2018,43.845,61,94.03,64.75,104.43,177.94,135.98,98.32,31.94,45.35,57.72,593.26,215.97,26.125,35,47.81,75.93,95.21,105.49,78.87,32.77,92.78,261.52,16.03,56.05,37.87,24.9837082232296,21.39,52.8,160.47,53.85,82.71,57.36,188.76,107.43,58.22,155.72,124.33,19.16,64.3733333333333,55.44,108.99,39.52,54.88,117.4,139.35,57.26,64.73,31.84,154.6,54.16
80,01/22/2019,47.39,43.36,95.01,73.38,85.86,119.28,153.7,99.83,29.09,31.34,52.59,413.6,200.72,28.32,32.59,35.18,79.5,80.17,83.4,66.12,27.56,81.07,197.68,13.52,46.21,18.71,17.920954447476,16.9,46.94,155.48,44.87,83.17,42.41,166.68,90.53,63.29,124.58,90.77,15.59,53.1333333333333,47.47,70.59,26.55,49.14,94.47,122.36,50.14,49.86,33.2,158.73,46.53
81,01/22/2020,52.53,52.26,131.29,96.27,117.65,171.14,211.91,131.49,34.36,25.86,46.73,536.86,229.54,41.5,62.87,40.15,107.14,66.4,106.76,85.34,29.34,103.66,247.05,14.73,59.9,18.51,21.1567877629063,19.62,51.88,257.47,51.9,113.61,55.86,161.87,105.06,76.16,152.26,95.95,16.22,64.8266666666667,48.93,80.54,36.42,56.34,132.59,141.34,54.94,48.56,47.4933333333333,203.75,47.84
82,01/22/2021,46.43,40.08,134.9,117.84,110.43,211.79,206.46,126.14,31.55,26.47,41.93,735.05,232.92,47.49,65.03,38.39,87.32,62.16,105.34,92.27,30.9,94.34,289.39,13.84,50.37,20.97,23.9961759082218,18.2,46.49,266.7,50.86,111.52,74.13,143.16,94.6,92.31,152.57,82.62,17.74,68.0266666666667,58.4,74.17,37.37,51.18,156.21,145.84,45.86,31.9,43.92,206.5,48.12
83,01/23/2018,44.04,62.34,94.77,64.56,101.25,178.31,137.42,97.98,31.92,45.51,57.72,589.68,215.56,26.025,35.83,47.87,77.01,95.25,105.71,78.72,32.92,92.77,260.09,16.04,56.67,37.61,24.7420170293825,21.61,52.9,160.84,53.61,82.96,56.91,188.83,106.89,57.05,155.77,124.2,19.36,64.38,55.32,112.18,39.78,54.87,118.08,146.26,57.18,64.49,32.0177777777778,157.87,54.17
84,01/23/2019,47.64,42.82,95.58,73.7,85.89,118.81,154.06,99.71,28.92,31.06,53.06,408.48,201.15,28.43,32.36,34.95,79.66,81.13,78.2,66.16,27.57,81.67,196.9,13.56,46.5,18.61,17.7598269849113,16.89,47.26,154.81,44.48,83.31,42.15,167.55,89.93,64.99,124.39,90.64,15.37,53.3,47.32,70.82,29.4,49.41,93.62,123.02,50.53,50.12,33.5244444444444,158.18,48.11
85,01/23/2020,52.56,51.61,130.33,96.99,118.15,171.38,213.1,131.37,34.12,25.68,47.02,541.94,229.38,41.79,63.73,39.86,105.98,65.99,106.03,85.85,29.36,104.77,245.58,14.27,58.81,18.47,21.1567877629063,19.83,51.46,257.09,51.8,114.23,55.53,170.37,104.07,76.33,152.71,95.53,16.17,60.8266666666667,48.42,80.46,36.2,56.36,133.21,134.19,54.88,48.22,47.5866666666667,206.66,47.79
86,01/23/2023,71.54,63.1,129.84,195.88,125.24,338.53,325.99,154,34.32,30.35,49.34,748.02,310.42,61.96,87.83,42.42,105.19,71.96,107.12,110.29,35.51,117.65,349.14,14.74,76.12,18.9,38.58,18.07,59.58,320.19,70.69,173.51,97.13,154.76,94.55,127.12,159.34,99.99,22.96,116.21,77.73,86.22,34.56,48.84,118.67,186.36,47.67,45.03,70.33,253.6,52.65
87,01/24/2018,44.215,64.32,95.58,65.12,99.87,180.31,138.83,99.3,32.09,45.52,57.77,587.67,215.61,26.445,36.08,47.38,77.24,95.53,105.26,78.74,33.33,93.07,265.68,16.11,58.15,37.61,24.6525017724021,21.73,53.04,162.19,54.1,83.42,57.24,189.46,106.17,55.33,157.74,124.83,19.43,64.6,55.39,112.71,39.74,55.0,117.71,147.62,57.75,65.48,31.9066666666667,159.02,53.74
88,01/24/2019,47.33,42.94,96.35,73.51,86.25,119.78,153.91,99.72,29.08,31.33,53.71,406.56,201.02,28.31,32.51,35.15,79.12,81.69,80.18,66.18,27.65,82.51,197.8,13.45,46.67,18.78,17.9299059731741,16.88,47.42,154.12,45.02,83.0,42.05,168.42,89.37,65.24,123.81,91.38,15.51,53.6133333333333,47.38,71.32,29.81,49.25,93.86,124.38,50.89,49.98,33.1866666666667,157.79,48.6
89,01/24/2020,52.39,51.06,129.18,96.86,118.28,167.57,213.42,135.11,33.54,25.26,45.95,536.84,226.86,41.83,62.21,39.13,106.02,64.73,104.3,76.29,28.84,104.79,241.92,13.72,58.98,18.17,20.9273422562142,19.29,51.35,255.62,51.27,113.87,54.55,171.49,101.62,76.75,150.38,93.52,15.72,60.28,47.15,78.34,32.63,55.48,131.18,134.78,53.84,47.57,48.0466666666667,209.01,46.63
90,01/24/2022,61.48,57.46,149.6,156.29,121.92,300.96,273.65,158.93,44.55,31.69,58.9,786.82,303.73,64.61,109.39,51.1,117.17,90.53,148.3,115.34,45.48,102.06,343.39,15.64,70.58,21.57,33.2313575525813,24.99,58.96,344.08,65.41,157.96,98.08,166.63,116.32,109.88,204.11,109.44,22.97,97.64,88.71,93.8,44.93,62.3,159.32,168.83,56.81,53.32,55.5733333333333,230.84,62.77
91,01/24/2023,72.8,63.16,128.84,197.01,127.26,341,324.34,155.33,34.57,29.93,49.46,752.07,311.3,58.71,88.22,41.82,105.5,71.16,106.51,111.49,35.15,119.43,348.33,14.68,76.39,18.52,38.43,17.93,60.23,315.36,70.97,173.49,95.51,154.94,94.77,129.19,158.42,100.88,22.83,117.0,79.25,87.03,35.37,48.34,117.48,193.25,46.67,44.45,70.78,252.74,51.77
92,01/25/2018,44.71,64.8,95.03,65.65,100.73,173.13,139.55,99.69,32.09,45.16,56.85,575.5,215.1,26.485,36.35,46.67,77.22,94.7,104.26,80.3,32.84,92.71,269.03,16.05,58.49,37.59,24.5540349897237,21.67,53.15,162.79,54.0,83.57,56.81,187.66,105.01,55.76,157.8,124.4,19.14,63.9,54.18,110.33,39.58,54.69,117.35,148.47,57.98,65.65,32.1422222222222,160.17,53.02
93,01/25/2019,47.57,43.18,95.24,73.5,86.15,121.12,154.39,100.77,29.58,31.59,53.4,409.95,202.75,28.2,32.99,35.44,79.35,82.07,79.62,66.73,27.78,83.27,200.74,13.55,46.76,19.02,18.2342578469074,16.81,47.79,156.53,45.47,83.52,42.98,168.31,91.13,65.3,124.92,92.91,15.65,54.04,47.97,72.64,29.79,49.37,94.55,124.98,51.37,50.13,33.3333333333333,158.69,48.68
94,01/25/2021,46.57,39.58,132.73,118.29,110.95,211.61,208.66,121.15,31.16,26.51,41.3,722.98,233.01,47.73,64.98,38.05,88.48,61.36,102.53,89.06,30.4,93.5,283.04,13.48,50.7,21.04,23.4512428298279,17.78,46.73,266.55,50.61,112.03,72.38,140.04,94.28,92.42,150.47,81.96,17.72,66.78,57.08,72.55,36.63,51.05,157.01,146.36,45.76,32.24,44.04,209.32,47.21
95,01/25/2022,61.9,58.21,149.11,153.2,121.93,298.53,267.71,173.11,45.43,31.55,59.02,798.55,307.19,64.42,110.24,51.61,115.09,92.58,152.16,118.44,44.92,102.57,341.55,15.52,70.38,21.34,33.3556405353728,24.9,58.32,325.03,65.43,156.65,99.04,164.59,115.4,109.3,204.2,110.9,23.22,96.81,88.53,94.13,46.1,63.03,157.65,168.6,57.41,53.59,54.98,226.65,66.48
96,01/25/2023,73.09,63.5,130.68,197.15,128.62,343.01,322.92,156.77,34.87,30.19,49.99,751.25,311.9,58.96,88.86,42.75,105.17,71.52,116.09,114.9,35.76,120.74,349.63,14.75,77.09,18.0,38.95,18.33,60.59,315.73,71.56,173.28,95.64,155.89,94.35,135.47,160.18,101.53,22.9,118.11,79.21,88.2,36.88,48.78,116.64,190.74,49.15,45.34,71.42,253.57,52.02
97,01/26/2018,45.495,64.68,95.49,70.49,100.53,179.84,143.47,99.63,32.2,45.86,57.78,586.8,217.19,26.885,36.78,46.95,77.51,95.81,104.9,80.98,33.35,93.32,268.14,16.21,59.11,38.4,24.7330655036845,21.83,53.46,167.23,54.77,85.72,57.6,189.37,106.18,54.83,158.66,126.02,19.38,65.5066666666667,54.27,110.91,40.21,55.45,119.99,149.42,58.11,65.93,32.04,163.94,54.02
98,01/26/2021,46.43,39.11,130.47,117.41,109.52,211.27,209.96,116.15,30.94,27.62,41.34,721.85,231.57,45.67,64.9,37.05,86.78,60.12,99.93,86.82,29.75,93.11,281.76,13.52,49.91,20.94,23.2217973231358,17.46,46.22,268.67,50.11,111.26,71.21,137.24,93.6,91.72,148.06,81.22,17.75,65.7666666666667,56.21,72.63,35.38,50.24,160.6,143.71,45.19,31.38,43.3,210.22,46.05
99,01/26/2022,62.16,57.63,150.85,153.18,120.3,298.79,267.69,175.32,45.9,31.74,58.92,795.47,309.26,63.25,111.47,52.13,114.98,92.52,144.9,117.22,44.8,102.66,342.68,15.43,70.23,21.28,33.4321223709369,25.24,58.65,324.54,66.06,154.0,100.17,167.76,115.22,107.63,206.01,111.78,23.43,98.46,90.01,94.32,45.37,62.87,156.62,167.86,57.56,54.14,54.9066666666667,225.55,67.2
100,01/26/2023,72.96,63.98,130.78,197.25,128.6,347.36,324.84,155.88,35.34,30.29,50.61,758.9,310.95,58.36,93.81,43.12,105.79,72.03,116.07,114.69,36.02,121.32,354.97,14.92,77.68,18.47,39.22,18.73,61.15,318.21,72.22,175.66,96.5,155.01,96.94,134.91,161.93,102.83,23.2,113.38,78.05,90.23,36.55,48.86,114.58,192.11,48.7,45.81,71.32,253.5,52.2
101,01/27/2020,51.83,50.13,128,96.19,116.58,162.4,211.95,130.64,32.85,24.64,45.05,523.81,222.45,41.66,61.19,38.1,104.75,62.72,101.16,73.91,28.5,103.24,238.14,13.49,58.09,17.7,20.4780114722753,18.84,50.79,255.12,50.09,113.0,53.11,168.03,98.46,75.77,148.53,90.35,15.45,59.7,45.76,75.45,32.2,54.68,128.54,133.73,53.54,47.1,47.7266666666667,207.43,46.46
102,01/27/2021,45.15,37.6,130.79,113.11,110.51,201.46,206.8,114.09,29.83,27.17,39.82,697.79,227.36,44.08,65.16,35.21,84.25,56.8,102.69,82.18,28.44,90.2,273.33,13.28,48.01,20.78,22.1032504780115,16.72,45.35,263.04,48.41,107.6,68.42,132.83,90.27,87.04,144.44,79.24,17.15,63.6066666666667,53.29,70.14,34.38,48.39,156.5,139.5,42.81,30.17,41.0933333333333,205.97,43.81
103,01/27/2022,61.89,56.42,148.7,149.33,120.25,303.71,261.88,171.9,45.47,31.33,58.37,787.96,307.67,61.97,119.04,51.8,113.47,92.06,141.68,113.22,44.23,101.1,341.03,15.06,69.87,21.58,33.3269598470363,24.94,58.27,325.92,65.31,147.31,101.15,168.86,114.74,107.64,204.96,110.61,22.91,100.91,89.7,93.12,44.42,61.91,149.85,165.66,57.44,53.76,54.2266666666667,222.99,66.99
104,01/27/2023,72.91,63.33,130.35,193.81,127.83,344.45,319.3,172.31,35.45,30.72,50.06,759.18,309.17,57.6,95.86,43.29,105.44,72.57,117.58,117.57,36.1,119.65,353.7,15.01,76.63,18.3,39.13,18.99,60.99,319.58,72.04,172.13,96.86,154.98,97.2,135.07,163.17,103.5,23.4,111.77,74.69,90.73,37.06,48.84,116.29,188.76,48.86,46.12,69.22,250.61,53.37
105,01/28/2019,47.35,42.82,94.45,72.98,86.49,121.79,153.67,100.38,29.63,31.83,53.44,405.36,200.95,27.96,33.19,35.34,78.99,82.31,79.48,67.36,27.68,82.94,199.72,13.57,46.66,19.42,18.368530732378,16.85,47.65,155.88,45.13,83.06,42.65,167.67,90.85,65.2,124.87,92.59,15.68,54.2,47.52,71.53,29.98,49.27,94.45,125.03,51.27,49.82,33.3777777777778,158.25,48.8
106,01/28/2020,52.37,50.41,129.49,98.37,117.54,165.12,216.56,132.45,33.24,25.09,44.97,529.97,224.03,44.65,61.62,38.01,105.35,63.15,102.04,75.23,28.86,104.99,242.58,13.6,58.68,17.97,20.717017208413,19.09,51.49,260.19,50.55,115.14,54.02,170.73,99.75,76.45,149.69,92.0,15.53,60.6133333333333,46.3,76.5,32.57,54.96,131.3,134.39,53.86,47.37,48.2466666666667,213.0,47.09
107,01/28/2021,46.12,38.48,133.5,115.51,109.3,206.66,206.56,118.97,30.32,27.73,40.69,719.91,230.95,43.9,67.05,37.21,85.63,58.95,106.84,85.85,29.6,92.76,275.02,13.57,48.99,21.53,22.8393881453155,17.32,46.04,270.07,49.57,108.83,69.32,137.35,91.19,88.49,147.79,81.19,17.61,66.4066666666667,53.74,71.63,35.89,49.15,162.44,140.0,43.77,30.81,42.1733333333333,206.31,45.17
108,01/28/2022,62.35,56.96,151.05,154.54,120.86,298.09,270.18,177.06,45.87,31.23,58.48,808.14,312.9,64.38,124.28,51.7,117.43,93.19,142.62,113.74,44.47,102.04,347.01,15.18,71.2,21.72,33.9866156787763,25.13,58.89,336.51,66.06,150.27,101.8,172.07,115.64,108.72,208.22,110.19,23.1,104.09,88.91,93.65,41.42,62.58,149.81,166.82,58.08,54.19,56.44,231.09,68.15
109,01/29/2018,44.775,64.26,94.35,69.77,98.04,177.45,142.34,99.41,32.28,45.12,57.52,574.42,215.46,26.575,36.56,46.75,76.59,95.15,104.6,81.31,33.17,92.34,272.48,16.23,58.42,37.48,24.3302468472727,21.8,53.11,161.75,54.4,84.71,57.45,189.79,106.94,53.13,159.21,125.37,19.26,64.66,54.05,111.69,40.16,55.39,117.55,148.96,57.99,65.82,31.8577777777778,161.71,54.19
110,01/29/2019,47.11,42.26,94.94,71.92,86.78,121.38,152.4,100.96,29.39,31.19,52.61,407.62,202.05,26.75,33.16,35.05,79.39,82.01,79.56,66.78,27.43,82.36,200.5,13.56,46.09,19.06,18.4132883608682,16.74,47.73,155.14,44.86,82.62,42.49,168.0,89.64,65.81,124.33,91.08,15.53,53.96,47.72,70.63,29.65,49.31,92.75,124.82,51.05,49.85,33.1777777777778,158.87,48.25
111,01/29/2020,52.38,50.35,130.17,98.82,118.36,166.04,216.58,131.68,33.01,24.84,44.46,536.49,224.5,45.01,62.65,37.62,105.04,61.98,101.2,75.8,28.47,105.96,240.12,13.48,58.52,17.63,20.8221797323136,18.88,51.67,260.67,50.49,115.94,53.68,169.1,99.64,80.81,148.59,91.91,15.4,60.2933333333333,45.95,76.23,32.64,53.86,136.12,133.27,53.6,47.27,48.5,212.66,46.37
112,01/29/2021,45.18,37.44,135.47,115.41,107.18,197.87,203.1,116.26,29.65,26.29,39.83,701.26,227.87,43.09,67.19,36.44,84.09,57.2,104.26,83.54,28.93,90.39,271.17,13.23,48.02,20.59,22.3231357552581,16.86,45.29,266.26,48.15,109.91,67.05,132.47,89.19,87.19,143.52,78.28,17.01,66.62,51.54,70.0,33.65,47.98,156.48,136.3,42.85,29.88,41.4266666666667,202.94,44.14
113,01/30/2018,44.285,63.35,92.11,69.33,98.45,172.01,141.75,98.71,31.88,42.72,56.7,562.29,214.41,26.435,36.13,46.17,76.39,94.76,103.47,79.72,33.02,91.33,268.94,16.1,58.25,36.68,24.2496831159903,21.43,51.99,161.63,49.73,83.74,56.6,190.57,105.69,53.49,157.9,121.39,19.15,63.8066666666667,53.2,110.14,39.63,55.03,112.51,148.72,57.4,65.28,31.8133333333333,160.34,53.93
114,01/30/2019,47.38,42.81,95.58,72.89,87.34,120.18,154.5,102.67,29.07,29.09,52.53,408.33,205.96,26.76,33.14,34.57,80.19,80.92,80.88,67.72,27.04,82.81,202.48,13.49,46.63,18.59,18.7444948116957,16.64,48.11,156.47,45.23,83.76,42.79,166.18,89.43,66.75,123.66,91.32,15.43,53.8733333333333,46.87,71.02,30.07,48.98,89.24,125.88,51.04,50.09,34.2488888888889,161.04,47.98
115,01/30/2020,53.04,51.3,131.51,100.2,119.88,170.51,219.63,133.22,33.48,26.21,45.4,539.69,227.88,45.36,61.11,37.91,106.8,62.48,102.17,76.37,29.19,107.29,244.13,13.75,59.52,17.63,20.9847036328872,19.08,52.38,263.81,51.28,114.6,53.82,170.69,101.05,81.77,150.96,93.11,15.61,61.8933333333333,47.19,77.61,33.12,52.13,136.57,134.2,54.25,47.91,49.72,214.75,46.76
116,01/30/2023,73.04,63.17,130.55,195.3,128,343.46,317.54,172.66,35.3,31.26,49.77,747.86,307.33,57.46,94.9,42.29,111.52,71.4,115,114.44,35.8,119.86,357.46,14.84,76.55,18.08,38.72,18.76,60.42,314.2,72.16,171.93,95.96,153.49,95.38,135.4,162.86,103.25,23.2,111.75,75.5,90.15,36.15,48.45,113.46,187.91,48.8,46.29,69.78,249.81,52.23
117,01/31/2018,44.1,63.92,91.48,68.32,98.77,168.7,142.17,99.4,32,42.41,56.7,561.8,214.38,26.24,36.55,45.9,76.9,95.22,103.96,79.8,33.1,90.85,267.89,16.18,58.76,36.13,24.2317800645942,21.4,51.65,161.79,48.07,83.52,56.55,190.78,105.39,54.1,158.02,118.82,19.23,64.26,53.34,110.17,39.68,55.19,111.63,149.92,57.14,65.78,32.4355555555556,160.47,54.03
118,01/31/2019,47.7,43.23,96.39,74.71,87.87,126.6,156.23,102.7,28.47,29.61,52.32,415.08,205.54,27.16,33.7,33.92,81.12,78.74,80.59,67.49,26.82,83.76,198.01,13.24,46.92,18.22,18.6281249776212,16.47,47.9,158.51,45.67,88.19,42.3,164.54,88.46,67.29,122.67,92.14,15.17,53.6666666666667,46.77,70.9,30.04,48.8,93.46,125.54,51.16,48.91,34.1733333333333,162.79,47.59
119,01/31/2020,51.57,50.26,130.56,102.57,118.54,165.41,220.25,129.87,32.83,25.3,44.78,527.35,224.43,44.9,61.07,37.28,104.95,61.16,99.8,75.13,28.45,104.26,237.75,13.57,59.28,17.3,20.6883365200765,18.71,51.45,256.79,49.71,111.86,52.26,168.52,97.81,80.69,148.55,91.06,15.57,60.9533333333333,45.55,75.63,32.41,51.57,133.53,131.62,53.22,46.94,49.02,211.29,45.49
120,01/31/2022,62.82,57.75,152.51,157.94,120.67,304.31,276.44,179.82,46.14,31.97,59.26,822.94,313.02,66.28,131.97,51.47,117.83,92.78,146.73,115.75,44.63,102.3,354.68,15.06,71.87,22.66,35.0286806883365,25.06,59.66,343.0,67.06,153.64,102.54,169.38,116.64,108.66,205.99,111.57,22.94,105.87,87.7,94.5,42.59,62.82,154.43,166.18,58.19,53.8,56.3333333333333,233.96,67.82
121,01/31/2023,73.5,63.22,132.59,195.72,128.47,350.12,318.68,174.93,35.48,31.2,50.57,759.21,311.52,58.56,95.96,43.32,113.15,73.31,119,116.73,36.29,120.85,365.81,15.17,77.61,18.51,39.28,19.19,61.48,322.75,73.02,174.91,97.33,156.0,96.97,136.35,165.43,104.94,23.54,112.77,77.42,91.33,36.73,49.39,116.47,191.12,49.8,46.87,70.14,254.19,53.16
122,02/01/2018,44.845,64.17,93.06,69.19,98.72,171.08,144.48,100,32.5,42.07,57.5,565.19,217.25,26.595,36.35,46.81,77.17,97.03,104.72,80.62,33.66,90.74,272.23,16.34,58.77,36.03,24.1959739618021,21.93,51.59,163.57,48.39,85.05,57.45,192.85,106.78,53.58,159.15,120.52,19.54,64.9066666666667,54.91,110.33,39.66,55.7,112.16,150.0,57.46,65.51,32.6355555555556,163.92,54.98
123,02/01/2019,47.94,43.82,97.17,76.88,88.82,126.89,167.46,103.06,28.38,29.63,52.62,416.81,209.19,27.87,34,34.19,81.56,78.96,80.88,68.4,26.87,84.05,196.54,13.32,47.02,18.36,18.5207066692447,16.63,48.05,160.2,45.54,90.25,41.82,164.0,88.53,65.8,122.73,92.96,15.33,54.1933333333333,47.03,71.17,29.69,48.87,94.15,126.49,51.29,48.91,34.5466666666667,166.11,48.29
124,02/01/2021,45.61,37.42,134.49,115.19,108.71,200.84,206.68,117.03,29.96,26.58,40.47,713.17,229.32,42.96,69.33,37.21,87.41,58.17,102.86,82.19,29.49,91.33,274.73,13.22,48.34,21.4,23.0210325047801,17.16,45.88,270.75,48.47,109.99,67.67,132.95,90.56,86.19,145.86,78.91,17.32,68.28,53.37,70.25,34.69,48.38,156.09,138.21,42.75,29.99,41.9333333333333,207.45,44.7
125,02/01/2022,62.89,59.11,151.25,156.85,118.72,308.1,276.81,183.54,46.94,32.14,60.69,825.95,313.96,66.67,134.95,52.95,118.32,95.04,150.49,118.02,45.94,102.75,364.06,15.56,72.12,22.41,35.2485659655832,25.55,60.58,343.9,68.09,153.52,103.95,172.85,119.01,108.1,209.74,113.67,23.6,109.08,90.06,96.51,42.88,64.02,155.75,167.99,59.27,55.6,57.1933333333333,236.11,69.05
126,02/01/2023,73.28,61.23,132.25,196.28,128.16,354.53,319.38,173.61,35.92,32.01,50.8,762.63,310.57,58.4,97.21,43.66,114.31,74.35,116.33,115.83,36.78,120.2,365.71,15.22,76.03,18.92,39.44,19.8,60.54,323.27,72.68,175.46,98.19,154.4,96.75,137.98,164.79,104.26,23.78,112.1,78.25,92.28,35.31,49.63,120.04,185.23,49.22,47.33,69.08,253.23,53.39
127,02/02/2018,44.475,63.04,91.95,68.57,97.94,167.5,143.59,96.68,31.95,40.88,56.33,548.32,209.12,26.49,35.3,46.02,76.38,94.96,101.57,78.97,33.13,88.21,260.04,16.08,58.01,35.16,23.5335610601471,21.76,50.82,158.61,47.56,84.69,55.48,189.2,104.63,53.24,157.97,117.33,19.25,62.8866666666667,53.34,107.47,38.68,55.11,109.89,147.95,56.9,64.07,32.5822222222222,161.66,54.15
128,02/02/2021,46.31,38.57,133.51,117.68,110.79,205.09,210.18,120.7,31.03,25.62,40.85,729.5,232.24,44.69,70.99,38.01,87.11,60.04,106.04,85.33,30.32,92.58,286.97,13.53,49.27,21.39,23.2887189292543,17.67,46.17,278.25,48.93,112.9,70.95,136.08,92.12,86.75,150.4,80.16,17.76,69.8933333333333,54.54,70.8,36.04,50.21,157.41,139.83,44.25,30.75,42.6333333333333,211.12,45.8
129,02/02/2022,63.69,60.25,152.99,157.09,117.69,313.21,278.63,184.16,46.89,32.16,61.05,822.51,319.6,68.08,137.98,53.14,120.94,95.35,149.62,117.46,46.67,104.01,363.06,15.81,73.12,22.24,35.4206500956023,25.81,61.39,347.05,68.53,154.77,103.92,175.82,120.33,109.48,210.87,114.8,23.79,109.71,90.36,97.57,42.7,64.57,156.85,172.72,59.77,55.93,58.5066666666667,237.86,69.3
130,02/02/2023,68.9,59.03,133.58,194.68,131.89,347.71,323,173.13,36.13,33.82,50.17,770.73,311.86,58.66,100.03,44.46,115.41,74.88,121.82,117.95,37.85,116.75,369.47,15.5,74.43,20.21,39.84,20.05,60.18,329.49,69.71,175.32,99.21,156.02,98.09,134.97,166.17,102.82,23.95,108.83,76.62,92.37,37.79,50.39,128.75,181.75,49.15,47.23,66.59,254.76,54.29
131,02/03/2020,52.01,51.16,132.75,104.26,119.05,167.46,225.03,131,32.97,25.2,45.21,530.08,223.47,45.61,60.52,37.68,106.31,62,99.75,75.09,28.98,105.41,239.01,13.72,60.14,17.28,21.0994263862333,18.98,52.4,261.01,49.69,113.45,52.6,169.09,97.66,80.57,149.54,91.5,15.86,61.3066666666667,45.68,76.09,32.42,52.5,134.52,133.61,53.69,47.12,49.5933333333333,215.11,46.11
132,02/03/2021,45.89,38.95,133.25,116.23,109,201.86,205.27,120.44,31.58,25.86,41.06,724.08,232.68,43.73,69.95,38.79,86.12,61.08,107.21,87.3,31.03,90.84,288.55,13.62,49.43,21.83,23.546845124283,18.07,46.9,273.88,49.37,111.14,70.6,137.38,93.52,86.96,152.2,80.96,18.34,70.3466666666667,53.46,71.6,36.11,51.52,158.6,138.66,44.73,31.7,42.4,206.2,46.03
133,02/03/2022,63.75,59.49,151.8,154.45,121.67,304.25,276.5,184.04,46.43,30.96,60.77,805.77,315.23,66.64,134.09,52.97,120.49,95.02,148.29,115.94,46.18,102.42,358.88,15.57,72.19,22.25,35.3728489483748,25.61,61.1,340.36,67.73,152.03,102.29,175.18,119.6,109.7,208.01,113.39,23.58,108.05,88.89,97.09,42.25,63.31,147.97,172.07,59.15,55.17,59.2933333333333,234.33,68.9
134,02/03/2023,69.39,58.75,133.63,193.49,131.33,354.1,313.64,178.86,36.43,33.27,50.23,757.16,308.51,58.39,97.13,44.44,115.11,75.39,121.44,119,37.64,120.16,369.95,15.45,74.77,20.04,39.63,20.02,60.1,324.36,69.79,171.88,99.43,159.02,98.17,136.31,165.39,101.86,24.0,111.87,79.02,91.08,37.05,50.09,125.82,182.76,49.3,47.58,66.87,252.39,54.41
135,02/04/2019,48.02,44,98,77.22,88.8,127.09,166.8,103.42,28.88,30.1,52.38,417.98,208.52,27.88,34.36,34.45,82.47,79.53,81.39,69.12,27.14,83.48,197.72,13.41,47.16,18.58,18.6907856575075,16.6,48.01,160.67,45.16,91.87,42.46,163.81,89.13,66.03,124.63,93.19,15.47,54.54,47.2,71.1,29.72,49.08,95.17,126.04,51.57,49.06,34.96,165.36,49.01
136,02/04/2020,52.17,50.65,134.32,104.7,119.95,173.28,226.64,131.85,33.62,25.58,45.95,535.24,225.08,46.17,63.27,38.29,106.04,62.9,101.7,75.8,29.48,107.13,241.94,13.87,57.72,17.85,21.5200764818356,19.35,52.73,266.86,50.2,114.73,54.02,170.53,100.42,80.92,150.66,93.53,16.26,62.76,47.08,77.74,32.65,53.16,136.81,132.58,54.22,47.26,49.8933333333333,218.57,46.68
137,02/04/2021,45.75,41.34,131.88,116.36,107.13,209.31,208.1,124.9,32.5,25.68,42.23,732.45,235.77,43.91,70.99,39.92,87.34,63.42,112.66,91.5,32.09,93.03,293.75,14.12,50.94,21.78,24.2065009560229,18.71,47.81,276.85,51.9,111.7,72.29,141.0,96.53,88.14,156.68,82.78,18.98,71.9266666666667,55.2,73.79,37.14,53.37,160.54,143.93,46.31,32.66,43.3266666666667,209.3,48.22
138,02/04/2022,64.69,60.99,153.07,156.28,122.12,308.1,291.31,185.85,48.28,31.12,61.81,809.82,314.99,67.53,132.25,54.05,121.69,97.03,150.35,117.23,47.34,103.87,367.6,15.83,70.52,22.83,36.2332695984704,26.17,61.27,346.88,68.99,153.25,104.11,179.56,121.58,109.07,210.35,118.34,24.25,110.96,91.9,98.89,42.5,63.98,148.7,171.9,59.7,56.33,59.84,237.86,71.17
139,02/05/2018,43.105,60.63,88.18,66.27,95.02,160.39,140.34,92.01,30.26,38.95,54.38,524.97,196.8,25.74,34.24,43.68,73.39,90.72,97,74.88,31.7,83.96,249.11,15.43,55.58,33.17,22.172929154045,20.61,48.19,151.31,45.89,82.52,52.55,179.81,99.74,51.95,150.32,110.79,18.46,59.86,51.29,102.47,36.88,52.89,105.25,141.52,54.62,58.16,31.6,157.5,51.65
140,02/05/2019,48.22,43.66,98.08,78.46,88.96,125.67,168.75,103.9,28.78,30.51,52.62,417.56,207.82,28.05,34.62,34.38,82.58,79.58,80.86,69.18,26.89,83.48,198.01,13.3,48.33,18.72,18.592318874829,16.36,48.08,162.77,45.2,92.09,42.45,162.41,89.81,66.53,123.02,92.99,15.41,54.76,46.59,70.91,29.99,48.79,94.6,126.18,51.48,49.27,35.3955555555556,166.51,48.83
141,02/05/2020,53.28,52.48,136.83,105.08,124.67,176.06,228.3,133.6,34.71,26.31,46.98,543.48,228.65,46.45,63.73,39.51,108.01,64.44,104.74,77.38,30.18,108.4,244.3,14.09,59.41,18.39,22.1032504780115,20.01,53.58,264.34,51.53,116.69,54.99,173.04,103.42,83.0,153.79,95.64,16.57,63.9133333333333,48.29,80.04,33.43,54.43,137.94,136.78,55.2,48.31,50.7933333333333,220.06,48.01
142,02/05/2021,45.45,41.68,134.36,118.4,106.92,211.06,223.22,126.28,32.37,25.86,42.03,726.33,235.16,44.77,70.84,39.94,86.71,62.64,114.48,92.84,32.1,93.66,293.5,14.07,50.44,21.96,24.3881453154876,18.57,47.8,276.97,52.58,113.6,73.22,140.4,97.16,87.47,156.94,80.16,18.93,72.94,55.74,74.77,37.29,52.69,159.86,144.84,46.35,32.56,43.8333333333333,223.91,47.73
143,02/06/2018,42.81,60.26,88.49,65.4,96.6,160.56,139.92,94.18,31.2,39.72,55.49,535.22,201.24,25.83,34.65,44.6,72.6,92.77,98.44,76.14,32.02,83.42,258.7,15.53,55.13,33.61,22.1371230512529,21.01,47.81,157.94,46.2,82.24,54.33,185.06,101.36,52.87,154.29,110.99,18.67,60.9466666666667,52.86,104.5,37.67,53.71,106.97,140.85,54.62,57.28,31.4711111111111,158.4,52.52
144,02/06/2019,48.4,43.65,97.91,78.4,92.56,126.69,168.35,104.96,28.73,30.33,52.32,416.39,206.01,27.94,34.57,34.52,81.85,79.6,80.14,69.02,26.72,82.15,196.62,13.38,47.91,18.58,18.4222398865663,16.49,48.02,161.7,45.2,90.45,42.38,161.66,90.38,67.57,122.61,93.41,15.41,54.44,46.11,70.24,30.11,48.53,94.22,125.55,51.44,49.22,35.5022222222222,166.36,48.98
145,02/06/2020,52.74,53.41,136.29,105.12,123.89,175.91,229.6,133.25,34.67,26.08,47.54,554.67,229.61,46.74,64.21,38.72,112.84,63.27,103.52,76.35,29.66,108.08,241.82,13.97,59.62,18.2,22.17017208413,19.61,53.31,268.01,51.87,116.45,55.01,171.14,102.65,83.06,152.85,95.33,16.35,62.94,47.83,80.27,33.19,54.18,137.77,136.5,54.8,47.98,51.4533333333333,208.9,47.01
146,02/06/2023,69.58,59.96,133.13,194.55,134.98,351.03,317.73,176.48,36.37,32.12,50.54,742.38,308.43,59.01,95.72,43.78,115.28,75.3,117.64,117.15,37.24,121.49,370.8,15.36,75.24,19.41,39.49,19.78,61.44,314.52,70.09,172.25,98.9,157.78,97.46,137.67,163.0,102.1,23.69,112.27,79.86,90.73,36.42,49.6,122.53,185.99,48.95,47.68,68.31,253.73,54.1
147,02/07/2018,42.8,60.47,88.49,66.11,96.87,160.11,140.55,93.61,31.25,39.44,55.34,532.26,200.37,25.885,34.95,44.84,72.63,93.58,98.12,76.63,32.34,83.28,257.1,15.64,55.86,33.46,22.387765770798,21.13,47.86,157.98,46.26,82.16,54.55,184.97,100.73,53.4,155.0,111.17,18.96,60.7,52.03,103.52,37.5,53.82,106.52,142.14,54.8,57.54,31.1688888888889,157.38,54.02
148,02/07/2019,48.45,42.83,97.31,77.99,92.33,125.22,166.88,104.39,28.24,30.35,52.11,415.01,201.73,27.81,34.51,35.58,84.3,83.45,79.03,68.92,26.78,81.52,193.07,13.96,48.2,18.37,17.9657120759662,17.07,47.84,160.76,43.52,89.51,41.48,166.69,89.83,67.72,122.84,91.28,15.51,53.8133333333333,45.18,69.76,30.11,50.46,93.74,126.76,50.95,48.08,35.9288888888889,162.77,49.3
149,02/07/2020,52.93,53.46,136.36,104.93,124.43,175.32,230.13,131.82,34.61,25.6,47.25,555.74,227.38,46.75,62.76,38.42,112.83,62.06,101.8,75.29,29.49,108.58,238.0,13.96,59.81,18.22,22.0554493307839,19.6,53.25,267.5,51.58,116.68,55.03,169.95,101.26,83.26,153.35,94.67,16.32,62.7,47.31,79.14,33.19,54.27,138.24,136.01,54.62,47.84,51.8733333333333,210.25,46.23
150,02/07/2022,65.27,61.79,152.74,156.36,124.76,311.91,286.12,187.87,48.51,31.08,62.25,816.92,316.51,67.6,131.64,54.23,121.32,97.64,152.17,118.42,48.32,103.79,368.15,15.83,70.23,22.98,36.5774378585086,26.41,60.83,336.51,68.87,153.32,105.18,180.48,122.64,109.1,209.7,119.27,24.47,112.07,93.14,99.33,42.89,64.21,151.84,171.33,59.58,57.33,60.54,235.9,71.65
151,02/07/2023,69.95,60.61,135.65,197.47,136.72,353.33,319.8,178.7,36.77,32.12,51.43,740.82,312.97,59.97,96.71,44.28,127.62,76.94,120.1,117.83,37.8,121.71,374.4,15.57,76.26,19.61,39.7,20.02,62.75,317.89,71.26,173.81,99.22,160.1,99.4,138.7,162.94,102.8,23.87,113.92,81.19,92.68,36.95,50.03,123.83,189.01,49.67,48.13,69.67,256.18,54.79
152,02/08/2018,41.625,58.28,85.16,64.4,90.06,152.5,136.05,88.34,29.74,38,53.29,509.38,191.42,25.055,33.9,42.19,70.34,89.18,91.8,72.4,31.1,80.52,246.35,15.1,53.34,31.92,21.3583403155234,20.08,46.05,152.14,44.28,79.31,51.79,178.35,96.2,51.07,149.38,103.38,17.9,57.3733333333333,48.9,98.54,34.98,51.07,101.99,135.01,52.65,55.4,30.1155555555556,152.36,50.71
153,02/08/2019,48.18,42.45,97.13,78.83,92.46,125.57,168.17,104.52,28.29,30.02,51.83,411.76,200.92,27.83,33.76,35.32,84.02,82.34,77.83,68.01,26.43,81.02,191.67,13.62,47.89,18.0,17.7687785106094,16.97,47.47,161.03,42.71,89.92,40.81,165.4,89.64,68.36,121.24,90.99,15.44,53.62,44.76,68.96,29.94,50.24,92.38,125.79,50.58,47.65,35.6311111111111,167.82,49.04
154,02/08/2021,46.28,42.29,135.44,117.68,107.38,213.31,225.64,127.99,33.09,26.59,41.95,726.45,237.42,45.5,70.55,40.48,87.66,63.2,116,94.34,32.57,94.1,300.15,14.22,50.31,22.28,25.5736137667304,18.92,48.42,278.39,54.18,113.87,74.23,142.9,97.65,86.17,158.79,80.91,19.54,73.48,55.85,76.07,37.67,52.97,163.39,146.2,47.4,33.4,44.0733333333333,225.7,48.65
155,02/08/2022,66.04,62.7,156.04,157.07,127.18,315.32,287.91,194,49.38,30.94,63.62,807.39,321.44,68.03,128.71,55.37,123.16,100.51,155.98,122.96,49.5,105.97,370.1,16.3,72.76,23.09,37.208413001912,26.95,61.75,338.21,70.33,153.88,106.35,184.29,125.18,109.2,211.36,121.33,25.09,114.78,94.96,101.85,43.98,65.85,151.28,172.5,59.58,58.75,61.8666666666667,225.14,73.97
156,02/08/2023,70.46,60.97,131.37,196.15,136.83,352.7,319.61,179,36.5,31.5,51.78,729.86,308.48,58.96,94.62,43.81,127.69,76.59,117.22,115.6,37.68,121.74,375.1,15.44,76.27,18.99,39.41,19.8,62.06,311.99,71.24,173.4,98.96,158.89,98.14,138.37,161.56,104.34,23.85,113.36,80.61,93.59,36.43,49.26,120.31,187.39,49.07,48.25,69.22,257.12,53.34
157,02/09/2018,42.385,60.22,88.01,64.94,90.89,153.88,137.91,91.72,30.33,38.22,54.08,521.51,196.02,25.245,32.95,43.05,72.14,91.61,92.02,74.11,31.98,82.64,249.3,15.41,53.98,32.44,21.7074498177469,20.39,46.73,154.64,44.61,80.43,52.14,182.62,97.38,52.22,151.71,106.04,18.27,58.0533333333333,50.12,100.01,35.03,52.42,103.41,137.08,53.75,56.13,30.2311111111111,152.14,51.64
158,02/09/2021,46.25,42.14,136.13,116.91,107.88,214.66,228.45,126.68,32.95,26.62,41.96,728.8,239.91,45.33,70.89,40.59,87.18,62.86,115.93,92.66,32.53,92.75,300.46,14.28,50.24,22.67,25.6214149139579,18.94,48.1,282.32,54.42,113.85,74.24,143.06,97.75,86.27,158.14,81.43,19.55,73.8933333333333,56.27,75.84,37.12,53.37,165.14,147.16,47.61,33.26,44.8333333333333,228.49,49.59
159,02/09/2022,66.04,62.41,166.56,160.5,124.68,319.16,293.77,196.4,49.28,31.34,63.66,813,322.38,70.02,134.6,55.31,123.14,99.35,158.84,124.85,49.19,106.24,374.53,16.14,73.02,23.63,37.7629063097514,26.7,61.58,343.26,70.42,156.44,108.73,183.05,126.05,108.43,210.76,121.19,24.85,115.44,94.52,101.67,44.66,65.5,153.26,172.73,59.75,59.06,61.7466666666667,228.62,72.94
160,02/09/2023,69.63,60.87,132.14,193.33,133.56,348.25,317.38,179.37,35.72,30.83,51.57,715.97,307.21,58.31,91.87,43.17,126.25,75.81,115.6,114.53,37.26,120.15,367.99,15.26,76.32,18.49,38.96,19.55,61.75,307.01,70.79,171.41,98.05,157.79,97.6,137.18,158.88,102.97,23.53,110.99,79.58,92.53,36.24,47.93,117.04,185.36,48.77,47.57,68.53,238.97,52.64
161,02/10/2020,52.74,54.14,137.11,106.78,123.95,175.77,231.07,132.24,34.69,25.6,46.49,561.1,227.11,47.38,64.11,38.49,114.08,61.33,101.95,75.83,29.4,108.79,237.36,13.93,59.0,18.58,21.7973231357553,19.52,55.81,268.43,51.88,117.57,55.35,168.81,101.06,83.59,153.86,94.89,16.28,62.82,46.77,79.13,33.27,54.33,138.48,136.22,54.64,47.77,52.5066666666667,214.71,45.65
162,02/10/2021,46.69,42.43,128.43,117.17,105.6,215.05,226.55,128.23,32.98,27.46,41.74,723.17,239.92,45.08,70.86,40.37,89.04,63.04,117.62,93.37,32.61,92.36,304.28,14.32,50.55,22.72,26.5296367112811,18.96,47.99,276.87,54.96,112.73,74.33,143.36,96.8,85.53,160.11,82.11,19.48,75.1333333333333,55.7,74.09,37.88,53.71,164.13,145.93,47.35,33.2,45.0333333333333,225.63,49.58
163,02/10/2022,65.55,62.22,162.57,158.81,123.28,315.9,287.28,195.51,49.05,31.39,63.47,778.19,319.85,69.1,134.53,55,122.54,100.18,157.51,124.77,49.12,106.12,370.57,16.05,72.96,23.4,36.6634799235182,26.55,62.1,350.14,70.5,153.51,107.57,183.11,125.2,106.51,210.63,121.38,24.92,113.62,92.85,101.39,44.13,64.62,147.83,172.43,59.21,59.05,61.2933333333333,226.58,74.12
164,02/10/2023,69.88,61.32,133.41,195.06,135.41,349.73,317.82,179.25,35.58,30.92,51.4,723.51,309.89,58.25,93.13,43.12,125.17,75.08,115.39,115,37.17,121.53,371.28,15.23,77.21,18.74,38.8,19.44,62.17,306.77,71.4,172.05,98.44,159.02,97.82,138.73,159.34,103.03,23.67,111.32,80.46,92.58,36.42,48.38,117.62,186.75,48.7,47.51,68.19,244.7,52.51
165,02/11/2019,48.27,43.05,97.51,79.89,92.53,125.95,170.76,105.41,28.41,30.55,52.01,412.7,203.05,28.13,33.3,35.45,84.06,83.06,78.04,67.88,26.61,81.39,191.33,13.73,48.24,18.19,17.9657120759662,17.02,44.56,161.8,43.28,90.57,40.21,168.35,89.63,69.16,121.57,91.5,15.36,53.3466666666667,44.74,68.79,30.37,50.57,92.67,125.42,50.55,47.65,35.6577777777778,170.02,49.42
166,02/11/2020,52.94,54.47,139.61,107.4,125.1,177.63,231.22,132.63,34.77,25.16,46.42,570.44,227.33,47.3,64.41,39,114.92,62.23,102.4,75.75,29.51,109.44,236.46,14.03,59.48,18.89,22.074569789675,19.7,54.72,270.99,52.39,118.15,55.78,169.36,102.89,83.66,154.79,95.87,16.41,64.3333333333333,47.67,79.78,33.33,54.81,138.61,137.38,54.93,47.99,52.8533333333333,212.98,46.28
167,02/11/2021,46.89,41.6,130.48,116.33,104.48,214.7,229.31,128.31,32.88,27.22,42.13,721.43,239.76,45.3,70.66,39.97,91.37,61.49,117.16,92.77,32.25,92.71,302.32,14.31,50.36,22.59,27.2848948374761,18.83,48.22,278.66,55.31,112.8,73.72,142.21,96.99,86.37,159.31,81.33,19.34,75.6333333333333,55.93,72.92,37.28,52.78,163.2,146.34,47.25,32.72,45.7066666666667,228.48,48.91
168,02/11/2022,65.31,60.74,161.93,155.65,123.38,304,283.42,191.81,47.92,30.63,62.33,772.49,319.14,66.91,123.57,54.47,121.14,98.61,156,124.14,48.54,105.28,363.06,15.92,71.54,22.83,35.9273422562141,26.22,61.64,332.29,71.03,152.21,104.57,182.3,123.11,106.2,207.36,119.86,24.83,111.28,89.11,99.17,43.79,63.58,144.25,171.76,58.55,58.31,59.98,221.19,73.22
169,02/12/2018,42.565,59.61,87.52,66.21,90.73,155.91,139.96,94.7,31.12,38.83,54.61,525.38,198.89,25.56,33.28,43.96,74.31,93.3,95.19,75.95,32.25,83.53,253.16,15.48,53.5,32.52,22.2355898339313,20.59,47.5,159.28,44.62,81.04,53.43,184.75,99.36,52.38,152.28,107.86,18.47,59.34,50.94,101.78,36.24,53.0,104.93,138.14,53.97,56.5,30.2311111111111,154.15,52.06
170,02/12/2019,48.94,43.83,98.74,79.69,92.91,128.83,171.28,107,28.69,31.15,52.84,425.51,206.15,28.47,33.6,36.02,84.72,84.26,79.79,69.72,27.07,82.74,194.49,13.86,48.76,18.57,18.3327246295859,17.23,45.92,163.15,44.31,90.91,41.15,170.0,92.05,69.3,123.15,93.36,15.47,54.6733333333333,45.88,69.51,30.44,50.82,97.09,127.26,51.21,49.05,35.8311111111111,171.24,49.89
171,02/12/2020,52.4,54.28,136.69,106.65,123.78,178.64,230.92,133.24,34.92,24.61,46.56,572.48,227.44,46.82,62.85,38.88,113.74,62.71,102.8,76.04,29.64,109.39,238.65,14.05,58.9,18.58,22.3709369024857,19.71,53.93,273.41,52.47,118.75,56.18,169.59,102.43,83.24,155.21,95.95,16.47,64.84,47.79,80.43,33.58,54.44,138.48,135.71,54.81,47.79,52.4266666666667,212.72,46.11
172,02/12/2021,46.92,41.4,128.13,116.68,104.43,218.08,228.04,129.62,33.37,27.62,41.93,722.98,242.46,44.8,70.21,40.52,92.42,62.31,117.75,93.72,32.51,94.02,306.32,14.45,49.61,22.67,27.6003824091778,19.07,48.62,278.67,55.67,112.8,74.61,142.23,98.14,86.27,162.27,80.86,19.56,76.0866666666667,58.19,73.5,37.15,54.01,163.19,145.96,47.64,33.53,45.2533333333333,227.42,49.58
173,02/13/2018,43.035,59.43,88.32,66.98,92.13,156.62,139.23,94.56,31.18,38.84,54.81,521.27,197.99,25.78,33.55,44.39,73.97,93.84,95.31,76.5,32.39,84.04,255.53,15.52,53.97,32.51,22.0207532171783,20.55,48.09,161.6,45.2,81.28,53.39,186.15,99.35,53.22,153.29,106.89,18.85,59.1533333333333,51.15,101.27,36.01,53.33,105.73,138.58,54.14,58.0,30.32,155.31,51.96
174,02/13/2019,49.02,44.18,97.91,79.54,94,129.8,172.96,107.56,28.7,31.62,52.43,427.45,205.8,28.45,33.77,36.31,84.5,84.47,79.99,70.18,26.77,82.58,194.69,13.89,48.74,18.47,18.4759490407545,17.18,46.77,164.61,44.22,91.24,41.19,170.62,91.96,70.8,121.48,93.87,15.59,54.54,45.98,69.49,30.77,50.46,98.13,128.04,50.91,49.02,36.2266666666667,170.97,49.55
175,02/13/2020,52.46,50.93,140.34,108.2,124.89,178.4,234.58,134.46,34.91,24.21,46.03,568.55,226.47,47.49,62.94,38.95,114.85,62.97,102.78,76.2,29.83,110.59,238.35,14.15,59.24,18.01,22.3326959847036,19.72,54.06,272.77,52.38,119.37,55.93,170.59,101.21,83.86,155.32,95.57,16.6,65.84,47.29,78.85,33.82,54.82,136.42,136.88,55.18,48.12,52.88,212.8,46.44
176,02/13/2023,71.01,61.96,133.57,195.22,136.51,355.33,321.43,181.33,35.65,31.76,51.92,736.91,313.74,58.47,96.44,43.47,127.11,75.99,117.37,116.15,37.45,122.75,374.02,15.38,78.48,19.21,39.55,19.65,62.57,313.55,72.39,174.0,99.43,161.33,99.05,139.71,160.98,104.43,23.9,113.42,80.42,94.03,37.03,49.1,121.36,187.6,49.09,48.13,68.46,247.72,52.9
177,02/14/2018,43.825,59.41,89.64,68.2,95.03,160.55,139.97,96.23,32,39.81,55.98,539.94,200.54,26.22,33.78,45.85,75.57,97.4,97.38,77.61,33.25,86.3,262.58,15.89,54.53,33.17,22.5757478104568,21.17,48.87,163.55,46.7,82.26,55.05,191.98,102.69,56.3,158.27,111.27,19.37,60.68,52.4,103.94,36.7,54.74,108.32,140.6,55.31,59.55,30.8577777777778,159.25,54.51
178,02/14/2019,48.6,40.19,97.13,78.88,93.23,127.16,169.62,106.62,28.39,31.67,51.77,423.38,202.78,28.48,33.2,35.9,83.99,83.66,79.61,69.69,26.52,81.83,192.53,13.69,48.24,18.27,18.2163547955114,17.02,45.88,163.73,43.8,90.15,40.72,169.14,91.28,70.71,120.61,91.68,15.51,54.1133333333333,45.29,68.66,30.83,49.74,97.34,126.93,50.46,48.52,35.9288888888889,168.5,48.93
179,02/14/2020,52.81,48.48,142.52,109.16,125.57,178.82,235.73,135.87,34.85,24.36,45.9,565.94,226.8,47.85,62.95,38.67,115.21,62.76,102.64,76.42,29.6,110.95,237.08,14.08,59.1,17.78,22.4378585086042,19.73,54.19,277.83,52.28,118.78,55.84,169.78,101.2,83.77,154.13,94.48,16.54,65.9666666666667,47.23,77.85,33.75,54.94,137.39,137.76,55.11,48.22,52.9333333333333,213.67,46.26
180,02/14/2022,64.22,58.99,161.99,153.35,124.8,300.95,279.88,192.35,47.42,30.4,61.47,760.31,314.28,65.98,121.2,53.66,119.48,97.9,155.14,124.16,48.23,104.03,360.24,15.7,69.66,22.82,35.8986615678776,25.91,61.13,323.47,70.13,151.71,102.57,180.41,121.51,106.21,204.57,115.8,24.52,109.48,87.74,98.68,44.03,63.0,144.14,170.77,57.87,57.85,59.66,218.86,72.36
181,02/14/2023,69.21,61.52,130.25,188.25,135.04,352.74,312.44,181.02,35.62,31.71,51.71,729.15,310.79,57.26,96.77,43.36,125.78,75.84,115.35,115.35,37.19,120.69,371.78,15.35,77.58,19.0,39.38,19.28,61.78,309.07,72.05,167.0,100.56,160.62,97.33,139.27,161.13,103.27,23.85,114.24,80.77,93.58,36.32,48.82,120.9,184.13,49.13,48.5,67.06,241.48,52.73
182,02/15/2018,44.21,59.23,90.07,69.05,94.52,159,140.89,96.56,32.21,39.06,56.16,540.65,203.9,26.32,34.65,46.02,76.19,97.67,98.67,78.57,33.2,86.12,267.68,15.86,54.46,33.19,22.3161535652137,20.95,49.89,166.99,46.73,82.44,55.4,191.1,103.87,56.78,159.86,109.73,19.48,60.8733333333333,52.33,103.96,36.84,54.83,109.56,140.88,55.1,60.02,30.9955555555556,159.62,54.77
183,02/15/2019,49.28,42.32,98.21,79.84,94.38,130.68,171.97,107.38,29.11,32.45,52.99,431.95,205.29,29.06,33.35,36.7,85.48,86.37,81.57,71.29,27.17,83.36,198.5,14.01,48.73,18.86,18.81610701728,17.51,46.7,169.26,44.86,91.16,41.99,172.27,93.09,71.26,124.15,94.15,16.0,54.8866666666667,46.36,70.66,31.75,50.7,97.58,128.74,51.31,49.22,36.1777777777778,169.56,50.11
184,02/15/2022,64.56,60.38,165.67,155.39,124.21,308.49,284.52,197.98,47.79,31.07,62.23,781.19,316.2,66.58,124.95,55.15,120.69,100.17,158.89,127.53,49.38,105.54,363.94,16.21,71.01,23.33,36.1185468451243,26.53,61.45,329.82,71.57,153.54,103.43,183.93,125.28,105.78,207.19,118.0,25.29,112.36,89.64,100.32,44.79,64.8,146.58,171.6,58.61,58.38,60.0733333333333,222.16,74.31
185,02/15/2023,69.27,61.83,131.95,190.33,137.15,350.3,315.07,180.67,35.56,31.74,51.77,724.19,309.63,57.92,96.63,43.43,126.72,75.48,114.63,115.25,37.1,121.04,374.34,15.41,77.8,18.78,39.3,19.26,62.15,310.46,72.44,168.07,100.83,160.25,97.05,141.96,160.0,103.96,23.9,113.87,80.48,94.11,36.51,48.9,122.03,185.22,49.08,47.97,67.34,242.41,52.18
186,02/16/2018,44.825,59.47,89.92,68.97,95.04,159.81,140.86,96.79,31.97,39.1,56.25,541.1,203.79,26.35,34.51,45.93,77.19,97.82,99.53,79.53,33.13,86.65,267.62,15.83,54.14,33.92,22.3519596680058,21.02,50.08,168.21,46.64,82.76,55.14,191.64,104.86,57.35,159.08,109.43,19.45,61.7066666666667,52.17,104.55,36.73,54.96,110.49,141.16,55.61,59.95,31.0355555555556,159.23,55.07
187,02/16/2021,46.35,42.15,125.95,117.67,103.21,220.19,227.1,130.68,34.27,28.08,42.75,730.31,245.28,44.47,70.34,42.03,90.82,65.91,119.8,95.9,33.47,93.78,311.96,15.05,48.8,22.84,27.7820267686424,19.79,48.77,280.35,56.01,114.5,76.05,148.67,98.92,85.13,169.91,82.76,20.22,78.32,60.95,75.46,37.9,55.65,163.22,147.42,48.65,34.79,45.34,228.11,51.3
188,02/16/2022,64.52,60.34,167.2,156.21,123.48,312.11,285.05,198.38,47.68,31.38,62.5,783.42,315.65,66.61,126.78,55.23,128.14,100.49,158.86,126.82,49.51,105.89,360.05,16.19,71.22,23.58,36.3193116634799,26.61,62.06,330.62,71.53,153.94,101.15,186.1,126.28,106.08,208.59,118.16,25.24,112.79,89.33,100.28,44.85,64.71,146.15,172.27,58.6,58.14,60.6333333333333,225.79,73.91
189,02/16/2023,69.13,62.16,132.94,188.63,137.1,349.47,310.25,177.94,35.28,31.2,51.29,713,308.18,57.37,94.44,42.81,125.89,74.06,111.55,111.63,36.66,121.54,370.2,15.34,77.49,18.46,38.57,19.08,61.66,302.5,72.47,166.51,99.57,159.68,95.72,142.54,158.3,103.11,23.66,114.02,80.34,93.27,35.65,47.96,119.08,183.06,48.55,47.22,66.85,242.36,51.39
190,02/17/2021,47.04,43.27,125.72,117.66,104.86,218.39,229.2,128.56,34.41,27.68,42.9,721.39,245.25,44.25,69.88,41.83,93.8,64.83,118.91,91.7,33.53,94.68,312.74,14.97,50.1,22.58,27.17017208413,19.72,48.52,280.55,55.41,117.68,75.45,148.2,97.46,86.25,167.55,83.42,20.02,77.9333333333333,61.3,75.16,37.47,55.65,163.24,148.45,49.3,36.59,45.2533333333333,229.89,50.64
191,02/17/2022,63.2,61.38,166.02,153.5,122.64,299.4,281.04,195.71,46.07,30.11,57.35,762.5,313.55,65.63,122.63,53.09,126.25,96.79,154.36,123.08,48.19,104.64,349.06,15.87,70.62,22.39,35.057361376673,25.73,61.0,323.14,69.81,151.15,96.15,182.66,118.45,105.23,201.3,114.25,23.9,108.98,86.02,93.65,43.66,62.55,143.42,170.59,57.13,56.15,59.84,223.17,71.22
192,02/17/2023,69.37,60.82,132.41,188.6,135.05,351.48,310.27,177.3,35.35,31.33,51.5,716.16,308.24,57.67,93.52,43.18,127.03,72.88,111.17,111.18,36.95,122.93,368.5,15.4,78.45,18.71,39.03,19.15,61.51,301.45,72.54,166.44,99.51,159.92,96.71,141.52,158.59,101.53,23.86,112.17,80.32,92.0,35.77,48.49,118.73,185.75,48.6,47.49,67.14,240.89,51.43
193,02/18/2020,51.88,49.01,141.8,108.51,124.3,177.29,235.27,135.6,34.27,26.05,45.29,564.81,226.77,48.11,61.97,37.96,113.85,61.96,103.03,75.35,29.24,110.33,233.21,13.91,58.53,17.62,22.3804971319312,19.56,53.7,280.68,51.83,119.45,55.52,166.8,100.83,83.4,151.39,93.18,16.31,66.2866666666667,46.73,76.88,33.27,54.01,137.78,135.88,54.42,46.99,52.9066666666667,212.69,45.09
194,02/18/2021,47.29,42.11,122.77,118.62,105.08,214.2,227.26,128.49,34.19,26.99,42.18,703.53,243.5,44.32,69.68,40.9,94.68,64.26,117.02,90.26,33.22,93.58,309.9,14.8,49.42,21.86,27.0554493307839,19.48,47.36,278.78,54.99,117.73,74.83,146.74,96.01,88.1,166.91,81.91,19.66,77.48,61.93,74.7,36.65,55.83,160.0,147.69,49.06,36.96,44.7466666666667,222.99,50.03
195,02/18/2022,63.17,61.73,165.54,154.28,125.89,300.56,283.8,194.88,45.96,30.37,56.38,756.02,314.8,66.14,123.86,53.25,125.58,95.86,153.96,123.81,48.23,105.08,346.04,15.85,70.53,22.47,34.942638623327,25.64,61.6,323.58,69.55,152.19,95.42,182.35,118.52,106.41,201.17,114.07,23.7,108.52,85.61,93.39,43.42,62.32,143.47,170.63,57.1,55.63,60.3133333333333,225.61,70.72
196,02/19/2019,48.99,42.99,98.24,80.37,94.62,131.96,172.66,106.5,29.13,32.33,52.99,431.07,205.69,29.12,33.5,37.08,85.61,87.44,82.2,71.59,27.51,83.64,198.67,14.12,49.12,18.91,18.81610701728,17.74,47.06,167.96,44.74,91.53,42.16,173.48,93.0,71.81,124.95,93.95,16.14,55.2866666666667,47.06,71.37,31.76,51.11,97.4,129.1,51.31,49.38,36.4266666666667,170.72,50.72
197,02/19/2020,51.55,49.41,140.68,108.78,124.26,179.04,237.43,136.93,34.72,25.37,45.92,572.07,229.24,48.46,62.76,38.35,113.02,62.97,104.14,75.56,29.64,110.57,237.33,14.03,58.09,17.69,22.6386233269598,19.73,53.71,285.31,51.79,118.48,56.31,168.26,103.07,81.42,153.35,93.1,16.43,67.5066666666667,47.44,78.76,33.37,54.61,139.06,134.51,54.75,47.09,52.9866666666667,211.76,45.81
198,02/19/2021,48.08,42.58,123.31,120.18,103.45,224.49,228.34,131.71,34.54,27.51,42.32,710.11,241.85,45.59,69.97,42.51,96.26,66.71,119.56,93.92,34.54,95.3,315.62,15.3,49.86,22.47,27.6386233269598,20.15,48.06,280.42,56.07,117.07,76.0,149.97,96.31,87.06,170.41,84.1,20.37,78.8333333333333,61.91,71.93,38.08,57.58,162.77,145.91,50.02,37.83,45.2533333333333,224.98,51.7
199,02/20/2018,44.46,60.04,88.58,69.31,93.65,158.76,140.72,97.19,31.93,38.86,56.42,542.6,203.05,26.305,34.17,46.09,75.69,97.2,98.46,79.63,33.21,86.38,264.89,15.9,53.82,33.21,22.4683295020803,20.95,49.89,168.13,46.89,83.51,55.06,190.64,104.72,56.54,159.13,108.48,19.4,61.4866666666667,52.34,103.79,36.56,54.6,109.91,139.07,54.91,59.95,30.5466666666667,159.65,54.97
200,02/20/2019,49.12,43.29,98.83,80.49,95.06,132.89,172.8,106.78,29.41,32.62,53.32,437.22,206.16,29.44,34.42,37.66,85.95,88.31,82.72,71.62,27.93,84.01,198.6,14.27,49.07,19.04,18.6639310804133,17.95,47.44,169.46,45.05,91.95,42.42,176.0,93.47,72.48,126.52,95.02,16.36,55.1866666666667,46.45,72.24,31.79,51.78,98.18,129.74,51.6,49.81,36.7066666666667,171.08,51.28
201,02/20/2020,51.49,49.8,141.57,108.17,123.46,179.72,234.33,136.58,34.85,25.67,45.83,566.92,228.17,48.51,62.45,38.78,112.12,63.43,103.54,75.79,29.83,111.16,232.73,14.14,58.08,18.03,22.6768642447419,20.02,53.89,278.87,52.28,117.08,53.75,169.53,102.7,80.84,154.48,93.78,16.54,67.5066666666667,48.58,77.89,33.64,55.31,137.74,133.98,54.8,47.34,52.0466666666667,209.5,46.25
202,02/21/2018,44.44,60.18,88.26,68.91,93.41,159.38,139.37,97.5,31.87,39.07,56.45,543.56,201.02,26.25,34.04,46.3,75.54,98.41,97.39,78.59,33.44,86.17,263.4,16.05,53.95,33.22,22.3609111937039,21.05,49.75,166.99,46.95,82.76,55.1,192.82,105.38,57.17,161.28,108.63,19.62,60.8133333333333,52.3,103.96,36.57,55.09,109.95,138.54,55.1,59.73,30.7288888888889,157.57,55.86
203,02/21/2019,48.9,43.01,98.17,80.64,94.63,131.69,172.4,106.61,29.29,32.24,52.95,435.02,205.33,29.44,34.01,37.23,85.54,87.74,82.07,71.21,27.74,83.2,196.36,14.2,48.83,18.83,18.2969185267937,17.7,47.53,170.6,44.76,92.09,41.96,173.08,92.69,72.11,124.91,94.49,16.25,55.2733333333333,45.72,72.18,31.78,51.83,97.1,129.82,51.05,49.56,36.6266666666667,170.39,50.9
204,02/21/2020,51.53,48.6,140.1,107.83,123.62,175.43,231.51,134.9,34.36,25.2,45.04,557,229.33,48.36,61.25,37.61,111.32,62.48,101.15,75.32,29.4,110.14,230.62,13.91,58.05,17.48,22.5239005736138,19.67,53.63,271.83,51.23,116.35,52.42,168.57,101.94,81.46,153.8,92.6,16.33,65.0733333333333,46.19,77.13,33.33,54.85,136.27,135.16,54.55,47.7,52.4333333333333,208.44,45.43
205,02/21/2023,68.13,59.72,131.55,186.55,134.41,340.48,304.68,173.48,34.52,29.9,50.43,695.75,302.72,56.25,90.73,41.95,124.86,70.61,108.15,109.13,36.06,120.79,361.12,15.03,77.38,17.72,37.85,18.51,60.78,294.84,71.05,163.93,97.62,155.45,94.05,142.58,155.48,98.1,23.19,110.31,79.9,89.17,35.0,47.14,113.23,185.25,47.69,46.24,66.78,237.13,49.8
206,02/22/2018,44.265,59.96,87.84,68.13,92.8,158.01,139.12,97.35,31.69,38.72,55.9,539.53,200.73,26.125,34.02,45.45,74.92,96.67,96.67,77.75,32.87,85.64,261.43,15.73,53.22,32.94,21.9133349088019,20.53,49.6,167.17,46.63,81.9,54.86,189.5,104.12,56.85,157.6,107.79,19.31,60.0533333333333,52.03,102.72,36.33,54.32,110.42,137.64,54.27,58.81,30.5644444444444,156.53,54.72
207,02/22/2019,48.75,42.87,98.34,80.6,94.57,134.89,172.06,107.44,29.08,32.73,53.22,436.72,201.91,29.51,33.65,37.23,86.12,88.1,81.2,71.46,27.83,82.94,196.0,14.33,48.89,19.05,18.1178880128329,17.65,47.79,172.7,44.74,92.55,41.79,172.47,92.64,72.27,124.15,95.01,16.24,55.7066666666667,46.17,72.4,31.88,51.49,98.05,131.02,51.28,49.02,36.6888888888889,171.09,51.17
208,02/22/2021,49.21,44.1,126.89,120.9,105.31,225.88,228.72,135.95,35.15,27.34,43.73,703.14,244.97,46.18,69.52,43.24,96.98,68.14,122.58,95.39,34.88,96.54,316.87,15.57,51.03,22.73,27.925430210325,20.49,49.48,277.03,57.44,118.39,77.4,155.27,97.63,87.79,170.52,86.11,20.71,79.6733333333333,62.95,73.54,38.82,59.07,161.97,147.87,50.94,37.26,45.46,224.9,53.36
209,02/22/2022,62.77,61.61,165.12,153.73,125.09,297.4,285.29,192.44,45.56,29.51,55.64,745.48,314.16,65.68,121.62,53.13,123.94,95.67,152.93,122.01,48.33,104,344.27,15.83,70.31,21.77,34.1969407265774,25.59,61.01,323.05,68.96,151.14,94.75,182.59,117.41,106.25,203.08,112.76,23.88,108.76,84.57,92.43,42.71,62.18,142.21,171.08,57.8,55.28,60.2933333333333,223.2,70.89
210,02/22/2023,68.36,60.66,130.46,186.29,133.28,339.34,304.87,174.7,34.29,29.77,50.16,687.41,303.16,56.48,90.9,41.84,124.71,69.52,108.59,109.58,35.93,120.49,360.89,14.93,77.15,17.61,37.66,18.19,60.64,294.41,70.86,164.06,97.27,154.2,93.97,142.49,156.3,98.35,23.04,109.52,80.0,88.1,35.45,47.08,112.23,186.12,47.54,46.01,66.6,236.55,49.32
211,02/23/2018,44.785,60.07,88.56,68.99,94.37,160.28,141.91,98.8,32.03,39.31,56.9,549.75,202.76,26.44,34.26,46.43,75.8,98.68,99.04,79.42,33.45,86.51,266.77,15.99,54.04,33.19,22.3519596680058,20.97,50.34,169.3,47.47,83.57,56.07,193.51,106.56,57.71,160.09,108.98,19.65,60.98,52.74,104.5,37.15,55.36,112.3,139.74,55.49,59.17,30.6844444444444,159.96,55.68
212,02/23/2021,49.26,44.37,127.67,123.13,108.01,226.5,231.28,136.94,35.52,27.07,43.83,703.16,245.53,46.93,69.3,44.45,98.41,69.59,122.54,95.3,35.08,96.17,319.21,15.72,51.87,22.58,27.7055449330784,20.75,50.45,276.04,57.43,118.33,77.5,159.38,97.55,89.75,173.22,85.37,21.26,79.2866666666667,62.67,74.06,38.48,58.73,161.6,149.33,51.61,37.14,46.0866666666667,226.08,54.17
213,02/23/2022,61.59,61.54,163.6,151.68,123.28,291.56,280.25,188.95,44.78,29.03,53.35,732.49,309.99,64.23,120.83,51.85,122.44,93.45,149.47,120.02,47.17,103.23,341.19,15.3,69.41,21.14,33.7571701720841,24.67,60.15,318.89,68.05,148.74,93.55,180.81,113.64,104.62,199.01,110.89,23.42,106.9,82.55,87.23,41.6,60.6,139.69,170.14,56.65,53.95,59.5666666666667,216.82,69.71
214,02/23/2023,68,60.31,128.21,185.46,131.85,339.09,304.48,175.14,34.26,29.76,50.29,691.84,303.07,56.46,91.02,41.93,122.97,70.01,109.51,110.7,36.05,120.48,363.54,15.09,77.21,17.74,37.93,18.13,60.7,294.44,70.58,163.88,97.94,154.72,93.46,142.36,158.1,98.52,23.01,107.25,78.97,87.11,35.92,46.68,112.66,185.47,47.72,46.25,66.27,237.2,49.36
215,02/24/2020,49.23,45.7,137.24,106.21,120.54,164.47,223.3,128.19,32.73,24.19,43.13,528,221.69,47.31,58.56,36.06,107.48,59.78,98.24,73.15,28.31,106.67,224.54,13.5,56.59,16.78,21.6921606118547,18.98,52.33,266.26,49.38,113.33,49.68,163.86,96.53,80.97,148.81,87.83,15.73,62.5,43.8,74.01,32.25,53.77,131.75,134.12,53.08,46.39,51.36,205.54,43.76
216,02/24/2021,49.85,45.43,128.13,123.79,108.36,232.1,233.7,139.89,36.38,27.93,44.26,712.1,248.45,47.79,69.86,46.38,100.89,72.07,124.48,97.96,36.25,98.32,330.64,16.22,53.15,23.26,28.7954110898662,21.54,50.38,278.55,59.56,119.02,79.88,162.13,100.27,87.74,178.48,89.91,22.21,81.7666666666667,64.44,76.82,40.22,60.17,166.23,150.96,52.81,38.29,47.5066666666667,225.64,56.78
217,02/24/2022,59.62,60.38,163.5,154.42,120.82,289.36,288.13,188.35,43.6,28.96,52.5,731.79,308.28,66.15,121.28,50.48,119.42,90.98,147.77,118.27,45.76,100.1,340.19,14.96,67.48,21.02,33.0114722753346,24.13,59.0,322.0,66.22,151.78,91.81,174.47,112.96,102.88,195.61,108.95,23.08,107.17,82.27,85.48,41.24,59.21,142.74,166.5,55.33,52.71,58.4333333333333,219.81,66.97
218,02/24/2023,68.57,60.17,127.98,184.73,131.59,339.79,302.97,174.25,34.21,29.29,50.46,683.43,304.02,56.47,89.06,41.89,121.45,70.41,109.64,112.22,36.31,122.03,363.85,15.29,77.97,17.53,37.67,18.32,61.08,289.24,71.84,162.04,97.7,156.13,93.42,141.81,158.49,99.04,23.17,107.77,80.6,87.17,35.8,47.08,110.16,185.33,47.64,46.62,66.35,234.7,50.27
219,02/25/2019,48.96,43.83,99.06,80.34,94.9,131.94,171.17,106.93,29.27,32.48,52.93,438.93,202.31,29.51,33.9,37.04,85.86,87.12,81.42,71.03,27.7,82.62,198.65,14.4,49.17,18.98,18.1626456413231,17.61,47.98,172.5,45.26,92.58,42.19,172.47,92.68,72.73,123.69,95.56,16.37,55.72,46.01,72.47,31.83,51.26,98.11,132.49,51.61,49.66,36.3244444444444,171.45,50.99
220,02/25/2020,47.7,45.24,133.86,103.87,117.31,156.23,222.44,120.9,31.08,23.58,41.59,506,218.05,46.16,56.47,34.44,104.72,56.79,92.78,69.49,27.07,103.08,217.61,12.83,55.27,15.86,20.697896749522,18.04,50.36,260.03,47.58,111.11,48.03,155.95,91.13,80.0,141.34,84.06,14.79,60.6266666666667,41.6,70.85,30.76,51.31,126.54,130.79,50.72,45.12,50.1133333333333,202.64,42.38
221,02/25/2021,48.65,43.95,125.17,121.42,108.83,223.94,230.96,137.08,35.93,26.8,43.42,694.79,243.69,46.74,68.41,44.2,98.77,69.58,119.24,95,35.3,96.23,327.76,15.7,51.89,22.38,27.9636711281071,20.68,48.73,277.29,58.26,118.23,78.43,156.7,97.76,87.11,173.26,87.91,21.32,80.28,63.1,74.26,39.02,58.63,160.86,148.0,51.63,37.56,46.52,224.27,54.57
222,02/25/2022,61.95,63.16,168.41,159.3,124.17,302.77,292.95,193.71,45.02,30.21,54.37,750.87,319.24,67.59,128.78,52.98,124.94,95.54,153.59,124.01,48.09,103.56,350.12,15.57,70.74,21.79,34.4359464627151,25.3,61.83,323.7,68.56,155.5,94.55,183.03,117.78,107.24,202.67,112.8,24.29,112.29,85.75,88.74,43.19,62.97,145.26,173.44,57.34,54.11,60.7933333333333,223.63,70.99
223,02/26/2018,45.38,59.01,88.44,69.76,95.75,162.32,143.3,101.64,32.42,39.84,58.18,563.97,210.62,26.69,34.45,44.54,77.26,99.67,100.75,80.43,33.76,87.6,271.26,16.03,54.5,33.84,22.396717296496,21.18,50.73,170.2,47.55,84.69,57.01,195.32,108.84,58.85,161.83,110.12,19.8,61.7333333333333,53.73,106.82,37.39,55.79,114.15,142.58,55.84,59.97,31.1466666666667,161.21,56.29
224,02/26/2019,48.91,43.86,99.43,79.89,94.09,131,171.35,106.94,29.29,32.75,53.04,440.53,201.9,29.2,33.72,36.69,85.61,86.37,80.9,70.77,27.46,82.61,198.9,14.3,49.01,19.05,18.2342578469074,17.41,47.58,172.49,44.65,92.57,42.41,170.51,92.94,72.32,123.21,95.57,16.2,55.7133333333333,46.56,72.65,32.01,50.87,98.51,133.27,51.3,49.59,36.56,170.38,50.42
225,02/26/2020,46.55,45,132.51,103.84,115.73,156,222.49,118.5,30.63,23.01,41.37,508.47,216.06,46.23,56,33.69,103.13,55.74,92.82,69,26.65,100.74,215.78,12.7,54.45,15.46,20.0669216061185,17.67,48.95,261.01,46.92,112.59,47.24,153.46,89.37,79.65,138.71,81.92,14.58,60.02,41.42,70.14,30.59,50.7,126.61,128.56,49.66,44.14,49.36,204.44,41.82
226,02/26/2021,47.89,43.95,123.22,119.8,106.6,221.24,227.71,135.26,34.71,26.17,42.16,694.5,240.51,45.9,69.23,43.44,97.87,68.1,120.19,94.07,34.69,93.4,319.48,15.34,50.69,22.42,27.7629063097514,20.14,47.81,274.89,57.6,115.22,76.87,150.94,95.13,85.95,168.36,86.72,20.63,77.8266666666667,61.72,72.77,38.68,56.96,162.14,145.5,50.0,36.17,46.22,220.64,53.17
227,02/27/2018,44.995,58.23,87.35,69.98,94.01,159.77,142.46,99.58,32.33,39.16,57.99,552.77,209.66,26.615,34.2,43.75,75.88,98.61,99.25,79.56,33.26,86.99,267.93,15.82,53.81,33.02,21.9849471143862,21.16,50.18,168.37,47.22,84.31,56.72,192.19,107.59,58.53,160.23,108.69,19.62,62.4666666666667,53.8,107.17,36.81,54.95,112.39,141.54,55.01,59.21,30.8888888888889,161.01,55.74
228,02/27/2019,48.99,43.47,100.87,80.52,93.98,131.87,171.19,107.42,29.53,32.77,52.75,442.01,202.29,29.34,33.53,37.03,85.99,87.82,82.26,71.25,27.81,82.74,198.1,14.37,49.08,19.3,18.2879670010957,17.63,47.57,173.6,45.0,92.8,42.56,172.53,93.26,72.71,125.72,96.07,16.57,55.88,46.57,72.44,32.02,51.06,100.24,132.62,51.54,49.9,36.9111111111111,170.54,51.08
229,02/27/2020,44.4,43.41,126.89,99.08,109.92,146.18,212.22,112.81,29.13,22.64,40.96,475.82,207.67,44.01,53.29,32.44,97.66,53.21,89.17,66.18,25.19,95.48,205.69,12.35,51.96,14.6,19.0535372848948,16.71,46.21,244.07,43.89,106.88,45.41,144.67,87.68,76.28,130.62,77.52,13.85,57.4533333333333,41.91,69.38,29.68,47.55,119.84,124.08,47.52,42.47,46.66,194.53,40.59
230,02/27/2023,68.23,60.65,127.36,184.9,128.95,339.84,302.59,173.3,34.21,29.47,50.84,683.06,304.66,55.96,89.93,41.75,120.98,70.04,109.03,111.45,36.07,120.91,365.53,15.31,77.84,17.47,37.62,18.1,60.9,289.71,71.78,162.23,96.7,155.07,94.25,141.69,157.7,99.03,23.27,107.63,77.88,88.81,35.5,47.14,111.55,185.33,47.58,46.78,66.29,236.62,50.39
231,02/28/2018,44.44,57.34,85.47,69.11,92.26,156.44,140.32,97.51,32.1,38.67,57.03,549.43,207.2,26.32,34,43.49,74.59,97.22,97.93,78.83,33.05,85.37,262.93,15.7,52.85,32.54,21.4747101495979,21.13,49.33,166.88,46.19,83.02,56.02,189.84,105.87,57.58,157.66,106.32,19.41,61.8066666666667,53.02,106.15,36.39,54.35,111.9,139.0,54.36,58.41,30.3911111111111,157.9,54.97
232,02/28/2019,49.14,43.2,102.99,80.28,94.38,131.63,171.53,107.74,29.08,32.61,52.48,443.22,201.3,29.62,33.39,36.94,86.82,87.11,83.58,71.61,27.58,82.56,196.7,14.41,49.36,19.35,18.144742589927,17.66,47.62,173.12,45.19,93.02,41.98,173.06,93.2,72.9,126.02,95.85,16.4,55.0533333333333,46.01,71.87,32.61,50.97,100.43,132.91,51.69,49.89,37.1822222222222,172.02,51.1
233,02/28/2020,42.85,42.16,120.59,97.49,105.25,141.3,208,109.93,28.5,21.76,39.9,463.01,206.34,43.01,53.84,31.69,93.24,52.64,88.26,65.58,24.4,92.66,200.77,12.27,49.95,14.4,18.8432122370937,16.35,45.63,240.03,42.72,104.56,45.03,140.38,87.76,73.16,126.4,75.45,13.52,55.7533333333333,40.75,68.11,29.1,46.14,118.01,119.81,46.44,40.85,44.76,189.25,39.95
234,02/28/2022,61.09,61.24,169.71,158.19,122.36,299.79,292.14,194.54,44.2,29.73,53.15,743.89,321.45,67.61,127.47,52.42,122.79,95.49,153.27,123.44,47.84,100.96,341.29,15.52,69.48,21.24,33.9770554493308,25.07,61.34,322.03,67.55,155.41,90.74,182.23,113.9,105.93,199.25,111.66,24.19,109.65,84.46,85.33,42.78,62.22,144.56,171.83,56.54,53.37,60.2,222.3,70.89
235,02/28/2023,68.15,61.11,127.39,187.35,128.78,342.87,304.05,173.99,34.3,29.47,50.88,689.43,305.18,56.07,90.8,41.76,120.7,70.1,109.08,112,36.3,121.69,351.65,15.32,78.28,17.66,37.79,18.29,61.09,290.15,71.73,162.14,96.5,155.29,95.27,143.52,157.92,100.0,23.32,108.46,77.92,88.68,35.71,46.95,112.28,185.12,47.73,46.77,66.19,234.36,50.62
236,03/01/2018,43.83,56.47,85.69,68.37,92.06,153.66,137.45,95.14,31.48,38.36,55.51,535.58,201.53,25.97,33.57,43.53,73.34,96.93,96.51,75.21,32.79,83.17,256.78,15.61,51.91,31.81,21.1614067501665,21.0,48.65,166.52,45.73,81.82,54.49,188.85,103.67,57.79,155.99,103.93,19.26,61.3466666666667,52.05,104.58,35.85,53.89,110.08,138.97,53.17,57.31,30.1777777777778,154.99,54.38
237,03/01/2019,49.17,43.23,104.14,80.32,95.01,132.18,171.65,108.9,29.31,32.67,52.69,443.77,203.13,29.87,33.54,37,86.99,86.86,84.26,71.84,27.57,82.87,198.2,14.4,49.4,19.51,18.3953853094722,17.51,47.9,175.67,45.55,92.89,42.5,172.59,93.13,73.02,126.62,96.6,16.31,56.3066666666667,46.81,72.8,32.46,51.8,100.67,133.03,51.72,50.03,37.4844444444444,172.56,51.17
238,03/01/2021,48.72,45.31,126.3,122.3,109.72,229.08,232.51,138.71,35.79,27.2,43.68,719.2,249.21,46.84,70.73,44.3,101.16,70.34,123.93,97.87,36,95.12,329.92,15.83,51.96,24.74,28.6806883365201,20.74,49.52,282.47,59.44,117.46,79.16,154.23,98.85,87.64,173.07,88.62,21.32,80.6866666666667,64.1,76.74,40.0,58.81,168.22,150.39,51.16,37.09,46.7533333333333,226.72,54.79
239,03/01/2022,58.48,57.89,165.12,156.1,119.86,279.07,289.84,178.06,42.47,28.08,50.58,714.81,316.84,66.87,123.76,48.56,120.05,87.59,140.68,113.89,44.46,97,328.2,14.39,66.49,19.71,32.4187380497132,22.99,59.71,322.35,64.44,153.74,87.63,169.85,106.3,103.24,187.19,105.78,22.11,102.68,77.86,80.89,39.47,58.15,139.56,167.82,53.86,50.29,58.7866666666667,218.93,64.94
240,03/01/2023,68.12,60.96,126.45,187.78,127.61,343.29,301.71,175.91,34.14,29.1,50.52,680.56,304.62,56.01,89.78,41.61,119.92,70.68,108.58,112.94,36.19,121.66,346.23,15.3,77.54,17.53,37.44,18.45,61.25,289.28,71.27,162.01,96.19,154.18,94.42,142.23,155.21,99.95,23.36,106.82,77.41,89.51,35.98,46.7,111.13,184.05,47.31,46.68,67.25,232.39,50.44
241,03/02/2018,43.755,56.51,86.44,68.66,91.61,150.91,138.49,95.6,31.63,38.79,55.37,537.58,201.34,26.135,33.35,44.18,74.61,98.29,96.72,75.84,32.91,82.96,258.12,15.8,51.77,32.21,21.3135826870332,21.34,48.82,166.94,45.5,82.62,54.74,190.98,104.71,57.58,157.43,105.6,19.47,61.24,52.63,104.28,35.93,54.29,110.33,137.88,53.41,57.41,30.32,154.92,54.81
242,03/02/2020,45.29,42.85,127.89,103.51,112.67,150.86,221.06,113.87,29.37,23.35,40.96,487.94,217.63,45.44,56.03,33.32,101.36,55.02,91.47,67.88,25.72,96.14,209.47,12.94,53.12,14.78,19.6845124282983,16.97,48.69,259.52,44.56,108.01,46.48,147.51,88.49,78.88,132.64,79.56,14.51,58.0933333333333,41.98,68.69,30.39,48.81,125.48,127.68,48.16,42.26,46.8,199.54,41.3
243,03/02/2021,48.64,45.96,126.64,121.7,110.49,225.79,232.53,139.25,35.53,26.96,43.6,716.31,249.22,46.38,69.96,44.46,99.98,69.95,123.46,96.54,36.15,96.06,330.94,15.74,51.6,23.95,28.585086042065,20.65,49.38,281.13,58.96,115.96,80.79,154.61,97.3,88.71,173.09,89.02,21.11,78.8466666666667,63.8,77.03,39.56,58.26,169.65,149.12,50.65,37.14,46.9866666666667,227.11,54.24
244,03/02/2022,60.14,61.04,168.88,158.78,123.88,289.9,292.84,180.31,43.16,29.45,52.14,738.04,323.64,67.71,130.22,50.7,123.39,93.67,141.2,116.12,46.07,99.94,336.38,15.09,69.18,20.54,33.3078393881453,24.17,61.49,325.99,66.41,155.54,88.38,178.81,110.21,104.92,193.7,109.37,23.37,105.79,81.81,83.94,39.76,60.69,142.98,173.68,56.23,52.22,60.36,223.88,68.38
245,03/02/2023,67.56,60.03,125.81,187.02,126.28,340.9,301.79,175.34,33.49,29.06,50.19,685.91,307.75,56.15,89.06,40.35,119.55,68.24,108.19,112.37,35.62,120.81,349.1,14.97,77.35,17.55,37.14,17.93,61.44,290.34,69.39,161.89,96.08,151.32,92.95,142.25,150.24,98.01,22.89,106.6,76.09,88.77,35.74,45.5,111.16,183.19,46.31,45.8,67.34,237.62,48.31
246,03/03/2020,43.33,41.49,123.25,100.69,109.2,140.56,214.8,108.01,27.75,23.39,38.83,482.07,208.81,44.52,56.09,31.15,99.77,51,86.42,64.31,24.44,91.18,203.43,12.58,51.58,14.29,18.8718929254302,16.21,47.08,252.87,42.57,106.52,44.4,139.23,83.44,77.24,125.49,75.06,14.09,53.4866666666667,38.3,65.85,28.87,46.89,123.49,125.31,46.1,40.53,45.3066666666667,197.16,38.9
247,03/03/2021,48.94,47.01,128.04,122,111.26,223.69,228.01,142.59,36.42,26.74,44.53,701.49,251.55,45.55,69.59,44.61,101.09,69.88,125.41,96.76,35.91,96.32,334.43,15.93,52.42,23.66,29.302103250478,20.64,49.59,278.0,59.44,115.03,82.06,155.83,98.55,88.86,173.35,89.37,20.99,79.0866666666667,64.96,79.31,40.12,58.49,169.58,150.71,51.16,37.69,47.66,222.65,54.24
248,03/03/2022,61.16,60.41,170.6,158.41,125.68,290.4,294.21,179.89,42.49,29.21,52.36,737.71,327.74,68.11,125.85,50.19,124.36,93.37,138.52,114.57,46.3,99.63,333.42,15.08,69.27,20.06,32.8585086042065,24.16,61.54,324.9,66.56,155.84,87.78,180.65,110.43,105.08,191.59,109.54,23.43,103.93,80.71,83.94,38.89,60.55,142.92,173.6,56.31,51.24,60.2466666666667,224.74,68.0
249,03/03/2023,68.44,60.2,126.44,189.03,128.13,344.93,304.07,179.09,34.16,29.59,51.33,695.24,312.45,56.76,91.22,40.98,121.06,69.4,109.78,114.77,36.23,120.58,357.09,15.22,77.51,17.9,37.35,18.32,61.76,298.62,70.33,163.67,98.33,152.54,94.98,145.6,152.89,99.08,23.35,107.94,77.41,90.42,36.38,46.24,113.49,183.59,47.11,46.85,67.54,240.85,49.23
250,03/04/2019,49.06,43.51,103.78,79.62,94.2,130.59,170.63,109,29.03,32.45,51.91,437.33,201.81,29.87,33.7,36.85,85.8,86.52,83.31,71.44,27.37,82.43,195.98,14.37,49.08,19.45,17.9299059731741,17.25,48.11,172.24,45.66,92.63,42.0,172.84,92.74,72.71,126.33,96.73,16.16,55.92,45.65,71.49,32.46,51.83,99.54,132.15,51.67,50.11,37.2933333333333,173.05,50.86
251,03/04/2020,44.55,42.54,126.85,106.21,114.51,144.46,225.48,115.7,28.39,23.42,40.5,495.31,217.86,47.05,58.1,31.71,104.43,50.39,89.33,66.69,25.17,95.05,208.74,12.65,53.9,14.62,19.7609942638623,16.69,48.5,269.58,43.83,110.6,45.24,143.09,85.05,81.05,129.4,77.17,14.55,53.1933333333333,37.16,67.0,30.14,47.38,128.76,131.53,46.66,41.4,46.68,206.55,38.48
252,03/04/2021,48.4,46.27,128.08,120.56,109.35,217.24,226.04,142.68,36.5,25.62,44.76,683.21,245.48,44.93,67.08,43.68,99.87,68.37,125.94,95.4,35.56,94.51,329.29,15.78,52.05,23.32,28.4225621414914,20.24,48.96,278.01,58.63,113.21,81.11,152.99,97.57,86.99,172.58,88.57,20.26,77.7933333333333,64.77,78.2,38.91,57.38,163.52,149.02,51.02,37.16,47.12,221.95,53.96
253,03/04/2022,60.1,57.48,169.39,159.87,127.55,281.49,293.74,172.95,40.95,28.2,50.92,696.59,325.34,68.41,121.16,48.17,123.2,90.22,134.12,110.22,44.55,97.19,329.67,14.76,67.47,18.95,31.5487571701721,23.22,60.88,325.84,63.98,156.49,86.36,176.22,107.47,107.19,184.87,106.43,22.61,99.89,79.23,80.51,37.28,58.96,138.75,173.4,55.25,48.79,60.06,222.24,65.39
254,03/05/2018,44.125,57.62,88.66,69.66,92.89,155.62,141.38,96.66,32.13,39.38,56.41,545.26,203.24,26.42,33.43,44.86,75.89,98.85,97.9,77.07,33.36,84.11,263.12,16.01,53.94,32.67,21.4120494697116,21.45,50.37,167.5,46.39,83.33,55.49,193.75,106.36,58.79,158.71,106.22,19.72,62.4066666666667,53.61,105.85,36.23,54.92,111.85,139.58,53.97,57.59,31.1911111111111,156.92,55.71
255,03/05/2019,49.15,43.17,103.21,80,94,130.13,157.25,108.85,29.08,32.22,52.65,432.52,201.47,29.44,33.47,36.54,85.56,86.38,82.97,71.03,27.4,82.55,196.0,14.27,48.92,19.47,17.7777300363074,17.21,47.93,171.06,45.55,91.37,41.9,172.67,92.91,72.5,127.82,96.86,16.11,55.8,45.88,71.53,32.22,51.7,98.81,132.69,51.54,49.89,37.2577777777778,182.04,50.79
256,03/05/2020,41.58,40.65,120.8,102.11,108.46,134.51,216.78,110.94,26.78,22.13,39.3,472.47,208.96,45.91,57.79,29.77,101.14,46.72,85.08,64.57,23.68,89.65,198.79,11.78,51.7,13.42,18.7954110898662,15.98,45.53,252.61,40.62,106.56,42.59,131.59,80.89,80.54,120.69,72.26,13.81,49.7933333333333,34.8,62.4,29.26,43.61,122.01,128.02,43.78,38.9,44.5266666666667,201.77,36.1
257,03/05/2021,49.95,46.97,131.92,124.11,111.62,222.3,232.76,147.33,36.93,26.47,45.03,702.28,253.15,46.04,66.02,44.3,104.26,69.88,127.7,98.02,36.77,97.32,327.37,16.23,53.62,23.76,29.1873804971319,20.66,50.05,287.44,59.71,117.01,80.87,156.35,99.92,89.56,176.46,90.66,20.91,78.38,65.02,79.42,40.1,58.72,172.7,152.36,52.47,37.43,48.64,228.02,55.79
258,03/06/2018,44.39,58.03,89.76,69.61,93.43,155.57,142.17,96.07,32.11,39.6,56.87,548.66,204.55,26.505,33.61,45.32,76.04,100.65,98.04,76.81,33.66,84.72,266.93,16.2,54.42,33.12,21.5463223551822,21.7,50.88,166.06,47.07,83.54,56.56,195.34,106.72,58.62,159.34,107.54,19.9,63.9,54.73,105.46,36.2,55.25,113.36,141.39,54.17,57.07,31.3422222222222,157.43,56.54
259,03/06/2019,48.95,42.5,101.17,78.88,93.53,127.86,164,108.98,28.84,31.87,52.06,429.86,200.67,29.29,33.72,35.73,84.76,84.54,82.51,71.3,26.81,81.79,194.74,14.03,48.48,19.22,17.4912812139701,16.92,47.44,170.15,44.94,91.19,41.62,169.9,92.0,71.91,127.44,95.5,15.77,55.1333333333333,45.26,70.5,31.89,50.6,98.06,131.8,51.1,49.82,36.9333333333333,170.88,49.67
260,03/06/2020,40.78,37.84,119.69,100.84,107.14,126.6,214.81,108.24,25.71,21.65,38.07,450.41,205.98,45.16,54.06,27.98,98.21,44.81,82.29,62.58,22.2,86.6,192.85,11.12,50.96,13.12,18.3556405353728,14.87,44.18,238.47,39.18,105.67,41.84,125.13,77.64,80.52,114.23,69.81,12.98,49.0666666666667,34.13,60.13,28.25,40.67,116.75,124.84,42.45,37.09,44.16,199.71,35.28
261,03/06/2023,68.22,60.34,124.09,190.88,127.6,343.73,305.33,179.06,34.09,29.22,51.14,688.39,316.97,57,91.52,40.77,120.93,69.15,108.5,113.95,36.16,120.73,357.05,15.18,77.73,17.57,36.79,18.15,61.33,303.48,69.69,165.26,98.38,152.12,95.31,145.64,152.68,98.56,23.31,107.06,76.6,90.18,35.61,46.14,114.59,183.35,47.12,46.63,66.94,239.01,48.76
262,03/07/2018,44.385,57.31,89.08,69.55,93.39,155.74,142.49,95.64,32.18,39.31,56.9,547.43,204.3,26.275,33.21,45.44,75.72,101.17,97.63,76.63,33.68,84.84,265.35,16.28,54.27,33.34,21.4836616752959,21.97,50.94,166.76,47.05,83.8,56.88,195.19,107.62,58.42,159.64,107.31,19.87,64.0,55.43,105.35,36.3,55.02,113.09,138.88,53.66,56.6,31.3911111111111,158.85,56.93
263,03/07/2019,48.63,41.81,100.35,78.24,93.24,124.91,162.55,107.86,28.55,31.24,51.23,423.19,199.3,29.07,33.23,34.92,84.59,82.8,81.28,69.91,26.6,81.25,192.77,13.69,48.04,18.66,16.9004805178995,16.7,46.82,169.36,44.32,89.84,41.17,167.64,89.98,72.22,125.99,94.11,15.42,53.64,44.02,68.38,31.5,49.53,96.27,131.49,50.68,49.68,36.7866666666667,170.2,48.71
264,03/07/2022,59.03,54.67,168.25,154.55,125.17,264.92,288.38,159.13,38.34,27.21,50.01,677.07,322.72,66.23,109.04,45.43,119.73,84.5,124.8,101.35,41.98,94.24,321.89,14.09,65.38,18.64,29.1108986615679,22.12,59.68,314.69,61.97,151.81,83.45,170.49,104.09,106.52,178.7,102.05,21.26,94.79,76.36,78.17,34.76,56.23,134.46,169.79,53.1,45.81,59.2666666666667,217.65,62.23
265,03/07/2023,67.06,58.49,121.54,189.03,124.58,337.23,301.57,175.32,33,28.25,49.5,674.66,311.12,56.02,89.47,38.69,117.84,66.6,105.51,111.39,34.29,120.02,346.08,14.45,75.19,17.17,35.92,17.55,59.73,293.49,69.23,162.26,96.06,144.2,92.62,144.83,145.72,95.96,22.4,105.53,74.95,86.66,34.65,44.08,111.27,180.37,45.6,44.45,66.03,237.79,46.44
266,03/08/2018,44.995,56.27,88.36,70.05,94.33,156.41,144.23,96.59,32.2,39.52,55.69,553.39,205.29,26.285,33.41,45.22,75.26,100.34,98.15,77.1,33.67,85.62,266.34,16.16,54.36,33.9,21.4657586238999,21.81,51.26,168.37,46.84,84.44,56.96,194.69,107.77,59.02,159.49,107.49,19.76,64.1733333333333,55.91,106.18,36.84,55.02,114.17,139.67,53.94,56.72,31.3333333333333,159.57,56.1
267,03/08/2019,48.55,42.2,99.96,77.91,93.3,124.35,162.04,107.98,28.65,31.33,51.48,421.31,198.7,28.87,32.94,34.76,84.49,83.47,81.37,69.88,26.67,81.15,195.24,13.76,48.11,18.64,16.9631411977858,16.77,46.88,169.94,44.16,89.58,41.36,167.84,89.53,72.27,126.7,93.3,15.47,53.5666666666667,43.45,68.1,31.54,49.6,96.84,131.02,50.87,49.8,36.8,169.22,48.7
268,03/08/2021,50.78,47.24,133.8,125.33,113.28,224.07,230,150.27,37.13,26.48,45.63,698.96,257.61,46.35,67.53,45.87,107.02,72.17,128.69,97.92,37.74,99.47,334.19,16.61,54.79,24.07,30.2772466539197,21.22,50.2,289.48,60.37,117.35,81.1,159.17,101.61,91.02,178.82,92.72,21.32,78.4,64.46,80.5,40.64,59.71,173.5,155.75,54.05,38.67,49.7866666666667,225.23,57.62
269,03/08/2022,59.23,55.46,166.19,150.13,122.03,261.39,276.93,160.05,38.59,27.61,50.73,662.87,318.52,61.13,108.62,45.63,119.32,84.49,126.08,103.28,41.96,94.64,321.37,14.19,65.92,19.37,28.6137667304015,22.4,60.06,314.0,61.96,147.93,83.31,168.13,104.92,103.76,181.6,103.7,21.4,92.96,75.69,79.36,35.06,56.85,134.88,168.45,53.25,46.46,59.4866666666667,217.48,62.45
270,03/08/2023,66.12,57.35,122.06,188.98,122.4,336.97,300.78,174.83,32.56,28.63,49.8,674.36,311.37,56.88,91.51,38.08,117,67.3,104.94,110.6,33.69,118.4,349.29,14.44,73.66,17.34,35.96,17.31,58.85,294.12,67.5,162.25,95.9,140.38,92.84,143.76,145.13,94.73,21.76,106.53,76.2,86.59,34.48,43.77,112.65,177.77,45.49,43.84,65.11,239.08,46.68
271,03/09/2018,45.84,56.57,90.81,72.63,96.03,161.11,148.03,99.05,32.72,40.46,57.23,577.18,212.94,26.815,34.06,46.26,77.04,102.21,100.79,78.42,34.21,87.34,270.77,16.5,56.13,34.52,21.9312379601979,22.15,51.72,170.05,47.84,85.87,58.67,196.81,110.7,60.37,162.45,110.3,20.11,65.8333333333333,57.7,109.83,37.28,56.03,117.6,142.3,55.28,58.23,31.9955555555556,164.14,57.04
272,03/09/2020,37.59,32.81,109.05,94.14,95.61,109.13,178.93,98.29,21.93,19.51,34.95,419.01,193.13,42.19,46.98,22.76,90.7,35.99,73.07,54.76,18.3,74.97,172.81,9.45,46.62,11.59,16.2045889101338,12.16,39.39,210.85,32.66,99.88,37.5,108.6,70.83,75.29,98.75,58.24,10.47,43.38,30.27,52.66,25.02,34.51,103.64,116.2,36.32,32.48,40.2,184.74,31.03
273,03/09/2021,50.2,46.62,134.92,124.74,111.59,223.5,231.5,145.1,36.32,26.06,44.94,722,259.02,46.07,69.35,44.06,105.46,69.53,126.3,97.53,36.71,99.05,330.59,16.06,54.41,24.48,30.2868068833652,20.46,49.17,290.04,59.65,116.81,80.85,153.03,100.41,90.18,173.63,91.39,21.02,77.5533333333333,63.75,81.84,40.17,58.25,176.33,153.82,52.9,38.13,49.4266666666667,226.38,56.45
274,03/09/2022,60.39,58.28,168.77,155.94,122.42,274.52,291,168.65,41.04,28.54,52.18,693.25,325.4,63.54,116.14,47.85,121.36,88.23,131.91,107,44.74,97.45,333.59,14.71,67.89,20.07,30.1816443594646,23.32,61.03,323.31,64.44,152.32,87.4,173.21,108.03,104.1,186.75,106.89,22.45,95.88,79.39,83.58,36.2,58.52,138.88,171.37,54.51,49.16,61.12,225.06,65.13
275,03/09/2023,64.84,55.8,119.88,185.45,119.4,315.58,296.77,172.12,30.54,27.83,48,651.28,304.82,55.43,84.99,35.75,114.91,61.91,100.94,105.64,31.69,116.21,342.09,13.74,72.08,17.03,34.53,16.07,58.17,295.05,64.67,158.83,92.2,133.64,86.91,142.06,137.87,90.7,20.66,100.12,66.47,82.84,33.23,41.62,111.32,173.92,42.3,41.13,63.91,234.51,41.36
276,03/10/2020,39.22,35.07,113.89,97.56,99.26,119.28,183.1,103.3,23.61,20.15,36.55,459,202.73,43.65,50.64,25.41,95.99,40.24,78.35,57.69,19.26,78.73,184.35,9.97,48.3,12.47,17.4474187380497,13.37,43.18,227.6,35.02,103.09,39.5,116.84,74.36,77.96,108.04,62.87,11.47,48.04,32.94,56.73,26.27,36.34,112.79,119.57,38.64,35.08,42.0733333333333,187.67,32.24
277,03/10/2021,50.81,47.85,138.74,125.25,113.71,225.65,229.75,146.75,37.37,28.62,45.9,728.5,263.99,46.51,70.76,44.62,106.25,70.66,129.53,99.61,38.02,101.14,342.02,16.35,54.71,25.19,30.6118546845124,21.16,50.5,291.13,60.48,117.35,83.09,156.61,101.38,92.22,177.78,92.8,21.51,78.2866666666667,65.03,83.24,41.61,58.8,175.61,155.38,53.78,39.58,50.6666666666667,224.23,57.64
278,03/10/2022,59.96,56.98,169.4,155.04,122.91,272.54,293.6,169.6,40.67,27.23,50,697.2,325.3,63.18,116.86,47.28,122.16,88.22,130.26,104.8,44.48,96.08,329.9,14.61,66.86,20.06,29.5411089866157,22.96,60.9,314.0,64.28,151.49,85.86,173.9,105.7,104.67,184.96,106.15,22.0,96.29,79.65,82.92,35.43,57.65,138.58,171.89,52.99,49.01,61.8733333333333,224.52,64.52
279,03/10/2023,64.03,53.15,116.75,182.76,118.2,301.79,294.24,165.7,30.27,27.57,47.31,635.03,303.63,54.92,80.22,34.44,112.57,58.81,98.19,102.14,30.37,113.97,327.67,13.37,70.2,16.41,33.02,15.66,57.35,285.09,62.38,157.2,90.05,131.72,84.92,140.65,137.16,88.52,20.28,94.85,58.7,79.87,32.13,38.84,105.03,175.68,40.62,41.36,62.66,230.91,40.35
280,03/11/2019,49.07,42.82,100.82,79.04,94.11,124.36,164.71,109.56,28.94,32.14,51.83,428.1,202.09,29.17,33.49,35.1,85.45,82.49,82.85,70.87,27.07,82.09,195.97,13.7,48.2,18.97,17.1600747631426,16.96,47.2,171.54,44.57,90.78,41.85,169.09,89.79,72.85,128.56,94.56,15.57,54.0,43.79,68.69,32.02,49.92,99.09,131.87,51.46,49.76,36.9022222222222,170.41,48.86
281,03/11/2020,36.94,32.43,108.38,94.98,92.77,110.78,184.98,95.38,22.67,18.8,34.2,430.97,194.64,41.6,47.35,23.34,90,38.03,71.42,53.2,17.66,73.37,171.89,9.13,45.13,11.16,16.434034416826,12.25,39.73,211.26,33.3,98.95,36.87,111.18,71.47,75.11,101.94,57.97,10.69,44.9733333333333,32.43,54.19,24.49,33.66,105.52,112.6,36.21,32.33,38.7666666666667,188.25,29.95
282,03/11/2021,51.01,48.01,136.47,124.44,113.76,226.54,228,147.75,37.24,28.79,45.73,722.12,260.91,46.41,74.01,44.63,104.74,70.5,132.1,102.27,38.01,99.85,342.1,16.32,54.41,25.33,30.6883365200765,21.1,50.21,291.53,60.01,118.2,83.25,155.57,101.69,92.79,176.93,92.41,21.44,78.5066666666667,66.41,83.58,42.66,58.91,174.15,155.09,53.35,38.88,50.6666666666667,222.21,57.49
283,03/11/2022,59.96,57,169.95,153.62,123.38,271.87,295.33,167.9,40.33,27.26,50,687.04,326.6,62.71,116.05,46.88,121.69,88.04,130.09,104.47,44,96.85,327.0,14.72,66.95,20.04,29.0726577437859,22.92,60.88,304.47,64.2,149.59,85.18,172.22,105.14,105.54,182.15,106.05,21.91,96.13,80.24,82.09,35.04,57.14,136.33,173.73,52.65,48.47,62.9333333333333,220.73,64.21
284,03/12/2018,45.415,56.61,89,71.71,94.85,159.88,146.31,97.67,32.84,39.83,56.44,571.79,211.82,26.665,34.43,46.15,75.24,100.82,100.46,78.15,34.26,87.02,273.38,16.48,55.2,34.52,21.9312379601979,21.8,51.51,169.86,47.02,84.91,58.91,194.91,109.51,59.97,162.26,109.89,19.92,65.4933333333333,57.76,108.83,36.98,55.6,117.09,141.49,55.01,58.02,32.2755555555556,162.96,56.58
285,03/12/2019,49.16,43.05,101.01,79.07,94.07,124.61,166.48,110.43,28.94,32.46,51.91,427.84,202.5,29.13,33.63,35.06,85.69,82.23,82.95,71.35,27.86,82.32,196.63,13.72,48.43,18.97,17.3391052771034,17.07,47.59,172.43,44.57,91.39,42.03,170.36,90.14,73.58,127.71,94.74,15.62,54.1066666666667,43.99,69.0,32.21,49.58,100.43,132.72,51.05,49.65,37.0666666666667,170.72,48.92
286,03/12/2020,31.42,25.67,96.61,86.17,83.8,92.42,173.49,83.53,20.51,16.76,29.52,386.22,175.97,37.59,40.06,21.25,80.56,34.95,63.63,44.88,15.9,63.78,150.68,8.38,40.18,9.45,14.2351816443595,10.87,33.19,193.34,28.3,93.0,31.31,102.28,63.04,69.62,94.72,46.31,9.46,40.54,28.43,48.12,21.67,30.22,91.73,102.18,31.61,27.2,34.3,172.8,27.6
287,03/12/2021,51.84,48.44,136.28,126.15,115.74,225.49,228,148.54,37.94,28.83,46.66,716.19,260.02,46.82,74.84,45.48,107.61,71.1,132.55,102.27,39.09,101.39,348.81,16.7,55.45,25.71,31.6252390057361,21.29,51.57,291.64,61.09,117.89,84.34,157.56,102.38,93.04,181.41,93.87,21.86,79.8333333333333,67.65,83.8,42.7,59.92,173.72,157.27,54.64,39.97,51.0666666666667,222.76,59.06
288,03/13/2018,45.375,55.94,89.1,71.27,96.41,158.91,145.96,95.37,32.36,39.42,55.96,564.06,209.13,26.4,34.26,45.73,75.08,99.4,98.82,77.33,34.06,86.38,268.53,16.29,54.31,34.11,21.7522074462371,21.36,51.24,169.08,47.1,84.62,58.03,193.05,108.55,60.01,160.49,109.6,19.71,64.8333333333333,56.68,107.33,36.68,55.38,116.97,140.69,54.15,57.56,32.0355555555556,162.39,55.75
289,03/13/2019,49.39,43.79,101.28,79.06,93.55,124.86,167.09,112.14,29.29,32.77,52.44,431.84,204.06,29.17,34.22,35.5,85.04,82.44,83.74,72.12,27.98,82.56,197.25,13.92,48.6,19.33,17.6524086765348,17.32,47.71,173.56,44.7,91.73,42.41,172.17,91.97,72.32,128.93,95.13,15.81,54.6066666666667,44.41,69.85,32.92,50.0,101.35,133.0,51.58,49.92,36.8177777777778,171.79,49.12
290,03/13/2020,34.69,28.5,104.53,90.06,92.77,113.34,177.45,99.6,24.16,18.11,34.13,413.78,196.4,39.84,46.72,23.66,90.58,38.67,72.84,51.76,17.63,71.58,177.17,9.5,42.52,10.8,15.8891013384321,12.73,37.01,213.07,31.93,98.64,37.5,112.75,76.05,78.07,106.98,52.92,9.98,48.22,33.87,58.86,24.13,33.83,107.33,107.45,37.1,30.89,37.4533333333333,180.04,29.42
291,03/13/2023,62.16,50.07,113,179.97,114.18,286.82,293.44,157.63,28.51,27.05,44.12,625.77,302.88,54.07,83.48,30.65,108.76,42.54,93.32,97.52,26.25,106.78,315.51,11.12,67.0,16.03,30.48,11.38,55.54,285.31,58.96,155.26,87.99,127.11,82.21,139.53,130.06,82.18,18.85,89.31,51.91,73.97,29.25,32.24,106.64,172.22,36.54,38.41,60.23,227.49,29.97
292,03/14/2018,45.105,54.93,88.03,70.74,96.41,157.01,144.22,94.53,32.14,38.86,54.87,558.96,206.99,26.27,33.98,45.13,74.05,97.72,97.2,76.46,33.62,85.24,264.43,16.05,53.87,33.27,21.7522074462371,20.92,50.96,166.69,46.91,83.77,56.99,190.31,106.49,61.4,158.09,108.05,19.4,63.88,55.94,105.78,36.1,54.62,115.5,139.52,53.27,56.63,31.7022222222222,161.53,54.78
293,03/14/2019,49.7,43.75,98.2,79.59,93.85,125.07,168.58,112.35,29.46,32.5,52.76,433.63,203.38,29.16,34.43,35.74,85.32,82.16,83.21,72.34,28.41,82.68,197.47,14.07,48.81,19.35,17.4286205340838,17.42,47.89,174.98,44.84,92.49,42.69,173.33,94.49,72.86,129.6,95.27,15.79,54.6666666666667,45.3,70.29,32.84,50.13,100.68,133.06,51.71,50.35,37.0488888888889,172.25,49.08
294,03/14/2022,60.84,57.51,170.64,154.74,125.88,273.6,297.26,172.79,41.2,26.83,50.53,697.53,329.98,63.56,108.76,48.77,128.04,90.8,133.67,108.76,45.85,97.14,324.98,15.04,67.5,20.31,30.5449330783939,23.81,61.67,301.31,64.69,150.04,84.72,175.2,109.88,105.71,183.36,109.26,22.72,98.45,83.26,83.35,35.48,57.89,136.94,177.18,53.95,49.86,62.4533333333333,220.1,65.0
295,03/14/2023,63.12,51.12,113.44,183.35,114.36,297.71,292.57,163.91,28.76,27.32,45.73,637.83,305.33,55.04,86.21,31.9,111.12,43.5,96.07,101.44,26.38,111.02,322.15,11.05,68.23,16.24,32.01,12.17,56.28,293.02,59.07,157.26,89.97,127.43,86.27,141.84,130.53,83.67,18.96,92.32,56.68,76.74,30.46,31.88,106.57,171.76,37.51,40.17,61.18,227.6,31.31
296,03/15/2018,45.01,54.66,88.88,70.74,96.81,155.39,144.97,94.39,32.1,38.66,54.85,557.93,207.82,26.27,33.68,44.96,74.3,98.05,98.05,75.37,33.57,85.54,266.61,16.04,53.81,32.92,21.8506742289156,20.91,50.94,166.48,46.96,83.86,57.22,190.33,106.1,61.58,157.87,108.49,19.37,63.6133333333333,55.59,105.9,34.67,54.61,115.41,140.47,53.36,56.83,31.64,162.28,54.75
297,03/15/2019,49.95,44.04,98.73,80.28,94.84,129.05,170,113.52,29.3,33.32,53.12,433.55,204.31,29.46,34.88,35.87,85.62,82.27,84.33,73.16,28.32,83.11,198.26,13.75,48.82,19.78,17.3928144312917,17.38,47.78,176.69,45.31,93.29,43.33,172.52,94.92,73.61,129.86,95.98,15.74,54.5933333333333,45.45,70.1,33.31,49.98,102.44,134.18,52.07,50.66,37.1733333333333,173.65,49.16
298,03/15/2021,52.14,48.34,138.16,127.21,117.27,228.13,225.5,146.99,37.75,29.93,46.69,719.01,254.61,47.15,74.93,44.94,108.93,70.18,132.6,100.72,38.42,101.18,346.05,16.5,57.5,26.0,31.5487571701721,20.87,52.03,297.36,60.54,118.86,83.86,155.3,104.82,93.38,178.53,93.8,21.46,80.1933333333333,66.34,83.67,42.82,59.48,173.48,157.34,53.98,39.7,51.3866666666667,221.35,57.72
299,03/15/2022,61.26,58.55,173.51,158.56,127.13,279.59,307.62,176.04,41.5,26.97,50.55,707.67,332.55,65.98,109.72,48.69,130.72,91.8,134.27,110.29,45.79,97.72,329.16,14.97,68.09,20.29,30.8126195028681,23.84,62.67,306.71,65.32,155.3,86.33,175.01,111.24,107.31,185.24,109.79,22.79,99.47,83.17,83.97,36.14,58.02,139.39,180.19,54.4,50.11,63.3333333333333,228.56,65.36
300,03/15/2023,61.24,47.96,111.22,177.09,110.61,283.54,285.85,159.81,28.49,26.9,44.01,631.74,297.88,53.43,86.67,31.51,107.51,44.83,92.93,96.25,25.41,107.62,312.19,10.85,65.33,16.02,30.91,11.75,54.31,292.79,56.3,154.08,85.39,124.89,84.61,135.06,125.05,80.16,17.65,87.16,59.55,73.7,28.9,32.1,106.66,166.49,35.44,38.85,60.3,219.72,30.71
301,03/16/2018,45.245,54.3,89.93,71.01,97.53,157.1,145.97,95.61,32.17,38.99,55,563.66,206.96,26.375,33.79,44.87,75.13,98.94,99.36,76.54,33.72,85.59,267.6,16.07,53.93,33.2,22.0655108456685,20.96,51.16,167.3,47.32,84.33,57.51,190.37,107.21,61.92,160.07,108.65,19.63,65.0466666666667,55.71,106.87,35.2,55.04,115.54,141.32,53.26,55.9,31.7066666666667,162.8,55.52
302,03/16/2020,28.99,23.25,83.9,79.85,84.98,86.34,170.53,85.87,20.44,17.76,29.18,357.28,177.77,37.01,40.53,18.51,78.52,31.45,55.45,37.87,13.79,61.95,154.66,8.43,33.5,8.75,14.5411089866157,9.99,33.42,185.4,26.8,87.86,31.65,99.53,62.22,73.0,89.97,43.35,8.31,44.4,30.56,47.72,17.85,27.37,97.55,85.1,32.57,26.5,31.6733333333333,164.01,26.56
303,03/16/2021,51.1,47.33,137.39,127.9,115.84,221.12,226.75,143.3,37.64,29.76,46.24,723.07,251.5,46.95,74.87,43.94,106.41,68.45,128.49,98.62,37.88,99.63,341.71,16.1,56.7,25.25,31.8929254302103,20.31,51.38,296.18,59.31,118.78,82.54,152.64,104.3,93.37,176.58,91.39,20.94,79.2533333333333,65.47,83.65,42.2,58.24,172.16,156.47,53.84,39.35,50.8066666666667,222.1,56.4
304,03/16/2022,62.62,59.78,174.36,162.67,126.49,294.47,309.52,180.61,42.8,27.87,51.91,731.11,336.11,66.88,116.05,50.34,130.5,95.91,137.84,114.15,47.5,99.46,340.76,15.43,69.74,21.27,31.6634799235182,24.36,63.31,314.86,67.52,158.0,91.76,181.41,116.01,106.14,192.39,113.96,23.54,103.79,88.94,87.45,37.67,59.71,145.15,179.29,56.28,51.6,62.6933333333333,230.47,68.86
305,03/16/2023,62.48,50.19,110.97,183.6,112.1,288.08,299.02,160.73,28.97,26.96,44.4,636.98,302.01,55.11,87.26,32.59,110.87,47.61,93.56,95.48,26.46,108.79,315.09,11.13,68.62,16.05,31.2,12.28,55.87,297.95,57.69,158.69,87.01,127.56,85.62,142.87,130.12,82.19,18.61,89.46,57.88,74.75,29.16,32.94,108.15,172.21,36.36,39.3,62.91,228.45,32.11
306,03/17/2020,30.15,22.25,92.5,85.46,87.94,97.94,164.47,86.58,21.98,20.16,29.97,386.76,187.6,39.92,41.44,19.11,84.98,34.4,53.92,36.87,13.95,67.63,158.67,8.37,33.31,10.18,15.1816443594646,10.24,36.72,202.09,28.43,91.9,33.79,109.76,68.55,77.29,96.0,46.77,8.88,51.0133333333333,33.68,49.93,17.46,29.27,108.11,96.41,33.72,29.63,35.46,173.12,28.05
307,03/17/2021,51.67,47.67,138.64,128.43,115.84,225.49,225.79,144.68,37.95,30.26,46.51,728.22,252,46.37,76.09,44.68,106.3,69.08,131.65,99.08,38.58,100.51,344.95,16.1,57.41,25.51,32.7724665391969,20.38,52.12,293.11,60.15,119.16,83.86,152.84,104.58,91.1,178.43,93.18,21.19,80.1866666666667,65.7,84.76,43.14,58.58,174.72,157.92,54.49,39.84,50.6866666666667,221.68,56.75
308,03/17/2022,62.9,60.94,176.11,165.14,130.92,299.9,315.93,186.97,43.03,27.94,52.51,740.93,344.97,68.03,119.93,49.74,132.27,94.68,137.55,113.62,46.75,98.62,343.27,15.19,70.34,21.3,31.6730401529637,24.13,63.8,321.83,68.17,160.79,93.86,179.07,115.68,109.52,193.07,115.4,23.27,104.73,89.78,88.05,37.45,58.84,146.99,181.03,56.65,51.48,63.4933333333333,232.86,68.34
309,03/17/2023,61.29,47.24,104.92,180,105.11,281.43,296.59,156.52,27.82,26.27,42.58,636.71,293.51,53.8,84.89,30.86,104.91,43.59,89.71,92.24,24.95,105.05,303.54,10.34,65.72,15.56,30.03,11.53,53.59,294.25,54.87,155.8,84.18,122.5,81.73,136.32,123.72,78.02,17.89,88.02,56.41,71.77,28.49,30.56,108.17,165.03,32.95,37.76,61.0,223.34,29.94
310,03/18/2019,50.25,44.28,99.7,79.53,95.02,130.36,169.2,113.55,29.82,33.7,53.98,440.48,206.68,29.47,35.47,36.4,85.92,82.9,84.9,73.66,28.76,84.01,202.47,13.92,49.34,20.24,17.8135361390995,17.72,48.41,177.97,45.72,92.98,44.03,174.73,96.13,73.06,131.88,97.25,15.97,55.0133333333333,45.9,70.82,33.24,50.48,102.85,134.94,52.45,51.73,37.36,174.08,50.04
311,03/18/2020,25.27,18.78,80.41,72.44,75.55,93.91,155.92,73.75,20.79,19.8,28.76,373.36,172.44,36.79,40.76,15.32,85.37,27.42,44.3,27,11.67,67.06,140.02,7.72,26.25,9.83,13.2600382409178,8.16,34.59,174.35,28.18,80.81,30.75,107.75,66.18,72.15,87.53,46.18,7.36,47.9466666666667,32.42,45.22,13.93,28.32,108.41,81.69,33.0,28.12,33.8266666666667,157.15,27.47
312,03/18/2021,51.77,47.82,142.61,126.58,116.04,226.9,224.54,142.58,38.94,29.49,46.7,723.73,252.46,45.71,73.03,45.38,107.79,70.63,128.31,95.68,39.01,100.04,348.0,16.35,68.15,25.13,32.1988527724665,20.72,52.86,287.61,61.76,119.32,83.94,155.38,104.06,90.35,179.86,93.11,21.46,80.2266666666667,66.07,85.25,41.26,59.33,171.87,156.83,56.27,40.81,50.9133333333333,221.14,57.3
313,03/18/2022,62.95,61.03,176.42,167.37,133.5,300.82,318.38,190.72,42.9,27.92,52.3,738.59,342.41,69.59,122.85,49.25,127.94,94.95,138.21,115.84,46.69,98.23,345.38,15.12,70.85,21.4,31.2810707456979,23.93,63.26,331.23,68.45,162.33,94.82,179.29,115.21,111.22,192.97,115.23,22.95,105.78,90.0,88.93,37.59,58.56,146.75,180.31,56.53,51.42,64.0,236.0,67.85
314,03/19/2018,44.7,54.45,90.13,70.52,96.78,156.04,145,94.84,31.98,38.24,54.34,553.83,203.99,26.31,33.38,44.91,75.11,98.03,98.65,76.04,33.62,85.44,262.53,15.92,53.45,32.64,21.4836616752959,20.92,50.99,165.39,47.09,84.42,56.95,189.29,106.72,61.87,159.43,107.72,19.55,64.3466666666667,55.67,105.83,35.26,54.96,113.36,140.02,52.8,55.48,31.8133333333333,159.18,54.99
315,03/19/2019,50.1,43.86,97,79.23,94.21,128.87,167.96,112.67,29.65,33.59,53.12,434.57,205.15,29.08,35.06,35.74,84.58,80.8,84.41,73.63,27.82,83.41,201.12,13.58,49.21,19.94,17.679263253629,17.46,48.04,178.63,45.04,92.69,43.95,171.35,95.06,72.4,129.48,96.8,15.63,54.3533333333333,45.74,70.16,33.08,49.48,102.64,132.93,51.93,51.41,36.9244444444444,172.9,48.97
316,03/19/2020,26.9,20.6,83.44,68.55,74.69,95.43,151.08,77.07,21.2,19.43,30,397.36,174.68,34.72,41.99,17.37,81.93,28.95,46.26,28.33,13.07,64.5,149.49,7.68,33.52,9.84,13.0879541108987,9.35,37.31,177.91,26.8,79.03,30.92,104.84,67.41,67.04,92.42,44.37,8.28,44.5733333333333,31.82,46.63,14.6,29.97,102.61,86.07,33.21,28.29,32.3,152.59,27.25
317,03/19/2021,51.16,46.83,143.71,121.44,113.24,228.43,222.9,140.71,38.53,29.87,46.35,729.64,250.99,44.76,72.47,44.54,107,69.35,126.43,94.78,38.31,98.96,344.2,15.98,67.68,25.45,32.2562141491396,20.39,52.4,287.79,61.29,116.88,82.94,152.07,102.61,90.94,175.79,91.98,21.08,79.8066666666667,66.05,84.16,40.97,58.54,171.85,149.3,55.21,39.63,49.4133333333333,220.0,56.45
318,03/20/2018,45.43,55.63,90.93,70.85,97.39,157.14,145.28,94.95,31.98,38.37,54.43,557.52,204.75,26.43,33.39,44.77,75.4,98.56,98.67,75.36,33.53,86.03,263.19,15.83,53.67,32.53,20.7585880937547,20.93,51.41,167.46,47.2,84.93,57.47,188.69,106.35,62.33,158.85,108.9,19.46,64.3,55.97,106.15,35.4,54.65,112.0,141.48,52.6,54.9,32.0266666666667,159.54,54.8
319,03/20/2019,49.46,42.96,94.58,77.82,93.04,129.13,165.71,110.77,28.64,33,51.98,429.92,203.27,28.71,34.82,34.26,84.03,77.25,82.95,71.5,26.46,81.92,194.32,12.96,48.23,19.73,17.2853961229152,16.53,47.51,177.25,43.38,92.18,43.03,163.79,92.42,72.01,125.46,93.91,14.96,52.9,44.56,68.26,32.45,48.02,100.86,131.33,50.37,50.4,36.7866666666667,172.43,47.11
320,03/20/2020,26.73,19.23,91.05,71.58,73.87,89.83,149.55,74.12,19.67,16.9,29.07,354.72,170.06,33.62,37.67,17.52,75.03,28.93,45.01,25.25,12.91,61.41,138.41,7.62,31.27,8.55,11.7973231357553,9.19,31.26,175.8,24.38,79.87,29.67,98.76,64.56,68.28,89.49,42.26,8.26,40.9466666666667,30.75,46.67,13.41,30.04,90.34,89.51,32.57,26.5,31.72,152.63,25.58
321,03/20/2023,63.38,48.85,111.19,182.46,109.2,287.81,300.47,158.74,27.75,26.34,43.27,643.56,301.06,54.35,82.54,31.55,110.41,44.57,90.24,93.82,26.21,107.55,309.53,10.64,67.04,15.45,30.75,11.67,55.26,291.44,56.98,158.21,85.64,121.71,84.29,139.07,127.35,80.31,18.08,91.88,56.11,73.44,28.45,30.91,107.57,168.71,34.45,37.48,61.69,227.6,30.18
322,03/21/2018,45.37,55.84,91.01,70.27,96.84,157.86,143.41,94.74,31.87,38.69,54.61,564.16,204.83,26.285,33.27,44.92,75.55,98.99,98.18,74.86,33.62,86.06,261.85,15.88,53.4,32.94,20.7317335166606,20.97,51.59,167.21,47.22,84.49,57.11,189.65,106.95,62.01,158.89,108.88,19.53,64.5666666666667,55.84,106.81,35.3,54.72,112.58,141.1,52.55,54.79,31.7511111111111,158.15,55.1
323,03/21/2019,49.97,43.43,95.88,78.9,94.59,129.55,168.2,111.82,28.18,33.18,51.89,430.36,204.43,29.11,35.25,33.28,84.91,75.36,82.89,72.42,25.48,82.37,194.58,12.62,48.95,19.79,17.2048323916328,15.94,47.93,181.99,43.22,93.08,43.13,160.32,92.69,73.13,122.9,94.24,14.43,52.94,43.81,68.08,32.91,47.14,102.31,134.37,49.66,49.86,37.3155555555556,174.32,46.05
324,03/21/2022,63.4,61.74,178.18,166.62,134.53,298.85,317.9,189.09,42.84,27.65,52.18,733.83,349.66,69.51,122.62,49.08,131.11,94.36,134.44,112.13,46.47,99.51,339.0,15.08,71.51,21.29,30.8221797323136,23.89,63.99,326.81,68.77,161.85,92.61,180.58,114.51,112.18,193.01,116.09,22.78,105.78,89.01,88.36,36.38,58.62,145.67,182.54,56.16,51.14,65.3133333333333,231.35,67.76
325,03/21/2023,64.7,51.25,116.44,183.88,112.54,301.97,304.83,164.56,28.59,26.94,45.14,662.15,303.85,55.79,86.88,33.02,111.27,48.63,94.56,98.34,27.39,109.89,317.28,11.24,69.56,16.02,31.36,12.76,56.02,297.09,58.53,160.42,88.76,127.55,87.25,140.23,131.62,82.45,18.98,95.13,59.47,76.72,29.9,33.7,110.48,171.75,37.52,38.48,62.5,229.78,32.29
326,03/22/2018,44.37,54.81,89.48,68.57,94.65,151.06,139.31,91.41,30.55,37.27,52.02,539.42,197.63,25.465,32.49,42.95,73.44,94.76,94.65,71.89,32.3,83.83,252.6,15.31,51.88,31.45,20.0156114608174,20.02,50.24,160.91,45.71,82.43,54.64,182.45,102.51,60.55,153.28,105.06,18.62,61.0666666666667,53.4,101.5,33.73,52.31,107.64,138.15,50.65,52.53,31.6444444444444,154.66,53.07
327,03/22/2019,49.46,42.62,94.56,78.88,94.17,124.13,166.31,109.46,27.01,32.1,50.5,417.36,200.55,28.88,34.32,31.77,84.64,72.07,80,70.35,24.62,80.31,188.96,12.25,48.53,19.06,16.5334679642798,14.97,47.33,177.89,41.79,92.07,41.72,153.79,88.59,72.78,119.18,89.96,13.53,51.1733333333333,41.8,65.0,31.83,45.09,98.76,134.9,48.28,48.31,37.1244444444444,174.61,43.64
328,03/22/2021,50.55,46.23,140.75,122.05,112.24,229.18,223.4,139.95,37.66,29.98,45.21,730.92,250.36,45.34,73.55,43.44,105.86,67.88,125.22,94.68,37.22,98.17,339.33,15.74,67.29,25.11,32.4187380497132,19.92,51.7,290.29,60.11,117.28,81.92,149.42,99.58,90.13,171.22,90.86,20.44,79.7066666666667,64.77,81.62,40.54,57.47,172.26,147.59,54.24,38.97,48.8466666666667,220.8,55.28
329,03/22/2022,64.46,62.68,179.61,167.6,137.04,307.48,315.24,191.33,44.18,28.09,52.69,746.87,349.93,69.21,126.13,49.96,131.69,96.03,138.17,114.74,47.41,101.39,343.01,15.42,71.78,21.63,31.1663479923518,24.33,64.53,330.98,70.32,162.8,94.22,184.49,117.22,113.35,197.37,119.0,23.43,107.6,92.2,90.33,37.6,59.71,149.44,182.7,57.02,53.39,65.8866666666667,234.38,69.53
330,03/22/2023,63.13,48.75,113.5,180.54,108.53,296.24,301.51,162.75,27.64,26.3,43.95,648.32,299.73,54.88,83.98,30.96,107.73,44.52,91.01,94.78,25.9,107.04,313.67,10.66,67.16,15.46,30.6,12.05,54.44,290.83,56.11,157.91,87.55,117.66,83.78,136.69,124.4,78.68,17.82,91.74,56.26,73.75,28.94,32.49,108.13,166.63,34.79,37.2,61.05,225.91,30.12
331,03/23/2018,43.35,53.41,87.49,66.69,92.25,144.89,137.17,90.45,29.17,36.65,50.73,521.13,192.46,24.97,31.88,41.27,71.61,91.69,92.39,70.07,31.03,80.91,245.26,14.7,50.29,30.72,19.5590836502173,19.04,49.07,158.42,44.08,80.54,52.07,177.51,99.45,59.68,147.24,100.64,18.01,58.1,51.32,97.71,32.51,50.68,104.65,134.9,49.25,50.98,31.2088888888889,151.51,51.23
332,03/23/2020,25.69,19.3,93.18,68.24,73.23,82.88,145.48,68.96,18.08,15.3,27.49,327.42,162.13,31.66,36.04,15.87,66.78,27.34,42.87,26.65,12.16,58.15,134.97,7.0,30.71,7.61,11.7112810707457,8.56,29.74,165.09,23.53,76.69,27.81,88.1,63.11,66.55,80.64,39.22,7.72,36.7333333333333,28.5,43.21,12.8,25.69,85.42,88.36,28.93,25.25,28.9066666666667,147.56,24.08
333,03/23/2021,49.5,44.98,140.62,122.55,111.86,221.57,223.98,136.08,36.9,28.65,44.37,716.57,248.31,45.62,73.19,42.27,104.64,66.84,122.41,91.98,36.34,96.25,331.77,15.3,67.3,23.66,31.4627151051625,19.26,51.02,290.78,58.66,116.93,79.12,146.57,97.82,90.75,169.4,88.43,20.06,78.66,63.36,79.38,38.8,56.08,168.54,147.0,53.58,38.24,48.7733333333333,221.49,53.58
334,03/23/2022,63.74,61.85,178.97,164.07,137.05,303.16,313.77,186.02,43.09,27.22,51.73,736.46,348.16,68.68,123.78,48.13,131.74,93.37,133.99,110.65,45.68,99.64,335.61,14.99,70.88,21.5,30.2390057361377,23.52,63.9,326.12,69.42,162.55,92.38,178.91,115.54,114.0,192.67,116.94,22.7,105.7,89.75,87.48,36.34,58.18,146.43,181.62,55.85,51.12,65.3,231.93,67.7
335,03/23/2023,62.53,47.16,112.3,184.44,105.58,297.16,302.99,162.76,26.97,26.19,43.24,651.78,298.37,55.06,84.45,29.89,105.98,40.7,89.91,93.57,25.34,106.36,314.85,10.68,65.79,15.04,29.88,11.27,53.78,290.37,54.3,158.65,85.84,112.37,83.22,137.83,122.13,77.23,17.53,91.31,52.89,72.69,28.01,32.57,108.85,163.86,35.06,36.61,59.97,226.19,27.45
336,03/24/2020,29.11,22.93,98.12,77.27,77.92,100.06,166.04,84.05,21.03,16.56,31,371.7,178.2,35.54,39.92,17.8,78.02,30.5,50.91,33.78,14.41,65.38,153.6,7.43,34.63,8.52,12.82982791587,9.77,33.74,195.75,27.61,86.93,33.22,98.77,69.86,69.04,90.18,47.47,8.85,39.6133333333333,30.72,48.57,14.74,30.12,89.5,93.74,31.2,28.92,32.0666666666667,169.85,25.18
337,03/24/2021,49.9,44.99,142,124.22,112.85,222.47,225.21,138.42,36.9,28.59,45.25,722.75,249.63,45.88,72.15,42.24,104.62,66.74,123.91,92.93,36.28,96.65,328.65,15.32,67.05,23.25,31.0994263862333,19.26,50.9,296.25,58.54,118.0,79.33,147.77,99.35,92.49,170.25,88.8,19.92,79.04,64.12,79.86,39.49,55.82,170.31,149.28,53.47,38.12,49.6933333333333,223.74,53.01
338,03/24/2022,64.49,63.16,182.87,166.27,138.75,311.72,317.37,188.89,43.07,27.6,52.04,738.28,352.37,68.99,125.7,48.64,134.82,94.04,135.07,111.9,45.85,100.43,336.23,15.14,71.64,21.83,30.7265774378585,23.6,64.61,329.5,70.19,164.17,92.13,179.69,116.59,114.1,193.25,119.16,22.9,107.15,90.93,89.01,36.4,58.79,148.77,184.22,56.05,51.33,65.34,234.69,68.58
339,03/24/2023,62.88,47.34,112.77,185.66,105.59,291.44,309.16,159.78,27.14,26.29,42.75,644.88,298.92,55.36,83.94,31.1,106.6,40.4,90.45,92.85,25.48,106.69,312.57,10.78,66.12,15.05,29.42,11.86,54.56,292.73,54.35,160.53,83.95,114.93,83.43,140.43,124.15,77.58,17.88,89.09,53.26,71.65,28.04,32.89,109.65,164.91,34.9,36.23,60.03,226.22,28.25
340,03/25/2019,49.52,42.45,94.56,78.6,93.99,123.8,166.64,109.04,26.84,31.92,50.28,415.41,199.44,29.01,34.14,31.61,84.66,71.79,79.36,69.76,24.42,80.85,188.51,12.32,48.41,18.78,16.4797588100916,15.0,47.1,177.41,41.87,92.25,41.25,153.29,87.58,72.72,119.18,89.95,13.53,51.34,41.83,64.88,31.39,44.87,98.22,134.95,48.1,48.08,37.3155555555556,175.79,43.75
341,03/25/2020,36.73,25.72,99.64,77.21,83,103.6,163.15,90.17,21.1,16.79,31.64,401.38,180.47,34.13,42.82,17.71,74.23,33.07,52.34,37.45,14.82,67.82,155.13,7.64,33.21,8.98,13.0783938814532,9.82,33.29,207.13,29.74,86.86,33.99,105.0,72.86,69.95,92.05,51.61,8.73,40.52,34.17,49.38,16.66,30.67,92.99,92.18,32.03,28.97,31.68,163.76,25.85
342,03/25/2021,51.14,46.5,143.54,124.96,114.71,227.69,225.03,142.28,37.66,29.12,46.33,727.5,250.75,45.9,72.99,44.1,106.08,69.97,127.87,95.95,37.73,98.14,330.55,15.83,69.17,23.98,30.1816443594646,19.89,52.0,295.77,60.04,118.67,80.13,152.57,102.93,94.23,177.0,90.93,20.76,80.8266666666667,65.13,82.37,40.73,57.49,172.07,152.78,54.89,39.3,50.18,224.5,54.74
343,03/25/2022,65.53,64.48,184.48,168.06,141.8,314.63,322.94,190.28,43.73,27.83,52.74,741.04,358.76,70.37,123.8,48.7,136.89,97.04,135.88,113.25,46.76,102.27,337.49,15.35,72.71,22.1,30.9273422562142,23.89,65.5,330.51,71.29,166.11,92.38,183.57,119.23,116.67,196.47,120.86,23.44,109.32,91.36,90.53,36.67,60.11,148.92,187.75,57.12,52.56,65.98,237.99,71.08
344,03/26/2018,44.09,54.21,90.84,68.23,94.52,149.55,140.8,92.62,30.44,38.11,52.14,540.72,199.34,25.52,32.25,43.12,73.14,96.14,95.07,71.79,32.12,84.12,254.88,15.28,51.48,32.13,20.1230297691939,19.93,50.12,163.3,46.15,82.09,54.3,184.24,103.8,60.85,153.01,104.17,18.8,59.7066666666667,52.96,101.45,33.3,52.22,108.34,138.22,51.29,52.29,31.88,154.14,53.24
345,03/26/2019,49.83,43.05,95.37,78.69,94.1,125.87,167.76,109.5,27.21,32.74,50.84,422.67,200.62,29.21,34.51,32.22,85.04,72.84,80.66,70.58,24.98,81.87,190.69,12.57,49.09,19.28,16.7662076324289,15.41,47.57,177.91,42.46,92.7,41.88,155.58,89.51,73.18,121.46,91.46,13.93,52.0666666666667,42.55,66.18,31.77,45.33,99.89,134.98,48.51,49.01,37.3777777777778,177.54,44.98
346,03/26/2020,35.77,27.51,105.35,80.78,89.5,110.87,165.7,93.29,22.72,18.22,33,451.9,183.9,35.9,48,20.72,78.72,33.99,57.87,41.71,17.32,72.31,165.79,8.5,34.94,9.81,14.5411089866157,11.46,35.41,224.33,32.53,85.86,35.71,110.71,75.35,75.82,102.92,54.65,9.85,43.1133333333333,34.16,49.42,19.03,34.28,101.34,98.67,36.18,30.9,33.8733333333333,165.5,27.37
347,03/26/2021,51.56,46.82,144.65,125.7,116.03,232.58,228.31,143.73,38.68,29.4,47.49,756.9,256.77,46.19,74.31,45.01,105.79,70.97,129.59,96.96,38.44,98.46,327.39,16.08,67.7,24.76,29.7323135755258,20.15,52.66,304.12,60.82,120.23,79.98,155.14,105.85,95.25,179.68,91.98,21.0,82.3933333333333,65.71,85.89,41.32,59.35,178.13,153.64,56.21,39.76,50.5466666666667,229.36,55.85
348,03/27/2018,43.48,53.78,89.69,67.53,93.39,147.31,138.82,91.42,29.52,37.61,50.72,532.11,196.15,25.28,31.77,41.59,73.13,94.43,93.62,70.23,31.34,83.17,247.26,14.93,51.11,31.36,19.8276294211585,19.27,49.1,159.54,45.49,81.39,53.15,180.33,101.58,60.29,149.18,102.56,18.29,58.4333333333333,51.53,98.96,32.67,51.58,106.1,136.75,49.86,51.1,31.6533333333333,151.38,52.02
349,03/27/2019,49.82,43.14,94.99,78.22,94.15,125.59,167.98,108.98,27.03,32.82,50.1,419.64,199.21,29.29,34.41,31.99,85.37,72.26,80.07,70.48,24.95,81.95,190.03,12.61,49.22,19.32,16.7393530553348,15.37,47.73,177.84,42.5,92.01,41.37,155.31,89.07,72.71,121.27,91.53,13.97,52.3333333333333,41.91,65.52,31.63,45.4,99.09,136.35,48.13,48.77,37.6044444444444,176.81,44.87
350,03/27/2020,35.4,25.51,104.7,80.17,88.46,103.33,165.42,88.73,21.6,17.35,32.54,434.34,179.66,35.93,46.09,19.96,75.95,32.87,55.3,38.41,17.15,71.23,158.34,8.3,35.13,9.37,13.7093690248566,11.2,33.7,220.19,30.87,85.45,34.01,107.29,73.98,73.54,100.13,53.04,9.67,41.1,33.61,48.66,17.1,33.27,98.43,99.95,35.77,30.28,34.58,167.21,27.58
351,03/27/2023,63.11,47.46,114.36,186.13,106.99,298.23,309.16,163.12,28.49,26.44,43.64,648.32,302.14,55.79,84.19,30.48,108.39,42.58,91.75,94.39,26.26,108.51,318.53,11.12,66.78,15.34,30.15,12.49,55.62,293.18,55.85,161.35,84.64,117.93,84.9,141.12,125.02,79.4,18.26,92.62,54.86,73.39,28.32,33.08,108.56,166.35,34.87,37.47,61.17,227.45,29.33
352,03/28/2018,43.55,54.52,90.93,68.2,94.61,146.96,139.46,92.21,29.39,34.11,50.61,528.03,196.67,25.51,31.52,41.55,73.86,94.27,94.27,70.28,31.56,83.7,249.37,15.02,51.73,31.48,20.0961751920997,19.27,49.44,158.94,45.9,81.89,52.91,180.59,101.13,60.44,149.45,102.9,18.28,58.5066666666667,50.9,98.28,33.11,51.53,105.79,138.79,50.07,51.48,32.2711111111111,151.29,52.17
353,03/28/2019,49.7,43.1,94.77,77.13,93.94,126.99,169.17,109.16,27.33,32.9,50.39,424.97,200.66,29.41,34.61,32.43,85.44,73.1,80.96,70.72,25.4,81.8,191.18,12.77,49.36,19.37,16.8557228894093,15.7,47.86,179.39,42.47,92.93,41.93,157.4,90.07,72.42,122.86,91.69,14.17,53.2933333333333,42.69,66.27,31.83,46.31,99.09,136.9,48.04,49.09,37.6044444444444,175.02,45.37
354,03/28/2022,65.28,63.73,183.67,170.33,140.6,311.1,326.22,189.7,43.55,27.99,52.51,749.88,359.57,72.11,124.53,47.69,135.77,95.13,133.25,111.28,45.8,102.03,335.3,15.09,72.4,22.39,30.5544933078394,23.43,65.34,335.76,71.28,169.22,91.27,179.39,118.19,116.88,194.71,120.06,23.03,111.32,91.8,90.11,35.85,59.56,150.27,186.76,56.71,51.81,66.26,240.85,69.73
355,03/28/2023,63.56,47.5,116.15,186.52,106.34,299.35,309,159.21,28.12,26.37,43.91,646.24,302.32,55.78,83.66,30.73,108.03,42.76,91.12,94.16,26.34,108.78,318.44,11.12,67.0,15.62,30.2,12.37,55.88,293.99,55.43,162.3,84.88,119.28,84.96,142.85,126.86,79.4,18.31,91.74,53.85,73.62,28.16,33.42,108.12,165.88,35.56,37.18,61.43,229.39,29.95
356,03/29/2018,43.76,54.42,91.41,68.73,94.8,147.94,140.33,93.28,29.99,34.68,51.53,541.72,199.48,25.44,31.95,41.98,74.26,95.93,95.82,71.93,31.75,84.17,251.86,15.1,51.52,32.01,20.3468179116449,19.55,49.73,161.3,45.89,82.59,53.96,184.36,103.13,60.93,151.24,103.55,18.58,59.6066666666667,52.22,99.73,33.53,52.04,107.97,138.86,50.5,52.41,32.3111111111111,152.19,52.73
357,03/29/2019,50,43.06,94.91,78.1,94.18,128.1,170.7,109.3,27.59,33.14,50.43,427.37,200.89,29.51,34.97,32.5,85.9,73.32,81.69,71.16,25.22,81.95,191.99,12.68,49.72,19.31,16.8199167866171,15.75,47.93,181.09,42.57,93.9,42.2,157.02,90.41,72.09,122.66,91.88,14.15,53.6066666666667,42.76,65.81,31.9,46.53,100.12,137.16,48.19,48.32,37.6533333333333,175.65,45.41
358,03/29/2021,51.34,46.58,143.77,126.84,116.8,229.28,233.63,142.37,38.31,30.11,47.52,757.86,258.82,46.25,74.28,43.37,104.04,68.62,126.49,94.08,37.18,97.32,325.73,15.61,65.96,24.35,28.9483747609943,19.48,52.14,306.97,60.16,121.88,77.88,150.53,106.58,96.2,174.49,90.64,20.32,80.9,64.11,85.33,40.3,57.31,176.97,153.85,55.6,38.44,50.5933333333333,234.6,53.89
359,03/29/2022,65.32,63.05,181.31,172.76,139.59,312.22,325.98,190.94,43.44,28.98,52.74,773.24,355.12,72.48,131.78,48.64,136.56,95.35,135.69,114.3,46.14,102.89,339.66,15.33,73.38,23.34,31.8833652007648,23.63,65.62,339.62,71.51,171.45,91.84,182.03,119.95,116.19,194.06,120.86,23.23,112.73,91.22,91.97,36.76,60.56,155.0,183.81,56.87,51.6,66.75,243.39,69.74
360,03/29/2023,64.29,48.7,118.2,189,109.7,301.64,312.69,163.59,28.67,26.53,45.06,657.22,305.3,56.42,85.18,31.13,110.73,44.71,94.12,97.68,27.03,109.24,320.72,11.34,69.58,16.06,31.14,12.67,56.9,299.55,56.49,164.48,86.24,122.4,87.06,144.48,128.92,81.19,18.66,93.37,55.21,75.45,28.65,34.47,110.65,169.86,36.22,37.97,61.99,230.4,31.04
361,03/30/2020,36.26,25.71,107.33,83.22,94.64,109.15,171.03,90.27,22.04,17.76,34,455.35,183.18,37.3,47.28,19.65,79.74,31.03,53.87,37.59,15.87,74.22,159.62,8.38,35.84,9.56,13.3843212237094,10.79,35.43,222.22,32.03,89.55,34.84,106.9,75.79,76.18,100.97,53.75,9.5,42.9333333333333,34.33,51.77,16.77,32.56,98.83,102.59,35.87,29.92,36.34,172.95,27.52
362,03/30/2021,51.83,47.34,144.71,125.63,117.11,232.8,232.09,143.49,38.99,29.33,47.86,749.26,258.19,46.01,74.25,44.78,105.08,72.15,128.56,95.26,38.12,98.32,332.01,16.01,67.71,24.89,29.6653919694073,20.09,52.67,297.53,61.44,121.52,79.09,153.87,107.02,95.55,177.62,92.08,20.91,81.8533333333333,64.76,86.31,41.06,58.78,172.22,154.03,55.87,39.39,50.88,232.31,55.91
363,03/30/2022,65.5,63.49,182.17,173.8,140.39,310.6,326.39,189.76,43,28.39,51.84,777.36,357.61,72.71,127.23,46.8,138.15,92.82,134.47,113.29,44.28,102.1,335.59,14.89,73.52,23.42,31.6826003824092,23.01,65.53,338.32,71.63,171.84,90.27,172.26,120.75,117.17,190.73,120.3,22.65,111.99,88.76,92.11,35.73,58.74,153.1,185.55,55.18,50.11,67.08,240.01,67.37
364,03/30/2023,64.29,49.82,118.65,189.67,109.09,300.63,313,162.41,28.3,26.26,44.9,661.04,305.08,56.62,85.75,30.77,110.36,44.06,94.18,98.12,26.32,109.58,321.14,11.14,68.9,16.11,30.98,12.38,57.3,300.94,57.05,164.88,86.11,119.59,86.75,143.79,127.03,81.75,18.33,92.19,52.47,75.0,28.55,33.85,110.37,170.82,35.45,37.38,62.0,229.0,30.3
365,03/31/2020,34.24,24.25,104.09,81.51,91.73,102.48,165.04,85.61,21.23,16.69,33.68,439.97,182.83,36.22,45.57,18.81,75.45,29.34,50.42,35.67,14.85,71.97,154.59,8.21,35.24,9.08,13.0688336520076,10.37,34.83,211.5,30.57,86.46,34.0,103.43,75.46,73.84,95.72,52.14,8.97,42.1333333333333,33.62,53.27,16.09,30.84,97.65,99.35,34.45,28.7,34.78,169.85,26.76
366,03/31/2021,51.18,46.21,141.77,124.77,114.9,232.45,230.11,141.44,38.69,29.6,47.29,753.96,255.47,45.71,74.53,44.15,103.09,71.74,127.23,94.99,37.45,96.63,327.0,15.72,66.79,25.22,28.7762906309751,19.98,51.28,298.61,60.79,121.8,77.66,151.61,105.11,95.61,175.41,91.1,20.66,81.7066666666667,65.18,84.01,40.66,58.32,171.6,150.4,55.31,39.07,50.2333333333333,228.88,54.96
367,03/31/2022,64.39,62.77,181.83,174.6,138.51,300.36,325.63,187,41.22,27.92,49.63,764.17,352.91,72.27,126.94,45.33,135.96,90.43,131.29,110.19,43.04,100.6,330.1,14.62,71.81,23.06,31.4053537284895,22.38,64.82,337.41,70.28,170.42,87.4,169.5,116.45,113.99,184.45,118.17,22.26,109.91,84.31,87.12,34.81,56.7,151.19,182.73,53.15,48.46,66.59,236.22,65.56
368,03/31/2023,64.52,50.36,120.07,191.31,110.81,306.5,315.29,164.95,28.6,26.94,45.44,669.12,308.77,57.42,87.84,30.37,112.08,43.42,96.16,98.84,26.64,110.02,327.11,11.2,69.69,16.4,31.74,12.52,58.02,306.02,57.94,166.55,87.8,119.57,88.13,143.06,127.1,82.74,18.56,93.27,52.38,75.69,29.08,34.1,112.9,171.41,36.05,37.38,62.26,232.38,29.93
369,04/01/2019,49.88,43.99,96.15,79.03,95.09,132.68,173.44,111.7,28.54,33.78,51.46,438.39,205,29.8,35.4,33.75,86.31,76.08,84.48,73.5,26.25,84.16,196.74,13.14,49.86,19.97,17.249590020123,16.35,48.68,184.48,44.13,94.81,43.53,161.73,92.7,72.76,126.91,95.87,14.67,55.3866666666667,44.13,67.59,32.58,48.02,103.3,138.02,49.07,48.81,37.6977777777778,176.11,46.72
370,04/01/2020,31.9,21.61,102.12,77,86.4,94.31,153.68,77.84,19.77,15.86,32.7,409.54,175.95,34.44,40.8,17.3,73.57,27.17,44.68,31.53,13.46,66.02,145.29,7.45,33.46,8.01,11.8355640535373,9.45,32.63,197.55,27.9,82.02,31.62,95.86,73.0,72.36,87.35,47.0,8.3,39.32,32.96,50.4,14.51,28.47,93.87,95.2,31.93,26.57,33.4933333333333,156.19,25.32
371,04/01/2021,51.42,46.38,142.3,126.61,116.03,235.41,231.8,144.57,39.49,30.16,47.47,766.83,258.2,46.52,75.19,44.94,104.14,71.74,129.78,97.2,37.98,98.69,327.64,15.98,68.28,25.75,29.0535372848948,20.27,52.25,306.31,61.6,123.15,78.22,153.17,105.63,95.55,177.41,92.71,21.06,84.34,66.44,84.95,41.66,59.05,173.96,150.62,55.83,39.63,50.9933333333333,233.59,55.41
372,04/01/2022,64.84,63.79,185.42,176.4,139.54,297.41,328.83,187.17,40.9,27.93,49.45,769.76,351.88,72.56,128.13,44.19,138.07,90.04,130.89,110.12,41.8,100.5,330.22,14.44,72.54,23.31,31.8260038240918,21.66,65.26,340.33,70.5,171.68,86.99,164.66,115.55,115.19,181.14,118.4,21.47,108.94,83.54,85.81,35.16,55.33,152.86,185.25,52.9,48.71,67.31,237.46,64.3
373,04/02/2018,42.97,53.12,88.18,67.1,93.7,142.67,138.19,91,29.31,33.45,50.15,519,195,24.84,31.47,41.1,72.37,93.82,93.75,69.58,30.95,82.2,247.35,14.67,50.46,30.84,19.7828717926683,19.03,48.65,158.66,45.02,80.97,52.72,179.89,101.41,59.81,148.32,100.95,18.16,57.5533333333333,50.41,97.22,32.66,50.93,104.67,134.84,49.68,51.35,31.7911111111111,148.99,51.37
374,04/02/2019,49.25,43.55,95.45,78.57,94.81,136.12,173.14,111,28.87,33.97,51.35,436.45,203.88,29.66,34.63,34.01,85.52,76.93,84.68,73.78,26.22,83.87,197.5,13.18,49.51,19.85,17.3480568028015,16.47,48.19,185.05,43.93,94.46,43.7,161.74,93.28,72.69,126.76,95.09,14.84,55.34,44.38,67.21,32.42,48.49,103.27,136.81,49.14,48.21,37.5777777777778,177.2,46.93
375,04/02/2020,31.83,21.25,100.06,78.76,85.79,94.05,157.26,76.66,20.57,16.06,33.64,426.53,179.73,34.86,41.19,17.42,72.92,27.79,43.93,30.99,14.28,66.96,149.93,7.37,33.27,8.22,12.0076481835564,9.48,33.18,206.72,28.05,82.75,33.9,95.74,76.92,76.56,90.73,46.63,8.39,39.9866666666667,34.39,52.42,14.31,28.48,97.14,97.19,32.67,27.22,33.7866666666667,158.41,25.39
376,04/03/2018,43.69,53.73,89.97,67.85,95.12,144.7,138.74,92.74,29.59,33.97,50.99,528.73,197.96,25.14,31.12,41.81,73.49,95.44,95.44,70.6,31.56,83.58,250.58,14.83,50.79,31.31,19.9439992552331,19.44,49.47,160.87,45.63,81.26,53.17,183.02,103.91,60.69,151.1,102.83,18.4,58.3333333333333,51.15,99.33,33.43,51.94,106.44,136.99,50.27,52.08,32.3066666666667,148.22,51.94
377,04/03/2019,48.76,43.87,95.45,78.37,95.64,136.56,172.74,110.56,28.84,34.17,51.24,439.07,203.67,29.75,34.82,34.15,85.47,76.89,85.31,73.98,26.26,84.69,200.86,13.21,49.72,20.12,17.5986995223466,16.43,48.2,186.22,44.19,94.64,44.38,161.88,94.13,73.03,126.81,96.46,14.87,55.8533333333333,44.63,68.03,32.35,48.41,103.3,136.6,49.42,48.86,37.8466666666667,177.82,47.18
378,04/03/2020,32.41,20.46,98.75,76.26,85.96,90.32,154.14,73.6,20.03,15.61,33.75,418.07,178.34,33.41,41.74,16.94,71.03,27.34,42.27,28.53,13.44,63.93,146.93,6.83,32.15,7.81,11.5869980879541,9.07,32.7,208.79,27.72,79.9,33.85,91.67,77.03,75.94,85.19,46.09,8.07,38.3533333333333,33.6,52.16,13.25,27.21,95.19,93.89,31.19,26.23,32.9866666666667,157.09,24.68
379,04/03/2023,64.66,50.42,118.8,193.26,114.25,306.27,317.08,163.78,28.59,26.93,45.15,666.41,310.31,57.65,84.96,30.2,112.43,42.2,96.32,98.82,26.4,109.47,326.52,11.17,70.12,16.2,31.6,12.37,57.59,304.3,57.97,168.63,87.16,118.74,87.72,145.1,125.0,82.43,18.58,92.1,51.57,75.46,29.38,33.13,112.35,172.29,35.64,37.72,62.84,233.35,29.12
380,04/04/2018,44.24,54.22,91.18,68.4,96.53,145.7,140.13,93.58,29.88,34.37,51.48,536.31,200.11,25.31,31.3,42.77,73.9,96.73,96.35,71.69,32.28,84.59,252.62,15.02,51.75,31.72,19.9171446781389,19.67,49.93,162.26,45.85,81.98,53.67,185.98,104.8,61.41,152.5,104.42,18.76,58.7466666666667,51.75,99.94,33.91,52.67,107.57,138.63,50.68,52.91,32.5555555555556,148.95,52.85
381,04/04/2019,48.78,44.6,95.91,78.67,96.07,137.28,172.54,110.12,29.15,34.44,51.45,441.84,204.1,29.94,34.72,34.7,85.65,77.46,86.7,74.23,26.75,84.57,202.23,13.32,50.0,20.19,17.8045846134015,16.48,48.49,186.83,44.74,94.55,44.93,163.29,94.74,72.53,128.42,97.1,15.1,56.28,44.87,68.64,32.5,48.45,103.01,136.52,49.79,49.17,37.9133333333333,178.51,47.68
382,04/04/2022,63.61,62.54,181.8,173.92,137.09,297.53,326.73,187.66,40.83,28.02,49.51,782.23,345.43,72.2,130.57,43.55,135.13,89.27,131.67,110.82,41.67,99.01,328.21,14.44,71.02,23.2,31.9789674952199,21.58,63.86,342.38,69.64,171.1,87.28,165.57,115.41,114.1,182.81,116.38,21.47,107.86,82.3,85.84,35.57,55.27,155.76,181.82,52.66,48.46,65.96,238.31,64.1
383,04/04/2023,63.91,49.87,117.54,193.92,113.17,300.23,318.85,162.56,27.98,26.67,44.68,659.11,309.07,57.79,81.2,29.17,110.85,40.03,96.63,98.58,25.61,107.4,322.65,10.98,69.06,15.8,31.21,11.73,56.21,303.94,57.44,167.72,84.82,117.18,87.0,144.28,122.83,82.24,18.31,90.16,50.0,74.62,28.93,31.95,110.6,168.63,35.06,36.81,62.41,234.23,27.71
384,04/05/2018,43.7,54.55,91.8,68.43,97.13,145.97,140.17,94.2,30.32,34.05,51.73,538.4,200.85,25.46,31.3,43.02,74.35,97.94,97.52,72.13,32.33,84.96,255.81,15.07,52.2,31.78,20.1230297691939,19.74,50.51,162.23,46.03,82.14,54.86,186.56,104.46,61.25,152.76,104.91,18.84,58.9133333333333,52.35,100.57,34.8,52.89,107.53,139.29,51.08,53.26,32.5911111111111,148.5,52.89
385,04/05/2019,49,45.05,95.87,78.3,96.31,137.94,172.59,110.96,29.08,34.88,51.18,445.1,205.33,29.93,34.81,34.58,86.22,77.63,86.54,74.95,26.69,85.32,202.38,13.31,49.93,20.49,17.9478090245702,16.59,48.6,187.24,45.06,94.01,44.9,163.22,95.06,72.7,127.91,98.47,15.14,56.8,44.55,68.57,32.31,48.37,104.44,136.4,49.7,48.78,38.12,178.08,47.57
386,04/05/2021,51.45,46.75,142.79,128.3,117.49,238.28,233.98,146.06,39.8,30.54,48.13,784.02,262.66,46.68,75,44.91,105.59,72.44,132.6,98.9,38.23,98.69,323.54,16.11,68.3,25.93,29.0057361376673,20.29,52.74,310.89,61.58,124.89,78.0,153.21,106.87,96.72,178.76,92.75,20.99,85.94,68.15,85.4,42.22,59.15,176.5,152.03,56.37,39.48,51.4733333333333,235.65,55.33
387,04/05/2022,63.77,62.45,181.87,174.87,137.24,298.54,325.97,185.4,40.14,27.65,48.96,764.43,344.8,72.36,123.61,43.04,135.28,88.77,130.42,110.75,41.23,100.83,323.96,14.37,71.47,22.61,31.0803059273423,21.35,63.3,342.46,70.01,169.94,85.28,163.78,115.53,114.23,182.39,116.85,21.32,108.72,81.86,85.31,35.27,55.36,154.85,181.39,53.0,48.12,66.42,239.46,64.4
388,04/05/2023,64.46,50.24,118.77,195.28,114.88,298.49,321.56,161.08,27.64,26.61,44.88,656.04,310.39,58.84,81.41,28.62,111.28,39.92,94.84,97.4,25.77,108.25,321.53,11.04,69.25,15.71,31.03,11.56,56.22,302.85,58.66,168.2,83.82,117.41,87.54,146.43,121.43,82.84,18.29,89.78,48.87,75.59,28.5,32.02,109.59,170.31,35.11,36.89,62.65,236.06,28.63
389,04/06/2018,43.37,53.6,89.54,67.09,95.9,141.31,138.2,91.91,29.63,33.22,50.35,519.92,195.49,25.09,31.01,41.48,73,94.92,94.72,70.34,31.24,82.98,249.97,14.56,51.12,30.7,19.487471444633,19.09,49.38,158.99,45.27,80.72,53.04,181.69,101.17,60.04,147.95,102.33,18.23,56.5466666666667,50.11,97.49,33.81,51.12,104.38,137.25,50.28,52.23,32.0888888888889,146.15,51.44
390,04/06/2020,35.22,21.52,103.93,82.21,93.52,102.58,173.15,83.87,21.39,16.75,35.24,449.52,185.24,35.97,46.57,18.79,77.41,28.99,49.42,33.46,15.47,71.87,158.23,7.49,33.95,8.96,12.5334608030593,9.95,35.7,229.16,30.63,87.33,37.01,102.79,81.37,75.99,95.31,49.14,8.88,42.8066666666667,36.08,55.55,15.49,29.77,102.7,98.98,34.37,28.63,35.82,175.36,26.93
391,04/06/2021,51.61,46.66,143.4,130.01,117.83,236.43,234.22,146.15,39.69,30.41,47.78,781.71,263.06,46.95,74.62,44.82,105.95,71.51,132.03,98.92,38.33,98.92,327.06,16.1,67.8,25.83,29.0917782026769,20.32,53.06,309.5,61.26,124.48,79.09,153.02,105.71,95.43,177.4,93.04,21.08,84.8866666666667,67.3,84.98,42.19,59.13,176.56,151.75,56.23,39.85,51.9533333333333,236.78,55.43
392,04/06/2022,65.07,61.81,184.56,179.05,139.02,292.26,330.46,183.71,39.7,26.8,48.2,745.23,344.71,72.88,118.24,42.08,137.37,87.65,129.28,110.5,40.98,101.57,316.26,14.11,71.93,21.66,30.6309751434034,20.92,63.36,341.11,70.07,171.68,83.13,162.52,113.47,116.87,180.96,116.73,20.82,106.89,80.87,83.7,35.77,54.74,148.38,182.58,52.97,47.89,66.8,239.45,63.67
393,04/06/2023,64.56,51.08,118.33,197.37,115.22,297.32,322.05,158.83,27.84,26.6,44.85,656.4,312.51,59.14,82.19,29.07,111.85,41.28,94.93,97.02,26.08,107.74,322.4,11.19,69.86,15.82,31.42,11.91,56.38,298.62,59.07,169.38,84.19,117.57,86.73,147.29,121.88,83.36,18.36,89.35,49.35,76.16,28.62,32.74,109.22,171.27,35.75,37.9,63.1,236.73,29.39
394,04/07/2020,35.71,23.26,104.09,82.28,92.53,103.48,175.92,87.58,22.14,16.64,34.8,443.12,185.25,35.96,45.63,19.53,79.88,30.68,52.91,35,15.86,71.3,166.02,8.13,36.92,9.14,12.5525812619503,10.45,36.27,228.71,31.58,87.4,36.94,103.62,82.6,75.6,94.92,52.06,9.39,42.6066666666667,34.94,56.13,16.12,30.59,101.9,100.78,34.45,28.77,35.88,178.69,28.04
395,04/07/2021,51.72,47.08,145.58,129.83,116.38,238.09,236.27,147.13,40.05,30.45,47.84,788,263.62,47.12,75.23,44.99,105.25,71.87,132.97,98.8,38.4,98.89,326.55,16.14,68.15,25.95,29.961759082218,20.54,53.35,307.91,61.78,124.06,79.04,154.19,106.83,95.86,178.25,93.95,21.12,84.8733333333333,67.05,84.74,42.49,59.43,176.95,152.29,56.81,39.99,52.3866666666667,237.83,55.55
396,04/07/2022,65.17,61.66,185.74,181.45,140.41,289.3,333.49,182.39,39.39,26.36,47.76,748.89,346.51,73.4,115.64,41.65,136.99,88.21,129.31,109.16,40.44,101.5,314.15,13.85,72.45,21.34,30.4971319311663,20.73,63.56,343.38,69.55,173.23,83.13,161.21,113.79,119.53,181.38,114.65,20.42,106.54,80.03,83.96,35.65,53.88,146.5,182.09,52.58,47.74,67.27,240.41,63.18
397,04/08/2019,49.12,44.87,95.43,77.96,94.87,138.54,172.79,110.7,29.17,35.25,51.25,446.14,205.25,29.9,34.83,34.67,85.66,78.23,86.04,74.81,26.87,85.46,202.54,13.4,49.89,20.52,17.9746636016643,16.53,48.59,187.17,45.01,93.59,44.98,164.06,94.4,72.01,128.24,98.89,15.24,57.0,44.78,69.15,32.54,48.54,104.5,135.88,49.88,48.88,38.04,178.45,47.62
398,04/08/2020,37.77,24.13,106.72,85.04,97.25,111.69,187.96,92.08,23.45,17.19,35.65,450.97,191.01,37.2,46.97,20.53,81.08,33.02,56.72,37.22,16.69,75.21,176.96,8.81,38.7,9.47,13.5564053537285,11.33,37.97,226.52,33.47,93.61,39.37,107.64,83.38,77.81,99.5,55.02,10.11,44.4,36.49,58.56,16.82,32.7,105.51,104.94,35.65,30.28,36.8133333333333,190.05,29.44
399,04/08/2021,51.49,46.06,145.32,132.37,117.05,237.06,235,147.04,39.7,30.26,48,800.6,263.51,47.34,76.75,44.71,104.52,70.99,132.73,99.52,38.14,97.98,331.14,16.05,66.56,25.88,29.6080305927342,20.33,53.01,313.1,61.31,124.83,80.2,152.86,106.51,94.98,178.11,92.97,21.05,83.9133333333333,66.84,84.41,42.25,59.25,176.43,150.36,56.78,40.03,52.52,237.07,55.0
400,04/08/2022,65.52,63.14,186.2,183.19,141.93,293.04,333.51,183.7,39.67,26.28,48.34,736.1,353.1,72.96,114.97,41.83,137.89,88.57,131.76,111.57,40.55,102.53,321.39,13.8,74.13,21.61,31.1089866156788,20.77,64.43,342.69,70.61,172.57,84.06,163.07,115.03,118.51,184.7,116.71,20.75,108.62,81.69,84.17,36.64,53.87,146.15,184.86,52.25,48.73,67.7,241.05,63.89
401,04/09/2018,43.59,53.3,89.72,67.43,95.78,141.38,139.01,92.14,29.87,33.07,50.52,521.14,195.33,25.26,30.71,41.74,72.77,95.55,95.5,70.67,31.4,83.15,252.19,14.62,51.2,30.65,21.7432559205391,19.19,49.63,159.46,45.55,80.62,53.35,182.84,102.03,60.0,149.21,101.95,18.38,56.5533333333333,50.21,98.3,33.86,51.64,104.93,137.23,50.59,52.25,32.12,146.0,51.63
402,04/09/2019,49.04,44.63,94.31,77.98,94.36,136.47,172,109.85,28.89,34.26,50.99,439.81,204.92,29.7,34.45,33.96,85.08,77.14,85.1,74.17,26.43,84.22,200.62,13.17,49.69,20.3,17.7419239335152,16.26,48.34,186.66,44.3,92.69,44.26,162.13,93.43,71.53,126.8,97.26,15.0,56.4533333333333,44.45,68.43,32.27,47.9,103.82,135.19,49.22,48.14,37.8333333333333,178.03,46.9
403,04/09/2020,38.08,26.54,112.39,86.84,100.34,120.47,192.05,94.82,24.86,16.81,37.14,471.42,193.84,39.03,49.17,22.11,83.58,34.75,60.11,39.21,17.82,80.4,184.26,9.03,41.88,9.86,13.546845124283,12.01,39.42,241.68,35.46,96.61,41.08,114.75,84.89,80.39,105.42,58.7,11.01,46.2933333333333,36.54,60.95,17.62,36.11,105.16,109.74,38.05,33.2,38.88,196.02,31.0
404,04/09/2021,51.64,46.6,146.96,132.55,117.1,240.79,237,147.78,39.99,30.68,48.62,808.35,266.01,47.83,76.9,45.37,105.09,71.49,134.17,100.18,38.44,99.41,330.81,16.27,66.79,26.32,29.8374760994264,20.61,53.61,314.29,61.92,126.18,80.72,153.63,108.72,95.68,180.21,94.35,21.23,84.6866666666667,67.57,86.47,42.8,60.02,179.52,151.65,57.29,40.5,53.08,239.98,55.94
405,04/10/2018,44.38,53.52,90.73,68.37,97.12,144.29,140.16,93,30.48,33.09,51.38,533.96,197.8,25.49,31.06,42.7,73.41,97.38,96.82,71.9,31.78,84.17,256.57,14.87,51.9,31.27,21.8238196518215,19.63,50.43,162.64,46.46,81.71,54.14,186.44,103.25,60.39,151.54,104.7,18.6,57.7933333333333,51.51,99.91,34.46,52.57,106.74,137.86,51.08,52.62,32.2888888888889,147.02,52.4
406,04/10/2019,49.21,44.88,94.47,78.6,95,138.54,172.84,110.16,29.07,34.98,51.29,442.76,204.52,29.97,34.76,34.11,86.05,77.47,85.63,74.53,26.72,85.02,202.98,13.3,49.98,20.79,17.8403907161937,16.39,48.68,185.28,44.83,93.12,44.45,163.05,93.4,72.07,127.29,98.39,15.12,57.0733333333333,44.27,69.0,32.55,48.11,104.05,135.46,49.3,47.79,37.9133333333333,179.04,47.14
407,04/10/2023,64.97,51.11,119.4,195.61,116.11,302.06,319.95,161.14,27.94,26.61,45.23,659.82,312.62,58.42,81.59,29.29,111.31,42.56,95.22,98.17,26.29,108.15,324.96,11.3,70.14,15.98,31.5,12.12,56.45,295.66,59.48,168.13,84.0,117.45,87.74,149.0,122.2,84.15,18.41,91.26,51.72,77.33,28.8,33.17,110.54,172.65,35.61,38.63,62.99,234.77,29.87
408,04/11/2018,44.19,53.36,90.59,68.05,96.2,141.37,140.04,91.6,29.9,32.48,50.95,525.31,195.22,25.5,30.98,42.18,73.41,96.26,95.35,70.9,31.47,83.42,252.94,14.65,51.53,30.6,21.7611589719352,19.46,50.08,162.4,46.05,81.19,52.74,184.93,102.31,59.99,149.44,102.96,18.42,57.2066666666667,50.92,98.63,34.24,52.2,106.2,136.59,50.55,51.93,32.3422222222222,147.03,52.14
409,04/11/2019,49.37,45.71,95.44,79.67,95.81,139.65,173.89,109.85,29.07,35.03,51.69,446.11,206.67,30.27,34.87,34.36,86.87,78.08,86.25,74.87,26.97,85.45,202.83,13.35,50.57,20.85,17.7150693564211,16.44,49.1,185.25,45.28,93.63,44.8,164.5,93.63,71.77,128.72,99.56,15.21,57.68,44.26,69.52,32.62,48.44,104.75,136.28,49.61,47.74,38.28,179.77,47.5
410,04/11/2022,65.19,62.58,186.85,183.22,142.9,290.76,333.61,177.57,39.59,26.18,48.07,728.38,352.02,72.51,112.8,41.82,136.48,89.09,131.23,111.17,40.49,102.82,320.76,13.8,74.12,21.48,30.7456978967495,20.86,64.66,334.37,70.58,170.74,84.02,163.53,114.77,118.43,183.98,116.5,21.14,108.1,81.58,82.72,36.52,53.64,143.07,185.64,51.72,49.33,67.46,238.28,64.23
411,04/11/2023,65.71,51.2,119.54,196.79,116.1,305.87,320.9,161.83,28.71,27.16,45.74,669.68,313.7,58.91,83.4,29.41,110.99,43.44,98.43,100.4,26.53,107.37,327.37,11.4,70.59,16.32,31.45,12.25,56.88,299.32,60.12,169.2,85.09,118.19,89.94,148.62,122.31,85.41,18.5,92.63,51.71,78.58,29.85,33.7,112.91,173.55,35.53,39.37,63.1,236.84,30.11
412,04/12/2018,44.65,53.49,91.8,68.56,96.75,143.53,141.6,93.35,30.65,33.34,52.01,533.01,198.13,25.75,31.13,43.24,73.98,98.48,96.88,71.61,32.26,84.23,259.59,14.99,52.02,30.82,21.8059166004254,19.85,50.54,163.95,47.03,81.99,53.85,187.14,105.04,60.5,152.49,105.03,18.98,58.0866666666667,51.73,101.09,34.83,53.05,108.05,137.29,51.24,52.7,32.5466666666667,147.89,54.13
413,04/12/2019,49.51,46.19,95.84,80.52,97.01,142.54,176.12,110.91,30.17,35.46,52.81,454.35,210.56,30.51,35.53,35.06,87.49,80.33,87.83,76.21,27.66,86.84,207.84,13.69,51.07,21.32,18.2253063212094,16.88,49.28,187.11,45.86,94.67,46.69,167.76,94.55,72.61,132.7,101.46,15.6,58.5333333333333,45.35,71.03,33.0,49.26,105.9,137.72,50.22,46.49,38.6333333333333,180.72,48.42
414,04/12/2021,52.44,47.16,147.91,132.35,119.36,245.67,238.83,147.57,40.06,31.26,49.09,807.98,267.93,47.86,77.37,45.92,106.47,72.25,134.24,100.45,38.85,100.8,331.84,16.48,66.52,26.71,30.3537284894837,20.84,54.18,314.48,62.66,126.21,80.18,156.22,109.96,96.43,180.81,95.56,21.42,85.4666666666667,67.71,86.93,43.15,60.19,182.49,151.84,57.68,40.77,53.0333333333333,243.96,56.58
415,04/12/2022,64.89,62.45,185.98,180.25,142.12,287.94,329.29,175.54,39.17,25.77,47.65,716.83,349.74,71.94,113.43,40.9,136.84,87.99,132.23,111.83,39.63,101.44,319.78,13.47,74.41,21.11,30.1529636711281,20.5,64.51,332.14,70.16,168.64,83.93,160.48,113.5,115.3,179.75,115.55,20.82,108.18,80.07,82.25,36.87,52.69,143.87,184.94,50.82,48.42,68.52,232.46,63.22
416,04/12/2023,65.98,51.32,117.17,198.27,116.08,304.96,321.76,159.29,28.48,26.42,45.83,665.97,314.55,58.48,82.61,29.38,110.43,43.11,95.69,99.15,26.39,107.33,330.24,11.32,70.84,16.13,30.57,12.05,56.59,298.18,60.01,170.08,85.47,116.34,88.91,148.15,119.7,84.84,18.33,92.08,51.92,78.21,29.53,33.21,110.41,173.84,35.4,39.19,62.84,237.2,30.29
417,04/13/2018,44.56,53.59,91.51,68.45,96.36,141.63,142.02,93.03,29.8,33.15,51.57,524.77,197,25.72,30.72,42.28,73.53,96.07,96.39,70.54,31.41,84.34,255.92,14.66,51.67,30.53,21.7522074462371,19.24,50.43,162.89,46.92,81.97,52.98,183.16,103.91,60.07,145.46,104.28,18.51,57.0266666666667,51.04,99.8,34.07,51.95,107.11,136.29,50.95,50.89,32.4755555555556,150.08,52.85
418,04/13/2020,37.28,25.63,108.57,83.57,98,114.92,186.38,90.33,23.92,16.09,36,452.39,188.77,38.17,47.58,21.19,82.64,32.78,56.5,36.18,17.37,79.71,179.18,8.72,40.93,9.57,12.9541108986616,11.56,37.42,231.09,34.32,95.02,39.58,110.76,83.55,77.1,100.96,58.0,10.67,44.9533333333333,34.77,59.44,16.22,33.94,102.24,106.42,36.79,31.43,37.8,189.7,30.08
419,04/13/2021,52.29,46.69,148.29,133.95,119.19,243.29,239.24,145.99,39.32,29.62,48.34,802.49,267.1,48.47,78.39,44.78,105.45,70.58,132.67,99.79,38.22,100.64,327.68,16.14,66.61,25.91,29.8470363288719,20.48,53.49,315.17,62.05,126.24,79.53,154.52,108.76,97.29,177.62,95.28,20.84,84.5733333333333,66.6,85.75,41.46,58.98,176.93,152.21,56.63,39.79,52.48,241.87,55.53
420,04/13/2022,64.99,62.98,187.77,181.01,141.88,292.74,330.1,179.59,38.82,26.18,48.34,715.74,346.22,71.85,116.44,41.23,137.84,89.13,132.62,112.67,39.51,102.31,321.97,13.44,75.35,21.47,30.057361376673,20.58,64.76,333.66,70.45,169.89,84.13,159.71,113.81,113.91,178.44,116.3,20.93,111.64,83.83,82.85,37.47,52.0,143.58,183.71,50.61,48.54,68.33,233.88,64.02
421,04/13/2023,66.3,51.62,118.17,199.7,114.11,308.36,324.99,162.3,28.56,26.92,46.2,670.73,318.05,58.96,84.31,29.55,110.55,44.48,95.88,100.49,26.57,107.15,332.13,11.33,70.83,16.63,31.04,12.29,56.71,303.9,59.78,172.4,85.69,116.55,89.22,138.21,121.41,84.87,18.39,92.86,51.49,78.81,29.77,33.84,112.48,173.2,35.38,39.66,62.66,236.9,31.15
422,04/14/2020,37.78,25.78,107.69,86.54,102.44,114.3,194.03,88.39,23.73,16.32,36.34,458.03,192.94,39.63,47.96,20.33,87.1,30.89,55.34,35.53,17.15,80.02,178.23,8.4,41.23,9.81,13.0592734225621,11.14,37.42,237.76,34.43,99.44,39.86,109.38,83.39,80.47,99.47,58.61,10.12,44.6666666666667,36.21,60.61,15.9,33.36,101.93,108.02,35.8,30.18,39.1333333333333,197.0,29.54
423,04/14/2021,52.87,47.49,149.5,132.98,120.42,246.93,234.87,147.42,39.88,29.76,48.64,801.07,267.53,48.23,78,45.52,106,71.4,135.77,101.32,38.55,101.76,335.35,16.36,66.11,26.12,30.5258126195029,20.8,54.02,315.17,62.73,125.44,80.79,155.57,110.09,97.18,179.34,97.34,21.23,86.2333333333333,67.44,86.68,41.5,59.69,174.92,155.43,57.58,41.99,52.9933333333333,236.72,56.24
424,04/14/2022,65.33,63.03,189.3,180.61,141.16,290.73,328.26,181.16,37.57,25.57,47.29,688.17,344.33,71.26,112.98,40.87,138.19,88.37,132.59,112.18,39.01,102.93,321.64,13.36,74.95,21.0,30.3441682600382,20.48,65.15,328.4,70.64,169.76,84.76,159.56,110.89,112.11,175.0,117.24,20.73,111.8,82.75,75.81,37.7,52.14,138.96,184.24,52.71,46.35,68.22,234.15,62.92
425,04/14/2023,66.21,51.44,116.11,200.45,112.13,309.43,324.48,163.22,29.52,26.75,46.36,691.33,319.74,58.77,85.32,29.1,106.74,43.3,96.58,101.17,26.44,107.28,336.92,11.41,68.04,16.89,30.97,12.09,56.24,302.32,60.62,173.18,86.71,116.59,87.92,135.85,121.85,85.58,18.51,93.59,50.77,80.03,29.8,33.25,113.27,168.37,34.97,39.64,61.48,237.46,29.95
426,04/15/2019,48.95,45.8,94.94,80.61,96.4,141.27,175.96,110.53,29.84,34.91,52.6,451.86,209.74,30.68,35.54,34.45,87.13,78.95,86.88,75.81,27.13,86.12,199.91,13.46,50.75,21.07,18.0373242815505,16.66,49.17,189.21,45.25,94.88,46.08,163.72,94.04,72.26,131.06,101.34,15.26,58.3066666666667,45.03,70.12,32.95,48.59,104.95,136.79,49.89,46.77,38.58,180.74,47.65
427,04/15/2020,35.75,24.08,101.41,83.65,97.94,104.15,183.94,83.79,22.19,15.31,34.63,443.07,188.57,37.92,45.5,18.58,82.94,28.12,52.6,32.98,15.73,75,178.52,7.73,38.73,8.96,12.3040152963671,10.31,34.56,229.83,32.47,96.3,38.4,100.95,78.89,79.25,92.43,54.52,9.29,41.7866666666667,34.67,57.07,14.95,31.31,98.98,102.17,33.33,28.44,37.1466666666667,185.65,28.01
428,04/15/2021,52.83,46.66,150.07,135.06,121.59,247.52,236.5,148.53,38.74,30.29,48.01,817.84,269.14,48.97,79.65,44.68,106.5,69.77,134.87,102,38.03,102.1,338.55,16.1,66.89,26.83,30.4875717017208,20.6,54.03,318.51,62.3,126.96,80.82,153.89,108.53,100.4,174.79,97.3,20.97,86.6666666666667,65.5,86.51,41.28,57.22,177.35,154.36,56.33,42.24,52.94,237.98,55.81
429,04/16/2018,44.77,54.28,92.5,69.28,97.53,143.59,143.78,93.6,29.93,33.84,51.99,524.85,198.22,26.06,31.05,42.37,74.74,96.11,96.9,71.56,31.49,85.09,257.88,14.67,52.04,30.85,22.0476077942725,19.34,51.02,164.38,47.39,83.61,53.4,181.57,104.89,60.93,143.84,105.08,18.47,57.7,53.08,100.6,34.47,52.0,107.95,137.55,51.41,50.8,33.04,152.12,53.31
430,04/16/2019,49.59,46.74,95.22,80.9,98.19,144.07,176.93,111.88,29.88,35.55,53.44,466.54,211.8,30.73,35.79,34.9,87.72,79.39,87.91,76.95,27.73,87.1,201.84,13.66,51.42,21.53,17.9567605502682,16.98,49.66,190.54,46.19,95.53,47.02,168.28,95.62,77.26,133.15,104.03,15.56,59.0333333333333,45.66,71.71,33.16,49.51,106.68,138.34,50.28,47.65,39.0866666666667,181.21,48.26
431,04/16/2020,35.04,23.18,100.58,80.79,99.93,101.69,186.24,81.35,21.42,15.42,36.14,458.99,187.96,37.45,47.96,17.19,82.47,26.05,50.01,31.69,14.77,72.8,177.04,7.18,37.42,8.71,12.0554493307839,9.74,34.0,234.71,30.95,97.22,38.36,96.29,77.96,79.09,90.54,52.39,8.85,40.4333333333333,34.6,58.5,14.17,29.64,99.54,99.81,31.78,26.89,36.4333333333333,189.19,26.94
432,04/16/2021,53.45,47.1,152.5,136.8,122.2,248.77,239.12,149.99,39.15,30.05,46.07,811.45,272.11,49.55,79.28,44.83,106.41,70.16,136.68,102.27,38.2,104.41,342.31,16.18,66.25,26.57,31.1089866156788,20.68,54.37,322.0,63.07,127.44,78.59,153.86,106.91,98.76,178.86,98.88,21.2,86.5066666666667,64.74,80.43,41.39,57.84,177.82,155.95,57.86,43.84,53.2733333333333,240.4,56.12
433,04/17/2018,45.18,54.26,92.89,69.65,97.75,144.07,144.08,93.86,30.04,33.97,52.19,526.84,199.27,26.31,31.48,41.29,74.49,92.74,97.48,71.92,30.94,85.36,253.63,14.48,51.74,31.13,21.9580925372921,18.96,51.0,165.94,46.9,84.03,53.24,177.43,106.45,62.28,140.86,104.9,17.95,57.9933333333333,53.61,100.94,34.57,51.09,109.23,137.34,51.02,50.57,33.0222222222222,152.94,51.92
434,04/17/2019,49.04,45.97,94.06,80.26,97.43,143.25,175.37,111.76,30.03,35.55,48.35,467.49,210.37,30.41,35.93,35,86.47,79.26,87.92,76.86,27.71,86.26,207.9,13.83,50.58,21.66,18.1268395385309,17.17,49.24,187.97,45.81,94.41,48.26,168.48,92.42,76.16,133.87,104.16,15.76,59.2,46.1,69.63,33.24,49.84,106.09,135.87,50.67,47.55,38.6133333333333,176.9,48.36
435,04/17/2020,36.48,24.5,105.81,83.6,104.92,110.95,190.81,87.39,23.28,16.34,37.39,476.87,191.2,38.1,50.01,19.87,85.8,30,54.63,35.04,16.63,77.25,183.49,8.06,40.01,9.07,12.6195028680688,10.81,36.14,239.36,33.06,98.54,39.09,105.48,80.0,82.5,101.5,56.6,9.52,42.4466666666667,35.79,58.49,15.62,33.4,103.49,105.07,35.06,28.38,37.9933333333333,195.39,29.08
436,04/17/2023,66.57,51.92,119.03,203.21,114.89,311.61,329.81,163.71,30.37,26.85,44.23,698.36,323.79,59.81,87.23,30.32,107.52,45.03,97.83,102.66,27.32,108.94,339.68,11.71,69.39,17.19,31.37,12.31,57.2,303.36,61.54,174.17,89.29,125.66,85.72,138.41,125.09,87.08,18.94,95.87,52.77,72.68,29.96,34.26,113.8,171.28,35.59,41.3,62.5,237.97,30.93
437,04/18/2018,45.02,54.46,92.71,69.82,97.79,144.62,144.2,95.15,29.53,34.05,52.26,523.22,199.51,26.25,31.78,41.03,74.56,93.28,97.14,72.09,30.78,85.71,254.0,14.49,51.79,31.11,21.7701104976332,18.87,51.02,166.47,47.0,83.91,53.26,178.05,106.31,61.18,141.66,105.84,17.91,57.72,52.18,101.42,34.89,50.63,108.88,136.47,50.0,50.39,32.9333333333333,152.66,52.08
438,04/18/2019,48.92,46.04,93.23,80.42,96.72,143.27,175.17,113.67,30.03,35.3,48.41,465.69,209.99,30.57,38.62,35.36,86.6,78.25,88.11,77.15,27.5,88.74,205.91,13.61,50.94,21.53,18.0462758072486,16.79,48.82,189.06,45.32,93.72,47.55,166.34,91.87,75.0,133.19,103.83,15.25,59.46,45.55,69.96,33.34,49.35,105.9,138.93,51.21,47.58,38.9,177.37,47.3
439,04/18/2022,65.52,63.9,189.32,180.18,139.73,290.4,329.05,184.48,38.85,25.68,46.21,680,346.65,69.92,111.99,41.23,138.59,88.26,137.98,116.43,39.07,101.87,329.88,13.52,75.05,21.15,31.1472275334608,20.77,65.5,328.23,71.23,170.45,86.48,159.16,110.4,109.64,175.75,118.5,20.92,110.92,74.94,74.38,40.03,52.66,139.31,185.22,52.74,47.17,69.43,233.21,63.68
440,04/18/2023,66.89,52.46,117.25,206.62,114.14,315.63,331.87,164.4,30.56,26.98,44.89,694.03,324.63,60.35,91.5,30.44,107.84,44.64,97.55,103.63,27.17,109.69,333.91,11.6,70.01,17.41,31.44,12.09,57.51,305.33,61.31,174.89,89.85,125.73,85.99,138.6,124.76,87.0,18.7,96.82,54.0,74.9,30.25,33.85,113.42,172.0,35.19,41.87,62.94,238.41,30.46
441,04/19/2018,45.23,55.18,92.6,70.1,97.98,145.58,144.82,102.37,30.18,34.17,55.24,525.06,200.38,26.15,32.12,41.86,75.04,95.04,98.35,73.29,31.36,87.22,254.17,14.68,52.03,31.22,21.5821284579744,19.55,51.52,165.72,47.44,83.35,54.7,180.24,108.15,61.13,144.26,107.07,18.15,58.6733333333333,53.68,104.18,35.35,52.36,108.83,136.59,50.7,51.54,32.96,152.69,53.21
442,04/19/2021,53.56,46.73,153.24,136.26,122.84,246.71,235.83,148.54,39.17,29.97,46.81,811.09,270.28,49.48,79.3,44.61,107.22,69.39,135.41,100.61,37.87,104.27,343.09,15.87,66.73,26.48,31.2715105162524,20.42,54.26,320.72,63.1,127.15,80.03,154.98,106.23,99.29,177.72,98.54,20.9,86.2733333333333,65.88,80.89,40.73,57.4,177.04,154.38,57.72,43.88,53.84,238.01,56.0
443,04/19/2022,65.49,63.61,189.52,179.5,141.74,297.63,330.79,187.17,39.57,26.76,46.52,701.57,348.5,70.16,117.48,44.04,138.84,90.06,141.59,118.75,40.79,102.69,335.95,14.07,73.47,21.74,32.2179732313576,21.43,65.68,333.54,71.84,172.06,88.91,162.04,111.69,111.15,178.05,119.42,21.68,113.05,76.9,74.91,40.7,52.01,145.12,176.16,52.88,47.83,69.2,235.2,65.53
444,04/19/2023,66.94,53.17,118.91,204.15,116.51,315.97,329.07,164.95,30.06,27.13,45.24,695.24,323.09,60.39,92.55,30.5,108.32,47.09,99.3,105.76,28.02,109.73,336.89,11.84,70.7,17.47,31.68,12.38,57.49,303.14,61.81,173.56,90.45,129.61,86.99,138.91,128.37,87.85,19.22,96.89,55.55,75.29,30.79,34.79,112.77,182.57,36.01,42.24,62.83,237.85,32.72
445,04/20/2018,45.28,55.43,93.41,69.97,98.31,143.69,144.04,100.79,30.26,34.04,55.42,524.42,200.13,25.95,32.23,41.98,75.27,95.49,97.98,73.32,31.42,87.18,251.96,14.75,52.03,31.06,21.501564726692,19.86,51.57,164.02,47.49,82.9,54.46,181.53,107.65,61.05,144.12,107.03,18.89,58.5333333333333,54.99,99.66,35.2,52.71,108.44,136.84,50.43,52.56,33.2177777777778,151.41,53.8
446,04/20/2020,36.15,23.75,103.02,80.78,102.72,110.11,185.69,84.01,22.5,16.28,36.41,470.8,188.75,37.32,48.18,20.3,82.48,29.62,53.87,35.22,16.68,75.6,180.4,8.14,38.64,9.09,12.0458891013384,10.93,34.97,239.47,32.55,95.76,38.36,105.6,79.33,81.94,102.55,54.25,9.4,41.5733333333333,36.59,58.18,15.59,34.13,101.15,101.78,34.25,27.68,36.8333333333333,188.89,29.27
447,04/20/2021,52.59,45.53,154.03,136.26,122.87,242.38,234.82,145.1,38.08,29.09,46.58,804.96,267.89,49.37,79.5,42.71,106.97,67.3,131.5,96.8,36.44,103.32,331.88,15.17,65.73,25.79,30.4302103250478,19.84,53.93,323.76,61.16,127.35,77.29,149.67,107.37,99.79,171.73,96.02,20.0,84.4733333333333,63.69,78.6,39.57,55.75,176.55,155.73,56.22,42.54,53.78,237.23,52.35
448,04/20/2022,66.62,64.41,193.12,183.9,143.86,300.84,333.22,188.46,39.66,26.69,47.02,699,348.82,71.06,120.39,44.32,141.25,87.1,141.85,118.82,40.67,105.35,341.06,14.24,74.65,21.74,32.8202676864245,21.75,67.36,335.04,72.44,174.41,90.61,176.34,113.17,113.04,179.64,121.06,21.97,113.79,76.45,75.91,40.48,52.57,143.4,177.71,53.05,48.65,71.05,239.88,65.22
449,04/20/2023,66.48,52.34,116.93,207.88,117.38,315.76,333.07,163.28,29.9,26.89,44.84,696.38,323.82,60.85,91.94,29.06,106.92,45.8,97.27,105.18,27.84,109.7,338.71,11.63,70.44,17.2,31.36,12.04,57.12,302.73,60.81,179.7,90.43,124.81,85.86,138.39,125.6,86.44,18.89,96.18,54.0,74.99,29.86,33.48,112.14,179.26,34.76,41.67,63.36,241.49,31.12
450,04/21/2020,34.59,22.25,101.15,77.54,100.09,103.45,178.18,81.52,21.64,15.98,35.21,474.37,183.48,35.5,45.5,19.29,80.17,29.43,51.16,34.3,16.26,73.51,173.81,7.8,36.76,8.93,11.5774378585086,10.32,33.71,228.26,31.46,92.7,36.95,104.63,74.43,81.25,99.0,51.79,8.88,40.8533333333333,35.94,55.99,15.17,34.03,98.85,101.78,32.73,26.84,35.5666666666667,182.5,28.65
451,04/21/2021,53.5,46.76,155.74,137.17,123.9,247.33,233.5,147.18,38.72,29.58,47.19,811.53,272.21,49.8,80.31,44.04,109.84,69.15,132.91,98.4,37.36,105.37,335.27,15.5,67.45,26.35,30.9177820267686,20.44,54.81,325.03,62.65,127.53,79.25,152.99,106.74,101.21,175.13,97.93,20.55,84.7666666666667,65.4,80.14,40.18,56.77,179.2,157.38,56.99,43.24,53.7066666666667,235.74,53.65
452,04/21/2022,65.5,63.13,190.33,184.15,141.13,291.71,333.46,185.74,38.91,26.48,46.15,681.46,343.6,70.68,112.62,43.03,140.28,82.73,139.98,116.53,39.63,105.91,334.3,14.1,73.11,21.3,31.7877629063098,21.08,66.66,329.92,71.58,178.7,88.91,177.78,110.34,113.02,177.58,119.86,21.54,109.76,73.27,74.58,39.8,52.11,139.58,176.26,52.64,47.78,69.52,242.73,62.23
453,04/21/2023,65.98,51.55,117.25,207.77,115.78,314.1,333.6,163.78,29.87,26.69,44.05,680.94,324.33,61.4,89.45,28.8,105.78,43.73,96.59,105.52,27.48,107.62,341.66,11.44,69.54,17.07,31.3,11.59,56.44,303.59,60.17,179.97,91.12,124.09,85.3,137.02,123.38,85.71,18.36,95.76,53.8,73.63,29.72,31.47,111.96,179.5,33.52,41.24,57.52,241.26,29.35
454,04/22/2019,48.56,46,91.99,80.18,97.07,143.11,174.89,112.33,30.05,35.04,48.19,464.02,209.49,30.51,39.02,35.7,85.97,78.31,87.61,76.89,27.56,87.06,204.6,13.64,50.89,21.38,17.8135361390995,16.99,49.22,188.09,45.21,93.35,47.29,166.49,91.87,74.56,133.89,103.46,15.24,59.0466666666667,45.45,69.9,33.55,49.24,106.49,136.61,51.2,47.26,38.54,177.26,46.71
455,04/22/2020,35.47,22.26,103,77.59,101.99,104.91,181.59,82.54,21.8,16.13,35.52,481,186.58,35.7,46.33,19.58,79.69,30.45,51.52,35.15,16.5,73.22,175.98,8.04,35.68,9.18,11.6443594646272,10.23,33.77,239.83,31.76,94.08,37.81,104.06,76.17,82.49,98.9,53.61,9.09,41.4266666666667,35.87,57.47,16.05,34.0,100.63,101.79,33.25,26.8,34.1866666666667,185.86,28.9
456,04/22/2021,52.94,46.46,153.85,136.25,123.66,242.9,231.15,147.16,38.36,28.67,46.55,795.32,269.51,49.97,82.96,43.18,108.84,67.88,133,99.5,36.86,102.11,330.85,14.46,66.66,25.69,30.2390057361377,20.01,54.28,325.05,61.9,126.91,78.29,149.09,106.76,100.15,173.84,96.74,20.29,84.3066666666667,64.8,78.7,39.88,55.86,175.28,155.87,56.16,42.7,53.64,233.15,52.56
457,04/22/2022,63.37,60.44,186.57,178.03,132.07,280.08,321.64,180.54,37.56,26.39,44.21,662.94,335.56,67.73,110.59,41.84,136.66,80.97,135.28,112.37,38.43,103.46,319.77,13.76,71.51,20.63,30.6692160611855,20.71,64.71,322.42,69.56,170.83,84.74,172.41,106.19,108.34,173.25,115.83,21.37,103.52,70.32,70.87,37.98,50.89,134.25,173.11,50.83,46.34,67.97,237.39,60.74
458,04/23/2018,45.3,55.18,93.35,70.27,98.61,145.49,143.78,100.61,30.32,33.64,55.73,519.85,199.42,26.56,32.35,42.51,75.72,96.01,97.5,73.31,31.93,86.89,246.67,15.01,51.96,31.0,21.8596257546136,19.87,51.62,162.48,47.4,83.48,53.64,181.98,107.39,61.22,145.21,107.38,18.86,58.4133333333333,55.37,102.3,34.73,53.53,108.62,137.23,50.54,52.61,33.1955555555556,151.06,54.26
459,04/23/2019,48.91,45.98,93.06,81.58,97.29,144.85,178.38,113.97,30.07,35.45,48.47,474.03,211.61,31.57,39.73,36.1,86.96,79.01,88.19,77.2,28.35,86.81,204.14,13.79,51.11,21.62,17.9925666530604,17.18,49.44,188.64,45.43,94.79,47.35,167.15,95.94,75.69,134.2,103.66,15.37,59.6866666666667,45.56,66.86,33.46,49.54,107.5,138.01,51.69,47.35,38.9866666666667,180.0,48.84
460,04/23/2020,35.04,22.66,101.25,74.82,99.45,104.35,174.77,82.46,21.87,15.86,35.32,471.2,185.63,34.59,48.43,20.25,78.4,31.6,52.61,34.82,16.86,74.86,175.05,7.92,35.93,7.24,11.5583173996176,10.63,32.92,240.0,31.9,92.59,37.47,103.56,75.61,81.61,99.43,53.24,9.42,40.9,35.64,57.05,16.1,34.29,99.16,100.45,33.37,26.53,33.4333333333333,177.0,29.19
461,04/23/2021,53.37,47.34,155.79,137.94,125.05,249.14,230.89,144.33,39.18,29.42,47.6,813.17,271.98,50.48,87.22,44.93,109.36,70.45,135.68,102.84,38.34,103.08,339.35,14.9,68.33,26.51,31.0707456978967,20.77,55.21,327.73,62.79,127.67,80.95,153.12,109.53,100.76,178.04,98.5,20.63,86.3666666666667,67.14,81.11,40.68,57.62,178.56,157.84,57.23,43.86,54.24,232.89,54.27
462,04/24/2018,45.17,55.09,93.36,69.56,97.39,142.66,142.33,100.44,30.19,33.31,55.39,513.7,196.8,26.39,32.18,42.27,74.95,96.27,97.42,72.9,33.25,86.12,242.49,14.85,51.23,30.65,21.6984982920489,20.07,51.28,160.46,47.61,82.57,53.07,182.32,107.04,60.71,145.01,107.14,18.87,57.94,54.49,101.1,34.35,54.02,107.37,132.88,50.42,52.51,33.0311111111111,149.63,55.09
463,04/24/2019,48.89,45.74,92.85,82.06,96.41,144,178.29,114.02,30.02,35.67,48.15,480.17,210.57,31.46,39.93,35.81,87.69,77.24,87.79,77.02,28.28,86.35,200.54,13.74,51.24,21.54,18.135791064229,17.13,49.49,194.37,44.93,94.63,47.38,166.56,97.73,75.07,134.17,102.76,15.38,58.9866666666667,45.07,66.13,33.53,49.84,109.76,139.18,51.68,47.48,40.3133333333333,179.56,48.4
464,04/24/2020,36.29,23.35,104.65,75.28,101.44,107.48,175.54,83.17,22.18,15.92,35.76,475.14,186.52,34.76,48.43,20.6,78.53,32.13,56.15,36.23,17.12,76.07,177.0,8.16,36.04,7.8,11.6347992351816,10.9,32.4,245.2,33.3,93.29,37.97,105.06,77.39,82.87,100.73,55.78,9.79,41.0333333333333,35.4,57.41,16.97,35.48,100.34,100.82,34.0,26.92,33.4933333333333,177.22,29.46
465,04/24/2023,66.08,51.82,117.2,207.42,115.9,312.91,331.58,160.59,29.76,26.99,43.85,674.19,326.05,61.06,88.62,28.6,105.56,42.64,96.34,104.49,27.06,107.31,343.96,11.2,69.88,16.85,31.08,11.13,56.63,302.65,60.41,179.27,90.2,124.5,86.13,135.4,124.27,85.87,18.3,95.53,53.12,73.47,29.58,31.82,112.5,179.13,32.79,41.45,57.88,240.26,28.27
466,04/25/2018,45.41,55.4,93.39,69.38,97.49,141.44,141.97,98.78,30.14,33.58,55.4,512.22,196.8,26.83,31.66,42.52,74.82,96.07,92.76,71.86,33.54,86.47,239.23,15.06,51.83,30.74,21.8954318574058,20.23,51.54,162.54,47.83,82.61,52.04,182.52,106.83,60.3,145.7,106.77,19.02,57.88,54.6,100.89,33.29,53.79,111.0,132.22,50.79,53.11,33.8355555555556,149.35,55.26
467,04/25/2019,49.18,45.19,92.31,82.79,96.47,145.06,179.61,115.88,30.08,35.44,48.55,474.45,211.95,31.5,40.14,35.72,93.57,77.28,88.05,77.53,28.26,86.55,201.4,13.68,50.97,21.94,18.1268395385309,17.14,49.68,193.23,44.71,93.91,47.29,167.78,97.57,75.6,134.24,102.74,15.47,60.14,45.31,67.09,33.5,50.21,107.66,139.19,51.84,47.51,40.4133333333333,180.17,48.36
468,04/25/2022,62.4,59.68,187.16,178.89,131.82,280.96,321.44,184.1,37.29,26.63,44.37,668.28,336.95,68.45,112.52,41.68,136.08,83.79,136.46,112.64,38.8,102.03,321.42,13.9,71.4,20.79,31.2045889101338,20.63,64.68,325.51,69.08,171.7,85.05,174.0,105.76,110.56,172.5,113.99,21.6,103.97,70.31,70.95,38.29,50.84,137.19,174.44,50.84,45.83,67.9,241.06,61.09
469,04/25/2023,65.77,50.95,116.58,207.19,114.91,290.01,330.38,156.12,28.84,26.24,42.49,659.71,324.34,63.01,86.43,28.87,103.55,40.71,94.95,101.78,25.66,106.22,339.48,10.94,69.09,16.8,30.8,10.48,56.11,306.45,59.21,177.8,88.06,120.01,78.16,134.87,123.7,83.88,17.81,91.37,51.03,70.62,29.14,30.43,109.35,177.32,31.77,40.55,57.63,239.59,26.73
470,04/26/2018,45.68,55.54,93.41,70.23,97.53,142.18,143.5,100.23,30.07,33.78,55.44,522.72,197.03,27.42,31.51,41.98,71.44,95.7,91.66,72.37,33.62,86.77,240.09,15.03,52.2,29.85,21.7611589719352,20.29,51.7,164.68,48.17,82.66,52.2,182.46,107.43,60.63,145.73,107.19,18.81,59.8933333333333,55.65,100.59,33.3,53.32,112.3,132.95,50.78,52.44,33.5911111111111,149.95,55.07
471,04/26/2019,49.53,46.05,93.51,83.15,97.41,146.63,180.17,117.6,30.35,35.11,48.43,478.98,214.22,31.68,40.19,35.97,94.19,77.75,93.73,81.19,28.4,87,203.08,13.74,51.56,21.77,18.2790154753976,17.29,50.18,195.56,45.1,93.64,47.89,168.96,97.72,76.19,136.09,103.89,15.55,59.8333333333333,44.9,67.14,34.4,50.73,108.05,140.24,52.34,47.96,40.5133333333333,181.55,48.75
472,04/26/2021,53.37,47.53,155.17,135.83,125.3,247.5,229.52,150.34,39.41,29.83,48.11,818.32,270.86,49.8,87.09,45.74,109.02,71.01,138.29,106.19,38.78,102.47,343.52,15.2,68.69,26.53,31.3193116634799,21.27,55.23,325.28,62.79,127.2,81.52,155.65,109.16,99.86,180.24,98.53,21.11,86.6133333333333,67.77,81.3,41.47,57.72,178.82,155.73,57.79,44.14,53.6266666666667,231.3,54.61
473,04/26/2022,60.77,57.66,184.89,173.52,128.98,264.55,310.27,178.65,36.45,25.78,43.26,647.05,330.65,65.68,107.28,39.97,134.03,82.09,132.23,109.39,37.75,100.03,313.12,13.57,69.94,19.03,30.1051625239006,19.91,63.44,319.0,66.72,168.38,82.37,169.21,107.93,108.41,169.46,110.39,21.02,100.03,68.54,67.73,37.51,50.53,131.45,172.66,50.03,44.58,67.29,235.16,55.83
474,04/26/2023,65.39,50.81,116.55,205.44,114.06,292.51,327.36,155.72,28.44,26.17,41.79,650.67,320.53,62.82,85.31,29.16,101.8,40.62,94.42,101.18,25.58,105.31,336.56,10.83,68.47,16.94,30.28,10.56,55.7,304.92,58.92,176.27,88.44,120.63,76.48,133.84,127.85,83.7,17.72,92.2,50.6,69.82,29.14,30.6,108.45,176.61,31.52,39.46,57.36,237.77,26.39
475,04/27/2018,45.89,56.25,93.99,70.62,98.19,141.74,144.23,99.61,30.15,34.28,55.32,524.65,197.23,27.73,30.83,42.47,71.45,96.29,91.72,71.22,33.83,87.52,239.8,15.14,54.58,29.59,21.5194677780881,20.41,51.75,163.03,48.39,82.43,51.86,184.5,107.52,60.98,147.34,107.62,19.0,60.8733333333333,55.99,100.26,33.11,53.41,114.02,133.19,51.25,52.36,33.6977777777778,150.75,55.6
476,04/27/2020,37.27,24.18,108.37,77.38,103.09,112.45,172.93,85.06,23.47,16.84,36.94,496.65,187.46,35.74,51.39,22.43,82.03,34.51,59.19,37.44,18.35,82.23,183.54,8.91,38.03,7.95,12.2562141491396,11.61,32.56,254.56,34.42,94.7,39.31,110.32,79.91,82.96,105.49,59.26,10.48,43.8733333333333,36.84,61.29,17.62,37.47,106.5,102.89,35.88,28.41,35.2666666666667,175.99,30.79
477,04/27/2021,53.53,48.44,156.34,138.59,125.84,256.53,233.79,150.36,39.88,29.82,48.55,820.51,273.65,51.87,88.59,46.1,108.43,71.74,138.95,107.76,39.25,102.7,346.63,15.2,69.5,26.46,31.5200764818356,21.45,55.56,326.4,63.36,132.21,81.96,156.78,111.18,99.91,183.58,99.3,21.23,87.0866666666667,69.64,82.24,40.73,58.3,178.88,155.2,58.32,45.09,53.7133333333333,236.25,55.15
478,04/27/2022,60.82,59.12,186.02,175.4,128.37,266.21,311.22,177.63,36.25,25.64,42.35,643.02,329.58,64.71,107.47,39.71,135.01,82.5,124.35,107.01,38.19,100.55,313.23,13.5,69.99,18.7,30.2390057361377,19.86,64.11,319.49,66.9,168.42,82.21,171.25,107.76,106.95,170.43,110.79,21.27,100.42,68.58,66.86,36.82,50.53,131.06,173.55,49.64,44.58,68.15,232.94,56.01
479,04/27/2023,69.47,52.14,119.96,209.05,115.25,302.41,332.86,158.45,28.89,26.62,42.01,662.68,326.23,64.04,87.14,30.09,103.61,41.33,95.99,101.99,25.84,107.3,341.6,11.15,69.91,17.23,32.41,10.95,56.86,311.4,60.31,179.45,90.26,124.09,77.03,134.71,128.02,85.59,18.0,89.39,51.73,71.17,29.35,31.38,110.83,180.25,32.57,39.66,57.8,225.81,26.58
480,04/28/2020,37.79,25.28,109.58,77.22,101.84,113.48,172.33,88.19,23.89,17.4,37.4,497.77,187.12,35.6,51.4,22.29,71.81,35.2,63.75,40.06,18.58,83.07,187.01,9.14,39.34,8.51,13.0114722753346,11.83,34.11,252.03,35.18,93.26,40.13,111.79,80.13,81.14,105.99,60.65,10.69,45.4333333333333,37.08,62.75,18.74,37.52,113.89,104.29,36.65,28.87,36.0333333333333,174.93,31.33
481,04/28/2021,53.52,48.21,154.59,140.06,125.35,256.62,238.38,152.54,40.03,30.13,49.18,816.28,272.95,52.43,89.03,46.18,106.76,73.36,144.36,111.52,39.8,102.31,348.11,15.3,67.6,27.23,31.6156787762906,21.55,55.39,320.04,63.73,134.01,82.73,156.41,111.84,100.36,185.26,99.81,21.41,87.4466666666667,69.86,83.25,43.03,58.94,179.71,153.79,58.97,45.08,52.5933333333333,245.88,55.25
482,04/28/2022,59.26,60.04,186.22,179.33,130.34,272.91,318,181.98,36.81,25.95,43.46,650.97,331.27,65.77,108.29,40.3,136,84.66,129.38,115.98,38.96,101.79,318.41,13.58,71.27,19.3,30.3632887189293,20.03,64.58,326.6,67.77,171.71,83.4,171.31,107.33,110.42,171.08,112.12,21.34,104.04,69.12,68.84,38.07,50.25,129.36,174.5,50.04,45.17,68.75,228.9,57.99
483,04/28/2023,69.85,53.04,123.13,208.06,115.76,305.12,325.18,161.34,29.28,26.88,42.59,671.2,328.55,64.39,89.33,30.94,106.44,43.37,97.3,103.47,26.2,108.52,343.44,11.2,70.99,17.13,32.03,11.26,57.57,313.12,61.33,180.19,89.97,125.8,78.16,136.4,130.25,87.0,18.26,90.53,52.24,72.26,29.51,32.58,112.33,181.14,34.28,39.75,58.92,231.6,27.86
484,04/29/2019,49.72,46.99,94.35,82.95,97.76,147.72,178.57,116.76,30.77,34.18,49.38,479.84,216.58,31.55,40.51,36.39,94.99,78.79,92.38,81.44,28.75,87.71,206.92,13.93,51.77,21.89,18.4311914122643,17.54,50.93,194.7,45.72,93.3,48.46,170.64,98.57,77.11,137.01,105.3,15.68,61.06,45.9,68.4,34.41,51.3,107.28,141.46,53.0,48.27,40.4933333333333,181.52,49.42
485,04/29/2020,39.19,27.23,109.73,79.67,105.82,118.02,170.61,96.12,24.78,18.49,38.02,511.39,189.61,36.64,54.12,23.33,70.42,37.48,69.75,45.91,19.69,85.39,190.03,9.64,41.15,8.62,13.6902485659656,12.25,36.7,254.98,37.48,94.62,40.79,118.56,82.04,79.8,110.99,64.49,11.26,47.6466666666667,38.79,64.46,21.05,39.2,116.92,106.0,38.46,30.0,37.46,175.26,32.14
486,04/29/2021,54.22,48.94,156.49,140.75,127.87,260.84,239.27,154.63,41.11,30.6,50.08,827.32,277.6,52.81,89.5,47.03,111.5,75.42,149.23,114.37,40.71,103.43,352.97,15.5,66.65,27.63,31.6730401529637,22.06,56.15,329.95,64.43,135.98,83.64,160.22,114.41,101.95,189.17,101.2,21.95,88.0466666666667,71.71,83.48,44.44,59.93,181.82,155.7,60.03,46.24,53.0733333333333,248.13,56.36
487,04/29/2022,57.28,58.51,181.88,168.49,126.54,265.49,287.99,174.71,35.68,24.59,42.06,624.68,322.83,61.98,101.57,39.4,122.66,81.9,124.62,112.46,37.53,98.08,305.49,13.15,69.93,18.38,29.4072657743786,19.31,62.84,316.48,65.68,161.7,80.59,166.64,103.05,107.36,166.1,108.51,20.72,97.46,66.33,66.97,36.81,48.35,123.04,171.06,48.56,43.63,66.49,214.86,56.51
488,04/30/2018,45.57,56,92.82,69.99,97.82,140.21,142.47,98.75,29.92,33.64,54.51,521.5,193.73,27.23,30.95,41.49,70.34,94.58,90.62,71.25,33.17,86.74,238.33,14.91,53.84,28.97,21.5194677780881,19.92,52.46,162.2,47.67,81.5,51.62,182.27,106.75,60.29,145.61,106.32,18.7,59.8333333333333,55.68,99.78,33.17,52.8,113.82,131.6,50.45,51.96,33.1377777777778,148.51,54.75
489,04/30/2019,50.38,47.57,95,83.62,99.06,146.77,180.14,117.23,30.58,34.59,49.66,485.24,216.71,31.75,39.46,36.2,96.18,78.59,92.83,81.49,28.82,87.66,205.92,13.92,52.31,21.97,18.4132883608682,17.55,51.29,196.62,46.13,94.29,48.25,170.07,98.55,78.15,136.93,105.71,15.53,61.0466666666667,45.78,67.66,34.67,51.2,107.5,143.75,53.32,48.41,40.8666666666667,184.34,49.33
490,04/30/2020,37.24,25.43,106.24,78.5,101.72,114.94,172.67,91.25,24.05,18.84,37.54,502.04,187.36,35.91,52.24,22.39,65.8,34.86,64.76,42.97,18.69,82.34,183.42,9.24,37.99,8.62,13.1166347992352,11.65,34.66,243.9,36.08,97.33,39.43,112.08,79.16,77.3,106.67,62.37,10.75,43.9466666666667,37.72,63.04,19.79,37.32,115.63,101.21,36.5,29.05,36.0,178.29,31.61
491,04/30/2021,53.73,48.45,155.6,144.95,126.8,258.4,251.44,153.35,40.53,30,49.88,819.3,274.95,53.18,88.49,46.28,112.68,75.16,149.08,114,40.54,102.49,348.45,15.32,65.96,27.0,31.0803059273423,21.76,55.75,326.71,63.63,135.7,82.55,157.69,113.8,100.74,186.95,100.36,21.8,87.1866666666667,70.4,83.95,43.74,59.31,179.2,154.66,59.35,45.05,53.1466666666667,258.86,55.8
492,05/01/2018,45.4,56.31,91.84,69.91,98.2,139.05,142.86,98.58,29.95,33.03,54.19,517.97,195.11,27.22,31.1,40.95,71.18,94.85,89.67,70.52,33.36,86.68,236.67,14.81,53.9,28.44,21.5373708294842,19.91,52.44,164.16,47.3,81.49,51.81,182.78,105.91,60.5,145.34,106.11,18.75,59.9666666666667,55.61,98.4,33.08,53.07,111.25,131.09,50.72,52.56,33.32,148.55,55.05
493,05/01/2019,50.22,46.87,94.13,82.32,98,146.6,175.72,117.02,30.26,34.04,49.43,479.13,216.71,31.33,39.85,35.89,95.22,76.99,92.58,81.1,28.5,87.31,204.73,13.77,51.4,21.78,18.3237731038878,17.35,50.3,193.9,45.71,92.5,47.57,167.87,97.56,76.91,135.21,104.6,15.17,59.6666666666667,45.56,66.33,34.16,50.68,106.07,143.08,53.11,48.23,40.8533333333333,175.37,48.58
494,05/01/2020,36.62,23.9,102.32,77.51,99.74,111.26,178.21,88.32,23.08,18.03,36,484.16,182.67,35.06,50.42,21.42,60.95,32.83,61.58,41.37,17.77,79.99,177.1,8.57,35.69,7.99,12.5239005736138,11.07,31.62,241.84,34.68,97.1,38.4,107.2,75.47,76.18,102.97,59.54,10.17,42.12,36.45,59.08,18.51,35.44,110.44,96.05,34.94,27.59,34.3,183.34,30.9
495,05/01/2023,70.36,53.09,123.05,210.52,115.86,302.58,323.43,159.32,29.04,26.13,42.14,662.97,330.17,65.83,88.75,28.82,105.33,42.5,93.17,99.61,25.82,109.01,340.57,10.99,71.28,16.78,31.78,10.72,60.13,313.28,61.26,181.51,87.93,121.69,77.03,135.89,122.0,86.31,17.84,89.76,51.81,71.53,28.87,31.52,111.31,181.76,32.94,40.39,59.73,233.24,26.82
496,05/02/2018,45.05,54.84,89.64,68.64,94.06,132.99,139.79,97.63,29.58,32.53,53.99,514.79,193.31,26.91,30.94,41.01,69.71,94.3,89.18,70.5,32.75,84.87,234.05,14.66,52.29,28.14,21.7343043948411,19.76,51.09,162.71,45.05,79.82,51.7,179.59,104.56,58.98,143.61,101.23,18.55,59.0133333333333,55.65,97.74,32.93,52.86,110.6,128.32,49.86,52.19,32.8577777777778,146.59,55.19
497,05/02/2019,50.25,46.8,94.42,82.89,98.29,147.37,176.48,117.25,30.5,34.31,49.83,476.41,215.93,31.81,39.57,36.25,95.95,78.19,92.92,81.14,28.83,87.5,204.99,13.94,52.14,21.2,18.3058700524917,17.61,50.24,192.77,47.41,93.14,47.81,169.4,98.47,75.56,135.94,101.84,15.43,59.9533333333333,45.88,66.51,34.15,50.54,105.26,142.7,53.18,48.3,40.76,178.5,49.48
498,05/02/2022,57.3,59.06,180.84,165.85,127.73,268.81,282.12,171.62,36.14,25.33,42.7,624.8,318.19,60.08,105.8,39.4,120.75,82.31,126.64,113.28,37.74,98.1,310.42,13.26,70.1,18.8,30.4588910133843,19.47,61.57,301.13,66.14,157.93,81.96,168.23,104.45,110.33,167.54,108.41,21.06,98.43,67.89,68.58,37.33,48.94,125.28,170.09,48.85,43.67,66.19,211.48,57.01
499,05/02/2023,68.64,51.93,120.82,210.1,112.39,294.2,320.91,153.25,28.16,25.22,41.61,651.46,325.86,64.92,84.66,26.93,103.64,37.22,89.55,95.22,24.51,107.47,333.37,10.3,70.51,16.42,30.62,9.71,59.02,305.77,59.43,179.5,86.29,117.4,74.61,128.31,119.14,83.54,16.65,86.55,50.1,70.29,27.54,29.12,106.05,180.53,30.63,38.84,58.4,227.49,23.92
500,05/03/2018,44.45,51.94,88.62,68.56,94.05,131.49,140,97.14,29.2,32.35,53.85,511.67,191.61,27.08,31.06,40.41,69.35,92.98,87.92,69.6,32.28,84.09,233.41,14.46,51.79,27.96,21.4747101495979,19.37,50.44,163.12,44.66,80.63,51.08,179.59,103.98,59.27,145.02,97.6,18.42,58.3933333333333,55.0,96.4,32.13,52.45,109.44,127.31,49.98,51.54,32.8088888888889,147.46,54.45
501,05/03/2019,50.49,47.11,94.58,83.13,98.58,147.85,178.75,119.35,30.71,34.65,49.97,482.5,218.6,32.34,40.06,36.8,96.07,78.14,94.26,82.27,28.98,87.9,207.52,14.09,52.72,21.92,18.4849005664525,17.72,50.84,196.44,48.0,93.88,48.06,170.36,99.48,74.43,137.1,103.13,15.58,60.7266666666667,46.24,67.21,34.34,50.97,106.86,143.35,53.48,48.65,41.0,179.77,50.05
502,05/03/2021,54.52,49.05,157.79,145.06,128.13,257.85,252.46,154.8,40.56,30.26,50.23,825.62,279.18,53.1,88.48,46.84,114.9,74.95,149.92,114.64,40.47,103.33,350.16,15.34,66.05,27.42,31.2810707456979,22.0,57.04,329.32,64.22,135.3,82.46,157.5,114.79,102.56,188.12,101.44,21.8,87.92,70.94,84.68,43.68,59.19,182.69,156.59,59.29,45.48,53.6733333333333,260.99,55.84
503,05/03/2022,57.92,59.53,183.08,165.51,129.78,272.09,284.55,172.11,37.13,25.55,43.11,631.06,318.99,59.96,107.62,40.17,122.17,83.14,128.65,115.56,38.31,99.04,314.66,13.49,70.67,19.23,31.0611854684512,19.71,62.79,309.42,66.64,159.38,83.75,170.23,105.41,112.23,169.66,109.73,21.55,100.35,69.46,69.91,38.29,49.61,128.61,171.76,49.47,44.16,67.26,213.99,57.47
504,05/03/2023,67.36,51.35,132.03,209.13,111.5,288.83,320.34,152.21,27.86,25.14,40.79,642.41,323.22,64.7,83.03,26.22,104.44,35.58,88.03,95.78,23.96,106.22,328.65,10.07,69.34,16.46,30.33,9.53,58.42,300.23,58.71,177.88,84.75,114.81,73.2,125.05,116.65,81.36,16.31,84.34,48.03,68.92,27.71,28.13,105.76,179.15,29.8,38.65,58.1,226.15,22.66
505,05/04/2018,44.81,52.84,87.93,68.94,94.52,134.57,139.49,98.35,29.3,32.86,54.49,520.4,195.64,27.51,31.81,41.03,70.01,94.08,89.06,70.87,32.63,85.46,234.94,14.7,52.73,28.39,21.8864803317077,19.7,50.97,166.31,46.23,81.15,51.4,180.45,104.84,59.81,145.6,100.66,18.72,59.7,56.09,97.75,32.63,53.11,111.97,129.71,50.34,52.41,33.2622222222222,148.91,55.46
506,05/04/2020,35.75,24.07,100,80.14,100.34,113.06,177.68,86.38,22.93,18.33,35.54,481.51,177.95,35.57,49.45,21.2,60.15,32.15,61.59,41.37,17.64,78.56,176.03,8.43,35.39,8.09,12.6290630975143,10.7,31.76,245.39,34.18,98.74,38.09,104.4,74.96,75.85,101.61,58.88,10.16,41.68,35.63,58.4,18.43,35.56,109.49,96.91,34.47,27.35,34.2533333333333,183.54,30.67
507,05/04/2021,54.89,48.4,157.61,145.5,127.84,257.53,253.93,154.53,41,32.04,50.49,836.43,280.26,53.38,88.33,48.06,116.3,76.58,152.02,115.42,41.32,103.96,349.84,15.48,66.81,27.54,30.6022944550669,22.4,57.48,330.21,64.31,135.16,82.64,159.9,115.32,103.13,193.32,101.67,22.32,88.3466666666667,70.09,84.85,44.59,60.0,181.86,158.53,60.6,45.74,53.8266666666667,262.78,57.37
508,05/04/2022,59.68,63.94,186.87,170.37,133.68,283.52,292.1,177.82,38.62,26.8,44.8,665.23,326.8,61.51,111.6,41.49,127.34,85.89,134.3,120.58,39.49,102.09,324.11,13.9,73.26,19.95,31.8546845124283,20.28,64.85,317.41,68.31,163.44,87.22,176.09,108.87,115.84,173.72,111.57,22.05,103.23,71.36,72.76,40.14,50.76,134.76,175.45,50.53,45.98,69.01,220.15,59.48
509,05/04/2023,66.82,49.88,130.36,210.83,114.02,282.02,320.7,148.81,26.99,25.1,40.08,631.66,320,64.11,80.71,24.85,104.01,31.21,85.63,92.44,23.24,105.85,321.26,9.44,68.22,16.04,29.08,8.93,58.08,299.65,54.11,177.32,82.61,113.68,71.6,126.1,113.64,79.11,15.75,83.46,47.37,66.86,26.76,26.21,105.67,179.14,28.98,36.72,57.96,224.29,19.93
510,05/05/2020,35.92,25.06,102.09,83.13,102.15,110.73,182.93,86.74,22.66,17.96,35.14,485.49,176.03,36.56,50.66,21.18,59,31.57,60.96,41.1,17.37,77.54,178.3,8.28,35.16,7.86,12.791586998088,10.63,30.79,250.47,34.27,100.26,37.98,102.64,73.07,78.04,99.77,58.75,9.98,41.8466666666667,34.9,58.08,18.0,35.25,109.67,96.85,33.54,26.32,34.5,189.86,30.18
511,05/05/2021,55.38,48.87,159.4,147.46,127.45,261.25,254.36,156.39,41.39,33.67,51.45,851.01,282.76,53.16,88.07,48.69,117.68,77.63,153.6,116.27,41.55,105.23,357.62,15.55,66.7,27.7,31.3097514340344,22.72,57.28,328.67,65.41,137.66,84.51,160.74,117.42,103.8,194.61,104.19,22.49,89.9733333333333,70.98,86.21,44.79,60.6,185.33,159.29,60.39,45.94,53.5933333333333,263.18,58.22
512,05/05/2022,58.03,62.12,189.43,164.99,131.58,270.7,286.55,171.01,37.54,25.04,44.1,633.81,318.68,58.96,104.96,40.59,125.85,82.93,130.33,115.44,37.98,99.46,313.07,13.61,72.01,18.85,31.2332695984704,19.78,63.76,304.01,67.5,161.2,84.94,172.14,106.65,112.41,168.87,107.74,21.45,99.27,69.85,71.22,39.33,49.45,127.35,172.01,49.24,44.76,68.06,216.13,57.41
513,05/05/2023,67.59,53.79,130.94,213.82,115.73,291.18,328.4,152.65,27.71,25.54,41.17,644.48,323.88,65.31,82.16,26.44,105.24,36.44,88.01,95.96,24.92,108.29,327.02,9.85,69.73,16.57,30.31,9.83,58.62,304.64,54.66,179.36,84.88,118.58,73.03,129.52,116.18,82.05,16.54,86.2,49.24,68.5,27.34,28.69,107.47,182.3,30.74,37.94,58.65,227.82,23.76
514,05/06/2019,50.52,47.11,93.96,83.56,97.68,147.28,179.68,119.34,30.47,34.46,49.33,476.37,213.16,32.46,39.11,36.59,96.15,77.91,93.61,82.03,28.8,87.94,206.43,13.96,52.55,21.63,18.3148215781898,17.68,50.79,197.24,47.59,94.0,47.71,169.78,98.8,74.24,136.27,102.03,15.39,60.5466666666667,46.26,66.58,34.29,50.79,105.74,143.43,53.34,48.43,41.0133333333333,178.63,49.68
515,05/06/2020,34.28,23.31,97.92,80.45,101.48,107.28,177.24,84,22.35,17.74,34.5,483.4,172.38,35.64,51.19,20.54,53.12,31.33,58.49,39.14,16.78,74.19,176.92,8.23,33.53,7.62,12.189292543021,10.36,29.68,241.49,32.97,98.88,37.3,100.12,72.07,76.19,98.5,54.12,9.65,41.6733333333333,34.57,56.33,17.3,34.31,108.2,93.29,33.21,25.61,33.32,183.64,29.88
516,05/06/2021,56.18,50.17,161.88,148.84,132.62,263.6,256.63,156.88,42.01,33.98,51.89,867.1,289.71,53.55,88.33,49.15,119.72,78.06,156.44,117.73,41.92,106.28,365.97,15.72,66.89,28.25,32.1414913957935,22.89,58.18,329.6,66.95,137.77,86.83,162.54,118.8,104.2,198.18,105.61,22.68,90.9666666666667,71.52,87.33,44.9,61.05,188.44,160.5,61.44,46.63,53.9133333333333,266.51,59.18
517,05/06/2022,58.23,62.23,188.58,164.48,130.56,266.6,286.29,167.15,37.45,25.01,43.76,628.62,318.88,58.24,101.49,40.01,126.46,81.42,127.04,111.01,37.51,100.03,312.96,13.35,72.11,18.46,30.678776290631,19.54,64.44,300.44,67.54,161.77,84.23,170.48,105.35,109.46,166.62,106.68,21.12,97.22,67.42,70.13,38.05,49.06,125.83,171.64,49.29,44.55,68.78,212.5,55.91
518,05/07/2018,44.59,53.28,87.29,69.02,95.06,134.1,140.37,98.58,29.64,33.49,55.59,523.6,197.06,27.53,31.88,41.07,69.8,94.05,88.92,71.84,32.82,85.44,237.2,14.73,52.63,28.47,22.0565593199705,19.73,51.2,167.39,46.95,81.26,52.39,180.92,105.36,60.7,145.9,100.5,18.75,60.8,56.97,98.5,32.72,53.73,113.47,128.99,50.36,52.66,33.4,151.32,55.51
519,05/07/2019,50.11,50.3,96.18,82.26,95.66,144.27,176.79,118.22,29.92,33.59,48.14,463.77,209.43,32.04,38.85,35.9,95.01,76.49,91.6,80.47,28.08,86.56,202.63,13.65,52.3,21.32,17.8224876647976,17.35,50.16,192.64,47.29,93.27,46.71,167.55,97.48,72.79,132.95,100.87,15.11,58.6933333333333,45.68,64.99,34.0,49.82,103.3,141.71,52.56,47.17,40.64,174.41,48.71
520,05/07/2020,35.87,25.52,98.59,85.38,100.85,121.73,184.83,86.73,22.84,18.14,34.85,497.39,173.48,37.13,52.79,21.25,55.01,32.37,60.82,40.48,17.33,75.73,182.32,8.25,34.91,7.67,12.810707456979,10.76,30.34,247.69,34.44,101.65,38.81,101.62,73.94,74.93,101.29,56.72,9.85,42.9533333333333,35.17,58.24,17.99,35.24,111.34,95.8,34.2,25.23,34.0866666666667,193.15,29.57
521,05/07/2021,56.11,51.19,160.71,151.16,132.26,265.65,258.52,158.98,42.18,34.1,51.82,873.83,290.93,53.69,90.04,49.44,120.35,78.58,157.71,119.46,42.35,105.99,370.89,15.8,66.65,28.38,32.3709369024857,23.07,58.44,334.5,67.16,137.97,87.7,163.15,119.28,105.18,198.91,105.95,22.89,91.0933333333333,71.75,87.23,45.9,61.57,189.23,160.81,61.37,46.54,54.3,270.07,59.27
522,05/08/2018,44.82,53.08,86.51,68.71,95.71,134.31,140.91,99.74,29.93,33.31,56.08,519.93,196.24,27.4,31.64,41.32,70.18,95.77,90.18,72.87,33.1,85.04,237.0,14.86,52.56,28.14,21.8775288060097,19.79,51.23,167.89,46.55,81.16,53.38,181.06,105.45,61.16,147.53,100.1,18.97,60.8333333333333,57.3,99.3,33.08,54.22,114.17,128.66,50.33,53.19,33.48,153.34,55.95
523,05/08/2019,50.24,49.96,96.21,82.69,95.32,143.03,177.42,117.49,29.8,33.87,48.05,465.47,209.29,31.95,39.09,35.67,95.16,75.87,90.22,79.06,27.74,86.87,200.95,13.54,52.51,21.25,17.7598269849113,17.18,50.41,192.02,47.28,93.65,46.53,167.19,96.86,73.52,131.99,100.8,14.95,58.56,45.58,64.49,33.82,49.33,102.99,141.53,52.22,47.0,40.42,175.51,48.19
524,05/08/2020,36.26,27.65,98.8,86.4,100.79,125.61,189.76,89.5,23.57,19.2,35.34,498.78,176.83,37.6,52.87,22.2,55.73,33.89,62.2,42.72,18.1,77.75,185.39,8.65,36.35,7.98,13.4799235181644,11.28,31.02,251.75,35.22,103.98,40.08,104.87,75.99,74.27,105.03,58.98,10.32,44.5533333333333,36.51,60.22,18.62,36.24,114.06,97.34,34.75,25.43,34.4866666666667,197.35,30.72
525,05/08/2023,67.64,53.75,131.65,215.32,116.12,293.69,332.53,153.04,27.69,25.36,41.5,643.14,326.14,65.75,81.17,25.76,106,36.15,89.07,96.84,24.41,108.29,326.51,9.75,70.44,16.29,30.23,9.68,58.81,305.94,53.69,180.2,84.43,116.23,73.02,134.09,116.99,82.57,16.4,86.14,47.63,69.07,27.4,28.75,106.34,182.57,29.74,38.38,58.71,229.2,24.26
526,05/09/2018,44.75,52.82,86.39,68.66,96.41,134.24,141.29,100.5,30.72,32.66,56.86,531.35,199.87,27.42,31.95,42.17,71.21,97.32,92.11,74.12,33.67,85.02,241.73,15.09,52.67,27.98,22.0565593199705,20.06,51.61,170.55,46.59,81.25,54.14,184.11,106.23,61.79,150.29,100.13,19.22,61.62,58.73,101.11,33.73,54.92,116.66,129.75,50.83,53.76,33.4533333333333,152.21,57.28
527,05/09/2019,50.49,50.83,95.62,82.22,94.39,142.83,176.51,117.26,29.71,33.73,47.78,464.22,208.56,31.67,39.49,35.82,95.09,76.22,90.2,79,27.83,87.14,201.63,13.58,52.51,20.81,17.5539418938564,17.29,50.53,188.88,47.48,93.94,46.45,166.11,96.97,72.85,131.94,100.83,14.93,58.1733333333333,45.82,64.54,34.4,49.5,102.84,141.83,52.12,46.74,40.4266666666667,175.0,48.24
528,05/09/2022,57.56,59.61,180.97,160.19,128.96,259.64,275.09,161.02,36.37,24.84,43.21,605.56,312.96,56.58,96.66,39.42,125.02,78.74,123.22,107.27,36.8,98.54,308.89,13.16,70.8,17.71,30.6118546845124,19.18,63.08,285.63,65.64,157.05,81.15,168.03,104.75,108.75,163.67,105.11,20.57,93.63,64.13,69.25,37.03,48.57,122.44,171.92,49.44,43.96,67.23,207.77,55.16
529,05/09/2023,67.42,53.1,130.57,216.08,118.42,293.49,334.92,153.38,27.66,25.12,41.54,635.57,324.87,65.57,81.63,26.05,105.52,36.29,89.01,96.69,24.67,108.67,324.77,9.8,70.45,16.19,30.2,9.72,58.62,305.93,52.79,179.38,84.37,116.73,72.14,135.7,115.7,81.5,16.3,86.35,47.94,68.98,27.46,28.6,105.16,183.75,29.91,38.54,58.95,228.87,24.42
530,05/10/2018,45.35,52.75,87.56,69.26,96.1,135.51,144.24,101.38,30.89,33.2,57.27,536.26,201.2,27.49,31.88,42.36,71.89,97.91,92.67,74.88,33.94,85.38,243.44,15.14,52.81,28.14,22.1908322054411,20.28,51.86,173.78,46.89,81.77,55.04,185.73,107.9,62.37,150.84,100.84,19.33,62.08,59.0,101.78,33.9,55.04,117.59,130.88,51.17,54.65,33.8355555555556,155.62,57.78
531,05/10/2019,51.27,51.64,97.2,83.47,96.38,144.56,179.1,118.46,29.58,34.13,48.1,463,209.02,32.19,39.81,36.05,96.41,76.72,90.39,79.46,28.03,88.24,202.05,13.66,53.01,21.34,17.912002921778,17.3,51.37,188.99,47.92,96.12,46.34,167.39,97.56,73.43,132.44,101.27,15.05,58.34,45.85,64.81,35.01,49.86,105.59,143.96,52.17,47.15,40.98,176.65,48.44
532,05/10/2021,56.53,51.92,159.96,150.79,134.49,264.1,258.45,158.68,42.05,34.68,52.27,857.45,292.33,53.37,88.61,49.35,120.7,77.79,157.38,118.74,42.24,105.86,368.68,15.76,65.89,28.22,31.8355640535373,22.96,58.43,333.62,66.47,137.79,86.47,162.87,120.18,105.74,198.56,106.72,22.65,90.0333333333333,71.1,87.83,46.02,60.89,190.21,161.67,61.17,46.6,53.92,268.88,58.92
533,05/10/2022,57.34,58.69,181.8,158.25,129.59,259.39,279.18,161.83,35.76,24.53,42.96,610.23,312.53,57.55,99.02,39.04,125,77.66,121.03,105.21,36.58,97.35,305.06,13.1,70.02,17.67,30.057361376673,18.92,62.73,285.04,64.81,157.96,80.26,165.83,103.75,108.27,161.84,104.25,20.19,93.74,64.58,67.71,36.16,47.46,122.9,172.99,49.36,43.08,66.35,206.35,53.89
534,05/10/2023,66.72,52.61,129.21,217.32,117.67,290.86,333.76,148.68,27.32,25,41.02,629.18,322.99,65.59,82.58,25.4,104.5,35.04,87.04,95.35,24.24,107.79,322.55,9.58,69.88,15.93,30.02,9.32,58.49,310.58,51.82,180.52,83.72,114.86,71.41,134.38,113.97,80.35,16.09,85.6,47.55,68.5,27.12,27.9,105.85,183.16,29.45,38.28,58.99,228.07,23.75
535,05/11/2018,45.23,52.85,87.57,68.74,96.38,137.07,144.09,101.42,30.92,33.26,57.18,540.43,199.3,27.45,31.47,42.4,71.88,97.9,92.63,75.37,33.98,85.52,242.92,15.13,52.56,28.2,21.9849471143862,20.26,51.69,174.05,46.77,81.57,55.2,185.64,108.92,62.43,150.97,99.88,19.32,62.5066666666667,59.46,102.01,34.11,55.06,118.22,131.25,51.5,54.45,34.1822222222222,155.37,57.81
536,05/11/2020,35.41,27.55,98.4,86.86,101.84,123.87,192.01,85.33,22.58,19.57,34.45,493.11,174.64,37.95,53.16,21.08,53.85,32.18,59.5,40.46,17.19,75.11,183.16,8.23,34.93,7.82,13.2122370936902,10.7,30.01,253.06,33.97,104.09,39.83,99.34,74.77,73.17,102.12,57.05,9.81,44.4066666666667,35.84,58.76,17.73,34.42,112.67,95.51,33.35,24.78,33.9866666666667,200.0,29.21
537,05/11/2021,55.22,50.38,156.17,148.46,134.13,258.15,254.12,154.43,41.57,33.79,51.58,844.1,285.63,51.98,87.83,48.99,118.15,77.08,154.76,114.39,41.63,103.91,359.92,15.66,63.99,27.26,31.0803059273423,22.75,57.71,328.75,64.73,134.77,84.92,162.0,118.4,105.08,194.04,104.91,22.44,88.84,70.63,86.1,45.21,60.49,184.77,156.69,60.15,45.72,52.7266666666667,264.25,58.54
538,05/11/2022,56.88,58.61,180.52,157.78,128.55,256.41,275.05,159.39,35.57,23.88,42.43,600.35,311.54,56.09,96.7,38.03,125.15,76,119.59,104.63,35.86,97.16,301.55,12.78,69.8,17.04,29.2065009560229,18.58,62.38,282.18,64.12,156.31,78.89,164.55,101.89,107.87,159.83,103.05,20.02,92.95,65.12,66.31,35.33,46.85,114.78,172.38,48.46,42.57,66.66,201.64,53.45
539,05/11/2023,66.67,52.81,129.32,216.81,118.33,290.58,335.22,147.99,27.39,24.52,40.68,642.02,322.64,65.66,83.28,24.8,103.95,32.67,87.42,95.83,23.66,107.83,320.72,9.28,69.87,15.4,29.86,9.09,58.4,308.95,51.23,180.37,82.63,113.25,70.52,133.94,112.7,80.51,15.52,85.04,47.73,67.73,27.41,26.83,106.05,182.81,28.92,38.33,58.88,228.34,22.68
540,05/12/2020,33.65,26.55,93.1,87.03,97.55,121.15,193.22,83.14,21.87,18.01,32.99,454.44,172.81,37.51,52.47,20.13,51.45,30.46,58.1,39.2,16.29,71.61,177.21,7.86,34.15,7.24,12.6577437858509,10.17,29.6,250.49,32.37,104.3,38.42,95.31,72.85,72.19,100.0,54.26,9.32,42.1466666666667,34.32,56.33,16.98,33.06,112.75,93.96,31.65,24.04,32.9266666666667,200.79,27.83
541,05/12/2021,54.45,50.08,156.33,143.86,132.75,250.84,249.72,152.3,41.18,32.7,51.03,823.5,282.91,50.9,84.3,48,116.96,76.24,152.97,112.36,40.94,102.12,354.4,15.22,63.38,26.37,29.8183556405354,22.28,56.66,319.73,63.42,132.79,83.68,158.12,116.35,104.76,190.41,103.2,21.89,86.24,69.12,84.87,44.13,59.61,184.56,153.75,59.56,45.64,51.86,261.18,57.15
542,05/12/2022,56.11,58.41,179.35,157.48,127.55,250.97,275.74,153.27,35.07,24.52,42.81,600.4,308.06,56.06,99.42,37.79,124.82,76.04,114.15,101.35,35.78,95.15,299.41,12.88,69.1,17.28,28.8336520076482,18.53,61.94,285.59,62.91,155.97,78.59,165.73,102.57,108.8,159.3,100.16,19.82,92.0,64.95,67.62,33.03,46.47,119.24,173.37,48.59,41.81,66.35,201.36,53.48
543,05/12/2023,66.11,52.49,129.58,218.62,118.26,293.33,336.17,147.93,27.09,24.49,40.15,645.1,322.49,65.68,82.86,24.8,103.57,31.97,86.34,95.23,23.62,107.1,319.5,9.28,69.52,15.22,29.61,8.99,58.51,309.71,50.22,181.22,82.39,111.43,69.93,133.43,111.58,78.94,15.74,84.41,48.94,66.54,27.08,27.3,105.31,182.09,29.13,37.49,58.92,229.3,22.43
544,05/13/2019,50.47,50.72,94.67,81.95,94.08,139.38,176.23,115.9,28.25,32.72,47.15,442.78,205.01,31.4,38.8,34.52,95.22,73.42,87.54,76.62,27.08,86.3,194.97,13.06,51.96,19.82,16.9004805178995,16.53,50.17,183.51,46.73,94.7,44.18,161.67,93.95,72.54,128.45,96.14,14.34,55.6,43.81,63.18,33.99,48.23,101.13,143.41,50.81,46.33,40.6666666666667,173.7,46.03
545,05/13/2020,31.99,24.96,87.76,85.83,92.08,117.37,190.23,78.03,20.87,17.33,32.49,485.8,170.57,36.73,50.12,19.33,48.54,29.23,53.97,36.39,15.7,66.55,171.8,7.39,32.07,6.77,11.8546845124283,9.66,28.8,247.72,30.77,105.1,36.99,89.48,70.25,72.76,96.79,51.35,8.92,39.58,33.15,53.27,15.87,31.63,107.94,89.86,29.45,22.53,31.2933333333333,197.17,26.31
546,05/13/2021,55.5,50.85,159.3,145.86,137.52,253.92,252,154.08,41.84,34.08,51.69,838.99,286.9,52.15,85.41,49.48,120.04,78.14,156.29,114.73,41.98,105.1,358.81,15.54,64.82,27.13,30.1434034416826,22.99,58.15,328.84,64.55,134.59,84.86,164.68,119.06,106.05,196.01,105.8,22.56,87.9,70.43,85.71,45.27,60.57,188.81,157.76,61.1,46.4,52.9466666666667,263.14,59.08
547,05/13/2022,56.28,58.56,181.62,162.02,128.19,261.61,280.6,158.75,35.17,25.09,43.46,615.33,310.36,57.9,107.82,37.94,126.23,76.26,116.46,104.9,35.97,96.18,306.99,13.05,69.55,17.84,29.34034416826,18.62,63.15,288.96,63.42,159.95,80.54,166.58,104.15,107.82,157.44,101.19,19.88,94.99,65.61,69.21,33.55,46.31,121.96,172.78,48.6,42.64,67.33,205.83,53.56
548,05/14/2018,45.24,52.92,87.27,67.55,95.46,138.96,143.23,101.29,31.12,33.7,57.3,539.76,199.18,27.24,31.18,42.34,70.56,98.02,93.19,75.45,34.03,84.75,243.91,15.11,52.46,28.55,21.9938986400842,20.16,51.26,172.0,46.96,81.12,55.22,184.31,108.64,61.72,150.35,99.87,19.2,62.5266666666667,58.93,102.31,33.94,55.0,118.01,130.0,51.18,54.48,33.8266666666667,154.42,57.61
549,05/14/2019,51.13,51.48,95.77,82.48,94.74,142.52,178.05,117.01,28.62,33.42,47.01,445.86,203.69,31.36,39.39,34.91,95.74,74.61,89.26,77.64,27.38,87.31,196.28,13.26,52.72,20.38,16.9273350949936,16.92,50.97,186.74,47.5,94.9,44.01,162.69,94.91,73.64,129.76,98.58,14.54,56.46,44.34,62.78,34.77,48.04,103.2,145.71,51.05,46.49,40.8733333333333,175.38,46.44
550,05/14/2020,32.76,25.76,89.05,86.49,93.92,122.6,193.93,83.81,21.71,18.03,32.44,498.2,170.93,36.91,50.6,20.15,50.48,31.56,59.16,39.23,16.33,67.37,174.45,7.71,33.3,6.99,12.2562141491396,9.92,29.09,253.87,31.83,106.1,37.81,92.38,72.26,73.74,97.84,53.38,9.34,41.3466666666667,33.4,54.7,17.07,32.06,112.57,90.22,31.17,24.06,31.6,201.66,27.54
551,05/14/2021,56.46,51.9,161.23,147.3,139.26,258.34,254.24,157.15,42.36,34.54,51.78,856.87,290.68,52.51,87.48,50.47,120.96,79.43,158.11,116.82,42.64,106.43,368.77,15.85,66.07,27.96,30.9847036328872,23.39,58.93,334.04,65.9,134.56,87.35,166.82,120.17,107.1,199.38,107.68,23.25,89.4466666666667,73.25,86.75,46.8,61.64,191.07,160.51,61.91,46.96,53.66,264.85,60.2
552,05/15/2018,45.1,53.23,89.71,66.86,95.86,138.16,140.77,100.74,31.22,33.56,56.89,533.21,197.36,27.23,31.1,42.72,70.89,98.4,94.65,76.31,34.31,84.89,241.56,15.15,52.73,28.41,21.2956796356371,20.47,51.34,170.89,47.48,80.73,54.85,184.39,107.91,61.91,150.79,100.54,19.39,62.6333333333333,58.82,101.21,34.21,55.49,117.14,129.86,51.12,54.75,33.8666666666667,153.95,57.83
553,05/15/2019,51.31,51.85,95.65,82.71,95.49,142.25,178.88,117.66,28.29,33.34,46.51,444.36,202.98,31.72,39.58,34.21,96.42,72.93,89.38,77.23,27,86.75,196.4,12.97,52.94,20.59,16.9362866206916,16.57,51.22,186.65,47.17,94.73,43.9,161.31,94.24,77.5,128.68,98.23,14.32,55.5466666666667,42.74,61.81,34.86,47.59,103.96,146.52,50.79,45.84,41.0466666666667,175.54,45.13
554,05/15/2020,32.99,26.47,91.11,87.23,95.38,121.98,191.67,82.22,21.44,17.76,32.06,513.73,169.25,37,51.07,19.92,49.25,30.04,58.03,38,16.12,68.76,171.87,7.51,33.25,6.7,11.9407265774379,9.72,29.81,251.31,31.72,104.47,37.29,89.12,71.13,76.21,97.25,52.93,9.19,40.6933333333333,32.56,54.41,16.54,31.35,113.51,90.31,30.68,23.36,31.82,200.48,27.02
555,05/15/2023,66.09,52.54,130.66,217.83,117.93,298.87,334.44,150,27.65,24.51,40.7,644.75,323.53,65.87,83.13,25.77,104.01,34.3,89.12,97.04,24.22,107.58,322.07,9.56,70.21,15.21,30.15,9.59,58.38,311.08,50.48,181.59,82.95,114.89,70.84,132.0,113.67,79.4,16.16,86.62,50.94,68.0,27.97,27.87,106.29,182.81,29.65,38.77,59.02,229.75,24.33
556,05/16/2018,45.41,53.71,93.94,66.62,95.62,139.91,139.99,100.59,31.06,33.65,57.06,533.9,197.83,27.3,31.29,42.54,70.76,99.02,95.75,77.43,34.35,85.3,240.96,15.1,52.86,28.51,21.0360853903939,20.35,51.3,172.24,47.89,80.62,54.97,184.26,108.19,61.61,149.95,101.17,19.3,64.2733333333333,58.88,101.1,34.59,55.31,120.75,130.15,50.99,55.04,33.9777777777778,153.24,57.76
557,05/16/2019,51.93,52.23,96.21,83.79,95.87,144.97,181.7,119.84,28.59,33.58,46.54,447.24,204.63,32,40.4,34.76,97.15,74.09,90.98,78.12,27.24,87.39,199.14,13.17,53.6,20.68,16.9004805178995,16.77,51.92,189.27,47.64,95.71,44.28,163.9,94.78,77.85,131.1,99.41,14.52,56.1,43.74,61.62,35.24,48.19,105.31,147.41,51.5,45.9,41.4,178.06,45.57
558,05/16/2022,56.19,58.64,180.48,161.14,127.25,260.56,277.82,156.43,34.81,24.93,43.24,598.6,309.29,57.46,104.7,37.99,126.11,75.37,113.97,103,35.69,96.27,303.44,12.91,69.26,17.69,29.244741873805,18.53,63.1,287.76,63.62,159.03,79.9,163.87,103.38,109.75,155.27,101.03,19.72,94.15,64.04,68.31,33.16,46.12,121.09,174.5,48.27,42.21,67.63,204.25,52.93
559,05/16/2023,65.16,52.31,129.47,217.01,116.81,294.42,330.94,148.41,27.36,24.02,39.67,633.83,323.75,65.71,80.4,25.05,101.82,33.91,90.95,96.31,23.78,106.29,320.81,9.48,69.54,14.98,29.5,9.37,57.83,307.43,49.12,180.08,81.86,112.95,69.65,129.76,111.59,78.04,15.88,85.73,50.09,66.66,27.88,27.17,104.1,181.51,28.68,38.39,58.26,227.39,23.76
560,05/17/2018,45.53,54.79,94.29,66.94,95,141.45,140.94,101.22,30.81,34.04,57.28,535.58,197.49,27.52,31.45,42.5,70.89,99.37,96.74,77.83,34.31,85.67,239.1,15.35,53.27,28.65,20.9823762362057,20.64,51.45,171.54,48.18,81.0,54.87,184.25,108.66,60.36,150.65,102.61,19.32,65.7733333333333,59.32,101.24,34.93,55.43,120.63,130.72,51.15,54.22,34.0933333333333,154.14,58.3
561,05/17/2019,52.18,52.37,94.74,83.35,95.64,143.79,180.54,119.07,28.4,33.22,46.08,441.56,203.27,31.69,40.65,34.76,97.73,73.51,90.54,77.29,27.28,87.39,197.43,13.22,53.58,20.44,16.5871771184681,16.75,51.78,185.93,47.33,95.79,43.88,163.78,93.42,77.72,130.22,98.81,14.4,56.0,43.21,60.39,34.91,47.88,104.38,147.49,51.56,45.7,41.1866666666667,176.0,45.1
562,05/17/2021,56.42,51.57,161.66,146.5,139.02,257.15,255.2,156.86,42.74,34.6,52.09,849.46,289.22,52.23,87.78,50.74,120.2,79.65,159.9,118.13,42.9,105.79,369.25,15.93,66.15,27.76,30.8317399617591,23.52,58.45,329.69,65.7,134.49,88.09,167.27,120.62,106.56,199.03,107.96,23.4,89.28,73.0,86.38,46.91,62.02,191.47,160.25,62.21,47.9,52.94,266.0,60.27
563,05/17/2022,57.24,60.28,184.44,164.17,129.21,269.05,279.03,161.85,35.99,25.84,44.59,611.72,314.6,58.28,107.73,39.41,126.97,78.46,120.41,107.95,37.18,98.28,312.97,13.47,70.98,18.64,30.755258126195,19.22,64.8,292.86,64.99,159.33,82.93,170.74,105.71,111.19,160.43,103.96,20.64,96.92,65.2,69.66,35.4,47.89,125.67,177.39,49.65,43.71,69.08,207.21,54.9
564,05/17/2023,66.19,53.74,130.08,215.03,119,301.14,322.23,152.09,28.57,24.46,40.66,650.64,327.39,65.36,83.72,26.38,102.69,38.09,94.69,98.59,25.27,107.93,330.18,10.04,70.29,15.21,30.39,10.18,58.24,309.48,51.7,178.1,83.91,119.98,72.11,136.6,119.25,81.08,16.86,87.32,51.82,68.46,28.76,28.92,105.44,181.68,30.45,40.46,57.43,226.84,26.17
565,05/18/2018,45.39,55.15,95.92,67.53,94.92,141.01,141.3,100.99,30.26,34.11,56.96,538.49,196.06,27.61,31.29,41.56,70.73,98.36,96.43,77.23,33.56,85.64,237.0,15.12,53.43,28.63,20.6780243624723,20.25,51.31,172.52,47.78,81.17,53.92,181.83,107.82,60.93,148.76,102.43,19.13,66.0333333333333,59.14,99.32,35.44,54.91,120.59,129.85,50.55,53.7,34.0133333333333,154.31,57.77
566,05/18/2020,34.75,28.45,98.29,90.3,99.04,131.93,196.84,88.41,22.93,18.34,33.73,516.43,175.46,38.56,53.57,21.58,53.17,33.65,63.4,41.06,17.87,73.94,181.88,8.26,35.25,7.29,12.8585086042065,10.71,31.65,259.81,33.42,107.0,40.28,96.55,75.94,76.62,104.06,57.12,10.03,43.3066666666667,34.21,58.46,17.96,34.15,117.22,95.3,32.96,25.41,34.6133333333333,204.74,30.24
567,05/18/2021,55.91,51.11,158.73,147.06,137.13,252.78,254.21,154.99,42.16,33.6,50.75,840.14,287.59,52.06,88.09,49.64,119.24,77.83,156.91,115.23,42.01,105.18,364.56,15.72,65.43,27.25,30.3441682600382,23.06,58.14,323.81,65.39,133.79,86.97,164.24,117.38,105.98,193.91,106.59,22.88,88.06,70.9,84.64,45.85,61.19,188.62,157.29,60.85,46.86,52.4333333333333,263.67,58.25
568,05/18/2022,56.32,58.3,186.85,156.71,128.01,259.92,269.49,156.1,34.88,25.23,43.29,591.86,306.64,55.26,103.54,38,124.81,75.24,114.39,105.1,36.05,95.81,306.73,13.19,68.76,17.98,29.5793499043977,18.51,63.46,280.6,63.32,152.45,80.69,165.7,102.82,111.9,155.93,101.59,19.93,91.99,63.27,66.97,33.08,46.36,121.31,174.32,49.1,42.11,67.91,202.92,53.0
569,05/18/2023,66.91,54.31,131.79,214.5,118.89,303.7,324.23,153.48,28.47,24.67,41.08,669.33,329.76,66.27,83.21,26.34,105.73,38.79,99.23,100.61,25.17,108.89,329.58,10.23,71.38,15.33,30.45,10.05,58.87,314.15,51.88,179.37,84.49,122.55,72.89,136.11,120.15,82.39,16.99,89.08,51.75,69.06,30.0,29.84,107.69,183.34,30.49,40.21,57.54,227.5,27.24
570,05/19/2020,33.63,27.63,97.98,90.22,97.27,128.54,195.54,87.26,22.21,17.93,33.52,501.2,172.49,38.39,52.86,20.67,52.09,32.14,60.25,39.75,17.03,70.75,177.83,7.88,34.34,7.24,12.4952198852772,10.21,31.06,253.92,32.39,105.53,39.33,91.54,73.37,75.87,101.13,54.98,9.64,41.9066666666667,32.99,56.74,17.63,32.34,114.19,93.27,31.99,23.95,34.2133333333333,202.99,29.22
571,05/19/2021,55.76,50.67,157.08,145.39,135.69,252.26,252.23,154.73,41.97,33.46,50.86,838.52,286.22,52.02,87.56,48.95,119.63,77.1,157.15,114.67,41.69,105.04,358.38,15.63,65.93,26.8,30.0669216061185,22.9,58.21,323.9,64.83,134.24,86.05,162.2,117.34,101.0,192.89,106.45,22.67,88.22,71.21,84.09,45.87,60.38,187.83,157.0,60.07,46.17,52.5066666666667,261.86,57.42
572,05/19/2022,55.6,57.9,180.44,155.25,125.79,253.92,266.66,154,34.45,25.11,43.32,593.08,304.15,54.71,104.58,37.7,122.67,72.8,113.33,104.08,35.65,93.88,308.2,13.11,67.44,18.02,29.2543021032505,18.36,62.94,282.76,62.39,151.87,79.96,162.89,102.0,110.42,154.75,99.58,20.02,91.54,62.66,65.96,32.56,46.12,120.13,169.3,49.24,42.0,66.29,200.31,52.06
573,05/19/2023,66.88,53.85,128.98,216.07,117.78,303.87,327.12,152.95,28.11,24.49,40.89,666.7,330.39,66.36,83.08,26.18,104.96,38.34,97.93,100.74,25.1,108.28,326.15,10.17,71.23,15.24,30.39,9.82,58.8,315.03,51.58,180.54,82.24,121.61,72.2,135.06,118.48,82.04,16.86,90.23,51.67,68.0,30.02,29.7,106.61,183.72,30.11,40.03,57.65,229.67,26.77
574,05/20/2019,52.16,52.43,96.08,83.29,95.94,145.88,178.53,119.84,28.4,33.33,45.97,438.09,202.73,31.49,40.61,34.85,98.09,73.69,91.38,77.82,27.37,88.3,197.24,13.32,53.14,20.65,16.5871771184681,16.87,51.94,184.77,47.52,95.9,43.87,165.57,93.5,78.3,131.34,99.31,14.47,56.36,43.55,59.85,35.0,48.34,104.13,148.17,51.72,45.45,41.26,176.37,44.9
575,05/20/2020,34.8,28.04,100.93,90.69,96.99,131.63,195.27,90.73,22.91,18.2,34.84,508.74,176.02,38.35,54.26,21.67,53.56,33.25,61.48,41.01,17.7,72.6,181.44,8.21,35.01,7.37,12.7246653919694,10.74,32.19,256.27,33.16,103.98,41.06,96.12,74.76,74.89,104.4,56.56,10.05,43.8733333333333,33.69,58.38,18.11,33.77,114.84,95.54,33.06,24.52,35.6066666666667,202.63,31.12
576,05/20/2021,55.65,50.53,156.95,146.64,136.09,252.74,254.65,155.53,41.87,33.22,50.61,844.88,286.73,52.26,89.15,48.6,121.17,76.59,157.81,114.43,41.53,104.69,359.78,15.52,65.68,26.64,29.7418738049713,22.83,57.76,326.99,64.46,135.71,86.47,160.73,118.16,102.04,191.05,105.7,22.52,88.7133333333333,70.74,84.21,45.76,60.26,189.91,158.81,59.63,45.73,52.3333333333333,264.26,57.04
577,05/20/2022,55.09,55.62,176.17,155,123.03,256.01,262.71,153.24,33.86,25.8,43.77,600.44,304.05,55,107.57,37.75,121.98,73.08,113.7,103.82,35.64,93.56,306.8,13.02,66.79,18.57,28.9674952198853,18.32,62.79,289.27,62.05,149.85,79.37,162.73,103.47,110.99,155.98,98.7,20.15,91.77,63.28,67.47,32.46,45.68,121.78,168.24,49.21,41.67,66.48,198.48,51.99
578,05/21/2018,45.75,55.29,97.95,68.11,95.61,142.49,142.08,102.04,30.55,34.5,57.72,543.48,197.91,27.86,31.68,41.89,71.29,98.8,96.54,77.83,30.9,86.58,237.7,15.22,53.61,28.61,20.7943941965469,20.41,51.42,175.09,48.09,81.42,54.36,182.05,108.45,61.66,149.43,101.61,19.15,67.0933333333333,59.44,99.99,35.72,54.83,121.94,131.14,50.7,54.54,34.3822222222222,155.62,57.96
579,05/21/2019,51.95,52.5,99.65,83.85,96.91,148.4,180.35,120.55,28.69,33.73,46.21,441.66,203.36,31.91,41.8,35.27,99.23,74.5,92.2,78.66,27.42,88.82,199.11,13.45,53.63,20.88,16.793062209523,16.95,52.5,187.71,48.13,97.15,44.39,166.3,94.56,80.07,132.08,100.44,14.56,57.1866666666667,44.02,59.76,35.15,48.78,105.68,147.47,51.9,46.33,41.34,178.31,45.78
580,05/21/2020,34.85,28.81,101.08,91,94.13,132.12,193.33,89.83,22.9,17.96,34.98,508.51,174.94,38.73,53.61,21.35,57.45,33.02,60.92,40.75,17.45,73.38,180.1,8.17,37.11,7.35,12.5908221797323,10.71,32.09,253.77,33.49,104.54,40.3,96.77,73.94,75.02,103.19,57.67,9.94,43.1866666666667,33.22,58.09,18.13,33.47,114.65,99.17,32.92,24.46,37.1466666666667,200.16,30.73
581,05/21/2021,55.99,51.31,158.91,144.9,137.43,254.27,253.21,156.87,42.4,33.54,51.56,860.77,287.74,52.09,90.74,49.39,120.28,77.63,159.05,113.97,41.92,105.47,366.26,15.74,65.41,26.88,30.4875717017208,23.12,57.74,328.88,64.71,136.18,88.34,162.45,119.88,99.14,193.48,106.9,22.76,89.0,72.17,86.25,46.22,60.88,192.17,159.08,60.37,45.88,52.24,262.81,58.1
582,05/22/2018,45.58,55.12,96.09,68.14,95.88,144.24,142.91,102.7,30.89,34.47,57.59,546.88,198.13,27.78,31.87,42.19,71.45,100.31,96.74,78.22,31.89,86.99,238.0,15.36,53.75,28.8,21.045036916092,20.61,51.29,174.36,48.46,81.66,54.88,183.89,108.43,61.99,150.88,101.96,19.45,67.82,59.59,100.33,36.11,55.53,122.66,131.42,51.06,55.26,34.2177777777778,155.88,58.54
583,05/22/2019,52.21,52.56,100.26,84.79,97.09,146.36,180.96,120.01,28.49,33.63,46.16,439.14,202.6,32.03,41.7,34.88,99.64,73.46,91.26,78.45,27.36,88.45,195.52,13.33,54.21,20.75,16.6319347469583,16.71,52.42,189.87,48.13,97.29,43.49,165.64,93.36,80.45,132.02,99.65,14.41,56.7333333333333,43.57,59.5,35.24,48.99,105.28,147.96,51.85,46.1,41.4866666666667,180.02,45.42
584,05/22/2020,34.7,28.89,101.37,91.1,94.82,132.46,191.97,89.33,22.66,17.89,34.5,513.3,174.93,38.42,53.95,21.28,57.32,32.65,60.21,40.47,17.61,72.54,179.93,8.1,36.99,7.27,12.6673040152964,10.74,31.91,256.82,33.34,104.5,40.13,98.03,73.88,74.72,104.61,56.28,9.95,43.4733333333333,32.83,55.32,17.85,33.29,115.09,100.1,32.93,24.17,37.6333333333333,198.51,30.19
585,05/22/2023,66.58,53.96,129.17,214.59,118.09,304.01,325.67,155.51,28.34,24.61,41.25,671.39,329.13,65.71,85.01,27.19,104.43,39.67,99.45,101.06,25.45,108.38,324.92,10.53,70.92,15.19,30.75,10.28,58.68,321.38,52.37,179.72,82.27,123.27,73.03,135.63,120.42,82.0,17.51,90.63,51.97,68.5,30.35,30.58,106.84,181.1,30.91,40.98,58.37,229.95,28.09
586,05/23/2018,45.31,54.14,95.35,68.01,95.59,142.17,142.14,101.93,30.44,33.87,57.45,542.66,195.95,27.89,31.79,41.79,70.88,98.99,95.67,77.12,31.2,86.58,237.81,15.18,53.31,28.43,21.0092308132998,20.26,50.7,174.05,48.45,81.64,54.35,180.76,107.85,62.23,149.73,100.9,19.2,67.3466666666667,58.93,100.42,36.12,55.27,121.55,130.9,50.94,56.18,34.1333333333333,156.73,58.01
587,05/23/2019,51.52,52.2,100.21,84.15,95.98,144.36,178.25,118.43,27.76,33.16,45.24,433.89,201.3,31.81,41.15,34.02,99.22,71.65,89.25,76.55,27.02,86.66,191.97,13.06,53.32,20.22,16.3723405017151,16.52,51.87,184.6,47.25,96.19,42.71,162.75,90.13,79.71,129.97,97.11,14.07,56.4866666666667,42.54,58.64,34.75,48.11,102.79,146.94,51.17,45.56,41.0533333333333,177.83,44.93
588,05/23/2022,56.53,56.93,178.49,158.53,125.66,263.04,266.48,159.04,35.87,26,44.68,611.51,310.2,55.97,108.45,39.05,125.34,77.09,118.8,108.11,36.81,95.66,316.61,13.51,68.63,18.7,29.8470363288719,18.95,64.1,295.15,63.95,152.32,82.31,168.29,106.18,112.94,162.17,101.4,20.72,94.19,65.27,69.73,34.1,47.27,121.31,172.1,50.75,43.82,67.84,204.03,54.3
589,05/23/2023,66.04,55.77,129.36,206.61,116.26,300.4,314.4,152.56,28.58,24.37,41.14,661.53,323.11,63.2,83.73,27.87,102.71,40.48,102.17,101.9,25.92,107.45,323.57,10.53,71.07,15.06,30.9,10.46,57.91,312.79,51.84,174.4,82.64,123.99,72.95,133.35,121.49,81.79,17.67,90.32,52.79,68.37,30.67,30.75,106.02,179.31,31.14,41.21,57.76,221.41,29.39
590,05/24/2018,45.31,53.71,97.14,68.15,95.52,142.62,142.39,102.01,30.21,33.92,57.24,540.83,194.83,27.97,31.8,41.54,70.43,99,95.33,76.92,31.76,86.21,236.1,15.15,53.03,28.29,20.6601213110763,20.44,50.14,173.95,48.0,81.44,54.0,179.89,107.53,62.63,148.5,100.38,19.14,67.0,58.14,100.71,35.9,54.96,121.38,130.65,50.67,54.67,34.1422222222222,156.56,57.86
591,05/24/2019,52.01,52.76,100.85,84.28,96.37,146.39,177.79,119.51,28.18,33.28,45.16,435.76,201.69,31.85,40.65,34.44,99.69,72.42,90.78,76.9,27.23,87.19,193.0,13.21,53.24,20.42,16.5155649128838,16.63,52.22,185.1,47.83,95.38,42.96,164.92,91.34,80.22,131.97,97.75,14.19,57.8933333333333,43.25,58.97,34.81,48.33,103.75,147.94,51.33,46.17,41.3733333333333,177.73,45.34
592,05/24/2021,56.37,51.88,159.14,145.09,137.24,254.71,253.18,158.64,42.63,33.49,51.74,872.36,289.73,52.16,91.22,49.32,120.93,77.25,160.74,114.78,41.87,105.34,368.29,15.64,65.24,27.0,30.8413001912046,23.04,58.58,331.88,65.37,136.43,89.69,161.58,120.66,97.46,193.99,106.33,22.87,89.6866666666667,72.61,86.41,46.4,61.21,187.88,158.73,60.42,46.24,52.16,262.92,57.53
593,05/24/2022,57.08,56.51,180.75,157.76,128.83,260.63,268.14,155.63,35.65,25.96,44.34,618.35,309.17,55.96,107.9,38.71,125.09,76.77,116.83,104.42,36.61,94.74,313.95,13.42,68.95,18.45,29.1013384321224,19.05,63.93,292.88,63.88,153.6,81.96,169.06,106.15,114.73,163.26,100.89,20.43,93.12,63.94,68.67,32.91,46.81,120.34,173.91,51.04,43.29,68.76,203.17,53.54
594,05/24/2023,64.56,54.57,126.01,205.08,113.4,293.03,312.01,150.72,28.1,24.08,40.42,655,320.2,63.09,83.16,26.93,100.43,39.67,99.49,99.42,25.35,105.96,319.81,10.36,69.74,14.78,30.28,10.2,57.17,309.03,50.25,173.05,81.22,121.49,71.35,131.5,120.25,79.52,17.43,89.48,52.08,67.03,30.06,30.4,103.8,175.99,30.81,40.87,56.81,220.62,28.97
595,05/25/2018,45.34,53.3,96.5,67.62,95.45,142.23,142.22,101.1,30.16,34.03,57,539.61,194.15,27.81,31.92,41.51,70.42,97.76,94.81,76,31.36,85.71,235.01,15.1,52.92,28.25,20.8033457222449,20.04,49.73,174.03,47.67,81.3,53.01,179.08,106.61,62.35,148.15,100.02,19.01,66.3133333333333,57.3,100.47,35.61,54.81,121.38,131.03,50.54,54.9,34.0977777777778,155.26,57.05
596,05/25/2021,55.76,50.8,157.34,144.4,135.15,253.5,252.31,158.01,42.01,33.08,51.12,874.27,287.2,51.82,91.01,48.38,119.25,75.83,158.22,114.3,41.26,103.69,364.51,15.36,64.58,26.55,30.1529636711281,22.67,57.36,333.02,64.02,136.6,88.86,157.27,120.27,97.28,191.7,104.37,22.46,87.86,71.63,85.36,46.26,60.06,187.42,156.55,59.65,46.09,51.2066666666667,261.59,56.02
597,05/25/2022,57.8,56.67,181.27,157.49,130.95,265.25,265.24,160.51,35.84,26.45,44.72,626.6,308.64,56.18,111.05,39.6,124.44,79.16,120.22,107.67,37.44,95.21,314.9,13.64,69.85,18.62,29.9904397705545,19.52,64.2,291.99,64.6,152.49,82.23,173.66,107.56,115.62,167.63,102.16,21.17,93.1,65.8,69.3,33.94,47.62,122.99,173.59,51.19,44.12,69.01,202.08,54.96
598,05/25/2023,64.61,53.68,125.15,204.32,111.04,305.69,311.19,151.08,28.17,24.26,40.38,660.52,319.02,63.09,83.53,26.85,98.49,39.19,99.92,99.88,25.05,105.45,323.88,10.42,68.65,14.7,30.18,10.11,56.98,309.67,52.77,173.22,83.0,121.09,71.78,128.93,118.99,80.07,17.38,92.47,54.24,67.75,30.0,30.53,104.09,173.67,30.51,40.9,56.1,219.59,28.32
599,05/26/2020,36.23,31.01,102.83,92.38,94.05,140.04,195.06,94.32,24.28,18.96,36.89,523.63,180.34,39.04,56.21,23.91,59.24,36.69,65.8,44.08,19.19,76.83,196.06,8.99,38.61,8.09,13.9866156787763,11.86,33.04,259.7,36.1,105.75,43.69,107.86,79.14,74.13,109.56,60.46,10.96,46.8933333333333,34.5,60.52,19.48,36.19,120.05,103.36,35.83,26.26,38.3533333333333,201.65,32.93
600,05/26/2021,56.25,51.37,157.64,145.15,135.57,255.73,251.09,158.58,42.04,33.3,51.56,876.73,287.33,51.66,92.12,49.09,118.89,77.12,159.84,115.46,41.67,103.99,367.4,15.49,64.94,27.04,30.3250478011472,22.91,57.53,331.19,64.27,136.5,89.35,157.7,120.95,98.4,191.9,105.03,22.83,88.7066666666667,71.53,86.29,46.75,60.62,187.52,157.14,59.73,46.4,51.0533333333333,260.06,56.72
601,05/26/2022,59.12,57.73,180.05,161.02,133.69,274.33,272.74,165.37,36.67,27.21,45.66,652.44,312.5,58.1,118.3,40.3,127.06,81.64,124.41,110.78,38.61,96.93,323.63,13.81,70.7,19.24,31.0038240917782,19.92,64.78,299.44,66.91,157.09,85.0,177.75,109.74,116.81,172.95,104.56,21.61,96.13,68.82,70.99,35.18,48.41,127.73,174.87,52.14,45.6,70.11,208.11,56.39
602,05/26/2023,64.49,54.07,124.78,203.81,109.53,309.13,310.67,157.24,28.31,24.61,40.78,672.3,320.6,62.87,85.7,27.01,98.32,38.99,102.85,102.36,25.26,105.24,332.01,10.52,68.68,14.89,30.51,9.89,57.11,313.0,51.81,173.23,83.9,123.6,72.62,128.49,118.78,80.14,17.78,93.16,53.67,68.47,30.9,30.7,106.63,172.29,30.67,41.23,56.15,221.02,28.66
603,05/27/2020,37.17,31.51,104.37,93.82,97.73,146.22,197.84,101.23,25.98,19.35,38.57,536.4,185.77,39.96,56.46,25.63,61.4,39.43,70.88,49.6,20.97,78.44,209.66,9.52,39.27,8.37,15.0,12.74,34.24,258.79,36.93,105.96,46.86,112.9,82.9,76.47,116.6,63.2,11.98,48.6533333333333,37.09,64.34,21.35,39.5,122.46,106.82,37.62,27.95,39.0266666666667,204.56,35.08
604,05/27/2021,56.82,52.71,161.3,146.35,136.3,260.3,253.88,159.74,42.55,34.19,52.1,876.43,289.3,52.41,92.15,50.09,120.8,78.71,161.79,118.02,42.21,105.19,371.37,15.81,65.76,28.46,30.774378585086,23.27,58.18,333.73,65.66,137.28,90.3,160.28,121.46,99.15,194.12,106.63,23.37,87.86,73.85,86.99,47.7,62.14,190.21,159.35,60.74,46.76,51.6,260.99,57.87
605,05/27/2022,60.41,59,181.41,165.64,136.89,278.49,281.68,169.6,37.02,27.55,46.48,666.53,319.11,59.95,121.04,40.87,128.42,82.83,126.46,112.2,39.11,98.1,328.58,13.93,72.7,19.54,31.5009560229446,19.82,65.93,307.49,67.72,161.19,86.45,180.8,112.6,120.34,175.05,106.27,21.88,99.19,70.59,73.04,36.14,49.13,129.89,177.83,52.5,45.89,70.8,214.84,57.04
606,05/28/2019,51.3,52.07,100.67,83.91,95.09,144.25,179.31,118.17,27.9,32.67,44.33,429.31,199.7,31.59,39.88,33.76,98.85,71.39,88.75,76.2,27.05,86.28,189.44,13.08,52.46,20.11,16.3812920274132,16.35,51.31,187.39,47.18,94.86,42.17,162.23,89.48,79.49,129.64,96.34,13.94,56.8266666666667,42.79,58.19,34.6,47.62,101.94,146.28,50.67,45.59,41.1066666666667,176.71,44.25
607,05/28/2020,36.63,31.12,103.49,94,98.26,143.64,198.69,98.06,24.86,18.91,37.59,536.84,185.1,40.25,56.66,24.66,60.57,37.58,68.54,49.47,20.13,77.08,201.22,9.11,39.23,8.13,14.263862332696,12.09,33.78,264.79,36.46,106.59,44.4,109.07,79.92,76.59,115.8,61.85,11.5,47.1266666666667,36.01,62.46,21.24,38.15,120.66,107.59,36.51,27.22,38.7533333333333,205.65,34.02
608,05/28/2021,56.68,52.84,161.15,146.61,136.61,259.84,253.37,160.13,42.39,34.21,52.08,877.04,289.44,52.52,92.67,49.9,121.71,78.49,160.78,117.26,42.14,105.42,372.02,15.86,65.35,28.53,30.717017208413,23.04,58.38,335.35,65.36,138.35,90.95,160.69,121.19,99.08,194.68,106.97,23.41,88.3933333333333,73.85,86.98,47.41,61.78,191.35,159.7,60.78,46.72,51.9933333333333,261.36,57.88
609,05/29/2018,44.57,52.18,95.32,65.8,94.24,136.27,138.36,97.72,28.96,32.83,55.19,524.26,189.87,27.33,31.42,39.41,68.51,93.76,91.66,72.81,30.29,83.13,227.03,14.44,51.85,27.08,19.8634355239507,19.2,47.99,170.81,45.16,79.09,49.96,171.74,102.3,61.71,141.25,94.97,18.11,63.82,55.14,95.08,34.47,52.47,118.73,128.21,48.86,52.95,33.4622222222222,150.75,54.92
610,05/29/2019,51.43,51.62,100.89,84.04,96.23,144.03,179.12,117.01,27.75,32.97,44.06,427.93,198.52,31.65,39.47,33.95,98.49,71.6,89.44,76.52,27.25,86.81,188.05,13.11,53.19,20.42,16.3723405017151,16.48,51.25,186.23,47.34,95.51,42.19,164.75,89.44,79.94,130.03,96.28,14.15,56.7866666666667,42.77,57.71,34.37,47.66,102.21,145.07,50.6,45.48,41.3933333333333,175.69,44.61
611,05/29/2020,36.47,30.06,102.58,94.28,97.81,140.07,196.95,95.07,24.12,18.87,37.17,528.64,185.58,40.2,56.8,24.1,58.95,36.35,68.04,47.51,19.39,77.02,196.49,8.89,38.29,7.97,14.0057361376673,11.85,33.24,267.41,36.01,105.92,44.2,105.66,79.01,77.68,114.04,60.96,11.31,46.1866666666667,35.91,60.96,20.37,36.78,120.9,106.98,35.56,26.47,38.6333333333333,202.9,32.91
612,05/30/2018,45.56,53.07,95.39,66.98,94.37,139.51,140.23,98.99,29.49,33.69,55.4,534.29,194.1,27.83,31.73,40.44,70.1,95,93.21,73.98,30.6,85.1,229.16,14.86,53.21,27.48,19.8813385753468,19.65,48.78,173.42,46.25,80.77,50.97,174.13,103.72,63.0,144.31,97.85,18.42,65.1533333333333,56.01,97.42,35.02,53.09,122.29,130.17,49.84,54.23,34.2044444444444,152.9,55.53
613,05/30/2019,51.57,51.94,100.8,84.48,95.89,143.35,181.76,116.74,27.16,32.93,43.25,426.59,199.74,31.66,39.25,33.52,98.39,70.86,88.35,75.93,26.89,86.49,187.37,12.94,53.07,20.38,16.2470191419426,16.3,51.33,187.3,47.35,95.83,41.83,162.18,87.66,80.14,128.61,95.76,14.06,56.3333333333333,42.55,56.28,34.23,47.29,102.63,145.73,50.4,45.05,41.34,177.69,43.96
614,05/30/2023,65.24,54.72,123.79,203.52,110.66,309.45,311.86,158.01,28.26,24.71,40.69,673.58,322.19,62.98,86.4,27.17,98.88,37.59,104.71,103.32,25.45,105.14,330.83,10.63,68.79,14.82,30.73,9.93,57.4,313.54,51.65,174.32,83.42,125.23,73.18,128.07,118.85,81.18,17.89,94.06,53.84,69.33,31.23,31.09,108.73,173.29,30.66,40.98,56.83,221.29,28.91
615,05/31/2018,45.06,52.79,93.35,66.28,93.48,138.63,139.87,98.3,29.04,33.57,54.75,534.23,191.53,27.78,31.93,40.85,69.37,94.29,94,73.86,30.58,84.83,225.88,14.87,52.33,27.32,19.5859382273115,19.44,48.87,170.57,45.99,80.37,50.14,172.08,102.52,62.09,143.41,96.84,18.24,64.3733333333333,55.62,96.11,34.63,52.5,121.42,128.52,49.99,53.99,33.9866666666667,151.15,54.81
616,05/31/2019,51.3,51.07,99.96,84.2,95.51,138.23,180.07,114.71,26.6,31.82,42.69,415.56,197.42,31.57,37.85,32.58,98.24,68.82,85.87,74.55,26.5,85.51,182.49,12.65,52.66,19.54,15.8173459084366,15.97,51.36,182.88,46.21,95.6,40.69,159.6,85.52,79.28,127.26,92.38,13.83,55.0533333333333,41.61,55.25,33.63,46.75,101.14,145.57,50.2,44.37,41.4666666666667,175.5,43.07
617,05/31/2022,60.57,58.68,176.69,161.94,136.69,276.27,275.67,168.82,37.2,27.08,46.61,669.08,315.98,59.37,117.79,41.38,127.86,83.21,127.86,113.49,39.43,97.57,326.85,13.88,72.51,19.34,31.5678776290631,19.96,65.49,301.57,67.39,159.95,86.14,179.97,111.75,119.38,175.41,106.25,22.09,98.49,70.1,72.49,37.04,49.74,127.09,179.04,53.07,45.77,71.13,211.07,57.04
618,05/31/2023,64.21,52.83,119.99,200.33,108.45,298.47,308.29,158.56,27.79,24.01,40.2,657.55,321.08,62.33,85.64,25.78,96.5,36.1,104.21,102.74,24.27,103.18,323.9,10.31,68.52,14.38,30.07,9.34,56.0,316.88,49.55,173.18,81.76,119.16,71.92,127.91,115.83,78.69,17.27,90.35,52.69,68.02,30.96,30.47,107.16,169.24,29.9,39.81,55.68,218.85,27.29
619,06/01/2018,45.4,53.29,94.06,66.23,93.86,140.25,140.08,98.25,29.4,34.12,55.35,539.06,192.23,28.04,32.34,41.63,70.18,95.75,94.77,74.01,30.76,85.78,228.35,15.19,52.49,27.72,19.7649687412723,19.75,49.18,172.96,46.66,80.43,51.21,174.68,105.76,62.43,145.12,98.84,18.59,65.3066666666667,56.73,98.45,35.04,53.2,122.9,129.29,50.76,54.69,34.2355555555556,151.72,55.66
620,06/01/2020,36.97,30.55,103.06,94.46,99.07,143.94,196.14,96.75,24.61,19.49,37.7,538.23,183.84,40.24,57.21,24.73,59.64,37.58,68.99,49.84,19.82,79.25,199.93,9.1,38.87,8.22,14.263862332696,11.85,33.77,277.04,36.37,106.7,44.7,108.53,80.67,78.34,114.67,60.88,11.48,47.46,36.51,62.35,21.1,38.06,121.87,109.15,36.69,27.09,38.64,202.46,33.42
621,06/01/2021,57.21,53.55,161.65,146.53,138.02,262.28,253.24,163.76,42.92,34.51,52.3,876.91,289.84,52.55,92.42,50.35,121.85,79.01,166.25,120.88,42.35,105.98,382.44,16.08,65.49,27.19,30.8699808795411,23.14,58.5,330.92,66.51,138.81,92.11,162.07,121.5,99.31,195.82,108.51,23.62,88.7133333333333,74.64,87.98,48.97,61.5,191.12,160.89,60.99,47.26,51.8,259.77,58.13
622,06/01/2022,59.81,57.84,178.23,160.51,134.7,270.44,270.59,165.76,36.67,26.56,45.65,660.51,312.21,58.01,116.09,40.04,126.11,80.77,124.96,111.2,38.74,97.32,321.85,13.59,71.28,19.07,30.5544933078394,19.5,64.75,282.38,66.66,156.41,85.0,177.79,108.76,118.47,172.44,105.32,21.61,97.74,69.57,69.95,35.87,48.92,123.89,176.29,51.75,45.16,70.67,208.47,56.0
623,06/01/2023,64.69,53.74,120.9,202.13,109.2,303.73,312.03,162.72,27.78,24.42,41.25,668.84,323.12,62.75,87.14,26.39,97.15,38.18,106.24,105.33,24.79,103.78,316.4,10.46,68.89,14.74,30.1,9.62,56.39,323.67,50.38,174.42,82.07,121.3,73.04,128.33,119.74,80.13,17.36,91.14,52.7,69.53,31.55,30.96,108.38,171.3,30.52,40.06,56.91,220.22,27.67
624,06/02/2020,37.24,31.49,104.14,95.5,99,146.4,194.83,99.07,24.84,19.8,38.33,541.34,185.94,40.9,57.84,25.12,60.79,37.74,70.9,52.39,20.21,78.94,204.14,9.2,40.41,8.37,14.0822179732314,11.98,34.64,276.44,36.39,108.02,45.58,106.0,80.86,79.08,114.86,60.96,11.7,48.6666666666667,37.14,62.81,22.07,37.61,122.96,111.0,36.62,27.4,39.7533333333333,201.13,33.45
625,06/02/2021,57.15,53.04,160.04,146.65,138.14,262.69,252.95,164.12,42.94,34.98,52.12,887.42,290.02,52.37,92.23,49.93,122.19,78.46,165.92,121.03,42.16,106.09,383.44,15.88,65.51,28.48,30.3824091778203,22.96,58.29,335.0,66.09,139.33,92.76,162.5,120.47,100.47,195.42,108.03,23.25,88.1333333333333,74.93,87.07,49.5,60.78,192.86,160.2,60.67,46.81,51.3,258.61,58.18
626,06/02/2022,59.69,58.17,179.93,164.37,134.15,275.61,278.63,169.14,36.7,26.86,46.47,686.49,314.95,59.61,121.71,41.09,127.35,82.63,126.37,112.77,39.32,98.04,324.25,13.8,71.95,19.24,31.1185468451243,19.92,65.37,293.57,67.03,160.09,85.2,180.38,111.89,119.38,175.51,105.75,21.89,98.36,71.67,73.13,36.22,49.75,127.09,178.06,52.18,45.33,70.9,213.65,57.1
627,06/02/2023,66.6,55.2,123.43,205.68,110.08,313.2,313.8,168.56,28.71,25.02,42.74,681.86,329.48,63.79,89,27.79,100.58,40.93,110.49,109.09,25.95,107.04,323.65,10.89,70.55,15.26,31.31,10.28,58.02,326.99,52.97,176.4,84.35,125.59,75.18,129.5,123.58,83.04,18.06,94.35,54.37,71.55,33.04,32.08,110.92,175.13,31.74,41.24,57.65,224.53,29.07
628,06/03/2019,52.43,52.71,101.57,85.58,96.77,140.78,182.1,114.62,26.68,32.14,43.05,419.9,198.56,31.94,38.9,33.1,99.57,69.87,87.08,74.71,26.57,86.81,183.19,12.83,53.43,19.99,16.0232309994916,16.28,52.27,181.01,47.06,96.45,40.73,162.31,85.86,79.83,128.97,94.22,13.98,54.7066666666667,41.63,56.0,33.3,47.07,99.42,146.79,50.73,44.52,41.78,178.06,43.32
629,06/03/2020,38.21,33.25,108.34,97.95,100.41,151.48,198.97,105.4,25.99,21.09,39.34,547.71,190.82,42.3,59.2,26.82,63.87,40.04,74.34,57.14,21.36,80.86,210.57,9.9,42.08,9.15,14.8470363288719,12.58,35.48,282.58,37.88,109.23,46.91,113.78,85.14,79.11,119.71,63.71,12.31,51.4866666666667,39.51,65.9,23.69,39.97,127.51,114.47,38.68,28.83,40.14,204.89,35.49
630,06/03/2021,57.25,53.54,162.28,144.58,136.26,263.82,251.51,164.52,43.25,35.54,52.2,881.01,291.97,52.27,92.32,50.3,123.36,78.41,166.29,122.58,42.21,106.32,388.72,15.82,65.62,29.33,30.4971319311663,23.0,58.19,334.28,66.37,139.37,93.35,163.01,120.82,99.96,195.88,108.23,22.94,88.6,76.01,87.09,49.85,60.8,191.51,161.0,60.64,46.46,51.5,258.74,58.29
631,06/03/2022,58.82,57.29,180.39,162.21,131.97,271.35,268.58,166.83,36.19,26.46,45.59,671.74,310.94,58.74,121.35,40.47,126.34,81.96,124.05,110.28,38.92,96.4,318.68,13.59,71.88,18.7,30.5258126195029,19.64,64.74,285.28,66.19,157.26,84.12,177.97,110.03,119.11,173.3,103.96,21.75,95.97,70.07,71.3,35.44,49.09,125.05,174.19,51.94,44.82,70.61,206.63,56.54
632,06/04/2018,45.43,53.78,94.21,66.47,94.25,140.3,141.38,99.45,29.4,33.85,55.77,540.67,191.3,28.1,32.5,41.91,70.24,96.62,95.44,74.96,31,85.18,229.89,15.27,52.67,27.5,19.6396473814997,19.9,49.64,175.23,46.33,80.97,51.55,175.08,105.31,62.83,146.54,99.17,18.73,65.74,56.86,98.41,35.45,53.62,123.19,129.72,50.91,54.83,34.4888888888889,152.73,56.09
633,06/04/2019,53,53.83,103.71,85.87,97.88,146.92,182.81,116.85,27.92,33,44.29,434.53,201.59,32.06,39.8,34.54,99.75,72.05,89.92,77.23,27.33,88.23,189.88,13.37,53.9,20.7,16.560322541374,16.94,52.94,184.86,48.02,96.96,42.48,167.26,88.91,81.82,133.4,97.82,14.33,56.76,43.84,57.63,33.94,48.83,102.85,147.55,52.21,45.68,41.9933333333333,179.22,44.4
634,06/04/2020,39.33,35.21,110.39,98.2,101.86,153.12,197.99,106.54,26.78,21.59,40.44,546.19,192.05,42.04,58.49,28.46,64.63,42.9,77.15,58.26,22.71,82.64,214.82,10.47,44.28,9.56,15.1434034416826,13.53,36.5,276.03,39.34,108.72,48.69,117.9,87.98,78.8,122.72,65.46,12.93,52.8466666666667,41.68,69.03,24.33,41.87,126.35,118.0,40.07,30.22,40.9466666666667,204.05,37.23
635,06/04/2021,57.48,53.42,163.1,144.87,136.23,265.41,251.02,165,43.27,35.74,52.21,886.85,292.52,52.37,93.2,49.92,124.22,77.94,166.26,123.38,42.04,106.49,391.45,15.63,65.79,29.27,30.6214149139579,22.73,58.06,335.65,66.56,139.67,93.96,161.27,120.39,100.36,194.0,108.44,22.63,88.2866666666667,75.72,86.9,49.79,60.19,194.47,160.0,60.77,46.96,51.5333333333333,259.73,58.13
636,06/05/2018,45.45,53.84,94.28,66.4,93.7,139.66,140.72,99.31,29.12,33.78,55.59,534.38,190.77,28.15,32.42,41.49,70,95.67,94.35,74.48,30.97,84.93,228.34,15.28,52.47,27.46,19.6485989071977,19.89,49.62,176.22,46.4,81.11,50.78,174.34,105.04,62.99,145.39,98.56,18.63,65.6666666666667,56.3,97.81,35.0,53.32,122.52,129.17,51.22,54.5,34.2622222222222,153.14,55.78
637,06/05/2019,53.76,53.68,104.02,87.76,99.33,147.5,187.46,118.12,27.91,33.01,43.61,438.15,203.3,32.58,40.08,34.31,101.6,71.22,89.9,77.72,27.17,88.3,188.44,13.41,54.95,20.62,16.1933099877543,16.89,53.44,186.84,48.02,98.27,42.43,166.36,87.82,83.34,134.25,98.8,14.17,56.46,43.78,55.68,34.07,49.33,103.44,149.85,52.51,45.86,42.5266666666667,182.85,44.18
638,06/05/2020,40.53,36.36,114.88,100.45,105.47,155.57,200.2,109.73,28.11,22.7,42.3,556.53,200.66,42.73,58.95,29.25,68.78,45.52,79.02,60.62,23.49,85.92,217.92,10.99,46.67,10.41,15.3824091778203,14.56,39.08,279.69,40.74,111.49,49.53,123.3,90.7,81.87,128.03,69.23,13.33,54.2266666666667,42.82,70.7,25.52,44.31,128.28,124.36,42.37,31.67,42.5733333333333,206.81,38.61
639,06/05/2023,67.13,54.23,123.12,206.27,109.48,311.73,312.37,167.43,28.54,25.04,42.52,676.49,328.58,63.68,85.52,27.49,100.57,40.34,109,109.04,25.49,105.97,321.81,10.77,69.94,15.39,30.74,10.13,58.47,328.8,52.65,177.16,83.74,122.09,74.35,129.03,123.28,83.06,17.8,93.9,54.41,71.82,32.71,31.74,110.29,174.37,31.22,40.45,57.42,223.67,28.72
640,06/06/2018,45.7,53.94,95.5,66.91,93.01,142,141.63,100.97,30.04,34.47,56.57,551.86,193.99,28.1,32.62,42.38,70.39,97.43,96.46,75.43,31.65,85.52,232.23,15.59,52.53,27.83,20.4094785915311,20.43,49.72,178.31,47.15,81.57,51.91,178.46,106.75,62.59,147.64,99.65,19.25,67.0466666666667,57.95,99.49,35.58,54.39,126.19,128.77,51.77,55.58,34.5777777777778,154.91,57.15
641,06/06/2019,53.82,53.55,104.38,87.31,99.5,149.75,187.74,119.43,27.88,33.17,43.82,439.23,204.77,32.52,40.98,34.41,101.71,71.22,90.36,78.1,27.09,88.93,189.81,13.37,54.99,20.76,16.1664554106602,16.94,53.7,188.91,48.38,98.99,42.81,166.89,87.7,83.15,133.75,99.86,14.04,56.5133333333333,43.93,56.22,34.33,49.25,103.73,149.0,52.77,45.92,42.6666666666667,183.47,44.24
642,06/06/2022,59.16,58.99,183.18,162,132.35,274.28,271.89,167.02,36.15,26.78,45.95,675.34,312.15,58.92,118.8,40.61,128.12,81.78,125.68,111,39.45,97.72,320.51,13.7,72.77,18.93,30.9560229445507,19.66,64.49,284.53,66.88,157.98,84.87,177.86,110.25,120.07,173.08,105.33,21.78,97.36,68.06,71.41,35.79,49.5,125.32,176.98,52.25,45.12,71.56,208.27,56.89
643,06/06/2023,67.67,55.93,124.94,205.34,109.99,312.97,312.38,171.82,29.23,25.74,43.41,684.92,333.41,63.79,87.4,28.6,101.16,43.22,112.02,112.33,26.78,106.74,326.8,11.27,70.59,15.79,31.49,10.62,58.63,330.69,53.4,176.46,85.86,127.1,75.56,129.8,126.38,83.93,18.31,94.89,54.61,74.25,33.79,33.05,112.02,174.95,32.63,41.26,57.55,224.23,30.12
644,06/07/2018,45.68,53.87,97.5,67.24,93.2,142.07,142.04,101.48,30.09,34.28,57.65,549.14,195.57,28.12,32.66,41.91,70.77,96.72,96.76,75.54,31.62,85.66,233.45,15.56,52.76,27.76,20.5885091054919,20.43,50.13,177.76,47.09,82.19,52.14,177.67,107.1,62.61,148.01,99.74,19.06,66.3866666666667,57.34,100.85,35.55,54.42,125.22,129.77,51.83,55.63,34.7555555555556,155.89,56.96
645,06/07/2019,54.55,52.91,104.34,87.79,100.72,149.87,190.24,121.11,27.53,33.64,44.4,444.11,205.81,32.87,41.97,33.86,102.64,70.14,90.26,78.14,26.83,88.87,189.81,13.26,54.97,20.58,16.112746256472,16.71,53.84,189.91,48.33,99.18,42.7,165.76,88.27,83.18,132.88,99.42,13.88,55.8333333333333,43.0,56.62,33.78,48.83,105.69,149.53,52.67,45.63,42.8733333333333,186.88,43.64
646,06/07/2021,57.39,53.07,162.55,143.54,134.49,264.86,247.52,165.92,43.12,35.45,51.82,884.96,289.46,51.71,94.4,49.9,122.76,77.69,163.55,123.59,41.99,106.47,388.16,15.58,65.17,28.99,30.5640535372849,22.74,57.31,335.07,66.21,137.97,93.21,159.72,118.93,96.39,193.11,108.07,22.51,87.1133333333333,74.73,86.41,50.45,60.06,195.44,157.76,60.54,47.11,50.46,256.99,57.81
647,06/07/2022,59.63,59.41,185.58,163.56,132.54,277.06,270.62,168.69,36.35,26.94,46.34,679.61,313.65,59.25,119.83,41.06,128.34,81.84,128.23,113.2,39.56,99.02,321.51,13.75,73.43,19.1,31.0038240917782,19.72,64.85,289.39,67.69,158.65,85.33,180.61,111.83,121.19,173.2,106.21,22.0,98.65,67.49,73.01,36.37,49.76,126.11,178.64,52.56,45.47,72.27,209.84,57.39
648,06/07/2023,68.4,56.73,126.31,204.15,112.22,317.14,312.27,171.55,29.48,26.26,43.71,678.23,335.42,63.44,87.3,29.01,102.82,43.84,113.54,113.1,27.12,108.18,335.75,11.42,71.77,15.94,31.83,11.02,59.72,327.48,54.85,174.89,86.5,129.97,75.78,130.84,127.56,85.76,18.68,96.87,55.63,74.63,34.2,33.48,113.06,175.78,33.26,42.07,57.7,224.51,31.49
649,06/08/2018,45.89,55.12,98.29,67.78,93.71,142.63,142.97,101,30.01,34.41,57.56,549.41,196.01,28.48,32.75,41.98,71.28,96.47,96.97,75.38,31.81,86.24,233.39,15.69,53.26,27.93,20.6511697853782,20.54,50.42,179.21,47.41,82.9,51.91,177.11,106.92,62.84,148.85,100.55,19.11,67.0666666666667,57.73,100.46,35.45,54.6,125.98,131.32,52.05,55.68,34.8044444444444,158.13,57.19
650,06/08/2020,42.1,39.44,117.41,101.9,106.99,162.7,198.01,113.67,28.54,24.23,42.29,557.33,201.56,43.04,59.45,30.41,71.43,46.77,80,61.29,24.77,87.24,220.81,11.35,46.64,11.55,15.9464627151052,15.21,39.95,281.81,43.0,111.41,50.15,127.4,91.16,81.51,131.13,74.73,13.84,54.0266666666667,41.82,71.03,26.87,46.37,130.77,128.0,43.51,33.32,43.5933333333333,204.02,40.57
651,06/08/2021,57.29,53.23,163.45,144,134.58,263.91,244.8,166.51,42.88,35.12,51.42,884.52,289.19,52.06,94.61,49.61,123.41,77.17,162.73,124.19,41.68,106.38,384.7,15.21,65.89,29.14,30.9273422562142,22.74,57.35,336.95,66.04,137.41,92.79,160.44,119.97,95.86,194.1,108.06,22.34,87.7533333333333,75.12,86.06,50.8,59.83,195.96,157.54,60.29,46.61,50.5933333333333,254.57,57.8
652,06/08/2022,58.72,57.74,182.49,161.18,131.06,272.16,266.8,165.96,35.89,25.88,45.34,662.41,308.74,58.44,116.4,40.38,126.51,81.25,125.17,110.38,38.88,97.22,314.68,13.52,71.79,18.52,30.1625239005736,19.32,63.41,283.88,67.24,156.34,83.2,177.89,109.31,119.63,169.9,105.09,21.8,96.49,65.73,69.04,34.96,49.05,123.15,175.97,51.84,44.63,71.02,206.4,56.53
653,06/08/2023,68.21,56.63,125.73,204.84,111.91,314.51,312.89,171.14,29.23,26.15,43.85,680.58,335.95,63.86,88.66,28.83,101.68,43.45,111.63,113.59,26.97,107.6,335.47,11.2,71.0,16.07,31.61,10.98,59.32,333.24,53.76,176.31,86.31,128.61,74.46,131.08,128.86,84.84,18.56,95.47,55.03,73.53,33.77,33.15,113.87,174.91,33.06,42.37,57.3,226.13,32.01
654,06/09/2020,40.2,37.74,116.7,101.15,103.21,159.59,194.29,110.46,28.22,23.65,41.42,558.06,196.07,43.05,58.35,29.51,68.81,45.71,78.47,58.85,24.08,85.01,218.1,11.0,44.98,11.14,15.65965583174,14.79,38.26,274.98,41.55,110.44,50.4,123.89,91.99,81.02,126.19,71.76,13.46,54.44,40.18,70.48,25.86,44.68,128.64,125.42,42.1,32.63,41.9933333333333,201.01,39.31
655,06/09/2021,56.59,52.16,162.76,144.39,133.03,260.72,245.75,164.09,42.32,34.79,50.62,870.94,288.58,51.72,94.2,48.44,121.14,76.11,160.6,123.03,41.15,104.82,382.78,14.99,66.0,28.7,30.5640535372849,22.26,56.45,338.78,64.68,137.42,92.67,157.66,118.62,94.82,190.79,106.09,21.9,86.1466666666667,72.85,84.57,50.07,58.45,194.48,154.74,59.25,45.92,50.3,254.51,56.62
656,06/09/2022,57.43,55.88,178.76,156.96,127.86,265.7,259.11,160.98,34.51,25.65,44.04,659.85,300.8,56.84,113.85,38.87,123.42,78.94,119.34,106.13,37.56,95.43,304.22,13.08,69.78,18.06,28.7762906309751,18.65,61.57,279.44,66.01,153.0,81.16,171.36,106.35,115.54,163.0,102.57,21.09,93.59,64.25,68.14,33.85,47.71,121.21,171.53,50.33,42.67,69.65,202.18,54.77
657,06/09/2023,68.97,56.88,125.52,206.87,111.96,314.35,314.32,171.72,29.27,26.37,44.43,684.4,335.29,64.03,88.19,28.34,101.93,42.08,111.49,114.14,26.41,107.93,336.02,10.95,71.32,16.14,31.74,10.68,59.34,335.48,53.87,178.25,86.21,126.92,74.83,130.9,128.93,84.55,18.47,95.68,55.0,73.91,33.69,32.63,114.47,175.6,32.86,42.13,57.19,225.7,30.87
658,06/10/2019,54.35,53.33,103.47,87.82,100.79,151.25,190.87,122.66,28.07,33.4,44.9,443.81,207.16,32.69,42.45,34.46,102.58,70.16,90.43,78.19,27.02,88.8,194.12,13.43,54.83,20.48,16.1396008335661,16.92,54.03,191.95,48.42,99.2,43.29,167.6,88.39,82.59,134.38,99.74,13.99,56.44,43.31,57.22,33.32,49.58,106.97,149.32,52.9,46.27,42.9,188.31,43.84
659,06/10/2020,39.09,35.16,114.44,100.41,101.98,154.05,193.18,106.16,26.6,22.54,39.95,558.06,191.51,42.85,58.32,27.25,65.23,41.8,71.8,54.96,22.4,82.49,213.52,10.4,42.9,10.32,14.961759082218,13.88,36.17,276.8,39.5,110.12,48.69,116.75,87.63,80.28,118.93,67.88,12.66,50.9133333333333,38.12,66.14,24.37,41.51,127.85,120.98,39.32,29.71,40.0733333333333,199.11,36.76
660,06/10/2021,56.2,51.57,162.08,144.33,131.41,257.32,249.44,162.23,41.69,34.44,49.87,867.44,284.91,51.81,93.66,47.25,121.55,73.75,158.74,122.18,40.4,103.55,373.94,14.5,64.88,28.81,30.2007648183556,21.76,55.92,339.96,63.89,138.49,91.68,153.89,117.12,94.02,188.75,104.92,21.29,85.9066666666667,72.62,83.64,48.99,57.83,191.73,154.02,58.61,45.09,50.2333333333333,257.5,55.08
661,06/10/2022,55.63,53.43,173.9,153,124.59,251.58,253.64,154.42,33.17,24.56,42.79,617.67,291.71,55.75,107.63,36.59,119.9,75.25,112.58,98.14,35.68,91.82,287.02,12.45,68.28,17.28,27.2848948374761,17.77,60.34,273.23,63.47,150.04,77.4,165.84,101.43,113.56,158.33,98.39,20.14,89.35,62.22,65.23,31.51,45.95,114.85,169.3,48.72,40.08,68.26,199.5,52.79
662,06/11/2018,45.75,55.13,95.12,67.24,93.62,147.46,142.64,101.2,30.06,34.3,57.7,549.06,195.33,28.59,32.9,41.85,70.53,94.71,96.26,75.27,31.42,85.68,234.09,15.56,52.86,27.93,20.6780243624723,20.56,50.03,177.82,47.6,82.41,51.78,175.78,106.5,62.74,147.03,100.84,18.87,66.46,57.41,100.24,35.26,54.2,125.86,130.5,51.45,55.51,34.6533333333333,157.51,56.57
663,06/11/2019,54.04,53.08,104,87.45,100.43,151.92,189.45,123.23,28.24,33.37,44.5,443.12,206.63,32.59,42.8,34.84,102,71.11,91.34,78.76,27.41,88.42,194.73,13.54,54.69,20.61,16.2380676162445,17.24,53.59,189.88,48.55,98.48,43.67,167.76,87.78,82.57,135.18,99.74,14.47,56.1533333333333,42.85,55.11,34.05,50.06,106.67,149.19,53.18,46.26,42.7266666666667,188.31,44.42
664,06/11/2020,35.66,31.61,104.81,94.47,94.79,139.09,180.65,98.6,23.93,20.85,37.68,525.21,178.02,40.64,55,24.48,58.66,37.7,66.12,49.41,19.75,74,194.13,9.48,39.09,9.82,14.0248565965583,12.7,32.19,258.28,35.93,104.23,44.57,106.28,82.05,75.92,107.51,60.35,11.4,46.84,36.16,61.13,22.15,37.48,119.12,110.55,36.14,26.79,37.3666666666667,185.75,33.67
665,06/11/2021,56.25,52.02,162.85,144.61,131.73,258.56,250.11,164.51,41.86,34.79,50.41,880.66,286.82,52.17,95.41,47.85,121.8,73.79,160.65,123.15,40.57,104.16,378.05,14.47,65.12,29.3,30.65965583174,21.94,56.25,344.74,64.11,138.92,92.05,155.14,117.59,93.6,189.2,105.53,21.52,87.4,73.92,83.74,49.37,57.99,193.95,154.48,59.14,45.68,50.6333333333333,257.49,55.27
666,06/12/2018,45.74,54.56,95.95,66.37,93.5,146.87,141.87,100.73,29.9,34.06,57.67,547.11,195.27,28.44,32.82,42.21,70.06,95.77,96.27,75.31,31.28,84.62,232.63,15.59,53.0,27.96,20.6959274138684,20.64,49.78,178.05,47.49,81.7,51.32,175.16,106.73,61.92,147.19,99.76,18.95,66.3733333333333,57.31,99.42,35.3,54.0,126.24,129.58,51.23,55.38,34.2222222222222,157.27,56.35
667,06/12/2019,54.38,52.96,103.99,87.71,100.61,150.39,189.23,122.03,27.95,33.28,44.1,446.25,204.57,32.85,42.97,34.75,102.98,69.98,90.55,77.44,27.11,88.45,190.22,13.41,54.65,20.47,16.0858916793778,17.02,53.3,190.82,48.42,98.17,42.62,165.45,88.01,81.13,134.1,98.76,14.24,55.52,42.1,54.89,33.79,49.59,105.86,149.73,52.69,44.91,43.14,188.11,44.17
668,06/12/2020,36.64,33.04,107.03,95.32,95.7,146.64,181.95,101.68,24.78,21.79,38.44,527.04,181.21,40.67,55.73,25.82,61.03,39.14,70.63,52.99,20.81,75.9,201.78,9.89,40.03,10.34,14.5889101338432,13.22,33.02,266.98,37.45,104.34,46.28,108.96,83.61,76.6,110.76,63.16,11.9,47.7333333333333,36.56,63.12,23.77,39.47,120.93,113.33,37.51,27.97,38.0133333333333,186.77,34.88
669,06/12/2023,68.74,56.22,125.63,208.24,112.35,312.64,318.06,173.64,29.13,26.4,43.72,682.38,333.6,64.31,89.89,27.41,103.05,41.03,111.83,114.82,25.92,108.26,339.49,10.96,71.44,15.96,31.68,10.22,58.88,335.59,54.01,178.61,87.44,125.35,73.59,130.69,127.41,84.61,18.23,94.77,53.97,73.07,33.74,31.95,110.66,174.77,32.16,41.83,57.15,225.15,30.24
670,06/13/2018,45.68,54.7,97.19,66.16,93.27,146.16,141.27,100.02,29.84,33.35,57.32,532.17,194.55,28.29,33.04,41.84,69.67,95.88,96.01,74.84,31.15,84.34,233.83,15.55,53.1,27.26,20.1946419747782,20.67,49.82,176.87,47.0,82.18,51.6,174.4,106.29,62.52,145.6,99.3,18.89,66.0066666666667,57.36,98.36,34.94,53.79,125.32,129.72,51.08,55.16,34.0222222222222,157.0,56.0
671,06/13/2019,54.47,53.2,105.05,87.12,101.1,151.54,189.68,121.86,27.94,33.37,44.53,448.28,204.99,32.69,43.95,34.88,102.65,69.4,90.77,77.45,27.21,88.63,191.45,13.43,54.51,20.59,16.2380676162445,17.07,53.37,192.36,48.51,98.01,42.95,166.65,87.24,81.64,133.73,99.33,14.49,55.7133333333333,42.36,55.03,33.98,49.73,106.09,149.41,52.69,45.29,43.2466666666667,188.71,44.73
672,06/13/2022,53.74,51.63,172.69,151.58,123.1,240.4,253.13,146.29,32.02,23.07,41.47,598.72,281.56,54.49,97.52,35.42,116.33,74.83,107.01,91.86,34.44,88.38,283.32,12.26,66.09,15.93,25.8795411089866,17.39,58.31,265.35,61.04,147.31,75.18,162.39,98.43,113.54,155.53,94.25,19.44,85.45,60.24,63.07,29.7,46.64,107.9,167.71,47.06,38.99,66.3,195.21,51.09
673,06/13/2023,69.4,56.63,130.32,208.76,113.45,317.61,318.92,175.14,29.4,26.99,44.14,689.09,336.39,64.5,90.67,28.18,102.92,43.65,113.65,117.72,26.64,109.64,342.5,11.24,71.67,16.5,33.02,10.48,59.25,338.8,55.17,177.37,88.28,126.7,74.75,131.68,128.86,86.49,18.45,97.32,54.75,74.07,34.14,32.4,111.84,176.12,32.7,42.65,57.15,226.19,29.77
674,06/14/2018,45.68,54.8,95.76,65.98,92.8,147.65,140.21,99.76,29.5,33.15,56.8,523.36,192.5,28.33,33.3,41.4,68.92,95.18,96.28,75.2,30.84,84.2,233.65,15.42,53.08,27.21,20.149884346288,20.53,49.61,175.93,46.77,81.94,51.31,174.71,106.95,61.89,141.84,98.75,18.62,65.6333333333333,56.61,98.26,35.26,52.44,123.66,128.86,50.93,54.74,33.4577777777778,156.04,55.45
675,06/14/2019,55.04,53.31,106.12,87.7,102.14,153.53,190.76,122,28.04,33.36,44.49,446.97,205.16,32.82,44.14,34.97,103.54,70.21,90.57,77.45,27.39,89.17,191.66,13.36,54.95,20.64,16.0948432050759,17.15,53.54,192.3,48.81,98.18,42.82,167.9,87.17,81.96,135.21,99.23,14.59,55.04,41.01,55.36,33.95,50.06,105.94,150.11,52.62,45.59,43.7466666666667,190.33,44.88
676,06/14/2021,55.43,51.1,160.83,144.46,130.98,254.62,250.06,163.81,41.36,33.92,49.64,876.78,283.53,52.12,95.61,47.1,120.48,72.22,158.71,120.69,39.54,102.97,372.92,14.37,64.71,28.77,30.019120458891,21.53,55.82,347.76,63.31,139.63,90.72,152.56,116.47,93.12,187.11,104.42,21.18,86.0066666666667,72.01,84.79,48.64,56.69,192.63,153.25,58.16,45.15,50.2933333333333,256.12,54.02
677,06/14/2022,53.71,52.02,176.01,153.23,121.99,243.07,251.13,144.6,31.46,23.08,40.6,591.23,277.64,54.66,95.42,35.66,116.42,74.84,106.58,91.84,34.58,89.45,282.54,12.24,66.6,16.24,26.0898661567878,17.54,58.54,257.68,61.86,147.26,74.96,164.9,93.6,112.41,155.66,94.14,19.35,86.78,61.11,62.18,29.51,46.24,107.68,166.31,45.72,37.43,66.74,194.87,51.82
678,06/14/2023,68.76,55.84,129.11,209.79,111.4,318.93,322.97,174.47,29.12,26.92,44.17,692.45,335.9,64.6,90.29,27.1,99.97,41.43,112.33,117.14,25.95,107.0,338.42,10.83,70.64,16.56,32.82,9.91,58.12,340.71,53.94,178.1,87.98,121.9,74.25,126.93,126.52,85.54,18.01,98.26,54.35,73.2,33.54,31.72,111.14,173.55,32.1,42.08,56.54,228.4,28.06
679,06/15/2018,45.75,55.21,95.49,65.81,93.81,147.33,139.53,98.52,29.28,33.96,56.93,524.52,191.76,28.26,33.26,41.7,68.99,94.57,97.26,74.57,30.67,84.48,231.92,15.33,53.76,27.51,19.8902901010448,20.39,49.89,176.8,46.31,82.34,51.16,174.74,106.89,62.36,143.97,98.56,18.59,65.0866666666667,56.09,98.34,35.22,52.32,124.69,129.37,51.38,54.98,33.4933333333333,154.88,55.28
680,06/15/2020,37.12,33.19,107.12,95.13,97.83,150.18,184.1,103.95,25.15,22.23,38.43,543.03,181.55,41.34,56.65,26.65,61.94,40.18,71.17,54.55,21.46,76.86,206.31,10.12,40.86,10.74,14.5984703632887,13.37,33.58,270.21,38.07,106.0,47.4,110.72,83.52,79.29,112.97,64.54,12.16,48.5733333333333,36.65,62.65,24.39,39.83,123.56,114.85,38.78,28.21,38.8466666666667,189.36,36.1
681,06/15/2021,55.4,51.53,160.9,144.54,132.11,254.92,251.82,166.27,41.39,34.28,50.45,881.01,283.94,52.94,97.32,47.72,121.7,73.01,162.11,123.01,40.06,104.16,371.3,14.46,64.77,29.0,29.8279158699809,21.7,56.51,350.91,63.77,140.63,90.7,154.33,118.18,93.76,189.27,104.89,21.3,86.78,72.54,85.79,50.05,57.21,195.25,154.62,58.51,45.46,50.7,255.6,54.52
682,06/15/2022,54.23,52.05,173.24,152.75,121.67,246.48,253.13,146.22,32.05,23.78,41.87,599.9,278.93,54.94,96.8,36.29,117.52,76.34,108.17,94.68,34.73,93.26,290.07,12.54,67.03,16.42,26.5965583173996,17.74,58.91,262.3,62.31,148.39,76.02,165.49,93.28,112.57,156.51,94.85,19.38,87.98,61.51,63.94,30.47,46.58,110.07,165.54,46.36,38.17,67.01,194.81,53.12
683,06/15/2023,69.76,56.62,128.75,213.63,110.54,325.59,331.06,173.81,29.37,27.3,44.87,711.19,339.82,66.05,92.65,27.69,100.4,42.88,111.65,117.26,26.76,108.32,339.74,10.89,71.06,16.9,33.23,10.08,58.84,348.31,55.16,180.53,89.05,124.77,75.64,128.36,128.79,86.76,18.32,100.17,55.51,74.65,33.44,32.22,114.69,175.97,33.29,42.36,58.4,232.67,28.98
684,06/16/2020,37.35,33.29,108.52,95.65,99.12,153.51,186.12,105.62,25.8,22.49,38.72,550.4,182.3,41.55,57.5,27.24,63.22,41.47,73.6,55.92,22.04,78.22,209.59,10.28,41.49,11.14,14.8948374760994,13.72,33.92,274.55,38.69,107.37,48.56,113.26,84.93,80.43,114.94,65.8,12.58,48.9933333333333,36.92,64.27,25.16,41.07,124.87,116.15,39.34,28.52,39.04,191.63,36.97
685,06/16/2021,55.1,51.68,159.87,141.8,130.44,253.61,244.1,164.68,41.62,33.84,51.23,869.35,283.11,52.71,98.48,47.9,120.28,74.53,162.2,122.07,40.55,103.06,371.0,14.37,64.6,28.71,30.3919694072658,21.86,56.13,346.9,63.71,139.71,91.1,155.59,118.99,92.92,190.11,105.16,21.4,87.3333333333333,73.75,87.21,49.51,57.8,195.87,152.79,58.44,45.57,50.76,237.14,55.13
686,06/16/2022,53.01,49.97,169.08,149.05,119.53,235.6,248.5,137.5,31.85,23.15,41.21,585.77,268.56,53.28,89.68,35.04,112.7,73.75,102.11,89.53,33.25,90.44,284.98,11.84,64.37,15.97,25.1625239005736,17.08,56.9,253.64,61.29,144.34,73.95,160.64,91.46,110.21,151.48,91.33,18.55,86.49,60.86,62.33,28.92,45.84,106.09,161.38,45.41,37.65,66.3,190.83,51.69
687,06/16/2023,69.43,57.3,131.44,213.78,111.17,325,329.38,172.21,29.19,26.97,44.65,702.78,338.31,66.25,91.13,27.26,100.9,42.42,110.07,115.32,26.54,108.01,338.31,10.92,71.88,16.78,32.96,9.93,58.57,341.85,55.5,181.15,88.09,123.16,74.71,129.99,128.47,87.03,18.12,100.09,54.4,73.77,32.9,31.9,114.18,176.75,33.45,42.18,59.28,235.0,28.63
688,06/17/2019,54.55,52.99,106.77,86.29,101.28,147.79,188.81,121.45,27.93,32.86,43.95,440.12,203.48,32.68,44.24,34.38,103.86,69.2,89.95,76.88,26.97,88.32,190.83,13.13,54.53,20.15,16.0321825251896,16.88,52.94,191.82,48.34,97.06,42.51,164.94,85.87,81.46,132.54,97.94,14.34,54.8266666666667,40.61,54.53,34.01,48.97,105.05,149.92,51.51,45.27,43.3333333333333,188.28,44.04
689,06/17/2020,36.79,32.28,106.04,98.35,97.95,149.69,191.93,103.96,25,22.5,38.73,555.23,180.86,41.98,57.09,26.37,62.06,39.95,71.47,55.08,21.48,76.48,206.19,10.12,41.07,11.22,14.6940726577438,13.48,33.4,275.02,37.82,108.54,47.76,110.07,83.82,79.21,111.8,63.82,12.36,48.2333333333333,36.67,63.21,24.75,40.28,125.32,114.82,38.51,27.45,38.88,197.35,35.93
690,06/17/2021,53.46,48.77,154.6,139.4,126.55,244.96,232.84,162.13,39.8,32.24,49.48,868.82,278.69,52.63,97.13,45.27,116.74,70.04,153.55,117.26,38.03,98.11,361.5,13.52,62.86,27.21,28.8336520076482,20.51,54.46,355.35,60.25,136.84,87.91,148.46,112.53,91.84,182.45,100.64,19.82,84.92,72.14,82.78,47.51,54.33,192.95,148.87,55.72,42.79,49.9133333333333,232.19,51.62
691,06/17/2022,53.05,51.46,169.85,149.71,120.56,235.1,251.65,144.18,31.92,23.31,41.13,582.26,268.08,53.5,90.25,35.62,113.97,74.62,107.26,94.42,34,92.11,279.79,11.94,64.35,16.12,25.2868068833652,17.26,57.54,255.87,60.87,144.44,72.9,162.34,91.68,109.56,154.09,91.44,18.7,87.5,59.99,61.75,29.89,46.29,106.68,161.88,45.41,38.48,66.82,193.93,52.26
692,06/18/2018,45.17,55.55,95.23,66.39,92.99,148.75,140.26,98.47,29.4,33.37,57.24,527.54,191.11,28.42,33.04,41.85,69,94.68,97.43,74.59,30.67,84.12,231.39,15.33,53.17,26.82,19.8813385753468,20.44,49.93,175.16,46.63,82.62,50.77,174.07,107.11,61.5,142.5,97.95,18.72,65.1866666666667,55.48,98.66,35.0,52.28,123.71,127.59,51.28,55.08,33.0133333333333,154.98,55.6
693,06/18/2019,54.92,53.35,107.39,86.04,101.87,150.04,190.13,123.43,28.62,33.52,43.24,449.31,206.01,32.74,43.39,35.29,103.9,70.51,91.29,77.82,27.88,88.79,194.98,13.37,54.98,20.35,16.3096798218288,17.2,53.39,194.04,48.71,97.19,43.34,166.99,86.4,81.33,134.43,99.49,14.87,55.4133333333333,40.91,55.26,34.44,49.37,107.4,150.33,52.19,46.1,43.78,188.11,45.04
694,06/18/2020,37.11,32.47,107.03,99.17,98.75,150.53,190.99,102.16,25.04,22.56,38.63,556.77,180.73,41.86,57.65,26.15,63.13,40.06,69.98,53.83,21.59,76.64,203.84,10.16,41.21,11.33,14.7131931166348,13.58,33.88,274.89,38.11,108.42,47.58,110.45,82.62,80.87,110.73,64.04,12.36,48.16,36.88,63.4,24.25,40.5,125.58,116.05,38.57,27.55,38.92,196.12,36.13
695,06/18/2021,52.08,46.85,150.87,137.56,124.04,236.66,230.1,158.17,38.78,31.43,48.22,840.78,274.04,51.81,96.38,44.25,113.82,68.11,150.02,114.11,36.91,92.25,348.83,13.27,60.85,26.25,28.0688336520076,19.93,53.01,348.76,58.3,134.31,84.09,142.98,109.28,92.31,178.33,97.62,19.33,82.7066666666667,69.83,78.85,46.14,52.81,190.02,144.76,54.74,41.75,48.4933333333333,225.2,50.3
696,06/19/2018,45,55.5,99.6,66.02,93.48,148.3,139.7,97.14,29.26,33.41,57.34,526.61,190.35,28.51,32.73,41.75,68.76,95.31,96.34,73.94,30.57,84.27,228.32,15.37,53.05,26.98,20.0514175636095,20.57,49.73,173.23,45.73,82.3,49.92,174.37,107.8,61.96,142.15,97.6,18.95,64.6333333333333,55.27,97.74,34.81,52.23,122.93,128.16,51.65,55.08,33.2355555555556,153.96,55.9
697,06/19/2019,55.14,53.6,107.61,86.79,102.76,148.09,192,124.68,28.32,33.88,42.69,454.95,206.75,33.16,44.8,34.67,104.84,69.24,90.48,77.01,27.29,88.6,195.64,13.22,55.25,20.34,16.2738737190367,16.96,53.62,196.06,48.75,97.9,43.14,165.86,85.25,81.74,133.25,98.97,14.57,54.0866666666667,39.89,54.76,33.84,49.05,107.84,151.6,52.12,45.65,44.2666666666667,189.73,44.36
698,06/19/2020,36.6,31.81,106.28,94.74,98.73,148.35,186.79,100.94,25.25,21.95,39.23,555.37,179.72,41.13,59,25.35,63.17,39.44,68.07,53.73,20.79,76.2,201.63,10.29,39.98,11.09,14.6175908221797,13.35,34.73,275.23,37.32,103.58,46.93,111.05,82.66,80.99,108.23,63.09,12.0,49.1066666666667,36.67,65.4,23.77,39.34,128.61,116.56,38.87,27.6,39.1066666666667,188.85,36.08
699,06/20/2018,44.72,55.21,101.29,65.55,92.18,146.95,137.6,96.42,29.24,33.24,57.37,526.58,189.5,28.16,32.74,41.89,68.49,95.54,95.7,73.37,30.71,84.05,227.82,15.45,52.14,27.14,20.5885091054919,20.54,49.19,173.47,45.79,81.04,49.89,174.07,107.77,61.42,141.35,96.84,18.91,64.4866666666667,55.54,97.73,34.51,51.98,124.44,124.99,51.27,54.48,32.9866666666667,153.45,56.17
700,06/20/2019,55.34,54.25,107.71,87.5,103.55,149.29,193.52,124.92,28.27,34.54,43.12,465.58,208.04,33.4,44.81,34.96,105.94,70.02,91.63,78.39,27.3,89.37,195.7,13.26,55.63,20.74,16.4797588100916,16.88,54.06,197.35,49.36,97.47,43.46,165.83,85.74,81.87,132.9,100.13,14.6,53.7933333333333,40.03,55.41,34.24,48.71,109.59,152.19,52.16,45.86,44.54,191.62,44.4
701,06/20/2023,67.8,56.08,129.41,211.64,108.61,322.13,328.95,169.41,28.87,26.4,44.36,690.95,338.67,66.05,90.62,27.2,98.93,42.31,109.12,115.53,26.69,106.74,330.72,10.72,70.6,16.54,33.07,9.85,58.09,340.19,54.52,181.05,86.73,122.2,73.41,129.48,126.46,85.05,17.87,98.88,53.93,73.16,32.71,31.35,112.45,175.56,33.58,41.89,58.45,232.64,27.85
702,06/21/2018,44.43,54.25,102.2,65.52,92.23,146.45,136.55,96.63,29.29,32.94,57.15,524.98,188.86,28.07,32.44,41.93,67.77,96.01,95.26,73.03,30.63,83.7,226.98,15.61,51.47,27.03,20.5616545283978,20.67,48.57,172.43,45.66,80.76,49.79,174.53,107.73,61.05,141.34,96.42,18.92,64.3333333333333,55.31,98.19,34.22,52.06,123.67,123.45,50.99,54.37,32.64,152.4,56.51
703,06/21/2019,54.95,53.65,106.89,86.54,101.21,146.77,192.02,124.73,28.12,34.24,43.41,468.24,206.21,32.9,45.04,34.79,104.59,70.05,91.52,78.38,27.36,88.08,195.94,13.33,55.72,20.59,16.5871771184681,17.05,54.07,194.56,48.91,97.02,43.58,165.51,86.69,80.12,133.17,99.6,14.63,54.9066666666667,40.63,55.52,34.31,48.63,108.32,151.48,52.26,46.89,44.5866666666667,191.83,44.43
704,06/21/2021,53.07,47.75,154.73,139.66,128.16,241.35,234,164.9,39.75,32.42,49.66,861.26,277.1,52.46,98.31,45.5,116.86,70.69,154.89,118.05,37.79,95.7,357.54,13.68,62.15,26.9,28.7189292543021,20.59,54.56,355.65,59.68,136.34,85.94,147.65,113.16,94.6,184.15,100.77,19.86,85.4733333333333,72.74,81.61,48.0,54.5,194.97,148.65,55.98,43.28,49.5666666666667,230.18,52.68
705,06/21/2022,54.18,52.15,171.68,155.21,121.8,242.6,254.76,144.76,32.85,24.18,42.32,614.54,271.77,54.87,91.23,36.17,115.55,75.93,106.46,94.48,34.37,94.76,284.81,12.12,65.07,16.56,25.8508604206501,17.52,58.49,260.06,62.53,148.9,74.63,165.26,93.93,112.18,156.49,93.9,19.09,90.01,62.38,63.8,29.22,47.05,109.89,162.63,46.33,38.99,67.53,196.2,53.02
706,06/21/2023,67.53,56.46,131.34,212.97,107.73,321.3,329.85,167.92,28.57,26.13,44,689.04,338.61,66.4,89.13,26.94,97.99,42.1,108.28,116.3,26.5,106.84,325.07,10.64,70.78,16.51,32.33,9.84,58.23,338.54,54.55,181.18,86.34,122.15,72.95,130.6,126.66,85.39,17.69,99.85,53.97,73.03,32.81,31.5,110.24,175.29,33.43,41.65,58.89,232.72,27.95
707,06/22/2018,44.19,54.46,102.37,66.74,92.24,146.36,137.14,97.23,28.99,32.9,56.75,522.74,188.91,28.22,32.54,41.18,68.34,95.44,95.01,73.42,30.1,83.68,226.02,15.35,51.78,27.63,20.8839094535273,20.4,48.77,172.41,45.71,81.6,48.89,172.98,107.3,60.78,139.36,96.5,18.53,64.0133333333333,54.9,98.14,34.13,51.61,123.0,124.41,50.76,53.94,32.7688888888889,154.16,55.51
708,06/22/2020,36.46,31.79,105.18,96.74,97.16,148.28,188.78,99.44,24.62,21.69,38.53,553.21,180.17,41.43,56.81,25.43,62.8,39.56,68.3,54.02,21.02,75.45,203.42,10.12,39.13,11.33,14.6558317399618,13.39,34.06,276.57,36.93,105.56,47.38,108.51,81.75,80.82,108.56,62.54,12.08,47.9533333333333,36.42,63.75,23.79,39.53,125.41,116.23,38.22,27.35,38.4733333333333,193.67,35.74
709,06/22/2021,52.83,47.55,154.83,140.21,128.5,242.97,233.56,164.5,39.97,32.19,49.44,864.76,276.92,52.85,98.41,45.59,117.27,70.69,154.89,118.19,37.95,95.05,357.53,13.68,61.87,26.56,28.6711281070746,20.56,54.42,359.49,59.27,136.72,85.7,147.13,112.05,94.95,183.91,100.42,19.88,85.1,72.5,80.69,47.9,54.36,196.01,148.3,55.94,43.54,49.4933333333333,230.41,52.82
710,06/22/2022,53.96,51.38,171.2,157.31,122.07,241.11,257.05,144.39,32.6,24.1,42.23,609.28,269.79,55.49,91.26,36.35,115.72,75.77,105.63,94.02,34.46,94.41,284.54,12.17,65.23,16.6,25.8986615678776,17.41,58.41,263.17,61.75,150.49,74.4,164.72,93.36,111.85,156.61,93.17,19.07,88.67,62.44,63.33,29.04,47.23,111.33,163.15,46.5,38.6,66.93,197.26,52.56
711,06/22/2023,67.54,55.97,131.28,212.82,108,320.63,333.39,168.26,27.96,25.46,43.25,679.38,336.96,66.01,89.14,26.07,97.43,40.85,106.91,115.48,25.64,106.4,319.58,10.31,70.1,16.18,31.74,9.56,58.22,335.84,53.86,182.62,84.5,117.59,71.75,131.76,123.44,84.66,17.15,98.29,53.21,72.21,32.68,30.61,106.56,175.01,32.23,41.06,58.47,235.4,26.97
712,06/23/2020,36.39,32.05,104.86,97.52,96.66,148.61,189.01,99.42,24.79,21.55,38.72,554.65,181.01,41.22,57.07,25.8,63.79,39.83,69.57,54.86,21.08,74.82,204.78,10.2,39.51,11.41,14.942638623327,13.35,34.34,277.03,37.04,105.76,47.89,108.47,81.1,80.06,107.73,63.18,12.01,47.9333333333333,35.89,64.69,23.92,40.04,125.61,116.19,38.6,27.23,38.4266666666667,193.98,35.48
713,06/23/2021,52.69,47.73,154.99,140.43,127.82,243.07,235.54,166.02,40.2,32.1,49.37,865.42,274.66,52.92,99.58,45.92,116.79,71.44,156.37,119.19,37.92,95.05,361.05,13.88,61.82,26.68,29.3499043977055,20.6,54.23,357.6,59.25,137.49,85.87,146.62,112.25,94.92,185.13,101.03,20.02,86.4933333333333,72.89,80.98,48.32,54.63,196.54,147.9,56.14,43.96,49.0866666666667,230.15,53.14
714,06/23/2022,53.65,49.6,169.31,160.04,121.81,239.56,263.99,141.65,32.08,24.37,42,624.71,267.52,57.29,93.35,35.15,113.58,72.92,104.21,94.1,33.51,94.77,286.17,11.94,62.81,16.69,25.6883365200765,17.0,58.02,270.0,61.33,154.58,73.97,159.64,93.82,109.75,155.8,92.49,18.42,87.81,62.03,62.89,28.22,46.86,115.0,159.77,45.72,37.9,65.95,197.88,50.84
715,06/23/2023,67.14,55.22,123.81,212.46,107.53,317.02,331.43,168.07,27.75,25.53,42.84,680.45,335.25,66.43,87.84,25.47,95.71,40.6,106.6,115.42,25.54,106.28,314.71,10.21,70.47,16.01,31.42,9.35,57.9,337.28,53.33,183.73,83.58,115.87,71.28,132.77,123.03,83.89,16.95,97.19,53.17,71.07,32.7,30.0,106.33,173.72,31.88,40.61,58.21,232.52,26.6
716,06/24/2019,55.02,53.32,105.89,86.98,102.19,147.72,193.52,124.14,27.98,34.35,43.08,463.4,206.85,33.22,44.4,34.46,105.02,69.49,88.72,77.59,27.18,88.34,197.49,13.39,55.69,20.46,16.5871771184681,17.1,54.15,195.11,49.09,98.08,43.07,165.45,85.88,80.36,133.67,99.3,14.51,53.5266666666667,39.15,55.73,33.99,48.49,107.06,152.02,52.3,46.27,44.4733333333333,191.77,44.12
717,06/24/2020,35.17,30.3,100.68,94.78,92.95,142.96,187.53,95.48,23.81,20.82,37.23,538.57,177.53,40.05,55.19,24.08,62.01,37.45,65.46,50.81,19.89,71.19,198.02,9.54,37.86,10.72,14.1969407265774,12.49,33.17,265.53,35.53,103.93,46.95,102.92,77.18,77.29,103.38,59.7,11.28,45.6066666666667,33.8,61.63,22.09,37.66,121.04,112.86,36.87,26.12,37.16,190.85,33.22
718,06/24/2021,53.16,48.21,155.48,140.34,128.93,245.44,238.48,168.21,40.83,32.53,50.25,867.34,275.49,53.22,99.62,46.56,117.75,72.4,157.57,120.63,38.59,96.3,368.75,14.22,62.21,27.2,30.1529636711281,20.94,55.12,361.97,60.01,138.15,87.08,147.85,114.32,95.69,189.18,102.51,20.32,87.68,73.39,81.86,49.0,55.32,195.14,149.97,56.88,45.18,49.2866666666667,232.55,54.21
719,06/24/2022,55.79,52.77,172.86,165.25,127.16,249.29,271.74,146.15,32.31,25.34,43.6,647.78,278.28,59.06,98.87,37.03,116.5,76.52,110.09,99.17,35.22,99.16,302.75,12.51,65.69,17.36,26.6061185468451,17.83,59.77,277.5,64.22,158.83,77.82,166.64,97.12,115.99,162.84,97.41,19.49,92.5,64.43,66.27,29.54,49.22,121.5,166.72,47.52,40.76,68.03,204.95,53.33
720,06/25/2018,44.08,54.22,102.59,66.38,91.63,144.77,137.7,98.54,28.48,32.73,55.67,515.14,186.73,28.01,31.99,40.85,68.22,93.99,94.48,72.29,30.06,83.62,221.54,15.2,51.66,27.39,20.6959274138684,20.11,48.86,169.6,45.2,81.9,47.93,171.84,104.92,60.18,138.43,95.98,18.35,62.4333333333333,53.41,95.92,33.82,51.71,119.74,123.72,50.58,53.96,32.7466666666667,153.56,54.63
721,06/25/2019,54.95,52.73,106.01,86.2,101.61,143.7,193.25,123.16,27.76,33.78,43.43,458.36,208.07,33.17,44.19,34.34,105.04,69.9,88.82,77.42,27.09,88.25,196.06,13.41,56.03,20.01,16.569274067072,17.03,54.55,193.79,48.73,98.61,42.66,165.48,85.76,79.56,133.36,98.27,14.39,53.4333333333333,39.23,56.0,33.9,48.33,105.92,153.13,52.04,46.14,44.5,192.31,43.99
722,06/25/2020,35.83,31.26,100.3,97.28,95.83,151.55,194.39,97.85,24.72,21.08,38.15,546.97,178.85,41,57.23,25.26,63.74,38.68,67.04,52.06,20.5,72.66,207.1,9.89,38.36,10.73,14.5602294455067,12.91,33.84,276.17,36.34,106.98,48.79,105.14,78.44,79.9,106.45,60.45,11.65,46.7133333333333,34.08,64.16,22.75,38.55,122.53,114.62,38.05,27.37,37.9866666666667,199.31,34.25
723,06/25/2021,54.22,49.02,158.53,141.9,130.78,248.64,243.71,169.45,41.62,33.18,50.99,874.03,278.38,53.49,98.55,47.33,119.08,73.68,159.99,123.57,39.5,98.02,368.77,14.61,63.42,27.42,30.8126195028681,21.26,55.62,364.99,61.02,139.7,88.4,151.33,116.27,96.85,193.36,104.33,20.6,88.04,73.78,83.23,49.8,56.13,196.71,151.72,57.85,46.38,49.7933333333333,235.5,55.48
724,06/26/2018,44,53.64,101.34,66.03,92.22,141.73,137.75,98.21,28.54,32.46,55.18,510.85,186.44,27.9,31.78,40.14,67.14,92.81,93.74,71.39,29.6,83.02,221.58,15.05,51.59,27.15,20.8033457222449,19.8,48.64,169.47,45.0,81.3,47.79,170.18,104.63,59.75,137.28,95.31,18.18,62.02,53.07,95.6,33.47,51.43,118.65,122.62,50.2,53.43,32.4933333333333,152.43,54.03
725,06/26/2019,54.24,52.26,102.75,84.63,99.49,146.12,189.89,123.59,27.91,34.31,43.12,460.96,208.51,32.54,44.18,34.39,102.25,70.46,89.38,77.59,27.26,87.58,197.01,13.45,54.88,20.1,16.7304015296367,17.17,53.43,193.89,48.87,97.57,42.99,166.02,86.72,78.59,133.64,98.52,14.43,53.9,39.67,55.24,34.23,48.08,106.89,148.7,51.98,45.8,43.3733333333333,186.85,44.38
726,06/26/2020,34.68,29.71,99.21,96.67,94.58,147.03,190.02,93.42,23.15,20.04,36.32,534.85,175.37,40.08,54.35,23.16,62,35.37,61.16,48.67,18.76,70.85,189.19,8.8,37.44,10.0,13.8336520076482,11.76,32.81,268.98,35.07,104.75,47.05,100.46,76.2,77.89,100.93,58.1,10.65,44.2666666666667,31.75,60.53,21.39,35.95,118.94,111.0,36.06,25.34,36.94,194.55,32.29
727,06/26/2023,67.58,55.67,126.36,210.63,108.96,319.92,330.39,167.11,28.09,25.84,43.03,680.17,334.12,66.41,88.78,25.56,96.73,41.35,106.22,115.45,25.96,107.02,312.36,10.35,70.32,16.13,31.53,9.35,58.32,334.76,54.06,182.98,83.59,119.17,71.78,131.95,123.73,85.23,17.32,97.92,53.41,70.92,32.58,30.09,107.02,172.39,32.32,40.59,58.66,231.79,27.08
728,06/27/2018,43.41,52.88,102.34,64.77,90.31,138.36,134.99,96.96,28.24,32.1,54.2,503.53,184.91,27.49,31.84,39.56,66.33,91,92.33,70.1,28.93,81.36,220.18,14.88,50.77,26.51,20.3378663859468,19.54,48.07,168.47,43.9,80.25,47.19,168.47,103.4,58.71,135.3,93.22,17.86,60.7466666666667,51.9,93.99,33.0,50.69,115.6,121.34,49.83,53.28,31.9377777777778,150.33,53.05
729,06/27/2019,54.55,53.05,104.36,85.94,100.14,144.03,192.57,123.94,28.21,34.72,43.39,464.48,212.02,33.15,44.31,34.77,102.84,71.37,89.33,77.59,27.29,88.44,199.32,13.65,55.4,20.36,16.8825774665034,17.34,53.77,195.33,49.15,99.33,43.49,168.72,87.84,79.69,134.66,99.23,14.58,55.0,40.2,55.65,34.29,48.18,108.54,149.2,51.98,46.29,43.3733333333333,188.95,45.0
730,06/27/2022,55.89,51.92,173.01,165.23,126.19,247.23,271.52,144.29,32.35,25.13,43.06,636.92,278.4,59.02,97.87,36.39,117.18,75.98,109.6,98.63,34.87,98.86,300.78,12.37,65.77,17.35,26.7304015296367,17.56,59.79,277.8,63.58,158.93,77.44,164.42,98.04,116.56,161.45,96.95,19.35,92.59,64.15,65.21,29.45,48.57,120.51,167.49,47.25,40.24,69.19,204.69,52.61
731,06/27/2023,68.5,56.45,124.98,212.15,108.64,326.11,333.64,168.19,28.24,26.65,43.84,684.64,335.34,66.82,91.33,26.08,97.18,42.11,108.7,117.32,26.18,108.24,313.45,10.54,71.38,16.5,31.94,9.49,58.95,338.83,54.98,183.57,84.43,121.82,72.35,132.65,124.01,86.66,17.52,100.56,55.22,72.59,33.37,30.49,109.23,172.59,32.55,40.91,58.73,233.09,27.3
732,06/28/2018,43.21,53.23,104.93,65.12,91.35,138.49,136.18,96.97,28.67,31.8,54.3,501.77,187.09,27.57,31.71,39.51,67.16,91.34,92.45,70.16,28.74,81.15,223.42,14.89,50.93,26.59,20.4542362200213,19.6,48.29,170.58,43.94,81.03,48.29,168.68,103.71,59.53,135.57,93.59,17.99,60.3533333333333,51.71,94.26,33.01,50.65,115.68,122.45,49.62,53.63,32.0533333333333,151.34,53.17
733,06/28/2019,54.81,53.28,106.38,87.59,101.69,145.16,192.98,123.44,29,34.8,44.15,469.3,213.17,33.5,44.42,35.36,103.67,72.64,90.74,77.59,27.9,89.46,204.6,13.82,55.72,20.46,17.2137839173309,17.75,54.67,195.31,49.67,99.75,43.81,170.07,90.0,79.93,137.28,101.0,14.94,56.3666666666667,40.19,56.06,34.67,49.13,109.71,149.52,52.4,47.32,43.9533333333333,191.54,45.98
734,06/28/2021,53.37,47.96,156.56,140.68,129.75,246.57,240.93,164.78,41.56,32.54,50.86,878.74,276.61,52.97,99.25,46.03,117.38,71.74,156,119.04,38.68,96.19,368.71,14.33,62.24,27.13,30.5544933078394,20.67,54.51,365.75,59.75,138.95,87.7,147.01,114.6,97.33,191.6,102.2,20.34,85.8866666666667,73.28,82.1,48.49,55.21,197.25,149.45,57.54,45.79,49.4466666666667,231.37,53.45
735,06/28/2022,55.9,51.81,173,163.18,125.7,243.76,265.66,142.19,32.26,24.68,42.86,629.12,273.86,57.71,94.84,36.74,117.64,76.69,108.52,97.31,34.84,98.06,299.49,12.28,65.46,17.1,27.0076481835564,17.61,59.53,270.6,63.74,154.71,78.16,163.12,98.26,115.42,159.75,97.68,19.43,91.84,64.17,64.49,28.96,48.37,117.87,167.47,46.89,40.18,69.09,198.97,52.69
736,06/28/2023,68.38,56.46,124.15,210.89,108.86,325.39,333.59,169.78,28.07,26.68,43.56,685.22,334.15,66.8,91.29,25.66,95.55,42.11,109.26,117.41,26.33,107.45,313.66,10.55,70.28,16.56,33.07,9.31,58.22,341.59,54.87,183.33,83.99,121.6,72.02,131.69,123.56,86.29,17.37,101.98,55.78,72.14,33.85,30.47,110.45,168.37,32.32,40.62,58.12,232.71,27.09
737,06/29/2018,43.02,53.02,103.49,65.28,91.27,139.88,137.17,98,28.19,32.05,53.93,499.04,186.65,27.73,32.17,38.9,66.86,90.92,91.9,70.41,28.7,81.41,220.57,14.76,51.13,26.56,20.3557694373429,19.54,48.28,170.56,43.6,81.97,47.4,170.15,102.89,59.15,135.1,93.51,17.78,59.5666666666667,51.1,93.09,33.38,50.44,116.09,122.34,50.02,55.44,32.1822222222222,151.6,52.69
738,06/29/2020,35.43,30.68,100.6,95.67,95.44,148.36,188.22,94.52,23.39,20.44,36.95,532.87,177.19,39.97,55.81,23.53,63.75,37.01,62.38,49.32,18.74,72.35,193.47,8.87,38.33,10.39,14.4741873804971,11.87,33.69,269.11,35.57,105.28,47.24,102.32,76.3,78.4,102.83,59.2,10.86,45.6,32.75,61.56,21.95,36.74,120.82,112.9,36.35,25.7,37.6533333333333,192.93,33.05
739,06/29/2021,53.55,47.4,155.82,141.2,129.57,248.19,242.9,164.25,40.89,31.92,51.02,873.53,276.21,53.52,98.95,45.75,116.36,71.02,154.15,116.88,38.09,95.16,372.62,14.28,62.08,26.52,32.7151051625239,20.52,54.41,366.34,59.48,140.94,90.64,145.85,114.93,98.44,190.47,101.73,20.06,86.88,73.22,82.2,48.0,55.3,197.79,149.52,56.66,44.79,49.46,232.19,52.7
740,06/29/2022,55.46,50.8,170.87,163.2,125.42,240,268.88,139.47,31.86,23.27,42.41,617.96,273.49,58,91.07,36.13,117.9,75.99,105.61,95.59,34.21,97.94,303.28,12.24,64.93,16.46,26.6730401529637,17.49,59.04,271.94,62.93,155.03,78.19,162.33,98.74,113.64,157.37,96.33,19.24,90.23,63.62,64.08,28.53,47.4,115.5,165.8,46.12,39.71,67.39,199.87,51.97
741,06/29/2023,69.12,57.2,124.52,214.67,109.09,331.59,342.12,172.08,28.66,26.8,44.2,688.21,336.91,67.69,92.81,25.93,96.64,42.85,109.26,117.9,26.25,108.95,323.09,10.79,71.33,16.75,33.37,9.33,59.11,344.45,56.18,185.93,85.24,124.21,73.35,132.07,125.68,87.84,17.69,103.66,57.14,73.14,34.07,30.64,111.18,170.99,32.76,42.45,59.12,232.55,27.28
742,06/30/2020,36.03,31.18,103.29,97.49,96.99,150.04,192.6,95.2,23.75,20.97,38.65,544.09,178.51,40.76,56.66,25.24,64.03,38.1,62.59,50.09,19.28,74.23,197.62,9.04,38.55,10.76,14.8661567877629,12.18,34.29,274.73,36.52,107.37,48.3,103.97,79.34,80.11,105.21,60.9,11.12,45.8866666666667,33.74,63.55,22.16,37.55,123.5,114.05,36.82,25.6,38.1933333333333,196.95,34.0
743,06/30/2021,53.66,47.6,156.18,140.08,130.44,248.88,238.76,165.23,41.23,31.99,51.23,874.97,277.92,53.14,97.14,45.87,116.62,71.34,154.69,118.29,38.23,95.25,379.53,14.27,61.97,26.73,32.6959847036329,20.65,54.65,362.37,59.85,140.68,91.69,145.31,115.62,98.21,190.76,102.47,20.18,86.6,72.81,82.28,48.52,55.5,197.97,149.71,56.97,45.29,49.62,230.02,52.86
744,06/30/2022,55.33,51.13,172.85,163.04,126.73,237.68,269.68,138.62,31.13,23.31,41.71,609.04,273.02,58.34,91.23,35.69,118.98,73.38,104.19,94.58,33.6,97.47,297.02,12.03,65.43,16.13,26.4053537284895,17.23,59.26,271.97,62.79,155.25,76.06,159.39,96.48,116.27,157.77,95.68,18.75,89.41,63.18,61.65,27.62,47.43,113.61,169.13,46.02,39.17,68.26,197.39,50.9
745,06/30/2023,69.8,57.54,125.72,219.57,109.04,332.16,345.2,174.2,28.69,26.71,44.52,691.14,341,68.84,92.97,26.08,97.32,42.36,109.37,116.85,26.21,109.62,322.54,10.78,72.02,16.81,33.17,9.24,59.38,347.72,56.53,188.08,85.4,123.76,74.14,132.37,125.95,88.22,17.82,103.77,56.68,73.18,33.92,30.35,112.02,173.66,33.04,42.68,59.56,235.5,26.86
746,07/01/2019,55.82,53.84,108.99,89.44,103.15,145.75,195.14,124.92,29.42,35,44.47,472.93,214.62,34.02,46.58,35.6,105.13,73.01,92.04,78.58,28.32,91.13,206.86,13.82,55.89,20.54,17.6613602022329,17.84,55.6,198.33,50.49,100.83,43.95,170.81,91.65,81.75,139.8,102.02,15.07,57.3266666666667,40.76,56.69,35.07,49.56,109.05,151.42,53.01,47.69,44.28,193.94,46.33
747,07/01/2020,35.39,29.58,101.07,97.35,95.53,145.83,191.14,94.05,23.26,20.2,37.59,544.32,177.99,41.09,56.14,24.23,64.1,35.94,60.7,48.22,18.43,72.8,197.57,8.64,37.7,10.26,14.4550669216061,11.69,33.54,278.39,35.51,107.53,47.61,101.31,76.94,79.8,102.83,58.93,10.63,44.7333333333333,33.02,62.13,21.61,36.41,122.51,112.5,35.98,25.09,38.02,195.25,32.55
748,07/01/2021,54,48.27,156.85,140.42,132.79,250.99,238.68,166.94,41.54,32.26,51.43,879.23,280.17,53.52,97.11,46.45,117.92,72.18,157.15,119.69,38.74,96.66,374.99,14.43,62.69,26.95,32.3518164435947,20.89,55.2,365.31,60.51,142.34,92.02,147.28,116.32,98.84,191.74,103.3,20.43,87.88,73.57,83.82,48.87,56.3,199.94,151.83,57.58,45.41,50.64,231.0,53.82
749,07/01/2022,56.24,52.02,175,164.63,130.7,237.97,273.92,140.4,31.56,23.58,42.42,616.7,277.5,59.33,92.83,36.12,120.36,74.28,106.82,97.69,33.84,100.34,299.23,12.1,66.24,16.42,26.7017208413002,17.5,60.15,274.91,63.68,156.45,76.75,159.71,97.72,118.48,161.3,97.42,19.03,89.09,63.92,63.38,28.59,48.2,115.31,171.18,46.59,39.92,69.36,199.44,51.38
750,07/02/2018,42.89,53.36,103.81,65.26,91.67,140.87,137.25,99,28.28,31.61,54.09,499.52,187.83,27.71,33.16,39.38,66.98,91.77,93.78,71.15,29.08,81.91,223.26,14.83,51.33,26.79,20.1409328205899,19.87,48.29,170.97,43.58,82.24,47.72,170.09,104.02,59.74,135.92,94.33,17.89,60.2,51.3,94.02,33.84,51.16,116.52,122.39,50.41,56.32,31.9511111111111,152.13,52.96
751,07/02/2019,56.21,53.79,108.82,90.33,103.27,146.02,195.93,125.1,29.15,34.87,44.23,469.87,214.54,34.33,47.34,35.02,105.41,70.59,91.1,78.87,27.71,90.51,205.98,13.62,56.28,20.54,17.4286205340838,17.67,55.24,200.26,50.0,102.07,43.83,170.08,91.87,82.64,139.59,100.98,14.86,56.3733333333333,40.19,55.82,35.19,48.79,108.6,152.83,52.93,47.23,44.44,195.15,44.85
752,07/02/2020,35.26,29.92,100.5,97.34,94.09,145.45,191.45,94.33,23.29,20.38,37.94,551.77,178.83,40.85,55.39,23.76,64.87,35.27,61.15,48.85,18.57,72.53,197.4,8.6,37.5,10.55,14.8852772466539,11.71,33.69,278.01,35.65,107.89,47.79,100.59,77.67,79.23,102.15,59.3,10.6,45.02,33.39,63.13,21.86,36.42,122.73,112.46,35.89,25.34,37.6466666666667,196.6,32.41
753,07/02/2021,54.15,48.05,156.5,140.3,133.23,250.92,239.59,168.5,41.15,31.95,51.24,893.63,279.12,53.67,97.65,46.05,117.84,71.73,157.4,120.2,38.44,95.79,374.16,14.35,62.16,26.43,32.2179732313576,20.72,54.99,367.84,60.42,142.31,92.03,145.93,116.73,98.97,192.79,103.13,20.26,87.76,72.8,84.3,49.05,56.03,203.56,151.23,57.57,45.07,50.6466666666667,231.7,53.26
754,07/03/2018,42.9,53.67,105.51,65.53,91.9,139.24,137.08,97.84,27.78,31.48,53.19,491.29,186.02,27.9,34.25,38.96,67.36,90.44,92.94,70.54,28.91,82.08,220.38,14.72,51.57,26.45,20.1856904490801,19.68,48.3,169.76,43.4,82.55,47.02,169.06,102.61,59.33,134.39,93.99,17.56,59.3,50.24,92.92,33.5,50.48,115.73,122.77,49.97,55.56,32.0755555555556,152.3,52.33
755,07/03/2019,56.85,54.83,109.94,91.4,104.63,147.82,198.48,125.86,29.05,35.25,44.64,475.35,215.16,34.73,47.48,35.51,107.61,71.73,92.99,80.38,28.1,91.63,206.04,13.83,57.16,20.82,18.5475612463388,17.79,56.16,202.61,50.47,102.92,43.99,171.55,92.79,83.65,140.67,102.45,15.07,56.2733333333333,40.45,56.47,35.53,49.07,109.71,154.3,53.25,47.66,44.9,195.74,45.37
756,07/03/2023,70.19,57.94,125.84,216.18,110.51,335.08,338.69,175.44,29.2,26.89,45.07,693.58,342,67.42,94.76,26.52,98.32,44,111.05,118.09,26.76,110.26,326.61,10.94,72.3,17.13,33.6,9.57,59.72,346.39,57.28,185.42,86.41,127.45,75.36,132.59,127.53,89.15,18.29,103.96,57.72,74.34,34.38,31.39,113.26,173.09,33.58,43.4,59.68,233.48,28.14
757,07/05/2018,43.04,53.92,105.04,66.09,91.94,140.97,138.22,98.53,27.92,31.72,53.2,491.98,187.5,28.12,35.13,39.18,67.5,90.33,92.66,70.58,28.82,82.29,220.74,14.75,51.7,26.54,20.2483511289664,19.57,48.36,171.06,43.56,83.38,46.7,169.08,102.46,59.06,135.58,94.34,17.46,58.7866666666667,49.48,92.43,33.6,50.8,115.49,122.6,49.93,55.24,32.1555555555556,153.86,52.38
758,07/05/2019,56.81,54.61,110.12,90.59,104.49,150.12,197.58,125.4,29.26,35.29,44.53,478.69,215.25,34.76,47.21,35.89,107.83,72.98,92.54,80.2,28.35,91.77,207.9,13.92,56.95,20.97,19.1741680452016,18.0,55.69,201.43,50.7,102.75,44.21,174.01,93.92,83.99,141.57,102.74,15.21,57.0733333333333,40.86,56.8,35.61,49.94,110.42,154.09,53.68,47.77,44.9733333333333,195.84,46.21
759,07/05/2022,55.52,51.13,172.57,166.07,128.9,235.31,275.97,139.65,31.24,23.82,42.08,620.72,275.69,59.9,94.03,35.88,119.06,73.85,106.66,97.97,33.7,97.54,297.2,12.13,65.02,16.39,27.0267686424474,17.38,58.48,280.05,62.34,156.2,76.11,158.63,96.61,117.14,161.09,95.33,18.85,90.69,63.39,63.07,28.94,48.64,117.08,167.2,46.46,40.1,67.81,200.82,51.08
760,07/05/2023,69.91,57.71,124.22,215.95,110.04,332,338.46,175.57,29.08,26.53,44.48,692.83,341.56,67.42,92.91,26.25,96.99,43.5,109.12,116.3,26.54,109.64,320.05,10.79,72.04,16.88,32.88,9.52,59.67,346.96,56.78,186.03,85.92,125.52,74.2,131.43,126.34,88.78,18.13,103.14,56.69,73.53,33.74,30.99,111.91,172.59,33.53,43.48,59.68,232.0,27.96
761,07/06/2018,42.91,54.37,104.72,66.81,92.16,141.68,139.62,98.52,28.03,31.78,53.2,491.69,187.56,28.3,35.53,39.35,68.34,90.62,92.9,70.44,29.14,82.79,221.79,14.87,51.85,26.44,20.382624014437,19.7,48.9,172.81,43.73,84.23,47.09,168.96,102.68,59.19,136.0,94.85,17.59,59.7866666666667,50.65,92.75,33.7,51.21,115.5,123.18,50.21,55.89,32.2,155.93,52.58
762,07/06/2020,36.02,30.74,102.26,96.88,95.64,150.2,192.7,96.58,23.66,20.93,38.55,557.55,182.72,40.64,55.36,24.27,68.06,35.81,62.65,50.61,18.86,73.92,207.36,8.77,38.3,10.76,15.1434034416826,11.95,34.52,283.65,37.09,107.92,48.82,101.93,78.7,79.42,103.35,61.31,10.8,46.1266666666667,34.21,64.48,22.8,36.69,125.26,114.57,36.83,25.49,38.16,197.48,32.9
763,07/06/2021,53.27,46.61,156.81,140.96,131.7,247.19,237.72,169.56,40.07,31.6,49.49,892.68,277.32,53.56,97.54,44.7,116.38,69.08,155.5,117.77,37.32,94.07,369.86,13.97,61.23,26.02,31.9407265774379,20.06,53.91,370.04,58.9,142.55,90.21,141.59,114.37,97.86,187.96,100.14,19.58,87.1133333333333,70.77,81.9,47.87,54.42,203.63,150.84,56.01,43.49,50.5466666666667,229.95,51.72
764,07/06/2022,55.94,50.98,174.68,168.34,131.14,233.57,279.61,138.15,30.98,23.69,41.58,614.74,275.65,60.42,93.97,35.56,119.81,73.47,106.04,97.68,33.28,98.43,293.76,12.13,65.39,15.98,26.5009560229446,17.25,58.53,282.99,61.93,157.62,75.45,157.06,95.82,120.04,160.03,94.82,18.56,89.56,63.44,62.27,28.56,47.65,116.82,169.9,46.5,39.5,67.97,202.13,50.41
765,07/06/2023,69.64,57.6,124.67,216.32,108.76,328.64,337.13,170.94,28.28,26.02,43.82,680.63,341.46,67.35,92.02,26.07,97.24,42.81,107.26,115.64,26.32,110.95,313.0,10.67,72.4,16.63,32.26,9.43,59.96,342.22,56.71,185.67,83.33,125.31,73.24,131.67,123.88,88.66,17.84,102.96,55.96,72.85,33.44,30.82,109.81,170.91,32.99,42.89,59.56,231.25,27.78
766,07/07/2020,34.62,29.17,99.42,97.67,92.65,146.13,192.46,93.01,23.01,20.67,37.77,549.23,181.15,40.75,53.6,23.5,68.3,34.75,59.91,48.15,18.06,71.5,199.36,8.39,37.18,10.34,14.6845124282983,11.45,33.67,285.37,36.02,107.35,47.49,98.54,77.85,78.02,99.71,59.39,10.33,44.68,33.89,63.17,21.79,35.3,122.96,112.48,35.58,24.46,37.8266666666667,196.58,31.54
767,07/07/2021,53.76,46.79,156.97,141.84,133.09,248.93,239.05,170.98,39.75,32.11,49.48,900.94,279.24,53.6,98.88,44.41,117.2,68.07,155.04,118.31,37.07,94.64,367.67,13.93,61.86,26.12,31.2237093690249,19.91,54.1,376.74,58.84,142.57,90.03,141.5,114.04,99.11,186.58,100.4,19.43,87.1733333333333,70.07,81.4,47.96,53.68,204.89,152.19,55.99,43.4,50.92,230.77,51.31
768,07/07/2022,56.35,51.79,175.12,167.3,131.2,238.27,274.3,141.03,31.86,24.29,42.29,623.7,279.28,60.45,97.36,36.45,119.16,74.62,108.84,99.68,33.92,98.94,298.6,12.38,66.16,16.39,26.9789674952199,17.62,58.63,284.94,63.03,156.49,76.99,158.85,97.31,120.62,162.31,96.6,19.04,90.73,64.24,63.7,29.49,48.01,118.92,169.63,46.76,40.12,67.55,201.31,51.48
769,07/07/2023,70.04,58.2,125.86,214.05,108.27,332.62,335.41,169.8,28.53,26.15,44.38,684.1,340.9,67.8,91.91,26.93,98.17,44.27,108.04,116.94,26.65,111.66,315.17,10.89,72.73,16.92,32.59,9.59,60.45,339.57,57.61,183.99,83.36,128.56,74.32,131.26,125.61,89.85,18.33,104.33,56.79,73.88,33.61,31.88,110.23,171.65,33.54,42.77,59.86,230.84,28.98
770,07/08/2019,56.65,54.96,110.48,90.37,104.38,148.94,196.47,124.85,29.2,34.96,43.03,472.44,215.13,34.53,46.26,35.6,107.38,71.88,91.8,80.28,28.06,90.87,205.75,13.73,57.11,20.59,19.2457802507859,17.81,55.66,197.58,50.54,102.0,43.49,173.03,91.67,83.62,140.74,101.87,15.13,55.7733333333333,39.99,55.06,35.7,49.39,108.96,153.8,53.1,47.53,44.8866666666667,194.67,45.32
771,07/08/2020,35.4,29.85,100.74,98.37,88.22,148.41,195.54,92.9,23.1,21.13,38.82,557.61,181.2,41.07,54.47,23.66,69.14,34.76,61.39,48.68,18.14,72.2,202.25,8.44,37.65,10.6,14.8470363288719,11.6,33.92,294.24,36.77,109.08,48.91,98.98,80.16,77.37,100.14,60.77,10.34,45.32,34.43,64.95,22.32,35.32,124.22,113.18,35.51,24.55,37.8533333333333,199.24,31.68
772,07/08/2021,52.33,44.86,154.35,138.82,130.4,241.33,235.21,167.5,38.78,31.08,48.34,876.5,274.1,52.31,98.26,43.54,113.76,66.49,152.46,115.26,36.55,91.74,358.94,13.69,60.09,25.17,29.6462715105163,19.4,52.88,374.4,56.69,141.52,87.64,137.55,111.58,98.49,183.23,97.15,18.97,84.8333333333333,67.94,79.59,46.71,52.98,199.4,148.52,55.04,42.32,49.38,224.15,49.84
773,07/08/2022,56.25,51.47,175.09,166.76,130.87,236.53,274.37,141.76,31.79,23.87,41.89,619.56,280.83,60.08,96.14,36.31,118.64,74.22,108.61,100.21,33.86,99.27,296.47,12.27,65.67,16.21,26.9407265774379,17.49,57.93,284.13,62.63,155.59,76.73,158.92,96.61,120.38,161.38,96.31,19.02,90.68,64.36,63.03,29.68,47.7,115.96,169.0,46.53,40.18,67.31,201.27,51.04
774,07/09/2018,43.36,55.56,106.37,68.17,93.6,145.76,142.53,99.91,29.05,32.33,54.11,504.1,189.64,28.77,35.11,40.5,69.79,93.12,96.56,72.02,29.96,84.86,227.99,15.21,53.29,27.04,20.7854426708488,20.29,50.06,175.45,45.47,85.89,48.41,172.6,105.68,59.57,138.79,97.67,18.07,61.5933333333333,51.9,94.47,34.86,52.58,117.85,125.4,51.37,56.77,32.72,158.7,53.93
775,07/09/2019,56.53,55.52,110.68,90.76,104.66,150.2,196.55,125.9,29.35,34.92,43.4,473.82,214.75,34.76,46.47,35.99,107.5,72.65,92.29,80.52,28.26,91.54,207.77,13.85,57.08,20.63,19.1831195708997,17.84,55.49,198.05,50.38,102.03,43.78,174.24,91.59,83.48,140.79,101.59,15.31,56.6866666666667,40.27,55.07,35.76,50.05,109.82,153.45,53.34,47.83,45.1933333333333,195.25,45.93
776,07/09/2020,33.97,28,97.56,97.59,85.82,143.29,194.46,90.57,22.77,20.27,37.15,549.44,178.8,40.9,53.37,22.73,67.36,33.4,58.35,46.45,17.39,70.19,196.83,8.06,35.81,10.04,14.4550669216061,11.03,32.82,294.29,35.39,108.23,47.51,95.21,76.41,77.79,98.85,58.03,9.83,43.7333333333333,33.88,61.66,21.34,33.61,122.83,110.04,34.22,24.04,37.2,199.02,30.44
777,07/09/2021,53.35,46.87,156.99,140.5,133.47,248.95,236.31,171.94,40.04,32.15,49.93,901.31,280.49,52.95,99.73,45.31,118.87,69.25,160.55,122.4,38.08,94.46,371.76,14.27,61.58,26.33,30.5258126195029,20.17,54.71,375.59,58.86,142.6,90.33,142.33,115.55,99.63,189.67,100.58,19.87,88.0133333333333,70.55,84.11,48.73,55.21,205.2,153.33,56.97,43.91,50.4133333333333,228.21,52.29
778,07/10/2018,43.22,55.46,107.28,68.04,93.36,144.83,142.82,99.91,28.83,32.49,54.03,504.93,189.9,28.66,34.94,40.04,69.88,92.48,96.01,71.58,29.7,84.77,226.85,14.98,53.24,27.23,20.6959274138684,20.12,49.91,176.69,44.91,85.18,48.1,171.9,105.01,59.65,137.75,97.01,17.88,61.5266666666667,51.11,93.77,34.85,52.32,118.74,125.87,51.35,56.62,32.8088888888889,157.92,53.42
779,07/10/2019,56.51,55.73,110.01,90.86,104.26,148.32,197.82,126.89,29.02,34.78,43.04,475.54,214.03,34.78,46.38,34.99,107.07,71.48,90.16,80.1,27.64,91.12,205.97,13.72,57.17,20.43,19.1652165195036,17.61,55.55,199.77,50.32,101.69,43.31,171.3,90.42,83.43,140.05,100.75,15.06,56.5733333333333,39.66,54.42,35.52,49.75,109.45,153.33,53.18,47.15,45.1933333333333,195.61,45.28
780,07/10/2020,34.87,30.1,100.37,99.14,86.97,148.58,197.56,93.23,24.02,21.1,38.38,554.08,182.9,41.42,53.73,24.18,70.48,35.77,60.8,48.38,18.39,72.32,205.56,8.51,37.41,10.53,15.3059273422562,11.55,34.5,292.92,36.94,109.46,49.8,100.37,80.17,80.76,101.6,60.54,10.29,45.96,34.8,64.12,22.56,35.2,127.27,113.84,36.44,25.47,38.54,202.33,32.21
781,07/10/2023,69.57,58.08,126.04,215.59,106.75,334.32,337.52,171.71,28.66,27.15,44.11,696.17,341.13,68.67,93.37,26.7,97.4,44.95,109.45,118.49,26.67,111.76,316.47,10.84,72.5,17.37,32.99,9.5,59.54,342.1,57.41,184.91,83.4,129.47,73.73,131.08,125.36,89.42,18.46,103.99,57.83,74.5,33.95,32.19,113.04,169.07,33.74,42.32,59.49,232.95,29.56
782,07/11/2018,42.49,54.56,108.14,68.19,92.83,142.89,142.49,100.3,28.68,32.14,53.39,502.9,189.91,28.56,34.63,39.79,69.79,91.62,95.32,71.24,29.57,83.79,225.66,14.83,52.75,26.64,20.5258484256057,19.91,49.53,178.03,44.09,84.87,47.75,170.83,104.11,59.23,137.68,95.4,17.69,61.0533333333333,50.47,92.7,34.8,51.87,118.37,125.05,51.26,56.07,32.8533333333333,156.91,53.13
783,07/11/2019,56.36,55.48,110.1,91.38,103.15,150.42,196.64,127.28,29.36,34.83,43.65,480.07,213.17,34.86,46.07,35.56,106.81,72.55,90.71,80.59,28.05,91.68,211.35,13.86,56.86,19.8,18.7444948116957,17.83,55.3,201.66,50.42,101.91,44.18,173.77,91.34,83.75,141.46,101.14,15.23,56.92,40.46,55.04,35.64,50.31,109.32,152.43,53.47,47.14,45.1733333333333,196.3,45.84
784,07/11/2022,56.04,51.45,177.49,165.84,130.33,231.4,274.04,140.58,31.46,23.63,41.71,605,278.51,59.65,95.21,36.2,117.76,74.22,107.17,99.5,33.54,100.51,293.18,12.29,65.1,15.69,26.8355640535373,17.41,57.95,283.64,62.11,155.38,75.82,158.69,95.11,120.32,160.22,96.1,19.05,89.94,62.94,62.7,29.75,47.4,113.1,168.52,46.35,39.79,67.28,199.24,50.41
785,07/11/2023,70.5,58.75,126.53,216.35,109.07,337.28,339.22,174.64,29.02,27.75,44.65,710.2,343.37,69.44,98.47,27.58,99.6,46.13,112.2,119.49,27.06,112.31,320.88,11.03,73.15,17.56,33.61,9.92,60.54,339.26,59.24,186.9,84.96,131.45,74.79,132.17,126.49,91.88,18.71,105.16,57.58,75.66,34.72,32.48,114.9,172.36,34.92,42.74,59.89,235.08,30.43
786,07/12/2018,42.48,54.3,107.47,68.66,92.9,142.27,143.88,101.15,28.77,32.53,53.5,506.67,189.96,28.73,35.06,39.57,69.64,90.49,95.24,70.98,29.41,83.39,227.22,14.75,52.53,26.04,20.2662541803625,19.74,49.36,181.51,44.19,85.89,48.02,168.84,104.13,58.66,137.99,95.3,17.52,61.4933333333333,50.75,92.86,32.96,51.55,119.9,126.02,51.36,56.03,32.6177777777778,157.69,52.55
787,07/12/2019,56.89,56.27,111.59,91.83,103.91,151.14,197.47,127.96,29.45,35.19,43.56,482.46,214.1,34.99,46.02,35.75,107.68,72.84,91.07,81.29,28.2,92.05,213.94,13.87,57.49,20.13,19.1294104167114,17.87,55.38,205.31,50.92,102.81,44.87,174.07,91.34,84.39,142.19,102.51,15.22,57.4,40.13,55.19,35.96,50.45,110.61,153.39,53.6,47.36,45.2466666666667,196.42,46.38
788,07/12/2021,53.67,47.44,157.13,140.98,134.57,251.65,232.79,173.6,40.63,32.28,50.28,915.92,280.11,53.28,101.93,45.87,119.81,69.79,164.85,126.59,38.39,94.5,380.5,14.45,63.31,26.71,30.9369024856597,20.42,55.05,375.04,59.56,141.83,92.75,143.18,116.3,99.88,191.91,101.62,20.03,89.34,71.71,84.32,49.5,55.6,211.1,154.09,57.58,44.16,50.8466666666667,225.17,52.59
789,07/12/2022,55.74,51.12,173.13,164.82,128.03,231.65,270.56,139.18,31.36,24.03,41.77,603.29,277.28,59.04,94.02,36.06,116.83,73.39,107.04,99.83,33.53,100.14,292.53,12.34,64.93,15.9,26.9216061185468,17.31,57.73,275.45,61.79,153.14,75.94,157.89,96.26,117.05,157.09,96.02,18.97,89.66,62.25,62.36,30.46,47.21,113.77,165.28,46.2,39.6,65.98,196.84,50.2
790,07/12/2023,70.25,58.65,127.03,214.89,107.6,338.07,335.83,174.33,29.36,28.43,45.22,726,345.35,68.66,98.18,28.11,99.82,47.57,112.74,119.12,27.19,111.51,326.4,11.15,72.6,18.4,35.25,10.23,60.45,347.21,58.7,186.65,85.77,131.49,74.63,132.11,127.23,91.91,18.89,104.83,58.41,75.84,34.87,33.02,116.48,171.12,35.11,43.26,59.62,231.75,31.28
791,07/13/2018,42.6,54.24,108.02,68.86,92.83,142.01,144.2,100.5,28.55,32.33,53.03,507.09,190.96,28.75,35.21,39.36,69.61,89.46,94.59,69.89,29.09,83.43,226.41,14.65,52.53,25.62,20.2304480775703,19.56,49.49,181.96,44.2,86.56,48.08,166.45,104.04,58.44,138.32,95.07,17.21,62.0,50.62,92.44,32.44,50.93,119.23,126.63,50.91,55.36,32.6088888888889,158.04,51.76
792,07/13/2020,34.88,29.72,100.17,98.22,88.5,147.99,197.06,93.56,24.19,20.86,38.86,552.56,184.13,40.95,53.52,24.37,70.09,36,61.56,48.18,18.7,72.52,208.88,8.67,37.6,10.62,15.5544933078394,11.76,34.67,285.76,37.41,108.76,50.22,101.64,81.57,80.33,102.68,60.97,10.48,46.0066666666667,34.43,64.59,22.69,35.61,128.13,114.24,36.83,25.41,39.0266666666667,201.47,32.88
793,07/13/2021,53.09,46.73,155.2,139.14,132.28,249.6,231.64,172.62,39.86,30.7,49.96,908.07,279.21,52.61,99.83,44.84,118.71,68.94,162.84,125.26,37.57,94.07,375.98,14.15,62.6,26.43,30.5162523900574,20.07,54.26,375.0,58.68,141.05,93.21,141.17,114.8,97.79,189.28,100.14,19.72,88.9933333333333,71.82,83.6,48.64,54.71,205.43,152.99,56.92,43.23,50.0533333333333,224.0,51.41
794,07/13/2022,54.59,50.66,174.53,164.66,126.86,228.03,269.44,139.4,30.84,24.08,41.27,596.38,277.47,58.89,91.4,35.38,115.81,72.97,105.53,99.66,33.04,97.99,290.15,12.13,64.16,15.64,26.7973231357553,16.99,57.28,275.72,59.95,151.59,74.98,154.13,95.6,117.42,154.31,93.3,18.64,89.26,61.55,60.94,30.02,46.11,111.53,163.32,45.32,39.07,65.62,193.72,49.57
795,07/13/2023,69.95,58.89,127.6,213.83,104.83,341.9,336.85,174.24,29.67,29.21,45.56,739.8,343.54,68.53,102.74,28.38,99.68,48.41,114.18,119.68,27.42,110.27,328.68,11.34,72.49,18.33,35.72,10.61,60.49,350.51,59.17,186.56,86.21,133.29,76.18,114.78,129.79,92.81,19.24,105.92,59.93,77.46,35.67,33.62,118.69,168.22,35.81,43.71,58.96,231.66,32.0
796,07/14/2020,35.65,30.79,101.53,101.07,89.73,149.8,199.05,94.84,24.14,20.76,38.97,561.33,189.71,41.95,54.53,23.89,72.71,34.93,60.68,47.52,18.15,73.38,214.01,8.63,38.74,10.49,15.7648183556405,11.39,35.52,291.24,37.89,110.24,50.5,98.33,81.65,84.5,101.26,61.91,10.21,46.0333333333333,34.55,64.99,22.45,35.18,130.64,118.55,36.29,24.25,39.94,203.95,32.02
797,07/14/2021,53.28,46.41,155.05,138.9,131.69,246.85,230.43,172.52,38.86,30.23,49.28,880.32,278.31,52.78,98.65,44.61,118,68.58,158.84,122.93,37.38,93.77,374.4,14.09,62.77,26.02,32.1606118546845,19.99,54.4,375.6,58.24,140.96,92.46,140.05,113.32,97.45,188.34,99.69,19.5,87.46,70.2,82.47,47.5,54.43,203.69,154.53,56.99,44.95,50.28,223.05,51.36
798,07/14/2022,53.45,48.42,167.49,162.74,120.92,223.12,268.59,136.48,30.13,24.31,40.44,588.63,274.41,58.3,89.63,34.93,111.12,71.52,103.45,99.31,32.21,97.23,281.59,11.89,61.64,15.66,26.2619502868069,16.63,55.61,275.2,57.91,149.03,74.69,150.57,94.52,112.33,150.96,90.44,18.24,87.3,60.57,59.84,29.98,45.2,111.63,155.68,44.25,38.74,62.22,193.24,48.54
799,07/14/2023,69.58,57.65,125.96,213.88,101.18,339.31,336.51,173.39,29.11,28.44,42.53,728.03,341.09,68.72,104.03,27.78,97.89,47.27,111.55,118.56,26.98,109.86,326.19,11.25,70.5,17.73,35.31,10.16,59.44,353.15,58.16,186.72,85.78,130.79,71.19,116.79,125.79,91.55,18.95,105.12,58.52,68.1,34.9,33.1,116.48,165.95,35.33,43.56,58.93,229.87,30.7
800,07/15/2019,56.57,56.24,112.22,92.22,104.39,150.29,197.53,128.57,29.22,35.19,43.15,481.7,213.54,34.92,45.66,35.08,107.82,71.38,89.75,81.03,27.81,92.26,211.58,13.68,57.72,20.12,19.1562649938055,17.59,55.18,205.0,50.78,103.02,44.43,172.33,89.73,83.97,140.2,101.89,14.98,57.04,40.3,55.45,35.84,49.97,110.38,154.83,53.12,46.71,45.4933333333333,197.67,45.37
801,07/15/2020,36.28,31.77,103.85,101.49,90.13,154.1,200.99,97.36,24.6,21.52,36.86,568.59,190.56,42.31,56.01,25.45,73.52,36.89,63.68,50.35,19.17,75.31,216.9,9.11,40.41,10.93,16.4627151051625,11.99,36.05,293.52,38.64,111.58,51.35,102.77,80.55,85.89,104.07,63.93,10.73,48.0933333333333,35.66,64.64,23.64,36.93,132.06,119.14,37.64,25.35,41.0933333333333,206.12,33.53
802,07/15/2021,53.59,48.07,156.05,140.14,130.49,248.86,231.26,172.85,38.83,30.19,48.68,880,279.72,53.53,102.5,44.89,118.49,69.02,160.35,123.51,37.77,94.49,373.35,14.26,63.27,25.83,32.4760994263862,20.16,54.59,374.75,58.64,141.05,92.63,141.19,113.87,94.95,189.5,100.3,19.73,87.9,70.55,81.97,47.72,55.86,204.43,155.58,58.82,45.0,50.98,221.91,51.67
803,07/15/2022,54.31,50.08,166.88,165.75,122.4,230.33,271.6,142.48,32.25,24.62,43.41,600.37,278.48,59.31,93,36.8,112.38,74.73,108.15,104.01,33.74,98.82,293.87,12.51,62.99,16.24,27.093690248566,17.52,56.45,281.61,59.03,150.98,78.05,156.21,99.28,116.08,153.42,92.33,19.19,90.18,62.18,65.67,31.39,47.41,115.38,156.18,46.57,41.13,63.03,194.9,50.63
804,07/16/2018,42.78,54.77,107.98,69.46,93.46,142.24,145.21,100.69,29.78,32.1,53.7,503.96,192,29.01,35.33,39.98,70.54,90.7,95.91,70.56,29.46,84.46,231.44,14.9,53.07,25.5,20.3110118088527,19.92,49.81,182.32,44.44,86.76,48.9,168.12,105.46,58.42,140.89,96.3,17.51,62.6666666666667,51.06,93.2,32.56,51.64,120.38,128.19,51.3,56.99,33.0755555555556,157.56,52.39
805,07/16/2019,56.11,56.03,112.06,92.19,104.85,150.89,197.08,128.06,28.99,35.32,43.11,477.17,212.88,35.02,45.83,34.94,108.67,71.75,89.93,80.94,27.85,91.91,215.52,13.7,58.05,19.9,19.1025558396173,17.38,54.8,204.98,50.5,102.59,44.43,171.11,89.49,84.12,138.76,102.09,14.94,57.2466666666667,41.63,54.82,36.03,49.64,110.36,154.59,53.04,45.3,45.5933333333333,197.49,45.49
806,07/16/2020,36.37,32.56,105.07,102.55,91.61,152.89,202.67,96.32,23.93,21.31,36.74,566.96,191.01,43.43,55.4,25.45,75.81,36.76,63.36,50.29,19.16,75.97,214.67,9.07,42.31,10.73,16.5009560229446,11.98,36.24,289.38,38.73,111.83,52.64,102.52,79.94,87.11,104.99,64.25,10.8,48.5,34.92,64.52,23.75,37.22,132.07,120.5,37.56,25.46,42.2333333333333,207.49,33.39
807,07/16/2021,53.12,46.9,155.76,139.92,130.45,246.78,231.73,170.01,37.92,29.41,49.38,875.02,277.9,53.74,102.2,43,118.53,66.66,157.52,120.43,36.4,94.05,364.8,13.85,63.32,25.02,31.9024856596558,19.35,54.02,377.96,57.58,141.33,91.25,136.82,113.15,96.18,183.43,98.73,19.01,85.7666666666667,68.89,84.34,46.73,54.39,203.41,156.39,57.17,44.28,51.1533333333333,222.36,49.6
808,07/17/2018,42.94,54.71,107.65,69.69,94.26,142.96,145.62,101.15,30.01,32.11,54.05,504.88,190.41,29.15,35.71,40.04,70.55,91.86,95.98,71.1,29.52,84.56,231.02,14.92,53.26,25.46,20.1767389233821,20.06,49.71,182.69,44.19,86.93,49.18,168.5,105.74,59.4,141.48,96.02,17.64,63.3533333333333,52.88,93.45,32.82,52.0,120.41,128.79,51.3,56.56,32.8,157.27,53.06
809,07/17/2019,55.64,55.37,111.7,91.95,102.94,148.47,194.76,127.08,29.19,34.83,44.12,471,207.45,34.92,45.28,34.35,107.05,69.19,88.19,80.02,27.58,91.31,213.3,13.59,57.66,19.45,18.7534463373937,17.13,54.14,202.77,49.96,101.16,43.77,170.44,89.89,80.2,139.68,100.11,14.71,55.7866666666667,41.21,54.59,35.54,49.64,108.88,152.38,54.22,45.21,45.2066666666667,195.03,44.88
810,07/17/2020,36.22,32.12,104.17,103.55,91.67,153.37,203.66,95.18,23.22,21.05,36.12,587.72,190.76,43.7,55.97,25.15,76.66,35.54,61.99,48.99,18.76,75.32,211.41,8.92,41.95,10.49,16.2810707456979,11.69,36.17,292.51,38.47,113.69,52.41,99.32,77.71,87.63,103.02,64.14,10.32,47.2333333333333,33.44,61.71,23.21,36.3,133.77,119.16,36.03,24.95,42.36,208.5,32.56
811,07/17/2023,70.38,59.1,124.65,217.2,102.41,343,337.49,175.39,29.4,28.9,43.54,727.87,344.25,69.89,104.39,28.08,98.36,48.06,113.43,120.37,27.31,110.92,327.2,11.4,72.22,17.6,35.54,10.29,60.11,356.41,59.0,188.38,86.37,131.35,70.47,121.95,127.16,92.5,19.2,106.62,58.64,66.51,35.51,33.43,117.87,168.59,35.26,44.74,60.53,229.64,31.36
812,07/18/2018,43.26,55.13,108.85,70.5,95.76,145.21,147.34,102.98,30.13,32.57,55.64,510.85,200.44,29.59,36.23,41.04,71.3,93.77,97.09,72.09,30.24,85.28,231.24,15.05,53.63,26.13,20.3557694373429,20.3,50.18,184.49,44.96,87.73,50.56,174.48,110.69,60.39,142.41,97.49,18.06,64.1533333333333,54.22,95.33,33.41,52.98,122.15,130.0,50.72,56.57,33.1644444444444,158.78,54.14
813,07/18/2019,56.13,55.6,111.98,92.05,103.2,150.08,197.04,128.4,29.48,35.45,44.86,475.14,207.98,35.13,45.65,34.62,107.45,69.34,88.76,81.63,27.81,91.83,214.52,13.76,57.9,19.67,18.8698161714683,17.31,54.35,204.27,50.0,101.56,44.43,162.76,91.15,81.19,138.88,101.44,14.79,56.2133333333333,41.48,56.29,36.09,51.03,109.63,152.71,55.19,45.82,45.2266666666667,197.7,45.54
814,07/18/2022,54.17,49.89,164.27,161.88,119.77,230.18,267.1,142.33,32.26,24.5,42.77,597.53,276.26,58.76,93.15,37.17,108.96,75.5,110.49,105.26,33.77,98.16,301.26,12.58,61.91,16.19,26.8068833652008,17.7,56.24,280.85,59.1,148.35,78.86,157.97,97.82,110.29,154.67,92.66,19.46,89.58,61.24,64.96,31.48,47.1,113.69,154.99,46.68,41.19,62.21,191.64,50.87
815,07/18/2023,70.94,59.37,126.48,215.07,103.42,352.46,334.66,178.04,30.7,29.48,45.33,738.93,345.34,69.73,106.88,29.11,99.73,50.01,116.07,121.7,27.93,112.31,337.27,11.65,72.64,17.89,36.5,10.71,60.34,359.44,59.37,188.12,91.94,134.76,71.7,119.81,130.35,93.69,19.64,109.8,66.01,68.29,36.17,34.51,119.71,171.02,36.55,45.6,60.56,228.35,32.43
816,07/19/2018,42.89,53.85,107.14,70.3,93.42,141.27,146.15,100.17,29.67,32.27,52.73,504.89,197.49,29.46,35.64,40.66,70.26,93.57,95.37,71.51,28.31,83.97,229.63,15.0,52.67,25.69,20.5079453742096,20.63,49.39,182.35,44.17,87.13,49.85,172.77,108.44,59.51,140.71,95.7,17.62,63.1466666666667,52.88,92.74,33.24,50.52,120.75,125.18,51.36,56.33,33.0711111111111,158.84,53.2
817,07/19/2019,55,55.94,111.16,91.81,101.41,148.66,194.91,124.82,29.4,35.51,45.27,473.24,205.97,34.7,45.63,36.83,106.74,70.67,90.65,81.74,27.94,91.04,213.52,13.88,57.11,19.77,18.7713493887898,17.45,53.84,200.89,49.72,100.6,44.39,162.87,92.86,79.98,138.83,101.02,15.13,56.5466666666667,42.72,60.08,35.05,50.65,108.47,150.23,55.0,46.03,44.56,195.88,46.1
818,07/19/2021,51.71,44.93,151.47,136.64,127.49,238.11,226.79,162.81,36.93,28.58,47.58,845.16,272.66,52.67,99.73,41.2,114.13,63.53,153.61,116.72,34.63,90.63,354.72,13.23,61.38,24.28,30.7456978967495,18.49,51.76,371.83,55.86,139.04,89.35,131.2,107.96,94.57,177.8,95.71,18.14,82.6866666666667,66.68,79.63,44.8,52.18,197.44,151.26,54.51,43.05,49.4533333333333,216.09,47.7
819,07/19/2022,54.97,51.74,168.29,166.52,122.63,238.08,275.69,147.78,33.35,25.37,43.58,628.34,283.55,60.85,98.97,37.89,111.71,77.92,113.02,108.82,34.67,100.5,318.05,13.04,63.48,16.86,27.9636711281071,18.05,57.73,289.14,60.8,153.28,81.65,164.71,101.22,111.96,160.19,95.17,20.04,93.72,63.2,67.33,32.89,48.31,119.05,158.35,47.46,42.9,63.95,198.47,52.6
820,07/19/2023,71.32,59.12,128.01,212.72,105.79,352.47,332.59,177.12,31.53,30,45.6,747.3,342.43,69.63,108.17,30.97,99.99,51.75,117.96,121.85,28.5,112.44,340.55,11.88,72.43,18.04,36.68,11.41,60.64,359.54,60.26,187.36,93.16,138.1,81.28,118.22,132.37,94.3,20.02,109.59,66.04,69.38,36.11,35.59,121.27,170.56,38.91,46.26,60.63,226.72,34.46
821,07/20/2018,43.06,53.32,107.47,70.39,93.42,139.53,146.16,100.15,30.13,31.98,52.46,502.78,196.78,29.67,35.95,40.2,70.7,94.22,97.23,72.06,28.49,83.47,231.69,15.1,52.34,25.46,20.373672488739,20.52,49.62,185.42,43.76,87.48,50.27,173.0,107.73,59.83,142.5,95.25,17.82,63.38,52.15,85.87,32.81,49.94,119.86,125.2,51.06,56.41,33.1733333333333,159.62,53.01
822,07/20/2020,35.98,31.41,103.21,104.13,90.93,154.38,203.9,94,23.58,20.4,35.94,579.6,190.48,43.76,56.14,24.67,77.06,34.93,60.84,47.49,18.45,74.14,211.71,8.73,41.09,10.29,16.1089866156788,11.46,35.44,293.93,37.78,113.48,51.86,98.79,77.74,88.13,102.94,63.02,10.23,46.8733333333333,33.84,60.36,22.38,35.72,134.22,118.77,35.57,24.57,42.2666666666667,207.93,32.02
823,07/20/2021,52.98,47.23,154.13,139.27,127.83,245.82,228.79,168.87,37.69,29.32,49.44,878.84,276.89,53.39,103.84,42.67,117.17,65.66,157.98,121.28,35.96,93.1,364.76,13.73,62.33,25.13,31.5200764818356,19.1,53.33,377.31,57.7,141.7,92.32,135.04,111.8,94.42,181.6,99.06,18.91,84.7466666666667,67.94,82.81,46.0,54.07,204.28,151.09,56.09,44.84,50.5666666666667,219.7,50.2
824,07/20/2022,54.7,51.52,168.41,166.57,122.34,242.03,275.27,148.93,33.36,25.42,43.13,634.73,286.04,60.68,101.1,37.57,110.88,79.13,114.76,109.8,34.69,99.73,321.45,12.96,63.29,17.16,29.0726577437859,18.14,57.7,291.03,61.28,153.45,81.81,165.54,97.18,111.34,160.15,95.82,20.27,95.49,62.83,66.97,33.3,48.02,121.1,158.2,47.05,42.72,63.67,199.84,53.27
825,07/20/2023,72.39,60.24,129.47,218.23,111.98,356.9,339.61,177.11,31.69,29.61,45.63,750.88,346.61,71.03,107.51,31.22,102.56,52.93,114.99,102.45,29.26,114.67,350.86,11.86,74.64,17.91,36.91,11.88,61.82,358.85,60.94,189.2,93.8,138.54,79.58,123.96,133.99,95.02,20.35,110.94,67.94,70.34,34.89,33.06,120.25,173.63,39.14,47.13,61.64,232.11,37.9
826,07/21/2020,36.51,31.96,104.7,104.04,91.86,157.33,206.22,96.33,24.42,21.26,36.69,580,192.27,44.29,57.62,25.55,78.15,37.24,62.87,49.01,19.36,75.21,212.02,9.22,41.64,10.74,16.395793499044,12.14,36.45,290.88,38.32,114.4,52.38,103.94,79.83,88.85,107.7,64.99,10.8,48.68,35.24,61.8,22.64,37.25,134.95,120.42,36.6,26.2,42.68,210.98,33.74
827,07/21/2021,53.88,48.29,153.96,140.85,128.79,251.12,230.06,172.51,38.46,29.92,50.06,882.68,279.88,53.27,105.79,44,117.64,68.39,163.21,125.55,36.88,93.85,373.5,14.05,62.61,25.66,32.0554493307839,19.41,54.11,379.0,58.99,142.39,95.68,133.05,113.6,94.01,184.87,101.21,19.24,87.0133333333333,69.56,85.13,47.14,55.28,207.36,151.84,57.2,45.8,51.0,224.62,51.64
828,07/21/2022,55.03,51.63,168.78,169.6,115.9,245.34,280.67,150.18,33.65,25.62,43.48,639.31,286.85,62.36,97.88,37.54,110.71,79.37,114.27,100,34.25,100.72,326.54,13.34,63.06,17.18,29.6558317399618,18.26,57.4,295.95,61.11,158.12,83.02,169.22,97.51,111.29,161.61,96.07,20.37,96.45,63.13,67.82,32.66,48.35,122.68,156.83,47.61,43.28,64.38,201.91,53.05
829,07/21/2023,72.41,59.95,129.54,218.61,110.82,353.87,340.9,170.22,31.98,29.32,45,751.21,345.76,71.2,104.89,31.05,102.56,50.75,115.57,105.11,28.23,114.69,351.96,11.78,74.16,17.84,36.82,11.43,61.5,357.78,61.2,191.43,94.01,137.86,78.75,124.39,134.26,94.77,19.72,109.47,66.48,70.27,34.67,33.05,119.7,172.82,38.42,45.96,61.57,233.59,36.11
830,07/22/2019,55.06,55.88,111.54,91.25,101.21,147.83,194.15,126,29.57,34.83,45.82,473.55,204.84,34.65,47.84,36.58,106.43,70.34,91.72,82.33,27.82,91.1,214.0,13.79,57.04,19.52,18.5386097206408,17.37,53.95,202.27,49.76,100.98,44.5,161.53,92.73,81.02,139.57,100.78,15.12,56.5533333333333,43.16,59.23,35.34,50.44,108.87,149.71,55.33,46.48,44.3466666666667,195.64,45.23
831,07/22/2020,36.66,32.19,105.93,104.45,93.52,157.96,207.86,96.54,24.31,20.91,36.04,582.54,192.1,44.96,58,25.51,80.22,36.66,64.05,50.7,19.42,75.68,206.0,9.23,42.12,10.53,16.434034416826,11.97,36.67,293.5,38.42,115.51,51.0,103.44,75.62,90.14,106.63,65.47,10.8,48.2866666666667,34.86,61.4,22.92,37.17,136.2,122.24,36.26,26.26,42.62,212.51,33.28
832,07/22/2021,53.1,47.56,152.41,142.11,128.25,246.88,232.51,170.9,37.96,29.44,49.83,866.86,277.7,53.57,110.13,43.49,115.02,67.12,161.43,123.96,36.02,92.91,372.71,13.75,61.58,25.13,31.4818355640535,19.0,53.52,381.21,57.81,145.9,95.57,128.99,110.83,93.4,181.72,99.45,18.96,85.62,67.25,84.89,45.91,54.33,205.37,147.76,55.81,45.03,50.14,226.34,50.32
833,07/22/2022,55.28,51.33,169.74,168.23,116.2,245.06,279.49,153.01,33.43,25.3,42.72,633.64,285.93,61.97,96.43,37.17,110.83,78,108.93,100,33.63,100.67,323.93,13.02,63.78,17.11,29.8470363288719,18.04,57.05,295.46,60.85,156.84,82.43,168.96,97.4,111.19,161.76,95.51,20.65,95.73,62.99,68.16,32.68,48.14,121.08,156.42,47.71,43.17,62.65,202.18,52.76
834,07/23/2018,43.48,53.4,107.45,70.79,93.19,143.02,147.19,101.22,30.75,32.48,53.25,508.51,197.85,29.6,35.99,40.53,70.89,95.77,99.35,73.13,29.19,84.35,233.76,15.37,52.42,26.02,20.4094785915311,20.84,49.89,186.12,44.59,87.44,50.74,174.63,110.9,59.58,144.16,96.92,18.27,64.3733333333333,52.61,87.02,33.51,50.75,121.31,124.24,51.87,58.0,33.1911111111111,160.59,53.8
835,07/23/2019,55.19,56.29,112.5,91.95,101.51,149.09,194.7,128.2,30.25,34.97,46.72,477.46,206.46,35.57,48.6,37.16,106.5,71.25,94.34,84.48,29.25,91.32,219.43,14.08,56.9,19.67,18.8877192228643,17.97,54.02,202.65,50.14,101.47,45.1,162.61,95.01,80.56,140.68,101.88,15.57,57.2533333333333,43.53,59.9,36.08,50.98,110.53,147.5,56.03,47.2,44.38,196.64,42.83
836,07/23/2020,36.99,31.87,107.35,104.03,94.67,156.81,207.37,96.67,24.54,20.8,36.54,578.15,193.25,45.11,56.67,26.05,82.67,37.37,65.4,51.63,19.41,80.32,203.02,9.7,42.4,10.68,16.453154875717,12.41,37.06,288.12,38.56,115.28,50.56,105.0,77.48,88.64,107.34,65.63,11.04,48.16,35.21,62.41,23.39,37.9,134.07,118.61,36.77,26.35,43.0,212.0,34.02
837,07/23/2021,53.37,47.31,155.02,143.05,129.74,248.89,232.48,173.18,37.7,29.3,49.97,868.95,278.49,54.35,111.3,43.63,115.24,67.02,160.08,123.01,35.78,93.36,374.05,13.82,61.4,24.82,31.0898661567878,19.1,53.57,381.86,57.63,147.41,94.55,129.33,111.49,94.73,183.02,99.5,19.1,85.6666666666667,67.91,85.35,46.51,54.46,207.35,147.87,55.72,44.59,49.8733333333333,226.41,50.86
838,07/24/2018,43.68,53.7,107.51,70.51,93.23,142.46,147.2,101.71,30.83,32.6,54.19,508.89,198.46,28.96,36.19,40.04,70.74,95.5,98.96,73.11,29.33,84.52,235.88,15.29,52.39,26.23,20.6422182596802,20.95,50.04,185.63,44.91,87.09,50.98,173.22,111.63,59.39,143.15,98.15,18.27,64.3,52.86,87.75,33.82,50.85,121.3,124.75,51.65,58.35,33.0133333333333,161.46,52.25
839,07/24/2019,53.92,57.39,113.8,92.37,102.08,151.47,195.89,127.95,30.67,35.05,47.1,477.15,207.97,36.15,49.24,37.62,107.26,72.37,96.92,92,29.66,90.88,222.03,14.34,57.53,20.06,19.2994894049742,18.44,54.74,203.03,50.37,102.08,45.5,163.72,99.46,81.02,141.33,102.55,15.95,57.7333333333333,44.28,59.6,36.59,51.54,113.27,148.85,56.59,48.45,45.7333333333333,197.18,43.51
840,07/24/2020,36.77,31.31,106.79,103.93,94.36,155.26,207.17,95.33,24.35,20.6,36.23,570.62,194.52,45.4,55.7,25.58,83.23,37.42,65.06,50.82,19.54,80.37,201.47,9.6,41.48,10.44,16.0803059273423,12.25,36.87,289.68,38.22,114.62,50.18,105.13,76.03,87.86,106.84,64.91,10.92,48.08,34.94,62.35,23.56,37.74,133.97,118.28,36.92,26.26,42.64,211.52,33.63
841,07/24/2023,72.46,60.26,130.51,219.64,112.11,354.98,342.57,167.79,32.65,29.53,45.51,756.58,349.63,70.63,105.13,32.14,102.74,51.83,117.22,108.84,28.66,114.51,358.93,12.11,74.84,17.96,36.95,11.89,61.48,356.88,61.98,192.47,94.67,139.79,79.58,125.24,135.6,96.52,20.0,109.65,66.56,71.24,35.84,33.5,120.69,174.84,39.26,46.42,61.32,232.25,37.05
842,07/25/2018,43.78,53.57,108.06,71.16,93.75,145.25,147.71,102.63,31.07,32.78,53.3,512.49,197.61,29.13,36.05,39.92,71.3,96.1,98.92,72.74,29.27,83.87,236.69,15.1,52.36,26.36,20.4452846943233,20.86,49.88,187.02,44.72,87.59,51.04,172.21,111.27,59.52,142.71,96.97,18.29,64.84,52.94,87.21,33.44,50.68,124.81,126.28,51.62,58.23,33.04,163.04,51.52
843,07/25/2019,53.77,57.08,113.36,91.85,102.04,146.97,196.85,127.15,30.34,34.62,47.29,473.87,207.9,36,49.72,37.02,107.19,71.79,95.9,91.76,29.56,92.15,219.98,14.41,57.63,19.53,19.2010226222957,18.12,54.77,200.86,50.14,101.74,44.87,163.32,99.03,81.18,140.84,102.46,15.72,55.3466666666667,44.07,59.48,36.51,51.25,113.92,148.49,56.56,48.09,46.14,196.65,44.25
844,07/25/2022,56.06,52.05,171.96,169.71,116.72,246.04,281.16,153.79,33.73,25.23,43.02,636.15,287.99,62.39,97.26,37.71,112.55,78.97,110.93,100.02,34.21,101.41,324.12,13.27,64.79,17.21,29.6080305927342,18.1,57.82,290.58,61.63,156.82,82.55,172.44,97.54,112.64,164.7,96.87,21.29,96.94,63.66,68.4,32.82,49.11,120.23,159.98,48.05,43.5,63.73,201.58,54.09
845,07/25/2023,72.5,59.89,129.62,220.32,110.47,354.68,343.21,166.5,32.15,29.28,44.8,746.02,347.58,72.47,104.4,31.17,101.7,50.24,114.51,107.96,28.03,114.08,354.7,11.97,74.51,16.62,36.94,11.62,61.0,361.7,61.72,193.4,94.42,137.87,78.35,123.55,133.54,95.39,19.94,110.09,65.44,70.73,35.16,32.58,119.37,172.12,37.86,45.48,60.74,233.0,35.78
846,07/26/2018,44.41,54.25,110.15,71.2,94.76,148.43,148.19,102.5,30.94,32.73,53.4,505.11,197.46,29.43,36,39.96,72.3,95.25,96.48,71.94,29.55,86.78,237.11,15.31,53.21,25.72,20.6511697853782,21.14,50.13,185.72,45.22,85.5,50.99,172.96,111.61,60.12,142.59,98.1,18.39,62.1333333333333,52.65,86.93,30.0,51.06,121.6,129.49,52.36,58.31,33.8222222222222,162.22,51.69
847,07/26/2019,53.89,57.27,114.42,92.33,102.93,149.93,194.56,126.78,30.77,34.96,47.6,478.17,209.9,36.39,49.26,37.68,107.83,73.07,98.08,92.91,30.04,92.93,222.14,14.61,58.14,19.61,19.3352955077663,18.51,54.84,203.4,50.69,102.45,45.74,164.95,99.64,81.7,142.8,103.27,16.04,56.5533333333333,44.05,60.37,36.6,51.65,115.2,149.93,57.38,49.3,46.88,199.18,45.16
848,07/26/2021,53.7,47.71,155.78,140.22,130.5,251.15,251.56,172.61,38.13,29.86,50.25,871.49,278.8,54.4,113.29,44.21,116.77,67.75,162.34,124.74,36.32,93.86,375.9,13.92,61.93,25.07,31.4435946462715,19.35,53.97,379.79,58.05,147.64,96.54,132.25,112.5,94.64,184.52,100.74,19.34,86.6666666666667,68.04,86.16,47.14,54.9,206.23,148.82,56.18,45.01,49.7,206.07,51.48
849,07/26/2022,55.64,51.73,171.94,169.99,115.12,241.58,279.24,149.83,33.05,24.87,42.11,622.94,285.31,61.69,93.6,36.61,113.62,76.68,106.36,98.36,33.15,100.65,318.55,12.88,64.36,16.77,29.4359464627151,17.63,57.87,286.57,61.25,155.81,80.79,169.8,95.31,112.59,161.72,96.05,20.62,94.25,61.17,66.99,31.75,48.47,117.13,160.86,47.42,42.9,63.55,200.77,52.74
850,07/26/2023,72.77,60.84,132.57,219.75,112.96,354.48,341.25,167.75,32.41,29,45.62,743.16,349.8,71.65,104.71,32.44,103.62,53.47,114.04,106.49,28.53,114.0,357.56,12.17,75.66,16.44,37.06,12.42,61.63,359.25,62.85,192.0,93.54,140.44,79.85,126.23,136.01,96.83,20.23,110.75,66.62,71.47,34.86,33.36,118.8,174.16,38.89,46.44,61.77,232.93,38.45
851,07/27/2018,46.31,54.36,109.18,70.89,94.64,148.75,144.5,103.85,31.06,32.45,53.41,502.92,197.95,29.28,35.29,40.1,74.44,96.29,94.47,73.16,29.51,87.73,237.64,15.51,51.97,25.97,22.163977628347,21.27,49.77,176.6,45.56,84.26,51.05,175.6,110.96,59.87,144.4,98.89,18.56,62.0666666666667,52.55,87.0,29.92,51.32,119.01,130.73,52.6,58.63,33.5155555555556,160.62,51.68
852,07/27/2020,36.43,30.85,105.67,103.53,92.7,156.34,207.02,95.79,24.14,21.02,35.75,575.33,192.14,45.49,55.25,24.86,82.45,36.84,65.74,51.76,19.42,79.57,203.02,9.27,40.84,10.71,16.0420650095602,12.09,36.28,289.5,37.8,114.61,51.32,102.9,76.61,87.3,104.92,64.22,10.61,47.4666666666667,33.84,62.85,23.74,36.67,134.2,116.63,36.16,25.49,41.9133333333333,211.51,32.41
853,07/27/2021,53.8,47.42,156.72,140.33,131.45,249.55,259.58,172.94,37.98,29.44,50.19,861.88,280.78,54.78,114.21,44.32,116.05,67.63,162.54,124.5,36.38,93.41,374.84,13.91,61.9,24.26,31.395793499044,19.36,53.75,380.97,57.74,146.71,96.48,133.96,112.22,95.88,184.27,100.53,19.39,86.0,67.37,85.7,47.23,54.95,203.39,149.38,56.15,45.14,49.5133333333333,206.0,51.68
854,07/27/2022,56,52.52,172.14,173.31,116.98,256.52,286.06,151.63,33.59,25.43,42.88,643.32,290.3,63.08,97.72,37.33,113.46,78.07,108.94,100.29,33.74,101.34,324.54,13.09,64.34,16.67,30.4493307839388,18.02,58.01,293.62,62.25,158.11,82.51,172.98,96.96,113.12,163.0,97.64,21.17,95.87,62.51,68.91,32.58,49.55,120.44,158.96,48.21,43.71,63.65,203.19,53.55
855,07/27/2023,72.06,60.64,134.74,217.15,112.78,348.5,337.06,163.6,31.95,28.41,45.14,729.07,349.31,70.56,103.28,31.93,102.62,52.37,114.02,104.18,28.57,111.13,354.51,12.0,76.07,16.15,36.96,12.26,62.04,351.39,62.32,189.51,92.75,138.22,79.17,125.31,133.12,96.38,19.96,108.48,65.82,70.48,34.73,31.99,117.11,174.87,38.82,45.77,62.5,212.25,37.61
856,07/28/2020,36.29,30.95,105.98,103.76,92.27,154.05,205.74,94.42,24.36,20.56,36.07,570.7,194.12,44.48,54.15,24.18,83.4,36.65,64.1,50.11,19.27,78.39,201.62,9.13,40.45,10.37,15.736137667304,11.99,36.38,282.66,37.59,114.21,50.26,102.84,77.1,87.42,104.83,64.08,10.54,46.68,33.66,63.09,23.08,36.87,133.93,115.03,36.32,25.53,41.4666666666667,209.94,32.26
857,07/28/2021,53.79,46.95,156.62,137.51,130.41,252.06,262.29,170.02,38.13,29.2,50.35,860.71,278.1,54.1,114.36,43.3,113.7,68.4,161.39,123.32,36.45,93.14,374.23,13.99,60.86,24.14,31.5009560229446,19.59,53.25,378.58,57.64,144.79,96.07,134.46,111.84,94.52,183.76,100.58,19.41,86.7933333333333,67.85,86.24,47.21,55.08,202.85,146.82,56.04,45.51,48.6266666666667,201.6,52.36
858,07/28/2022,56.42,50.49,172.15,176.06,115.74,262.59,292.76,152.14,33.32,26.56,43.03,659.98,293.9,64.38,102.48,37.35,97.68,77.54,107.71,99.48,33.43,99.5,329.11,13.04,62.85,17.25,30.9273422562142,17.91,57.74,306.28,61.85,161.77,82.95,173.89,97.97,114.19,162.9,98.1,20.92,95.38,67.7,69.97,32.66,49.56,120.78,155.74,46.12,43.32,61.8,204.63,53.48
859,07/28/2023,72.39,60.16,133.27,216.22,112.46,345.21,319.82,165.43,31.9,29.51,44.98,738.34,349.81,70.59,105.05,32.29,109.65,53.9,114.85,104.67,28.85,112.19,353.23,12.17,72.24,16.6,36.9,12.57,62.19,353.46,62.56,188.86,91.57,140.05,80.06,125.03,135.5,96.28,20.25,109.18,65.96,71.17,34.59,33.01,126.79,173.26,39.54,46.14,62.38,209.1,38.69
860,07/29/2019,52.96,56.48,113.42,92,101.81,149.74,195.79,127.19,30.52,34.59,46.82,478.31,208.61,36.32,48.65,37.53,106.26,72.09,96.92,91.77,29.77,91.9,220.32,14.33,57.75,19.33,19.0846527882212,18.34,53.91,201.47,50.0,103.13,45.23,163.7,99.02,81.2,141.96,102.5,15.81,54.5733333333333,43.71,59.13,36.35,51.2,114.96,148.74,57.06,48.28,46.7066666666667,199.36,44.65
861,07/29/2020,36.5,32.67,107.58,104.8,94,156.91,205.8,96.69,25.27,21.12,36.35,577.6,196.41,44.96,55.14,25.35,83.44,38.82,66.38,51.83,20,80.74,202.58,9.45,41.44,10.6,16.0420650095602,12.56,37.37,291.36,38.68,115.58,50.59,106.82,79.26,88.92,108.95,65.48,11.04,47.6733333333333,34.08,64.39,23.78,38.34,135.82,116.85,37.71,25.78,42.2666666666667,210.13,33.37
862,07/29/2021,55.61,47.87,157.95,139.51,132.52,259.21,263.77,171.95,38.68,29.8,51.3,869.39,279.76,54.84,116.7,42.85,117.71,69.39,163.91,125.49,36.64,94.23,377.55,14.36,63.21,24.35,32.0076481835564,19.87,53.86,377.31,58.23,146.8,96.28,135.23,113.61,95.76,185.16,101.43,19.53,87.3333333333333,68.57,87.96,48.32,55.32,203.95,148.88,56.44,46.5,49.04,203.56,52.84
863,07/29/2022,57.3,51.77,175.78,178.99,116.97,269.92,291.04,154.02,33.81,27.45,43.46,669.18,300.6,65.1,102.07,37.97,97.34,77.77,109.83,101,34.12,100.73,333.39,13.29,64.47,17.74,31.1376673040153,18.3,58.25,310.25,63.25,163.96,84.3,177.45,99.78,115.06,165.94,99.99,21.18,98.47,69.05,71.04,33.48,50.47,123.47,158.7,47.2,43.87,62.53,206.94,54.55
864,07/30/2018,46.33,54.94,109.71,71.14,94.59,146.97,143.39,100.85,31.31,34.31,53.46,500.18,199.09,29.41,34.96,40.07,75.4,96.62,93.77,71.9,29.75,88.17,238.95,15.49,52.67,27.36,22.0655108456685,21.15,49.82,170.81,45.76,84.07,50.9,175.65,110.01,59.42,145.36,100.14,18.82,60.6666666666667,51.32,87.22,29.51,51.44,117.38,131.1,52.98,58.49,33.5066666666667,159.56,52.38
865,07/30/2019,52.88,56.32,114.61,91.81,101.83,148.53,193.17,126.47,30.89,33.83,47.04,478.41,207.81,36.41,49.07,37.64,105.87,73.23,91.21,91.05,29.88,91.72,221.4,14.44,57.77,19.37,19.254731776484,18.54,53.67,202.24,50.01,100.45,44.67,164.47,99.09,80.71,141.92,102.34,16.05,54.52,43.02,58.88,36.19,51.39,115.36,147.62,57.14,48.55,46.9733333333333,197.49,45.48
866,07/30/2020,35.29,31.78,105.28,104.57,92.08,152.04,207.43,94.65,24.84,20.67,35.86,573.09,194.3,44.76,54.67,24.78,79.81,38.25,64.84,50.41,19.69,79.74,199.53,9.31,40.5,10.1,15.5736137667304,12.21,36.53,283.77,37.55,116.71,48.95,105.78,77.93,88.52,106.27,63.66,10.75,46.0533333333333,33.58,63.5,23.17,37.24,134.47,115.93,36.91,24.65,41.5333333333333,211.49,32.78
867,07/30/2021,55,47.35,157.81,139.31,130.05,257.56,260.03,170.53,38.36,29.55,51.33,867.17,278.29,54.4,115.27,42.16,117.88,68.66,161.7,124.32,36.29,93.11,374.88,14.08,63.62,24.38,31.7304015296367,19.66,53.63,376.0,57.7,147.22,95.98,133.85,112.85,95.16,182.41,100.28,19.25,86.32,67.95,87.14,47.02,54.43,204.16,148.92,55.54,45.94,48.78,206.08,52.15
868,07/31/2018,46.54,55.21,110.3,71.35,95.12,145.67,143.55,99.52,30.88,34.32,53.47,502.76,197.87,29.26,34.92,39.78,75.63,96.94,94.32,71.41,29.59,88.07,237.43,15.44,52.7,26.99,21.7074498177469,20.87,50.78,171.12,45.74,83.36,50.56,173.35,109.22,60.01,144.83,100.91,18.61,61.06,51.06,88.31,28.94,50.81,119.08,130.14,53.01,57.29,33.6933333333333,159.42,51.7
869,07/31/2019,52.64,55.99,113.36,90.43,107.4,145.51,189.25,124.37,30.68,32.63,46.92,467.68,205.43,35.93,47.98,37.26,107.33,73.2,92.42,89.74,29.69,91.32,220.13,14.25,57.63,19.19,19.0936043139193,18.37,53.54,214.34,49.42,98.8,44.56,164.25,98.0,80.98,142.9,101.31,15.93,53.78,43.22,58.09,35.88,51.53,113.39,146.62,57.15,48.41,46.26,195.22,45.07
870,07/31/2020,35.57,32.14,107.47,107.49,94.39,153.63,205.22,93.32,24.88,21.05,35.85,575.01,195.78,45.47,53.28,24.81,77.93,38.52,63.8,49.43,19.86,79.6,197.96,9.27,42.32,10.04,15.4875717017208,12.01,36.41,281.3,37.85,116.6,48.88,105.95,78.35,90.34,106.67,63.37,10.86,46.32,33.15,63.79,22.13,37.46,138.1,114.42,36.84,24.26,41.1666666666667,210.01,32.47
871,07/31/2023,72.34,60.28,134.51,214.8,112.68,348.45,318.5,168.88,32,29.24,45.36,738.85,351.96,70.45,104.79,32.26,107.58,53.96,117.02,105.55,29.1,112.17,355.87,12.24,71.88,16.8,36.79,12.31,62.65,352.75,62.97,188.42,91.56,139.86,80.12,125.98,136.89,96.49,20.37,110.07,66.1,72.44,34.54,33.22,123.26,172.61,39.68,46.16,61.69,211.33,38.25
872,08/01/2018,46.73,54.99,109.3,71.34,94.65,142.88,142.32,99.45,31.25,32.45,53.28,479.45,197.85,28.98,34.78,39.92,75.25,97.62,95.19,71.51,29.78,87.21,236.04,15.49,52.58,25.82,21.3672918412214,21.09,51.59,171.15,45.62,83.05,50.18,173.56,109.26,60.52,145.02,100.51,18.83,61.0066666666667,50.88,87.27,29.2,51.11,117.27,128.96,52.61,57.65,33.7066666666667,159.15,52.81
873,08/01/2019,52.31,54.71,111.75,89.97,104.88,140.56,189.97,124.09,29.49,31.51,45.97,451.95,201.71,35.89,46.82,35.68,106.29,68.41,91.3,87.62,28.37,88.61,211.6,13.57,56.9,18.02,18.4222398865663,17.32,52.87,216.05,48.33,98.61,42.93,155.76,94.73,80.12,138.26,91.09,15.23,52.2,41.29,55.59,35.52,49.63,110.47,145.78,55.69,47.06,45.8666666666667,196.04,42.94
874,08/01/2022,56.71,51.04,174.61,172.52,116.16,266.56,280.34,153.33,33.71,27.94,43.29,671.39,295.86,63.18,103.24,37.58,94.89,77.77,109.73,102.22,34.13,99.09,332.08,13.35,63.43,18.05,31.2045889101338,18.29,55.65,307.51,62.89,161.96,84.09,176.09,98.75,113.26,166.06,99.65,21.12,98.66,68.72,70.36,33.74,50.3,123.42,156.27,47.51,43.54,61.42,203.82,53.93
875,08/01/2023,72.11,60.38,135.04,219.24,113.03,349.01,319.49,169.65,31.62,28.79,45.16,732.26,352.26,70,106.08,31.1,108.41,52.57,116.48,104.82,28.81,112.57,357.72,12.24,71.99,16.83,36.16,11.99,62.96,352.36,62.82,189.7,90.94,138.7,80.22,127.42,135.43,96.34,20.35,109.49,65.72,72.13,34.72,32.8,121.09,172.31,38.71,45.71,61.69,212.6,37.1
876,08/02/2018,46.36,55.16,109.01,71.15,97.54,140.23,141.4,99.73,31.28,31.81,52.63,475.31,198.06,29.19,34.72,40.29,75.25,98.39,95.77,71.85,30.01,86.38,233.99,15.72,52.76,24.96,21.1972128529587,21.33,50.97,171.89,46.19,82.82,49.81,174.65,109.08,61.68,145.14,99.88,19.07,60.6466666666667,50.13,86.83,29.69,51.32,117.44,128.33,52.55,58.29,33.68,145.73,53.53
877,08/02/2019,52.53,54.33,111.08,90.08,104.51,135.3,191.04,124.31,29.38,31.44,46.03,448.22,202.67,35.85,46.62,35.51,106.25,67.89,89.85,86.68,28.21,87.65,209.37,13.48,57.48,17.84,18.0552273329466,17.2,52.51,214.3,47.29,98.93,42.12,157.62,93.76,79.76,137.96,88.56,15.33,51.8333333333333,40.75,55.66,35.06,49.35,110.05,146.92,55.43,47.44,46.3666666666667,195.38,42.55
878,08/02/2021,54.71,47.37,157.26,139.18,129.76,258.42,259.94,169.27,37.96,29.77,51.28,873.26,278.14,54.24,115.19,41.79,119.11,67.66,160.1,123.88,36.08,92.7,378.19,14.0,64.42,24.42,32.1414913957935,19.54,53.65,379.22,57.83,147.99,96.23,133.36,111.94,95.04,181.78,100.2,19.11,86.9133333333333,67.74,87.01,46.85,54.14,206.24,148.95,55.13,45.79,48.5533333333333,203.96,51.63
879,08/02/2022,58.74,50.71,171.57,172.34,115.7,264.11,280.26,151.6,33.04,27.38,42.95,666.16,292.17,62.88,100.57,36.73,94.61,76.64,106.94,100.16,33.69,97.82,327.88,13.21,62.96,17.66,30.9847036328872,17.98,55.34,307.51,62.01,161.85,83.53,173.81,98.46,113.19,163.31,97.99,20.83,98.01,67.55,69.22,32.82,49.62,122.64,156.71,46.93,42.88,61.11,205.52,53.1
880,08/02/2023,76.24,61.27,142.76,221.55,106.51,347.76,323.39,166.75,31.19,28.35,45.23,717.44,351.19,70.72,102.89,31.05,109.39,51.92,113.25,103.15,28.37,113.43,351.1,12.06,72.19,16.36,35.89,11.9,62.87,343.67,62.75,191.0,89.32,138.43,80.13,125.36,134.12,95.31,20.26,108.56,65.34,72.71,34.14,32.31,118.53,171.1,38.43,45.1,62.65,213.16,36.63
881,08/03/2018,46.59,53.65,108.14,71.46,98.05,140.86,143.12,100.79,31.51,32.3,52.77,482.4,200.24,29.29,35.01,40.42,75.54,98.02,96.68,73.34,29.71,86.87,234.09,15.73,52.76,25.15,21.940189485896,21.36,51.14,172.68,45.33,83.15,49.91,174.43,109.81,61.55,145.03,99.42,19.14,60.8933333333333,50.29,86.88,29.85,51.6,117.4,129.7,52.91,58.83,33.7733333333333,148.82,53.34
882,08/03/2020,35.36,32.14,107.29,106.09,96.19,155.69,200.23,93.54,24.99,21.47,36.03,579.95,199.26,45.53,53.06,24.23,78.4,38.05,63.49,49.5,19.64,79.55,199.39,9.27,42.0,10.0,15.6214149139579,12.03,35.6,280.63,37.3,115.82,49.46,105.03,79.28,89.89,105.93,64.43,10.76,47.6333333333333,33.34,64.32,22.72,37.77,137.4,114.4,36.8,24.29,41.4266666666667,204.65,32.45
883,08/03/2021,55.6,47.74,158.04,138.55,130.71,259.87,264.06,169.04,38.55,30.71,52,880.21,281.8,54.12,115.16,42.87,118.94,69.37,161.43,126.01,36.84,92.35,380.36,14.45,65.21,24.5,32.2466539196941,20.01,53.58,379.15,58.29,150.33,96.6,136.24,112.67,96.61,186.34,102.16,19.62,86.3466666666667,67.41,88.02,47.12,55.31,209.66,150.39,55.89,46.83,48.3666666666667,212.94,52.74
884,08/03/2022,59.01,51.58,154.1,177.24,115.06,270.06,286.03,155.43,33.64,27.57,43.71,690.54,294.96,64.29,101.09,37.28,96.7,78.09,109.06,102.76,34.31,98.98,333.17,13.39,63.45,17.9,31.376673040153,18.11,55.34,309.92,63.6,165.39,85.05,176.51,99.83,114.75,165.35,96.81,21.15,100.11,68.98,71.02,34.0,50.4,126.71,158.12,47.66,43.89,62.14,208.32,53.96
885,08/03/2023,77.05,61.14,141.69,222.2,111.36,352.49,317.32,166.41,31.41,28.38,45.56,710.17,353.81,70.62,102.61,31.48,109.39,52.94,112.92,102.59,28.48,114.0,353.16,12.21,72.6,16.65,35.68,12.04,63.32,338.05,64.42,191.04,89.14,139.82,80.81,128.85,133.02,96.79,20.5,109.65,65.87,73.0,34.3,32.28,117.02,169.4,39.45,45.15,62.34,213.79,37.41
886,08/04/2020,35.06,29.72,107.15,105.44,96.24,153.42,199.64,93.19,25.01,21.21,35.84,571.04,200.24,45.46,52.16,24.21,77.46,37.88,63.24,48.72,19.49,78.68,201.64,9.17,40.57,9.77,15.5831739961759,12.08,35.38,276.0,36.9,117.39,49.26,104.06,79.28,90.25,105.29,63.28,10.7,47.2866666666667,33.95,64.91,22.65,37.18,137.09,113.1,36.23,24.22,40.8,204.73,32.23
887,08/04/2021,54.94,47.09,155.62,136.95,128.93,255.56,259.41,168.06,38.27,30.6,51.49,882.01,278.78,53.7,116.75,42.15,115.9,68.72,161.19,126.12,36.37,91.6,377.86,14.26,64.49,24.02,31.9024856596558,19.63,53.01,382.76,57.13,148.89,96.29,133.03,111.19,95.35,185.02,99.9,19.28,85.6133333333333,67.67,86.59,47.17,54.59,209.83,149.52,55.06,46.15,47.9666666666667,211.19,52.23
888,08/04/2022,59.17,51.12,156.24,176.49,113.92,270.48,285.75,156.87,33.4,27.63,43.06,696.01,292.91,64.31,102.84,36.6,95.5,76.69,106.89,102.36,33.79,97.72,331.87,13.32,63.13,17.8,31.5678776290631,17.74,54.38,313.29,63.8,165.31,85.36,175.44,99.85,116.78,164.08,95.95,21.02,100.33,69.0,70.33,33.76,49.27,125.18,157.7,47.07,42.77,61.18,210.09,53.31
889,08/04/2023,76.85,60.69,141.78,220.81,109.87,344.86,315.06,165.41,31.3,28.34,45.39,710.28,349.99,70,102.73,31.25,109,53.03,113.38,102.36,28.47,113.58,353.22,12.19,72.52,16.65,35.5,11.92,62.92,340.05,63.53,189.59,88.79,139.87,80.25,126.54,131.46,96.51,20.61,107.84,64.92,73.14,34.36,32.07,115.56,168.65,39.86,44.85,61.9,212.76,37.92
890,08/05/2019,51.36,52.81,108.14,86.45,101.78,130.45,183.25,120.72,28.08,30.53,45.06,431.32,197.73,35.28,44.53,34.62,103.8,64.43,86.62,83.2,26.98,84.71,201.68,12.93,56.56,17.17,17.249590020123,16.45,50.72,202.69,45.57,95.73,40.49,153.96,89.33,77.34,132.92,85.95,14.56,50.0066666666667,38.84,53.8,33.74,47.37,105.71,143.93,53.05,46.14,45.2533333333333,188.71,41.18
891,08/05/2020,35.55,30.18,122.31,105.5,94.76,156.17,198.53,95.39,25.39,22.18,36.3,582.15,203.62,45.63,52.94,24.87,79.56,38.37,64.67,50.45,19.87,80.3,204.52,9.39,42.03,10.27,15.8604206500956,12.28,36.48,277.62,38.28,118.43,49.77,104.6,80.39,90.62,106.56,67.2,10.93,48.1133333333333,34.2,66.74,23.33,37.66,138.97,115.08,36.86,24.4,41.2933333333333,202.52,33.07
892,08/05/2021,55.57,48.66,158.79,138.62,127.93,261.69,262.4,169.63,39.02,31.04,51.8,889.28,280.21,54.2,115.7,43.13,116.39,70.1,163.19,127.1,36.98,92.62,384.3,14.41,65.41,24.35,32.8011472275335,19.9,54.02,386.84,58.84,150.93,97.83,134.38,112.23,95.42,186.68,102.08,19.54,86.98,69.3,87.49,48.29,55.55,212.27,150.58,55.81,46.99,48.44,217.51,53.12
893,08/05/2022,59.43,51.83,155.29,178.51,117,269.06,287.53,157.51,33.96,27.65,43.5,695.93,292.07,64.9,101.2,37.21,97.26,78.19,106.33,102.35,34.67,97.88,334.67,13.45,64.16,17.92,31.5296367112811,18.06,55.12,311.07,63.3,165.6,86.13,178.77,99.86,118.28,167.04,96.51,21.35,102.3,69.31,70.66,33.9,50.1,125.04,158.96,47.39,43.76,61.83,208.81,54.0
894,08/06/2018,46.64,53.42,106.03,71.54,98.4,140.45,143.78,100.92,31.52,32.63,53.03,483.46,206.06,29.44,35.28,40.13,75.96,97.56,96.53,73.14,29.56,87.27,235.93,15.79,52.7,25.31,21.8685772803117,21.3,50.95,171.57,45.91,83.49,49.99,175.18,110.53,61.43,145.4,99.67,19.12,61.0933333333333,50.4,86.94,29.65,51.42,118.55,130.0,52.93,58.89,33.7466666666667,149.4,53.23
895,08/06/2019,52.03,54.38,109.63,88.56,103.87,133.27,187.39,122.55,28.42,30.72,45.45,435.71,200.55,35.99,45.81,34.78,106.99,65.13,88.3,84.31,27.26,86.38,206.01,13.06,57.62,17.23,17.688214779327,16.65,51.55,206.3,46.85,97.66,41.22,154.76,90.09,79.55,134.38,86.23,14.75,51.0666666666667,39.41,53.5,34.27,47.77,107.26,145.96,53.56,46.93,46.4466666666667,194.15,42.02
896,08/06/2020,35.41,29.32,118.87,105.56,94.48,155.85,195.61,95.92,25.47,21.85,35.99,582.23,205.02,45.62,53,24.76,79.45,38.13,63.55,50.11,19.77,80.33,204.25,9.3,41.58,10.32,15.7074569789675,12.18,36.51,279.32,36.98,118.77,49.45,103.57,80.06,89.61,107.03,64.65,10.84,47.9666666666667,33.14,66.54,23.09,37.55,138.16,113.74,36.79,24.24,41.46,199.95,32.57
897,08/06/2021,56.24,50.95,160.03,139.06,130.82,265.59,261.52,171.36,40.15,31.66,53.16,896.09,285.63,54.48,114.29,43.97,119.29,72.25,165.95,130.06,37.73,94.13,397.89,14.72,66.4,24.82,33.3843212237094,20.33,54.93,384.97,60.71,149.89,99.73,137.98,115.37,96.92,190.27,104.76,19.96,89.2533333333333,71.93,90.0,49.4,56.6,214.0,152.82,57.0,48.77,48.98,215.98,54.99
898,08/07/2018,46.7,52.99,106.46,71.59,98.77,140.77,143.42,101.97,31.51,33.07,52.94,487.46,208.72,29.57,35.56,40.41,75.05,97.96,97.31,74.8,29.64,87.53,237.83,15.87,52.86,25.44,21.8327711775195,21.46,50.84,173.25,46.05,83.74,50.13,175.58,111.11,61.82,145.92,100.33,19.31,61.4866666666667,50.79,87.06,30.09,51.71,119.36,129.94,53.3,58.82,33.5288888888889,151.16,53.38
899,08/07/2019,52.11,54.41,117.89,88.33,103.33,131.05,186.37,123.54,27.89,30.32,44.73,430.39,198.21,36.14,46.5,33.23,107.36,62.7,87.95,83.77,26.54,85.99,205.74,12.8,58.01,16.85,17.5807964709505,16.16,50.6,208.25,46.33,97.05,40.56,150.6,88.0,78.47,129.76,85.17,14.48,50.6533333333333,37.58,52.5,34.41,47.13,107.04,147.36,52.61,45.81,46.92,193.35,41.32
900,08/07/2020,36.52,30.66,122.21,106.81,96.91,159.84,195.44,99.16,26.11,22.31,37.75,588.19,209.48,46.06,52.52,25.43,81.67,40.02,65.75,51.39,20.45,82.68,208.27,9.66,42.8,10.78,16.1089866156788,12.53,37.76,275.52,38.72,117.74,50.35,107.61,83.25,90.73,109.7,67.96,11.26,49.8533333333333,34.04,69.57,23.69,39.06,139.63,117.36,37.46,25.07,42.5933333333333,199.47,33.79
901,08/07/2023,77.95,61.91,142.1,224.06,110.74,349.53,318.28,166.96,31.88,28.54,46.33,712.55,362.58,71.14,103.93,31.51,109.72,53.34,115.27,102.94,28.58,115.36,355.56,12.27,73.64,16.98,35.57,12.05,63.5,342.41,64.18,192.05,89.08,141.55,80.85,127.66,132.4,98.13,20.98,108.94,65.97,73.9,34.75,32.6,116.62,170.12,40.12,45.06,63.01,211.6,38.14
902,08/08/2018,46.87,52.44,107.75,71.65,99.21,141.46,143.38,102.78,31.8,33.3,53.14,487.05,208.94,29.78,35.97,41.01,75.08,98.61,97.63,75.5,29.85,88.02,236.37,16.08,52.47,25.6,21.7969650747273,21.61,50.73,172.6,46.37,84.0,50.12,177.15,111.47,61.91,146.34,101.52,19.37,61.1333333333333,50.5,86.73,30.05,52.01,119.7,129.21,53.52,59.19,33.5955555555556,151.52,53.68
903,08/08/2019,52.88,56.82,119.46,90.2,105.3,134.94,189.7,125.29,28.38,30.57,45.57,437.62,200.52,36.81,48.23,33.5,109.74,63.22,88.76,84.63,26.84,88.1,207.0,13.0,58.7,17.07,17.8403907161937,16.52,51.66,214.65,47.17,99.66,41.27,152.87,90.57,79.83,131.59,86.03,14.72,51.4,37.45,53.41,35.01,47.49,110.25,148.22,52.96,46.4,47.92,198.22,42.13
904,08/08/2022,59.58,52.27,158.07,179.39,118.29,270.17,289.83,157.28,33.49,27.85,43.08,696.27,292.34,65.28,102.71,37.21,98.34,78.49,107.82,102.88,34.49,98.15,334.68,13.46,64.6,18.1,31.6347992351816,18.15,55.37,312.85,62.94,166.97,86.03,179.26,99.25,118.49,166.04,97.3,21.26,101.96,68.45,70.3,34.43,49.75,127.77,159.98,46.95,43.19,62.05,210.68,54.09
905,08/08/2023,77.06,61.5,143.09,220.53,110.44,347.06,314.14,165.87,31.27,28.15,45.72,696.98,363.73,70.24,103.77,31,108.48,52.95,114.59,104.64,28.05,114.12,348.26,12.0,73.08,16.75,35.4,11.94,63.61,337.82,63.5,189.41,88.47,139.49,79.59,126.5,130.05,97.31,20.9,108.31,65.52,72.73,34.84,32.41,114.81,167.88,40.23,44.48,62.68,203.44,38.18
906,08/09/2018,46.76,52,105.95,71.36,99.48,139.66,142.98,102.99,31.6,32.89,52.29,484.1,209.1,29.72,35.77,40.59,75,97.91,97.62,75.67,29.52,87.53,233.78,15.93,52.2,25.49,21.7432559205391,21.57,50.33,172.04,46.12,84.02,49.44,175.94,110.73,62.54,145.22,99.94,19.28,60.5333333333333,50.73,85.8,29.98,51.2,118.89,129.56,53.48,58.44,33.8577777777778,151.61,53.15
907,08/09/2019,52.88,56.26,119.84,90.42,104.09,131.82,189.43,126.17,28.33,29.32,45.81,426.33,199.05,36.74,47.56,33.31,109.97,62.63,87.71,83.99,26.74,88.01,206.9,13.0,58.6,16.37,17.5091842653662,16.47,50.97,214.13,46.91,99.28,41.5,153.0,89.45,80.6,132.34,84.82,14.67,51.1533333333333,36.87,52.96,35.26,47.35,108.65,149.07,52.79,46.3,47.78,197.22,41.85
908,08/09/2021,56.11,51.85,159.69,140.31,132.68,265.61,263.84,170.78,40.67,32.39,53.38,901.97,287.23,54.79,114.24,43.88,119.63,71.99,166.21,129.44,37.56,94.28,399.88,14.64,66.73,24.84,33.4894837476099,20.2,55.1,382.42,60.46,150.64,100.74,138.49,114.96,97.12,190.01,104.81,19.89,90.2866666666667,73.42,90.57,48.97,56.72,215.57,153.37,57.04,48.65,48.9733333333333,217.84,54.55
909,08/09/2022,60.42,53.55,158.12,182.75,119.74,271.37,293.42,158.8,33.92,27.52,43.19,696.51,292.77,65.52,100.82,37.15,98.84,79.24,106.38,101.88,34.72,100.16,336.62,13.58,65.76,17.85,31.7590822179732,18.11,56.06,310.52,63.9,167.06,86.36,179.92,98.98,119.66,165.92,98.58,21.46,103.64,69.04,70.38,33.9,49.79,124.67,162.92,47.18,43.4,62.98,211.36,54.63
910,08/09/2023,75.67,60.34,140.78,223.69,109.6,343.25,316.85,163.82,30.86,27.96,45.27,692.09,358.02,70.64,100.09,30.6,108.61,51.7,111.81,104.36,27.5,113.3,342.69,11.9,72.84,16.71,35.12,11.51,63.17,337.78,62.63,190.73,87.56,135.1,79.0,126.5,127.35,95.07,20.61,106.4,65.29,72.23,34.4,31.47,113.01,167.29,39.65,43.72,62.76,202.29,37.4
911,08/10/2018,46.48,52.22,106.28,70.87,98.63,137.12,141.76,101.58,31.19,32.09,51.02,478.95,206.63,29.65,35.35,40.27,74.39,97.14,96.1,74.52,29.34,86.61,229.61,15.84,51.68,24.7,21.1882613272606,21.38,50.11,170.99,44.65,83.01,48.39,173.96,108.4,62.44,143.55,96.97,19.13,59.98,50.61,83.99,29.41,50.75,117.14,128.87,53.1,58.05,33.7644444444444,149.73,53.06
912,08/10/2020,37.47,31.46,124.2,107.44,97.25,160.83,192.84,101.62,26.56,22.38,37.94,580.2,212.58,45.93,52.33,25.88,83.42,41.04,67.41,53.77,21.03,84.79,209.38,9.87,43.66,10.79,16.491395793499,12.71,38.6,271.15,39.78,116.41,50.58,109.07,83.66,90.12,109.66,69.54,11.5,50.64,33.8,69.87,24.59,39.42,138.66,119.12,37.47,24.7,42.92,197.08,34.7
913,08/10/2021,56.7,53.14,162.28,140.88,134.33,268.43,267.36,169.49,41.43,32.82,53.83,912.56,288.94,54.87,113.82,44.54,120.4,73.38,170.67,132.04,38.16,95.63,407.97,14.87,66.84,24.9,33.7189292543021,20.58,55.59,380.35,61.73,150.32,102.04,140.01,115.67,96.35,191.7,106.06,20.19,91.4533333333333,74.53,91.28,50.13,57.96,217.29,154.22,57.67,49.63,48.7466666666667,218.08,55.32
914,08/10/2022,61.71,54.92,161.91,185.41,123.79,280.9,297.72,162.44,35.07,28.39,43.99,725.21,295.11,66.37,107.94,38.41,100.04,81.95,112.74,107.98,36.16,101.59,347.91,13.96,66.82,18.38,32.6290630975143,18.87,56.99,322.54,65.93,169.68,88.89,184.82,102.02,120.89,169.46,101.65,22.22,106.06,69.94,72.52,35.66,50.9,129.87,165.01,47.87,44.33,64.09,215.37,56.39
915,08/10/2023,75.71,60.42,141.09,222.65,110.69,342.79,317.01,163.54,30.94,27.94,45.89,697.01,356.98,70.44,100.2,30.73,107.54,52.08,110.54,103.6,27.71,113.53,340.4,11.96,73.15,16.23,35.07,11.56,62.94,339.29,62.66,190.79,87.64,135.1,79.78,126.14,128.09,94.62,20.69,106.54,64.54,73.13,34.4,31.47,113.74,166.94,39.49,43.67,63.32,201.16,37.53
916,08/11/2020,38.03,31.98,124.96,107.37,96.83,162.55,193.55,103.26,26.92,22.67,38.14,586.64,212.66,45.66,52.51,26.65,83.12,42.15,69.63,55.76,21.48,85.76,211.06,10.09,43.82,10.94,16.8068833652008,13.08,38.61,274.53,40.57,116.98,51.78,111.35,84.27,89.02,112.47,70.74,11.93,50.5933333333333,34.96,70.35,25.1,40.7,138.96,119.92,38.27,25.32,42.38,196.0,35.39
917,08/11/2021,56.95,54.08,164.01,142.28,135.61,271.32,273.17,170.67,41.95,33.42,54.77,917.09,291.28,55.38,114.46,45.34,121.26,74.89,174.55,133.62,38.69,97.49,413.89,15.24,67.53,25.67,34.1873804971319,20.88,56.18,380.0,62.6,151.59,103.88,142.65,117.29,97.09,193.9,107.54,20.62,92.32,74.81,92.01,51.21,58.86,217.19,156.21,58.79,50.66,49.3533333333333,222.05,55.96
918,08/11/2022,62.64,56.33,163.44,185.2,126.94,283.32,296.69,162.99,35.91,28.67,44.37,728.65,296.47,66.54,106.01,39.38,102.76,84.31,115.27,108.51,37.08,101.55,351.68,14.19,67.66,18.49,33.0019120458891,19.21,57.51,317.6,66.69,170.23,90.2,186.87,102.76,120.46,171.94,102.99,22.64,107.44,72.57,73.51,36.11,51.02,129.51,168.81,48.44,45.25,65.24,216.45,57.25
919,08/11/2023,76.45,60.53,143.15,224.37,109.04,344.43,320.8,165.27,31.29,27.91,46.01,695.61,358.35,70.78,98.37,30.71,107.56,52.12,110.38,103.56,27.79,114.47,340.73,12.0,73.6,16.39,35.02,11.56,63.42,336.7,63.65,191.85,87.7,135.9,79.91,127.84,129.94,95.21,20.62,107.46,64.08,73.68,34.77,31.73,112.33,166.86,39.46,43.73,63.94,203.87,38.3
920,08/12/2019,52.32,55.08,120.76,88.73,102.85,125.48,186.21,123.95,27.64,28.31,44.38,416.44,197.18,36.2,46.46,32.68,108.66,61.2,85.69,81.56,26.08,87.3,201.52,12.75,57.97,16.06,16.9810442491818,16.2,50.11,212.93,45.89,97.66,40.36,149.86,87.99,79.02,128.64,82.72,14.3,49.7066666666667,36.41,51.57,33.9,46.66,106.61,146.3,52.24,45.43,47.46,192.93,41.03
921,08/12/2020,37.62,30.94,124.47,106.96,96.23,161.08,192.13,101.68,26.73,22.01,37.98,590.24,213.24,45.8,52.86,26.49,81.01,42.02,68.15,54.49,21.3,85.54,212.13,9.97,42.8,11.39,17.0267686424474,12.89,38.14,278.84,40.04,116.65,52.38,110.35,84.07,89.01,112.0,69.91,11.92,50.8733333333333,34.84,71.18,24.74,40.81,138.45,118.86,37.81,25.19,42.0533333333333,195.39,34.69
922,08/12/2021,57.36,53.88,165.94,141.52,135.25,272.8,275,168.52,42.15,33.18,54.89,918.54,290.24,55.38,113.5,45.3,121.84,75.5,176.93,134.26,38.88,96.68,415.0,15.32,67.99,25.11,34.1013384321224,20.83,56.15,378.93,62.67,151.08,104.67,141.63,117.5,96.94,193.4,107.96,20.79,92.7733333333333,75.42,91.46,51.62,58.51,215.59,156.49,58.85,51.15,49.2266666666667,221.28,55.94
923,08/12/2022,64.03,57.41,166.28,189.4,129.44,289.17,301.48,165.84,36.3,29.02,44.9,751.83,301.55,67.55,108.79,39.91,104.33,85.66,115.74,109.6,37.49,103.26,353.82,14.35,68.96,19.07,33.3269598470363,19.41,58.71,322.97,67.81,172.72,91.66,189.82,104.05,121.77,174.63,105.49,22.96,109.34,75.0,74.93,36.14,51.75,132.26,171.56,48.77,45.94,65.93,219.8,58.22
924,08/13/2018,46.3,52.1,106.82,70.43,98.16,136.27,140.48,101.81,30.48,32.04,50.14,475.39,205.17,29.59,34.99,39.84,73.69,96.26,95.81,74.33,29.13,86.31,226.86,15.71,51.42,24.79,20.830200299339,21.18,49.72,169.37,44.43,82.38,47.35,173.03,107.29,61.96,141.91,96.46,18.95,59.4133333333333,50.11,82.85,29.19,50.51,116.58,128.05,52.37,57.61,33.7688888888889,147.95,52.57
925,08/13/2019,52.92,56.12,122.53,90.02,104.44,128.72,190.98,126.32,27.72,28.53,43.67,425.33,198.78,36.5,47.65,33.13,110.71,61.88,87.21,82.95,26.44,88.5,204.11,12.9,58.9,16.16,17.025801877672,16.45,50.43,213.5,46.93,99.22,40.69,151.32,88.87,79.46,130.75,83.58,14.27,50.64,37.68,51.47,34.68,46.73,108.56,148.22,52.83,45.96,48.1,195.0,41.24
926,08/13/2020,37.75,30.71,124.44,107.19,96.26,159,194.67,100.42,26.35,21.88,37.28,589.56,211.98,45.82,53.18,25.69,79.58,41.24,67.64,53.43,20.74,84.98,208.39,9.77,42.46,10.7,16.8642447418738,12.63,37.86,281.97,39.44,117.15,52.18,107.83,82.65,89.04,111.01,69.54,11.62,50.0533333333333,34.61,70.35,24.7,38.82,137.26,119.27,37.37,25.02,41.9,198.75,34.26
927,08/13/2021,57.26,54.61,165,140.3,135.06,272.17,277.24,166.08,41.63,32.77,53.87,916.86,287.89,55.75,114.8,44.77,121.39,74.95,177.73,135.38,38.48,96.4,410.78,15.15,68.04,24.85,33.546845124283,20.68,55.64,380.65,62.49,151.64,103.94,139.94,116.37,96.12,190.38,108.01,20.5,92.6266666666667,74.01,90.79,51.81,57.38,214.85,156.31,58.22,50.37,49.7066666666667,219.24,55.41
928,08/14/2018,46.51,52.33,108.91,70.66,98.38,138.66,140.85,102.18,30.79,32.25,50.97,477.21,205.83,29.74,35.76,40.4,74.31,97.58,97.8,75.71,29.62,87.1,229.56,15.93,51.04,24.99,21.277776584241,21.45,49.95,170.92,45.1,82.76,47.86,175.06,108.72,62.29,142.72,97.39,19.2,60.3866666666667,50.53,83.88,30.01,51.85,117.57,127.54,53.17,58.07,33.96,147.13,53.57
929,08/14/2019,51.28,53.39,120.42,87.92,101.69,122.4,187.16,122.65,26.42,26.98,41.96,411.37,195.81,35.42,45.85,31.72,106.94,59.77,83.45,79.42,25.51,85.07,195.56,12.44,57.25,15.32,16.2112130391504,16.0,48.14,206.51,44.87,96.13,39.33,144.76,85.97,75.58,124.62,80.4,13.66,48.8733333333333,36.59,49.63,32.84,45.24,105.36,143.48,50.9,43.97,46.9866666666667,190.34,39.65
930,08/14/2020,38.07,30.99,125.07,106.99,96.12,159.66,197.2,100.41,26.47,21.95,37.53,588.46,210.96,45.82,52.74,25.9,80.11,41.82,69.47,54.3,20.96,85.48,207.97,9.9,42.81,10.68,17.0172084130019,12.75,37.61,281.05,39.61,116.61,52.3,109.21,83.42,88.97,111.75,70.59,11.77,50.6533333333333,35.05,70.53,24.93,39.5,136.94,118.6,37.78,25.3,41.52,201.51,34.49
931,08/14/2023,76.64,59.82,143.24,225.58,106.9,344.07,322.26,166.08,30.93,27.82,45.18,692.93,358.48,71.25,98.04,29.58,106.86,50.09,109.16,102.65,26.79,114.77,337.74,11.7,73.27,16.2,34.97,11.02,62.94,338.78,63.57,192.2,87.33,132.87,78.72,125.92,127.28,95.14,20.29,107.12,61.78,71.34,34.23,30.57,112.34,166.27,38.72,43.74,63.8,201.91,37.41
932,08/15/2018,46.29,52.1,107.71,71.12,98.84,137.26,141.12,101.51,30.36,32.16,50.96,470.82,204.5,29.73,35.41,39.75,74.44,96.66,97.26,75.4,29.17,86.82,229.25,15.91,50.99,24.2,20.9913277619037,21.13,49.71,169.47,44.86,82.8,47.45,173.65,107.06,64.06,142.01,96.32,19.07,60.0866666666667,50.24,82.92,29.86,51.33,115.49,128.77,52.59,57.99,34.0,148.2,52.72
933,08/15/2019,52.07,53.74,121.02,88.5,101.84,122.75,189.18,122.38,26.25,27.01,41.67,409.3,198.31,35.66,45.72,31.42,108.58,59.27,83.67,79.03,25.22,85.81,196.18,12.42,57.89,15.2,16.2022615134524,15.92,48.43,209.95,44.73,96.66,39.1,144.67,85.49,77.04,124.74,80.09,13.57,49.1666666666667,36.56,48.81,32.76,45.45,105.46,145.59,51.28,43.38,47.34,190.46,39.2
934,08/15/2022,64.07,56.76,167.26,190.15,127.76,286.34,300.68,165.4,36.25,28.85,44.71,755.82,302.82,67.99,108.68,39.83,104.5,85.63,113.66,108.83,37.23,102.82,355.85,14.36,68.88,18.94,33.4703632887189,19.45,58.48,322.3,67.34,173.16,92.02,190.25,103.72,122.01,173.93,104.82,22.91,110.02,75.86,74.46,35.75,51.42,132.09,172.16,49.08,45.75,66.28,219.81,58.64
935,08/15/2023,75.73,58.78,140.96,223.86,105.07,336.63,317.55,161.91,29.94,26.94,44.4,672.82,354.5,70.59,97.47,28.29,105.63,47.84,106.91,92.96,25.86,113.02,332.21,11.3,72.18,15.58,34.45,10.64,62.35,332.74,61.86,190.14,86.16,127.19,76.95,125.05,123.6,93.29,19.74,105.06,60.97,69.56,33.48,29.6,109.78,163.48,37.64,42.73,62.74,196.5,35.73
936,08/16/2018,46.5,52.46,106.05,71.91,99.89,138.71,142.82,102.65,30.72,32.34,51.52,474.61,207.56,29.83,35.85,40.46,75.29,98.69,98.92,77.3,29.84,87.96,233.0,16.0,51.7,24.59,21.3046311613351,21.61,50.15,171.57,45.57,83.63,48.3,176.93,107.66,65.05,144.46,98.1,19.4,60.9066666666667,51.13,84.21,30.43,52.2,116.32,130.34,53.16,58.66,34.3244444444444,149.15,53.74
937,08/16/2019,52.65,54.31,124.53,89.72,103.22,126.34,191.51,124.63,27.03,27.37,42.33,419.46,199.72,36.08,47.23,32.4,109.7,61.33,85.5,80.35,25.67,87.17,199.42,12.93,58.47,15.65,16.6140316955622,16.43,48.85,214.29,45.35,97.78,39.94,147.52,87.0,77.49,127.0,82.03,14.09,50.5,37.14,50.2,33.43,46.55,107.37,146.81,52.28,44.39,48.1533333333333,194.55,40.2
938,08/16/2021,57.52,54.61,166.64,142.93,136.54,271.26,279.67,165.75,41.29,32.63,54.27,924.89,289.45,56.38,114.76,44.27,122.06,74.16,177.32,134.77,38.21,96.27,408.35,14.96,67.78,25.2,33.4703632887189,20.52,55.45,384.44,61.98,153.53,103.72,139.08,116.31,97.1,189.65,107.32,20.33,91.8666666666667,73.26,90.06,51.46,57.07,216.11,157.74,57.57,49.41,49.6066666666667,218.78,55.04
939,08/16/2022,63.99,57.29,170.23,190.66,129.73,289.06,301,165.35,36.64,28.79,45.03,757.07,306.65,68.14,107.58,40.09,105.33,86.51,115.46,110.47,37.62,103.52,354.97,14.47,69.69,18.94,33.3556405353728,19.78,58.8,322.19,67.66,172.93,91.82,191.41,103.78,122.49,175.04,105.18,23.17,110.83,77.18,74.48,36.03,52.01,132.14,173.52,49.3,46.06,66.6,219.46,58.99
940,08/16/2023,75.83,58.61,141.77,225.05,109.74,333.76,321.28,160.76,29.29,26.5,44.12,672.24,354.11,72.33,96.9,28.1,105.67,47.1,104.92,90.26,25.74,113.49,329.11,11.33,72.34,15.32,34.24,10.53,62.44,331.56,61.66,190.25,85.99,128.28,76.52,136.14,122.73,93.18,19.49,104.36,60.45,68.83,32.87,29.1,109.09,165.37,37.05,42.22,62.62,196.44,34.84
941,08/17/2018,46.76,52.58,105.27,72.21,100.02,139.47,143.45,103.03,30.74,32.72,51.69,474.15,208.14,29.82,36.2,40.69,75.75,99.23,99.17,77.92,29.69,88.18,233.38,16.1,51.96,24.48,20.9913277619037,21.59,50.16,171.5,45.94,84.0,48.37,176.5,107.7,66.28,144.55,98.8,19.49,60.9533333333333,50.9,84.96,30.37,52.43,115.61,130.42,53.29,58.86,34.4177777777778,148.89,53.73
942,08/17/2020,37.46,29.96,124.57,106.65,95.23,157.83,196.72,97.55,25.9,21.8,37.09,592.03,206.78,46,53.38,25.44,78.23,40.76,66.79,52.59,20.72,83.41,203.07,9.78,41.83,10.57,16.7590822179732,12.44,36.8,283.62,38.88,116.51,51.28,106.56,82.58,88.83,110.33,69.45,11.67,50.16,34.62,69.21,24.35,38.74,137.98,115.91,36.93,24.47,40.6066666666667,201.67,33.88
943,08/17/2021,57.11,54.01,167.48,141.7,134.73,268.73,280.8,164.65,41.09,31.66,53.8,909.62,289.1,56.57,112.81,43.32,122.72,72.51,173.28,131.32,37.7,96.16,404.97,14.81,67.5,24.65,33.1548757170172,20.21,55.38,381.87,61.47,154.52,102.87,138.1,115.06,95.67,187.75,106.54,19.94,90.7333333333333,72.5,88.15,50.69,56.19,212.83,158.9,56.76,48.71,49.8133333333333,216.02,54.36
944,08/17/2022,63.9,56.69,171.54,190.85,132.04,288.15,300.4,163.9,36.41,28.4,44.81,743.22,304.26,67.94,106.5,39.51,106.45,85.56,113.61,108.52,37.23,103.42,353.74,14.33,69.38,18.63,33.4416826003824,19.44,58.47,321.56,67.47,172.83,91.35,190.72,102.49,127.06,173.34,104.57,22.84,110.8,75.46,73.96,35.2,51.2,130.38,173.96,49.03,46.14,68.05,219.07,58.67
945,08/17/2023,75.61,58.06,141.99,220.48,107.91,330.51,319,160.58,29.28,26.26,44.1,674,353.19,71.26,96.8,28.28,105.13,47.68,105.07,92.38,25.77,111.95,327.52,11.24,71.46,15.39,34.03,10.78,61.61,328.5,61.84,188.74,85.79,128.74,76.95,135.21,123.5,92.92,19.6,104.39,59.77,68.3,33.06,28.97,108.67,163.41,36.81,42.47,61.84,196.4,34.96
946,08/18/2020,37.14,29.58,123.61,107.38,94.68,156.5,196.42,96.67,25.53,21.72,36.79,589.21,208.33,46.09,53.56,24.76,78.98,39.52,65.47,50.94,20.08,82.66,201.31,9.53,41.28,10.28,16.6634799235182,12.17,36.37,285.49,38.31,116.93,50.92,104.5,82.22,89.74,107.08,68.57,11.37,49.9266666666667,34.95,69.67,23.98,37.91,137.24,114.93,36.33,24.04,40.84,201.31,32.74
947,08/18/2021,56.37,53.76,165.03,141.13,134.31,264.02,276.67,162.13,40.79,31.01,53.53,901.91,286.36,56.72,111.43,42.89,121.13,71.87,172.02,129.14,37.51,95.61,398.8,14.71,66.71,24.11,33.1070745697897,20.02,54.7,373.92,60.97,152.94,101.26,136.78,114.41,95.57,185.56,105.06,19.81,89.96,72.0,87.35,49.95,55.56,210.21,158.72,56.05,47.97,49.3866666666667,214.12,53.64
948,08/18/2022,64.55,57.33,171.78,191.52,133.02,291.83,302.57,164.65,36.28,28.46,44.66,745.22,304.27,67.81,107.34,39.74,106.17,86.59,113.85,108.47,37.31,105.02,354.52,14.33,69.8,18.68,33.6137667304015,19.64,58.95,319.86,68.01,173.11,91.73,191.18,102.7,128.21,173.5,105.42,22.96,110.98,75.75,74.2,35.37,51.45,131.77,174.11,49.01,46.14,68.09,220.77,58.79
949,08/18/2023,74.85,57.95,140.71,220.55,106.19,332.37,324.06,160.23,29.11,26.26,44.02,670.25,352.56,71.39,98.72,27.71,103.87,47.27,105.04,93.34,25.59,112.44,324.93,11.14,71.82,15.24,34.14,10.83,61.59,327.02,62.26,188.84,84.89,127.68,76.74,133.93,123.2,92.8,19.54,105.1,59.52,67.95,33.17,28.78,107.61,162.47,36.84,42.5,61.94,198.94,34.73
950,08/19/2019,52.68,54.81,123.79,90.54,103.99,128.03,194.3,124.4,27.27,27.29,42.72,425.56,200.94,36.39,47.84,32.95,110.55,62.07,86.97,80.88,25.92,87.7,202.2,13.1,59.12,15.71,16.8825774665034,16.54,49.19,217.53,45.77,98.61,40.37,149.19,88.51,77.91,128.36,82.22,14.26,51.2866666666667,37.7,50.89,33.46,46.96,109.62,147.58,52.67,45.25,48.68,197.46,40.88
951,08/19/2020,37.03,29.86,123.54,106.62,94.28,156.85,197.57,96.89,25.5,21.67,36.99,589.75,207.21,45.96,53.99,24.8,78.21,39.68,65.7,50.81,20.16,82.61,203.02,9.52,40.79,10.33,16.7304015296367,12.17,36.21,281.69,38.2,116.1,51.37,104.43,83.0,90.41,106.39,69.07,11.42,49.9,35.71,70.45,24.11,37.95,137.14,113.2,36.16,24.07,40.42,203.3,32.91
952,08/19/2021,55.92,52.96,163.54,142,134.03,260.36,276.07,159.03,40.19,30.65,52.77,903.78,285.13,56.86,110.37,41.88,121.69,70.91,168.1,125.81,37.37,94.87,393.57,14.62,65.93,23.42,32.4856596558317,19.74,54.65,374.54,60.28,153.92,99.73,134.66,113.63,96.2,184.34,103.79,19.67,88.7733333333333,71.06,85.5,49.01,55.04,212.47,159.48,55.34,47.25,50.38,214.32,53.17
953,08/19/2022,63.68,56.1,171.85,190.7,130.2,284.74,299.87,162.24,35.48,27.71,43.89,713.85,297.28,67.27,103.3,38.98,103.88,84.98,112.21,106.91,36.54,103.97,349.27,14.08,68.81,18.1,32.5908221797323,19.3,58.24,310.89,67.39,171.78,90.01,188.82,100.56,127.48,170.79,103.4,22.6,108.89,73.86,72.26,34.31,50.63,126.42,172.64,48.61,45.35,67.59,216.26,57.62
954,08/20/2018,46.78,53.16,105.18,71.97,100.44,141.18,143.01,103.83,30.87,33.09,51.94,475.56,208.46,29.89,36.8,40.85,76.14,99.27,99.89,78.52,29.83,88.35,235.78,16.11,51.98,24.6,21.0181823389979,21.74,50.05,171.22,46.12,83.34,48.29,175.54,108.44,66.9,144.88,98.16,19.48,60.94,51.42,85.37,31.07,52.29,115.7,131.42,53.82,59.03,34.6844444444444,148.03,53.98
955,08/20/2019,51.86,53.43,122.72,89.56,103.22,126.35,191.33,121.42,26.72,27.04,41.96,418.29,198.15,35.83,48.84,32.3,109.43,60.89,85.22,79.75,25.41,86.56,199.98,12.9,58.54,15.45,16.6140316955622,16.26,48.68,216.64,45.37,97.21,39.9,146.36,86.72,76.73,126.2,80.65,14.0,51.0866666666667,37.32,50.51,32.94,46.05,107.82,146.51,51.63,44.68,48.1,193.37,40.48
956,08/20/2020,36.66,29.13,122.03,106.37,95.36,155.14,197.01,96.72,25.1,21.17,35.87,583.36,206.12,45.79,52.49,24.3,77.98,38.83,64.27,49.94,19.78,81.16,201.85,9.2,40.29,10.02,16.6921606118547,11.99,35.61,283.46,37.62,116.05,50.8,101.67,81.43,90.84,106.08,68.13,11.08,49.1466666666667,34.55,67.93,23.94,37.21,136.3,112.53,35.61,23.75,40.1066666666667,202.1,32.13
957,08/20/2021,56.36,53.57,165.13,143,134.56,261.6,279.37,159.75,40.37,31.13,53.32,917.17,285.27,57.76,113.3,42.34,123.31,71.28,168.22,127.26,37.62,94.98,395.87,14.76,66.24,23.99,32.9541108986616,19.91,55.02,376.42,60.51,155.13,100.66,135.7,114.6,97.57,185.82,104.34,20.03,90.5533333333333,71.97,86.09,49.2,55.58,215.47,160.84,55.68,47.42,50.92,218.75,53.87
958,08/21/2018,46.92,53.8,105.44,72.36,101.44,141.88,144.36,104.81,31.02,33.17,52.54,474.93,208.49,30.3,36.49,41.27,76.43,99.43,100.49,79.24,30.07,89.19,238.65,16.21,52.34,24.79,21.1703582758645,21.64,50.11,171.91,46.81,84.16,48.54,177.08,108.93,67.22,145.12,99.67,19.54,60.9266666666667,50.17,86.18,31.17,52.71,116.21,131.71,54.19,58.96,34.7111111111111,148.43,54.22
959,08/21/2019,48.98,53.69,123.67,90.46,103.89,127.95,193.17,122.5,26.93,27.04,41.94,420.93,199.24,36.04,49.46,32.6,110.48,61.53,86.02,79.77,25.55,87.71,200.68,12.93,58.88,15.57,16.8467713637112,16.38,48.84,219.04,45.76,97.8,39.94,147.38,86.73,77.3,126.0,81.4,14.13,51.7733333333333,37.61,50.54,33.04,46.22,108.77,147.04,51.86,45.0,47.9466666666667,193.75,40.93
960,08/21/2020,36.42,28.27,120.64,103.47,94.49,154.51,193.64,96.15,24.98,20.99,35.73,584.04,207.43,45.52,52.97,24.19,77.34,38.37,63.8,49.57,19.56,80.73,202.43,9.11,39.85,10.14,16.5200764818356,11.95,35.32,284.47,37.28,113.47,51.1,102.46,81.73,91.82,106.45,67.41,10.97,49.1333333333333,34.45,67.55,23.91,36.91,134.82,111.83,35.21,23.64,40.12,198.08,31.59
961,08/21/2023,74.45,57.79,141.53,221.44,105.29,333.05,323.75,160.88,29.15,25.8,43.76,671.59,352.09,71.64,98.79,27.44,103.82,47.33,104.39,92.03,25.68,112.75,322.06,11.14,71.41,14.99,34.24,10.89,61.7,324.78,61.95,189.19,84.25,128.39,76.19,132.18,122.93,91.21,19.39,104.84,59.4,67.42,32.91,28.61,107.48,161.6,36.76,42.49,61.3,200.92,34.53
962,08/22/2018,46.6,53.13,105.01,71.67,99.51,140.96,143.14,105.83,30.98,33.09,52.5,478.02,207.33,30.22,36.41,41.25,76.02,99.26,100.45,78.88,29.75,88.77,239.34,16.21,50.16,24.63,20.9286670820175,21.53,49.75,171.82,46.41,83.46,48.6,177.01,108.38,66.72,144.55,98.72,19.53,60.94,50.93,85.93,31.7,52.69,115.69,129.41,53.94,59.17,34.2711111111111,147.7,54.07
963,08/22/2019,49.51,53.75,123.76,90.87,104.5,128.58,194.12,122.27,27.19,27.06,42.17,419,201.01,36.22,49.8,32.77,111.03,61.56,85.73,79.68,25.78,88.32,202.42,12.91,59.48,15.9,16.9183835692956,16.57,48.62,216.77,46.21,98.17,40.27,148.31,87.27,77.07,126.42,82.08,14.25,52.3733333333333,37.87,51.14,32.88,46.68,109.18,147.81,52.05,45.62,48.4666666666667,194.3,41.14
964,08/22/2022,62.21,54.04,164.84,188.88,125.55,276.99,292.75,157.7,34.72,26.98,43.24,695.05,288.69,65.93,101,38.1,101.62,82.32,109,103.32,35.5,100.96,342.42,13.71,67.25,17.62,31.5296367112811,18.71,56.96,304.43,65.91,168.31,88.46,184.08,98.44,125.94,166.46,99.11,22.11,106.1,72.55,70.88,33.38,49.35,123.77,169.14,47.6,44.41,65.69,211.62,56.0
965,08/22/2023,73.39,57.34,138.95,222.12,105.12,328.65,323.46,159.08,28.44,25.38,42.81,665.84,350.57,71.71,98.26,26.75,103.22,45.38,100.3,89.01,24.88,111.09,318.79,10.65,71.03,14.95,34.25,10.44,61.38,327.01,61.32,189.52,82.98,125.7,74.26,130.53,119.02,90.22,18.42,102.43,56.46,65.85,31.79,28.05,107.41,159.94,35.84,41.5,60.72,200.49,33.09
966,08/23/2018,46.39,52.61,104.52,71.75,99.15,138.99,143.16,105.37,30.84,32.54,52.33,470.46,207.24,30.28,36.3,41.04,76.15,98.6,99.54,77.91,29.48,87.75,236.34,16.18,49.9,24.29,20.7585880937547,21.34,49.42,171.31,45.97,83.45,48.13,176.57,107.34,66.81,143.2,97.88,19.34,60.4933333333333,50.17,85.36,31.27,52.01,115.06,129.52,53.8,58.62,34.5111111111111,146.56,53.58
967,08/23/2019,48.36,52.49,119.43,88.01,101.98,124.49,189.12,117.76,26.47,26.13,41.02,407.25,197.16,35.42,48.81,31.77,108.23,59.62,83.11,76.76,25.08,86.13,196.2,12.45,58.1,15.62,16.2112130391504,15.98,47.24,210.4,44.59,95.66,39.33,143.9,84.71,75.15,123.09,79.13,13.79,50.8,36.58,49.96,31.55,45.25,105.61,144.73,50.95,44.42,47.5333333333333,189.21,40.03
968,08/23/2021,56.71,54.16,166.69,143.1,137.33,265.02,278.51,160.45,40.91,31.54,54.06,927.86,285.62,57.72,115.77,42.81,123.26,72.56,169.35,128.44,38.04,95.87,401.45,15.03,66.86,24.5,34.0726577437858,20.16,55.47,379.11,61.17,155.86,102.16,136.92,116.28,97.29,187.27,104.52,20.35,91.2666666666667,72.3,88.12,49.71,56.08,215.66,159.9,56.17,47.61,50.7066666666667,217.83,54.85
969,08/23/2022,61.59,54.27,163.97,186.35,125.5,277.34,286.69,157.33,34.41,27.03,42.97,696.97,289.65,65.05,102.35,38.09,101.16,82.06,109.81,104.65,35.62,100.29,340.18,13.72,67.17,17.65,31.6634799235182,18.77,57.0,298.6,65.67,166.89,88.3,184.3,98.14,124.4,166.49,99.33,22.05,106.5,72.79,70.77,34.0,49.27,124.45,168.29,47.41,44.37,65.49,208.94,56.19
970,08/23/2023,73.17,57.62,139.17,225.33,105.62,333.43,325.86,159.44,28.45,25.99,43.53,678.77,354.26,72.91,99.7,26.92,104.35,46.07,101.62,88.59,25.43,111.15,322.33,10.89,71.32,15.33,34.67,10.75,61.96,334.67,61.73,192.08,83.39,126.53,75.38,130.39,119.41,91.43,18.8,102.72,58.02,67.55,32.03,28.48,110.37,160.93,36.25,41.61,60.98,202.77,33.98
971,08/24/2018,46.67,53.31,104.63,72.15,99.53,141.25,145.44,105.76,30.89,32.68,52.56,477.51,207.98,30.38,36.7,40.95,76.49,98.63,99.46,78.27,29.45,88.42,235.11,16.21,50.0,24.14,21.0002792876018,21.31,49.83,173.2,46.42,84.2,48.14,176.31,107.55,66.92,142.93,98.54,19.26,60.8266666666667,50.55,86.12,31.36,51.71,115.41,130.51,54.01,58.69,34.7155555555556,146.98,53.42
972,08/24/2020,37.38,29.55,123.68,104.02,95,157.72,190.17,99.33,25.69,21.57,36.4,591.45,212.61,45.72,53.3,25.23,79.52,40.24,67.36,52.39,20.5,84.49,207.34,9.55,41.35,10.6,16.8260038240918,12.39,36.61,284.22,38.62,112.62,52.37,105.83,84.26,92.0,109.8,69.09,11.54,50.9866666666667,35.12,68.94,25.25,38.65,135.93,114.9,36.75,24.49,41.0733333333333,194.6,33.04
973,08/24/2021,56.71,54.36,166.74,143.4,136.95,268.14,279.49,161.2,41.48,32.07,54.53,929.19,286.02,57.68,118.07,43.5,123.14,73.65,170.05,129.31,38.44,96.55,408.56,15.3,67.18,24.99,34.4646271510516,20.41,55.58,376.35,61.69,155.27,103.09,138.79,117.0,96.63,188.48,105.52,20.61,91.62,74.15,89.57,50.21,56.71,217.0,160.64,56.81,48.36,50.6133333333333,216.36,55.8
974,08/24/2022,61.55,54.32,164.5,187.96,126.96,277.74,287.32,159.13,34.52,27.07,42.98,700.42,293.52,65.35,102.76,37.98,101.3,81.61,110.36,104.39,35.62,100.62,341.94,13.74,67.04,17.7,31.8260038240918,18.75,57.19,298.85,66.04,168.27,88.6,184.34,98.15,125.48,167.4,99.5,22.12,107.16,73.32,70.53,34.33,49.11,124.82,168.49,47.19,44.64,66.31,209.74,56.28
975,08/24/2023,74.31,58.09,140.38,224.86,105.34,332.98,327.03,157.79,28.62,25.61,43.57,673.16,354.3,72.3,99.02,27.08,104.02,46.41,101.48,89.14,25.72,111.44,319.96,10.95,71.6,15.13,34.58,10.87,62.09,331.04,62.27,191.79,83.44,126.31,75.38,131.9,117.67,93.42,18.77,101.96,57.84,67.75,31.95,28.86,109.51,161.84,36.13,41.43,60.81,205.15,34.47
976,08/25/2020,37.1,29.52,122.85,104.27,93.77,156.99,192.37,99.05,26,21.46,36.67,591.15,213.35,46.01,53.03,25.54,79.35,40.41,66.91,52.22,20.71,84.31,206.0,9.58,41.52,10.7,16.9024856596558,12.51,36.48,285.38,38.66,112.99,52.05,105.95,84.0,92.77,110.77,69.1,11.68,51.3,35.55,69.07,24.9,38.82,135.75,115.62,36.61,24.61,41.0666666666667,197.26,33.06
977,08/25/2021,57.11,54.93,168.81,142.91,137.87,272.68,280.97,166.18,42.15,32.54,55.57,939.52,287.3,57.86,119.52,44.4,124.86,75.22,173.93,131.79,39.29,97.15,413.12,15.65,67.86,25.34,35.1529636711281,20.85,56.26,376.4,62.47,155.32,104.09,141.62,119.41,96.22,192.13,106.82,20.93,93.44,74.58,92.0,51.42,57.56,219.32,162.58,57.64,49.29,50.7933333333333,216.37,56.74
978,08/25/2022,62.24,55.26,165.77,191.08,128,283.65,290.24,162.23,35.14,27.37,43.5,710.6,298.13,66.57,105.44,38.7,102.92,82.89,113.66,106.38,36.24,101.19,346.49,14.01,67.68,17.97,32.208413001912,19.06,57.95,306.05,67.27,170.37,89.91,187.73,99.0,126.43,168.9,101.38,22.52,108.71,74.0,71.67,35.13,49.63,126.39,168.98,47.76,45.39,67.48,213.06,57.31
979,08/25/2023,74.25,57.85,138.73,227.6,105.14,334.13,332.07,158.32,28.5,25.79,43.73,675.96,355.93,73.07,99.66,26.84,104.22,45.92,100.85,88.74,25.42,111.46,320.15,10.85,71.79,15.19,34.73,10.88,62.06,334.43,62.41,194.21,83.22,125.58,74.67,132.58,117.74,93.74,18.54,102.27,58.15,67.55,31.85,28.81,109.7,161.64,35.51,41.23,60.93,205.6,34.13
980,08/26/2019,48.95,53.08,121.87,88.39,103.21,126.15,191.52,118.53,26.78,25.93,41.11,405.47,200.2,35.7,49.24,32.21,110.33,59.82,84.28,78.06,25.41,87.12,199.65,12.62,58.57,15.68,16.3275828732249,15.96,47.95,212.26,44.84,96.98,40.16,145.62,84.81,75.79,124.1,79.61,14.03,51.0333333333333,36.67,49.82,31.83,46.02,106.66,147.34,51.29,44.98,48.0466666666667,192.0,40.2
981,08/26/2020,36.45,29.06,121.71,104.47,93.01,155.74,195.44,98.4,25.56,21.3,36.62,592.1,214.66,45.66,54.08,25.36,78.5,39.27,66.28,51.53,20.31,84.16,207.22,9.41,40.46,10.57,16.7686424474187,12.26,35.9,291.95,38.32,114.22,51.71,103.74,82.74,92.17,110.31,68.29,11.38,50.1333333333333,35.42,67.98,24.45,37.87,136.19,113.54,36.22,24.04,41.0266666666667,201.57,32.28
982,08/26/2021,56.4,54.02,167.22,142.74,136.22,270.02,281.1,165.51,42.04,32.14,55.48,935.88,285.27,57.61,121.88,43.7,122.58,74.07,171.63,130.27,38.8,95.6,412.41,15.4,67.27,24.96,35.1338432122371,20.51,55.6,375.37,61.79,154.72,103.84,139.76,118.78,96.23,191.0,105.54,20.55,93.06,73.65,92.5,50.77,56.98,218.54,159.97,57.24,49.05,50.08,214.75,55.75
983,08/26/2022,60.87,53,161.55,187.7,125.05,274.84,285.87,157.31,34.03,26.49,42,676.44,289.96,65.09,98.55,37.26,100.83,81.82,109.82,102.7,34.95,98.76,336.4,13.64,66.2,17.26,30.9751434034417,18.43,56.8,292.91,65.68,165.96,86.81,184.02,95.4,125.16,162.19,98.52,21.97,106.78,71.89,69.13,33.65,48.19,119.68,166.84,46.49,43.97,66.54,207.81,56.44
984,08/27/2018,46.97,54.22,105.25,72.3,100.42,144.2,145.33,107.05,31.31,33.3,52.98,483.61,210.51,30.28,36.88,41.43,76.85,98.85,100.9,79.06,29.74,88.7,242.6,16.27,51.0,24.74,21.3762433669195,21.27,50.21,175.39,47.06,84.72,49.89,177.28,109.17,67.26,145.73,100.37,19.44,61.94,51.37,87.06,31.83,52.25,116.29,131.89,54.46,59.1,34.8088888888889,147.73,53.67
985,08/27/2019,48.98,52.74,120.86,88.04,102.63,125.24,191.14,117.75,26.47,25.95,40.95,410.51,198.35,35.46,49.69,31.89,110.39,58.8,83.11,77.49,25.3,86.52,198.07,12.56,58.55,15.31,16.1485523592641,15.81,47.45,213.27,43.86,97.56,39.79,143.86,84.49,74.96,124.13,78.29,13.85,50.44,36.12,49.4,31.39,45.67,107.08,147.1,51.04,44.75,47.8533333333333,191.26,39.49
986,08/27/2020,36.88,29.68,123.66,106,94.13,159.1,199.58,101.53,26.05,21.35,37.55,594.98,216.87,46.06,53.54,26.01,80.46,40.09,69.61,53.71,20.94,85.09,210.15,9.64,41.49,10.82,16.9407265774379,12.67,36.78,292.16,39.07,114.68,52.61,105.87,84.28,93.31,112.5,69.36,11.7,51.16,36.08,69.25,25.58,39.21,138.14,117.18,36.94,24.59,42.1533333333333,205.56,33.29
987,08/27/2021,57.09,55.01,169.36,143.76,137.51,276.42,285.13,168.65,42.49,32.94,56.41,954.94,286.6,58.15,124.22,44.74,124.4,75.63,175.8,133.48,39.46,96.95,419.69,15.65,68.18,25.69,35.9847036328872,20.89,56.53,377.85,62.77,156.35,105.45,142.18,121.03,97.49,194.51,107.36,20.92,95.3266666666667,75.84,94.28,51.95,57.97,222.65,162.09,58.3,49.81,50.76,219.3,58.55
988,08/28/2018,46.78,54.04,104.27,72.14,100.38,144.01,145.05,107.28,31.27,33.14,52.89,483.35,210.77,30.12,36.72,41.5,76.79,98.72,100.54,78.5,29.71,88.25,242.37,16.27,50.9,24.71,21.5552738808803,21.23,50.27,176.27,46.94,84.23,50.0,177.83,109.1,67.15,146.08,100.39,19.47,62.6133333333333,51.24,87.99,31.82,52.12,116.49,132.28,54.2,59.07,35.0311111111111,147.91,53.52
989,08/28/2019,49.12,52.45,121.05,87.9,102.41,125.85,190.55,119.09,26.85,26,41.05,413.84,200.45,35.64,49.67,32.86,111.1,60.07,84.59,78.96,25.77,87.08,200.42,12.87,58.41,15.43,16.2828252447347,16.15,47.7,214.36,43.71,97.74,40.38,145.34,85.12,74.86,126.56,78.39,14.1,50.8266666666667,36.73,49.81,31.97,46.61,107.77,146.37,51.58,45.47,47.4733333333333,192.31,40.02
990,08/28/2020,37.13,29.37,122.68,105.05,94.3,158.89,200.11,102.54,26.3,21.33,37.56,601.06,218.55,46.21,52.95,26.29,80.39,40.19,71.13,54.25,21.11,84.82,207.71,9.57,41.51,10.73,17.0076481835564,12.77,36.92,294.39,39.42,114.0,52.89,106.4,83.91,93.68,112.35,69.64,11.71,51.1466666666667,36.28,70.11,25.78,39.59,139.11,115.89,37.2,24.69,42.0,205.66,33.02
991,08/28/2023,74.58,57.87,138.46,228.88,105.42,336.28,331.51,159.19,28.76,25.95,44.25,679,355.55,73.23,100.88,27.37,104.42,47.02,101.59,89.53,25.8,111.64,325.97,11.02,71.93,15.39,35.08,10.9,62.23,334.73,62.53,194.77,84.38,127.1,75.53,131.58,118.41,93.66,18.77,103.23,59.05,68.4,31.98,29.37,110.39,160.83,36.02,41.88,61.28,206.5,34.9
992,08/29/2018,46.94,53.9,103.43,72.28,100.58,143.81,146.14,106.71,31.14,33.26,52.5,485.22,211.27,30.22,36.92,41.13,76.71,98.43,100.14,78.52,29.52,88.12,241.4,16.31,50.74,24.7,21.277776584241,21.16,50.46,176.32,46.97,84.62,49.95,177.59,108.15,67.67,145.94,99.68,19.52,62.7133333333333,51.33,87.84,31.68,52.0,116.27,132.66,54.33,58.96,34.92,148.4,53.68
993,08/29/2019,49.6,52.46,121.94,88.78,102.22,128.43,192.19,120.74,27.33,26.35,41.72,422.04,203.2,36.22,49.55,33.49,112.68,61.53,86.22,80,26.31,88.07,203.44,13.22,58.66,15.62,16.7035469525426,16.45,48.08,216.36,44.13,99.2,41.29,147.28,87.27,75.79,128.3,79.53,14.47,52.1866666666667,37.76,51.28,32.26,47.41,109.99,146.94,52.39,46.19,47.8666666666667,195.5,40.77
994,08/29/2022,60.82,52.8,161.05,185.06,124.09,271.14,282.9,154.54,33.9,26.11,41.76,675.89,287.45,64.37,96.19,36.78,100.22,80.87,107.2,101.01,34.43,97.94,333.92,13.47,65.73,16.98,30.7648183556405,18.01,56.48,290.1,65.43,164.35,85.35,183.56,95.31,125.02,160.12,97.98,21.74,105.58,71.94,68.72,32.73,47.94,119.01,165.36,46.1,43.92,66.15,206.39,55.75
995,08/29/2023,74.66,58.35,139.39,230.79,106.56,340.43,333.2,160.24,29.17,26.52,44.34,691.03,358.29,73.72,104.3,28.3,104.86,48.28,103.52,90.35,26.45,111.74,332.55,11.14,72.29,15.72,35.57,11.21,62.27,337.79,62.85,196.61,85.55,128.19,76.05,132.25,120.59,94.43,18.87,104.34,59.45,68.52,32.54,30.33,111.74,161.28,36.48,42.0,61.75,207.63,35.44
996,08/30/2018,46.51,53.64,101.99,71.67,100.03,142.03,144.38,106.23,31.01,32.37,52.23,475.27,209.75,30.14,36.89,40.92,76.32,96.74,99.25,77.85,29.28,87.71,239.4,16.26,50.5,24.26,20.9555216591116,20.98,50.21,176.75,46.15,84.06,49.3,176.36,107.18,67.17,143.77,98.43,19.35,61.8733333333333,50.56,86.72,31.61,51.53,115.41,131.65,54.04,58.46,34.7288888888889,146.7,53.17
997,08/30/2019,50.18,52.04,123,90.71,102.39,128.98,194.85,120.37,27.51,26.28,42.06,422.56,203.41,36.89,49.76,33.74,112.49,61.65,86.62,79.97,26.45,89.26,203.91,13.25,58.28,15.7,16.6856439011465,16.6,48.07,215.58,44.3,99.89,41.49,146.21,87.93,75.8,128.93,80.09,14.62,52.34,38.27,51.31,32.05,47.65,110.62,146.96,52.69,46.57,47.5,197.97,41.09
998,08/30/2021,56.43,54.02,168.61,143.45,134.52,272.78,285.34,164.26,41.66,32.42,55.18,948.08,285.66,58.03,124.41,43.46,122.95,73.53,165.19,127.24,38.63,95.98,413.6,15.37,67.01,25.13,35.3537284894837,20.17,55.83,381.09,61.87,156.41,104.09,138.97,118.06,96.15,190.61,105.83,20.34,93.6,73.44,92.51,49.35,56.79,222.11,159.44,57.08,48.41,50.1133333333333,215.72,57.2
999,08/30/2022,60.13,52.39,158.17,182.89,122.34,268.42,282.12,154.66,34.09,26.16,41.68,672.72,285.42,63.8,95.62,36.74,98.54,80.75,106.83,100.87,34.37,97.83,333.63,13.39,65.05,16.76,30.65965583174,17.87,55.74,286.8,64.98,162.54,84.43,182.78,95.46,124.24,159.3,97.03,21.69,104.52,72.5,69.08,32.96,47.39,119.43,163.46,45.91,44.14,65.24,206.3,55.4
1000,08/30/2023,74.68,58.34,138.99,230.83,109.26,340.14,334.63,160.17,29.04,26.61,44.49,695.81,361.06,74.12,104.89,27.99,106.19,47.99,102.56,89.72,26.39,112.31,328.58,11.0,72.16,15.73,35.77,11.13,62.06,338.83,62.94,196.15,85.26,126.43,76.11,134.03,120.48,94.44,18.58,104.99,59.78,68.45,32.36,30.25,111.63,161.32,36.38,41.54,61.66,208.55,34.99
1001,08/31/2018,46.24,53.17,102.82,72.14,100.57,141.96,145.56,105.98,30.93,31.74,52.15,479.06,208.72,30.48,36.91,41.16,76.67,97.48,99.09,78.12,29.43,87.92,237.81,16.21,50.37,24.1,20.7854426708488,21.07,50.31,178.02,45.89,84.63,48.83,177.15,107.46,67.53,143.54,98.25,19.46,62.0266666666667,50.79,86.91,31.67,51.66,115.89,131.6,54.11,58.48,34.7822222222222,147.27,53.29
1002,08/31/2020,36.32,29.14,121.56,105.3,93,156.8,199.99,101.59,25.74,21.06,36.98,594.19,218.04,46.4,52.95,25.87,79.41,39.53,69.03,53.08,20.66,82.48,204.87,9.41,40.45,10.2,16.7686424474187,12.32,35.86,294.64,38.46,114.91,52.26,103.26,81.89,95.04,111.2,67.77,11.56,50.48,35.53,68.09,24.81,38.81,139.21,116.04,36.4,24.15,41.3666666666667,205.53,32.16
1003,08/31/2021,56.68,54.56,170.11,143.62,135.28,272.91,286.86,165.96,41.75,32.44,55.22,943.29,285.77,58.05,125.73,43.79,123.4,73.91,165.97,128.22,38.86,96.07,413.51,15.53,67.22,25.32,35.3346080305927,20.32,55.87,380.77,62.0,157.2,104.43,140.01,118.52,96.34,191.1,105.88,20.43,93.2666666666667,72.85,92.91,49.75,57.06,223.87,159.71,57.39,45.7,50.2066666666667,220.72,57.9
1004,08/31/2022,59.42,51.75,158.49,181.57,120.5,268.01,279.26,152,33.61,26.07,41.53,666.39,280.8,63.04,93.94,36.68,96.96,80.3,105.82,100.49,34.15,97.19,332.67,13.4,64.31,16.47,30.678776290631,17.69,55.31,284.52,64.33,161.37,85.22,181.78,95.09,122.65,158.0,95.75,21.67,104.37,70.95,68.35,32.75,46.84,120.0,161.64,45.61,43.71,64.8,206.83,55.03
1005,08/31/2023,74.57,58.52,139.33,230.48,107.81,337.58,333.39,157.99,28.67,26.74,44.87,700.54,360.2,74.1,106.37,28.13,105.79,48.11,102.39,90.07,26.55,111.57,327.71,11.09,71.82,15.92,35.69,11.33,62.09,336.8,63.34,194.99,85.15,125.05,76.07,133.47,120.73,94.67,18.34,104.59,59.15,68.74,32.28,30.55,112.23,161.23,36.53,41.29,61.86,206.76,35.5
1006,09/01/2020,36.7,29.15,123.15,105.69,92.96,157.16,202.65,102.47,25.71,21.02,37.21,596.24,218.55,46.69,53.72,26.17,80,39.89,68.58,52.97,20.85,82.03,205.46,9.44,41.04,10.18,17.1988527724665,12.53,36.17,296.07,38.5,115.48,52.58,103.56,82.08,93.87,111.6,68.0,11.63,50.3333333333333,35.8,68.58,24.86,39.17,139.18,114.69,36.69,24.05,41.7533333333333,208.37,32.19
1007,09/01/2021,56.34,54.58,169.57,144.44,134.27,272.28,288.39,164.44,41.19,32.27,54.4,943.82,285.26,58.46,127.52,43.2,122.18,72.47,161.68,124.77,38.47,95.5,413.66,15.32,67.82,25.16,35.0,20.01,55.66,382.11,61.31,158.05,104.31,139.22,116.92,96.41,189.48,104.75,20.13,93.3666666666667,73.2,91.87,48.59,56.22,221.0,159.28,56.17,43.45,50.1133333333333,223.7,57.17
1008,09/01/2022,59.52,52.34,160,181.6,121.39,269.18,280.78,151.11,33.47,25.93,41.36,664.85,282.43,63.66,94.15,36.63,97.72,81.02,104.81,100.04,33.84,97.51,333.5,13.37,65.16,16.37,30.4684512428298,17.68,55.51,286.78,64.84,162.57,86.17,180.81,94.71,123.7,158.45,94.97,21.38,104.56,71.72,68.59,32.05,46.87,119.0,163.3,45.87,43.7,64.98,207.09,55.11
1009,09/01/2023,74.77,59.24,140.02,231.07,110.56,342.31,334.34,159.62,28.98,26.87,45.42,706.19,362.46,74.2,104.49,28.63,106.48,48.7,103.5,92.06,27.05,111.45,327.4,11.22,72.43,16.03,36.34,11.56,62.3,339.32,64.3,195.77,85.75,125.76,77.29,135.48,122.22,96.09,18.56,106.41,60.5,69.85,32.66,30.9,112.9,162.3,37.07,41.65,62.43,207.87,36.44
1010,09/02/2020,36.9,29.83,124.02,107.35,94.59,159.73,209.73,104.4,26.02,21.77,37.67,608,221.68,47.18,54.46,26.79,81.67,40.18,69.37,53.68,21.29,82.98,210.04,9.69,41.56,10.63,17.3422562141491,12.71,36.6,304.49,38.82,118.91,53.25,104.12,83.92,95.0,112.4,69.01,11.79,51.2866666666667,35.97,69.88,24.82,39.41,141.14,117.48,37.61,24.57,42.44,216.17,32.39
1011,09/02/2021,55.99,55.23,170.57,145.82,133.97,273.94,290.57,162.05,41.02,32.44,54.31,950.67,285.05,58.73,128.32,43.49,122.12,72.73,160.06,124.06,38.69,94.8,414.5,15.36,68.47,25.32,35.1242829827916,20.12,55.47,385.69,61.66,159.42,104.83,139.28,117.9,96.35,191.71,105.03,20.04,93.4066666666667,72.91,92.69,48.31,56.6,221.41,159.97,56.44,44.57,50.2466666666667,230.06,57.15
1012,09/02/2022,59.4,52.41,158.9,180.47,121.48,268.42,278.34,149.79,33.43,25.89,41.12,658.06,277.67,62.89,93.82,36.18,96.82,81.04,104.22,99.53,33.67,96.79,331.48,13.32,64.99,16.25,30.1147227533461,17.55,55.43,284.4,65.06,160.27,86.4,180.75,93.38,122.41,157.25,94.89,21.28,103.5,70.34,67.68,31.97,46.49,118.34,162.7,45.55,43.38,64.77,204.75,55.04
1013,09/03/2019,50.38,52.4,123.21,89.66,102.54,127.2,192.61,117.6,27.05,26.03,41.53,415.82,200.9,36.53,48.71,32.89,112.68,59.93,85.35,78.46,25.74,88.14,198.97,12.88,58.85,15.53,16.4797588100916,16.22,47.98,213.14,43.93,98.8,40.99,142.99,86.66,75.62,126.76,78.64,14.26,51.28,37.96,49.64,31.74,46.7,109.75,147.57,52.02,46.09,47.6066666666667,195.66,39.79
1014,09/03/2020,36.94,29.4,122,104.58,93.34,156.34,203.85,104.46,25.66,21.52,36.85,579.12,218.15,45.88,53.86,26.76,80.59,40.44,69.92,55.42,21.11,81.85,207.56,9.65,41.03,11.14,16.9502868068834,12.63,36.62,291.25,38.2,116.58,52.75,103.73,83.66,93.29,111.67,68.01,11.53,50.7333333333333,35.39,67.4,25.12,38.61,135.08,115.35,37.46,24.52,41.9866666666667,209.44,32.49
1015,09/03/2021,55.71,55.1,170.37,145.49,133.97,272.35,291.43,159.3,41.05,32,53.93,937.28,281.89,58.94,129,43.07,121.08,72.31,157.26,122.99,38.51,94.29,411.31,15.25,68.09,24.88,34.9330783938815,20.05,54.76,385.39,61.22,159.5,104.25,138.96,117.35,96.23,191.52,104.89,19.71,92.6933333333333,72.09,92.89,47.38,56.45,218.57,159.17,56.15,44.17,49.6333333333333,228.52,57.12
1016,09/04/2018,46.57,53.37,102.16,72.99,100.95,143.12,146.87,107.01,31.14,31.26,52.4,475.78,210.05,30.46,36.91,41.23,77.18,97.74,99.83,78.58,29.74,88.23,237.66,16.4,50.44,23.98,20.8749579278292,21.21,50.27,178.13,46.13,84.78,48.71,179.35,108.31,68.39,143.93,98.75,19.64,62.3333333333333,51.32,87.6,31.88,52.14,115.16,132.13,54.24,58.8,35.0044444444444,147.69,53.92
1017,09/04/2019,50.79,54.4,123.8,90.02,103.9,129.27,195.4,118.4,27.49,26.23,41.92,415.64,202.19,36.7,49.09,33.25,113.66,60.53,85.96,79.33,25.95,88.76,201.73,13.05,59.71,15.6,16.6766923754485,16.4,48.65,213.7,44.49,99.97,41.53,143.98,87.96,76.26,128.57,79.65,14.44,52.02,38.67,50.88,32.3,47.31,110.98,150.16,52.46,46.5,48.0,196.52,40.01
1018,09/04/2020,37.86,29.8,122.67,103.68,93.81,156.54,202.74,105.67,26.54,21.3,37.5,564.63,218.32,45.25,52.99,27.36,81.08,41.47,73.99,57.12,21.63,83.89,210.94,9.94,40.94,11.39,17.0650095602294,12.89,36.87,282.47,39.15,115.41,52.71,105.9,84.45,92.94,113.1,69.71,11.8,51.08,36.2,68.35,26.17,39.16,132.27,116.57,38.31,24.79,41.96,208.43,33.68
1019,09/05/2018,47.08,53.82,102.7,73.53,101.4,143.92,147.73,105.68,31.18,31.42,52.25,478.24,212.26,30.67,36.46,41.48,77.45,97.98,99.85,78.53,29.68,89.1,237.56,16.4,50.05,24.6,21.0629399674881,21.33,50.27,176.1,46.33,84.89,48.72,179.73,106.99,68.79,144.18,99.72,19.93,62.1866666666667,50.52,87.26,32.01,52.32,114.5,132.59,54.33,58.95,34.96,147.74,53.83
1020,09/05/2019,51.13,54.68,123.85,89.73,104.38,133.41,195.6,120.67,28.12,27.03,42.82,424.72,204.24,36.84,50.08,34.2,113.93,62.38,88.32,81.82,26.75,90.84,207.05,13.54,59.99,16.05,17.0616079804642,17.04,48.96,219.58,45.95,101.05,42.47,147.1,90.02,76.53,131.56,81.92,14.81,53.3,39.62,52.47,33.28,48.65,115.05,151.74,53.27,47.62,47.9533333333333,197.69,41.14
1021,09/05/2023,74.2,58.6,138.32,226.8,107.22,340.33,329.45,160,28.65,26.13,45.2,695.93,360.47,72.5,108.24,28.38,105.06,48.52,101.74,91.81,27.07,108.9,323.75,11.16,71.82,15.69,36.41,11.47,61.73,338.3,63.77,192.96,84.84,123.81,76.43,133.52,120.49,94.45,18.42,106.28,59.68,70.08,31.8,30.44,111.81,160.39,36.52,41.54,61.75,204.12,36.13
1022,09/06/2018,46.89,53.9,103.35,73.86,101.1,143.19,150.43,105.4,30.85,30.26,52.19,471.96,212.88,30.77,35.46,41.19,77.64,97.88,98.15,77.73,29.5,88.61,234.52,16.34,49.88,24.22,20.7585880937547,21.18,49.89,176.65,45.83,85.34,47.93,178.64,106.13,68.82,143.2,98.73,19.58,61.2133333333333,49.51,86.41,31.8,52.25,113.26,132.57,54.33,57.93,35.0088888888889,149.57,53.32
1023,09/06/2019,51.57,54.85,124.41,90.5,105.31,134.75,195.28,120.19,27.73,26.92,43.03,423.83,204.73,36.81,50.37,34.14,114.94,61.61,88.19,82.25,26.76,91.68,207.21,13.54,60.32,15.98,17.1063656089544,16.8,49.28,220.54,46.23,100.91,42.18,146.44,89.82,77.39,131.72,82.17,14.85,53.7066666666667,39.9,51.84,32.88,48.72,115.62,152.84,53.41,47.15,48.1466666666667,197.75,40.94
1024,09/06/2022,59.53,52.36,158.66,180.9,121.49,268.49,281.23,148.6,33.06,25.91,41.14,661.63,276.59,63.36,94.09,35.71,97.22,79.99,102.17,97.49,33.27,97.48,326.49,13.17,65.0,16.43,30.4875717017208,17.32,55.33,287.9,65.05,161.57,85.13,179.02,93.92,122.48,156.37,94.18,21.01,103.4,70.47,68.06,31.0,46.02,118.66,161.88,45.32,42.88,65.7,204.92,54.66
1025,09/06/2023,74.23,59.19,137.98,227.74,107.93,339.71,331.64,158,28.39,26.11,44.68,694.18,361.67,72.73,107.9,27.68,104.52,46.56,101.46,91.51,26.6,108.63,321.13,10.92,71.85,15.55,36.84,11.09,61.72,340.68,63.2,193.93,84.16,121.79,76.33,134.84,118.36,94.32,18.11,105.14,58.27,69.86,31.73,29.72,111.5,160.61,36.12,41.02,61.53,204.54,34.82
1026,09/07/2018,46.82,53.67,103.96,73.76,100.03,142.48,150.02,106.08,30.86,30.14,52.18,471.44,214.04,30.82,35.26,41.01,77.16,97.28,98.37,77.46,29.49,88.39,233.91,16.25,49.59,24.05,20.6153636825861,21.11,49.66,176.8,45.72,85.73,48.22,178.81,105.99,68.87,142.96,98.29,19.61,61.4533333333333,50.16,86.38,31.73,51.98,107.73,130.09,54.19,57.4,34.9111111111111,148.41,52.76
1027,09/07/2021,55.25,54.67,168.51,143.69,131.47,269.84,287.98,159.72,41.32,31.23,53.12,924.83,278.9,58.13,127.07,42.91,119.43,72.86,156.93,121.24,38.56,93.11,410.32,15.3,67.56,24.74,35.0860420650096,20.04,54.92,381.77,60.88,157.89,104.18,138.42,115.43,94.26,192.21,104.83,19.68,92.3533333333333,72.08,89.43,46.68,56.02,215.04,157.8,55.83,44.31,48.8866666666667,227.1,57.5
1028,09/07/2022,60.86,53.7,162.17,186.58,125.12,276.86,288.57,152.25,33.57,26.05,42.43,674.22,281.04,65.26,96.34,36.21,99.03,82.21,104.89,99.94,34.04,99.8,330.56,13.55,65.75,16.57,31.1185468451243,17.77,56.23,294.43,66.17,165.56,86.86,182.81,96.51,127.2,159.61,95.78,21.55,105.73,71.79,69.74,31.95,47.1,121.27,164.02,45.91,43.84,66.86,210.25,56.35
1029,09/07/2023,74.65,59.65,137.59,230.64,107.73,340.46,334.39,156.78,28.13,25.93,44.85,691.06,361.8,73.99,109.39,26.94,104.76,45.51,99.92,89.39,26.09,108.64,321.96,10.69,71.79,15.34,36.58,10.89,62.05,342.12,62.77,195.7,83.84,119.33,75.55,137.41,115.77,94.28,17.79,103.96,57.82,69.51,30.92,29.27,110.03,160.67,35.63,40.43,61.78,203.86,33.86
1030,09/08/2020,36.94,28.89,120.31,101.08,91.25,149.51,198,103.67,25.48,20.56,36.04,552.54,217.8,44.19,51.14,26.62,79.15,39.94,70.36,55.11,21,81.52,202.48,9.72,39.55,10.7,16.1759082217973,12.52,35.63,278.7,37.88,113.48,50.17,102.26,81.61,91.81,110.3,67.82,11.37,48.8733333333333,34.66,65.55,25.53,37.91,127.96,113.74,36.72,23.97,41.54,203.13,32.22
1031,09/08/2021,55.17,54.81,171.13,144.5,132.82,269.1,288.14,158.93,40.78,31.3,52.98,924.34,279.34,58.57,128.31,42.64,120.24,72.11,154.6,118.66,38.42,92.9,405.0,15.24,68.59,24.54,35.0956022944551,19.74,55.23,381.94,60.98,159.0,103.57,137.26,114.61,94.29,191.72,104.64,19.49,91.4466666666667,71.56,87.31,45.68,55.64,217.1,158.74,55.34,43.82,49.48,225.95,56.5
1032,09/08/2022,61.67,54.33,164.42,187.09,126.93,282.34,290.95,153.52,34.65,26.26,43.82,691.92,283.34,65.55,96.9,37.83,99.68,84.61,106.44,101.05,35.32,100.92,335.38,14.14,66.37,17.36,31.8164435946463,18.49,56.67,296.11,66.82,166.27,88.44,187.9,98.89,129.22,162.85,96.95,22.21,107.45,73.16,72.06,32.6,48.05,121.71,164.51,47.05,45.23,68.01,211.24,58.26
1033,09/08/2023,74.83,59.66,138.36,228.19,106.2,345.05,333.45,157.43,28.36,25.93,44.78,690.62,363.15,73.12,112.67,27.37,105,46.73,99.92,89.57,26.41,109.16,325.52,10.87,71.49,15.45,37.04,11.25,62.43,339.77,63.31,194.76,84.92,121.78,76.39,135.76,116.93,95.09,17.92,106.33,59.33,70.16,31.28,29.78,109.24,159.89,36.11,41.0,61.93,202.82,34.92
1034,09/09/2019,51.08,55.41,124.64,89.87,105.79,137.87,193.43,119.92,28.63,27.78,45.48,430.85,206.62,36.5,50.98,35.72,113.4,63.21,90.96,84.47,27.53,93.1,211.98,14.17,60.3,16.41,17.5002327396682,17.67,49.61,217.37,46.4,99.87,43.11,154.15,93.15,76.74,136.29,84.2,15.45,54.8466666666667,41.1,54.0,33.71,50.36,117.72,149.23,54.91,48.41,47.6133333333333,195.53,42.37
1035,09/09/2020,37.04,29.15,121.35,103.23,92.54,150.1,203.63,103.78,25.51,20.4,35.89,560.18,219.63,45.4,51.61,27.13,78.84,39.7,70.57,55.04,21.12,81.6,202.22,9.79,39.48,10.69,16.453154875717,12.55,35.81,288.41,38.28,116.75,51.06,101.16,81.09,94.67,109.91,68.28,11.46,49.04,35.03,65.79,25.6,37.83,129.24,113.63,36.53,23.84,42.3533333333333,209.19,32.12
1036,09/09/2021,55.14,54.69,169.84,145.39,132.09,269.55,292.38,159.39,40.93,31.36,52.88,922.14,278.61,58.43,129.41,43.24,119.25,73.12,155.78,120.3,38.8,93.09,404.58,15.34,68.62,24.78,35.1816443594646,19.97,54.58,382.5,61.03,160.29,103.84,137.95,114.58,93.22,192.28,104.54,19.66,91.9133333333333,72.33,87.89,46.58,55.73,217.21,157.96,55.82,44.36,48.7,236.0,57.56
1037,09/09/2022,61.88,55.04,163.7,188.42,126.44,286.61,292.09,158.44,34.94,26.38,44.14,695.46,285.77,65.41,99.67,38.32,100.69,84.57,108.32,102.52,35.74,102.75,340.1,14.14,67.02,17.58,32.5621414913958,18.66,56.86,299.54,67.64,166.76,89.46,187.61,99.1,128.68,164.34,98.48,22.21,108.42,74.54,73.0,33.42,48.48,124.39,164.15,47.58,45.33,67.63,213.8,58.67
1038,09/10/2018,46.77,52.72,101.67,74.19,97.85,143.17,149.74,107.29,30.82,31.23,52.03,473.75,215.11,31,35.9,40.76,77.03,97.13,98.47,78.13,29.42,84.46,231.91,16.14,49.38,24.35,20.4363331686253,20.91,49.96,177.16,45.59,86.15,47.94,178.51,106.42,67.79,142.65,98.7,19.54,61.6266666666667,50.62,87.1,32.18,51.76,109.48,127.6,54.13,57.46,34.7822222222222,148.18,52.93
1039,09/10/2019,50.97,55.5,123.75,88.08,105.68,144.63,187.29,117.31,29.35,28.45,45.78,428.34,208.31,34.87,49.64,36.28,111.78,64.07,91.83,84.32,27.92,94.27,215.63,14.37,59.3,17.04,17.7150693564211,18.12,49.91,211.46,47.42,98.08,43.58,155.09,94.47,76.13,137.89,86.71,16.01,56.1933333333333,41.95,58.84,33.8,51.24,117.85,146.57,55.86,48.31,47.2133333333333,189.69,43.66
1040,09/10/2020,36.21,28.16,118.36,101.93,92.62,150.07,202.05,102.77,25.14,20.07,35.57,543.31,217.8,44.86,51.43,26.72,77.23,39.2,69.42,54.07,20.63,80.07,200.01,9.58,38.9,10.26,16.3097514340344,12.29,35.16,283.78,37.69,115.61,50.29,99.05,78.65,94.35,108.22,67.26,11.24,48.6333333333333,34.66,64.23,25.4,37.21,125.64,111.8,35.78,23.95,41.58,207.27,31.12
1041,09/10/2021,54.66,54.44,167.93,144.08,131.55,266.73,292.3,158.72,40.27,31.32,51.91,916.62,277.6,57.77,128.74,42.85,117.38,72.8,155.56,120.49,38.66,92.03,403.48,15.35,68.94,24.6,35.0095602294455,19.87,53.49,382.53,60.77,160.48,103.62,135.76,112.55,93.12,191.66,103.75,19.5,90.4933333333333,71.44,87.56,47.32,55.2,216.6,156.36,55.45,44.33,47.82,236.55,57.38
1042,09/11/2018,46.63,52.37,101.4,74.13,98.16,142.73,151.02,108.31,30.85,31.12,52.24,471.13,215.1,31.17,35.64,41.03,76.8,98.33,98.63,78.88,29.39,84.86,230.21,16.25,49.28,23.99,20.5079453742096,21.16,50.11,177.72,45.21,86.37,47.86,178.89,106.37,67.99,143.23,97.66,19.65,61.9866666666667,50.98,86.86,32.44,51.87,110.27,127.85,54.2,57.38,34.9644444444444,148.32,53.17
1043,09/11/2019,51.4,56.6,124.44,87.95,106.15,145.57,188.38,118,29.46,29.48,46.34,432.83,210.91,35.58,50.42,36.21,111.48,65.77,92.09,84.39,27.79,95.13,216.8,14.61,59.04,17.57,18.0641788586447,18.0,50.03,213.09,47.97,98.73,43.94,155.01,97.37,76.28,136.0,88.02,16.24,57.1866666666667,42.76,60.0,33.93,52.13,120.09,146.23,55.95,48.85,47.4266666666667,191.74,44.15
1044,09/11/2020,36.39,28.4,118.7,101.79,93.82,152.1,201.54,103.36,25.5,20.23,36,541.2,217.93,44.64,51.47,27.11,76.92,39.62,71.05,54.74,21.05,81.47,200.92,9.68,38.64,10.7,16.4818355640535,12.36,35.27,284.94,38.23,115.78,50.35,101.66,79.85,94.98,110.75,68.12,11.52,49.0733333333333,35.24,64.91,25.79,38.23,125.74,113.4,36.68,24.27,41.92,206.12,31.49
1045,09/11/2023,75.59,59.69,139.49,228.55,107.78,343.52,333.15,157.83,28.48,25.96,44.92,695.93,365.52,73.4,113.5,27.62,105.91,46.32,100.03,89.63,26.5,109.1,324.65,10.75,71.17,15.41,36.37,11.21,62.89,339.76,63.4,195.69,83.51,126.16,77.08,137.26,118.02,95.26,17.97,106.83,59.82,71.39,31.7,30.11,110.1,161.13,36.2,41.33,62.22,202.57,34.73
1046,09/12/2018,46.31,52.32,100.61,73.55,97.58,141.41,151.08,107.88,30.43,31.34,52.01,470.01,214.59,31.19,35.8,40.36,75.97,94.95,97.41,77.57,28.87,84.29,228.15,15.87,48.95,24.05,20.4989938485115,20.72,49.87,178.9,44.91,85.74,47.48,174.45,105.34,68.36,141.31,96.78,19.15,61.0666666666667,50.71,86.55,32.29,50.67,110.13,126.89,53.55,55.94,34.9155555555556,146.2,52.25
1047,09/12/2019,51.47,56.76,125.6,87.81,106.58,146.38,189.76,119.02,29.67,29.79,46.31,434.75,211.37,35.96,52.24,36.37,113.24,64.76,92.91,84.5,28.03,94.73,218.74,14.65,59.93,17.26,18.2342578469074,18.03,50.39,212.98,47.87,99.68,44.32,156.79,97.56,76.98,137.17,88.22,16.25,57.6066666666667,43.07,60.27,33.85,52.79,118.12,148.3,55.73,48.65,47.5066666666667,194.69,44.63
1048,09/12/2022,62.5,56.53,163.49,187.63,127.1,289.24,294.01,162.45,35.27,26.75,44.28,696.81,288.51,65.3,100.82,39.13,102.62,85.25,109.79,103.29,36.52,103.5,342.58,14.46,67.8,17.82,32.5143403441683,18.9,57.45,303.33,68.52,167.39,90.15,190.55,98.49,129.1,166.28,99.76,22.46,109.8,74.92,74.19,34.3,49.54,124.94,165.33,47.56,45.53,68.01,215.04,58.62
1049,09/12/2023,76.27,60.57,141.04,230.29,109.49,347.2,334.99,158.5,28.97,26.11,45.38,697.34,367.78,73.55,112.54,28.37,107.19,45.47,101.05,89.14,27.47,110.13,330.9,10.95,72.29,15.56,37.06,11.77,64.01,339.21,63.99,196.84,85.55,129.61,71.85,138.65,124.85,96.6,18.19,107.89,60.52,71.49,32.28,30.01,110.28,162.77,37.0,42.54,63.27,203.58,37.09
1050,09/13/2018,46.7,52.67,102.56,74.62,99.05,143.37,151.41,108.66,30.14,31.33,51.22,468.98,214.89,31.34,35.94,39.77,76.9,93.01,97,77.1,28.77,85.13,228.33,15.77,49.36,23.36,20.4900423228135,19.93,50.37,179.26,45.52,85.9,47.72,171.01,103.07,68.74,140.26,97.08,18.87,60.76,50.42,86.4,32.21,49.96,109.17,128.83,54.02,55.0,35.4177777777778,146.58,51.61
1051,09/13/2019,51.77,57.29,125,86.98,105.81,147.43,190.88,119.2,30.17,29.91,46.9,442.96,213.61,35.98,53.55,36.83,112.95,65.6,93.62,84.78,28.38,95.35,219.9,14.75,60.32,17.4,18.1984517441153,18.27,50.8,212.28,48.37,99.84,45.16,158.44,98.94,72.68,139.28,89.82,16.35,58.0733333333333,43.62,61.15,34.18,53.06,118.94,146.31,56.08,48.92,47.3266666666667,194.7,44.77
1052,09/13/2021,55.23,55.12,167.58,144.43,133.27,269.59,292.55,161.45,40.94,31.75,52.24,916.26,279.92,57.45,129.21,43.99,118.49,74.19,158.93,122.56,39.58,93.19,409.26,15.43,70.32,24.97,35.2103250478011,20.72,54.05,379.17,61.79,159.14,104.4,137.45,113.73,94.0,194.46,105.41,19.89,90.9533333333333,71.89,88.3,48.69,56.23,216.73,158.9,56.54,45.76,48.32,236.42,58.31
1053,09/13/2022,60.79,54.34,158.49,184.81,122.54,277.72,284.04,155.35,34,24.64,44.11,644.91,278.29,62.76,94.37,37.24,99.38,82.05,101.04,98.51,34.98,101.97,328.39,14.02,66.32,16.52,31.5105162523901,18.0,55.85,290.71,66.47,160.49,87.05,186.28,94.95,126.71,160.85,95.79,21.68,107.04,72.95,72.13,31.6,47.11,116.18,162.22,45.18,43.22,66.72,206.29,57.3
1054,09/13/2023,76.39,60.65,138.84,229,108.9,345.12,335.34,159.14,28.88,25.91,45.27,697.23,367.82,73.14,112.75,27.44,106.43,44.2,100.34,88.67,27.25,109.81,334.98,10.66,72.19,15.31,37.21,11.43,63.81,343.2,63.79,196.78,87.25,126.17,71.91,139.17,123.61,96.58,17.86,106.2,58.73,71.25,31.8,28.62,109.06,163.13,35.15,42.25,63.16,203.2,36.13
1055,09/14/2018,47.21,53.25,103.85,74.89,99.99,147.47,151.97,109.56,30.37,31.92,51.65,476.06,216.37,31.07,36.8,40.14,77.77,93.19,97.99,77.84,29.02,86.84,229.24,15.66,49.84,23.75,20.9107640306214,19.94,50.98,181.55,46.53,86.77,48.19,171.22,104.15,68.24,140.4,99.86,18.97,61.7066666666667,51.16,87.29,32.59,50.21,110.37,130.01,54.14,54.73,35.7466666666667,146.95,52.21
1056,09/14/2020,37.07,29.4,119.45,102.61,94.95,156.03,201.96,107.27,25.75,20.37,35.96,547.38,219.94,45.17,52.67,27.99,77.67,41,74.64,57.99,22.26,83.23,201.34,10.12,38.89,10.68,16.7112810707457,12.81,36.1,288.68,38.84,117.8,51.15,104.24,80.5,96.26,114.18,69.76,12.06,50.6533333333333,35.73,64.43,26.96,39.76,127.41,114.46,37.87,24.81,42.5666666666667,206.2,32.27
1057,09/14/2021,54.29,54.43,165.81,145,132.13,266.58,291.69,159.48,39.84,31.32,51.14,901.95,277.2,56.1,130.6,42.77,117.44,71.51,154.39,120.34,38.98,92.12,403.69,15.04,70.12,24.95,35.038240917782,20.6,53.18,380.15,60.78,157.61,101.91,133.67,110.13,93.2,188.35,103.72,19.45,89.46,69.73,86.57,47.68,54.63,212.88,156.35,55.91,46.05,47.6466666666667,234.27,56.86
1058,09/14/2022,60.13,54.2,155.92,185.1,124,277.96,283.77,156.3,33.87,24.54,43.72,643.58,278.42,62.52,95.36,36.9,100.2,79.92,100.65,99.05,34.98,101.17,327.26,13.87,65.66,16.32,31.5105162523901,17.64,55.37,286.21,66.41,158.81,87.18,183.25,94.67,128.04,162.41,94.08,22.13,107.25,72.75,71.4,31.74,47.35,114.42,163.24,45.1,43.28,67.3,207.0,57.96
1059,09/14/2023,77.31,61.2,140.78,231.45,110.55,349.8,338.75,161.78,29.2,26.22,45.82,706.81,369.5,73.28,112.71,28.27,108.44,43.83,102.26,90.08,27.52,110.84,344.57,10.86,73.34,15.51,38.2,11.65,64.54,348.86,65.93,198.55,89.07,128.94,73.46,139.57,126.97,99.14,17.98,108.66,59.76,72.39,32.29,29.42,110.05,165.96,35.72,43.05,64.6,205.23,37.08
1060,09/15/2020,36.69,28.93,117.26,102.98,94.84,153.85,202,106.68,25.28,20.39,34.87,548.16,218.94,45.16,53.2,26.69,75.98,40.59,73.3,57.05,21.87,83.39,198.0,10.0,37.48,10.53,16.434034416826,12.53,35.39,286.95,37.51,118.62,50.39,103.76,78.76,95.08,111.29,68.36,11.98,49.56,34.75,63.2,26.49,39.41,126.74,112.15,37.32,24.88,42.2266666666667,206.25,31.16
1061,09/15/2021,54.66,54.45,163.91,150.19,131.69,271.27,293.66,161.34,40.14,32.04,52.07,909.65,278.18,57.48,134.6,43.74,118.29,73.27,158.91,123.36,40.27,92.28,401.95,15.18,70.42,25.55,35.057361376673,21.0,53.97,379.81,62.07,158.8,103.04,137.26,110.72,93.31,190.18,104.32,19.8,90.5666666666667,71.15,87.92,48.24,55.58,215.11,157.58,57.8,46.64,47.7933333333333,236.75,57.98
1062,09/15/2022,59.56,54.18,155.76,184.52,129.02,277.35,280.13,156.13,34.51,24.53,44.44,632.34,276.7,61.49,94.7,37.71,99.8,80.11,102.77,100.91,35.78,101.78,331.62,14.26,65.7,16.38,31.9120458891013,18.07,55.42,282.31,65.69,156.89,88.26,186.5,95.46,127.09,165.05,92.54,22.44,107.93,72.58,71.4,32.6,48.12,112.08,164.16,45.87,44.14,67.75,206.75,58.97
1063,09/15/2023,76.51,61.18,138.65,230.14,108.78,347.12,336.16,163.75,28.84,26.25,45.21,697.41,367.86,72.63,113.79,27.96,107.19,43.57,104.46,89.74,27.44,109.9,342.54,10.7,72.99,15.57,38.67,11.72,64.25,341.19,65.65,196.19,88.41,129.3,72.72,138.74,126.35,98.69,17.96,107.67,58.22,71.85,32.52,29.0,109.63,164.8,35.15,42.95,64.12,205.07,36.92
1064,09/16/2019,51.91,56.32,125.6,87.56,106.38,147.43,191.12,117.64,30.13,29.73,46.75,435.71,210.33,35.83,53.52,36.96,112.78,66.5,94.34,83.59,28.51,93.72,217.22,14.62,60.03,17.23,18.0910334357388,18.34,51.01,213.33,47.55,100.03,44.75,159.61,98.01,73.4,140.5,89.1,16.44,58.2333333333333,43.6,60.51,33.89,52.92,116.85,146.34,55.86,48.98,47.2666666666667,195.01,45.18
1065,09/16/2020,37.21,29.77,117.73,103.04,95.91,157.43,202.53,105.98,25.6,21.06,35.57,561.73,219.59,45.18,53.53,27.62,77.2,41.18,76.17,59.22,22.05,83.81,200.68,9.89,38.14,10.89,17.208413001912,12.71,37.07,286.82,37.63,118.83,51.15,103.26,83.22,95.08,113.64,69.32,12.09,49.7933333333333,35.73,63.32,27.59,40.25,128.18,113.17,38.16,25.71,42.7,206.94,31.81
1066,09/16/2021,54.56,54.35,162.92,149.8,131.48,271.25,292.13,162.63,40.45,31.67,51.37,890.44,277.51,57.46,135.04,43.72,117.89,73.76,160.17,124.3,40.4,91.85,396.68,15.05,70.55,24.89,34.8470363288719,20.89,53.65,380.33,62.22,158.22,102.47,137.51,109.55,92.99,189.9,103.61,19.84,89.6333333333333,70.78,87.05,48.69,55.28,215.03,156.67,57.1,46.28,48.1133333333333,234.05,57.7
1067,09/16/2022,59.5,53.65,154.83,179.45,129.42,272.26,277.12,153.08,34.12,24.14,43.89,626.74,274.81,61.54,92.18,36.87,97.41,78.56,101.68,100.91,35.03,102.26,326.21,13.71,65.35,16.09,31.395793499044,17.7,53.96,280.29,65.08,156.34,87.43,182.85,93.13,124.89,163.83,91.92,21.93,106.85,71.87,70.1,32.51,47.62,110.13,162.33,45.87,43.94,66.94,206.0,57.7
1068,09/17/2018,47.05,53.3,103.95,75.12,100.33,144.08,152.15,109.2,30.28,31.82,51.22,470.9,216.29,30.63,37.1,39.89,77.84,92.74,97.1,77.56,28.72,85.77,227.89,15.65,49.71,23.71,20.7227819909625,19.86,50.76,176.91,46.19,86.63,47.68,169.72,103.01,68.53,139.66,98.99,18.98,60.8733333333333,50.32,85.88,32.5,50.24,108.96,129.89,54.13,54.31,35.3777777777778,146.36,51.71
1069,09/17/2019,52.44,57.08,127.03,89.64,107.94,146.09,194.52,119.05,29.94,29.46,46.35,439.18,210.15,36.4,53.52,36.4,114.05,65.48,93.83,83.9,28.18,94.34,215.91,14.55,60.73,17.04,17.7329724078172,18.13,51.37,218.16,47.43,101.46,44.21,158.12,96.19,74.02,139.24,88.29,16.26,57.5666666666667,43.11,60.22,33.96,52.76,117.94,147.25,55.9,48.76,48.0133333333333,198.64,44.54
1070,09/17/2020,37.62,28.7,119.47,103.71,92.8,157,201.67,104.66,25.35,21,35.56,548.41,218.05,44.76,52.2,27.49,77.44,40.77,75.98,59.54,21.87,83.4,194.83,9.79,37.65,11.15,17.1032504780115,12.68,36.99,282.71,39.32,117.88,50.25,102.42,82.9,95.43,111.88,68.59,12.03,49.1666666666667,35.81,62.37,27.64,39.26,127.46,112.6,37.89,25.11,42.3933333333333,205.71,31.52
1071,09/17/2021,53.99,53.81,161.44,148.39,131.03,269.55,289.23,163.92,40.5,31.33,51.15,876.63,276.76,57.01,133.63,43.68,116.45,74.07,159.57,123.64,40.12,89.67,391.46,14.95,69.56,26.25,34.9330783938815,20.76,53.08,370.0,61.72,155.83,101.75,137.55,108.2,92.61,188.92,103.14,19.83,89.14,70.43,84.82,48.44,55.33,213.51,156.29,57.01,46.47,48.1266666666667,230.28,57.09
1072,09/18/2018,47.26,53.95,105.14,75.03,101.15,146.01,152.88,109.64,30.21,31.65,51.45,472.2,218.3,30.08,37.53,39.81,77.98,92.39,97.03,78.29,28.85,85.97,228.89,15.49,50.1,23.68,20.6511697853782,19.74,51.04,177.85,46.81,83.16,47.85,169.11,103.85,69.68,139.93,100.21,18.91,61.34,50.62,85.62,32.98,50.06,109.29,131.37,54.15,54.5,35.1066666666667,146.09,51.51
1073,09/18/2019,52.61,57.65,127.5,89.88,107.99,147.54,194.11,118.74,30,29.44,47,443.16,210.9,36.36,52.85,36.61,114.55,66.92,93.9,84.31,28.29,94.94,217.08,14.59,60.82,16.94,17.6613602022329,18.21,51.28,216.76,47.85,101.62,44.36,159.44,96.35,75.18,141.2,89.18,16.35,57.24,43.23,60.48,34.08,53.11,117.11,146.47,55.91,48.93,47.9466666666667,198.69,45.08
1074,09/18/2020,37.8,27.99,119.93,104.21,91.28,157.71,201,103.44,25.21,21.22,35.4,556.92,218.21,44.8,52.7,27.16,78.01,40.65,75.79,59.03,21.74,82.46,194.86,9.69,37.25,10.98,17.0172084130019,12.65,36.69,280.82,39.67,117.67,50.08,101.78,81.74,96.86,111.76,68.15,11.91,48.6466666666667,36.03,61.95,27.23,39.16,127.97,111.61,37.62,25.13,41.7666666666667,205.31,31.42
1075,09/18/2023,76.92,61.68,140.28,233.11,111.04,347.08,339.32,159.63,28.76,26.13,44.8,694.89,370.43,73.33,114.37,27.4,108.44,43.26,102.58,88.47,27.13,110.45,343.32,10.59,73.27,15.23,38.32,11.37,64.56,343.4,66.3,197.73,88.71,126.69,71.76,140.56,124.68,98.91,17.8,107.16,57.86,71.26,32.14,28.67,109.05,166.85,34.75,43.43,65.01,208.35,36.18
1076,09/19/2018,47.68,53.89,105.09,75.73,101.7,148.43,155.24,110.1,31,32.46,52.43,483.54,220.95,30.4,37.5,40.42,78.58,93.86,98.96,78.76,29.52,87.17,235.58,15.72,50.58,24.29,20.7854426708488,20.17,51.8,177.8,47.72,85.3,49.1,172.02,105.19,69.88,141.53,102.84,19.16,62.5133333333333,51.99,87.92,33.39,50.97,110.9,132.5,54.92,55.22,34.7733333333333,148.35,52.08
1077,09/19/2019,52.56,57.89,126.23,89.47,108.36,147.29,194.22,117.79,29.82,29.56,46.98,443.98,209.22,36.51,52.9,36.17,114.3,66,93.27,83.74,27.95,94.32,215.23,14.47,60.64,17.05,17.5986995223466,18.05,51.05,216.57,47.86,102.24,44.02,156.96,95.78,75.78,141.0,89.01,16.12,56.7733333333333,42.92,61.1,34.04,52.79,116.0,146.94,55.8,48.91,48.0066666666667,198.2,44.58
1078,09/19/2022,60.37,54.59,155.01,181.39,132.08,278.14,278.71,155.36,34.69,24.82,44.21,634.73,278.95,61.75,95.15,37.28,99.16,79.35,102.48,102.17,35.44,103.4,328.66,14.03,65.82,16.86,32.093690248566,17.83,55.11,278.51,66.28,157.22,88.72,187.29,95.41,127.29,165.31,94.43,22.24,109.47,73.71,70.87,32.71,47.99,113.92,164.29,46.15,44.32,67.56,208.76,58.38
1079,09/19/2023,77.37,62.36,140.73,235.78,113.38,347.18,341.37,159.35,28.65,26.23,44.12,688.96,370.48,73.83,115.12,27.46,109.06,43.18,101.69,88.81,26.91,111.24,341.89,10.57,73.77,15.28,38.23,11.23,65.08,340.69,66.36,198.15,88.51,126.4,70.45,142.47,124.19,98.92,17.94,106.46,57.73,70.55,32.37,28.6,110.6,167.19,34.59,43.22,65.42,213.36,35.89
1080,09/20/2018,47.89,54.32,105.61,76.13,102.03,149.42,155.16,111.11,31.19,32.92,53.33,487.14,221.68,30.4,37.78,41.03,78.97,94.69,99.26,79.35,29.79,88.33,237.4,15.98,50.76,24.41,21.2151159043547,20.75,52.16,178.75,48.42,85.07,49.88,172.88,106.71,70.78,144.46,104.23,19.49,63.6666666666667,52.07,89.57,33.6,51.57,111.54,134.15,55.35,55.55,35.0444444444444,148.5,52.5
1081,09/20/2019,51.97,57.45,126.64,88.8,107.92,145.78,193,116.8,29.59,29.34,46.38,444.39,208.12,36.23,52.89,35.88,113.81,65.97,92.74,82.94,27.83,94.65,213.74,14.4,60.44,16.87,17.4196690083858,17.77,50.97,214.08,47.44,100.9,43.67,156.3,94.27,76.01,140.88,89.08,15.96,56.1333333333333,42.78,60.11,33.86,52.42,114.34,146.28,55.44,48.63,47.82,196.37,44.51
1082,09/20/2021,52.07,53.23,158.82,146.09,129.59,256.31,288.01,160.57,39.11,29.77,49.59,857.27,274.2,56.34,123.96,42.35,114.27,71.97,156.37,120.48,38.54,87.84,378.13,14.42,68.49,23.97,34.321223709369,20.06,52.26,368.93,59.31,154.89,98.63,133.94,105.87,92.21,184.67,98.89,19.16,87.24,68.8,82.45,47.28,53.68,205.53,152.66,55.68,45.81,47.7466666666667,226.81,55.67
1083,09/20/2022,60.53,53.41,150.79,179.17,130.08,275.14,276.22,153.48,34.17,24.54,43.27,622.31,277.13,61.44,90.94,36.81,97.03,78.82,101.37,100.29,35.14,103.65,323.26,13.9,64.96,16.37,31.395793499044,17.61,53.8,270.81,65.49,155.47,87.19,187.18,93.59,125.1,163.83,93.02,22.19,108.4,73.35,68.95,31.64,47.29,111.79,160.95,44.99,43.41,66.38,208.35,57.7
1084,09/20/2023,77.15,62.32,141.7,235.19,114.15,344.99,342.02,157.23,28.55,25.91,43.7,683.48,366.82,73.84,114.22,27.52,109.52,41.87,100.56,88.66,26.81,110.89,336.7,10.5,73.95,15.05,37.93,11.04,64.97,335.85,66.09,197.47,87.14,126.62,69.87,142.69,123.95,98.93,17.81,106.51,56.67,69.69,32.16,28.37,108.68,168.94,34.41,42.87,65.65,214.78,35.3
1085,09/21/2018,48.04,54.67,105.21,75.91,101.82,149.99,156.47,110.9,31.03,32.82,53.39,487.61,220.52,30.27,39.49,40.98,79.03,94.63,99.01,79.99,29.5,88.89,235.34,15.95,50.92,24.31,21.05398844179,20.78,51.76,174.59,48.79,85.94,49.41,173.0,106.35,70.72,144.01,104.68,19.44,63.42,51.84,88.77,33.47,51.44,111.77,134.44,55.14,54.99,35.0266666666667,148.48,52.57
1086,09/21/2020,36.41,26.98,120.07,104.11,92.03,150.39,199.2,98.17,24.47,20.1,33.97,552.59,213.02,44.02,51.73,25.83,75.44,38.66,71.65,55.02,20.86,79.29,194.0,9.16,36.24,10.22,16.5678776290631,12.05,34.82,280.04,37.43,116.27,48.36,96.62,79.5,97.36,108.84,64.73,11.31,46.9333333333333,35.24,59.92,25.9,37.34,124.74,109.45,36.16,24.04,40.76,202.53,29.81
1087,09/21/2021,51.35,52.96,158.86,148.5,129.6,253.5,290.93,163.27,39.13,29.63,49.3,845.24,273.18,56.63,127.57,41.8,113.75,71.32,156.5,122.83,38.23,86.57,375.84,14.25,67.82,23.72,34.1204588910134,19.93,51.7,369.44,58.47,155.59,98.3,133.39,104.51,92.07,183.97,97.9,19.11,85.9,68.44,81.69,47.53,53.67,203.6,152.97,57.1,45.85,47.8133333333333,228.91,55.37
1088,09/21/2022,59.79,52.29,147.99,174.32,127.85,269.87,272.99,148.71,33.15,24.25,42.3,608.09,270.74,60.4,88.77,36.49,94.5,77.75,99.49,97.87,34.26,103.74,320.71,13.72,63.07,16.01,30.9369024856597,17.13,52.88,266.7,64.52,153.6,86.36,185.64,91.18,121.36,158.45,91.87,21.87,106.98,72.91,67.77,30.63,46.0,110.05,157.06,43.93,42.27,65.01,205.02,57.1
1089,09/21/2023,76.16,61.33,143.04,232.94,113.85,337.23,338.21,154.71,28.05,25.18,43.16,668.83,363.28,72.37,111.13,26.97,107.44,41.21,98.93,87.55,26.38,110.06,330.24,10.39,72.98,14.63,37.49,10.72,64.19,324.27,64.69,195.21,84.88,126.27,69.54,142.4,122.17,96.97,17.42,102.4,56.01,68.82,31.81,28.16,106.17,168.61,33.45,42.32,65.13,212.32,34.16
1090,09/22/2020,36.37,27.34,120.91,104.29,92.34,148.69,199.97,98.48,23.94,19.87,33.48,550.8,214.16,44.51,51.3,24.51,75.88,37.15,69.96,54.52,20.11,79.47,191.62,8.89,35.84,10.19,16.6347992351816,11.74,34.72,279.13,36.95,116.27,47.63,93.11,77.79,94.42,105.36,63.71,11.04,46.8266666666667,34.97,58.88,25.61,36.25,125.48,109.25,35.59,23.65,40.96,203.67,28.62
1091,09/22/2021,51.88,53.71,160.09,151.39,130.36,259.13,299.08,167.49,40.14,30.56,49.93,851.05,274.07,57.4,125.82,42.68,114.46,73.57,159.62,124.62,39.05,87.91,385.47,14.5,68.93,24.29,34.7036328871893,20.31,52.37,370.38,59.45,157.08,100.8,136.5,106.43,92.04,187.67,100.05,19.52,86.92,70.4,83.15,48.35,54.74,206.93,154.38,57.92,47.08,48.1933333333333,230.94,56.91
1092,09/22/2022,58.67,51.21,148.67,172.53,127.97,264.48,272.22,143.03,32.5,23.71,40.93,600.5,268.51,59.24,85.4,35.15,92.99,76.16,95.47,94.97,33.21,102.8,312.92,13.41,62.39,15.61,29.6271510516252,16.58,51.82,255.3,63.47,151.21,84.77,183.2,89.49,122.42,154.67,90.98,21.31,105.42,72.06,66.08,29.73,44.8,107.71,157.0,43.03,41.52,64.44,203.4,55.75
1093,09/22/2023,76.31,61.58,145.02,233.08,114.09,333.49,336.02,153.08,27.64,25.02,42.7,660.1,360.16,72.27,111.18,26.56,107.01,41.22,98.27,87.19,25.7,110.22,327.89,10.31,72.98,14.49,37.21,10.61,64.5,324.22,64.42,195.51,83.29,124.27,69.43,143.26,120.85,96.42,17.06,101.21,55.15,67.81,31.38,28.07,105.44,167.84,33.38,41.23,64.91,212.95,34.1
1094,09/23/2019,52.35,57.3,125.84,88.39,108.41,147.29,192.76,118.24,29.52,29.08,46.77,446.2,207.96,36.28,53.3,35.87,114.28,65.81,92.85,83.31,27.72,95.35,213.46,14.45,60.19,17.0,17.8045846134015,17.79,51.58,215.38,47.73,101.12,43.56,156.15,94.62,76.38,141.2,89.66,16.05,56.1933333333333,42.58,60.19,34.12,52.57,114.84,146.54,55.68,48.96,48.2,197.4,44.3
1095,09/23/2020,35.62,26.43,118.73,102.36,89.62,145.35,200.41,95.56,23.26,19.58,33.25,538.54,209.61,43.34,50.79,23.95,74.95,36.44,68.13,53.23,19.56,77.41,186.12,8.69,35.29,10.42,16.3193116634799,11.54,33.54,273.66,36.09,114.54,46.42,90.86,75.99,91.19,102.48,61.96,10.75,46.06,34.78,57.77,25.1,35.43,122.89,107.49,34.5,22.83,39.7066666666667,203.99,28.25
1096,09/23/2021,52.39,54.52,159.92,152.26,130.81,267.75,298.29,173.36,41.69,31.36,51.5,876.17,278.12,57.48,127.09,44.92,116.11,77.17,166.02,128.23,40.76,89,391.86,15.11,69.38,24.85,35.6214149139579,20.97,52.94,376.92,61.26,158.53,103.55,141.95,109.38,91.57,193.61,103.21,20.4,91.6,74.3,85.86,49.84,57.09,212.06,156.02,59.29,47.8,48.6,233.45,59.36
1097,09/23/2022,57.79,49.77,147.9,171.83,127.62,257.36,273.92,140.26,31.73,23.41,40.17,591.39,267.77,58.92,83.5,34.43,92,74.31,93.78,93.73,32.8,99.95,301.97,13.19,61.92,15.22,28.6615678776291,16.42,51.0,254.69,61.86,151.38,81.51,178.91,88.47,121.53,151.92,88.68,20.88,101.97,70.89,63.63,29.27,44.34,107.33,155.48,42.12,40.41,63.84,200.34,54.52
1098,09/24/2018,47.7,54.65,103.9,75.15,100.38,148.72,155.16,109.85,30.74,32.34,52.37,482.07,218.13,30.01,39.69,40.41,77.41,93.75,97.63,78.82,29.01,88.09,232.9,15.77,50.58,23.69,20.7496365680567,20.6,51.03,175.55,48.32,85.36,48.56,170.15,105.34,70.37,141.26,103.3,19.29,62.3,51.56,87.05,33.04,50.68,110.97,132.83,54.42,54.26,34.7333333333333,145.04,51.9
1099,09/24/2019,52.42,57,126.61,88.84,107.76,144.9,192.6,118.17,28.94,28.43,46.25,442.12,206.4,35.96,52.8,35.27,114.35,64.52,91.35,82,27.45,95.04,207.75,14.21,60.55,16.71,17.7419239335152,17.65,51.65,210.58,47.33,100.53,42.54,155.42,94.11,76.56,140.27,89.18,15.85,55.8733333333333,41.79,59.04,33.67,52.04,114.27,146.75,55.33,48.65,48.2666666666667,197.3,43.77
1100,09/24/2020,35.67,26.48,117.84,102.45,89.98,144.61,195.68,95.45,23.34,19.27,33.14,535.05,208.72,43.56,49.95,23.83,76.31,36.48,68.1,53.14,19.61,77.78,195.11,8.67,35.41,10.8,17.4282982791587,11.55,33.54,275.51,35.75,112.73,46.61,90.06,75.22,92.2,103.45,61.45,10.76,46.3733333333333,34.36,57.68,24.77,35.47,123.43,107.82,34.73,23.32,39.88,198.32,28.22
1101,09/24/2021,52.63,54.81,161.16,154.04,130.5,271.4,299.17,175.72,42.14,31.66,51.55,874.62,277.87,58.1,125.1,45.32,116.62,78.44,166.17,130.01,41.51,88.76,390.85,15.19,69.4,24.94,35.6500956022945,21.14,52.96,376.27,61.36,159.46,102.91,143.26,109.33,91.56,194.5,103.75,20.65,93.13,75.59,85.74,50.23,58.0,211.22,156.46,59.79,47.92,48.8733333333333,233.83,60.25
1102,09/25/2018,47.7,54.41,103.89,74.55,99.8,148.04,155.81,109.87,30.67,31.63,52.31,479.09,218.05,29.69,39.04,40.14,77.23,93.44,97.47,78.6,28.98,87.57,232.5,15.67,50.17,22.97,20.3110118088527,20.55,50.74,172.91,47.92,84.3,48.28,168.59,104.75,71.2,140.88,102.55,19.25,62.5733333333333,51.62,86.85,32.98,50.31,110.3,131.29,54.26,54.23,35.2533333333333,142.84,51.81
1103,09/25/2019,52.17,56.53,126.7,88.94,107.66,145.47,194.41,119.12,29.25,28.79,46.89,445.19,208.11,36.13,52.84,35.6,115.1,65.5,91.29,81.75,27.66,95.44,210.03,14.37,60.35,16.95,17.6166025737427,17.9,51.02,213.73,47.37,100.39,43.04,157.24,95.31,76.91,140.31,89.77,16.04,56.5266666666667,41.8,59.8,33.85,52.85,114.32,146.85,55.74,49.26,48.3866666666667,196.8,44.37
1104,09/25/2020,35.73,27.07,117.82,102.97,91.28,146.74,196.36,96.26,23.49,19.64,33.4,547.81,210.45,43.94,51.15,24.43,76.87,37.3,69.36,54.13,20.47,78.47,194.95,8.82,35.8,10.81,17.4856596558317,11.71,33.68,280.49,36.26,112.96,47.04,91.3,76.46,92.6,104.9,62.08,11.0,47.1933333333333,34.94,58.5,25.14,36.17,125.22,108.11,35.16,23.64,40.3733333333333,198.67,28.45
1105,09/25/2023,76.79,62.13,147.68,233.25,115.24,335.67,335.53,153.23,27.6,24.93,42.89,657.55,361.71,72.1,110.3,26.63,106.64,41.45,97.88,87.57,25.91,111.12,328.84,10.41,72.95,14.36,37.07,10.63,64.69,322.81,65.05,195.4,83.03,125.59,69.22,142.42,122.62,97.06,17.3,101.87,55.35,67.61,31.43,28.84,105.95,167.84,33.59,41.56,64.91,213.9,34.58
1106,09/26/2018,47.04,54.05,107.1,74.02,98.85,146.65,154.64,108.01,30.13,31.37,51.92,474.83,216.11,29.53,38.57,39.41,76.6,91.67,96.19,77.44,28.45,86.56,228.88,15.32,49.76,22.98,19.8902901010448,20.24,49.97,172.81,47.19,83.67,47.7,167.39,103.11,70.88,138.61,101.1,18.94,61.84,50.72,86.21,31.91,49.75,109.74,129.5,53.61,53.16,35.08,140.96,50.96
1107,09/26/2019,51.91,55.88,126.8,89.8,108.11,146.12,194.73,118.91,29.13,28.66,46.63,446,206.9,36.09,52.63,35.16,116.59,64.98,91.13,81.35,27.39,96.06,208.22,14.25,60.61,16.86,17.4823296882721,17.78,51.15,213.18,47.08,100.27,42.62,156.89,93.93,77.03,140.1,89.74,15.89,56.4466666666667,40.89,59.05,33.66,52.92,112.03,148.1,55.57,48.87,48.44,198.02,43.96
1108,09/26/2022,56.83,48.41,146.17,169.46,123.93,253.16,269.83,137.45,31.03,22.9,39.47,584.65,264.32,58.62,83.16,33.66,90.26,73.04,91.3,91.05,32.09,99.04,294.62,13.01,60.63,14.82,27.9349904397706,16.1,49.67,250.32,60.86,149.19,79.76,177.12,86.8,118.88,148.74,87.34,20.69,100.74,70.89,62.61,28.21,43.42,107.48,150.6,41.06,40.01,61.56,203.52,53.53
1109,09/26/2023,76.44,61.26,146.24,230.93,113.27,327.93,331.33,151.12,27.17,24.36,42.25,646.72,359.42,71.08,105.94,25.99,105.2,39.99,97.1,86.86,25.28,109.77,323.82,10.22,72.08,14.09,36.25,10.43,63.92,315.43,63.06,193.5,82.17,123.27,68.96,140.75,121.59,95.14,16.87,99.75,54.2,66.83,31.09,28.25,103.3,167.96,33.02,40.65,64.43,213.24,33.99
1110,09/27/2018,47.05,53.39,106.29,74.45,98.15,148.99,155.68,107.85,29.94,31.03,51.54,477.89,216.7,29.58,38.1,38.93,76.52,91.01,95.46,77.1,27.94,86.27,227.74,15.07,49.63,23.06,19.6933565356879,20.02,49.94,173.46,46.9,83.33,47.77,165.6,102.93,70.32,137.34,101.06,18.54,61.8333333333333,50.52,85.69,31.57,48.9,110.1,129.12,52.93,52.82,35.1688888888889,140.79,50.3
1111,09/27/2019,51.89,56.16,125.47,88.81,107.83,147.54,193.47,118.59,29.35,28.63,44.53,446.13,207.45,35.79,50.22,35.38,115.76,65.79,91.34,81.51,27.48,96.2,208.97,14.35,60.45,17.02,16.9789674952199,17.86,51.51,205.88,47.36,99.76,42.84,158.19,93.14,77.1,140.39,90.16,15.96,55.9133333333333,41.41,59.8,33.62,53.46,113.03,148.0,55.43,50.71,47.8133333333333,192.7,44.36
1112,09/27/2021,53.4,57.03,161.73,152.4,130.4,277.6,294,176.77,43.26,32.19,53.4,875.47,279.72,57.32,123.34,47.12,118.48,81.92,169.76,131.23,43.6,90.98,399.81,15.8,70.88,25.56,36.1854684512428,21.82,53.92,368.2,63.61,156.57,105.1,151.23,112.55,90.68,200.2,106.61,21.76,94.47,77.38,88.47,51.72,60.15,211.88,156.29,61.1,47.56,48.9866666666667,231.58,62.89
1113,09/27/2022,56.57,48.56,147.46,169.73,123.82,252.52,270.97,137.49,30.57,22.64,38.94,578.6,265.47,59.45,81.95,32.99,90.74,72.06,91.39,91,31.57,98.49,291.38,12.86,61.97,14.55,27.791586998088,15.96,50.12,249.74,60.76,149.18,79.48,177.3,85.58,119.1,148.03,87.18,20.41,100.0,71.63,61.28,28.11,43.04,106.76,151.24,40.96,40.03,62.57,203.55,52.76
1114,09/27/2023,77.03,61.01,145.76,230.33,113.02,326.95,329.92,149.9,27.27,24.27,42.17,643.39,357.78,70.96,106.55,25.76,104.7,39.95,95.49,85.26,24.86,109.43,321.95,10.12,71.71,14.09,36.24,10.3,63.8,314.51,62.8,192.98,81.65,124.54,68.45,140.62,121.81,94.52,16.94,99.55,54.38,66.78,30.18,27.97,103.54,167.92,32.52,40.86,64.35,211.61,33.17
1115,09/28/2018,47.07,53.24,107.95,74.44,98.7,147.66,153.78,106.49,29.46,30.41,50.99,471.33,214.11,29.57,38.08,38.57,76.81,90.2,94.93,76.45,27.92,86.69,224.24,14.92,49.96,22.88,19.6575504328958,19.89,50.23,167.2,46.72,82.72,46.57,164.54,102.13,71.04,136.19,101.32,18.35,61.3666666666667,49.15,83.78,31.08,48.54,109.18,129.71,52.81,52.56,35.5244444444444,140.94,50.15
1116,09/28/2020,36.33,27.63,120.1,104.96,93.22,151.48,203.43,98.82,24.09,20.47,34.29,558.65,213.54,44.87,52.66,25.34,79.02,38.55,71.33,56.46,21.34,79.85,199.07,9.12,36.88,11.49,17.6673040152964,12.13,34.73,285.16,37.25,114.54,48.38,94.22,78.61,93.98,108.13,64.03,11.51,48.46,36.2,60.49,25.79,37.45,128.55,110.22,36.1,23.82,41.08,206.85,29.38
1117,09/28/2021,52.83,55.99,159.4,149.8,127.99,271.15,289.25,173.14,43.16,30.95,52.91,860.57,276.79,55.79,118.18,47.35,115.72,81.6,167.38,129,43.57,89.73,389.5,15.67,70.74,24.92,35.8604206500956,21.75,53.38,355.49,62.79,153.27,102.04,151.13,111.1,90.35,197.72,105.57,21.58,93.17,76.18,86.81,50.67,59.19,201.97,153.49,60.42,45.92,48.38,228.01,62.74
1118,09/28/2022,57.21,48.77,149.46,170.8,126.41,259.43,275.27,140.56,31.07,23.04,39.59,585.43,271.78,60.24,86.01,33.97,92.48,73.51,95.04,93.58,32.54,100.93,300.79,13.27,63.06,14.73,28.4225621414914,16.17,50.92,251.98,61.86,150.95,81.47,179.15,87.43,119.05,151.59,88.32,20.46,100.97,73.25,63.23,28.99,44.25,109.63,152.92,41.42,40.81,63.45,206.91,53.27
1119,09/28/2023,77.67,61.28,144.29,230.77,112.49,330.35,329.38,150.23,27.56,24.46,42.68,645.24,357.06,70.87,108.23,26.35,103.7,40.81,97.01,86.33,25.03,110.34,325.2,10.21,72.12,14.47,36.92,10.52,63.89,318.46,62.9,193.4,82.19,126.46,69.21,140.41,122.83,94.86,17.04,100.84,54.55,67.56,30.87,28.23,104.14,167.62,32.47,40.91,65.06,211.88,33.95
1120,09/29/2020,36.02,27.29,120.59,104.77,93.44,150.38,205.09,97.75,23.77,20.04,33.87,554.8,210.44,45.17,52.71,24.78,77.89,37.73,70.45,55.64,20.99,79.01,196.79,9.05,36.53,11.43,17.112810707457,11.83,34.2,285.73,36.77,114.05,47.24,91.13,77.46,94.15,106.93,63.09,11.37,48.2,35.78,59.89,25.55,37.01,127.49,107.44,35.3,23.26,40.6466666666667,208.09,28.97
1121,09/29/2021,52.74,55.84,160.61,150.89,129.33,270.71,291.25,171.54,43.07,30.46,52.63,856.57,277.29,56.23,118.92,47.99,116.35,82.52,166.55,126.98,43.34,90.1,384.89,15.67,71.68,24.6,36.0516252390057,21.99,54.34,359.42,62.58,154.48,99.55,152.99,110.29,91.14,197.44,105.89,21.69,93.58,75.38,86.54,50.54,59.42,201.9,154.88,60.26,47.03,48.9733333333333,228.99,63.74
1122,09/29/2022,56.58,47.66,147.75,171.14,126.13,253.93,270.95,137.79,30.66,22.2,38.88,563.92,269.58,60.89,84.46,33.85,91.85,72.27,93.68,91.42,32.05,100.24,296.11,13.17,62.65,14.13,27.8202676864245,16.03,50.77,246.56,61.07,150.65,79.86,174.84,86.27,118.39,150.73,86.3,19.87,98.28,72.64,61.72,28.84,43.97,107.39,154.68,40.73,40.5,65.18,202.28,51.78
1123,09/29/2023,76.75,60.6,143.58,227.93,111.41,329.68,324.22,149.19,27.38,24.58,42.65,646.49,350.3,69.84,107.14,26.8,102.29,41.55,97.05,86.63,25.33,108.73,323.57,10.4,70.91,14.52,36.63,10.76,63.31,316.17,62.91,190.3,81.67,126.45,69.48,139.3,122.77,94.89,17.2,100.43,54.9,66.96,30.57,28.61,104.87,163.31,33.06,40.86,63.49,208.96,34.89
1124,09/30/2019,52.32,55.7,125.82,89.57,108.68,147.1,193.57,118.28,29.17,28.86,45.21,445.64,208.02,36.06,48.84,35.37,116.67,65.99,90.98,81.09,27.38,95.76,207.23,14.27,60.61,16.94,17.5908221797323,17.84,51.48,204.83,47.16,100.05,42.67,157.97,93.32,77.25,140.16,89.95,15.82,54.9733333333333,41.83,59.19,34.09,53.37,114.25,148.69,55.34,50.44,48.1533333333333,192.97,44.52
1125,09/30/2020,36.35,27.53,121.31,105.58,94.14,154.11,206.3,100.25,24.09,20.35,34.34,563.55,212.94,45.27,52.2,25.28,77.97,38.25,71.86,57.78,21.32,79.9,200.97,9.17,36.86,11.41,17.208413001912,11.93,34.75,289.85,37.17,114.7,48.35,92.09,77.97,94.67,109.91,63.52,11.53,48.5066666666667,36.23,59.33,26.17,38.05,128.22,108.19,35.85,23.51,40.7666666666667,208.82,29.22
1126,09/30/2021,52.13,54.89,157.75,148.65,127.31,264.12,285.77,167.53,42.45,29.72,51.84,838.66,272.94,55.45,116.34,46.98,114.22,80.5,161.97,122.85,42.44,89.03,378.03,15.46,70.25,24.11,35.4971319311664,21.62,53.93,355.11,61.73,151.43,97.31,149.34,107.81,90.39,195.64,105.2,21.31,92.28,72.84,84.72,48.88,58.65,196.7,152.01,59.44,46.41,48.7866666666667,232.46,61.89
1127,09/30/2022,56.2,47.48,145.27,171.22,124.53,251.95,267.87,134.91,30.2,21.52,38.52,550.28,267.02,60.48,83.7,34.36,89.57,71.1,92.17,90.92,31.96,99.7,293.05,13.18,61.94,13.7,28.2026768642447,16.02,49.84,243.11,60.78,149.29,79.01,176.32,85.56,116.21,149.42,85.78,20.07,98.82,71.87,60.81,28.19,43.54,105.01,153.2,40.32,40.22,64.58,200.94,50.86
1128,10/01/2018,47.16,53.08,106.94,75.17,98.53,148.83,154.85,107.9,29.65,30.49,51.9,473.47,214.78,29.5,38.76,38.36,75.37,90.23,94.95,76.73,27.8,86.52,225.33,14.93,49.41,23.01,19.6217443301036,19.88,50.25,169.56,46.77,83.42,46.63,164.69,103.66,70.7,135.99,101.57,18.14,61.56,49.55,85.51,31.48,48.35,109.86,128.97,52.83,52.25,34.88,141.75,49.57
1129,10/01/2019,51.54,54.37,123.81,87.94,107.17,140.74,189.72,116.7,28.44,27.91,43.73,433.69,206.71,35.42,47.21,34.2,114.2,64.05,89.07,78.94,26.47,94.29,202.69,13.92,59.45,16.26,17.3613766730402,17.38,50.12,201.49,46.03,98.3,41.38,153.72,89.88,75.93,137.2,87.28,15.43,52.9333333333333,37.76,56.87,33.15,52.34,111.41,145.55,53.78,49.06,47.4066666666667,187.93,42.97
1130,10/01/2020,36.39,27.72,122.47,105.61,92.26,155.31,206.18,101.33,24.1,19.99,34.17,567.91,212.02,44.94,53.51,25.43,76.49,38.08,72.93,58.91,21.03,80.52,198.55,9.15,36.77,11.25,17.2466539196941,11.92,34.86,293.5,37.26,114.23,47.26,92.21,77.05,93.46,109.43,63.51,11.53,48.46,37.73,58.75,26.65,38.75,128.04,107.81,36.0,23.56,40.5266666666667,210.08,29.12
1131,10/01/2021,52.94,55.48,159,152.44,127.72,268.53,291.08,173.94,43.08,30.1,52.92,841.89,275.71,57.6,115.75,48.27,114.79,82.57,166.54,127.19,43.66,90.27,380.0,15.86,71.01,24.59,36.2428298279159,22.34,55.27,359.25,62.52,154.13,99.05,152.8,109.23,90.94,198.31,106.18,21.74,94.68,74.42,86.41,49.91,60.22,198.54,152.42,60.76,47.02,49.6133333333333,240.93,63.65
1132,10/02/2018,47.09,53.12,107.35,75.35,98.85,148.75,156.25,108.39,29.58,30.49,51.75,477.21,215.29,29.42,38.5,38.07,76.08,89.78,95.53,77.33,27.93,86.79,226.07,14.86,49.49,22.98,19.7470656898762,19.76,50.1,166.58,46.36,83.51,46.63,164.97,103.77,70.96,136.26,101.47,18.11,61.3466666666667,49.85,85.45,31.34,48.27,111.22,129.51,52.74,52.13,35.0844444444444,142.9,49.43
1133,10/02/2019,50.58,53.47,122.03,86.33,105.61,135.34,186,112.86,27.84,27.06,42.49,420.36,203.1,35.12,46.66,33.5,113.02,63.23,86.25,76.81,25.94,92.49,198.25,13.67,58.07,15.71,17.2848948374761,17.05,48.87,196.81,44.39,96.08,40.23,149.75,87.21,74.99,135.7,85.08,15.16,52.1333333333333,36.51,55.59,32.17,51.07,109.05,142.39,52.88,48.47,47.1533333333333,184.21,42.26
1134,10/02/2020,36.88,28.22,123.43,106.21,93.02,158.85,205.52,101.61,24.21,20.52,34.74,570.12,211.18,45.36,53.68,26.21,77.78,39.33,74.94,60.92,21.89,80.79,199.9,9.33,37.56,11.85,17.5143403441683,12.22,35.5,293.96,37.63,114.56,47.97,93.53,78.41,94.21,112.16,63.88,11.95,49.68,37.67,59.68,27.46,39.98,129.09,108.58,36.77,23.99,40.8466666666667,209.61,29.85
1135,10/02/2023,76.47,60.05,144.41,224.91,110.91,325.86,321.36,149.48,26.7,24.21,42.07,643.04,348.08,69.52,107.16,25.91,100.06,40.25,95.12,90.83,24.5,108.51,318.5,10.03,70.83,14.21,35.8,10.45,62.3,316.22,61.69,188.77,80.41,122.1,67.84,138.97,120.02,93.38,16.52,98.09,53.55,66.19,30.37,27.63,104.59,162.27,32.14,39.61,62.92,208.14,33.49
1136,10/03/2018,46.87,53.27,107.62,75.11,98.82,150.49,156.89,108.45,30,30.32,52.18,474.37,216.4,29.48,39.04,38.83,75.85,92.09,96.73,78.01,28.49,87.22,227.78,15.27,49.2,23.06,19.9081931524409,20.14,50.15,166.24,47.02,83.44,47.11,167.16,104.79,71.06,138.09,102.44,18.47,62.6333333333333,50.8,86.09,31.78,48.96,111.78,129.54,53.43,52.65,35.1822222222222,142.85,50.78
1137,10/03/2019,51.18,53.21,123.7,87.11,105.65,135.17,187.24,112.55,27.81,27.13,42.43,419.61,204.98,35.62,47.62,33.43,114.19,63.42,85.83,76.51,26.08,92.65,197.24,13.78,58.21,15.77,17.189292543021,17.11,49.17,199.56,44.56,96.54,40.25,151.06,86.82,75.39,136.73,85.54,15.23,51.7533333333333,35.1,55.78,32.25,50.81,109.53,141.73,53.05,48.48,47.3333333333333,184.99,42.69
1138,10/03/2022,57.86,49.18,149.68,176.58,128.28,262.41,275.59,140.02,31.09,22.44,39.66,572.72,272.8,62.04,86.49,35.04,93.26,73.02,95.57,93.89,32.83,102.09,299.15,13.47,63.57,14.35,29.3307839388145,16.47,51.52,250.87,62.62,154.88,80.38,181.02,88.22,120.5,153.8,89.19,20.52,101.42,73.21,63.11,29.86,44.71,108.72,157.07,41.57,41.58,66.39,206.67,52.21
1139,10/03/2023,75.43,58.64,143.23,225.22,109.91,317.06,319.01,145.05,25.91,23.35,41.32,625.47,343.04,69.28,103.22,25.45,99.78,39.61,93.05,87.26,23.94,108.31,306.12,9.85,69.71,13.6,35.05,10.07,61.82,307.8,60.26,188.73,78.02,120.65,66.82,139.4,119.78,91.34,16.38,96.19,51.3,64.79,29.1,27.19,100.1,160.92,31.34,38.67,62.44,206.55,32.92
1140,10/04/2018,46.6,53.9,107.71,75.71,99.44,151.97,157.42,107.74,30.43,30.62,52.68,474.15,218.97,29.63,37.69,39.1,76.5,92.72,96.63,77.74,28.5,87.97,227.48,15.41,49.59,23.22,20.5258484256057,20.44,50.35,163.04,47.77,83.6,47.27,169.15,106.19,71.11,139.17,104.8,18.67,62.8733333333333,51.68,86.91,31.5,49.39,110.8,130.79,53.68,53.51,35.24,142.67,51.53
1141,10/04/2019,52.1,54.43,126.79,89.02,108.46,136.19,192,114.41,28.37,27.38,42.63,427.44,208.08,36.41,46.93,33.76,117.41,63.91,87.32,77.89,26.5,94.51,200.8,13.92,59.51,15.89,17.5908221797323,17.27,49.99,203.56,45.41,98.36,40.78,154.05,89.03,76.9,140.47,87.35,15.39,52.4133333333333,35.67,56.87,32.64,51.66,110.98,144.96,54.09,49.21,48.2733333333333,188.65,43.2
1142,10/04/2021,52.77,55.82,157.3,149.24,126.61,264.89,285.28,172.66,43.34,29.55,52.85,825.56,273.64,57.18,110.95,48.26,113.32,82.97,166.11,125.98,43.51,89.86,374.15,15.87,70.17,24.1,36.2810707456979,22.41,55.03,349.73,62.37,151.74,97.15,153.65,108.05,90.31,198.09,105.71,21.82,93.38,73.23,86.12,49.62,60.05,193.59,151.38,60.53,47.02,49.3133333333333,237.41,63.8
1143,10/04/2022,60.01,51.71,152.94,180.01,132.81,277.69,284.32,145.46,32.38,23.42,41.37,591.3,280.49,63.3,93.52,36.63,96.19,76.44,99.87,97.4,34.3,106.66,314.87,13.95,65.96,15.32,31.3193116634799,17.12,53.19,261.98,65.46,158.71,83.97,187.33,90.99,123.94,160.64,94.24,21.4,107.52,76.22,65.61,31.68,46.56,113.26,161.47,42.63,43.54,68.16,213.11,54.52
1144,10/04/2023,76.07,59.36,144.46,229.26,111.45,318.11,324.96,146.63,25.94,23.73,41.24,636.53,343.69,70.38,104.24,25.64,100.88,39.6,92.61,87.35,24.02,109.35,308.6,9.89,70.16,13.66,35.02,10.25,62.56,314.49,60.0,191.12,79.09,122.41,66.49,142.16,120.1,91.19,16.42,97.39,51.41,64.46,29.04,27.17,101.81,162.5,31.24,38.97,63.45,208.6,33.33
1145,10/05/2018,46.5,53.6,108.13,74.85,99.59,149.75,155.52,107.23,30.23,30.53,52.59,470.86,219.46,29.32,37.34,38.78,76.68,92.04,96.06,76.82,28.27,87.42,225.71,15.35,49.61,23.24,20.3647209630409,20.29,49.93,161.36,47.28,83.18,46.75,168.31,105.75,70.67,138.52,104.46,18.54,62.4933333333333,51.48,86.37,31.31,48.99,109.32,130.13,53.48,53.19,35.0044444444444,141.75,51.17
1146,10/05/2020,37.43,29.05,125.36,107.06,93.68,162.66,206.51,103.89,24.62,20.8,35.38,580.98,212.36,45.73,54.29,27.48,82.03,41.83,78.04,63.17,22.75,82.17,201.8,9.67,39.23,11.87,17.9827915869981,12.76,36.15,295.18,38.52,115.66,48.6,97.59,80.83,95.98,114.8,65.71,12.57,50.7733333333333,36.94,61.39,28.38,41.24,133.51,111.91,37.73,24.45,41.36,210.14,31.28
1147,10/05/2021,53.43,57.45,159.95,151.85,128.13,272.93,292.2,174.76,44.22,30.2,54.42,838.78,278.05,58.13,114.81,48.99,115.5,84.09,168.72,127.48,43.97,91.6,385.81,16.04,71.72,25.37,36.6156787762906,22.7,56.28,355.38,64.27,154.54,99.2,153.81,110.93,91.26,200.49,108.16,21.85,94.54,75.9,88.72,50.16,60.28,195.07,153.6,61.29,47.96,50.18,243.08,63.46
1148,10/05/2022,59.67,51.3,151.93,181.76,133,276.28,282.78,144.37,31.92,23.32,41.36,583.15,279.36,63.71,92.04,36.11,96.64,75.71,98.94,96.68,34.1,106.52,309.0,13.72,65.76,15.25,31.1854684512428,16.89,52.8,261.86,65.26,159.23,83.11,185.81,90.41,122.34,159.23,93.75,21.17,108.14,75.93,65.43,31.75,45.86,111.54,160.54,42.2,43.31,67.98,212.68,53.52
1149,10/05/2023,76.44,60.15,145.99,229.56,112.37,322.31,325.85,147.09,26.06,23.9,41.69,640.3,345.06,70.76,104.19,25.79,101.34,40.18,92.11,87.15,24.31,110.08,310.5,10.03,70.64,13.65,35.33,10.3,62.82,313.99,60.29,191.92,79.15,123.36,66.67,142.5,120.38,91.84,16.56,98.28,51.06,64.27,28.71,27.28,101.94,163.88,31.87,39.3,64.23,208.58,33.4
1150,10/06/2020,37.37,28.98,122.9,105.76,92.65,159.8,205.65,101.76,24.37,20.91,35.23,580.23,210.26,45.73,54.04,27.13,79.92,41.3,75.63,61.1,22.52,81.06,201.09,9.54,37.91,11.85,18.4416826003824,12.6,35.5,287.94,38.37,114.88,47.74,98.45,80.19,95.12,113.17,65.34,12.39,50.06,36.75,61.02,27.5,40.82,133.87,111.53,37.42,24.18,41.0266666666667,209.05,30.9
1151,10/06/2021,53.32,57.32,161.1,152.83,127.49,273.19,290.83,173.4,44.24,30.44,54.54,837.55,280.22,58.8,113.87,48.56,116.47,83.87,167.87,126.49,43.74,92.5,388.05,15.9,72.43,25.33,37.1414913957935,22.63,56.58,357.95,63.98,155.25,99.1,152.24,111.23,92.27,200.82,107.97,21.7,94.47,75.71,88.47,49.85,60.13,193.78,155.09,61.45,47.87,51.0866666666667,241.33,62.8
1152,10/06/2022,59.14,50.76,149.93,179.1,130.54,275.03,280.72,142.38,31.46,22.95,40.68,571.61,276.31,62.65,91.61,35.43,95.57,74.06,96.73,95.32,33.53,106.66,304.67,13.6,64.84,14.97,31.0516252390057,16.62,52.15,254.07,64.55,157.32,81.31,184.11,88.66,121.92,155.71,92.95,20.81,108.22,75.99,63.96,31.49,44.88,110.92,159.19,41.08,42.24,67.79,210.62,52.41
1153,10/06/2023,77.6,60.87,145.54,232.01,113.15,326.44,327.04,149.32,26.07,23.99,42.15,648.26,346.34,71.02,105.13,26.18,100.26,40.09,93.54,88.69,24.17,112.86,312.48,10.12,70.97,13.56,35.5,10.21,63.27,317.11,61.32,193.35,80.33,124.82,67.46,142.86,120.32,92.89,16.52,99.27,51.52,65.17,29.32,27.32,102.16,162.95,31.86,39.69,63.91,209.18,33.69
1154,10/07/2019,51.95,53.63,125.36,88.56,107.46,134.73,190.43,113.65,28.31,27.14,42.24,423.17,207.24,36.18,45.9,33.94,115.98,64.03,86.88,77.7,26.29,93.8,200.4,13.84,58.94,15.73,16.5583173996176,17.28,49.58,208.21,44.95,97.63,40.68,154.02,88.77,75.76,139.95,86.99,15.38,52.0866666666667,35.45,56.28,32.42,51.6,109.93,143.15,53.93,48.81,48.1066666666667,187.59,43.44
1155,10/07/2020,37.91,29.56,123.81,106.42,93.29,164.89,208.37,103.38,24.88,21.74,36.46,592.05,213.29,46.27,54.46,28.12,79.44,43.1,78.24,63.72,23.33,82.14,203.6,9.88,37.95,12.62,18.3269598470363,13.16,36.1,288.25,39.34,114.69,48.71,101.65,82.24,96.41,115.18,67.79,12.71,51.12,37.78,63.41,28.3,42.03,137.23,113.8,38.79,24.81,41.2066666666667,211.12,32.15
1156,10/07/2021,54.16,57.2,162.69,153.43,127.34,276.35,293.28,174.29,44.12,30.51,54.53,842.35,282.95,59.45,115.28,48.66,118.87,84.15,167.88,127.28,43.85,93.92,390.62,15.97,72.42,25.37,37.5525812619503,22.7,56.93,362.99,64.55,156.6,98.8,153.69,112.95,91.14,201.8,108.49,21.85,95.86,76.39,89.08,49.62,60.52,194.58,157.24,61.88,47.76,51.64,241.5,63.07
1157,10/07/2022,57.69,49.71,147.69,174.31,130.64,271.86,273.11,139,30.75,21.85,39.48,550.4,269.04,61.22,86.38,35.02,93.94,72.44,93.87,93.4,33.1,105.98,301.08,13.21,64.04,14.37,30.1051625239006,16.15,51.35,245.46,63.25,152.19,78.93,182.06,85.95,121.96,151.34,91.08,20.45,107.12,74.31,62.11,30.84,43.53,106.2,156.88,40.2,41.79,66.92,204.93,50.37
1158,10/08/2018,47.13,54.05,108.44,75.48,100.09,151.02,156.21,106.99,30.27,30.94,52.78,471.46,222.06,29.49,37.25,39.23,77.61,92.49,96.43,77,28.67,88.7,225.35,15.56,50.08,22.41,20.5347999513037,20.52,50.88,161.65,47.76,83.53,47.02,170.09,106.72,71.03,139.75,105.99,18.69,62.8466666666667,51.67,87.14,31.33,49.74,109.23,131.66,53.93,53.67,35.1333333333333,142.8,52.09
1159,10/08/2019,51.04,52.42,123.32,86.76,105.9,129.21,185.71,112.54,27.63,26.28,42.33,413.16,204.09,35.31,45.61,32.58,113.82,62.33,84.4,75.17,25.45,92.36,197.37,13.5,57.82,15.38,16.2428298279159,16.74,48.69,205.76,43.83,95.25,39.82,150.5,87.48,74.4,136.18,84.95,14.89,50.96,35.23,55.15,31.4,50.98,107.74,140.63,52.38,47.82,47.06,184.36,42.21
1160,10/08/2020,38.24,30.26,125.63,107.11,93.58,169.31,208.07,106.06,25.24,22.32,37.18,604.44,215.15,46.71,55.09,28.56,80.64,43.1,80.28,65.41,23.71,82.97,207.98,10.03,39.33,12.95,18.9292543021032,13.31,36.99,292.14,39.85,114.26,49.0,101.78,84.25,97.97,116.54,68.27,13.04,52.1666666666667,37.74,65.0,29.15,43.06,140.83,115.62,39.5,25.3,42.12,211.07,32.14
1161,10/08/2021,54.52,57.61,162.21,155.66,126.88,279.1,294.5,175.15,44.34,30.05,55.84,844.4,284.14,59.99,116.43,49.05,120.09,84.23,168.8,128.35,43.95,94.42,392.81,16.0,73.01,25.03,38.1357552581262,22.97,57.42,362.27,64.99,156.66,100.04,153.74,115.45,90.93,202.76,109.72,22.02,96.36,77.34,91.2,49.95,60.83,195.36,157.33,62.33,48.0,51.4333333333333,242.89,63.47
1162,10/09/2018,47.41,53.82,108.4,75.41,100.46,149.02,157.12,106.66,29.98,30.56,52.23,459.71,223.76,29.31,37.16,38.97,78.03,91.92,96,76.59,28.46,88.85,222.91,15.44,50.64,21.8,20.3110118088527,20.44,50.72,161.65,47.44,83.28,46.16,169.33,105.53,71.83,138.7,105.95,18.59,63.2133333333333,52.17,86.36,31.15,49.43,107.99,131.59,53.95,53.53,35.2666666666667,142.59,51.67
1163,10/09/2019,51.5,53.04,124.8,87.32,106.57,132.19,186.64,113.92,27.89,26.37,42.83,417.17,206.69,35.59,46.47,32.99,114.83,62.59,85.69,76.14,25.66,92.85,196.85,13.57,58.08,15.39,16.6921606118547,16.79,49.1,209.65,44.37,95.62,40.44,152.42,88.43,75.01,136.56,86.06,14.91,51.7133333333333,35.67,55.66,32.15,50.99,108.06,141.3,52.61,48.15,47.4533333333333,186.2,42.42
1164,10/09/2020,38.1,29.95,125.57,108.55,92.86,170.34,209.19,106.34,25.36,22.59,37.7,611.57,215.68,47.22,54.72,27.96,79.69,42.34,79.88,64.89,23.38,81.79,207.54,9.85,38.61,13.11,18.9483747609943,13.12,36.98,294.73,39.48,115.71,48.83,101.37,85.22,99.88,115.48,67.88,12.79,52.18,38.23,66.43,28.84,43.21,142.21,115.83,39.17,25.3,42.0133333333333,211.44,31.58
1165,10/09/2023,78.19,61.09,145.59,233.11,114.17,326.25,327.54,148.82,26.31,23.89,41.93,643.62,345.45,71.64,104.81,26.33,102.3,40.51,94.33,89.99,24.34,112.8,312.61,10.07,71.02,13.63,35.21,10.21,63.67,318.37,61.9,193.08,79.91,125.3,67.17,143.26,120.86,93.41,16.41,99.49,51.75,64.74,29.36,27.43,104.03,163.26,32.01,39.7,63.78,209.04,33.97
1166,10/10/2018,46.33,52.39,105.5,73.28,96.87,143.54,151.14,103.57,29.24,29.59,50.72,426.76,213.1,28.65,34.78,38.16,76.33,89.17,93.57,75.52,27.96,87.36,214.89,15.15,48.68,21.14,19.8992416267429,19.92,49.21,156.04,46.16,81.06,44.62,165.82,101.92,68.52,136.2,102.79,18.27,60.02,49.59,82.87,30.52,48.73,101.55,128.17,53.33,52.43,34.2444444444444,139.44,50.82
1167,10/10/2019,52.07,54.06,125.54,87.47,107.14,134.01,188.89,115.02,28.45,26.53,43.5,420.38,206.86,35.94,46.51,33.77,116.23,63.86,87.03,76.5,26.18,93.21,199.87,13.73,58.36,15.35,16.8355640535373,17.19,49.54,211.05,44.96,96.23,41.05,154.95,89.49,74.76,138.42,87.67,15.11,52.2333333333333,36.14,56.83,32.49,51.33,108.51,141.56,53.02,48.65,47.5466666666667,187.69,43.21
1168,10/10/2022,58.02,48.44,149.57,176.57,131.39,272.9,279.59,137.51,30.66,21.72,39.21,545.54,266.93,62.07,85.5,34.67,95.75,71.2,93.05,91.88,32.98,107.21,300.54,13.23,63.8,14.43,30.2676864244742,15.94,51.43,243.07,63.39,153.99,78.41,181.28,85.33,123.73,150.85,91.15,20.26,107.35,73.56,61.62,31.01,43.31,105.89,157.48,39.83,41.45,67.59,205.92,49.95
1169,10/10/2023,78.82,61.17,145.94,233.49,114.72,328.91,325.49,150.93,27.01,24.09,42.3,641.95,348.56,70.94,105.29,26.81,101.39,41.38,96.98,91.34,24.99,112.88,314.77,10.24,71.0,13.88,35.25,10.46,63.52,321.87,62.18,192.62,80.13,126.93,67.73,142.25,122.23,93.99,16.57,100.33,51.78,65.44,29.84,29.25,104.87,162.23,32.59,39.82,63.19,208.46,35.12
1170,10/11/2018,44.49,50.14,103.15,71.29,93.17,135.38,148.22,101.58,28.36,28.54,49.19,417.68,205.19,28.11,34.59,36.99,72.96,85.8,90.94,74.18,27.23,83.58,212.97,14.7,46.82,20.07,18.592318874829,19.24,47.24,153.31,43.76,79.64,43.49,160.45,99.16,66.97,131.61,97.7,17.74,58.48,48.13,81.73,29.73,47.44,98.51,124.31,51.82,51.44,33.0711111111111,136.07,49.18
1171,10/11/2019,52.44,54.42,125.78,87.98,107.93,138.27,191.1,116.4,28.91,27.32,44.12,434,208.08,36.04,47.11,34.48,116.13,65.36,88.82,77.36,26.85,94.25,204.68,13.99,58.64,15.84,17.2753346080306,17.4,50.48,214.1,45.84,97.09,41.93,156.48,91.61,75.22,140.4,89.42,15.43,53.72,37.28,58.7,33.04,52.0,110.94,142.6,53.47,49.21,47.38,188.1,44.09
1172,10/11/2021,54.48,57.89,161.25,156.92,127.96,277.23,295.16,173.46,43.78,29.94,55.52,839.73,280.93,60.25,114.54,48.33,118.76,83.47,166.18,125.72,43.49,93.55,385.24,15.81,72.61,24.8,38.6328871892925,22.85,56.79,360.05,65.12,156.82,97.29,151.48,115.78,91.2,201.05,110.08,21.85,96.52,76.61,90.97,49.06,60.23,194.87,156.23,61.85,47.28,51.04,242.66,62.44
1173,10/11/2022,58.1,48.05,150.11,176.13,132.97,266.29,276.23,137.35,29.77,21.38,38.48,531.14,267.31,61.96,83.44,34.3,96.56,69.67,93.76,90.89,32.42,106.69,294.21,13.08,64.22,14.13,29.8087954110899,15.67,51.92,240.88,63.32,152.36,77.0,179.09,84.08,123.45,147.68,90.84,19.89,104.63,71.71,60.81,30.92,42.43,103.38,159.46,38.79,40.23,68.06,202.08,49.18
1174,10/11/2023,79.8,61.53,146.8,234.9,114.77,329.34,327.32,151.51,27.02,23.7,42.15,642.67,348.43,71.46,107.27,26.75,102.27,42.1,97.12,90.76,24.99,113.3,313.02,10.16,70.94,13.81,34.91,10.56,64.29,325.52,62.85,192.9,78.9,125.71,68.35,143.86,122.74,94.86,16.49,100.15,51.91,65.3,29.66,29.61,104.15,162.41,32.51,39.69,64.14,210.6,35.65
1175,10/12/2018,44.05,49.77,102.37,71.25,93.16,135.78,147.84,103,28.46,28.54,49.1,427.7,206.8,27.91,34.85,36.11,72.33,84.73,90.79,74.54,26.84,83.98,213.87,14.37,46.79,19.94,18.5028036178486,18.65,46.8,155.93,43.83,79.58,43.43,158.52,99.05,66.86,124.26,97.76,17.29,58.5733333333333,49.01,81.46,29.84,46.88,100.21,123.65,50.79,52.11,32.7111111111111,137.3,48.22
1176,10/12/2020,38.4,30.46,126.35,109.51,94.26,172.04,214.52,106.61,25.68,22.97,37.81,614.89,216.41,48.31,54.97,28.47,81.22,42.8,80.41,64.63,23.52,82.44,214.12,9.95,39.04,13.4,19.34034416826,13.29,37.36,293.33,40.34,116.59,50.74,103.3,86.31,101.38,116.28,69.19,12.95,53.36,38.47,67.22,28.87,43.46,143.09,116.54,39.75,25.68,42.9466666666667,217.03,31.83
1177,10/12/2021,54.43,57.4,161.33,157.2,126.81,279.49,298.72,174.91,43.54,28.89,55.51,836.19,278.62,60.75,115.94,48.27,118.08,83.65,167.65,127.39,43.29,94.05,386.53,15.78,71.96,24.23,38.6615678776291,22.85,56.89,360.93,64.78,157.0,97.78,150.69,115.6,90.52,203.3,108.98,22.05,97.05,77.27,90.63,49.69,60.23,188.5,156.48,61.66,46.65,50.9733333333333,241.9,62.71
1178,10/12/2022,57.41,48.96,146.56,174.87,131.13,263.4,273.87,136.74,29.86,21.11,37.29,531.1,264,60.68,85.54,34.17,97.1,69.55,93.49,91.56,32.22,106.84,295.31,13.03,63.67,13.87,29.7801147227533,15.59,51.48,239.55,62.58,151.99,76.6,178.82,83.74,121.4,146.12,90.19,19.6,103.31,71.89,60.16,31.29,42.07,98.07,159.16,39.11,40.51,68.12,201.05,48.44
1179,10/12/2023,79.86,61.14,147.05,233.44,113.98,325.37,324.46,151.28,26.9,22.88,41.25,636.17,345.66,70.2,104.86,26.36,101.35,41.7,96.91,90.73,24.5,113.37,309.85,10.03,70.17,13.32,33.96,10.52,63.6,319.93,62.48,190.93,77.81,123.68,67.1,143.3,121.32,94.05,16.29,98.67,51.51,64.09,29.43,28.88,102.54,160.73,32.26,39.74,63.45,210.35,35.2
1180,10/13/2020,37.21,29.82,122.52,108.67,91.79,166.73,210.89,105.01,24.95,23.16,36.88,638.96,212.31,47.37,55.36,28.02,79.15,41.04,79.54,64.13,23.12,81.32,210.81,9.56,37.74,13.83,19.4168260038241,12.81,35.88,293.41,39.0,114.95,50.44,99.76,83.93,100.27,112.51,66.4,12.49,51.82,37.61,66.09,28.54,42.6,144.18,112.89,38.42,24.74,41.5533333333333,212.55,30.53
1181,10/13/2021,53.96,56.21,160.18,158.52,125.7,278.35,300.67,168.72,43.14,28.93,55.29,867.81,277.9,61.63,118.69,47.46,116.99,82.43,162.1,123.04,42.71,94,386.31,15.76,71.59,24.46,38.7762906309751,22.68,56.16,361.47,64.15,157.42,98.57,149.23,115.86,90.82,201.76,107.45,21.73,96.48,76.27,89.61,48.4,59.92,191.34,156.39,61.46,46.05,50.74,243.95,62.14
1182,10/13/2022,59.69,50.94,151.82,178.66,134.96,274.7,281.5,141.55,31.69,22.21,39.21,566.03,275.78,62.56,86.31,36.13,101.4,72.44,97.82,94.09,34.35,110.3,307.07,13.89,66.52,14.51,30.1529636711281,16.71,53.66,241.83,65.24,155.99,79.32,187.24,87.23,122.42,152.97,95.1,20.88,106.52,74.07,63.5,32.38,44.08,101.96,165.51,41.37,42.38,71.49,207.06,50.57
1183,10/13/2023,80.25,61.09,148.13,233.88,120.32,324.91,326.1,151.1,26.76,22.65,41.18,627.66,345.09,69.71,103.8,25.71,101.8,40.78,95.2,89.4,24.27,113.32,309.3,9.95,70.96,13.17,33.26,10.46,63.81,317.4,62.06,190.94,77.79,120.19,67.42,154.95,118.14,93.87,16.03,98.99,51.33,64.28,28.87,28.41,100.65,164.21,32.17,40.96,63.84,213.24,34.57
1184,10/14/2019,52.51,54.21,125.71,88.19,108.23,138.82,191.28,116.39,29.14,26.97,43.91,434.21,207.91,36.1,46.5,34.56,116.16,65.26,88.61,77.75,26.99,94.08,205.82,14.03,59.17,15.71,17.3231357552581,17.59,50.41,214.47,45.75,97.12,42.25,156.57,92.06,75.71,140.52,89.34,15.39,53.9066666666667,37.72,58.49,33.12,51.98,110.32,143.11,53.26,49.27,47.4133333333333,187.64,44.15
1185,10/14/2020,36.98,29.65,122.44,107.83,91.28,167.07,210.09,104.81,23.62,23.41,36.59,639.85,210.91,46.98,55.1,27.58,78.77,40.59,78.66,64.33,22.73,81.52,211.23,9.46,37.42,14.03,19.3785850860421,12.67,35.35,290.11,38.97,114.51,50.65,97.8,84.39,99.65,109.83,66.33,12.25,51.9333333333333,37.12,66.03,28.67,42.23,144.65,112.03,38.25,23.25,41.14,212.53,30.23
1186,10/14/2021,55.35,57.77,163.28,161.67,126.81,285.83,308.35,171.51,45.07,30.14,56.57,892.51,281.64,63.13,122.03,47.92,118.52,82.45,166.01,126.82,43.39,96.19,391.2,16.06,72.41,25.17,39.5315487571702,23.21,57.09,370.49,65.52,160.67,101.01,151.02,120.04,90.01,202.5,109.78,22.12,98.12,78.11,91.71,49.57,60.64,197.41,156.69,60.08,45.31,51.66,248.15,62.64
1187,10/14/2022,59.13,50.71,147.35,170.36,132.44,257.87,270.81,136.81,31.7,21.71,38.41,550.95,272.67,59.48,84.12,35.82,99.05,72.11,95.39,91.2,33.96,109.04,299.99,13.67,64.75,14.28,29.4837476099426,16.48,53.0,235.25,65.12,151.9,75.3,185.56,84.06,115.89,149.7,94.67,20.68,100.59,68.98,61.11,31.42,43.0,98.31,163.3,42.76,43.17,70.1,202.03,50.14
1188,10/15/2018,43.82,49.05,102.3,70.79,92.79,135.74,147.18,102.62,27.92,28.95,48.45,426.94,205.03,27.82,35.15,35.85,72.16,83.52,90.55,74.01,26.71,83.79,215.22,14.23,46.44,20.42,18.7265917602996,18.47,46.84,156.46,43.77,79.0,43.47,159.01,98.17,66.24,125.6,97.4,17.16,58.0866666666667,47.64,81.2,29.73,46.79,100.67,123.39,50.51,53.24,32.64,137.98,48.0
1189,10/15/2019,52.83,54.68,125.46,88.52,108.07,140.22,192.29,117.59,29.73,27.27,44.36,444.45,209.38,36.03,47.09,35.12,116.08,67,90.13,78.95,27.38,95.15,206.46,14.25,59.49,15.79,17.4378585086042,17.78,51.07,218.69,46.19,97.68,42.53,158.82,93.62,74.97,141.87,89.95,15.61,55.2,39.74,59.38,33.69,52.74,111.38,143.31,53.76,50.11,47.2733333333333,188.0,44.76
1190,10/15/2020,37.25,29.96,123.12,108.16,91.71,170.98,212.78,104.43,24.15,23.62,37.23,646.24,211.65,47.32,55.4,27.9,78.82,41.77,78.55,64.59,23.4,82.87,208.6,9.66,37.83,14.25,19.4837476099426,12.98,35.64,290.48,39.13,114.36,51.33,101.02,87.02,97.51,109.56,66.53,12.54,52.9333333333333,39.03,66.95,29.1,42.11,146.89,112.64,39.14,22.95,41.3733333333333,216.62,31.17
1191,10/15/2021,55.55,58.28,162.48,162.88,126.76,289.87,309.3,175.81,46.37,30.05,57.16,907.26,284.21,64.32,123.03,48.09,118.94,83,168.38,129.27,43.6,97.46,406.07,16.13,72.12,25.08,39.7992351816444,23.02,57.62,371.18,65.57,162.0,102.14,151.13,120.86,91.25,199.13,110.59,22.43,100.21,80.9,92.73,50.18,61.34,199.76,155.64,60.23,48.38,51.8533333333333,246.91,62.14
1192,10/16/2018,44.18,49.3,104.19,71.88,95.14,137.01,149.85,104.27,28.53,29.6,49.35,408,209.83,28.39,36,35.71,74.29,83.9,91.63,75.6,26.84,84.74,221.7,14.28,46.61,20.54,19.2189256736918,18.58,47.06,159.69,43.85,80.33,45.94,158.73,99.38,70.27,124.85,97.83,17.22,59.34,48.23,82.27,30.19,47.09,101.96,124.75,50.97,53.73,33.2088888888889,140.07,48.17
1193,10/16/2019,52.66,54.34,125.45,88.81,107.49,139.77,192.93,117.41,30.17,26.89,44.44,446.4,209.29,36.08,46.81,35.13,115.25,65.49,89.94,78.56,27.17,94.27,207.42,14.2,58.9,15.65,17.3326959847036,17.69,50.95,217.15,45.96,98.2,42.79,158.93,93.22,72.87,141.46,89.45,15.53,54.4666666666667,39.02,59.11,33.49,52.99,111.07,142.57,54.57,49.59,46.98,188.59,44.66
1194,10/16/2020,37.21,30.29,123.47,108.77,92.58,169.95,212.88,104.91,24.24,23.49,38.02,657.38,211.91,47.45,55.78,26.61,78.58,41.69,79.22,65.48,23.26,83.24,206.21,9.67,37.7,14.04,19.5124282982792,12.93,35.74,289.06,39.28,114.94,51.85,100.11,87.38,96.52,111.48,66.27,12.47,53.1466666666667,39.29,66.58,29.38,41.65,147.03,113.32,39.14,22.86,41.3666666666667,216.76,31.14
1195,10/16/2023,81.09,62.61,149.85,236.59,124.92,330.7,327.74,152.79,26.99,22.95,41.84,635.45,346.23,69.81,104.54,26.51,103.1,41.75,97.15,90.82,24.69,115.05,314.39,10.18,72.38,13.34,33.84,10.72,64.67,321.42,63.35,192.5,78.73,122.66,68.85,157.05,118.13,95.7,16.54,101.47,53.72,65.6,29.65,29.0,100.27,167.65,32.62,41.65,65.01,215.07,35.92
1196,10/17/2018,44.72,49.62,105.89,72.11,95.75,138.37,150.46,104.34,28.9,29.89,49.15,411.85,210.52,28.48,36.09,35.89,75.75,85.08,91.48,75.89,27.03,85.83,228.28,14.39,46.76,20.94,19.4248107647467,18.74,47.32,161.83,44.66,80.91,47.19,161.9,94.21,70.63,127.33,99.7,17.33,59.4533333333333,48.04,82.15,30.07,47.71,102.66,126.44,52.9,54.46,33.1555555555556,139.83,48.44
1197,10/17/2019,52.65,54.06,125.94,89.23,107.74,140.49,193.45,119.1,30.26,27.14,44.38,450.67,208.62,36.3,47.8,35.01,115.12,64.59,90.01,79.23,27.08,94.53,206.46,14.18,58.63,15.63,17.6864244741874,17.51,50.85,218.77,45.9,98.45,43.44,152.11,93.77,71.47,142.66,89.38,15.54,54.96,39.45,59.7,33.98,52.44,110.25,140.48,54.71,49.61,47.22,187.89,44.04
1198,10/17/2022,59.63,51.73,151.52,175.08,133.5,267.05,277.51,141.54,33.62,22.23,40.36,569.25,277.02,61.29,88.23,36.29,100.29,73.67,97.47,92.78,34.73,110.64,306.71,13.85,66.02,14.71,30.2581261950287,16.89,53.6,243.06,66.27,155.88,77.14,187.9,86.92,119.59,155.85,95.89,21.25,100.87,67.43,63.81,32.17,44.43,102.8,164.8,42.64,43.96,71.3,207.07,51.88
1199,10/17/2023,81.4,63.18,153.69,236.03,127.92,335.06,327.54,154.39,27.62,23.33,43.44,636.1,345.39,69.01,105.33,27.1,104.05,43.01,98.04,93.02,25.31,116.09,309.36,10.38,73.0,13.44,34.18,11.08,65.5,321.4,63.94,190.9,80.33,124.39,70.61,158.94,119.13,96.93,16.79,103.59,53.69,67.26,30.5,29.82,100.75,169.36,34.89,41.98,66.09,215.35,36.74
1200,10/18/2018,44.2,48.61,106.46,71.66,96.61,134,149.51,102.84,28.25,29.16,47.79,399.87,208.7,28.2,35.3,34.92,75.68,83.55,90.35,74.94,26.41,84.92,224.95,14.21,46.53,21.26,19.1473134681075,18.1,46.75,158.27,43.62,80.05,46.03,160.77,93.11,71.8,124.22,97.53,17.04,57.88,46.7,79.7,29.64,48.28,99.85,125.14,52.13,53.1,32.92,138.73,47.35
1201,10/18/2019,52.71,53.97,125.67,89.55,108.41,142,192.91,116.76,30.35,27.22,45.34,445.04,208.76,36.32,48.39,35.32,115.72,65.45,89.8,78.94,27.33,94.68,206.52,14.19,59.0,15.89,17.6768642447419,17.77,50.96,217.3,46.1,99.05,43.66,152.23,94.68,70.2,143.52,89.69,15.77,55.1266666666667,39.94,63.34,34.29,52.67,109.41,141.36,55.07,49.97,47.44,187.77,44.72
1202,10/18/2021,55.16,57.89,162.45,160.61,126.05,289.01,305.89,176.82,46.28,29.77,57.41,896.31,282.59,64.01,123.81,48.38,116.96,83.8,169.16,130.05,44.05,97.03,413.69,16.19,71.73,24.73,40.1338432122371,23.04,57.07,374.0,65.2,161.81,101.41,150.84,121.0,90.34,200.84,110.51,22.57,100.37,80.55,94.79,51.01,61.76,200.14,152.88,60.58,49.43,50.9333333333333,244.9,62.23
1203,10/18/2022,60.19,52.6,154.43,176.14,137.38,268.51,280.33,145.99,34.88,22.52,39.96,581.06,281.67,62.16,90.12,36.94,101.59,74.34,99.59,96.29,34.86,113.35,313.85,14.11,66.8,14.93,31.1567877629063,16.98,54.61,245.93,67.38,157.49,79.44,189.36,87.61,120.26,156.16,97.34,21.66,102.76,68.61,64.42,32.59,43.37,104.12,166.77,42.8,44.67,71.8,210.33,51.98
1204,10/18/2023,80.35,62.6,152.22,234.34,127.41,323.56,325,151.53,27.31,22.89,43.15,616.69,340.89,68.85,102.3,25.59,102.54,42.03,95.93,91.85,24.64,114.77,301.96,10.11,72.96,13.05,32.65,10.68,64.95,314.02,63.08,189.65,74.88,121.33,65.94,159.18,115.69,94.81,16.54,98.81,51.84,68.63,29.9,28.74,98.05,168.11,33.37,41.53,65.24,211.42,35.69
1205,10/19/2018,44.47,47.2,106.17,72.67,97.32,135.86,151.1,106.73,28.32,29.76,47.4,401.65,209.83,28.85,34.65,36.37,76.31,84.41,91.63,76.03,26.33,86.03,226.96,14.2,46.64,21.98,19.1920710965977,17.84,47.0,159.77,43.84,80.46,46.42,162.63,93.14,70.55,125.16,97.6,16.9,57.5733333333333,46.83,72.9,31.36,48.92,100.06,126.07,52.5,52.89,32.8577777777778,139.98,46.97
1206,10/19/2020,36.48,30.09,121.79,107.06,91.42,169.04,209.19,102.47,23.72,23.2,36.96,634.89,208.99,46.46,54.91,26.64,77.67,41.22,77.12,63.56,23.05,82.68,205.69,9.52,37.19,13.91,18.9483747609943,12.78,34.94,284.53,39.07,113.03,50.95,97.96,85.41,95.78,109.99,65.6,12.34,52.3666666666667,38.89,64.35,29.08,41.57,144.27,111.84,38.97,22.54,40.8066666666667,212.71,30.22
1207,10/19/2021,55.79,58.64,163.41,161.97,126.5,293.18,309.52,177.31,46.48,29.93,57.65,901.65,284.83,64.09,126.79,49.1,117.82,84.04,169.79,131.17,43.93,97.48,412.16,16.34,72.34,25.0,40.1625239005736,23.2,57.47,378.96,65.69,164.66,101.75,151.64,121.41,92.62,206.83,111.92,22.82,100.37,81.54,97.06,52.36,62.57,202.7,155.39,61.35,50.34,51.6466666666667,248.1,63.25
1208,10/19/2022,60.14,52.75,151.99,178.05,135.15,264.3,280.93,143.97,33.92,22.25,39.02,577.9,278.34,62.9,87.74,36.72,101.04,67.65,95.23,93.43,33.26,112.56,311.76,13.62,68.0,14.64,30.9369024856597,16.49,54.54,241.88,67.34,156.97,77.64,163.06,79.59,121.2,151.7,96.42,20.9,100.0,68.71,64.57,31.59,42.44,101.15,174.17,41.26,43.62,71.46,208.56,49.22
1209,10/19/2023,79.55,61.17,149.07,231.03,124.74,316.59,319.08,149.62,26.96,22.63,42.19,622.51,338.66,68.27,94.22,24.88,100.92,41.49,92.7,84.59,24.92,113.59,299.19,10.03,71.99,12.8,32.16,10.56,64.08,311.58,61.92,191.0,72.92,119.61,65.5,157.8,115.66,93.29,16.48,96.85,51.9,66.36,28.76,28.06,97.37,163.94,32.75,41.18,64.24,207.36,32.24
1210,10/20/2020,36.91,30.65,122.6,107.52,91.08,167.99,206.36,103.14,24.14,22.98,37.1,645.07,210.06,46.41,54.67,27.62,79.82,43.21,77.27,63,23.75,83.45,208.03,9.88,38.39,14.09,19.0535372848948,13.08,35.24,285.39,39.34,112.47,51.47,99.42,85.76,94.59,112.06,66.22,12.94,52.54,39.13,64.58,27.61,42.09,146.74,118.11,39.21,22.81,42.1466666666667,209.4,30.52
1211,10/20/2021,56.44,59.61,164.89,162.49,128.34,296.73,313.89,179.6,47.09,30.45,59.31,902.93,287.49,64.57,128.69,50.88,119.78,86.93,173.25,132.99,45.59,98.48,407.89,16.7,73.1,25.42,40.2007648183556,23.72,58.08,371.94,66.6,165.85,100.66,160.41,125.51,94.5,212.8,114.0,23.52,101.67,81.59,99.37,51.94,63.88,204.61,158.69,62.58,50.16,52.32,244.14,65.1
1212,10/20/2022,59.15,51.85,145.3,173.82,117.71,257.84,273.72,142.42,33.7,21.74,38.42,572.36,273.53,60.89,84.04,35.9,97.75,64.76,94.98,92.76,31.15,109.8,310.81,13.2,65.61,14.41,30.4684512428298,15.85,53.64,237.41,66.02,154.56,76.6,161.4,77.21,118.86,147.98,95.2,19.74,98.06,68.0,64.86,31.56,40.42,99.72,170.87,40.01,43.65,70.26,205.48,47.13
1213,10/20/2023,77.58,59.52,145.98,227.57,123.19,312.19,314.12,141.57,26.31,22.56,41.66,614.83,335.86,67.17,94.42,23.76,98.63,37.95,90.23,82.19,23.29,110.25,300.05,9.64,70.39,12.7,32.26,9.89,62.95,309.6,60.12,187.67,73.13,113.77,64.28,154.84,111.82,90.49,14.44,95.56,50.87,64.86,28.37,27.16,96.33,161.59,30.93,40.27,63.28,205.85,29.96
1214,10/21/2019,52.9,54.55,127.56,90.33,109.13,144.3,195.03,119.05,31.02,27.43,45.67,453.65,211.49,36.62,49.09,35.58,116.04,65.51,91.32,80.44,28.02,95.68,209.25,14.36,59.76,16.15,17.925430210325,18.13,51.46,219.29,46.54,99.74,44.98,154.04,96.85,70.0,145.53,90.88,16.07,56.0866666666667,40.9,65.4,35.06,53.45,110.94,141.91,56.19,50.46,47.2733333333333,190.05,45.67
1215,10/21/2020,36.65,31.67,122.94,107.62,90.76,166.75,206.44,101.43,24.05,22.76,36.91,634.99,210.18,46.55,54.44,27.55,84.29,42.41,73.72,60.6,23.5,84.13,202.91,9.69,40.4,13.82,19.2065009560229,12.42,35.6,277.16,39.13,112.3,50.38,99.03,85.77,93.6,110.64,66.14,12.79,52.4,38.93,64.0,26.86,41.9,145.96,125.0,38.82,22.7,43.4066666666667,209.37,30.06
1216,10/21/2021,56.12,59.26,165.03,163.46,126.77,296.11,319.41,177.47,46.83,30.21,59.74,903.72,286.82,65.63,132.52,49.46,119.78,86.68,165.69,124.84,45.08,93.37,407.59,16.49,72.97,25.0,40.4971319311663,23.78,57.5,376.2,65.81,168.43,100.28,159.76,125.23,94.63,212.73,113.27,23.28,101.73,82.24,98.14,49.09,63.58,204.62,160.19,62.18,50.33,52.5933333333333,246.87,64.57
1217,10/21/2022,60.97,53.25,146.91,175.37,120.08,267.01,280.12,140.04,34.95,22.53,40.23,597.26,282.51,61.53,85.43,37.94,99.24,65.34,96.25,94.68,33.02,113.5,325.1,14.45,67.19,14.89,31.4053537284895,16.9,55.5,242.03,68.06,154.93,79.22,161.77,79.67,122.45,156.37,98.29,19.52,100.99,70.32,69.12,32.41,41.51,102.52,176.23,40.51,44.83,71.35,210.72,47.82
1218,10/22/2018,44.28,44.96,104.23,72.72,96.74,133.17,151.44,104.51,27.38,29.04,46.47,392.36,206.19,29.13,34.35,35.77,75.09,81.14,88.54,74.32,25.38,84.66,221.6,13.66,45.94,21.11,18.6728826061114,17.25,46.57,159.44,42.9,80.34,45.11,158.0,91.93,70.26,121.46,95.71,16.39,56.2666666666667,45.6,70.81,29.47,47.08,99.4,124.07,51.43,51.65,32.6266666666667,139.9,45.35
1219,10/22/2019,52.42,53.24,126.24,89.68,107.5,142.45,193.42,118.61,31.2,27.08,46.14,450.32,210.62,36.38,49.1,35.94,113.38,65.88,92.16,81.15,28.3,95.93,209.6,14.43,57.5,16.03,18.1739961759082,18.13,50.89,213.2,46.51,99.05,45.38,156.34,97.51,68.77,145.46,91.21,16.22,55.4,40.92,66.05,34.97,53.47,108.19,130.15,56.65,50.62,45.2333333333333,188.78,48.08
1220,10/22/2020,37.51,32.01,124.59,107.76,91.69,170.32,207.47,104.79,24.87,23.18,37.56,635.18,211.61,46.64,54.77,28.86,76.74,45.12,76.75,66.16,23.97,86.48,205.4,10.38,39.97,14.05,19.4646271510516,13.08,35.93,272.72,40.61,113.38,51.77,104.68,85.76,94.39,115.32,67.92,13.8,53.6333333333333,40.13,65.6,27.96,43.45,146.36,126.14,40.48,23.25,44.0066666666667,209.56,32.25
1221,10/22/2021,56.54,60.01,165.59,165.17,128,298.2,320.82,187.08,47.57,30.73,59.71,914.97,289.24,66.49,137.63,50.28,122.19,88.39,167.84,125.18,45.49,93.2,414.32,16.68,74.1,25.12,40.8891013384321,24.04,57.56,381.66,65.87,169.57,101.8,159.88,125.32,95.62,216.08,113.99,24.09,102.53,83.55,99.4,49.19,64.44,206.79,162.37,62.74,50.66,54.84,247.76,66.39
1222,10/23/2018,44.26,44.18,99.81,72.35,96.07,132.31,149.51,104.38,27.02,28.84,46.28,387.49,204,28,33.78,36.24,73.91,81.05,87.04,74.01,26,84.15,218.56,13.83,46.01,21.17,18.3416761552839,17.34,46.18,157.23,42.54,80.09,44.52,158.79,91.08,69.44,120.3,95.08,16.28,55.28,44.54,69.72,29.58,47.1,97.82,123.8,51.37,51.56,32.0888888888889,137.85,47.18
1223,10/23/2019,52.47,53.15,126.53,90.15,108.18,143.47,191.44,116.49,31.42,27.88,46.73,457.06,210.96,36.32,51.51,35.98,113.96,65.77,92.79,80.52,28.27,95.67,211.32,14.47,57.87,17.28,18.2600382409178,18.23,51.1,211.97,46.55,98.99,45.91,157.8,100.16,68.4,146.37,91.57,16.28,55.94,41.37,65.92,35.09,53.49,108.38,132.16,56.58,50.93,47.9133333333333,184.77,47.94
1224,10/23/2020,37.85,32.38,125.99,107.92,91.25,170.39,207.31,100.98,24.9,23.22,37.67,637.31,212.71,46.72,54.64,29.13,77.4,46.39,77.99,68,24.42,86.14,205.04,10.47,40.61,13.98,19.4550669216061,13.45,36.23,271.88,40.94,113.7,51.87,106.12,84.41,94.62,114.81,68.73,13.78,54.0733333333333,40.35,65.31,27.75,43.94,148.1,125.97,40.66,23.28,43.8133333333333,209.75,33.2
1225,10/23/2023,77.16,58.98,145.42,227.7,121.83,311.35,313.48,144.59,25.57,22.24,41.49,614.73,336.84,66.78,92.74,23.58,98.2,38.26,90.38,82.37,23.02,111.21,299.22,9.57,69.51,12.52,32.06,9.9,62.32,309.05,58.49,186.42,71.7,111.52,64.18,153.48,109.71,89.33,14.19,94.21,49.33,64.25,28.62,27.03,95.47,159.19,31.26,39.48,62.89,203.53,30.05
1226,10/24/2018,42.7,42.23,96.32,71.35,92.09,122.59,146.3,101.84,26.19,28.33,45.33,378.66,199.81,27.61,32,35.03,71.39,78.27,85.86,72.35,24.97,80.93,209.18,13.16,44.9,21.08,17.9567605502682,16.52,44.83,154.02,40.24,77.18,43.49,154.65,88.41,67.74,116.9,90.82,15.46,52.32,42.57,67.29,28.56,46.06,93.87,121.56,50.28,50.19,32.4577777777778,134.84,45.62
1227,10/24/2019,52.56,52.9,126.36,91.21,108.26,149.63,191.34,116.41,31.36,28.14,46.28,454.66,210.26,36.84,52.05,35.58,115.27,64.66,91.98,79.74,28.19,96.47,211.05,14.33,57.49,16.94,18.0592734225621,18.18,50.84,215.58,46.28,98.7,45.76,156.28,100.35,69.59,145.6,91.26,16.18,55.9533333333333,40.99,65.21,35.01,53.05,113.35,131.43,56.31,51.1,47.12,187.34,47.51
1228,10/24/2022,61.88,54.35,150.61,179.15,124.87,271.65,284.51,141.63,35.07,22.82,40.84,611.44,287.48,63.08,86.27,39.39,99.66,67.4,97.56,95.86,34.37,115.07,328.7,14.85,69.33,15.05,31.7399617590822,17.73,55.85,244.98,69.38,156.45,79.43,163.14,79.98,123.26,160.44,100.12,20.55,102.2,70.7,70.52,33.07,42.66,104.4,179.79,41.13,45.2,72.57,212.15,49.78
1229,10/24/2023,77.76,59.87,146.85,231.21,124.29,313.49,319.77,144.42,25.47,22.56,41.77,612.39,338.63,69.7,95.17,23.58,99.82,38.63,89.2,81.07,22.98,111.28,299.18,9.53,70.39,13.03,32.64,9.81,63.29,305.61,59.21,188.98,71.56,111.12,63.55,156.24,111.28,89.93,14.17,94.67,49.83,64.74,27.37,27.56,95.92,157.92,31.39,39.28,66.76,207.89,29.86
1230,10/25/2018,42.19,42.38,96.23,72.97,92.85,126.19,149.98,103.6,26.59,29.34,46.15,391.96,201.98,28.08,32.74,35.89,71.75,79.71,88.27,73.22,25.87,83.07,214.01,13.59,45.54,21.54,17.9567605502682,17.14,45.75,155.07,40.77,81.72,44.55,158.36,89.6,68.96,119.63,92.36,16.06,50.3733333333333,43.18,68.05,28.83,47.01,95.52,121.24,51.27,51.86,32.9377777777778,138.11,47.15
1231,10/25/2019,53.26,52.8,125.57,89.45,107.24,149.45,188.65,118.26,31.72,27.83,46.38,459.8,211.8,35.96,52.86,35.85,111.65,65.59,93.25,80.14,29.05,96.39,214.23,14.48,56.8,17.05,18.0783938814532,18.2,51.0,216.01,46.32,97.57,46.37,156.58,101.53,69.3,146.67,91.75,16.4,56.32,40.98,65.75,35.29,53.58,113.71,130.43,56.74,51.57,46.2933333333333,184.98,47.95
1232,10/25/2021,56.98,59.64,164.58,164.25,129,298,320.11,182.31,47.51,31.11,59.4,924.74,290.26,66.46,139.57,50.31,123.44,88.71,168.68,123.86,45.58,92.75,414.75,16.64,73.8,24.75,41.414913957935,24.07,57.66,385.1,65.64,169.13,101.91,159.0,123.39,96.35,216.56,113.81,24.22,102.0,82.89,98.6,48.89,64.57,206.69,161.58,62.52,50.62,54.6266666666667,244.81,66.12
1233,10/25/2022,61.95,54.29,152.74,175.42,124.65,278.26,280,147.02,35.39,23.45,41.6,635.94,289.24,55.1,91.55,40.44,98.95,69.2,101.58,99.97,35.35,114.64,332.4,14.84,69.49,15.05,31.7399617590822,17.77,55.76,257.62,70.93,153.11,80.51,163.5,82.02,122.11,163.22,101.4,21.23,104.78,72.46,72.05,34.95,43.85,108.69,176.09,42.01,45.37,69.07,211.47,51.51
1234,10/25/2023,78.26,60.96,149,231.1,125.19,307.14,319.65,143.52,25.55,22.26,41.85,608.68,336.9,69.02,91.91,23.47,98.39,38.29,88.97,80.6,23.03,112.03,296.76,9.47,71.89,12.59,32.15,9.81,63.8,314.26,58.96,188.88,71.4,111.66,63.06,156.43,111.29,89.31,14.06,91.83,49.37,64.02,27.7,27.96,93.47,164.73,31.29,39.03,67.06,207.74,29.63
1235,10/26/2018,41.7,40.92,95.85,74.03,92.33,122,152.31,101.25,26.39,29.31,45.47,386.93,198.49,27.94,31.73,35.86,76.5,78.81,85.75,67.42,25.86,82.69,212.36,13.61,45.11,21.05,18.2253063212094,17.06,45.2,141.63,39.56,81.95,43.97,158.53,88.49,68.11,119.45,90.16,16.06,48.6666666666667,43.19,66.39,27.98,46.48,93.87,121.29,50.91,51.25,32.88,139.01,46.56
1236,10/26/2020,36.77,31.26,123.16,106.16,90.82,165.61,202.17,96.88,24.54,22.84,36.73,622.19,208.49,46.59,52.84,28.36,76.81,45.34,74.95,65.88,23.45,83.83,201.14,10.28,39.0,13.79,18.9579349904398,13.0,35.13,269.0,39.38,111.09,50.32,103.27,82.23,93.84,111.63,66.42,13.35,53.2066666666667,39.15,63.51,26.89,43.03,145.03,121.54,39.96,22.7,42.5333333333333,203.28,32.46
1237,10/26/2021,57.14,59.23,162.26,164.19,128.32,297.31,320.24,180.95,47.96,31.05,59.1,931.58,290.85,63.9,142.16,49.62,123.05,87.62,164.85,123.02,44.79,91.7,417.61,16.47,72.94,25.57,41.2045889101338,23.89,57.31,390.34,65.46,168.91,103.47,155.38,123.21,96.25,216.07,113.65,24.08,102.35,83.06,98.27,48.95,64.44,209.11,160.43,62.44,50.63,54.5666666666667,244.01,65.29
1238,10/26/2022,61.96,54.22,136.75,175.91,124.27,292.5,277.13,146.88,35.7,23.45,41.26,637.8,288.52,55.95,92.74,40.19,98.1,69.19,101.92,102.22,35.51,114.36,335.69,14.91,69.25,15.1,32.151051625239,17.69,55.97,256.97,70.85,154.44,80.91,165.0,82.16,122.93,161.72,101.14,21.29,106.92,72.95,72.28,35.05,44.21,109.07,176.4,42.39,45.7,70.0,210.95,50.4
1239,10/26/2023,77.52,60.85,148.71,229.89,125.62,316.34,319.71,143.34,26.12,22.75,42.12,607.07,336.16,68.45,92.3,23.74,99.68,39.49,89.51,80.82,23.59,113.49,296.99,9.71,71.9,12.9,32.22,10.17,63.98,310.09,59.6,187.12,72.07,113.06,64.95,153.86,114.36,90.31,14.43,96.4,51.43,64.66,28.0,28.51,92.77,164.46,31.77,39.65,67.05,229.08,30.45
1240,10/27/2020,35.36,31.16,120.69,105.57,89.04,162.39,199.48,94.93,23.85,19.73,35.56,614.53,206.88,45.22,51.87,26.66,73.85,43.37,74.06,65.26,22.91,81.35,195.68,9.94,37.56,13.97,18.6806883365201,12.63,34.15,266.19,37.77,110.41,48.59,99.3,80.7,93.8,109.19,63.46,12.9,52.16,38.47,61.65,26.23,41.73,142.3,119.09,38.41,21.82,40.96,200.44,31.08
1241,10/27/2021,56,58.55,161,162.2,124.9,296.32,316.87,178.03,47.04,30.36,58.45,917.27,287.78,62.65,136.49,47.61,121.19,84.68,152.5,115.44,43.24,90.91,410.99,15.97,72.81,24.94,40.3346080305927,23.29,55.59,392.64,64.29,167.64,101.87,149.11,121.07,94.3,212.91,111.76,23.37,99.87,81.15,96.24,46.68,63.01,203.75,159.78,60.28,50.05,53.5066666666667,240.26,62.88
1242,10/27/2022,62.7,54.62,132.19,177.53,122.57,300.03,282.32,146.97,35.87,23.31,41.65,648.98,289.88,56.7,93.45,40.04,98.81,69.74,102.13,102.81,35.35,111.91,337.18,14.9,70.25,15.15,32.3613766730402,17.75,56.36,261.0,71.15,155.23,80.69,167.07,82.75,124.38,161.0,101.82,21.55,113.96,77.33,73.1,35.07,44.18,106.64,177.6,42.08,45.65,71.15,212.69,50.38
1243,10/27/2023,76.49,59.53,146.04,228.24,123.3,310.56,306.88,141.31,25.17,22.45,41.63,598.08,331.71,67.63,89.61,22.87,97.58,38.19,97.74,80.49,22.89,112.03,289.91,9.44,70.41,12.76,31.68,9.92,62.82,301.97,58.29,184.9,70.4,108.94,63.54,153.06,111.24,88.61,14.01,94.53,50.12,62.93,28.09,27.62,88.39,160.68,30.64,38.76,65.32,228.92,29.45
1244,10/28/2019,53.51,52.55,125.31,89.7,106.6,152.81,187.79,118.58,31.84,28.41,46.89,466.56,212.86,35.86,52.79,36.17,110.73,66.44,95.17,81.43,29.44,96.84,217.75,14.58,56.46,17.34,18.1070745697897,18.38,49.42,216.29,46.81,97.87,46.84,158.66,102.53,68.82,147.77,93.12,16.52,56.5333333333333,41.48,67.12,35.68,54.0,117.08,129.3,57.02,51.65,46.02,183.38,48.8
1245,10/28/2020,34.15,30.23,122.21,104.31,88,158.25,194.7,91.6,23.47,18.64,34.08,600.71,200.7,44.17,50.29,25.88,71.17,42.17,72.07,62.53,22.44,78.79,189.77,9.83,37.35,13.33,18.2600382409178,12.4,33.26,261.86,36.6,107.53,47.57,96.78,77.8,91.57,108.72,61.67,12.73,50.14,38.15,58.48,25.17,41.12,137.14,121.5,37.3,21.18,40.4866666666667,193.91,30.6
1246,10/28/2021,55.36,59.9,163.54,164.12,126.22,303.53,321.08,174.61,47.78,31.23,59.44,935.48,289.72,62.95,139.37,47.9,126.18,85.72,152.5,114.85,43.99,91.05,414.82,15.92,73.78,25.49,41.1281070745698,23.5,56.41,406.69,65.27,167.45,102.5,148.07,122.74,95.69,213.05,112.58,23.74,99.58,81.99,98.82,46.87,63.89,215.29,161.57,60.93,51.36,53.9533333333333,248.52,62.87
1247,10/28/2022,64.79,56.8,134.69,188.58,126.39,312.17,289.2,150.44,36.18,23.72,42.32,663.75,299.63,58.64,93.18,40.98,102.49,71.07,107.1,105.64,35.98,113.71,341.82,15.11,72.16,15.41,32.8202676864245,18.1,57.99,269.09,73.14,163.74,82.22,168.18,84.68,129.7,162.87,105.27,21.85,119.24,80.19,74.78,36.13,45.05,108.64,181.96,42.86,46.35,73.27,221.37,51.54
1248,10/29/2018,42.28,39.91,95.24,73.85,93.54,123.09,155.19,101.19,26.61,29.63,45.77,390.65,200.04,27.92,30.43,36.16,76.8,79.78,86.46,67.92,26.63,83.04,214.49,13.88,44.56,21.24,18.4222398865663,17.49,45.3,141.26,39.96,82.36,43.95,161.55,89.93,68.87,122.16,90.75,16.43,48.5666666666667,43.7,66.41,28.01,47.77,93.77,122.32,51.56,52.23,33.16,140.36,47.04
1249,10/29/2019,53.58,52.1,126.38,89.94,108.22,153.7,188.57,117.42,32.07,28.12,46.63,466.16,213.01,37.31,52.95,35.73,111.38,66.98,94.46,81.22,29.63,97.8,217.64,14.46,56.81,17.05,18.4416826003824,18.45,49.39,220.4,46.68,102.09,46.83,157.97,102.35,69.79,148.29,93.0,16.47,56.5666666666667,40.96,67.21,35.79,54.24,117.76,128.93,57.34,52.17,46.42,185.65,49.38
1250,10/29/2020,34.22,31.29,125.2,103,88.59,161.11,186.8,91.07,23.54,18.64,34.32,602.33,201.51,43.46,50.99,26.71,71.65,43.95,73.12,64.01,23.1,79.77,189.94,10.14,38.69,13.4,18.4512428298279,12.75,34.22,263.0,37.31,102.95,48.12,99.54,78.29,91.06,109.82,63.04,13.2,50.3666666666667,40.31,58.8,25.46,41.85,131.44,122.46,38.07,21.14,40.6933333333333,186.25,31.56
1251,10/29/2021,53.67,59.09,161.31,167.67,123.67,302.13,319.92,173.78,47.78,31.49,59.2,943.46,287.01,63.11,138.42,47.38,121.44,85.09,151.03,113.32,43.53,89.02,413.35,15.74,72.93,25.41,41.1089866156788,23.27,56.07,404.15,62.8,166.8,102.78,147.12,123.04,94.88,211.03,110.05,23.68,98.59,82.03,98.55,46.45,63.47,216.88,160.88,60.37,51.16,53.0666666666667,242.28,62.99
1252,10/30/2018,43.14,40.96,96.77,74.31,95.49,126.6,158.7,102.08,26.78,30.98,46.92,403.83,203.35,28.06,31.74,36.33,78.37,80.76,87.84,69.18,26.86,84.78,219.28,14.08,45.14,21.92,18.8250585429781,17.82,46.12,141.14,40.73,84.19,44.5,163.2,92.4,69.79,124.76,92.44,16.52,49.32,45.57,67.74,28.74,48.28,96.22,125.87,52.32,52.69,33.4666666666667,141.18,46.9
1253,10/30/2019,53.36,52.61,125.87,91.27,104.95,152,194.65,118.07,31.62,28.07,46.62,466.94,213.25,37.69,52.97,35.5,112.78,66.52,94.53,81.15,29.28,97.25,215.81,14.21,56.94,16.88,18.5372848948375,18.27,49.2,218.24,46.29,103.53,46.26,156.86,101.03,69.38,147.75,92.31,16.27,56.82,41.3,66.72,35.59,53.68,117.57,129.78,57.12,52.03,46.8133333333333,190.24,49.22
1254,10/30/2020,33.95,31.49,124.37,103.71,88.75,160.83,184.01,91.24,23.7,18.75,34.36,599.21,201.9,43.51,50.42,27.25,70.74,45.51,73.08,65.01,23.22,81.09,189.04,10.44,38.52,13.11,18.6520076481836,12.98,34.68,262.9,37.85,103.46,48.15,103.58,78.27,91.9,111.88,64.02,13.3,50.96,41.11,58.9,25.02,42.12,126.66,120.71,38.95,21.45,40.08,182.48,32.27
1255,10/30/2023,77.4,61,146.43,233.73,125.47,315.84,308.79,143.27,25.69,22.51,42.34,607.12,337.41,68.87,92.38,23.39,100.3,38.7,100.54,81.14,23.38,113.36,300.83,9.56,72.64,12.95,31.99,10.08,62.93,306.32,59.42,188.27,70.59,112.04,65.12,155.19,112.89,90.68,14.22,95.49,50.75,63.88,28.33,28.18,90.02,165.51,31.31,39.43,66.71,232.79,29.98
1256,10/31/2018,43.07,41.29,97.21,74.01,95.72,127.24,156.18,102.73,27.5,30.5,47.33,411.42,205.28,28.18,32.36,37.35,78.64,81.56,89.3,69.67,26.99,84.66,225.37,14.33,45.42,21.71,19.2189256736918,18.16,46.56,145.48,41.19,84.75,45.66,165.41,94.07,69.7,128.49,93.78,16.97,51.1266666666667,46.24,68.75,28.88,49.16,96.99,125.13,52.27,53.23,33.7333333333333,143.16,47.05
1257,10/31/2019,53.16,52.96,126.07,91.22,106.42,150.89,193.16,117.28,31.27,27.55,46.75,461.7,212.58,37.68,53.16,35.16,113.21,65.42,93.25,80.26,29.08,97.33,213.38,14.13,57.08,16.82,17.848948374761,17.97,49.0,220.69,46.79,103.62,46.05,156.53,99.68,69.7,146.7,91.14,16.1,55.66,40.71,66.07,35.37,53.05,115.8,131.06,57.02,51.63,46.6,186.9,48.47
1258,10/31/2022,65.11,57,135.86,187.08,126.25,309.12,281.49,148.45,36.04,23.45,42.11,645.91,295.09,58.79,91.14,40.9,103.32,70.5,106.02,104.46,35.69,115.52,344.51,15.18,72.41,15.32,32.8967495219885,17.87,57.02,264.87,73.21,161.49,82.17,168.37,84.35,128.4,161.83,105.19,21.95,118.14,79.67,74.0,35.56,44.79,106.16,184.46,42.45,45.99,74.38,218.21,51.94
1259,10/31/2023,78.11,61.31,148.9,235.49,128.13,314.57,309.4,146.03,26.34,22.79,42.5,612.28,341.33,69.42,92.35,23.43,99.67,39.4,101.29,82.08,23.71,116.36,303.61,9.65,73.45,12.97,32.18,10.22,64.01,308.0,60.01,189.65,70.82,112.75,65.91,158.09,114.47,91.44,14.53,95.44,52.04,64.63,28.05,28.36,90.5,167.44,31.88,39.77,67.42,235.89,30.85
1260,11/01/2018,42.87,43.12,97.1,74.6,89.97,129.82,155.7,104.04,27.81,31,47.52,412.99,205.86,28.23,33.61,37.41,78.43,82.7,89.3,70.11,27.1,85.34,226.97,14.38,45.8,21.98,19.1652165195036,18.39,47.16,149.94,41.94,84.58,45.89,164.0,94.25,69.04,129.74,94.88,17.21,52.6733333333333,46.39,69.96,29.44,49.2,98.02,125.2,52.13,53.56,33.6711111111111,143.1,47.58
1261,11/01/2019,53.61,53.76,127.7,91.52,105.9,152.89,195.85,119.14,31.8,28.05,47.16,469.17,215.83,37.63,53.66,36.05,112.1,67.62,95.25,81.72,29.56,98.1,217.39,14.34,57.52,17.21,18.2600382409178,18.29,49.79,220.5,47.26,104.27,47.33,160.73,101.42,69.78,148.81,92.97,16.55,56.7866666666667,41.78,67.76,35.74,54.1,116.97,130.72,57.58,52.18,46.3133333333333,188.99,49.35
1262,11/01/2021,54.87,60.19,161.45,162.48,123.51,305.77,306.83,174.21,47.85,35.15,60.02,936.23,286.24,61.87,137.57,47.98,120.49,87.27,153.01,114.66,44.47,91.51,416.7,15.95,73.14,26.53,41.2619502868069,23.61,57.1,394.39,64.15,162.79,104.0,152.71,123.73,94.7,210.64,111.33,24.15,99.61,81.87,99.33,47.37,64.43,215.86,160.11,60.78,51.71,53.3733333333333,237.62,64.19
1263,11/01/2022,66.81,57.07,134.7,187.42,125.75,314.12,284.49,147.08,36.2,22.6,42.23,652,294.13,58.65,92.94,40.44,99.22,70.33,106.81,103.89,35.8,114.2,348.58,15.28,73.74,15.56,32.4760994263862,18.05,56.49,264.35,73.94,162.24,83.72,168.1,84.72,129.02,161.81,106.0,22.3,117.81,79.89,74.4,35.9,44.82,106.69,182.78,42.88,46.95,75.29,221.2,51.61
1264,11/01/2023,79.05,62.05,166.48,237.31,129.75,317.53,311.75,146.45,26.4,22.55,43.17,616.21,343.75,69.3,94.75,23.17,101.93,39.46,100.27,82.59,23.65,116.37,307.16,9.63,73.86,13.07,32.58,10.15,65.15,312.88,59.98,190.05,70.95,112.13,66.88,159.61,113.46,91.32,14.54,96.01,52.82,64.74,27.97,28.49,90.97,169.28,31.86,39.61,67.93,235.42,31.02
1265,11/02/2018,42.9,43.28,96.65,74.67,89.55,126.45,156.18,103.71,27.89,30.7,47.21,409.76,206.57,28.18,33.2,37.52,78.05,83.51,87.27,68.74,27.36,84.73,229.69,14.29,44.89,21.62,19.0130405826369,18.43,46.29,149.46,43.6,84.5,45.95,164.18,93.61,68.38,129.88,95.91,17.26,52.7266666666667,46.58,69.98,26.43,49.17,96.93,124.9,52.07,53.61,33.6177777777778,152.39,48.17
1266,11/02/2020,35.52,32.45,129.93,106.53,90.9,164.45,180.64,93.4,24.08,19.59,35.1,614.87,204.31,44.5,51.33,28.03,72.22,47.21,75.68,67.21,24.11,83.25,190.2,10.81,39.34,13.48,19.1108986615679,13.43,37.33,265.93,38.7,104.89,49.38,106.04,79.05,94.4,114.45,65.93,13.76,52.3066666666667,41.26,59.68,25.96,43.48,128.97,123.92,39.74,21.9,41.3333333333333,179.57,33.22
1267,11/02/2021,55.12,59.98,161.7,163.05,125.18,307.87,304.68,173.17,47.88,37.68,59.93,947.85,287.93,62.73,143.93,47.22,123.57,87.21,151.91,114.69,44,91.98,423.85,15.81,72.78,26.29,41.8833652007648,23.53,57.39,390.7,63.69,164.09,104.66,153.82,123.86,94.62,210.1,111.17,23.96,100.92,81.77,99.44,47.38,64.3,216.83,158.82,60.86,51.3,54.4133333333333,237.04,63.93
1268,11/02/2022,66.69,57.28,131.02,185.35,123.34,308.77,279.13,143.5,36.09,22.56,42.04,638.81,289.46,57.14,92.35,39.56,99.05,67.79,103.21,101.03,34.71,112.26,349.79,14.98,72.37,15.43,32.7151051625239,17.8,55.51,256.11,73.57,159.06,84.37,163.71,84.38,127.73,158.73,105.29,21.85,117.38,78.93,73.88,34.94,43.92,104.66,182.31,41.75,46.88,74.33,220.13,49.49
1269,11/02/2023,81.73,64.36,163.79,242.2,131.36,331.37,321.25,150.85,27.62,23.53,44.24,644.49,349.02,70.91,98.2,24.9,99.89,42.18,104.65,85.2,25.05,115.87,313.76,10.34,73.62,13.54,33.45,10.99,65.14,326.83,60.01,193.45,73.46,118.45,70.1,158.77,119.85,91.67,15.43,99.41,54.93,66.68,29.08,29.97,94.29,168.95,34.34,40.51,67.81,235.01,33.23
1270,11/03/2020,36.24,32.89,126.31,107.99,92.92,167.45,179.96,96.29,24.69,20.01,35.99,629.26,206.63,44.32,51.98,29.01,73.69,48.81,77.57,69.36,24.51,85.15,197.93,11.09,39.52,13.98,19.5984703632887,13.77,37.89,269.18,39.97,106.57,51.18,110.01,82.54,94.47,119.39,67.78,14.03,53.32,42.56,62.38,26.66,44.76,132.15,126.34,40.82,22.09,42.36,180.51,34.46
1271,11/03/2021,56.06,61.08,165.49,161.31,126.12,310.24,294.89,172.61,48.37,37.25,60.09,951.7,288.72,61.82,144.5,48.47,124.68,89.7,153.9,115.83,44.7,92.49,417.9,16.21,74.07,26.47,42.1988527724665,23.95,57.39,386.55,65.28,162.62,102.61,159.33,124.75,95.15,212.7,113.94,24.71,102.07,83.33,99.6,48.2,65.14,219.47,160.25,61.83,52.0,54.4,234.85,65.78
1272,11/03/2022,65.97,57.61,123.41,187.35,123.96,307.92,276.39,139.31,35.89,22.42,41.53,633.81,283.85,56.54,88.03,39.13,97,66.03,98.82,97.98,33.94,112.32,348.87,14.92,72.82,15.06,31.9598470363289,17.84,55.22,254.62,73.11,159.03,83.62,164.19,82.01,127.32,153.31,101.83,21.99,118.02,78.95,73.07,34.02,42.66,101.22,181.82,41.5,45.54,74.6,217.96,48.12
1273,11/03/2023,82.23,63.74,163.5,242.33,131.73,335.74,323.28,152.76,28.42,24.25,45.25,657.97,351.81,70.53,100.9,26.17,100.88,44.08,106.32,87.18,26.46,117.16,327.62,10.62,74.13,13.88,34.87,11.39,65.79,331.42,61.76,193.93,76.26,122.55,71.35,156.21,123.21,94.15,15.74,101.26,55.83,67.76,30.15,31.19,95.67,168.41,35.49,41.62,67.88,236.26,34.76
1274,11/04/2019,53.45,54.93,126.63,90.62,106.49,155.34,194.65,119.62,32.4,28.67,48.72,476.53,217.98,37.17,53.16,37.15,110.18,70.09,96.17,82.66,30.08,97.96,219.87,14.7,57.53,17.78,18.623326959847,18.96,49.8,218.0,47.59,102.69,48.83,164.05,103.87,68.82,150.01,94.5,16.99,58.0666666666667,43.22,70.86,36.2,54.61,118.53,130.2,58.14,52.72,45.3066666666667,186.83,50.21
1275,11/04/2020,36.53,31.59,125.89,111.75,92.04,168.4,183.48,96.4,23.68,19.24,34.7,651.6,206.17,45.89,54.95,26.72,72.29,43.64,75.55,67.87,23.1,83.75,197.87,10.08,38.21,13.75,19.5984703632887,12.54,36.41,285.61,39.0,109.0,51.43,98.43,78.89,95.86,112.86,63.09,13.13,51.3933333333333,40.84,60.42,26.52,42.68,135.81,123.4,39.0,21.88,41.5733333333333,184.25,30.94
1276,11/04/2021,55.7,60.39,164.23,160.78,117.1,306.69,290,172.53,47.33,36.27,59.06,954.04,287.69,61.53,144.53,47.83,124.18,87.66,153.46,114.48,43.98,92.56,408.07,15.75,71.94,25.93,41.5391969407266,23.53,56.66,389.04,63.91,161.18,99.79,154.17,122.58,94.57,207.71,111.8,24.27,100.47,81.45,96.53,47.99,63.76,219.63,156.5,60.28,50.62,52.9266666666667,231.06,64.29
1277,11/04/2022,67.18,57.92,121.22,188.39,129.12,313.87,279.71,144.72,36.79,23.33,42.49,656.15,287.47,55.77,90.04,40.12,99.79,67.96,102.53,99.85,35.13,113.99,357.91,15.38,73.79,15.73,32.5621414913958,18.23,55.47,258.96,74.11,160.37,84.85,167.02,84.47,126.62,156.5,105.06,22.46,120.44,79.05,75.45,35.02,43.66,102.83,183.06,42.83,46.74,74.88,221.21,49.76
1278,11/05/2018,43.71,44.13,96.97,75.51,90.39,126.81,158.18,105.21,28.06,30.82,47.97,411,216.24,28.42,33.83,37.73,79.18,83.55,88.05,69.18,27.57,85.87,228.72,14.37,45.49,21.72,19.2726348278801,18.49,48.8,150.99,44.59,85.72,45.82,164.7,95.49,69.73,130.58,97.82,17.32,52.98,47.28,71.91,26.72,49.73,97.42,126.53,52.34,53.66,33.9777777777778,154.44,48.66
1279,11/05/2019,52.94,54.81,126.18,89.98,105.84,158.29,193.13,118.77,32.82,28.99,49.17,482.44,220.88,37.09,52.79,37.9,110.03,71.17,97.3,83.1,30.35,98.13,218.64,14.87,60.39,18.12,18.7667304015296,19.19,50.49,213.06,48.38,101.7,48.75,166.18,105.5,68.9,151.03,92.05,17.2,58.7466666666667,43.42,70.26,36.28,55.36,119.13,131.27,58.59,53.3,45.0866666666667,185.01,50.71
1280,11/05/2020,37.2,33.43,127.36,109.77,90.41,172.69,185.38,98.11,24.61,20.13,35.6,668.19,207.45,45.5,57.45,28.91,74.55,46.47,78.7,68.5,24,86.3,202.96,10.57,39.94,14.43,20.3919694072658,13.16,37.89,291.06,41.13,108.4,52.2,103.56,81.58,97.29,117.17,65.37,13.68,53.0933333333333,41.45,62.83,27.48,44.93,137.38,127.51,40.46,22.33,41.9333333333333,186.72,32.58
1281,11/05/2021,56.75,58.96,162.54,160.26,117.16,305.24,288.53,176.69,46.97,35.88,58.82,955.11,287.88,61.97,142.55,47.79,126.09,87.55,154.87,116.47,44.08,94.85,407.08,15.85,71.83,25.98,41.453154875717,23.68,57.22,387.11,63.99,161.45,99.87,155.09,123.57,95.84,207.1,110.92,24.31,100.0,81.15,95.67,49.19,64.29,221.07,159.6,60.69,50.44,53.72,231.31,64.81
1282,11/06/2018,43.99,44.9,98.14,75.84,91.03,127.55,159.59,104.98,28.21,31.23,48.32,413.43,218.51,28.83,34.28,37.73,80.16,83.69,89.18,69.57,27.98,86.7,228.2,14.59,46.14,21.7,19.6396473814997,18.59,49.51,150.63,44.61,86.37,45.72,164.19,95.81,69.78,131.76,98.38,17.64,53.66,47.76,72.02,26.87,49.97,99.13,128.6,52.64,53.55,34.3288888888889,154.7,49.19
1283,11/06/2019,53.7,55.52,127.55,91.64,106.95,157.87,194.74,119.69,32.79,28.56,49.13,489.54,222,37.75,52.04,37.68,110.89,70.35,97.04,83.18,30.43,98.52,218.42,14.91,61.08,18.04,18.5564053537285,19.13,50.87,215.8,48.6,103.45,48.56,166.25,106.01,70.93,151.71,90.55,17.06,58.8866666666667,43.08,70.99,36.82,55.25,120.06,132.35,58.76,53.8,45.86,186.67,50.37
1284,11/06/2020,36.9,33.16,127.09,110.51,91.15,169.78,190.35,96.69,24.31,19.41,35.07,654.9,208.85,45.73,55.69,27.71,74.25,44.95,77.77,67.91,23.21,84.7,201.26,10.15,39.4,13.88,20.0478011472275,12.82,37.69,290.63,40.48,109.56,51.7,99.06,81.66,97.91,114.68,63.55,13.05,51.6733333333333,41.13,62.23,26.8,42.99,133.74,127.0,39.17,21.91,41.3866666666667,192.17,31.95
1285,11/06/2023,81.4,63.94,161.6,242.97,130.52,333.17,325.52,152.99,28.33,23.83,44.99,653.22,346.63,70.91,98.33,25.84,100.11,42.97,105.45,86.52,26.12,116.05,323.91,10.5,73.97,13.5,34.35,11.27,65.4,333.44,60.43,194.6,75.92,121.31,70.32,158.23,121.55,91.81,15.48,100.29,55.62,67.22,29.51,30.74,94.69,169.55,35.27,41.34,68.19,235.91,34.18
1286,11/07/2018,45.06,44.43,102.37,76.96,92.52,129.57,163.05,107.31,28.54,31.52,48.77,424.73,221.24,29.03,35.17,38.14,80.78,83.55,90.54,70.74,27.76,87.7,231.28,14.66,46.94,21.59,19.7291626384801,18.7,49.74,153.45,45.18,87.23,46.61,165.45,98.38,73.12,133.28,100.69,17.52,54.1066666666667,48.58,73.98,27.35,50.15,101.5,130.28,52.58,53.58,34.8977777777778,158.3,49.71
1287,11/07/2019,54.15,55.59,127.48,91.05,107.72,157.74,194.4,121.28,33.23,28.74,49.4,490.16,222.74,37.64,51.4,38.19,109.03,71.78,97.7,84.35,30.51,98.94,223.29,14.98,61.0,18.18,18.6806883365201,19.3,51.03,218.27,49.04,103.19,48.66,166.83,107.26,72.56,153.07,91.84,16.91,59.3733333333333,43.5,72.66,36.96,54.73,120.38,133.01,59.1,54.0,45.3333333333333,184.99,51.04
1288,11/07/2022,67.82,59.17,120.73,191.99,128.82,317.96,287.1,146.98,37.01,23.22,42.42,676.3,290.19,56.02,92.18,40.23,102.43,70.23,104.74,101.01,35.04,113.44,362.56,15.5,73.97,16.19,32.8585086042065,18.33,55.6,264.39,73.93,163.01,85.57,168.97,85.24,127.3,156.7,103.21,22.82,121.5,79.65,75.93,36.2,43.98,104.77,184.13,43.53,47.07,74.59,224.69,49.91
1289,11/07/2023,80.98,63.1,159.17,244,129.66,332.95,326.34,152.98,28.16,23.55,44.59,648.59,346.17,71.14,98.93,25.81,100.63,42.45,105.01,84.86,26.16,115.21,323.95,10.44,73.86,13.3,34.58,11.3,65.42,335.87,60.05,194.63,75.51,121.08,69.52,158.61,120.78,90.71,15.36,99.86,55.23,66.54,29.35,30.52,94.11,169.99,34.81,41.04,68.3,236.48,34.1
1290,11/08/2018,45.21,44.25,103.3,77.77,93.7,129.8,164.83,108.5,28.87,31.64,49.03,421.39,222.42,29.24,35.35,38.3,81.4,84.51,90.86,71.21,27.74,87.49,231.65,14.73,46.46,21.78,19.6396473814997,18.74,49.44,155.34,45.44,87.83,46.43,167.37,99.1,73.46,134.24,96.97,17.67,53.96,48.63,73.34,27.48,50.13,99.89,130.99,52.93,53.16,35.0133333333333,160.35,50.42
1291,11/08/2019,54.14,55.91,130.07,91.15,108.19,158.54,194.57,121.47,33.26,28.28,49.2,490.21,221.31,37.75,51.53,38.52,108.7,71.83,97.26,84.71,30.56,98.93,222.91,14.98,61.09,17.82,18.6328871892925,19.36,51.0,218.13,49.32,103.31,49.15,167.59,107.65,73.67,152.2,92.89,16.88,59.5266666666667,43.54,73.1,36.94,54.94,119.58,133.29,58.9,54.1,45.26,185.1,51.07
1292,11/08/2021,56.75,59.16,161.26,160.91,117.06,306.93,296.61,180.05,47.34,35.74,58.98,965.87,288.8,62.71,142.04,47.91,124.41,87.9,155.52,116.74,44.26,93.87,408.34,15.93,71.49,26.26,41.4818355640535,23.7,58.02,387.27,63.74,164.0,100.07,156.59,123.34,96.41,208.17,111.07,24.5,100.44,81.68,96.63,49.26,64.77,221.29,158.7,60.69,50.87,54.28,232.7,65.36
1293,11/08/2022,67.98,59.13,123,192.39,130.26,320.25,286.78,150.2,37.11,23.52,42.7,686.33,292.61,56.45,92.95,40.2,103.15,71.48,105.54,102.48,35.11,113.41,364.02,15.48,73.5,16.51,33.0019120458891,18.33,55.65,267.14,73.41,161.73,85.28,170.48,85.91,129.1,158.66,103.3,22.83,123.05,79.63,76.15,36.09,44.49,109.09,184.9,44.17,47.18,74.56,225.69,50.71
1294,11/08/2023,80.32,62.58,159.53,245.57,129.28,332.34,327.54,153.01,27.89,23.59,44.97,654.95,346.3,71.61,99.16,25.71,99.84,42.25,105.08,84.34,25.49,114.75,324.56,10.36,73.04,13.28,34.3,11.28,64.94,338.73,59.35,196.71,75.97,119.34,69.35,158.61,120.26,90.69,15.25,99.38,54.9,66.56,29.32,30.4,94.86,168.56,34.51,40.98,67.9,234.07,33.76
1295,11/09/2018,45.04,43.82,104.78,78.05,93.72,127.66,164.54,108.28,28.52,30.87,48.5,413.95,219.63,29.29,33.99,38.06,81.32,84.69,90.4,70.56,27.96,86.92,222.65,14.67,46.59,20.88,19.6844050099899,18.89,49.59,153.5,45.19,87.76,45.73,166.72,97.94,73.19,134.23,95.85,17.24,53.0,47.64,72.25,27.62,50.76,98.48,131.03,53.15,53.04,34.8488888888889,159.93,50.16
1296,11/09/2020,41.49,37.52,131.8,109.98,93.89,182.94,192.91,117.37,27.76,20.42,39.16,666.02,221.5,45.92,56.04,32.33,85.73,53.93,86.95,76.19,26.56,91.47,214.93,11.95,44.87,14.84,21.0707456978967,15.2,42.55,275.45,44.94,110.58,56.02,123.92,90.8,90.39,127.98,73.45,15.22,57.06,44.96,70.1,29.85,48.52,137.03,134.28,44.16,24.22,46.1466666666667,196.0,39.58
1297,11/09/2021,56.28,58.76,160.43,161.56,115.19,305.2,297.53,179.86,46.88,35.72,58.58,966.75,286.35,63.01,146.39,47.83,124.16,87.55,155.42,116.81,44.09,92.34,405.35,15.87,72.17,26.01,40.7456978967495,23.71,57.66,392.3,62.97,164.92,99.71,154.61,121.89,95.45,207.04,109.16,24.34,99.9,80.78,96.03,49.31,64.74,219.66,157.4,60.07,49.89,54.2133333333333,233.38,65.15
1298,11/09/2022,67.52,58.46,122.62,188.58,127.94,315.01,281.1,145.86,36.52,22.7,42.1,669.62,288.65,55.73,89.99,39.66,101.49,69.77,101.47,100.04,34.48,112.5,362.0,14.98,71.91,15.91,32.3326959847036,17.9,54.46,262.48,72.77,159.31,83.45,165.94,84.0,127.7,155.55,102.42,22.46,121.52,78.27,75.22,35.01,42.69,107.12,182.15,43.24,45.97,73.61,223.48,49.71
1299,11/09/2023,80.9,62.85,161.23,246.77,128.99,331.84,331.78,152.37,27.53,23,45.04,651.82,348.18,71.83,96.85,25.02,99.09,41.16,104.49,82.87,24.82,114.89,320.78,10.19,73.33,12.78,33.64,10.95,65.25,339.88,59.31,197.89,74.19,117.35,69.4,160.35,119.36,90.89,15.02,99.1,54.16,66.52,29.15,29.15,93.91,168.59,33.91,40.4,67.41,238.16,32.55
1300,11/10/2020,41.85,38.23,134.16,113.64,94.44,183.17,200.08,115.95,27.66,20.76,39.22,660.6,228.48,47.19,57.11,32.8,86.64,53.05,86.68,76.34,26.34,92.77,217.47,12.13,45.82,14.53,22.112810707457,15.55,42.36,270.33,46.03,112.51,55.75,123.92,91.85,92.65,126.74,75.45,15.23,57.2066666666667,46.42,70.05,29.61,49.04,136.9,136.36,44.14,24.19,47.06,202.01,38.98
1301,11/10/2021,56.02,58.86,159.67,161.19,114.11,304.83,297.72,181.39,47.23,35.01,59.16,959.21,285.32,63.19,139.46,48.02,123.55,88.41,156.28,117.44,44.03,92.77,399.12,15.89,72.49,25.53,40.2198852772467,23.9,57.22,387.69,63.35,165.15,97.77,156.39,123.45,95.71,205.41,109.58,24.17,99.54,80.75,97.55,49.49,63.89,213.06,158.22,60.49,50.36,54.2266666666667,231.35,65.07
1302,11/10/2022,69.97,60.59,126.66,193,130.19,331.56,296.38,154.75,38.13,25.61,44.07,759.81,303.2,58.69,103.52,41.42,107.55,74.52,113.42,108.32,36.29,113.85,378.31,15.18,74.3,18.75,34.7609942638623,19.45,56.59,294.26,74.72,168.39,88.8,170.19,90.4,129.74,163.85,107.72,23.28,123.98,78.56,79.86,38.73,46.04,124.65,183.3,44.87,47.95,73.29,232.12,53.87
1303,11/10/2023,81.48,63.82,163.06,248.27,130.32,336.36,334.04,154.38,27.68,22.92,45.66,665,350.56,72.85,98.64,25.17,99.73,41.35,104.58,83.51,25.06,116.64,325.51,10.27,73.97,13.08,33.93,10.95,65.89,344.57,60.49,200.45,75.33,118.35,70.7,160.39,120.43,92.03,15.12,100.5,54.41,67.6,29.57,29.39,92.62,169.96,34.2,40.89,68.15,240.21,32.92
1304,11/11/2019,54.03,55.4,129.08,91.49,109.38,158.38,194.38,120.9,33.18,27.96,49.06,486.79,220.85,37.88,51.91,38.38,109.14,71.46,97.01,84.12,30.13,98.71,219.03,14.93,61.35,17.64,18.585086042065,19.2,50.52,218.05,49.22,103.41,49.09,166.66,106.78,73.73,152.46,92.25,16.77,59.4,43.23,72.99,36.89,54.29,120.42,133.54,58.64,54.05,45.4666666666667,186.58,50.98
1305,11/11/2020,40.88,37.35,131.59,114.17,94.37,181.3,201.42,111.12,27.34,20.36,38.6,670.62,227.37,46.97,55.35,31.68,84.52,50.16,84.67,74.25,25.72,91.99,218.05,11.64,45.21,15.28,22.3804971319312,15.02,41.35,280.25,45.51,113.36,56.34,118.3,89.21,92.72,125.44,73.02,14.87,56.5133333333333,46.23,68.48,29.4,48.82,140.46,134.96,43.75,24.19,46.6333333333333,202.95,37.24
1306,11/11/2021,56.33,58.86,160.42,162.7,114.66,306.11,299.26,181.3,47.49,35.48,59.99,965.6,284.65,63.69,141.32,49.12,122.78,89.04,157.15,118.5,44.3,93.35,402.34,16.28,73.18,25.81,41.2045889101338,24.2,57.56,385.45,63.63,164.92,98.88,159.22,124.58,95.86,205.6,110.27,24.12,100.75,81.4,98.48,49.71,63.44,214.07,157.83,60.78,50.59,54.2,230.3,65.89
1307,11/11/2022,70.3,60.39,128.15,186,132.09,331.16,293,154.89,38.41,27.33,44.52,774.75,309.72,56.67,108.77,41.55,110.09,73.62,116.25,108.78,36.85,109.71,385.17,14.97,73.63,19.77,35.8986615678776,19.83,55.97,310.37,74.49,166.6,90.78,166.2,94.03,126.23,165.76,110.21,23.41,123.4,78.36,80.99,40.23,47.26,133.34,181.73,44.92,47.55,69.77,233.89,55.39
1308,11/12/2018,44.44,42.47,103.73,77.66,91.56,125.06,162.89,106.49,27.75,30.96,47.98,405.42,215.42,28.79,33.19,37.62,80.27,83.64,89.12,69.34,27.64,85.88,206.05,14.57,45.51,20.48,19.1294104167114,18.47,48.77,150.07,44.73,87.17,44.13,165.13,96.37,71.9,132.77,93.67,16.93,52.0,46.73,70.86,27.21,50.54,95.58,127.04,52.92,52.35,34.4088888888889,158.51,49.44
1309,11/12/2019,53.97,55.41,130.61,91.49,110.13,158.9,195,120.89,33.09,27.97,48.9,486.79,220.89,37.84,51.96,38.39,108.57,71.42,97.21,84.45,30.11,99.36,220.41,14.91,61.65,17.6,18.4130019120459,19.2,50.65,217.46,49.58,104.15,49.01,165.48,106.4,74.46,152.3,93.31,16.69,59.7466666666667,43.48,73.41,36.89,54.44,121.23,133.35,58.48,54.22,45.3866666666667,187.22,50.72
1310,11/12/2020,40.31,36.06,130.82,113.15,94.81,177.3,199.96,111.1,26.69,19.81,37.73,659.79,224.72,46.35,54.94,30.68,82.99,48.24,83.58,73.39,24.86,89.35,214.51,11.29,44.73,14.96,22.0363288718929,14.48,41.05,276.34,43.78,112.33,55.55,115.13,87.57,94.68,121.0,71.02,14.42,55.1933333333333,44.72,66.9,29.11,46.33,137.53,132.4,42.81,23.81,45.48,202.2,36.33
1311,11/12/2021,57.01,58.21,160.22,165.73,114.71,308.53,300.34,181.89,46.91,35.91,60.08,971.49,285.99,64.52,143,49.36,122.13,88.76,156.8,119.44,44.21,94.42,404.91,16.25,71.75,26.16,41.1472275334608,24.09,57.04,388.02,64.19,166.7,99.85,159.87,125.3,96.17,203.61,110.75,23.95,99.98,82.11,99.07,50.18,62.7,216.98,157.42,60.5,50.96,54.1533333333333,230.91,65.48
1312,11/13/2018,44.37,42.16,103.21,77.5,91.38,126.48,163.3,107.86,27.76,31.09,48.2,407.31,217.92,28.89,33.36,37.69,80.96,82.76,89.9,69.94,27.69,86.8,205.05,14.63,45.32,19.85,19.0040890569389,18.42,48.65,148.06,45.46,86.5,44.68,167.5,97.13,71.59,135.59,94.62,16.88,52.2066666666667,47.05,71.02,27.65,51.07,95.86,126.81,53.69,52.74,34.3066666666667,159.97,48.94
1313,11/13/2019,54.14,54.72,131.3,92.12,110.57,158.39,196.44,120.26,32.79,27.3,48.35,485.57,219.77,38.06,52.42,37.9,108.37,70.04,96.31,84.31,29.81,99.57,219.32,14.67,61.49,17.42,18.1931166347992,18.88,50.36,218.74,49.26,104.99,48.39,163.18,105.59,71.67,150.82,92.79,16.41,58.8933333333333,42.81,72.7,36.56,54.37,120.59,134.13,58.61,53.29,45.72,187.62,49.63
1314,11/13/2020,41.52,37.32,133.51,115.71,96.71,184.88,204.44,114.99,27,20.51,38.71,669.77,227.42,47.16,56.16,31.75,78.78,50.48,86.7,76.61,25.39,92.04,219.08,11.59,45.21,15.53,22.2370936902486,14.87,42.3,275.41,44.74,113.31,56.61,118.83,90.8,95.66,122.78,73.13,14.9,56.8333333333333,46.0,68.52,30.02,47.19,140.43,134.63,43.31,24.07,45.9133333333333,206.81,37.48
1315,11/13/2023,81.43,63.73,162.29,247.75,129.85,335.13,333.61,154.34,27.7,22.5,45.4,661.45,350.01,73.52,97.73,24.95,99.18,40.98,104.37,83.81,25.11,116.87,326.91,10.23,74.24,12.96,33.91,10.85,65.97,343.51,60.46,200.17,75.04,116.86,70.98,161.92,119.6,91.5,14.99,100.56,53.96,67.05,29.46,29.35,92.34,171.0,34.0,40.77,68.78,243.53,32.71
1316,11/14/2018,43.95,41.94,99.93,76.42,88.64,124.87,162.02,107.77,27.21,30.81,48.23,401.98,216.03,28.54,32.92,36.21,78.99,80.71,88.92,69.19,27.09,86.45,202.49,14.46,44.07,19.71,18.8250585429781,18.22,47.49,146.36,45.04,86.83,43.85,165.29,95.92,64.8,134.13,92.85,16.37,51.3933333333333,46.86,70.34,26.92,50.52,94.54,123.04,54.0,52.15,33.6533333333333,159.79,47.85
1317,11/14/2019,54.18,54.19,132.02,92.3,110.8,159.32,198.35,120.93,32.7,27.23,48.42,484.59,219.36,37.89,52.63,37.57,108,69.56,96.64,84.81,29.78,100.14,219.43,14.69,61.62,17.28,18.3269598470363,18.87,50.09,218.86,49.3,105.34,48.61,163.11,105.82,72.95,149.02,92.81,16.44,59.2866666666667,43.38,72.25,36.73,54.6,120.91,133.95,58.57,53.49,45.64,189.75,49.5
1318,11/14/2022,68.71,60.24,124.76,185.77,129.04,320.55,291.32,154.13,37.76,26.46,43.58,741.15,308.91,55.64,101.41,40.3,108.93,72.33,111.57,105.93,36.05,110.64,382.36,14.96,72.31,19.11,35.2676864244742,19.0,55.49,293.6,73.79,165.29,89.81,165.85,90.61,122.98,163.29,108.23,22.91,121.84,76.47,79.0,37.75,46.05,125.5,182.7,43.85,46.87,68.62,232.4,53.31
1319,11/14/2023,81.82,64.21,163.07,244.14,131.65,342.44,333.32,156.91,29.22,23.94,46.45,697.35,354.25,73.2,102.59,26.58,102.2,44.18,107.01,85.67,26.68,118.26,338.72,10.82,74.87,13.7,34.81,11.92,66.44,351.17,62.41,198.09,78.31,123.3,73.84,159.53,126.66,94.28,15.92,103.22,54.79,68.94,30.3,30.98,97.02,168.7,36.15,42.08,68.47,242.34,35.37
1320,11/15/2018,44.27,42.69,99.98,77.37,89.29,126.66,163.06,109.6,27.9,31.58,49.22,406.88,217.38,28.82,32.5,36.58,79.45,81.96,89.16,70.72,27.6,86.52,203.74,14.78,43.98,20.06,19.030943634033,18.46,48.15,147.46,44.8,87.32,44.3,168.29,97.46,66.3,136.69,92.61,16.45,52.4666666666667,47.32,71.86,26.51,51.33,96.06,125.59,54.66,52.82,34.3022222222222,160.48,48.35
1321,11/15/2019,54.4,53.93,132.09,91.94,111.1,160.17,198.71,120.76,32.93,27.73,48.57,490.96,219.74,37.87,52.52,38,107.1,69.96,97.38,84.52,30.07,99.23,220.25,14.79,62.0,17.45,18.2504780114723,18.97,50.16,220.15,49.27,105.5,48.99,163.97,106.55,72.9,150.86,93.65,16.52,59.6,44.35,72.54,37.05,54.61,121.46,133.57,59.09,53.8,45.2333333333333,188.95,49.55
1322,11/15/2021,57.57,58.09,160.11,165.38,114.8,307.68,300.44,183.13,47.05,35.74,59.91,953.24,284.67,64.3,142.8,49.95,121.48,89.58,156.36,118.18,44.62,94.58,404.81,16.46,72.33,26.11,41.0038240917782,23.92,56.23,390.78,64.15,167.35,100.21,160.21,125.22,93.98,204.82,110.85,24.24,99.34,81.92,99.92,50.13,63.28,215.91,158.06,60.46,51.08,53.8933333333333,229.36,66.35
1323,11/15/2022,70.23,60.54,124.62,187.78,132.03,323.42,291.89,153.89,37.7,26.92,43.83,740.31,309.98,55.8,97.61,40.46,106.39,73.21,103.56,103.63,36.45,112.64,382.88,15.1,72.88,19.33,36.0133843212237,19.17,55.58,298.74,74.28,163.62,90.5,169.92,91.99,123.06,164.14,107.91,23.13,122.86,78.3,79.46,35.92,46.33,126.35,179.5,43.77,46.71,69.11,233.0,53.12
1324,11/15/2023,80.42,63.48,159.82,240.71,131.57,343.47,329.7,159.43,29.62,24.56,46.57,708.84,356.79,72.31,104.28,27.32,101.38,45.05,106,85.66,27.31,116.61,337.6,11.0,75.35,13.74,35.02,12.19,66.53,350.7,61.82,195.48,79.68,125.29,74.88,157.67,128.96,94.61,16.2,104.01,56.08,69.73,29.76,31.91,98.36,169.54,37.18,42.84,68.54,241.44,36.08
1325,11/16/2018,44.57,42.94,99.9,78.38,89.5,126.53,164.05,109.46,27.75,31.93,49.39,411,218.41,28.87,32.46,36.26,80.25,81.4,87.64,70.72,27.39,86.4,202.12,14.79,43.85,20.07,19.1562649938055,18.29,48.5,147.25,43.96,88.0,44.13,169.04,97.55,66.34,136.39,91.56,16.2,52.4933333333333,46.96,71.65,25.91,51.41,95.87,128.77,54.92,52.94,34.8666666666667,158.86,48.43
1326,11/16/2020,43.23,38.49,137.11,117.43,98.06,185.97,208.03,118.67,27.58,21.27,39.71,676.43,233.1,47.66,57.09,33.04,79.84,52.24,88.61,77.77,26.25,94.26,222.38,12.03,46.34,15.99,22.4952198852772,15.8,43.63,275.54,46.03,115.66,58.11,126.92,93.14,95.9,126.29,75.58,15.61,58.48,46.89,69.81,31.11,48.57,143.85,136.29,44.28,24.9,46.9866666666667,210.61,39.75
1327,11/16/2021,57.26,57.19,160.56,166.77,115.35,308.68,302.88,180.92,47.08,35.65,59.15,948.95,283.36,64.93,144.22,50.22,120.64,89.91,153.82,117.24,44.83,94.66,403.09,16.49,71.27,25.69,39.5411089866157,23.92,56.48,401.64,63.41,168.56,100.69,160.42,124.51,93.88,205.53,111.29,24.25,99.58,81.81,98.61,49.62,63.55,215.14,158.99,60.52,50.37,54.0733333333333,230.72,66.44
1328,11/16/2022,70.81,59.87,125.76,189.51,132.31,320.72,293.46,152.57,37.36,26.44,43.81,727.03,308.76,56.85,94.04,39.71,105.86,71.55,101.76,106.12,35.79,112.66,382.33,14.9,72.89,18.8,35.5449330783939,18.93,55.63,296.74,74.36,165.51,89.82,168.69,91.0,125.91,161.65,107.74,22.69,120.53,77.41,78.91,35.19,45.53,123.87,181.14,42.93,46.21,71.76,233.44,51.88
1329,11/16/2023,81.11,64.12,159.94,245.51,134.75,344.2,333.66,159.05,29.54,24.55,46.48,714.9,359.86,73.2,103.7,27.08,101.08,44.34,105.01,84.2,27.13,117.41,336.67,10.91,76.35,13.71,34.75,12.08,67.06,353.57,62.03,198.32,79.66,123.47,74.64,159.94,129.34,94.63,16.08,103.21,55.67,69.29,28.91,31.45,97.47,171.69,37.32,42.53,69.77,242.63,35.71
1330,11/17/2020,43,38.42,138.59,117.08,99.37,184.23,207.19,116.48,27.55,21.48,39.44,667.49,233.16,47.39,57.69,33.07,79.71,52.01,87.76,77.1,26.05,93.79,224.65,12.02,46.43,16.3,22.8393881453155,15.67,43.67,274.69,46.01,114.24,58.81,124.97,93.79,94.93,126.89,75.42,15.62,59.62,48.9,70.56,30.57,48.17,141.53,135.04,44.03,25.04,46.74,210.13,39.6
1331,11/17/2021,56.92,56.95,161.03,164.91,113.23,302.41,299.81,179.61,46.51,35,58.05,931.54,281.59,64.72,145.08,50.05,118.75,89.11,151.95,115.38,44.2,94.2,391.55,16.31,71.11,24.94,38.7571701720841,23.71,57.17,397.28,63.13,167.79,97.68,161.17,122.9,90.73,202.46,110.28,24.03,98.54,81.42,96.19,48.59,62.43,211.09,156.42,59.32,49.84,54.44,229.7,66.29
1332,11/17/2022,70.59,59.44,123.46,190.27,134.61,321.57,295.78,150.64,37.17,26.13,43.88,721.31,307.44,56.39,90.51,39.69,105.64,70.14,99.44,107.04,35.33,112.88,379.78,14.78,73.08,18.78,35.65965583174,18.67,56.03,289.8,74.89,165.65,88.95,167.89,90.89,128.02,158.8,106.79,22.35,119.56,77.9,74.51,35.45,45.12,122.77,182.93,42.77,45.99,71.94,231.5,50.76
1333,11/17/2023,81.77,64.48,161.28,245.45,134.19,347.83,329.74,162.56,29.98,24.27,47.2,716.86,358.93,73.01,104.96,27.77,100.89,45.23,107.68,86.38,27.56,118.3,339.19,11.08,76.54,13.84,35.02,12.32,67.0,356.67,62.55,197.86,80.28,126.73,75.38,157.57,130.26,95.75,16.41,104.32,56.78,70.19,29.88,31.97,97.79,171.82,37.64,42.96,70.21,242.03,36.07
1334,11/18/2019,54.39,54.15,132.67,91.78,111.51,158.26,197.9,119.66,32.96,27.73,48.73,491.74,219.35,37.81,52.36,38,107.86,69.18,97.2,84.15,29.85,99.53,219.73,14.73,62.03,17.37,18.9579349904398,18.97,50.27,221.38,49.12,106.24,49.03,162.97,106.58,71.23,151.71,93.14,16.58,59.6266666666667,44.18,73.4,37.11,55.01,121.36,134.29,59.56,54.0,45.6066666666667,187.85,49.31
1335,11/18/2020,42.86,38.55,135.62,115.45,100.07,183.33,203.36,114.24,26.98,21.32,38.74,669.89,230.07,46.99,57.81,32.51,79.5,50.85,85.61,76.08,25.7,92.46,224.3,11.87,45.88,16.01,22.3326959847036,15.51,43.07,272.62,45.71,112.0,58.81,121.89,92.69,94.45,129.3,75.77,15.41,59.3866666666667,47.7,69.18,30.08,47.45,139.79,134.37,43.26,25.06,45.94,205.7,38.94
1336,11/18/2021,55.9,56.12,160.24,162.81,113.06,303.17,294.83,176.21,46.32,34.82,57.77,922.77,280.63,64.14,146.85,50.14,118.7,89.31,152.99,115.51,44.14,93.15,391.37,16.17,70.5,24.54,38.4130019120459,23.67,56.69,395.04,62.66,167.5,97.68,159.42,121.4,90.72,200.91,109.25,23.9,97.89,81.72,95.24,48.35,61.87,209.97,156.03,58.65,49.9,54.5866666666667,228.44,66.22
1337,11/18/2022,70.94,59.82,124.95,194.33,132.74,328.7,301.32,152.5,37.19,26.15,44.56,720.61,310.76,56.94,91.68,40.41,106.86,69.9,98.96,107.26,35.63,113.72,379.2,14.89,73.69,18.94,35.9464627151052,18.61,56.62,292.33,75.5,167.5,89.2,170.61,92.32,128.36,161.16,107.33,22.49,121.59,79.81,75.59,35.89,45.66,122.07,184.56,43.38,46.5,73.33,232.73,50.68
1338,11/19/2018,45.37,43.3,99.37,78.32,88.45,125.96,165.58,108.25,27.75,32.22,50.12,407.78,217.94,28.92,31.8,35.95,80.71,80.66,87.73,69.98,27.37,86.99,198.22,14.84,43.83,20.11,19.030943634033,18.26,48.45,148.19,43.67,88.84,44.41,168.58,97.6,65.01,135.3,91.65,16.13,51.94,45.97,71.77,25.53,51.64,94.96,130.52,55.0,53.32,34.9066666666667,160.26,48.5
1339,11/19/2019,54.08,53.41,132.28,92.43,111.03,159.01,199.62,120,32.94,27.73,48.69,492.8,219.03,37.97,51.97,38.03,107.9,69.45,97.07,83.91,29.87,99.39,220.04,14.79,62.15,17.52,19.4741873804971,19.11,50.18,223.87,49.15,107.18,49.33,162.88,107.06,71.56,151.72,93.46,16.52,59.5,44.4,73.39,36.92,54.69,121.97,135.46,59.42,54.03,46.3666666666667,190.2,49.3
1340,11/19/2020,43.72,38.54,134.92,116.04,100.37,183.63,202.92,114.14,26.98,20.85,38.49,673.48,229.53,47.44,58.64,32.81,78.35,50.93,84.99,76.76,25.88,93.35,224.57,11.95,46.24,15.96,22.3709369024857,15.62,42.82,274.12,45.51,114.48,58.63,120.46,93.36,94.27,130.3,75.79,15.46,59.4666666666667,47.08,69.27,30.05,46.9,139.53,133.87,43.24,26.16,44.5733333333333,204.49,38.39
1341,11/19/2021,55.44,54.95,159.48,163.41,111.94,299.55,296.79,173.54,45.4,34.68,57.07,914.95,279.99,64.54,146.44,49.61,118.81,87.93,151.32,114.38,43.55,92.45,387.39,16.02,69.68,24.15,37.848948374761,23.37,55.63,387.42,61.15,169.32,96.91,157.37,120.61,90.3,199.36,106.53,23.69,98.14,80.17,94.75,47.88,60.64,210.54,152.53,57.59,48.82,53.5266666666667,232.8,65.41
1342,11/20/2018,44.29,43.06,97.03,77.15,88.09,122.21,161.67,106.09,27.38,31.88,49.38,402.92,210.71,28.43,30.99,35.23,79.79,78.88,86.01,68.24,26.9,85.67,191.34,14.57,44.07,19.88,18.5565127720369,17.83,47.43,145.85,42.84,86.3,43.1,168.27,95.57,64.38,133.08,89.87,15.83,49.78,44.53,71.19,25.32,50.94,92.0,128.37,54.11,52.54,34.7733333333333,156.35,47.38
1343,11/20/2019,54.13,52.93,132.46,93.1,110.4,158.38,201.53,119.3,32.69,27.33,48.88,488.81,217.48,38.09,51.62,38,107.93,69.29,96.51,82.86,29.76,100.09,217.91,14.66,61.9,17.19,19.4168260038241,19.08,50.35,223.91,48.94,107.16,49.1,162.97,106.3,70.53,151.78,93.12,16.41,59.3133333333333,44.75,73.01,36.56,54.41,120.93,135.43,59.11,53.54,46.48,190.15,48.89
1344,11/20/2020,43.85,38.61,133.89,115.55,100.18,179.8,198.67,112.58,26.81,20.59,37.88,672.71,227.01,47.18,58.65,32.28,77.4,50.44,83.58,74.8,25.29,93.29,223.35,11.75,45.77,15.72,22.1606118546845,15.33,42.41,272.94,45.87,112.98,57.81,118.09,91.39,93.14,128.9,75.65,15.11,59.0066666666667,46.61,67.95,29.45,46.21,137.46,134.55,42.66,25.48,43.6533333333333,199.4,38.28
1345,11/20/2023,81.17,64.36,162.03,246.56,134.64,349.48,331.2,163.85,30.01,24.2,47.12,720.92,361.33,73.44,106.45,27.58,100.78,44.77,107.15,86.95,27.67,118.0,339.45,11.07,76.34,13.96,34.9,12.25,67.49,361.11,62.51,198.67,79.7,126.94,75.85,159.35,130.34,94.28,16.3,103.9,56.56,69.95,29.82,32.04,98.83,172.1,37.63,42.79,69.65,241.9,35.78
1346,11/21/2018,44.39,43.86,98.13,76.46,88.07,123.64,161.07,106.5,27.27,32.27,49.96,407.62,210.86,28.28,32.43,35.5,79.54,79.05,86.44,68.81,26.8,86.1,192.6,14.42,44.35,20.13,18.7982039658839,18.05,47.3,150.76,42.99,85.24,43.73,167.83,96.0,63.69,132.71,91.04,15.82,50.7333333333333,44.87,72.09,25.66,50.42,94.51,127.76,53.68,52.43,34.6577777777778,156.73,47.11
1347,11/21/2019,53.87,52.21,132.29,92.1,110.2,158.05,198.8,118.8,32.84,27.25,48.57,484.98,216.63,37.73,51.66,38.11,106.09,69.06,96.77,82.92,29.78,100.34,218.23,14.69,61.63,17.07,19.6175908221797,19.1,50.45,224.14,48.97,107.12,48.84,163.04,106.81,70.09,151.69,93.56,16.49,58.7666666666667,48.03,73.01,36.77,54.18,120.03,134.69,59.49,53.56,45.1933333333333,189.93,49.14
1348,11/21/2022,71.37,60.11,126.5,195.75,134.26,325.68,301.7,152.81,37.31,26.12,44.65,723.7,311.2,58,89.85,40.64,106.83,70.81,101.31,108.14,35.81,115.09,380.21,14.94,73.63,18.91,35.4206500956023,18.75,56.81,291.94,75.89,169.87,89.08,169.52,92.81,129.81,162.66,106.98,22.51,123.05,80.0,76.61,36.3,46.13,121.0,185.55,43.39,46.84,74.17,236.93,50.81
1349,11/21/2023,81.9,64.97,164.79,248.9,134.96,347.96,325.93,162.29,29.66,23.68,46.93,724.64,361,74.11,105.78,26.88,101.57,43.76,105.78,85.94,27.36,119.6,334.97,10.9,77.32,13.75,34.64,12.01,68.09,363.8,62.25,199.05,78.47,125.45,75.56,161.81,127.97,94.22,15.96,104.27,55.99,69.05,29.47,31.58,97.0,175.06,37.01,42.6,71.14,242.97,34.31
1350,11/22/2019,53.99,53.3,131.82,91.74,110.04,159.77,199.58,119.06,33.18,27.32,48.8,485,217.96,37.85,51.26,38.59,105.75,69.91,98.1,83.87,30.1,100.94,220.28,14.86,61.59,17.33,19.8565965583174,19.26,50.65,222.95,49.6,107.93,49.25,164.91,107.13,70.83,152.85,94.94,16.67,58.94,48.2,73.92,36.9,54.67,121.02,135.13,60.05,54.28,45.3133333333333,189.76,49.96
1351,11/22/2021,55.86,56.94,163.34,164.8,113.55,301.31,298.53,170.9,46.28,34.5,58.21,919.33,284.97,65.28,144.39,50.27,119.87,89.28,153.21,116.17,44.16,92.81,396.16,16.2,70.63,24.32,38.2695984703633,23.63,56.7,384.57,62.51,169.27,99.32,161.37,123.19,92.05,204.15,107.48,24.05,98.64,81.92,97.25,48.35,62.12,207.18,156.87,58.98,50.34,55.0066666666667,233.44,66.25
1352,11/22/2022,71.99,60.88,127.18,197.23,133.87,330.42,303.79,154.58,37.49,26.48,45.24,733.45,315.76,57.93,87.8,41.39,108.04,72.13,101.55,108.21,36.33,116.28,383.87,15.15,74.75,19.19,35.9751434034417,18.9,57.1,294.36,76.92,170.82,89.67,171.67,93.74,130.09,164.98,108.56,22.66,123.52,81.26,76.59,36.52,46.42,124.43,187.13,43.91,47.11,74.16,239.12,51.26
1353,11/22/2023,82.43,64.97,163.94,250.99,136.09,350.52,328.98,163.79,29.63,23.88,47.22,727.14,361.8,74.54,106.78,26.76,102.04,43.63,106.77,86.47,27.19,120.37,338.64,10.87,77.75,13.85,34.91,12.03,68.5,364.55,62.97,200.17,78.49,125.07,76.15,162.61,127.95,95.12,16.04,104.9,55.93,69.88,29.68,31.49,97.76,176.08,36.83,42.78,71.07,244.47,34.41
1354,11/23/2018,44.47,43.37,97.34,76.67,87.73,123.61,161.25,105.74,26.97,32.58,49.86,406.61,207.07,28.46,33.18,35.19,78.81,78.37,85.63,68.51,26.71,86.06,189.1,14.47,44.1,20.26,18.6102219262251,17.94,46.97,150.19,42.8,84.86,43.08,167.25,96.29,62.95,132.62,89.67,15.96,51.0933333333333,44.08,71.89,25.56,50.37,94.65,126.6,53.52,51.83,34.5066666666667,155.98,47.02
1355,11/23/2020,44.45,39.77,135.33,115.41,101.31,183.76,203.18,116.09,27.39,21.26,38.55,682.87,229.54,46.51,59.11,33.25,77.63,51.95,87.28,78.12,26.01,94.63,228.83,12.18,46.34,16.33,22.3613766730402,15.66,43.53,270.84,47.17,113.28,60.27,118.84,93.56,92.93,133.65,76.84,15.39,60.32,48.24,70.56,30.63,46.98,139.37,134.63,43.09,26.3,43.48,203.92,39.56
1356,11/23/2021,56.8,58.9,164.7,164.78,114.9,303.97,297,170.85,47.5,34.69,59.01,935.43,288.56,65.81,145.52,50.84,120.94,90.57,156.29,119.37,44.84,94.63,406.34,16.4,72.5,24.46,38.6424474187381,23.97,57.4,386.61,63.36,169.05,101.86,161.85,124.64,94.52,209.09,110.19,24.59,100.71,82.94,98.2,49.71,62.91,208.37,160.26,60.07,51.4,56.3333333333333,235.1,67.61
1357,11/23/2022,72,60.96,127.04,197.32,134.35,332.6,304.24,153.93,37.61,26.55,45.49,736.32,316.18,58.63,88.52,41.56,108.8,71.75,101.63,108.66,36.33,116.77,386.25,15.17,75.53,19.31,36.0133843212237,18.92,57.31,297.96,76.72,170.49,89.93,171.87,93.83,131.09,166.5,107.06,22.74,120.37,81.41,77.05,36.84,46.43,124.4,188.01,44.11,47.33,74.38,241.31,51.52
1358,11/24/2020,46.13,40.98,136.08,116.42,104.88,192.67,207.93,120.39,28.98,22.37,40.69,699.3,233.92,46.45,59.83,35.06,79.56,54.59,91.36,81.6,27.26,97.52,237.5,12.93,47.53,17.13,22.7533460803059,16.75,44.89,271.58,48.67,115.1,63.6,123.67,97.61,88.63,140.11,79.85,16.09,62.64,49.79,73.42,31.97,48.97,143.94,136.39,45.4,28.61,43.8933333333333,209.0,41.86
1359,11/24/2021,57.01,57.89,161.92,166.42,114.7,302.46,298.72,171.61,47.63,34.44,58.92,930.72,287.28,66.34,148.23,51.04,119.82,90.51,155.86,119.5,44.6,93.56,399.19,16.35,71.52,24.41,38.2217973231358,23.96,56.85,392.51,62.63,169.78,101.12,161.47,124.34,95.64,208.63,109.33,24.58,102.5,83.14,98.26,49.77,62.89,207.7,158.97,59.84,51.31,55.6666666666667,236.13,67.49
1360,11/24/2023,82.94,65.21,165.8,252.92,136.61,351.42,330.02,164.42,29.73,23.82,47.35,730.1,362.68,74.53,107,26.87,102.68,43.76,106.57,86.77,27.25,121.33,339.15,10.88,78.15,13.81,35.04,12.04,69.3,362.38,63.55,200.93,78.65,125.62,76.36,163.72,128.7,95.74,16.05,105.47,56.43,70.38,29.83,31.78,98.28,177.54,37.2,42.92,71.83,244.28,34.35
1361,11/25/2019,54.3,53.31,132.25,91.87,110.64,161.78,200.48,120.6,33.47,27.98,49.33,491.86,219.06,37.96,52.47,38.74,105.94,70.51,99.86,85.18,30.33,101.37,222.75,14.91,61.85,17.75,20.0286806883365,19.42,50.8,225.74,49.95,108.0,49.96,166.02,107.46,71.5,153.4,93.67,16.84,59.7066666666667,49.31,75.3,37.33,55.2,122.58,135.03,59.82,54.21,45.44,193.13,50.17
1362,11/25/2020,45.61,40.12,135.58,116.07,103.95,190.19,208.07,120.58,29.03,22.32,40.37,703.61,233.13,45.86,60.48,34.7,78.53,53.3,89.9,79.29,26.68,96.65,236.54,12.69,46.58,17.03,22.6959847036329,16.51,44.37,276.57,47.76,115.23,63.48,122.3,96.88,89.4,140.65,78.73,15.75,62.3266666666667,49.75,72.24,31.38,48.51,145.04,136.02,44.68,28.59,43.3066666666667,209.44,40.95
1363,11/25/2022,72.5,61.08,128.49,199.29,135.42,332.41,307.08,154.15,37.7,26.77,45.67,737.78,317.43,59.26,90,41.91,109.83,71.85,101.72,108.73,36.48,117.3,388.86,15.24,75.97,19.41,36.434034416826,19.03,57.41,301.0,76.95,171.82,90.91,172.14,94.36,131.57,167.65,107.77,22.87,119.56,81.61,77.06,37.05,46.92,125.05,188.91,44.26,47.44,75.19,244.02,51.75
1364,11/26/2018,44.61,43.85,99.2,76.86,88.42,127.97,162.01,109.68,27.56,33.34,50.93,418.49,210.63,28.59,34.37,36.06,79.96,80.1,87.97,70.65,27.26,86.82,194.34,14.75,44.8,20.75,19.2815863535781,18.31,48.06,153.92,43.79,85.9,44.28,170.07,98.44,63.23,135.55,91.83,16.34,52.7733333333333,45.09,73.92,25.95,51.12,95.96,130.34,54.16,52.88,34.8266666666667,157.33,48.07
1365,11/26/2019,54.73,53.17,133.55,92.53,112.62,161.02,203.23,119.79,33.35,27.72,48.78,490.89,218.9,37.89,53.36,38.49,107.28,70.31,99.22,84.73,30.23,102.35,222.45,14.77,62.59,17.55,20.038240917782,19.29,50.55,226.73,49.77,108.18,49.41,165.74,106.74,72.94,152.89,93.83,16.59,59.68,49.24,74.29,37.39,54.43,122.83,136.68,59.92,53.81,46.1666666666667,194.82,49.66
1366,11/26/2021,55.57,56.05,157.31,163.14,115.12,291.74,294.11,156.82,45.76,33.14,56.75,901.64,283.09,64.76,143.81,48.56,117.27,85.26,149.16,114.57,42.48,89.08,389.39,15.37,69.25,23.13,37.3613766730401,22.9,55.07,384.09,60.1,166.41,97.93,153.99,118.89,94.59,200.1,105.1,23.47,98.54,79.15,93.35,47.68,60.08,202.64,153.66,57.5,48.43,53.6466666666667,228.99,64.17
1367,11/27/2018,44.55,43.43,97.98,76.93,87.5,126.18,161.48,110.11,27.74,33.39,51.37,417.16,212.53,28.28,33.82,36.05,79.97,79.33,88.19,70.89,27.06,85.12,193.65,14.63,44.12,20.47,19.263683302182,18.13,47.55,152.71,44.01,85.86,44.05,167.44,97.45,61.89,133.9,91.89,16.26,51.28,45.33,72.7,26.08,50.95,94.87,129.61,53.72,53.19,34.4533333333333,157.03,47.92
1368,11/27/2019,54.82,52.89,133.3,93.3,112.02,163.39,204.27,120.33,33.42,27.88,48.96,494.21,220.5,37.96,54.24,38.65,107.4,70.94,100.25,85.12,30.29,103.13,222.95,14.92,62.52,17.7,20.1051625239006,19.45,51.02,226.53,49.91,108.35,49.78,166.78,107.69,73.14,153.29,93.92,16.74,60.32,49.84,75.33,37.38,54.92,123.71,136.84,60.19,54.34,46.1133333333333,196.35,50.07
1369,11/27/2020,45.28,39.71,133.79,115.86,104.14,190.75,206.58,120.59,28.99,22.27,39.95,715.11,231.55,45.62,60.53,34.14,77.81,51.49,87.76,78.87,26.28,96.02,235.4,12.46,45.83,17.01,22.5334608030593,16.33,43.41,277.22,47.45,114.36,63.84,120.98,96.14,88.43,139.79,78.09,15.62,61.8066666666667,49.7,71.59,31.09,48.5,145.63,134.44,44.21,28.46,42.94,209.55,39.46
1370,11/27/2023,82.97,65.25,168.38,252.3,137.47,349.47,327.54,164.04,29.56,23.71,47,730.68,361.34,74.97,106.75,26.4,102.5,43.28,106.18,85.44,27.19,121.11,337.71,10.8,78.43,13.77,34.67,11.76,69.18,361.3,63.22,200.24,77.95,124.73,76.23,164.41,128.85,95.82,15.97,105.3,56.0,69.74,29.39,31.44,97.17,178.61,36.79,43.02,71.8,245.04,34.4
1371,11/28/2018,45.36,44.32,98.19,78.09,89.16,132.34,163.99,112.89,28.43,33.54,51.61,427.27,217.5,28.85,34.1,36.43,81.55,79.96,90.41,72.05,27.42,87.89,198.35,14.68,44.91,20.68,19.702308061386,18.36,48.73,158.71,45.09,87.33,45.31,168.45,99.08,64.25,134.21,94.28,16.43,51.7533333333333,45.66,74.38,26.42,50.93,98.34,130.7,54.29,54.35,34.9555555555556,159.49,48.31
1372,11/28/2022,70.99,60.74,125.22,196.43,132.72,325.75,305.27,150.87,36.86,26.02,44.8,721.17,313.27,57.89,88.1,41.12,107.39,70.13,99.58,106.85,35.59,116.13,382.36,15.05,75.06,18.69,35.697896749522,18.33,56.77,291.89,75.73,168.38,89.89,169.52,91.2,130.02,162.61,105.55,22.54,115.85,79.83,73.52,36.42,45.32,121.13,186.32,43.74,46.98,74.79,239.57,50.23
1373,11/28/2023,82.18,64.64,164.01,246.74,136.43,345.54,323.15,165.66,29.53,23.97,47.1,736.76,360.05,73.42,107.64,26.58,100.69,43.58,108.58,87.22,27.43,120.28,337.65,10.91,77.19,13.77,34.63,11.93,68.64,361.18,63.19,197.26,76.88,125.25,76.7,163.26,129.59,95.89,16.0,102.73,55.81,70.11,30.89,31.56,98.39,176.84,37.04,43.37,71.15,241.67,34.55
1374,11/29/2018,45.4,43.44,97.8,78.03,88.48,127.58,163.68,111.31,28.04,33.5,50.68,422.94,217.7,29.04,33.75,36.03,81.48,78.99,88.87,71.22,27.54,87.32,194.85,14.5,44.28,20.25,19.6665019585938,18.14,47.98,156.64,44.39,87.17,44.51,168.69,97.0,65.19,133.65,92.91,16.21,50.8466666666667,44.16,72.37,25.97,50.6,97.87,130.63,54.04,54.04,34.8666666666667,158.49,48.21
1375,11/29/2019,54.84,52.66,132.87,93.27,111.35,163.87,203.61,120.12,33.32,27.49,48.97,494.91,220.3,37.74,54.22,38.46,107.05,70.41,100.01,84.87,30.19,102.76,221.35,14.89,61.86,17.56,19.980879541109,19.39,50.9,226.67,49.91,108.07,49.48,164.74,107.24,73.05,153.21,93.62,16.64,59.88,49.5,75.1,37.41,54.72,123.56,136.72,60.03,54.46,45.3333333333333,196.44,49.78
1376,11/29/2021,55.7,54.95,156.04,164.81,113.14,293.71,296.69,157.86,45.59,33.75,57.01,928,282.12,65.41,148.88,48.78,118.46,85.32,147.02,113.32,42.99,88.47,386.54,15.37,68.61,23.24,36.6826003824092,22.83,55.11,397.27,59.89,167.03,97.23,152.16,119.94,94.97,200.88,105.03,23.54,100.57,80.1,93.19,47.12,61.06,207.02,152.4,57.4,49.16,52.98,230.39,64.91
1377,11/29/2022,70.88,61.44,126.39,195.68,133.38,324.48,302.73,154.42,37,26.3,44.84,714,315.13,57.36,88.21,41.79,108.13,71,102.08,108.55,36,117.3,383.71,15.3,75.83,18.84,35.678776290631,18.57,57.78,289.53,76.07,168.68,91.08,170.92,91.76,131.12,164.37,106.59,22.91,115.37,80.39,73.93,37.28,45.91,120.5,187.21,44.59,47.57,75.04,238.5,51.03
1378,11/29/2023,81.63,64.83,163.8,245.02,135.49,348.35,322.1,167.43,30.31,24.59,47.55,747.3,358.69,72.97,111.37,27.24,100.66,45.08,110.13,88.89,28.41,120.26,340.26,11.13,76.98,14.28,35.19,12.44,68.51,361.89,63.16,196.33,78.55,127.73,78.28,163.0,132.38,96.6,16.47,103.75,59.61,71.74,31.22,32.13,99.16,177.44,37.79,43.78,70.57,240.77,35.44
1379,11/30/2018,45.74,43.25,97.24,77.07,89.19,129.75,165.11,112.27,28.4,33.89,51.31,428.01,218.24,29.02,33.73,36.36,81.73,79.18,89.68,71.3,27.93,86.41,190.69,14.59,44.19,20.35,19.5590836502173,18.34,48.06,159.07,44.63,88.7,44.39,169.01,99.23,66.29,135.78,93.76,16.45,53.1533333333333,44.8,73.02,25.98,51.1,99.36,130.37,54.46,54.28,35.0133333333333,159.45,48.66
1380,11/30/2020,43.93,38.44,129.12,115.41,102.35,185.24,204.89,118.59,28.16,21.99,39.12,698.35,228.91,45.03,59.55,32.66,76.35,49.2,85.64,76.17,25.34,93.1,230.58,12.08,44.2,16.23,21.7304015296367,15.46,41.91,282.34,46.17,114.64,61.83,116.49,93.12,87.11,138.07,75.62,15.27,60.6333333333333,48.78,70.48,30.47,46.42,143.41,129.65,43.21,27.35,43.42,208.19,38.59
1381,11/30/2021,54.14,52.6,152.1,162.9,108.72,289.6,295.77,152.3,44.47,32.4,54.79,904.61,276.69,64.41,141.45,47.27,113.9,82.53,140.53,107.85,42.15,86.54,380.99,14.84,66.1,22.33,35.9273422562141,22.44,53.46,390.64,58.66,164.02,94.82,146.61,115.7,92.94,197.0,102.26,22.75,98.29,77.39,88.97,44.79,59.31,199.95,146.95,55.34,47.78,51.0933333333333,225.84,63.08
1382,11/30/2022,71.93,63.11,128.22,199.11,133.9,331.95,308.28,157.59,37.85,26.81,45.9,716,318.6,59.59,91.53,42.38,110.96,71.74,103.24,108.36,36.36,119.96,386.15,15.48,76.37,19.11,36.3193116634799,18.81,58.15,298.27,76.7,173.18,93.07,170.02,93.11,132.15,168.26,108.03,23.21,116.9,82.54,79.67,37.58,46.81,124.91,189.81,45.39,47.95,76.28,246.16,51.82
1383,11/30/2023,82.71,65.81,168.02,249,137.87,353.51,328.49,170.77,30.49,24.8,48.32,751.23,360,74.74,112.37,27.27,102.79,45.22,111.66,93,28.95,123.13,341.54,11.26,78.16,14.27,35.44,12.39,70.29,364.96,63.63,199.42,79.34,128.17,79.25,164.03,133.96,97.78,16.68,105.15,61.32,72.82,32.36,32.14,100.13,180.62,38.12,44.59,72.55,246.3,35.63
1384,12/01/2020,44.7,39.31,131.36,116.71,104.29,190.25,210.69,119.93,28.69,22.36,39.46,715.23,229.68,45.61,60.42,33.62,80,51.16,89.7,80.15,26.2,94.44,232.08,12.5,45.43,16.46,22.2848948374761,15.84,42.56,279.2,46.91,116.34,63.28,120.89,93.27,89.16,140.72,77.11,15.87,61.9933333333333,50.02,72.26,31.47,47.52,145.5,133.41,44.25,28.06,45.0266666666667,214.09,40.07
1385,12/01/2021,53.67,51.72,149.27,162.33,107.13,284.94,291.11,150.06,43.84,31.82,54.14,900.33,275,63.69,137.65,46.52,112.85,80.65,138.37,106.13,41.74,85.26,376.48,14.66,64.97,21.97,35.8795411089866,22.06,53.43,380.27,57.11,163.74,95.26,144.04,114.14,93.13,195.45,100.05,22.15,94.91,76.53,88.62,43.76,58.35,196.03,145.48,54.85,47.21,50.4733333333333,227.0,62.37
1386,12/01/2022,71.91,63.1,128.01,199.72,132.01,330.93,303.07,157.5,36.55,27.28,45.76,722.18,315.84,58.92,85.04,41.98,111.12,71.61,99.32,106.53,35.77,120.41,383.81,15.59,75.63,19.43,36.3479923518164,18.72,58.04,306.08,76.65,173.03,93.0,168.32,93.63,131.26,164.8,107.73,22.99,117.41,81.73,78.72,35.94,46.22,127.09,189.14,45.35,46.87,75.31,246.61,51.99
1387,12/01/2023,82.61,65.97,168.3,248,137.68,356.29,326.77,173.76,30.96,25.63,48.71,756.35,357.07,74.14,114.28,28.52,102.65,48.2,113.93,95.62,30.58,123.34,348.43,11.74,77.82,14.86,36.36,13.22,70.01,371.05,63.76,197.4,80.89,132.71,80.28,162.46,139.0,97.74,17.57,107.92,63.16,73.92,33.83,33.27,102.45,181.98,39.38,45.02,73.26,245.41,38.32
1388,12/02/2019,52.68,51.66,131.71,92.23,111.14,162.56,201.6,117.26,33.43,26.98,49.13,489.7,220.33,37.63,52.9,38.31,105.63,70.1,99.23,84.06,30.11,102.41,217.64,14.83,61.45,17.29,20.0478011472275,19.06,50.17,225.2,49.35,106.93,49.08,164.61,106.52,71.65,151.98,92.94,16.61,58.84,49.57,75.38,37.14,54.41,122.26,135.26,59.76,53.62,45.5733333333333,195.22,49.5
1389,12/02/2020,45.31,39.73,131.58,116.43,103.68,193.44,209.08,122.33,29.06,22.49,39.99,718.36,230.42,45.07,61.6,34.36,79.93,52.02,91.39,81.69,26.59,95.13,237.65,12.83,45.46,16.76,22.5239005736138,15.95,42.57,277.97,47.71,116.02,64.02,123.01,93.9,89.2,141.38,78.68,16.17,63.1333333333333,50.86,74.06,32.33,47.56,146.51,134.04,44.68,28.87,44.8533333333333,212.49,41.6
1390,12/02/2021,55.25,53.96,152.95,166.52,109.68,295.78,297.3,156.77,44.89,32.64,56.15,918.85,279.09,65.87,141.24,48.07,117.72,84.62,143.36,110.09,43.94,88.92,387.54,15.23,67.06,22.75,37.2275334608031,22.83,55.07,389.15,59.33,168.47,98.86,150.72,118.68,96.0,201.85,103.42,22.63,98.07,80.12,92.39,45.64,60.38,201.72,150.16,56.6,48.91,52.5666666666667,231.97,64.05
1391,12/02/2022,72.34,62.75,128.48,201.26,130.85,330.18,306.78,156.75,36.08,27.25,45.22,712.98,316.15,59.52,85.16,41.7,110.41,70.12,97.69,105.4,35.25,121.14,380.58,15.46,75.84,19.09,36.0707456978967,18.55,57.67,301.73,76.91,173.91,92.1,169.1,91.66,132.51,164.23,107.68,23.16,119.16,82.46,77.72,35.3,45.06,126.01,189.54,45.64,45.94,75.67,247.56,52.25
1392,12/03/2018,46.07,43.18,97.3,77.96,88.76,130.96,164.97,112.36,28.54,34.27,50.64,434.87,220.81,29.08,34.85,36.55,82.64,79.78,90.47,71.69,27.88,86.55,191.63,14.48,43.76,20.65,19.3531985591624,18.44,48.5,158.2,44.82,89.1,45.41,168.56,98.97,66.81,135.9,94.26,16.63,53.22,45.46,73.15,25.81,50.73,99.58,130.11,54.4,54.24,34.7644444444444,161.14,48.39
1393,12/03/2019,51.73,51.17,128.5,91.35,109.44,159.98,199.99,116.57,32.84,26.38,48.12,485.76,218.08,37.6,53,37.76,104.39,68.95,98.17,82.96,29.49,100.73,212.24,14.65,60.3,16.69,19.8279158699809,18.77,48.5,224.8,48.35,106.03,48.11,161.77,105.31,70.65,149.74,90.38,16.42,58.6666666666667,48.66,73.61,36.82,53.21,120.79,134.62,58.93,52.58,45.3466666666667,192.52,48.57
1394,12/03/2020,45.69,39.84,132.18,115.77,103.83,194.71,210.18,123.12,28.91,22.96,40.12,715.42,231.02,44.61,61.4,34.59,81.7,52.77,91.28,80.84,26.83,94.95,235.47,12.98,45.84,17.8,22.4091778202677,15.96,42.62,279.88,47.71,116.54,64.06,124.83,92.99,88.3,141.25,78.87,16.03,62.9,51.07,73.88,32.35,47.41,150.07,135.09,44.97,29.16,44.6333333333333,212.82,42.42
1395,12/03/2021,54.28,53.32,152.23,165.48,108.32,290.2,292.89,155.94,43.87,31.89,54.88,899.57,277.43,65.21,135.25,46.35,115.88,81.91,141.9,108.67,43.05,88.91,382.73,14.94,66.64,22.43,36.434034416826,22.41,54.87,384.78,59.42,167.79,98.21,146.96,116.66,95.22,197.73,102.73,21.9,95.71,78.47,90.01,45.28,58.48,195.6,149.16,55.59,47.75,51.8133333333333,230.84,61.91
1396,12/04/2018,44.29,40.77,95.41,76.11,86.4,121.43,162.72,107.64,26.99,33.27,48.7,408.75,210.12,28.59,32.71,34.44,81.51,76.4,84.89,66.38,26.08,82.22,184.31,13.68,42.82,19.53,18.0015181787584,17.45,46.97,152.45,42.42,86.78,43.12,161.09,94.37,64.63,129.51,89.18,15.59,50.8333333333333,43.01,67.81,24.9,48.37,95.27,126.69,52.6,51.78,34.0577777777778,157.31,45.89
1397,12/04/2019,52.33,51.11,129.1,92.58,110.14,162.04,202.21,117.94,33.15,26.47,48.78,486.69,218.4,37.64,53.1,38.36,104.55,70.12,99.25,83.63,29.67,101.62,215.94,14.85,60.8,16.76,19.980879541109,19.09,48.88,226.8,48.66,107.12,48.84,164.0,106.34,71.84,151.35,90.76,16.68,59.1933333333333,49.03,74.57,37.48,53.31,121.72,135.17,59.31,53.24,45.4866666666667,193.28,49.11
1398,12/04/2020,46.29,40.69,132.58,116.02,104.36,196.28,211.6,125.04,29.29,23.71,40.65,703.47,231.35,44.81,62.04,35.43,82.96,54.17,92.24,82.7,27.4,96.46,239.58,13.11,46.49,17.79,22.7055449330784,16.12,43.35,285.66,48.47,117.32,65.0,128.02,94.81,89.52,142.53,81.29,16.17,63.8866666666667,50.99,76.38,32.97,48.23,152.53,136.16,45.37,29.55,45.06,214.49,44.02
1399,12/04/2023,82.73,66,171.43,247.55,138.64,353.74,326.11,173.25,30.82,25.67,48.68,756.43,356.66,74.5,115.54,28.65,103.77,49.45,114.94,94.74,30.66,124.57,349.39,11.78,78.63,15.03,36.83,13.44,70.72,373.94,64.55,197.35,81.21,134.39,80.77,163.41,140.79,98.36,17.64,106.91,62.64,74.1,33.97,33.28,102.01,183.19,39.49,45.12,73.65,244.0,38.68
1400,12/05/2018,46.07,43.18,,77.96,88.76,130.96,,112.36,28.54,34.27,50.64,434.87,220.81,,34.85,36.55,,,90.47,71.69,27.88,,191.63,14.48,43.76,20.65,,18.44,48.5,158.2,44.82,89.1,45.41,168.56,,66.81,135.9,94.26,16.63,53.22,45.46,73.15,25.81,50.73,99.58,130.11,54.4,54.24,,,48.39
1401,12/05/2019,52.72,51.14,130.41,92.9,109.54,162.78,203.45,118.28,33.09,26.46,49.27,490.3,219.6,38.14,53.52,38.56,104.7,70.56,99.57,83.13,29.87,102.09,217.14,14.89,60.52,16.61,20.057361376673,19.3,49.15,229.36,48.93,107.37,49.07,165.06,107.83,72.44,152.2,91.01,16.68,59.94,48.74,75.36,37.49,53.49,123.0,134.31,59.6,53.23,46.4733333333333,193.92,49.3
1402,12/05/2022,71.04,61.53,129.55,196.83,128.44,321.17,308.74,156.08,34.47,27.11,44.04,712.76,310.57,59.05,81.97,39.48,107.87,66.52,95.02,103.51,32.95,118.79,371.54,14.89,74.68,18.59,34.5028680688337,17.45,56.33,291.3,75.4,171.67,89.81,161.31,89.43,131.26,153.11,104.74,21.98,116.17,81.24,76.24,34.39,42.59,123.63,187.21,43.91,43.66,74.33,246.66,48.42
1403,12/05/2023,82.61,65.9,171.37,244.79,138.68,352.56,322.25,170.68,30.58,25.3,48.43,754.3,355.03,74.05,115.28,29.06,103.17,47.83,115.32,99.08,30.11,123.93,341.75,11.64,78.97,15.0,36.64,12.94,70.34,375.66,63.97,196.35,80.17,132.11,80.76,163.53,138.66,98.04,17.0,105.18,62.23,73.22,33.98,33.15,100.55,183.66,39.4,44.49,73.21,242.97,37.39
1404,12/06/2018,43.55,39.41,92.23,75.06,85.09,119.33,160.56,108.25,26.28,32.53,47.84,400.23,207.96,27.92,32.1,33.78,80.55,75.15,84.61,66.49,25.96,81,184.09,13.63,42.35,18.87,17.5091842653662,17.11,46.92,149.84,41.17,85.23,42.61,161.3,90.94,64.83,129.31,87.34,15.3,51.6533333333333,42.6,65.9,25.14,48.14,94.86,125.41,52.34,51.09,33.9466666666667,156.1,45.89
1405,12/06/2019,52.99,51.86,131.58,93.75,111.1,164.9,205.99,120.61,33.67,27,49.64,495.76,222.61,38.37,53.92,39.03,105.37,71.37,101.38,84.31,30.25,103.3,224.61,15.21,60.84,16.79,20.2963671128107,19.66,50.16,231.77,49.5,108.25,49.8,166.23,108.94,72.98,153.81,92.29,17.04,60.3666666666667,48.95,77.02,37.76,54.24,123.9,135.72,60.14,54.37,46.7266666666667,195.39,49.71
1406,12/06/2021,55.72,54.77,154.67,167.45,109.78,293.64,297.48,160.68,44.15,32.33,55.43,896.7,281.38,65.89,134.72,47.56,116.29,83.76,145.94,111.9,43.58,91.44,389.3,15.25,67.67,22.77,36.9789674952199,23.06,56.22,385.41,59.67,170.46,99.27,151.68,118.54,96.79,199.96,104.2,22.44,97.84,80.37,93.61,46.34,59.5,197.33,151.82,56.88,48.81,52.4733333333333,232.5,63.87
1407,12/06/2022,71.09,61.69,129.31,195.98,130.31,321.8,307.96,154.7,33,26.6,42.84,710.29,307.78,57.97,78.73,39.32,106.94,65.65,94.03,103.87,32.24,119.21,362.91,14.68,75.04,18.51,34.3307839388145,17.16,57.12,292.6,75.28,171.95,87.51,160.35,88.57,130.97,151.86,103.29,21.6,116.07,80.59,74.36,34.64,41.89,121.33,188.5,42.94,43.4,75.41,246.8,47.14
1408,12/06/2023,81.73,65.37,169.88,242.5,138.49,350.14,319.58,167.51,30.53,25.47,47.52,743.07,352.38,73.92,112.11,28.76,101.54,47.62,113.77,100.7,30.26,123.12,341.97,11.7,78.39,15.0,36.21,12.96,69.48,373.43,63.54,195.43,79.41,130.83,80.67,161.49,139.36,97.93,17.1,105.08,62.16,71.44,34.3,33.04,99.87,183.13,39.08,44.5,72.07,241.5,37.15
1409,12/07/2018,43.25,37.9,91.03,74.52,83.81,115.82,158.73,106.68,25.43,32.24,47.71,393.1,204.88,27.59,31.42,33.01,80.14,74.03,82.67,64.84,25.59,80.25,179.67,13.42,41.63,18.52,17.025801877672,16.73,45.78,145.78,40.63,84.77,41.32,157.87,88.93,63.42,126.56,85.87,14.9,50.2533333333333,41.47,65.04,25.36,47.66,93.28,123.56,51.76,50.26,33.6577777777778,156.5,45.11
1410,12/07/2020,45.17,39.79,131.33,116,103.41,194.44,207.2,123.94,29.09,23.57,40.34,709.49,229.24,44.61,61.98,35.31,80.18,53.2,92.97,82.45,27.38,94.88,238.45,13.01,45.54,18.02,22.4665391969407,15.87,42.76,283.1,47.58,116.06,64.26,127.2,94.42,90.25,141.81,79.98,15.97,63.0066666666667,50.76,75.96,32.57,47.86,151.3,133.9,44.8,29.34,43.4733333333333,209.45,42.91
1411,12/07/2021,56.71,55.19,155.98,169.68,110.24,301.58,300.71,166.95,44.71,32.98,56.13,920.92,284.97,67.05,139.33,48.33,117.76,85.56,148.58,114.38,44.08,91.84,400.11,15.49,68.25,23.39,37.7629063097514,23.21,56.85,398.4,60.53,172.58,102.5,152.71,120.17,96.81,203.3,105.75,22.87,98.9,81.31,94.9,47.59,60.58,204.22,153.09,57.69,50.25,53.18,231.61,64.44
1412,12/07/2022,71.2,62.03,129.05,193.96,130.11,322,304.14,154.77,32.74,26.78,44.61,709.16,305.82,57.32,77.64,39.5,104.8,65.41,93.23,103.74,32.97,119.13,359.92,14.67,74.56,18.36,33.9866156787763,17.26,56.24,290.68,74.59,171.24,87.28,147.97,87.72,130.48,155.1,102.63,21.59,113.91,80.19,80.45,34.63,41.84,121.25,188.05,43.56,42.45,74.65,244.19,47.05
1413,12/07/2023,82,65.41,167.68,241.05,139.02,352.73,321.69,168.62,30.66,25.68,48.43,745.44,352.7,73.78,113.86,29.16,102.61,49.24,115.38,102.33,30.81,122.25,344.62,11.86,78.29,15.13,36.43,13.11,68.82,372.63,63.46,195.45,80.35,132.78,79.86,161.71,139.77,99.66,17.25,105.37,62.96,73.18,34.9,33.96,99.94,181.91,39.73,45.4,70.9,242.72,38.38
1414,12/08/2020,45.24,39.52,131.93,116.9,105.45,192.51,209.59,123.52,28.93,23.96,40.78,713.92,228.19,45.33,62.45,35.59,81.26,52.63,92.64,81.95,27.26,94.55,238.84,12.9,46.2,18.07,22.1032504780115,15.96,43.37,278.81,47.52,116.7,63.91,126.15,94.63,92.84,141.43,80.25,15.95,61.9533333333333,50.55,75.84,32.39,47.71,153.17,135.26,44.98,28.94,43.4066666666667,210.86,42.96
1415,12/08/2021,56.73,54.97,155.73,169.24,109.02,300.58,300.94,168.93,44.16,33.35,56.32,923.86,283.72,67.68,135.34,47.6,117.21,84.58,148.81,113.58,43.96,92.11,397.32,15.42,68.51,23.61,36.8833652007648,23.1,56.79,398.06,60.62,172.91,101.25,151.95,119.12,95.12,202.09,105.71,22.64,98.81,81.2,92.91,47.31,59.76,203.67,153.68,57.04,49.41,53.2666666666667,235.0,63.36
1416,12/08/2022,70.32,62.26,130.03,195.03,130.03,323.09,306.57,154.12,32.44,26.87,44.59,703.44,305.99,57.77,79.05,39.58,106.21,65.18,93.58,102.93,32.82,117.61,358.08,14.62,74.85,18.51,34.2351816443595,17.18,56.38,289.86,73.61,172.2,88.69,150.12,87.12,131.18,154.34,101.6,22.06,113.66,80.25,78.12,34.92,42.06,122.26,187.72,43.56,42.58,74.44,245.75,47.38
1417,12/08/2023,82.55,65.53,167.68,240.96,139.32,357.58,324.1,168.43,30.96,25.57,49.06,744.73,353.08,74.15,112.57,29.61,102.8,49.97,118.09,103.3,31.25,122.36,350.83,11.99,78.28,15.21,36.89,13.26,68.84,374.61,64.09,195.67,82.28,132.65,80.39,161.17,140.67,100.87,17.44,107.05,64.07,73.97,35.29,34.33,98.44,181.26,40.43,46.1,71.33,242.66,38.93
1418,12/09/2019,53.05,51.58,130.93,94.15,111.32,164.82,205.51,120.46,33.51,27.02,49.7,497.07,221.38,38.22,54.14,38.95,106.26,70.75,102.21,84.21,30.23,103.91,221.81,15.28,61.04,16.66,20.0764818355641,19.64,50.33,230.55,49.57,108.34,49.6,166.74,109.14,73.34,153.7,92.8,17.07,59.6466666666667,48.95,77.67,37.56,54.72,124.5,135.45,60.0,53.92,46.7666666666667,194.79,49.66
1419,12/09/2020,45.12,39.94,131.18,117.48,105.19,193.24,207.05,121.69,28.8,23.98,40.79,701.68,227.51,45.23,62.39,35.81,81.33,52.42,94.92,83.19,27.73,94.36,242.82,12.91,47.57,17.7,22.6864244741874,16.05,43.16,275.32,47.64,115.9,64.37,128.14,93.22,93.6,143.28,80.23,15.87,61.7066666666667,50.55,72.76,32.35,47.88,151.57,134.91,45.85,29.05,43.38,207.57,42.72
1420,12/09/2021,57.37,54.81,155.72,167.68,107.67,297.35,295.5,168.02,44.49,33.26,57.08,919.08,284.52,67.06,133.99,47.37,115.14,83.84,149.17,115.29,43.75,91.67,396.49,15.43,68.23,23.21,36.6443594646272,22.99,56.64,393.4,60.88,171.05,100.58,152.24,118.93,95.25,200.73,106.53,22.29,97.94,80.66,93.98,47.89,59.62,199.41,153.49,57.21,49.69,53.1866666666667,232.35,63.01
1421,12/09/2022,69.96,62.51,130.36,191.83,128.55,321.04,305.68,153.9,32.38,26.59,44.71,706.95,306.39,57.5,78.48,39.82,105.91,65.94,94.41,103,32.89,116.52,359.14,14.55,74.64,18.35,34.1586998087954,17.42,56.48,287.97,72.19,171.06,89.47,151.38,87.86,129.38,154.08,101.37,22.02,113.46,79.82,79.03,35.11,42.08,119.83,185.65,43.11,42.5,73.56,244.53,47.49
1422,12/10/2018,43.04,37.51,90.65,74.54,83.28,112.46,157.73,105.79,24.76,32.05,47.56,393.26,203.26,27.53,30.49,32.05,79.39,72.18,82.45,64.74,24.86,78.92,178.83,13.02,41.57,17.95,16.6856439011465,16.0,45.14,145.75,39.61,84.57,40.71,155.35,88.2,63.65,124.26,83.3,14.39,50.3866666666667,41.1,64.03,24.96,46.95,92.45,123.0,50.58,48.8,33.4266666666667,154.61,44.23
1423,12/10/2019,53.16,51.08,130.04,93.88,110.74,165.21,205.2,120.9,33.53,25.84,49.84,494.03,221.26,37.96,54.41,39.33,105.71,69.91,102.42,84.86,30.44,104.35,221.88,15.37,61.17,16.85,20.0764818355641,19.71,50.07,231.05,49.29,108.7,49.67,167.04,108.76,72.85,155.6,92.45,17.0,59.6533333333333,49.19,77.83,37.42,55.12,122.35,135.54,59.95,53.69,46.6133333333333,194.59,49.91
1424,12/10/2020,45.35,39.71,132.52,119.51,105.42,192.85,206.24,121.84,29.11,24.26,41.36,698.41,227.35,44.88,62.85,36,80.97,53.06,94.67,84.16,27.78,94.88,244.4,13.03,47.4,17.51,22.6481835564054,16.08,43.66,273.98,47.55,115.37,64.44,127.98,91.72,94.2,143.99,79.96,15.85,61.7666666666667,50.1,71.73,32.98,47.95,149.34,136.71,46.12,29.49,43.2266666666667,206.82,42.64
1425,12/10/2021,57.84,54.39,155,169.6,108.02,297.81,293.74,167.03,44.52,34.05,56.73,925.16,288.23,67.21,133.8,47.4,116.38,84.53,150.41,116.77,43.76,91.92,391.06,15.27,68.15,23.14,36.6156787762906,23.01,57.1,397.75,60.63,171.8,98.43,152.21,118.35,95.06,201.56,107.04,22.23,97.6,80.81,93.51,47.87,59.39,196.17,154.25,57.77,50.2,53.96,233.77,63.21
1426,12/11/2018,42.64,36.59,90.01,74.92,82.49,111.62,155.75,105.4,24.58,31.54,47.67,385.66,202.28,27.35,30.52,31.68,79.14,71.35,81.36,63.67,24.59,78.05,176.8,12.76,41.34,17.4,16.57822559277,15.92,44.86,145.41,39.23,83.48,40.62,153.56,87.2,63.47,122.46,82.14,14.16,49.98,41.25,63.09,24.4,46.56,92.03,120.97,50.12,47.76,33.2888888888889,154.9,43.45
1427,12/11/2019,53.05,50.41,130.27,94.44,109.59,164.51,205.17,120.64,33.64,25.93,49.88,493.91,222.57,38.25,54.92,39.14,105.32,69.8,101.43,84.23,30.34,104.89,221.19,15.21,60.92,17.09,20.0764818355641,19.65,49.99,233.25,49.09,108.97,49.45,166.44,108.3,71.16,155.0,92.42,16.84,59.5533333333333,49.6,78.19,37.14,53.68,123.61,134.63,59.25,53.17,46.3733333333333,194.41,49.84
1428,12/11/2020,44.84,38.79,132.22,119.94,104.43,191.74,204.11,120.23,28.57,24.33,40.24,695.2,226.39,45.01,63.84,35.37,80.17,52.69,92.17,83.46,27.34,93.7,239.99,12.93,46.24,17.86,22.3518164435946,15.84,43.66,274.64,47.19,115.44,63.32,125.84,90.1,94.39,143.66,78.58,15.54,61.56,49.43,72.8,32.27,47.01,151.49,134.95,45.84,29.08,43.1933333333333,204.4,41.68
1429,12/11/2023,83.11,66.18,168.45,245,143.07,365.43,329.46,168.39,30.85,25.49,49.55,752.41,357.06,74.99,112.99,29.59,103.91,49.88,118.81,103.3,30.89,123.4,351.76,11.95,78.8,15.24,36.75,13.17,69.72,377.59,64.94,198.65,82.82,133.42,80.83,163.42,141.0,101.43,17.47,108.04,64.02,74.6,35.45,34.43,98.86,182.35,40.53,46.0,72.66,244.79,38.63
1430,12/12/2018,42.9,37.68,90.39,75.45,82.4,112.71,155.4,107.48,24.52,31.98,48.06,390.07,202.48,27.49,30.5,31.63,79.71,72.52,82.04,64.15,24.86,78.55,176.7,12.72,41.39,17.64,16.7304015296367,16.01,45.09,148.43,39.57,83.95,40.81,154.31,87.7,64.06,122.74,82.85,14.26,50.98,41.88,63.43,24.55,46.82,94.02,122.01,50.13,47.74,33.3822222222222,155.76,43.72
1431,12/12/2019,53.9,51.03,130.44,94.62,110.35,168.43,205.88,122.64,34.68,26.79,51.22,502.12,225.92,38.63,54.17,40.56,106.18,72.17,104.03,86.38,31.49,106.35,226.05,15.6,61.28,17.71,20.6405353728489,20.39,51.09,234.33,50.54,110.28,50.69,171.98,109.88,72.69,159.0,94.55,17.42,60.6666666666667,51.07,80.42,37.69,56.08,125.35,135.61,60.55,54.36,46.4,198.42,51.81
1432,12/12/2022,70.82,63.51,132.1,193.74,128.83,325.97,307.6,157.31,32.73,27.04,44.85,709.23,311.45,58.01,82.47,40.43,107.37,67.43,97.52,105.28,33.27,117.39,363.18,14.61,75.02,18.89,34.7227533460803,17.56,56.69,291.04,73.18,173.03,91.12,151.54,89.53,129.94,156.7,102.56,22.39,114.58,80.29,80.26,35.57,43.46,120.99,187.11,43.46,42.86,74.22,245.06,48.4
1433,12/13/2018,45.75,37.29,89.97,75.35,80.59,112.17,156.1,106.7,24.4,31.91,48.09,387.27,202.42,27.7,30.4,30.88,79.7,69.63,80.39,63.26,24.28,78.02,175.92,12.41,41.32,17.24,16.4887103357896,15.49,45.51,148.95,39.52,84.03,40.6,149.68,86.9,63.15,119.9,82.74,13.78,50.3866666666667,41.43,63.19,24.18,46.02,93.26,121.5,49.19,47.03,33.4,156.45,42.5
1434,12/13/2019,53.17,51.6,130.15,94.45,109.7,167.44,206.15,124.72,34.44,25.99,50.22,498.61,225.37,38.86,53.63,40.12,105.45,71.93,104.37,86.68,30.97,105.62,225.0,15.35,61.07,17.62,20.5449330783939,20.06,50.61,235.08,50.38,110.54,50.24,170.1,108.04,72.17,158.64,94.14,17.17,60.5866666666667,49.95,79.13,37.69,56.02,123.22,135.66,60.27,53.79,46.3733333333333,200.04,51.15
1435,12/13/2021,57.02,53.84,154.11,168.81,108.2,292.84,293.81,163.3,43.58,34.12,56.13,917.66,290.01,66.95,129,46.29,114.37,81.95,146.04,112.85,42.4,91.29,384.64,14.92,67.24,22.82,35.8795411089866,22.45,56.77,398.8,59.87,170.65,97.17,147.63,117.07,96.69,196.21,105.08,21.45,96.33,79.38,91.26,46.34,58.0,194.12,153.18,56.82,48.56,53.7466666666667,231.94,61.17
1436,12/13/2022,70.67,63.56,130.38,193.85,130.32,324.79,309.99,157.52,32.75,27.7,45.72,724.15,312.33,58.91,83.44,39.9,107.59,66.29,98.86,106.56,32.94,116.79,368.69,14.21,75.78,19.61,35.2963671128107,17.3,56.75,301.63,73.23,173.46,92.71,146.15,90.66,128.28,154.03,103.22,21.65,111.52,77.75,81.33,35.39,43.19,123.47,187.05,44.25,42.62,73.08,247.04,48.28
1437,12/14/2018,44.61,37.49,90.26,74.18,79.3,110.19,153.83,105.7,24.48,31.37,48.67,382.3,200,27.62,29.76,30.26,79.41,68.98,78.73,61.82,23.68,77.14,172.77,12.17,41.27,16.95,15.7904913313425,15.13,45.07,145.52,38.89,83.0,39.64,147.81,86.37,62.0,118.5,82.37,13.47,49.56,41.19,63.53,24.1,45.66,91.97,120.55,48.75,46.54,33.2044444444444,153.76,41.54
1438,12/14/2020,44.2,38.16,131.65,120.5,104.87,190.99,203.96,117.36,28.22,23.73,39.83,683.92,222.85,45.45,63.11,34.62,79.61,51.82,90.42,82.63,26.62,91.77,237.79,12.51,45.54,17.1,22.131931166348,15.43,42.87,274.62,45.84,114.92,61.88,124.76,88.58,94.1,141.79,76.61,15.15,60.9733333333333,49.84,70.7,31.91,45.91,147.86,133.99,44.81,28.64,42.74,205.76,40.71
1439,12/14/2021,57.16,54.66,153.51,166.62,110.71,292.24,294.15,162.85,44.13,33.73,56.78,902.38,295.03,66.96,126.71,47.08,115.89,83.73,147.92,115.53,43.12,91.8,388.82,15.21,68.05,22.71,36.8068833652008,22.76,56.71,391.94,60.8,168.98,98.82,149.42,117.49,97.14,198.81,107.06,21.83,96.4,80.79,92.1,46.83,58.66,190.02,156.73,57.31,48.89,54.32,232.17,62.27
1440,12/14/2022,70.39,62.66,125.64,193.11,129.9,321.93,306.14,154.11,32.28,27.1,44.94,711.52,309.29,58.17,80.6,39.06,106.41,65.09,96.6,103.45,32.29,118.08,360.38,13.93,75.21,19.52,34.6462715105163,17.09,56.25,297.62,72.84,172.37,90.5,143.79,88.24,126.58,149.62,102.07,21.12,110.28,77.32,79.89,34.35,42.22,118.58,186.64,43.29,42.18,72.99,245.63,47.54
1441,12/15/2020,44.87,38.54,132.39,123.63,105.92,190.77,208.03,119.1,28.64,24.62,40.19,698.18,224.38,46.63,65.14,35.29,80.93,52.95,92.68,85.36,27.09,93.71,242.43,12.59,45.75,17.59,22.4760994263862,15.69,44.33,277.39,46.24,116.65,63.95,126.66,90.73,96.69,143.15,77.81,15.38,62.3266666666667,51.05,71.79,32.73,46.72,149.86,137.26,45.19,29.73,43.8466666666667,210.01,41.61
1442,12/15/2021,57.35,54.36,153.48,167.61,113.52,298.24,295.91,162.24,43.94,34.61,56.9,914.91,294.58,68.06,127.87,47.15,115.81,85.07,147.39,114.99,43.42,92.24,389.91,15.38,67.97,22.9,36.8738049713193,23.11,57.08,397.73,60.82,170.42,99.43,150.62,117.5,101.81,198.08,106.93,21.87,97.69,81.6,91.86,46.72,58.57,193.69,158.37,56.74,48.94,54.4466666666667,234.65,62.76
1443,12/15/2022,69.33,62.21,125.03,188.1,132.29,314.51,303.66,150.22,31.77,26.08,44.24,698.18,301.91,56.58,77.4,38.32,103.66,63.7,93.85,98.88,31.93,116.25,349.83,13.74,73.95,19.0,33.3556405353728,16.81,55.91,286.86,71.7,168.1,87.79,141.01,86.67,127.66,150.18,99.75,20.82,107.86,77.06,78.26,33.59,41.49,111.96,183.57,42.84,41.37,72.05,244.42,46.89
1444,12/16/2019,53.07,51.9,130.42,95.02,109.62,167.44,207.01,123.68,34.7,26.17,50.16,502.05,226.85,38.98,54.53,40.29,105.7,71.85,103.33,86.13,30.92,106.14,228.04,15.34,61.06,17.9,20.6214149139579,20.11,51.07,236.1,50.48,111.65,50.72,170.03,108.21,71.1,159.0,94.49,17.24,60.7,49.72,79.62,37.18,56.22,123.24,136.18,60.66,54.22,46.18,201.17,51.19
1445,12/16/2020,44.68,38.32,134.21,126.45,106.42,189.74,209.21,119,28.72,24.75,40.45,698.37,221.91,45.97,64.93,35.38,82.04,53.01,93.59,86.35,27.25,93.53,243.77,12.52,46.29,17.45,22.4856596558317,15.76,44.36,280.55,46.32,117.12,64.23,126.99,90.79,96.36,145.25,78.0,15.6,62.24,51.68,71.2,32.96,47.23,150.43,137.44,45.35,29.65,44.0266666666667,211.98,41.87
1446,12/16/2021,57.9,55.28,153.79,166.05,115.82,300.23,295.13,163,45,34.16,58.42,921.55,300.17,67.24,123.93,47.12,117.28,87.11,148.02,115.72,43.53,91.83,397.37,15.38,69.1,22.71,36.5487571701721,23.32,57.91,395.92,61.39,170.0,100.3,153.18,119.0,103.02,201.79,108.05,21.96,98.93,83.89,92.69,47.62,59.18,190.62,162.02,57.43,50.3,54.7466666666667,233.16,63.47
1447,12/16/2022,69.02,62.57,123.62,186.35,131.19,312.18,298.76,146.3,31.7,25.74,44.09,700.22,300,55.5,75.39,38.33,102.22,63.76,90.1,96.89,31.6,116.5,346.35,13.65,74.21,18.39,33.4225621414914,16.62,55.8,281.76,71.47,165.19,86.86,140.05,86.95,126.45,150.39,97.87,20.58,106.75,78.19,77.7,33.21,41.3,110.52,182.8,42.15,41.19,72.05,240.56,46.07
1448,12/17/2018,44.32,37.46,90,72.41,80.16,108.66,150.37,101.18,24.47,30.49,48.98,378.25,197.92,27.2,28.8,30.08,77.26,69.52,76.91,59.9,23.74,75.89,168.01,11.9,41.79,17.0,15.7546852285504,14.98,45.01,141.39,38.88,81.46,39.6,146.35,85.62,61.07,118.32,81.63,13.39,49.06,40.7,63.89,23.49,45.15,91.03,119.93,47.94,46.61,32.48,151.28,41.19
1449,12/17/2019,53.11,51.79,131.68,95.67,109.85,167.34,207.6,124.95,35.04,26.24,51.16,502.29,227.05,39.54,54.58,40.53,105.58,72.76,104.34,86.51,31.31,106.45,231.15,15.33,60.89,18.22,20.65965583174,20.36,51.4,235.36,51.17,112.05,50.9,169.78,108.76,72.0,160.36,95.13,17.43,60.88,49.49,80.33,36.91,56.67,123.02,136.99,60.68,54.34,46.38,201.23,51.51
1450,12/17/2020,44.81,38.23,132.37,128.19,106.56,190.05,211.3,118.98,28.83,25.16,40.41,706.01,224.68,46.69,65.34,34.78,84.29,52.77,94.08,87.48,27.13,93.43,244.43,12.34,46.78,17.48,22.3709369024857,15.58,44.41,280.06,46.49,118.69,64.67,125.83,92.1,96.31,145.02,77.66,15.56,63.18,51.78,70.74,33.3,47.1,151.3,138.03,45.28,29.47,44.4933333333333,212.23,41.87
1451,12/17/2021,56.84,54.11,150.58,164.4,114.14,294.63,292.38,160.01,43.88,33.22,57.5,913.57,293.66,65.87,123.27,45.46,113,83.74,144.08,114.11,42.26,89.68,381.8,14.88,67.7,22.61,35.7934990439771,22.51,56.78,393.64,60.25,168.3,97.13,147.15,117.23,100.97,197.24,105.38,21.27,97.38,82.95,91.83,46.65,57.11,193.36,158.19,55.73,47.95,53.6,232.88,61.2
1452,12/18/2018,44.54,37.56,88.83,72.85,81.51,108.4,150.31,101.02,24.47,29.96,46.73,383.35,196.52,27.32,28.7,29.81,76.56,68.1,76.21,59.52,23.42,75.83,171.5,11.76,42.28,16.97,15.7278306514562,14.78,45.06,142.2,39.62,80.98,39.89,144.1,83.6,61.08,116.59,81.88,13.23,48.7933333333333,40.45,61.69,23.53,44.16,90.8,119.3,47.26,46.52,32.6666666666667,151.93,40.76
1453,12/18/2019,52.91,51.97,131.67,94.43,109.65,167.26,206.03,124.26,35.11,26.1,51,499.49,225.01,39.38,54.62,40.4,103.81,72.15,104.18,86.51,31.2,106.06,230.45,15.3,60.91,18.36,20.5353728489484,20.31,51.32,236.48,51.13,111.53,50.66,168.15,108.08,71.3,160.05,95.27,17.33,60.66,48.66,79.99,36.79,56.32,122.4,135.67,60.09,53.67,46.08,201.71,51.35
1454,12/18/2020,43.89,37.48,131.29,125.32,107.4,186.94,205.49,117.51,28.67,25.01,40.79,698.8,223.43,45.97,64.6,34.21,83.04,52.63,91.57,85.99,26.63,92.81,242.13,12.39,47.65,17.45,22.4665391969407,15.42,43.8,283.37,45.65,116.27,64.18,123.73,91.9,96.95,144.91,76.51,15.26,62.5733333333333,51.98,70.66,32.35,45.9,150.44,138.86,44.86,29.01,44.1866666666667,204.89,41.08
1455,12/19/2018,43.98,39.34,88.4,73.32,80.98,105.47,148.31,98.77,24.18,29.09,45.5,372.19,195.17,27.06,27.6,29,76.39,67.18,74.67,58.4,22.8,74.44,169.25,11.5,42.67,16.42,15.5846062402876,14.4,44.88,139.5,39.24,80.19,39.3,141.55,82.0,60.87,114.03,80.6,12.84,47.5666666666667,39.72,59.88,23.2,43.3,88.41,119.16,46.22,45.67,32.4844444444444,151.33,40.13
1456,12/19/2019,52.99,51.93,131.6,95.31,111.21,167.28,209.73,124.83,34.95,26.14,50.85,502.34,225.21,39.52,55.75,40.31,103.29,71.56,103.38,86.32,31,105.76,229.94,15.16,60.78,18.43,20.3441682600382,20.22,51.17,238.2,50.8,112.21,50.86,168.4,107.17,71.11,159.53,94.24,17.3,60.7,48.2,79.64,36.44,56.14,122.52,136.47,60.01,53.63,45.8266666666667,203.85,51.49
1457,12/19/2022,68.92,61.47,122.95,185.09,130.99,306.57,297.06,145.01,32.06,25.78,44.17,692.47,300.03,55.41,73.48,38.2,100.94,63.52,87.87,95.17,31.65,117.86,344.61,13.69,73.66,18.1,33.4608030592734,16.65,54.95,278.32,71.16,163.73,85.55,140.65,87.23,127.07,150.16,97.12,20.6,105.15,78.26,77.56,32.38,41.12,109.53,183.51,41.95,41.82,71.53,239.31,45.74
1458,12/20/2018,43.4,38.15,86.71,72.9,79.81,104.38,145.77,95.77,24.11,28.61,45.01,371.67,193.58,27.02,27.71,28.85,75.84,66.53,74.49,57.99,23.04,73.82,168.41,11.59,42.5,16.29,15.1817875838758,14.34,44.65,136.67,39.35,79.3,38.91,141.1,80.52,59.8,113.58,80.4,12.91,47.4533333333333,39.62,60.4,22.99,43.19,87.3,117.32,45.77,46.04,31.8488888888889,149.34,39.74
1459,12/20/2019,53.14,51.54,131.26,95.42,111.58,168.09,209.93,125.77,34.96,25.8,50.63,499.59,226.31,40.25,55.8,40.54,104.13,71.81,103.37,86.7,31.15,106.63,228.93,15.15,60.91,17.98,20.4015296367113,20.4,51.66,238.14,51.36,112.32,50.69,169.51,106.6,71.76,159.82,94.54,17.25,60.3933333333333,48.12,79.23,36.74,56.3,122.54,136.43,59.77,53.33,45.9533333333333,205.64,51.63
1460,12/20/2021,55.36,52.91,147.55,164.26,112.31,283.82,290.52,155.89,43.16,32.14,56.48,897.29,289.61,65.95,119.72,44.49,110.01,81.89,138.35,109.62,41.18,86.86,371.61,14.54,66.1,21.76,34.5984703632887,22.07,55.58,386.94,58.59,168.3,95.37,144.7,114.49,101.52,192.55,101.61,20.69,94.83,80.68,90.1,44.22,55.67,188.84,153.53,54.87,46.85,52.5,231.95,59.4
1461,12/20/2022,70.66,62.8,122.05,186.89,133.68,308.04,297.81,145.7,32.19,26.01,44.29,691.56,302,55.53,73.09,38.05,102.31,63.59,88.39,96.71,31.69,118.19,344.49,13.78,74.85,18.01,33.6520076481836,16.63,55.78,274.88,71.79,164.85,85.16,140.31,87.11,127.19,151.68,98.25,20.71,105.6,79.56,77.99,32.65,41.12,109.31,185.79,41.93,40.98,72.87,239.85,46.13
1462,12/21/2018,43.23,37.4,85.29,71.06,79.85,100.31,141.25,91.33,23.37,28.4,44.64,369.16,192.1,26.53,28.51,28.52,75.63,65.56,72.39,56.4,22.73,72.53,160.05,11.59,42.19,16.0,15.0296116470091,14.3,43.87,132.58,38.63,77.49,37.68,138.72,79.39,59.42,111.49,78.45,12.86,46.94,39.14,60.17,22.5,42.38,86.78,116.06,44.61,45.12,31.6533333333333,147.07,39.06
1463,12/21/2020,43.59,37.37,130.82,125,106.17,186.76,209.15,116.41,29.74,24.82,41.42,698.83,223.49,46,64.45,34.76,84.05,53.94,95.29,87.03,27.17,92.25,256.98,12.26,47.5,17.42,22.4665391969407,15.75,43.77,278.86,45.46,115.05,67.83,124.04,91.05,97.94,144.6,76.2,15.54,62.6333333333333,51.75,70.34,33.38,46.32,148.66,138.15,45.33,29.55,43.6333333333333,207.71,42.43
1464,12/21/2021,56.84,55.14,151.27,163.97,113.32,294.5,293.23,160.91,44.19,32.92,57.89,910.87,293.24,66.49,123.42,45.83,111.54,84.79,143.51,115.17,42.51,90.73,380.32,15.07,67.54,22.74,35.8413001912046,22.69,56.76,391.28,60.32,168.85,97.77,149.05,117.79,101.22,196.87,105.97,21.32,96.99,83.19,92.32,46.13,57.12,190.58,155.52,55.84,47.81,53.0266666666667,236.25,61.65
1465,12/21/2022,71.46,63.33,123.53,189.48,134.64,313.03,303.03,147.1,32.68,26.91,44.78,712.94,307.82,56.98,75.84,38.7,104.55,65.03,89.72,97.8,31.99,120.49,350.16,14.0,76.02,18.55,34.1013384321224,16.96,57.42,282.42,72.84,167.59,86.87,143.01,88.95,129.12,153.9,100.36,21.04,106.74,81.25,78.71,33.28,41.75,113.05,189.42,42.71,41.12,73.87,243.6,47.57
1466,12/22/2020,43.03,36.8,131.49,123.81,106.19,185.06,209.23,114.55,29.21,24.55,40.28,693.52,221.88,45.69,64.84,34.24,83.96,54.15,94.99,86.84,26.93,91.75,250.09,12.13,47.64,16.98,21.9216061185468,15.74,43.05,281.27,45.21,114.4,66.64,121.14,90.6,97.99,143.73,75.0,15.43,62.4933333333333,51.64,70.19,33.26,46.03,147.42,136.48,45.59,28.96,43.5866666666667,209.62,42.04
1467,12/22/2021,57.18,55.27,151.7,165.22,113.42,298.69,294.02,162.47,44.28,32.87,57.91,911.54,294.41,67.57,130.51,46.14,112.44,84.94,143.73,114.86,42.7,91.76,382.33,15.12,67.63,22.8,36.1759082217973,22.66,56.76,394.97,60.88,170.48,98.3,150.51,117.78,101.16,197.12,106.91,21.34,97.99,84.38,92.59,45.95,57.34,192.05,154.69,56.07,48.03,53.1,237.01,61.86
1468,12/22/2022,70.91,62.4,122.97,188.03,135.43,307.92,300.15,145.31,32.39,26.59,44.48,703.33,302.69,56.65,74.34,38.89,103.75,65.56,89.49,96.86,32.13,118.41,345.58,13.91,75.38,18.27,33.0210325047801,17.07,57.19,279.19,71.8,165.7,86.37,144.76,87.38,128.6,154.29,98.66,21.08,106.09,80.8,77.85,32.34,42.48,110.28,187.2,42.85,40.68,72.98,242.3,48.28
1469,12/23/2019,52.54,50.97,127.94,94.26,110.88,167.28,207.8,124.49,35.17,26.19,50.37,499.66,225.48,39.33,55.29,40.44,102.99,71.68,102.93,85.34,30.95,105.78,229.09,15.12,60.1,18.18,20.1816443594646,20.25,51.4,237.06,50.99,111.28,50.72,168.7,106.4,71.69,159.53,94.28,17.17,60.2933333333333,48.71,79.45,36.33,56.2,121.62,136.23,59.58,53.81,45.6,201.58,51.34
1470,12/23/2020,43.53,37.44,132.44,123.04,105.99,188.54,207.9,116.95,30.05,24.74,40.98,703.64,224.24,45.69,65.05,35.36,85.71,56.06,96.82,88.37,27.73,92.9,256.45,12.45,48.27,17.55,22.6290630975143,16.33,44.1,275.7,46.13,113.69,68.21,125.61,91.99,97.51,146.7,76.79,15.94,62.7,52.35,71.58,34.13,47.29,147.84,137.95,46.73,30.35,43.9866666666667,208.82,43.51
1471,12/23/2021,57.69,56.57,152.28,166.45,114.13,302.28,292.41,164.19,44.42,33.42,58.11,913.92,294.49,68.03,135,46.63,112.34,85.3,145.1,115.34,43.07,92.7,385.04,15.26,68.27,23.34,36.9407265774379,22.74,57.02,397.26,61.78,170.57,99.34,150.95,118.21,101.25,197.93,108.25,21.52,99.4,85.13,93.03,46.16,57.77,195.29,154.65,56.31,48.36,53.4466666666667,236.46,62.36
1472,12/23/2022,71.75,63.16,125.03,188.41,136.37,308.27,300.59,147.02,32.47,26.85,44.65,703.94,306.49,56.94,74.91,38.9,104.46,66.08,90.69,97.6,32.41,120.14,345.51,14.05,76.13,18.38,33.4034416826004,17.18,57.85,278.82,72.27,165.59,86.11,144.56,88.03,129.44,155.02,99.56,21.22,107.35,81.77,77.49,32.75,42.59,111.12,189.48,43.2,40.98,73.45,244.39,48.45
1473,12/24/2018,42.33,37.33,82.65,68.99,77.27,97.58,137.44,89.5,22.73,27.76,44.49,361.77,187.76,26.07,28.98,27.94,72.15,64.45,70.78,55.09,22.36,70.61,156.35,11.29,40.76,15.71,14.6715506190875,13.82,42.54,129.35,38.24,75.52,37.01,135.74,77.26,57.07,109.71,76.83,12.57,46.4733333333333,38.25,59.78,22.17,41.27,84.95,112.63,43.76,43.6,30.9155555555556,146.61,38.51
1474,12/24/2019,52.76,50.94,129.03,94.56,111.17,167.72,207.7,124.74,35.22,26.14,50.35,499.64,225.47,39.17,55.4,40.51,103.27,71.79,102.95,85.28,30.96,106.14,229.91,15.15,60.06,17.79,20.2294455066922,20.35,51.45,238.18,50.99,111.57,50.69,169.34,106.71,71.87,160.42,93.81,17.2,60.14,48.71,79.64,36.32,56.16,122.2,135.83,59.67,53.82,45.6133333333333,201.99,51.53
1475,12/24/2020,43.84,37.37,132.62,123.42,107.19,189.7,210.61,117.35,29.96,24.8,41.04,707.18,226.53,46.31,64.99,35.12,85.23,55.9,97.3,88.29,27.58,92.87,256.16,12.35,48.41,17.61,22.6290630975143,16.19,44.0,278.88,46.31,115.13,68.09,124.96,91.59,98.31,146.15,76.74,15.95,61.9466666666667,52.06,71.78,33.96,46.99,148.28,138.49,46.49,29.84,44.0666666666667,211.81,43.34
1476,12/26/2018,44.14,38.59,87.07,71.31,80.8,102.7,140.29,93.84,24.11,28.94,46.16,381.23,197.57,26.86,30.64,29.49,75.39,67.84,74.41,58.13,23.53,73.44,162.93,11.79,42.85,16.48,15.5308970860994,14.71,44.46,136.65,40.19,77.45,39.3,141.08,81.19,59.33,114.84,80.57,13.39,49.08,40.56,62.85,23.14,42.83,89.65,117.17,45.39,45.59,32.0311111111111,148.86,40.51
1477,12/26/2019,52.62,50.62,129.07,94.55,111.6,167.68,207.95,125.41,35.52,26.32,50.49,503.24,226.45,39.37,56.3,40.75,103.55,71.83,103.48,85.49,31.12,105.97,231.21,15.18,60.27,17.93,20.3441682600382,20.37,51.94,239.06,51.24,111.84,51.11,169.84,106.57,71.73,161.15,94.01,17.26,60.4733333333333,48.57,79.85,36.26,56.72,122.87,136.29,60.15,54.15,45.6466666666667,202.02,51.66
1478,12/27/2018,44.98,39.33,87.92,72.29,81.79,104.08,143.13,94.68,24.37,29.23,46.82,387.8,200.12,26.98,30.46,29.58,76.54,67.92,74.99,58.87,23.54,74.3,165.41,11.81,43.87,16.71,15.6025092916837,14.62,44.97,139.95,40.95,78.9,39.66,140.65,82.75,60.2,115.75,81.4,13.36,49.6066666666667,41.06,63.22,23.42,42.98,91.31,118.67,45.65,45.53,32.4088888888889,150.85,40.46
1479,12/27/2019,52.62,51.07,129.66,94.75,111.87,166.71,207.51,125.19,35.35,26.25,50.32,503.01,226.14,39.3,56.14,40.48,103.9,71.24,103,84.95,30.9,105.86,230.66,15.12,60.56,17.83,20.2198852772467,20.28,51.89,239.3,50.83,112.03,51.09,169.55,106.99,72.15,160.81,93.22,17.16,60.2,48.34,80.12,36.29,56.48,122.82,136.8,59.73,53.92,45.7133333333333,201.76,51.5
1480,12/27/2021,58.2,56.9,153.36,170.44,116.08,307.39,298.43,164.39,44.64,34.05,58.52,922.57,296.67,69.46,135.1,47.2,114.12,86.6,145.89,116.12,43.7,93.3,388.04,15.4,68.84,23.55,37.3709369024857,23.09,57.72,399.47,62.49,173.89,100.4,153.48,120.58,103.32,201.07,108.83,21.89,101.02,85.82,93.79,46.18,58.46,199.32,156.04,56.74,48.77,54.24,239.06,63.01
1481,12/27/2022,72.24,63.33,124.57,189.28,136.02,308.4,300.97,146.39,32.53,26.91,44.82,703.26,305.55,57.36,73.68,39.21,104.44,66.36,90.75,96.75,32.8,120.7,341.97,14.04,76.61,18.32,33.0783938814532,17.29,58.6,276.36,72.32,166.44,85.06,145.86,87.9,130.17,155.96,99.35,21.44,106.54,82.22,77.15,32.56,42.84,110.73,190.48,43.65,41.04,73.91,244.58,48.84
1482,12/28/2018,44.95,38.62,88.16,72.52,82.02,103.15,143.7,94.42,24.39,29.17,46.65,388.23,202.08,27.18,30.09,29.57,76.61,67.88,74.66,58.31,23.37,73.85,163.03,11.89,43.77,16.55,15.5935577659856,14.61,44.91,139.35,40.62,78.87,39.37,141.23,82.77,59.65,115.37,80.78,13.35,49.18,41.06,63.48,23.5,42.95,91.34,118.24,45.21,45.78,32.4311111111111,150.93,40.43
1483,12/28/2020,43.92,37.07,133.38,123.03,107.47,189.98,206.83,118.36,30.13,25.04,41.44,710.18,228.41,45.88,64.67,35.11,87.37,56.2,97.55,88.29,27.53,93.29,259.59,12.46,48.2,17.2,23.1453154875717,16.25,44.42,277.97,46.25,115.2,68.05,125.7,92.48,98.12,146.54,76.91,15.96,63.1866666666667,52.94,72.12,33.95,47.53,148.06,139.19,46.66,29.93,44.06,207.94,43.36
1484,12/28/2021,58.49,56.67,153.84,169.32,117.09,305.67,297,164.41,44.7,34.06,58.46,921.82,298.29,69.34,131.38,47.3,114.83,86.72,146.2,116.07,43.78,94.16,387.61,15.42,69.14,23.53,37.4091778202677,23.19,58.19,399.42,62.61,173.77,99.97,154.19,120.05,103.35,201.17,109.06,21.85,102.23,85.5,93.7,46.46,58.7,199.41,157.12,56.75,48.42,54.6466666666667,238.72,63.11
1485,12/28/2022,71.47,62.89,123.96,187.95,135.43,304.55,299.51,144.01,32.77,26.16,44.63,700.33,303.43,56.57,72.16,38.97,102.71,65.63,89.7,95.28,32.72,119.84,340.87,13.98,75.68,17.88,32.82982791587,17.16,57.88,273.02,71.81,164.6,84.46,143.57,87.06,129.72,155.86,98.37,21.25,106.26,82.35,76.84,32.1,42.55,108.08,188.13,43.35,41.12,72.8,241.74,47.97
1486,12/29/2020,43.75,37.16,132.53,121.53,107.52,189.07,206.91,118.14,30.01,24.8,41.44,706.28,229.57,46.03,64.54,34.88,86.23,55.22,96.18,88.02,27.28,92.16,258.01,12.32,47.53,17.01,22.9732313575526,15.97,44.06,280.73,46.01,114.8,67.71,123.81,91.91,97.69,144.87,76.34,15.75,62.66,52.54,71.94,33.93,46.72,148.38,138.35,46.13,29.78,43.82,207.79,42.77
1487,12/29/2021,58.79,56.78,154.69,169.81,117.95,305.41,300.68,163.83,44.63,33.85,58.37,909.72,299.46,69.83,128.51,47.3,115.02,87.59,145.59,115.77,43.9,94.68,386.2,15.43,69.57,23.36,37.4665391969407,23.3,58.17,398.06,62.68,173.89,98.73,154.1,120.02,103.97,201.24,109.08,21.85,102.15,84.96,93.79,46.29,58.78,197.54,157.5,56.6,48.45,55.0133333333333,238.43,63.45
1488,12/29/2022,72.08,63.63,126.63,190.17,136.42,312.31,303.38,147.32,33.14,26.83,45.66,716.15,309.06,57.65,74.75,39.47,104.16,66.66,92.67,97.45,32.81,120.7,343.43,14.14,76.38,18.3,33.0497131931166,17.43,58.67,282.93,72.66,166.78,85.24,145.47,89.48,130.56,157.83,99.88,21.62,107.99,82.66,78.34,32.84,43.2,111.33,189.44,43.57,41.33,73.24,245.24,49.08
1489,12/30/2019,52.74,51,130.8,94.9,111.77,166.07,207.64,124.3,35.15,25.82,50.18,500.84,225.76,39.36,56,40.43,104.44,71.4,102.64,84.53,30.55,105.19,229.8,15.04,60.69,17.93,20.4015296367113,20.22,52.01,237.66,50.7,111.83,50.96,169.42,106.32,72.32,160.02,92.88,17.12,60.0466666666667,47.82,79.88,36.05,56.42,121.81,136.49,59.17,53.6,45.7533333333333,201.58,51.77
1490,12/30/2020,44.01,37.52,134.03,121.7,108.15,191.35,206.71,119.43,29.98,24.78,41.69,708.94,229.65,46.25,64.7,35.4,86.46,55.74,97.88,89.3,27.28,93.21,259.45,12.56,47.94,17.34,23.0497131931166,16.25,44.42,285.51,46.4,115.01,67.84,125.64,91.92,97.41,146.89,77.45,15.93,62.82,52.41,72.42,34.29,47.37,149.58,139.08,46.15,29.75,44.0666666666667,206.14,43.22
1491,12/30/2021,58.56,56.74,154.79,168.76,117.68,301.97,299.83,164.16,44.53,33.44,57.97,913.76,299.98,69.81,128.5,47.27,113.67,87.02,145.49,115.83,43.6,94.14,385.52,15.43,69.12,23.21,37.2753346080306,23.19,57.78,391.06,62.58,173.49,98.8,153.18,119.41,103.05,201.0,108.63,21.87,101.02,84.48,93.24,46.26,58.5,198.14,156.81,56.15,48.1,54.3533333333333,237.12,63.13
1492,12/30/2022,71.94,63.24,125.06,188.54,135.6,311.37,300.14,147.75,33.12,26.38,45.52,708.63,308.9,56.97,74.19,39.37,102.39,66.85,92.96,97.83,32.81,120.55,343.38,14.1,75.83,17.99,32.7724665391969,17.42,58.33,278.62,72.37,165.48,85.02,145.06,88.49,129.71,157.94,99.46,21.56,106.85,83.26,77.57,32.86,43.03,109.06,187.49,43.61,41.29,72.57,244.58,49.16
1493,12/31/2018,45.56,39.41,89.44,73.7,82.63,104.37,145.36,95.32,24.64,29.66,47.07,392.82,204.18,27.56,29.81,29.73,77.42,68.69,75.59,58.98,23.53,74.53,167.05,11.92,44.45,16.74,15.5398486117974,14.78,45.52,140.04,41.06,79.75,39.65,143.13,83.59,60.33,116.91,81.55,13.38,49.6066666666667,41.53,63.07,23.46,43.32,92.32,119.75,45.7,46.08,32.8488888888889,151.86,40.74
1494,12/31/2019,52.9,51.33,131.08,95.23,112.45,166.58,208.29,124.49,35.22,25.98,50.33,502.7,226.5,39.48,55.94,40.61,105.15,71.75,102.91,84.82,30.74,105.25,229.93,15.08,60.77,17.98,20.4302103250478,20.24,52.49,237.41,50.97,111.41,51.12,169.75,106.24,72.39,159.63,93.74,17.16,59.64,47.56,79.1,36.01,56.32,121.84,136.95,59.29,53.8,46.0666666666667,201.94,51.92
1495,12/31/2020,44.47,37.86,136.22,123.71,109.93,194.33,211.27,120.91,30.31,24.99,42.44,721.54,231.87,47.41,64.81,35.76,87.37,55.86,98.85,90.53,27.57,94.96,263.71,12.63,48.98,17.43,23.5181644359465,16.41,45.02,290.24,46.95,117.0,68.53,127.3,93.14,98.88,149.0,78.07,16.12,63.78,53.04,72.78,34.71,47.93,151.39,140.37,46.59,30.18,44.28,210.68,43.44
1496,12/31/2021,58.39,56.86,155.86,169.67,117.65,301.66,300.56,163.6,44.49,33.49,58.08,915.56,299,70.28,129.39,47.25,113.93,87,145.09,115.56,43.55,93.72,382.55,15.42,69.04,23.02,37.093690248566,23.13,57.76,390.58,62.49,173.82,98.16,153.58,119.61,102.65,200.52,108.24,21.8,100.4,84.1,93.0,46.39,58.55,196.64,156.43,56.17,47.98,54.9266666666667,237.49,63.16
