,date,ALGN,AMGN,BAX,BDX,BIIB,BIO,BSX,CAH,CI,CNC,COO,COR,CRL,CTLT,DGX,DVA,DXCM,ELV,EW,GEHC,GILD,HCA,HOLX,HSIC,HUM,IDXX,ILMN,INCY,IQV,ISRG,LH,MCK,MDNAF,MDT,MOH,MTD,PODD,REGN,RVTY,STE,SYK,TECH,TMO,Ticker,UBER,UHS,UNH,VRTX,WAT,WST,XRAY,ZBH
0,01/02/2018,224.62,177,67.17,212.526829268293,334.17,241.42,25.28,63.23,202.56,51.295,220.62,94.04,110.65,42.04,98.9,72.54,14.4975,226,37.1933333333333,,74.1,89.51,42.87,56.0549019607843,251.64,157.81,224.03,100.89,99.76,125.083333333333,139.432989690722,159.0,1.641,82.21,78.0,626.1,69.0,382.6,73.91,88.31,157.9,32.865,192.98,,,115.6,221.16,152.91,195.69,99.5,67.14,120.446601941748
1,01/02/2019,202.12,191.9,65.3,214.712195121951,304.69,228.08,34.46,45.07,187.17,56.5,250.63,74.45,111.09,30.91,82.17,51.73,28.795,255.02,49.7466666666667,,63.44,121.76,38.42,59.9137254901961,281.59,182.46,294.52,63.56,114.31,155.343333333333,108.616838487973,113.07,0.518,87.92,112.89,546.04,73.43,372.44,76.92,104.14,154.5,35.4775,219.42,,,117.44,243.49,164.08,183.41,96.41,37.89,99.3009708737864
2,01/02/2020,283.68,240.1,85.87,265.892682926829,294.24,372.16,45.33,50.09,204.94,61.88,323.32,85.08,153.89,56.6,105.73,75.25,54.845,300.87,77.5,,65.23,147.49,52.07,67.12,363.24,265.02,327.0,85.97,156.41,199.086666666667,143.883161512028,138.69,2.16,114.56,133.37,805.06,169.77,373.35,98.86,151.7,210.45,54.865,326.37,,30.99,142.31,292.5,219.45,235.06,151.74,56.93,144.854368932039
3,01/03/2018,231.2,180.34,68.25,214.624390243902,339.85,250.47,25.56,62.86,205.96,52.215,226.74,94.39,110.31,42.35,99.25,72.91,14.52,229.15,38.1966666666667,,74.66,87.04,43.49,56.5803921568628,251.28,162.05,230.32,100.98,99.52,127.94,140.077319587629,156.76,1.641,83.92,77.17,631.54,69.0,393.78,76.16,87.14,158.79,33.6225,196.52,,,113.39,223.48,152.01,197.77,99.62,66.91,121.281553398058
4,01/03/2019,184.78,188.98,64.48,206.048780487805,307,224.3,32.91,44.16,185.57,54.96,246.18,73.37,104.82,29.84,80.68,50.98,28.065,248.42,47.8866666666667,,65.25,119.44,38.28,57.8588235294118,269.7,178.02,284.24,68.06,109.96,150.08,106.27147766323,112.94,0.518,85.45,105.9,513.56,72.44,372.08,72.79,101.48,152.46,34.0225,212.17,,,115.98,236.85,163.73,176.34,94.53,37.91,97.504854368932
5,01/03/2020,280.44,238.47,85.5,263.014634146341,290.85,366.78,44.98,49.36,203.18,61.16,322.3,84.01,152.7,55.98,105.11,75.08,54.675,296.88,77.21,,65.07,147.94,51.89,66.56,364.86,264.77,322.73,77.9,154.19,197.78,143.668384879725,136.72,2.459,113.88,132.54,789.54,171.48,369.16,96.99,150.63,209.59,54.17,322.82,,31.37,141.97,289.54,217.98,231.01,152.14,56.3,144.47572815534
6,01/03/2022,648.05,226.69,86.87,247.034146341463,244.14,735.42,43.12,52.01,234.2,82.65,421.6,132.62,362.11,124.49,164.35,115.43,130.1975,464.86,128.34,,72.58,254.08,73.1,77.43,465.45,631.01,380.87,73.97,273.58,360.0,256.168384879725,248.1,1.91,106.1,316.57,1674.86,275.7,627.1,192.2,242.57,268.42,121.9475,644.92,,43.95,132.02,502.28,222.53,364.59,445.92,56.89,125.368932038835
7,01/03/2023,212.28,261.65,51.04,256.18,272.63,422.43,46.01,76.73,321.48,79.74,332.68,164.29,218.4,45.45,155.77,74.84,114.73,502.2,74.27,56,85.39,243.21,75.55,79.6,500.49,406.01,200.87,79.55,203.86,265.63,204.278350515464,374.33,0.498,78.26,318.92,1461.87,286.38,720.47,141.14,185.58,246.03,82.53,553.18,,25.36,142.61,518.64,286.02,345.59,234.41,32.69,127.28
8,01/04/2018,233.3,179.58,68.41,215.6,339.99,248.49,25.32,63.66,207.04,51.25,223.55,94.18,109.47,41.78,99.08,74.85,13.0625,230.21,38.47,,73.9,85.96,43.77,56.6117647058824,258.36,163.96,232.99,98.44,97.28,125.64,139.570446735395,155.06,1.641,84.12,77.64,627.03,68.49,382.95,76.36,86.59,158.74,33.73,198.98,,,112.79,224.45,153.07,199.66,99.59,66.9,121.106796116505
9,01/04/2019,186.71,195.44,66.5,211.69756097561,318.33,226.28,34.21,44.92,188.69,56.765,246.19,74.22,109.75,31.08,82.71,54,29.06,249.91,49.5733333333333,,68.25,123.39,39.15,58.4313725490196,276.62,187.43,302.69,72.27,115.07,157.226666666667,109.931271477663,114.33,0.518,88.13,109.66,527.15,77.15,397.55,75.89,103.91,157.06,36.1225,221.76,,,118.56,239.62,172.7,179.78,98.24,39.01,100.834951456311
10,01/04/2021,526.46,226.66,80.12,244.585365853659,242.95,575.26,35.27,52.93,205.72,62.09,357.26,96.5,249.67,103.73,121.12,116.5,89.435,318.58,88.92,,60.11,163.64,73.12,66.49,412.19,491.77,367.76,86.45,176.6,266.666666666667,176.013745704467,174.43,4.48,116.02,216.08,1160.87,251.62,482.86,145.51,188.49,239.02,78.655,471.82,,51.14,135.28,349.5,229.43,250.15,285.57,53.75,148.699029126214
11,01/04/2022,623.5,227.84,88,245.639024390244,241.73,702.09,43.64,52.6,233.3,81.08,417,131.36,347.77,119.64,158.2,115.39,128.0675,458.17,127.89,,72.21,260.27,70.43,79.28,458.99,605.42,372.36,71.81,268.17,354.63,249.321305841924,248.0,1.86,106.39,303.94,1640.73,273.55,616.82,183.45,245.16,277.77,117.005,618.0,,44.42,133.82,490.9,221.86,356.41,429.0,57.18,126.640776699029
12,01/04/2023,224.63,264.39,52.33,258.09,270.81,433.7,46.5,77,310.3,79.46,341.57,162.87,221.93,46.45,154.58,77.15,114.33,485.44,76.47,60.49,85.5,248.88,78.23,82.39,492.12,422.43,202.61,79.08,207.78,270.0,205.927835051546,374.01,0.544,80.97,313.53,1491.57,279.72,726.49,142.31,191.32,252.49,84.39,561.92,,25.91,145.77,504.5,286.83,349.77,241.14,33.78,128.46
13,01/05/2018,241.07,180.65,69.18,216.663414634146,342.49,249.05,25.97,63.22,210.55,52.745,230.5,95.32,111.88,41.66,99.91,75.53,13.315,234.34,38.62,,74.52,86.93,43.98,57.5137254901961,264.33,166.6,228.17,99.85,98.56,126.336666666667,143.024054982818,157.16,1.641,85.54,80.59,637.35,68.76,385.1,76.94,86.95,161.06,34.095,202.39,,,111.97,228.73,155.69,202.23,100.84,67.84,122.31067961165
14,01/05/2021,543.65,227.76,81.22,244.907317073171,246.39,584.13,36.24,53.12,203.43,61.07,361.47,97.76,252.59,104.83,121.74,116.55,92.1875,315.1,88.44,,60,165.01,76.02,67.78,413.18,497.26,374.9,85.87,179.34,268.35,179.364261168385,175.6,4.33,116.95,215.95,1176.35,253.66,483.45,151.9,191.82,239.66,79.25,477.72,,54.01,136.1,344.8,228.58,255.43,291.02,55.29,151.271844660194
15,01/05/2022,578.84,225.14,87.86,246.780487804878,239.27,694.43,43.05,53.32,236.52,79.79,410.48,132.5,335.32,116.06,157.32,114,121.9525,458.22,123.92,,72.18,258.97,70.76,78.99,455.83,583.46,367.88,70.45,261.61,341.95,246.194158075601,247.31,1.75,106.01,302.21,1583.11,255.45,595.12,181.06,238.91,272.25,108.6825,618.52,,43.24,133.8,489.69,221.42,350.72,403.97,56.26,126.223300970874
16,01/05/2023,219.82,266.86,52.57,255.31,271.59,430.37,45.76,76.62,304.19,77.26,339.36,163.08,220.08,46.17,154.5,78.5,111.69,473,75.18,59,85.85,250.3,77.63,80.03,488.02,419.2,201.15,80.16,207.05,268.62,206.159793814433,374.05,0.53,80.03,298.54,1489.51,286.16,723.76,138.81,187.29,249.82,82.29,556.94,,25.55,148.97,489.96,287.89,347.03,233.7,33.09,126.08
17,01/06/2020,285.88,240.3,85.29,266.712195121951,290.82,372.03,45.35,49.77,206.92,63.03,323.17,85.24,153.45,55.99,105.68,75.55,56.4975,300.45,78.2666666666667,,65.65,148.5,52.38,67.29,370.55,266.93,325.53,77.34,155.0,198.586666666667,145.549828178694,138.16,2.303,114.89,137.35,793.73,177.81,371.74,98.0,151.62,212.22,54.29,325.14,,31.58,141.86,291.55,224.03,228.88,152.22,56.61,143.640776699029
18,01/06/2021,540.39,233.25,80.94,247.453658536585,247.75,612.2,36.76,55.06,209.43,67.66,366.31,106.17,254.76,106.24,125.71,120.55,93.98,328.32,87.2,,61.95,170.56,78.03,69.56,437.83,483.6,376.55,84.31,186.25,264.263333333333,186.554982817869,178.93,4.14,118.86,235.73,1197.09,252.37,470.09,156.37,195.24,242.45,82.7275,485.21,,52.48,141.71,359.27,226.65,262.47,294.14,57.96,155.582524271845
19,01/06/2022,567.62,225.17,86.78,243.639024390244,237.3,683.52,42.59,52.51,227.54,76.34,410.73,130.45,333.94,116.92,158.34,111.28,120.75,439.45,123.23,,71.59,254.51,70.7,77.86,367.53,576.36,378.93,72.63,262.51,334.18,247.895189003436,244.61,1.8,104.97,291.77,1602.85,260.43,598.44,181.6,238.46,271.5,106.635,620.4,,42.03,130.98,469.65,221.65,352.56,407.74,56.22,125.174757281553
20,01/06/2023,220.77,275.2,48.45,259.34,279.25,418.68,46.33,78.64,302.68,78.66,345.17,165.71,219.84,47.66,155.64,81.05,115.82,475.48,77.01,58.95,88.08,254.52,77.83,81.61,492.54,447.77,201.87,80.87,205.36,270.39,208.780068728522,386.05,0.54,80.86,301.7,1449.57,292.31,737.15,133.53,191.75,256.25,82.52,535.0,,26.4,151.96,490.0,290.21,322.21,232.5,33.43,125.7
21,01/07/2019,189.92,198.07,66.17,213.307317073171,322.4,233.67,34.42,45.8,186.5,57.25,246.77,74.75,112.56,32,82.64,54.37,32.4875,250.35,49.9133333333333,,68.56,124.44,40.49,58.156862745098,276.58,186.89,307.89,74.21,117.2,159.48,109.089347079038,115.36,0.518,82.45,117.75,533.58,74.21,396.63,76.72,104.14,157.0,36.47,224.75,,,118.3,240.08,175.85,187.24,98.55,39.71,100.873786407767
22,01/07/2020,283.06,238.04,85.49,266.078048780488,290.09,380.54,45.4,49.79,207.93,63.03,324.05,84.63,154.69,56.29,104.47,75.11,57.8625,299.54,77.67,,65.12,148.3,52.49,67.74,366.87,266.12,329.69,77.14,156.8,194.266666666667,145.3264604811,137.85,2.24,114.49,139.26,797.16,175.68,373.13,98.8,151.04,209.62,53.995,326.98,,32.81,142.43,289.79,223.79,231.98,151.83,56.91,143.514563106796
23,01/07/2021,558.36,234.02,81.49,247.317073170732,250.44,629.12,36.56,56.31,220.5,69.75,365.06,110.13,263.16,108.57,123.94,122.21,96.79,337.38,89.44,,62.52,173.6,77.97,70.01,447.69,495.19,382.41,90.05,188.06,269.403333333333,187.534364261168,183.02,4.31,118.7,242.05,1222.54,259.21,481.2,160.53,199.79,243.72,83.9625,500.33,,56.13,142.46,365.03,232.9,260.79,304.06,57.66,154.660194174757
24,01/07/2022,546.99,227.29,87.45,247.951219512195,232.6,663.16,42.11,54.24,233.18,76.34,408.64,133.12,328.68,115.46,155.87,111.59,117.8725,434.99,122.3,,71.26,252.21,70.31,78.95,363.17,550.3,370.36,73.19,256.91,324.29,245.077319587629,249.76,1.87,105.16,289.77,1542.39,250.08,603.73,181.65,234.81,263.57,103.82,607.07,,41.51,131.97,458.6,221.85,347.03,390.47,56.4,124.417475728155
25,01/08/2018,248.9,180.6,69.28,216,329.65,251,25.81,65.22,208.22,52.46,231.65,96.9,111.89,41.5,99.69,75.66,13.86,231.82,39.38,,74.4,86.75,44.42,58.3058823529412,258.55,165.08,227.06,100.81,98.6,130.62,142.560137457045,159.15,1.641,85.51,82.73,633.18,78.12,372.52,76.77,88.81,163.26,34.0975,202.72,,,110.15,224.76,156.89,204.76,101.41,68.3,122.543689320388
26,01/08/2019,192.95,200.61,65.99,217.268292682927,324.44,235.53,35.38,46.5,189.93,58.04,253.83,75.55,117.58,32.79,84.23,54.06,32.88,249.46,50.87,,68.09,126.19,40.86,59.1137254901961,274.93,189.29,293.75,74.9,119.63,160.996666666667,110.274914089347,117.71,0.615,83.03,128.31,556.53,74.15,397.26,78.77,106.71,158.9,36.83,229.98,,,122.0,243.29,178.19,192.39,101.69,39.44,98.6116504854369
27,01/08/2020,286,238.22,86.73,266.731707317073,292.66,381.79,45.64,50.06,211.41,64.37,327.65,85.45,154.93,56.68,104.9,75.53,58.3075,307.48,77.1533333333333,,65.8,149.28,52.29,67.93,375.0,271.68,332.16,76.53,157.6,193.926666666667,149.347079037801,140.56,2.24,116.5,143.78,797.07,176.95,382.42,98.59,150.95,210.69,53.775,327.5,,33.93,145.08,295.9,231.09,226.35,149.78,57.51,145.233009708738
28,01/08/2021,570.53,238.49,81.7,248.839024390244,252.54,621.37,36.75,55.91,220.8,68.21,363.23,110.03,271.01,112.49,122.97,123.89,97.0225,337.08,90.67,,63.04,172.28,80.49,72.1,436.77,513.2,379.61,93.83,191.08,272.916666666667,183.462199312715,183.55,4.35,119.71,243.1,1236.99,265.75,498.73,159.76,202.81,243.66,82.38,512.3,,53.28,141.14,363.39,237.0,261.82,307.53,58.18,154.320388349515
29,01/09/2018,251.44,183.38,69.38,220.89756097561,336.36,256.12,27.96,67.1,207.87,52.985,234.25,97.52,110.47,42.03,101.14,77.47,13.65,234.66,39.8366666666667,,78.1,86,44.22,57.6078431372549,263.08,165.73,242.8,96.29,98.54,132.533333333333,146.512027491409,160.64,1.641,85.88,85.66,649.99,75.08,368.65,77.9,89.96,160.78,34.4325,206.1,,,110.79,225.88,156.01,208.96,102.31,65.45,120.572815533981
30,01/09/2019,200.32,200.37,67.12,221.90243902439,326.63,237.37,35.88,46.58,190.35,59.115,258.26,76.32,117.99,33.38,84.44,53.92,34.6875,251.35,51.45,,67.94,128.3,42.08,59.9137254901961,276.25,192.22,305.24,73.7,122.16,172.37,111.417525773196,118.26,0.663,84.3,130.59,568.47,74.88,399.58,80.79,107.55,159.8,37.24,236.39,,,124.31,243.64,182.3,194.93,103.79,39.65,99.4174757281553
31,01/09/2020,296.54,238.93,86.54,266.868292682927,294.3,388.73,45.71,50.3,210.85,64.16,333.25,86.66,157.05,56.97,106.19,75.58,59.8175,306.41,77.9733333333333,,65.84,147.42,53.28,66.2,364.51,277.94,334.6,77.95,159.5,195.263333333333,150.266323024055,141.3,1.986,118.39,143.43,810.86,180.68,383.47,99.86,151.78,211.63,54.1725,329.61,,33.97,144.33,294.22,230.26,228.8,151.46,57.55,144.271844660194
32,01/09/2023,227.67,270.12,44.7,252.45,274.72,425.99,45.59,77.57,303.04,77.59,344.25,164.97,227.75,48.18,152.93,78.71,110.06,470.71,76.35,58.1,85.1,249.79,79.79,80.53,481.71,448.08,207.31,78.82,208.49,264.93,209.149484536082,381.96,0.539,77.54,296.4,1456.41,296.27,680.49,133.89,190.85,261.0,83.94,546.09,,27.4,148.1,490.06,283.23,320.4,240.73,32.99,126.05
33,01/10/2018,248.31,182.86,68.43,219.082926829268,336.72,249.8,27.52,68.06,207.09,52.9,230.99,97.21,109.85,42.46,100.37,78.07,14.65,233.89,39.5,,78.71,84.96,43.56,57.0901960784314,263.1,166.14,242.59,96.62,98.87,141.253333333333,146.451890034364,160.67,1.641,85.49,85.06,646.19,75.83,366.46,77.14,90.06,159.54,34.3475,206.29,,,110.36,224.2,157.38,207.32,100.21,62.76,118.961165048544
34,01/10/2019,202.64,202.68,67.31,223.853658536585,331.19,240.87,35.95,47.59,191.78,59.21,259.64,76,119.59,33.88,84.73,55.16,35.475,252.27,51.7033333333333,,68.04,129.75,42.56,62.3372549019608,275.02,192.72,309.77,75.12,123.36,172.69,112.45704467354,122.04,0.663,84.84,133.04,576.29,74.22,408.06,82.56,109.03,161.34,38.4225,238.86,,,125.67,244.87,186.03,196.97,103.86,40.04,100.699029126214
35,01/10/2020,293.33,238.26,85.9,267.765853658537,296.51,383.52,45.67,50.63,210.28,64.48,333.65,87.04,157.89,57.69,106.85,75.95,59.325,307.74,77.6133333333333,,65.03,148.14,53.17,66.62,364.12,281.64,335.53,76.47,159.3,199.573333333333,152.560137457045,143.81,1.969,118.64,143.35,817.69,182.53,381.41,100.34,151.01,209.65,54.035,328.73,,34.01,146.05,295.13,228.95,230.88,152.63,57.79,145.621359223301
36,01/10/2022,548.91,230.37,86.31,252.848780487805,235.31,664.48,42.41,51.03,233.69,77.84,416.09,134.64,334.11,118.31,159.6,113.73,115.585,437.83,120.12,,72.09,249.47,73.45,79.15,385.18,558.65,362.28,74.66,257.23,325.53,250.53264604811,250.72,1.78,105.62,289.7,1565.99,240.7,621.27,183.75,231.52,263.85,106.9425,625.04,,42.6,132.86,465.0,223.96,345.03,392.57,55.45,123.203883495146
37,01/10/2023,232.25,273.88,45.74,255.37,281.46,432.92,46.06,78.13,303.79,76.12,343.85,167.26,234.13,48.1,152.54,79.78,110.88,470.68,77.02,60,87.14,250.4,80.57,79.97,481.59,469.11,194.45,79.55,215.51,271.36,210.730240549828,382.67,0.557,78.89,292.0,1520.86,299.06,698.95,133.4,201.52,263.81,86.54,568.03,,28.04,147.5,486.0,288.75,335.93,245.93,33.32,125.5
38,01/11/2018,252.91,181.96,68.46,220.312195121951,333.07,251.21,27.43,69.11,210.89,53.39,228.64,98.14,108.06,42.4,101.02,80.03,14.555,235,39.9966666666667,,79.06,86.97,43.55,57.4901960784314,265.21,171.51,240.04,93.06,99.86,140.456666666667,146.288659793814,162.3,1.57,85.73,84.41,639.26,77.3,368.26,77.62,90.43,158.6,34.5425,208.66,,,114.93,225.39,158.4,207.73,99.09,64.25,118.728155339806
39,01/11/2019,198.25,200.56,66.81,223.287804878049,333.21,241.42,35.56,47.59,194.66,59.99,261.49,76.56,119.21,33.75,85.03,56.07,35.275,256.64,50.9333333333333,,68.16,129.14,42.89,62.556862745098,283.47,192.91,307.07,74.65,122.81,168.44,113.333333333333,122.16,0.631,84.84,133.38,576.96,73.05,408.63,83.51,110.0,159.49,39.4425,240.0,,,125.73,247.67,188.16,198.24,103.83,40.71,101.242718446602
40,01/11/2021,557.04,237.57,82.47,250.839024390244,267.52,615.79,36.44,55.74,219.92,68.68,359.65,107.35,276.31,115.4,123.63,123.12,92.66,338.77,89.37,,62.51,171.37,78.52,72.38,433.54,506.55,372.48,93.32,191.44,271.216666666667,186.426116838488,183.4,4.31,118.5,241.8,1245.02,254.65,502.92,159.25,200.46,241.85,83.705,513.35,,54.59,135.12,360.75,234.64,266.05,302.41,58.5,154.368932038835
41,01/11/2022,559.64,232.38,86.36,255.356097560976,241.52,674.98,43.4,52.71,240.14,80.02,422.29,136.45,357.95,117.83,157.88,114.44,120.2925,453.73,121.94,,72.37,250.33,72.33,80.54,391.66,555.06,423.8,74.44,260.29,328.02,250.807560137457,254.83,1.73,107.89,294.24,1571.43,245.67,626.09,178.46,234.75,268.17,108.0775,620.5,,43.62,130.82,469.0,226.15,344.42,399.49,56.33,124.640776699029
42,01/11/2023,234.16,272.91,45.44,256.15,285.03,461.17,45.81,76.52,309.23,78.44,350.31,165.39,246.94,49.46,152.84,79.76,106.16,480.54,77.71,64.99,87.19,252.32,81.08,80.62,493.0,463.02,204.05,79.68,221.53,259.96,218.40206185567,380.8,0.591,80.32,302.76,1553.73,303.94,709.94,135.53,200.69,258.81,86.62,582.56,,28.35,144.68,493.4,292.25,342.66,251.35,35.11,124.32
43,01/12/2018,258.43,185.04,68.34,222.156097560976,335.95,248.37,27.46,71.49,213.39,54.74,230.84,99,105.34,43,101.63,79.13,14.1875,239.82,40.2766666666667,,79.02,88.8,43.71,58.6980392156863,268.02,173.24,244.72,94.07,100.04,139.68,147.45704467354,166.25,1.57,85.45,85.82,650.6,75.62,366.96,78.89,91.67,158.23,35.005,210.17,,,116.65,228.64,157.93,209.75,97.74,65.79,118.543689320388
44,01/12/2021,552.88,236.59,80.56,256.663414634146,267.39,610.04,35.33,55.99,225.22,68.14,358.01,106.52,268.24,115.69,126.22,123.8,90.0425,334.78,87.85,,62.08,172.24,77.65,73.79,422.47,496.73,361.28,94.31,189.42,262.81,189.175257731959,183.27,4.23,117.29,237.89,1220.48,265.82,505.75,151.98,192.06,239.21,83.5025,498.77,,58.54,137.57,357.37,229.38,266.51,298.49,59.95,155.174757281553
45,01/12/2022,539.47,231.76,86.44,255.521951219512,225.34,669.7,44.41,51.68,238.78,80.32,420.7,135.71,359.86,115.38,147.14,113.68,122.595,451.83,122.26,,72.25,249.3,72.14,77.79,395.28,554.63,413.37,73.62,260.85,323.16,242.946735395189,254.63,1.5,108.95,292.08,1559.62,242.78,631.44,182.81,241.68,268.03,107.0925,625.2,,43.04,129.11,473.72,226.14,343.82,401.27,54.79,121.922330097087
46,01/12/2023,235.58,270.92,45.09,254.6,288.08,451.78,46.71,76.52,310.22,78.18,349.45,164.9,232.25,49.35,148.12,78.22,107.14,477.08,77.75,65.65,85.72,255.15,79.87,79.51,494.29,469.71,193.75,80.45,219.5,256.94,216.778350515464,380.84,0.6,79.85,299.15,1536.21,306.28,714.57,132.16,200.23,256.35,82.17,581.54,,29.03,146.18,495.67,296.25,335.7,248.09,36.0,123.2
47,01/13/2020,298.07,236.92,89.37,269.463414634146,293.9,384.14,45.47,50.44,203.51,63.4,333.55,86.15,159.1,59.45,106.56,76.92,58.96,296.74,77.8,,64.31,147.16,52.91,66.22,356.88,282.29,323.15,77.1,158.15,201.04,153.969072164948,143.65,2.432,118.01,139.77,822.57,184.45,378.93,100.63,151.54,206.89,54.325,332.02,,34.14,144.88,285.85,226.49,228.82,155.94,58.11,144.679611650485
48,01/13/2021,551.14,237.74,82.4,256.59512195122,266.67,604.32,36.06,55.4,223.81,66.51,381.76,105.62,267.49,114.75,125.45,120.76,90.6375,330.43,89.26,,61.54,170.47,77.85,73.88,416.02,497.58,362.0,92.74,189.36,270.483333333333,189.054982817869,183.4,4.115,118.72,228.59,1216.63,270.4,511.9,151.52,194.1,243.2,82.645,501.71,,59.4,135.68,355.04,227.1,264.8,298.0,59.51,158.203883495146
49,01/13/2022,524.78,230.85,85.89,257.258536585366,236.67,639.16,44.57,52.24,240.55,79.88,416.13,134.89,351.85,109.98,145.01,115.29,113.945,446.83,120.46,,71.88,254.41,69.96,77.86,393.59,534.2,399.51,73.65,252.07,313.21,238.668384879725,254.75,1.515,108.78,289.19,1503.69,242.37,616.11,179.53,234.85,267.89,99.42,600.89,,42.87,133.05,467.43,226.58,337.94,380.78,54.0,124.339805825243
50,01/13/2023,239.76,271.73,44.84,255.85,288.04,455.2,46.53,76.87,314.21,77.04,350.39,164.28,232.62,49.08,147.94,79.03,108.47,483,78.31,65.44,86.27,258.87,79.95,80.37,491.36,479.08,201.11,80.83,222.14,258.9,216.245704467354,381.81,0.6,80.59,300.25,1557.78,305.89,722.13,133.77,202.03,259.82,80.85,583.84,,29.44,147.88,489.57,300.94,339.08,250.7,36.55,123.38
51,01/14/2019,193.94,196.78,66.12,220.858536585366,330.42,236.37,35.31,47.28,192.05,60.95,260.58,76.86,116.94,33.59,83.48,55.96,35.685,255.12,49.83,,67.25,129.26,42.53,62.6980392156863,282.08,189.79,299.19,73.54,121.49,167.57,112.671821305842,121.69,0.643,84.75,132.75,573.22,74.35,400.73,81.72,107.83,157.66,39.07,235.04,,,125.25,248.06,183.91,195.84,102.66,40.07,99.6990291262136
52,01/14/2020,287.61,240,89.21,269.229268292683,298.97,384.16,42.66,52.45,205.19,63.17,336.07,88.83,159.61,60.31,106.5,77.75,58.765,296.88,78.6766666666667,,64.2,147.91,53.53,67.47,357.25,284.02,317.11,81.47,158.93,200.896666666667,154.974226804124,150.67,2.3,117.04,131.85,830.63,185.26,387.62,101.69,152.41,207.96,54.465,332.8,,34.84,145.46,288.24,229.75,232.08,156.49,58.76,144.019417475728
53,01/14/2021,554.64,241.66,80.05,251.482926829268,280.29,593.14,36.16,55.39,220.78,65.03,375.15,105.64,266.91,115.24,124.97,119.64,88.02,322.52,87.49,,62.4,168.27,76.48,73.03,405.0,488.9,371.04,92.04,188.11,265.713333333333,189.175257731959,182.82,4.2,117.77,223.76,1204.21,284.14,517.91,148.13,189.84,242.13,84.3,496.91,,56.91,133.59,350.53,226.12,262.9,298.72,59.28,157.883495145631
54,01/14/2022,524.63,235.36,85.74,256.214634146342,239.3,628.23,44.86,53.09,242.17,80.55,410.52,136.2,355.01,108.24,142.3,116.32,111.835,452.14,118.26,,71.77,257,69.59,77.78,391.66,529.35,405.14,74.88,247.34,307.74,237.182130584192,256.52,1.5,108.55,286.1,1512.76,242.71,615.24,178.47,234.52,266.71,97.5275,594.8,,41.51,133.67,468.69,234.06,333.73,379.78,53.94,123.669902912621
55,01/15/2019,195.05,199.38,67.54,225.151219512195,337.54,237.9,36.72,47.63,196.55,62.56,268.68,77.26,116.46,34.07,85.03,56.77,36.7625,260.35,54.03,,68.52,131.49,42.94,63.6392156862745,288.61,196.01,305.48,78.76,122.88,171.82,113.951890034364,123.05,0.585,86.03,135.11,582.11,76.97,405.02,82.36,109.66,162.14,39.7,235.47,,,127.03,256.87,186.68,197.64,103.81,39.81,101.135922330097
56,01/15/2020,274.1,241.7,89.56,270.536585365854,293.09,376.43,42.57,53.81,208.23,64.52,343.85,91.37,158.84,60.84,106.73,78.05,58.585,301.55,78.93,,64.1,147.25,53.75,68.5,364.07,288.49,320.39,80.54,159.37,199.08,153.118556701031,154.03,2.24,117.33,138.95,818.39,187.06,390.75,101.73,152.57,206.75,55.075,335.2,,35.01,144.3,296.41,234.15,234.36,157.19,59.1,143.834951456311
57,01/15/2021,567.23,245.49,80.04,255.356097560976,275.84,601.15,36.33,55.44,218.9,63.99,376.89,106.8,273.72,115.5,124.39,118.75,88.55,326.42,87.87,,63.33,168.77,76.1,71.46,406.81,489.46,376.35,90.56,187.79,259.473333333333,192.190721649485,184.42,4.09,116.81,220.74,1218.44,281.2,517.93,148.52,184.38,241.99,86.9275,503.14,,55.52,132.48,351.3,225.55,268.33,299.41,58.44,155.456310679612
58,01/16/2018,263.88,185.54,67.67,222.965853658537,338.85,249.11,26.98,72.58,214.75,54.65,230.96,99.55,105.76,42.64,101.22,79.15,14.1025,241.75,40.0233333333333,,80.25,88.79,43.75,59.6392156862745,270.17,176.1,241.42,91.65,99.93,140.023333333333,146.907216494845,170.66,1.57,85.32,89.63,649.42,73.79,370.21,78.53,91.71,159.47,35.065,208.01,,,116.42,232.9,155.71,208.94,97.83,65.65,118.135922330097
59,01/16/2019,206.79,198.89,68.26,225.629268292683,332.03,236.56,36.62,48.42,196.73,63.23,272.15,77.3,117.03,34.63,84.27,57.27,36.7625,261.92,52.2133333333333,,67.64,132.31,42.97,62.7294117647059,293.3,197.24,305.63,76.56,124.74,171.976666666667,113.427835051546,123.6,0.591,86.99,135.97,580.15,73.98,404.54,83.08,111.25,163.4,40.08,234.63,,,129.64,261.46,186.15,198.74,104.51,40.15,101.941747572816
60,01/16/2020,285.03,240.5,89.99,270.117073170732,286.14,379.7,43.2,54.42,210.95,65.13,349.06,91.46,159.96,61.47,107.11,78.99,58.6025,305.05,79.5266666666667,,63.2,147.77,54.22,69.38,367.13,289.92,325.96,80.62,160.97,199.43,152.697594501718,156.26,2.42,118.86,140.86,830.67,191.46,385.57,101.22,154.13,209.46,54.8525,336.74,,34.68,143.94,300.74,235.5,237.61,158.36,60.14,144.436893203884
61,01/17/2018,272.25,188.01,68.2,225.726829268293,344.87,252.64,27.25,72.65,220.36,55.675,235.19,101.3,106.77,43.05,101.49,79.06,14.08,249.15,40.1633333333333,,81.74,89.4,44,59.8823529411765,275.75,179.36,242.05,90.31,100.22,143.7,148.324742268041,172.83,1.57,86.11,91.97,656.51,72.91,374.07,79.65,91.9,160.27,35.1675,211.48,,,116.05,238.43,156.99,209.16,99.36,62.65,118.922330097087
62,01/17/2019,212.67,201.92,69.12,230.351219512195,338.34,237.84,36.81,48.17,194.5,62.635,267.5,76.08,118.45,35.21,85.1,56.72,37.375,261.89,53.0366666666667,,68.65,134.06,43.1,61.3960784313726,291.02,196.9,310.05,78.67,124.09,178.093333333333,116.202749140893,124.39,0.591,87.6,135.4,587.69,74.81,417.38,84.33,112.65,164.41,40.4875,238.17,,,130.52,259.77,190.52,202.34,104.26,40.25,103.126213592233
63,01/17/2020,280.7,241.49,89.73,270.321951219512,285.5,376.89,44.28,53.93,212.52,64.54,355.31,91.06,159.78,60.88,107.06,79.47,57.6975,305.39,79.5466666666667,,62.98,148.4,54.32,69.29,366.55,285.8,324.72,80.5,161.51,200.01,152.061855670103,156.33,2.427,119.03,136.82,831.31,188.76,385.94,101.32,154.13,212.17,55.1525,339.19,,35.13,145.03,298.47,235.83,239.6,157.59,59.96,145.029126213592
64,01/17/2023,246.04,269.42,44.74,256,289.59,454.92,46.04,76.42,315,76.74,345.33,164.16,236.53,47.96,147.55,79.07,109.51,480.96,78.86,63.33,85.41,258.32,79.46,80.86,490.46,480.19,206.44,81.26,221.54,261.73,218.865979381443,383.47,0.613,80.35,299.32,1531.3,298.92,728.11,132.48,199.88,256.4,80.85,587.86,,29.2,146.55,485.08,311.98,332.25,253.04,36.82,123.01
65,01/18/2018,270.7,187.59,69.2,226.458536585366,344.44,252.5,27.4,71.71,219.66,55.5,235.52,100.86,106.67,42.42,101.57,78.19,14.07,249.65,40.5733333333333,,81.17,90.11,43.85,58.5254901960784,279.44,179.0,241.31,91.92,99.92,144.023333333333,148.719931271478,171.78,1.57,87.26,93.77,653.75,72.89,371.28,79.54,91.43,160.28,35.005,212.41,,,117.32,243.16,157.19,207.87,98.59,62.31,118.631067961165
66,01/18/2019,220.09,203.88,70.63,236.175609756098,337.42,239.65,37.69,49.05,194.83,63.31,269.63,79.86,119.21,35.61,87.04,57.37,37.38,266.12,56.1366666666667,,69.18,134.54,44.12,62.1960784313725,295.56,200.87,312.75,78.42,127.19,180.85,118.298969072165,126.67,0.591,87.3,136.96,602.1,74.95,418.84,86.4,112.8,167.55,40.7925,240.66,,,131.97,265.5,194.7,206.94,105.25,40.83,102.271844660194
67,01/18/2022,489.56,233.83,85.86,254.068292682927,233.81,599.8,44.22,52.59,239.98,78.69,399.87,133.81,340.23,103.93,138.83,111.85,107.4675,448.09,115.83,,70.43,248.73,69.41,76.27,387.88,518.17,383.13,75.01,242.32,295.49,233.487972508591,252.54,1.4,107.49,276.32,1483.75,234.1,611.22,173.78,230.38,260.48,94.75,590.1,,38.41,129.97,460.99,231.07,325.4,372.16,53.16,122.669902912621
68,01/18/2023,246.8,264.39,44,253.57,283.47,452.36,45.09,76.47,308.36,75.09,339.42,162.95,234.53,48.18,145.1,79.42,106.63,471.71,78.31,62.08,83.74,256.76,78.92,80.32,484.75,481.32,205.84,82.27,220.55,256.35,215.936426116839,378.4,0.615,78.73,295.2,1539.65,289.16,724.55,132.57,195.14,252.02,79.99,580.05,,28.96,145.65,476.24,309.86,328.89,254.51,36.92,122.08
69,01/19/2018,269.46,189.28,70.01,228.790243902439,342.41,254.54,27.65,71.91,220.15,55.335,240.65,100.06,107.89,42.94,103.06,78.61,14.0125,250.06,41.3033333333333,,80.98,93.01,43.46,59.5764705882353,279.3,180.63,243.55,93.16,103.0,144.41,149.819587628866,170.36,1.521,86.68,91.83,666.69,75.18,371.53,80.86,91.96,161.28,35.18,213.51,,,118.09,243.35,157.97,210.72,100.61,61.95,119.883495145631
70,01/19/2021,557.41,248.27,78.83,254.409756097561,273.84,608.97,36.27,54.81,220.8,62.79,387.42,103.5,278.89,119.83,125.99,118.1,89.41,323.69,87.91,,67.07,166.1,75.99,70.43,407.31,484.93,390.21,93.96,188.97,259.47,193.93470790378,182.47,4.09,118.31,219.1,1231.16,284.46,533.89,149.29,188.71,242.07,87.945,507.38,,56.3,130.4,352.19,231.91,271.82,300.12,58.32,155.271844660194
71,01/19/2022,497.59,231.3,85.6,257.434146341463,230.81,598.44,44.05,52.07,238.8,77.61,398.15,132.39,336.68,102.56,138.98,109.62,108.8075,448.29,116.16,,69.07,245.33,70.42,74.55,377.84,519.13,384.36,74.78,240.28,293.46,233.694158075601,251.15,1.54,107.76,280.44,1469.07,235.02,618.11,176.8,231.86,258.3,94.9575,593.37,,37.86,129.42,462.52,230.84,324.46,375.45,53.02,119.679611650485
72,01/19/2023,236.3,262.03,43.64,253.96,280.13,450.55,45.46,75.48,310.66,75.86,342.39,162.94,233.53,49.29,145.3,79.53,106.2,480.22,78.47,63.94,83.62,256.98,78.76,80.22,491.72,475.13,196.38,83.88,222.29,252.5,217.001718213058,378.72,0.584,79.52,298.07,1518.46,292.38,715.57,133.01,199.17,253.31,80.79,583.86,,29.03,146.29,484.36,307.94,332.04,254.78,36.62,121.95
73,01/20/2021,564.37,252.36,79.52,256.878048780488,270.28,600.81,36.66,54.59,228.42,62.42,384.76,103.79,282.94,119.67,127.36,120.32,91.03,321.52,88.1,,67.99,167.95,77.22,70.18,411.34,495.04,403.54,96.37,190.54,266.19,197.517182130584,184.16,4.4,119.29,222.63,1268.8,293.05,542.27,151.26,189.53,245.21,89.1675,515.84,,56.38,131.7,350.84,236.7,271.13,305.05,58.68,158.699029126214
74,01/20/2022,490.71,228.9,85.99,257.531707317073,225.91,587.4,43.45,51.61,240.39,78.95,393.54,132.88,332.1,102.02,137.17,109.39,108.66,452.72,115.56,,67.81,240.76,69.85,74.13,383.01,511.15,380.44,74.76,244.4,292.73,232.70618556701,251.84,1.59,106.11,281.05,1470.53,232.32,614.38,175.14,226.85,257.02,94.305,588.16,,37.82,127.99,463.0,228.61,316.42,373.59,53.31,119.456310679612
75,01/20/2023,243.01,263.24,43.88,253.81,285.77,457.29,45.62,75.82,308.36,76.15,343.73,162.21,243.17,49.45,145.43,80.32,107.86,479.49,79.29,66.77,83.01,261.4,79.66,80.86,497.3,488.88,204.39,83.2,223.61,256.77,219.579037800687,378.04,0.595,80.91,297.45,1561.53,294.31,722.0,137.82,205.11,256.22,81.46,593.66,,30.36,149.47,486.72,309.84,338.75,259.55,36.97,124.09
76,01/21/2020,273.17,237.6,91.07,270.760975609756,287.19,378.88,44.07,54.01,213,65.49,358.56,91.25,158,61.52,107.34,79.9,57.905,305.99,80.7066666666667,,62.63,147.24,54.21,69.61,364.87,284.84,328.33,78.65,160.85,200.55,154.321305841924,155.27,2.78,120.32,138.38,835.13,190.95,363.71,101.34,153.81,214.65,55.3775,337.26,,37.6,144.99,300.53,233.99,243.67,157.61,60.34,145.126213592233
77,01/21/2021,543.81,252.03,80.01,255.512195121951,270.12,589.19,37.52,55.07,226.19,62.75,376.89,104.91,281.24,118.28,125.18,119.32,91.875,321.7,87.23,,66.98,167.4,75.92,68.44,414.6,496.44,404.87,93.9,187.69,266.223333333333,196.262886597938,182.79,4.38,117.91,222.31,1244.78,290.62,535.48,150.59,188.33,243.6,88.92,512.36,,55.79,130.74,355.0,238.64,271.26,299.68,57.64,158.21359223301
78,01/21/2022,462.78,227.72,86.28,258.175609756098,220.52,585.68,42.97,50.56,236.25,77.14,388.3,131.52,324.66,102.08,137.72,109.39,105.525,441.56,112.65,,68.51,237.93,70.63,73.54,375.25,501.96,365.94,74.79,240.95,269.53,233.307560137457,246.62,1.57,105.6,278.08,1458.34,224.14,621.4,174.88,227.68,254.68,91.775,580.33,,35.94,128.35,461.17,228.08,319.23,367.8,52.93,118.970873786408
79,01/22/2018,267.1,192.33,70.2,230.936585365854,347.64,254.65,27.71,73.51,220.75,55.795,241.31,102.66,105.8,43.7,103.57,78.95,13.775,250.5,41.5033333333333,,81.41,92.86,43.24,59.9294117647059,281.87,180.95,245.19,94.08,102.84,144.646666666667,151.426116838488,172.96,1.521,86.05,91.97,670.88,75.9,375.86,81.2,91.85,162.52,35.25,215.32,,,117.81,243.56,161.91,214.77,100.28,60.8,122.52427184466
80,01/22/2019,216.16,201.98,69.66,233.356097560976,338.96,235.52,37.26,48.65,193.08,62.775,267.51,79.71,117.59,35.39,86.18,56.85,37.705,264.57,56.0966666666667,,68.55,132.97,44.19,60.7686274509804,298.78,201.31,303.62,77.33,124.86,178.926666666667,116.580756013746,125.87,0.591,87.0,134.57,593.69,76.46,404.75,84.57,112.7,165.88,40.2525,240.7,,,130.61,265.69,193.88,203.66,104.45,40.76,100.893203883495
81,01/22/2020,279.31,236.75,91.16,272.029268292683,288.1,378.52,44.05,55.32,211.26,66.76,359.98,92.03,158.83,61.75,108.54,80.55,58.9125,303.51,80.9966666666667,,63.4,147.14,54.24,70.74,365.72,287.62,330.95,78.48,160.5,203.413333333333,154.26116838488,155.74,2.596,121.09,137.75,834.92,191.22,359.14,100.82,152.79,217.07,54.795,340.05,,37.04,145.58,300.59,234.61,244.09,157.22,60.74,146.582524271845
82,01/22/2021,534.08,253.5,79.51,252.439024390244,269.44,594.83,37.03,55.39,223.42,61.51,380,107.76,280.18,116.82,124.46,119.59,92.53,314.09,85.52,,66.94,166.97,75.7,69.13,405.18,492.86,406.25,97.89,185.59,248.026666666667,196.649484536083,185.01,4.34,116.58,223.12,1234.72,290.3,537.78,151.91,188.76,239.93,89.1475,514.6,,54.31,129.1,347.55,237.59,273.62,300.09,57.23,156.320388349515
83,01/23/2018,272.16,191.99,69.6,228.985365853659,346.75,254.83,27.82,73.21,219.79,55.485,238.7,102.81,106.97,44.76,103.12,79.04,13.9375,250.5,41.4666666666667,,80.95,91.73,42.95,59.843137254902,282.86,182.23,242.94,94.63,103.21,146.516666666667,151.013745704467,170.6,1.521,85.23,92.27,667.15,76.24,381.71,81.43,91.61,161.94,35.3725,214.55,,,117.25,245.21,166.58,210.99,100.38,61.17,120.883495145631
84,01/23/2019,217.22,201.56,69.64,233.307317073171,337.22,237.09,37.19,48.87,196.92,62.77,268.81,79.36,118.81,35.31,86.31,56.96,36.635,268.1,55.89,,68.25,133.79,44.4,60.3137254901961,299.28,201.64,302.29,75.2,126.13,176.65,116.838487972509,126.12,0.591,87.16,133.87,605.18,74.17,401.21,84.9,113.45,165.78,40.5325,241.46,,,130.44,267.02,189.89,229.51,104.7,41.02,101.728155339806
85,01/23/2020,270.78,235.04,91.1,271.931707317073,284.21,375.34,43.57,54.87,212.7,68.02,357,91.16,156.7,61.57,107.99,80.5,58.9,304.4,77.09,,63.94,146.69,53.82,71.0,363.58,285.9,327.0,78.24,160.91,205.0,154.441580756014,155.11,2.48,120.97,137.97,831.12,192.0,356.6,99.39,151.81,216.22,54.69,335.38,,37.4,147.78,299.46,233.91,241.93,156.55,59.66,145.155339805825
86,01/23/2023,251.38,260.97,45.14,249.58,291.93,467.04,45.85,75.48,308.17,75.79,346.14,161.72,252.55,52.59,147.01,80.1,106.4,477.94,80.06,69.52,83.23,263.81,81.63,81.28,494.55,496.14,216.38,83.48,228.75,255.98,221.503436426117,375.03,0.581,82.37,297.27,1576.68,294.82,729.91,140.75,206.85,257.49,82.29,604.82,,30.53,148.41,485.81,311.81,343.7,264.11,37.41,125.94
87,01/24/2018,272.28,190.63,70.14,232.819512195122,346.5,254.41,27.91,74.69,221,55.51,239.33,104.62,105.53,46.15,104.62,78.64,14.435,252.99,41.5966666666667,,81.3,91.49,42.9,60.7137254901961,286.32,184.08,242.49,95.34,103.5,145.826666666667,150.20618556701,174.58,1.521,85.76,92.0,672.69,76.63,383.32,81.42,91.7,164.49,35.34,215.32,,,117.99,244.85,167.45,214.3,100.3,61.83,121.378640776699
88,01/24/2019,220.67,200.97,69.95,234.848780487805,332.87,237.07,37.23,48.52,193.07,63.365,271.97,78.7,118.01,35.6,85.6,56.39,36.02,265.6,56.4,,67.86,132.69,44.58,60.078431372549,300.53,206.16,301.06,77.01,125.11,178.706666666667,117.147766323024,125.47,0.594,87.23,133.7,605.65,76.86,407.93,85.14,114.75,167.3,40.56,240.58,,,129.83,266.13,186.58,223.71,105.46,40.59,102.174757281553
89,01/24/2020,269.98,225.59,90.78,271.463414634146,278.14,369.97,43.21,53.82,206.01,66.61,352.36,88.92,155.3,61.58,107.79,83.19,58.485,297.28,76.8166666666667,,63.15,143.45,53.72,71.2,356.9,280.77,319.58,76.74,158.1,196.4,152.216494845361,152.62,2.46,119.26,134.57,819.95,192.56,345.28,99.78,151.29,214.23,53.74,333.68,,36.8,147.26,292.81,229.06,237.53,155.75,59.66,143.495145631068
90,01/24/2022,474.43,226.08,85.96,253.619512195122,224.69,583.96,42.66,50.81,236.42,77.53,393.31,131.55,330.09,103.74,138.3,110.73,106.7075,449.5,110.6,,68.57,243.6,70.89,74.38,379.1,511.65,364.96,75.34,243.7,271.98,233.805841924399,248.35,1.44,104.21,279.77,1462.64,223.0,621.48,174.11,224.29,251.92,95.4725,575.8,,36.28,130.74,462.27,229.68,322.88,383.52,53.88,120.04854368932
91,01/24/2023,252.63,259.7,44.91,245.75,291.88,457,45.84,74.85,308.99,75.76,343.15,161.43,246.26,49.57,143.9,77.31,106.03,478.52,77.11,69.6,84.02,252.68,81.59,80.75,500.35,486.7,215.15,83.64,225.78,257.98,218.204467353952,376.5,0.58,80.8,296.21,1534.75,291.68,727.47,134.87,204.82,255.75,80.15,580.72,,29.93,146.15,491.6,313.57,334.03,258.33,35.89,125.48
92,01/25/2018,273.56,190.08,71.05,236.439024390244,353.74,259.11,28.26,73.99,221.88,55.33,243.79,104.37,107.2,47.14,105.15,78.96,14.705,251.35,42.08,,81.19,92.83,42.9,61.2862745098039,285.91,185.73,243.39,94.26,104.58,149.936666666667,150.094501718213,175.2,1.521,86.82,92.06,678.05,77.09,391.84,82.75,91.85,165.55,35.5275,217.88,,,119.13,245.18,166.24,217.21,101.02,62.81,121.106796116505
93,01/25/2019,227.22,198.77,70.33,237.131707317073,336.77,240.31,37.45,49.35,196.28,64.5,275.61,79.66,118.76,36,85.41,57.09,36.2525,272.68,56.88,,68.9,132.9,44.83,60.5882352941177,300.68,208.85,293.88,79.95,125.98,171.68,118.041237113402,127.05,0.594,87.02,135.32,614.55,78.45,418.29,86.49,116.13,165.76,41.0725,240.9,,,131.14,268.05,189.5,229.16,106.73,41.41,104.281553398058
94,01/25/2021,539.47,257.1,80.1,253.892682926829,275.54,588.34,36.78,55.03,220.09,60.93,383.65,106.87,273.54,115.73,124.97,118.56,94.0975,315.37,85.89,,68.16,168.43,76.34,69.31,404.0,489.21,421.0,100.5,183.02,250.67,193.676975945017,183.15,4.56,116.9,224.84,1233.47,288.91,548.2,151.05,190.41,239.55,88.11,518.83,,54.29,127.56,347.81,241.31,273.35,300.26,57.01,154.669902912621
95,01/25/2022,467.99,225.04,85.07,251.804878048781,222.31,574.93,42.51,50.75,234.74,76.37,389.59,131.06,317.85,100.35,137.18,109.46,101.5575,439.18,109.49,,68.84,239.11,70.03,72.72,375.04,478.19,344.76,74.15,236.23,264.14,230.283505154639,245.63,1.46,104.17,270.21,1413.7,211.82,603.19,168.86,221.11,249.27,92.0,567.75,,34.82,127.96,456.84,227.11,310.38,378.36,52.72,117.427184466019
96,01/25/2023,252.08,256.54,46.14,246.78,292.34,456.69,46.12,75.73,313.59,76.05,343.58,163.46,240.92,50.16,144.91,77.48,104,495.59,77.69,68.71,84.07,253.64,81.7,83.75,502.22,485.18,211.04,84.97,226.5,243.8,217.955326460481,376.05,0.61,81.2,297.22,1531.57,289.7,741.18,135.08,205.0,252.95,79.83,575.32,,30.29,146.15,492.5,315.28,334.36,260.47,36.59,124.9
97,01/26/2018,283.97,196.01,72.26,240.273170731707,367.91,261.89,28.42,74.97,226.22,55.4,245.58,105.48,107.83,47.36,106.62,79.1,14.52,258.19,42.72,,85.46,97.07,43.38,61.9058823529412,288.29,187.03,244.83,95.51,106.01,146.746666666667,151.554982817869,176.72,1.521,87.12,92.49,692.3,77.76,374.36,82.75,92.1,168.91,35.58,219.78,,,121.23,248.47,169.21,218.14,101.52,62.84,122.553398058252
98,01/26/2021,535.1,258.6,80.81,252.048780487805,271.67,570.76,36.64,55.48,215.76,60.1,377.42,108.84,265.48,113.35,125.99,119.26,90.355,312.52,86.54,,66.7,164.13,74.52,69.11,395.85,478.1,420.55,99.39,180.34,256.55,190.69587628866,184.42,4.39,116.75,219.32,1210.91,284.58,544.1,146.24,193.18,238.0,85.085,507.83,,51.92,127.75,343.11,237.64,270.53,299.68,57.16,153.611650485437
99,01/26/2022,457.36,222.54,84.27,247.69756097561,219.6,572.05,43.04,50.8,234.02,75.34,382.36,130.55,310.88,98.12,135.4,109.49,98.9575,428.44,108.63,,67.34,240,68.22,74.45,377.09,466.52,331.78,73.52,232.64,264.46,229.209621993127,246.97,1.41,104.09,268.28,1405.53,199.0,605.25,166.47,218.12,248.26,90.9525,562.9,,34.8,129.17,458.43,226.58,308.51,378.57,52.51,116.980582524272
100,01/26/2023,262.95,254.88,46.16,249.14,291.92,475.91,46.35,77.88,313.2,76.61,349.11,164.91,244.29,52.27,146.97,79.61,106.65,502.19,78.21,69.22,83.62,254.85,82.93,85.51,499.36,487.0,212.78,86.01,228.52,250.55,218.393470790378,384.12,0.745,81.84,298.35,1523.71,286.13,742.3,134.96,204.92,252.41,80.32,577.37,,30.02,145.53,492.48,321.02,333.54,270.09,36.86,125.5
101,01/27/2020,260.91,222.95,90.53,272.926829268293,281.14,365.34,42.65,53.38,199.95,63.42,354.21,87.52,154.57,62,109.47,82.03,58.8625,283.79,76.3066666666667,,63.83,141.6,53.72,70.79,346.91,277.31,313.92,76.07,157.16,189.166666666667,152.482817869416,150.63,2.365,119.23,128.45,799.88,193.01,339.42,98.67,150.11,214.6,54.1975,330.96,,36.3,144.98,284.09,227.37,232.37,155.49,59.73,143.728155339806
102,01/27/2021,509.64,251.06,78.02,244.770731707317,265.15,547.01,35.82,55.29,212.56,58.42,360.71,106.84,252.87,109.55,125.12,117.85,87.41,290.17,84.84,,65.48,157.02,72.51,68.17,377.93,465.18,432.08,93.0,173.0,252.91,184.544673539519,178.19,4.18,111.5,216.93,1153.5,260.0,515.56,141.73,192.3,230.75,79.6075,482.48,,48.11,125.69,332.99,225.25,265.96,293.23,55.37,148.155339805825
103,01/27/2022,455.62,224,84.63,245.063414634146,218.94,564.67,43.23,52.31,227.43,76.27,379.46,134.69,312.24,96.88,135.08,108.75,95.88,435.83,101.96,,67.27,228.85,68.08,74.77,383.05,471.08,324.36,71.59,232.0,262.77,228.290378006873,255.1,1.51,103.18,275.85,1396.45,194.8,608.72,163.85,215.16,245.33,88.4625,553.74,,34.09,126.49,461.6,228.22,306.54,383.86,52.76,117.708737864078
104,01/27/2023,269.2,253.65,46,251.82,290.08,478.96,45.91,76.48,308.3,75.25,344.48,164.16,245.09,53.65,145.63,81.15,106.72,492.53,78.14,70.08,83.73,254.77,82.79,86.14,481.69,487.0,214.03,85.7,229.47,247.26,218.470790378007,379.2,0.73,82.58,300.41,1529.75,285.5,742.83,138.56,206.1,254.17,81.19,573.63,,30.36,145.21,486.05,321.45,333.13,268.62,37.0,125.88
105,01/28/2019,221.49,191.95,70.17,235.941463414634,330.01,238.07,36.85,49.14,195.08,64.48,273.64,80.12,118.58,36.49,85.49,56.07,35.34,270.01,56.1133333333333,,67.91,131.73,44.62,60.0941176470588,301.63,205.7,287.68,80.66,124.69,165.576666666667,117.268041237113,125.77,0.594,86.42,136.13,618.16,78.44,413.95,86.74,114.98,162.0,40.985,237.88,,,130.43,266.77,188.09,228.66,105.73,40.44,102.757281553398
106,01/28/2020,267.82,224.84,90.55,275.375609756098,281.95,366.99,43.45,53.8,205.33,65.25,355.04,89.11,156.93,62.95,110.82,82.9,58.735,290.32,77.64,,64.36,145.5,54.62,70.41,352.85,278.64,314.28,76.46,158.67,189.91,155.137457044674,152.12,2.5,119.18,131.37,799.95,193.51,344.08,97.53,151.05,214.2,54.6075,333.26,,37.01,145.22,285.87,231.97,235.86,157.33,59.08,144.854368932039
107,01/28/2021,536.58,247.75,77.15,249.960975609756,267.87,566.44,36.34,55.57,218.79,60.77,364.7,106.9,260.88,114.89,123.72,117.89,91.7225,300.51,83.38,,64.68,163.8,75.78,67.75,389.79,482.27,438.22,91.27,178.66,255.12,188.823024054983,180.13,3.97,114.77,218.47,1170.8,275.03,506.27,144.74,191.18,230.0,80.63,496.48,,51.58,127.84,338.15,230.04,266.56,298.92,55.34,152.456310679612
108,01/28/2022,463.96,229.14,85.29,249.492682926829,225.21,593,42.74,52.63,233.45,77.27,385.2,136.8,321.73,99.88,134.85,110.21,103.3475,442.09,104.87,,68.86,236.61,70.02,75.7,386.18,489.05,331.96,74.23,238.82,271.79,232.027491408935,258.21,1.51,103.13,285.11,1430.53,230.59,624.92,169.43,219.85,248.39,91.7725,572.03,,35.21,129.78,466.06,243.02,316.94,393.03,53.44,117.368932038835
109,01/29/2018,276.77,198,72.05,238.956097560976,358.48,263.41,28.33,75.23,223.9,55.635,243.6,105.09,107.47,47.39,107.88,79.09,14.41,257.02,42.3,,88.8,97.62,43.75,62.2823529411765,291.23,186.78,241.78,93.54,105.58,145.446666666667,153.015463917526,176.33,1.521,86.72,91.79,685.79,78.06,382.88,82.18,92.72,168.75,35.5025,218.81,,,120.27,247.41,167.14,218.7,102.4,61.98,123.679611650485
110,01/29/2019,222.03,192.11,70.25,236.536585365854,334.48,239.3,37.01,49.34,198.39,63.945,273.76,79.54,119.39,36.27,86.15,56.61,35.0125,272.71,55.3733333333333,,69.59,138.03,44.12,60.2039215686275,300.82,204.29,285.26,79.29,124.89,164.75,117.371134020619,125.29,0.594,86.47,134.6,621.01,76.55,417.15,87.7,113.98,161.07,41.1325,236.9,,,132.56,267.34,186.38,229.42,105.41,41.08,102.582524271845
111,01/29/2020,261.6,227.15,90.5,275.317073170732,282.52,368.64,43.95,53.74,202.54,65.2,354.32,89.86,157.71,62.8,110.67,83.08,59.635,272.91,77.5766666666667,,64.3,145.24,54.65,70.45,351.57,280.8,313.3,74.99,158.5,190.47,154.621993127148,149.34,2.6,118.37,129.24,802.62,195.76,339.25,98.5,151.52,210.68,54.3825,333.89,,36.99,143.9,282.9,232.41,234.01,158.11,58.93,146.359223300971
112,01/29/2021,525.38,241.43,76.83,255.404878048781,282.61,573.77,35.44,53.73,217.05,60.3,364.04,104.2,259.05,115.05,129.15,117.37,93.7125,296.98,82.58,,65.6,162.48,79.73,65.85,383.11,478.68,426.44,89.75,177.8,249.213333333333,196.658075601375,174.47,3.91,111.33,213.61,1168.1,267.18,503.84,147.07,187.11,221.01,81.2275,509.7,,50.93,124.68,333.58,229.08,264.67,299.49,53.49,149.194174757282
113,01/30/2018,270.08,191.27,71.75,237.560975609756,352.59,259.2,28.03,73.87,207.89,54.345,242.86,102.46,106.1,47.16,107.16,78.93,14.8275,243.44,42.2466666666667,,87.29,101.45,43.13,61.2313725490196,282.29,186.59,241.18,92.5,104.37,142.613333333333,152.465635738832,171.75,1.521,85.96,91.03,677.14,77.25,379.77,81.05,92.31,168.45,35.0975,214.62,,,122.53,236.65,166.54,214.87,100.78,61.4,122.271844660194
114,01/30/2019,232.83,184.86,71.72,239.492682926829,327.86,244.98,37.42,48.76,199.8,65.03,276.75,78.53,122.28,36.52,86.92,55.84,35.9025,297.56,56.2466666666667,,69.83,139.06,45.01,61.0274509803922,306.39,207.68,272.57,79.98,127.56,169.493333333333,118.874570446735,124.97,0.594,87.83,134.0,632.93,76.93,419.91,90.27,113.64,179.39,42.0975,245.06,,,133.02,270.37,187.05,231.57,105.91,41.57,105.300970873786
115,01/30/2020,262.89,226.15,90.64,274.292682926829,277.53,367.12,43.41,53.29,196.99,63.52,353.4,88.88,156.91,61.99,112,82.66,59.7325,265.89,77.99,,64.03,143.45,54.23,71.47,343.24,283.73,296.0,73.14,157.0,190.28,153.814432989691,147.2,2.585,118.15,126.75,777.0,196.92,336.18,95.43,153.31,213.83,53.25,319.86,,36.68,140.93,280.98,230.31,228.81,157.95,57.63,146.776699029126
116,01/30/2023,265.82,251.59,45.14,250.13,285.94,464.26,45.81,77.24,310.36,74.7,340.85,165.31,239.77,52.58,145.76,80.9,105.49,489.08,76.06,71.5,83.35,253.3,82.15,85.29,484.91,482.95,210.1,83.65,226.28,242.23,215.73883161512,378.69,0.707,82.58,302.69,1507.41,286.2,736.46,135.28,203.23,249.54,78.68,564.29,,29.63,145.16,485.79,319.98,324.32,261.82,36.53,125.83
117,01/31/2018,262,186.05,72.03,237.014634146341,347.81,258.53,27.96,71.79,208.35,53.62,244.67,99.67,105.44,46.54,105.82,78.04,14.55,247.85,42.1933333333333,,83.8,101.16,42.7,59.356862745098,281.83,187.04,232.64,90.29,102.19,143.89,149.914089347079,168.88,1.521,85.89,91.36,675.26,76.53,366.65,80.16,90.92,164.38,35.0725,224.11,,,121.5,236.78,166.87,215.61,100.2,60.81,123.417475728155
118,01/31/2019,248.95,187.11,72.49,243.375609756098,333.78,249.87,38.15,49.97,199.81,65.285,278.76,83.37,123.19,36.93,87.35,56.13,35.2575,303,56.8066666666667,,70.01,139.43,44.4,60.9411764705882,308.99,212.78,279.79,80.59,129.01,174.546666666667,119.716494845361,128.25,0.683,88.39,132.98,638.16,81.19,429.27,90.5,114.06,177.57,43.615,245.67,,,132.53,270.2,190.91,231.22,108.27,41.95,106.368932038835
119,01/31/2020,257.1,216.05,89.22,268.468292682927,268.85,360.92,41.87,51.21,192.38,62.81,346.89,85.56,154.58,61.1,110.67,79.87,60.1875,265.28,73.2866666666667,,63.2,138.8,53.52,68.94,336.24,271.01,290.07,73.07,155.25,186.593333333333,150.687285223368,142.61,2.49,115.44,122.97,757.18,194.04,337.94,92.48,150.69,210.7,52.4925,313.19,,36.29,137.11,272.45,227.05,223.79,155.95,56.0,143.592233009709
120,01/31/2022,494.96,227.14,85.44,247.941463414634,226,599.73,42.9,51.57,230.46,77.76,398.3,136.2,329.76,103.93,135.02,108.37,107.62,440.99,109.2,,68.68,240.05,70.24,75.3,392.5,507.3,348.82,74.33,244.9,284.18,233.127147766323,256.72,1.61,103.49,290.48,1472.68,248.0,608.59,172.17,224.4,248.05,94.1025,581.3,,37.4,130.06,472.57,243.05,320.12,393.22,53.42,119.436893203883
121,01/31/2023,269.73,252.4,45.69,252.22,290.9,467.46,46.25,77.25,316.67,76.24,348.93,168.96,243.25,53.55,148.48,82.39,107.09,499.99,76.7,69.52,83.94,255.07,81.37,86.15,511.7,480.5,214.2,85.14,229.41,245.69,216.59793814433,378.68,0.731,83.69,311.83,1532.92,287.32,758.47,137.53,206.51,253.81,79.66,570.33,,30.93,148.21,499.19,323.1,328.58,265.6,36.83,127.34
122,02/01/2018,255.57,185.56,69.95,235.629268292683,346,258.75,27.63,69.06,205.01,53.365,243.61,99.29,107.8,47.06,103.58,77.55,14.4675,243.93,42.3266666666667,,83.49,102.24,42.58,59.043137254902,279.77,193.95,230.29,89.67,104.12,141.973333333333,148.659793814433,166.27,1.521,84.98,91.48,684.11,76.85,345.79,80.02,91.39,164.78,35.005,222.36,,,121.29,235.22,172.99,217.37,100.14,60.73,124.456310679612
123,02/01/2019,244,187.07,72.13,241.385365853659,330.91,251.12,37.93,49.34,194.06,65.89,277.72,83.76,124.13,37.28,87.68,56.3,35.445,303.29,56.2333333333333,,70.05,139.71,43.7,60.5803921568627,306.3,205.38,282.86,82.92,129.56,174.883333333333,121.125429553265,127.33,0.716,88.31,138.86,642.82,82.53,430.15,90.86,114.73,177.31,43.9225,243.43,,,135.53,268.72,191.52,230.81,103.22,42.09,113.203883495146
124,02/01/2021,543.05,240.43,76.38,254.99512195122,278.46,591.68,35.95,54.48,216.8,59.6,365.11,106.89,266,117.49,133.34,118.81,95.655,292.56,81.92,,65.1,166.93,82.89,67.46,379.9,492.42,443.38,90.92,180.44,248.703333333333,201.383161512028,179.73,4.021,111.18,214.11,1180.82,263.75,508.08,151.93,186.32,226.54,85.0175,515.47,,52.76,127.68,334.0,231.77,268.81,297.02,53.92,149.417475728155
125,02/01/2022,508.56,228.68,84.93,247.053658536585,229.37,609.88,43.5,51.33,225.91,76.95,396.67,137.66,335.49,106.57,135.24,109.1,108.76,438.9,108.37,,68.47,237.33,70.53,75.95,390.68,513.51,356.45,75.19,247.1,286.51,234.501718213058,256.92,1.76,103.59,287.59,1496.43,248.08,613.36,174.28,225.64,248.6,100.3925,594.31,,38.61,130.46,468.41,245.66,323.72,397.24,53.11,120.378640776699
126,02/01/2023,282.53,246.41,46.28,254.17,291.6,473.42,47.54,75.72,313.28,75.14,356.58,161.05,248.21,54.72,148.64,84.81,107.71,498.77,81.48,70.01,84,261.46,82.78,87.06,513.28,483.2,216.52,85.6,233.49,251.19,214.896907216495,370.98,0.75,85.77,311.75,1560.54,290.53,758.0,139.27,214.49,278.95,81.28,587.36,,31.49,152.67,497.0,317.27,338.03,271.59,37.48,127.8
127,02/02/2018,257.38,187.01,68.55,231.326829268293,343.83,254.34,27.39,67.46,204.46,51.875,241.32,96.02,102.94,46.6,103.11,75.65,14.32,239.18,43.9433333333333,,81.73,99.69,42.04,58.3137254901961,276.5,186.36,220.18,85.92,100.54,138.986666666667,145.756013745704,159.21,1.643,84.45,90.63,667.16,75.84,347.86,78.08,90.6,162.25,34.5475,217.69,,,119.3,231.88,166.24,212.49,98.81,60.06,122.126213592233
128,02/02/2021,557.77,240.49,76.52,251.941463414634,277.72,596.64,36.64,54.54,217.81,59.64,375.12,105.62,272.4,117.73,130.99,111.64,98.6575,298.99,83.97,,65.13,165.85,82.14,67.43,376.99,506.65,440.25,93.05,184.41,252.613333333333,200.506872852234,180.55,3.95,113.95,212.06,1217.59,274.84,499.98,151.13,191.08,235.13,94.19,518.53,,56.46,128.02,338.72,217.33,291.31,294.6,54.56,153.883495145631
129,02/02/2022,505.62,228.93,85.55,250.409756097561,224.96,618.8,41.44,51.6,230.02,78.82,397.59,136.08,343.08,106.19,135.91,111.3,108.9175,444.16,112.84,,65.82,240.79,72.16,76.38,401.22,534.23,356.23,74.39,254.45,292.94,234.690721649485,258.46,1.82,103.37,295.66,1526.07,253.19,622.85,185.12,228.65,254.47,104.465,604.13,,37.17,132.69,479.78,253.57,330.17,408.73,53.61,118.165048543689
130,02/02/2023,359.88,246.53,47.01,248.47,287.52,480.49,48.07,76.28,301.53,72.57,362.53,158.47,259.92,56.64,145.47,85.82,108.03,480.41,84.51,70.65,81.39,257.99,84.44,89.08,489.77,504.22,224.94,84.49,240.65,260.9,219.063573883162,366.48,0.78,87.58,304.39,1583.88,292.95,751.2,144.38,220.86,282.48,80.85,587.07,,33.05,150.43,470.83,303.78,344.24,281.88,39.66,127.41
131,02/03/2020,253.02,216.88,89.69,272.49756097561,272.73,364.01,42.23,51.26,191.77,62.88,346.24,85.7,155.3,61.65,111.83,79.22,59.2725,266.43,73.3066666666667,,66.36,141.8,53.62,69.62,333.09,275.77,293.41,72.94,155.25,188.54,153.419243986254,143.9,2.4,117.99,124.97,758.06,194.84,341.12,92.87,151.0,211.64,51.8125,318.34,,37.59,137.26,274.02,230.51,226.05,158.29,55.62,144.184466019417
132,02/03/2021,546.18,237.08,77.29,254.565853658537,263.25,591.37,37.45,54.4,219.43,60.48,375.44,105.53,267.85,113.83,126.9,110.49,97.9225,298.36,83.86,,64.52,173.12,82.32,67.79,379.93,485.36,420.2,90.97,182.99,248.466666666667,195.867697594502,181.51,4.1,112.63,210.9,1188.38,274.4,491.18,139.72,182.87,233.95,92.1025,500.22,,57.12,129.58,337.89,211.0,281.27,292.08,54.64,153.941747572816
133,02/03/2022,503.31,224.04,86.1,263.980487804878,220.17,622.9,42.61,51.43,217.56,81.53,390.83,137.88,337.05,103.05,136.31,109.93,104.6825,451.79,111.59,,65.39,240.86,73.36,76.16,426.21,538.95,356.66,73.05,250.19,285.6,238.857388316151,267.42,1.65,102.17,297.61,1495.52,242.06,620.69,187.94,228.3,250.76,102.4,594.93,,34.54,131.45,488.77,243.75,328.63,402.15,52.6,117.73786407767
134,02/03/2023,343.1,245.17,46.68,245.84,283.63,470.88,48.5,78.67,292.59,71.01,354.49,156.73,250.35,56.05,142.81,85.48,108.43,477.71,82.12,70.55,84.5,258.08,84.68,86.76,476.57,482.41,214.26,83.61,237.18,254.68,214.209621993127,362.58,0.779,87.1,301.07,1591.65,295.19,783.13,141.75,219.03,283.14,79.16,587.76,,33.09,148.41,472.02,301.02,341.39,272.88,38.44,129.45
135,02/04/2019,244.54,186.18,72.57,241.131707317073,334.07,250.7,37.93,49.91,192.07,64.985,277.24,84.45,127.4,37.34,87.93,56.6,36.1225,304.21,57.1033333333333,,70.05,138.76,43.91,61.521568627451,305.96,203.16,281.04,81.6,129.02,174.143333333333,121.10824742268,132.26,0.669,87.81,136.36,642.52,81.08,425.4,91.27,115.46,177.14,44.445,243.59,,,134.68,268.21,187.98,230.29,104.77,42.79,114.640776699029
136,02/04/2020,256.52,221.81,90.87,277.512195121951,283.29,363.72,42.88,51.59,196.86,61.97,350.15,88.09,156.75,59.47,111.26,80.67,60.925,273.37,75.45,,67.4,144.37,54.09,69.75,342.75,279.12,296.0,73.88,157.04,191.356666666667,156.795532646048,149.25,2.558,119.99,124.49,768.0,197.72,356.0,94.24,152.21,216.35,52.0925,325.96,,38.53,138.49,280.84,239.66,219.08,158.94,56.57,152.203883495146
137,02/04/2021,615.16,237.22,77.18,248.673170731707,267.39,605.01,38.76,55.98,205.38,60.4,384.11,111.92,269.96,113.43,121.99,109.54,100.8125,294.36,85.43,,65.83,179.3,83.72,69.83,385.09,494.0,428.64,90.91,184.32,252.35,192.250859106529,186.07,4.03,117.0,206.65,1216.94,278.0,498.84,142.37,185.61,237.08,95.6825,488.96,,57.85,131.7,329.32,213.71,286.45,290.25,55.79,156.04854368932
138,02/04/2022,489.86,222.11,86.71,262.292682926829,221.53,626.69,42.77,51.96,221.37,80.57,388.66,136.61,335.65,102.65,134.05,109.34,105.0875,446.26,112.18,,63.9,239.08,74.74,76.13,429.85,526.44,358.38,72.69,249.89,285.73,238.384879725086,265.56,1.72,102.73,298.77,1491.9,243.49,622.96,182.95,225.94,250.95,102.5175,594.42,,37.05,129.81,483.17,241.96,325.91,400.75,52.3,119.252427184466
139,02/05/2018,242.4,174.75,65.52,219.336585365854,328.31,247.23,26.4,64.34,196.41,49.69,230.99,91.9,100.08,43.5,100.1,72.84,14.0475,230.45,42.2333333333333,,78.37,95.89,40.3,56.3137254901961,267.1,180.36,213.0,85.34,96.75,133.003333333333,140.223367697595,152.39,1.643,81.42,87.59,635.5,73.92,331.98,74.78,88.08,154.4,33.13,208.31,,,113.54,220.02,155.14,203.26,95.27,58.54,119.592233009709
140,02/05/2019,243.51,188.31,72.05,236.49756097561,336.99,250.15,37.75,50.2,186.45,63.735,277.85,85.77,126.4,39.23,87.49,56.85,37.185,303.55,56.7033333333333,,67.68,139.72,44.15,62.4862745098039,303.41,207.98,281.87,81.4,130.09,174.296666666667,121.915807560137,131.77,0.669,88.03,138.57,652.84,81.72,421.04,92.84,118.11,179.35,47.145,246.01,,,134.91,266.31,187.02,232.65,103.86,43.2,114.873786407767
141,02/05/2020,267.5,231.94,91.31,279.014634146342,332.87,371.19,42.62,52.68,206.48,66.07,353.57,91.44,157.81,59.26,111.98,82.17,59.635,287.33,77.0433333333333,,65.87,151.04,54.32,71.11,364.8,274.4,300.35,76.0,159.76,192.186666666667,158.350515463918,152.15,2.444,120.62,129.79,779.03,194.3,372.16,96.22,152.92,217.73,51.66,332.49,,36.81,142.0,295.73,240.76,220.74,159.57,57.22,153.106796116505
142,02/05/2021,620.45,236.32,77.3,248.468292682927,265.09,616.48,38.96,54.26,203.43,58.88,386.97,109.69,275.76,113.53,121.79,109.18,102.7575,290.85,85.1,,68.46,176.79,82.8,70.13,379.3,502.64,428.91,90.24,186.1,254.083333333333,194.63058419244,183.06,4.1,118.4,204.7,1195.2,281.17,498.98,145.03,183.18,238.78,95.1675,492.56,,58.58,130.69,324.51,215.26,283.48,291.35,55.24,155.233009708738
143,02/06/2018,241.45,176.65,66.67,221.970731707317,332.86,246.47,26.72,65.44,197.59,51.835,229.28,91.54,100.83,41.76,101.13,74.03,13.9025,234.83,42.36,,80.38,98.71,40.39,57.6705882352941,269.12,180.05,220.8,88.11,98.06,136.11,144.905498281787,152.52,1.643,81.67,82.43,637.28,75.12,338.8,76.0,88.33,154.14,34.44,209.48,,,116.86,225.18,159.27,202.72,94.27,58.46,118.73786407767
144,02/06/2019,244.04,190.76,71.77,237.141463414634,333.24,252.7,38.77,50.79,187.48,63.08,276.46,86.64,126.49,39.48,87.66,56.15,36.29,311.36,56.86,,68.75,140.03,43.83,63.3411764705882,301.77,208.83,284.18,81.42,130.66,173.983333333333,121.340206185567,132.62,0.669,88.86,138.28,655.15,81.43,406.56,93.59,118.59,180.7,46.8075,247.25,,,135.06,269.5,182.39,232.61,103.9,43.27,114.73786407767
145,02/06/2020,266.76,231.45,93.3,246.09756097561,337.24,374.24,43.01,58.26,211.86,64.35,353.02,92.48,159.07,58.98,111.69,83.07,59.75,282.33,78.88,,68.21,149.26,53.95,70.97,359.15,280.67,301.23,75.81,160.53,193.85,157.972508591065,158.32,2.45,121.3,128.03,778.52,198.41,389.85,95.6,154.25,218.24,51.0875,332.0,,37.09,141.08,292.46,239.12,220.09,160.38,57.6,154.378640776699
146,02/06/2023,342.46,243.85,45.16,250.16,288.28,469.69,47.66,77.03,288.44,71.01,346.44,154.49,246.91,67,145.39,83.95,106.73,478.67,79.09,71.86,86.36,253.52,84.34,86.23,486.22,485.53,208.7,84.36,232.31,248.98,210.051546391753,358.13,0.765,85.24,299.05,1555.98,292.17,780.86,137.9,214.64,271.48,75.57,576.17,,33.9,144.94,475.24,304.87,337.04,268.17,38.09,128.52
147,02/07/2018,234.33,177.47,65.55,216.507317073171,326.89,243.76,26.32,65.14,195.44,52.19,230.47,94.22,100.43,41.23,100.58,74.66,13.71,238.44,43.2333333333333,,82.76,98.4,40.45,57.2313725490196,264.9,176.83,221.2,86.34,98.21,133.176666666667,145.756013745704,152.83,1.473,81.35,81.66,641.96,75.62,334.61,75.77,86.17,153.67,34.1125,207.55,,,117.12,225.82,155.67,201.98,94.21,58.3,117.26213592233
148,02/07/2019,239.45,184.23,71.11,235.668292682927,308.73,248.03,38.85,54.25,185.96,63.91,272.82,85.8,125.38,39.52,89.74,57.03,35.99,308.05,56.75,,67.28,140.62,43.45,62.5019607843137,303.97,206.81,276.52,79.83,129.65,169.786666666667,126.683848797251,130.6,0.669,88.9,137.8,648.13,81.32,406.46,91.61,119.15,180.75,46.0575,242.91,,,132.94,269.0,180.18,230.0,102.8,42.86,114.844660194175
149,02/07/2020,258.67,229.33,91.25,240.887804878049,338.7,370.3,42.19,58.24,208.92,63.16,348.2,91.94,155.99,57.89,111.45,81.34,60.055,276.48,77.47,,68.87,145.93,53.17,69.97,353.26,278.4,294.3,74.14,157.0,193.143333333333,156.64089347079,156.32,2.43,118.95,128.0,787.15,200.03,381.87,93.07,152.87,214.81,50.265,326.21,,40.63,138.13,289.22,240.06,217.36,159.09,57.1,151.834951456311
150,02/07/2022,500.22,223.53,86.87,262.70243902439,221.3,625.06,42.91,52.63,224.48,80.79,386.9,139.41,334.77,103.18,132.21,109.01,105.215,449.43,111.13,,63.76,232.41,73.18,76.28,430.35,517.76,355.92,73.35,245.92,284.89,235.876288659794,270.2,1.92,101.99,297.8,1499.95,242.53,622.36,182.49,226.87,248.19,103.17,587.05,,37.54,127.21,483.7,243.26,325.88,400.72,52.12,108.417475728155
151,02/07/2023,345.07,244,45.61,253.19,291.43,476.94,48.09,78.61,289,70.98,348.94,156.79,252.64,71.58,145.92,84.73,109.5,477.87,80.04,71.63,86.05,255.23,86.16,87.14,481.0,507.68,215.74,80.96,235.84,253.06,212.405498281787,363.61,0.751,86.58,302.77,1557.94,289.36,769.94,139.5,217.01,272.45,78.44,583.15,,34.9,144.51,476.88,308.54,343.63,272.38,38.64,130.94
152,02/08/2018,220.71,173.12,62.56,206.282926829268,311.79,233.97,25.2,66.63,189.27,50.18,223.17,91.55,98.19,40.58,96.42,71.91,13.63,230.57,41.26,,78.22,95.97,38.8,55.5686274509804,262.37,169.28,209.54,83.92,95.23,127.29,142.147766323024,150.23,1.473,78.38,77.99,601.0,72.9,322.62,72.06,84.19,148.01,32.99,198.73,,,114.87,216.46,151.6,191.79,90.42,56.85,112.165048543689
153,02/08/2019,241.26,186,71.5,236.30243902439,315.12,248.85,39.19,52.67,181.37,62.9,276.07,84.31,125.43,39.71,89.09,56.13,36.3825,304.25,57.31,,67.47,139.53,43.61,59.15,298.89,207.74,284.1,80.87,128.81,172.35,124.42439862543,128.49,0.669,89.01,136.9,662.3,81.97,406.86,91.83,118.59,182.66,45.9325,243.51,,,131.49,261.9,181.34,231.0,102.69,42.62,117.067961165049
154,02/08/2021,602.44,237.57,77.6,250.556097560976,268.93,628.68,39.57,52.91,206.05,58.24,384.92,108.49,276.65,113.5,121.64,110.2,100.825,287.7,86.08,,67.97,178.94,82.28,70.78,378.34,495.76,451.06,93.62,186.91,256.663333333333,194.132302405498,183.8,4.11,118.07,202.54,1209.27,280.89,494.9,144.55,183.85,242.45,97.6425,495.76,,59.29,131.45,324.34,214.37,284.5,294.46,55.88,155.155339805825
155,02/08/2022,515.49,241.01,88.41,269.746341463415,222.39,617.6,44.16,54.15,231.77,85.67,405.07,142.24,337.05,101.18,134.52,111.26,106.3825,465.76,111.42,,63.7,239.48,74.04,77.86,433.0,521.61,354.77,70.07,247.37,283.39,238.994845360825,277.03,1.85,104.21,307.63,1500.69,247.69,617.94,184.74,230.69,255.1,103.3375,587.53,,38.34,132.32,493.41,240.94,328.94,400.69,53.0,116.388349514563
156,02/08/2023,334.83,240.2,45.68,250.23,285.45,469.46,47.59,79.92,290.2,72.92,344.46,157.85,257.84,71.31,146.28,83.57,109.84,483.54,78.08,70.17,85.67,256.4,85.61,86.74,494.21,497.43,198.5,80.5,235.51,248.85,211.305841924399,366.68,0.743,86.16,307.17,1554.7,288.07,749.66,139.31,215.85,268.22,77.0,579.23,,36.83,145.22,483.22,293.33,342.29,265.07,38.0,130.76
157,02/09/2018,229.37,173.46,64.31,211.843902439024,316.78,236.72,25.92,66.72,193.77,50.83,226.76,89.19,99.77,40.47,98.34,72.97,13.5875,231.71,42.09,,79.32,97.84,37.75,56.2745098039216,265.32,172.95,217.19,84.5,96.05,130.97,144.398625429553,148.93,1.473,79.48,78.44,600.37,72.75,336.38,72.83,85.57,151.22,33.3975,200.18,,,115.28,220.96,152.96,193.59,91.25,57.18,113.0
158,02/09/2021,615,236.65,76.99,247.970731707317,269.31,636.46,39.25,52.95,210.99,60.27,380.73,107.43,277.85,114.17,121.79,111,100.2575,298.7,85.8,,67.3,175.42,81.15,70.61,382.59,505.05,453.0,89.46,183.82,259.783333333333,194.828178694158,184.98,4.17,117.88,206.01,1206.5,282.03,490.68,145.62,182.77,242.15,97.4875,489.3,,59.61,130.51,329.63,213.82,282.71,289.89,56.1,154.514563106796
159,02/09/2022,545.94,237.19,89.45,270.478048780488,226.81,637.21,44.75,53.97,232.38,85.95,406.83,142.92,346.96,103.66,136.79,112.93,111.97,468.01,112.59,,63.38,243.42,74.26,76.57,436.54,531.81,367.86,68.28,255.57,292.18,241.96735395189,278.79,1.87,106.09,307.42,1554.67,256.35,619.77,189.26,237.35,260.22,106.0225,589.85,,40.19,136.84,498.1,244.24,335.16,408.78,54.37,116.553398058252
160,02/09/2023,321.38,240,40.14,245.23,287,465.76,47.06,78.26,291.51,71.56,335.62,155.02,249.82,72,146.02,82.71,107.24,485.6,77.28,68.41,85.53,256.2,82.44,85.76,491.93,486.74,195.86,81.24,230.31,244.18,209.106529209622,362.36,0.762,83.61,301.33,1534.64,286.54,744.77,136.75,192.34,264.36,75.86,568.93,,35.89,145.78,485.73,291.6,336.67,267.43,36.61,128.29
161,02/10/2020,259.03,227.42,91.28,245.853658536585,338.93,369.67,42.22,59.19,210.32,63,349.39,93.6,157.74,59.31,111.62,82.75,61.73,276.55,76.1466666666667,,68.99,146.68,53.26,70.18,353.0,279.15,294.41,75.11,159.93,194.976666666667,157.70618556701,162.14,2.36,119.38,129.35,780.77,202.64,386.21,94.26,153.88,217.23,51.4225,333.94,,40.01,139.61,287.03,244.75,219.13,160.06,57.45,153.611650485437
162,02/10/2021,605.78,238.46,77.61,246.731707317073,275,631.92,38.85,53.06,211.17,61.06,378.99,106.27,280.55,119.22,123.55,113.39,99.86,298.17,86.39,,67.29,174.79,79.6,70.74,378.0,516.54,450.0,85.17,190.05,262.696666666667,196.907216494845,184.04,4.07,117.44,206.2,1207.01,280.15,491.22,147.22,183.3,243.03,97.575,484.88,,63.18,130.5,333.4,212.53,284.02,292.29,56.8,155.669902912621
163,02/10/2022,532.36,228.82,87.75,265.307317073171,220.04,625.17,43.75,52.81,230.27,84.15,402.69,141.54,339.6,101.35,133.71,111.46,110.5675,457.6,110.64,,61.79,240.01,73.17,76.29,432.17,526.2,358.08,66.9,250.43,292.49,242.431271477663,273.53,1.78,104.88,306.16,1521.7,252.81,618.22,184.3,233.21,255.44,105.7175,580.28,,37.75,133.57,486.72,235.89,328.64,399.55,54.31,115.31067961165
164,02/10/2023,315.81,242.5,40.95,247.83,286.3,471.18,47.23,79.83,296.51,72.74,335.14,159.03,245.44,70.46,144.8,83.08,117.89,490.78,77.2,69.24,86.7,256.62,81.86,86.08,498.62,485.73,196.58,79.26,222.84,245.27,211.245704467354,368.07,0.73,83.69,304.31,1513.31,294.83,757.61,135.73,192.87,264.34,76.29,571.41,,34.3,147.04,494.25,297.4,333.78,271.14,35.89,127.91
165,02/11/2019,244.57,185.79,71.73,236.858536585366,316.87,252.93,39.31,53.19,182.89,61.95,275.23,83.64,126.07,40.01,88.25,55.99,37.8075,302.17,57.77,,67.62,138.66,43.79,60.39,293.76,206.64,284.37,80.21,129.1,176.486666666667,123.960481099656,130.43,0.669,89.6,137.09,662.49,82.85,408.51,92.05,119.86,183.53,45.95,244.57,,,132.7,257.14,181.53,232.35,103.57,42.97,118.669902912621
166,02/11/2020,264.46,228.96,91.85,250.156097560976,332.29,371.48,42.57,59.41,215.18,63.71,351.39,94.57,173.32,59.45,112.35,88.5,61.98,279.91,77.05,,67.76,149.56,53.43,70.89,357.17,283.38,296.0,76.14,161.7,195.94,159.896907216495,164.65,2.505,118.95,141.42,780.0,203.25,396.75,95.86,162.27,218.14,51.3775,337.78,,41.27,141.68,290.79,247.81,223.22,162.2,58.0,154.650485436893
167,02/11/2021,599,235.04,77.86,247.209756097561,278.81,643.81,38.87,52.41,208.46,59.97,385,104.53,289.25,123,125.06,113.33,102.55,292.84,88.07,,66.92,175.55,80.02,69.62,381.19,528.47,451.22,84.99,192.85,266.276666666667,203.788659793814,181.77,4.11,118.72,216.26,1202.07,287.11,490.54,148.7,182.34,245.34,98.755,494.05,,60.71,130.04,333.07,210.5,282.83,291.09,56.28,157.485436893204
168,02/11/2022,509.1,228.2,85.91,263.39512195122,214.59,629.8,43.11,52.55,227.5,83.32,394,140.24,330.96,99.24,132.37,111.62,105.14,447.91,109,,62.07,237.57,71.99,76.13,423.97,515.05,330.9,66.76,244.28,283.16,237.33676975945,271.19,1.71,102.99,303.23,1430.41,248.06,638.41,180.55,229.79,251.65,104.645,566.29,,35.29,132.59,478.13,233.89,321.77,391.2,53.97,112.825242718447
169,02/12/2018,233.13,174.87,65,213.551219512195,316.63,239.69,26.18,68.03,193.56,51.545,226.76,89.45,101.99,40.62,99.07,73.41,13.6725,232.77,42.2966666666667,,80.14,98.28,38.04,56.6117647058824,267.05,175.06,221.03,87.52,98.63,132.836666666667,144.750859106529,149.02,1.473,80.24,78.39,613.87,73.47,342.67,74.5,85.86,153.66,33.86,204.51,,,115.61,225.69,152.01,198.45,91.96,57.38,113.126213592233
170,02/12/2019,254.32,188.43,72.48,240.253658536585,319.43,258.1,40.04,54.53,185.12,63.05,278.09,85.79,129.2,40.85,89.26,57.36,38.1825,306.44,59.1966666666667,,65.4,140.22,44.72,61.01,296.33,209.5,292.2,81.4,131.66,179.903333333333,125.936426116839,134.0,0.669,90.25,129.39,672.49,84.35,416.34,93.57,120.8,185.66,46.6625,248.33,,,133.35,263.5,184.01,234.14,104.96,42.98,120.339805825243
171,02/12/2020,273.61,227,91.43,246.078048780488,331.76,375.58,42.23,60.13,222.56,66.49,353.09,95.78,171.33,59.33,111.15,87,61.5,296,75.6033333333333,,66.95,150.56,52.6,71.86,373.86,283.28,293.28,75.83,166.11,197.613333333333,161.091065292096,168.02,2.54,116.49,145.73,772.79,201.81,406.3,96.5,167.83,216.08,51.3675,334.57,,41.25,140.31,303.48,242.21,224.37,162.2,58.01,154.077669902913
172,02/12/2021,609.58,237.21,78.73,250.068292682927,278.03,662.35,38.39,51.86,206.93,59.2,385.4,105.18,292.8,125.27,126.02,104.99,103.14,290.68,87.65,,66.89,173.51,82.98,69.46,380.64,544.08,504.76,84.33,192.66,269.27,204.690721649485,182.24,3.9,119.74,216.28,1220.66,289.77,485.62,150.57,183.0,248.15,99.715,507.83,,60.63,129.28,328.24,213.98,283.95,294.01,55.35,156.679611650485
173,02/13/2018,233.73,175.94,64.63,210.146341463415,316.99,237.36,26.11,65.69,195.44,51.5,225.82,97.77,107.66,40.81,101.39,73.54,13.6675,233.45,42.45,,80.79,98.92,37.8,52.8549019607843,268.07,175.39,220.44,88.03,100.06,134.0,146.915807560137,146.18,1.473,80.22,75.46,613.69,72.46,324.57,74.22,85.65,154.56,34.25,203.5,,,116.2,226.64,154.14,200.2,93.0,56.99,112.553398058252
174,02/13/2019,251.85,188.98,72.67,239.073170731707,321.54,261.79,39.6,55.05,188.8,63.69,278,86.41,139.12,41.13,89.88,57.92,37.2625,305.7,58.7433333333333,,65.94,140.89,44.9,62.09,299.35,210.39,293.52,81.06,131.82,177.823333333333,126.451890034364,134.17,0.637,90.67,137.01,668.61,84.96,412.09,93.77,120.19,185.29,47.2625,247.39,,,134.11,263.8,185.25,234.23,105.84,43.87,119.961165048544
175,02/13/2020,272.97,223.04,92.57,248.146341463415,334.25,379.34,42.18,59.4,221.89,65.89,352.97,94.52,172.3,59.6,112.16,86.24,63.0525,298.87,75.5133333333333,,66.8,150.88,52.44,71.51,380.2,285.05,291.38,78.05,165.79,200.116666666667,167.29381443299,167.91,2.721,116.83,145.58,769.48,205.41,398.81,95.99,167.0,217.41,51.4125,335.59,,40.09,141.5,302.2,240.09,220.58,174.38,58.11,154.106796116505
176,02/13/2023,325.26,243.66,40.5,247.25,290.46,471.92,47.69,79.46,298.56,73.08,338.39,158.61,253.5,70.55,146.27,83.74,118.28,495.21,77.61,69.43,87.49,260.12,83.46,88.82,501.94,496.68,215.94,80.08,232.11,245.13,213.170103092784,366.96,0.73,84.39,299.38,1554.24,298.61,763.97,138.7,196.32,266.99,77.09,575.0,,33.44,148.39,495.35,299.18,339.05,273.31,36.89,128.05
177,02/14/2018,246.34,179.52,66.03,214.585365853659,296.08,247.91,26.81,67.34,195.55,51.065,229.79,96.4,110.31,41.58,101.51,74.75,13.935,235.02,43.4033333333333,,81.82,99.91,38.03,53.6705882352941,267.47,178.26,223.11,88.17,104.68,136.63,148.35910652921,148.77,1.473,81.86,73.25,624.67,74.5,330.69,75.46,88.33,156.24,35.265,208.31,,,116.85,228.78,157.26,204.62,95.04,57.18,114.271844660194
178,02/14/2019,250.75,186.68,72.44,238.546341463415,324.71,261.42,39.92,55.5,192.22,63.96,276.01,86.45,139.7,41.58,85.5,58.09,36.9575,308.17,58.7066666666667,,66.37,142.22,45.23,62.37,301.56,206.94,292.47,83.42,141.13,178.693333333333,126.082474226804,134.39,0.65,91.23,136.08,662.91,84.83,414.97,93.35,121.04,185.54,47.1375,246.14,,,133.73,265.33,185.72,231.5,100.9,43.68,118.922330097087
179,02/14/2020,274.95,223.48,93.14,253.873170731707,333,403.63,42.31,59.62,220.34,64.94,353.31,94.36,176.48,60.45,112.85,85.98,70.9775,297.82,76.85,,67.56,149.57,53.02,72.13,375.85,288.78,298.92,78.45,164.32,201.12,167.766323024055,168.03,2.65,117.33,144.99,763.2,212.32,399.55,95.56,168.51,221.54,52.1325,339.19,,39.66,139.93,298.78,243.82,216.06,174.57,57.85,155.728155339806
180,02/14/2022,505.67,224.27,85.45,262.341463414634,214.12,620.98,42.73,52.29,225.24,82.01,391.35,140.18,327.44,98.97,130.29,113.65,101.75,443.97,107.73,,61.11,235.42,70.31,75.79,419.64,505.53,329.45,66.02,239.9,281.14,234.26116838488,270.67,1.68,102.31,307.51,1416.12,245.56,623.53,181.13,226.55,250.45,103.41,561.19,,34.59,132.22,474.4,231.23,318.05,383.68,53.54,113.582524271845
181,02/14/2023,331.52,241.03,39.91,243.41,289.08,462.52,47.28,78.75,299.36,73.38,337.58,157.36,251.74,70.35,144.59,82.89,118.55,491.48,76.59,72.61,85.68,258.9,83.15,88.98,501.68,503.65,212.83,79.36,227.07,241.09,209.510309278351,365.85,0.729,83.4,297.91,1545.49,293.2,754.21,137.97,194.84,264.66,77.0,571.48,,35.23,148.34,492.83,300.25,339.32,276.04,36.99,126.71
182,02/15/2018,252.77,183.6,66.44,217.082926829268,299.38,246.83,27.09,68.1,191.94,49.88,232.53,97.6,109.65,42.87,103.09,73.84,14.1775,232.06,44.8933333333333,,81.55,100.95,39.18,53.6313725490196,267.45,181.45,229.13,85.59,101.57,139.52,149.450171821306,148.7,1.473,82.94,72.6,631.97,76.75,333.18,76.43,89.49,158.54,35.375,210.72,,,118.5,226.02,160.94,206.9,88.34,57.7,116.300970873786
183,02/15/2019,254.96,188.34,73.43,242.282926829268,332.87,270.34,40.01,55.48,197.87,64.97,279.07,86.66,140.86,42.03,87.81,59.1,37.1225,311.58,59.26,,67.59,144.26,46.29,62.39,310.3,210.26,299.82,84.15,141.85,182.833333333333,129.012027491409,135.56,0.65,92.27,135.34,668.86,88.46,423.97,93.99,122.28,186.83,47.9075,252.49,,,135.53,271.13,188.07,234.69,101.91,43.58,120.04854368932
184,02/15/2022,528.24,223.94,85.59,264.536585365854,217.37,617.69,44.01,53.53,228.41,84.08,397.95,141.48,312.63,99.68,131.11,116.9,104.3775,449.89,110.93,,61.33,242.39,70.62,81.84,422.1,510.87,342.12,67.5,228.64,289.31,227.33676975945,273.9,1.71,103.91,319.79,1429.76,254.34,630.15,180.88,232.36,258.72,103.1875,556.67,,37.09,135.12,478.23,233.41,319.9,385.37,56.51,118.582524271845
185,02/15/2023,338.39,240.07,40.06,243.55,278.98,460.52,47.29,78.58,298.58,73.1,346.08,158.81,251.53,69.09,146.62,83.12,120.17,487.13,77.92,72.32,85.05,259.04,83.62,88.64,498.32,514.59,214.05,79.35,227.03,244.77,213.264604810997,363.64,0.699,84.49,293.92,1561.8,297.74,752.4,135.33,198.13,265.28,76.8,566.83,,36.23,148.14,491.25,298.75,336.9,279.18,36.59,126.51
186,02/16/2018,251.5,183.55,66.33,217.434146341463,291.87,249.04,27.2,69.34,193.81,50.11,232.47,99.4,108.11,43.37,104.53,73.65,14.335,235.02,44.6066666666667,,80.7,101,39.29,54.5254901960784,269.0,182.48,229.2,86.03,101.72,138.66,152.740549828179,150.5,1.472,83.31,72.12,634.37,76.73,332.15,76.39,90.11,159.87,35.3,210.61,,,117.9,229.37,160.72,206.18,87.45,58.43,116.970873786408
187,02/16/2021,614.21,232.84,77.8,251.063414634146,279.32,649.62,37.93,51.75,203.27,58.19,386.46,103.37,286.74,122.78,122.08,104.18,101.095,289.62,86.98,,64.8,174,83.43,70.58,375.15,538.16,492.55,82.13,190.5,263.983333333333,203.067010309278,180.8,4.15,119.68,215.43,1190.83,282.22,480.71,146.49,182.5,247.86,102.75,500.08,,60.52,128.21,324.62,210.27,282.51,295.61,54.23,155.699029126214
188,02/16/2022,526.38,222.66,85.13,264.517073170732,214.55,612.69,44.19,54.54,229,84.22,401.29,142.73,305.28,99.93,131.72,120,103.4075,458.58,110.66,,61.9,251.99,71.04,84.23,428.77,508.01,333.86,67.83,232.18,291.14,231.632302405498,275.82,1.73,103.15,322.43,1462.2,252.33,630.9,181.92,232.99,259.59,103.0075,550.35,,36.58,137.81,480.05,235.77,319.56,379.32,56.63,118.932038834951
189,02/16/2023,326.17,234.22,39.8,241.94,271.53,455.91,46.48,78.64,299.43,73.01,343.73,160.47,254.25,71.89,146.66,83.42,117.26,486.99,77.28,70.91,83.39,263.15,82.62,82.82,505.69,506.4,211.82,78.24,224.0,240.16,220.008591065292,363.75,0.65,84.2,292.97,1534.51,298.91,736.33,134.88,191.68,263.21,76.24,557.58,,36.22,149.98,487.35,292.04,327.33,319.77,35.8,125.11
190,02/17/2021,599.53,235.61,77.68,250.556097560976,276.67,655.72,37.5,51.72,208.02,58.61,384.65,105.31,299.48,120.95,121.85,103.11,103.53,290.25,85.07,,65.1,176.44,82.5,64.87,377.52,540.35,494.24,83.77,188.93,260.02,208.719931271478,181.29,4.34,118.16,216.9,1166.46,279.69,481.68,144.42,185.0,246.57,101.815,498.46,,60.81,129.02,326.86,214.85,282.58,293.99,52.69,153.961165048544
191,02/17/2022,501.76,221.68,82.8,259.658536585366,210.6,588.23,42.83,54.51,227.11,82.81,388.95,142.11,291.63,97.97,129.12,117.32,96.8125,451.34,106.88,,61.29,250.8,69.88,84.0,424.71,493.35,317.84,67.83,226.36,284.08,225.017182130584,273.35,1.71,101.7,319.84,1417.12,240.81,626.72,177.82,226.7,251.58,99.5475,540.54,,35.71,136.36,470.34,232.77,314.98,387.3,55.55,116.47572815534
192,02/17/2023,316.71,240.53,41,244.52,278.38,483.23,46.54,78.78,301.06,73.36,345.12,161.49,249.76,71.37,148.22,83.93,114.76,495.04,78.51,73.17,84.76,262.84,82.73,83.14,510.14,496.46,211.83,79.0,219.73,238.91,220.154639175258,366.86,0.66,84.8,296.07,1513.93,296.0,748.74,133.44,189.66,263.16,75.96,559.7,,34.77,150.75,499.08,293.66,328.73,313.72,35.84,125.97
193,02/18/2020,269.93,221.69,92.22,249.756097560976,337.1,407.45,42.16,59.01,221.95,66.71,356.35,94.31,175.92,59.3,112.59,85.4,74,302.45,76.5133333333333,,67.01,148.23,52.61,72.99,372.12,286.75,299.92,79.3,165.42,201.556666666667,164.037800687285,167.63,2.57,112.66,149.21,752.24,212.27,397.65,94.16,167.93,221.93,51.59,337.37,,40.18,139.09,302.14,245.93,216.5,173.22,57.92,154.611650485437
194,02/18/2021,594.99,232.53,78.83,249.580487804878,275.9,651.5,37.52,51.37,205.65,58.73,388.75,105.26,292.51,118.24,121.85,100.12,102.71,296.33,85.24,,65.23,174.61,82.33,64.58,378.33,551.79,485.79,81.55,187.71,255.843333333333,208.60824742268,177.72,4.18,115.39,216.11,1150.51,273.31,477.03,142.6,181.86,245.16,99.27,488.8,,59.0,127.43,328.41,209.83,280.8,296.74,51.99,152.242718446602
195,02/18/2022,498.65,220.77,82.35,257.6,209.79,583.76,42.55,54.18,228.65,82.06,388.98,141.5,293.61,99.04,131.38,115.49,95.31,446.24,105.62,,61.05,244.1,70.05,83.47,421.75,489.45,311.97,68.53,228.27,280.78,227.207903780069,270.81,1.71,100.58,314.87,1408.46,234.18,615.13,179.21,226.03,248.14,100.2525,537.14,,34.68,134.79,467.81,229.61,316.18,369.49,55.09,117.495145631068
196,02/19/2019,255.24,186.97,73.47,241.990243902439,333,270.06,39.86,56.79,198.28,64.41,283.42,86.85,141.13,42.24,88.05,59.14,36.975,311.6,59.01,,66.76,143.59,46.29,63.11,305.4,211.32,302.26,84.08,141.49,182.723333333333,128.685567010309,136.3,0.65,92.33,134.86,671.86,87.63,420.6,93.87,122.51,186.11,47.9675,250.83,,,135.27,270.41,186.86,234.44,102.51,43.84,119.961165048544
197,02/19/2020,277.15,222.96,93.16,249.824390243902,341.04,409.01,43.02,59.35,221.44,67.37,356.56,95.13,178.34,60.65,113.48,85.49,72.92,304.06,78.4366666666667,,67.35,150.08,52.96,73.71,378.52,290.97,303.2,82.42,164.39,204.96,163.144329896907,168.01,2.778,113.77,153.84,766.39,215.67,400.81,94.33,168.26,225.1,52.6625,339.74,,41.05,139.03,305.31,247.78,216.65,174.76,58.59,155.359223300971
198,02/19/2021,599.25,231.69,78.44,241.882926829268,278.35,637.01,38.03,52,204.26,57.97,388.51,105.87,289.55,117.99,119.23,102.07,104.735,294.97,84.31,,64.37,177.37,75.69,63.75,376.91,544.13,486.26,80.54,188.7,250.05,211.666666666667,177.62,4.16,113.33,220.83,1165.45,274.03,470.37,136.79,178.73,242.09,97.3875,478.86,,58.39,129.67,324.58,207.02,281.72,281.55,52.76,152.106796116505
199,02/20/2018,255.45,182.98,67.04,214.458536585366,287.45,251.12,26.83,68.84,192.6,50.13,230.37,99.94,107.03,42.48,102.26,72.77,14.2825,232.22,44.7733333333333,,80.94,101,38.87,53.3098039215686,267.33,183.16,226.57,85.51,100.26,140.586666666667,149.83676975945,148.85,1.472,81.61,71.86,624.22,77.63,323.04,75.87,89.51,158.74,34.8775,207.84,,,117.18,226.66,160.98,203.87,89.64,58.15,115.26213592233
200,02/20/2019,253.79,186.92,74.13,242.985365853659,335.16,272.74,40.11,55.91,194.12,65.28,284.62,86.33,141.67,42.79,88.94,59.06,36.385,312.95,58.8933333333333,,66.98,142.33,46.42,60.17,308.88,211.44,302.24,83.74,141.19,183.216666666667,128.651202749141,134.04,0.65,92.8,137.67,673.05,85.84,422.51,93.51,122.85,187.64,48.4275,252.22,,,134.32,269.51,187.84,234.0,102.87,42.69,120.368932038835
201,02/20/2020,272.49,222.14,93.06,247.278048780488,336.64,409.07,42.5,60.42,220.41,65.73,354.83,96.53,175.43,58.8,112.84,84.65,75.6275,293.94,77.97,,67,148.11,52.7,68.92,370.99,281.45,300.46,82.77,164.14,206.096666666667,162.207903780069,170.78,3.15,113.86,150.49,755.39,216.44,399.14,93.3,168.28,224.47,52.2175,336.06,,40.92,140.03,302.13,245.1,217.34,171.67,57.44,153.776699029126
202,02/21/2018,252.14,182.43,67.05,213.365853658537,286.1,245.62,26.77,68.81,191.65,50.1,229.14,98.57,107.07,42.81,101.91,72.55,14.22,232.03,44.75,,80.69,100.35,38.85,53.8666666666667,266.38,183.94,227.91,84.71,99.76,138.853333333333,149.278350515464,149.59,1.472,80.72,71.14,628.61,77.74,317.51,76.18,90.12,157.88,34.8875,209.79,,,115.47,225.13,157.89,204.23,87.1,58.06,115.223300970874
203,02/21/2019,250.23,185.5,74.03,241.648780487805,321.17,274.34,40.12,54.75,191.87,63.51,286.33,84.98,142.39,42.54,87.81,59.21,36.5625,311.3,57.98,,65.55,142.01,46.45,59.98,307.56,205.99,296.88,83.33,142.02,183.29,127.422680412371,131.95,0.649,92.61,136.57,674.21,85.23,418.62,93.19,122.38,187.58,48.49,251.45,,,134.55,266.4,183.06,234.58,103.83,41.76,119.883495145631
204,02/21/2020,260.26,222.79,92.67,251.073170731707,336.71,400.5,42.62,59.72,217.19,65.49,355.67,97,173.64,58.98,113.15,84.09,72.8125,294.71,77.0833333333333,,69.7,148,52.59,67.54,369.67,278.11,295.94,80.89,163.43,204.36,162.852233676976,170.96,3.091,113.28,149.8,760.22,212.31,403.15,92.85,167.95,224.3,51.5075,334.94,,40.72,142.72,301.43,246.29,216.38,170.16,56.85,152.805825242718
205,02/21/2023,304,238.24,40.7,239.5,271.93,468.16,46.23,78.17,293.98,72.27,337.24,160.84,243.6,68.66,143.58,83.1,114.01,478.82,75.55,72.47,84.64,256.09,81.19,82.0,503.38,478.17,202.84,78.49,212.98,233.58,212.474226804124,361.51,0.655,85.49,292.67,1459.03,292.18,746.52,128.31,185.01,261.22,73.66,550.77,,34.2,148.56,491.31,292.48,320.2,306.68,35.4,124.0
206,02/22/2018,259.68,182.45,67.43,212.99512195122,284.81,248.08,26.48,67.83,191.9,49.745,227.97,97.12,105.63,42.42,100.85,72.07,14.1,233.68,44.5566666666667,,79.4,100.54,38.94,53.3098039215686,267.81,183.86,226.74,85.19,98.38,139.93,147.087628865979,150.09,1.474,80.41,71.56,624.97,80.46,315.82,75.96,90.64,158.96,34.875,209.13,,,116.71,227.09,157.59,204.47,86.76,57.11,114.155339805825
207,02/22/2019,253.99,187.5,74.68,243.570731707317,325.33,274.26,40.52,54.9,193.77,64.01,292.59,85.67,144.67,43.58,87.8,58.7,34.215,316.79,57.5033333333333,,65.74,144.04,46.96,59.94,309.68,209.18,301.06,84.85,142.46,183.953333333333,127.800687285223,131.49,0.649,93.77,141.73,678.83,87.6,422.52,93.58,122.39,188.67,48.7425,252.1,,,136.04,267.11,185.76,235.41,104.28,41.63,120.815533980583
208,02/22/2021,579.54,231.47,78.87,240.019512195122,284.63,603.54,39.2,52.13,209.15,58.28,390.67,106.12,283.59,114.32,116.21,99.98,103.015,295.69,83.34,,64.11,174.82,74.57,65.97,379.89,536.91,470.56,79.92,190.14,247.133333333333,209.501718213058,177.99,4.24,115.75,224.35,1127.89,256.51,460.58,129.72,175.62,243.15,94.25,463.28,,55.31,131.78,327.64,214.96,279.81,272.65,52.94,155.669902912621
209,02/22/2022,494.11,221.41,84.46,257.717073170732,209.81,582.88,42.98,53.92,227.73,81.33,394.66,140.56,289.58,97.86,130.55,114.08,97.74,444.01,105.94,,60.98,244.33,70.53,83.41,420.57,488.64,319.86,68.17,226.46,284.0,228.969072164948,269.0,1.65,103.72,307.68,1416.75,234.54,602.89,176.07,229.37,250.21,100.0275,529.89,,33.68,134.06,462.51,230.21,314.48,369.13,55.39,119.388349514563
210,02/22/2023,302.72,236.16,41.01,240.4,272.55,476,46.61,77.52,294.92,72.28,338.45,160.13,219.09,67.66,143.78,85.37,111.65,483.82,75.43,71.94,83.5,254.1,81.23,81.79,503.59,476.29,201.71,78.51,210.99,233.55,208.23883161512,360.7,0.655,85.1,294.15,1455.41,287.77,748.08,128.85,185.28,261.65,74.24,548.4,,34.54,147.4,488.89,294.36,321.1,305.55,35.14,123.62
211,02/23/2018,265.07,186.67,68.36,214.965853658537,292.78,254.31,27.2,69.31,194.79,50.225,230.54,98.42,109.34,42.84,102.6,73.18,14.09,235.24,45.2133333333333,,80.91,100.84,39.21,53.3725490196078,271.19,187.61,233.84,87.8,99.78,142.503333333333,148.084192439863,152.65,1.782,80.39,72.94,636.1,75.55,323.86,77.02,91.78,161.7,35.4975,211.71,,,116.41,230.16,165.9,208.47,86.58,57.67,115.388349514563
212,02/23/2021,567.81,232.46,78.14,241.658536585366,279.08,594.48,38.75,51.98,212.67,59.3,391.44,106.47,282.98,112.8,117.49,101.28,101.695,304.58,85.22,,63.68,175.07,75.5,65.62,378.29,525.22,464.54,79.02,191.05,248.236666666667,212.328178694158,180.58,4.05,118.0,225.14,1110.46,260.74,468.03,131.02,173.27,246.56,94.215,458.81,,56.0,133.79,329.51,216.44,278.88,274.29,53.36,157.155339805825
213,02/23/2022,482.66,221,85.74,262.107317073171,209.08,572.42,43.71,53.45,225.09,81.35,395.45,139.47,283.57,94.19,129.09,112.54,94.0775,442.53,105.33,,61.35,241.78,70.87,83.79,413.76,474.68,315.28,67.99,223.08,276.5,230.652920962199,268.3,1.58,103.03,303.93,1380.65,230.82,608.98,173.37,224.95,253.62,98.09,528.58,,32.39,133.32,459.62,230.69,306.54,357.49,55.42,119.009708737864
214,02/23/2023,305.46,237.62,40.51,239.72,271.95,487,47.18,77.7,294.65,71.67,340.06,159.5,227.28,67.65,142.44,82.87,111.87,486.12,77.58,75.9,82.54,251.98,81.27,81.52,510.65,478.35,202.2,77.66,213.37,234.9,210.481099656357,360.33,0.63,83.99,293.69,1467.65,297.58,759.66,128.01,187.85,263.35,74.27,550.95,,34.47,147.05,491.69,292.57,323.06,312.03,35.22,123.17
215,02/24/2020,240.11,217.88,89.53,244.419512195122,325.98,385.33,41.08,58.14,200.36,59.35,347.12,94.93,167.51,55.92,112.34,82.86,73.5125,277.5,75.43,,72.9,140.02,51.4,64.93,346.16,269.81,281.12,78.87,158.08,193.39,161.125429553265,165.56,3.18,111.35,138.21,726.58,207.31,425.38,88.62,167.46,215.55,50.405,323.15,,38.31,141.23,277.79,237.01,210.07,166.89,54.72,149.834951456311
216,02/24/2021,573.26,229.99,78.51,240.692682926829,282.74,594.74,39.53,52.55,214.94,59.35,392.57,105.2,288.22,115.15,115.74,102.89,101.41,305.79,84.45,,63.71,175.43,75.15,65.01,381.4,532.88,461.05,80.61,194.59,252.903333333333,210.051546391753,181.29,4.14,118.74,226.02,1127.6,262.36,458.6,128.78,173.11,248.82,93.6725,456.66,,53.91,137.94,332.21,217.04,279.9,278.92,54.0,158.922330097087
217,02/24/2022,509.15,219.27,84.65,259.79512195122,203.12,598.43,43.95,52.48,224.43,80.84,399.66,137.86,290.03,99.08,129.51,111.89,102.18,441.81,109.64,,60.61,243.56,71.11,83.98,421.3,509.77,323.91,67.84,228.47,288.38,233.427835051546,266.6,1.56,103.33,307.53,1412.37,255.37,609.78,177.98,229.21,257.7,103.225,540.17,,34.87,136.39,455.89,230.25,312.44,378.38,56.28,119.883495145631
218,02/24/2023,306.28,233.66,40.16,237.92,270.02,480,47.01,77.57,293.73,70.28,330.51,158.57,219.81,67.98,139.99,82.31,110.09,478.03,76.25,75.01,80.66,249.14,80.1,80.82,507.42,468.17,196.59,77.02,209.54,231.05,208.161512027491,359.14,0.61,83.49,287.29,1428.09,294.35,756.99,125.13,186.13,262.31,72.48,542.79,,33.4,146.92,484.33,287.37,314.05,310.25,34.33,122.7
219,02/25/2019,262.35,189.81,74.79,244.175609756098,327.48,275.22,39.99,54.58,191.62,64.02,294.6,84.67,145.31,43.42,87.19,58.24,35.225,314.4,56.8133333333333,,65.35,143.26,46.99,59.83,304.87,210.1,304.74,86.88,141.77,184.463333333333,126.365979381443,130.18,0.649,92.22,145.6,689.97,89.92,420.38,94.13,121.96,187.48,48.7425,253.84,,,134.4,264.6,186.33,239.08,105.11,41.54,120.291262135922
220,02/25/2020,229.61,210.38,86.99,239.443902439024,324.11,368.38,39.91,55.44,191.76,55.95,336.45,92.93,162.46,54.72,110.4,81.05,70.99,267.4,74.69,,70.1,133,49.37,63.13,332.02,256.71,269.95,77.32,150.06,186.173333333333,158.513745704467,160.85,3.117,108.53,129.04,703.0,196.73,442.35,85.75,164.87,206.31,49.41,309.63,,35.89,135.48,263.39,230.0,203.37,162.57,51.5,145.368932038835
221,02/25/2021,556.11,227.52,78.65,241.121951219512,277.26,582.45,39.67,52.14,209.34,58.76,392.13,102.85,280.18,112.25,114.63,102.14,98.8675,300.24,83.97,,62.79,175.03,72.36,61.89,380.59,518.28,445.86,78.45,192.55,247.263333333333,203.204467353952,174.11,4.03,117.88,218.76,1109.91,262.67,453.19,125.97,172.99,245.78,91.265,451.47,,51.45,134.92,328.87,212.98,278.23,277.68,52.43,159.708737864078
222,02/25/2022,512.56,227.03,86.26,266.068292682927,207.38,641.29,45.1,54.2,232.84,83.52,410.89,141.92,296.16,102.35,132.18,114.6,102.835,453.69,113.03,,61.12,253.29,72.39,87.32,432.66,522.45,329.49,68.42,233.99,293.51,237.654639175258,275.38,1.58,105.84,318.34,1447.52,262.37,618.66,183.2,237.32,265.79,105.6725,549.83,,34.98,144.82,475.75,230.3,323.65,386.47,58.69,123.009708737864
223,02/26/2018,266.58,188.5,69.14,219.541463414634,290.01,257.85,27.62,70.57,195.88,51.34,232.84,100.58,108.95,42.92,104.09,73.5,14.2425,238.22,45.5733333333333,,81.79,100.02,39.83,53.0901960784314,274.58,186.09,233.43,87.53,99.97,144.0,150.20618556701,154.52,1.782,82.42,74.0,636.63,76.8,324.89,77.87,92.55,165.77,35.6475,214.07,,,116.72,234.06,169.54,208.45,86.24,57.05,116.388349514563
224,02/26/2019,259.79,190.08,74.91,243.034146341463,327.62,272.87,39.86,53.6,188.15,63.79,288.75,83.92,140.71,42.86,86.94,57.99,34.8975,317.42,56.0433333333333,,65.28,142.52,46.38,58.49,302.35,207.74,301.21,85.7,140.99,182.82,126.219931271478,127.15,0.641,91.29,145.83,676.98,92.11,426.15,92.58,120.56,185.24,47.89,253.99,,,133.63,262.98,188.92,238.52,103.77,41.22,119.766990291262
225,02/26/2020,227.54,214.54,87.03,240.146341463415,327.45,369,39.39,55.01,188.92,54.39,335.32,93.71,161.05,55.02,109.93,81.04,69.5625,268.15,73.86,,74.7,128.37,48.54,63.18,328.67,259.45,274.7,77.97,149.39,186.51,157.731958762887,158.98,2.984,106.15,128.73,700.38,180.01,457.92,86.0,165.44,201.66,49.4575,309.16,,34.45,135.21,263.0,232.04,202.6,158.3,50.88,142.291262135922
226,02/26/2021,567.11,224.92,77.69,235.268292682927,272.88,584.5,38.78,51.52,209.9,58.54,386.13,101.22,286.14,113.71,115.59,102.13,99.445,303.19,83.1,,61.4,172.03,72.09,61.85,379.65,520.17,439.41,78.66,192.79,245.6,206.10824742268,169.52,3.91,116.97,216.76,1116.05,259.1,450.57,126.09,174.8,242.69,90.4225,450.08,,51.75,125.33,332.22,212.55,273.88,280.65,53.07,158.31067961165
227,02/27/2018,263.87,185.79,68.69,219.560975609756,290.1,254,27.45,70.04,196.85,51.185,232.18,97.64,107.82,42.67,104.79,73.67,13.93,237.21,45.0766666666667,,80.36,101.56,39.56,52.7137254901961,276.92,187.98,229.73,86.57,99.57,143.66,150.635738831615,153.68,1.782,81.24,73.07,625.57,76.5,320.97,76.95,92.03,164.12,35.3875,210.68,,,117.6,232.52,165.88,206.11,87.27,57.33,114.699029126214
228,02/27/2019,258.25,191.42,75.07,244.185365853659,328.89,273.99,39.93,53.63,180.72,61.89,287.02,82.79,142.57,43.08,86.05,56.92,35.0225,306.07,56.1966666666667,,65.57,138.81,46.96,58.4,287.97,208.97,309.16,87.0,141.64,183.136666666667,126.39175257732,127.42,0.641,90.89,140.33,686.0,93.52,433.33,93.87,120.62,186.77,48.58,259.14,,,133.26,250.08,189.81,241.64,103.89,41.24,120.864077669903
229,02/27/2020,223.97,203.5,84.27,236.770731707317,310.08,360.8,37.92,52.25,181.93,52.62,328.27,86.59,158.39,52.45,110.97,79.23,70.37,257.86,70.9866666666667,,72.66,127.36,47.69,62.52,314.33,250.15,259.93,75.84,142.74,181.54,156.864261168385,147.71,2.48,100.98,124.18,691.65,183.75,431.61,84.32,163.62,194.85,48.2525,297.08,,32.45,128.24,253.92,223.3,198.82,154.81,50.2,135.873786407767
230,02/27/2023,304.64,234.45,39.82,236.89,269.2,483,46.82,77.41,296.36,70.09,332.3,156.63,221.66,67.24,138.66,82.84,110.58,476.3,77.34,76.04,80.89,248.04,80.27,78.36,506.51,468.18,196.9,76.61,208.88,231.74,206.743986254296,355.35,0.625,83.39,285.89,1431.59,281.94,757.79,123.21,188.33,262.62,72.68,541.35,,33.55,146.04,483.32,287.4,310.04,312.96,34.55,123.3
231,02/28/2018,262.52,183.77,67.79,216.604878048781,288.99,270.04,27.26,69.21,195.89,50.71,230.52,95.16,106.61,41.75,103.05,72.02,14.035,235.38,44.5566666666667,,78.73,99.25,38.83,51.9137254901961,271.82,187.23,228.02,85.16,98.33,142.15,148.367697594502,149.23,1.782,79.89,72.3,616.22,75.09,320.44,76.34,91.3,162.16,35.335,208.58,,,114.2,226.16,166.03,204.64,87.22,56.06,112.864077669903
232,02/28/2019,258.97,190.08,74.73,242.721951219512,328.01,270.9,40.12,54.34,174.44,60.89,285.99,83.3,142.17,43.22,86.55,56.9,34.8325,300.73,56.43,,65.02,139.04,47.15,59.3,285.04,211.03,312.77,86.23,140.1,182.536666666667,127.353951890034,127.16,0.648,90.5,134.63,680.91,93.91,430.74,94.16,120.96,188.51,48.475,259.57,,,138.83,242.22,188.75,242.22,104.75,41.76,120.504854368932
233,02/28/2020,218.35,199.73,83.47,232.019512195122,308.39,352.02,37.39,52.12,182.94,53.02,324.57,84.32,155.57,51.53,106.06,77.62,69,257.09,68.28,,69.36,127.01,47.12,60.94,319.68,254.51,265.67,75.41,139.49,177.986666666667,150.936426116839,139.86,2.44,100.67,122.55,701.7,189.97,444.57,86.44,158.62,190.59,47.2225,290.8,,33.87,123.74,254.96,224.03,194.89,150.56,49.24,132.184466019417
234,02/28/2022,511.46,226.48,84.97,264.663414634146,211.01,625.96,44.17,54.01,237.78,82.62,409.02,142.53,291.16,102.04,131.27,112.77,103.4775,451.85,112.37,,60.4,250.31,71.17,86.38,434.32,532.35,326.6,68.3,230.12,290.33,233.041237113402,274.96,1.5,104.99,306.87,1408.74,264.69,618.36,179.61,240.0,263.35,104.8525,544.0,,36.03,143.93,475.87,230.02,316.73,387.08,54.14,123.485436893204
235,02/28/2023,309.5,231.66,39.95,234.55,269.86,477.84,46.72,75.71,292.1,68.4,326.97,155.56,219.34,68.22,138.36,82.26,111.01,469.67,80.44,76,80.53,243.45,79.64,78.31,495.02,473.24,199.2,76.98,208.47,229.39,205.635738831615,349.81,0.618,82.8,275.33,1433.71,276.36,760.42,124.57,188.03,262.88,72.64,541.76,,33.26,133.57,475.94,290.29,310.89,317.03,38.07,123.87
236,03/01/2018,245.55,183.29,66.31,212.8,282.35,264.82,26.5,68.28,193.42,49.905,226.87,93.3,104.94,40.64,100.41,70.45,13.5075,232.04,44.3033333333333,,77.53,99.43,37.99,49.756862745098,269.72,182.51,224.54,83.09,97.2,137.376666666667,146.340206185567,146.54,1.782,78.3,71.88,596.17,72.87,321.78,74.27,90.12,159.29,35.2075,205.21,,,116.02,224.45,165.83,198.17,85.56,55.29,110.242718446602
237,03/01/2019,263.35,191.16,75.84,248.165853658537,334.1,317.41,40.75,53.05,178.25,61.34,290.67,82.98,144.09,43.92,86.41,57.05,35.8725,307.68,57.9033333333333,,66.01,138.47,47.92,60.07,291.02,215.93,321.18,88.17,143.35,186.183333333333,127.774914089347,124.53,0.622,92.09,138.4,698.76,94.35,439.57,96.46,122.6,191.58,49.2025,264.06,,,140.8,246.15,192.16,244.8,106.14,49.13,121.757281553398
238,03/01/2021,565.11,227.04,77.94,240.058536585366,273.24,597.3,38.9,52.75,214.95,59.39,390.85,103.17,289.61,116.4,116.57,102.85,99.1675,311.48,85.77,,62.46,175.46,74.64,64.55,384.92,538.17,446.5,79.63,194.39,253.07,207.474226804124,173.75,4.02,117.86,222.24,1134.67,270.26,463.05,129.72,177.77,245.81,93.11,459.56,,54.4,127.9,334.65,210.38,277.04,282.99,59.71,158.640776699029
239,03/01/2022,500.97,225.21,84.14,264.770731707317,210.34,616.75,43.36,52.83,237.1,83.15,411.3,141.97,284.44,102,131.92,111.01,102.1025,451.5,111.61,,60.26,252.42,70.88,86.31,431.0,535.14,330.25,68.7,227.83,291.55,231.142611683849,271.75,1.65,103.66,311.88,1393.34,260.84,607.03,177.2,237.26,262.62,105.045,543.07,,33.89,144.88,476.25,230.69,313.59,381.58,54.36,124.14
240,03/01/2023,308.53,236.19,39.06,232.16,272.21,475.41,46.82,75.98,288.75,68.51,323.56,156.51,222.92,69.01,139,82.33,110.76,469.03,79.85,75.3,79.59,244.3,79.06,77.75,496.15,469.1,198.54,77.83,210.77,227.33,204.364261168385,351.75,0.571,82.08,273.8,1417.97,282.48,770.44,123.5,188.52,259.97,74.91,538.52,,32.99,132.08,475.22,291.23,309.25,318.28,37.36,122.08
241,03/02/2018,253.71,185.08,66.28,212.341463414634,286.96,263.04,26.77,68.94,193.06,50.39,234.38,93.96,106.56,40.76,101.44,71.91,13.7225,233.08,44.8533333333333,,78.69,101.38,38.21,51.1294117647059,269.8,185.77,229.19,86.61,98.17,139.13,147.963917525773,149.9,1.782,78.33,72.99,593.26,73.07,330.47,74.73,89.76,160.8,35.1,206.44,,,123.84,225.19,170.06,200.11,85.74,56.96,113.640776699029
242,03/02/2020,230.22,212.2,87.18,239.336585365854,327.89,368.95,38.27,54.02,194.34,55.44,335.45,87.16,164.3,53.34,112.11,82.23,71.4325,271.27,70.9733333333333,,75.4,135.05,48.82,62.92,345.36,261.99,278.28,79.06,147.08,186.356666666667,161.477663230241,150.41,2.83,102.62,127.32,724.14,181.51,464.75,86.79,163.4,197.22,49.41,304.96,,32.85,131.82,273.11,232.29,202.7,156.49,49.65,135.194174757282
243,03/02/2021,563.21,225.69,77.68,238.760975609756,269.85,591.22,38.76,52.97,219.51,59.14,387.92,104.25,287.46,113.77,118.56,103.52,97.9775,311.66,86.28,,63.01,178.18,74.82,62.92,386.3,529.47,441.01,78.56,192.74,250.0,209.321305841924,173.72,4.0,117.87,222.86,1122.57,265.91,454.86,127.53,177.77,245.39,93.86,462.11,,54.65,129.35,334.64,212.06,274.03,278.1,59.27,156.495145631068
244,03/02/2022,496.14,228.59,85.23,265.873170731707,207.79,611.88,43.9,53.46,240.51,84.68,415.73,143,286.99,102.55,134.76,112.79,105.02,463.49,111.38,,61.24,261.13,71.0,85.75,436.45,539.97,330.19,69.58,232.37,299.01,232.33676975945,273.8,1.6,106.38,308.51,1387.3,270.71,616.87,177.31,242.17,268.49,105.92,556.45,,34.04,149.06,485.38,234.11,315.78,384.68,52.48,122.69
245,03/02/2023,313.21,234.74,39.62,233.96,268.75,502.79,47.25,74.71,287.59,68.59,327.86,154.9,226.33,71.19,139.71,80.96,121.24,468.78,80.23,75.04,79.62,243.75,80.08,77.89,495.76,476.13,206.52,77.31,215.83,228.9,205.721649484536,347.34,0.598,82.26,277.83,1479.49,282.95,768.9,128.2,188.38,262.09,77.6,548.75,,33.69,127.51,477.7,290.76,321.36,322.7,37.68,122.99
246,03/03/2020,224.56,204.42,85.91,233.658536585366,315.78,370,37.23,52.96,189.25,54.03,329.98,85.87,161.51,52.47,108.65,77.56,68.22,256.38,69.52,,74.21,128.77,47.25,60.56,325.37,251.25,273.0,77.8,141.36,186.09,155.53264604811,147.8,2.687,100.4,122.43,731.05,174.26,461.55,86.22,161.03,188.83,48.345,310.36,,33.04,125.34,261.4,228.26,201.47,153.98,47.21,129.961165048544
247,03/03/2021,527.43,223.94,77.15,235.765853658537,266.6,566.87,38.82,53.25,220.63,58.8,381.11,103.34,278.27,108.37,116.88,102.78,92.175,314.71,84.25,,62.75,175.58,71.97,62.71,382.61,498.02,416.41,76.02,190.59,242.383333333333,206.116838487973,172.21,3.93,117.95,212.09,1093.03,253.1,446.73,126.38,171.65,242.88,90.31,450.96,,56.11,126.78,332.87,208.44,265.78,267.62,60.15,155.097087378641
248,03/03/2022,477.45,232.64,85.19,266.185365853659,211.23,608.74,43.96,53.81,237.81,84.78,417.14,145.47,284.15,101.78,135.79,112.31,105.9875,469.02,111.98,,61.71,264.11,70.9,87.24,436.01,538.52,331.95,69.46,233.37,299.82,232.345360824742,280.16,1.53,107.65,314.12,1404.71,265.39,611.15,179.0,244.06,266.47,104.955,554.29,,31.72,149.85,486.59,235.69,321.49,391.24,53.3,122.13
249,03/03/2023,334.56,234.81,39.94,237.22,270.27,503,47.82,75.2,286.97,69.07,351.81,156.15,232,74.26,140.8,82.01,122.92,470.24,81.92,76.37,81.07,249.99,80.44,78.9,500.21,488.0,221.21,77.56,220.82,234.87,205.627147766323,345.67,0.585,83.41,280.6,1508.64,287.17,779.3,131.34,189.95,271.53,78.24,559.44,,34.57,127.12,478.56,290.51,326.89,329.26,38.74,126.22
250,03/04/2019,256.31,189.78,75.47,246.692682926829,327.26,312.79,40.3,50.9,171.68,58.56,287.85,80.48,141.2,43.71,85.72,55.44,35.375,292.59,57.07,,65.45,136.1,47.42,59.76,277.66,213.41,307.7,85.41,141.49,183.31,126.305841924399,120.1,0.622,92.29,132.73,689.19,92.51,433.83,95.72,122.03,190.67,48.7925,259.45,,,137.24,236.02,190.04,240.87,104.9,48.69,120.805825242718
251,03/04/2020,234.7,215.11,91.06,241.082926829268,328.45,384.93,38.75,54.63,209.54,62.46,338.14,90.38,168,54.89,115.48,82.7,70.9675,296.42,72.46,,76.01,135.23,49.38,61.63,372.34,263.03,282.13,80.16,147.89,194.3,164.286941580756,152.26,2.541,103.59,142.35,773.89,179.05,493.48,89.13,164.45,198.4,49.4225,326.64,,34.53,131.71,289.42,245.32,208.44,158.9,47.84,134.04854368932
252,03/04/2021,520.45,221.91,76.42,235.004878048781,263.57,562,37.93,52.2,224.58,59.29,371.56,102.99,268.16,103.08,117.28,103.82,89.0675,321.49,81.88,,63.23,176.34,70.41,61.5,388.56,485.85,399.61,77.5,186.58,236.39,201.80412371134,172.31,3.68,115.27,210.1,1059.42,242.36,449.38,124.22,171.2,235.8,86.975,441.46,,53.07,127.12,333.81,207.79,261.63,257.29,58.71,151.699029126214
253,03/04/2022,464.48,232.91,86.02,268.70243902439,209.45,582.54,43.96,54,241.63,86.05,424.54,147.3,278,100.36,137.65,110.06,108.015,476.84,110.64,,61.86,265.41,72.22,86.98,441.39,535.71,323.57,70.05,227.0,302.28,231.219931271478,281.82,1.45,108.31,323.63,1388.78,261.71,620.41,176.43,245.18,267.1,104.3975,547.32,,29.83,149.46,498.65,238.66,323.01,387.19,52.57,120.44
254,03/05/2018,255.49,190.13,66.85,211.970731707317,286.95,259.98,27.41,70.4,192.34,50.96,236.5,94.9,108.27,40.56,102.89,72.19,13.93,232.04,45.4133333333333,,77.92,101.11,38.64,51.7960784313726,270.59,191.14,230.88,90.97,99.69,141.416666666667,149.475945017182,151.31,1.782,79.74,74.09,599.95,75.82,333.91,74.51,90.92,162.54,35.3675,206.76,,,123.85,228.38,173.16,201.38,87.2,55.86,114.68932038835
255,03/05/2019,239.22,188.82,75.71,246.078048780488,326.87,312.32,40.19,49.86,170.11,58.08,290.22,79.66,140.78,43.72,85.1,53.1,36.7425,298.69,57.5266666666667,,64.39,135.39,47.5,58.87,277.23,210.8,303.8,85.04,141.49,182.203333333333,126.606529209622,117.16,0.572,92.72,134.08,693.41,93.86,437.13,94.9,121.28,189.93,48.965,254.46,,,137.23,241.43,187.8,241.16,104.49,48.96,120.495145631068
256,03/05/2020,230.69,212.12,87.65,238.185365853659,317.7,386.68,37.46,52.48,200.93,59.72,325.27,86.97,161.63,51.68,115.68,81.11,71.7425,287.16,69.6533333333333,,76.13,127.83,47.36,59.25,370.6,255.16,276.02,78.61,138.21,189.456666666667,160.678694158076,145.12,2.845,100.18,140.02,734.1,180.88,488.17,84.6,158.14,189.6,48.52,312.89,,32.21,127.57,282.96,237.31,198.92,153.48,45.32,125.427184466019
257,03/05/2021,536.46,227.73,78.06,240.439024390244,270.71,567.92,39.54,53.49,230.62,60.52,388.17,104.83,273.82,104.55,117.96,105.54,91.0225,333.6,81.72,,64.62,183.71,72.35,62.57,399.39,499.7,398.85,80.26,188.78,237.79,204.295532646048,175.11,3.5,118.26,219.55,1060.59,252.0,461.57,124.05,177.15,240.03,89.0525,446.87,,55.54,131.34,347.1,211.98,266.44,262.4,60.0,153.883495145631
258,03/06/2018,255.97,190.35,67.01,211.668292682927,285.98,262.34,27.41,69.92,194.13,50.515,240.4,94.7,111.32,41.39,104.14,72.06,14.96,232.75,45.95,,79.32,100.99,38.41,51.7882352941177,273.11,190.59,235.76,91.09,100.66,142.166666666667,148.384879725086,151.17,1.87,80.41,73.99,605.29,78.95,333.48,75.61,93.15,162.73,36.1975,210.12,,,124.95,226.18,168.72,205.32,89.68,56.37,114.650485436893
259,03/06/2019,231.45,183.15,74.73,242.517073170732,317.97,308.73,39.78,48.23,164.91,56.88,282.76,76.63,138.03,42.64,83.34,51.04,35.8525,294.46,57.2066666666667,,62.92,128.73,46.72,57.7,272.1,207.81,298.66,83.37,139.19,178.836666666667,124.750859106529,113.51,0.572,92.08,129.45,681.94,92.13,423.69,93.37,120.06,188.34,47.815,251.24,,,132.83,239.07,181.11,239.58,102.61,47.75,119.650485436893
260,03/06/2020,225.17,210.65,85.38,233.287804878049,317.95,374.56,37.6,51.27,195.52,58.56,333.81,85.81,155.09,48.91,112.02,81.84,71.64,282.19,68.6166666666667,,80.22,127.2,46.75,57.69,367.01,249.89,274.42,76.04,136.05,185.046666666667,154.390034364261,141.49,2.795,99.06,138.2,715.55,179.3,494.43,83.51,157.03,185.88,48.55,311.17,,31.68,125.97,283.87,233.5,200.0,149.95,44.73,120.485436893204
261,03/06/2023,335.8,235.11,39.71,236.22,270.25,494.16,47.74,74.66,288.47,68.96,345.99,156.46,225.52,71.34,140.33,80.2,113.25,472.84,78.8,76.68,81.11,251.73,80.25,78.56,499.07,486.16,215.63,75.85,219.57,234.85,203.702749140894,347.89,0.593,81.93,280.99,1505.92,290.57,780.38,128.49,186.16,267.4,76.91,558.52,,33.88,125.94,480.78,291.62,321.59,323.4,39.27,124.62
262,03/07/2018,262.9,187.53,67.02,213.756097560976,284.54,265.63,27.59,70.04,194.25,50.855,246.23,95.6,111.14,40.95,104.36,72.19,15.21,231.86,45.9233333333333,,79.99,101.31,38.64,52.6509803921569,273.29,194.42,241.2,91.7,101.93,143.486666666667,147.29381443299,151.75,1.87,81.13,74.75,611.54,80.62,334.41,77.0,92.76,162.99,36.0725,212.16,,,126.2,227.27,170.17,207.5,88.93,56.43,117.47572815534
263,03/07/2019,230.75,181.46,74.72,240.653658536585,315.29,302.6,39.59,47.5,163.81,56.43,288.39,76.33,138.48,42.57,83.23,50.54,35.7675,291.42,56.9866666666667,,62.53,126.89,46.81,57.4,268.44,203.89,292.06,82.45,137.85,177.72,125.266323024055,112.28,0.539,91.08,130.34,683.84,93.08,409.58,93.24,119.8,187.06,47.6925,250.81,,,129.52,236.7,178.61,238.37,102.47,48.22,117.854368932039
264,03/07/2022,435.57,234.36,84.98,269.317073170732,205.78,550.16,42.55,52.43,237.85,83.49,401.21,144.84,266.47,98.55,136.1,109.47,105.2025,454.53,108.35,,60.26,259.82,71.65,86.86,426.83,517.28,316.33,70.62,216.66,292.69,229.166666666667,278.42,1.38,106.64,311.82,1339.44,261.86,618.59,172.26,238.67,253.41,100.33,534.75,,28.57,150.42,486.87,235.54,315.29,372.88,51.5,116.68
265,03/07/2023,334.78,228.72,38.99,236.13,264.88,489.59,47.02,72.97,281.72,67.95,336.34,153.21,221.12,67.81,137.72,78.85,113.81,466.79,78.92,76.25,80.28,245.33,79.13,77.65,496.04,473.99,208.46,74.38,212.59,230.71,198.89175257732,337.33,0.6,79.74,276.4,1473.18,286.52,773.85,124.8,181.69,264.69,74.82,548.83,,34.14,122.42,473.88,286.58,309.13,321.69,38.59,123.15
266,03/08/2018,268.18,187.16,67.82,217.990243902439,284.69,265.84,27.85,70.42,172,50.14,248.58,96.24,111.92,42.05,104.64,72.6,15.05,228.79,46.0833333333333,,80.07,102.35,38.66,52.6509803921569,269.52,197.45,243.52,92.42,103.25,144.12,148.453608247423,153.98,1.681,82.21,74.75,606.88,79.66,340.78,77.2,93.45,163.35,35.985,211.7,,,127.27,224.73,171.88,208.96,89.66,56.95,116.708737864078
267,03/08/2019,230.84,180.87,74.13,240.70243902439,307.93,303.86,39.51,47.7,163.14,56.56,288.1,76.41,137.95,42.22,84.37,49.95,35.81,295.04,56.42,,63.23,124.74,46.61,58.57,268.27,201.74,294.53,82.12,137.43,177.92,125.867697594502,111.86,0.539,90.52,132.55,680.95,92.03,402.64,91.87,119.17,187.23,47.375,249.85,,,129.19,237.29,177.26,238.6,101.57,48.56,118.067961165049
268,03/08/2021,496.07,227.81,78.28,240.09756097561,270.01,554.11,39.52,54.7,235.86,61.72,385.48,107.51,270.97,101.51,121.09,107.61,88.015,339.59,80.32,,64.75,189.21,70.91,64.79,401.07,482.6,383.62,77.84,187.8,228.3,206.675257731959,176.09,3.61,116.67,217.24,1038.47,235.95,463.19,121.56,172.65,236.0,86.22,439.85,,53.2,134.58,350.17,213.58,264.67,261.35,61.9,151.941747572816
269,03/08/2022,415.01,231.1,80.45,258.663414634146,202.01,524.57,40.9,52.43,229.1,81.57,380.39,144.41,256.66,94.2,134.3,111.94,100.2,456.07,102,,59.54,258.03,69.7,84.22,424.66,507.78,313.52,71.15,210.56,269.32,223.213058419244,272.75,1.28,104.09,308.57,1317.1,248.3,614.74,165.31,225.1,245.71,98.43,524.0,,30.74,149.32,473.46,238.71,307.11,358.65,50.44,115.75
270,03/08/2023,332.26,228.43,39.44,235.23,263.02,481.14,46.89,72.65,279.32,66.9,335.3,151.86,218.79,69.79,136.73,79.38,112.74,466.67,77.27,76.63,80.2,251.43,78.26,77.81,489.31,482.22,208.03,73.79,211.6,231.09,197.560137457045,338.28,0.613,78.4,269.48,1490.24,286.17,745.2,124.18,180.29,265.59,74.54,554.75,,34.01,122.97,470.6,285.18,309.82,319.72,37.95,121.91
271,03/09/2018,271.74,191.1,68.89,220.604878048781,286.1,274.11,28.54,71.16,173.36,51.33,251.43,99,114.82,42.93,106.99,72.46,15.0325,232.8,46.44,,80.72,103.9,39.57,53.6705882352941,272.5,203.17,250.12,94.23,105.6,146.82,150.987972508591,155.79,1.681,83.15,75.49,616.0,80.33,341.7,79.22,95.2,166.41,36.59,217.89,,,126.66,225.43,176.26,212.7,92.04,57.67,117.339805825243
272,03/09/2020,216.84,198.37,78.4,225.151219512195,297.19,351.34,34.09,47.93,181.6,55.36,317.5,83.27,142.81,44.05,109.84,77.2,66.63,269.82,63.6866666666667,,73.52,116.74,44.05,54.51,337.2,242.83,259.8,71.09,124.0,170.22,151.280068728522,131.97,2.34,92.4,132.77,669.78,172.67,474.44,77.43,145.5,172.63,47.165,295.35,,28.17,114.59,273.44,219.65,190.59,139.8,42.12,108.019417475728
273,03/09/2021,515.87,228.99,77.27,236.926829268293,266.49,561.94,39.55,54.31,236.61,61.49,382.38,110.13,278.44,103.3,119.88,107.63,90.735,333.78,82.02,,64.33,184.33,71.88,65.18,402.85,493.57,400.86,79.11,189.39,234.266666666667,205.515463917526,178.72,3.64,117.05,218.09,1050.0,247.56,470.63,125.96,179.03,237.17,91.0275,448.11,,55.25,131.36,351.98,214.04,272.68,267.42,59.86,152.097087378641
274,03/09/2022,442.05,231.46,79.74,258.380487804878,202.27,554.27,42.07,53.19,231.26,82.85,386.73,145.83,268.49,98.69,135.58,112.5,103.06,465.37,105.91,,59,264.36,71.16,85.58,429.17,529.92,324.71,72.01,219.21,278.82,228.204467353952,276.53,1.39,103.58,312.25,1388.29,249.37,623.43,172.58,228.65,249.69,104.575,541.7,,31.5,151.26,485.57,239.24,321.08,372.4,51.31,117.64
275,03/09/2023,321.64,225.79,38.99,232.23,258.99,487.44,47.06,71.29,271.93,65.54,334.84,150,214.92,69.94,134.89,74.87,112.08,459.96,76.03,76.38,78.95,252.13,78.49,77.25,486.33,472.28,202.59,72.86,202.93,228.57,192.568728522337,335.97,0.599,78.0,264.23,1475.57,283.12,743.75,123.5,182.52,268.35,74.06,553.21,,32.32,119.58,464.91,286.88,309.35,315.31,37.09,122.35
276,03/10/2020,228.16,206.8,82.98,231.521951219512,305.63,367.59,35.18,49.71,197.77,60.37,334.95,86.07,147.33,47.49,106.34,77.72,69.795,286.05,67.6233333333333,,72.34,120.87,45.82,57.87,349.3,255.36,268.15,74.31,130.82,179.133333333333,146.658075601375,138.0,2.397,96.36,136.38,701.71,180.53,475.02,78.93,151.09,183.56,46.995,307.7,,28.97,119.56,280.0,230.51,196.72,143.54,44.33,114.864077669903
277,03/10/2021,511.79,229.96,77.72,232.087804878049,262.61,559.22,39.34,56.17,238.22,61.59,382.95,111.83,276.59,103.05,116.87,107.11,89.0975,333.53,82.98,,63.91,185.37,68.76,65.91,403.01,488.78,399.45,78.35,189.74,239.936666666667,199.845360824742,183.51,3.93,118.66,223.47,1055.0,245.42,467.95,120.35,179.99,240.08,90.94,441.09,,57.68,133.59,349.6,214.29,272.45,267.73,62.06,155.718446601942
278,03/10/2022,430.09,226.95,78.98,251.434146341463,198.64,541.34,41.74,53.17,229.46,84.44,385.3,146.17,266.57,98.33,135.97,111.42,101.395,473.2,105.7,,57.92,267.1,70.28,85.42,431.3,524.44,316.04,73.47,216.94,275.72,228.711340206186,280.12,1.38,104.46,316.22,1338.34,234.93,630.36,172.34,222.0,248.37,103.7725,538.25,,30.41,150.45,491.44,241.93,319.59,371.47,50.68,119.34
279,03/10/2023,312.79,227.87,38.02,229.71,256.56,478.24,46.48,71.19,275.64,65.1,324.78,149.6,202.54,67.92,134.31,74.68,107.77,454.56,74.34,74.97,79.5,246.6,77.68,77.04,479.66,454.86,194.01,72.01,197.26,224.75,191.219931271478,336.2,0.59,76.72,261.35,1433.25,280.36,747.0,120.23,177.5,264.69,71.97,543.83,,31.11,117.68,460.33,287.24,304.96,314.55,36.93,123.53
280,03/11/2019,243.36,184.14,75.12,243.843902439024,311.46,308.27,39.9,48.85,163.63,57.45,288.81,77.95,140.35,41.82,85.44,50.47,36.0225,295.97,57.8533333333333,,64.34,125.89,46.95,59.93,273.1,204.72,300.18,84.17,139.41,180.983333333333,128.015463917526,113.48,0.539,92.0,135.85,688.93,93.97,412.05,92.92,120.98,189.22,47.9925,254.32,,,129.7,243.15,180.52,239.7,103.04,49.48,117.873786407767
281,03/11/2020,202.18,198.65,77.97,226.253658536585,294.25,345.79,33.86,48.65,187.23,57.95,323.89,84.96,136.6,46.05,99.73,74.87,63.105,281.69,65.79,,73.7,112.59,43.78,57.68,328.22,245.58,246.01,71.9,125.42,169.85,136.589347079038,135.17,2.151,92.44,131.92,658.65,172.11,464.7,72.84,145.25,175.62,45.145,289.38,,26.24,110.14,277.78,220.34,184.1,147.83,42.56,107.95145631068
282,03/11/2021,544,231.17,77.74,232.390243902439,267.44,568.9,38.65,55.72,239.11,61.89,379.62,109.86,285,106.26,121.86,107.68,91.695,335.02,82.97,,63.09,185.23,71.03,65.88,401.41,502.94,412.89,79.48,189.37,244.0,203.857388316151,183.13,4.055,118.1,229.09,1080.62,259.76,469.96,126.24,181.55,239.26,97.0025,460.52,,58.95,132.93,353.1,215.15,273.08,272.89,62.27,155.631067961165
283,03/11/2022,400.67,228.85,76.85,248.30243902439,197.67,529.89,41.7,52.57,226.86,83.41,379.96,144.56,259.54,96.12,136.34,109.97,97.565,465.26,103.45,,58,267,69.44,84.17,426.12,498.08,303.87,73.94,213.61,273.69,228.084192439863,281.23,1.355,103.82,313.11,1311.22,223.26,642.58,165.89,218.76,247.77,100.21,529.81,,30.76,150.66,482.87,236.48,312.97,363.21,48.77,118.82
284,03/12/2018,275.61,189.3,68.5,220,279.9,273.84,28.54,72.36,167.31,50.15,240.95,100.29,115.2,43.49,105.6,72.26,16.0225,229.86,46.68,,81.06,103.56,38.93,53.2156862745098,268.21,204.35,253.17,94.45,105.93,146.316666666667,150.867697594502,157.8,1.681,83.3,75.81,615.91,83.15,344.55,78.78,95.85,167.89,36.6725,217.49,,,126.28,222.77,177.13,212.87,92.01,58.42,114.815533980583
285,03/12/2019,250.84,184.18,75.68,244.468292682927,312.72,308.87,40.26,49.33,164.3,58.28,292.99,78.42,140.49,41.8,86.81,51.33,35.9475,296.98,58.48,,64.83,128.88,47.21,59.71,274.45,205.97,305.27,84.9,139.85,183.376666666667,130.077319587629,115.61,0.539,92.44,138.94,691.48,95.88,417.62,93.47,122.23,190.8,48.34,254.92,,,131.09,245.88,182.57,241.01,103.43,49.29,119.106796116505
286,03/12/2020,180.12,182.24,75.47,215.190243902439,268.88,320.01,31,42.39,164.27,57.13,280.05,80.49,124.1,44.01,90.41,68.25,61.91,256.21,62.34,,68.58,101.51,39.44,55.06,293.05,241.0,223.28,68.02,113.01,152.51,117.603092783505,124.03,1.925,84.4,130.04,639.77,165.67,431.89,70.46,131.06,154.25,41.62,284.32,,22.61,99.8,250.41,204.06,167.05,142.76,39.93,99.0582524271845
287,03/12/2021,536.44,230.36,77.96,232.429268292683,266.13,559.98,38.85,57.35,243.46,62.9,376.39,112.92,286.79,105.76,121.87,108.44,89.4325,341.72,82.07,,61.56,189.43,70.78,67.19,406.53,497.75,405.12,79.01,186.81,244.663333333333,205.077319587629,187.55,4.03,118.81,232.49,1067.38,261.88,471.46,123.1,184.05,240.76,96.28,450.49,,60.35,137.54,356.02,214.33,268.83,274.12,62.88,158.407766990291
288,03/13/2018,269.71,189.75,68.09,218.390243902439,283.24,270.94,28.43,72.27,164.39,50.835,236.86,100.6,114.19,42.48,104.99,70.19,16.2275,230.22,46.9433333333333,,81.72,102.58,38.78,53.364705882353,269.98,204.53,253.54,94.63,105.68,146.74,150.04295532646,157.69,1.68,83.47,76.14,612.0,84.74,337.75,78.08,95.02,167.11,36.64,215.12,,,123.89,226.94,174.96,212.13,92.07,57.8,114.485436893204
289,03/13/2019,252.13,187.35,76.38,247.443902439024,320.56,309.42,40.23,50.65,168,59.98,292.11,79.79,141.51,42.05,88.31,53.6,36.865,303.61,59.3033333333333,,65.75,130.82,47.39,60.15,283.03,209.89,308.27,85.06,141.55,185.72,133.101374570447,117.47,0.612,93.02,141.77,689.95,95.73,409.01,93.66,122.81,191.84,48.7475,258.87,,,132.69,252.25,185.66,241.34,105.24,49.56,119.543689320388
290,03/13/2020,195.88,202.1,80.99,230.731707317073,305.21,347.79,32.33,47.62,179.87,63.57,291.04,90,128.93,47.92,96.77,75.95,61.005,270.34,61.8333333333333,,70.75,104.28,40.58,56.71,313.91,254.17,233.33,73.84,118.71,156.993333333333,129.742268041237,132.57,2.21,88.82,146.35,672.64,165.07,465.55,73.82,136.29,164.3,44.905,300.12,,22.6,105.09,272.04,220.86,184.48,146.11,40.46,94.9514563106796
291,03/13/2023,315.41,233.18,38.9,231.39,258.55,488.71,47.6,70.1,273.05,64.17,333.96,148.37,202.02,65.67,133.06,75.06,110.66,458.95,76.62,76.24,79.51,247.07,78.3,77.56,482.48,460.92,226.94,73.18,198.12,227.78,188.35910652921,335.4,0.573,77.98,263.69,1439.57,303.44,752.33,120.16,178.6,266.71,71.82,541.56,,30.82,116.54,463.68,293.46,306.34,321.22,37.55,124.25
292,03/14/2018,272.48,190.57,67.28,218.068292682927,285.72,269.4,28.01,72.04,166.88,51.78,233.89,98.58,112.71,42.56,104.96,70.03,16.23,229.03,47,,81.1,101.93,38.44,53.5686274509804,270.5,203.58,251.79,92.26,104.84,146.923333333333,149.785223367698,155.44,1.68,82.3,76.23,606.13,84.52,341.42,77.09,94.91,166.38,36.705,213.46,,,123.26,225.38,174.38,211.22,92.17,57.3,112.854368932039
293,03/14/2019,247.59,187.76,76.51,246.107317073171,321.52,311.87,40.05,50.8,169.56,59.38,294.81,79.51,140.99,41.89,87.9,53.58,36.7125,305.45,59.34,,64.79,131.77,47.36,59.1,279.82,210.87,309.2,84.31,140.98,186.243333333333,131.288659793814,117.72,0.612,93.33,140.13,698.68,95.96,407.5,93.11,123.55,193.35,48.63,261.43,,,134.12,253.27,186.11,242.49,106.01,49.19,119.359223300971
294,03/14/2022,378.09,229.21,77.99,250.536585365854,193.77,541.06,41.9,52.61,226.2,84.33,381.81,146.15,255.51,95.65,138.11,108.7,101.8225,458.33,102.25,,58.15,261.43,69.59,84.8,431.94,486.33,306.11,72.19,211.09,263.8,228.230240549828,284.85,1.258,103.22,308.7,1289.32,211.96,656.41,162.31,217.49,245.85,98.0525,535.88,,29.27,146.17,487.92,241.68,311.0,370.02,47.69,117.69
295,03/14/2023,320.76,230.58,39.37,232.89,262.35,492.55,48.31,70.72,272.13,63.34,339.14,149.29,205.02,70.31,133.9,76.6,113.16,458.58,78.2,77.14,79.77,250.69,79.36,77.77,481.97,471.42,225.88,74.0,200.71,235.28,190.919243986254,336.5,0.577,77.86,261.14,1469.87,312.77,766.8,123.32,178.54,275.69,73.27,555.96,,32.36,116.59,464.58,295.25,311.73,328.57,38.13,126.63
296,03/15/2018,272.87,189.75,67.59,218.682926829268,286.7,268.58,27.84,70.7,166.9,52.62,234.01,97.36,112.06,42.19,104.72,69.45,16.2225,230,47.0333333333333,,79.51,103.15,38.48,53.3254901960784,271.09,203.37,251.61,88.69,105.34,147.316666666667,149.338487972509,153.96,1.68,82.03,75.87,613.83,84.61,334.93,77.6,95.08,166.45,36.635,212.45,,,123.83,229.48,173.97,212.34,91.31,56.95,112.543689320388
297,03/15/2019,252.33,191.24,76.94,247.726829268293,329.87,310.33,40.21,50.27,166.45,59.15,295.23,80.18,143.48,42.2,88.45,53.53,37.75,303,59.9166666666667,,65.63,132.35,47.63,59.29,280.14,216.21,309.84,84.8,141.53,186.07,132.611683848797,119.26,0.612,93.79,139.4,708.58,98.04,414.47,94.04,123.38,194.04,48.9125,263.09,,,134.24,251.4,188.09,244.97,105.71,49.09,122.252427184466
298,03/15/2021,558.85,235.96,78.67,234.887804878049,260.13,569.55,39.4,58,245.49,62.8,387.03,113.86,292.09,106.67,123.36,108.93,90.4825,342.81,81.14,,63.07,191.82,71.92,68.22,406.06,512.76,420.32,80.65,190.65,245.02,206.125429553265,188.87,4.01,119.15,234.02,1098.23,269.54,483.94,126.63,187.06,241.25,99.2525,452.82,,60.19,140.13,353.88,219.65,272.63,276.02,63.9,156.766990291262
299,03/15/2022,390.73,231.56,78.67,252.380487804878,197.36,548.74,42.66,53.93,233.08,85.61,390.47,151.39,259.23,96.57,141.65,110.63,104.02,467.69,106.15,,58.32,267.17,70.96,86.31,439.87,502.93,312.61,73.31,215.01,270.0,233.273195876289,290.63,1.33,105.4,327.77,1319.45,216.07,665.93,168.88,222.24,254.34,101.4,550.64,,29.8,148.98,497.91,246.99,317.34,385.43,47.71,119.2
300,03/15/2023,318.17,234.9,38.23,234.48,262.37,478,47.97,69.82,270.36,63.54,338.63,149.61,194.9,69.84,132.85,76.04,113.72,456.48,79.48,76.76,79.65,247.47,78.33,77.49,483.87,464.97,228.15,72.47,195.27,234.18,188.333333333333,335.35,0.56,78.41,260.64,1438.88,307.89,760.3,122.54,176.39,273.03,72.77,542.7,,31.97,117.65,465.43,294.27,301.85,325.59,37.21,125.26
301,03/16/2018,270.41,188.24,67.89,217.824390243902,287.62,263,27.93,70.95,168.67,52.805,235.69,96.61,111.1,41.63,104.35,68.53,16.3975,228.11,47.4466666666667,,79.74,102.77,38.46,53.3725490196078,272.73,204.73,253.91,90.03,105.69,145.286666666667,149.338487972509,152.33,1.68,81.29,76.83,613.88,85.23,343.3,77.34,95.28,167.51,37.045,210.44,,,123.51,227.86,175.66,213.18,90.98,56.33,113.427184466019
302,03/16/2020,161.72,188.68,71.57,217.69756097561,281.72,335.71,27.55,44.22,150.69,54.03,259.43,80.5,104.66,38.94,86.39,71.74,50.575,224.04,55.2433333333333,,68.9,84.45,32.25,51.65,270.21,223.83,211.02,71.6,102.36,134.763333333333,104.733676975945,121.28,1.91,77.43,121.69,622.63,137.28,440.83,66.71,120.5,143.83,40.2925,279.35,,20.29,81.7,225.04,199.77,173.92,130.47,35.18,89.3203883495146
303,03/16/2021,542.54,240.32,78.93,233.707317073171,259.92,560.84,38.86,57.27,241.69,62.97,382.19,112.86,288.53,103.52,122.68,107.64,88.6625,343.57,81.26,,64.01,185.52,71.95,67.03,403.12,506.92,419.53,80.28,189.39,242.21,205.094501718213,186.54,4.02,118.94,233.84,1083.7,265.66,482.17,125.96,186.87,238.03,97.0925,446.43,,58.85,136.62,354.6,218.99,269.77,274.17,63.37,155.582524271845
304,03/16/2022,420.65,231.67,78.96,254.429268292683,203.8,562.81,43.84,53.77,237.5,86.87,407.12,150.5,270.77,102.82,143.29,112.34,109.33,470.82,109.79,,57.97,266.35,72.38,86.27,442.82,520.19,326.6,74.6,220.27,277.85,235.412371134021,291.36,1.36,107.3,329.85,1358.84,238.64,677.98,176.1,227.04,262.16,105.855,562.55,,32.61,149.7,498.26,248.52,327.04,396.76,48.62,121.99
305,03/16/2023,326.4,234.57,38.37,238,265.25,488.28,48.3,70.51,274.43,63.19,345.29,152.05,193.56,71.2,134,78.03,114.56,468.5,81.91,76.62,79.85,254.38,78.35,78.15,494.38,474.11,224.95,73.97,196.43,240.5,188.230240549828,339.92,0.55,79.27,263.78,1469.86,312.36,749.75,126.08,178.72,275.21,73.49,557.09,,32.73,121.02,472.02,300.64,307.28,336.41,37.44,125.43
306,03/17/2020,169.25,207.8,80.51,242.458536585366,305.32,358.78,28.79,47.76,155.09,57.99,275.17,89.5,112,42.91,86.21,75.13,49.685,238.32,58.8,,74.52,77.46,31.47,54.61,272.58,215.88,225.76,70.37,107.69,141.826666666667,106.898625429553,139.47,1.81,80.21,125.74,682.49,130.11,491.69,67.11,130.63,140.16,42.375,296.31,,18.91,80.76,244.22,210.44,183.27,143.09,34.58,83.6504854368932
307,03/17/2021,540.01,244.27,79.69,233.521951219512,264.15,566.44,38.88,57.94,241.91,61.89,375.72,114,292.7,106.04,123.12,107.73,87.925,341.92,80.38,,64.42,185.5,71.67,67.78,403.13,504.9,420.12,80.2,189.71,241.546666666667,205.120274914089,187.01,4.02,118.56,227.05,1092.04,259.92,496.01,126.39,187.01,236.18,95.455,442.61,,56.36,138.8,352.18,217.08,268.13,274.59,63.5,155.844660194175
308,03/17/2022,425.48,235.86,79.44,255.892682926829,205.32,574.84,44.21,57.19,242.39,87.98,417.82,152.2,281.7,106.44,145.16,112.56,113.6825,478.13,112.54,,59.2,266.97,73.9,86.75,441.09,527.09,338.26,74.35,223.24,282.95,235.678694158076,294.92,1.345,109.74,337.41,1389.13,248.27,685.23,178.36,232.01,264.0,107.9325,572.25,,32.85,149.09,507.02,250.0,330.79,405.24,48.76,122.28
309,03/17/2023,320.87,229.79,37.58,235.58,263.16,469.87,47.95,69.62,269.45,62.55,341.5,152.02,192.92,67.11,131.53,76.77,113.93,463.17,80.74,75.84,77.31,250.66,77.07,77.27,495.55,471.36,224.55,73.62,190.89,237.8,183.264604810997,339.35,0.577,78.29,263.71,1455.11,309.09,747.65,122.56,176.56,274.44,72.31,547.34,,31.78,119.28,469.5,295.77,298.97,329.72,36.88,124.31
310,03/18/2019,253.73,191.31,76.95,238.70243902439,325.65,313.67,37.97,49.97,167.11,59.36,293.18,80.39,144.9,42.57,88.7,52.07,36.5375,308.23,63.63,,65.02,134.75,47.18,59.78,282.17,215.74,305.78,85.62,143.08,186.496666666667,133.067010309278,121.37,0.612,91.89,143.02,706.84,97.47,407.6,94.03,123.23,193.58,49.1875,263.53,,,135.84,255.0,187.48,245.27,105.94,49.51,121.669902912621
311,03/18/2020,145.76,204.88,84.59,228.99512195122,298.68,359,27.24,45.7,142.91,52.68,251.11,84.97,98.9,36.95,77.46,75.25,47.79,206.96,57.7133333333333,,79.42,68.13,29.62,50.74,246.58,205.13,209.2,66.9,89.88,135.566666666667,92.5773195876289,135.9,1.63,74.54,120.05,700.13,130.01,485.0,67.22,122.78,139.0,41.18,302.98,,14.82,67.69,217.06,212.98,176.81,143.49,32.74,78.2815533980583
312,03/18/2021,514.36,244.42,79.86,233.365853658537,262.27,570.05,38.19,58.28,243.82,63.57,378.78,115.63,288.28,104,124.26,109.19,84.7875,353.32,78.68,,64.08,188.03,70.8,67.69,407.75,484.47,409.19,78.25,186.5,233.106666666667,206.125429553265,187.99,3.92,118.83,230.12,1100.29,252.0,474.68,126.56,187.0,230.86,93.4975,445.75,,55.69,139.27,362.05,213.36,268.76,268.95,63.05,154.26213592233
313,03/18/2022,442.87,236.25,79.12,255.648780487805,208.57,588.22,44.22,57.29,241.16,87.74,421.31,152,286.77,109.14,145.06,113.59,117.0125,478.02,112.77,,59.42,260.68,74.91,87.26,440.61,542.46,346.11,75.2,227.66,290.11,236.451890034364,299.05,1.37,110.18,343.35,1405.23,260.03,685.94,182.39,234.71,267.34,111.4,589.09,,33.36,146.79,506.12,249.08,338.14,414.69,48.66,120.77
314,03/19/2018,265.39,182.55,66.76,214.175609756098,278.37,262.27,27.62,69.99,166.44,52.205,232.85,93,110.86,40.8,103.86,68.41,16.28,227.99,46.4666666666667,,77.18,102.66,37.84,53.2,269.98,199.06,248.73,86.27,104.76,142.286666666667,146.546391752577,147.62,1.68,80.13,76.86,611.51,84.19,339.08,76.89,94.7,166.03,36.995,211.72,,,123.07,225.05,170.77,212.98,90.04,55.46,111.407766990291
315,03/19/2019,259.29,191.49,77.59,241.531707317073,323.76,314.12,38.17,50.55,172.78,59.97,294.58,81.07,145.81,42.67,89.41,53.91,36.735,307.99,63.12,,65.49,136.62,47.43,60.5,286.66,218.3,310.7,85.67,144.45,187.573333333333,133.986254295533,122.52,0.612,92.66,145.63,715.74,98.83,406.99,95.09,123.31,196.12,49.7675,265.96,,,135.43,257.13,181.76,246.54,105.78,49.45,122.058252427184
316,03/19/2020,142.23,198.76,78.17,215.570731707317,288.02,346.8,28.27,43.79,146.52,53.6,273.15,86,108.76,40.61,79.31,71.34,51.56,200.87,60.1233333333333,,78.55,83.5,31.95,49.81,256.19,193.18,224.8,66.51,90.62,136.066666666667,98.3762886597938,127.4,1.668,79.22,120.48,721.43,139.99,489.83,67.02,121.22,149.5,41.605,280.84,,20.49,84.84,219.8,215.69,177.42,139.28,35.11,86.5436893203884
317,03/19/2021,529.46,245.94,80.3,233.190243902439,267.07,568.93,38.17,58.68,243.26,64.24,384.02,115.92,286.68,106.01,125.28,109.83,86.1575,354.13,79.41,,64.46,188.6,72.03,66.81,409.82,484.88,415.9,79.37,188.33,235.83,206.374570446735,189.77,3.94,116.62,233.17,1123.15,261.03,473.7,128.4,187.24,230.0,93.81,445.01,,57.08,138.0,365.58,216.11,268.7,277.15,62.76,155.495145631068
318,03/20/2018,270.4,182.03,66.91,214.536585365854,279.68,262.64,27.67,65.41,165,51.825,232.02,89.19,110.44,40.52,103.57,66.37,16.3975,229.98,47.1133333333333,,76.92,100.6,37.81,51.5450980392157,273.6,200.72,252.65,87.01,104.81,143.396666666667,146.477663230241,141.81,1.68,79.9,77.88,611.9,84.62,333.86,77.67,94.64,166.51,37.17,214.72,,,122.9,226.78,171.47,214.46,90.91,54.6,111.067961165049
319,03/20/2019,265.68,191.12,77.18,237.219512195122,320.59,310.72,37.86,49.36,167.87,58.68,291.21,79.27,145.12,42.45,88.63,53.71,36.54,303.01,62.97,,64.6,135.08,47.3,60.12,275.31,219.27,315.3,86.31,143.25,189.786666666667,132.396907216495,120.65,0.612,91.72,142.58,712.88,99.47,405.5,95.02,123.22,197.14,49.63,265.63,,,134.02,250.5,179.98,245.26,105.09,49.03,123.718446601942
320,03/20/2020,144.82,188.25,75.75,214.751219512195,278.77,329.01,27.24,43.33,142.09,48.85,250.65,80.61,105.78,39.2,75.24,64.99,52.375,191.59,55.4833333333333,,73.26,78.5,31.05,45.01,230.61,183.29,242.0,66.96,91.67,131.396666666667,92.1305841924399,124.97,1.665,77.46,113.75,645.12,142.6,438.45,70.89,115.7,139.38,41.815,278.37,,21.33,75.42,206.59,206.0,173.46,130.65,32.82,83.4757281553398
321,03/20/2023,316.36,234.72,38.19,238.49,267.91,467.52,48.83,71.14,272.9,64.15,344.51,153.86,192.59,66.98,132.91,77.99,117.21,466.99,81.08,75.2,79.46,256.44,78.31,78.82,494.39,483.26,219.77,74.22,191.81,240.5,186.76116838488,345.25,0.56,79.61,265.1,1474.72,318.3,759.25,123.77,181.26,276.83,72.56,550.57,,31.93,123.29,476.96,298.95,300.51,331.96,36.99,126.33
322,03/21/2018,270.14,181.59,66.46,213.170731707317,277.29,260.91,27.66,65.69,167.05,52.345,228.34,89.5,109.9,41.56,103.63,66.84,16.9275,225.99,46.3566666666667,,76.49,100.9,38.19,51.5058823529412,270.81,200.23,246.84,88.79,104.11,141.663333333333,145.678694158076,142.92,1.68,80.04,78.29,606.41,86.56,334.87,77.2,93.81,164.73,37.1125,212.96,,,124.22,222.82,170.34,211.18,90.0,54.13,111.04854368932
323,03/21/2019,280.73,191.89,78.45,239.434146341463,226.88,315.57,38.15,50.16,168.87,58.91,297.25,80.36,146.73,43.12,89.62,55,35.54,304.86,64.05,,64.92,136.91,47.72,61.22,276.76,225.69,319.21,87.08,144.26,192.66,134.278350515464,122.23,0.612,92.1,148.29,729.72,101.87,402.59,97.5,125.16,198.0,50.11,271.05,,,136.57,252.02,182.56,250.28,106.81,50.02,125.78640776699
324,03/21/2022,432.47,236.32,79.05,261.073170731707,206.81,579.98,44.32,57.6,243.51,86.75,418.07,153.18,286.61,107.77,143.85,111.9,115.085,476,111.55,,59.66,261.56,75.79,88.17,436.87,539.59,347.0,76.58,226.97,283.28,237.680412371134,299.94,1.35,108.75,337.34,1394.61,253.41,693.2,180.64,233.94,265.79,109.56,589.3,,31.98,147.55,507.66,250.26,338.08,412.65,49.25,121.04
325,03/21/2023,327.64,232.95,39.61,240.25,266.15,480.29,48.84,72.26,276.62,65.29,350.83,156.04,198.67,66.78,135.91,78.2,118.98,469.7,81.73,76.52,79.14,258.69,79.77,80.24,500.87,495.4,221.61,73.49,196.76,246.68,190.128865979381,347.47,0.558,81.23,266.24,1500.22,326.03,759.76,125.55,184.49,278.12,73.85,556.7,,32.86,125.88,480.1,302.66,308.63,335.03,37.71,127.79
326,03/22/2018,260.13,176.08,65.55,208.048780487805,271.89,252.69,26.94,63.86,165.34,51.92,224.78,85,106.89,40.65,102.3,65.79,16.685,218.85,45.7666666666667,,75.57,99.79,38.15,51.7098039215686,265.72,193.88,241.12,85.25,101.88,137.966666666667,142.353951890034,141.69,1.68,78.14,77.0,585.39,85.25,327.69,75.24,92.06,160.81,36.89,207.33,,,123.03,215.21,166.1,204.61,88.88,52.66,108.135922330097
327,03/22/2019,269.62,186.7,77.24,234.263414634146,216.71,305.59,37.3,48.64,166.09,57.14,291.76,78.77,141.03,40.67,89.24,54.05,32.2575,301.51,62.9966666666667,,63.77,134.44,46.85,59.8,272.6,219.43,308.79,85.34,141.65,187.086666666667,132.577319587629,118.54,0.612,90.39,146.48,702.07,97.84,391.8,93.71,123.02,194.44,48.085,263.81,,,135.31,247.09,181.53,245.37,103.67,49.24,122.990291262136
328,03/22/2021,530.6,249.69,81.24,235.726829268293,272.34,580,38.23,59.14,242.4,64.46,386.37,116.35,288.13,109.82,125.91,110.04,89.955,351.14,79.66,,65.53,188.18,73.93,66.3,404.37,491.37,429.92,81.67,189.73,238.243333333333,208.848797250859,192.38,3.98,116.84,234.48,1130.87,269.32,483.22,128.13,186.55,232.08,96.345,454.66,,55.69,137.31,366.86,218.82,271.63,282.49,62.44,155.572815533981
329,03/22/2022,457.03,236.47,78.01,258.409756097561,210.92,589.45,43.74,57.75,243.53,87.57,418.61,152.11,295.38,107.89,143.78,110.75,116.1775,471.54,112.95,,59.98,260.35,76.16,88.53,438.43,552.46,350.2,78.05,228.93,286.44,238.350515463918,299.92,1.345,108.97,338.17,1399.59,250.0,692.64,184.54,235.38,266.97,110.535,587.36,,33.35,146.6,505.32,251.88,339.8,413.47,49.68,120.48
330,03/22/2023,312.31,229.83,39.16,238.92,261.22,466.21,48.07,69.94,270.44,63.6,344.53,153.44,196.29,64.65,134.32,76.75,115,465.39,79.41,74.77,77.81,254.38,78.63,78.45,498.33,475.03,217.18,72.26,190.01,240.81,186.417525773196,341.82,0.55,79.94,265.09,1452.26,315.16,751.3,125.09,181.44,272.34,72.45,554.32,,31.52,122.24,475.52,297.87,302.26,328.94,36.38,125.39
331,03/23/2018,250.92,169.43,64.29,205.463414634146,260.13,247.06,26.3,61.71,164,50.735,218.74,84.03,106.27,39.4,99.78,65,17.2,215.63,45.1066666666667,,72.84,98.78,37.26,50.6588235294118,261.6,190.31,235.36,83.06,99.72,133.05,139.596219931271,139.04,1.68,76.55,74.6,566.87,84.28,321.29,73.96,89.69,157.57,36.19,204.65,,,121.17,212.55,160.93,199.51,86.13,50.71,104.31067961165
332,03/23/2020,137.72,185.93,71.81,195.687804878049,269.19,326.34,25.83,41,130.06,45.55,243.44,73.93,100.5,40.69,75.14,65.74,52.575,174.68,52.41,,72.61,78.76,29.38,43.18,214.43,182.94,237.76,63.18,84.0,122.583333333333,89.6219931271478,115.75,1.593,72.92,107.79,589.41,143.8,455.63,67.85,107.76,126.5,42.585,255.3,,22.4,71.84,194.86,202.21,162.36,128.96,31.9,78.4563106796116
333,03/23/2021,518.88,245.04,81.6,234.4,267.21,571,37.24,57.7,238.44,64.06,383.34,113.77,280.31,107.4,125.21,107.02,91.0425,351.83,79.77,,64.5,183.66,72.73,65.07,404.01,487.66,416.43,79.85,186.99,236.94,205.137457044674,188.43,3.84,115.03,234.71,1116.71,277.05,469.76,127.25,185.81,229.43,94.1175,452.01,,53.49,132.82,368.5,213.59,270.69,283.25,59.93,151.592233009709
334,03/23/2022,437.06,234.18,77.07,255.580487804878,209.62,565.39,42.3,56.76,238.5,82.46,407.12,151.53,278.71,104.98,142.36,109.86,112.3275,462.17,107.2,,58.85,260.61,75.04,87.81,430.61,536.06,339.79,77.1,220.31,275.2,233.410652920962,300.02,1.34,106.16,331.86,1359.31,243.11,669.22,176.65,230.06,255.47,107.255,571.31,,33.06,143.81,503.23,248.13,323.86,403.14,49.49,120.74
335,03/23/2023,311.48,233.1,38.12,236.38,265.17,456.32,47.94,69.01,256.58,62.58,344.96,150.93,193.71,62.64,135.39,75.24,114.5,446.3,79.55,75.71,78.76,252.77,78.53,78.13,491.35,478.74,216.95,72.26,188.0,244.47,184.407216494845,335.83,0.538,77.57,263.68,1451.1,311.49,802.16,125.1,181.42,274.28,71.92,555.19,,31.18,121.8,469.91,304.75,298.17,331.85,36.76,124.96
336,03/24/2020,165.28,202.34,73.91,197.90243902439,276.19,343.15,28.22,43.54,147.2,48.73,255.89,79.85,110.12,46,79.28,68.65,59.0525,196.84,61.63,,73.96,86.75,31.44,46.98,234.06,204.99,254.18,67.43,96.91,143.966666666667,101.176975945017,126.31,1.855,80.35,117.91,645.53,157.51,449.53,74.31,118.11,143.44,42.47,282.03,,26.39,78.16,219.8,223.13,180.68,135.48,33.81,90.6796116504854
337,03/24/2021,506.17,245.47,82.08,235.873170731707,265.69,559.38,37.58,59.11,240.54,64.94,380.31,115.37,276.21,102.98,126.89,109.03,88.9325,360.87,80.21,,64.35,184.59,71.98,65.66,414.66,472.97,406.8,78.48,186.11,237.023333333333,215.137457044674,187.8,3.83,115.96,235.1,1109.88,263.63,460.32,125.2,187.75,233.81,92.365,445.37,,52.57,133.48,370.6,211.54,269.05,278.08,60.35,152.864077669903
338,03/24/2022,436.26,236.87,77.68,256.673170731707,213.01,567.7,42.87,57.27,242.1,84.71,411.94,152.61,281.05,107.91,141.99,111.77,117.0975,473.73,109.46,,59.14,260.6,75.19,87.89,437.42,540.39,343.05,78.19,224.62,281.08,233.19587628866,303.95,1.345,106.35,337.5,1379.5,251.61,679.76,179.34,232.37,263.01,108.765,573.69,,34.7,146.35,513.46,251.7,325.11,408.45,49.19,124.15
339,03/24/2023,306.7,238.03,39.23,240.5,270.03,460.78,48.22,70.37,260.21,64.05,355.02,156.41,193.79,64.27,140.06,76.12,114.09,456.69,80.76,76.46,80,254.22,79.2,79.17,502.43,485.51,220.0,70.23,188.35,256.42,187.637457044674,346.56,0.539,79.37,267.72,1459.75,310.17,820.0,127.58,185.2,276.69,72.54,558.26,,30.75,122.63,475.99,314.39,299.96,334.3,37.25,126.04
340,03/25/2019,271.02,186.59,77.63,235.365853658537,220.26,307.19,37.64,47.56,163.77,57.05,292.31,77.1,142.35,40.46,88.45,53.24,31.02,297.75,63.1333333333333,,63.79,132.66,46.81,58.87,270.16,219.24,303.71,86.02,141.59,187.573333333333,131.374570446735,115.65,0.612,90.62,144.23,708.6,97.18,395.0,94.53,122.44,195.17,48.5475,268.8,,,134.37,246.86,183.85,246.27,104.96,49.33,122.902912621359
341,03/25/2020,183.68,193.14,73.57,198.634146341463,284.98,333,29.92,42.25,156.82,52.29,256.89,75.35,119.35,48.33,79.02,70.2,59.8325,216.37,63.6433333333333,,69.66,92.6,32.26,50.03,269.01,214.23,248.32,69.59,104.88,153.436666666667,105.515463917526,121.24,2.169,86.82,130.23,640.3,166.43,429.78,75.0,117.82,153.05,43.1225,271.68,,26.19,87.95,234.49,210.09,176.8,135.31,35.0,94.0097087378641
342,03/25/2021,517.87,246.25,83.41,235.834146341463,273.97,559.06,37.92,60.39,241.39,64.94,382.42,117.34,281.95,102.22,127.15,110.86,87.0475,366.87,80.55,,63.99,187.35,71.05,66.81,416.45,472.11,398.13,79.78,186.55,234.833333333333,213.470790378007,191.45,4.02,116.58,234.04,1117.18,259.17,463.48,125.85,190.84,235.34,94.305,442.29,,53.89,135.5,371.09,212.36,273.0,275.45,60.55,153.281553398058
343,03/25/2022,430.44,238.79,77.21,259.190243902439,210.97,564.3,43.5,57.96,243.58,85.59,408.41,154.69,279.1,107.08,144.08,114.38,120.2425,480.76,112.37,,58.91,260.08,76.05,87.85,435.54,538.93,341.72,78.46,224.76,286.87,235.360824742268,310.48,1.32,108.46,340.11,1388.39,251.94,680.03,176.8,238.22,266.0,108.8625,574.29,,34.06,148.09,513.03,253.95,325.97,405.24,49.69,125.28
344,03/26/2018,261.52,175.19,65.49,210,268.2,253.5,27.25,62.1,168.68,50.85,226.84,84.95,108.8,40.51,100.42,65.64,17.5425,221.08,46.76,,75.54,97.98,37.67,51.4039215686275,268.1,197.3,242.28,86.37,101.66,138.373333333333,141.529209621993,139.29,1.68,78.46,76.66,588.75,87.2,330.71,76.28,91.53,160.4,37.3,209.68,,,120.23,219.07,166.1,204.2,87.4,51.1,106.563106796117
345,03/26/2019,274.27,188.27,78.8,240.975609756098,232.91,307.69,37.84,47.79,160.74,54.85,294.11,76.56,143.2,40.87,88.66,53.09,30.2375,288.3,63.4266666666667,,64.24,129.75,47.24,59.34,262.91,220.0,307.5,87.12,143.66,189.213333333333,129.845360824742,115.85,0.612,91.07,130.21,716.4,96.76,405.62,95.98,123.24,196.08,48.985,271.44,,,134.14,243.39,189.91,248.77,105.5,49.47,123.223300970874
346,03/26/2020,191.64,198.49,80.17,214,304.94,341.26,31.42,45.4,169.54,58.3,282.05,84.16,130.01,50.43,88.97,73.74,62.5525,235.67,66.48,,73.86,94.44,34.02,53.56,304.48,230.38,274.42,73.05,110.55,167.156666666667,117.740549828179,131.66,2.15,91.94,139.98,659.27,177.77,452.3,79.01,129.61,163.33,46.58,283.15,,28.12,91.84,255.39,224.49,191.42,146.43,39.4,97.9126213592233
347,03/26/2021,528.34,252.86,85.95,239.141463414634,276.63,578.59,38.22,61.86,243.78,64.86,383.85,118.73,288.04,103.3,129.24,108.77,88.1825,371.31,82.3,,65.24,191.07,73.42,67.98,423.6,480.22,401.46,81.75,192.86,243.583333333333,217.225085910653,194.09,3.97,118.56,234.19,1163.08,266.8,476.91,129.55,193.68,240.98,97.06,460.06,,54.71,135.15,376.48,214.64,281.22,280.31,61.28,156.621359223301
348,03/27/2018,248.3,171.15,64.87,207.824390243902,265.16,249.58,27.03,61.22,165.54,50.57,225.09,84.01,107.27,39.69,99.95,65.34,17.4975,219.44,46.0366666666667,,74.11,97.43,37.63,51.043137254902,267.65,190.9,237.37,85.03,100.06,135.073333333333,139.802405498282,138.75,1.68,78.16,77.75,573.21,87.07,329.24,75.52,90.42,158.54,36.6975,206.62,,,120.44,217.96,160.34,200.52,86.27,50.03,105.320388349515
349,03/27/2019,268.96,186.32,79.09,239.609756097561,229.95,302.42,37.49,48.06,159.79,52.12,292.85,76.5,141.24,39.95,88.51,53.48,28.885,283,62.5166666666667,,63.66,128.68,46.91,58.79,262.89,218.84,302.07,86.02,141.15,186.09,129.647766323024,115.71,0.612,90.26,133.08,702.71,93.39,402.87,94.35,125.27,196.2,48.56,268.85,,,132.77,241.71,185.82,246.73,106.32,49.22,123.194174757282
350,03/27/2020,177.04,198.27,79.79,211.29756097561,296.75,322.41,30.61,44.38,161.29,55.1,273.23,81.78,126.23,48.92,83.08,73.09,65.74,222.96,66.05,,72.85,87.33,33.26,50.0,297.07,231.75,269.05,68.96,107.14,163.47,110.57560137457,125.7,2.251,89.89,135.17,658.78,175.75,449.52,74.8,129.74,159.22,46.0975,274.34,,27.28,88.99,242.45,217.24,185.36,141.08,37.93,92.1747572815534
351,03/27/2023,305.95,236.76,40.07,242.18,269.98,470.55,48.33,71.24,261.78,64.75,356.59,156.69,197.46,67.51,139.43,77.15,116.07,463.97,80.92,76.38,79.58,254.41,79.61,79.64,506.99,489.05,217.82,70.81,190.91,252.57,188.814432989691,349.4,0.544,79.64,269.64,1481.53,314.93,820.41,128.0,186.32,278.11,73.41,561.69,,30.62,123.64,481.9,308.47,302.74,335.83,37.53,126.0
352,03/28/2018,244.42,170.46,63.85,207.248780487805,271.82,247.62,26.68,62.56,168.32,50.175,225.15,85.11,106.18,40.53,99.51,66,18.32,221.48,45.59,,74.78,97.15,37.39,51.9764705882353,267.55,188.79,234.99,84.96,98.62,134.13,138.77147766323,140.66,1.68,78.46,79.09,571.9,84.97,338.48,74.87,91.2,157.97,36.8575,205.92,,,121.38,218.5,159.58,198.57,86.5,49.95,105.009708737864
353,03/28/2019,273.91,187.65,79.69,240.975609756098,232.82,303.75,37.92,47.92,159.69,52.82,294.97,77.89,143.34,40.53,89.05,53.52,29.595,282.35,62.92,,63.69,128.66,47.53,58.89,262.61,220.56,305.14,85.74,141.84,187.63,129.398625429553,115.29,0.612,89.96,138.2,703.78,94.04,404.83,95.25,126.67,196.12,49.2275,270.3,,,133.51,242.23,182.42,248.31,107.56,49.35,123.26213592233
354,03/28/2022,434,240.47,78.92,261.6,211.68,574.08,44.27,57.8,243.66,85.24,412.75,154.73,282.68,108,144.9,115.97,123.77,484.79,114.13,,59.18,264.41,76.0,88.51,435.05,539.54,347.08,78.95,226.69,294.95,237.474226804124,308.49,1.3,109.93,342.61,1395.69,253.43,693.4,177.35,243.49,270.12,109.33,583.19,,34.77,149.36,513.2,255.72,327.81,406.65,49.84,125.68
355,03/28/2023,305.29,238.48,39.85,241.23,270.25,471,48.6,72.47,256.5,63.12,354.8,158,191.89,65.92,138.79,77.35,113.82,458.53,80.49,76.9,80.97,254.48,78.83,79.65,483.41,488.14,213.84,70.31,189.87,249.49,189.587628865979,354.48,0.56,79.51,265.79,1473.64,311.29,826.97,128.29,185.31,277.41,71.62,554.23,,30.07,123.69,472.58,313.25,299.53,339.81,37.75,126.14
356,03/29/2018,251.13,170.48,65.04,211.414634146341,273.82,250.08,27.32,62.68,167.74,53.435,228.81,86.21,106.74,41.06,100.3,65.94,18.54,219.7,46.5066666666667,,75.39,97,37.36,52.7137254901961,268.83,191.39,236.42,83.33,98.11,137.61,138.960481099656,140.87,1.68,80.22,81.18,575.03,86.68,344.36,75.72,93.36,160.92,37.76,206.46,,,118.41,214.0,162.98,198.65,88.29,50.31,105.864077669903
357,03/29/2019,284.33,189.98,81.31,243.639024390244,236.38,305.68,38.38,48.15,160.82,53.1,296.17,79.52,145.25,40.59,89.92,54.29,29.775,286.98,63.7766666666667,,65.01,130.38,48.4,60.11,266.0,223.6,310.69,86.01,143.85,190.193333333333,131.426116838488,117.06,0.559,91.08,141.96,723.0,95.09,410.62,96.36,128.03,197.52,49.6375,273.72,,,133.77,247.26,183.95,251.71,110.2,49.59,123.980582524272
358,03/29/2021,516,254.96,86.03,241.112195121951,276.08,570.04,38.59,62.46,247.55,65.64,384.62,119.05,282.95,102.13,128.04,110.05,87.3425,369.37,82.43,,66.19,187.19,74.2,69.74,425.27,479.18,395.0,81.1,191.0,241.316666666667,216.134020618557,196.0,3.98,119.16,233.28,1170.59,259.83,481.52,128.65,192.77,242.03,91.7475,458.57,,53.35,135.13,379.06,216.71,284.02,280.51,62.06,155.543689320388
359,03/29/2022,452.94,241.54,79.51,263.190243902439,214.95,581.96,44.85,57.61,243.34,84.93,417.61,155.04,290.95,110.81,141.39,115.58,128.8225,491.03,116.75,,60.53,263.65,75.92,88.73,438.95,551.76,357.35,79.71,233.59,302.0,237.757731958763,307.0,1.29,112.38,343.43,1423.28,260.62,698.43,180.28,247.18,272.97,111.505,592.87,,37.19,147.94,510.73,257.98,326.83,414.12,49.73,129.58
360,03/29/2023,306.21,241.03,40.54,242.93,274.01,471.97,49.08,74.6,254.03,63.65,361.82,158.97,197.58,66.91,138.48,78.47,113.96,456.17,81.64,79.24,81.29,257.36,79.2,79.75,485.75,487.62,222.03,71.14,192.91,250.76,190.567010309278,357.16,0.538,79.07,265.46,1496.31,312.9,819.35,129.4,187.46,279.03,72.06,555.15,,30.87,124.12,466.59,314.24,300.47,337.98,37.72,126.74
361,03/30/2020,179.92,208.48,82.19,217.434146341463,316.13,349.11,31.64,48.44,178.26,57.71,280.15,88.1,129.99,50.45,83.06,76.41,69.5,230.58,65.3533333333333,,75.93,90.96,35,52.09,311.23,241.02,276.23,72.17,112.98,168.073333333333,113.35910652921,138.02,2.514,92.05,139.35,685.4,174.58,473.0,76.51,139.99,162.96,47.6975,284.96,,27.83,100.13,251.28,231.92,188.14,151.81,39.2,95.4174757281553
362,03/30/2021,524.33,249.75,85.58,239.209756097561,276.01,564.15,38.96,62.28,245.8,65.38,384.89,119.06,287.96,103.57,128.49,109.48,86.8,364.09,82.85,,65.5,188.54,73.87,68.97,425.71,475.95,368.96,80.23,190.79,242.163333333333,217.817869415808,196.53,3.88,118.83,235.2,1149.27,261.38,470.67,127.73,190.03,243.1,93.3675,451.47,,53.46,136.19,373.56,212.99,282.51,278.34,63.54,156.52427184466
363,03/30/2022,442.17,242.57,79.38,263.014634146341,211.03,580.23,44.7,57.63,245.83,86.36,421.4,155.14,289.86,110.83,138.96,114.63,129.755,502.48,117.09,,59.66,254.96,76.67,87.85,439.39,548.68,352.04,79.67,231.32,304.44,231.099656357388,307.02,1.26,111.56,341.38,1405.74,263.65,692.38,178.49,245.89,269.14,110.595,595.15,,36.58,145.57,520.82,256.52,321.66,418.01,49.55,128.69
364,03/30/2023,311.85,241.5,40.31,245.17,275.13,471.78,49.6,75.35,254.09,64.13,367.47,159.34,198.03,64.67,139.29,79.38,114.4,458.92,81.57,82.14,81.45,259.44,80.5,80.12,488.36,493.55,225.26,71.04,194.95,251.3,193.041237113402,357.78,0.61,79.18,266.03,1499.74,316.88,811.5,131.0,188.8,280.71,72.43,562.97,,31.19,125.0,470.06,312.16,304.67,340.87,38.56,126.76
365,03/31/2020,173.95,202.73,81.19,224.165853658537,316.38,350.56,32.63,47.94,177.18,59.41,275.67,88.5,126.21,51.95,80.3,76.06,67.3175,227.04,62.8733333333333,,74.76,89.85,35.1,50.52,314.02,242.24,273.12,73.23,107.86,165.07,108.582474226804,135.26,2.55,90.18,139.71,690.51,165.68,488.29,75.28,139.97,166.49,47.405,283.6,,27.92,99.08,249.38,237.95,182.05,152.25,38.83,98.1359223300971
366,03/31/2021,541.53,248.81,84.34,237.219512195122,279.75,571.17,38.65,60.75,241.74,63.91,384.09,118.07,289.83,105.31,128.34,107.77,89.8475,358.95,83.64,,64.63,188.34,74.38,69.24,419.25,489.31,384.06,81.27,193.14,246.313333333333,219.09793814433,195.04,4.08,118.13,233.76,1155.69,260.92,473.14,128.29,190.48,243.58,95.4825,456.38,,54.51,133.39,372.07,214.89,284.17,281.78,63.81,155.417475728155
367,03/31/2022,436,241.82,77.54,259.512195121951,210.6,563.23,44.29,56.7,239.61,84.19,417.59,154.71,283.97,110.9,136.86,113.11,127.9,491.22,117.72,,59.45,250.62,76.82,87.19,435.17,547.06,349.4,79.42,231.21,301.68,226.512027491409,306.13,1.28,110.95,333.59,1373.19,266.39,698.42,174.46,241.77,267.35,108.26,590.65,,35.68,144.95,509.97,260.97,310.39,410.71,49.22,127.9
368,03/31/2023,334.14,241.75,40.56,247.54,278.03,479.02,50.03,75.5,255.53,63.21,373.36,160.11,201.82,65.71,141.48,81.11,116.18,459.81,82.73,82.03,82.97,263.68,80.7,81.54,485.46,500.08,232.55,72.27,198.89,255.47,197.096219931271,356.05,0.63,80.62,267.49,1530.21,318.96,821.67,133.26,191.28,285.47,74.19,576.37,,31.7,127.1,472.59,315.07,309.63,346.47,39.28,129.2
369,04/01/2019,285.15,191.77,81.77,245.258536585366,232.49,307.4,38.66,49.12,161.87,54.16,295.82,79.09,145.5,40.73,90.14,54.92,28.7925,288.33,63.3333333333333,,65.88,131.98,48.19,60.99,268.33,225.12,316.84,85.95,144.31,191.846666666667,132.981099656357,118.84,0.561,90.69,144.7,730.34,95.43,410.05,97.59,127.43,196.1,49.9825,276.19,,,134.75,245.54,186.05,252.98,111.78,49.84,124.038834951456
370,04/01/2020,157.2,197.81,78.66,219.90243902439,293.27,334.87,30.19,47.71,173.07,56.12,273.05,86.23,119.61,48.02,78.77,72.6,63.7025,214.3,57.5433333333333,,72.51,83.73,32.7,48.57,298.75,230.66,256.46,74.18,100.04,152.753333333333,99.8024054982818,133.06,2.538,84.11,131.16,656.24,159.17,496.65,70.83,137.7,144.67,46.3575,275.2,,25.42,87.92,237.32,225.48,182.31,149.8,37.31,87.0194174757281
371,04/01/2021,545.05,249.17,84.32,235.687804878049,278.71,579.91,38.58,60.88,241.83,63.25,385.49,116.89,294.17,106.54,129.44,105.44,91.375,353.76,83.84,,66.44,186.15,74.34,68.67,412.82,486.36,385.04,83.01,198.06,249.2,217.096219931271,193.57,4.24,118.19,235.48,1175.19,264.82,474.93,129.88,193.5,242.95,97.125,456.3,,57.6,134.4,367.07,213.04,284.72,284.77,63.44,155.339805825243
372,04/01/2022,446.41,243.12,78.58,262.5,210.65,570.89,44.99,57.6,246.25,85.51,428.42,156.52,288.66,114.05,136.33,114.15,132.8925,499.33,123.07,,59.67,250.75,76.93,89.34,441.41,553.44,363.9,79.94,240.31,305.54,226.091065292096,307.0,1.28,112.52,339.41,1371.63,279.02,694.83,171.57,248.0,269.05,108.3175,592.34,,35.98,144.18,512.59,266.15,308.58,417.03,49.25,127.73
373,04/02/2018,242.69,166.05,63.43,208.09756097561,266.89,247.38,26.84,61.01,164.65,53.125,221.67,82.67,103.11,39.26,97.81,63.79,18.6325,220.13,45.15,,73.14,95.32,36.64,51.6313725490196,280.7,186.62,229.93,80.56,95.7,133.63,137.740549828179,139.81,1.58,77.48,78.76,562.68,85.0,330.56,74.08,91.02,156.25,36.225,203.14,,,116.38,217.2,156.31,195.98,85.1,49.03,103.300970873786
374,04/02/2019,292.03,192.43,81.54,244.624390243902,233.27,309.14,38.52,47.16,158.62,53.69,297.59,74.49,147.58,40.34,90.92,54.6,29.245,288.2,63.3333333333333,,66.24,130.65,48.17,60.67,262.32,224.92,316.1,86.7,144.3,191.993333333333,135.378006872852,114.79,0.561,90.4,142.69,734.45,95.8,414.82,97.41,126.55,195.17,50.05,274.81,,,133.75,244.41,187.11,250.63,111.27,50.15,123.78640776699
375,04/02/2020,152.07,208.88,82.22,227.590243902439,304.47,360.74,31.05,46.42,168.81,56.36,283.83,83.89,121.58,49.94,77.45,70.3,66.595,211.39,61.62,,76.98,83.9,34.06,48.44,300.11,239.7,272.99,77.07,104.78,155.906666666667,99.6649484536083,129.2,2.59,86.15,133.48,655.57,167.04,498.75,72.31,139.55,149.58,47.705,287.55,,23.68,88.71,240.44,242.16,186.03,155.68,37.47,90.0097087378641
376,04/03/2018,243.62,168.22,64.02,211.531707317073,266.48,249.11,27.46,61.28,167.85,53.105,221.31,83.93,104.58,39.51,98.9,64.35,18.6725,227.51,45.5566666666667,,73.75,97.07,36.78,52.4235294117647,282.47,188.71,229.94,81.89,95.72,134.49,140.438144329897,140.53,1.605,78.35,79.77,568.58,85.08,332.2,75.34,92.46,159.09,36.6175,206.68,,,118.04,224.58,158.36,198.81,84.07,49.91,104.019417475728
377,04/03/2019,289.27,192.92,80.87,243.307317073171,231.4,305.88,38.33,47.08,159,53.37,297.07,75.05,148.55,40.38,90.57,55.27,29.4225,287.66,63.57,,66.66,131.21,47.52,60.56,263.76,227.58,319.2,84.35,144.4,192.086666666667,134.604810996564,115.08,0.561,88.45,145.07,732.73,96.23,407.0,98.59,125.98,194.84,50.4725,276.76,,,134.25,245.84,187.89,250.54,111.8,50.35,122.796116504854
378,04/03/2020,154.2,205.41,81.42,221.2,300.51,365.78,31.17,46.61,163.84,54.6,279.68,81.34,118.84,48.93,73.34,65.52,65.1875,203.3,63.0233333333333,,78.21,81.83,32.82,46.35,291.63,234.55,263.5,78.59,102.72,154.156666666667,97.3453608247423,125.49,2.54,86.27,132.13,630.58,164.92,493.32,71.2,138.72,148.07,46.5975,282.21,,22.82,85.38,229.49,238.31,179.94,151.35,35.45,89.3300970873786
379,04/03/2023,327.35,244.44,39.98,246.95,277.34,464.82,49.72,76.71,262,64.67,368.38,162.28,200.26,62.92,142.67,81.69,115.24,476.49,82.17,81.81,83.24,264.16,80.58,81.83,510.25,489.27,230.02,72.66,199.93,253.53,198.015463917526,363.77,0.656,79.67,272.0,1530.55,318.84,826.19,131.37,190.52,287.56,73.76,570.07,,31.46,127.69,494.19,316.33,307.46,347.04,39.11,128.04
380,04/04/2018,248.93,173.52,64.41,213.443902439024,272.4,250.52,27.74,62.94,168.79,53.205,221.21,86.25,105.62,39.74,99.29,63.67,18.04,228.42,46.2533333333333,,75.4,96.86,37.27,53.7333333333333,286.99,190.83,237.77,83.98,96.83,133.973333333333,140.756013745704,141.35,1.605,78.72,80.72,574.53,84.41,337.35,75.5,92.88,158.83,36.805,209.32,,,119.35,228.79,162.12,201.62,85.9,50.53,104.233009708738
381,04/04/2019,287.96,192.33,80.55,245.453658536585,235.04,305.8,38.16,46.87,161.48,53.56,290.73,75.97,143.89,39.94,91.02,55.11,29.29,291.2,63.1,,66.84,132.35,47.31,61.36,271.37,225.93,315.02,83.22,142.23,190.093333333333,135.266323024055,115.01,0.561,89.23,145.28,727.2,95.75,406.53,97.82,125.81,193.71,49.7275,275.05,,,133.97,247.39,184.15,248.36,111.86,50.26,122.873786407767
382,04/04/2022,445.39,244.87,75.47,258.31,211.64,569.55,44.16,56.7,242.26,84.18,417.32,154.75,287.27,113.4,134.54,113.11,130.55,489.34,120.28,,60.67,245.59,76.1,87.71,437.69,548.08,365.55,80.91,238.5,302.25,226.22852233677,305.76,1.26,110.88,328.67,1357.43,270.93,698.41,169.86,246.25,265.12,108.01,590.14,,36.51,140.1,510.02,268.64,310.31,409.03,48.68,125.86
383,04/04/2023,326.85,247.53,40.5,248.25,275.25,462.32,50.07,76.66,256.54,63.98,370.06,162.97,197.89,62.25,141.2,81.58,115.64,475.43,83.2,81.59,82.12,267.23,80.79,82.49,503.31,484.01,230.22,72.65,196.7,254.71,198.127147766323,362.99,0.651,79.47,272.89,1529.54,319.91,822.09,131.89,191.27,287.1,73.8,576.18,,31.39,128.36,493.25,314.42,302.73,348.1,38.97,127.92
384,04/05/2018,255.35,172,65.52,214.760975609756,264.98,247.47,28.09,63.84,169.03,54.475,223.55,87.38,105.45,39.74,99.83,64.19,18.07,230.73,46.97,,74.82,98.24,37.45,53.1921568627451,287.29,190.88,236.37,83.07,97.0,135.373333333333,141.80412371134,142.61,1.605,79.7,82.66,577.67,86.08,328.59,75.9,94.2,160.07,37.0525,211.86,,,121.67,229.07,157.66,201.7,85.02,50.09,105.194174757282
385,04/05/2019,295.88,195.41,80.67,245.151219512195,241.72,308.61,38.16,47.49,166.13,55.84,289.44,77.27,143.9,40.07,90.77,55.95,29.23,293.31,62.77,,67.54,134.08,47.13,62.73,276.48,227.77,323.5,84.76,144.26,191.906666666667,136.580756013746,116.7,0.626,88.93,147.36,734.84,95.85,408.94,99.0,125.47,195.24,49.6075,276.49,,,134.72,248.78,188.89,252.33,112.87,50.4,123.504854368932
386,04/05/2021,547.94,252.02,85.28,239.112195121951,277.88,582.8,39.04,60.54,243.34,63.96,387.74,117.01,297.89,105.75,130.13,106.8,92.04,354.89,85.74,,66.34,188,74.36,68.98,413.15,491.31,384.54,83.25,200.37,255.31,217.070446735395,194.61,4.28,120.25,236.72,1195.55,269.12,484.56,130.99,195.88,248.48,99.1975,465.39,,57.4,136.37,370.18,215.32,295.65,289.56,64.38,157.961165048544
387,04/05/2022,436.8,244.56,76.49,262.94,207.61,574.85,44.35,56.83,245.09,84.83,420.52,155.76,288.66,112.47,133.67,114.22,129.105,494.78,120.22,,59.75,243.61,77.66,87.14,443.22,545.04,363.84,80.7,238.36,295.92,227.018900343643,307.0,1.25,110.5,329.29,1349.01,270.65,691.47,166.17,245.7,268.5,108.2625,584.28,,34.96,139.24,517.76,269.96,305.35,408.64,48.63,129.13
388,04/05/2023,317.02,253.37,42.26,251.67,283.99,463.8,50.74,79.42,265.88,65.79,373.6,167.36,195.74,61.62,143.31,82.94,112.82,484.69,83.45,81.12,83.65,271.31,82.09,83.98,516.23,476.69,230.92,73.78,197.09,257.99,201.039518900344,373.17,0.652,80.27,283.91,1529.87,315.89,825.22,133.36,192.25,288.03,74.04,579.86,,31.12,128.7,509.23,321.94,302.66,346.76,39.23,128.59
389,04/06/2018,245.23,168.14,63.89,210.243902439024,257.65,244.1,27.35,62.39,167.82,53.515,217.98,85.41,102.37,39,97.35,63.03,17.5375,224.78,45.8366666666667,,73.41,96.24,36.43,52.3764705882353,283.73,185.56,228.17,64.02,94.85,132.183333333333,138.874570446735,139.71,1.605,77.64,80.67,555.26,83.77,319.61,73.2,92.25,155.17,36.3325,205.56,,,118.5,223.96,154.25,194.88,83.32,49.02,102.116504854369
390,04/06/2020,176.74,211.58,84.93,231.892682926829,311.39,381.29,32.88,49.35,173.49,60.12,296.68,86.29,132.81,52.39,78.69,71.01,67.3275,225.72,65.14,,77.73,93.58,35.86,47.14,327.47,254.43,278.01,85.11,117.14,166.746666666667,108.599656357388,135.2,2.5,94.09,141.0,702.6,171.9,504.27,75.41,148.65,165.66,48.6375,304.0,,25.99,96.5,248.34,255.3,188.89,161.3,37.73,95.0873786407767
391,04/06/2021,553.84,249.1,84.92,238.653658536585,271.76,587.55,38.95,60.24,239.13,62.64,389.29,115.99,302.19,107.03,128.31,106.95,93.25,352.27,85.41,,66.23,186.38,74.72,69.0,407.33,492.9,414.84,83.18,203.57,255.616666666667,216.383161512028,191.45,4.22,121.15,233.34,1210.22,276.95,478.68,132.97,194.5,248.39,99.765,468.74,,58.05,137.02,364.37,215.3,302.23,291.28,64.16,158.747572815534
392,04/06/2022,421.74,249.93,77,270.65,209.71,576.64,44.58,57.41,249.61,87.12,419.62,158.14,286.02,110.17,134.43,116.21,127.385,506.87,120.36,,60.82,250.48,78.34,88.71,449.05,534.92,358.52,81.87,240.3,288.67,227.560137457045,311.57,1.22,111.72,338.72,1327.86,267.28,708.36,166.11,248.85,268.2,108.55,587.41,,33.41,140.48,531.75,272.39,304.14,409.45,48.27,127.85
393,04/06/2023,323.14,253.32,42.3,254.69,286.8,466.24,50.08,79.23,265.29,66.02,372.3,166.35,196.59,64.95,142.88,82.47,112.47,483.54,83.88,80.16,83.37,270.59,82.86,84.73,519.97,472.52,229.99,75.51,195.83,256.9,199.46735395189,370.09,0.583,80.3,285.57,1500.92,317.72,828.73,133.57,193.1,287.68,75.65,575.35,,31.18,128.08,512.81,321.66,300.0,344.72,39.54,129.17
394,04/07/2020,174.55,208.78,82.51,231.756097560976,301.21,370.37,33.69,47.88,177.17,60.15,292.64,87.2,133.33,52.72,83.41,71.99,62.6775,224.05,64.91,,74.67,98.61,37.77,49.3,320.05,251.74,280.64,86.66,119.68,163.33,114.647766323024,132.08,2.498,94.46,140.11,709.49,165.67,501.51,75.45,148.76,165.79,48.4025,296.58,,25.74,98.39,248.04,247.67,190.08,158.14,38.09,98.9417475728155
395,04/07/2021,552.56,248.12,84.69,238.068292682927,268.02,576.64,38.85,60.7,240.22,62.62,382.69,116.48,296.53,106.16,127.74,106.69,92.35,352.19,84.12,,65.6,186.77,72.9,68.66,411.73,489.27,400.55,81.38,201.6,253.673333333333,216.752577319588,193.26,3.96,120.63,231.31,1199.84,278.5,481.79,130.18,193.79,247.44,99.2475,466.38,,56.89,136.61,365.64,212.72,296.35,289.18,63.94,158.009708737864
396,04/07/2022,422.18,251.64,78.01,273.52,211.64,596.6,44.96,59.38,255.13,88.56,415.98,162.92,302.02,112.75,137.93,118.25,128.13,514.66,123.74,,60.99,254.63,79.47,89.52,457.6,551.26,368.0,82.18,249.28,291.82,233.582474226804,320.14,1.2,112.33,342.3,1368.74,267.51,721.8,172.41,248.44,270.17,112.4125,612.21,,32.27,144.37,536.95,275.83,313.75,420.45,48.07,129.91
397,04/08/2019,292.71,194.88,79.66,244.868292682927,239.74,309.84,38.15,47.55,167.4,56.64,290.03,78.12,144.81,40.12,90.48,55.24,28.7375,289.5,62.8433333333333,,67.38,131.84,46.81,61.63,273.56,227.75,323.61,84.43,144.04,192.78,136.400343642612,116.82,0.626,88.99,147.49,738.37,94.62,401.26,99.71,125.53,195.74,50.4125,278.42,,,133.0,248.75,188.93,253.15,113.13,50.33,125.009708737864
398,04/08/2020,184.41,219.19,84.48,243.90243902439,316.95,403.06,35.13,49.4,186.22,65.15,297.43,88.33,141.43,55.1,87.84,76.96,64.5025,247.02,69.0166666666667,,74.99,108.06,39.38,52.37,337.26,254.73,280.99,87.75,127.87,170.166666666667,121.27147766323,131.56,2.5,99.28,157.56,740.99,175.87,512.33,77.88,149.25,176.43,49.75,307.15,,26.94,106.99,267.83,249.66,196.08,164.79,39.58,108.038834951456
399,04/08/2021,575.75,246.88,84,236.946341463415,265.73,592.23,38.72,59.25,238.25,61.54,381.02,115.45,305.2,107.42,126.66,106.86,94.595,352.89,84.16,,65.02,188.04,73.58,68.67,407.15,499.66,403.74,80.83,204.34,256.783333333333,216.512027491409,189.47,4.01,120.65,230.67,1206.4,284.56,476.36,131.56,198.16,249.87,101.285,471.51,,57.83,136.87,364.89,210.28,304.13,291.88,64.15,159.747572815534
400,04/08/2022,420.56,252.02,80,275.42,214.75,597.16,44.84,61.9,257.9,88.48,411.45,165.44,302.4,110.71,140,122.07,126.4975,520.67,123.92,,62.3,258.69,79.99,90.4,457.81,547.12,362.68,83.18,252.29,289.86,237.757731958763,325.84,1.31,112.47,337.6,1381.84,267.63,738.84,172.49,249.12,269.47,108.2925,608.86,,32.05,146.0,545.96,280.28,312.12,413.58,48.05,129.62
401,04/09/2018,249.06,169.62,64.79,212.09756097561,257.52,244.8,27.51,62.5,167.94,53.29,219.83,86.79,103.58,39.5,97.96,62.77,17.595,222.87,45.79,,73.8,96.31,36.53,52.4470588235294,285.0,187.13,230.18,65.36,95.48,135.216666666667,139.725085910653,140.03,1.624,78.46,80.87,560.22,85.02,319.7,74.15,93.1,157.05,36.5825,209.55,,,119.15,222.73,156.76,198.48,84.64,49.25,103.106796116505
402,04/09/2019,285.25,192.98,80.07,243.678048780488,237.58,305.92,38.21,47.34,169.13,57.88,289.46,77.43,144.11,39.55,89.95,55.11,28.805,290.1,63.32,,66.09,132.28,47,61.99,274.63,224.78,316.64,82.73,144.29,193.126666666667,135.429553264605,115.8,0.626,88.72,145.6,733.99,93.9,395.73,101.12,125.7,195.97,50.2775,277.8,,,133.85,248.79,188.31,249.41,112.95,50.42,124.912621359223
403,04/09/2020,193.19,218.21,86.89,241.414634146341,321.05,393.14,36.83,50.43,181.83,66.42,296.57,87.81,138.96,56.46,89.77,74.82,68.8175,242.46,71.8133333333333,,73.51,108.06,41.11,52.25,341.9,258.58,287.62,86.81,128.53,167.93,126.116838487973,133.32,2.474,101.03,153.28,727.42,182.94,512.96,78.34,152.69,182.72,48.1725,317.38,,27.11,104.51,264.13,246.61,195.93,162.93,41.87,107.145631067961
404,04/09/2021,592.56,248.95,84.92,241.882926829268,268.17,602.57,39.32,60.05,246.1,62.61,386.05,116.81,306.4,109.26,126.69,109,95.7225,361.01,85.99,,65.11,190.88,73.63,69.39,417.74,502.88,403.37,79.96,207.66,261.493333333333,218.857388316151,190.87,4.06,122.0,240.98,1222.41,287.13,475.17,133.39,199.15,253.32,102.18,478.88,,57.68,138.18,376.3,213.35,307.14,296.52,64.2,164.543689320388
405,04/10/2018,258.27,173.13,66.2,218.19512195122,265.09,250.02,27.9,64.34,169.85,53.98,223.34,88.91,106.1,40.26,98.94,63.18,17.82,224.95,46.7666666666667,,75.02,96.93,37.01,54.3843137254902,286.84,193.26,238.92,68.12,96.61,139.566666666667,141.872852233677,143.2,1.624,79.29,82.1,571.28,86.15,328.04,75.43,94.25,160.38,37.2275,215.19,,,120.07,226.79,161.17,203.32,87.16,49.75,104.165048543689
406,04/10/2019,290.12,193.89,80.16,246.078048780488,240.28,307.6,38.36,46.94,168.2,57.29,291.68,74,145.22,39.91,90.37,55.9,29.72,288.04,62.9433333333333,,67.4,133.93,47.56,61.84,266.5,224.52,324.86,83.41,144.81,195.296666666667,137.121993127148,115.27,0.626,88.63,145.24,737.97,93.76,408.23,101.1,126.42,196.14,50.8525,278.85,,,134.49,246.03,190.37,250.68,114.55,50.61,125.087378640777
407,04/10/2023,330.66,250.9,42.17,253.53,282.86,469.95,50.34,79.62,263.1,66.32,370.12,166.38,199.74,67.26,143.38,82.7,112.53,484.93,82.75,80.59,82.6,270.99,83.07,83.89,524.56,477.22,229.71,73.93,196.89,258.94,199.46735395189,370.77,0.586,80.24,289.83,1521.63,314.92,823.76,132.87,192.24,288.24,75.19,574.36,,31.74,129.35,515.18,323.24,299.42,349.79,39.78,128.15
408,04/11/2018,257.02,172.41,64.94,216.692682926829,265.99,247.44,27.93,63.97,169,52.965,220.61,89.09,105.29,40,99.06,62.96,17.74,220.32,45.8233333333333,,74.33,96.19,36.77,54.1725490196078,282.28,192.41,237.67,66.29,95.98,137.373333333333,141.039518900344,143.08,1.624,78.59,80.71,565.17,85.53,322.78,74.33,93.75,157.85,37.3475,212.79,,,119.07,221.9,158.89,200.63,87.33,49.29,102.941747572816
409,04/11/2019,289.66,192.11,79.83,245.590243902439,233.83,305.98,37.92,46.38,164.01,55.13,291.88,74.18,144.21,39.48,89.72,54.63,29.825,276.29,63.4533333333333,,66.31,130.13,47.39,60.93,260.74,223.76,328.52,81.06,143.18,194.876666666667,135.627147766323,114.19,0.626,87.6,141.53,740.75,93.49,393.48,100.35,128.1,195.33,50.5625,280.51,,,132.42,235.42,185.12,250.75,114.53,50.49,124.796116504854
410,04/11/2022,409.69,250.87,78.77,270.01,210.62,589.71,44.22,61.38,254.12,86.9,406.96,162.65,290.67,107.05,137.39,119.39,123.1225,510.64,121.5,,61.89,258.18,76.52,90.21,451.33,514.48,351.28,80.95,242.98,278.96,234.037800687285,320.67,1.22,111.52,333.06,1348.0,258.14,722.37,165.77,247.23,263.34,105.6275,585.67,,32.04,147.86,537.44,281.09,302.58,398.5,48.48,126.9
411,04/11/2023,339,251.43,42.89,252.98,283.69,472.01,50.73,79.95,266.48,67.36,371.94,166.55,202.42,65.44,143.88,84.72,115.04,489.68,82.2,80.59,82.54,271.59,83.54,85.22,533.76,478.13,227.76,74.17,199.69,262.77,199.965635738832,366.17,0.6,81.0,294.23,1527.37,314.0,819.64,134.19,195.36,290.53,77.8,576.38,,31.12,132.55,520.97,324.83,302.18,354.81,40.77,131.38
412,04/12/2018,263.76,171.02,65.77,218,267.44,250.48,28.23,62.26,170.56,53.01,221.02,88.19,106.01,40.51,100.25,62.87,18.175,220.46,46.4266666666667,,75.29,96.63,37.05,54.6823529411765,285.56,194.21,242.09,69.83,96.12,138.35,141.666666666667,143.94,1.624,79.84,81.32,569.76,85.68,325.08,74.56,94.39,158.56,37.295,213.33,,,120.1,224.24,161.98,202.32,88.14,49.19,103.320388349515
413,04/12/2019,293.08,191.42,79.32,240.692682926829,234.5,308.53,37.73,46.79,160.6,52.92,292.94,74.74,144.39,39.26,89.88,54.54,29.47,252.85,63.9033333333333,,65.28,127.87,47.54,61.78,253.31,225.32,338.37,79.4,142.52,194.283333333333,135.266323024055,116.05,0.626,86.75,129.39,742.35,93.35,382.94,99.99,128.66,192.67,50.375,280.65,,,132.8,223.22,182.78,250.88,115.77,51.24,124.194174757282
414,04/12/2021,601.11,248.94,84.54,241.375609756098,262.8,603.99,39.34,60.86,245.82,62.43,388.02,117.54,305.23,109.38,128.86,109.88,96.7875,359.42,85.82,,64.66,191.66,74.42,70.0,413.21,506.43,398.99,79.87,208.21,259.753333333333,219.639175257732,191.71,3.99,121.79,240.85,1218.84,284.72,472.8,132.62,200.62,251.83,100.7625,475.98,,59.44,139.26,376.28,213.6,307.04,296.94,64.15,163.427184466019
415,04/12/2022,406.23,250.04,78.07,269.18,208.06,558.24,43.76,63.3,254.82,85.81,402.85,162.62,286.65,100.06,137.27,119.22,122.6075,509.61,120.84,,61.63,260.89,76.5,91.04,449.04,497.24,344.59,80.07,237.67,277.85,230.807560137457,322.58,1.22,110.58,331.88,1313.77,253.6,715.79,161.26,246.52,262.42,103.1875,570.94,,31.99,149.27,533.71,281.15,293.93,384.55,48.45,126.64
416,04/12/2023,332.25,249.5,42.67,253.85,285.79,476.83,51.11,79.15,260.77,67.18,372.88,165.42,201.47,64.25,142.47,83.29,114.82,492.99,82.92,81.75,82.16,272.38,83.73,82.17,532.05,470.9,226.88,73.94,197.99,261.77,197.852233676976,362.56,0.585,80.81,296.05,1533.44,316.29,820.43,134.34,193.51,290.1,81.22,579.35,,30.59,134.08,521.19,326.37,303.27,358.77,40.51,131.59
417,04/13/2018,261.72,171.48,65.72,219.873170731707,265.39,247.06,28.31,60.42,171.65,53.32,221.37,86.82,106.05,40.23,99.76,62.9,18.095,222.02,45.9466666666667,,75.22,96.28,37.02,54.1019607843137,287.62,191.78,241.44,70.12,97.71,138.21,141.59793814433,142.85,1.624,79.57,81.44,568.21,84.94,321.56,74.42,94.41,158.35,37.2375,214.35,,,119.64,224.28,161.39,202.32,88.86,49.0,102.495145631068
418,04/13/2020,185.72,218.27,86,242.009756097561,322.94,405.38,35.21,49.03,177.48,65.15,299.03,85.45,139.61,54.67,86.43,73.59,68.315,240.53,69.0633333333333,,75.28,103.61,40.96,51.7,348.26,254.39,289.45,88.01,124.79,164.843333333333,120.661512027491,131.02,2.57,99.52,156.71,690.78,180.0,517.02,76.43,149.51,172.08,47.72,315.32,,27.99,100.72,263.51,252.28,187.65,159.88,40.24,104.873786407767
419,04/13/2021,595.63,249.95,84.79,244.585365853659,266.19,614.85,39.41,60.14,245.26,62.23,390.89,117.12,309.82,109.04,128.39,107.46,97.025,359.02,86.44,,64.89,188.58,75.65,69.6,417.11,516.94,403.15,80.65,207.49,264.823333333333,218.256013745704,189.16,4.0,123.63,242.44,1230.86,288.13,477.04,135.35,202.91,253.57,104.8625,484.85,,60.64,137.41,374.5,215.94,307.91,306.45,63.85,163.563106796117
420,04/13/2022,416.91,253.51,78.44,270.94,213.98,564.85,44.43,63.03,258.99,86.21,404.61,162.96,289.82,100.88,137.05,120.7,124.7,512.21,121.91,,62.06,258.64,76.89,91.96,458.78,508.61,343.35,81.99,239.31,285.22,231.039518900344,325.62,1.23,110.46,334.17,1342.59,265.28,731.89,164.17,249.35,263.64,104.85,576.8,,32.63,148.96,537.0,290.93,298.59,387.02,48.75,127.95
421,04/13/2023,341.35,251.44,43.18,256.3,289.7,485.71,51.5,80.72,263.81,69.36,377.54,167.38,205.6,63.31,142.67,84.4,116.28,496.2,84.66,82.94,83.27,273.41,84.92,82.57,535.26,480.01,232.67,75.33,202.75,266.56,199.115120274914,364.32,0.601,81.59,302.47,1581.71,317.13,830.35,136.97,195.12,291.61,83.55,591.13,,31.44,136.22,526.23,333.35,312.38,366.74,41.18,132.52
422,04/14/2020,190,226.8,88.25,243.443902439024,333.76,405.58,35.92,50.69,185.62,66.4,300.49,89.42,142.59,56.66,90.1,76.82,70.1675,252.01,72.0533333333333,,77.75,112.54,42.01,53.55,352.21,263.01,297.88,91.28,126.49,169.313333333333,124.295532646048,137.66,2.573,101.2,163.29,711.77,185.16,524.84,78.35,157.16,175.39,49.82,326.37,,27.75,107.55,270.5,262.41,193.65,167.09,40.76,110.281553398058
423,04/14/2021,594.93,249.62,84.64,243.726829268293,265.79,612.11,39.67,60.82,249.44,62.58,391.05,118,309.17,109.91,127.34,108.23,97.775,362.62,86.25,,65.3,190.95,75.01,70.0,422.75,514.16,398.07,82.21,208.9,261.943333333333,217.45704467354,190.61,4.06,123.9,244.16,1224.6,284.7,481.16,132.85,204.84,252.29,103.595,478.04,,59.23,137.52,375.63,217.13,296.67,300.06,65.22,163.407766990291
424,04/14/2022,409.82,254.02,76.44,271.68,212.55,548.19,44.25,62.96,259.21,86.54,399.62,161.21,284.63,97.32,135.92,121.45,123.0275,516.72,120.02,,61.82,260.94,76.33,91.36,460.56,496.78,336.49,81.74,238.48,279.7,231.134020618557,323.25,1.24,109.02,335.94,1318.36,263.5,733.02,161.42,244.46,261.7,104.52,568.9,,32.68,151.14,534.82,287.97,295.39,381.22,49.07,126.0
425,04/14/2023,342.27,250,43.05,255.5,288.13,479.25,51.77,80.63,259.1,68.07,373.71,167.13,203.69,46.32,142.34,83.96,115.7,484.46,84.36,82.37,83,273.35,84.14,82.43,523.83,482.49,228.01,74.5,200.35,267.02,197.036082474227,362.0,0.599,80.71,293.7,1576.95,318.82,829.33,137.11,186.53,291.76,85.24,588.84,,31.48,135.98,511.79,333.52,307.17,363.93,41.15,132.37
426,04/15/2019,292.55,191.2,79.61,240.19512195122,232.37,306.74,37.81,47.08,163.82,53.22,295.62,76.11,143.24,44.41,90.99,55.17,29.7425,262.88,63.0766666666667,,65.43,127.09,47.04,61.89,254.0,225.22,335.12,78.15,141.08,192.27,136.658075601375,117.21,0.527,86.87,131.98,744.34,91.43,375.5,99.19,128.68,193.42,50.155,277.56,,,132.74,230.2,182.49,248.94,116.9,51.23,124.174757281553
427,04/15/2020,183.83,221.8,86.89,246.370731707317,326.94,403.82,34.79,50.07,182.6,69.02,298.7,88.33,139.43,55.22,89.05,76.26,72.9225,250.47,71.55,,74.63,109.48,41.33,52.16,353.54,257.82,294.29,90.95,124.02,170.333333333333,121.546391752577,137.98,2.41,97.32,160.2,692.96,187.42,511.69,78.75,154.75,172.54,50.3725,325.83,,27.41,103.09,281.68,255.23,189.41,165.01,39.95,106.912621359223
428,04/15/2021,606.23,255.13,85.8,251.560975609756,270.44,624.79,40.86,60.87,254.36,64.24,400,119.04,320.37,110.99,129.15,109.85,99.8725,372.6,88,,65.77,193.49,75.99,70.9,433.94,528.46,401.96,83.2,214.13,268.24,222.860824742268,191.37,3.97,125.85,249.03,1261.96,294.88,494.64,134.63,206.71,256.85,103.795,494.38,,60.74,141.12,390.01,221.1,299.65,310.95,64.83,166.757281553398
429,04/16/2018,265.5,171.38,66.29,223.970731707317,263.11,262.13,28.83,62.29,175.08,54.96,228,88.77,107.25,41.07,101.23,63.17,18.2675,225.27,46.04,,74.69,97.44,37.69,54.8549019607843,289.95,195.62,245.19,70.37,98.04,139.46,143.041237113402,147.88,1.624,80.6,83.13,570.76,85.66,318.2,75.37,95.89,162.06,37.4825,215.91,,,120.55,230.32,158.7,206.19,89.5,50.19,104.116504854369
430,04/16/2019,288.38,188.05,77.62,234.165853658537,228.72,301.44,36.17,46.75,151.04,50.07,288.98,75.35,138,42.56,89.09,55.32,29.44,245.13,63.4633333333333,,64.54,114.38,45.79,61.33,235.1,222.17,329.5,76.98,136.29,187.143333333333,131.10824742268,116.61,0.527,86.15,122.09,732.17,89.49,367.69,96.98,125.2,189.04,48.8175,266.83,,,126.33,220.96,179.74,240.71,113.89,50.38,121.864077669903
431,04/16/2020,180.34,230.9,90.53,255.229268292683,338.34,414.54,35.45,50.06,195.35,72.85,296.95,86.28,139.56,55.76,90.75,76.65,76.5675,271.84,72.5066666666667,,76.54,108.32,41.46,52.58,377.31,261.12,303.5,95.66,124.46,170.146666666667,119.012027491409,138.11,2.545,95.7,170.97,695.87,192.35,539.93,81.51,150.33,174.81,52.995,328.84,,27.03,101.67,298.43,264.76,192.96,167.58,39.08,106.135922330097
432,04/16/2021,606.33,255.71,86.56,254.575609756098,270.31,626.12,40.91,61.31,252.57,64.96,399.52,119.69,323.38,110.6,130.11,113.11,100.01,375.62,89.02,,66.87,196.93,76.66,71.17,435.28,535.0,399.0,82.68,215.56,270.856666666667,225.257731958763,193.18,3.97,125.91,250.3,1282.33,297.0,502.6,133.16,208.14,257.13,104.6375,492.92,,60.35,146.14,391.01,219.39,299.9,313.83,65.42,166.873786407767
433,04/17/2018,272.65,174.88,66.86,227.736585365854,264.75,264.68,28.86,63.19,174.38,56.055,227.34,91.04,108.01,41.89,100.8,63.08,18.355,229.52,46.4033333333333,,75.47,97.71,38.67,55.7019607843137,296.29,199.62,248.48,70.52,98.8,145.15,143.281786941581,149.5,1.624,80.63,84.68,581.57,87.82,322.63,75.8,96.96,163.65,38.2525,218.23,,,120.83,238.55,164.99,207.6,91.16,50.27,105.650485436893
434,04/17/2019,273.68,182.47,74.39,220.360975609756,227.18,291.83,34.91,44.88,145.49,47.01,279.29,72.3,133.5,42.75,85.7,51.05,27.845,236.25,59.1633333333333,,63.25,112.01,43.43,60.73,232.89,215.53,318.69,74.32,132.31,175.0,123.848797250859,112.49,0.506,84.73,116.67,715.22,82.72,342.97,93.59,120.49,180.24,47.18,257.51,,,122.66,216.84,166.97,238.09,111.64,48.76,116.203883495146
435,04/17/2020,193,234.97,92.95,255.024390243902,342.55,427.21,38.29,51.23,194.13,71.29,306.28,89.19,144.98,57.76,95.4,78.16,80.85,267.82,76.1366666666667,,83.99,115.66,43.79,53.64,373.59,265.16,316.36,100.0,131.57,175.443333333333,127.594501718213,141.61,2.54,103.33,169.82,720.91,199.34,568.79,83.63,154.97,189.51,53.455,331.58,,28.0,107.79,290.56,270.46,197.51,169.98,40.86,115.126213592233
436,04/17/2023,347.69,248.07,42.97,256.28,292.2,481.51,51.74,80.06,258.67,68.7,371.48,167.38,208.55,45.43,143.09,83.86,118.65,484.27,84.05,82.72,83.63,271.1,83.64,82.85,518.82,481.52,229.97,75.0,202.62,268.89,198.865979381443,363.28,0.61,82.12,295.13,1595.92,321.27,819.74,135.95,188.14,292.78,85.23,588.6,,32.08,136.24,505.35,327.74,309.6,362.47,40.92,133.46
437,04/18/2018,277.05,175.11,67.22,228.673170731707,268.03,264.19,28.94,63.89,175.21,56.11,226.99,92.75,108.12,42.32,100.79,64.16,18.375,230.65,46.5066666666667,,75.68,98.73,39.16,55.6313725490196,298.3,200.84,250.0,70.07,99.25,157.01,143.986254295533,149.28,1.624,80.19,85.24,585.63,88.64,321.39,76.4,96.86,164.71,38.3375,219.53,,,121.5,236.4,163.36,210.05,91.96,50.62,106.873786407767
438,04/18/2019,281.49,177.47,74.33,222.331707317073,226.39,294.13,35.11,46,149,48.2,281.22,72.45,135.14,43.97,85.75,52.23,28.5725,239.62,59.0866666666667,,62.95,115.24,43.4,61.5,240.69,218.49,319.03,73.96,133.01,176.02,124.759450171821,114.1,0.506,84.22,120.68,728.73,82.13,333.34,94.15,122.83,180.26,47.29,259.78,,,124.51,221.75,168.16,239.58,111.52,49.73,116.504854368932
439,04/18/2022,405.88,251.93,74.97,260.1,212.54,542.34,43.74,62.98,258.96,84.88,395.22,161.9,277.23,94.57,133.24,119.52,120.1575,512.95,119.28,,61.58,259.91,75.18,90.14,453.97,486.81,335.85,80.33,234.39,276.35,229.484536082474,326.65,1.21,108.08,332.76,1304.58,257.0,723.2,160.38,241.9,258.96,103.015,572.13,,31.79,151.4,534.08,282.99,292.39,372.42,48.72,125.23
440,04/18/2023,348.05,246.09,42.82,253.59,293.83,479.16,51.61,79.45,259.69,68.93,378.05,167.41,206.02,42.08,142.1,83.49,118.93,483.08,84.35,83.66,83.78,271.45,82.51,82.7,512.68,482.12,228.28,73.8,202.73,269.28,197.809278350515,360.26,0.62,81.65,290.72,1589.22,321.3,808.01,134.13,183.77,290.92,84.33,584.86,,31.73,136.8,504.48,325.15,308.39,362.06,40.56,134.32
441,04/19/2018,252.78,172.93,66.98,229.50243902439,266.02,262.26,28.89,62.31,171.73,55.685,225.22,91.69,106,41.89,101.49,64.12,18.185,227.67,46.1866666666667,,74.44,98.41,38.61,54.7058823529412,295.0,197.82,245.84,69.05,98.07,154.236666666667,144.553264604811,147.1,1.624,80.0,84.85,577.37,88.45,315.83,75.1,96.22,163.55,38.0475,216.99,,,121.51,235.76,159.55,207.39,91.76,49.74,107.514563106796
442,04/19/2021,603.72,255.97,86.52,252.643902439024,269.05,629.59,40.88,61.23,252.49,65.38,399.33,119.5,324.59,108.63,131.09,110.78,98.26,379.66,88.56,,65.95,194.89,76.68,70.64,439.92,528.58,404.18,82.67,216.22,270.396666666667,223.805841924399,193.69,3.86,126.13,254.67,1277.29,281.51,499.69,134.59,208.63,256.75,103.6275,487.64,,57.85,146.04,389.84,219.18,298.81,316.79,65.53,167.504854368932
443,04/19/2022,424.54,253.37,76.51,263.49,223.02,556.46,45.72,62.72,261.03,85.99,410.77,162.85,288.55,95.33,135.88,120.76,122.9475,517.04,124.52,,62.78,261.96,76.28,88.92,458.69,500.85,342.27,79.47,237.87,294.86,232.938144329897,324.7,1.19,110.22,335.57,1331.04,270.83,716.22,160.8,247.35,271.67,103.3125,574.15,,33.8,151.46,537.7,282.52,300.8,371.0,42.2,130.6
444,04/19/2023,356.37,246.21,43.62,258.85,292.27,486.4,52.89,78.99,256.1,66.78,385.54,164.48,202.87,43.07,143.55,83.6,124.12,457.33,86.5,85.75,84.11,272.99,83.99,82.95,492.9,487.7,231.61,73.81,201.86,298.57,198.702749140893,355.55,0.619,84.87,277.47,1598.99,326.14,808.86,135.55,186.75,299.31,84.98,579.92,,32.04,137.16,486.2,328.45,308.45,367.64,40.59,138.12
445,04/20/2018,247.07,171.56,67.05,227.2,263.02,260.68,28.84,62.07,169.94,55.315,225.12,89.87,105.46,41.88,98.16,63.75,18.1175,226.07,45.6966666666667,,73.7,97.45,38.3,54.1725490196078,294.12,196.75,244.6,68.43,97.27,152.09,141.898625429553,146.25,1.624,79.9,85.3,576.76,86.69,314.25,74.6,96.04,164.25,38.195,215.89,,,120.52,235.06,158.15,208.21,91.02,49.34,107.106796116505
446,04/20/2020,196.71,236.6,94.14,257.014634146342,339.41,424.95,37.25,50.74,188.7,68.42,304.7,89.62,144.26,58.86,95.03,77.52,80.8175,263.2,74.8666666666667,,81.26,110.43,43.24,53.15,367.33,267.34,322.88,101.19,127.51,172.776666666667,125.094501718213,140.49,2.522,101.54,164.3,707.63,203.98,567.99,84.52,157.45,184.72,51.9475,327.16,,28.19,102.69,282.14,273.26,194.33,170.37,41.28,113.592233009709
447,04/20/2021,596.2,259.14,87.07,250.185365853659,273.2,628.3,41.13,61.05,253.37,65.43,400.48,120.5,322.37,109.36,129.37,112.2,97.2275,381.88,89.63,,66.38,192.94,73.82,70.52,443.0,532.27,398.39,84.57,217.12,270.37,223.367697594502,194.53,3.81,128.28,252.49,1276.91,283.48,504.42,134.36,209.39,258.43,102.9775,482.36,,55.48,144.88,396.53,220.16,296.27,319.19,65.48,168.747572815534
448,04/20/2022,419.18,255.38,78.56,267.65,220.43,562.01,47.1,63.86,268.87,89.01,418.58,165.73,296.85,96.15,138.45,123.38,124.0975,529.84,128.27,,63.6,275.16,78.18,91.06,465.49,513.39,344.17,78.71,242.77,302.9,238.719931271478,331.54,1.195,113.0,347.53,1362.45,273.21,719.62,164.15,252.92,276.37,106.1525,591.15,,33.21,155.55,546.01,285.3,313.64,371.75,42.89,133.85
449,04/20/2023,352.39,243.46,43.25,261.91,290.27,459.07,52.62,80.09,255.78,65.86,385.28,165.96,197.94,44.4,143.85,83.12,122.19,454.93,85.73,85,84.69,270.78,84.05,83.01,490.31,490.61,225.55,73.85,198.59,297.41,198.917525773196,359.27,0.619,83.49,276.04,1539.56,321.14,798.1,132.45,185.44,302.1,82.04,565.93,,31.5,136.08,487.46,329.15,299.61,361.41,40.85,138.35
450,04/21/2020,187.26,230.75,90.1,250.243902439024,329.01,417.71,35.05,48.27,177.91,66.24,288.53,85.57,135.06,57.14,94.46,72.53,77.0975,249.37,72.0066666666667,,78.53,105.47,42.35,52.03,358.86,259.23,310.4,99.46,122.0,165.543333333333,127.302405498282,132.44,2.47,97.61,160.43,683.43,197.51,544.46,82.64,147.78,178.91,50.0925,319.62,,27.19,97.78,274.19,262.8,185.39,165.2,39.66,108.873786407767
451,04/21/2021,616.08,258.78,87.9,251.843902439024,269.85,634.31,42.31,61.71,253,65.49,404.02,121.16,324.02,111.27,130.02,113.54,100.405,384.84,95.24,,66.79,197.53,75.09,72.3,444.45,541.08,403.33,84.72,219.0,297.126666666667,224.536082474227,196.04,3.86,130.25,254.43,1311.14,285.19,506.48,133.94,212.52,263.89,105.96,480.41,,55.77,147.88,398.81,219.76,301.22,323.83,66.15,171.504854368932
452,04/21/2022,383.63,255.46,77.98,264.89,218.4,545.24,46.31,63.75,264.61,87.84,409.45,165.02,292,92.28,141.64,122.66,118.1025,522.87,125.61,,63.75,269.44,77.07,90.77,455.92,492.52,335.79,76.86,236.17,294.57,237.371134020619,331.45,1.11,113.09,340.76,1326.23,261.95,706.11,159.47,247.91,270.03,103.0225,580.43,,31.68,154.49,537.44,281.71,307.38,365.14,42.09,131.66
453,04/21/2023,355.14,243.86,45.29,261.21,293.99,467.25,51.11,80.08,252.12,65.99,385.4,166.73,200.9,45.03,145.18,86.02,123.73,450.74,86.54,86.48,86.57,281.21,84.06,84.65,491.21,495.65,227.68,74.59,202.31,300.22,200.171821305842,359.86,0.6,85.73,275.54,1559.39,319.3,800.73,132.94,187.07,303.54,83.47,571.68,,30.83,139.97,483.82,331.09,306.9,365.88,41.09,137.92
454,04/22/2019,290.63,176.36,75.25,219.551219512195,228.81,293.49,34.93,45.26,147.99,48.08,284.31,71.06,133.72,44.04,85.18,51.1,29.1525,244,59.4233333333333,,61.87,115,43,61.4,242.6,221.59,319.09,73.66,134.37,163.686666666667,123.926116838488,112.47,0.506,84.15,121.22,734.19,82.43,334.03,94.52,123.25,182.16,47.79,259.09,,,122.9,227.11,168.52,241.04,112.16,49.3,117.669902912621
455,04/22/2020,190.03,229.29,90.54,260.253658536585,298.01,421.47,35.49,49.04,182.59,68.35,294.1,86.5,137.12,58.26,99.58,72.41,80.1575,262.96,72.1733333333333,,81.31,104.52,42.88,51.71,367.17,268.12,311.56,100.97,125.55,170.71,132.414089347079,135.22,2.49,96.08,163.37,704.2,200.01,558.08,85.55,150.88,181.92,51.9625,335.59,,28.24,98.1,277.02,269.37,190.34,170.12,39.91,106.077669902913
456,04/22/2021,615.31,255.05,88.01,250.858536585366,259,639.73,42.57,60.69,252.54,64.64,405.28,120.89,327.7,113.21,133.69,112.45,102.595,379.78,96.15,,65.64,201.51,74.68,72.73,444.66,546.26,408.42,84.18,225.94,286.553333333333,227.534364261168,195.33,3.8,129.85,253.16,1301.56,283.64,490.43,133.39,212.38,264.17,105.9275,484.21,,56.28,146.52,396.54,215.98,304.64,321.84,65.3,172.21359223301
457,04/22/2022,360.57,250.35,73.08,255.04,209.99,534.29,43.9,61.57,255.06,84.41,390.91,159,273.03,90.67,137.19,111.41,110.1625,502.63,118.38,,62.25,210.64,73.93,87.29,444.48,473.64,322.67,76.58,228.16,252.34,230.687285223368,318.18,1.155,107.8,325.18,1284.63,249.38,688.08,152.59,233.45,248.31,100.7475,561.28,,30.83,132.93,520.94,270.42,296.44,349.77,40.95,125.7
458,04/23/2018,247.2,174.66,67.18,227.336585365854,259.3,261.48,28.82,62.22,172.35,55.285,225.56,90.74,106.52,42.18,99.45,63.09,18.325,227.2,45.73,,74.01,96.9,38.43,57.8745098039216,294.5,197.63,245.85,68.14,98.01,149.28,143.144329896907,148.33,1.624,80.02,85.31,574.35,86.45,316.01,75.07,96.43,166.78,38.515,216.35,,,120.14,234.34,158.69,209.6,91.99,49.48,108.0
459,04/23/2019,296.08,179.76,76.34,222.478048780488,230.21,295.14,35.89,46.08,153.82,50.31,286.74,73.43,136.04,44.45,93.08,53.03,29.5075,250.64,60.3266666666667,,63.04,120.18,44.26,63.26,248.45,224.45,322.06,75.41,137.02,166.806666666667,129.974226804124,115.2,0.549,85.1,123.95,723.62,83.21,344.14,94.78,125.72,186.96,47.9775,263.92,,,128.08,230.58,175.37,211.36,115.2,49.76,119.184466019417
460,04/23/2020,188.57,232.49,91.32,258.614634146341,292.25,423.35,36.4,49.32,184.28,69.24,290.27,87.26,135.45,58.65,100.66,73.35,80.51,261.55,73.68,,77.78,104.74,45.38,51.63,366.07,268.41,312.71,101.9,127.67,171.073333333333,137.1735395189,136.57,2.569,95.83,167.22,703.3,206.16,565.52,87.2,149.45,182.48,52.4325,320.51,,28.33,101.2,285.33,267.91,190.77,187.42,38.7,109.699029126214
461,04/23/2021,620.12,257.03,87.87,249.609756097561,262.63,640.42,42.73,61.41,251.8,65.37,411.31,121.65,334.34,114.89,131.21,113.6,103.75,381.95,97.45,,65.48,202.5,73.36,74.22,448.64,559.1,414.97,85.58,232.3,291.843333333333,226.76116838488,196.1,3.81,131.2,255.44,1335.15,295.5,488.64,134.97,214.82,267.0,108.1175,488.09,,57.93,145.51,400.31,217.9,306.5,323.68,66.2,172.446601941748
462,04/24/2018,239.66,171.94,66.15,225.248780487805,262.15,258.93,28.5,62.36,171.29,53.87,223.23,90.14,105.21,41.25,99.74,62.85,18.6075,225,44.89,,72.72,96.81,38.62,57.9058823529412,293.95,193.85,238.5,62.35,96.74,145.49,142.680412371134,148.89,1.624,79.37,84.69,561.88,84.9,312.0,73.02,95.27,164.71,38.12,213.17,,,120.51,234.22,155.67,193.18,92.0,48.87,106.252427184466
463,04/24/2019,297.08,178.3,76.28,226.829268292683,224.4,293.78,35.44,46.58,154.22,50.2,282.46,74.09,137,44.45,94.76,54.03,29.705,251,59.2433333333333,,62.8,123.84,44.73,64.18,249.89,224.58,314.52,73.52,135.79,169.38,132.268041237113,115.33,0.549,85.64,123.72,725.53,83.32,340.46,94.52,127.61,185.04,47.7325,261.56,,,130.31,230.35,172.58,207.54,115.21,50.4,120.825242718447
464,04/24/2020,191.97,236.28,92.92,261.629268292683,297.8,433.01,36.9,50.32,188.2,70.58,293.21,88.7,136.95,60.39,106.62,74,83.11,264.12,74.4933333333333,,79.64,107.83,47.11,52.39,369.09,271.8,309.07,103.48,128.86,171.643333333333,140.652920962199,139.94,2.5,99.3,168.28,713.38,203.83,566.21,87.55,147.82,188.12,50.4625,328.7,,29.49,101.65,291.29,269.86,191.32,195.54,39.31,113.058252427184
465,04/24/2023,363.06,244.45,45.4,262.02,293.03,461.8,51.34,81,256.1,67.66,385.49,167.71,203.83,44.94,146.55,88.14,123.83,462.92,88.79,87.79,86.7,286.25,85.62,85.07,501.73,503.61,229.07,75.25,202.99,300.46,199.750859106529,361.92,0.64,89.69,283.66,1574.22,318.77,797.04,134.86,187.5,302.04,84.1,574.3,,30.68,140.7,488.94,332.84,310.13,371.97,41.44,138.14
466,04/25/2018,245.63,174.83,66.52,223.892682926829,269.45,258.85,29.42,63.57,171.7,54.645,227.59,91.43,104.7,41.4,101.15,63.3,18.4325,238.84,43.1733333333333,,73.25,98.42,38.85,58.4235294117647,297.39,194.61,231.19,62.99,96.49,145.986666666667,148.376288659794,151.71,1.624,79.46,83.66,560.67,84.89,316.17,73.24,95.1,165.38,37.89,214.47,,,122.04,234.9,155.15,191.66,88.02,49.16,107.368932038835
467,04/25/2019,296.74,180.48,76.25,231.639024390244,229.89,298.9,36.93,46.85,156.81,50.23,281.5,73.72,140,44.63,94.24,53.89,29.53,255.91,59.0733333333333,,64.14,124.56,45.2,63.82,251.86,227.67,319.2,73.94,137.36,172.593333333333,132.920962199313,115.21,0.549,86.86,124.27,731.01,83.2,349.99,95.08,127.99,187.17,47.82,269.55,,,131.7,230.79,174.61,213.38,122.26,50.18,121.087378640777
468,04/25/2022,368.86,252.17,72.91,258.46,214.54,529.95,44.59,61.24,254.36,84.86,394.06,158.47,253.34,90.14,136.62,112.54,110.6225,506.87,119.8,,62.65,210.5,72.73,87.99,441.53,472.27,319.1,76.56,219.86,255.12,226.890034364261,317.31,1.16,109.48,326.72,1302.59,251.39,690.33,149.53,238.16,253.83,100.2275,544.16,,32.44,138.76,524.27,271.68,296.2,348.95,41.53,127.81
469,04/25/2023,351.52,244.87,45.44,260.93,282.41,437.27,51.11,80.88,253.71,69.29,379.01,168.09,187.6,42.36,146.5,87.3,123.96,460.87,87.77,80.39,85.59,281.99,84.91,83.63,501.69,483.23,218.69,73.55,191.71,294.97,190.20618556701,363.29,0.66,89.69,279.28,1470.33,321.33,789.58,127.52,181.84,299.49,78.73,548.38,,29.59,140.72,491.92,331.93,292.71,357.0,40.97,139.06
470,04/26/2018,259.89,175.37,69.99,227.209756097561,273.86,259.48,29.45,64.19,172.15,54.5,229.6,92.08,104.8,41.32,101.36,62.94,18.6225,237,43.2033333333333,,73.9,95.34,39.2,59.8039215686275,296.23,199.06,242.63,62.61,96.5,148.73,148.178694158076,153.96,1.624,80.59,83.6,563.61,86.42,323.97,74.2,95.93,168.11,38.15,213.84,,,115.02,237.03,158.81,191.17,90.15,49.66,111.747572815534
471,04/26/2019,317.98,181.47,76.18,232.312195121951,230.53,301.8,37.38,47.51,160.94,52.63,288.3,74.05,142.73,45.01,95.34,55.61,31.0425,266.4,58.7066666666667,,65.15,125.55,45.57,64.47,258.0,232.47,314.04,75.03,138.7,173.036666666667,132.835051546392,117.58,0.549,87.35,128.49,736.95,85.13,343.66,94.08,129.11,188.28,48.74,273.22,,,129.23,237.0,172.85,214.23,123.68,50.9,120.252427184466
472,04/26/2021,617.24,255.52,87.36,251.170731707317,269.46,648.34,42.27,60.48,249.38,66,409.65,119.73,336.44,115.69,132.27,113.35,104.6925,377.51,96.03,,65.76,200.56,74.08,73.38,446.14,558.42,420.76,85.61,233.42,288.646666666667,227.362542955326,191.62,3.89,130.12,253.53,1312.9,299.1,501.17,134.98,216.47,265.28,110.14,494.04,,57.61,145.78,395.86,216.97,304.35,322.41,66.31,170.601941747573
473,04/26/2022,361.3,249.87,70.53,254.98,206.99,493.53,42.6,60.63,252.6,81.88,382.68,157.25,231.67,87.2,134.73,109.75,105.875,502.31,116.27,,61.77,214.94,70.54,85.36,430.5,455.56,301.44,74.15,206.73,244.52,214.871134020619,316.26,1.07,106.78,321.55,1254.79,240.29,674.82,142.59,233.46,248.9,95.5325,516.44,,31.33,125.32,513.78,267.69,288.88,332.39,40.82,124.15
474,04/26/2023,354.55,238.8,46.08,258.51,288.04,436,51.1,80.39,248.17,66.63,375.95,165.49,187.01,43.73,146.84,86.27,124.93,452.38,87.41,80.12,83.74,278.07,83.59,81.21,505.47,481.44,210.96,73.53,189.98,294.96,190.506872852234,359.24,0.64,89.97,275.57,1461.66,316.67,778.0,129.64,182.85,298.8,78.41,533.13,,29.68,142.79,482.95,323.3,296.72,357.23,40.93,139.08
475,04/27/2018,257.9,177.46,70.21,228.546341463415,276.8,259.5,29.23,65.82,173.95,55.085,230.74,93.07,105.07,41.86,102.74,63.22,18.5625,239.15,43.0966666666667,,73.86,96.25,39.36,60.2352941176471,296.89,197.19,244.45,62.96,96.45,149.01,149.931271477663,158.13,1.624,81.29,84.91,564.01,87.34,313.05,74.11,95.41,170.67,38.0425,212.84,,,114.34,240.18,156.05,190.5,88.94,50.34,113.514563106796
476,04/27/2020,196.67,242.43,92.67,263.414634146341,303.24,443.57,37,51.93,192.81,70.82,293.65,90.78,140.23,63.22,116.02,78.95,83.7625,270.06,73.2933333333333,,79.9,110.89,49.51,54.86,373.52,275.85,314.58,102.98,131.88,172.366666666667,153.341924398625,143.28,2.43,100.76,170.87,735.26,198.91,547.52,88.76,149.67,191.96,52.2175,342.71,,30.08,105.08,293.98,268.51,195.01,197.84,41.1,114.067961165049
477,04/27/2021,621.76,255.13,86.76,251.912195121951,267.39,648.72,42.41,59.76,250.44,61.31,407.42,118.8,334.37,112.73,132.3,112.36,105.425,376.86,96.15,,64.67,198.96,72.85,73.14,448.8,557.54,413.55,84.63,234.41,287.126666666667,226.941580756014,189.33,3.8,129.97,250.83,1322.86,304.06,491.81,135.01,212.43,265.03,110.35,490.22,,57.16,145.91,394.5,215.53,304.27,320.35,66.26,171.21359223301
478,04/27/2022,360.43,248.79,71.07,252.95,206.94,500.96,43.06,59.83,250.77,80.72,377.38,157.46,238.95,88.26,137.48,108.05,103.255,508.38,109.8,,61.59,212.23,70.84,84.04,443.37,447.18,297.54,74.43,210.24,235.35,217.388316151203,317.85,1.11,106.63,323.84,1258.07,234.52,673.51,142.43,231.32,249.15,95.2325,520.48,,30.68,123.59,513.81,267.25,293.76,332.36,40.29,122.88
479,04/27/2023,317.73,240.34,46.8,263.3,293.72,436.45,52.03,82.08,250.33,68.5,378.16,167.41,183.71,46.95,141.01,88.01,123.58,465.4,86.72,81.52,83.55,282.44,84.65,81.19,525.28,484.62,204.39,73.65,183.66,295.92,193.03264604811,363.81,0.7,91.38,296.92,1456.58,316.23,792.29,128.56,185.85,298.22,77.7,543.02,,29.7,145.82,490.47,339.37,298.34,355.22,41.36,138.35
480,04/28/2020,203.51,237.67,91,255.531707317073,305.22,430.68,35.93,51.45,189.59,67.17,291.1,89.53,139.95,62.92,111.91,78.61,78.3825,268.22,71.0533333333333,,78.67,109.26,48.69,55.27,362.87,264.25,313.79,97.67,135.88,167.816666666667,151.168384879725,140.36,2.38,98.04,166.35,699.98,191.65,528.61,88.45,146.21,185.01,51.1875,332.46,,30.12,105.37,288.36,256.96,184.11,193.02,41.63,111.398058252427
481,04/28/2021,613.36,236.71,86.99,251.229268292683,267.6,649.04,44.24,60.08,247.14,59.49,407.06,119.33,334.8,113.22,131.68,113.31,106.4425,375.28,96.78,,64.44,198.49,72.4,72.72,438.62,557.81,405.54,84.89,236.02,289.596666666667,225.69587628866,187.94,3.79,131.2,248.66,1323.99,303.18,487.77,133.89,210.88,259.58,109.2,485.8,,58.44,147.81,394.59,213.48,300.44,322.22,65.79,173.300970873786
482,04/28/2022,304.66,238.13,70.8,253.16,210.41,513.11,42.73,59.82,254.24,81.59,373.16,157.75,242.17,89.9,135.83,109.91,103.3075,516.74,109.77,,61.56,218.94,71.4,83.37,458.99,448.35,303.06,75.4,219.4,243.26,206.752577319588,320.6,1.111,107.15,315.38,1293.51,237.96,675.58,146.41,231.73,252.1,96.7225,558.89,,32.82,124.16,524.42,268.64,306.12,325.36,40.19,124.61
483,04/28/2023,325.3,239.74,47.68,264.31,304.23,450.79,52.12,82.1,253.29,68.93,381.45,166.85,190.12,50.12,138.81,90.36,121.34,468.65,87.98,81.34,82.21,287.33,86.01,80.81,530.49,492.16,205.56,74.41,188.23,301.22,194.768041237113,364.24,0.64,90.95,297.89,1491.5,318.04,801.79,130.49,188.55,299.65,79.88,554.9,,31.05,150.35,492.09,340.73,300.36,361.24,41.93,138.44
484,04/29/2019,317.5,181.17,75.51,230.936585365854,229.38,299.24,36.73,47.44,160.67,52.26,285.89,74.51,142.52,45.18,96.2,56.15,31.1075,266.29,58.11,,64.92,125.42,45.59,63.49,256.84,230.68,312.04,74.38,139.09,170.113333333333,133.573883161512,118.37,0.549,87.44,128.73,741.52,86.12,344.15,94.96,130.33,187.29,49.0575,272.52,,,127.21,237.45,172.52,212.12,122.31,50.59,117.31067961165
485,04/29/2020,220.58,235.69,91.49,251.560975609756,304.71,436.27,37.43,51.36,195.87,66.17,291.82,89.34,145.96,68.89,113.55,81.59,86.3675,280.61,72.99,,83.14,113.33,48.95,56.95,377.38,272.74,317.45,95.96,143.1,173.24,149.037800687285,140.26,2.4,99.14,164.76,738.62,196.55,516.15,90.72,146.86,192.68,52.795,335.62,,31.37,110.53,287.65,251.05,192.65,189.6,44.2,117.339805825243
486,04/29/2021,604.34,234.71,85.35,245.287804878049,265.33,640.73,44.1,60.66,250.24,60.59,407.59,121.25,333.87,113.92,131.46,114.47,105.425,383.03,96.26,,63.84,201.94,66.23,73.07,447.64,552.63,399.93,84.89,235.45,287.74,229.381443298969,190.27,3.59,131.5,253.77,1327.99,301.56,485.0,130.5,212.99,263.43,108.4375,464.39,,54.93,148.59,401.55,211.86,302.11,324.55,66.28,173.407766990291
487,04/29/2022,289.91,233.19,71.06,247.19,207.44,512.06,42.11,58.05,246.78,80.55,361.04,151.29,241.51,90.56,133.84,108.37,102.145,501.93,105.78,,59.34,214.55,71.99,81.1,444.56,430.48,296.65,74.96,217.99,239.3,206.426116838488,309.61,1.1,104.36,313.45,1277.53,238.99,659.11,146.61,224.05,241.26,94.9225,552.92,,31.48,122.53,508.55,273.22,303.02,315.06,39.99,120.75
488,04/30/2018,249.85,174.48,69.5,226.214634146342,273.6,253.71,28.72,64.17,171.82,54.29,228.71,90.58,104.19,41.11,101.2,62.79,18.295,235.99,42.4533333333333,,72.23,95.74,38.79,59.6078431372549,294.18,194.49,240.93,61.94,95.76,146.926666666667,146.692439862543,156.21,1.624,80.13,83.25,559.93,86.0,303.68,73.36,94.52,169.42,37.7275,210.35,,,114.2,236.4,153.16,188.41,88.21,50.34,111.815533980583
489,04/30/2019,324.68,179.32,76.3,234.868292682927,229.24,300.93,37.12,48.71,158.84,51.56,289.92,74.76,140.47,44.82,96.38,55.24,30.2675,263.03,58.69,,65.04,127.23,46.38,64.06,255.41,232.0,312.0,76.8,138.9,170.21,137.388316151203,119.25,0.538,88.81,129.63,745.26,86.25,343.14,95.84,130.98,188.91,51.1475,277.45,,,126.87,233.07,168.98,213.54,123.79,51.13,119.572815533981
490,04/30/2020,214.85,239.22,88.78,246.370731707317,296.83,440.1,37.48,49.48,195.78,66.58,286.7,89.66,144.67,69.15,110.11,79.01,83.8,280.73,72.5,,84,109.88,50.1,54.56,381.82,277.6,319.03,97.66,142.59,170.293333333333,141.280068728522,141.25,2.336,97.63,163.97,719.94,199.72,525.88,90.53,142.5,186.43,56.25,334.68,,30.27,105.69,292.47,251.2,187.0,189.26,42.44,116.21359223301
491,04/30/2021,595.53,239.64,85.69,242.741463414634,267.33,630.13,43.6,60.34,249.01,61.74,410.89,120.8,332.45,112.47,131.88,116.53,96.525,379.39,95.52,,63.47,201.06,65.55,72.5,445.24,548.99,392.84,85.38,234.69,288.333333333333,228.410652920962,187.56,3.62,130.92,255.1,1313.32,295.22,481.3,129.63,211.02,262.63,106.8725,470.23,,54.77,148.41,398.8,218.2,299.87,328.52,67.51,172.0
492,05/01/2018,251.34,169.28,70.15,228.009756097561,274.61,253.25,29.48,63.6,171.07,54.385,230.09,89.2,104.99,41.4,102.47,63.12,18.3475,235.53,44.1966666666667,,72.56,96.2,39.63,60.2901960784314,295.19,195.06,242.99,60.85,97.99,149.183333333333,146.80412371134,154.21,1.624,81.01,82.41,567.22,87.08,301.22,72.45,95.1,168.94,37.695,210.72,,,115.01,236.85,152.48,188.72,87.76,50.64,113.543689320388
493,05/01/2019,321.34,176.14,75.45,229.90243902439,229.5,297.08,36.38,47.6,162,49.73,287.4,73.39,137.36,44.09,96.24,55.6,29.655,260.72,58.4633333333333,,64.87,124.09,46.01,62.44,246.16,234.06,310.12,78.91,134.99,165.683333333333,138.453608247423,119.01,0.538,88.31,126.8,739.16,84.83,340.79,94.12,131.5,186.7,50.5325,276.49,,,124.75,231.95,172.6,211.55,120.59,50.31,117.68932038835
494,05/01/2020,203.26,230.98,87.84,245.726829268293,293.09,431.79,35.99,47.42,187.09,64.97,280.31,86.38,138.59,66.61,108.81,76.51,85.38,269.57,69.7766666666667,,79.95,104.86,49.4,52.15,372.24,270.75,305.88,97.3,136.52,166.286666666667,136.623711340206,134.7,2.39,95.14,173.25,689.16,194.89,525.5,89.09,141.4,180.62,56.885,329.81,,28.39,99.15,284.51,254.9,178.08,191.64,40.29,112.864077669903
495,05/01/2023,317.33,238.9,47.38,265.32,311.11,453.91,52.8,82.25,254.9,68.61,383.77,166.79,190.1,50.12,139.48,90.39,118.44,472.28,87.55,80.78,81.42,284.01,87.67,82.4,535.13,489.6,202.31,75.34,190.0,303.02,197.302405498282,354.01,0.69,90.68,305.5,1519.3,318.87,806.72,130.26,192.11,299.89,79.23,548.5,,32.74,148.19,495.7,345.0,298.22,366.13,42.39,138.83
496,05/02/2018,249.47,169.43,70.43,224.575609756098,274.13,252.59,29.27,64.65,172.36,57.12,226.85,92.18,104.79,40.78,101.36,63.38,18.5775,229.18,43.8933333333333,,66.88,97.74,39.64,60.0705882352941,287.67,193.17,240.5,61.05,96.91,149.67,146.855670103093,154.63,1.303,79.92,82.88,560.83,86.97,296.14,72.17,94.9,167.03,36.6925,208.84,,,117.7,233.46,149.47,189.19,85.62,50.59,114.038834951456
497,05/02/2019,325.88,176.5,76.29,230.89756097561,230.52,302.2,36.89,48.74,158.22,51.62,290.81,77.06,139.73,44.42,98.16,56.51,30.0925,261.59,59.5533333333333,,65.3,125.52,46.35,62.77,247.38,242.34,312.69,80.94,136.14,167.37,142.29381443299,122.63,0.538,89.14,126.75,753.2,86.08,335.41,94.88,131.96,188.85,50.3325,277.81,,,124.0,232.45,169.54,216.08,121.84,51.5,119.621359223301
498,05/02/2022,308.88,230.92,70.61,245.58,207.32,501.42,41.63,58.08,246.11,79.06,357.04,148.97,245.88,90.12,132.42,107.21,101.785,497.11,104.83,,60.31,210.82,72.91,80.45,433.51,432.46,300.85,76.05,217.06,240.66,208.77147766323,306.8,1.15,103.14,306.45,1293.02,247.17,652.02,147.89,224.06,236.97,95.645,545.52,,30.39,122.24,501.15,261.96,302.38,312.25,39.65,120.65
499,05/02/2023,306.84,235.97,47.01,263.79,309.28,451.48,52.9,82.36,250.42,68.48,382.25,169.16,189,48.72,138.11,88.34,118.12,466.32,87.81,78.46,80.44,280.54,83.97,80.48,533.06,467.38,195.16,69.96,185.6,301.22,194.115120274914,361.0,0.82,90.23,297.57,1502.49,314.84,798.45,128.73,190.05,293.89,80.2,543.82,,36.52,143.94,493.39,346.03,298.01,369.62,42.1,143.01
500,05/03/2018,255.14,166.39,69.76,221.590243902439,266.44,250.83,29.43,50.8,172.88,57.505,225.28,85.37,104.92,40.1,100.94,63.3,20.9525,230.77,44.2733333333333,,65.19,95.84,36.91,58.8392156862745,286.68,195.78,239.93,62.39,97.3,149.413333333333,145.73883161512,146.59,1.303,79.58,83.83,574.8,87.09,292.41,72.17,94.44,166.81,36.6325,208.32,,,117.36,234.15,149.64,190.04,86.11,49.24,111.825242718447
501,05/03/2019,331.08,177.31,77.3,232.087804878049,231.18,308.36,37.2,49.56,152.83,52.59,293.91,79.14,142.41,45.79,98.79,56.99,30.7375,261.7,60.5033333333333,,67.13,125.61,46.72,63.23,249.5,250.47,325.52,83.06,138.84,169.313333333333,141.709621993127,123.48,0.561,89.58,128.26,762.43,96.67,336.89,96.59,133.23,190.71,51.3925,278.64,,,123.0,231.95,173.87,218.08,122.85,55.05,120.68932038835
502,05/03/2021,599.77,245.38,86.54,246.946341463415,275.31,610,43.63,61.55,252.05,62.42,412.07,123.79,331.95,111.78,132.71,120.92,95.1425,386.58,94.63,,65.8,204.51,65.67,74.01,450.6,549.88,386.4,85.52,233.96,289.183333333333,229.664948453608,192.12,3.59,131.2,256.23,1315.75,282.09,488.62,130.56,213.47,263.1,106.6025,467.38,,54.85,150.58,405.9,217.95,301.67,329.88,68.01,172.757281553398
503,05/03/2022,301.02,232.19,72.05,248.83,205.7,500.93,41.77,58.79,247.29,80.34,354.09,150.76,251.19,99.95,133.78,107.5,98.85,498.48,105.93,,60.33,216.3,73.13,82.08,433.78,435.96,300.7,77.18,215.2,238.11,210.747422680412,307.81,1.12,103.11,307.02,1334.37,238.87,660.49,152.86,226.08,237.87,95.8575,546.32,,29.47,125.11,499.62,269.11,326.93,306.45,40.68,120.68
504,05/03/2023,303.11,229.31,46.5,263.61,311,463.86,52.69,81.64,246,68.72,380.93,166.89,191.46,48.84,136.57,88.16,117.32,458.18,88.1,79.71,79.45,278.21,84.09,80.01,529.79,478.83,196.54,68.04,187.02,305.06,194.149484536083,354.42,0.74,90.69,295.82,1492.1,320.99,803.17,130.23,187.68,287.14,85.98,550.42,,37.84,142.55,489.44,346.36,296.5,368.43,40.48,139.62
505,05/04/2018,258.97,167.98,70.38,219.180487804878,270.34,252.82,29.55,53.01,171.17,58.325,226.56,86.37,105.93,40.66,101.5,66.38,20.865,233.18,44.9233333333333,,65.42,97.55,37.93,59.2549019607843,287.39,212.2,244.82,62.13,99.02,153.473333333333,147.164948453608,146.82,1.303,81.08,83.92,552.97,83.88,291.25,72.82,96.56,168.0,36.97,210.07,,,117.77,235.9,149.39,191.58,88.0,49.99,112.834951456311
506,05/04/2020,210.14,230.91,87.27,249.043902439024,296.52,434.04,35.83,47.02,184.61,65.86,287.09,86.42,138.35,66.56,107.28,75.12,88.1275,271,68.98,,80.25,103.61,49.93,52.49,377.84,273.76,308.2,100.99,134.06,167.33,135.438144329897,135.68,2.52,95.26,178.31,690.89,192.89,541.82,87.0,139.54,178.57,59.1575,326.72,,27.42,98.43,287.54,264.69,180.43,188.32,39.6,110.747572815534
507,05/04/2021,582.15,247.36,87.44,245.385365853659,271.02,598.1,43.33,62.02,259.5,64.56,411.6,125.85,338.96,103.5,136.39,123.36,92.855,391.67,93.31,,65.64,206.34,65.92,79.87,463.0,526.88,378.37,81.03,232.69,282.996666666667,235.034364261168,193.67,3.47,128.5,264.61,1281.92,271.96,485.18,127.81,211.98,255.59,104.555,465.28,,52.99,152.96,411.34,214.85,299.75,329.2,68.95,167.893203883495
508,05/04/2022,310.89,236.1,73.2,253.54,210.1,513.58,42.75,60.49,255.67,82.91,362.48,156.79,257.51,104.08,139.04,110.8,101.5075,510.29,108.65,,62.08,224.8,75.7,86.42,442.34,411.31,307.68,80.72,222.79,246.31,217.955326460481,319.76,1.145,105.83,312.1,1379.62,247.01,660.86,157.08,232.34,245.97,98.96,562.98,,28.1,129.95,507.62,273.7,342.47,318.44,41.95,126.32
509,05/04/2023,304.11,231.89,45.29,252.46,313.57,462.61,51.94,80.83,243.69,67.22,379.27,166.59,189.48,49.23,135.41,87.21,117.42,456.69,87.9,78.26,78.52,277.63,82.45,79.13,528.5,469.51,196.3,66.19,184.4,303.21,190.498281786942,355.04,0.748,89.27,291.36,1475.2,322.23,753.88,131.13,188.88,284.63,84.03,545.64,,37.49,141.09,487.28,346.59,296.0,369.17,40.85,136.63
510,05/05/2020,208.61,236.36,88.74,255.317073170732,304.44,443,36.81,47.45,190.39,68.35,290.88,87.97,141.04,67.89,108.31,78.87,91.07,275.07,71.5266666666667,,79.14,106.46,50.28,53.7,384.06,282.08,310.25,98.82,135.49,170.953333333333,139.819587628866,133.55,2.574,97.9,181.08,709.73,201.26,574.37,90.41,141.66,187.93,61.515,336.32,,28.07,101.9,293.04,272.33,181.89,194.8,40.67,114.582524271845
511,05/05/2021,569.25,249.35,86.7,243.678048780488,271.57,601.37,43.09,60.83,258.42,65.29,400.88,118.82,345.21,106.48,136.57,122.52,91.485,389.12,91.77,,66.51,207.84,65.5,78.91,460.09,529.92,378.35,81.28,231.94,279.466666666667,237.29381443299,189.08,3.27,127.0,262.98,1293.01,264.45,482.42,136.57,209.43,253.07,104.2,467.77,,51.18,153.53,412.5,213.87,308.46,328.6,67.59,168.495145631068
512,05/05/2022,283.72,234.35,72.99,259.64,201.18,507.45,42.03,57.87,252.08,84.82,347.89,155.19,248.19,100.65,136.18,106.94,94.8225,506.86,103.36,,61.35,224.19,74.77,83.44,434.0,385.11,291.72,77.28,215.32,233.98,216.451890034364,315.23,1.13,104.55,311.56,1311.35,226.91,639.37,147.92,226.97,241.36,96.5375,550.51,,26.83,126.29,494.72,266.37,333.24,314.76,40.81,122.54
513,05/05/2023,313.64,236.53,46.05,253.66,318.06,385.24,51.54,83.2,260.74,68.39,385.94,167.99,191.25,47.75,136.51,88.47,120.82,464.47,88.74,78.99,79.75,278.06,83.74,79.75,535.02,488.49,199.66,66.56,188.52,304.88,192.319587628866,365.87,0.758,90.06,299.53,1424.99,328.76,762.1,129.87,189.18,284.71,83.13,546.38,,37.75,142.8,494.28,348.09,296.79,368.46,41.3,137.91
514,05/06/2019,329.46,177.06,77.32,232.70243902439,236.07,306.3,37.37,49.44,158.8,56.04,294.76,78.31,142.32,46.51,98.66,57.79,30.5525,268.7,60.9966666666667,,67.69,128.78,46.69,63.28,249.65,251.88,324.76,85.0,138.77,169.493333333333,142.13058419244,124.92,0.561,90.15,130.0,760.77,101.88,344.23,96.72,134.01,191.02,51.8375,278.96,,,124.49,240.5,174.76,217.68,122.78,54.73,121.893203883495
515,05/06/2020,215.93,236.59,87.92,252.809756097561,306.78,449.99,35.89,47.4,183.43,65.5,294.96,85.5,143.66,71.61,107.41,82.35,91.63,270.62,71.2366666666667,,77.47,99.48,52.01,52.69,374.99,283.59,315.04,96.08,134.01,170.616666666667,136.683848797251,131.86,2.528,96.76,183.1,715.58,206.56,553.5,93.26,140.99,185.84,65.4075,335.15,,27.82,95.6,288.77,270.06,185.03,197.02,40.34,112.504854368932
516,05/06/2021,584.72,251.3,87.53,234.936585365854,272.11,602.17,43.04,56.54,256.93,65.19,405.5,117.63,336.84,106.18,138.39,124.3,89.335,388.72,91.75,,66.54,209.33,65.16,79.92,465.62,533.18,377.09,82.31,231.22,280.82,238.900343642612,185.09,3.51,127.3,263.62,1298.57,253.16,498.68,137.5,210.31,254.13,102.745,470.14,,46.65,154.49,414.97,213.16,309.01,329.42,67.39,168.184466019417
517,05/06/2022,280.41,236.5,72.79,257.97,193.61,501.46,40.85,58.27,266.9,84.03,337.55,159.01,241.96,98.83,136.3,102.96,87.9725,504.64,100.52,,61.18,227.35,74.11,85.76,430.66,366.64,249.05,75.2,213.82,224.85,216.056701030928,333.99,1.085,103.45,308.11,1315.9,205.57,623.05,147.87,224.71,240.08,93.2325,546.68,,26.07,127.8,499.62,253.93,327.93,306.34,40.59,120.33
518,05/07/2018,265.03,168.06,70.33,219.687804878049,269.7,254.75,29.94,52.77,172.59,57.745,225.57,84.69,105.36,39.95,101.1,66.02,21.3975,229.26,45.3633333333333,,64.88,97.62,36.92,59.8196078431373,283.77,207.53,256.89,62.87,98.17,155.133333333333,147.001718213058,144.28,1.303,84.82,82.54,552.9,83.62,288.54,73.36,97.04,167.48,37.185,208.98,,,117.38,233.78,149.5,192.61,87.61,46.92,113.582524271845
519,05/07/2019,325.51,173.87,76.69,226.878048780488,229.02,297.69,36.77,48.94,155.16,55.85,289.23,77.46,134.26,44.69,97.67,56.6,29.9025,264.89,59.4433333333333,,66.4,126.51,45.65,66.71,245.28,245.45,320.51,83.23,134.37,163.77,139.364261168385,125.68,0.561,89.27,127.04,742.3,102.56,322.4,93.55,130.97,187.53,50.3475,271.7,,,122.95,238.05,170.28,213.21,121.4,54.83,119.796116504854
520,05/07/2020,213.5,233.33,88.44,250,314.01,460.42,37,48.52,184.18,64.61,303.9,88.74,156.56,71.03,107.36,80.16,101.09,265.73,72.68,,77.61,102.54,52.94,53.89,371.42,294.26,313.36,96.47,135.52,178.646666666667,137.611683848797,134.58,2.925,98.94,177.27,732.74,215.15,559.83,92.76,143.86,192.19,65.875,339.08,,30.93,96.53,285.0,270.01,185.98,197.97,41.06,115.922330097087
521,05/07/2021,598.34,254.21,86.62,233.551219512195,274.04,608.01,43.13,58.16,261.18,70.45,404.34,120.86,342.55,107.56,138.95,126.8,89.685,396.57,92.17,,66.54,210.52,65.63,80.61,465.08,544.26,383.94,82.74,234.39,285.696666666667,238.951890034364,197.61,3.69,126.7,267.84,1278.56,234.19,496.75,140.97,211.5,254.78,105.7625,468.45,,47.03,155.19,417.65,215.01,314.65,333.68,68.47,167.466019417476
522,05/08/2018,265.46,168.49,69.45,215.951219512195,269.73,253.69,29.83,52.5,170.7,56.705,226.8,84.69,104.94,39.28,99.87,64.16,21.3025,224.1,44.9433333333333,,65.22,97.4,36.94,55.7490196078431,278.81,204.96,256.1,62.87,98.25,154.2,146.048109965636,144.01,1.303,83.2,82.38,546.43,83.27,285.86,73.55,98.1,166.62,37.28,208.07,,,115.95,232.03,148.27,192.27,87.62,44.47,112.611650485437
523,05/08/2019,322.87,172.15,76.69,226.663414634146,230.98,296.51,36.7,49.71,156.51,56.62,290.93,78.72,136.28,45.04,97.96,51.76,29.5575,264.65,59.2566666666667,,66.07,125.09,45.72,68.71,247.78,245.79,319.43,82.85,133.22,165.233333333333,140.463917525773,131.7,0.561,89.0,129.46,740.49,102.81,329.0,93.33,130.21,188.05,50.485,270.51,,,122.02,239.15,169.01,213.57,120.44,54.95,118.990291262136
524,05/08/2020,210.03,234.82,88.08,248.273170731707,314.02,456.35,38.18,49.88,189.27,65.88,304.52,88.09,159.56,71.96,112.22,80.76,101.375,274.33,72.6133333333333,,77.49,107.92,51.99,54.03,377.5,287.9,309.87,95.92,137.65,179.256666666667,143.694158075601,135.97,3.035,99.03,175.55,719.57,217.63,563.4,92.48,148.25,192.08,67.625,333.01,,32.79,102.06,287.0,271.63,186.98,200.01,40.65,118.31067961165
525,05/08/2023,306.07,234.62,45.61,251.5,314.37,378.39,53.12,84.15,264.69,68.28,386.11,168.21,189.88,35.46,134.73,89.21,120.18,465.19,89.02,79.42,78.59,277.78,83.1,79.8,535.96,485.53,195.7,65.79,189.82,303.09,191.211340206186,368.56,0.765,90.19,294.98,1393.92,318.98,752.12,128.0,188.98,288.27,82.27,542.58,,38.83,143.19,492.62,344.09,296.5,367.08,41.32,137.44
526,05/09/2018,268,169.64,69.32,217.941463414634,274.03,275.95,29.83,52.76,169.58,56.415,226.49,84.72,105.17,39.05,100.64,64.8,21.1975,221.77,45.0766666666667,,65.69,100.12,36.91,56.1411764705882,273.25,206.62,262.52,64.35,99.39,154.09,147.646048109966,144.81,1.303,84.06,81.96,549.66,83.72,284.6,73.93,101.02,167.39,37.2375,208.69,,,117.27,229.21,149.07,193.38,87.9,44.58,112.825242718447
527,05/09/2019,323.25,172.87,76,224.19512195122,228.47,309.28,37.07,50.14,155.86,54.74,291.42,79.18,136.68,45.21,98.74,52.38,29.3025,266.05,60.4466666666667,,66.13,124.6,45.5,69.26,243.89,246.22,317.37,82.02,133.14,165.353333333333,142.54295532646,134.6,0.561,88.14,128.38,741.67,104.88,324.17,92.65,129.91,188.01,50.4675,269.0,,,122.89,237.97,169.91,216.78,120.45,54.99,118.359223300971
528,05/09/2022,268.96,239.24,73.62,252.2,187.54,479.05,38.29,56.97,261.41,79.19,311.61,157.32,228.85,93.7,136.21,104.37,82.505,490.88,94.69,,61.68,224.1,72.76,85.0,424.51,345.02,220.68,72.65,204.07,208.71,207.268041237113,326.47,1.035,99.58,296.5,1196.07,191.46,599.77,142.45,213.16,229.01,86.765,517.39,,23.05,125.33,486.42,235.02,316.29,296.82,39.25,115.0
529,05/09/2023,302.74,234.43,43.08,249.65,314,366.86,53.09,84.35,262.79,67.62,385.29,168.25,187.48,35.04,133.65,100.72,119.65,460.48,88.7,76.37,78.8,274.05,83.67,74.83,530.2,479.37,194.26,64.77,186.01,301.55,191.39175257732,388.72,0.763,89.6,292.8,1376.2,319.72,754.88,124.82,187.12,283.65,81.08,534.66,,38.19,143.14,490.38,344.83,276.76,361.73,40.92,136.05
530,05/10/2018,277.73,170.77,70.6,219.990243902439,274,278.82,30.28,54.74,171.06,56.53,231.42,85.53,104.57,39.18,101.69,65.77,21.14,225.67,45.5933333333333,,65.37,101.47,38.19,56.9568627450981,281.9,209.1,264.98,65.27,100.93,156.133333333333,149.484536082474,147.26,1.303,85.68,83.1,563.25,86.16,288.9,75.3,102.67,168.97,37.4725,213.82,,,117.77,233.71,151.01,196.17,89.17,46.54,113.883495145631
531,05/10/2019,321.93,171.85,75.94,219.90243902439,226.23,311.1,36.58,48.85,158.44,55.05,291.79,77.47,136.54,44.77,99.17,52.11,29.6975,268.31,60.3666666666667,,65.57,123.75,45.6,68.9,244.06,247.83,315.81,80.68,134.16,165.103333333333,142.903780068729,130.86,0.561,88.33,129.13,727.67,103.18,312.86,92.41,129.23,187.3,50.43,269.18,,41.57,122.79,240.59,168.85,216.96,120.41,55.01,118.417475728155
532,05/10/2021,554.5,252.62,86.49,240.614634146341,275.61,603.65,43.25,58.33,266.91,69.56,401.82,123.25,332.88,104.8,141.48,127.98,85.6725,401.9,90.4,,67.48,211.89,65.09,82.97,469.97,525.26,380.46,81.39,231.49,278.263333333333,238.041237113402,202.13,3.53,126.9,268.74,1244.55,226.75,502.34,140.0,207.64,255.98,102.0575,463.47,,45.79,157.05,420.89,212.9,317.63,333.73,69.12,166.941747572816
533,05/10/2022,258.13,240.71,72.46,250.1,195,490.17,38.65,56.05,260.65,79.96,317.03,159.65,229.25,94.47,134.09,105.23,81.8575,489.32,94.83,,61.78,224.49,73.32,84.56,432.8,340.18,219.67,76.14,203.21,211.39,206.735395189003,329.83,0.96,100.31,292.5,1219.64,190.24,615.09,145.02,215.37,227.51,87.885,526.23,,23.67,125.44,488.01,240.16,321.43,296.26,36.38,114.17
534,05/10/2023,305.26,234.11,43.84,251.05,313.26,365.69,53.22,85.18,263.45,66.86,390.9,169.5,186.3,33.59,132.43,99.27,122.57,459.35,88.85,75.9,78.11,278.54,82.07,76.22,529.63,485.11,209.49,63.92,188.08,302.59,192.018900343643,394.46,0.757,89.41,292.12,1372.15,322.85,749.59,124.55,189.39,285.6,81.2,533.5,,38.79,141.53,490.07,350.04,272.43,362.72,41.03,137.42
535,05/11/2018,286.49,173.89,70.52,219.746341463415,282.39,284.98,29.97,55.3,173.73,57.22,234.32,86.88,105.53,40.2,102.5,66.01,21.7,232.05,46.0366666666667,,66.16,101.78,38.26,57.2078431372549,284.72,211.38,266.99,66.45,103.02,156.116666666667,151.151202749141,149.21,1.318,85.56,83.8,563.72,86.35,306.94,75.65,103.7,169.48,37.8675,216.55,,,118.36,238.28,155.97,196.52,90.08,46.93,113.04854368932
536,05/11/2020,214.3,242.74,88.93,255.658536585366,328.01,470.35,37.78,53.24,188.99,67.54,307.82,90.64,164.24,73.21,110.93,81.13,105.34,272.37,75.0166666666667,,80.8,104.14,52.81,55.47,380.04,299.45,320.31,99.33,138.65,179.7,145.077319587629,140.26,3.207,98.74,178.86,716.93,224.73,574.11,93.39,152.78,193.64,69.89,340.39,,31.64,98.47,288.69,285.28,189.31,210.25,40.31,114.553398058252
537,05/11/2021,566.26,252.3,83.58,235.317073170732,278.39,596.38,42.53,56.17,260.86,68.06,388.31,120.1,320.5,104,137.85,124.61,87,394.49,89.51,,67.22,206.76,64.47,80.39,455.76,528.19,381.51,80.64,232.07,278.916666666667,237.199312714777,197.94,3.43,125.22,263.03,1239.94,229.96,501.19,139.44,204.65,251.5,103.885,464.0,,46.21,155.35,411.7,213.0,315.89,335.22,66.8,162.669902912621
538,05/11/2022,256.11,240.64,72,248.99,191.07,475.22,38.74,55.9,260.2,80.65,316.08,161.3,222.31,92.35,132.86,102.21,78.735,487.36,93.27,,60.56,209.53,73.49,84.53,431.73,333.9,213.05,73.91,200.96,210.87,204.974226804124,332.09,1.001,100.65,288.54,1179.4,186.4,613.05,142.05,212.57,226.72,84.6675,520.0,,22.57,121.87,486.15,234.96,311.66,290.8,37.68,113.42
539,05/11/2023,296.08,232.29,43.38,251.4,310.56,364.34,53.39,84.84,260,67.37,392.09,171.44,195.75,34.19,130.88,95.59,121.07,456.78,88.78,74.99,78.7,278.1,81.85,76.93,528.99,486.73,208.21,64.17,189.87,303.47,189.072164948454,392.05,0.743,89.02,297.4,1348.08,321.27,745.57,118.37,208.0,285.12,81.93,529.79,,38.42,140.03,488.76,350.4,268.97,360.1,40.99,136.69
540,05/12/2020,206.45,237.21,85.89,255.69756097561,319.77,461.52,36.98,50.1,189.56,66.75,303.52,88.58,160.96,70.9,107.82,78.91,102.7,272.96,72.49,,77.95,99.55,51.89,53.06,383.71,289.15,321.55,96.74,134.8,174.286666666667,140.317869415808,134.77,3.22,95.2,180.5,690.07,220.7,557.54,90.86,149.14,188.17,68.23,331.72,,32.4,93.52,287.7,276.47,182.48,205.67,36.98,110.281553398058
541,05/12/2021,548.64,250.83,83.1,235.746341463415,274.02,583.89,41.35,55.81,258.72,69.64,384.72,120.09,316.76,101.48,136.01,122.78,83.37,390.17,87.47,,67.45,204.11,62.95,78.63,453.75,512.31,372.84,82.37,228.0,270.596666666667,233.599656357388,197.07,3.34,123.12,257.01,1241.45,225.52,507.14,137.86,197.74,244.76,102.22,454.78,,43.81,154.09,405.37,212.68,303.64,324.8,65.7,159.0
542,05/12/2022,259.53,244.72,72.65,249.72,194.32,482.81,38.79,54.98,260.03,81.23,317.66,151.61,226.71,95,136.09,103.05,77.88,484.52,93.44,,62.48,213.8,74.27,84.75,428.94,347.95,217.42,75.51,202.53,211.69,210.171821305842,322.01,0.961,101.11,289.71,1213.12,189.03,633.96,142.85,218.39,228.0,87.22,525.8,,23.29,123.49,478.8,240.85,313.95,295.99,37.85,113.1
543,05/12/2023,293.71,232.95,42.47,252.51,309.6,372.51,53.34,84.77,256.57,67.17,390.16,170.99,191.24,32.86,130.73,93.72,121.7,457.46,89.18,74.92,78.17,275.87,82.77,76.43,527.35,487.47,208.6,65.28,188.18,305.27,189.664948453608,389.97,0.704,88.88,298.71,1383.55,330.23,744.35,116.3,210.85,285.47,81.3,524.65,,38.45,139.53,491.23,347.41,271.0,360.02,40.88,136.75
544,05/13/2019,310.15,167.6,75.44,218.234146341463,225.66,296.28,35.97,46.07,157.32,54.9,286.79,75.68,131.14,43.32,97.08,51.18,29.0625,261.2,59.39,,64.17,122.17,44.61,66.97,235.68,242.62,300.87,75.75,132.28,159.583333333333,139.192439862543,126.45,0.561,87.33,126.54,701.77,101.4,305.15,88.11,125.07,184.2,48.665,261.08,,37.1,121.84,239.55,164.61,209.23,117.55,54.87,115.203883495146
545,05/13/2020,200.98,236.83,85.55,255.531707317073,314.96,455,35.77,47.6,181.01,64.69,296.42,84.15,160.89,71.13,107.16,78.99,101.8,267.8,71.37,,77.06,100.31,51.35,51.13,377.42,285.99,323.39,96.45,132.47,169.643333333333,136.331615120275,129.63,3.1,93.28,174.38,690.88,195.02,577.12,90.25,147.06,181.14,65.4575,334.09,,33.02,91.8,278.0,277.03,178.8,203.87,37.34,107.834951456311
546,05/13/2021,553.62,252.07,83.4,238.126829268293,281.71,590.97,41.61,56.1,264,68.39,387.88,119.46,321.01,100.48,137.47,125.94,80.99,395.45,87.94,,68.91,207.47,62.8,80.08,455.95,518.07,373.45,83.23,229.66,273.53,237.603092783505,195.76,3.24,124.19,265.04,1253.64,226.02,517.17,141.27,198.99,247.85,99.165,456.92,,44.48,157.88,408.56,214.35,315.48,328.3,66.61,160.805825242718
547,05/13/2022,275.52,243.4,73.03,248.44,199.11,502.11,39.66,55.61,259.19,82.32,327.79,152.89,235.81,98.18,136.39,100.05,83.685,486.45,97.55,,62.37,214.92,76.28,83.51,438.89,362.18,233.56,74.9,208.71,223.69,210.154639175258,324.24,1.1,102.67,295.89,1255.11,199.06,645.52,148.61,216.18,233.27,91.9425,541.42,,24.39,124.66,485.4,246.72,320.42,304.97,38.23,115.07
548,05/14/2018,286.42,175.96,71.2,221.639024390244,282.34,286.9,29.86,55.16,177.54,57.365,235.17,87.28,107.31,39.67,102.93,66.6,21.985,232.31,46.02,,67.05,101.78,38.3,57.5058823529412,289.63,210.88,269.44,67.22,102.89,155.396666666667,152.182130584192,151.02,1.318,86.18,85.05,568.92,87.22,309.54,76.22,102.6,169.15,37.9925,217.41,,,118.71,242.9,157.46,196.96,90.07,47.51,111.844660194175
549,05/14/2019,320.09,167.81,75.88,217.404878048781,229.18,291.97,36.76,46.1,155.29,54.74,287.8,76.69,131.67,43.99,96.75,51.24,30.0625,261.33,59.63,,65.08,122.24,44.91,67.31,235.11,246.18,304.56,76.11,134.55,162.45,140.317869415808,125.61,0.561,87.66,128.39,722.67,103.35,304.62,89.04,130.64,184.18,49.35,267.39,,39.96,122.54,236.43,166.72,211.16,116.32,54.87,115.291262135922
550,05/14/2020,206.09,237.98,86.92,252.390243902439,315.82,457.76,35.5,47.3,184.46,65.84,296.54,84.03,163,70.19,110.47,78.14,100.7625,273.28,72.4833333333333,,77.23,99.17,51.41,52.0,385.81,294.99,322.99,94.83,132.37,172.423333333333,140.678694158076,129.42,3.247,93.82,176.48,689.53,201.56,570.86,91.97,150.89,179.38,65.5125,337.29,,32.79,91.48,290.61,277.0,180.28,210.35,37.88,108.834951456311
551,05/14/2021,569.04,251.38,83.86,236.468292682927,280.21,600.75,41.55,56.34,263.52,69.2,389.19,116.52,329.07,102.7,135.42,125.41,83.3125,393.93,89.49,,68.53,211.5,63.74,80.66,452.75,530.07,381.03,82.62,234.04,277.793333333333,235.824742268041,195.0,3.41,125.27,260.48,1274.65,232.42,516.62,143.56,197.78,252.95,100.3425,459.07,,47.42,159.76,409.8,217.09,312.24,333.07,67.83,162.398058252427
552,05/15/2018,283.77,172.34,70.45,219.268292682927,276.06,284.04,29.62,54.02,176.06,56.55,232.24,85.67,104.16,39.25,102.13,66.29,21.815,230.87,45.4766666666667,,66.99,101.06,37.88,56.8235294117647,290.41,208.92,263.75,67.23,102.1,152.276666666667,151.056701030928,149.59,1.35,84.37,85.08,556.44,86.42,300.45,73.83,101.24,168.22,37.33,209.08,,,117.41,239.5,155.54,190.0,89.2,47.94,109.893203883495
553,05/15/2019,325.71,169.87,75.94,219.912195121951,230.59,294.35,37.07,46.18,155.27,54.43,290.76,77.86,131.63,44.68,97.38,50.22,30.3725,258.65,59.0833333333333,,65.3,123.18,44.89,66.58,243.68,249.55,306.58,75.99,135.27,163.046666666667,142.061855670103,126.31,0.508,88.27,129.6,719.14,104.09,305.85,87.91,131.42,185.67,49.17,263.04,,41.29,121.86,236.08,166.88,207.8,116.4,54.97,115.097087378641
554,05/15/2020,203.67,240.2,87.16,251.951219512195,316.6,466.72,34.83,48.95,190.15,68.7,296.52,85.75,169.81,73.49,111.08,79.25,104.4325,278.09,70.9866666666667,,76.26,98.74,51.93,51.76,398.22,294.38,335.0,96.12,134.2,173.47,143.840206185567,136.45,3.84,93.89,181.42,698.7,203.98,576.72,92.86,151.32,180.27,66.8275,342.92,,32.47,92.63,290.96,288.69,178.46,214.17,37.71,109.116504854369
555,05/15/2023,297.28,233.53,42.82,251.08,311.87,381.75,53.68,85.32,258,67.21,389.35,173.34,192.36,33.19,132.4,96.86,119.61,452.55,88.92,74.93,78.38,277.52,82.37,78.21,522.5,489.88,204.85,66.2,191.47,308.05,191.494845360825,391.15,0.69,89.31,292.95,1386.0,320.79,750.96,115.24,210.83,288.92,81.08,523.68,,38.14,138.06,486.86,348.65,273.3,355.18,40.94,136.82
556,05/16/2018,287.96,173.8,70.74,219.385365853659,281.51,291.71,29.97,54.51,177.15,56.53,231.54,85.99,103.73,39.38,101.8,66.83,21.635,232.4,45.4733333333333,,67.55,102.92,38.7,56.7843137254902,289.82,199.42,268.84,67.02,99.13,153.68,151.950171821306,150.16,1.35,85.55,84.82,560.75,86.96,303.21,73.79,102.92,171.76,37.9425,210.67,,,118.48,241.72,156.16,190.65,88.85,47.89,111.203883495146
557,05/16/2019,330.87,169.92,76.9,220.419512195122,230.87,299.26,37.62,45.23,153.79,55.57,291.66,77.59,132.18,45.46,96.39,50,29.8525,263.82,59.0466666666667,,65.78,122.7,45.07,67.09,242.22,251.97,309.85,77.64,135.24,163.91,141.743986254296,125.58,0.508,88.11,129.75,744.98,106.2,308.04,87.99,133.72,185.63,50.38,267.02,,43.0,121.7,236.79,170.23,210.12,117.17,54.89,114.640776699029
558,05/16/2022,274.2,243.87,73.69,252.89,198.38,499.09,39.82,56.14,266.49,84.72,327.91,154.55,231.2,97.67,135.39,99.9,81.15,493.59,95.93,,62.24,211.64,77.22,84.21,440.98,360.2,233.74,74.51,206.45,219.53,208.230240549828,327.83,1.08,103.81,303.58,1233.51,196.91,655.01,146.79,217.94,233.85,90.5325,539.38,,23.59,124.25,489.22,254.17,320.93,303.37,38.26,115.12
559,05/16/2023,292.3,227.88,43.01,250.37,307.61,384.67,53.77,85.8,255.48,65.45,387.71,174.6,188.18,31.86,130.56,98.52,118.61,445.88,88.66,77.78,78.32,275.57,81.34,77.09,518.35,491.93,201.92,64.7,191.21,306.61,186.932989690722,396.04,0.687,88.9,288.29,1372.89,319.87,742.28,114.21,207.93,285.94,81.94,519.75,,37.44,134.41,479.72,345.15,266.2,354.56,40.42,134.84
560,05/17/2018,292.72,174.65,70.65,218.751219512195,280.57,286.82,30.32,54.33,178.91,57.285,230.81,87.07,105,39.49,101.71,67.58,21.7275,231.79,45.2766666666667,,67.6,103.1,38.98,56.6901960784314,290.92,195.59,268.45,66.64,97.83,152.64,151.460481099656,150.99,1.35,85.11,87.09,562.1,87.55,308.0,74.4,103.27,171.26,37.905,211.01,,,118.7,242.96,156.34,190.48,88.42,47.95,111.699029126214
561,05/17/2019,322.61,169.91,75.98,222.790243902439,229.28,296.72,37.32,45.03,154.86,56.04,292.73,77.73,129.08,45.37,97.23,49.23,29.51,265.07,57.7066666666667,,66.36,123.51,44.87,67.92,247.82,249.56,307.63,77.2,133.67,163.38,141.245704467354,125.0,0.508,87.73,129.69,726.42,103.9,304.94,85.94,133.35,184.14,49.365,261.73,,41.91,121.88,241.38,168.73,208.2,116.41,54.43,113.029126213592
562,05/17/2021,559.52,252.38,82.85,235.209756097561,280.4,589.74,41.72,56.45,264.72,70.56,388.22,118.11,322.71,102.02,132.01,124.34,81.35,393.66,89.85,,69.07,209.5,62.64,80.5,450.46,523.62,379.48,82.27,231.48,272.336666666667,229.664948453608,199.36,3.41,125.53,262.05,1259.01,228.43,523.73,143.23,196.57,251.85,96.8375,452.92,,47.51,160.6,408.63,216.35,308.94,326.7,68.95,160.980582524272
563,05/17/2022,280.59,245.35,74.34,256.26,202.9,514.36,41.32,56.7,271.35,84.1,340.25,156.93,236.21,100.76,140.52,98.79,83.04,497.19,97.39,,63.18,215.97,79.08,86.42,440.59,366.36,243.22,75.51,206.69,225.18,212.843642611684,333.16,1.1,106.26,307.68,1236.38,200.03,667.56,147.63,221.63,239.13,92.7625,554.6,,24.2,127.48,492.53,261.84,331.86,304.92,38.97,119.38
564,05/17/2023,291.36,225.02,42.78,251.28,306.25,380.43,53.41,86.56,263.22,67.2,385.72,174.79,196.78,32.12,132.15,98.61,118.59,459.74,87.66,80.3,78.81,275.46,81.03,76.53,520.29,487.12,197.48,64.55,193.05,308.22,186.494845360825,400.96,0.615,88.58,295.46,1369.17,313.16,749.63,115.28,205.82,283.98,82.04,521.67,,37.84,134.4,484.81,341.2,263.93,348.06,40.14,134.33
565,05/18/2018,298,176.3,70.6,219.521951219512,280.4,291.66,30.45,53.33,178.07,57.69,233.31,84.77,105.93,40.22,102.15,68.12,21.6625,231.87,45.3166666666667,,68.02,102.83,38.82,56.4235294117647,292.87,200.76,269.67,67.83,101.63,152.93,151.383161512028,148.92,1.35,84.64,87.6,573.19,87.52,301.81,75.47,103.46,172.81,38.2425,214.94,,,117.86,244.64,157.24,194.16,89.22,47.5,111.165048543689
566,05/18/2020,229.42,233.19,86.82,258.312195121951,315.9,471.42,36.42,52.21,193.51,67.74,302.17,89.2,171.78,75.74,109.04,80.71,103.61,279.96,72.1433333333333,,74.76,105.6,52.48,56.41,392.37,295.93,344.14,96.46,138.56,179.47,143.548109965636,142.68,4.45,98.9,173.75,718.7,201.26,560.28,93.32,159.54,191.92,66.6975,346.97,,33.62,100.13,293.36,284.13,188.24,218.4,40.57,119.097087378641
567,05/18/2021,569.5,250.86,82.93,236.273170731707,281.01,588.15,41.77,56.27,263.17,70.73,385.07,116.95,319.7,100.34,130.99,122.14,82.5275,393.44,90.07,,68.85,205.45,62.27,79.35,449.46,524.86,386.36,81.78,230.58,271.54,229.407216494845,197.29,3.46,125.85,261.75,1245.43,236.34,516.22,141.89,195.95,252.84,100.0,454.61,,49.17,158.21,410.38,214.65,305.07,326.87,67.42,161.68932038835
568,05/18/2022,269.11,243.96,72.12,251.1,195.71,503.49,40.23,55.68,257.57,81.77,333.76,151.11,225.02,97.82,139.2,94.56,77.1225,476.39,93.41,,63.22,206.8,77.55,83.71,420.04,357.33,239.81,73.39,197.26,215.35,208.290378006873,320.65,1.06,103.57,304.0,1194.52,190.03,659.2,142.49,219.11,232.21,89.7725,542.17,,22.46,119.08,471.38,252.35,330.19,294.01,37.62,116.45
569,05/18/2023,293.42,224.23,43.03,251.57,305.45,380.3,53.44,85.56,256.49,65.8,387.9,174.82,199.26,32.14,130.92,100.93,119.03,455.01,87.41,79.69,78.21,279.4,81.06,76.55,513.87,492.06,201.29,63.63,195.45,312.23,185.635738831615,397.86,0.6,89.02,284.83,1384.43,302.87,747.48,116.84,206.77,285.26,83.27,523.54,,39.25,135.84,479.23,339.46,268.05,350.74,40.5,135.02
570,05/19/2020,224.37,227.43,86.52,256.780487804878,310.08,463.75,35.43,51.56,191.78,66.91,298.36,89.63,169.88,76.77,110.22,80.21,101.1425,281.1,71.7333333333333,,72.34,103.86,52.89,57.05,394.47,294.84,342.55,94.92,140.86,177.0,143.479381443299,144.63,4.04,97.03,176.67,714.06,195.66,557.6,91.3,157.65,188.26,65.0125,342.78,,33.4,100.51,289.05,282.28,183.99,211.57,41.08,120.339805825243
571,05/19/2021,571.49,248.63,82.48,236.721951219512,281.75,588.63,41.43,55.94,262.42,70.88,381.97,118.74,319,100.37,130.69,122.22,83.0725,393.43,90.68,,68.5,203.67,62.71,78.76,444.6,528.14,386.72,81.71,232.7,272.32,229.415807560137,198.74,3.35,125.67,258.5,1251.46,239.79,510.27,142.63,189.4,252.25,99.3925,456.95,,49.47,156.93,409.5,214.05,306.45,325.87,67.63,160.932038834951
572,05/19/2022,273.89,244.77,72.6,251.14,193.09,523.32,39.49,55.83,256.88,82.64,338.68,149.38,231.77,99.73,140.07,94.25,79.03,479.92,94.37,,63.27,203.13,78.12,82.87,432.0,364.83,240.75,74.34,201.74,218.14,211.709621993127,319.13,1.02,102.75,309.32,1219.71,194.74,657.15,143.55,223.4,230.5,91.61,550.74,,23.24,118.89,478.55,255.45,323.83,302.21,37.32,116.91
573,05/19/2023,290.99,223.42,42.99,251.88,308.48,382.14,53.64,85.93,255.13,65.4,386.1,173.39,198.33,37.17,131.49,100.33,117.13,457.83,87.93,79.34,78.85,282.47,81.43,76.92,513.52,488.1,204.86,63.57,199.44,313.61,186.27147766323,397.67,0.622,89.33,285.17,1386.47,301.03,759.05,119.09,205.7,285.37,83.88,527.38,,39.18,134.63,478.82,341.7,267.48,351.39,40.19,135.0
574,05/20/2019,319.68,168.39,75.32,223.765853658537,230.76,292.84,37.29,45.98,153.67,55.51,289.48,79.23,128.73,45.37,97.08,48.87,29.6175,266.31,57.5933333333333,,65.86,125.69,44.8,68.49,250.03,248.54,300.59,76.83,133.67,161.073333333333,142.259450171821,126.4,0.508,87.57,129.76,716.18,104.08,302.57,84.06,134.76,184.31,49.3625,262.91,,41.59,123.25,245.99,165.73,208.25,117.44,54.43,112.543689320388
575,05/20/2020,236.02,227.87,87.42,237.063414634146,309.53,472.94,37.18,52.95,188.27,65.32,296.31,92.73,175.86,78.55,113.96,79.97,99.99,280,73.6533333333333,,73.89,106.42,53.98,57.78,391.19,295.54,357.73,98.32,145.42,184.103333333333,146.494845360825,146.36,4.05,98.08,176.97,735.56,195.45,576.89,92.75,158.03,190.98,67.44,341.15,,34.48,103.28,287.99,284.62,185.26,210.09,41.7,122.912621359223
576,05/20/2021,587.9,251.93,82.96,238.819512195122,286.57,598.32,41.92,57.05,260.66,71.8,389.11,120.04,326.7,103.64,131.45,123.06,86.075,391.13,92.8,,69.35,206.21,63,79.41,439.75,539.24,396.48,83.51,236.74,277.553333333333,231.623711340206,200.41,3.33,126.7,256.24,1275.88,252.78,513.21,147.68,189.3,254.35,102.2225,465.29,,49.33,158.1,408.64,216.61,311.46,332.79,67.95,162.067961165049
577,05/20/2022,275.04,247.5,73.23,252.3,199.65,522.2,39.22,55.8,259.49,84.96,341.21,150.18,232.64,100.19,141.03,94.43,80.3075,492.85,94.32,,63.84,204.78,77.75,83.45,439.62,372.23,243.49,74.88,201.83,219.07,213.530927835052,322.86,0.963,102.53,309.53,1238.58,198.72,661.14,146.73,225.94,232.25,91.5875,555.15,,23.35,120.93,485.73,258.59,318.95,300.68,37.75,117.61
578,05/21/2018,302.46,176.47,72.1,223.180487804878,277.67,292.28,30.65,53.13,177.45,58.025,236.49,84.34,106.61,40.38,102.6,67.92,21.7275,233.65,45.7466666666667,,67.63,103.86,39.07,56.0470588235294,294.64,201.19,268.29,66.79,102.21,154.46,152.646048109966,146.5,1.35,85.32,86.47,582.01,88.92,296.6,76.35,104.66,173.74,38.095,216.73,,,118.74,247.9,156.22,196.3,90.14,47.2,110.980582524272
579,05/21/2019,319.68,169.69,75.3,228.263414634146,232.92,294.35,37.7,46.9,154.66,57.14,292.51,80.57,130.04,46.01,97.77,49.6,29.6475,277.06,57.3333333333333,,66.52,128.21,44.85,68.89,256.76,249.33,306.47,78.68,134.57,161.186666666667,142.929553264605,128.33,0.508,87.77,134.4,716.5,104.74,309.95,85.5,135.8,185.45,50.2725,265.36,,41.5,124.81,249.94,169.12,206.15,118.53,54.92,112.728155339806
580,05/21/2020,235.96,224.78,86.56,233.112195121951,304.46,466.79,34.79,53.18,188.68,65.65,287.8,92.25,175.23,78.3,112.99,78.73,99.8425,278.68,72.8333333333333,,73.5,108.05,52.56,57.18,395.27,292.66,349.42,98.68,143.2,181.983333333333,148.041237113402,145.82,4.16,95.41,181.72,723.0,193.89,560.98,92.5,156.3,185.09,66.6875,335.75,,34.26,105.57,286.91,284.63,185.26,211.02,41.96,118.446601941748
581,05/21/2021,591.75,251.01,83.06,238.517073170732,283.19,594.74,42.11,57.34,262.24,73.73,388.43,120.07,327.23,101.82,131.33,122.54,85.5225,396.08,94.2,,68.75,206.38,62.42,78.31,446.0,539.34,398.62,82.76,238.96,274.996666666667,231.10824742268,202.68,3.45,127.29,256.5,1276.29,253.52,506.72,144.77,190.53,255.65,102.3375,462.34,,48.82,158.05,411.63,213.43,312.22,333.45,67.48,162.446601941748
582,05/22/2018,297.86,178.36,71.72,220.039024390244,279.69,289.36,30.27,52.83,177.24,57.865,232.04,84.51,106.69,40.08,101.84,67.92,21.5725,233.93,45.5433333333333,,67.83,103.41,38.89,55.921568627451,292.39,199.99,270.8,66.56,102.63,151.536666666667,151.778350515464,146.44,1.35,84.97,84.54,574.1,87.49,294.68,76.17,104.08,172.9,38.0325,217.86,,,118.69,245.18,156.28,195.98,90.11,47.25,109.660194174757
583,05/22/2019,318.82,171.3,75.57,229.931707317073,235.04,295.35,37.73,46.84,152.83,56.78,293.54,81.8,129.44,46.18,97.62,49.25,29.6875,277.14,57.5533333333333,,66.5,128.21,44.98,68.66,260.73,250.38,312.83,79.02,134.82,161.79,143.865979381443,129.63,0.508,88.76,133.88,724.08,106.95,320.09,86.3,136.11,185.95,50.51,271.66,,41.25,125.44,249.34,172.37,207.24,118.2,54.62,111.796116504854
584,05/22/2020,243.74,226.43,86.93,233.414634146341,304.53,472.45,35.91,53.59,189,64.84,287.42,93.14,173.61,78.52,112.83,76.81,101.3125,277.11,72.9366666666667,,73.34,106.69,52.33,56.71,394.43,294.72,354.7,99.37,142.9,187.6,146.185567010309,149.42,4.16,94.72,182.21,748.31,192.08,569.91,93.41,157.48,184.14,66.6,340.26,,34.83,104.17,289.94,284.96,186.68,211.44,42.24,119.805825242718
585,05/22/2023,300.83,223.99,42.58,251.04,306.87,387.15,53.68,85.98,255.52,65.2,390.14,172.25,201.34,37.51,131.62,99.8,119.29,457.04,89.16,79.08,78.62,277.04,81.63,77.46,513.98,486.25,208.85,64.39,201.77,313.62,187.817869415808,396.43,0.59,89.5,287.99,1398.7,306.55,751.5,120.24,206.92,286.17,84.21,529.02,,39.17,135.24,480.62,339.97,267.81,350.92,39.41,135.27
586,05/23/2018,308.2,179.94,72.35,220.731707317073,283.75,288.91,30.46,52.69,177.09,58.235,231.92,83.96,106.49,39.09,101.22,68.53,21.75,232.06,46.3533333333333,,68.17,103.51,38.82,55.3882352941177,291.89,204.16,271.73,66.57,102.44,152.903333333333,150.833333333333,146.83,1.35,85.26,84.89,569.8,89.16,295.31,76.02,104.68,175.42,38.1575,216.52,,,116.53,244.26,156.98,194.15,90.88,46.5,109.427184466019
587,05/23/2019,307.85,172.11,75.03,228.292682926829,229.11,293.96,37.79,45.91,150.01,55.42,291.93,80.44,128.44,46.19,97.64,48.15,28.615,277.72,56.6566666666667,,67.17,126.71,44.68,67.67,259.5,253.57,308.97,80.5,134.44,157.926666666667,142.817869415808,129.09,0.508,91.64,127.45,719.13,105.57,315.26,86.13,134.8,184.5,49.465,271.02,,40.47,122.96,246.5,173.01,205.05,116.06,53.74,110.640776699029
588,05/23/2022,278.71,249.04,73.37,257,199.4,520.75,39.89,56.96,263.37,86.04,338.72,152.7,231.24,98.54,139.54,94.25,80.98,494.85,96.13,,63.66,205.04,78.81,84.72,441.39,368.33,245.07,76.91,203.39,221.61,214.347079037801,327.63,1.05,104.26,311.81,1247.48,202.85,681.91,146.48,227.54,233.05,91.1275,555.21,,23.78,121.74,492.08,268.35,321.16,303.34,38.5,120.83
589,05/23/2023,282.55,224.44,42.5,246.48,303.15,382.56,51.5,84.79,251.92,65.03,380.04,171.26,202.3,38.13,131.09,96.94,115.69,457.51,84.74,77.19,78.58,267.76,80.42,76.85,506.93,461.08,204.37,65.08,201.78,301.44,188.049828178694,393.14,0.619,87.13,284.85,1355.61,296.43,748.56,120.3,201.88,274.16,83.21,525.1,,38.66,126.93,479.44,333.51,265.92,342.81,38.05,130.32
590,05/24/2018,317.04,177.96,72.41,220.09756097561,284.41,289.06,30.4,52.44,175.85,58.305,229.59,84.09,105.68,38.81,100.89,68.09,21.87,230.62,45.8566666666667,,67.53,103.6,38.72,55.3019607843137,293.69,202.37,270.83,66.67,101.76,152.596666666667,150.687285223368,144.03,1.35,86.99,84.29,565.58,93.15,294.61,75.62,104.49,175.04,37.8675,215.97,,,115.95,242.73,156.97,194.14,91.22,46.21,108.485436893204
591,05/24/2019,311.47,171.28,75.1,229.453658536585,227.06,293.37,38.47,45.95,149.48,56.87,291.22,80.68,129.9,46.23,98.04,47.56,29.7425,277.25,56.46,,66.89,123.84,44.69,67.02,263.33,256.11,312.45,81.75,136.38,158.843333333333,143.298969072165,129.92,0.508,93.03,132.14,728.82,108.57,312.56,86.36,135.11,184.77,49.4475,271.8,,41.51,123.09,247.63,171.77,206.25,116.29,53.75,111.184466019417
592,05/24/2021,604.45,247.75,82.77,237.775609756098,278.86,593.06,42.8,56.63,261.53,73.92,394.5,118.52,331.17,102.56,130.47,121.84,88.8475,394.34,95.45,,67.43,206.12,62.74,77.59,442.79,549.71,399.99,82.91,242.58,278.306666666667,233.049828178694,199.64,3.67,128.1,254.0,1280.11,256.77,500.47,144.61,190.0,257.15,105.25,462.46,,50.03,159.0,410.95,211.22,317.2,339.52,67.65,162.970873786408
593,05/24/2022,270.18,251.89,73.9,257.45,202.54,518.73,40.15,57.11,264.96,87.21,341.05,153.08,223.35,96.76,140.09,93.41,72.0325,505.29,94.54,,64.35,204.76,78.39,83.94,440.42,362.16,240.26,75.11,201.99,218.39,214.046391752577,328.8,1.0,105.59,312.59,1231.46,217.83,686.02,144.11,228.57,233.28,89.2925,548.82,,21.55,121.41,497.56,268.48,317.45,300.72,38.1,119.39
594,05/24/2023,281.23,221.32,42.12,245.25,301.56,373.76,51.93,84.96,249.76,64.64,377.97,171.06,199.38,37.44,132.04,96.27,116.73,456.59,83.84,76.53,79.05,264.9,79.62,75.56,506.63,463.51,212.65,64.28,198.03,302.48,185.283505154639,396.43,0.561,87.49,281.74,1313.32,293.75,737.4,117.16,200.84,272.56,81.73,510.72,,37.96,127.42,480.83,333.85,256.99,340.65,37.13,128.62
595,05/25/2018,318.54,178.24,72.53,218.273170731707,286.21,287.93,30.31,52.44,175.9,59.21,227.75,85.49,104.13,38.86,105.81,67.89,22,232.39,45.3166666666667,,67.38,103.69,38.92,55.2392156862745,294.41,203.7,266.22,68.43,100.5,152.186666666667,156.477663230241,145.81,1.35,86.3,87.23,554.83,92.83,293.74,74.32,103.69,173.78,37.205,213.65,,,116.69,244.95,157.5,190.65,91.53,46.57,107.844660194175
596,05/25/2021,594.95,242,82.35,236.575609756098,273.45,592.93,43.03,55.62,259.6,73.96,394.49,114.99,329.52,103.45,130.85,120.87,88.3125,395.15,96.68,,66.23,210.21,62.68,76.26,441.88,555.19,397.09,82.68,242.13,282.003333333333,235.781786941581,196.02,3.7,128.4,253.0,1287.1,259.66,498.03,143.1,191.36,256.79,105.0375,464.02,,50.46,159.75,413.05,208.76,321.14,345.36,67.1,162.873786407767
597,05/25/2022,276.57,253.01,75.19,252.16,202.36,508.57,40.09,57.74,265.75,85.31,339.84,154.27,223.48,96.69,141.03,95.42,70.33,504.78,96.85,,65.01,206.16,76.0,85.18,444.69,367.86,242.4,76.51,203.34,222.58,212.54295532646,333.48,0.988,105.54,314.68,1230.01,221.65,690.88,142.73,228.42,235.01,88.2025,534.27,,22.04,122.1,498.09,270.84,307.81,298.79,38.58,119.15
598,05/25/2023,280.08,217.46,41.34,241.77,297.13,372.96,51.54,84.7,247.07,63.43,371.44,170.17,194.89,36.88,132.69,95.06,114.61,450.08,81.65,79.86,77.65,264.09,78.51,75.08,500.07,458.06,193.53,62.87,197.47,303.77,183.307560137457,395.39,0.518,83.54,273.41,1316.95,277.05,725.0,116.45,201.21,272.4,82.31,520.64,,37.95,127.6,477.7,332.63,259.56,340.2,36.91,127.8
599,05/26/2020,247.9,222.4,85.51,227.453658536585,295.87,481.15,36.19,52.6,195.92,64.49,297.9,90.78,171.38,76.49,112.75,78.02,95.4475,283.42,72.3366666666667,,73.18,109.07,51.1,59.57,397.09,290.84,354.41,98.68,143.5,187.03,144.819587628866,149.19,4.61,97.15,183.71,766.0,182.63,545.21,97.48,158.68,186.3,65.1625,332.57,,34.56,106.38,294.89,266.5,193.08,205.95,45.33,123.04854368932
600,05/26/2021,596.69,238.55,82.42,236.117073170732,267.84,591.57,41.83,56.08,259.39,73.49,392.11,114.68,324.51,104.29,132.65,120.6,88.6725,394.89,96,,66.35,211.83,62.76,76.85,438.84,557.33,397.7,83.16,239.6,279.793333333333,236.383161512028,194.3,3.84,126.27,251.62,1281.71,263.19,497.16,143.71,194.17,252.43,104.0675,459.69,,51.12,160.15,413.21,206.8,319.74,344.39,66.9,159.398058252427
601,05/26/2022,274.83,253.05,75.75,252.5,204.22,522.46,40.14,58.02,268.88,81.89,343.71,155.8,230.21,100.97,141.65,97.44,70.1575,512.43,98.57,,64.47,211.79,76.19,85.62,452.22,384.92,243.57,76.02,207.73,223.3,214.905498281787,336.42,0.953,99.44,299.02,1258.47,229.06,683.44,146.65,230.71,234.94,91.33,540.11,,23.1,123.25,502.23,269.65,319.89,305.46,38.95,120.65
602,05/26/2023,285.39,216.93,41.29,241.12,298.66,379,51.06,82.83,244.1,62.72,369.39,168.41,194.12,37.12,133.77,94.28,115.05,445.89,82.01,78.43,77.09,264.41,79.03,74.92,496.6,468.94,195.89,62.58,199.45,306.9,185.223367697595,387.95,0.54,81.46,273.03,1348.19,272.63,725.05,116.67,200.44,272.58,83.5,522.02,,38.45,127.98,481.52,329.99,260.61,343.5,36.96,127.65
603,05/27/2020,251.41,224.81,86.44,229.073170731707,301.46,470.72,37.14,53.75,199.46,65.69,308.54,93.33,174.58,73.49,115.54,78.71,89.9075,287.25,72.1166666666667,,74.9,113.66,51.39,62.24,399.34,300.92,363.82,98.22,146.82,188.243333333333,150.223367697595,155.34,4.75,96.0,183.65,788.31,178.43,544.01,100.02,159.98,191.62,64.3175,337.35,,34.88,110.43,303.77,278.51,198.89,201.29,47.79,124.601941747573
604,05/27/2021,599.77,235.31,81.81,235.063414634146,267.37,598.57,41.96,56.07,259.5,73.72,395.07,115.01,332.2,105.1,132.56,120.67,90.4775,397.84,94.35,,65.9,213.69,63.29,76.39,439.36,554.04,408.99,82.68,237.46,278.12,236.615120274914,194.31,3.82,125.15,250.28,1297.12,272.05,495.34,144.9,190.89,254.51,102.4225,472.48,,50.71,159.13,412.7,207.31,323.74,344.7,66.48,162.747572815534
605,05/27/2022,284.57,255.26,76.16,256.46,206.2,547.25,41.2,57.7,272.4,84.41,352.17,156.86,244.41,105.37,145.39,97.78,72.27,520.55,101.12,,64.8,215.55,77.46,85.96,461.21,398.61,258.06,77.19,220.5,229.16,221.537800687285,334.96,1.01,99.08,305.08,1326.52,235.21,692.8,156.18,235.0,236.5,96.64,572.35,,23.67,124.96,507.11,273.73,335.06,321.21,39.72,119.83
606,05/28/2019,304.81,168.85,74.18,228.448780487805,225.54,289.12,38.45,45.48,146.49,56.09,286.58,80.89,127.72,44.96,97.1,46.92,30.1775,272.26,56.4266666666667,,63.97,123.04,44.08,66.15,252.05,246.85,313.0,81.76,136.61,157.073333333333,141.96735395189,130.1,0.658,91.31,132.0,720.03,109.45,307.93,84.68,133.92,181.98,49.01,266.38,,40.95,122.49,242.06,172.76,204.72,115.66,53.66,108.873786407767
607,05/28/2020,249.18,224.13,88.2,235.609756097561,300.5,477.13,37.47,54.37,200.57,66.9,316.63,94.4,176.13,76.9,118.07,79.47,90.4575,291.37,74.05,,75.32,109.77,52.32,61.45,403.81,306.13,373.01,100.55,146.2,190.796666666667,150.910652920962,156.86,4.741,98.14,186.86,792.4,184.58,578.21,99.3,162.81,195.35,64.6,342.74,,34.15,107.25,303.97,277.38,197.96,206.03,46.99,124.26213592233
608,05/28/2021,590.15,237.94,82.12,235.990243902439,267.48,602.37,42.55,56.07,258.85,73.6,393.45,114.74,337.99,104.83,131.67,120.07,92.3475,398.22,95.9,,66.11,214.79,63.06,76.04,437.7,558.11,405.64,83.78,240.16,280.726666666667,235.807560137457,192.39,3.89,126.59,251.36,1300.95,269.67,502.43,145.07,190.86,255.27,103.4575,469.5,,50.83,159.63,411.92,208.63,322.25,347.51,66.92,163.427184466019
609,05/29/2018,326.18,177.44,71.73,214.546341463415,287.09,286.06,30.2,51.75,172.58,58.455,224.5,82.57,104.63,38.72,106.35,67.05,21.7875,229.29,45.31,,67.33,103.28,38.58,54.9019607843137,292.36,205.25,266.32,67.06,99.18,151.543333333333,154.733676975945,141.22,1.35,85.39,87.04,546.74,94.21,296.5,73.66,103.97,172.34,36.82,208.97,,,115.61,242.17,155.24,190.93,92.21,45.81,106.087378640777
610,05/29/2019,297.41,169.18,73.84,228.292682926829,223.4,288.08,38.07,43.68,148.41,56.23,284.96,78.35,125.52,45.39,96.81,44.39,29.65,275.57,55.74,,63.37,121.86,43.59,65.37,251.04,247.45,308.28,77.59,135.32,157.31,140.635738831615,125.39,0.686,91.52,131.12,724.79,107.15,307.78,84.87,133.41,181.38,48.4375,264.76,,39.94,119.58,242.4,166.55,201.26,115.37,53.72,108.95145631068
611,05/29/2020,245.62,229.7,90.01,240.907317073171,307.09,491.32,37.99,54.69,197.32,66.25,316.98,95.34,179.66,77.73,118.28,80.96,94.5775,294.11,74.9066666666667,,77.83,106.9,53,60.72,410.65,308.88,363.05,101.91,149.52,193.343333333333,150.618556701031,158.67,5.1,98.58,185.82,795.0,188.57,612.81,100.47,165.89,195.73,66.2,349.19,,36.32,105.45,304.85,287.96,199.85,216.04,46.52,122.660194174757
612,05/30/2018,331.45,180.24,71.87,218.068292682927,294.4,290.89,30.51,52.46,173.32,59.405,229.73,84.13,107.67,40,108.36,68.36,21.8725,231.58,45.8166666666667,,67.69,104.9,39.02,56.156862745098,296.38,209.08,272.39,67.87,100.48,153.22,157.285223367698,144.43,1.35,85.89,87.82,551.71,93.74,300.89,74.4,104.57,175.07,37.475,210.95,,,116.99,244.94,156.64,193.67,94.12,45.45,107.427184466019
613,05/30/2019,296.68,169.04,74.37,231.414634146341,223.78,287.25,38.44,42.93,147.99,57,286.44,78.32,125.71,45.49,96,44.64,29.975,277.82,56.6733333333333,,63.34,122.57,43.94,65.13,247.86,249.7,311.2,78.74,136.13,159.073333333333,140.352233676976,123.85,0.635,92.58,134.77,727.36,110.04,307.96,85.91,133.35,183.75,48.7375,267.98,,39.8,120.09,243.5,170.26,201.31,115.84,53.5,109.601941747573
614,05/30/2023,284.95,218.53,40.33,238.39,298.69,379.76,50.49,81.33,242.64,61.98,368.2,166.01,196.05,36.42,133.88,92.42,113.56,441.73,81.41,77.96,76.33,264.18,78.66,74.12,495.1,466.22,194.51,61.87,198.65,307.07,182.070446735395,384.27,0.61,82.5,269.86,1314.72,272.58,728.6,116.22,199.55,271.49,83.18,514.22,,37.56,131.36,479.85,325.3,255.57,336.35,36.46,126.43
615,05/31/2018,331.95,179.62,70.84,216.185365853659,293.96,287.13,30.39,52.09,169.37,58.58,226.31,82.14,107.52,39.26,106.53,66.84,21.9975,221.42,45.77,,67.4,103.14,37.89,54.2745098039216,290.98,208.21,272.44,68.27,98.93,153.223333333333,155.146048109966,141.94,1.35,86.32,84.93,550.74,93.79,300.32,74.33,103.84,174.02,37.58,208.27,,,114.98,241.51,154.0,192.62,93.0,43.81,108.26213592233
616,05/31/2019,284.35,166.7,73.44,227.746341463415,219.29,286.93,38.41,42.07,148.02,57.75,297.79,77.86,125.45,45.5,95.91,43.42,30.325,277.98,56.9,,62.25,120.96,44.01,64.46,244.86,249.77,306.91,78.63,135.85,154.95,139.699312714777,122.14,0.635,92.58,142.26,723.09,109.79,301.72,86.34,133.68,183.24,49.5125,266.98,,40.41,119.55,241.8,166.18,200.71,114.6,53.87,110.611650485437
617,05/31/2022,277.64,256.74,76.05,255.8,200,537.79,41.01,56.32,268.29,81.44,350.74,154.79,234.08,103.06,141.02,97.49,74.485,509.61,100.85,,64.85,210.4,75.27,85.64,454.23,391.62,239.48,75.89,215.25,227.64,211.958762886598,328.69,0.997,100.15,290.22,1286.12,213.48,664.74,149.67,228.2,234.5,92.4325,567.57,,23.2,124.61,496.78,268.65,327.95,310.38,39.56,120.21
618,05/31/2023,282.66,220.65,40.72,241.76,296.41,373.35,51.48,82.3,247.41,62.41,371.53,170.15,193.38,37.23,132.65,93.67,117.26,447.82,84.23,79.51,76.94,264.19,78.89,73.9,501.87,464.77,196.65,61.55,196.91,307.84,182.585910652921,390.84,0.59,82.76,273.9,1321.87,274.25,735.56,115.32,199.97,275.58,81.79,508.46,,37.93,132.13,487.24,323.57,251.22,334.63,36.12,127.34
619,06/01/2018,333.09,183.57,72.7,219.453658536585,297.09,290.64,30.59,52.66,170.82,58.785,228.11,83.34,108.12,39.64,107.95,67.09,23.05,221.5,47.3033333333333,,68.3,104.32,38.1,54.5333333333333,289.68,215.36,276.33,67.91,100.49,159.75,156.718213058419,142.24,1.35,87.83,85.18,569.0,94.82,306.88,75.26,104.57,175.46,37.7425,211.83,,,114.15,243.35,152.05,195.2,93.0,43.42,109.330097087379
620,06/01/2020,250.55,226.91,90.39,238.878048780488,301.45,492.42,37.5,54.7,198.1,65.7,315.18,95.15,179.82,76.64,118.44,80.34,94.675,290.03,74.27,,75.16,108.83,53.25,61.13,401.5,312.19,365.41,101.75,149.41,191.53,152.079037800687,158.94,5.11,97.11,183.07,803.43,188.78,599.47,101.96,165.65,197.25,65.515,349.33,,35.82,104.59,305.93,286.64,199.67,212.14,47.1,124.155339805825
621,06/01/2021,593.48,233.58,82.14,232.653658536585,267.15,581.46,42.93,55.56,257.68,73.28,390.39,114.32,332.9,102.01,127.27,119.86,91.4175,394.22,95.12,,65.32,215.87,61.35,76.07,431.25,550.59,407.45,82.89,237.25,278.68,226.580756013746,191.83,3.58,124.79,249.1,1296.3,264.47,503.23,141.76,188.43,255.79,102.56,447.01,,50.98,160.53,406.72,209.67,318.5,340.16,67.36,161.378640776699
622,06/01/2022,265.17,253.42,74.47,251.4,200,527.79,39.92,55.43,264.58,81.21,343.21,150.01,229.69,104.48,138.62,95.4,70.9625,499.19,97.34,,64.77,206.95,74.65,84.28,447.59,369.63,235.2,74.98,210.11,216.39,211.151202749141,322.21,0.975,97.78,287.38,1263.4,207.38,658.92,146.1,221.46,228.0,89.9875,556.22,,22.94,120.75,492.55,269.41,321.8,308.58,39.04,119.28
623,06/01/2023,297.2,214.27,41.23,248.11,302.41,371.36,51.5,83.42,253.39,64.94,374.19,172.59,196.34,37,134.05,94.71,119.58,464.43,85.23,79.83,76.21,267.87,79.15,73.43,515.15,469.84,199.09,61.51,198.97,310.54,182.508591065292,389.23,0.61,82.75,282.97,1329.32,272.48,731.17,115.67,202.42,278.57,81.69,519.38,,38.48,131.14,493.63,323.62,256.04,341.53,37.66,127.36
624,06/02/2020,263.79,223.72,90.98,238.536585365854,302.86,493.06,37.54,55.77,201.31,66.27,316.35,98.66,183.35,78.01,122.61,80.86,93.9375,294.2,74.83,,73.26,109.02,52.67,63.22,404.9,316.48,366.05,100.9,151.53,193.27,154.484536082474,163.19,4.655,97.25,183.12,823.6,186.5,617.66,101.92,164.44,198.39,65.96,350.09,,35.81,104.03,306.31,284.27,202.84,211.32,47.37,124.73786407767
625,06/02/2021,575.49,235.16,81.6,232.858536585366,269.35,581.32,41.61,56.19,255.41,72.61,384.69,115.12,329.52,100.72,127.53,119.61,92.7475,393.47,93.38,,66.03,210.63,61.23,75.42,428.9,547.56,412.96,82.26,235.0,273.846666666667,226.39175257732,191.38,3.87,123.8,248.93,1274.87,264.26,505.36,139.17,191.18,250.72,102.5325,449.21,,50.79,157.72,405.85,210.38,317.21,333.77,65.84,156.368932038835
626,06/02/2022,284.87,248.28,74.26,253.68,198.51,552.53,40.67,54.5,263.43,82.56,352.81,148.21,245.25,110.67,138.65,96.85,77.9575,496.93,101.21,,63.46,211.18,75.99,84.98,449.55,386.34,248.53,74.63,220.06,227.21,213.737113402062,318.58,0.934,98.5,289.19,1326.32,213.89,630.7,150.86,227.32,234.39,93.5025,570.1,,24.74,122.66,492.26,270.05,333.03,317.99,41.8,122.07
627,06/02/2023,302,218.07,41.33,251.79,300.2,372.36,51.82,84.59,257.03,66.46,356.47,174.52,200.68,37.72,135.56,98.74,122.57,471.02,85.34,79.97,77.89,274.26,79.06,74.42,520.78,470.83,207.31,62.54,201.37,312.18,186.408934707904,390.16,0.598,83.76,287.17,1332.66,281.03,739.95,115.22,205.47,278.3,83.0,520.14,,39.73,135.46,499.58,333.78,258.77,343.73,38.79,129.81
628,06/03/2019,283.32,172.36,73.96,226.985365853659,223.37,288.24,38.29,42.92,150.41,51.82,301.76,80.37,123.4,45.59,96.16,45.3,30.24,276.44,56.2733333333333,,63.63,123.03,44.06,65.16,250.32,245.59,303.72,79.56,132.95,152.756666666667,140.618556701031,124.56,0.611,93.33,145.13,728.75,109.32,303.95,86.05,134.07,183.02,49.4875,265.28,,41.25,121.46,236.56,166.64,199.58,114.7,53.86,110.970873786408
629,06/03/2020,268.35,221,90.48,237.112195121951,302.6,470.74,37.91,56.62,201.36,65.36,319.22,99.49,189.72,79.04,119.5,79.72,91.465,289.27,74.73,,74.4,107.94,53.69,63.24,393.73,318.03,358.32,98.83,153.06,191.486666666667,153.943298969072,161.72,4.25,97.1,179.14,838.0,181.0,604.28,103.86,163.17,200.7,64.8575,347.19,,36.75,104.43,305.35,277.01,201.43,209.37,47.84,126.572815533981
630,06/03/2021,566.96,235.74,81.69,234.848780487805,272.55,581.59,41.35,56.35,256.97,72.41,384.09,116.8,331.7,100.61,128.14,121.13,94.185,395.64,94.34,,66.48,213.26,60.98,77.96,430.65,550.3,404.58,82.9,233.34,272.216666666667,227.817869415808,193.86,3.81,123.07,250.37,1255.28,263.84,505.66,138.61,189.96,249.7,101.895,445.33,,48.7,158.86,407.96,211.15,316.28,332.77,66.57,155.281553398058
631,06/03/2022,273.6,248.45,72.54,252.34,200.62,535.58,39.91,53.82,253.97,81.97,342.27,147.03,242.98,110.82,136.2,96.7,73.1975,493.26,96.73,,63.45,207.59,75.3,84.17,442.41,372.63,232.97,73.96,219.44,217.79,209.321305841924,316.38,0.947,95.48,281.74,1298.9,212.57,630.35,147.67,220.47,229.02,90.775,558.1,,24.15,121.17,485.61,269.44,339.01,309.88,40.49,120.63
632,06/04/2018,343.2,185.44,74.2,222.760975609756,298.91,292.88,30.6,52.64,171,59.125,226.3,84.32,109.02,39.29,107.3,66.91,23.365,225.24,47.5933333333333,,70.21,104.31,38.2,55.0901960784314,294.14,218.81,280.26,68.04,101.24,159.31,157.259450171821,142.8,1.35,87.52,84.97,572.16,94.9,312.09,76.0,105.13,176.37,38.42,214.17,,,115.49,244.63,149.65,194.92,95.31,43.94,110.349514563107
633,06/04/2019,297.24,174.73,76.21,229.482926829268,227,291.8,39.05,43.95,154.05,53.94,310.61,82.21,126.52,46.78,97.21,47,31.1875,279.81,58.0133333333333,,64.32,125.53,45.08,66.41,252.83,252.88,313.83,81.56,135.57,158.143333333333,142.981099656357,127.56,1.0,94.41,152.56,741.89,111.79,302.06,88.09,135.92,186.45,50.97,267.97,,42.75,122.41,240.76,171.27,201.86,116.3,54.4,113.990291262136
634,06/04/2020,260.07,220.88,88.63,237.609756097561,299.65,463.85,37.42,56.49,202.39,64.39,313.86,99.45,183.43,76.91,119.53,82.39,86.2125,282.09,71,,77.54,106.96,52.32,63.28,392.27,310.08,358.4,93.8,151.21,188.083333333333,155.189003436426,159.52,4.34,96.99,173.58,840.66,172.98,598.54,103.02,160.63,198.08,63.1375,348.15,,36.43,102.91,298.08,272.82,202.39,205.39,48.04,125.73786407767
635,06/04/2021,582.35,236.85,82.25,234.790243902439,286.14,581.28,42.03,56.56,252.94,71.44,381.96,116.92,336.84,101.16,128.88,120.28,95.7275,393.2,95.87,,67.43,213.77,60.72,77.9,426.33,558.36,418.12,83.33,233.84,277.15,228.823024054983,194.94,3.86,123.85,249.0,1256.82,271.84,511.89,138.96,193.61,251.83,106.075,448.76,,50.18,159.76,405.64,209.93,319.26,333.43,66.28,154.495145631068
636,06/05/2018,346.08,181.73,74.26,222.165853658537,298.64,291.22,30.72,52.81,170.83,59.005,224.89,84.79,110.05,39.32,106.72,67.39,23.6075,227.87,47.2866666666667,,70.06,104.25,38,55.1607843137255,293.94,217.45,279.1,68.41,101.88,164.123333333333,156.658075601375,143.77,1.35,86.66,85.64,574.19,95.52,311.85,76.6,105.62,177.22,38.82,214.77,,,116.13,244.43,145.72,196.22,95.03,42.29,109.844660194175
637,06/05/2019,302.57,174.55,76.99,233.521951219512,226.09,287.7,40.01,43.3,153.81,53.87,312.27,81.65,127.59,46.03,97.75,46.62,30.865,276.92,59.1,,64.44,124.75,46.45,67.59,251.93,256.6,318.14,81.02,138.17,161.686666666667,143.333333333333,127.37,0.95,96.55,153.34,756.93,111.98,300.0,90.04,136.98,189.14,51.6425,274.79,,45.0,121.41,242.77,173.27,206.45,117.44,55.38,115.087378640777
638,06/05/2020,288.21,225.67,89.19,236.107317073171,306.72,452.52,38.83,57.27,209.48,65.11,318.54,98.97,178.43,74.7,117.1,88.28,91.1225,287.89,74.37,,76.75,115.56,52.41,65.83,389.86,311.71,354.11,93.51,149.58,197.586666666667,154.415807560137,161.62,4.411,102.04,171.03,859.54,179.03,597.0,104.4,163.91,207.03,64.145,354.2,,37.21,109.16,311.85,265.69,208.93,205.73,50.18,133.398058252427
639,06/05/2023,305.15,221.88,41.65,253.99,302.13,368.6,51.4,84.76,262.74,67.34,353.55,174.69,199.11,37.8,134.22,99.16,124.66,480.43,85.94,80.49,77.72,272.23,79.04,75.26,523.94,465.28,210.56,62.37,204.01,317.49,187.096219931271,395.31,0.587,83.73,293.14,1335.22,284.07,750.27,114.46,206.05,277.96,82.67,518.58,,40.42,134.71,498.19,334.42,259.54,343.4,38.92,130.47
640,06/06/2018,346.37,183.55,75.28,225.960975609756,303.75,297.47,30.8,53.54,174.93,59.485,228.93,87.15,111.95,39.6,107.99,68.7,23.5475,227.86,47.3233333333333,,71.97,104.65,37.97,55.8274509803922,295.33,219.51,285.25,68.55,103.69,164.46,158.599656357388,145.64,1.35,87.24,86.39,584.87,96.57,315.13,78.31,106.3,179.78,39.8225,218.27,,,116.04,248.65,145.97,201.6,96.33,43.01,110.854368932039
641,06/06/2019,306.36,174.45,76.85,230.858536585366,224.35,287.87,40.54,42.79,153.72,53.89,319.94,81.75,127.55,47.61,98.75,46.56,30.175,277.5,59.93,,63.73,126.01,46.31,68.72,246.85,259.68,318.56,79.86,137.41,161.746666666667,143.668384879725,128.15,0.939,96.5,155.28,772.82,112.7,299.6,91.33,137.23,191.82,52.2025,276.26,,44.92,121.11,241.82,167.75,207.03,118.08,55.63,116.805825242718
642,06/06/2022,269.01,245.44,72.5,258.72,197.11,534.98,39.38,53.74,258.32,83.24,344.61,146.89,245.02,111.23,135.84,95.82,74.08,497.42,96.41,,62.03,204.82,75.13,84.16,444.1,372.22,226.6,73.89,220.79,216.43,207.886597938144,317.66,0.919,95.49,286.65,1304.09,212.02,609.03,148.84,221.9,228.15,90.85,552.88,,24.73,121.17,490.18,268.0,337.16,309.03,40.43,118.41
643,06/06/2023,304.68,221.22,40.96,250.46,299.79,370.78,50.67,84.34,263.2,66.73,352.63,174.37,201.58,38.82,133.15,99.28,125.38,464.6,85.18,82.93,76.2,271.19,79.04,75.37,511.12,459.53,203.07,61.71,205.48,315.72,187.216494845361,388.96,0.562,83.6,286.99,1321.79,285.56,748.14,114.44,207.3,276.55,82.63,516.26,,40.25,136.02,487.57,330.41,256.63,346.19,39.13,130.27
644,06/07/2018,339.32,183.3,74.35,224.185365853659,305.37,297,31.03,52.95,177.11,59.59,226.5,86.6,112.44,39.38,107.6,68.94,22.3725,229.59,47.3366666666667,,71.9,105.32,38.14,55.8352941176471,296.4,218.04,280.71,69.02,103.17,161.78,158.041237113402,145.63,1.35,86.63,86.69,590.62,94.02,308.72,78.09,104.7,178.15,39.7,216.46,,,116.54,248.98,145.75,202.99,95.3,43.11,110.359223300971
645,06/07/2019,307.66,175.51,77.58,232.565853658537,227.23,289.95,41.28,43.85,157.47,54.21,321.95,83.48,128.28,48.16,99.34,47.69,31.495,278.13,61.27,,65.35,128.41,47,69.76,248.87,264.92,335.49,80.83,138.74,166.346666666667,143.453608247423,130.28,1.24,97.11,153.73,790.88,111.41,306.72,92.92,138.02,194.3,52.4875,281.69,,44.16,123.71,246.77,173.51,208.77,119.31,55.94,117.21359223301
646,06/07/2021,580.27,237.19,81.26,233.717073170732,395.85,579.58,42.14,58.9,247.6,71.28,374.4,118.26,340.24,103.92,128.93,118.68,96.745,389.1,96.34,,67.42,211.87,60.89,77.3,416.0,560.35,430.34,85.11,233.2,277.04,226.855670103093,195.03,3.94,123.96,245.2,1248.77,276.11,514.99,137.52,193.83,249.54,104.9325,444.45,,50.76,158.98,400.25,209.16,318.71,333.32,65.52,153.300970873786
647,06/07/2022,273.51,246.41,72.58,257.92,201.08,540.37,39.58,53.91,262.28,83.35,347.51,149.56,247.21,113.71,137.77,95.33,77.1,500.41,97.25,,62.54,207.52,76.62,85.34,449.78,376.79,233.07,74.91,225.23,221.95,210.90206185567,321.65,0.91,96.47,288.1,1315.31,219.89,613.98,152.06,227.16,230.7,91.5,560.66,,25.3,122.27,497.1,271.86,342.75,316.36,40.52,119.13
648,06/07/2023,301.73,221.25,42.14,252.23,304.9,372.56,50.7,83.27,261.79,67.69,350.79,173.58,203.45,39.96,134.9,100.56,119.71,460.13,83.48,80.48,76.08,273.53,78.82,75.26,504.69,450.7,202.33,61.39,208.57,307.24,189.450171821306,384.62,0.6,82.89,284.06,1327.64,278.8,738.63,114.86,207.93,277.97,82.25,520.78,,38.99,137.49,482.13,324.65,257.14,344.72,39.39,133.07
649,06/08/2018,346.67,184.3,74.78,226.185365853659,303.29,299.59,31.95,53.35,177.81,59.905,232.21,86.09,114.12,40.14,109.72,71.05,23.25,228.3,47.6066666666667,,71.91,105.39,38.34,56.5647058823529,297.89,219.72,282.03,70.01,104.6,161.533333333333,160.618556701031,145.37,1.35,87.18,87.67,594.86,96.51,308.1,78.3,106.57,178.95,39.9325,217.02,,,115.3,250.68,150.55,205.32,96.75,42.96,111.165048543689
650,06/08/2020,289.75,225.75,88.78,241.209756097561,301.26,456.54,39.11,59.31,215.84,67.18,320.3,102.3,185.04,75.33,116.8,87,92.155,300.59,76.95,,76.97,118.04,53.11,66.96,398.1,309.67,358.81,94.58,150.0,197.566666666667,156.735395189003,164.68,4.45,101.33,171.77,848.66,180.95,604.04,105.31,165.43,206.0,63.75,349.88,,37.08,111.21,309.48,265.01,208.22,207.66,51.17,132.52427184466
651,06/08/2021,589.76,236.82,81.09,233.414634146341,395.37,581.66,42.02,58.84,245.92,71.55,372.36,117.9,343.02,104.12,127.52,119.47,97.4875,391.9,96.98,,67.51,209.84,60.52,77.7,422.33,561.31,433.87,84.81,234.82,277.89,223.719931271478,191.93,3.91,121.8,252.24,1266.04,278.27,506.42,139.72,195.71,249.74,106.2575,441.0,,49.88,159.67,401.74,211.13,323.09,330.3,65.72,152.95145631068
652,06/08/2022,273.13,245.48,72.85,254.85,206.73,534.71,39.11,53.55,260.78,82.6,344.06,146.42,236.9,110.83,135.55,93.35,76.4725,498.3,96.29,,62.38,205.73,75.65,83.49,450.52,371.97,233.53,74.99,220.71,218.6,203.917525773196,315.02,0.908,96.04,283.45,1294.32,219.41,607.76,149.2,227.86,226.67,91.1125,552.06,,25.83,120.41,493.53,274.54,338.74,312.01,40.0,118.53
653,06/08/2023,306.76,220.76,41.34,249.5,308.88,359.49,51.07,85.33,264.51,67.62,349.79,176.45,203.17,39,135.67,100.08,121.13,466.26,83.96,77.75,78.4,273.49,78.18,74.94,509.83,453.0,202.72,61.51,206.19,310.82,189.639175257732,389.22,0.6,83.1,287.34,1295.51,281.34,750.12,111.45,206.21,276.77,79.29,515.25,,40.26,137.89,490.23,332.58,249.96,349.75,38.71,135.29
654,06/09/2020,279.71,224.9,87.01,231.492682926829,293.74,459.94,38.26,57.65,214.5,65.67,303.23,99.9,180.33,74.83,116.74,84.5,95.125,291.01,74.96,,77.59,116,52.75,61.16,390.18,303.0,357.78,93.0,146.8,194.84,153.72852233677,161.19,4.093,99.11,175.09,815.48,181.87,608.59,102.44,161.56,200.7,63.1275,347.65,,36.59,109.22,309.21,270.85,197.38,206.29,48.51,130.233009708738
655,06/09/2021,585.5,239.52,82.35,237.414634146341,406.94,581.16,42.33,58.56,242.01,71.66,372.41,117.4,345.91,107.3,127.5,120.44,97.5075,385.96,97.08,,68.65,208.31,61,77.6,422.75,566.66,433.94,86.2,239.38,280.08,222.671821305842,190.55,3.88,123.11,248.35,1269.09,272.93,521.85,141.4,195.54,253.13,107.29,448.21,,49.14,159.47,401.1,213.56,328.0,335.93,65.69,153.611650485437
656,06/09/2022,262.55,241.75,72.03,248.37,202.22,520.81,37.97,52.35,257.58,80.02,337.07,143.96,225.71,109.84,134.89,93.61,74.1125,486.2,93.64,,61.18,201.26,73.68,82.24,449.62,359.7,224.47,72.78,216.65,209.95,197.414089347079,312.03,0.91,93.2,276.99,1254.54,219.31,575.48,146.45,221.59,218.97,88.86,539.82,,25.44,117.99,489.43,259.7,336.98,304.54,39.1,115.03
657,06/09/2023,304.44,218.76,41.97,251.5,308.88,361.03,51.28,86.77,265.88,69,346.15,178.22,197.68,38.81,134.55,97.48,124.34,470.17,84.1,77.1,78.12,271.79,77.76,74.86,513.34,450.87,200.53,61.04,206.59,312.76,186.915807560137,393.91,0.582,83.73,284.34,1292.06,283.09,746.52,111.09,206.98,280.64,78.43,518.18,,40.99,136.38,493.62,334.11,249.28,348.28,38.42,136.01
658,06/10/2019,315.03,175.58,78.17,234.351219512195,228.4,291.62,41.45,44,156.55,54.97,322.61,84.77,130.59,48.81,99.67,47.99,34.61,282.14,61.7433333333333,,66.12,130.27,48.05,70.74,249.67,268.47,337.12,76.8,139.72,169.906666666667,143.848797250859,132.75,1.268,97.75,152.55,806.79,112.4,304.25,93.73,140.9,196.12,53.03,283.76,,42.61,123.58,248.14,172.84,210.48,119.96,57.1,118.165048543689
659,06/10/2020,267.56,227.12,86.84,231.356097560976,295.25,468.84,37.49,55.47,209,64.41,298.63,96.95,181.71,74.63,114.31,82.9,96.2925,288.54,73.28,,77.07,110.09,52.01,58.82,392.51,321.89,359.05,93.04,147.19,195.126666666667,150.429553264605,154.39,4.09,97.55,178.84,812.61,186.2,606.59,103.02,159.64,201.15,65.5,352.8,,34.83,102.45,305.75,274.34,194.56,212.87,46.51,130.378640776699
660,06/10/2021,612.15,244.64,84.09,239.424390243902,414.71,602.97,42.84,60.01,239.65,71.02,374.12,120.94,354.78,108.87,128.18,121.8,99.745,384.43,99.94,,69.29,210.1,62.3,78.58,420.96,580.53,450.67,87.53,242.8,286.38,224.235395189003,195.51,3.93,124.74,250.84,1300.39,281.6,532.04,146.11,198.23,256.66,108.95,464.91,,49.55,159.53,401.49,216.77,333.77,343.78,66.07,154.621359223301
661,06/10/2022,257.06,240.01,73.12,249.33,197.5,506.32,37.23,53.46,253.29,79.51,332.35,144.45,219.5,106.67,131.25,93.16,73.4625,482.83,93,,60.74,196.72,71.73,81.43,444.19,345.89,204.19,70.4,207.37,205.27,192.929553264605,313.34,0.95,92.74,276.41,1200.44,221.21,571.81,141.9,220.89,216.4,83.6375,526.88,,23.72,114.75,484.63,254.88,329.71,293.51,38.22,113.38
662,06/11/2018,348.44,184.61,75.19,226.89756097561,306.68,301,34.32,53.81,180.95,60.97,221.97,87.28,115.86,39.67,111.65,72.11,23.7525,232.33,48.7566666666667,,71.83,106.44,38.44,57.0980392156863,301.49,221.07,284.13,69.36,104.17,163.57,162.328178694158,145.21,1.35,86.59,90.84,592.28,98.42,311.95,78.95,106.82,169.78,40.23,217.34,,,116.74,253.78,148.63,206.66,97.27,43.4,110.883495145631
663,06/11/2019,308.88,174.62,77.65,231.239024390244,229.08,296.14,41.17,44.64,156.36,54.16,324.09,84.72,131.32,49.69,98.92,48.23,34.6325,283.45,61.8666666666667,,66.1,128.04,47.76,71.12,243.21,263.93,335.89,75.56,139.43,168.853333333333,143.135738831615,132.6,1.284,97.56,152.06,804.85,109.77,306.84,93.12,140.45,194.81,53.165,285.05,,42.45,123.0,245.87,172.0,207.89,120.69,57.27,116.970873786408
664,06/11/2020,238.28,218.9,83.57,224.575609756098,283.22,438.64,35.05,52.49,191.56,60.26,278.55,93.51,174.48,68.65,110.93,79.95,90.6775,264.54,68.06,,72.84,101.11,50.46,55.82,373.54,298.81,336.92,90.81,138.64,182.61,140.506872852234,146.56,3.81,90.87,168.96,761.57,180.98,596.16,96.51,149.33,183.54,60.5075,336.44,,31.1,94.9,283.73,263.89,181.55,203.77,43.37,117.611650485437
665,06/11/2021,611.54,242.77,82.24,236.721951219512,396.64,601.68,42.91,59.31,241.85,70.81,375.19,119.84,352.09,109.05,127.29,122.27,100.0475,383.87,99.99,,68.77,211.69,63.39,78.9,419.18,584.47,453.17,82.58,243.44,288.09,222.121993127148,195.5,3.8,123.78,248.39,1325.48,282.45,525.55,146.81,198.53,255.79,110.985,465.15,,50.01,160.38,397.89,193.02,336.58,345.33,65.57,153.669902912621
666,06/12/2018,354.25,185.07,75.35,227.941463414634,306.19,300.79,33.84,53.55,178.82,61.855,228,88.04,115.96,40.21,111.01,71.76,24.695,231.68,49.5066666666667,,71.68,106.31,38.78,57.2313725490196,305.91,222.34,292.07,70.58,104.95,164.973333333333,162.353951890034,145.54,1.35,86.69,95.16,595.14,99.96,309.53,79.39,106.06,162.54,40.5475,217.95,,,116.01,253.58,150.99,208.95,98.37,44.18,110.825242718447
667,06/12/2019,312,175.6,77.97,231.190243902439,230.43,297.31,40.8,44.22,156.07,53.69,328.12,85.38,132.86,49.52,99.5,48.08,36.3175,281.1,61.6,,66.78,126.73,48.15,71.63,246.08,265.05,339.15,75.8,139.9,167.306666666667,143.015463917526,134.02,1.279,97.53,147.91,808.46,115.85,306.16,93.32,142.39,197.15,53.8575,285.22,,42.17,123.91,244.5,170.63,204.36,122.19,56.9,117.174757281553
668,06/12/2020,251.4,217.9,83.97,225.248780487805,279.27,448.85,35.35,52.89,190.02,61.94,288.4,94.87,179.6,69.57,110.6,78.25,92.5575,265.74,67.98,,73.2,100.55,50.15,56.63,378.72,302.83,341.61,92.07,138.82,186.136666666667,144.09793814433,148.25,3.9,93.21,169.89,764.42,180.56,588.39,97.14,151.82,187.79,61.4325,339.76,,32.24,95.58,285.15,268.56,185.56,200.73,43.38,121.543689320388
669,06/12/2023,311.29,217.36,42.71,250.71,313.41,375.91,51.2,87.18,266.99,69.18,355.98,179.32,205.48,42.78,135.74,97.09,126.91,472.88,85.57,78.27,77.86,276.24,78.46,75.54,513.23,460.48,208.14,62.1,211.9,313.64,192.912371134021,395.27,0.58,84.28,288.67,1316.97,284.09,754.01,113.5,207.89,279.92,78.66,523.69,,41.74,136.23,492.59,340.6,256.93,357.39,38.7,135.55
670,06/13/2018,363.49,183.68,74.58,226.59512195122,306.91,301.06,31.73,54.2,176.18,62.335,226.83,90.66,113.87,40.26,110.67,70.97,24.705,236.3,50.66,,71.29,105.68,38.74,56.7294117647059,306.41,222.58,287.24,70.54,103.36,163.49,161.297250859107,149.52,1.35,85.84,95.87,593.0,101.93,308.28,79.02,105.37,166.6,40.65,216.35,,,115.18,252.87,151.94,209.75,98.73,44.51,110.660194174757
671,06/13/2019,311.07,176.71,78.21,231.258536585366,231.26,298.74,40.66,45.27,158.11,53.74,324.56,86.44,131.97,50.32,100.86,49.03,36.58,285.1,61.5466666666667,,66.99,127.38,47.68,71.39,254.73,267.16,341.28,76.37,141.08,168.533333333333,144.338487972509,134.84,1.58,97.5,148.08,797.01,116.89,307.42,93.11,141.83,196.78,52.81,286.24,,44.31,123.95,244.96,168.89,204.01,121.9,56.97,116.300970873786
672,06/13/2022,244.01,236.77,71.57,241.85,192.16,481.53,36.41,51.49,242.23,75.7,320.15,141.52,210.68,103.35,127.79,89.71,68.06,462.89,88.55,,59.15,185.77,68.55,78.82,426.28,336.2,194.31,67.75,200.3,194.97,185.970790378007,306.99,0.835,90.17,262.19,1172.75,203.5,549.3,137.87,211.23,207.1,81.245,511.91,,21.57,109.56,469.7,245.39,320.45,283.87,36.74,110.1
673,06/13/2023,322.02,221.99,43.47,251.5,304.6,374.86,51.16,88.02,272.25,69.47,359.18,179.79,208,43.85,136.71,98.24,125.95,468.63,87.4,77.79,78.45,279.85,78.97,76.01,512.63,468.47,206.84,61.95,215.13,315.45,196.735395189003,397.0,0.62,85.75,290.85,1318.74,281.48,767.35,114.9,207.59,281.74,76.73,526.05,,41.41,140.97,491.31,342.1,263.27,357.82,39.07,136.83
674,06/14/2018,366.27,185.79,75.41,227.141463414634,305.68,303.7,32.51,54.62,175.33,61.75,235.15,93.35,114.47,41.54,110.94,71.04,24.6325,241.74,50.52,,71.15,106.01,40.23,57.1607843137255,304.43,226.08,290.16,73.64,103.16,165.173333333333,161.408934707904,150.0,1.35,86.57,96.24,592.7,99.1,315.67,78.34,106.63,168.75,41.015,216.55,,,114.59,255.33,154.99,200.27,100.02,44.89,111.533980582524
675,06/14/2019,305.7,176.08,77.93,228.448780487805,227.67,298.43,40.42,44.16,158.41,53.55,323.1,85.05,129.41,49.69,101.03,48.88,37.01,285.32,61.31,,66.36,126.63,47.84,71.28,251.83,267.74,344.0,77.71,141.3,165.513333333333,142.946735395189,133.13,1.695,97.5,144.93,791.06,115.09,305.24,92.94,140.43,195.47,52.085,285.26,,43.23,122.75,245.37,170.22,203.2,120.68,56.77,114.029126213592
676,06/14/2021,605.77,241.19,82.77,236.8,406.14,606.67,42.54,58.33,239.59,68.78,376.54,118.73,355.33,109.58,128.04,121.56,102.2725,383.51,100.96,,68.15,207.86,63.39,77.43,415.12,592.36,452.14,82.64,244.47,290.93,223.221649484536,192.91,3.88,124.15,243.61,1351.84,283.95,528.75,147.15,198.37,255.69,112.3425,470.07,,50.77,156.37,399.16,194.8,336.18,345.14,64.67,152.961165048544
677,06/14/2022,238.08,235.7,67.48,236.32,194.18,469.96,35.24,51.11,245.71,76.23,314.92,141.21,209.5,104.29,127.07,89.97,69.31,460.4,86.5,,57.79,179.28,67.87,75.0,423.93,328.99,189.41,66.18,200.88,191.1,183.72852233677,306.52,0.801,88.48,261.69,1157.63,205.55,548.35,138.14,203.67,200.58,81.045,507.45,,21.09,104.87,461.75,249.08,321.49,280.61,35.59,105.27
678,06/14/2023,322.46,222.28,43.45,253.33,299.99,370.87,53.31,86.97,263.77,64.65,362.74,179.05,207.42,42.09,136.25,97.48,127.06,436.33,90.53,78.53,77.95,284.2,78.22,74.81,455.0,466.97,204.84,61.44,212.72,323.07,195.0,391.25,0.61,87.91,275.49,1315.57,283.59,771.11,115.4,213.12,293.57,74.87,520.12,,41.27,146.19,459.86,340.96,262.08,354.69,38.06,142.01
679,06/15/2018,362.66,185.01,75.22,226.49756097561,305.03,303.88,32.96,54.75,175.05,61.885,237.03,94.85,117.25,41.47,111.31,73.47,24.93,245.16,50.8366666666667,,70.23,106.51,40.43,57.4823529411765,306.95,227.9,288.75,73.96,103.28,163.496666666667,162.723367697595,150.0,1.35,86.78,95.44,589.0,97.39,315.3,77.84,106.07,168.38,41.395,215.8,,,115.48,255.98,155.02,201.25,101.03,44.94,110.077669902913
680,06/15/2020,258.8,219.78,83.78,228.439024390244,278.49,453.88,35.87,53.46,187.13,61.98,290.35,96.21,179.74,70.32,112.78,78.53,99.6875,262.33,68.96,,73.97,103.54,52.4,58.18,378.85,309.22,348.43,93.51,139.57,190.426666666667,146.486254295533,151.72,4.05,93.62,166.19,773.79,184.8,590.57,98.27,153.85,188.48,63.59,340.82,,32.67,100.53,286.28,267.77,188.12,209.37,43.89,123.427184466019
681,06/15/2021,600.05,239.85,81.95,235.551219512195,396.08,609.27,42.75,58.27,239.08,70,376.87,119.03,354.36,108.47,128.17,123.64,101.275,384.97,100.28,,68.09,209.56,62.46,78.4,424.66,592.26,451.81,82.76,246.77,290.786666666667,223.737113402062,194.26,3.76,125.17,247.88,1358.42,277.75,527.49,148.11,198.22,256.68,110.3275,470.08,,49.3,156.61,400.28,188.97,341.8,344.84,65.89,153.728155339806
682,06/15/2022,243.78,235.58,67.83,236.79,197.26,480.44,36.03,51.04,247.1,77.46,315.34,142.31,212.89,104.96,128.78,90.15,71.51,462.88,88.78,,58.39,181.69,68.32,74.97,433.22,333.94,193.63,68.55,202.13,196.13,188.109965635739,307.68,0.83,89.35,260.34,1167.25,204.29,561.19,140.41,202.28,202.51,82.665,514.76,,22.03,105.44,464.33,253.51,324.26,289.89,35.36,106.97
683,06/15/2023,333.19,228.44,44.46,256.16,297.83,379.06,53.98,89.16,269.49,66.12,367.57,181.89,208.97,43.59,137.2,97.28,130.98,451.73,91.29,79.1,79,285.89,81.04,75.79,463.85,481.42,209.94,62.58,216.78,328.27,198.07560137457,400.07,0.62,88.25,283.81,1336.29,287.13,783.07,117.67,213.53,295.65,76.61,535.11,,43.36,147.8,465.89,349.08,268.09,359.8,38.39,142.58
684,06/16/2020,264.79,226.87,84.99,230.692682926829,282.12,455.01,36.7,54.5,193.02,64.08,300.1,99.11,180.31,71.62,113.87,78.97,98.25,267.43,70.21,,74.62,104.26,52.83,59.79,378.0,312.49,355.04,95.53,141.04,191.69,149.243986254296,156.32,4.11,95.55,172.71,784.05,183.89,592.9,98.88,154.9,191.47,62.7175,347.22,,33.49,102.0,293.0,273.77,189.41,210.48,45.18,127.242718446602
685,06/16/2021,599.6,239.58,81.77,234.419512195122,391.31,612.26,42.78,57.5,236.99,72.62,381.53,118.36,352.92,107.79,127.46,122.78,100.9375,378.45,100.14,,67.33,206.76,61.89,77.42,428.12,593.52,445.41,83.12,244.23,290.473333333333,222.585910652921,191.42,3.75,125.02,243.34,1349.92,279.49,523.58,148.85,198.84,256.4,110.635,468.42,,48.89,154.15,397.25,187.49,343.07,346.11,65.52,153.427184466019
686,06/16/2022,229.82,230.71,65.29,234.74,191.53,470.38,35.51,50.48,248.3,76.64,305.16,140.96,205.11,100.8,127.98,87.94,67.99,454.76,87.73,,57.72,171.56,67.12,73.17,423.21,327.37,187.77,68.04,196.45,190.71,187.405498281787,304.02,0.798,87.4,254.73,1118.52,198.33,556.75,137.54,195.07,195.7,80.6675,504.89,,20.47,101.47,456.09,250.96,318.09,282.69,34.74,103.24
687,06/16/2023,330.29,229.66,45.36,258.63,297.48,376.56,54.32,91.25,268.83,65.66,367.41,183.01,209.99,44.11,138.6,97.62,130.1,443.21,91.94,78.65,78.86,290.08,81.2,78.02,445.65,483.03,205.87,63.23,216.02,329.36,201.262886597938,406.2,0.608,89.15,278.02,1321.97,284.5,783.05,119.26,213.61,294.35,78.49,537.3,,43.52,148.62,458.49,347.89,269.2,362.04,39.73,144.1
688,06/17/2019,288.68,178.39,78.85,228.478048780488,231.78,302.21,40.68,44.46,159.11,55.01,324.49,85.34,130.78,50.57,101.94,49.25,37.585,287.45,61.5833333333333,,67.1,128.17,47.79,71.42,254.77,268.25,351.11,81.84,141.45,169.05,142.723367697595,133.83,1.54,97.32,146.59,791.41,116.43,310.98,93.38,142.65,196.39,51.8075,285.93,,43.78,123.42,245.97,173.78,204.5,120.66,56.66,114.300970873786
689,06/17/2020,262.21,225.97,85.1,231.482926829268,281.46,455.49,36.89,53.66,191.8,63.53,302.53,100.15,178.15,71.27,113.7,78.24,100.795,265.72,69.83,,73.76,99.1,52.64,59.77,380.0,316.21,360.66,96.28,138.92,192.83,146.237113402062,154.45,3.95,95.48,168.8,782.37,193.83,603.1,98.6,154.94,189.56,63.845,349.85,,33.29,96.86,292.6,280.09,188.5,211.25,44.75,124.339805825243
690,06/17/2021,613.33,240.76,81.15,234.390243902439,383.52,617.6,43.35,57.39,236.69,74.31,381.88,118.11,357.78,110.56,128.09,123.61,103.1125,377.81,100.99,,67.22,207.21,62.86,76.69,428.94,604.2,455.35,83.13,246.3,295.003333333333,223.522336769759,189.4,3.7,125.21,249.78,1368.05,284.79,536.01,149.69,200.28,259.55,111.2975,486.08,,49.7,151.88,397.35,188.36,346.56,352.03,65.11,155.718446601942
691,06/17/2022,234.47,234.72,63.83,235.33,201.74,463.67,36.01,50.7,244.52,76.32,304.94,140.68,204.13,102.51,130.64,89.48,68.81,444.32,87.79,,58.53,173.1,67.88,73.9,428.44,328.05,187.29,71.27,196.95,192.08,194.347079037801,300.57,0.791,88.22,251.75,1097.8,200.8,580.95,134.91,192.78,194.09,81.7875,500.9,,21.81,103.79,452.06,263.09,310.83,282.82,35.33,102.65
692,06/18/2018,370.1,183.95,74.3,225.453658536585,289.12,301.46,32.29,53,173.93,62.52,234.6,91.57,116.56,41.12,110.35,72.91,25.2225,244.04,51.0366666666667,,69.06,105.95,40.24,57.1764705882353,305.1,226.25,288.85,72.02,104.88,163.556666666667,159.716494845361,146.04,1.286,86.25,96.54,585.31,96.91,315.61,77.53,107.54,170.25,40.92,212.82,,,115.16,254.87,151.69,198.69,101.5,44.72,108.582524271845
693,06/18/2019,290.06,181.61,80.56,230.790243902439,233.01,307.21,40.94,44.54,159.84,55.26,324.19,85.45,132.76,50.48,100.57,49.74,38.135,288.33,63.1033333333333,,68.2,129.06,48.3,72.04,257.96,269.72,347.85,84.28,145.66,172.426666666667,142.689003436426,133.47,1.275,97.96,145.85,804.0,118.6,306.63,94.49,142.92,198.18,51.8725,289.2,,43.86,123.93,245.7,177.94,208.04,121.35,56.84,114.679611650485
694,06/18/2020,264.61,230.32,83.85,230.468292682927,260.3,454.18,36.68,53.11,189.98,63.95,301.9,100.25,178.56,70.79,111.09,78.13,100.4775,265.53,69.98,,74.04,100.1,53.07,59.37,379.07,313.02,362.92,97.36,138.12,195.18,144.699312714777,153.42,3.75,94.43,171.17,782.74,189.5,597.35,97.99,153.36,190.02,63.475,347.44,,33.4,97.77,291.48,279.19,193.6,212.65,44.17,123.728155339806
695,06/18/2021,601.64,238.68,80.82,234.673170731707,388.44,622.8,43.02,56.05,231.97,71.69,383.96,114.42,353.7,108.61,127.5,121.63,104.5725,369.21,100.71,,66.61,201.36,62.61,75.02,423.5,601.05,456.16,83.96,239.66,292.953333333333,223.530927835052,184.89,3.71,123.23,239.54,1352.87,280.55,537.92,150.69,199.12,254.91,107.975,482.47,,49.7,146.71,389.37,187.85,342.71,352.29,63.18,153.893203883495
696,06/19/2018,365.24,186.19,74.17,224.409756097561,292.04,299.87,31.92,54.1,173.36,62.135,233.54,92.17,115.97,41.84,110.67,72.97,25.2025,244.49,51.2,,70.94,105.52,39.75,56.7843137254902,299.81,225.38,285.74,72.98,105.95,162.866666666667,160.919243986254,146.74,1.286,86.61,96.86,581.06,95.19,327.07,76.35,106.75,169.73,40.89,209.93,,,115.08,253.02,154.5,195.02,101.7,45.01,108.553398058252
697,06/19/2019,296.84,182.77,81.31,232.429268292683,233.89,307.93,41.66,45.04,160.2,55.46,331.51,86.06,137.44,50.59,101.92,51.27,38.445,291.07,63.6633333333333,,68.26,130.1,49.06,72.06,256.79,274.28,351.94,84.87,154.24,173.98,145.618556701031,134.93,1.093,98.75,146.37,817.04,120.73,310.83,95.8,145.05,200.49,52.7825,292.78,,44.86,125.28,250.19,181.75,210.39,121.83,57.75,115.893203883495
698,06/19/2020,260.91,238.7,84.49,231.79512195122,271,451.96,36.59,53.81,191.4,64.22,299.12,102.15,177.19,71.22,108.27,79.55,102.34,266.43,70.24,,77.47,97.53,55.16,60.42,380.76,314.67,368.77,105.4,136.08,195.843333333333,139.475945017182,156.7,3.93,93.91,179.75,795.24,199.52,643.92,98.36,152.24,187.11,64.4275,352.73,,32.3,96.7,291.24,293.27,190.37,216.59,43.62,122.543689320388
699,06/20/2018,364.7,186.51,73.33,224.507317073171,296.86,296.76,32.23,54.25,175.72,62.875,231.84,93.23,116.93,42.52,110.72,72.44,25.1625,243.95,51.3,,71.46,107.79,39.75,56.4,300.25,224.98,287.65,73.43,105.61,162.483333333333,160.798969072165,147.5,1.195,86.13,98.0,579.65,98.15,336.93,75.47,106.97,169.54,40.75,208.8,,,116.41,252.81,157.63,192.94,101.88,45.13,108.825242718447
700,06/20/2019,295.67,184.08,82.04,239.141463414634,234.97,309.07,41.86,44.77,159.75,55.38,327.44,85.56,139.19,50.28,100.34,52.41,38.915,291.23,64.29,,68.57,128.08,49.21,70.94,258.83,272.88,358.57,86.57,154.52,177.683333333333,144.321305841924,134.45,1.012,99.26,146.44,821.39,119.55,320.48,96.06,145.33,203.28,53.555,293.34,,43.86,124.36,247.76,182.17,211.83,122.22,57.43,116.223300970874
701,06/20/2023,331.43,228.59,44.94,256.47,293.79,370.75,54.04,91.24,270.05,65.92,369.13,184.49,209.53,44.26,138.04,97.91,129.97,437.93,91.91,78.9,77.71,285.3,82.04,77.89,446.71,482.22,202.13,61.75,214.93,327.83,198.857388316151,410.33,0.56,88.94,278.81,1283.8,288.71,781.21,116.09,213.59,297.8,77.43,527.4,,42.17,149.12,469.39,342.69,263.27,366.11,39.22,143.66
702,06/21/2018,359.6,185.99,73.74,227.551219512195,297.34,299.84,32.15,53.54,175,62.305,233.98,93.21,115.73,41.82,111.18,72.08,24.935,243.08,50.7266666666667,,71.52,107.57,39.57,56.5176470588235,298.67,221.91,286.05,72.49,104.73,162.36,161.151202749141,146.46,1.195,86.3,98.68,576.33,96.82,329.04,74.19,106.82,169.81,40.2925,206.54,,,115.53,251.89,156.57,192.99,100.92,44.57,108.26213592233
703,06/21/2019,283.56,187.11,82.41,241.268292682927,239.09,304.57,41.69,44.7,161.15,56.37,328.87,84.46,138.26,53.24,101.28,53.09,37.7,293.76,64.41,,69.38,128.23,49.07,69.88,270.21,273.93,361.56,88.7,158.67,175.743333333333,146.735395189003,133.06,1.254,99.38,150.8,830.11,119.77,320.26,95.35,144.92,202.72,52.5775,294.46,,44.0,125.31,252.28,183.97,212.81,122.04,58.88,114.844660194175
704,06/21/2021,611.54,240.24,81.51,234.956097560976,380.91,625.67,43.6,56.68,236.48,72.17,389.44,116.62,360.59,109.75,129.43,124.36,105.7575,376.41,102.84,,67.35,208.09,63.17,76.39,435.55,606.63,461.05,84.93,243.45,298.0,227.946735395189,188.72,3.74,125.54,246.4,1364.55,281.58,534.27,152.43,201.36,259.73,110.0525,483.56,,48.12,151.85,398.07,187.7,342.44,357.59,64.99,158.718446601942
705,06/21/2022,230.31,238.41,64.02,236.53,206.89,475.09,36.3,51.49,252.18,80.86,303.97,143.26,208.58,103.99,131.93,76.05,70.46,460.76,89.34,,60.51,173.87,68.2,74.53,448.98,332.03,183.24,73.14,198.77,194.32,197.199312714777,309.38,0.846,88.71,258.58,1097.57,204.77,587.67,135.64,195.18,195.7,82.325,513.54,,21.76,102.96,480.32,270.17,308.51,288.53,35.18,102.23
706,06/21/2023,330.71,227.04,44.84,257.31,294.36,366.47,53.96,91.99,273.83,66.01,370.71,185.83,206.31,43.49,138.66,97.68,127.86,445.03,91.09,79.62,77.61,286.98,81.43,79.68,452.71,485.82,199.87,61.89,213.83,323.74,200.154639175258,414.46,0.539,88.32,283.0,1291.92,289.08,778.77,115.31,212.07,297.57,76.65,525.95,,42.66,149.75,476.75,343.28,264.48,368.9,38.97,142.89
707,06/22/2018,353.27,185.15,74.32,231.80487804878,296.04,298.32,32.62,53.98,174.08,62.8,237.23,93.5,116.21,41.54,112.04,71.95,24.89,244.82,50.9566666666667,,71.07,106.74,40.46,58.5803921568628,299.98,222.9,282.65,74.03,103.84,161.07,162.482817869416,148.88,1.195,86.81,101.48,582.31,97.37,331.97,74.36,106.48,172.0,40.365,208.75,,,115.01,254.37,159.19,193.87,100.99,44.95,108.504854368932
708,06/22/2020,260.5,234.19,83.96,229.453658536585,264.29,456.49,35.97,53.82,190.38,63.1,296.47,101.73,174.99,71.68,109.91,78.95,101.5825,265.21,69.81,,75.67,98.32,55.21,59.5,379.81,325.29,360.48,108.93,137.53,196.32,141.838487972509,154.89,3.84,93.33,179.85,785.16,201.95,628.48,98.04,153.17,185.09,65.5575,352.16,,32.68,96.11,292.67,293.2,185.55,217.8,43.85,120.970873786408
709,06/22/2021,604.71,239.91,81.33,234.458536585366,374.4,624.82,43.83,56.69,236.01,72.2,390.74,116.69,364,110.01,130.24,123.2,106.8775,379,104.52,,67.05,209.84,64.02,76.42,435.73,611.64,465.69,85.09,243.98,300.653333333333,229.656357388316,190.1,3.73,126.73,246.29,1376.99,282.38,534.02,153.2,204.5,262.74,110.47,492.21,,49.05,151.33,398.69,188.87,345.62,360.09,64.36,161.533980582524
710,06/22/2022,235.09,240.14,64.75,237.27,207,479.98,37.03,52.59,255.9,81.87,301.4,145.02,209.82,105.32,134.34,80.58,71.52,465.75,90.79,,61.51,176.59,68.08,75.26,448.05,333.11,181.58,73.75,201.74,200.62,200.395189003436,311.05,0.976,89.25,260.55,1101.73,207.93,586.84,138.24,200.84,196.75,82.425,519.22,,21.5,104.91,489.68,272.31,312.0,288.83,35.53,105.31
711,06/22/2023,334.4,229.66,45.25,258.07,293.95,364.78,54.64,92.52,275.33,66.8,373.06,187.87,204.17,44.21,138.79,98.96,126.52,449.87,91.33,80.21,78.11,294.4,81.48,79.71,456.44,490.72,202.15,61.91,213.62,327.62,201.812714776632,417.21,0.531,87.41,287.43,1283.37,291.41,779.81,115.29,212.23,297.89,76.51,528.31,,42.81,149.95,479.05,348.16,260.27,368.67,38.89,144.58
712,06/23/2020,267.41,235.75,83.49,232.029268292683,268.19,451.78,36.25,53.48,192.31,63.77,299.98,101.5,175.01,71.37,106.96,79.2,101.725,268.99,70.74,,75.05,99.08,55.5,59.35,381.78,327.69,367.0,106.52,140.17,196.173333333333,139.407216494845,153.67,3.82,93.39,178.64,798.0,200.51,628.76,99.2,154.81,186.8,65.465,356.82,,33.05,95.54,297.6,295.8,185.57,217.54,44.77,122.291262135922
713,06/23/2021,605.82,238.71,80.93,234.360975609756,371.9,625.85,43.79,56.28,232.93,73.09,387.69,115.81,366.95,109.09,129.16,120.39,107.93,377.98,104.76,,66.65,206.15,64.47,74.47,438.46,615.88,469.13,85.13,242.31,301.806666666667,226.675257731959,188.83,3.47,125.49,248.49,1356.6,280.55,529.8,154.65,205.58,262.64,111.1075,494.02,,50.51,149.71,395.56,187.52,346.95,358.7,64.07,159.679611650485
714,06/23/2022,251.12,243.09,65.08,242.54,211.38,505.58,36.94,53.02,259.68,83.64,307.71,144.6,220.58,109.61,137.42,77.93,75.21,472.34,93.62,,62.58,177.44,70.55,75.76,454.64,355.62,193.55,74.78,211.54,204.5,205.85910652921,314.66,1.07,88.67,265.61,1132.4,218.97,607.39,144.31,202.44,200.06,86.325,540.6,,22.37,105.39,499.81,283.5,321.44,298.9,35.94,106.4
715,06/23/2023,328.83,227.11,45.04,256.55,284.52,365.8,53.97,91.72,274.85,66.33,372.78,187.67,207.81,44.06,141.49,97.73,126.75,450.4,90.34,79.82,77.47,295.4,81.46,78.9,445.95,487.78,201.67,62.45,214.06,327.26,201.743986254296,415.76,0.502,87.48,287.94,1288.25,287.85,779.73,115.97,210.81,297.88,76.62,524.21,,43.34,151.43,477.0,347.0,259.84,367.0,38.44,143.99
716,06/24/2019,282.16,184.83,82.27,243.882926829268,235.91,301,42.01,45.01,160.46,55.33,328.94,83.52,137.1,52.7,100.9,53.41,36.915,290.53,63.92,,68.84,131.09,48.52,69.92,267.28,275.01,357.74,86.92,157.43,175.266666666667,145.463917525773,131.13,1.199,99.16,147.33,825.97,117.72,312.55,95.48,145.3,204.48,51.46,295.55,,43.09,126.45,249.64,181.02,212.39,122.19,57.67,114.0
717,06/24/2020,257.65,232.51,82.47,227.131707317073,263.04,432.42,33.85,52.01,183.97,61.88,281.39,98.84,170.64,70.47,104.55,77.18,98.575,257.31,67.49,,75.93,93.73,53.67,56.18,371.8,319.38,358.94,104.33,136.47,184.986666666667,134.95704467354,150.56,3.9,88.93,172.88,784.04,192.11,605.04,95.97,149.04,176.3,63.1275,347.96,,30.46,89.3,289.18,291.18,177.36,216.51,42.86,114.776699029126
718,06/24/2021,617.39,240.95,81.4,233.970731707317,349.16,631.9,43.71,56.19,234.77,72.8,390.61,115.48,366.78,109.26,129.19,121.33,106.25,378.33,103.8,,67.18,204.43,65,75.14,440.73,614.93,468.07,86.13,240.89,301.523333333333,227.654639175258,188.98,3.27,125.09,249.66,1355.41,277.04,544.45,151.55,204.13,261.39,109.8775,495.36,,50.82,149.42,398.87,191.94,344.58,359.54,63.77,159.601941747573
719,06/24/2022,258.75,245.37,66.78,250.92,211.93,507.84,38.02,54.45,265.13,82.95,323.49,148.46,226.32,109.61,140.31,77.5,77.67,469.87,96.98,,63.08,182.33,70.93,77.29,456.81,361.48,193.93,78.19,213.8,209.67,208.384879725086,321.55,1.21,90.22,267.13,1146.9,227.73,612.49,145.53,207.89,204.43,88.19,544.81,,23.03,108.77,495.64,292.55,328.58,301.18,36.76,108.87
720,06/25/2018,346.3,185.36,73.59,229.024390243902,292.19,289.62,32.12,53.34,173.85,61.915,234,92.22,113.11,40.48,113.14,71.31,23.86,243.34,49.9966666666667,,71.14,105.22,39.64,58.4627450980392,299.83,217.49,274.46,71.73,100.81,157.826666666667,161.091065292096,146.07,1.195,86.74,101.18,570.47,91.41,327.11,72.87,105.0,170.28,39.5625,204.93,,,114.61,250.71,154.76,192.35,98.64,44.74,107.504854368932
721,06/25/2019,276.02,184.44,81.73,242.165853658537,240.29,301.47,41.72,45.75,160.08,53.91,329.98,84.28,134.08,53.16,101.03,54.27,35.88,285.18,63.9866666666667,,68.48,135.18,48.33,69.32,261.84,271.31,358.08,87.61,154.14,173.51,145.541237113402,131.8,1.2,98.9,145.35,833.7,116.06,312.9,94.51,146.07,203.8,50.86,293.53,,43.09,128.64,247.66,180.15,211.26,122.59,57.89,113.300970873786
722,06/25/2020,257.43,235.11,85.33,223.356097560976,262.63,437.24,33.89,51.87,185.48,63.36,276.61,100.67,173.6,73.29,108.3,77.5,99.5225,261,68.07,,75.49,93.35,54.57,56.4,376.13,327.39,366.25,105.95,137.8,185.036666666667,138.591065292096,151.29,3.74,88.86,174.73,785.38,193.44,619.96,95.93,149.15,175.61,64.5675,351.76,,30.58,90.44,296.22,295.15,176.16,223.36,42.82,111.941747572816
723,06/25/2021,614.98,242.68,82.19,235.317073170732,347.93,633.56,44.1,57.28,237.1,73.9,396.43,116.34,367.9,109.16,129.63,121.67,107.59,380.82,103.57,,67.88,207.62,65.89,75.01,441.71,620.64,474.66,86.83,245.34,302.783333333333,229.587628865979,191.34,3.29,124.93,254.65,1352.02,278.34,550.55,152.43,206.8,263.0,109.135,492.87,,51.73,151.18,404.95,194.34,337.78,360.06,64.18,161.019417475728
724,06/26/2018,352.42,184.59,73.14,233.658536585366,291.92,290.41,32,53.32,172.95,61.675,234.81,90.39,112.39,41.69,112.05,71.51,23.825,241.27,50.0766666666667,,70.25,105.34,39.81,58.7137254901961,296.79,217.34,275.51,66.73,100.7,160.926666666667,157.414089347079,144.93,1.195,86.86,99.41,573.8,92.8,327.23,72.82,104.75,172.25,39.2575,205.16,,,114.57,249.77,151.5,192.12,99.32,44.28,109.281553398058
725,06/26/2019,268.08,183.17,80.62,242.058536585366,238.07,303.02,41.39,45.63,156.91,52.02,328.43,83.78,137.04,52.97,99.72,54.84,35.3825,278.84,62.35,,66.68,133.66,47.55,68.89,261.95,269.89,356.37,85.63,155.63,171.24,144.475945017182,130.19,1.262,97.22,137.79,825.4,115.29,305.08,93.91,145.35,202.37,50.555,292.23,,42.5,127.07,243.47,177.66,211.05,121.72,57.61,111.233009708738
726,06/26/2020,263.14,232.84,84.31,227.873170731707,258.66,432.55,33.28,50.55,185.06,59.75,272.98,99.18,169.98,73.06,110.22,75.56,95.765,255.65,67.13,,74.57,92.48,53.52,56.67,374.64,324.86,360.08,101.43,135.99,183.283333333333,139.14089347079,148.21,3.876,88.77,169.09,772.3,187.2,611.36,93.93,148.33,173.76,64.1125,350.95,,29.61,89.34,286.88,286.14,174.76,222.45,43.12,112.067961165049
727,06/26/2023,331.46,224.73,44.71,256.49,281.58,365.54,53.5,92.29,276.41,66.36,373.68,187.76,206.3,43.82,141.39,97.08,124.62,448.77,89.49,77.8,76.56,294.87,81.07,79.73,446.4,481.82,191.88,62.94,213.82,325.16,202.903780068729,414.09,0.47,87.0,290.0,1279.9,296.74,784.38,116.71,212.0,296.84,76.79,522.03,,44.42,152.08,479.06,347.45,259.74,365.07,39.31,142.81
728,06/27/2018,342.78,183.53,72.55,230.926829268293,287.93,284.46,31.85,52.93,172.81,61.055,232.5,89.82,110.3,41.09,110.36,70.8,23.085,240.54,48.2533333333333,,68.64,104.18,39.33,57.8823529411765,298.79,212.74,270.58,65.46,98.7,158.796666666667,154.115120274914,144.66,1.195,85.49,98.06,564.3,86.65,336.61,72.1,103.2,169.16,36.5325,203.38,,,113.5,248.17,147.5,192.12,98.05,43.96,106.854368932039
729,06/27/2019,269.95,184.02,81.67,243.073170731707,239.77,306.8,41.93,46.61,157.89,52.44,331.57,85.63,140.12,53.77,100.53,55.41,36.4575,282.42,61.81,,67.08,134.1,47.71,69.15,264.6,272.05,356.5,84.72,156.63,172.586666666667,146.881443298969,133.92,1.189,97.48,141.34,833.55,116.61,310.67,95.0,146.54,202.54,51.5975,293.77,,45.13,128.15,246.34,178.58,213.47,123.58,57.63,112.019417475728
730,06/27/2022,250.17,244.85,66.71,250.1,213.57,507.69,37.82,54.86,267.88,84.57,322.07,149.22,225.49,110.87,138.56,79.44,76.6,482.58,96.81,,62.83,179.82,71.46,78.02,464.39,359.03,193.35,77.36,216.51,207.94,207.310996563574,326.24,1.318,90.47,274.56,1144.24,228.21,602.4,144.97,207.8,203.13,88.335,543.64,,22.86,108.19,505.66,287.32,330.24,304.82,36.73,108.51
731,06/27/2023,340.69,222.61,45.4,258.25,282.95,365.75,53.49,93.09,275.8,66.54,378.61,188.78,204.33,41.72,142.56,95.93,123.5,444.52,90.19,77.07,76.01,297.6,80.82,80.13,445.92,484.2,183.43,61.68,214.66,330.02,204.544673539519,414.73,0.438,87.15,290.74,1272.22,293.87,716.09,114.92,216.82,298.75,75.59,509.62,,43.83,156.37,482.56,347.12,257.74,369.34,39.91,144.81
732,06/28/2018,343.8,183.34,73.8,233.853658536585,288.75,288.26,32.5,50.37,169.76,61.89,234.79,86.1,111.22,41.26,110.22,70.15,23.5675,239.27,48.91,,70.33,103.09,39.42,56.9882352941177,296.99,217.47,275.54,65.76,99.19,161.236666666667,154.209621993127,135.8,1.195,86.33,98.52,572.68,87.99,341.82,72.39,103.46,168.97,36.7825,205.61,,,112.14,244.9,147.59,193.8,98.68,43.64,108.029126213592
733,06/28/2019,273.7,184.28,81.9,245.863414634146,233.87,312.59,42.98,47.1,157.55,52.44,336.89,85.26,141.9,54.21,101.81,56.26,37.46,282.21,61.58,,67.56,135.17,48.02,69.9,265.3,275.33,368.15,84.96,160.9,174.85,148.539518900344,134.39,1.13,97.39,143.14,840.0,119.38,313.0,96.34,148.88,205.58,52.1225,293.68,,46.38,130.39,244.01,183.38,215.24,125.15,58.36,114.31067961165
734,06/28/2021,621.52,242.84,81.65,237.756097560976,340.27,643.7,43.33,57.25,240.04,74.3,395.5,114.74,366.06,109.61,131.66,121.82,106.79,380.9,102.58,,67.7,206.92,67.47,74.33,444.88,631.9,481.5,85.61,243.39,304.136666666667,232.010309278351,192.06,3.2,123.74,254.03,1381.67,283.24,542.7,154.85,207.23,260.36,111.245,505.1,,51.11,148.32,401.46,197.82,343.96,363.2,63.22,158.932038834951
735,06/28/2022,241.92,243.51,65.25,244.53,202.51,495.16,37.5,53.82,266.21,84.33,314.08,143.19,217.5,107.14,136.46,81.3,74.7,473.09,94.73,,62.21,175.82,69.78,76.02,462.19,349.21,187.43,75.63,212.21,201.99,202.714776632302,321.55,1.2,89.2,272.23,1130.77,226.21,594.42,141.33,204.55,197.8,86.5025,535.77,,22.08,106.09,508.44,276.17,329.44,296.46,35.83,106.48
736,06/28/2023,345.07,221.31,45.08,259.02,284.02,364.38,53.45,93.81,274.74,66.1,380.5,189.72,205.74,40.33,141.92,97.64,126.42,437.11,90.44,77.19,76.18,299.52,80.21,79.94,444.83,491.34,184.51,60.95,219.22,332.98,204.415807560137,415.21,0.503,86.36,289.04,1275.41,294.54,700.03,117.24,216.89,300.28,76.09,510.15,,44.24,155.77,474.45,350.78,257.44,369.21,39.58,144.0
737,06/29/2018,342.14,184.59,73.84,233.717073170732,290.24,288.54,32.7,48.83,169.95,61.605,235.45,85.27,112.26,41.89,109.94,69.44,23.745,238.03,48.5233333333333,,70.84,102.6,39.75,56.9725490196078,297.63,217.94,279.29,67.0,99.82,159.493333333333,154.235395189003,133.4,1.195,85.61,97.94,578.63,85.7,344.99,73.23,105.01,168.86,36.9875,207.14,,,111.44,245.34,169.96,193.59,99.29,43.77,108.194174757282
738,06/29/2020,266.48,231.56,84.23,227.287804878049,260.35,432.34,34.65,51.97,187.55,62.59,270.93,98.99,169,71.94,110.42,77.21,99.55,259.27,67.89,,74.56,96.2,53.33,58.06,379.36,327.9,362.31,102.48,137.52,184.59,139.201030927835,151.77,3.67,90.26,171.6,785.24,186.97,610.87,95.73,149.68,177.52,63.4525,350.8,,29.63,92.27,289.76,285.18,176.62,220.13,43.91,113.495145631068
739,06/29/2021,612.8,242.46,81.86,240.868292682927,345.72,645.56,43.23,57.4,236.69,73.75,397.12,114.44,371.65,109.15,132.98,120.56,106.7,381.56,103.59,,67.93,205.88,68.85,74.0,442.29,637.08,479.18,84.7,244.09,306.906666666667,237.113402061856,191.8,2.97,124.54,256.83,1397.65,283.42,545.98,155.84,206.46,260.44,111.95,508.24,,50.76,146.24,398.1,196.78,345.15,360.0,63.25,156.485436893204
740,06/29/2022,242.15,245.43,65.81,249.34,205.23,496.07,37.8,53.69,267.34,84.94,317.71,143.58,219.46,106.15,137.61,81.46,75.45,485.57,96.03,,62.48,175.67,70.35,77.65,468.33,358.22,186.43,75.89,214.11,202.59,206.185567010309,328.06,1.19,90.42,281.46,1146.02,221.94,597.62,142.28,208.33,199.43,87.125,535.92,,21.47,107.24,515.71,280.35,329.6,299.52,36.39,106.55
741,06/29/2023,341.79,221.16,44.7,260.52,282.13,375.24,53.29,93.92,277.25,66.99,379.98,190.52,209.18,43.04,141.14,98.83,127.94,440.1,92.02,78.68,76.01,300.44,80.07,80.9,443.86,494.49,185.49,61.85,221.42,338.49,206.59793814433,420.88,0.524,86.77,294.77,1316.88,290.98,708.42,118.53,220.99,301.77,79.35,514.39,,42.58,156.51,476.44,348.18,261.95,377.36,39.51,145.15
742,06/30/2020,274.44,235.86,86.1,233.434146341463,267.55,451.49,35.11,52.19,187.65,63.55,283.64,100.77,174.35,73.3,113.96,79.14,101.35,262.98,69.11,,76.94,97.06,57,58.39,387.75,330.16,370.35,103.97,141.88,189.943333333333,142.70618556701,153.42,3.63,91.7,177.98,805.55,194.26,623.65,98.09,153.44,180.19,66.0175,362.34,,31.08,92.89,294.95,290.31,180.4,227.17,44.06,115.883495145631
743,06/30/2021,611,243.75,80.5,237.258536585366,346.27,644.29,42.76,57.09,237.07,72.93,396.27,114.49,369.92,108.12,131.97,120.43,106.75,381.8,103.57,,68.86,206.74,66.72,74.19,442.72,631.55,473.21,84.13,242.32,306.546666666667,236.984536082474,191.24,3.01,124.13,253.06,1385.34,274.51,558.54,154.41,206.3,259.73,112.565,504.47,,50.12,146.43,400.44,201.63,345.61,359.1,63.26,156.135922330097
744,06/30/2022,236.67,243.3,64.23,246.53,203.94,495,37.27,52.27,263.52,84.61,313.12,141.48,213.97,107.29,132.98,79.96,74.53,482.58,95.09,,61.81,168.06,69.3,76.74,468.07,350.73,184.36,75.97,216.99,200.71,201.340206185567,326.21,1.16,89.75,279.61,1148.77,217.94,591.13,142.22,206.15,198.93,86.66,543.28,,20.46,100.71,513.63,281.79,330.98,302.37,35.73,105.06
745,06/30/2023,353.64,222.02,45.56,264.01,284.85,379.12,54.09,94.57,280.6,67.45,383.43,192.43,210.25,43.36,140.56,100.47,128.51,444.29,94.33,81.24,77.07,303.48,80.97,81.1,447.13,502.23,187.49,62.25,224.77,341.94,207.328178694158,427.31,0.482,88.1,301.24,1311.64,288.34,718.54,118.79,224.98,305.09,81.63,521.75,,43.17,157.77,480.64,351.91,266.54,382.47,40.02,145.6
746,07/01/2019,271.68,186.35,81.43,248.341463414634,235.49,315.3,42.9,47.56,158.75,51.35,340,85.59,143.67,54.71,102.45,56.09,37.8575,282.72,61.7566666666667,,67.83,134.54,48.23,69.5,261.14,280.16,370.67,85.42,160.7,176.436666666667,150.36941580756,134.24,1.26,98.1,140.31,844.33,118.5,316.56,97.64,149.89,206.54,52.315,299.41,,44.27,130.07,242.64,181.84,219.18,124.73,58.32,113.893203883495
747,07/01/2020,273.84,255.12,87.31,235.639024390244,264.77,454.43,35.28,51.68,190.5,65.41,287.51,99.45,175.56,73.37,114.05,80.64,100.0525,268.68,69,,76.06,98.08,56.97,58.86,391.55,334.54,368.55,102.65,141.53,191.846666666667,143.496563573883,150.91,4.1,92.32,179.12,804.79,194.6,609.17,97.09,154.28,183.84,66.5025,359.77,,30.43,93.18,297.73,286.28,180.15,224.99,44.95,115.864077669903
748,07/01/2021,618.96,246.9,81.47,240.751219512195,348.92,657.71,43.36,57.94,238.3,73.66,403,116.44,372.64,110.85,132.95,122.33,106.71,383.82,104.81,,69.13,211.83,67.99,75.51,447.63,638.95,470.66,84.02,247.14,309.153333333333,238.823024054983,192.67,3.0,126.13,256.05,1381.13,278.59,574.62,154.6,208.95,262.7,113.4775,509.53,,50.59,149.51,404.89,202.21,351.18,363.01,64.03,158.388349514563
749,07/01/2022,247.34,245.55,65.49,251.8,210.63,502.34,38.01,53.1,268.03,86.21,318.51,143.14,218.83,107.02,136.68,83.11,77.63,485.98,97.39,,62.36,175.06,70.14,77.11,478.96,358.44,191.04,77.67,215.05,206.1,206.993127147766,329.53,1.18,91.38,282.9,1161.85,226.46,595.4,144.07,210.96,203.86,88.295,548.27,,21.34,105.97,517.4,287.32,336.89,307.74,36.2,107.27
750,07/02/2018,340.28,185.29,73.75,233.073170731707,295.77,289.28,32.83,49.15,169.03,62.03,236.3,85.72,112.11,41.82,110.21,69.48,24.6125,238.27,48.72,,71.28,103.19,39.63,57.521568627451,298.8,221.28,279.04,68.62,99.3,162.7,155.309278350515,134.88,1.195,86.03,98.71,570.8,86.0,351.14,72.59,106.69,169.96,37.055,205.57,,,110.98,247.48,169.61,193.78,98.69,43.98,108.563106796117
751,07/02/2019,270.9,186.64,81.71,247.668292682927,236.37,314.66,42.69,47.17,161.81,51.54,332.79,85.46,141.38,55.52,103.23,56.74,36.4175,280.66,61.5466666666667,,68.84,135.34,48.25,68.87,259.43,277.01,371.37,85.01,160.89,176.506666666667,151.357388316151,135.86,1.07,98.05,140.86,853.3,119.1,315.53,98.44,150.97,205.8,53.3875,301.11,,44.0,130.0,243.97,179.53,217.2,123.58,58.19,113.330097087379
752,07/02/2020,279.93,258.24,87.21,239.053658536585,265.12,458.36,35.38,51.8,190.49,66.52,290.07,100.09,176.92,72.74,116.04,81.05,101.8375,267,69.19,,76.35,97.97,57.86,59.07,391.89,334.76,373.1,106.47,141.52,193.493333333333,146.280068728522,152.73,4.3,93.16,182.05,814.7,201.11,622.45,97.94,154.01,183.94,67.295,365.89,,30.68,93.61,298.26,291.1,180.82,229.73,44.18,117.097087378641
753,07/02/2021,624.17,248.7,81.76,242.390243902439,348.72,666.72,43.92,57.88,238.03,73.88,407.75,116.62,374.22,111.12,133.32,122.44,107.8975,387.2,106.59,,69.3,214.85,67.71,75.97,451.77,648.2,474.73,83.58,249.15,312.72,238.788659793814,192.58,2.97,126.83,257.0,1401.15,281.34,583.64,155.57,209.63,265.42,112.3925,513.32,,51.71,151.14,409.36,200.54,355.49,365.74,63.89,158.757281553398
754,07/03/2018,338.68,185.71,73.07,234.614634146341,293.51,292.9,33.21,49.5,170.25,62.59,238.16,86.68,113.24,42.01,110.06,69.17,24.53,238.73,48.5133333333333,,71.33,103.87,39.52,58.0549019607843,300.85,218.82,280.77,68.28,100.61,161.86,154.561855670103,134.57,1.195,85.98,99.49,580.58,86.31,353.86,73.15,106.27,169.79,36.86,205.88,,,111.4,246.98,167.73,192.56,98.92,44.53,108.669902912621
755,07/03/2019,275,188.58,82.07,249.014634146342,238.27,319.17,42.63,48,164.83,51.35,335.26,87.59,142.37,55.92,103.97,57.4,35.84,282.78,62.4666666666667,,69,138.18,47.95,69.23,262.51,278.87,377.82,86.52,161.46,179.06,151.39175257732,140.74,1.15,98.81,142.53,872.45,119.59,318.39,98.79,153.05,208.15,54.18,305.43,,44.23,131.09,245.21,183.26,221.68,123.92,58.32,114.223300970874
756,07/03/2023,344.59,225.01,44.68,261.92,285.44,377.56,53.54,94.59,280.33,67.37,377.42,190.92,208.67,44.29,139.15,100.77,127.02,444.48,91.49,80.69,76.72,297.58,79.86,79.51,446.27,490.18,188.12,62.08,221.07,336.03,208.92,420.8,0.515,87.14,298.48,1312.14,283.43,718.09,117.74,219.14,298.0,81.14,519.11,,43.09,155.41,477.88,347.57,264.77,378.33,39.6,142.51
757,07/05/2018,341.38,187.36,73.8,236.273170731707,298.81,294.94,33.22,50.04,171.98,63.995,239.12,87.2,114.14,42.36,110.81,69.27,24.38,240.05,48.82,,72.81,103.48,40.24,58.8156862745098,306.16,221.84,280.49,69.29,100.4,162.463333333333,155.317869415808,136.04,1.102,85.91,100.39,583.97,87.4,360.95,73.78,106.67,171.33,37.0775,207.35,,,111.38,250.5,169.49,195.11,99.41,44.91,109.572815533981
758,07/05/2019,273.29,185.94,82.01,248,234.25,313.33,42.62,48.23,163.44,51.48,332.73,87.97,142.44,55.46,103.26,58.27,36.7475,284.06,62.7666666666667,,68.53,138.53,47.96,69.16,264.65,278.49,378.23,85.28,160.9,179.083333333333,152.731958762887,140.03,1.074,98.11,143.57,859.91,119.85,307.0,98.46,152.78,208.56,53.7025,300.65,,43.53,131.38,246.99,178.34,220.23,124.0,57.8,114.378640776699
759,07/05/2022,254.11,246.73,65.39,247.93,212.58,506,37.76,52.25,264.84,84.75,315.89,140.71,222.72,105.99,133.58,82.07,78.46,476.94,97.97,,62.34,172.58,70.19,76.15,472.92,366.87,193.02,79.25,215.31,206.75,206.176975945017,322.38,1.15,90.49,278.61,1175.47,231.68,596.56,144.56,208.73,202.02,90.575,545.07,,22.52,104.9,505.24,288.98,339.66,306.06,36.1,106.89
760,07/05/2023,336.82,225.88,45.14,260.3,285.89,377.33,53.25,94.63,280.75,67.44,377.3,190.65,206.92,44.76,138.2,101.36,128.07,443.03,90.96,80.65,77.24,298.35,78.83,79.43,444.99,492.46,187.03,62.99,220.9,333.89,209.44,418.79,0.489,86.87,300.5,1304.71,281.99,717.83,117.02,218.92,297.37,80.84,520.6,,43.66,153.65,471.22,348.32,266.56,377.03,38.89,142.36
761,07/06/2018,347.47,191.01,74.37,236.936585365854,357.48,297.92,33.61,49.94,172.1,64.58,242.7,87.97,115.78,43.23,110.49,70.22,24.7425,242.15,49.1766666666667,,75.21,105.22,41.09,59.4509803921569,309.02,225.53,286.13,70.83,101.71,165.153333333333,155.790378006873,137.88,1.102,86.63,100.48,583.77,88.74,369.59,74.32,108.62,173.11,37.6025,207.2,,,112.08,250.76,173.45,196.48,100.56,45.38,110.679611650485
762,07/06/2020,282.44,256.25,88.11,244.360975609756,269.8,465.46,35.59,51.74,189.33,66.63,285.2,100.72,181.8,73.53,118.37,81.22,105.795,269,69.53,,76.76,99.21,57.86,59.52,396.46,339.47,379.39,107.79,143.64,194.88,148.273195876289,151.51,4.0,93.21,182.94,823.45,204.68,627.25,100.09,153.65,183.9,67.4625,382.27,,32.52,94.82,302.81,291.31,184.36,234.15,44.64,114.631067961165
763,07/06/2021,604.67,243.65,81.07,243.268292682927,344.89,667.4,43.62,56.95,235.24,73.61,409.55,115.42,377.45,113.15,133.46,120.86,110.1625,385.24,106.46,,68.41,214.84,69.02,76.04,453.59,658.99,474.85,83.34,250.95,316.013333333333,239.321305841924,189.34,3.05,126.97,255.66,1419.65,286.77,582.25,156.01,210.72,264.86,113.87,517.06,,50.8,150.69,410.26,200.05,359.07,368.99,63.09,158.038834951456
764,07/06/2022,249.54,245.25,65.11,246.28,215.98,509.67,37.66,52.64,271.09,86.01,312.6,139.84,226.01,109.2,135.94,80.24,78.35,484.27,97.98,,62.73,165.99,70.88,76.3,477.48,375.22,195.39,79.72,216.0,205.35,209.518900343643,321.54,1.15,89.62,280.72,1171.6,230.32,594.9,145.99,210.39,200.76,90.695,556.04,,21.5,102.25,515.29,291.16,342.27,315.55,35.62,105.73
765,07/06/2023,330.92,222.98,45.61,258.87,284.99,377.68,52.88,94.25,279,67.19,375.79,192.19,207.36,44.42,139.47,101.94,127.7,439.3,90.46,79.12,76.24,294.46,78.02,78.81,440.99,491.23,182.48,62.86,217.65,330.14,209.46,415.91,0.473,86.07,300.54,1294.2,277.68,704.83,115.88,218.45,295.68,81.15,517.32,,42.11,151.93,469.36,345.76,264.99,373.23,38.56,141.2
766,07/07/2020,274.71,253.15,85.5,245.248780487805,268.35,468.34,34.64,50.22,182.05,65.83,282.26,98.3,181.41,73.73,117.31,81.99,106.465,264.89,68.57,,76.42,96.24,56.85,58.51,391.7,337.3,372.12,108.65,141.94,191.78,148.72852233677,145.8,4.2,91.67,182.42,819.06,206.13,640.88,99.65,151.78,180.34,66.6875,380.25,,32.82,91.17,296.65,299.06,185.34,230.82,43.37,113.592233009709
767,07/07/2021,612.22,243.22,81.85,245.834146341463,355.33,673.4,43.93,57.02,235.93,74.14,413.82,115.04,383.18,114.59,134.63,122.55,111.88,387.51,107.88,,68.36,216.93,69.64,76.67,457.48,665.31,473.45,82.13,253.94,318.23,241.64089347079,189.84,2.97,127.74,256.73,1435.97,284.04,585.9,155.05,213.35,265.34,115.9275,522.72,,48.68,152.29,411.66,198.99,365.4,372.66,63.63,156.407766990291
768,07/07/2022,259.64,247.42,65.21,246.39,217.96,512.54,37.85,52.75,275.78,85.26,317.05,140.79,229.43,111.01,135.76,83.72,81.92,478.83,98.43,,62.72,174.66,71.78,77.0,476.35,382.52,202.2,80.78,218.85,208.71,209.95704467354,321.25,1.16,89.5,279.16,1207.3,235.11,607.45,146.5,207.2,201.7,92.06,553.76,,22.74,105.29,514.38,294.17,342.94,320.26,35.46,106.06
769,07/07/2023,329.54,218.65,45.3,256.92,275.07,386.12,52.29,93.97,277.12,66.5,378.38,190.86,206.89,44.68,139,103.89,126.71,429.4,90.26,79.62,74.42,291.49,77.51,78.66,430.14,498.01,183.32,62.07,216.81,331.29,208.28,414.8,0.481,85.89,295.23,1269.09,278.67,692.45,116.32,217.85,294.27,80.8,513.73,,42.91,150.96,461.58,338.18,264.15,371.6,38.83,140.86
770,07/08/2019,272.24,182.24,81.58,244.848780487805,230.84,309.31,42.61,47.49,161.73,51.26,330.49,87.83,140.33,54.55,102.47,55.51,36.405,284.74,62.2533333333333,,67.48,137.36,47.34,68.94,264.15,276.75,375.12,83.01,159.14,177.72,151.099656357388,140.48,1.11,98.02,139.85,861.75,117.35,302.84,96.45,152.07,208.07,53.1025,297.81,,42.95,131.71,247.84,176.75,217.15,122.89,57.64,117.184466019417
771,07/08/2020,278.39,251.59,84.18,246.565853658537,280.19,467.49,34.55,50.29,180.08,65.59,280.08,97.21,185.09,76.22,117.92,81.91,108.7775,262.54,68.76,,75.61,95.63,57.62,57.19,386.0,336.12,369.87,108.27,144.17,193.653333333333,149.879725085911,144.57,4.089,91.61,182.35,818.19,207.69,640.34,102.41,150.82,181.77,68.5025,386.63,,33.93,90.7,298.36,295.92,185.05,232.3,42.0,115.456310679612
772,07/08/2021,616.79,244.28,81.33,244.878048780488,369.05,672.7,43.34,56.62,231.41,72.66,410.65,114.44,379.2,112.89,133.87,120.72,111.7425,384.17,108.19,,67.69,214.05,69.85,75.78,454.5,659.94,472.86,81.43,248.81,317.29,238.084192439863,188.57,2.9,127.44,253.47,1422.43,282.72,574.92,153.93,211.3,263.94,115.2175,518.61,,47.55,150.35,409.95,197.74,365.68,373.11,61.91,154.621359223301
773,07/08/2022,261.52,248.48,65.18,245.66,218.8,517.12,37.84,52.92,279.19,88.01,311.57,142.55,231.42,111.81,135.74,83.12,81.24,484.29,98.39,,62.84,172.6,71.38,76.88,483.38,378.45,197.04,80.48,219.34,208.81,209.570446735395,331.2,1.16,89.48,285.21,1221.28,235.51,621.57,146.01,209.4,200.88,92.4825,553.71,,22.34,103.44,518.63,294.29,346.25,318.48,35.21,105.34
774,07/09/2018,348.97,194.17,74.67,238.692682926829,354,303.07,33.79,50.26,173.22,64.65,244.98,88.25,116.1,43.88,110.77,70.62,25.095,248.69,48.9966666666667,,76.64,105.72,41.22,59.8509803921569,313.07,229.51,288.76,71.62,102.75,166.473333333333,156.469072164948,138.27,1.102,87.13,103.68,594.76,89.85,371.31,75.38,109.01,173.61,38.145,211.83,,,113.83,253.67,174.16,198.97,101.03,45.81,111.320388349515
775,07/09/2019,275.41,181.59,81.4,245.580487804878,234.22,305.05,43.06,47.2,159.73,50.45,332.92,88.23,139.44,54.53,102.01,52.55,36.945,284.16,63.33,,67.75,134.99,47.81,68.9,260.14,279.55,377.24,83.82,158.54,176.09,150.085910652921,139.24,1.158,98.44,136.78,861.55,118.94,307.97,96.2,152.49,208.97,53.12,296.9,,44.2,128.89,246.0,178.46,216.99,124.06,57.57,117.174757281553
776,07/09/2020,274.08,251.66,85.69,252.30243902439,278.7,478.04,34.5,48.88,173.9,63.31,289.73,96.39,185.13,79.15,115.85,79.74,110.125,255,68.26,,74.71,94.34,57.47,56.08,382.92,341.17,372.6,107.87,144.99,191.49,148.72852233677,140.89,4.0,90.13,178.62,830.53,211.29,640.63,103.08,150.44,177.77,69.3425,387.67,,33.15,88.61,291.16,295.4,188.63,235.93,41.27,114.21359223301
777,07/09/2021,627.19,245.2,80.43,243.707317073171,358.16,675.17,43.59,57.18,234.9,73.51,411.23,115.13,384.89,113.25,135.04,122.09,110.1825,388.61,107.51,,68.22,218.79,69.31,76.81,455.65,667.03,476.8,82.04,251.16,316.926666666667,241.43470790378,189.1,2.84,128.17,257.25,1435.41,280.69,580.4,153.96,211.24,264.43,116.3475,517.26,,49.07,153.95,412.11,198.16,369.4,374.19,62.42,154.669902912621
778,07/10/2018,351.45,195.69,74.63,238.585365853659,344.82,302.95,33.56,50.17,173.45,65.305,245.29,88.14,116.79,43.82,112.99,70.6,25,249.52,49.0166666666667,,76.75,105.8,41.36,59.4980392156863,312.43,234.1,291.44,70.18,103.92,167.37,158.505154639175,138.52,1.102,87.39,104.39,593.37,88.96,366.27,75.99,109.68,174.38,38.2,214.16,,,115.24,255.54,175.11,199.92,100.8,45.54,111.456310679612
779,07/10/2019,286.65,182.27,82.12,247.287804878049,232.43,304.55,42.89,47.46,160.51,51.21,330.97,89.3,137.97,54.87,102.52,54.65,37.72,287.92,63.7266666666667,,67.46,136.68,47.82,69.23,267.91,282.53,372.7,83.77,159.35,177.426666666667,149.750859106529,141.01,1.17,98.85,137.87,858.48,121.92,301.43,95.82,149.7,209.06,53.25,296.52,,43.7,129.66,247.48,178.76,217.27,123.84,57.29,117.26213592233
780,07/10/2020,273.29,249.04,85.23,251.092682926829,278.88,477.66,34.68,49.36,175.54,62.84,289.4,97.05,181.25,78.01,116.82,81.19,109.91,255,67.82,,76.32,96.72,57.7,57.16,381.58,338.25,370.25,104.76,142.68,191.956666666667,148.350515463918,143.02,3.82,90.81,176.54,819.2,207.82,620.86,101.47,150.51,177.89,68.1,382.57,,33.14,89.76,291.23,294.45,188.75,232.23,41.98,115.95145631068
781,07/10/2023,343.7,224.73,45.65,257.56,281.58,389.46,52.7,93.69,278.34,67.31,383.44,192.83,208.8,45.57,139.76,103.69,130.62,432.42,91.64,80.66,75.69,295.74,78.55,80.04,434.7,521.21,183.94,61.89,219.43,340.27,210.48,414.76,0.481,86.45,301.95,1293.6,285.53,703.36,116.98,223.05,295.3,82.84,516.85,,42.78,153.65,463.05,344.46,264.66,377.3,39.58,142.51
782,07/11/2018,348.87,193.15,74.32,238.663414634146,344.1,299.47,33.34,49.96,171.79,65.725,247.06,87.14,115.51,43.21,113.58,69.64,25.6775,249.58,48.2166666666667,,76.02,105.52,41.57,58.5019607843137,315.93,234.16,294.56,70.28,104.21,168.073333333333,158.470790378007,134.7,1.102,87.26,105.39,581.93,87.57,365.21,75.03,109.24,173.42,38.03,209.67,,,114.83,254.59,175.01,196.69,100.0,44.9,110.834951456311
783,07/11/2019,282.59,178,82.53,249.921951219512,231.6,310.41,43.2,48.26,175.34,53.22,334.05,90.53,136.51,54.26,103.5,56.41,38.125,303.88,65.01,,66.19,138.65,47.62,69.45,280.19,285.46,363.66,81.23,159.24,178.666666666667,150.300687285223,143.82,1.2,100.0,143.33,854.07,123.8,291.82,95.83,150.22,210.84,52.1175,295.55,,43.99,131.24,261.16,176.01,216.85,124.49,56.77,117.47572815534
784,07/11/2022,249.48,247.78,64.51,243.7,215.26,521.87,37.51,52.99,279.91,87.22,304.56,141.32,224.56,110.79,135.97,81.96,78.43,481.62,96.88,,62.66,169.39,71.42,76.55,487.03,369.66,190.32,80.96,217.4,205.72,208.445017182131,328.81,1.18,88.95,285.99,1222.83,230.82,614.46,144.59,209.09,197.43,90.76,558.03,,21.19,101.32,516.95,294.07,349.94,315.94,34.76,103.3
785,07/11/2023,350.1,223.86,46.03,259.33,279.84,395.19,52.45,94.36,281.74,67.76,382.49,193.22,208.31,45.39,140.29,103.07,131.23,434.92,92.44,81.26,76.12,294.69,79.09,81.73,437.22,514.82,184.82,62.84,216.27,339.11,211.74,413.72,0.505,87.29,301.15,1292.43,282.5,716.83,119.0,224.0,296.41,83.8,519.26,,44.36,152.7,462.89,341.74,263.53,375.34,40.48,143.18
786,07/12/2018,362.82,194.08,74.78,240.721951219512,347.66,302.27,33.34,50.26,172.96,66.34,245.84,86.8,116.96,43.36,113.9,71.5,26.16,250.58,49.0566666666667,,77.6,105.37,41.95,58.6509803921569,315.71,237.46,304.69,71.14,106.9,175.0,159.79381443299,135.98,1.102,87.87,106.83,587.03,87.89,366.43,75.55,110.17,174.33,38.33,212.07,,,114.53,256.05,178.27,198.56,100.58,45.41,110.718446601942
787,07/12/2019,283.91,174.93,81.65,246.712195121951,231.42,309.23,42.25,47.59,179.21,54.51,330.94,89.85,134.87,53.44,102.98,56.9,37.2925,310.48,63.8166666666667,,66.26,141.51,47.32,70.58,291.25,284.24,305.05,80.1,157.36,175.416666666667,150.730240549828,144.6,1.18,99.25,144.87,835.44,120.25,292.56,95.18,147.98,206.4,52.3275,290.94,,43.99,132.9,265.9,175.79,217.13,124.43,56.93,117.087378640777
788,07/12/2021,642.86,244.37,80.81,243.492682926829,349.04,673.98,43.49,57.44,235.22,74.7,410.85,115.55,384.13,113.54,135.63,123.7,111.4425,396.04,106.84,,68.07,220.34,69.18,77.02,458.31,659.54,484.1,81.18,248.62,319.683333333333,241.812714776632,189.96,2.86,128.2,257.71,1436.04,275.64,574.03,154.57,210.8,264.92,112.865,514.69,,48.41,154.68,416.04,198.34,369.67,375.99,62.71,155.106796116505
789,07/12/2022,248.98,246.97,64.68,236.92,215.58,500.29,36.88,53.2,279.35,86.91,297.18,141.38,217.52,104.61,134.09,84.5,78.05,477.97,96.34,,62.34,170.11,70.68,76.22,483.17,362.46,187.99,80.42,213.53,202.13,206.10824742268,327.38,1.18,88.69,285.39,1190.56,224.6,610.09,138.6,207.94,195.72,88.2,530.93,,21.57,101.83,514.42,290.01,341.41,296.77,34.82,103.03
790,07/12/2023,357.6,225.68,46.38,258.66,277.62,396.39,52.46,93.57,268.69,63.8,387.36,190.8,211,46.2,140.95,104.25,133.67,414.13,93.1,81.69,76.38,295.24,78.99,81.53,425.08,525.68,191.95,62.65,219.01,347.59,213.07,408.77,0.492,87.57,291.7,1319.69,285.49,718.42,120.68,226.7,298.03,84.61,525.92,,44.52,153.95,451.7,346.06,268.94,383.52,40.83,142.65
791,07/13/2018,363.45,195.91,74.78,241.073170731707,348.48,303.95,33.35,50.8,173.09,67.265,247.12,87.91,117.31,43.39,114.95,71.77,25.1125,250.51,49.3766666666667,,77.38,106.55,42.01,58.7137254901961,317.12,238.15,306.99,70.19,107.27,174.78,160.833333333333,136.59,1.102,88.36,106.94,583.13,86.07,367.64,75.67,110.38,174.3,38.2775,211.2,,,114.74,258.7,180.5,198.09,100.03,45.35,111.543689320388
792,07/13/2020,270.24,250.04,83.46,251.131707317073,276.52,467.91,34.44,49.87,177.37,63.53,285.64,97.27,180.51,77.47,119.14,79.57,101.0575,257.58,67.19,,76.68,96.83,57.5,57.85,381.87,335.14,369.13,100.56,141.28,190.43,153.144329896907,144.98,3.696,92.77,176.67,823.99,194.01,615.88,104.5,150.16,177.86,65.7825,378.93,,31.72,90.08,299.71,284.82,193.27,229.04,41.8,117.349514563107
793,07/13/2021,642.4,244.83,81.09,242.556097560976,351.92,664.54,43.06,57.1,235.56,74.57,409.08,114.21,383.09,113.33,135.04,121.46,111.5975,398.13,106.74,,68.01,219.23,68.65,76.39,460.31,662.58,483.52,80.62,249.63,318.75,240.300687285223,189.32,2.8,127.4,257.05,1442.19,268.82,577.01,153.15,208.72,261.6,113.36,514.3,,48.08,152.85,418.54,198.33,368.44,372.65,62.0,152.466019417476
794,07/13/2022,249.86,247.09,63.78,235.46,214.53,499.17,36.77,52.9,273.75,85.19,292.17,139.11,214.39,103.69,133.09,83.98,76.35,470.71,95.93,,62.46,169.31,70.35,75.56,473.56,363.33,181.18,79.41,211.83,202.06,206.43470790378,325.18,1.38,87.91,282.34,1172.34,226.55,602.02,137.09,205.42,194.18,87.2375,523.15,,21.5,102.05,501.24,288.73,336.44,300.0,34.66,102.44
795,07/13/2023,367.56,227.66,46.72,259.95,277.97,397.78,52.79,93.42,270.06,63.65,390.09,191.28,209.16,46.25,140.78,103.26,133.98,417.63,93.09,81.4,76.71,295.98,79.28,82.07,424.29,532.8,188.83,61.94,219.63,346.97,211.74,409.69,0.494,88.05,289.68,1327.73,285.75,720.98,122.28,228.74,299.64,84.44,526.65,,45.64,153.09,447.75,349.02,269.26,383.66,41.43,143.11
796,07/14/2020,299.62,253.09,84.65,256.975609756098,281.27,488.96,35.22,50.93,182.17,65.28,287.9,99.33,187.45,79.32,122.71,81.95,102.585,263.47,71.22,,77.19,98.96,59.43,59.69,396.54,338.47,376.25,103.02,147.78,195.113333333333,161.374570446735,147.84,3.6,94.65,185.48,849.34,196.17,641.23,106.76,153.32,182.71,66.6675,387.46,,30.93,92.68,308.52,293.83,198.07,233.28,42.65,120.553398058252
797,07/14/2021,635.09,244.7,81,240,352.06,658.6,42.74,57.07,236.02,73.77,405.51,113.56,382.29,111.14,134.61,121.05,110.1225,395.07,106.79,,67.93,218.75,67.56,76.78,460.11,659.85,460.92,79.87,246.0,318.36,238.178694158076,189.1,2.84,127.74,255.1,1435.56,260.67,581.06,151.98,208.0,261.36,111.2175,510.78,,47.15,153.08,414.74,197.89,371.64,371.44,62.16,151.04854368932
798,07/14/2022,247.18,245.59,63.42,234.16,214.27,487.95,36.71,54.05,264.91,85.76,288.5,139.53,210.43,100.2,133.23,82.63,76.5,466.39,96.91,,61.81,167.49,69.39,75.19,472.6,366.06,177.23,79.63,212.0,204.31,206.503436426117,326.49,1.29,87.51,285.07,1138.22,227.47,598.86,133.68,206.79,192.38,85.3475,525.63,,20.65,100.27,502.43,286.15,328.55,294.37,34.2,101.65
799,07/14/2023,366.88,227.43,46.86,259.39,278.93,396.57,53.03,93.14,282.76,65.63,397.36,191.42,207.56,46.65,140.44,103.74,137.32,438.73,93.38,81.82,77.19,296.56,80.32,80.39,434.93,536.89,187.15,61.76,221.1,354.0,212.77,409.5,0.487,87.65,298.55,1331.93,290.89,718.52,122.81,229.08,302.43,84.22,529.36,,44.75,153.68,480.17,352.74,270.77,385.13,40.91,142.37
800,07/15/2019,284.3,176.12,82.01,247.063414634146,233.62,312.35,42.45,47.5,177.03,54.06,331.94,89.93,136.12,53.98,101.12,56.95,37.7775,306.85,63.63,,68.07,140.92,47.34,71.35,285.32,284.08,302.29,81.39,158.4,175.916666666667,150.0,142.72,1.2,99.82,142.02,825.22,120.7,298.2,95.01,148.73,205.49,52.64,288.83,,44.53,133.76,265.96,176.37,216.62,124.38,57.09,118.349514563107
801,07/15/2020,314.3,253.31,87.09,260.448780487805,282.96,498.35,36.7,52.09,181.04,65.6,296.84,101.9,193.45,83.71,122.24,84.54,104.485,267.28,72.47,,76.65,105.65,60.26,63.68,395.37,340.74,382.33,104.25,152.37,202.6,162.156357388316,153.5,3.74,97.16,185.86,869.04,202.25,632.74,108.97,157.59,188.62,68.575,392.7,,32.81,97.95,304.07,295.11,220.8,241.22,45.16,127.883495145631
802,07/15/2021,621.7,246.63,81.06,240.604878048781,328.16,666.77,42.16,56.77,234.91,73.3,402.76,113.16,382.15,109.7,134.07,119.81,110.355,396.12,106.34,,68.3,220.29,68.37,75.34,466.93,657.42,462.49,79.99,246.5,317.886666666667,237.929553264605,189.5,2.88,125.36,260.76,1436.03,260.36,589.32,153.17,206.54,257.05,112.3775,514.48,,46.42,153.14,420.05,200.09,372.26,371.96,61.8,148.640776699029
803,07/15/2022,254.88,248.69,64.91,239.24,217.01,494.04,37.55,55.21,274.11,89.66,293.51,142.22,219.75,103.17,135.86,85.47,79.14,488.92,99.43,,62.6,171.61,70.59,76.53,487.54,370.14,189.21,80.03,219.08,210.92,210.060137457045,330.0,1.38,89.12,298.89,1158.96,232.28,607.54,135.15,209.26,194.76,86.0875,538.87,,21.67,103.05,529.75,292.84,334.01,300.44,34.91,103.51
804,07/16/2018,362.28,194.88,74.01,239.151219512195,353.03,300.52,33.15,50.71,172.35,66.615,242.7,86.9,117.66,42.86,114.38,71.71,24.8625,248.28,48.8933333333333,,77.26,106.83,41.09,58.1019607843137,315.68,237.92,301.99,70.11,107.69,172.686666666667,160.171821305842,135.58,1.102,87.73,105.99,575.36,85.99,364.75,75.5,109.72,173.42,37.8875,208.8,,,114.71,256.98,181.22,193.5,98.45,44.72,109.349514563107
805,07/16/2019,281.07,177.47,82.07,245.248780487805,231.55,309.39,41.86,46.79,179.96,53.74,328.19,89,135.2,53.74,101.47,57.7,37.4625,305.41,62.51,,66.94,139.7,47.08,69.93,284.3,283.66,302.3,79.88,156.57,171.853333333333,150.386597938144,142.96,1.22,99.87,141.27,821.85,119.68,298.37,95.3,148.36,205.4,52.57,286.21,,44.13,133.97,264.66,176.16,214.81,123.22,56.47,118.533980582524
806,07/16/2020,309,255.2,85.81,258.585365853659,279.54,501.99,36.37,52.42,180,66.03,288.93,102.74,190.7,83.53,123.68,84.81,103.305,264.09,71.85,,76.64,107.14,59.96,64.76,395.89,339.2,375.88,101.58,149.68,201.416666666667,163.616838487973,153.37,3.679,95.75,184.18,860.68,196.42,632.21,108.94,157.1,186.59,68.1675,392.42,,32.35,98.4,307.15,290.56,224.04,240.36,44.33,126.757281553398
807,07/16/2021,616.12,247.96,81.42,242.019512195122,324.62,674.78,42.1,56.82,233.83,72.66,403.89,112.88,384.49,109.17,134.52,119.37,112.1725,393.59,106.92,,68.63,219.2,69.54,75.12,470.9,667.76,465.46,78.33,247.7,316.703333333333,237.5,189.22,2.81,125.8,257.13,1448.99,268.33,583.24,154.1,207.7,257.59,114.67,519.79,,46.19,151.33,419.7,202.28,370.69,373.66,61.16,148.932038834951
808,07/17/2018,370.53,193.92,74.75,241.707317073171,354.98,302.62,33.95,49.97,170.71,66.955,246.07,86.82,119.95,43.29,114.06,71.32,25.435,246.03,49.7333333333333,,77.2,108.41,41.5,58.5647058823529,313.89,239.79,305.49,70.23,109.0,174.593333333333,158.805841924399,134.58,1.102,88.29,105.87,584.8,87.36,365.43,76.37,110.2,176.11,38.1175,211.04,,,114.97,250.29,182.59,196.01,98.87,45.7,110.446601941748
809,07/17/2019,283.91,177.06,82.65,245.707317073171,229.44,308.53,42.24,45.07,178.48,53.23,331.36,85.46,135.23,53.76,100.16,56.65,36.8925,304.69,63.2533333333333,,66.92,139.97,47.34,69.33,281.98,284.73,302.9,80.23,156.02,174.5,149.372852233677,138.63,1.18,100.92,140.67,818.13,121.25,299.42,95.1,147.84,207.95,52.5075,287.0,,43.62,132.88,266.65,177.14,212.81,121.91,56.93,119.436893203883
810,07/17/2020,322.3,258.46,87.56,260.468292682927,281.88,516.7,37.71,53.13,179.81,66.27,291.37,104.45,196.26,85.35,125.11,85.11,106.1075,266.37,74.11,,77.51,106.06,61.88,66.97,404.49,349.85,383.64,104.11,154.05,216.913333333333,166.365979381443,154.81,3.94,98.58,185.88,867.89,199.93,644.06,108.98,159.96,193.05,69.94,395.4,,32.55,97.6,306.53,294.53,226.89,246.94,44.77,131.203883495146
811,07/17/2023,370.36,227.84,46.55,256.64,278.4,387.71,52.61,93.47,281.16,65.07,393.97,192.14,209.34,46.46,139.91,104.53,137.45,437.17,92.65,81.19,77.48,291.86,78.96,80.23,434.41,551.84,184.14,61.08,221.37,353.84,212.59,411.67,0.482,86.71,299.91,1328.46,287.96,721.61,121.0,228.35,298.62,82.8,525.26,,45.51,153.44,484.08,357.98,269.83,383.62,40.57,140.66
812,07/18/2018,372.31,192.8,74.7,240.146341463415,358.51,303.5,33.74,49.49,177.75,67.01,246.79,86.33,120.42,43.18,113.53,70.61,25.88,248.63,49.9366666666667,,77.12,106.59,41.08,57.8352941176471,317.01,239.1,307.28,70.37,109.68,175.97,159.716494845361,134.34,1.102,88.01,106.24,585.61,88.65,365.98,76.93,110.49,173.74,38.045,211.43,,,112.68,255.42,181.13,194.26,98.01,44.24,109.106796116505
813,07/18/2019,283.37,179.54,83.08,247.639024390244,232.23,310.06,42.64,45.19,176.94,53.17,331.91,86.76,137.25,54.29,100.87,56.74,38.3475,304.57,64.36,,67.21,141.23,48.5,68.88,283.33,289.85,298.55,81.31,157.28,178.876666666667,150.317869415808,139.68,1.1,101.34,142.09,828.96,122.32,303.09,95.33,147.87,210.45,53.605,293.73,,43.71,133.18,260.6,178.09,214.81,122.07,57.0,120.466019417476
814,07/18/2022,254.08,243.84,64.36,234.31,214.34,475.79,37.17,54.74,268.35,89.72,294.14,140.4,212.6,99.93,133.65,84.96,76.99,480.8,97.45,,60.9,171.69,68.47,76.59,484.46,360.6,187.29,78.86,212.87,206.26,206.941580756014,326.03,1.499,87.9,298.02,1122.8,225.37,586.7,132.37,207.93,189.27,84.06,520.76,,22.58,103.75,519.37,286.06,323.39,291.98,34.78,103.48
815,07/18/2023,360.62,232.57,47.05,256.32,276.17,384.61,52.81,93.19,284.82,66.33,393.25,192.39,201.34,45.79,140.36,106.16,137.93,443.69,91.99,82.47,78.22,289.74,77.77,79.24,440.73,547.47,180.33,61.68,224.23,354.93,212.72,410.64,0.438,86.6,303.06,1335.01,285.39,726.55,122.28,226.95,296.64,82.3,523.68,,47.41,153.02,500.0,358.98,271.88,384.59,40.55,140.86
816,07/19/2018,370.32,191.76,74.74,240.956097560976,358.11,306.39,33.72,49,175.9,67.625,247.99,85.56,122.12,43.34,114.99,70.57,25.635,248.64,50.0933333333333,,77.05,107.7,41.32,58.6509803921569,318.4,242.82,309.1,70.11,110.25,173.763333333333,160.644329896907,133.81,1.102,88.42,105.59,598.11,88.89,367.74,78.4,111.31,172.86,38.4725,216.08,,,112.77,252.93,180.12,197.64,99.47,45.34,108.970873786408
817,07/19/2019,281.21,178.39,83.1,244.721951219512,231.27,315.18,42.25,44.99,173.69,52.66,331.52,85.52,135.64,54.3,99.28,56.05,38.145,302.12,64.7766666666667,,65.04,139.48,48.27,67.5,281.67,284.69,293.2,80.54,155.85,176.27,148.831615120275,138.9,1.1,100.8,140.38,813.85,121.17,298.11,93.83,146.25,208.02,52.3675,289.82,,43.18,132.63,256.65,174.13,213.72,121.41,56.67,119.854368932039
818,07/19/2021,595.56,246.73,80.27,241.219512195122,324.16,673.84,41.23,56.02,227.63,71.37,396.76,112.6,378.3,110.84,136.25,117.82,108.7625,384.44,102.91,,68.23,217.63,70.37,73.8,460.93,669.4,469.74,77.56,241.69,310.73,236.099656357388,188.42,2.53,122.75,250.14,1438.66,265.0,585.23,154.91,204.3,248.9,113.8575,521.62,,45.56,146.29,409.06,199.24,362.99,371.0,60.69,145.796116504854
819,07/19/2022,267.31,247.32,65.32,238.46,220.26,490.09,37.71,55.68,274.6,91.35,303.1,143.09,226.01,102.72,136.66,87.67,80.64,497.43,101.24,,62.12,178.18,70.49,77.95,495.31,377.1,194.64,81.36,220.5,214.44,211.288659793814,329.97,1.48,90.33,304.95,1156.87,231.21,595.73,137.39,212.97,197.3,87.56,536.87,,22.67,107.72,533.45,289.6,330.76,300.19,35.88,107.24
820,07/19/2023,342.58,232.05,47.85,254.9,276.89,397.07,52.34,92.15,292.66,68.49,394.84,191.94,204.02,46.32,143.1,104.76,133.63,463.21,91.62,81.75,78.96,286.71,78.54,79.46,447.26,547.75,184.53,62.9,225.46,349.7,217.11,410.99,0.446,86.12,312.45,1340.03,287.82,719.01,126.53,227.44,294.48,83.88,535.55,,47.12,152.39,503.7,358.57,280.08,385.62,40.67,140.79
821,07/20/2018,375.38,190.49,75,241.004878048781,358.71,305.44,33.77,48.8,178.09,67.725,248.58,84.7,124.27,43.98,114.46,69.98,25.5575,248.52,50.8733333333333,,77.37,108,41.12,59.0666666666667,317.81,248.14,311.15,69.2,111.11,172.26,160.601374570447,132.9,1.102,88.02,106.15,602.56,87.6,367.11,78.0,111.96,174.3,39.105,216.85,,,112.67,252.7,177.4,197.15,99.61,45.03,108.407766990291
822,07/20/2020,312.97,260.95,87.82,261.317073170732,283.4,520.37,37.17,53.15,175.86,64.86,289.31,102.19,197.94,85.86,126.9,85.51,108.0925,259,74.64,,78.08,104.97,61.43,66.44,396.76,361.0,398.62,109.69,155.2,222.513333333333,167.938144329897,153.5,4.1,95.73,179.2,866.47,203.1,658.21,109.81,157.45,190.68,70.74,402.97,,33.66,96.03,303.46,303.1,227.06,251.84,43.48,126.873786407767
823,07/20/2021,615.71,246.89,80.54,240.975609756098,322.49,668.42,42.79,57.69,232.02,71.67,402.32,116.49,385.48,112.69,136.27,119.41,111.925,389.94,106.58,,69.16,248.9,70.17,75.77,460.5,669.39,487.25,79.21,247.07,318.35,237.783505154639,194.36,2.35,125.51,254.21,1443.41,272.9,587.24,155.38,208.35,255.18,116.7575,522.58,,46.32,153.17,412.97,196.55,372.12,372.69,62.58,151.097087378641
824,07/20/2022,274.49,246.63,65.59,237.19,207.49,496.04,37.28,55.69,266.72,90.16,307.11,141.49,230.22,104.21,134.84,86.17,82.19,459.54,101.53,,61.55,178.81,70.11,78.0,483.69,383.81,200.66,82.49,220.6,219.22,210.721649484536,326.6,1.45,89.23,299.14,1166.42,236.98,594.59,139.99,213.43,198.05,89.1425,538.65,,24.12,108.0,519.47,285.5,329.9,303.41,36.13,108.0
825,07/20/2023,330.99,233.23,49.29,263.41,274.7,398.21,53.46,94.1,294.22,70.18,391.85,193.41,203.99,47.58,143.6,105.49,130.65,475.76,92.65,81.85,79.94,286.91,79.3,79.91,447.41,542.86,184.17,64.01,226.37,347.66,218.7,418.77,0.42,89.35,317.13,1349.84,278.83,723.02,126.73,230.15,296.04,86.92,538.27,,46.57,151.42,504.24,361.82,279.77,378.75,40.59,142.73
826,07/21/2020,315.33,257.91,88.67,264.692682926829,280.19,519.04,37.48,55.99,178.3,65.87,291.57,104.15,198.02,85.98,128.61,86,107.255,265.71,75.94,,76.78,109.33,61.84,67.66,397.59,363.32,389.84,106.65,156.95,219.383333333333,169.080756013746,155.98,4.09,96.81,181.46,870.51,202.35,638.86,111.59,157.16,192.51,69.24,403.09,,32.55,100.2,305.11,291.4,222.82,252.86,43.84,128.669902912621
827,07/21/2021,619.65,244.85,80.27,240.341463414634,322.96,663.05,43.58,58.6,233.57,72.91,401.5,118.22,385.77,113.54,135.78,120.1,111.745,383.59,106.05,,68.41,249.25,70,77.14,463.48,670.51,480.85,79.14,243.03,314.98,238.393470790378,197.54,2.41,127.05,256.5,1432.79,271.48,583.72,156.63,209.85,258.68,115.785,514.26,,47.52,153.61,414.64,196.27,370.67,367.95,63.76,154.922330097087
828,07/21/2022,284.24,245.78,66.03,241.08,214.06,534.41,38.12,56.13,266.35,90.51,315.88,142.14,238.04,110.1,134.63,86.17,83.99,461.94,103.77,,61.01,181.31,71.89,77.94,485.7,398.35,207.0,82.86,225.63,224.75,213.994845360825,327.81,1.37,90.26,302.52,1240.29,244.34,592.44,147.96,219.71,200.24,92.5275,575.0,,24.23,109.48,522.46,283.11,349.48,316.6,36.47,108.45
829,07/21/2023,337.37,234.82,48.56,264.84,276.74,414.18,53.16,93.19,293.77,70.63,387.61,192.59,206.38,47.59,144.37,102.78,130.6,475.93,92.57,82.63,80.64,285.14,80.88,79.92,456.89,554.6,190.49,64.15,228.26,336.66,219.21,414.25,0.423,88.96,318.47,1361.86,284.28,734.63,130.87,232.09,295.59,89.42,562.19,,47.23,148.51,506.53,362.46,288.72,377.32,40.76,142.23
830,07/22/2019,274.47,175.89,82.69,246.351219512195,232.48,311.62,42.5,44.53,170.61,52.19,332.96,85.05,136.46,54.94,98.08,58.8,38.7775,301.78,64.67,,64.91,140.57,48.22,66.78,282.19,287.07,298.28,81.71,156.27,178.5,147.895189003436,138.76,1.01,101.24,141.0,818.7,120.87,296.52,94.23,147.22,208.49,52.19,291.73,,43.69,132.67,255.32,174.08,216.01,123.01,56.23,119.233009708738
831,07/22/2020,317.97,256.98,89.2,266.770731707317,280.81,520.27,38.39,56.16,176.93,66.82,289.76,103.81,198.16,85.04,129.76,87.12,106.5375,268.09,77.91,,76.25,122.42,62.17,67.75,402.37,365.23,391.71,105.37,164.29,227.113333333333,171.881443298969,156.25,4.15,97.49,183.75,883.35,203.28,637.53,112.02,157.84,194.87,68.9825,410.76,,32.66,106.01,306.71,291.23,223.84,255.37,44.07,129.21359223301
832,07/22/2021,627.92,244.74,80.51,243.268292682927,326.36,675.41,43.55,59.03,232.24,73.15,404.08,119.84,393.25,115.19,137.97,120.11,112.7225,384.3,107.06,,68.65,246.79,71.77,76.44,463.7,683.03,486.52,78.62,244.91,324.63,241.494845360825,199.03,2.26,127.11,257.57,1459.59,271.46,586.88,160.06,212.17,259.1,117.295,524.5,,47.57,150.68,415.77,196.02,377.17,373.98,63.3,154.038834951456
833,07/22/2022,265.88,245.95,66.16,242.13,206.25,524.62,38.12,56.99,269.2,90.94,313.44,142.5,237.01,107.61,131.03,87.1,83.78,459.6,102.58,,60.8,202.03,70.54,77.04,488.97,393.51,201.69,80.9,221.74,211.85,211.632302405498,330.44,1.4,90.72,301.67,1224.14,240.64,586.11,146.67,217.53,199.42,90.8125,561.54,,23.3,110.99,521.41,280.29,345.68,313.64,35.96,107.0
834,07/23/2018,377.5,189.97,74.94,242.156097560976,358.13,308.12,33.71,49.16,177.42,68.06,250.26,84.75,124.63,43.88,114.89,70.88,26.0825,248.83,50.8933333333333,,77.38,108.36,41.4,60.0941176470588,317.86,248.55,311.04,68.96,111.37,173.29,161.743986254296,132.63,1.102,88.63,106.92,594.61,86.28,366.21,77.61,112.52,174.68,39.725,218.48,,,115.5,252.74,176.54,196.45,100.08,46.53,109.611650485437
835,07/23/2019,272.96,176.01,83.3,249.551219512195,243.88,316.12,42.88,44.4,172.1,52.56,335,85.81,137.43,54.87,103.38,59.3,37.9875,302.59,65.1533333333333,,66.4,140.67,48.83,67.5,281.67,286.82,304.64,78.51,156.76,179.263333333333,151.176975945017,138.11,0.99,101.61,141.21,818.31,121.75,309.26,94.51,147.27,209.37,52.005,293.62,,43.36,133.71,255.01,175.24,218.61,123.27,56.51,121.194174757282
836,07/23/2020,299.05,252.24,89.49,266.058536585366,278.51,520.32,38.43,56.55,179.12,67.74,284.68,104.03,198.2,83.48,127.6,87.68,105.0025,269.93,77.32,,75.56,126.97,61.94,68.38,397.75,360.84,386.45,101.68,161.48,228.85,170.756013745704,156.66,4.03,96.57,183.54,885.37,201.62,630.31,112.03,158.03,195.16,68.355,410.48,,32.17,107.5,302.97,284.46,226.38,262.06,43.98,128.902912621359
837,07/23/2021,638.28,247.72,81.14,244.956097560976,325.4,682.92,44.12,59.2,232.88,73.46,410.07,121.31,396.32,116.26,139.43,120.61,115.18,382.29,109.4,,69.02,248.46,72.3,77.36,471.22,693.74,495.51,79.3,249.08,325.486666666667,243.788659793814,202.63,2.31,128.54,261.2,1477.14,276.55,586.35,164.34,212.47,262.67,118.6,532.26,,47.46,152.67,417.7,200.5,384.7,381.07,63.59,155.31067961165
838,07/24/2018,372.59,191.4,75.54,242.419512195122,372.84,307.99,33.57,49.19,176.43,65,250.92,83.93,123.82,40.24,105.42,70.07,25.4375,246.08,50.77,,77.65,108.16,41.72,60.2509803921569,314.96,248.07,308.64,68.99,118.38,174.406666666667,158.487972508591,131.98,1.102,88.91,105.93,602.76,83.79,372.77,78.69,112.7,172.92,40.6225,221.4,,,114.33,253.76,174.88,197.77,98.99,46.73,111.271844660194
839,07/24/2019,275.16,175.77,83.93,250,241.24,323.48,42.87,44.75,171.28,53.73,336.62,86.89,139.84,55.42,103.36,59.56,38.24,288.91,71.6266666666667,,66.64,143.29,49.44,67.63,276.09,285.4,304.01,79.15,160.61,181.013333333333,153.006872852234,140.37,0.84,102.33,136.4,812.17,123.57,313.63,95.06,148.36,213.57,52.25,288.36,,43.76,137.0,251.13,173.34,218.5,122.27,56.6,122.165048543689
840,07/24/2020,298.14,247.98,89.26,265.258536585366,272.33,515.75,38.6,56.5,181.02,67.51,283.58,103.76,192.83,81.64,124.99,87.33,105.4375,270.49,78.13,,73.64,125.51,61.75,67.03,392.14,359.23,382.25,99.42,157.88,225.11,170.73883161512,155.34,3.96,96.35,184.25,862.72,196.69,608.94,110.37,156.35,198.83,67.5175,406.38,,31.18,108.08,300.79,278.49,223.05,262.66,43.24,130.203883495146
841,07/24/2023,337.01,235.42,48.28,279.97,277,416.9,52.17,93.05,292.06,70.86,386.96,191.45,207.25,47.94,144.02,102.1,127.72,471.16,91.4,80.63,77.66,285.18,81.32,79.41,453.44,554.03,188.07,63.46,228.16,323.56,218.82,413.18,0.394,88.76,313.97,1362.02,279.6,727.13,130.01,232.17,290.73,87.91,571.52,,47.32,148.32,508.68,357.05,286.97,376.06,40.46,140.87
842,07/25/2018,381.77,193.04,76.51,245.034146341463,383.83,311.79,34.32,49.42,177.5,65.94,254.99,84.77,123.3,42.35,107.66,69.48,25.9275,247.93,51.7066666666667,,78.92,118.13,42,60.5019607843137,316.57,251.13,315.83,70.1,125.24,179.323333333333,154.347079037801,133.35,1.102,89.73,106.38,612.61,85.62,374.49,79.23,113.16,169.98,41.41,229.28,,,118.12,254.86,176.81,196.66,99.67,46.79,113.728155339806
843,07/25/2019,200.9,174.11,85.16,247.951219512195,238.21,319.67,42.01,44.91,166.55,52.13,337.7,85.93,138.48,56.3,102.22,58.93,37.8725,293.95,70.8233333333333,,66.32,141.87,49.36,67.39,274.44,283.56,298.6,78.8,160.09,177.23,147.568728522337,138.12,0.989,102.09,135.47,790.68,123.34,303.42,94.6,147.9,212.66,52.4725,290.59,,43.4,136.97,248.7,169.56,218.25,132.86,55.85,120.300970873786
844,07/25/2022,252.07,248.72,66.26,242.63,207.57,528.18,38,57.28,272.63,91.93,313.71,144.15,235.32,107.92,131.05,85.89,82.6,470.86,102.09,,60.75,198.63,70.26,77.42,491.79,375.56,199.51,80.62,221.62,219.17,212.104810996564,336.2,1.37,90.75,307.71,1230.22,240.58,587.28,146.39,218.07,201.51,90.275,567.44,,23.35,110.1,529.47,283.68,344.94,313.51,35.75,107.9
845,07/25/2023,332.14,235.31,48.8,283.31,270.31,420.5,52.41,93.73,294.69,70.32,386.32,191.89,211.07,48.2,144.92,102.95,129.96,475.85,91.68,80.21,77.23,285.53,81.47,80.14,454.34,556.67,189.35,63.79,231.57,330.9,221.7,411.27,0.37,88.96,315.65,1312.92,281.74,729.88,129.57,233.02,290.91,86.2,570.91,,47.17,149.64,510.93,358.06,286.54,377.13,40.57,140.3
846,07/26/2018,363.02,194.05,73.71,245.239024390244,344.74,313.61,34.33,49.28,177.94,66.515,255.52,83.24,124.64,42.64,107.34,70.18,25.495,247.08,51.6866666666667,,78.16,124.3,42.61,60.4941176470588,319.11,247.98,311.59,69.91,122.03,175.653333333333,149.948453608247,127.06,1.102,89.26,106.76,617.94,85.74,373.59,79.36,113.5,171.39,41.6525,234.0,,,124.92,257.0,175.87,198.48,110.85,46.99,113.699029126214
847,07/26/2019,198.84,175.34,85.15,248.185365853659,238.21,324.38,42.08,45.12,167.3,53.42,337.98,86.12,139.93,57.26,101.28,59.4,38.4425,299.98,70.95,,66.92,145.06,49.49,67.8,276.87,283.94,300.9,80.15,159.88,175.876666666667,143.067010309278,138.95,0.951,102.55,139.86,775.11,123.99,309.18,95.03,149.44,214.45,53.6525,287.21,,44.52,151.89,252.94,166.83,217.63,136.91,56.02,130.582524271845
848,07/26/2021,635.58,245.08,80.77,243.346341463415,331.93,685.56,43.97,58.98,228.44,72.67,405.61,120.79,393.27,113,138.38,119.74,113.145,378.5,108.89,,68.75,245.76,71.53,77.37,467.31,685.67,491.51,77.31,247.29,322.033333333333,241.494845360825,202.5,2.36,128.07,257.83,1471.56,263.67,577.78,172.11,211.69,263.53,118.0325,529.12,,46.81,154.61,413.54,198.93,382.31,377.51,63.63,155.0
849,07/26/2022,251.86,251.14,66.74,244.15,210.85,534.68,37.96,57.8,274.83,93.15,310.85,145.2,232.73,107.63,133.2,85.57,82.7,468.96,102.13,,60.62,203.94,70.06,77.56,492.28,377.0,199.29,79.84,219.68,216.79,212.13058419244,337.67,1.39,91.9,308.68,1235.85,239.5,582.56,147.86,219.46,204.41,92.6575,573.27,,22.55,109.36,531.59,288.22,349.14,313.36,35.83,108.02
850,07/26/2023,339.85,235.21,48.95,282.8,265.25,422.63,52.4,92.28,290.69,69.97,389.47,187.71,213.03,48.9,136.24,101.2,130.69,469.59,91.63,77.43,77.19,282.18,81.9,79.82,448.21,556.16,191.19,62.8,231.96,329.37,218.84,403.79,0.45,90.4,311.17,1335.02,280.87,730.96,129.83,231.86,290.12,84.98,574.41,,47.31,141.43,508.0,351.91,289.92,379.42,40.47,141.82
851,07/27/2018,353.77,192.44,71.71,244.09756097561,340.4,307.44,33.77,49.32,177.25,66.04,253.99,82.92,122.26,42.63,106.72,69.67,23.8375,249.48,47.29,,76.81,124.15,42.48,60.8470588235294,315.1,241.27,301.15,68.64,120.45,173.07,149.46735395189,123.89,1.102,88.66,104.67,589.94,83.3,367.6,78.13,112.82,169.04,40.6075,231.1,,,124.98,255.95,172.1,195.18,109.64,47.28,122.52427184466
852,07/27/2020,308.75,253.65,89.29,268.468292682927,286.19,530.47,38.35,57.48,175.5,67.27,286.38,104,199.93,83.25,124.04,88.49,105.8575,263.99,78.69,,74.54,125.33,62.69,67.03,391.02,366.67,393.04,102.09,162.28,228.45,172.938144329897,157.15,3.806,96.43,182.24,895.5,192.55,637.4,114.97,157.69,197.34,69.2,413.44,,30.99,109.37,298.6,284.21,227.45,267.03,43.45,130.330097087379
853,07/27/2021,625.51,244.68,82.11,248.478048780488,333.96,702.79,45.51,59.42,228.88,70.47,410,121.41,392.75,114,139.96,120.35,112.145,382.63,109.9,,68.93,247.69,72.19,78.67,467.5,686.95,486.25,76.34,243.18,325.026666666667,243.23883161512,204.12,2.48,130.22,260.32,1479.88,266.85,581.01,170.16,214.86,268.35,118.4,530.28,,45.82,159.12,415.1,202.85,378.52,378.38,64.8,158.097087378641
854,07/27/2022,262.61,251.72,66.8,244.34,212.92,546.69,40.31,58.11,274.73,92.51,318.56,145.07,237.36,109.41,134.3,86.92,85.8,468,105.61,,60.9,204.66,70.94,77.74,478.35,385.96,207.17,80.68,225.13,225.34,214.321305841924,339.62,1.52,93.22,305.85,1273.56,243.61,587.91,150.69,221.53,211.8,93.61,581.93,,23.09,109.27,534.61,286.99,355.33,320.52,36.49,111.11
855,07/27/2023,385.31,236.05,45.48,283.59,262.79,422.14,52.64,92.43,292.75,69.95,388.65,187.33,208.51,47.64,134.36,100.03,129.36,470.69,82.67,76.86,76.51,276.32,80.39,79.45,451.0,545.96,189.7,62.68,224.56,323.56,216.05,405.51,0.44,88.51,307.34,1324.14,277.57,744.66,128.63,229.78,282.01,83.68,560.02,,46.61,138.05,505.23,349.64,285.22,354.9,40.66,139.86
856,07/28/2020,299.11,255.27,89.26,266.341463414634,280.35,521.75,38.27,56.58,175.75,64.23,281.51,102.11,197.37,80.68,123.46,87.99,104.4475,265.23,77.44,,73.73,123.96,62.1,65.9,386.65,361.65,385.42,100.61,158.65,226.563333333333,168.848797250859,153.89,3.8,96.35,181.5,882.03,196.38,631.0,112.99,157.11,194.28,67.67,407.36,,30.81,109.07,299.93,278.52,223.49,264.3,43.5,130.252427184466
857,07/28/2021,621.87,244.25,81.91,247.29756097561,334.18,705.98,45.43,59.65,227.25,69.73,413.64,121.34,399.62,116.51,139.97,118.84,114.98,379.93,110.06,,70.06,245.93,72.08,79.44,440.81,695.58,492.22,78.01,245.37,324.166666666667,243.290378006873,204.16,2.53,130.52,259.17,1487.64,272.51,586.41,174.46,214.28,268.68,119.19,528.27,,46.14,157.9,409.17,202.24,386.22,384.01,65.16,157.825242718447
858,07/28/2022,282.25,249.75,59.5,243.91,214.2,559.86,41.16,58.88,273.22,92.35,326.43,145.57,245.81,111.88,135.18,83.41,86.99,475.73,107.29,,60.4,209.78,70.78,78.71,484.01,398.56,213.75,78.82,236.01,230.54,216.821305841924,340.12,1.51,93.47,317.09,1298.96,247.47,582.37,154.42,225.11,219.03,95.19,597.64,,23.31,111.78,541.49,280.82,362.0,339.92,36.35,110.78
859,07/28/2023,381.9,236.37,47.01,280.32,265.23,416.61,51.69,91.69,292.1,66.18,393.45,186.56,210.49,48.18,134.49,101.04,132.38,467.04,83.74,77.87,76.86,273.25,80.69,79.67,453.3,552.78,192.44,63.09,226.15,326.53,214.64,402.89,0.45,88.25,301.46,1308.51,280.53,746.1,126.09,230.04,283.0,83.79,561.85,,48.14,138.74,502.91,354.05,285.77,365.46,41.03,139.34
860,07/29/2019,196.05,176.08,85.97,248.575609756098,237.11,320.94,42.29,45.81,172.24,53.84,341.49,87.23,139.79,56.41,102.5,59.66,38.385,298.32,72.09,,67.87,146.16,50.38,68.18,281.02,284.91,304.41,80.26,159.3,176.536666666667,143.72852233677,141.28,0.839,103.26,138.92,775.0,125.11,306.04,95.34,150.34,215.32,53.765,288.92,,43.88,152.65,253.82,166.23,219.14,138.37,56.37,130.611650485437
861,07/29/2020,300.24,248.85,90.73,269.658536585366,277.36,530.77,39.81,57.7,181.8,66.34,286.92,103.31,199.58,81.52,126.2,91.3,106.77,281.56,79.33,,73.01,129.78,64,68.71,396.4,366.91,385.28,98.04,160.06,231.93,167.190721649485,155.7,3.79,98.72,187.65,898.08,200.39,632.16,119.64,161.73,201.41,68.5875,409.26,,31.02,113.12,306.68,278.72,216.52,269.62,44.79,135.514563106796
862,07/29/2021,676.98,242.46,77.38,249.082926829268,329.17,707.13,45.32,59.99,228.95,69.08,416.9,122.71,405.52,119.32,141.24,119.01,114.0125,384.33,111.62,,69.83,247.9,73.82,80.22,430.75,704.16,491.63,77.4,248.71,327.163333333333,253.144329896907,205.22,2.5,130.68,255.21,1511.7,273.74,583.13,179.3,216.77,269.18,120.7775,533.77,,44.69,158.97,412.08,200.38,391.02,404.92,65.4,158.0
863,07/29/2022,280.97,247.47,58.66,244.31,215.06,563.26,41.05,59.56,275.36,92.97,327,145.93,250.54,113.1,136.57,84.16,82.08,477.1,100.54,,59.75,212.42,71.38,78.83,482.0,399.18,216.68,77.68,240.27,230.17,225.249140893471,341.58,1.54,92.52,327.72,1349.73,247.8,581.69,153.17,225.65,214.75,96.32,598.41,,23.45,112.47,542.34,280.41,364.03,343.56,36.16,110.39
864,07/30/2018,348.58,190.63,71.36,241.229268292683,331.46,304.14,32.93,50.16,176.8,64.7,255.96,82.91,120.98,41.35,107.02,69.81,23.3475,252.21,47.3933333333333,,76.32,124.05,42.92,62.0392156862745,313.0,237.76,289.24,68.58,120.92,167.666666666667,148.273195876289,125.9,1.102,89.08,102.74,581.81,81.43,371.51,77.75,112.2,164.99,39.3475,230.72,,,124.96,253.84,174.42,192.83,109.01,47.69,122.825242718447
865,07/30/2019,203.25,176.45,86.16,251.736585365854,241.51,320.89,42.86,46.41,172.25,53.8,341.09,88.72,141.11,58.05,103.65,60.1,39.0975,299.64,72.29,,67.09,132.8,51.5,68.88,284.52,286.05,299.96,85.43,160.53,177.213333333333,146.580756013746,142.52,0.83,103.75,137.5,759.97,125.83,311.13,87.53,149.52,213.61,52.6125,283.91,,42.59,152.87,254.93,169.54,213.32,137.48,56.67,132.68932038835
866,07/30/2020,296.13,246.14,86.01,267.160975609756,274.86,535.6,38.94,56.48,178.47,66.81,282.7,102.17,201.31,88.1,126.76,91.12,107.84,277.19,78.95,,72.33,128.05,69.71,68.65,398.54,374.1,382.78,100.51,158.26,229.13,167.388316151203,153.61,3.7,96.47,187.02,895.17,201.43,631.47,118.81,161.13,200.2,69.2175,410.56,,30.24,112.07,305.23,279.4,212.76,268.96,45.24,134.271844660194
867,07/30/2021,695.8,241.54,77.35,249.512195121951,326.73,739.51,45.6,59.38,229.49,68.61,421.77,122.17,406.92,119.81,141.8,120.25,128.8775,384.01,112.27,,68.29,248.2,75.04,80.15,425.86,678.53,495.75,77.35,247.7,330.486666666667,254.42439862543,203.83,2.51,131.31,273.01,1473.71,279.69,574.61,182.23,217.95,270.94,120.56,540.01,,43.46,160.41,412.22,201.58,389.81,411.73,66.04,158.660194174757
868,07/31/2018,356.65,196.55,72.45,244.263414634146,334.37,306.65,33.61,49.95,179.42,65.165,260.5,81.83,124.3,41.7,107.72,70.28,23.7825,253,47.4833333333333,,77.83,124.23,42.91,62.2823529411765,314.18,244.93,324.36,66.54,121.94,169.396666666667,150.635738831615,125.6,1.102,90.23,104.09,592.51,83.16,368.01,79.18,114.47,163.25,40.16,234.53,,,122.1,253.22,175.05,197.27,109.65,48.11,121.864077669903
869,07/31/2019,209.08,186.58,83.97,246.634146341463,237.82,314.9,42.46,45.73,169.92,52.09,337.4,87.15,134.54,56.49,102.08,59.85,39.2175,294.61,70.95,,65.52,133.51,51.25,66.54,296.75,282.05,299.38,84.92,159.17,173.17,143.917525773196,138.95,0.86,101.94,132.78,756.75,122.94,304.76,86.12,148.86,209.78,52.5375,277.68,,42.14,150.86,249.01,166.62,210.56,137.27,54.45,131.194174757282
870,07/31/2020,293.82,244.67,86.38,274.478048780488,274.69,524.89,38.57,54.62,172.69,65.25,282.93,100.19,198.99,87.34,127.07,87.39,108.885,273.8,78.41,,69.53,126.64,69.78,68.73,392.45,397.75,382.16,98.76,158.39,228.48,165.73883161512,150.16,3.722,96.48,184.7,935.0,203.36,632.07,118.91,159.63,193.3,68.79,413.95,,30.26,109.9,302.78,272.0,213.15,268.87,44.6,130.932038834951
871,07/31/2023,377.89,234.15,45.23,278.62,270.19,405.36,51.85,91.47,295.1,68.09,391.26,186.9,209.54,48.52,135.21,101.99,124.56,471.63,82.07,78,76.14,272.81,79.42,78.79,456.83,554.73,192.15,63.72,223.76,324.4,213.93,402.4,0.489,87.76,304.49,1257.47,276.75,741.91,122.95,225.55,283.41,83.4,548.66,,49.46,138.96,506.37,352.34,276.21,368.04,41.52,138.15
872,08/01/2018,353.7,195.84,72.75,243.90243902439,344.06,311.73,33.39,50.04,182.93,66.4,259.03,79.49,124.77,41.1,106.94,70.34,23.86,252.27,47.5933333333333,,77.9,124.58,41.43,61.6549019607843,318.14,236.15,323.23,65.59,122.06,172.096666666667,150.223367697595,124.79,1.102,90.24,121.94,587.52,83.87,371.03,79.9,115.01,165.0,41.1625,233.91,,,121.42,253.37,177.87,194.84,111.11,47.17,121.766990291262
873,08/01/2019,202.35,186,85.08,246.19512195122,243.06,310.37,42.61,46.67,167.56,51.35,337.99,91.7,133.91,55.76,101.25,59.34,37.08,292.95,71.69,,65.47,129.54,50.83,66.62,298.19,268.3,301.66,84.85,158.21,174.65,142.611683848797,148.25,0.85,102.37,130.24,760.79,122.56,309.43,86.18,149.09,212.92,52.745,277.81,,41.31,147.16,249.25,179.29,211.76,137.28,53.36,133.495145631068
874,08/01/2022,282.82,245.64,58.67,244.77,209.26,553.61,41.05,60.32,273.41,92.25,325.39,145.93,249.68,111.8,136.67,84.85,83.83,470.9,99.45,,59.6,210.91,70.95,78.39,474.64,398.13,215.61,77.4,238.37,228.54,221.59793814433,342.42,1.59,93.08,324.95,1350.83,245.68,576.68,160.87,222.51,213.49,95.815,589.55,,24.6,110.25,535.38,273.83,365.55,339.04,35.98,109.76
875,08/01/2023,376.62,232.12,45,278.54,269.3,407.31,51.89,91.64,295.64,68.01,390.01,189.1,209.31,46.51,134.6,102.39,122,467.98,82.05,77.69,75.68,273.87,76.61,78.82,458.11,532.3,189.29,63.69,219.13,323.95,213.61,405.02,0.459,87.68,302.01,1284.43,270.94,739.07,122.63,224.01,279.27,82.1,545.84,,46.65,139.26,504.74,347.74,274.4,371.66,41.37,132.27
876,08/02/2018,367.92,196.38,72.24,239.121951219512,347.93,311.72,33.38,49.98,188.9,67.55,260.36,78.98,126.89,42.52,108.52,74.1,31.1725,256.53,48.3466666666667,,77.63,125.28,42.12,61.8117647058824,321.7,240.8,332.5,64.45,124.36,173.966666666667,151.623711340206,123.99,1.102,89.89,128.35,588.82,87.54,397.0,86.55,116.4,166.45,41.5575,233.17,,,122.61,256.08,177.89,194.92,113.89,47.24,120.776699029126
877,08/02/2019,199.38,187.22,84.7,242.624390243902,242.27,336,42.75,46.11,164.58,50.97,334.86,90.44,133.12,55.09,100.34,60.1,36.0525,290.57,71.4466666666667,,64.95,127.14,50.25,65.9,293.93,268.71,297.38,83.47,157.08,171.2,141.554982817869,148.13,1.071,102.33,129.24,717.82,120.89,305.24,84.6,147.89,211.62,51.505,274.82,,40.4,146.45,250.05,178.39,209.52,135.56,52.79,134.04854368932
878,08/02/2021,700,239.79,77.21,249.882926829268,331.7,736.47,45.88,59.57,229.35,70.31,423.61,122.73,405.6,120.34,143.04,121.37,127.8375,390.29,113.28,,68.35,251,75.83,81.23,429.58,678.72,492.99,78.47,247.3,330.85,255.678694158076,203.57,2.52,131.26,274.25,1480.15,278.7,577.13,183.84,218.33,270.07,121.435,533.68,,43.49,159.63,415.57,198.32,388.85,415.23,66.71,158.26213592233
879,08/02/2022,281.23,243.91,58.88,243.02,209.15,547.96,41.46,59.76,271.44,93.31,324.81,142.81,243.66,111.39,136.7,86.45,88.3,472.14,102.22,,59.54,211.47,71.47,75.51,478.39,398.93,219.14,72.58,233.41,238.48,216.915807560137,335.09,1.58,93.21,327.04,1340.32,257.06,574.96,154.1,224.44,213.25,96.7525,586.04,,29.25,109.92,535.46,273.86,340.55,339.1,35.57,114.06
880,08/02/2023,367.4,230.41,43.91,276.24,271.56,403.75,50.62,93.09,299.4,67.35,387.86,191.43,206.01,46.54,134.76,101.97,123.81,471.72,80.38,76.59,75.68,269.39,75.67,79.71,483.75,519.18,189.56,65.68,219.09,313.87,214.94,413.07,0.423,85.46,304.6,1291.9,268.74,732.12,125.12,227.8,274.57,82.02,553.76,,46.96,136.59,504.8,358.4,291.77,370.58,40.67,128.38
881,08/03/2018,363.51,197.99,72.35,241.092682926829,344.21,312.18,33.53,50.3,189.25,67.415,260.31,80.97,127.73,41.65,108.84,74.55,30.8325,257.95,48.4033333333333,,77.93,130.16,42.11,62.9254901960784,324.11,242.64,332.49,63.04,123.14,174.2,153.702749140893,126.21,1.102,90.48,126.43,586.67,85.89,394.88,86.32,116.75,165.3,41.585,233.32,,,124.19,257.22,174.54,193.98,114.75,47.73,122.242718446602
882,08/03/2020,287.36,247.36,83.16,276.760975609756,278.16,531.04,38,58.04,173,63.1,295.36,104.48,207.57,90.17,130.01,87.21,110.9175,270.75,78.02,,71.73,125.87,71.32,70.9,394.55,391.99,397.86,101.79,161.18,229.646666666667,168.40206185567,159.9,3.69,97.33,185.81,926.43,202.45,645.18,121.77,161.07,191.6,69.7175,419.09,,31.19,107.75,303.61,279.52,213.05,278.64,44.68,131.766990291262
883,08/03/2021,701.34,244.08,76.28,249.531707317073,338,745.69,45.54,59.63,233.96,69.33,423.98,123.71,411.24,122.16,145.36,123.15,130.305,395.29,114.7,,69.83,253.51,75.74,80.37,425.49,695.67,498.42,77.95,249.98,333.203333333333,257.800687285223,206.42,2.29,131.46,277.45,1496.72,278.86,586.51,185.07,218.94,268.01,120.3175,536.99,,42.79,160.62,421.9,200.05,391.75,422.19,65.34,149.233009708738
884,08/03/2022,286.21,247.14,58.18,244.93,213.6,548.55,41.62,60.17,271.74,92.8,329.14,139,221.38,108.75,137.93,84.8,90.39,479.53,103.45,,62.27,216.47,72.26,74.54,481.8,406.87,223.1,72.54,233.21,242.18,217.164948453608,327.1,1.52,93.77,328.06,1359.92,260.85,608.77,154.23,203.0,215.9,97.9625,587.98,,30.19,111.16,540.65,275.03,338.88,343.65,35.9,115.61
885,08/03/2023,366.24,230.7,43.94,268.7,267.75,401.8,50.88,93.77,287.64,66.06,389.82,191.36,201.54,46.07,136.69,101.56,122.07,468.01,80,76.02,75.53,270.75,76.18,78.31,487.15,507.77,185.34,64.98,216.29,311.28,215.26,435.12,0.371,84.49,302.18,1269.11,265.28,771.45,123.17,225.5,275.62,81.01,548.38,,45.91,135.31,504.86,347.74,291.41,369.72,39.28,125.79
886,08/04/2020,288.27,243.59,81.08,275.960975609756,276.08,526.86,37.15,57.83,173.5,62.64,296.91,104.7,203.92,88.18,128.1,83.57,110.4725,270.89,76.6,,70.88,128.39,72.06,69.13,391.18,390.25,393.68,99.95,160.15,227.833333333333,167.328178694158,157.02,3.932,96.29,186.7,928.59,206.37,648.43,120.82,158.0,189.3,69.2225,415.72,,32.68,106.71,304.5,275.71,210.1,274.44,46.69,126.834951456311
887,08/04/2021,708.01,228.31,75.15,248.526829268293,338.1,762.12,44.26,58.98,231.48,69.09,414.13,125.55,416.31,122.9,146.71,133.78,128.6325,395.59,114.46,,69.24,248.26,76.59,77.3,426.21,698.48,504.6,77.34,249.86,330.293333333333,257.800687285223,205.37,2.34,128.38,278.79,1515.26,279.18,580.95,186.85,216.47,262.58,121.6875,538.88,,41.81,154.44,421.54,199.59,394.25,428.14,64.3,143.912621359223
888,08/04/2022,293.73,246.98,57.91,252.51,217.3,538.84,41.23,60.24,280.1,92.97,327.47,139.27,227.64,109.4,138.04,85.31,89.54,474.9,104.85,,61.91,212.72,71.2,74.15,479.93,405.02,225.28,71.91,234.34,242.46,216.829896907216,337.81,1.57,93.21,323.32,1346.88,256.01,614.96,152.95,207.99,214.23,97.725,590.0,,31.85,109.7,533.75,274.85,334.56,340.48,35.91,113.35
889,08/04/2023,361.44,243.28,43.92,270.79,268.92,400,50.72,91.25,286.58,65.8,388.79,185.33,206.9,45.74,135.65,108.81,120.33,463.18,79.55,75.9,78.68,268.69,75.93,78.09,484.28,504.08,187.67,63.63,216.93,309.31,215.23,421.77,0.42,84.04,302.96,1271.49,263.14,766.44,123.24,226.01,283.71,82.17,548.64,,45.2,134.36,502.73,340.48,289.89,375.07,39.29,126.32
890,08/05/2019,188.37,181.5,81.91,230.575609756098,235.21,318.8,41.36,45.55,159,48.52,325.68,88.7,126.51,53.47,97.85,58.63,35.5325,283.62,69.81,,63.36,123.54,48.15,64.54,286.68,260.07,289.06,80.92,151.8,163.82,137.259450171821,144.66,1.15,99.51,123.95,692.72,117.93,299.57,81.31,144.61,205.66,49.8725,268.46,,39.05,143.34,245.06,175.56,204.31,133.64,51.49,130.990291262136
891,08/05/2020,298.51,241.47,80.46,276.517073170732,276.17,527.3,37.73,57.6,174.87,63.98,299.15,103.5,217.97,89.62,127.06,82.92,112.9475,275.65,78.12,,69,130.41,73.32,67.13,403.91,395.71,400.74,97.62,160.75,230.963333333333,166.254295532646,153.67,4.266,97.02,193.97,945.24,215.32,624.52,122.09,157.67,187.96,66.9675,419.9,,33.2,108.14,312.47,273.23,211.18,274.65,46.85,129.73786407767
892,08/05/2021,699.22,233.99,74.46,237.151219512195,336.59,763.66,44.65,50.57,206.21,67.23,411.7,121.89,409.97,122.12,147.3,130.13,130.9825,376.68,114.78,,69.3,249.06,76.35,76.73,415.9,705.76,515.68,76.92,248.41,339.7,256.795532646048,199.67,2.3,128.02,268.64,1527.56,280.45,602.47,187.05,215.53,264.51,122.6625,542.35,,43.07,152.53,411.19,202.99,397.34,425.66,59.75,145.796116504854
893,08/05/2022,293.89,246.25,58.59,254.23,218.2,539.65,40.94,61.51,281.77,93.05,330.91,141.31,223.38,110.56,139.38,85.68,89.09,475.13,106.12,,61.09,212.81,71.4,75.38,484.02,407.78,223.77,72.16,234.74,240.32,218.788659793814,346.69,1.7,93.28,324.91,1347.72,267.05,613.61,153.72,211.98,215.79,95.7425,590.26,,32.01,110.35,535.06,288.03,337.87,341.7,36.84,113.26
894,08/06/2018,369.55,197.61,72.52,242.263414634146,341.17,315.45,33.15,50.05,187.86,67.595,258.44,82.14,127.54,41.21,108.38,73.03,30.46,258.13,48.1266666666667,,77.87,128.81,42,64.4470588235294,323.09,242.91,332.36,61.75,122.16,173.6,154.080756013746,126.75,1.102,90.59,127.09,587.02,85.69,390.05,85.66,116.2,166.13,42.2125,235.09,,,124.36,256.76,174.91,195.61,116.03,48.44,122.349514563107
895,08/06/2019,188.44,184.46,83.41,236.234146341463,240.17,320.81,42.33,42.92,163.72,48.95,328.75,84.11,131.76,55.26,98.92,58.96,36.9125,291.04,70.91,,63.98,124.33,48.74,61.76,292.25,270.38,291.94,82.63,154.45,167.923333333333,138.874570446735,139.0,1.056,101.24,127.26,707.17,143.13,300.26,82.8,152.32,211.21,48.5375,275.96,,39.15,146.39,248.28,176.94,209.61,138.42,51.62,131.21359223301
896,08/06/2020,301.8,241.55,80.37,253.278048780488,277.66,525.22,37.89,53.11,173.07,63.72,300.38,101.61,217.8,88.19,124.51,82.29,109.75,271.48,77.41,,68.81,132.32,70.25,66.98,407.63,389.78,399.33,97.25,161.04,230.416666666667,163.03264604811,151.75,4.142,96.73,194.26,938.25,220.42,621.21,119.05,155.98,188.59,66.6375,415.73,,34.71,107.82,314.06,273.34,210.64,273.89,43.26,129.116504854369
897,08/06/2021,693.67,230.15,74.83,235.160975609756,340,753.63,44.7,50.99,209.3,66.8,413,120.64,408.41,121.43,146.6,133.17,129.16,379.45,115.21,,68.78,250.12,75.94,77.03,419.21,685.2,497.24,76.3,248.96,343.34,256.22852233677,199.93,2.26,128.64,265.06,1521.69,275.51,610.86,185.43,216.29,262.56,120.455,538.2,,44.28,152.77,415.12,200.67,395.47,427.49,60.29,144.660194174757
898,08/07/2018,365.58,200.4,72.54,241.931707317073,350.1,308.97,33.22,50.8,188.27,67.84,257.49,83.44,128.42,41.05,108.84,72.84,31.19,257.97,47.5833333333333,,78.38,129.44,41.68,62.5882352941177,321.79,245.52,337.16,63.01,122.86,172.633333333333,154.742268041237,126.75,1.102,90.85,123.35,583.98,86.09,391.42,86.55,115.52,165.18,45.035,235.5,,,124.74,257.65,177.51,196.52,116.13,39.41,121.78640776699
899,08/07/2019,183.9,183.54,83.82,238.721951219512,237.58,320.35,42.18,42.75,166.48,48.96,330.62,85.85,131.98,56.89,99.97,59.75,36.8275,286.5,71.0266666666667,,63.88,126.1,49.25,62.46,293.89,267.87,292.87,80.46,155.25,168.453333333333,139.115120274914,139.21,0.933,101.39,131.5,704.97,142.34,302.22,82.61,152.93,211.74,47.6025,274.79,,39.7,146.14,246.45,175.65,210.35,139.65,51.53,132.233009708738
900,08/07/2020,305.81,240.69,80.73,250.156097560976,305.71,524.13,38.97,52.58,178.19,64.28,303.92,102.1,221.6,88.17,125.21,82.37,110.175,276.66,76.94,,69.35,130.27,68.55,67.8,417.94,381.76,355.66,96.93,160.54,228.616666666667,165.90206185567,152.0,4.1,100.05,196.01,944.17,217.73,620.21,119.33,154.22,191.54,66.44,414.33,,32.9,109.44,317.03,272.99,212.34,273.55,45.36,135.320388349515
901,08/07/2023,361.25,252.94,43.54,275.22,271.23,401.52,50.73,92.22,291.82,66.83,389.83,186.58,205.28,45.3,136.61,112.68,120.97,470.82,79.84,75.59,80.67,272.58,77.07,75.87,494.67,508.34,187.22,64.91,219.3,309.24,214.4,422.23,0.418,84.72,311.0,1259.55,260.85,774.74,122.8,226.19,286.27,81.29,551.79,,44.95,136.69,510.74,345.32,289.72,378.7,39.49,125.63
902,08/08/2018,366.21,196.2,72.67,245.268292682927,350.09,316.4,34.29,48.96,189.46,68.73,257.95,82.66,124.18,40.31,108.07,73.34,31.0875,260.54,46.5666666666667,,76.91,128.31,41.29,61.8039215686275,324.22,246.22,338.1,63.61,121.98,173.093333333333,154.493127147766,124.06,1.102,90.81,126.56,583.1,84.91,374.27,86.09,113.39,166.16,44.33,234.58,,,122.85,258.81,175.3,194.66,115.59,40.39,120.368932038835
903,08/08/2019,188.28,185.23,85.74,245.434146341463,238.23,331.66,42.76,43.89,166.6,49.45,334.14,87.89,134.8,57.19,101.23,59.79,38.55,288.65,72.3666666666667,,64.82,126.62,50.06,62.58,295.25,275.57,298.44,81.26,158.1,173.136666666667,141.27147766323,140.5,1.037,102.28,135.21,713.42,145.8,309.87,84.1,154.62,217.79,48.9175,280.5,,42.97,146.46,247.62,182.94,212.97,143.09,52.37,134.883495145631
904,08/08/2022,293.06,247.29,59.71,255.97,217.56,535.08,40.97,61.49,281.77,93.32,333.67,140.62,220.68,110.04,140.02,88.47,91.4,475.72,105.46,,61.6,211.34,72.78,76.34,482.53,407.0,222.98,74.0,233.66,239.13,219.768041237113,347.38,1.779,93.58,327.7,1342.11,263.06,630.63,154.09,213.42,217.32,93.7875,583.95,,31.85,110.16,536.6,293.95,332.15,339.36,36.99,113.16
905,08/08/2023,357.75,260.8,42.77,281.1,274.14,402.81,50.58,91.76,292.15,66.28,385.06,185.37,206.24,47.24,134.92,110.79,110.19,462.67,78.59,73.93,80.08,267.61,76.34,75.94,493.22,509.76,186.16,64.53,218.86,302.87,213.87,427.73,0.42,82.24,310.0,1254.94,238.34,780.32,123.18,225.24,282.33,84.3,555.78,,45.16,136.28,505.86,344.47,296.73,399.87,39.38,124.86
906,08/09/2018,366.87,193.97,72.07,245.365853658537,346.9,318.11,33.85,49.37,185.42,69.235,256.84,83.24,121.76,40.22,108.4,72.65,30.7975,261.13,46.3833333333333,,78.04,128.2,41.03,61.5921568627451,323.71,244.63,333.5,64.38,121.7,174.23,154.587628865979,123.88,1.102,91.22,127.75,575.6,86.07,372.14,85.59,114.74,167.01,44.57,233.24,,,123.67,261.59,175.05,191.95,115.32,40.12,120.135922330097
907,08/09/2019,183.33,196.25,85.97,248.146341463415,235.8,325.46,43.2,44.35,169.9,48.7,336.87,87.45,132.6,57.19,100.74,59.69,38.86,287.33,72.5433333333333,,65.24,127.5,50.07,63.03,297.78,278.86,294.0,81.79,156.0,171.833333333333,141.701030927835,140.19,1.037,101.67,134.44,702.28,152.31,304.89,82.22,153.94,218.74,48.0225,276.37,,40.05,146.94,248.63,182.98,212.01,143.92,52.37,134.281553398058
908,08/09/2021,686.56,227.89,74,232.721951219512,340.2,756.61,43.81,50.7,211.15,66.19,407.28,120.23,409.41,121.72,147.9,132.56,129.395,376.32,114.33,,68.46,248.64,75.84,76.21,416.65,686.41,506.15,75.31,247.66,344.0,258.719931271478,196.83,2.31,126.92,261.25,1523.94,286.65,613.94,186.68,215.01,257.55,119.8125,541.16,,43.25,150.49,410.87,200.4,393.62,429.01,59.53,143.145631067961
909,08/09/2022,273.64,248.36,58.95,255.3,217.59,518.86,41.03,61.77,285.04,94.77,325.63,144.72,214.48,108.13,139.21,89.28,85.12,483.97,101.44,,62,210.07,71.41,75.42,487.74,388.6,214.8,73.73,232.6,232.88,217.225085910653,354.77,0.95,93.1,327.04,1314.63,258.68,622.15,151.49,208.96,214.95,90.28,580.87,,31.06,109.62,537.26,298.83,323.81,329.49,36.31,112.49
910,08/09/2023,352.8,259.32,42.98,281.53,271.29,396.74,51.06,91.97,288.33,65.8,383.07,185.71,215.8,45.52,135.34,109.96,110.96,460.33,77.97,73.92,80.17,267.1,75.95,77.42,493.38,518.75,184.49,65.42,218.68,304.1,216.22,428.34,0.406,82.94,314.0,1245.24,229.69,785.61,121.18,226.97,282.0,83.0,547.58,,44.11,131.59,502.11,345.11,292.02,400.15,38.47,125.21
911,08/10/2018,364.53,194.42,71.5,243.248780487805,343,319.8,33.55,48.4,183.28,69.245,253.26,81.98,120.59,40.12,108.53,71.79,30.8375,260.04,46.02,,76.73,128.17,40.66,60.6823529411765,325.04,243.52,330.25,64.44,121.15,173.673333333333,154.286941580756,123.14,1.102,90.6,129.01,572.2,87.02,368.78,84.92,114.83,165.88,44.67,231.42,,,124.41,260.36,174.82,189.99,114.82,39.02,119.0
912,08/10/2020,302.9,238.17,83.1,250.487804878049,300.26,506.95,38.98,53.06,183,63,306.83,103.04,218.76,87.59,121.24,82.6,105.305,278.85,75.78,,68.51,132.47,65.9,67.99,419.76,377.19,353.35,94.32,159.64,227.666666666667,160.979381443299,152.39,4.31,100.38,189.3,945.95,203.94,608.24,118.6,155.88,187.67,64.475,410.16,,32.27,112.62,319.1,268.73,212.71,266.38,45.4,134.349514563107
913,08/10/2021,687.38,227.96,73.85,232.809756097561,337.22,763.8,42.65,51.01,210.95,64.99,406.55,118.97,407.29,119.19,148.57,132.75,124.985,377.37,111.95,,69.24,240.66,76.7,75.53,414.8,671.53,506.38,73.62,247.39,331.873333333333,259.149484536082,195.07,2.14,125.3,256.04,1515.27,279.4,614.98,183.5,217.62,253.51,115.9275,540.37,,43.5,147.1,411.78,196.46,394.88,425.01,58.25,141.52427184466
914,08/10/2022,287.81,252.09,59.9,258.56,221.04,548.49,41.86,62.75,287.07,94.82,332.24,145.58,226.52,112.84,140.98,91.2,89.73,481.33,103.86,,63.14,216.72,72.24,76.03,486.0,400.29,227.3,74.13,239.69,237.85,222.603092783505,359.61,1.031,94.17,329.77,1346.78,262.49,641.49,158.26,210.26,219.2,94.9875,592.35,,32.8,112.64,537.72,295.77,330.79,338.84,37.04,114.97
915,08/10/2023,347.23,262.06,42.99,277.23,269.06,397.94,50.86,92.34,288.91,65.75,377.77,187.03,217.61,46.33,134.12,108.43,113.27,466.11,78.28,72.3,80,268.05,75.3,76.46,495.03,507.49,185.12,65.51,221.78,304.67,214.02,433.99,0.4,83.12,315.5,1245.45,233.66,793.01,120.87,227.23,283.01,83.0,547.28,,44.6,131.37,503.48,347.38,289.3,400.25,38.53,124.85
916,08/11/2020,304.13,234.65,82.94,248.780487804878,289.94,496.34,39.31,53.04,182.38,62.88,300.31,101.38,210.24,84.9,120.14,81.73,102.7875,280.33,76.66,,68.1,131.59,65.79,67.2,415.77,374.03,341.21,92.98,159.31,225.0,159.905498281787,151.31,4.25,100.72,185.61,947.25,198.84,598.86,117.71,158.72,188.92,65.455,407.24,,31.21,112.96,315.55,261.86,213.64,264.55,45.81,134.184466019417
917,08/11/2021,687.78,228.13,73.98,234.790243902439,339.05,752.69,43.63,51.69,211.3,64.45,408.2,119.24,399.26,118.14,148.55,132.75,122.565,367.64,111.14,,69.84,241.16,76.64,75.9,408.8,665.32,502.77,72.9,244.55,331.883333333333,257.723367697595,197.31,2.18,126.04,249.77,1498.78,275.03,608.45,179.23,217.58,257.52,115.7225,537.26,,43.08,148.36,407.74,195.25,397.78,422.81,58.9,141.456310679612
918,08/11/2022,287.38,248.35,59.97,259.4,218.22,549.12,41.76,66,286,94.01,328.74,148.22,226.47,109.94,140.57,91.59,88.24,477.11,103.92,,62.45,216.52,72.07,76.72,484.07,396.68,227.44,73.76,242.0,236.02,222.285223367698,358.76,1.0,94.04,328.4,1346.79,264.08,623.9,160.96,210.21,218.01,93.6075,592.54,,32.24,111.39,532.86,292.16,331.62,337.75,37.17,115.0
919,08/11/2023,352.88,262.51,43.24,282.31,273.68,397.12,51.03,92.38,289.51,65.76,374.49,187.37,214.46,45.99,135.01,108.35,111.69,474.06,79.41,71.59,80,269.58,75.29,76.65,493.91,505.51,180.48,65.93,219.84,304.49,218.0,440.06,0.385,83.45,315.73,1239.8,225.28,806.95,118.84,228.0,282.11,84.39,543.78,,43.71,131.53,508.01,349.86,291.66,394.74,38.81,123.93
920,08/12/2019,179.68,205.78,85.6,243.073170731707,230.96,319.27,42.33,43.78,165.61,47.96,332.95,87.38,129.83,55.38,100.29,59.02,37.9825,282,71.9633333333333,,63.98,125.8,49.57,62.62,295.5,275.78,290.34,82.48,155.43,169.96,140.824742268041,142.69,1.037,101.0,133.95,681.78,151.05,295.87,80.83,154.25,217.19,47.6075,272.0,,37.0,146.69,243.2,179.84,205.83,142.29,52.28,134.47572815534
921,08/12/2020,307.98,241.72,83.48,250.946341463415,293.22,501.85,39.96,53.82,184.32,65.05,305.32,103.55,219.65,87.8,121.15,82.46,106.9725,283.18,78.58,,68.84,132.13,67.99,66.67,420.06,384.83,344.14,94.22,162.87,227.696666666667,161.59793814433,153.0,4.49,102.09,191.8,973.27,204.65,612.35,119.87,160.51,190.18,65.855,416.17,,30.84,113.46,322.27,270.85,215.21,272.44,44.96,134.543689320388
922,08/12/2021,704.27,228.15,73.86,240.09756097561,340.68,766.55,44.07,52.08,209.68,63.11,440.12,120.04,407.78,120.29,148.07,131.27,123.2125,367.63,111.77,,70.88,242.54,76.81,75.6,405.74,675.67,510.61,72.9,246.25,333.333333333333,258.178694158076,197.99,2.18,127.52,247.54,1518.15,281.35,608.0,182.29,218.17,260.9,115.9675,542.01,,42.73,148.65,405.96,194.81,401.33,429.72,59.0,142.145631067961
923,08/12/2022,289,248.39,60.46,263.69,220.99,548.74,42.33,69.32,290.92,96.64,334.07,150.5,233.01,109.97,140.55,92.48,89.83,491.7,104.8,,62.96,218.89,72.99,77.52,496.88,396.43,208.33,73.99,245.81,238.37,222.86941580756,365.2,1.07,94.82,332.43,1364.1,270.7,628.71,157.91,213.9,223.12,94.9125,603.21,,32.47,111.96,543.7,294.52,335.23,340.98,37.65,117.22
924,08/13/2018,362.28,195.61,70.71,242.175609756098,340.79,322.93,33.3,49.06,181.76,69.755,253.19,83.06,119.93,40.26,108.42,72.05,30.965,262.94,45.7033333333333,,77.17,128.65,39.02,61.0352941176471,324.07,240.57,327.3,64.87,120.8,173.453333333333,154.441580756014,126.03,1.102,90.74,132.03,567.14,86.65,366.45,84.5,114.28,166.11,44.425,230.7,,,124.42,260.91,175.05,187.32,115.13,39.57,118.883495145631
925,08/13/2019,182,206.12,88.18,247.160975609756,233.23,326.25,42.86,44.67,169.47,49.73,340.18,89.26,130.82,56.66,101.5,59.39,39.325,286.9,73.0733333333333,,64.3,127.9,50.33,62.28,304.87,280.91,293.99,82.89,157.08,172.666666666667,142.783505154639,146.31,0.992,102.4,137.28,689.97,152.77,304.86,82.15,155.4,219.11,49.3,275.17,,36.45,148.97,249.22,183.91,208.08,145.07,53.37,134.145631067961
926,08/13/2020,312.22,240.46,84.64,255.931707317073,288.54,509.78,39.75,52.43,180.88,64.68,304.9,102.73,217.36,88.41,121.75,81.67,108.82,282.33,79.4,,68.18,130.67,68.12,66.96,419.5,385.25,353.53,95.56,163.75,230.186666666667,163.737113402062,152.19,4.466,101.29,193.02,973.14,206.56,610.89,120.0,159.2,190.96,66.5725,416.6,,30.46,111.93,321.52,267.15,217.0,275.16,44.53,133.893203883495
927,08/13/2021,691.19,229.68,74.56,240.770731707317,342.25,778.3,44.33,51.7,210.61,63.07,436.99,119.57,411.22,120.56,148.22,130.28,122.8525,367.49,113.15,,71.16,242.98,76.92,75.68,410.77,672.1,517.32,73.47,248.14,334.346666666667,259.484536082474,198.43,2.04,128.34,248.28,1537.49,287.57,624.79,183.11,218.85,263.15,116.735,544.64,,42.22,149.39,409.67,194.36,405.27,434.28,58.69,141.834951456311
928,08/14/2018,368.66,195.76,70.71,244.292682926829,343.63,325.03,33.7,50.17,185.3,71.84,254.97,84.43,120.14,40.4,108.65,72.18,31.8575,264.97,45.71,,77.31,130.01,39.27,61.3725490196078,329.34,243.37,330.17,66.45,121.2,176.333333333333,155.146048109966,126.68,1.102,91.05,133.92,562.11,87.0,366.23,85.63,114.54,166.21,45.035,231.61,,,125.11,263.48,175.93,188.34,117.25,39.0,118.815533980583
929,08/14/2019,174.29,198.87,85.84,238.741463414634,226.72,315.83,41.43,42.41,160.18,47.78,332.74,86.34,126.53,55.16,99.53,58.17,38.375,272.9,71.17,,63.12,123.27,49.1,61.06,296.3,269.81,285.07,81.06,151.21,166.82,140.57560137457,141.86,0.99,100.93,134.32,660.59,146.39,293.53,79.44,151.69,212.06,48.06,269.48,,33.96,145.83,243.2,179.53,200.04,142.35,52.15,130.029126213592
930,08/14/2020,306.96,239.71,83.5,251.873170731707,289.45,506.37,39.16,53.68,183.4,64.64,303.82,103.75,214.49,87.02,120.01,82.17,106.29,283.23,78.07,,68.5,134.43,66.81,67.23,422.02,379.4,347.56,94.87,161.23,228.173333333333,163.092783505155,158.67,4.5,100.71,193.76,961.04,202.13,612.57,118.25,158.7,188.37,65.2575,413.76,,29.99,114.16,323.7,267.29,215.4,272.47,44.52,133.320388349515
931,08/14/2023,360.49,260.97,42.81,282.65,272.74,395.13,51.33,92.99,289.84,66.85,377.92,187.63,216.9,45.29,135.16,106.96,115.76,471.4,80.53,71.8,79.85,270.89,75.26,77.1,497.21,507.7,175.14,65.24,220.12,305.08,217.99,438.0,0.384,83.16,319.57,1240.17,223.89,808.38,117.8,229.14,284.79,84.81,540.34,,44.85,132.06,510.93,349.37,288.37,399.89,38.27,123.71
932,08/15/2018,350.45,195.26,71.25,244.907317073171,340.72,320.12,34.89,50.25,185.48,71.85,253.15,85.12,118.84,40.41,108.37,71.89,30.975,264.17,45.9566666666667,,74.84,129.63,38.41,61.5294117647059,326.1,241.57,327.82,66.87,120.2,174.256666666667,153.960481099656,126.42,0.965,90.99,134.01,559.44,86.2,361.87,84.3,113.0,166.78,44.995,229.0,,,125.46,260.61,173.0,186.44,114.89,37.97,119.135922330097
933,08/15/2019,174.37,199.31,85.78,240.341463414634,227.63,319.13,41.87,42,159.7,47.56,335.96,85.97,127.63,55.27,99.89,58.36,39.6325,274.11,71.7366666666667,,62.87,123.27,49.82,61.54,291.06,273.07,284.77,80.61,152.15,166.623333333333,140.57560137457,141.27,0.918,101.75,133.94,660.39,151.41,293.11,80.66,151.97,215.3,48.2125,273.31,,33.22,145.37,244.25,181.12,202.26,142.88,52.27,131.194174757282
934,08/15/2022,286.19,251.08,62.02,266.81,222.38,546.52,42.15,69.97,290.87,97.22,333.34,150.82,231.89,110.85,141.1,92.34,92.3,493.22,104.74,,66.21,216.7,73.47,77.6,498.61,390.85,226.59,75.28,248.26,238.26,223.496563573883,371.45,0.98,95.2,333.39,1366.39,270.64,643.29,157.65,213.96,224.57,94.52,604.49,,32.49,111.79,544.64,305.53,331.76,340.82,37.6,116.73
935,08/15/2023,361.05,266.01,42.35,279.66,270.22,394.71,51.68,90.57,289.29,65.27,376.99,185.44,210.07,45.43,133.53,105.2,114.51,467.82,79.86,70.54,79.64,268.77,74.82,75.83,495.31,509.37,176.02,65.41,217.66,306.62,216.16,430.91,0.409,82.84,315.61,1226.76,219.08,805.91,117.1,229.5,284.86,84.61,534.43,,44.08,130.77,506.69,349.78,285.47,402.13,37.59,122.52
936,08/16/2018,351.2,196.44,71.58,246.468292682927,342.93,317.88,34.29,50.45,188.19,71.96,255.62,86.82,120.59,40.78,109.54,72.87,32.0775,266.53,46.4633333333333,,75.59,129.02,38.16,62.0941176470588,330.08,243.26,326.98,67.85,121.03,174.633333333333,153.676975945017,127.09,0.965,91.1,134.15,567.76,88.03,371.78,85.19,113.35,168.69,44.93,230.79,,,125.37,263.1,174.96,187.92,114.74,38.08,119.184466019417
937,08/16/2019,177.29,204.02,86.97,242.273170731707,231.68,327.5,42.15,43.19,161.24,48.01,335.38,87.34,129.84,55.84,100.6,57.82,40.92,275.54,73.1133333333333,,63.14,123.93,50.45,61.75,297.0,275.41,286.17,83.12,155.21,165.15,142.740549828179,145.29,0.915,102.76,136.68,665.19,150.24,296.85,82.34,152.74,217.0,49.3925,276.15,,35.23,147.35,245.69,184.94,205.54,145.06,52.33,133.019417475728
938,08/16/2021,690.75,231.07,75.68,243.521951219512,343.5,781.98,44.66,52.43,210.9,64.06,439.54,120.07,416.03,120.98,151.35,131.61,126.545,376.39,114.36,,71.71,246.31,76.8,76.72,412.16,675.48,524.84,73.99,255.29,339.413333333333,263.161512027491,199.95,2.02,129.59,253.32,1558.91,292.91,628.6,184.61,221.96,265.05,119.3625,554.46,,41.5,151.45,417.21,190.97,408.13,441.61,60.55,142.300970873786
939,08/16/2022,289.04,253.15,61.84,267.78,219.64,533.97,42.35,70.14,290.61,96.33,337.27,152.66,228.12,109.22,140.53,92.92,90.79,492.28,102.28,,66.33,212.87,72.85,76.45,495.22,382.24,219.83,74.96,244.71,233.71,222.637457044674,373.84,0.991,95.31,334.43,1356.1,268.61,648.7,156.3,212.47,224.16,92.515,602.11,,32.38,108.44,546.12,303.0,329.2,333.93,36.78,116.12
940,08/16/2023,358.54,265.02,42.08,276.75,265.26,386.46,51.46,90.4,288.96,64.3,372.78,183.99,201.97,45.09,132.36,104.29,111.16,465.15,78.79,70.67,78,267.05,73.63,75.79,494.66,499.55,169.54,64.73,215.2,299.32,215.11,429.62,0.403,81.57,314.5,1198.3,210.6,797.34,114.76,227.27,281.61,82.14,528.87,,43.65,129.74,503.56,343.41,274.86,397.49,37.34,120.98
941,08/17/2018,357.3,197.42,72.04,246.946341463415,345.22,316.56,34.41,51.9,188.34,71.855,257.63,87.72,121.13,40.93,111.44,72.49,32.74,263.95,46.59,,72.92,131.57,38.33,63.0117647058824,324.62,243.5,325.88,68.8,120.28,174.973333333333,156.520618556701,129.38,0.965,90.6,134.83,564.74,88.3,374.26,85.36,114.11,169.98,45.125,230.0,,,127.8,262.33,176.08,187.55,116.02,38.67,120.252427184466
942,08/17/2020,309.52,243.01,83.7,253.69756097561,289.16,511.91,39.35,52.73,182.19,64.12,305,103.42,218.45,91.03,120,86.26,110.23,283.11,78.44,,69.15,134.3,68.08,66.78,420.01,384.39,354.13,97.48,161.5,231.333333333333,161.305841924399,155.79,4.51,101.86,195.55,959.78,209.6,620.73,119.67,158.11,189.03,65.6775,416.8,,29.48,114.39,320.51,273.84,215.68,274.99,43.68,134.543689320388
943,08/17/2021,680.89,231.2,75.93,247.29756097561,349.79,780.48,45.15,52.61,210.5,65.41,438.59,120.94,417.45,120.66,152.28,132.61,127.56,380.23,117.26,,73.03,245.03,77.23,77.46,413.36,678.12,522.89,75.66,257.04,345.0,262.422680412371,203.12,1.91,130.76,259.92,1546.25,302.84,647.44,182.85,225.82,267.58,118.505,556.31,,41.0,151.79,421.78,198.44,406.12,441.85,61.13,143.553398058252
944,08/17/2022,277.66,250.58,61.38,264.23,217.58,524.11,42.43,69.11,291.6,94.83,329.07,149.53,220.05,108.4,137.84,89.58,88.14,490.85,100.53,,66.02,208.99,71.89,74.89,495.72,374.01,213.02,73.86,240.62,229.71,217.611683848797,367.37,1.05,94.91,331.92,1356.6,266.6,636.34,150.74,211.63,221.43,90.6925,596.04,,30.72,106.27,545.0,299.23,335.42,328.25,35.75,114.64
945,08/17/2023,349.18,263.85,41.75,275.54,261.5,385.67,50.94,86.39,270.53,63.5,368.08,180,199.87,44.2,132.24,100.64,107.81,459.38,76.83,68.39,76.5,265.61,74.0,76.47,488.74,486.42,169.71,64.21,214.21,290.08,212.9,416.95,0.394,81.56,309.8,1205.1,208.29,796.73,114.48,224.05,277.93,80.24,535.96,,43.97,127.83,493.96,343.87,273.16,392.87,37.19,119.44
946,08/18/2020,306.07,241.5,84.27,257.424390243902,288.88,520.82,39.33,52.05,181.93,63.14,307.24,102.84,217.15,89,120,86.54,109.305,282.45,78.59,,69.06,133.91,67.8,66.28,417.17,386.65,356.07,97.56,160.53,230.796666666667,160.240549828179,155.54,4.552,101.56,192.8,963.2,209.94,618.59,118.04,157.75,189.36,65.6075,417.3,,30.08,112.11,316.81,271.31,215.06,275.31,43.24,134.757281553398
947,08/18/2021,675.26,226.84,75.27,242.253658536585,341.87,770.75,44.09,51.53,205.6,63.82,432.61,118.58,416.08,120.02,149.13,130.92,127.385,371.4,116.26,,71.96,242.47,76.28,75.78,408.16,676.94,510.61,74.54,255.0,346.46,258.109965635739,199.72,2.0,129.33,253.27,1519.93,297.0,635.57,181.07,216.28,263.58,117.705,544.66,,40.88,148.67,417.32,194.77,400.74,442.22,60.23,140.174757281553
948,08/18/2022,281.66,249.7,61.05,263.71,216.34,519.57,42.63,68.8,290.89,95.34,326.97,149.91,220.15,106.31,135.96,89.64,87.53,491.77,99.51,,65.18,215.04,71.58,76.05,495.89,374.75,209.06,73.62,238.82,229.59,215.137457044674,368.56,1.02,95.24,328.79,1358.72,271.32,624.83,148.17,212.82,220.84,90.3625,595.01,,30.15,108.26,545.22,294.29,331.19,321.79,36.36,114.52
949,08/18/2023,350.36,261.82,41.79,273.69,261.15,380.43,50.19,85.85,276.01,63.7,368.96,180.4,198.9,44.36,133.5,101.56,106.05,462.78,76.58,68.36,75.88,269.04,73.15,76.52,490.39,483.73,167.22,64.04,213.98,285.95,214.43,420.43,0.39,81.52,314.23,1184.68,205.11,812.4,113.22,223.87,277.91,78.24,532.38,,44.69,128.56,498.44,344.82,270.0,387.77,37.3,119.18
950,08/19/2019,177.62,206,87.87,245.346341463415,235.72,330.95,42.74,43.48,162.98,47.44,335.38,87.75,130.73,56.25,102.08,56.97,40.8975,273.41,74.1666666666667,,64.11,124.61,50.6,62.12,298.57,279.53,288.65,84.52,156.72,165.166666666667,144.862542955326,145.96,0.903,104.18,138.92,675.51,152.54,298.38,82.69,153.21,218.64,48.475,279.52,,34.61,148.2,244.71,187.09,209.87,145.78,53.53,134.52427184466
951,08/19/2020,301.51,240.49,82.89,255.609756097561,279.98,520.89,39.35,51.64,181.25,63.47,305.5,101.71,215.1,87.13,117.66,86.21,108.22,283.4,78.77,,65.7,133.04,67.04,65.14,418.0,381.5,353.35,96.27,160.16,230.47,156.96735395189,153.34,4.3,100.82,193.51,970.71,209.76,629.63,117.69,156.96,186.1,65.0125,420.62,,29.42,111.88,315.4,270.07,216.95,274.92,42.52,133.252427184466
952,08/19/2021,679.86,224.39,75.02,241.834146341463,338.62,776.25,44.27,51.32,206.18,63.91,442.04,119.26,420.33,120.9,151.6,132.15,126.3875,375.9,117.95,,71.67,246.5,76.56,75.76,413.69,681.71,470.36,74.51,256.66,351.88,260.111683848797,199.26,2.06,128.93,263.0,1541.6,294.81,655.63,181.77,214.89,264.32,118.97,551.88,,39.86,150.85,427.89,195.04,404.86,446.96,59.88,139.922330097087
953,08/19/2022,269.82,250.86,61.25,264.53,214.09,510.2,42.02,69.23,292.98,96.9,322.69,152.03,217.59,105.24,135.48,93.21,85.11,503.54,98.55,,65.34,215.03,71.46,76.41,499.86,373.74,202.75,74.54,239.02,224.78,214.183848797251,371.01,1.08,95.0,331.71,1333.8,267.42,618.36,145.13,209.89,218.14,88.7075,588.55,,29.01,107.98,548.32,299.04,327.98,319.52,35.78,113.23
954,08/20/2018,352.28,197.56,72.2,246.643902439024,344.11,315.33,34.57,51.75,187.89,71.54,256.06,88.27,119.64,41.29,111.34,72.46,33.0375,263.17,46.9366666666667,,72.36,131.46,38.26,64.0549019607843,326.39,242.48,325.99,69.05,120.3,175.12,153.797250859107,130.65,0.965,90.03,135.87,564.85,89.42,374.8,85.63,114.3,168.9,45.3225,230.14,,,127.29,262.4,175.71,187.53,115.4,38.86,121.038834951456
955,08/20/2019,174.5,203.17,86.97,243.2,231.28,340.48,42.5,43.76,161.15,46.54,332.33,86.3,129.43,55.77,101.44,55.91,42.07,266.57,74.0033333333333,,63.44,123.19,49.95,61.26,294.42,281.41,284.65,84.1,154.82,165.943333333333,143.479381443299,144.78,0.899,106.91,131.53,659.14,152.43,296.03,82.04,151.09,217.94,48.1475,276.19,,35.29,145.64,240.16,183.72,207.53,145.12,53.13,133.932038834951
956,08/20/2020,297.25,238.73,82.89,252.614634146342,277.52,515.58,38.86,50.16,178.01,62.4,299.26,99.04,214.71,86.54,117.91,86.72,107.97,281.75,79.1,,66.05,131.15,67.08,65.14,413.96,383.33,354.6,95.53,157.96,231.016666666667,156.082474226804,151.89,4.4,100.28,189.96,959.34,210.04,616.89,116.77,154.66,187.86,64.61,422.11,,31.41,110.22,313.33,271.43,214.73,275.47,42.0,132.815533980583
957,08/20/2021,681.57,223.53,75.19,243.219512195122,341.74,780.03,44.44,51.39,207.53,64.31,444.18,119.54,424.75,123.42,152,132.65,129.7475,377.99,118.95,,72.44,249.34,77.09,75.63,413.61,682.14,486.71,74.9,254.7,347.94,263.109965635739,200.41,2.08,129.9,266.99,1530.51,295.28,663.27,181.1,214.9,265.28,119.8625,555.0,,39.95,153.39,429.71,195.85,402.25,449.51,59.86,141.223300970874
958,08/21/2018,355.89,197.31,71.64,245.219512195122,343.28,318.62,34.49,51.66,186.05,71.9,256.76,87.99,120.17,41.57,110.63,72.3,34.0075,262.6,46.8,,73.32,130.61,38.49,64.2823529411765,325.97,242.52,331.44,69.62,122.52,176.35,152.560137457045,130.39,0.965,95.17,138.7,564.06,90.76,378.56,86.21,115.03,168.3,46.2175,231.43,,,128.4,261.69,176.86,187.43,115.96,38.97,120.650485436893
959,08/21/2019,176.39,203.94,87.31,247.190243902439,233.18,344.2,42.55,43.57,162.34,46.93,332.61,86.32,129.69,55.7,103.15,56.58,43.2975,267.88,73.93,,64.13,123.58,50.36,61.32,298.0,280.96,290.5,86.07,157.19,167.093333333333,144.828178694158,146.49,0.91,107.79,133.26,669.58,153.98,297.78,83.48,151.16,219.02,48.3025,278.27,,34.91,147.14,240.35,186.4,210.18,145.93,53.39,133.427184466019
960,08/21/2020,294.29,237.64,83.09,251.434146341463,277.07,517.95,38.43,49.85,178.3,62.47,301.6,98.15,216.37,86.49,117.83,86.8,106.725,284.63,78.71,,66.5,132.51,66.75,66.15,418.79,383.46,353.07,94.11,157.57,231.293333333333,155.171821305842,150.97,4.67,98.73,188.55,959.98,208.6,605.49,116.9,153.46,188.78,64.455,428.57,,30.83,108.7,314.14,271.28,216.24,271.48,42.6,132.194174757282
961,08/21/2023,342.59,260.7,42.03,275.62,265.07,380.15,50.42,86.94,281.26,63.83,372.08,180.98,200.91,45.4,132.89,101.89,104.68,466.27,76.33,68.97,75.94,274.82,75.23,76.44,491.28,481.97,167.41,64.88,214.36,286.67,215.63,425.85,0.382,81.61,320.0,1169.67,196.52,844.37,113.89,222.76,276.24,78.68,532.26,,44.63,128.3,497.68,350.74,267.17,392.68,37.56,120.35
962,08/22/2018,361.36,197.84,72.14,246.692682926829,344.98,321.32,34.47,51.26,186.36,72.03,259.53,88.15,120.51,41.95,110.71,72.05,34.5225,262.94,47.04,,73.82,131.11,39.02,64.2588235294118,324.18,245.89,335.78,69.48,123.86,178.333333333333,151.701030927835,129.72,0.824,95.58,139.44,566.24,94.33,380.17,86.84,115.44,169.55,46.2075,234.09,,,128.97,260.74,177.72,188.29,115.96,38.9,121.203883495146
963,08/22/2019,178.97,203.42,87.21,248.956097560976,232.06,341.95,42.69,43.76,155.78,45.55,329.82,85.55,129,55.24,102.62,55.96,43.5925,261.06,72.2233333333333,,64.22,122.24,49.84,60.71,288.82,279.88,288.52,85.56,156.55,166.756666666667,144.278350515464,147.76,0.92,107.83,129.59,663.68,155.19,295.02,82.6,151.19,218.27,47.8575,278.17,,34.0,145.95,232.94,184.21,209.99,145.86,52.95,133.116504854369
964,08/22/2022,256.05,246.9,59.67,260.75,207.7,500.1,41.26,67.91,291.5,96.8,314.42,148.99,211.9,102.36,131.99,92.39,84.3,507,95.87,,64.36,212.39,69.93,75.82,500.92,358.4,195.58,73.59,231.57,218.54,209.183848797251,368.12,1.02,93.09,329.5,1308.27,261.89,612.1,141.78,205.44,212.35,86.4125,576.11,,28.0,105.21,544.57,293.84,317.61,311.47,34.47,111.36
965,08/22/2023,351.63,257.62,41.61,275.7,262.98,379.07,50.41,85.52,280.07,63.8,370.18,177.96,200.22,44.41,132.38,101.66,106.98,463.3,75.97,68.93,76.35,274.83,76.86,76.25,484.19,488.35,162.94,64.79,214.02,287.16,214.78,418.39,0.385,83.72,317.75,1160.97,197.74,840.63,114.02,223.33,275.48,78.24,527.05,,44.35,130.72,492.34,350.4,267.97,393.18,37.52,115.75
966,08/23/2018,363.59,196.6,71.98,247.648780487805,341.89,317.05,34.35,51.33,185.8,72.175,259.21,88.28,121.96,41.83,110.8,72.02,35.55,264.28,47.01,,73.34,131.08,38.63,63.8039215686275,329.05,245.97,335.72,69.18,124.39,179.07,151.134020618557,129.36,0.824,95.61,139.57,563.07,93.99,379.19,86.75,115.38,169.4,46.985,234.19,,,127.71,261.42,176.02,187.67,116.1,38.12,120.854368932039
967,08/23/2019,175.04,199.08,85.03,242.253658536585,225.85,332.67,41.17,42.79,153.3,44.72,321.67,83.54,125.07,53.15,101.6,54.7,43.3875,260.38,70.68,,62.51,119.78,48.13,59.46,286.96,270.44,279.44,81.91,153.15,161.526666666667,142.491408934708,144.85,0.898,106.05,127.33,642.84,154.09,286.85,80.76,148.46,214.1,46.905,269.36,,33.43,143.48,230.66,180.18,204.96,143.33,51.67,129.747572815534
968,08/23/2021,697.5,225.64,74.81,243.756097560976,346.43,782.87,43.99,52.18,207.74,64.53,444.84,119.68,425.81,125.04,150.53,132.43,128.18,377.34,116.96,,72.55,249.65,77.47,75.74,414.47,671.11,478.33,75.53,254.38,348.673333333333,260.919243986254,202.33,2.2,128.48,262.82,1531.92,293.54,667.29,181.51,213.23,265.28,119.975,552.61,,41.0,153.07,425.36,198.4,402.78,446.57,60.01,141.106796116505
969,08/23/2022,252.23,244.47,58.66,257.4,202.81,494.62,40.86,67.98,286.33,95.11,311.32,148.02,210.81,102.51,130.05,92.29,83.63,493.23,94.15,,63.68,210.25,69.44,74.65,493.19,356.91,194.84,72.99,229.24,216.81,205.197594501718,364.02,1.03,90.22,321.99,1282.83,259.88,602.53,141.15,202.79,209.14,85.5325,572.97,,27.81,103.59,535.8,286.25,314.83,309.71,34.3,109.3
970,08/23/2023,359.48,257.36,41.41,277.08,264.8,385.96,50.35,85.37,281.83,63.63,373.56,177.77,202,45.36,133.42,102.06,104.38,459.84,75.9,68.99,77.04,277.17,75.31,76.27,481.43,503.03,163.94,64.65,216.14,290.39,214.94,421.29,0.4,83.68,319.0,1165.09,188.52,840.81,116.29,225.52,275.96,78.68,545.24,,45.14,130.5,489.44,350.6,271.03,393.07,37.78,114.85
971,08/24/2018,367.6,196.64,72.35,249.170731707317,342.33,318.76,34.72,51.83,185.72,72.62,259.98,88.33,121.51,42.14,110.51,72.83,34.0825,265.38,47.2433333333333,,73.59,131.36,39.06,63.6470588235294,331.44,249.5,340.6,70.08,125.42,180.506666666667,150.085910652921,129.67,0.824,95.55,138.09,568.0,94.07,376.33,87.49,114.95,169.98,47.0625,234.71,,,128.1,264.28,176.84,189.36,116.82,38.5,121.747572815534
972,08/24/2020,295.08,235.57,83.85,248.731707317073,276.56,511.17,38.94,49.8,177.68,60.28,301.91,97.57,215.41,88.46,117.6,87.57,105.6975,279.16,78.71,,66.08,134.38,65.33,65.66,406.08,380.62,348.87,94.04,156.24,231.913333333333,153.840206185567,149.66,4.61,100.13,181.59,947.94,209.96,594.77,115.22,153.12,188.7,62.5825,419.76,,31.04,111.08,308.84,267.43,215.02,269.67,43.45,132.825242718447
973,08/24/2021,712.84,224.38,74.53,241.824390243902,349.4,788.79,44.85,51.77,211.89,64.58,447.79,118,427.51,126.25,149.53,131.77,128.825,376.75,118.09,,72.25,249.48,77.14,75.59,412.34,672.54,479.67,75.54,256.86,348.896666666667,259.544673539519,200.41,2.19,132.57,267.64,1525.56,300.02,669.95,182.2,213.64,271.1,123.1225,550.49,,40.17,154.62,423.41,199.73,402.27,445.88,60.57,144.407766990291
974,08/24/2022,261.7,244.49,58.71,258.35,201.78,499.09,41.15,68.75,288.76,95.62,309.81,148.23,209.74,102.69,128.74,91.23,85.92,493.4,94.96,,63.62,210.42,69.67,74.17,495.64,360.55,210.75,72.97,231.83,220.47,200.0,363.22,1.07,89.28,323.93,1296.76,273.7,602.79,141.39,205.53,212.5,86.745,573.15,,28.71,104.61,536.46,291.03,316.88,310.58,34.36,109.7
975,08/24/2023,350.71,256.62,41.46,277,262.43,382.27,50.43,86.17,282.38,63.96,369.82,178.77,198.62,44.6,133.22,101.05,100.98,456,75.01,68.43,76.33,272.59,75.17,76.2,482.63,486.02,159.6,64.23,215.51,285.64,212.49,423.35,0.393,81.06,318.07,1161.96,187.84,831.21,116.2,224.57,273.44,78.79,538.01,,44.68,130.13,488.1,346.77,271.17,391.72,37.24,114.32
976,08/25/2020,296.68,248.22,84.6,249.551219512195,279.03,511.98,39.64,50.56,177.41,60.79,305.03,98.28,217.06,88.35,118.33,87.71,107.5175,276.47,80.35,,66.05,134.11,66.11,65.49,405.84,383.93,350.95,95.31,156.94,233.166666666667,154.269759450172,152.0,4.64,102.59,182.26,967.82,217.76,610.5,116.22,154.59,189.57,62.73,422.29,,31.19,109.7,312.22,272.35,216.14,274.6,43.69,133.592233009709
977,08/25/2021,716.9,221.59,73.8,240.975609756098,342.75,798.53,44.81,51.77,211.39,63.56,446.74,118.09,432.89,129.15,149.71,130.77,129.39,373.18,117.02,,71.41,252.09,77.6,75.5,406.6,676.42,487.47,75.76,258.71,347.986666666667,261.39175257732,200.3,2.29,134.55,264.88,1560.62,299.75,669.18,185.02,216.03,271.49,125.06,548.08,,41.55,155.17,419.74,201.33,407.1,444.52,60.61,146.009708737864
978,08/25/2022,272.99,245.68,59.92,260.01,204.83,514.63,41.78,69.1,291.85,95.73,314.03,150.42,213.85,104.2,130.6,92.16,88.37,492.34,96.65,,63.59,213.56,71.18,75.11,495.27,371.21,217.52,72.68,234.73,225.02,203.659793814433,366.89,1.03,92.14,327.5,1323.96,282.86,603.8,144.42,210.15,216.69,89.65,585.47,,29.62,105.79,541.57,291.22,320.32,314.68,34.76,111.94
979,08/25/2023,356.35,256.38,41.53,280.01,264.43,381.78,50.76,87.63,279.23,63.48,371.38,179.48,200.39,44.89,132.39,100.61,100.76,452.52,76.17,68.59,76.86,273.28,75.41,76.85,478.94,492.68,158.08,63.86,219.01,297.55,212.19,423.3,0.38,82.19,318.96,1175.45,183.0,830.35,114.94,226.4,278.12,80.16,541.59,,43.96,131.25,489.12,350.06,273.37,393.73,37.53,115.24
980,08/26/2019,175.19,205.41,85.77,242.741463414634,223.76,335.25,41.85,43.83,152.91,45.27,324.24,85.9,126.23,54.25,101.31,55.05,43.6725,260.51,71.8866666666667,,63,120.41,48.54,60.71,288.79,277.13,282.28,82.81,155.12,163.696666666667,141.941580756014,147.08,0.885,106.89,127.63,647.45,154.36,284.73,80.29,149.62,217.14,47.52,270.92,,33.31,144.23,231.08,180.64,203.05,145.35,52.06,130.902912621359
981,08/26/2020,300.7,250.18,84.35,247.785365853659,279.17,513.21,39.35,50.95,174.1,59.38,305.45,97.66,218.6,88.71,118.33,87.52,106.4225,270.21,81.52,,65.6,131.63,65.91,65.67,403.73,386.02,353.56,93.75,158.52,233.33,154.029209621993,152.08,4.62,104.08,181.21,972.1,215.43,612.0,119.44,154.27,189.01,63.1925,425.65,,32.3,108.3,308.82,271.29,216.09,274.11,43.53,132.844660194175
982,08/26/2021,696.56,221.47,73.77,241.492682926829,342.24,797.74,44.66,51.3,207.79,63.58,446.07,116.81,437.65,130.3,149.59,129.96,129.265,370.07,116.96,,71.43,251.04,78.06,74.13,402.75,673.36,470.86,75.15,258.49,347.416666666667,259.132302405498,197.64,2.4,133.37,264.13,1556.89,294.13,665.77,183.68,212.63,271.15,123.2975,552.77,,40.62,154.54,416.85,198.25,407.35,446.7,60.39,145.233009708738
983,08/26/2022,252.45,240.65,57.17,253.73,198.59,495.28,40.52,67.6,284.87,89.94,296.57,146.19,204.81,99.7,127.1,88.65,84.49,483.48,91.24,,62.37,204.98,67.71,73.39,486.71,349.9,205.37,71.48,219.67,211.09,196.872852233677,356.79,1.0,89.43,338.51,1251.91,267.17,596.18,137.57,200.99,207.0,84.685,563.71,,28.58,101.47,529.25,281.68,300.81,303.77,33.61,107.51
984,08/27/2018,381.87,198.6,72.98,250.048780487805,342.7,324.76,34.94,52.47,187,72.765,261.83,88.46,122.03,43.66,110.39,72.16,35.1575,266.23,46.9066666666667,,74.82,131.26,39.06,63.6549019607843,332.37,251.34,345.12,72.36,126.42,181.74,149.639175257732,130.32,0.824,95.44,139.68,573.05,97.65,388.44,88.5,115.09,170.48,46.8825,237.92,,,127.44,267.08,179.32,190.98,117.39,38.52,121.650485436893
985,08/27/2019,173.8,206.49,86.39,244.214634146341,220.79,334.7,42.22,41.93,146.27,45.03,326.39,81.28,126.91,52.83,100.46,53.78,43.75,251.3,71.63,,63.31,117.4,48.26,60.46,272.06,284.77,285.02,80.26,153.66,165.006666666667,140.833333333333,138.75,0.871,107.54,125.9,647.23,151.45,281.41,80.2,153.02,218.51,47.28,272.93,,33.11,140.68,222.93,178.25,204.19,146.27,51.56,130.582524271845
986,08/27/2020,305.64,252.81,86.27,240.556097560976,279.26,497.15,40.78,50.67,177.08,60.49,312.43,98.13,217.15,87.71,110.01,86.95,106.9375,274.59,83.7,,65.55,134.42,61.54,66.45,407.45,386.28,351.11,94.3,158.5,236.463333333333,149.707903780069,154.26,4.18,106.86,183.74,968.68,216.33,614.97,114.5,156.93,196.2,63.26,420.53,,32.8,111.94,311.67,274.34,215.76,273.92,44.73,136.436893203884
987,08/27/2021,701.85,222.78,73.97,242.439024390244,343.19,792.41,44.8,51.74,210.68,63.98,446.58,119.89,436.75,129.85,149.14,130.81,130.1775,372.67,116.39,,71.28,251.85,79.19,75.23,405.76,668.27,464.58,75.68,259.55,345.506666666667,258.178694158076,201.12,2.44,133.81,268.74,1565.61,295.09,663.29,182.91,213.61,273.42,123.7525,548.51,,40.69,156.79,418.76,199.92,407.35,446.96,62.09,145.699029126214
988,08/28/2018,382.25,198.62,73.06,251.365853658537,345.53,324.66,35.06,52.25,187.96,73.19,263.57,88.87,121.77,43.52,110.57,72.22,35.3975,266.71,47.33,,74.93,130.24,39.26,63.3098039215686,333.24,251.7,344.76,73.85,126.56,181.636666666667,149.690721649485,130.0,0.868,95.77,140.16,575.61,99.56,390.05,89.21,114.93,169.89,47.085,237.96,,,127.42,268.51,180.87,191.5,117.16,39.18,122.31067961165
989,08/28/2019,177.31,207.52,86.93,246.839024390244,221.07,335.11,42.49,41.74,147.45,45.32,320.97,81.01,129.31,52.19,100.93,54.47,43.7975,253.81,72.3,,63.64,119.05,48.45,60.5,276.08,285.56,281.62,81.35,153.46,167.083333333333,141.082474226804,138.1,0.871,108.0,126.92,646.39,150.34,287.64,81.85,152.96,219.49,47.65,276.06,,32.59,142.6,227.35,178.34,206.35,146.19,51.72,133.145631067961
990,08/28/2020,300.58,253.12,86.03,236.878048780488,281.46,498.84,41.03,50.5,181.15,60.48,315.89,97.55,217.46,87.66,110.75,86.94,104.7375,277.28,84.33,,65.26,135.99,60.37,66.44,408.04,383.98,354.0,93.9,161.22,242.336666666667,152.414089347079,153.87,4.34,107.86,183.82,966.61,214.34,602.61,116.91,157.64,198.21,63.26,424.48,,33.8,112.62,314.37,269.96,217.43,271.59,45.32,137.543689320388
991,08/28/2023,358.66,256.55,41.65,281.55,265.05,385.38,53.79,89.74,281.55,64.02,373.36,180.39,198.76,45.64,132.44,100.55,99.29,454.41,76.03,69.31,77.04,277.54,75.56,77.99,480.64,493.08,158.2,64.83,221.79,301.48,212.24,423.4,0.399,81.39,321.22,1181.7,181.21,830.89,117.37,227.83,278.31,78.26,545.19,,44.15,133.01,491.28,351.6,281.45,403.37,37.65,117.53
992,08/29/2018,385.43,199.75,73.96,253.024390243902,349.99,324.58,35.54,52.28,190.46,73.44,265.61,89.26,121.77,42.42,110.85,73.05,35.555,267.13,47.9433333333333,,75.62,132.13,39.46,63.6078431372549,334.56,254.46,350.63,74.08,126.19,184.67,149.432989690722,130.0,0.868,96.59,138.9,581.0,100.45,406.62,90.09,114.99,171.27,47.93,239.73,,,128.39,269.0,184.86,190.21,117.35,39.56,122.825242718447
993,08/29/2019,179.95,206.98,87.5,248.819512195122,220.16,337.31,42.84,42.27,152.5,46.32,328.59,81.91,131.03,52.95,102.35,55.51,43.015,259.79,73.3566666666667,,63.75,120.75,49.15,61.35,279.49,289.29,285.06,82.44,155.98,169.386666666667,144.201030927835,137.96,0.83,107.8,129.9,654.17,152.51,290.57,83.08,155.14,221.82,48.16,285.77,,32.76,144.24,230.62,178.98,210.92,147.14,52.02,134.155339805825
994,08/29/2022,247.99,239.38,56.99,254.44,197.11,488.31,40.39,69.69,287.19,91.44,291.3,147.49,203.62,92.28,126.63,88.95,83.38,488.51,90.36,,62.45,204.08,67.44,74.11,488.19,349.05,210.18,70.51,218.21,208.9,197.310996563574,363.02,0.96,88.91,344.96,1232.37,263.78,592.77,136.32,198.52,206.8,83.3475,556.69,,28.74,101.31,529.77,281.6,302.19,301.57,33.08,107.62
995,08/29/2023,367.62,259.64,42.33,281.47,268,395.6,54.68,89.83,281.64,64.44,378.11,179.98,203.89,47.81,132.4,102.19,100.58,457.81,77.83,70.48,78.21,279.35,76.03,78.33,481.3,511.49,161.93,64.59,225.14,310.39,211.33,421.68,0.385,82.08,322.28,1206.83,189.48,830.19,118.98,231.38,285.02,80.28,555.41,,45.35,134.76,492.83,351.26,287.81,412.41,37.79,119.23
996,08/30/2018,387.05,200.35,73.9,253.970731707317,352.74,325.78,35.4,52.45,189.8,73.345,263.69,90.06,121.56,41.55,110.13,66.51,36.1,265.01,47.9333333333333,,76.29,131.79,39.69,60.3921568627451,332.37,253.48,353.01,73.65,125.91,185.056666666667,148.505154639175,129.98,0.868,96.81,138.34,579.82,102.53,408.51,92.6,114.24,169.02,47.835,239.19,,,129.24,268.39,186.03,190.06,117.09,39.66,120.165048543689
997,08/30/2019,183.11,208.62,87.95,247.726829268293,219.75,337.71,42.73,43.13,153.97,46.62,309.75,82.27,131.2,52.74,102.37,56.37,42.9025,261.52,73.9466666666667,,63.54,120.2,49.37,61.62,283.21,289.74,281.34,81.82,155.15,170.446666666667,143.951890034364,138.27,0.814,107.89,130.28,656.79,154.17,290.05,82.7,154.4,220.66,47.8925,287.06,,32.57,144.58,234.0,180.02,211.89,145.46,52.15,135.145631067961
998,08/30/2021,702.11,224.13,76,244.360975609756,344.42,813.54,44.83,51.51,207.47,63.23,449.38,119.52,444.68,130.31,150.77,131.14,130.385,370.57,118.04,,72.01,253.49,79.64,75.18,405.51,686.97,457.0,76.05,261.6,352.97,260.463917525773,201.17,2.4,133.84,265.52,1588.73,296.15,677.08,187.95,214.62,274.08,126.46,558.53,,39.59,156.02,418.3,199.49,413.06,451.69,61.28,145.417475728155
999,08/30/2022,246.68,239.12,56.48,253.17,196.08,483.5,40.04,69.84,285.07,91.19,288.26,145.43,205.44,89.28,126.28,87.09,82.74,486.85,90.43,,62.5,201.78,67.0,73.42,485.66,348.84,205.25,69.96,215.99,206.5,195.884879725086,364.01,0.9,87.25,335.99,1223.72,258.22,588.39,136.25,198.5,205.27,83.345,554.29,,28.71,99.81,522.84,281.36,299.39,296.42,32.94,107.37
1000,08/30/2023,370.86,257.88,41.97,280.3,267.18,396.85,54.27,88.04,282.67,62.72,380.86,178.9,209.68,48.98,134.68,103.31,103.42,459.57,77.82,70.39,77.66,279.76,76.34,77.5,475.26,510.81,166.06,65.25,224.55,318.58,212.36,421.6,0.383,82.31,322.35,1217.57,201.62,834.95,118.95,232.0,287.14,80.24,559.0,,46.51,135.0,491.53,350.76,287.19,409.12,37.35,120.24
1001,08/31/2018,386.49,199.81,74.37,255.482926829268,353.49,325.3,35.56,52.19,188.34,73.24,255.78,89.97,123.51,41.8,109.98,69.29,36.095,264.73,48.08,,75.73,134.11,39.76,60.9254901960784,333.26,254.04,354.83,73.91,127.09,186.666666666667,148.513745704467,128.75,0.868,96.41,138.0,584.46,104.27,406.75,92.43,114.42,169.43,48.0425,239.1,,,130.16,268.46,184.4,189.48,117.05,39.92,120.029126213592
1002,08/31/2020,296.98,253.32,87.07,236.848780487805,287.64,508.59,41.02,50.76,177.37,61.32,314.38,97.03,218.95,92.5,111.24,86.76,106.3525,281.52,85.84,,66.75,135.72,59.72,66.44,415.17,391.06,357.22,96.35,163.75,243.613333333333,150.987972508591,153.44,4.49,107.47,184.97,970.78,218.25,619.93,117.72,159.64,198.16,63.865,428.98,,33.63,110.35,312.55,279.12,216.26,283.96,44.87,136.776699029126
1003,08/31/2021,709,225.53,76.22,245.560975609756,338.91,804.82,45.15,52.49,211.65,62.98,450.71,122.21,443.86,130.44,152.83,130.77,132.355,375.13,117.18,,72.78,252.98,79.15,75.59,405.42,673.76,457.16,76.49,259.73,351.186666666667,260.635738831615,204.14,2.44,133.48,268.77,1552.83,297.81,673.4,184.8,215.01,277.1,124.785,554.95,,39.14,155.76,416.27,200.29,414.02,451.62,61.7,146.067961165049
1004,08/31/2022,243.7,240.3,57.46,252.42,195.38,485.04,40.31,70.72,283.45,89.74,287.44,146.56,205.25,88,125.31,85.29,82.21,485.11,90.1,,63.47,197.87,67.56,73.41,481.78,347.62,201.64,70.43,212.66,205.74,193.530927835052,367.0,0.922,87.92,337.37,1212.46,255.47,581.06,135.06,201.38,205.2,82.9525,545.32,,28.76,97.84,519.33,281.76,298.6,296.69,32.77,106.32
1005,08/31/2023,370.14,256.34,40.6,279.45,267.36,400.2,53.94,87.33,276.26,61.65,369.99,175.98,206.82,49.97,131.5,102.42,100.98,442.01,76.47,70.45,76.48,277.3,74.74,76.54,461.63,511.41,165.22,64.53,222.63,312.68,208.1,412.32,0.37,81.5,310.12,1213.48,191.71,826.49,117.03,229.59,283.55,78.4,557.1,,47.23,134.7,476.58,348.34,280.8,406.9,37.09,119.12
1006,09/01/2020,305.43,250.86,85.55,234.965853658537,279.75,509.66,41.47,49.34,176.15,61.37,309.4,94.3,216.05,90.68,109.65,87.34,105.5475,273.08,85.91,,65.83,134.2,59.22,65.16,414.85,398.49,347.84,92.97,165.13,247.19,149.579037800687,150.22,4.26,107.52,186.03,975.89,223.21,592.68,119.39,158.77,198.03,64.36,433.73,,34.3,110.57,312.83,275.49,212.02,281.75,44.85,136.388349514563
1007,09/01/2021,718.72,223.35,77.6,246.312195121951,338.24,814.95,45.58,52.4,211.05,62.71,450.97,122.68,443.79,133.86,153.54,130.77,136.23,369.38,119.43,,71.87,252.66,79.51,76.66,405.6,676.9,463.02,77.03,262.23,354.236666666667,262.001718213058,202.99,2.39,134.17,265.18,1552.67,299.99,680.96,188.01,217.19,276.67,126.3375,561.72,,40.62,155.45,417.35,197.14,416.12,453.12,61.43,146.47572815534
1008,09/01/2022,245.74,245.5,56.76,255.25,199.79,486.25,40.99,71.32,288.04,91.24,300.12,147.61,203.24,88.34,126.12,86.93,83.08,490.17,90.12,,64.95,199.45,68.42,72.69,486.98,349.93,200.62,71.35,211.62,206.11,195.094501718213,363.83,0.906,88.53,341.12,1208.33,259.53,600.63,135.33,200.22,206.68,83.21,550.75,,28.92,97.25,524.0,290.2,300.35,296.1,32.17,106.8
1009,09/01/2023,374.9,256.71,40.6,278.46,267.17,394.6,53.62,87.58,276.67,61.27,364.69,174.96,209.62,50.2,130.52,102.99,101.9,442.38,76.38,69.25,76.65,280.81,75.12,76.35,460.61,511.29,168.46,64.69,224.33,310.41,206.58,412.34,0.37,82.13,310.44,1222.5,192.18,831.63,116.92,230.87,284.45,78.76,557.22,,47.04,134.57,476.24,351.1,281.02,407.69,37.48,119.45
1010,09/02/2020,324.43,258.12,85.91,240.185365853659,285.6,524.3,42.23,50.99,181.34,61.98,317.21,98.29,220.11,89.44,110.69,89.44,111.9275,279.97,87.44,,66.79,138.17,61.74,66.89,427.77,406.31,364.53,95.44,169.75,255.036666666667,151.993127147766,156.25,3.994,108.78,193.15,1005.15,224.28,610.15,122.06,163.55,201.62,65.3925,441.06,,34.37,112.34,320.24,281.89,217.07,288.02,45.73,138.805825242718
1011,09/02/2021,729.03,225.96,81.06,248.907317073171,335.57,825.77,45.06,53.57,218.21,64.61,450.37,124.98,449.04,139.6,155.01,133.52,134.9275,382.94,120.61,,72.34,253.28,80.32,79.33,416.16,685.44,469.54,77.23,265.23,357.176666666667,264.896907216495,206.8,2.43,134.73,272.67,1569.19,301.7,675.75,188.83,218.07,277.68,127.695,565.47,,41.4,157.09,423.71,199.22,421.25,459.0,62.33,144.747572815534
1012,09/02/2022,244.51,242.37,56.21,252.84,196.03,478.32,40.49,70.99,287.7,90.05,295.53,147.71,200.24,87.58,125.13,87.8,82,481.99,88.69,,63.82,200.03,67.52,71.26,484.4,343.83,196.07,70.21,207.26,203.67,193.93470790378,363.82,0.948,87.2,338.22,1195.02,254.35,580.62,134.59,199.17,203.76,82.5075,543.55,,29.05,96.96,516.35,281.04,298.32,291.35,31.8,105.57
1013,09/03/2019,177.91,205.52,87.78,241.980487804878,217.44,333.34,41.67,43.3,154.99,46.14,299.54,84.04,130.79,52.06,102.28,58.54,43.065,258.1,72.87,,62.97,119.96,48.46,61.56,280.36,286.08,272.18,80.06,153.91,164.646666666667,143.977663230241,139.15,0.814,107.47,127.34,653.0,167.95,285.12,81.49,152.21,218.12,46.4125,283.53,,30.7,145.91,230.62,178.7,211.59,144.87,51.73,135.330097087379
1014,09/03/2020,314.52,247.91,83.47,229.326829268293,276.15,494.24,41.49,50.02,178.43,60.23,306.81,97.58,207.91,86.4,108.66,87.49,103.2375,277,85.69,,65.91,136.6,59.21,65.98,421.28,381.28,346.52,91.57,164.8,247.203333333333,150.103092783505,154.32,3.92,106.15,184.1,962.99,209.01,577.4,116.04,160.48,198.14,62.665,419.67,,33.41,112.1,316.23,267.42,208.99,267.3,44.56,136.427184466019
1015,09/03/2021,721.5,226.37,82.71,251.541463414634,333.6,819.7,44.92,53.64,216.92,64.37,455.92,125.14,449.55,140.35,155.84,132.17,135.6075,378.73,121.07,,71.96,252.95,80.25,78.38,415.56,688.33,466.98,76.09,263.22,357.256666666667,263.445017182131,206.28,2.41,134.63,274.75,1575.31,302.59,679.57,190.5,217.82,276.65,128.2725,568.11,,40.32,156.22,422.86,198.05,423.4,464.38,62.43,142.466019417476
1016,09/04/2018,385.33,196.73,74.79,255.541463414634,346.72,326.15,36.05,51.23,186.07,73.105,256.68,89.17,124.71,41.53,109.33,67.68,36.515,263.7,47.4666666666667,,74.29,134.03,39.72,61.0901960784314,333.09,251.0,353.01,73.84,128.04,185.343333333333,145.317869415808,123.9,0.868,95.56,137.72,580.45,103.9,403.93,92.46,113.78,168.6,47.77,236.05,,,128.14,268.51,183.31,188.26,116.18,38.67,118.417475728155
1017,09/04/2019,176.38,206.32,87.5,248.49756097561,219.29,335.2,42.05,44.35,152.94,45.61,301.23,85.18,131.71,51.75,102.73,59.15,42.4075,254.23,73.2866666666667,,63.27,121.31,48.65,61.06,274.18,288.9,271.71,77.62,151.46,165.406666666667,144.493127147766,140.54,0.814,107.66,122.84,660.17,157.12,286.5,81.95,152.37,219.0,46.7825,285.9,,31.99,146.26,226.73,176.83,212.19,147.93,51.33,133.990291262136
1018,09/04/2020,309,248.4,82.3,228.370731707317,276,484.23,41.48,49.72,178.61,59.67,323.49,96.6,204.64,83.95,108.89,87.06,99.56,276.22,83.71,,66.01,137.05,58.24,65.64,413.19,370.66,342.39,90.49,160.21,245.093333333333,150.962199312715,152.43,3.75,105.74,183.0,949.26,204.83,580.36,114.3,157.92,197.62,61.555,409.98,,33.24,113.57,312.0,266.5,206.07,263.66,44.76,135.728155339806
1019,09/05/2018,372.91,197.75,74.07,251.29756097561,346.6,315.5,35.75,52.36,184.93,72.615,255.34,89.44,124.28,41.69,109.45,67.09,35.4975,267.85,46.6,,74.53,133.79,39.04,63.2549019607843,332.88,245.65,346.35,74.23,125.95,178.906666666667,145.103092783505,123.43,0.868,96.04,137.48,586.76,102.69,406.94,93.06,112.97,168.04,47.3,236.37,,,127.11,267.64,183.21,189.3,116.38,39.46,118.95145631068
1020,09/05/2019,177.11,207.65,87.91,252.175609756098,223.96,339.48,42.61,44.38,151,46.14,307.73,86.04,133.48,52.75,102.72,57.98,41.9175,251.22,74.9933333333333,,64.06,124.25,49.69,61.83,274.71,289.93,271.78,79.27,154.08,169.39,146.469072164948,141.37,0.814,107.72,122.98,685.78,158.83,289.37,83.71,153.5,220.22,47.455,294.02,,32.51,145.14,229.59,179.86,218.12,150.02,51.65,135.47572815534
1021,09/05/2023,368.63,254.01,38.99,272.88,266.29,382.24,53.3,86.91,278.75,61.88,352.21,172.87,204.29,50.07,127.24,96.65,100.33,450.15,75.97,67.66,75.16,274.25,74.06,74.8,470.22,496.01,159.43,63.28,220.89,307.68,204.45,407.13,0.345,80.2,312.72,1215.89,186.97,822.91,113.27,223.64,286.29,77.26,542.01,,46.55,128.88,480.81,348.26,276.35,403.67,36.69,117.81
1022,09/06/2018,370.82,196.15,74.52,249.424390243902,341.34,316.77,35.99,52.11,185.18,72.655,259.81,88.38,125.5,40.6,109.77,67.83,35.7,270.89,46.85,,72.88,132.3,38.74,63.1686274509804,333.88,244.26,348.29,72.21,126.88,180.62,145.798969072165,125.5,0.869,96.49,141.04,588.0,104.76,397.93,94.41,113.34,171.25,47.6325,235.73,,,126.72,269.65,180.05,191.73,116.58,38.9,119.961165048544
1023,09/06/2019,175.06,207.73,89.78,256.078048780488,224.57,335.59,43.45,45.43,153.8,45.89,302.84,86.32,134.67,52.48,104.21,59.37,40.1225,249.38,75.43,,64.82,126.1,49.71,61.56,273.51,288.47,270.0,79.24,154.07,168.42,148.56529209622,143.6,0.757,108.69,119.68,684.98,157.01,292.0,83.74,154.49,221.4,47.045,295.05,,31.86,148.26,229.0,181.33,217.24,149.7,50.69,135.669902912621
1024,09/06/2022,238.99,242.22,54.66,252.07,194.69,477.91,40.38,69.51,285.25,88.33,296.18,146.02,200.16,88.97,125.37,88.26,82.03,477,89.06,,63.39,200.71,67.51,70.98,479.53,341.73,201.02,69.11,209.66,202.3,194.243986254296,360.8,0.871,86.2,338.69,1222.71,249.79,573.97,132.2,197.39,202.73,82.26,545.15,,28.89,96.23,517.68,279.18,297.89,291.0,31.06,104.93
1025,09/06/2023,369.7,249.01,39.64,266.64,263.72,369.98,53.86,87.25,275.63,63.32,356.65,174.67,204.44,49.7,127.14,98.89,106.88,446,76.96,66.98,74.24,274.57,74.1,74.12,465.07,487.96,159.99,63.19,218.82,307.84,204.6,411.25,0.339,80.71,310.82,1192.61,193.4,818.39,111.43,223.79,289.1,75.51,536.7,,45.9,127.48,476.94,344.32,272.86,404.85,36.7,122.67
1026,09/07/2018,368.64,196.3,74.59,248.165853658537,339.65,313.74,35.85,52.62,188.59,73.025,259.43,88.64,126.32,41.1,109.35,67.24,35.87,271.9,47.11,,72.22,132.47,38.45,62.8862745098039,337.13,242.55,345.04,69.17,127.02,179.32,144.046391752577,129.74,0.869,96.32,140.67,588.91,103.81,395.42,93.57,113.32,169.75,47.84,235.96,,,126.92,268.28,179.47,192.49,116.27,38.54,120.174757281553
1027,09/07/2021,716.21,221.34,83.35,251.541463414634,327.24,806.32,45.1,53.72,216.32,63.79,447.83,124.21,449.17,141.11,155.54,130.99,137.915,377.71,121.99,,71.19,252.13,79.79,78.58,413.71,681.67,461.65,74.7,264.45,359.386666666667,260.704467353952,205.49,2.55,134.57,268.37,1579.45,307.27,668.81,189.82,214.39,278.67,128.5475,569.17,,40.95,155.38,421.24,192.2,422.98,461.86,62.17,142.349514563107
1028,09/07/2022,249.94,244.79,58.73,258.97,200.67,491.38,41.47,70.97,290,89.33,306.11,147.84,208.39,91.85,127.45,90.45,88.37,485.02,91.98,,64.79,212.16,67.7,72.31,481.67,354.68,205.75,71.41,215.14,210.87,199.26116838488,366.96,0.91,87.11,346.12,1250.48,262.84,596.44,134.65,203.93,211.21,83.5325,551.72,,30.03,100.88,521.68,284.44,302.58,298.8,31.92,108.58
1029,09/07/2023,340.93,254.39,38.97,267.06,261.34,367.88,53.89,88.59,281.29,66.44,353.74,178.18,204.39,48.96,127.11,95.34,104.91,450.33,76.09,65.9,73.94,271.89,72.94,74.19,471.98,477.21,158.85,63.45,219.0,297.22,205.25,418.62,0.315,79.93,316.15,1162.07,178.53,825.26,110.22,224.46,289.02,73.98,531.66,,46.27,128.1,484.81,343.96,270.3,403.86,36.16,120.51
1030,09/08/2020,309.22,241.18,81.29,228.351219512195,268.9,478.82,40.92,49.27,173.98,57.16,318.2,95.36,202.95,83.07,107.4,85,97.2975,267.21,82.16,,64.14,132.53,57.6,63.74,405.37,364.19,340.95,89.73,157.79,231.39,149.252577319588,149.93,3.7,104.58,175.08,947.62,204.57,561.89,112.01,159.02,200.08,61.385,405.3,,34.32,109.32,307.25,258.61,204.37,262.62,43.67,134.252427184466
1031,09/08/2021,729.92,220.87,82.76,256.468292682927,321.55,813.56,45.51,53.49,213.36,62.85,454.02,124.31,445.5,142.35,158,129.07,137.6375,370.95,122.75,,71.88,254.43,80.74,78.56,413.5,687.7,463.01,74.06,261.91,360.853333333333,263.805841924399,206.17,2.57,135.17,262.1,1604.05,302.68,669.19,190.11,216.77,280.09,126.9425,572.58,,40.07,148.73,415.39,191.37,424.7,468.47,62.31,143.184466019417
1032,09/08/2022,257.3,245.45,58.7,260.5,207.98,500.33,42.71,70.63,290.71,91.26,307.9,147.54,213.62,93.27,130.2,91.27,91.59,489.35,95.52,,65.1,216.21,68.87,73.34,486.36,364.95,207.31,71.72,221.12,214.78,204.699312714777,370.16,0.965,87.89,353.42,1284.31,269.63,708.85,138.62,204.83,220.28,85.67,566.56,,30.68,101.24,527.51,288.99,308.62,308.13,32.91,110.79
1033,09/08/2023,332.26,259.43,38.67,266.76,258.99,357.91,53.87,88.78,281.48,65.41,350.01,177.7,199.74,48.48,127.02,95.55,104.35,448.75,74.07,64.9,76,273.58,72.23,73.88,467.73,465.79,158.36,63.98,213.53,298.22,203.31,420.78,0.306,79.96,320.47,1130.7,171.92,830.69,106.83,222.75,289.54,71.82,518.27,,47.24,131.5,480.77,343.05,263.57,393.16,36.0,120.65
1034,09/09/2019,173.16,202.34,87.2,251.512195121951,230,335.47,41.74,46.82,162.16,46.23,297.68,87.13,129.74,51.66,105.01,61.17,36.3425,250.45,72.4033333333333,,66.33,127.51,48.98,62.61,275.69,267.2,266.84,78.97,151.87,165.563333333333,148.178694158076,143.79,0.72,107.93,118.59,679.56,147.38,279.0,83.78,145.28,217.18,45.89,292.02,,32.24,149.52,230.68,174.81,217.07,145.45,50.84,133.087378640777
1035,09/09/2020,323.92,245.57,82.86,229.824390243902,272.51,501.49,41.53,49.54,174.03,57.35,319.2,96.2,209.89,84.8,107.05,87.97,100.42,267.42,84.84,,64.51,133.81,59.23,64.77,408.22,374.16,347.0,91.51,161.06,239.826666666667,150.962199312715,152.31,3.88,106.66,175.5,975.82,212.44,571.15,114.25,163.02,205.41,62.5075,418.32,,35.01,111.22,312.02,263.04,206.24,272.57,44.23,136.116504854369
1036,09/09/2021,726.41,215.58,81.72,253.80487804878,300.15,810.79,45.41,53.29,213.95,61.96,448.14,123.6,443,141.03,157.35,129.09,138.165,371.43,122.08,,70.61,258.26,79.95,77.77,417.12,676.57,459.25,72.69,261.28,356.67,260.446735395189,204.64,2.59,133.43,258.71,1584.8,302.27,646.11,186.85,213.12,276.92,127.0425,568.78,,40.35,150.12,414.55,188.09,422.02,461.24,62.46,140.135922330097
1037,09/09/2022,263.11,247.69,59.53,262.85,211.84,509.38,42.94,69.89,292.84,91.99,314.7,147.27,218.24,95.97,130,92.62,92.89,493.6,97.25,,65.28,219.7,69.16,74.3,478.5,374.13,210.35,72.2,223.17,221.32,204.742268041237,366.21,0.972,89.73,348.23,1300.95,268.91,724.32,141.62,210.3,230.0,86.695,569.4,,31.78,103.01,524.34,292.11,312.28,313.51,33.96,114.5
1038,09/10/2018,374.78,202.5,74.89,248.360975609756,340.25,308,35.84,52.88,186.36,71.715,259.98,88.33,126.7,41.14,108.72,67.39,36.2875,262.59,47.45,,72.51,131.5,38.79,62.7764705882353,328.7,246.11,349.37,68.4,127.92,180.626666666667,145.094501718213,130.36,0.869,96.37,140.44,595.41,105.88,395.04,95.12,113.07,170.39,48.885,237.19,,,125.38,259.73,179.28,192.89,117.03,38.15,119.601941747573
1039,09/10/2019,177.8,196.87,85.91,254.156097560976,233,322.93,41.3,47.95,164.99,47.31,296.89,85.88,129.68,50.27,104.55,61.66,36.31,252.59,72.7566666666667,,67.08,130.1,49.07,63.9,276.85,267.63,276.04,77.91,150.41,167.433333333333,149.587628865979,142.84,0.73,107.48,120.0,699.64,146.37,283.72,85.5,141.62,213.69,47.01,289.5,,33.51,155.37,232.46,171.01,223.19,141.06,51.19,134.485436893204
1040,09/10/2020,327.95,240.64,83.13,228.468292682927,266.51,503.45,40.97,48.54,169.74,57.1,324.52,94.27,214.96,83.88,110.5,87.59,97.505,260.84,82.64,,63.77,134.67,59.92,63.75,393.37,367.76,346.11,88.26,159.67,235.2,156.005154639175,150.73,3.79,104.78,171.45,963.46,213.0,550.1,113.46,162.09,201.78,61.58,419.73,,35.98,112.88,304.6,255.65,204.03,275.38,43.72,134.631067961165
1041,09/10/2021,720.67,213.75,80.92,252.029268292683,299.81,820.1,44.46,52.82,204.69,59.73,451.36,122.81,441,137.66,154.94,123.05,137.345,357.51,120.89,,70.99,256.7,79.99,76.76,401.98,681.61,458.21,71.12,260.5,341.156666666667,258.548109965636,202.73,2.677,131.14,252.39,1593.99,296.42,650.49,187.05,209.71,273.86,129.1975,571.96,,39.89,147.43,403.91,188.57,420.18,459.03,60.89,136.349514563107
1042,09/11/2018,382.8,199.47,75.87,248.956097560976,337.7,308.37,36.14,52.13,184.87,72.145,263.72,84.1,127.92,41.26,108.36,66.56,36.7175,264.17,47.9733333333333,,72.23,131.78,38.72,63.4980392156863,332.88,242.43,352.32,66.82,124.99,182.133333333333,146.726804123711,130.08,0.869,96.08,145.41,592.57,108.04,393.77,94.62,113.84,171.76,48.93,236.43,,,123.95,261.04,178.61,193.84,116.51,38.19,119.679611650485
1043,09/11/2019,179.77,195.84,86.71,254.634146341463,235.96,326.42,42.3,48.88,161.89,46.78,299.17,87.79,130.39,51.31,103.93,59.81,36.675,249.81,72.6166666666667,,68.08,131.27,49.55,65.84,276.81,270.99,289.66,78.48,150.23,174.273333333333,149.621993127148,148.53,0.722,108.63,118.75,718.18,145.17,283.33,86.91,144.51,217.95,48.9125,294.94,,34.0,155.11,234.21,173.11,231.26,144.72,51.13,136.203883495146
1044,09/11/2020,317.66,243.21,83.1,230.029268292683,269.91,505.02,40.29,48.38,169.36,56.44,326.83,94.08,217.51,82.7,110.33,88.05,95.865,258.03,81.78,,65.58,134,62.04,64.37,391.36,364.82,349.93,88.0,159.53,234.18,155.90206185567,150.37,3.78,104.77,168.84,973.71,211.59,544.75,117.69,162.28,202.02,60.9375,431.13,,36.98,113.2,301.48,257.96,203.93,272.41,44.16,135.155339805825
1045,09/11/2023,335.18,261.72,38.7,267.18,258.92,362.71,54.56,89.73,284.82,66.42,351.59,177.73,199.66,49.02,126.71,96.26,107.29,449.26,74.87,66.62,77.04,272.48,72.79,74.28,467.18,471.51,154.75,64.41,215.33,302.35,201.93,423.9,0.31,81.4,321.95,1128.99,175.26,833.53,107.69,228.78,299.72,71.63,514.94,,48.94,130.66,479.38,347.22,263.3,397.15,36.57,122.44
1046,09/12/2018,381.83,199.5,76.08,252.048780487805,340.03,305.73,36.44,52.94,186.89,72.14,265.19,85.21,129.11,41.9,107.9,67.56,36.56,266.34,48.3066666666667,,73.97,131.5,39.05,64.9960784313726,331.57,245.65,349.82,66.51,125.15,183.186666666667,147.749140893471,130.29,0.869,96.25,146.52,603.27,107.05,388.88,94.93,113.35,173.29,48.9925,239.05,,,124.04,262.67,178.34,193.15,117.72,38.75,122.514563106796
1047,09/12/2019,174.62,194,87.82,255.756097560976,232.31,335.89,42.24,48.48,158.98,44.89,305,84.64,131.79,51.95,104.97,60.3,36.79,248.16,73.4833333333333,,66.36,128.69,49.82,65.03,268.38,271.05,297.52,76.07,150.73,174.373333333333,148.453608247423,146.1,0.898,110.38,113.94,711.74,144.52,284.18,86.12,147.94,220.04,49.98,294.97,,34.07,152.96,230.1,172.45,232.78,146.09,51.73,138.456310679612
1048,09/12/2022,267.79,237.62,59.78,264.23,212.88,512.79,43.46,69.03,294.15,92.9,318.78,147.71,223.35,96.05,131.65,95.27,94.18,493.66,97.36,,68.01,222.36,69.91,74.85,486.14,376.59,212.49,70.53,226.74,222.02,207.276632302406,363.73,1.015,92.06,349.36,1314.39,268.0,710.74,142.37,212.0,231.83,86.2025,579.19,,32.5,106.14,531.25,293.48,316.02,312.87,34.16,119.27
1049,09/12/2023,322.29,260.31,38.33,263.7,258.44,361.95,53.42,88.93,286.53,67.02,347.84,178.48,197.11,48.29,127.23,97.16,104.86,445.3,73.37,65.4,76.8,260.87,72.01,74.82,469.07,470.12,150.43,64.23,216.77,301.55,201.59,422.1,0.302,80.98,321.02,1121.32,175.46,832.77,109.17,226.86,294.77,71.97,510.99,,47.92,126.88,479.9,346.55,260.36,393.82,36.65,121.43
1050,09/13/2018,379.64,202.93,77.13,254.634146341463,340.58,307.55,37.62,52.94,193.21,72.465,265.32,85.93,130.95,42.76,108.17,71.33,36.25,270.34,48.63,,74.12,133.84,39.46,65.2392156862745,337.93,249.29,355.91,67.48,126.51,186.273333333333,148.221649484536,129.61,0.869,96.95,149.74,609.28,108.13,397.71,96.24,113.1,173.07,49.36,244.0,,,126.01,265.49,179.86,195.75,118.86,38.74,125.883495145631
1051,09/13/2019,177.47,195.47,86.93,254.341463414634,236.63,334.49,41.81,48.22,160.85,45.4,301.51,83.42,132.25,51.35,104.4,61.86,36.565,253.08,73.1666666666667,,66.52,129.07,49.72,64.32,274.69,265.47,300.91,76.43,151.35,174.406666666667,148.041237113402,143.53,0.997,109.67,114.96,713.0,143.24,281.62,86.67,144.12,218.18,50.2375,297.65,,33.25,152.52,233.61,174.94,232.13,144.2,51.89,134.747572815534
1052,09/13/2021,710.68,216.72,80.63,252.292682926829,301.94,791.99,44.21,52.95,209.1,62.9,440.57,123.64,431.22,136.63,153.9,124.6,135.1075,368.64,119.35,,71.15,257.69,78.5,77.71,409.05,655.05,452.83,72.45,255.57,342.606666666667,255.549828178694,206.04,2.62,130.04,262.99,1555.48,295.1,639.52,182.86,210.2,270.83,125.6475,559.13,,40.07,149.82,414.52,190.72,403.21,442.21,61.81,136.893203883495
1053,09/13/2022,247.06,226.86,58.13,256.78,203.91,479.4,42.18,66.83,286.82,90.03,305.57,140.98,213.46,91.87,125.92,92.25,89.17,480.56,94.28,,65.1,212.04,68.02,72.59,468.29,350.43,199.12,68.14,212.51,211.4,196.245704467354,347.89,0.968,90.32,343.39,1270.63,252.72,701.39,132.71,205.31,225.85,80.965,559.82,,31.32,101.4,513.96,280.67,299.93,292.96,32.93,116.4
1054,09/13/2023,322.41,257.23,39.11,265.01,255.91,368.58,53.2,87.95,285.21,68.34,344.63,176.69,203.61,48.82,128.13,101.13,105.22,443.19,73.17,64.53,77.31,262.49,72.04,73.21,472.5,458.29,150.77,63.1,216.6,302.7,204.51,420.48,0.28,81.32,328.28,1126.97,176.98,826.25,111.92,230.43,297.32,72.49,510.9,,48.16,126.4,479.84,346.84,267.23,395.27,35.79,120.63
1055,09/14/2018,390.16,200.58,77.69,254.273170731707,338.68,309.11,37.39,52.1,195.11,72.62,262.92,85.84,132.28,43,108.19,70.78,35.7575,270.78,49.33,,73.38,133.63,39.64,65.4039215686275,337.24,247.94,353.12,68.09,126.59,189.453333333333,148.60824742268,128.56,0.869,97.01,151.73,610.01,106.83,392.17,95.74,115.25,170.5,49.9525,241.98,,,125.86,265.31,179.01,196.17,120.58,38.42,126.281553398058
1056,09/14/2020,323.46,246.75,83.19,230.146341463415,278.29,508.84,41.12,47.05,171.85,58.22,334.55,94.6,220.01,83.91,112.72,87.79,98.4025,265.6,82.95,,66.34,135.72,60.65,63.73,403.63,365.56,353.65,93.15,161.65,238.78,157.328178694158,150.9,3.86,106.97,179.28,978.99,218.11,564.2,117.73,167.17,205.51,61.835,434.1,,37.95,116.88,308.57,264.8,205.28,277.87,45.9,136.495145631068
1057,09/14/2021,706.45,216.04,81.77,254.09756097561,295.95,802.89,44.85,52.13,203.65,60.8,441.47,123.09,436.24,138.15,154.81,122.33,135.5575,366.47,120.94,,70.45,254.67,78.05,78.44,401.99,661.39,448.85,72.24,257.55,346.336666666667,254.982817869416,203.99,2.57,130.58,262.05,1559.44,294.29,645.15,183.38,215.94,275.26,127.4725,562.4,,39.01,146.82,412.54,188.41,409.49,452.06,61.83,143.378640776699
1058,09/14/2022,246.74,228.12,59.11,258.95,204.11,477.48,42.07,66.74,284.08,83.92,302.9,140.11,202.32,91.9,123.99,90.86,90.57,470.11,94.12,,65.18,208.76,67.99,72.06,458.85,350.47,196.86,68.42,209.13,210.78,191.546391752577,341.4,0.913,90.62,336.09,1250.05,263.6,697.62,134.66,203.65,226.19,79.9175,558.13,,33.05,97.47,509.77,284.86,298.04,290.82,32.56,116.41
1059,09/14/2023,332.84,262.3,39.15,264.62,256.32,373.28,52.92,87.7,283.31,67.61,340.12,176.99,207.76,49.67,127.35,98.39,101.55,444.36,74.02,66,77.36,263.58,72.35,74.45,471.57,462.08,150.49,63.48,212.96,303.74,203.64,419.6,0.3,81.96,326.99,1157.67,174.7,832.38,112.71,229.9,295.0,74.04,515.64,,48.32,127.52,483.6,349.42,272.01,397.9,35.59,121.62
1060,09/15/2020,335.24,248.35,80.51,220.634146341463,278.45,512.82,41.02,46.55,166.5,58.18,336.06,94.9,225.3,84.32,113.59,89.84,99.4925,260.15,83.3,,66.2,135.8,60.89,63.75,399.99,369.24,352.19,91.43,164.71,238.523333333333,159.725085910653,150.87,3.75,107.57,181.79,980.9,225.59,579.9,118.51,169.64,210.5,61.4025,435.1,,37.47,117.7,307.23,266.85,205.61,284.38,46.36,140.097087378641
1061,09/15/2021,710.31,218.13,83.57,255.29756097561,299.21,790.08,45.01,53.02,206.58,61.63,445.03,125.8,439.79,138.26,155.79,121.93,137.9175,374.52,121.02,,71.76,256.45,77.62,78.54,401.0,661.65,449.88,73.44,258.55,348.506666666667,257.474226804124,208.66,2.52,131.65,266.11,1561.15,291.44,652.0,186.84,214.96,277.1,132.41,562.96,,38.48,146.44,417.52,188.86,409.84,452.49,62.29,141.757281553398
1062,09/15/2022,252,227.66,58.97,256.7,206.72,472.75,42.2,66.39,289.96,86,299.96,139.81,203.61,89.24,124.28,92.78,90.98,485.33,94.88,,65,208.97,67.66,71.93,497.24,349.84,201.97,68.98,207.37,209.62,192.54295532646,341.02,0.899,90.62,341.73,1243.79,259.14,705.85,132.19,199.36,226.72,79.0925,551.98,,33.13,98.99,522.91,287.67,295.76,273.73,32.98,115.77
1063,09/15/2023,332.09,260.72,39.08,263.74,254.79,376.23,52.9,87.75,283.22,67.81,342.36,178.29,207.88,49.16,126.22,98.33,96.35,441.92,73.2,66.43,75.67,256.28,71.81,74.41,470.77,450.69,146.15,62.55,211.71,295.54,201.65,420.13,0.29,81.77,327.6,1168.7,169.68,823.4,113.44,229.5,292.77,73.65,515.53,,47.52,126.14,486.7,348.9,275.8,394.18,35.54,121.31
1064,09/16/2019,179.37,194.08,86.92,252.419512195122,236.12,334.15,41.94,48.91,165.5,46.12,303.09,83.79,134.3,50.58,105.67,63.28,37.17,258.58,71.6966666666667,,65.88,128.95,49.45,65.12,278.28,265.64,300.89,78.34,150.84,174.546666666667,148.410652920962,144.16,0.987,109.05,115.93,711.65,143.1,285.89,86.23,144.33,215.29,50.0325,295.33,,34.43,153.89,234.43,177.55,231.52,142.13,51.42,133.650485436893
1065,09/16/2020,329.86,247.76,81.68,221.492682926829,276.39,513.16,40.19,47.21,168.59,59.9,342.31,96.79,221.98,84.17,114.55,91.84,98.48,263.62,83.87,,65.65,138.01,60.77,64.15,399.07,362.36,322.47,89.94,162.01,230.463333333333,159.201030927835,152.75,3.55,107.49,184.17,988.83,222.52,569.15,120.31,170.16,215.81,61.15,433.88,,37.66,121.49,306.52,267.55,206.59,281.28,47.39,141.679611650485
1066,09/16/2021,728.29,217.36,83.22,256.263414634146,299.69,785.22,44.9,52.73,205.52,61.59,442.75,124.23,437.19,138.17,155.01,121.26,141.2825,374.94,120.69,,71.33,261.64,77.15,78.37,399.17,663.45,449.92,75.04,257.85,344.67,255.008591065292,207.77,2.41,130.92,269.63,1554.59,287.9,653.18,185.87,215.42,276.11,132.365,560.44,,39.52,146.89,416.84,187.1,399.73,454.47,62.21,141.970873786408
1067,09/16/2022,249.02,231.14,58.18,254.32,208.26,448.54,41.7,66.86,290.35,84.28,291.45,140.55,199.71,89.94,124.73,92.82,90.09,480.23,93.35,,65.6,209.67,66.82,71.7,499.79,342.56,199.88,68.83,205.04,206.28,192.431271477663,346.25,0.91,90.25,339.37,1198.5,255.0,710.3,130.14,193.72,221.25,76.8975,541.28,,31.93,98.98,521.02,289.71,283.93,268.06,32.05,112.69
1068,09/17/2018,378.37,200.81,77.04,250.956097560976,334.4,295.96,37.27,52.6,197.84,70.875,259.66,86.76,129.19,42.57,107.63,70.36,34.4825,269.63,48.7633333333333,,72.78,132.7,39.53,66.1882352941176,334.04,242.94,347.22,67.02,125.07,186.216666666667,147.1735395189,131.78,0.869,96.03,146.84,610.31,102.55,386.49,94.58,113.1,169.88,49.2125,238.46,,,126.03,263.87,175.8,195.09,118.99,38.1,125.776699029126
1069,09/17/2019,177.65,196.72,87.57,251.853658536585,238.7,337.45,42.32,48.26,161.5,45.55,305.55,83.18,134.35,50.84,106.25,61.65,38.425,257.29,73.14,,66.17,124.99,50,62.76,273.78,271.86,298.27,79.1,152.94,176.723333333333,147.233676975945,143.75,0.975,109.34,115.25,710.54,145.07,288.12,86.22,145.5,218.4,49.4175,292.71,,34.29,151.87,232.52,176.0,228.69,143.3,51.39,134.796116504854
1070,09/17/2020,328.03,248.08,82.32,222.243902439024,275.37,511.5,39.67,47.3,169,60.42,347.78,96.81,218.15,84.23,112.59,90.14,96.5525,263,83.69,,65.04,137.14,63.23,62.85,397.5,354.2,298.02,90.42,160.5,226.956666666667,157.268041237113,151.5,3.602,107.81,181.31,983.62,223.72,565.0,119.49,171.51,211.57,61.3075,432.93,,37.06,122.03,304.98,271.46,203.8,274.96,47.72,138.631067961165
1071,09/17/2021,719.38,219.38,83.61,255.560975609756,300.19,788.35,44.37,52.57,205.62,64.64,436.6,123.47,440.45,136.15,154.77,121.55,140.785,379.52,119.42,,71.61,258.74,77.63,77.47,407.79,661.71,447.01,75.99,256.33,345.756666666667,254.235395189003,207.75,2.5,129.7,278.14,1545.18,292.45,651.88,187.56,215.09,273.03,133.5875,596.8,,39.75,145.92,420.16,188.3,396.58,448.62,61.23,142.446601941748
1072,09/18/2018,385.96,202.34,77.24,253.414634146341,336.89,298.55,37.62,53.6,200.07,71.42,264.76,87.33,129.94,42.88,107.22,70.71,34.8275,270.97,48.65,,73.67,133.78,40.5,66.1333333333333,335.99,245.22,350.88,67.82,125.55,188.273333333333,147.182130584192,133.08,0.869,96.88,148.77,606.04,104.61,388.33,94.96,114.55,174.1,49.3375,239.1,,,127.77,263.29,177.12,195.73,119.73,38.19,126.650485436893
1073,09/18/2019,175.8,195.04,87.44,251.239024390244,235.17,338.34,42.9,47.88,160.44,46,303.1,83,135.82,50.72,106.22,61.3,39.2325,251.79,72.6133333333333,,65.72,125.53,49.99,62.87,273.13,272.73,303.01,78.54,153.44,176.923333333333,147.121993127148,143.72,1.054,110.0,114.48,709.05,148.04,285.06,86.06,144.44,220.48,49.6025,294.96,,34.26,151.99,230.61,174.52,228.34,141.32,49.86,135.349514563107
1074,09/18/2020,320.97,247.72,82.97,226.243902439024,274.48,513.48,38.48,47.68,167.92,61.13,346.43,96.83,219.61,84.87,113.87,87.32,97.3275,264.19,83.2,,65.05,132.25,63.57,60.97,402.63,354.76,295.5,86.79,157.12,218.523333333333,157.560137457045,152.13,3.86,107.6,184.56,976.47,225.02,555.24,118.2,175.91,206.38,60.975,429.05,,37.12,117.93,308.02,265.39,195.47,277.73,46.33,134.825242718447
1075,09/18/2023,325.32,263.15,38.73,264.57,253.3,367.72,53,88.17,285.34,67.86,337.46,179.03,210.57,47.19,125.79,99.77,95.3,442.72,72.94,66.28,75.62,255.71,72.0,74.06,474.02,450.27,142.41,59.51,209.35,298.17,201.17,427.29,0.285,82.8,329.0,1134.97,170.98,824.51,111.49,228.08,293.22,71.17,507.73,,46.51,127.43,486.06,352.0,273.39,394.6,35.54,122.03
1076,09/19/2018,379.94,203.2,77.64,253.69756097561,338.91,298.47,37.49,53.94,199.19,71.535,265.34,89.39,127.85,42.74,107.53,70.15,34.77,271.85,49.5733333333333,,73.88,131.92,40.93,66.2588235294118,335.8,240.9,350.37,67.25,125.23,185.49,146.915807560137,134.27,0.869,96.46,147.67,614.85,103.22,383.7,96.33,113.59,173.53,49.65,241.06,,,126.15,265.33,176.6,196.67,120.31,38.61,126.058252427184
1077,09/19/2019,180.36,195.65,87.46,250.126829268293,235.62,339.73,43.06,48.02,164.71,46.45,301.25,84.63,137.96,50.64,105.72,59.75,38.7475,255.45,71.7033333333333,,65.96,126.82,50,63.15,278.41,273.79,305.2,78.12,153.92,176.483333333333,147.001718213058,145.7,1.123,111.01,115.26,710.1,152.59,286.15,86.1,145.79,221.05,49.375,295.25,,33.82,150.01,232.85,176.14,228.7,143.33,49.9,135.592233009709
1078,09/19/2022,244.19,230.76,58.43,251.26,209.26,445.5,41.18,68.2,289.32,84.77,290.35,140.37,199.85,89.28,125.59,93.01,87.94,479.99,88.83,,65.82,208.39,66.62,72.04,501.07,339.67,198.81,68.81,203.7,202.21,192.053264604811,348.95,0.88,89.68,343.77,1204.82,254.64,715.34,130.31,190.2,220.88,75.995,539.67,,31.49,98.76,523.55,285.14,290.46,269.93,31.9,113.4
1079,09/19/2023,318,264.31,38.96,265.96,256.67,360.37,53.03,88.26,284.64,67.85,336.72,179.74,208.53,47.52,125.57,101.96,94.16,438.78,73.02,66.12,75.77,254.29,72.02,73.86,473.8,457.38,140.53,60.6,208.88,299.65,204.67,432.07,0.295,82.63,329.44,1131.99,167.38,836.76,111.15,226.85,293.71,70.63,508.74,,47.59,127.81,480.66,358.26,275.29,392.61,35.29,121.61
1080,09/20/2018,379.84,205.1,77.69,255.50243902439,341.24,301.03,37.82,55.17,201.33,71.415,267.56,91.06,128.92,42.99,107.93,70.42,34.8525,274.12,50.49,,74.83,132.7,41.17,67.356862745098,337.66,242.02,356.32,68.28,127.17,187.06,147.912371134021,135.85,0.869,97.48,148.34,616.19,102.6,387.25,96.58,114.26,173.49,49.745,242.5,,,126.75,266.39,180.52,197.29,120.1,38.64,126.912621359223
1081,09/20/2019,186.54,196.94,87.4,247.365853658537,238.79,345.24,43.29,47.89,161.38,46.39,302.32,85.12,138.64,51.6,107.42,60.04,38.6,252.09,73.22,,66.42,124.28,49.95,62.85,277.28,274.17,309.57,81.21,155.6,177.053333333333,148.35910652921,146.82,1.123,111.18,114.56,709.18,155.8,295.87,86.56,146.66,221.2,50.1075,296.33,,32.6,150.12,232.89,178.12,228.7,143.09,51.13,137.883495145631
1082,09/20/2021,709.64,215.11,82.29,252.946341463415,298.49,782.52,43.64,51.55,202.53,64.35,429.9,121.97,433.05,135.98,154.22,119.95,139.44,376.9,117.99,,70.96,255.03,76.73,75.97,404.11,659.78,438.0,75.91,253.17,337.996666666667,252.5,201.89,2.38,128.73,277.39,1527.19,289.05,640.89,183.94,212.52,268.33,132.205,590.2,,39.79,144.58,412.7,185.67,395.81,444.65,59.65,139.854368932039
1083,09/20/2022,232.22,227.71,56.58,244.11,204.2,437.39,40.43,67.79,288.08,83.41,283.53,138.9,194.18,87.15,124.34,91.42,87.37,475.47,87.19,,64.58,201.76,64.65,70.17,502.89,338.0,194.7,68.26,199.66,199.55,189.183848797251,345.56,0.879,88.46,337.9,1167.55,255.04,704.22,127.75,183.11,217.96,75.0225,532.16,,31.49,96.14,522.8,286.94,281.98,263.69,30.84,111.77
1084,09/20/2023,309.5,271.46,38.47,267.13,260.53,364.42,54.1,89.37,287.33,68.08,336.62,182.78,208.63,48.25,125.01,103.33,92.63,445.83,71.95,65.01,75.82,254.21,71.45,74.47,484.77,455.35,138.35,60.37,205.42,291.96,205.2,439.86,0.299,81.48,333.51,1131.11,164.74,831.62,110.41,225.27,288.97,70.87,504.89,,46.55,129.05,492.13,352.31,274.11,384.34,35.19,120.31
1085,09/21/2018,380.84,205.1,77.37,255.141463414634,345.41,298.49,37.77,54.94,202.23,71.355,268.93,90.13,128.41,42.65,107.61,69.92,34.875,272.52,51.2266666666667,,75.51,133.37,41.24,67.1921568627451,337.76,241.13,358.16,66.59,127.58,185.59,147.835051546392,134.95,0.869,97.85,152.72,611.98,102.19,390.28,96.61,113.97,174.5,48.98,243.49,,,126.74,266.67,180.08,196.76,121.59,38.76,127.601941747573
1086,09/21/2020,322.3,243.19,80.25,222.868292682927,268.3,517.91,38.55,47.1,164.96,55.99,341.86,95.82,217.93,85.55,118.15,85.12,97.9225,257.71,81.45,,64.21,125.45,65.12,59.8,394.51,364.7,270.13,85.39,154.08,213.983333333333,158.35910652921,148.23,4.1,104.8,168.88,974.5,224.57,555.7,118.25,172.05,202.91,59.425,425.47,,36.49,107.84,299.19,264.0,194.36,276.84,44.71,130.097087378641
1087,09/21/2021,709.15,215.36,81.95,252.682926829268,295.54,785.51,43.36,51.04,202.39,63.09,426.75,121.5,439.95,136.09,154.34,119.85,138.4475,379.07,118.5,,71.73,255.84,76.44,75.53,400.75,666.87,434.76,76.06,256.26,338.013333333333,252.714776632302,201.1,2.46,127.84,279.33,1535.38,293.32,646.95,184.8,212.12,268.25,132.55,597.04,,44.36,145.25,412.34,185.8,392.14,448.12,59.28,138.601941747573
1088,09/21/2022,226.68,224.46,55.47,238.01,199.34,430.97,39.76,67.52,284.95,80.91,276.37,139.12,190.81,83.15,121.77,89.68,84.46,465.74,85.22,,63.5,198.84,62.89,69.07,490.63,333.48,198.17,66.83,195.52,195.04,183.333333333333,345.47,0.861,85.73,331.92,1160.06,250.39,684.63,125.95,177.64,212.47,74.0625,525.69,,30.47,94.64,512.08,280.4,280.94,258.2,30.78,110.2
1089,09/21/2023,300.28,269.41,38.11,265.04,258.93,357.3,53.97,89.1,290.84,69.54,328.39,184.93,198.15,46.55,123.52,102.36,89.08,450.83,70.18,63.89,75.27,253.44,70.07,73.69,494.06,438.65,133.33,58.81,199.18,284.35,205.14,438.24,0.301,80.46,334.77,1094.03,159.93,823.38,108.49,220.67,284.45,69.92,501.59,,44.6,126.61,501.14,354.28,268.87,374.3,34.16,117.8
1090,09/22/2020,322.57,247.5,79.05,218.341463414634,272.76,515.68,38.6,47.08,161.74,54.34,339.25,95.26,217.33,85.17,115.23,84.64,99.5325,247.44,78.68,,63.4,120.65,65.38,59.03,386.76,368.32,268.51,86.93,153.3,222.006666666667,158.848797250859,149.61,4.15,104.35,156.21,986.07,230.56,571.51,119.95,169.59,203.37,60.81,430.24,,34.4,106.43,294.26,267.58,194.23,277.04,44.58,131.601941747573
1091,09/22/2021,716.61,213.64,81.05,250.536585365854,289.32,785.64,44.31,51.01,201.99,62.94,433.76,122.09,446.34,137.21,152.71,121.11,142.605,375.49,119.66,,71.38,258.25,76.74,76.86,400.35,671.47,434.59,69.59,259.75,342.823333333333,250.395189003436,202.63,2.49,128.91,277.22,1542.78,288.0,647.06,185.05,215.71,271.65,133.25,606.63,,44.87,145.65,408.7,184.27,395.58,449.18,59.74,141.456310679612
1092,09/22/2022,217.95,227.75,55.37,237.19,200.62,418.55,39.3,67.27,282.9,78.94,274.19,140.01,184.83,79.06,122.84,87.49,80.96,462.88,84.17,,63.77,194.06,62.71,68.0,493.91,326.08,193.49,67.41,190.62,191.08,183.015463917526,346.96,0.856,83.56,329.51,1135.53,241.25,688.26,123.23,176.76,208.88,72.555,520.29,,28.58,93.57,517.46,286.34,275.12,253.11,29.55,108.01
1093,09/22/2023,298.56,267.7,37.7,265.2,257.68,353.03,53.6,88.96,289.44,68.68,328.87,185.95,199.62,45.34,123.48,98.71,87.5,447.1,69.66,64.33,75.01,252.27,70.21,73.11,494.06,435.69,132.44,58.1,198.75,288.2,205.15,438.66,0.301,80.27,334.59,1100.03,155.7,824.84,109.5,223.94,285.28,69.35,502.79,,44.41,127.02,506.1,349.53,269.0,372.51,33.88,116.85
1094,09/23/2019,183.89,197.76,86.84,247.248780487805,239.96,342.02,43.15,47.17,160.15,46.39,302.19,83.85,138,51.56,106.82,59.35,38.8325,251.4,73.2333333333333,,65.73,123.44,50,62.33,277.3,275.79,305.83,77.64,157.34,175.986666666667,147.835051546392,142.93,1.123,110.84,116.21,706.21,158.5,294.7,85.2,146.37,220.19,50.5475,290.45,,33.0,149.97,228.77,175.88,227.79,143.9,52.28,137.52427184466
1095,09/23/2020,308.32,242.59,78.33,220.087804878049,272.2,511.77,37.72,45.25,160.5,54.94,333.63,94.14,212.55,83.9,111.32,82.41,96.5175,245.73,76.05,,63.09,116.33,63.75,57.18,385.42,363.87,273.0,85.97,148.96,219.136666666667,153.505154639175,147.09,4.1,102.98,153.07,957.14,227.65,565.19,117.58,165.67,202.4,60.7475,420.76,,33.55,101.58,292.14,263.82,190.6,268.3,42.73,129.844660194175
1096,09/23/2021,727.11,215.05,80.79,247.629268292683,293.2,797.34,45,51.36,202.46,62.6,439.34,122.55,455.04,141.02,153.52,122.1,143.1825,380.3,121.02,,71.69,255.53,77.35,77.6,401.45,682.58,433.2,69.78,262.27,348.28,254.931271477663,202.68,2.485,130.64,282.74,1563.51,290.6,646.51,186.08,220.36,276.16,134.225,608.23,,45.48,144.42,408.03,185.09,402.11,455.22,59.6,146.019417475728
1097,09/23/2022,222.43,226.97,55.41,233.92,197.78,421.93,38.9,66.05,277.77,78.71,275.68,137.2,187.51,76.07,122.35,86.31,80.66,453.85,84.74,,62.86,191.5,62.98,67.34,486.9,334.2,190.38,66.89,189.43,190.52,181.838487972509,343.27,0.831,82.66,328.74,1132.01,234.19,697.33,122.31,167.29,206.93,72.765,520.79,,27.82,91.75,513.61,283.45,275.5,254.24,29.98,106.21
1098,09/24/2018,388.96,207.21,77.75,256,347.02,308.97,38.4,53.91,203.24,71.49,269.44,89.57,128.75,43.03,107.59,70.14,35.525,273.23,55.1566666666667,,75.62,134.31,40.67,65.6235294117647,340.61,242.71,358.25,66.48,128.56,189.756666666667,145.627147766323,132.64,0.869,98.86,151.78,610.01,102.6,390.19,96.29,114.11,176.08,50.0575,242.15,,,127.01,267.36,182.17,196.59,122.77,38.09,127.417475728155
1099,09/24/2019,183.05,196.55,86.45,244.89756097561,236.2,341.62,42.33,47.06,157.91,45.78,298.94,82.7,136.99,51.37,106.41,57.37,38.365,248.19,73.03,,64.56,121.29,49.85,61.06,274.97,272.13,295.28,76.95,155.42,180.486666666667,146.417525773196,140.31,1.144,109.76,112.13,690.99,164.52,289.71,84.77,146.81,217.99,50.235,285.16,,31.3,148.45,225.0,172.52,221.04,143.24,53.04,135.980582524272
1100,09/24/2020,311.88,240.32,78.7,215.765853658537,270.04,494.17,37.12,45.81,160.88,54.3,329.03,94.66,211.83,80.79,109.19,81.56,95.5075,248.78,74.67,,62.25,116.95,63.01,58.28,387.0,365.47,286.31,85.07,148.07,219.176666666667,152.792096219931,146.56,3.76,101.27,153.08,960.26,216.55,557.46,117.96,167.26,198.96,58.055,418.14,,33.35,102.63,292.66,263.13,189.64,263.64,42.65,128.271844660194
1101,09/24/2021,725.24,213.61,80.85,247.004878048781,291.71,802.96,44.7,51.19,203.89,62.82,439.38,122.3,458.3,141.34,153.09,121,140.185,381.33,120.07,,71.19,256.33,76.48,78.1,398.91,679.64,432.82,69.0,261.61,347.776666666667,254.613402061856,203.15,2.55,130.02,287.64,1556.84,289.2,638.9,182.88,220.21,276.64,134.72,609.78,,46.63,144.76,407.08,183.61,393.58,457.11,60.01,146.825242718447
1102,09/25/2018,392.98,206.46,77.46,255.775609756098,341.65,310.41,38.61,53.33,201.5,71.11,272.84,89.52,131.69,43.38,107.59,69.94,36.1975,270.25,56.1166666666667,,74.99,134.52,41.23,66.1490196078431,333.82,245.84,359.01,65.86,129.82,191.396666666667,146.512027491409,131.72,0.869,99.0,149.83,610.2,105.34,390.05,96.26,114.48,175.77,50.485,243.09,,,125.99,263.51,182.65,196.16,122.59,37.45,126.708737864078
1103,09/25/2019,183.63,196.06,86.8,247.756097560976,235.9,342.99,42.2,47.67,155.22,45.33,297.28,83.23,136.15,49.58,105.66,57.78,38.44,244,73.8333333333333,,64.2,119.1,50,62.23,267.69,274.8,300.15,75.07,154.65,181.67,144.286941580756,142.3,1.225,107.62,111.89,699.34,165.56,286.65,84.49,146.71,217.95,50.375,282.33,,31.68,147.35,222.17,171.5,220.2,145.64,53.21,133.359223300971
1104,09/25/2020,317.93,243.82,79.64,218.614634146342,273.28,504.15,37.34,47.43,162.45,55.41,333.24,96.8,216.77,81.98,111.7,83.9,100.59,255.25,77.45,,62.25,120.55,64.35,58.79,400.85,377.83,299.89,86.55,151.3,224.576666666667,155.48969072165,148.51,4.027,103.16,161.51,975.07,223.96,574.06,119.8,170.21,205.01,60.435,422.29,,34.46,105.39,302.5,268.18,191.06,269.51,43.37,131.106796116505
1105,09/25/2023,298.02,266.86,37.5,266.77,255.02,353.18,53.8,89.21,294.34,70.57,331.35,187.22,197.57,45.79,124.3,98.59,86.06,454.04,69.46,66.48,74.83,254.52,70.13,73.75,501.07,437.24,131.41,58.75,202.39,293.25,208.42,446.42,0.299,79.97,341.4,1122.43,154.67,834.64,110.88,225.73,287.38,68.43,505.66,,44.91,128.07,510.28,350.67,270.96,375.6,34.17,117.35
1106,09/26/2018,389.23,206.83,76.9,255.278048780488,349.37,308.15,38.63,53.63,202.43,70.79,274.5,90.31,131.54,44.14,107.48,70.13,35.705,269.46,56.7966666666667,,75.65,136.63,41.05,66.6039215686275,332.91,244.39,361.45,67.42,129.93,189.846666666667,146.778350515464,131.96,0.869,99.17,148.11,611.29,106.39,391.53,96.81,113.6,175.78,50.38,242.85,,,126.36,262.91,186.65,195.23,122.35,38.03,126.242718446602
1107,09/26/2019,178.99,195.38,87.73,244.429268292683,230.22,340.21,42.35,47.3,149.79,43.13,298.88,82,135.23,48.53,106.46,56,37.4725,238.8,73.8666666666667,,63.3,118.13,49.61,61.62,263.92,275.06,298.68,73.76,151.84,181.096666666667,143.470790378007,139.17,1.205,107.4,109.24,700.39,165.1,281.31,85.3,145.08,216.39,50.74,286.85,,31.57,146.56,215.48,169.55,217.23,143.11,53.38,132.854368932039
1108,09/26/2022,219.64,226.87,54.91,231.64,195.75,414.52,38.36,65.77,276.8,77.71,269,136.35,185.16,74.73,123.2,84.4,80.35,448.14,83.59,,62.34,187.24,63.66,66.88,482.63,331.22,184.12,66.18,186.08,187.93,180.781786941581,342.88,0.813,81.33,326.82,1117.85,231.59,686.1,120.58,164.1,203.26,72.52,514.31,,26.89,89.89,508.36,276.78,273.65,252.83,29.69,105.15
1109,09/26/2023,299.01,269.04,37.32,260.94,258.05,350.25,52.83,88.67,288.47,69.99,322.07,185.77,194.44,45.63,124.58,95.68,88.62,448.16,70.37,66.21,75.53,248.46,69.9,74.52,493.0,432.42,128.91,59.28,200.98,290.74,205.36,443.03,0.299,78.95,334.0,1104.31,159.29,832.41,108.93,223.23,273.55,67.52,501.59,,44.27,125.85,505.45,351.69,268.04,375.4,34.59,112.46
1110,09/27/2018,389.97,208.89,76.6,253.648780487805,355.6,312.34,38.34,54.06,206.35,71.61,275.33,91.15,133.74,45.3,107.25,71.24,35.99,271.64,57.3866666666667,,76.58,138.33,40.75,66.8313725490196,335.08,248.68,366.98,69.04,130.77,189.896666666667,146.701030927835,131.69,0.869,97.7,148.02,610.0,105.44,406.0,96.91,113.47,175.04,50.9575,244.32,,,126.33,264.65,189.74,195.36,122.71,37.95,125.932038834951
1111,09/27/2019,175.84,194.94,85.93,241.980487804878,230.22,333.99,40.31,47.57,149.48,43.17,294.25,80.94,132.62,47.45,105.49,56.32,37.1275,237.69,72.43,,62.9,118.96,49.61,62.58,257.59,272.48,301.28,72.82,148.25,177.91,142.121993127148,135.53,1.144,107.32,107.47,699.28,163.86,273.46,85.16,141.78,213.61,49.3325,287.4,,30.29,146.83,215.26,166.74,222.53,140.87,52.88,130.223300970874
1112,09/27/2021,701.04,213.11,80.57,245.29756097561,286.62,766.5,44.46,51.5,206.61,63.83,431.48,122.63,432.47,136.39,149.88,120.68,137.2675,388.48,117.07,,70.41,255.55,74.03,78.7,401.0,650.02,425.58,69.26,248.14,337.916666666667,249.768041237113,204.47,2.8,128.75,282.7,1477.96,286.28,619.07,176.55,215.02,273.48,127.8625,594.67,,47.25,144.65,405.27,183.41,380.75,441.59,60.73,147.126213592233
1113,09/27/2022,214.22,225.99,54.3,228.34,197.79,412.59,38.14,66.21,277.62,77.3,263.81,135.44,182.44,72.74,122.31,82.78,79.64,445.98,82.37,,62.63,184.31,63.71,66.12,487.31,329.73,186.84,66.44,182.89,186.38,177.525773195876,341.47,0.811,80.89,328.2,1104.28,230.59,695.01,118.07,160.72,202.68,70.635,508.66,,27.57,87.81,508.37,284.74,270.49,246.39,29.35,104.82
1114,09/27/2023,301.68,268.98,37.33,258.8,257.52,352.47,52.1,88.04,288.61,69.74,315.92,185.16,194.94,45.78,123.4,95.74,92.09,444.76,70.11,68.28,75.55,247.26,69.24,73.26,493.57,436.86,133.3,59.11,202.21,291.43,204.85,444.38,0.295,78.22,331.06,1097.78,161.7,832.56,109.05,217.9,266.54,67.57,498.29,,45.14,124.2,503.73,349.65,272.34,375.18,34.11,110.76
1115,09/28/2018,391.22,207.29,77.09,254.634146341463,353.31,312.99,38.5,54,208.25,72.39,277.15,92.22,134.54,45.55,107.91,71.63,35.76,274.05,58.0333333333333,,77.21,139.12,40.98,66.6901960784314,338.52,249.66,367.06,69.08,129.74,191.333333333333,149.209621993127,132.65,0.869,98.37,148.7,608.98,105.95,404.04,97.27,114.4,177.68,51.0275,244.08,,,127.84,266.04,192.74,194.68,123.47,37.74,127.640776699029
1116,09/28/2020,322.86,247.03,79.54,219.512195121951,282.04,513.92,38,47.55,164.29,55.52,334.12,97.58,223.42,84.11,113.88,84.5,100.0475,257.06,77.71,,62.85,121.36,65.77,59.65,400.0,386.37,305.46,90.36,155.31,231.053333333333,158.135738831615,150.09,3.81,103.63,163.07,968.47,227.38,571.92,121.89,172.96,207.25,60.935,428.39,,35.56,104.41,303.23,267.73,193.29,272.39,43.31,132.339805825243
1117,09/28/2021,677.32,212.27,80.73,243.639024390244,284.71,753.03,43.67,51.17,203.28,63.5,424,121.29,417.71,133.22,146.05,121.43,134.235,385.7,113.86,,69.97,251.8,72.87,78.13,395.0,626.85,410.2,68.68,241.59,330.83,243.135738831615,202.59,2.65,126.0,275.84,1421.65,276.54,605.0,173.81,210.53,267.83,122.2175,576.45,,45.98,143.65,398.62,181.6,366.88,427.43,59.14,146.456310679612
1118,09/28/2022,212.1,230.98,55.56,230.37,276.61,428.71,39.13,69.29,282.55,78.18,269.11,138.41,187.42,76.24,125.17,85.13,83.33,453.1,84.24,,63.93,189.94,65.23,66.93,493.81,334.03,201.29,67.66,185.69,192.4,182.147766323024,348.94,0.819,82.59,333.6,1109.1,236.14,705.42,121.0,162.8,205.82,72.4125,517.83,,28.04,90.94,513.94,292.41,272.75,251.93,29.78,107.53
1119,09/28/2023,307.51,270.82,37.54,262.74,257.83,356.12,53.37,87.8,290.32,69.26,319.37,182.86,195.31,45.71,123.35,96.3,95.46,447.28,69.96,69.78,75.42,250.65,70.05,74.25,495.21,436.98,132.35,58.61,197.7,296.15,203.26,442.04,0.279,78.69,333.32,1118.24,163.86,834.57,110.25,222.19,273.41,68.02,503.02,,46.14,126.8,510.1,352.5,275.35,379.08,34.13,112.46
1120,09/29/2020,320.17,248.3,79.09,219.931707317073,282.35,515.1,37.76,46.89,164.31,55.86,333.59,96.16,222.93,85.19,113.65,84.14,100.545,259.79,78.31,,62.1,120.18,66.12,58.57,401.5,385.06,305.5,87.43,154.78,230.976666666667,160.197594501718,146.56,3.94,102.69,171.8,968.59,231.97,573.61,123.26,172.82,204.74,61.69,434.34,,35.43,102.53,304.15,270.31,193.39,273.65,42.75,129.514563106796
1121,09/29/2021,673.06,214.9,81.81,245.648780487805,285.56,749.27,43.89,51.59,203.93,63.26,422.3,122.5,423.09,134.24,147.68,121.19,136.395,388.8,113.52,,70.94,252.21,73.99,78.28,395.35,629.55,411.61,68.67,242.91,330.783333333333,246.486254295533,205.45,2.56,126.58,280.13,1408.44,278.97,606.7,175.05,209.11,267.89,122.6325,579.6,,44.52,143.27,400.41,182.22,365.17,432.41,58.43,145.009708737864
1122,09/29/2022,211.01,228.41,55.3,226.12,264.28,418.24,39.34,67.79,280.56,77.68,269.4,136.07,190.01,74.28,124.62,83.96,82.1,456.79,83.83,,63.07,187.68,65.0,66.55,491.06,331.81,193.81,66.61,181.61,189.06,178.694158075601,342.0,0.805,82.27,331.1,1096.88,231.18,691.82,121.36,167.11,205.48,71.4075,516.61,,26.42,90.49,508.83,292.8,274.56,251.27,29.15,107.12
1123,09/29/2023,305.32,268.76,37.74,258.53,257.01,358.45,52.8,86.82,286.07,68.88,318.01,179.97,195.98,45.53,121.86,94.53,93.3,435.42,69.28,68.04,74.94,245.98,69.4,74.25,486.52,437.27,137.28,57.77,196.75,292.29,201.05,434.85,0.295,78.36,327.89,1108.07,159.49,822.96,110.7,219.42,273.27,68.07,506.17,,45.99,125.73,504.19,347.74,274.21,375.21,34.16,112.22
1124,09/30/2019,180.92,193.51,87.47,246.790243902439,232.82,332.74,40.69,47.19,151.79,43.26,297,82.33,132.37,47.66,107.03,57.07,37.31,240.1,73.3033333333333,,63.38,120.42,50.49,63.5,255.67,271.93,304.22,74.23,149.38,179.976666666667,144.329896907216,136.66,1.144,108.62,109.72,704.4,164.93,277.4,85.17,144.49,216.3,48.9175,291.27,,30.47,148.75,217.32,169.42,223.23,141.82,53.31,133.271844660194
1125,09/30/2020,327.36,254.16,80.42,227.004878048781,283.68,515.46,38.21,46.95,169.41,58.33,337.12,96.92,226.45,85.66,114.49,85.65,103.0575,268.59,79.82,,63.19,124.68,66.47,58.78,413.89,393.11,309.08,89.74,157.63,236.513333333333,161.743986254296,148.93,4.14,103.92,183.04,965.75,236.59,559.78,125.51,176.19,208.37,61.9325,441.52,,36.48,107.02,311.77,272.12,195.68,274.9,43.73,132.174757281553
1126,09/30/2021,665.43,212.65,80.43,239.824390243902,282.99,745.95,43.39,49.46,200.16,62.31,413.31,119.45,412.67,133.07,145.31,116.26,136.715,372.8,113.21,,69.85,242.72,73.81,76.16,389.15,621.9,405.61,68.78,239.54,331.383333333333,241.786941580756,199.38,2.77,125.35,271.31,1377.36,284.23,605.18,173.29,204.28,263.72,121.1425,571.33,,44.8,138.37,390.74,181.39,357.3,424.54,58.05,142.097087378641
1127,09/30/2022,207.11,225.4,53.86,222.83,267,417.14,38.73,66.68,277.47,77.81,263.9,135.33,196.8,72.36,122.69,82.77,80.54,454.24,82.63,,61.69,183.79,64.52,65.77,485.19,325.8,190.79,66.64,181.14,187.44,175.953608247423,339.87,0.83,80.75,329.84,1084.12,229.4,688.87,120.33,166.28,202.54,71.0,507.19,,26.5,88.18,505.04,289.54,269.53,246.08,28.35,104.55
1128,10/01/2018,391.52,206.91,77.8,257.931707317073,352.56,309,38.98,53.94,210.93,72.675,278.74,92.79,133.55,45.31,108.38,74.04,33.4425,276.2,56.94,,77.96,140.3,41.04,68.1568627450981,338.43,248.92,366.54,68.82,130.07,191.58,148.986254295533,132.32,0.869,99.49,148.14,616.01,105.19,394.23,96.74,114.16,178.65,50.95,248.51,,,128.69,269.1,191.57,194.0,123.0,37.68,126.757281553398
1129,10/01/2019,182.3,193.19,85.91,244.526829268293,227.2,327.28,40.24,47.28,150.43,42.75,292.84,82.12,128.16,47.21,106.32,56.66,37.2125,238.44,71.7033333333333,,63.22,117.04,48.68,63.05,254.38,268.98,296.02,73.96,145.03,176.2,144.295532646048,135.8,1.029,108.22,109.48,688.14,162.83,276.47,83.47,140.62,212.72,47.42,287.4,,29.15,147.11,217.21,167.58,224.2,139.68,53.49,129.718446601942
1130,10/01/2020,317.61,255.39,79.72,225.219512195122,285.57,520.81,38.42,46.08,167.38,58.82,338.77,95.36,230.46,86.33,112.7,82.82,103.46,270.17,78.98,,63.32,124.56,66.35,57.92,415.36,394.78,309.61,92.43,158.33,236.84,160.57560137457,146.96,4.22,102.3,188.18,970.92,237.56,568.14,124.86,174.47,208.67,62.1775,438.2,,37.14,106.2,313.07,273.51,195.68,275.79,43.51,133.330097087379
1131,10/01/2021,662.06,213.92,81.29,238.712195121951,283.94,741.92,43.8,50.01,202.6,63.05,416.88,119.81,416.69,131.93,143.3,116.95,137.48,375.93,112.28,,68.56,247.79,72.22,78.53,391.55,623.98,394.84,68.21,241.55,336.5,240.103092783505,200.02,2.76,127.31,271.51,1389.87,285.33,570.79,173.6,207.6,268.22,123.455,572.72,,47.05,138.83,392.43,180.35,355.7,419.73,59.07,145.116504854369
1132,10/02/2018,376.17,207.67,77.3,257.463414634146,345.41,304.35,39.04,53.98,210.59,72.5,279.23,91.4,133.52,45.55,107.67,72.75,32.575,276.12,54.0333333333333,,78.67,137.93,40.96,67.6549019607843,336.39,242.38,362.14,69.85,130.2,190.493333333333,148.917525773196,132.53,1.02,99.02,146.5,616.34,101.9,400.57,97.02,112.79,177.38,50.4175,247.75,,,125.5,270.63,191.93,193.97,121.75,37.48,126.145631067961
1133,10/02/2019,179.75,189.21,84.23,241.824390243902,221.26,327.16,39.15,45.76,149.24,42.73,288.93,80.98,126.55,47.06,105.34,55.6,37.2225,237.9,71.79,,61.62,115.09,48.27,61.78,255.49,268.71,288.29,73.04,143.24,170.63,141.27147766323,131.09,0.885,105.94,110.09,663.3,157.31,274.13,83.45,139.01,209.1,47.885,279.53,,29.0,146.23,216.75,166.71,221.99,137.6,51.74,128.106796116505
1134,10/02/2020,314.89,245.41,78.83,226.985365853659,277.64,510.68,38.48,46.3,167.23,59.98,335.43,95.38,228.87,85.88,113.87,84.29,96.13,275.01,78.81,,62.17,127.05,66.88,57.97,408.31,383.85,308.43,88.75,156.83,232.093333333333,161.503436426117,146.98,4.02,101.96,193.36,966.92,231.76,564.8,124.56,172.67,208.3,61.725,435.06,,37.72,109.15,311.98,260.8,195.89,273.85,43.66,133.679611650485
1135,10/02/2023,299.76,266.31,37.35,257.76,252.86,351.55,52.81,86.38,287.54,69.3,311.9,179.08,193.39,44.58,120.91,95.1,94.55,440.19,69.18,67.84,74.1,247.21,68.87,73.3,491.74,430.95,136.44,58.06,193.88,294.98,199.56,437.42,0.28,77.77,332.46,1087.33,165.04,818.03,107.81,215.5,273.84,67.15,495.79,,45.68,126.25,514.57,347.83,270.52,370.58,33.78,111.42
1136,10/03/2018,375.26,206.9,75.91,252.390243902439,352.75,306.19,38.61,53.97,212.33,72.585,276.03,91.03,134.37,46.34,106.24,72.42,31.535,276.24,51.9133333333333,,79,138.65,40.9,68.0235294117647,332.63,239.36,359.6,69.94,130.35,187.156666666667,147.594501718213,130.5,1.02,97.47,144.66,614.34,100.21,403.04,96.36,111.26,175.31,50.0825,247.35,,,124.97,270.9,192.21,193.46,123.98,37.08,125.650485436893
1137,10/03/2019,184.77,192.62,85.24,244.790243902439,222.5,333.56,39.75,45.81,148.61,43.23,293.75,81.34,129.09,47.94,103.46,55.87,39.3525,238.23,74.3333333333333,,62.23,115.95,48.61,61.85,253.56,270.03,297.0,74.88,147.52,173.023333333333,141.262886597938,131.1,0.962,106.93,112.23,670.77,158.69,280.72,83.34,141.21,213.13,49.21,282.91,,29.72,145.37,215.36,170.5,224.56,140.18,52.48,129.067961165049
1138,10/03/2022,215.64,230.44,55.62,230.78,264.3,427.84,39.88,67.97,287.22,80,273.26,139.31,203.79,76.52,125.44,86.41,84.98,470.06,85.46,,62.32,193.26,66.12,68.07,499.52,336.68,187.24,68.83,186.2,193.36,181.958762886598,346.74,0.801,82.7,339.33,1133.36,232.97,735.13,124.54,170.07,209.84,73.2675,522.93,,26.72,92.68,515.51,297.43,277.35,255.93,29.18,107.32
1139,10/03/2023,290.61,261.01,36.78,258.9,251.31,350.46,51.54,86.83,284.41,68.24,312.91,180.27,191.68,43.95,121.03,93.72,90.94,433.51,69.6,66.98,73.27,243.98,69.3,73.03,488.44,425.21,133.92,58.56,190.73,288.04,200.47,438.49,0.289,76.54,322.1,1075.92,156.8,808.31,107.23,218.28,265.87,66.5,499.61,,44.51,124.82,509.47,345.15,265.01,368.83,33.43,110.32
1140,10/04/2018,357.89,203.47,74.25,247.2,343.1,300.61,38,53.59,212.62,71.475,267.83,91.04,130.65,44.57,103.38,72.83,31.2675,274.99,50.9766666666667,,76.56,139.22,40.53,68.4313725490196,331.22,231.11,344.71,66.19,127.0,184.813333333333,146.451890034364,132.26,1.02,96.98,142.9,611.67,96.29,392.05,93.46,109.31,173.57,48.3325,243.38,,,125.11,268.32,188.62,191.33,119.59,36.19,125.21359223301
1141,10/04/2019,181.59,195.59,86.64,246.936585365854,224,339.37,40.53,46.07,150.74,43.57,296.87,81.85,131.78,49.1,104.75,56,40.0925,241.79,76.4666666666667,,62.56,117.62,48.8,62.93,256.06,276.6,302.34,74.87,149.3,176.393333333333,143.599656357388,130.68,0.964,108.56,112.77,686.27,155.6,282.93,85.44,142.66,215.49,50.35,292.3,,29.67,146.13,219.8,172.42,227.0,141.59,53.63,130.533980582524
1142,10/04/2021,640.4,211.44,80.42,234.682926829268,278.32,730.01,42.41,49.53,199.45,62.53,408.58,118.33,398.46,129.02,141.24,115.7,131.6075,370.2,106.37,,67.56,244.38,70.7,78.1,384.96,614.19,379.88,66.32,238.57,323.5,236.288659793814,199.96,2.85,125.05,269.5,1372.52,279.4,555.42,171.09,206.02,262.34,120.3075,569.0,,45.72,135.91,387.01,177.4,347.54,409.82,57.63,142.456310679612
1143,10/04/2022,229.91,233.02,57.45,236.97,267.45,449.39,41.03,69.82,293.02,80.87,279.57,142.73,213.13,79.79,128.1,89.37,90.97,479.23,87.18,,65.31,203.9,66.55,70.14,503.78,348.59,205.06,69.56,193.1,201.54,185.57560137457,355.36,0.83,84.5,348.47,1179.21,244.27,739.54,128.13,175.83,215.8,77.14,539.93,,29.19,95.8,523.17,300.64,288.2,261.15,29.93,111.69
1144,10/04/2023,291.7,265.44,36.96,259.72,257.16,355.2,51.55,88.91,285.08,68.98,314.87,182.66,190.9,43.19,122.58,93.14,87.7,437.95,71.27,67.88,74.74,243.36,69.17,74.16,485.78,433.21,138.32,58.16,196.43,290.28,201.26,442.03,0.279,76.27,328.0,1091.9,152.07,814.99,107.44,222.56,266.2,66.8,502.45,,44.94,124.1,510.62,352.97,267.76,373.78,33.3,109.69
1145,10/05/2018,353.11,204.02,74.18,247.580487804878,342.08,298.29,37.85,53.79,215.72,71.985,266.89,90.58,129.73,44.45,103.33,72.05,31.61,275.92,50.5633333333333,,76.24,138.97,40.48,69.364705882353,331.14,229.24,329.52,65.08,127.79,182.903333333333,145.274914089347,134.08,1.02,97.17,144.0,603.98,95.5,391.77,92.01,108.99,174.09,48.05,240.69,,,125.3,269.2,188.05,190.71,120.39,36.34,124.844660194175
1146,10/05/2020,319.51,256.01,80.57,232.331707317073,284.18,530.66,39.24,47.15,172.22,62.26,342.82,96.39,234.97,89.47,115.39,86.63,95.6275,284.79,80.15,,63.6,130.17,67.9,60.51,419.62,392.37,316.17,92.3,160.62,235.9,165.85910652921,149.18,4.1,103.71,201.32,990.43,235.35,605.08,129.71,174.72,214.06,63.0425,450.67,,37.14,111.54,318.15,268.98,198.65,287.64,44.81,137.466019417476
1147,10/05/2021,648.58,211.86,80.86,237.131707317073,280.44,723.87,42.44,49.18,201.4,62.71,414.96,118.61,401.36,130.19,141.17,114.99,135.0975,373.55,108.83,,67.4,243.11,70.31,78.61,388.31,614.8,387.98,65.33,239.36,330.07,237.199312714777,198.22,2.82,125.8,269.41,1384.02,287.03,550.9,170.06,207.62,262.49,120.8525,571.88,,45.61,133.86,393.43,177.01,349.32,413.48,57.58,141.757281553398
1148,10/05/2022,228.81,233.82,57.71,236.83,261.69,456.01,41.3,69.39,294.03,80.81,277.46,142.45,215.43,81,127.76,89.26,91.08,478.8,87.44,,65.45,202.54,66.24,69.91,504.71,350.12,218.52,69.5,192.49,201.38,184.733676975945,354.37,0.878,85.05,354.47,1202.47,245.07,745.68,131.35,173.04,216.12,77.1375,546.27,,29.18,94.71,527.07,302.02,290.84,259.67,30.24,112.49
1149,10/05/2023,280.18,265.08,37.02,261.05,259.77,355.22,51.68,89.82,285.35,69.02,311.51,185.04,191.15,42.86,122.99,91.25,84,443.87,72.2,67.6,74.7,245.43,69.39,73.66,488.98,430.52,139.43,58.81,197.82,290.09,200.79,445.8,0.28,76.15,329.09,1078.25,146.08,831.12,106.6,222.46,264.81,67.71,498.02,,44.61,125.53,516.23,355.14,265.99,372.73,32.18,109.3
1150,10/06/2020,316.08,252.69,80.46,229.707317073171,281.15,533.33,39.33,46.47,170.88,62.25,342.02,95.63,233.38,88.85,116.21,85.31,93.7225,283.64,78.59,,62.52,128.37,67.29,58.84,416.2,384.31,317.28,88.6,159.4,233.006666666667,164.183848797251,146.23,4.025,103.38,198.18,993.85,230.74,581.64,126.55,181.01,210.59,64.0475,445.89,,36.26,110.64,314.45,260.98,196.68,290.33,44.11,136.970873786408
1151,10/06/2021,650.65,209.98,80.86,239.268292682927,283.55,722.77,42.86,48.66,203.25,63.04,414.64,116.9,407.82,129.36,142.33,114.13,135.4575,370.08,109.48,,67.48,239.53,71.34,78.17,392.5,617.17,392.95,65.82,239.4,334.94,236.606529209622,198.21,2.79,126.09,270.51,1384.5,291.63,546.57,170.25,212.2,263.72,120.8925,575.6,,47.01,132.44,394.25,180.91,343.64,413.29,57.46,142.077669902913
1152,10/06/2022,222.36,230.94,56.25,228.4,262.26,452.85,40.65,69.44,293.08,80.24,269.53,139.91,210.81,78.71,126.06,88.92,95.21,477.95,86.48,,64.95,201.53,65.79,69.18,499.3,346.02,212.72,69.64,187.54,197.7,180.644329896907,350.89,0.863,84.42,354.07,1203.18,245.51,731.86,129.61,172.74,211.42,77.27,540.59,,29.73,93.29,519.13,298.63,287.55,256.26,29.42,110.6
1153,10/06/2023,284.64,267.47,36.62,262.42,263.25,356.76,52.12,89.93,288.23,70.21,313.46,183.85,193.46,43.87,124.27,89.59,83.22,449.96,73.7,68.46,74.74,245.38,69.84,74.36,498.17,445.98,140.02,57.33,198.64,295.68,201.39,445.29,0.289,76.12,333.13,1081.73,145.51,836.57,107.54,224.23,265.85,68.23,498.55,,45.78,126.39,524.81,360.62,267.4,377.56,32.48,110.91
1154,10/07/2019,184.51,197.17,85.79,243.492682926829,226.99,338.52,40.35,45.6,149.2,43.82,293.94,81.86,131.88,48.64,104.67,55.67,39.8625,241.03,75.06,,62.73,118.18,49.11,62.88,255.24,272.05,301.63,74.76,148.7,175.533333333333,143.453608247423,130.23,0.922,107.26,111.28,681.85,158.07,283.81,84.35,141.91,212.94,50.42,289.16,,30.37,145.07,221.24,172.05,223.48,140.7,53.94,130.582524271845
1155,10/07/2020,323.62,257.67,81.65,229.951219512195,285.75,545.39,40.18,47.15,176.3,64.62,350.87,95.59,237.35,91.53,116.45,87.19,98.455,293.12,81.5,,62.84,129.07,68.93,59.46,429.41,386.23,324.34,90.45,164.19,240.093333333333,165.386597938144,148.13,4.02,105.66,203.53,1011.27,244.35,591.69,128.24,185.29,217.4,65.985,452.36,,36.78,109.5,323.17,265.82,200.09,292.71,45.05,140.611650485437
1156,10/07/2021,661.41,209.12,80.58,235.853658536585,287.77,731.44,43.62,49,204.71,63.97,414.88,118.57,416.57,131.04,143.5,114.47,134.7975,380.66,110.89,,68.14,242.28,71.72,79.71,403.86,623.01,404.05,65.65,243.82,338.34,239.948453608247,199.6,2.63,126.83,277.12,1404.32,293.0,552.02,171.0,217.33,265.96,122.1,583.51,,47.91,133.16,404.7,180.02,346.31,417.72,58.0,143.436893203884
1157,10/07/2022,211.58,229.03,55.62,222.67,257.89,428.93,39.76,68.22,288.38,74.82,262.39,137.35,205.33,77.02,123.31,87.17,102.14,467.06,84.23,,64.29,200.46,63.76,67.55,503.46,333.24,206.18,68.42,180.34,188.68,176.64089347079,346.68,0.835,82.42,348.76,1156.89,237.29,722.37,124.0,170.19,208.52,74.0,523.61,,28.07,91.43,504.85,295.23,276.5,249.82,28.41,108.26
1158,10/08/2018,342.87,205.57,73.33,244.263414634146,343.03,291.43,37.3,54.44,212.9,71.35,262.27,91.29,128.31,44.17,102.98,73.3,30.8525,277.39,49.05,,76.4,138.88,40.66,68.2117647058824,333.66,224.29,325.89,64.17,126.44,175.49,146.219931271478,136.05,1.02,95.97,143.38,591.24,92.88,394.15,90.7,107.71,175.0,47.36,239.66,,,126.33,269.01,185.34,182.95,119.6,36.03,123.660194174757
1159,10/08/2019,184.3,196.08,85.01,238.517073170732,221.94,319.73,37.87,44.96,147.19,42.76,286.07,80.17,129.48,47.7,102.14,54.2,37.6025,235.52,72.6766666666667,,61.69,116.64,48.41,62.13,253.17,267.72,288.36,74.44,144.53,169.666666666667,140.446735395189,130.27,0.911,105.01,111.29,658.61,153.07,285.1,79.1,138.04,207.88,49.1075,271.93,,29.28,143.2,220.11,169.55,208.01,137.9,53.31,127.398058252427
1160,10/08/2020,327.57,240.09,78.85,230.448780487805,286.92,551.1,40.49,48.68,177.87,64.68,354.75,98.49,236.49,92.71,116.28,88.6,96.875,293.29,81.65,,63.32,131.83,68.29,61.09,427.32,393.51,333.78,92.78,164.49,241.006666666667,166.890034364261,153.99,4.35,107.8,199.75,1012.08,247.71,599.88,127.61,186.75,219.09,65.475,453.54,,37.34,112.89,322.41,268.53,201.19,291.26,46.06,142.388349514563
1161,10/08/2021,643.56,208.95,80.2,232.760975609756,285.83,722.43,43.16,48.71,205.18,64.33,410.59,119.37,409.16,130.34,141.93,113.22,132.275,386.17,108.73,,68.05,240.42,71.37,79.83,412.76,617.02,410.0,65.89,242.23,328.54,239.123711340206,200.2,2.53,125.27,280.62,1385.3,290.92,550.02,169.97,219.49,263.68,119.905,583.92,,47.77,130.43,408.46,178.94,343.4,407.14,58.03,142.378640776699
1162,10/09/2018,340.97,206,72.98,244.390243902439,344.57,289.82,37.41,54.38,214.04,71.495,259.69,90.92,128.2,44,103.6,74.84,30.625,279.18,49.3133333333333,,76.54,139.58,41.35,68.8627450980392,335.14,223.9,323.74,65.5,127.38,177.07,148.006872852234,136.84,1.02,96.19,143.66,590.91,90.88,392.53,90.75,107.71,176.08,47.1325,239.97,,,127.57,270.11,185.66,181.5,118.78,35.75,123.21359223301
1163,10/09/2019,189.21,196.69,86.9,241.765853658537,222.13,323.33,38.61,45.3,149.59,43.82,288.98,80.37,131.39,47.93,103.25,55.21,38.475,238.25,74.9366666666667,,61.98,117.55,49.46,62.11,253.8,271.91,296.96,74.68,145.58,171.373333333333,142.061855670103,132.23,0.924,106.75,112.83,673.28,154.74,290.83,80.68,139.44,210.87,50.24,276.51,,29.07,145.12,222.08,168.73,208.35,140.68,53.56,129.533980582524
1164,10/09/2020,328.64,236.7,78.5,231.521951219512,286.54,566.14,41.14,48.03,176.4,64.2,357.85,96.86,242.57,94.48,116.67,87.86,96.5,294.41,83.9,,63.84,133.96,69.39,60.46,433.44,400.65,339.04,95.74,166.76,246.063333333333,168.178694158076,151.29,4.61,108.68,199.2,1025.46,248.59,602.07,129.68,188.45,222.93,66.27,464.7,,37.27,111.73,327.84,269.95,202.8,298.28,45.5,143.679611650485
1165,10/09/2023,283.94,271.54,36.49,265.8,264.21,358.92,52.4,90.73,289.67,70.86,310.81,186.19,193.07,44.3,124.83,88.5,83.09,453.01,72.9,67.8,75.06,248.95,70.25,74.01,501.54,442.25,137.79,56.68,199.54,294.49,202.41,451.78,0.275,75.13,338.4,1088.26,144.62,831.82,108.1,225.81,266.8,67.94,496.13,,45.45,130.19,526.51,355.2,266.99,382.91,31.96,110.69
1166,10/10/2018,316.03,201.2,71.19,236.848780487805,337.53,281.82,36.11,54.22,209.97,70.975,252.57,90.84,123.06,42.83,103.39,73.01,29.52,272.65,46.75,,74.78,135.09,40.56,67.7333333333333,328.8,217.21,304.76,63.85,122.81,170.736666666667,146.443298969072,135.5,1.02,95.07,138.62,567.4,87.67,381.94,86.15,104.97,171.15,45.6,230.66,,,125.86,263.08,176.43,177.48,115.13,35.9,120.0
1167,10/10/2019,194.17,198.68,87.61,242.478048780488,223,324.29,37.98,46.05,150.83,44.09,290.81,80.82,130.81,47.67,103,55.82,38.615,237.23,75.3633333333333,,63.26,118.56,48.64,62.38,261.15,272.24,298.18,75.77,144.89,170.41,141.323024054983,132.81,0.928,107.42,113.05,672.37,154.9,298.36,80.5,139.7,211.29,49.8725,280.66,,28.87,145.83,223.73,170.22,211.3,140.97,53.91,130.165048543689
1168,10/10/2022,207.38,232.15,54.98,219.81,254.78,392.95,39.64,68.78,285.73,73.76,257.65,137.62,201.36,74.98,124.02,87.36,100.22,467.15,82.75,,64.46,199.09,61.97,67.55,497.04,324.72,203.53,67.58,175.91,186.55,176.726804123711,347.32,0.863,81.84,350.45,1127.08,231.93,730.92,121.35,168.56,208.0,71.1225,510.84,,27.53,90.68,498.86,294.54,272.26,245.82,28.08,106.94
1169,10/10/2023,286.51,271.25,37.32,267.23,264.14,365.04,53.8,91.61,291.76,71.17,316.12,187.97,195.63,44.11,123.77,91.28,85.21,455.13,72.91,68.19,75.97,253.07,70.77,74.2,500.4,450.7,138.79,57.24,201.51,297.83,202.58,454.51,0.29,76.18,340.11,1097.02,146.13,834.96,110.07,227.52,274.44,69.41,496.15,,46.63,131.72,524.24,360.57,268.8,387.28,32.4,112.19
1170,10/11/2018,312.86,193.85,70.17,232.673170731707,327.27,275.31,36,51.53,206,69.465,250.59,87.31,120.87,41.49,100.44,70.17,30.6,268.52,46.59,,72.5,132.43,39.34,65.521568627451,319.91,214.11,307.45,61.75,122.58,169.406666666667,144.544673539519,129.24,1.02,93.11,138.79,554.45,87.33,371.67,84.69,104.76,168.72,45.1625,226.09,,,120.85,257.12,175.66,178.32,114.1,35.68,117.621359223301
1171,10/11/2019,200.16,200.8,88.03,246.692682926829,223.21,331.24,38.23,46.92,152.4,44.27,293.89,81.96,133.11,48.63,103.52,56.44,38.8375,237.55,75.7033333333333,,63.99,120.43,48.79,62.94,266.26,276.8,302.58,76.12,145.98,172.676666666667,142.405498281787,134.74,0.928,107.58,113.39,688.1,153.39,300.77,82.0,140.68,213.81,50.2375,283.64,,30.13,146.13,222.07,172.41,213.62,142.0,54.11,132.466019417476
1172,10/11/2021,631.85,206.7,78.92,230.078048780488,285.59,718.5,42.14,48.72,203.93,63.1,404,122.4,407.76,128.53,140.36,111.54,132.195,380.91,108.49,,68.08,237.52,69.95,79.32,414.87,612.77,404.36,64.81,240.28,324.18,235.584192439863,201.78,2.47,123.54,279.13,1361.43,293.23,546.26,168.52,221.54,258.74,119.5525,578.66,,46.29,130.1,404.99,179.58,341.38,403.57,57.17,139.601941747573
1173,10/11/2022,208.45,245.44,55.81,222.65,254.07,390.13,39.56,70.33,290.95,75.32,256.32,141.71,197.11,73.18,124.36,87.94,99.68,470.73,82.15,,65.67,202.69,61.95,68.0,498.49,325.71,199.16,67.25,172.45,185.9,175.515463917526,351.55,0.848,81.89,352.69,1113.26,232.78,737.41,119.0,168.66,211.46,70.495,500.81,,24.66,92.06,499.81,295.16,271.99,239.68,28.16,108.32
1174,10/11/2023,277.52,283.6,32.74,261.3,266.52,357,50.91,91.68,294.45,70.98,310.75,188.03,197.08,46.57,122.73,75.89,78.97,453.57,71.14,67.78,76.96,244.07,69.41,73.44,493.42,445.88,137.92,56.96,204.56,281.79,199.89,456.66,0.29,72.89,340.48,1107.08,133.45,836.07,108.98,225.0,260.05,69.29,492.63,,46.64,127.02,524.13,365.25,266.2,392.21,31.8,105.35
1175,10/12/2018,327.5,197.39,71.25,236.70243902439,330.94,281.68,36.99,51.63,207.09,70.41,256.22,88.48,122.99,41.47,100.25,68.93,31.7675,271.41,47.7966666666667,,73.59,133.86,40.04,65.843137254902,318.35,222.42,321.69,62.56,124.79,177.34,145.927835051546,130.79,1.08,94.69,139.54,558.15,88.55,384.16,86.96,106.1,171.04,46.2575,231.41,,,122.54,259.61,181.32,181.8,115.94,35.87,119.708737864078
1176,10/12/2020,335.75,239.51,79.63,232.546341463415,291.48,568.49,41.97,48.32,177.46,65.3,360.63,96.86,243.27,95.01,116.67,88.91,98.545,298.57,85.02,,64.55,130.23,68.34,59.89,430.52,419.39,352.32,97.7,170.46,251.89,166.365979381443,150.68,4.755,109.06,204.4,1025.75,245.98,601.55,128.33,191.82,225.63,67.135,466.72,,36.26,109.82,329.97,274.6,202.13,301.66,46.0,144.805825242718
1177,10/12/2021,627.43,201.89,78.71,232.575609756098,284.79,709.08,42.09,48.06,202.1,63.04,401.84,119.73,408.03,128.63,140.48,110.74,134.615,377.49,108.81,,67.37,239.07,69.83,78.5,420.42,615.91,404.4,64.36,238.37,324.45,235.378006872852,200.13,2.37,122.93,280.69,1355.25,297.51,544.44,166.66,218.21,258.18,119.5025,575.91,,46.72,128.85,403.24,180.21,338.73,403.2,56.91,138.650485436893
1178,10/12/2022,208.05,246.44,55,220.79,253.67,384.07,39.6,67.86,288.36,74.32,252.8,138.94,197.37,73.2,124.39,87.44,98.32,465.23,82.65,,65.39,200.49,60.97,65.74,494.19,328.12,198.27,67.51,171.86,186.34,175.970790378007,345.39,0.826,80.31,351.0,1102.67,232.55,728.06,117.01,162.27,208.65,70.7175,500.67,,25.98,90.5,499.96,290.13,270.72,239.12,28.02,107.06
1179,10/12/2023,268,285.04,31.71,257.07,260.99,346.69,48.64,91.88,295.8,70.96,310.75,187.57,189.03,46.32,120.62,73.79,75.49,453.53,69.92,66.51,76.76,234.97,67.9,72.56,499.81,428.31,130.4,56.57,197.61,266.12,197.87,459.22,0.29,71.29,339.73,1041.81,127.77,838.49,105.55,219.69,253.85,68.2,482.56,,45.95,123.81,525.54,368.0,251.0,384.96,30.6,102.72
1180,10/13/2020,330.82,239.34,80.1,230.936585365854,291.46,565.74,40.92,47.92,174.58,65.37,356.24,97.27,244.98,94.88,117.14,88.35,100.235,297.44,83.94,,64.49,132.94,67.67,59.66,432.81,421.42,345.14,97.08,166.59,251.783333333333,166.881443298969,151.64,4.41,106.94,203.63,1028.66,248.75,607.98,124.67,187.68,220.0,67.395,467.53,,35.56,109.43,331.42,276.09,216.45,299.48,44.98,140.592233009709
1181,10/13/2021,596.22,203.61,78.8,233.990243902439,283.65,708.84,41.79,47.74,199.47,61.94,401.1,118.84,402.83,128.16,140.95,109.96,137.0125,375.45,109.1,,67.63,239.01,70.16,77.72,420.69,623.12,405.14,64.22,241.51,326.0,234.939862542955,199.26,2.41,122.57,275.57,1360.44,300.25,547.12,168.0,220.05,256.5,120.7475,573.56,,46.41,129.05,403.55,181.34,341.42,402.25,56.23,138.611650485437
1182,10/13/2022,212.31,251.66,56.08,226.53,269.94,394.89,40.35,68.87,297.64,75.26,255.24,142.05,199.72,74.15,125.71,89.5,101.72,474.14,84.22,,66.46,206,63.4,67.34,500.16,335.22,202.64,68.42,176.21,190.38,179.802405498282,354.47,0.818,83.5,357.19,1131.63,234.26,752.56,121.19,169.47,214.1,72.2375,510.54,,25.0,94.05,509.91,296.54,276.79,249.41,29.0,109.43
1183,10/13/2023,265.99,284.1,31.84,258.7,262.26,344.73,49.52,93.22,305.09,71.07,325.54,188.98,191.02,46.4,122.5,73.2,76.19,454.11,70.78,67.12,77.65,237.42,68.98,73.35,505.97,426.18,129.11,57.61,199.36,273.15,201.56,462.56,0.294,71.96,348.91,1033.64,132.38,839.63,105.85,222.32,257.88,67.79,482.85,,43.48,124.03,539.4,371.0,252.61,385.06,30.83,104.3
1184,10/14/2019,205.15,202.89,87.2,244.604878048781,225.76,331.55,37.97,46.78,151.58,43.9,292.51,81.58,133.9,48.34,103.73,55.67,40.045,234.82,75.5366666666667,,64.51,119.43,48.5,61.36,264.0,275.68,310.31,77.46,146.36,172.96,142.139175257732,134.1,1.03,107.57,112.52,680.74,152.25,305.44,81.86,140.08,212.66,50.0275,284.25,,31.12,143.99,220.59,173.59,213.87,141.65,53.49,131.300970873786
1185,10/14/2020,333.1,237.65,80.04,227.990243902439,289.02,557.39,40.62,48.37,174.49,65.19,353.87,98.44,244.64,92.61,117.62,88.87,98.5025,292.34,85.17,,64.05,134.66,66.5,60.87,423.0,420.51,330.12,93.35,165.89,250.36,165.69587628866,154.01,4.52,107.56,202.85,1022.39,247.92,600.82,122.05,186.58,221.22,67.2175,467.01,,35.11,111.05,321.85,271.46,212.19,288.15,45.6,141.47572815534
1186,10/14/2021,597.72,206.78,79.89,236.760975609756,285.26,720.11,43.25,48.63,203.04,63.23,401.3,120.11,405.84,128.94,142.41,111.47,138.6275,390.71,111.57,,68.15,242.51,70.26,78.59,434.98,629.72,408.1,65.78,246.82,330.95,236.864261168385,203.06,2.43,124.8,280.04,1399.31,304.03,555.62,169.68,224.19,263.85,124.4625,577.35,,47.28,130.01,420.36,181.9,344.94,407.43,56.95,141.388349514563
1187,10/14/2022,201.63,251.34,54.5,224.7,264.63,394.71,39.98,68.08,295.3,74.3,248.67,140.6,197.22,72.11,126.11,89.39,97.41,470.77,82.42,,66.17,201.47,62.55,66.89,500.0,324.64,199.32,69.1,173.41,183.06,179.26116838488,352.65,0.82,81.61,351.86,1117.03,221.12,736.06,120.12,165.84,209.13,70.715,503.05,,24.71,91.54,513.13,293.21,272.19,247.53,28.48,106.91
1188,10/15/2018,317.43,195.59,70.87,232.49756097561,328.41,277.78,36.43,51.53,203.92,69.71,253,89.54,121.86,41.57,99.96,69.96,31.2925,267.38,47.2633333333333,,72.78,132.76,40.13,66.4705882352941,317.01,216.9,313.41,62.03,124.26,173.096666666667,145.644329896907,131.37,1.08,93.82,138.57,555.98,88.75,377.55,85.6,106.44,169.41,45.5475,228.1,,,122.91,260.25,177.65,181.93,115.55,36.23,119.902912621359
1189,10/15/2019,209.25,204.66,87.74,247.10243902439,226.06,334.51,38.46,47.9,160.16,45.21,295.15,83.2,134.07,49.2,104.81,56.72,38.2425,248.94,76.21,,65.3,121.51,49.43,61.84,276.64,282.26,312.17,78.52,146.56,176.07,144.14089347079,138.17,0.897,108.19,117.47,680.0,155.42,303.82,82.16,143.1,214.95,50.16,286.02,,32.0,145.25,238.59,176.14,215.39,141.79,53.74,133.873786407767
1190,10/15/2020,336.67,235.01,80.56,229.278048780488,280.63,552.61,39,48.92,176.82,65.86,353.42,99.35,242.15,92.2,118.14,88.91,99.895,294.9,85.32,,62.96,137.79,65.93,61.36,435.36,422.72,323.78,90.53,162.0,247.0,165.584192439863,156.55,3.95,107.52,206.5,1018.53,250.64,585.18,123.33,187.33,222.33,66.39,464.56,,34.26,112.71,324.57,215.28,213.7,291.37,45.4,143.242718446602
1191,10/15/2021,589.61,207.84,79.7,235.278048780488,281.19,721.48,43.4,48.54,206.19,65.32,398.31,119.86,403.54,128.77,142.5,112.21,136.1175,393.05,112.16,,67.63,246.88,69.67,77.44,441.0,635.15,409.93,65.56,248.85,331.5,233.333333333333,204.17,2.4,127.75,280.09,1417.75,300.49,553.24,169.82,225.09,266.32,124.505,582.39,,48.36,133.02,428.07,181.77,344.71,404.81,57.85,142.097087378641
1192,10/16/2018,334.94,202.34,71.76,238.341463414634,338.61,289.31,38.11,52.65,211.96,73.23,262.07,92.57,126.85,42.88,102.24,70.43,33.3,278.42,49.0066666666667,,76.31,135.5,41.27,66.721568627451,328.35,225.79,326.58,64.91,129.61,180.97,149.226804123711,133.44,1.08,96.55,143.59,573.59,92.72,398.52,89.28,110.23,175.1,46.3475,235.15,,,124.62,272.57,185.45,188.12,119.32,37.14,123.961165048544
1193,10/16/2019,211.56,203.21,87.02,246.770731707317,227.72,337.6,38.18,49.07,161.47,45.54,291.53,86.05,134.76,48.82,105.82,57.01,38.4675,245.02,75.4466666666667,,65.35,121.43,48.97,62.45,275.37,279.57,309.67,78.12,144.83,176.746666666667,146.030927835052,144.84,0.897,108.5,118.0,668.5,155.61,299.4,81.69,142.4,215.75,50.5075,280.56,,31.87,144.72,236.99,176.09,213.59,139.97,53.91,132.601941747573
1194,10/16/2020,336.52,235.72,81.82,231.209756097561,280.01,556.57,38.44,48.79,177.9,66.21,353.7,99.52,240.29,92.4,120.2,90.78,101.25,296.87,85.33,,62,135.12,66.9,62.34,437.72,423.75,326.31,90.63,164.56,250.893333333333,171.039518900344,156.67,3.7,110.13,210.64,1029.77,248.33,599.74,124.02,188.88,224.05,66.4175,468.59,,33.72,112.89,329.9,218.08,211.1,292.06,45.68,142.650485436893
1195,10/16/2023,272.36,286.88,31.98,259.75,267.94,351.08,50.1,92.66,312.13,71.12,331.6,186.86,192.74,46.52,122.81,74.57,78.95,462.62,71.27,66.88,79.2,239.42,69.22,71.8,524.21,429.55,131.38,57.63,198.98,274.16,201.34,455.29,0.31,71.75,355.73,1056.97,135.91,843.66,106.56,224.04,264.09,68.58,488.54,,44.71,126.1,538.03,374.0,255.17,385.81,31.39,105.05
1196,10/17/2018,332.83,202.77,72.44,239.004878048781,338.23,287.69,38,53.52,211.2,72.68,264.28,93.76,127.25,43.38,102.38,68.36,33.16,279.58,49.5433333333333,,75.62,136.47,41.59,67.8196078431373,328.08,228.49,328.96,65.04,129.38,180.97,149.561855670103,135.04,1.08,97.29,143.13,578.69,92.41,399.06,90.16,110.01,176.23,45.7775,234.65,,,125.64,267.3,185.48,188.98,118.93,37.07,124.582524271845
1197,10/17/2019,213.92,203.56,87.85,250.536585365854,225.6,343.45,38.17,51.21,164.77,47.18,292.25,89.5,136.07,49.73,104.73,57.85,39.1675,249.25,75.9333333333333,,65.23,122.8,49.35,63.55,285.5,282.13,310.55,77.43,143.35,176.466666666667,146.477663230241,150.51,0.917,108.51,121.5,670.82,156.48,301.57,83.02,143.15,215.56,50.375,281.59,,32.62,146.3,243.67,177.72,214.76,141.61,54.95,134.47572815534
1198,10/17/2022,211.44,252.93,55.25,229.02,269.55,404.13,40.86,68.22,289.92,75.18,260.11,142.38,205.59,74.36,127.93,89.88,99.73,477.08,85.49,,66.38,206.31,64.34,67.7,498.79,339.49,207.11,70.36,181.18,190.12,182.5,354.49,0.85,82.76,352.46,1173.12,224.16,735.96,126.63,170.05,215.63,74.04,517.23,,25.94,94.44,521.88,297.02,279.6,255.32,29.22,110.51
1199,10/17/2023,276.76,284.42,31.84,259.3,267.43,341.05,50.46,93.04,310.6,72.12,330.03,187.45,191.95,45.71,123.29,76.38,80.49,465.69,70.33,66.8,80.48,243.97,69.0,71.35,519.87,436.09,131.87,57.19,199.0,275.37,202.95,455.25,0.31,72.81,359.97,1045.23,141.38,836.85,105.64,223.04,268.81,68.36,484.77,,44.38,127.33,536.65,373.5,256.62,386.58,32.12,106.59
1200,10/18/2018,323.06,202.72,70.47,233.951219512195,330.15,284.42,37.53,53.42,212.74,72.95,258.12,93.38,125.2,42.14,102.38,68.95,33.2125,281.19,49.1066666666667,,74.17,136.37,41.1,65.3254901960784,332.31,224.33,321.45,64.44,128.42,174.096666666667,148.109965635739,132.7,1.08,95.92,142.4,566.35,90.1,395.22,87.81,108.64,173.1,45.8125,229.71,,,126.38,266.81,178.9,187.72,116.53,35.67,122.640776699029
1201,10/18/2019,213.88,202.72,87.99,252.282926829268,220.06,343.27,38.47,51.54,166.88,46.88,287.81,89.64,134.28,48.63,102.66,58.69,39.23,249.4,75.82,,64.91,123.64,49.93,62.81,289.26,282.83,309.44,77.76,143.49,188.75,143.865979381443,152.26,0.916,108.12,122.93,680.5,153.74,300.19,83.1,143.37,215.32,50.0625,281.42,,32.06,146.09,245.34,176.23,215.75,140.85,54.9,133.601941747573
1202,10/18/2021,595.13,203.13,78.18,232.634146341463,269.73,727.17,42.8,47.63,204.57,64.01,396.7,118.38,414.01,130.4,143.72,111.84,135.32,388.21,111.09,,65.9,246.59,70.02,76.53,438.55,638.29,410.53,64.58,248.46,332.3,235.644329896907,200.8,2.41,120.72,276.28,1420.23,291.91,543.48,170.39,223.2,262.05,124.8725,588.03,,47.07,132.55,424.62,180.8,347.68,408.72,56.32,140.747572815534
1203,10/18/2022,210,252.12,55.6,230.63,270.28,406.69,41.08,70.66,293.74,75.32,258.47,143.99,205.86,74.93,129.58,90,96.93,478.27,86.26,,66.87,210.02,63.83,68.44,501.68,342.16,208.68,71.11,184.33,193.73,182.981099656357,360.88,0.82,84.1,359.6,1200.0,227.47,722.71,130.37,170.79,214.92,75.655,524.4,,27.61,95.61,522.21,300.17,283.94,261.61,29.4,109.03
1204,10/18/2023,272.4,283.58,32.06,259.4,263.5,314,50.71,93.8,311.94,72.98,326.85,189.55,185.16,45.01,122.79,78.74,84.12,469.31,69.71,65.23,79.67,242.51,67.91,70.67,521.69,425.32,124.45,56.82,188.95,275.52,201.75,455.72,0.31,72.7,360.12,1010.0,144.87,826.03,101.58,221.94,270.18,66.31,467.26,,43.0,128.03,536.06,367.55,248.51,375.05,32.34,106.19
1205,10/19/2018,312.79,201.8,69.46,232.282926829268,320.41,280.96,36.54,53.19,210,71.39,254.21,92.8,122.33,41.37,102.5,67.65,32.25,279.15,48.4733333333333,,73.27,133.71,40.83,64.7137254901961,328.38,218.4,313.1,66.06,126.89,168.086666666667,148.281786941581,132.39,1.08,93.94,134.56,558.34,88.19,389.83,86.18,106.68,168.94,44.375,227.15,,,125.79,265.3,175.69,185.42,113.77,36.28,120.776699029126
1206,10/19/2020,326.84,230.71,81.19,231.590243902439,268.77,554.34,37.77,47.9,171.66,65.73,348.42,97.8,233.13,91.26,120.83,89.56,99.375,292.21,84,,60.57,134.33,67.01,61.87,433.08,419.27,321.26,87.76,164.05,245.373333333333,171.743986254296,152.42,3.74,108.48,206.69,1018.7,248.52,583.14,122.3,186.43,220.89,66.145,461.29,,34.22,110.35,324.22,220.51,209.87,286.06,44.6,137.864077669903
1207,10/19/2021,594.27,206.78,79.68,236.809756097561,268.13,732.76,44.13,48.63,206.63,64.71,402.2,119.84,412.52,133.22,145.71,112.9,137.5125,393.75,115,,66.9,248.68,70.93,76.96,441.5,640.99,414.08,65.47,249.02,336.3,237.156357388316,202.59,2.4,122.2,281.92,1430.45,299.93,552.11,171.62,227.03,270.86,124.905,592.1,,47.05,132.24,424.38,185.41,349.54,417.57,57.55,144.582524271845
1208,10/19/2022,204.98,248.19,55.32,225.47,264.45,385.23,40.96,70.8,293.08,75.72,256.48,142.99,199.6,71.08,126.66,90.67,96.84,487.81,85.95,,66.19,209.19,62.17,67.68,500.21,335.49,204.73,69.59,178.39,211.14,179.398625429553,360.66,0.82,83.66,353.21,1166.97,215.82,709.37,127.66,167.13,216.69,72.505,505.61,,27.53,95.05,520.32,292.02,277.36,243.64,28.82,108.12
1209,10/19/2023,270.29,280.6,32.61,257.48,257.3,315.99,50.55,92.79,310.17,71.94,323.8,189.89,187.4,43.14,122.83,81.62,86.04,463.28,69.08,65.45,78.44,244.05,67.82,68.75,522.72,425.68,119.98,55.64,186.75,273.45,199.43,453.27,0.305,72.35,349.62,1014.12,145.24,808.64,101.43,216.9,268.42,63.5,469.67,,42.72,127.66,531.63,364.8,252.33,369.33,31.5,104.81
1210,10/20/2020,334.6,231.1,81.14,230.49756097561,267.12,562.58,37.54,47.71,171.09,65.56,347.46,97.99,233.53,93.16,123.32,89.7,98.1075,291.19,84.43,,60.55,136.42,66.38,62.51,436.41,420.09,320.44,89.31,173.5,244.333333333333,176.297250859107,153.04,3.79,109.15,206.6,1030.61,245.83,576.63,123.35,186.34,220.8,66.1225,465.26,,36.31,112.72,323.41,214.54,213.08,286.98,44.71,137.766990291262
1211,10/20/2021,608.2,209.66,81.25,240.878048780488,266.57,747.06,44.47,49.26,214.76,68.09,410.6,122.25,421.43,131.78,146.85,114.11,139.135,424.05,115.6,,66.86,250.86,72.93,78.47,454.48,642.2,413.45,65.65,251.52,339.8,239.381443298969,206.09,2.57,121.79,290.1,1437.34,298.69,562.71,176.58,226.11,273.76,126.8325,605.6,,46.0,133.79,435.09,185.49,356.05,414.6,58.17,145.757281553398
1212,10/20/2022,198.28,247.45,55,222.58,262.65,375.8,40.23,70.77,294.31,74.15,255.7,142.77,199.49,68.27,134.66,90.93,94.36,502.22,83.68,,66.16,208.61,61.6,67.67,505.35,331.2,208.64,68.96,174.58,212.0,181.408934707904,359.19,0.801,82.45,354.36,1143.9,212.22,705.89,125.93,165.85,214.44,70.5325,486.86,,27.87,94.05,520.88,290.16,275.01,231.3,28.64,106.33
1213,10/20/2023,269.88,278.81,32.69,258.64,257.45,310.79,50.05,92.38,306.78,71.89,324.47,188.75,185.41,42.16,123.73,77.52,85.97,453.78,69.48,64.05,77.8,241.13,67.81,68.31,521.15,427.0,119.64,55.13,184.36,266.91,199.86,452.81,0.28,72.7,348.89,1020.23,144.73,808.47,101.67,217.05,265.69,64.07,464.36,,42.96,124.68,527.03,361.86,253.64,363.66,31.85,104.56
1214,10/21/2019,210.04,202.93,88.45,247.90243902439,223.51,345.56,38.65,50.41,166.74,45.77,287.34,86.66,128.66,48.63,102.28,58.66,39.155,253.07,75.7366666666667,,65.21,123.61,49.18,62.9,287.15,278.88,313.83,78.59,143.14,187.566666666667,144.364261168385,147.35,0.921,106.62,121.45,685.22,153.88,297.99,84.1,140.55,215.07,50.845,283.54,,31.41,145.32,243.92,183.53,217.34,140.08,55.06,133.592233009709
1215,10/21/2020,335.81,228.97,81.74,230.634146341463,268.91,559.43,37.15,47.83,174.56,65.98,348.79,97.73,229.09,92.41,122.83,89.61,96.96,296.16,83.61,,60.21,135.98,65.85,63.62,437.23,419.73,317.85,88.6,169.25,242.826666666667,174.536082474227,152.62,3.9,109.23,206.73,1031.94,241.14,572.4,123.38,185.95,220.9,65.45,468.76,,35.2,111.88,322.79,211.38,214.9,284.42,45.67,137.68932038835
1216,10/21/2021,599.49,208.99,81.46,240.458536585366,270.21,759.85,44.87,49.06,216.23,68.99,411.56,122.71,417.21,132.31,145.36,115.41,142.025,430.41,115.74,,66.99,260,73.64,79.01,460.81,645.24,411.58,65.87,254.84,339.63,240.386597938144,207.19,2.53,121.65,296.25,1436.95,303.35,569.37,176.5,232.28,276.44,124.3625,608.41,,46.47,137.35,442.28,187.09,361.01,422.23,58.28,146.417475728155
1217,10/21/2022,207.67,251.94,56.43,223.6,267.62,378.21,40.57,73.03,301.34,73.85,259.99,147.73,200.18,67.63,136.75,89.99,95.68,511.04,84.81,,67.79,196.66,62.51,70.24,510.54,337.65,220.01,70.58,178.15,218.49,181.881443298969,370.64,0.8,83.26,360.38,1174.38,227.0,713.91,130.55,167.22,218.31,70.8225,496.74,,28.02,90.0,533.73,300.0,282.12,232.88,29.06,107.39
1218,10/22/2018,314.22,198.02,69.02,229.6,315.54,278.48,36.62,52.01,208.8,70.655,254.28,90.22,123.05,41.33,101.54,66.99,32.86,275.73,49.77,,72.34,132.36,40.58,64.3450980392157,326.65,219.78,317.23,65.18,126.45,170.47,145.489690721649,126.73,1.08,93.62,134.08,558.11,88.1,387.8,86.01,105.68,167.76,45.16,225.77,,,126.19,262.19,177.4,186.08,113.98,35.98,120.504854368932
1219,10/22/2019,213.6,204.83,87.04,244.175609756098,281.87,343.54,38.18,50.74,170.38,48.75,281.18,86.06,126.38,48.41,100.75,59.21,37.7225,260.25,74.03,,65.86,125.23,48.39,62.49,290.11,270.84,309.05,78.51,142.86,178.583333333333,144.003436426117,146.92,0.922,104.49,124.11,684.21,150.87,301.31,83.97,136.92,209.76,50.17,280.99,,32.53,146.38,249.48,191.06,219.08,138.82,54.41,130.893203883495
1220,10/22/2020,453.23,227.98,81.45,235.209756097561,266.8,579.04,36.86,48.77,179.33,66.94,353.18,98.72,233.93,93.4,126.34,90.68,98.95,305.17,79.38,,60.67,135.21,67.97,66.63,441.16,423.59,325.92,90.49,169.4,244.313333333333,176.340206185567,154.23,4.05,111.84,211.12,1063.23,245.25,575.73,125.2,188.19,224.64,67.415,481.99,,36.7,112.13,325.73,210.08,221.98,279.41,48.34,138.883495145631
1221,10/22/2021,590.56,209.24,82.19,241.063414634146,264.8,753.58,44.84,49.57,216.4,69.24,417.02,123.32,420.61,132.73,146.49,115.61,141.6425,433.34,116.59,,67.24,253.11,73.61,79.89,461.85,651.85,409.15,65.79,256.89,341.52,242.396907216495,209.09,2.41,123.09,297.89,1469.75,304.33,572.36,176.38,235.31,275.73,126.315,611.96,,45.51,135.62,449.16,183.52,364.49,421.19,58.3,146.038834951456
1222,10/23/2018,311.69,197.64,68.73,225.726829268293,316.15,276.35,36.03,51.83,210.34,67.185,253.78,90.28,121.59,41,95.22,67.89,32.7875,274.09,49.4333333333333,,71.67,130.63,40.2,64.1019607843137,325.83,218.12,313.8,65.04,122.48,168.976666666667,144.845360824742,127.29,1.18,93.09,133.35,542.21,88.99,380.69,85.55,105.41,166.63,45.8425,223.33,,,125.55,264.86,174.17,181.22,113.91,35.96,120.456310679612
1223,10/23/2019,217.5,203.32,87.95,245.463414634146,278.82,348.48,40.09,50.02,172.91,48.39,282.2,85.65,126.05,49.3,102.92,59.12,36.615,263.51,75.06,,66.58,125.25,47.99,63.25,290.21,267.93,312.59,78.1,143.48,179.95,145.231958762887,146.06,0.88,105.22,121.85,688.87,146.49,305.02,84.86,137.85,210.46,50.61,296.93,,33.05,144.56,247.8,190.51,214.47,139.17,54.4,131.281553398058
1224,10/23/2020,469.56,227.16,81.09,234.419512195122,265,581.71,37.17,49.34,184.49,67.42,356.45,99.38,232.81,94.02,127.13,91.05,102.75,310.76,80.41,,60.79,136.59,67.91,67.79,444.31,429.66,323.55,89.69,167.47,245.16,178.256013745704,156.41,4.16,111.42,212.55,1053.2,249.39,579.81,124.45,187.54,221.9,67.115,480.17,,36.75,115.58,330.6,211.58,221.95,281.93,49.15,138.553398058252
1225,10/23/2023,265.72,273.06,32.85,255.93,253.39,301.9,50.13,91.99,301.05,70.86,322.4,188.82,181.25,42.22,121.45,78.87,86.02,451.77,69.05,63.99,77.56,240.94,67.56,67.41,515.48,427.72,119.47,55.1,183.71,272.59,197.93,450.0,0.282,72.39,344.64,1008.77,147.0,795.54,102.28,214.77,263.57,63.41,461.81,,43.04,124.98,521.57,367.66,255.66,370.55,32.34,105.16
1226,10/24/2018,290.83,187.88,67.49,221.814634146341,302.05,267.28,35.68,49.6,201.92,64.765,248.57,84.49,113.28,39.11,91.46,65.33,31.21,265.43,46.7866666666667,,68.01,126.5,38.76,62.7686274509804,317.74,206.95,289.5,60.92,115.24,161.036666666667,133.419243986254,121.58,1.101,91.47,129.15,524.03,84.53,351.39,82.03,106.39,163.2,43.42,220.56,,,122.02,256.32,163.09,175.4,111.88,35.04,117.572815533981
1227,10/24/2019,249.47,203.06,79.08,239.90243902439,285.68,340.63,40.54,49.69,170.11,47.64,282.72,85.98,127.62,49.53,100.29,58.05,36.7425,259.49,76.2866666666667,,66,125,47.68,61.94,286.61,268.33,315.5,77.5,145.17,182.65,141.116838487973,145.6,0.92,105.29,120.46,686.74,149.35,305.77,84.85,137.39,211.41,50.41,293.44,,33.28,144.7,244.51,194.47,215.85,138.86,53.08,130.961165048544
1228,10/24/2022,211.39,261.32,56.43,225.21,274.62,377.94,40.98,73.8,306.95,75.81,258.58,150.1,200.85,69,138.96,92.71,98.97,526.5,84.91,,69,210.36,63.6,70.31,521.94,344.94,220.57,72.47,179.56,220.27,184.458762886598,379.11,0.75,83.88,364.59,1197.14,230.62,737.15,132.72,169.73,220.5,70.945,505.01,,27.65,93.05,541.6,310.5,287.41,236.62,29.51,109.03
1229,10/24/2023,265.46,276.12,32.57,259.21,252.11,303.71,50.96,93.42,304.64,69.69,321.51,189.01,183.65,42.48,123.58,81.11,86.35,452.59,70.49,64.67,78.15,230.12,67.87,67.3,516.35,430.77,116.1,54.95,186.69,277.39,198.65,452.05,0.274,71.96,333.77,991.81,141.0,804.28,101.88,217.21,265.06,63.63,458.26,,44.19,124.53,525.0,369.38,249.18,369.72,32.65,104.84
1230,10/25/2018,232.07,188.1,67.84,225.80487804878,298.47,270.73,36.39,50.64,210.37,65.725,250.55,85.72,118.91,39.03,91.89,65.34,31.415,270.93,47.7833333333333,,68.62,127.06,38.98,63.8039215686275,321.58,210.78,298.14,64.29,119.92,164.306666666667,134.570446735395,121.99,1.101,91.76,132.47,536.4,82.83,336.94,84.23,107.8,165.27,44.96,230.19,,,121.55,264.24,165.61,183.64,104.35,35.19,118.592233009709
1231,10/25/2019,243.38,203.05,77.28,238.341463414634,288.04,345.67,40.85,50.05,171.49,48.23,281.75,86.8,129.06,49.55,100.63,57.83,36.8475,263.07,76.07,,63.32,126.27,47.49,62.25,288.09,268.29,290.64,77.55,147.51,183.09,142.345360824742,145.96,0.947,105.44,121.89,698.19,145.87,306.21,86.23,138.01,211.62,50.8275,296.68,,32.71,137.93,244.91,194.49,218.11,140.89,53.08,130.165048543689
1232,10/25/2021,589.81,207.63,81.36,240.4,269.94,770.48,44.49,48.73,215.62,67.97,414.95,122.6,423.82,130.89,145.01,113.86,142.085,434.56,117.3,,67.67,241.81,73.03,76.21,463.42,652.52,420.78,66.75,257.25,343.59,241.469072164948,207.45,2.27,123.56,297.6,1470.72,302.2,576.2,177.19,235.37,273.05,127.7075,607.75,,45.72,133.69,449.49,184.99,366.58,417.43,57.27,146.631067961165
1233,10/25/2022,217.98,259.99,57.11,225.7,273.56,389,41.3,73.72,310.92,83.63,265.26,152.77,219.12,71.36,144.05,95.44,100.95,523.95,85.7,,69.6,214.4,65.3,69.67,529.46,352.35,230.12,72.42,197.65,237.87,196.056701030928,382.43,0.75,84.5,366.25,1230.89,238.03,747.33,136.43,171.9,224.62,74.15,514.62,,28.36,96.68,540.22,309.21,296.81,249.21,30.31,110.73
1234,10/25/2023,253.69,272.16,32.16,255.57,246.72,290.07,49.99,93.53,303.89,68.71,315.22,189.12,172.69,39.43,125.47,78.6,84.35,450.07,68.34,64.51,78.39,225.36,66.62,67.77,522.77,412.68,113.93,54.25,181.22,266.61,197.69,453.0,0.26,71.4,336.45,975.26,139.64,797.04,99.69,213.0,259.06,61.28,433.18,,42.35,122.21,530.21,363.04,242.3,358.0,31.81,103.64
1235,10/26/2018,230.13,185.98,67.1,223.414634146341,300.17,268.79,35.83,49.92,206.69,63.625,247.85,84.72,118.27,38.19,91.47,65.08,31.3425,265.75,46.7133333333333,,69.74,127.86,38.22,62.6901960784314,318.25,203.45,295.1,63.95,120.19,162.296666666667,132.757731958763,118.39,1.029,89.75,127.59,535.58,84.03,335.82,83.99,105.82,160.38,45.04,230.0,,,115.61,258.18,169.48,182.69,101.13,34.33,111.776699029126
1236,10/26/2020,454.51,224.89,80.01,236.09756097561,256.76,583.82,36.86,48.03,181.88,66.39,348.17,98.37,230.18,91.31,124.32,89.71,104.5,299.75,78.08,,59.96,135.43,68.66,66.87,435.13,428.96,319.06,90.44,162.17,237.256666666667,173.505154639175,152.27,3.98,107.93,205.03,1045.29,253.53,585.74,124.07,186.42,214.74,66.1375,482.43,,35.49,114.79,323.06,207.15,220.31,280.11,47.61,135.446601941748
1237,10/26/2021,593.3,208.68,81.79,240.341463414634,271.12,773.15,44.32,48.7,215.67,70.97,416.54,122.96,429.83,133.51,145.5,112.11,141.41,436.24,116.99,,67.73,241.4,72.43,75.32,467.1,651.96,417.19,66.55,256.09,348.7,243.60824742268,207.97,2.22,124.05,299.46,1470.58,303.92,592.15,176.98,235.36,273.18,129.6925,608.34,,46.02,126.17,454.64,184.07,362.06,420.3,56.89,145.466019417476
1238,10/26/2022,221.64,266.66,57.63,232.88,280.43,394.11,41.79,74.91,314.95,84.8,274.27,154.69,221.18,71.97,143.51,99.31,102.61,533.57,86.76,,70.82,217.48,66.19,71.17,539.1,358.3,237.34,73.62,202.1,241.66,197.551546391753,385.41,0.739,85.37,369.23,1262.83,243.6,733.98,136.44,172.9,228.59,75.4725,503.0,,28.2,109.37,543.17,311.18,301.73,254.4,30.88,112.27
1239,10/26/2023,190.56,269.71,32.45,254.18,241.08,291.53,49.78,92.55,304.22,68.11,307.86,188.6,175.07,39.27,131.26,77.49,81.09,449.79,62.78,63.91,78.5,221.81,65.79,66.51,513.37,397.43,111.63,54.27,184.42,259.51,205.92,451.64,0.251,70.37,331.39,982.29,135.14,792.01,98.95,209.4,258.58,61.51,440.16,,40.62,124.23,528.36,361.28,244.45,327.32,30.68,103.12
1240,10/27/2020,455.09,223.46,80.62,238.282926829268,255.3,589.54,36.05,47.48,178.29,64.14,346.35,97.65,229.26,91.49,127.15,89.15,95.1575,298.88,76.5,,60.01,130.56,70.92,65.61,432.14,443.16,321.74,88.35,159.14,240.3,177.396907216495,149.21,4.0,105.21,203.87,1052.58,246.04,582.52,127.08,185.35,213.46,66.55,489.3,,34.16,111.39,320.51,212.19,223.96,286.07,47.54,134.563106796117
1241,10/27/2021,604.39,206.58,81.94,239.024390243902,259.95,764.62,43.73,47.44,213.4,70.55,411.95,119.55,430.07,133.02,143.94,110.92,139.635,433.68,116.07,,66.77,245.37,71.66,74.19,458.64,640.5,412.01,64.97,254.29,348.98,240.970790378007,203.03,2.23,122.5,295.62,1461.89,299.33,589.6,173.79,232.11,268.5,127.4425,612.29,,44.73,124.92,453.48,180.94,361.17,421.34,56.47,142.04854368932
1242,10/27/2022,181.53,267.23,53.97,231.17,277.87,385.02,41.58,75.34,316.58,84.07,269.23,155.9,208.97,66.27,142.65,96.75,101.25,531.62,86.3,,70.2,217.77,66.18,70.09,544.5,356.14,236.87,72.86,200.42,241.69,185.824742268041,388.07,0.706,85.57,351.79,1253.08,243.31,724.88,135.3,171.41,228.28,73.9425,498.32,,27.82,112.46,541.8,287.89,300.96,221.23,30.51,111.56
1243,10/27/2023,190.94,261.57,32.16,251.6,234.52,270.68,49.52,91.39,303.24,67.48,306.88,187.64,172.59,39.32,127.68,76.77,89.29,441.46,61.71,63.1,76.62,225.29,65.11,66.41,510.19,391.37,109.22,52.54,179.94,258.98,198.96,448.03,0.197,69.43,336.1,976.25,133.43,775.18,97.87,209.39,261.91,59.54,431.41,,41.23,123.34,524.66,355.28,244.76,320.92,30.6,103.19
1244,10/28/2019,250.42,205.01,77.85,240.078048780488,295.54,341.5,41.57,50.28,174.79,48.6,284.02,87.39,131.18,50.12,100.39,57.84,37.9075,267.67,79.03,,63.73,126.87,47.81,62.12,289.37,266.42,304.06,79.86,147.75,186.216666666667,140.73883161512,145.48,0.92,106.22,124.27,701.35,147.16,308.56,87.38,139.46,213.72,52.3,299.9,,33.22,138.08,247.05,194.02,220.11,142.49,53.35,131.990291262136
1245,10/28/2020,439.51,216.38,78.15,230.136585365854,244.26,559.46,34.07,45.96,168.33,61.16,333.57,95.7,222,88.93,124.97,86.27,87.28,285.8,73.26,,58.72,126.55,69.69,61.98,413.25,422.89,309.69,86.99,155.71,229.266666666667,175.257731958763,144.1,3.8,102.59,193.23,1009.26,228.41,567.04,124.4,178.62,204.95,64.4125,476.71,,33.65,106.37,308.0,208.34,224.77,280.24,44.84,129.485436893204
1246,10/28/2021,631.8,207.17,78.61,232.839024390244,264.87,788.82,43.24,47.72,215.75,71.61,416.74,120.7,438.78,135.5,145.83,114.1,142.58,433.36,116.51,,67.34,250.67,72.66,75.52,467.6,653.02,413.55,65.74,257.19,355.61,245.042955326461,205.02,2.25,121.27,297.14,1479.15,309.99,625.19,177.33,232.94,268.44,128.81,620.07,,44.62,126.17,455.44,182.0,361.34,421.13,57.27,141.281553398058
1247,10/28/2022,188.62,273.81,55,235.26,284.29,354.3,43.16,77.14,324.76,85.8,275.42,159.31,214.47,66.18,144.59,70.54,120.87,543.65,70.87,,79.27,223.66,66.93,70.13,554.83,364.28,233.0,74.6,208.16,244.16,192.689003436426,394.72,0.698,86.82,354.5,1264.55,255.55,750.76,135.94,172.88,229.23,73.875,503.84,,27.5,117.02,551.24,313.89,302.68,225.51,30.86,113.47
1248,10/29/2018,217.94,188.19,67.04,222.926829268293,300.96,265.92,35.38,50.24,206.87,62.445,247.7,85.99,117.63,38.03,91.83,66.09,31.16,263.52,46.4066666666667,,70.9,129,37.9,63.6941176470588,317.61,203.91,292.25,63.32,120.81,159.286666666667,135.833333333333,120.77,1.029,89.45,124.62,533.77,83.18,336.18,83.82,107.94,161.75,44.365,228.35,,,118.75,256.52,170.34,183.66,101.32,34.32,111.932038834951
1249,10/29/2019,256.12,208.99,77.86,248.078048780488,297.5,337.92,41.75,51.23,177.98,49.91,290.7,88.87,132.42,50.53,100.96,58.95,38.71,272.64,79.55,,63.45,134.99,48.11,63.12,295.84,270.87,301.79,83.35,150.09,185.39,141.829896907216,149.4,0.89,107.55,124.68,703.76,146.92,310.46,87.99,141.45,220.53,52.56,297.95,,32.42,138.81,252.29,197.89,214.29,143.43,54.09,134.165048543689
1250,10/29/2020,436.57,217.82,78.08,226.8,245.48,568.03,33.5,45.61,163.4,58.33,324.14,94.59,228.94,89.39,122.97,85.77,83.8225,273.26,72.91,,58.53,125.4,70.5,62.9,396.75,441.8,314.9,87.02,154.65,228.76,171.408934707904,143.79,3.76,101.37,187.11,1003.79,228.72,555.79,128.79,177.33,205.39,63.9225,471.88,,34.06,105.45,303.68,207.01,225.58,275.23,44.8,129.941747572816
1251,10/29/2021,624.37,206.97,78.96,233.746341463415,266.68,794.68,43.13,47.81,213.61,71.24,416.92,122.02,448.68,137.86,146.78,103.24,155.8025,435.13,119.82,,64.88,250.46,73.31,76.35,463.16,666.14,415.06,66.98,261.42,361.13,246.580756013746,207.88,2.25,119.86,295.72,1480.88,310.02,639.94,176.89,233.74,266.07,130.9125,633.07,,43.82,124.1,460.47,184.93,367.55,429.88,57.21,138.95145631068
1252,10/30/2018,223.01,189.08,68.66,224.975609756098,306.28,269.5,35.91,51.57,210.26,64.075,254.29,87.61,118.16,38.65,92.86,66.76,31.3525,265.49,47.52,,72.04,135.21,38.65,65.364705882353,323.5,210.22,303.75,61.03,119.83,163.606666666667,136.099656357388,124.12,1.029,90.27,125.8,541.07,85.37,339.7,85.68,107.83,162.04,41.5875,232.67,,,120.84,258.28,171.49,188.82,104.69,34.99,111.242718446602
1253,10/30/2019,252.71,210.88,76.88,249.707317073171,299.89,344.5,42.01,50.16,176.44,54.04,292.1,85.85,132.56,49.87,101.72,58.97,38.935,273.46,79.7133333333333,,63.15,134.77,48.22,62.8,294.19,273.85,296.51,83.66,145.74,185.44,142.852233676976,136.79,0.969,108.55,123.88,708.47,146.99,311.0,87.76,142.68,217.09,52.295,301.86,,33.75,139.07,254.8,199.28,215.0,144.51,55.33,134.04854368932
1254,10/30/2020,426.08,216.94,77.57,225.492682926829,252.07,586.42,34.27,45.79,166.97,59.1,319.05,96.07,227.7,87.77,122.14,86.25,79.895,272.8,71.69,,58.15,123.94,68.82,63.58,399.28,424.82,292.7,86.64,153.99,222.36,171.623711340206,147.49,3.73,100.57,186.47,997.91,222.25,543.56,129.55,177.19,202.01,63.1025,473.12,,33.41,109.55,305.14,208.36,222.82,272.07,47.19,128.252427184466
1255,10/30/2023,186.74,263.19,32.04,251.09,237.21,269.37,50.05,91.04,305.22,67.96,309.54,185.41,164.52,39.92,129.41,76.64,84.91,448.02,62.36,63.17,77.77,223.34,65.31,66.15,517.97,396.39,107.87,52.16,177.16,258.49,198.16,449.43,0.18,69.97,327.98,962.37,130.76,777.67,82.08,209.1,262.58,56.64,434.11,,42.73,123.83,529.99,357.45,236.7,319.86,29.99,103.41
1256,10/31/2018,221.2,192.79,62.51,224.878048780488,304.27,272.85,36.14,50.6,213.81,65.16,258.31,88,121.82,40.34,94.11,67.34,33.1925,275.57,49.2,,68.18,133.53,38.99,65.0980392156863,320.41,212.12,311.15,64.82,122.93,173.726666666667,137.929553264605,124.76,1.029,89.82,126.77,546.82,88.21,339.24,86.48,109.31,162.22,41.93,233.65,,,121.56,261.35,169.46,189.69,105.92,34.63,110.281553398058
1257,10/31/2019,252.29,213.25,76.7,249.756097560976,298.71,331.62,41.7,49.45,178.46,53.08,291,85.38,129.98,48.65,101.25,58.6,38.56,269.08,79.46,,63.71,133.54,48.31,62.59,294.2,285.01,295.52,83.92,144.42,184.316666666667,141.554982817869,133.0,0.98,108.9,117.64,704.94,145.32,306.28,85.96,141.57,216.27,52.0425,301.98,,31.5,137.46,252.7,195.48,211.62,143.84,54.78,134.203883495146
1258,10/31/2022,194.3,270.35,54.35,235.97,283.44,351.71,43.11,75.9,323.06,85.13,273.39,157.22,212.25,65.73,143.65,73.01,120.78,546.77,72.43,,78.46,217.47,67.8,68.46,558.08,359.68,228.82,74.34,209.67,246.47,190.601374570447,389.37,0.75,87.34,358.86,1264.93,258.81,748.75,133.58,172.58,229.24,74.065,513.97,,26.57,115.87,555.15,312.0,299.17,230.1,30.82,113.35
1259,10/31/2023,184.59,255.7,32.43,252.78,237.54,275.28,51.19,91,309.2,68.98,311.75,185.15,168.36,34.39,130.1,77.23,88.83,450.09,63.72,66.57,78.54,226.14,66.17,64.98,523.69,399.47,109.42,53.93,180.83,262.22,199.73,455.36,0.181,70.56,332.95,985.2,132.57,779.89,82.85,209.98,270.22,54.63,444.77,,43.28,125.89,535.56,362.11,238.53,318.29,30.41,104.41
1260,11/01/2018,230.95,192.9,63.07,228.448780487805,315.33,275.34,36.99,52.61,216.28,65.565,263.08,90.92,123.13,41.83,93.6,68.53,34.0025,265.93,50.4933333333333,,70.31,135.69,40.09,66.4,320.87,205.06,312.74,68.43,122.24,172.87,141.219931271478,129.09,1.029,91.55,124.79,559.69,90.13,355.11,81.8,111.77,166.57,42.3375,233.66,,,123.49,260.93,175.19,193.39,104.93,35.24,113.320388349515
1261,11/01/2019,257.04,217.95,77.91,251.853658536585,299.2,352.33,41.51,50.44,179.51,52.13,291.83,86.87,132.72,49.63,101.59,59.54,39.325,270.75,78.9133333333333,,64.66,133.65,48.66,63.3,296.2,276.87,300.45,83.58,146.74,186.456666666667,143.067010309278,137.11,1.06,108.57,118.83,714.18,146.48,310.48,88.09,142.14,212.77,52.5975,303.6,,31.37,138.75,252.21,200.94,215.09,147.14,55.45,134.194174757282
1262,11/01/2021,661.46,209.79,79.82,237.121951219512,272.1,784.16,42.8,48.62,216.13,71.74,421.94,122.81,440.27,139.07,147.31,105.32,156.8175,428.76,115.56,,65.64,250.99,72.68,76.65,459.51,666.48,416.8,69.35,258.89,355.03,248.092783505155,208.08,2.24,120.23,297.97,1444.44,308.7,639.15,176.36,235.78,268.4,131.265,635.1,,44.36,124.93,454.11,185.4,364.6,426.74,58.12,141.543689320388
1263,11/01/2022,193.06,272.06,53.74,233.88,280.04,358.35,42.76,75.39,325.12,85.93,279,156.32,207.29,49.53,142.78,69.87,119.04,544.53,72.59,,79.34,221.13,74.13,71.74,554.49,394.93,219.13,76.95,209.39,246.86,191.202749140893,382.04,0.732,87.74,355.97,1280.84,266.07,759.91,136.57,172.87,220.09,77.3225,517.69,,29.75,117.32,547.31,314.2,307.44,229.5,31.0,111.84
1264,11/01/2023,183.21,260.84,32.79,253.78,239.62,277.5,51.66,93.58,309.41,69.32,316.92,187.23,167.52,32.18,132.53,77.44,94.13,446.66,63.83,68.28,80.19,225.36,66.69,64.07,489.36,395.35,106.66,54.37,180.01,270.46,203.95,459.59,0.157,70.85,336.83,969.48,137.72,791.27,82.54,212.95,272.05,52.83,441.11,,43.83,125.39,531.6,369.33,240.84,321.68,30.84,105.07
1265,11/02/2018,229.75,187.06,62.18,229.834146341463,312.7,269.77,36.81,51.44,213.13,64.655,263.43,88.57,123.5,42.05,93.38,67.66,33.165,268,50.93,,69.44,134.44,40.13,65.4980392156863,323.05,204.91,328.1,67.41,121.71,172.073333333333,139.587628865979,125.41,1.029,91.42,123.0,567.79,88.53,352.59,83.62,111.87,165.37,42.5575,234.21,,,123.46,261.01,173.29,193.65,106.16,35.03,111.78640776699
1266,11/02/2020,458.44,220.21,78.67,229.063414634146,248.99,591.02,34.55,47.52,174.84,62.38,320.52,98.94,232.82,88.53,124.84,89.07,78,278.25,72.6,,58.53,130.6,70.56,62.22,408.58,431.05,292.88,84.44,155.13,225.326666666667,178.03264604811,152.03,3.87,102.43,198.85,1043.25,215.97,548.58,132.64,181.57,202.78,65.0,480.55,,34.81,113.88,312.1,207.42,222.22,271.4,47.7,128.660194174757
1267,11/02/2021,667.06,214.26,80.29,236.975609756098,272.51,779.08,43.21,48.89,214.71,69.34,420.64,125.2,431.95,136.35,144.23,104.06,159.91,420.2,116.94,,65.9,248.44,70.91,78.24,457.11,627.35,417.21,63.48,257.83,360.37,245.910652920962,218.93,2.2,121.3,294.46,1469.84,312.86,638.77,176.31,236.73,272.65,125.8325,636.2,,42.89,122.93,452.04,181.4,348.88,438.03,58.85,141.427184466019
1268,11/02/2022,179.08,269.01,51.93,228,278.37,356.02,41.93,75.05,320.86,85.06,270.43,154.81,215.75,44.9,140.48,69.76,115.95,538.12,70.31,,77.88,213.82,74.25,69.68,559.58,372.64,210.98,77.15,204.35,236.13,192.938144329897,389.79,0.7,85.78,350.34,1238.81,261.7,740.48,130.12,165.95,211.97,74.4875,490.98,,28.81,113.13,543.43,310.01,295.74,219.53,28.18,107.69
1269,11/02/2023,192.32,266.59,34.25,255.92,241.86,281.19,52.52,93.78,318.89,68.93,327.36,192.18,174.71,32.89,131.33,77.81,93.67,451.51,65.53,69.25,81.23,227.92,66.61,61.89,481.4,419.44,112.26,53.97,190.46,277.89,205.16,447.6,0.177,72.09,337.56,991.21,140.44,818.79,83.95,212.85,278.23,55.41,447.57,,46.48,126.11,536.13,376.55,245.41,327.76,28.54,110.2
1270,11/03/2020,465.01,220.06,77.26,231.921951219512,247.01,601.57,35.15,48.79,183.88,64.64,323.96,102.15,237.45,95.51,126.5,92.95,82.9425,293.46,74.21,,58.83,136.09,71.92,60.41,423.43,444.1,296.63,84.95,160.14,227.333333333333,180.833333333333,160.01,4.14,103.13,211.59,1065.5,223.1,557.19,133.15,176.38,208.26,66.585,491.5,,35.77,118.21,321.35,211.14,217.13,277.03,47.77,132.436893203884
1271,11/03/2021,673.61,218.13,80.04,241.004878048781,279.59,779.85,42.91,50.4,218.25,73.9,422.52,128.29,387.81,136.01,145.03,105.15,154.935,424.63,117.25,,67.41,250,72.31,78.97,459.45,625.66,419.57,66.79,254.6,361.49,246.984536082474,224.23,2.22,121.18,303.99,1471.25,311.98,652.1,174.09,222.72,271.86,126.08,642.37,,45.72,124.84,457.33,189.07,347.51,438.21,59.22,144.407766990291
1272,11/03/2022,175.83,265.88,50.44,221,280.25,365.15,41.53,75.67,324.24,85.08,265.56,157.84,217.16,42.25,142.98,68.54,112.6,533.86,68.66,,79.46,212.75,73.27,71.05,563.0,369.19,211.93,76.9,203.86,234.19,192.079037800687,397.58,0.667,84.02,352.95,1225.87,255.35,738.68,127.47,161.95,205.51,76.3,486.94,,28.73,111.7,543.61,311.3,298.93,209.34,26.83,105.42
1273,11/03/2023,197.44,269.86,33.96,258.91,249.5,287.88,52.53,100.21,310.65,69.32,334.64,195.17,181.91,35.27,133.91,79.45,97.46,449.86,67.07,71.57,81.59,230.84,68.67,62.4,477.01,429.3,116.92,54.85,197.2,278.52,210.22,452.76,0.262,72.56,337.43,1032.06,162.58,816.9,88.16,217.23,276.22,58.72,454.74,,47.75,128.25,530.9,376.2,260.49,335.0,29.21,108.75
1274,11/04/2019,258.77,214.41,77.83,254.341463414634,293.43,349.44,40.98,51.74,183.12,51.71,290.14,87.5,131.86,50.22,101.14,61.48,39.635,271.72,78.4333333333333,,65.21,136.22,48.69,65.73,296.99,278.66,303.68,84.43,146.5,186.953333333333,142.646048109966,137.6,0.978,107.15,119.13,723.67,145.64,311.04,87.63,140.53,205.17,51.7625,300.77,,31.08,139.53,251.25,199.42,214.99,147.74,56.11,132.553398058252
1275,11/04/2020,483.46,230.33,75.67,231.014634146341,355.63,624.79,35.29,49.44,210.62,63.99,331.42,104.99,249.27,101.51,125.76,96.04,86.125,327.86,75.97,,59.87,131.8,73.75,59.94,452.01,469.36,311.33,91.21,170.9,236.55,181.881443298969,166.04,4.1,102.46,216.94,1080.23,231.43,587.14,135.04,177.62,207.73,66.79,510.97,,40.99,112.28,354.56,215.09,213.07,289.79,48.11,132.815533980583
1276,11/04/2021,679.26,214.93,78.31,238.126829268293,280.41,783.22,42.5,49.16,213.16,73.77,420.66,126.78,379.24,129.04,143.81,104.26,157.455,422.61,117.37,,66.47,247.41,71.83,78.68,453.55,639.96,421.83,67.49,253.86,363.32,244.192439862543,223.09,2.04,120.69,303.05,1484.4,301.61,647.63,171.99,222.24,270.06,123.8075,639.76,,45.27,126.2,456.76,194.21,346.48,433.07,54.94,133.73786407767
1277,11/04/2022,180.93,269.04,50.58,220.84,281.82,378.2,41.59,79.52,322.13,81.73,270.62,161.64,220.34,42.45,143.62,70.38,114.88,526.66,68.54,,80.34,211.91,75.23,72.69,552.05,371.79,224.36,77.3,204.1,239.53,195.867697594502,396.65,0.646,84.65,330.55,1284.51,313.0,740.21,130.49,162.94,210.98,75.8925,495.55,,28.39,112.07,538.17,308.82,305.07,215.59,27.15,104.85
1278,11/05/2018,228.12,189.92,62.5,231.531707317073,317.15,276.24,36.36,52.09,215.5,65.885,258.25,88.56,124.53,41.44,94.05,68.57,32.71,269.18,49.9166666666667,,69.58,135.36,39.99,66.4549019607843,326.61,201.45,324.14,68.97,121.67,169.133333333333,140.034364261168,127.12,1.029,91.61,124.72,573.98,83.8,354.93,83.02,112.04,166.33,42.6425,236.52,,,124.1,261.01,174.59,195.88,107.65,34.93,111.679611650485
1279,11/05/2019,257.91,215.08,77.48,240.663414634146,292.18,348.41,40.59,51.5,181.85,51.84,290.94,86.13,130.57,50.43,100.82,62.44,38.39,273,77.47,,65.39,134.34,48.11,67.73,294.75,264.15,300.87,84.13,139.89,187.79,141.872852233677,137.77,0.991,105.53,120.44,714.4,144.81,332.6,87.08,145.48,198.37,51.175,292.63,,28.02,139.86,250.3,197.14,213.58,146.91,54.9,136.223300970874
1280,11/05/2020,491.91,231.97,77.76,228.926829268293,328.9,630.57,35.21,53.06,214.16,67.88,332,105.42,251.58,102.48,128.05,98.15,88.7775,319.6,77.55,,59.63,137.56,76.67,61.57,440.79,467.97,311.72,84.65,171.71,242.76,184.209621993127,170.95,4.16,104.01,216.82,1103.74,255.68,588.81,138.41,179.16,210.6,76.15,514.76,,41.96,117.82,354.4,219.48,217.7,295.02,46.61,135.291262135922
1281,11/05/2021,687.19,213.77,78.04,237.765853658537,278.68,725.61,43.16,49.54,214.12,74.17,424.22,127.57,375.23,122.21,140.55,109.36,158.865,422.06,118.65,,66.32,248.27,68.97,80.1,453.43,637.4,408.14,67.86,247.19,364.95,236.116838487973,221.69,2.13,122.98,304.18,1518.53,308.0,611.54,168.84,224.58,276.16,124.33,616.8,,47.19,129.88,455.81,192.85,343.06,403.78,55.81,137.533980582524
1282,11/06/2018,229.37,190.75,63.43,234.819512195122,320.28,278.88,36.85,52.53,214.24,65.44,259.64,84,125.14,36.11,95.48,69.25,33.23,272.01,50.91,,70.35,135.24,40.47,65.4980392156863,331.81,202.27,322.73,68.53,122.37,173.23,141.520618556701,128.6,1.3,92.51,124.23,577.03,86.1,357.61,84.11,117.46,166.73,43.165,238.23,,,125.94,263.54,175.23,197.03,108.31,35.51,111.68932038835
1283,11/06/2019,256.16,216.4,78.37,244.673170731707,289,347.33,40.72,51.43,183.13,50.83,291.49,84.71,128.74,49.12,101.11,70.51,38.28,277.32,78.4066666666667,,65.41,134.87,48.56,68.6,304.94,261.45,297.25,83.68,138.04,184.72,141.984536082474,135.65,1.04,106.87,119.87,709.78,159.99,324.49,86.05,145.49,201.01,51.0475,294.57,,26.94,139.92,250.52,195.97,213.07,147.35,55.59,139.04854368932
1284,11/06/2020,477.85,231.67,78.93,230.848780487805,328.9,643.45,35.7,52.64,201.47,67.93,333.91,103.95,250.66,103.31,126.91,98.62,90.33,313.32,78.03,,59.07,138.5,75.05,61.67,432.55,478.1,308.16,83.15,171.44,244.623333333333,183.788659793814,170.92,4.04,103.56,215.47,1181.11,257.01,578.03,141.3,181.67,213.44,75.6175,527.66,,44.87,116.62,347.46,220.28,222.48,295.8,45.74,134.485436893204
1285,11/06/2023,197.77,272.83,34.49,259.1,248.63,288.86,52.81,101.66,306.84,71.84,334.51,196.88,181.37,34.28,133.89,78.97,94.84,454.52,67.1,71.09,81.14,231,68.8,62.63,487.31,423.02,112.84,54.57,198.4,277.26,209.54,460.01,0.321,73.42,348.53,1033.7,158.92,832.41,85.54,217.5,276.84,58.69,455.02,,48.14,129.67,533.46,385.76,252.15,333.03,28.56,109.3
1286,11/07/2018,245.31,197.62,63.5,231.082926829268,331.51,283.17,37.95,53.65,220.29,71.48,265.85,86.54,136.23,37.71,97.55,76.08,36.1625,289.94,52.62,,72.48,141.65,41.26,68.4941176470588,353.98,209.79,342.68,69.03,126.62,181.893333333333,146.898625429553,132.72,1.131,94.12,137.32,592.72,90.18,364.25,86.94,119.89,169.75,44.6675,245.53,,,129.49,274.63,183.88,198.16,111.16,36.51,114.718446601942
1287,11/07/2019,258.94,217.99,78,238.604878048781,286.87,345.48,40.72,53.2,185.34,53.09,294.75,84.08,127.37,49.25,101.61,69.19,48.675,279.77,78.3833333333333,,63.96,136.21,46.2,68.74,315.14,263.14,295.25,82.76,137.84,183.963333333333,142.439862542955,137.31,0.98,106.8,121.42,720.81,164.87,326.39,87.11,145.19,200.78,50.7425,293.54,,27.38,139.67,256.46,195.83,211.98,147.79,57.08,137.796116504854
1288,11/07/2022,181.37,277.02,52.34,220.94,284.62,378.89,41.96,80.98,324.37,82.95,270.57,162.01,226.03,41.48,146.14,70.98,115.33,528.46,68.77,,81.46,214.24,74.35,74.25,554.93,385.2,217.19,75.9,207.99,242.33,200.833333333333,395.8,0.64,85.54,330.88,1298.71,303.39,750.93,129.21,163.57,213.52,78.695,492.1,,27.69,113.13,545.02,303.23,306.47,225.94,28.03,107.53
1289,11/07/2023,197.52,271.11,34.21,256.11,245.61,302.82,52.17,103,295.03,71.75,333.75,196.07,182.81,34.82,132.88,80.09,95.19,457.24,66.53,70.7,80.61,233.11,68.37,62.96,498.18,422.47,114.5,54.72,200.08,278.69,206.97,458.04,0.33,72.48,349.46,1042.28,161.87,830.79,85.38,218.23,275.0,59.62,459.24,,49.92,130.13,537.83,378.25,260.67,330.4,28.4,105.93
1290,11/08/2018,245.67,196.02,63.87,238.517073170732,326.04,283.2,38.44,56.13,220.49,71.825,267.63,89.17,136.1,37.65,97.8,70.15,37.1025,287.37,52.3833333333333,,71.88,141.63,42.46,68.2117647058824,339.59,209.67,339.55,68.67,125.69,180.006666666667,147.302405498282,132.57,1.131,94.74,136.04,595.31,91.41,363.34,86.06,120.7,171.29,43.2175,245.57,,,130.25,276.65,180.26,199.94,111.76,36.8,115.747572815534
1291,11/08/2019,259.92,221.11,78.51,238.819512195122,293.25,352.45,40.51,53.75,188.2,55.06,291.4,86.07,130.51,49.52,101.57,69.85,49.52,282.09,78.0533333333333,,65.38,136.84,46.56,68.91,317.58,254.74,293.39,85.1,137.59,182.983333333333,144.682130584192,140.2,0.986,107.03,126.18,708.86,169.46,341.79,87.3,145.84,199.78,50.8025,294.65,,27.01,141.13,256.97,201.31,210.08,147.73,57.42,139.805825242718
1292,11/08/2021,710.87,211.37,78.74,239.287804878049,272.7,732.13,43.35,49.63,218.16,74.08,431.61,125.98,373.86,124,142.22,109.38,159.2725,426.59,119.54,,65.97,247.63,71.13,78.64,454.5,634.21,402.18,66.49,251.5,365.42,241.073883161512,220.23,2.15,123.02,305.04,1543.0,313.47,622.78,173.19,230.01,275.55,126.6,624.47,,45.89,129.16,462.62,192.23,349.92,413.27,55.98,133.572815533981
1293,11/08/2022,180.4,292.39,52.65,219.49,286.16,381.83,41.92,80.11,327.74,84,273.51,159.66,222.48,42.83,145.83,67.89,115.35,530.31,69.69,,82.23,211.67,73.71,73.82,557.74,382.9,218.04,76.69,207.92,240.7,202.396907216495,390.77,0.643,80.19,334.97,1350.96,304.3,751.95,127.11,163.59,209.84,77.5975,492.17,,27.44,113.23,553.05,306.5,312.56,224.56,28.08,106.23
1294,11/08/2023,193.62,273.26,34.05,255.92,231.69,305.14,52.11,102.27,295.35,70.31,332.67,196.79,175.97,34.09,133.47,84.81,92.76,453.19,66.24,69.99,77.9,231.55,68.27,63.43,488.26,427.73,110.7,54.06,199.76,277.93,205.84,460.67,0.343,71.71,349.39,1038.28,154.97,822.79,85.21,206.32,274.78,58.67,454.31,,49.5,129.62,536.73,376.96,255.82,345.3,27.68,104.86
1295,11/09/2018,235.96,193.16,63.48,237.326829268293,325.2,276.42,38.6,55.31,217.65,71.155,267.8,88.86,136.45,37.51,97.33,69.7,37.365,287.06,51.06,,71.18,143.95,41.78,67.0039215686275,338.95,207.17,329.25,66.03,124.17,177.52,146.176975945017,130.81,1.131,94.36,134.16,608.03,87.6,356.66,85.06,120.35,171.25,42.7,243.45,,,131.49,276.55,180.55,199.44,110.98,36.06,114.194174757282
1296,11/09/2020,476.99,235,80.97,234.448780487805,236.26,579.96,38.21,55.41,211.2,68.82,351.74,106.26,237.26,101.91,120.32,102.33,85.96,322.41,84,,59.05,147.32,68.35,68.0,422.99,436.45,305.69,81.28,173.66,257.816666666667,170.57560137457,178.51,3.92,113.22,207.1,1179.58,255.33,567.55,128.09,190.05,234.35,76.05,484.99,,48.18,126.77,350.0,222.85,230.44,286.54,51.4,151.407766990291
1297,11/09/2021,711.02,211.71,77.7,237.717073170732,270.03,732.08,42.79,49.32,216.2,74.77,433.63,124.67,383.45,125.04,142.03,106.81,159.2625,430.12,120.04,,66.15,246.14,71.26,78.15,450.4,629.26,395.36,66.53,251.8,364.15,237.585910652921,219.46,2.03,122.29,305.38,1557.51,318.29,616.31,174.55,228.99,275.17,125.535,618.58,,45.51,128.43,464.35,191.09,350.15,414.11,55.77,130.466019417476
1298,11/09/2022,174.58,289.65,51.65,218.29,282.31,403.49,42.06,80.17,324.99,83.88,273.57,158.19,221.09,41.51,145.42,65.42,113.15,520,69.99,,82.32,209.01,72.11,74.43,553.47,379.88,215.85,77.22,204.31,236.13,198.058419243986,386.22,0.657,79.29,326.8,1336.23,294.93,742.95,126.29,160.98,207.16,78.265,484.71,,26.55,111.68,540.66,309.34,309.52,221.51,28.74,105.77
1299,11/09/2023,187.34,264.06,32.83,232.24,224.65,306.78,51.43,102.81,288.91,71.46,325.68,196.82,169.47,33.67,131.64,84.31,92.4,453.06,64.65,68.31,74.98,227.56,67.2,62.16,495.18,418.75,106.98,52.52,191.91,272.4,204.28,461.86,0.393,70.09,352.37,1024.55,152.88,800.26,84.16,200.73,270.84,56.86,444.27,,50.05,128.26,539.0,368.57,253.08,336.04,27.25,104.12
1300,11/10/2020,464.32,241.6,81.55,234.439024390244,236.34,555.78,38.2,57.37,220.2,71.12,346.39,110.08,228.74,99.94,120.71,107.17,84.8825,328.56,81.21,,60.62,152.11,66.69,68.08,430.67,441.23,301.56,83.07,166.0,249.833333333333,172.817869415808,183.44,3.9,114.56,220.04,1125.46,260.0,559.22,125.53,189.48,230.57,75.07,468.59,,47.0,132.51,353.69,215.35,225.31,279.42,52.96,145.78640776699
1301,11/10/2021,689.61,213.21,79.02,239.882926829268,266.93,733.96,42.45,50.3,217.84,75.06,434.12,125.68,387.6,123.66,144.78,106.4,155.105,424.94,118.77,,67.32,245.27,71.44,78.18,448.51,622.43,385.65,65.39,252.12,359.49,243.848797250859,219.64,1.97,122.41,302.68,1544.73,307.68,622.2,175.88,231.96,271.06,125.915,626.86,,43.38,129.37,459.9,187.91,351.49,409.48,55.73,129.970873786408
1302,11/10/2022,196.48,291.01,53.73,229.28,290.7,427.58,43.76,77.93,323.34,84.43,302.03,155,237.7,44.89,152.48,68.45,119.84,521.88,72.55,,82.6,222.5,75.0,77.32,558.3,416.06,240.09,77.78,222.58,257.86,208.823024054983,370.32,0.62,81.84,329.69,1449.15,304.96,741.08,136.38,169.27,218.96,84.2725,520.58,,28.85,121.8,544.17,311.03,331.85,242.74,30.28,112.9
1303,11/10/2023,192.13,267.31,32.82,234.65,224.79,304.04,51.56,104.12,293.21,71.87,329.28,197.57,171.99,33.55,132.82,82.99,94.05,458.25,64.21,69.52,75.92,232.82,72.13,64.07,493.11,428.73,98.37,52.44,195.98,277.49,204.78,469.29,0.44,70.68,358.08,1044.11,155.1,798.94,84.49,199.32,273.62,57.49,448.43,,51.58,130.23,541.21,373.65,255.92,341.65,28.39,105.42
1304,11/11/2019,258.6,220.7,78.86,236.526829268293,294.14,349.93,40.17,53.68,187.16,53.96,292.93,84.04,132.01,49.85,100.82,69.43,51.42,279.15,78.2333333333333,,64.64,135.33,45.61,67.4,317.56,252.68,295.0,84.86,140.52,181.6,142.465635738832,140.34,0.997,107.96,121.91,700.4,173.99,344.28,87.49,144.69,198.42,50.7675,293.53,,27.14,139.24,254.09,201.9,209.57,147.35,55.7,139.145631067961
1305,11/11/2020,461.78,240.69,80.93,237.229268292683,244.03,585.45,37.4,56.23,221.11,69.4,343.3,107.33,235.66,101.73,123.26,106.32,86.875,323.37,80.03,,60.1,145.47,69.84,63.58,426.0,455.06,302.35,82.76,167.88,245.85,174.828178694158,177.81,3.8,110.24,219.01,1134.4,256.74,567.73,129.07,189.18,225.24,76.6125,484.0,,46.23,129.61,351.7,216.72,223.14,285.07,49.85,145.04854368932
1306,11/11/2021,685.91,211.56,79.16,239.024390243902,266.57,752.09,41.96,49.88,217.7,75.29,410.84,125.69,390.06,126.4,148.24,106.13,159.3475,430.67,114.31,,67.43,243.99,72.61,78.45,446.5,615.05,385.16,65.11,252.58,350.79,246.460481099656,222.86,2.035,119.58,312.57,1521.24,314.62,626.64,179.02,231.52,263.42,126.6575,631.48,,43.28,130.27,457.39,185.87,350.5,416.88,54.47,128.825242718447
1307,11/11/2022,218.98,285.02,54.88,227.67,289.45,435.68,42.52,75.27,303.82,82.07,324.32,153.01,246.28,47.18,151.03,71.9,115.96,491.36,74.65,,81.82,224.08,75.93,78.63,528.53,441.27,242.74,77.53,226.53,265.08,213.89175257732,356.21,0.606,83.55,317.5,1464.38,293.67,734.45,143.46,172.54,224.29,87.4925,538.68,,29.15,125.0,522.08,303.26,331.85,250.93,32.05,115.56
1308,11/12/2018,217.29,191.56,61.56,230.458536585366,318.9,269.88,36.93,55.93,217.42,68.79,261.75,89.92,133.69,37.94,96.07,68.2,35.4525,282.67,49.2666666666667,,70.49,141.91,40.97,66.5490196078431,337.65,198.82,310.39,62.86,121.12,168.0,143.900343642612,130.47,1.131,92.64,132.91,595.42,82.08,346.56,82.07,119.94,170.01,40.9175,236.34,,,130.08,272.38,172.85,195.71,106.9,36.54,111.106796116505
1309,11/12/2019,258.97,221.31,80.1,236.448780487805,291.4,352.72,41.22,54.03,188.97,55.2,294.53,85.54,135.12,49.46,101.92,69.93,51.535,283.67,79.7833333333333,,64.32,135.14,46.15,67.88,320.29,257.51,295.73,86.14,142.94,183.12,142.714776632302,144.83,1.0,108.63,122.6,711.45,177.3,348.41,87.92,145.6,200.18,50.99,295.97,,26.7,140.57,255.25,203.86,212.58,147.56,56.16,140.330097087379
1310,11/12/2020,452.76,237.14,81.66,234.351219512195,241.55,602.25,36.74,56,220.15,68.83,336.99,106.1,237.46,103.44,121.36,107.18,84.175,329.92,80.35,,59.98,144.59,70.2,63.36,431.8,449.22,304.31,82.32,167.8,246.923333333333,173.144329896907,177.94,3.765,109.6,215.8,1157.87,260.65,556.78,130.64,189.02,225.22,75.8825,486.56,,46.4,127.14,354.41,218.31,226.57,289.59,49.05,144.106796116505
1311,11/12/2021,687.8,211.39,79.46,238.048780487805,270.43,756.28,42.07,51.44,217.73,75.86,417.72,125.34,385.91,128.05,150,105.81,161.64,437.01,116,,67.48,245.27,73.54,79.25,445.42,628.18,383.45,65.61,254.68,354.93,255.352233676976,224.83,2.05,119.31,313.22,1533.59,314.85,631.2,183.59,231.55,264.34,126.125,635.25,,45.12,130.84,458.99,187.29,356.84,419.21,54.93,128.52427184466
1312,11/13/2018,219.32,191.55,63.03,228.780487804878,319.08,268.83,36.66,56.73,213.05,68.47,255,91.31,131.19,38.22,95.04,64.47,35.6825,280.25,49.4133333333333,,70.92,141.54,40.33,66.6039215686275,334.07,198.84,311.18,63.73,119.66,167.813333333333,141.27147766323,130.15,1.075,92.07,135.36,589.25,80.75,342.1,81.24,118.54,167.82,40.49,235.02,,,127.85,269.22,170.31,195.89,106.91,36.71,109.621359223301
1313,11/13/2019,259.63,219.67,80.88,240.985365853659,281.89,351.92,41.42,54.79,190.25,55.35,296.77,86.09,137.12,49.55,102.33,69.3,50.725,283.74,80.79,,63.33,134.39,46.88,68.28,318.9,259.31,298.22,87.43,143.57,183.51,143.625429553265,145.7,1.037,109.01,121.6,722.74,177.61,348.3,87.32,145.61,201.73,51.2225,300.02,,26.71,141.56,253.57,207.1,213.39,148.21,56.48,140.165048543689
1314,11/13/2020,457.26,237.36,82.36,236.887804878049,248.59,602.36,37.98,57.43,219.69,69.05,341.35,108.12,239.01,104.61,121.52,110.55,84.1,332.96,81.78,,60.59,149.75,69.74,65.65,433.4,453.64,308.86,82.53,173.93,251.126666666667,171.469072164948,182.99,3.72,112.5,219.74,1181.38,256.0,566.43,132.12,192.79,231.94,75.7125,488.59,,47.61,133.2,355.67,225.52,232.65,290.97,51.36,146.95145631068
1315,11/13/2023,191.22,266.69,33.71,235.86,222.59,303.75,53.71,104.94,294.12,72.14,330.57,198.87,170.03,33.1,132.35,88.38,98.35,461.39,64.6,70.01,74.93,229.99,71.4,67.5,497.15,432.39,92.79,53.12,193.67,282.48,204.41,470.64,0.371,72.08,361.13,1019.24,163.71,796.7,84.02,202.23,281.84,57.1,445.15,,52.24,129.49,542.57,378.92,250.98,338.13,27.91,105.82
1316,11/14/2018,219.99,190.36,63.83,229.50243902439,313.55,268.28,36.21,57.31,212.35,68.095,254.06,89.58,128.71,37.9,94.71,64.35,34.7075,280.1,49.55,,70.55,139.85,39.82,67.0117647058824,320.41,196.69,308.23,64.15,117.41,166.213333333333,140.781786941581,128.89,1.057,92.11,126.93,581.0,79.39,337.29,79.6,116.41,166.0,40.3525,235.08,,,127.29,264.96,164.58,195.24,106.46,36.11,109.058252427184
1317,11/14/2019,260.44,218.5,80.74,242.731707317073,275.15,354.13,41.57,54.75,189.7,54.65,299.6,86.13,137.59,49.11,102.8,68.93,50.7025,282.01,80.1866666666667,,63.81,134.49,46.66,68.18,318.0,257.36,298.44,85.79,145.7,184.813333333333,145.53264604811,144.65,1.125,109.21,122.2,713.65,176.88,338.39,88.12,146.74,203.16,50.895,300.84,,25.99,141.19,255.83,205.0,213.48,148.69,56.03,140.805825242718
1318,11/14/2022,210.33,285.3,53.68,224.16,299.06,422.1,42.24,75.21,306.85,82.04,314.5,154.73,242.99,46.76,150.38,72.1,112.99,490.8,73.51,,82.85,222.62,75.48,77.83,530.0,428.03,234.57,77.09,222.36,259.44,210.592783505155,361.08,0.502,82.9,314.68,1442.8,290.08,742.01,143.03,167.78,218.99,86.2825,534.77,,29.07,125.68,513.75,306.03,325.88,242.31,30.35,113.31
1319,11/14/2023,202.72,270.02,34.35,233.34,225.26,307.48,54.02,102.9,290.08,73.23,342.95,194.37,178.37,35.53,133.78,92.12,101.38,461.75,65.79,72.21,74.72,237.58,71.94,68.9,501.95,454.25,97.49,54.57,200.48,291.62,208.04,453.82,0.371,72.59,362.87,1048.19,172.95,793.7,87.85,205.66,283.03,60.36,459.26,,53.88,132.61,540.46,369.95,258.67,347.48,28.94,108.07
1320,11/15/2018,222.77,192.45,65.83,234.185365853659,321.72,273.22,36.47,57.63,212.8,67.935,257.21,89.15,130.58,39.05,95.72,64.64,33.9375,284.14,51.04,,69.78,137.74,41.34,67.4823529411765,318.01,200.57,319.51,65.03,119.13,171.213333333333,141.151202749141,127.47,1.136,92.77,126.2,592.44,81.73,341.65,81.65,118.15,168.72,40.7625,237.69,,,128.01,264.94,166.67,198.07,108.6,36.98,111.271844660194
1321,11/15/2019,263.92,220.86,81.44,242.243902439024,282.27,355.89,42.31,56.24,196.01,57.56,301.98,87.3,139.07,50.42,104.22,70.83,52.0925,297.82,81.88,,65.07,138.05,47.14,68.46,335.55,259.78,305.99,86.7,146.5,189.846666666667,147.379725085911,148.32,1.28,112.06,129.7,724.82,180.34,344.87,90.95,148.75,206.25,53.1125,306.81,,26.79,144.27,269.4,209.8,217.32,150.15,56.63,142.504854368932
1322,11/15/2021,680.19,207.4,79.55,237.736585365854,271.82,753.84,41.34,50.46,215.53,75.1,416.44,124.42,384.54,128.21,146.6,106.47,160.4875,434.39,116.69,,67.2,242.56,73.25,78.46,438.19,618.96,378.94,65.19,251.81,353.56,245.111683848797,221.93,2.12,117.58,308.82,1515.05,316.22,647.73,183.36,232.38,261.89,125.4425,632.36,,43.61,128.68,450.8,186.86,345.64,422.46,54.96,127.31067961165
1323,11/15/2022,212.92,283.6,54.34,222.37,299.78,421.11,42.42,74.32,305.17,79.67,315.78,152.78,250.07,48.91,147.94,70.19,116.31,479.01,75.96,,83,229.05,74.61,79.35,512.9,434.38,238.49,76.62,224.31,264.18,211.151202749141,353.68,0.5,83.4,312.03,1408.03,305.67,728.73,142.28,167.73,221.97,88.0725,546.09,,31.57,127.63,503.01,305.28,329.79,247.69,31.34,115.12
1324,11/15/2023,205.06,273.03,35.31,233.76,229.63,306.89,53.85,101.8,282.98,73.23,341.51,193.22,187.57,39.56,135.45,94.47,102.11,456.72,67.01,71.52,75.04,241.07,72.01,67.59,506.79,460.56,100.17,54.98,205.83,293.22,209.92,446.38,0.377,74.02,364.45,1057.02,173.49,792.38,89.15,203.53,283.64,60.89,470.54,,53.76,132.9,538.41,349.34,266.94,345.98,29.32,110.5
1325,11/16/2018,225.41,194.18,66.51,240.068292682927,324.05,276.17,37.21,55.46,213.72,68,265.03,88.75,130.88,39.39,95.85,62.43,34.5375,286.33,51.9033333333333,,69.2,140.29,42.11,67.5058823529412,319.73,201.37,319.93,66.51,119.39,172.846666666667,141.151202749141,123.89,1.053,93.7,124.85,599.3,81.89,345.33,82.29,118.37,172.16,40.0575,241.06,,,133.0,271.11,165.11,199.57,110.14,37.2,113.640776699029
1326,11/16/2020,457.17,236.66,80.98,236.653658536585,250.96,597.21,38.03,58.47,218.3,67.67,340.7,109.01,238,105.36,122.9,113.14,85.0075,333.15,82.17,,61.09,151.82,71.07,64.45,428.54,455.37,296.73,84.35,173.74,252.73,175.687285223368,183.66,3.72,111.62,218.9,1187.93,253.04,559.29,133.32,195.58,235.78,75.715,480.99,,49.21,132.91,356.82,224.27,231.84,292.01,49.68,145.844660194175
1327,11/16/2021,689.06,205.39,79.31,238.156097560976,261.55,770.98,41.42,50.04,217.76,74.98,415.71,123.86,394.71,131.4,148,101.56,162.0075,430.46,119.04,,66.89,241.72,73.18,77.94,444.13,633.22,378.51,65.72,267.54,361.12,247.740549828179,220.61,2.38,117.99,308.3,1528.51,317.01,642.75,187.51,236.28,262.3,126.1225,641.48,,45.76,128.68,449.62,188.33,349.01,442.23,54.7,127.922330097087
1328,11/16/2022,201.39,283.77,54.94,222.08,300.01,408.06,42.98,75.18,306.69,79.51,310.35,155.8,239.39,44.67,149.27,69.34,114.89,476.14,75.03,,82.88,231,74.3,79.12,517.6,426.08,231.79,76.71,224.02,263.04,209.450171821306,363.2,0.52,81.78,312.82,1395.75,299.24,735.67,139.14,166.34,221.26,87.12,536.01,,30.04,126.32,511.52,305.44,329.53,240.1,30.6,114.46
1329,11/16/2023,203.12,269,35.45,235.07,229.46,304.5,54.67,103.3,282.24,73.21,340.57,196.91,189.56,39.74,134.93,94.73,104.77,463.61,67.47,71.92,74.52,240.42,72.63,68.76,512.91,466.64,95.2,53.99,204.79,303.95,210.73,450.78,0.361,74.88,365.35,1049.73,174.76,796.54,88.2,203.42,291.55,60.9,472.47,,54.42,134.45,539.82,343.0,266.2,344.23,29.6,111.55
1330,11/17/2020,451.38,232.44,80.78,236.49756097561,248.81,592.57,35.03,54.68,214.81,67.28,332.45,104.89,235.98,104.97,123.94,113.39,83.5875,329.84,85.18,,60.97,153.03,72,64.61,422.23,455.85,297.95,82.98,172.21,249.716666666667,175.919243986254,173.64,3.73,110.14,219.76,1193.36,259.61,538.15,133.0,195.21,231.44,76.9325,479.0,,48.89,133.27,352.1,222.96,231.19,286.79,48.9,145.776699029126
1331,11/17/2021,692.32,205.82,79.58,243.765853658537,258.38,779.99,41.61,49.73,216.98,76.18,408.58,124.67,393.1,130.05,147.83,100.59,162.815,429.68,118.35,,67.46,243.86,73.25,77.51,438.4,627.99,377.63,65.02,264.45,361.42,248.908934707904,223.82,2.29,117.83,307.75,1534.17,310.87,641.83,187.39,231.55,262.06,123.48,637.3,,44.11,127.26,448.95,188.25,343.23,444.66,54.19,127.26213592233
1332,11/17/2022,194.96,287.3,54.32,219.91,302.05,394.56,42.2,76.58,312.1,80.93,303,158.92,237.53,42.07,145.96,69.6,112.64,477.01,73.72,,83.62,227.3,73.04,79.2,520.26,410.44,224.68,77.96,211.42,260.77,200.146048109966,366.55,0.466,79.94,312.1,1388.83,297.45,739.08,135.68,166.06,218.98,82.9175,529.89,,28.88,126.3,515.31,309.9,319.81,221.93,30.69,112.12
1333,11/17/2023,206.64,265.39,35.46,233.27,228,299.36,54.34,103.39,282.56,72.61,337.12,195,189.04,39.87,134.89,96.16,104.97,462.95,66.9,73,75.45,246.38,71.87,68.75,498.09,463.69,94.32,54.27,204.79,305.28,211.72,450.2,0.319,74.76,353.31,1049.05,174.06,802.43,87.97,200.23,288.38,61.05,466.42,,54.44,135.96,536.29,350.5,261.88,342.75,29.69,111.67
1334,11/18/2019,268.51,220.67,81.12,237.570731707317,282.62,358.28,42.29,56.01,198.38,59.36,305.69,87.77,136.94,50.42,103.98,71.04,53.445,294,80.7933333333333,,64.29,136.78,46.77,68.69,334.54,260.53,306.67,87.49,142.12,189.696666666667,144.699312714777,149.59,1.31,111.25,134.48,718.21,182.49,340.19,89.55,149.38,205.06,52.855,300.99,,26.75,141.76,272.93,210.0,216.34,149.13,56.27,140.766990291262
1335,11/18/2020,444.61,227.76,80.42,227.775609756098,240.98,578.98,34.26,53.32,210.93,65.96,329.59,103.44,234.11,103.14,122.27,108.32,82.3025,322.38,85.24,,60.9,151.24,70.01,64.24,418.44,444.06,295.23,82.74,169.07,244.46,170.987972508591,176.53,3.75,109.47,213.34,1144.81,259.27,519.04,128.67,191.94,231.76,75.2375,454.18,,49.11,132.61,344.51,216.35,224.69,281.29,48.91,143.873786407767
1336,11/18/2021,683.83,204.02,79.11,243.278048780488,256.79,772.35,41.21,49.33,218.75,75.37,404.89,124.49,387.51,128.03,147.82,101.66,162.1025,425.88,117.03,,67.79,243.25,73.26,76.97,445.97,634.0,375.92,65.13,266.6,359.2,246.984536082474,225.44,2.24,117.67,306.96,1544.12,302.76,648.51,187.3,234.0,259.7,123.785,637.63,,45.0,125.83,449.47,185.41,342.36,449.36,53.57,125.135922330097
1337,11/18/2022,193.56,287.29,55,225.59,302.89,398.12,42.96,77.68,319.21,82.68,307.4,162,242.15,43.04,146.42,70.65,113.72,495.32,75.04,,83.62,230.08,73.48,78.91,529.9,413.89,220.56,77.45,213.78,262.11,197.749140893471,369.73,0.458,81.3,317.75,1401.31,295.53,736.73,136.17,166.01,223.61,82.1525,535.24,,28.96,128.67,530.0,314.63,321.16,225.0,31.13,114.09
1338,11/19/2018,204.43,194.91,65.02,237.463414634146,319.21,268.39,35.29,54.57,211.19,65.685,256.8,90.82,125,37.72,94.26,60.45,30.3275,281.79,49.96,,68.01,135.16,41.57,67.6470588235294,310.4,193.52,301.59,64.25,115.44,160.89,138.917525773196,126.19,1.094,90.37,118.21,577.79,76.03,338.99,80.06,115.75,167.72,38.7875,232.88,,,131.1,266.05,161.07,197.77,105.39,36.92,110.194174757282
1339,11/19/2019,271.6,224.5,81.67,239.785365853659,285.43,364.12,42.63,55.68,200.02,59.39,309.07,87.81,138.26,51.11,104.48,72.41,54.395,292.72,81.1866666666667,,65,138.81,47.15,69.5,336.13,264.6,311.01,87.94,142.86,192.6,147.113402061856,150.25,1.29,111.07,135.46,732.96,180.89,344.46,91.18,151.89,207.12,54.085,306.42,,27.05,141.79,274.23,215.0,219.72,149.72,56.39,140.330097087379
1340,11/19/2020,441.35,224.67,78.88,227.219512195122,244.01,574.38,34.21,52.29,204.74,63.61,332.23,101.9,233.46,104.16,122.81,107.63,82.66,311.85,85.24,,60.63,150.85,70.01,63.5,407.17,457.19,299.0,81.69,169.55,244.65,170.764604810997,171.94,3.74,111.0,209.18,1147.34,264.24,514.71,130.81,194.73,233.57,75.565,453.1,,49.26,133.95,337.0,211.97,226.35,281.22,48.87,142.26213592233
1341,11/19/2021,683.29,206.08,79.26,242.546341463415,257.19,776.63,41.03,48.44,210.51,73.01,405.07,120.52,379.88,127.11,148.44,99.55,160.295,415.21,117.03,,68.69,239.06,75.33,76.14,434.87,647.27,379.34,64.51,268.17,348.65,243.40206185567,220.9,2.17,117.22,298.0,1552.07,301.0,652.68,188.82,233.54,263.69,125.375,636.05,,44.23,123.98,440.0,182.88,349.71,448.45,52.69,125.058252427184
1342,11/20/2018,210.1,196.44,64.18,233.521951219512,319.48,264.78,34.05,52.91,207.78,65.16,260.9,88.87,123.54,37.6,94.64,58.69,29.9575,277.86,49.8633333333333,,67.57,135.09,41.29,66.3764705882353,307.22,192.16,301.08,63.59,115.85,161.746666666667,138.316151202749,122.55,1.094,92.16,120.55,584.33,75.3,337.29,80.66,112.68,165.95,39.08,233.4,,,130.1,261.5,159.76,196.08,105.17,36.92,109.126213592233
1343,11/20/2019,268.77,225.51,82,240.760975609756,285.4,362.84,42.61,55.41,199.91,59.46,304.47,87.55,139.53,51.6,104.88,72.5,55.3325,292.7,81.41,,64.88,139.76,49.19,68.35,337.77,260.5,314.91,88.9,142.36,190.843333333333,146.795532646048,150.7,1.31,111.79,135.53,717.7,180.23,344.24,90.52,151.87,204.3,54.5325,307.33,,28.03,140.5,275.56,215.07,217.71,149.6,56.63,138.417475728155
1344,11/20/2020,446.45,223.17,77.02,226.214634146342,244.15,569.98,33.7,51.86,204.82,62.96,331.37,100.46,232.54,103.33,124.81,109.85,78.9675,305.62,84.53,,60.11,147.34,68.99,63.58,406.21,464.29,300.8,81.93,169.77,243.58,174.166666666667,169.87,3.74,110.16,207.26,1147.6,265.24,518.74,130.19,196.05,232.86,76.225,451.04,,48.43,130.97,334.7,215.21,225.4,284.73,49.4,141.68932038835
1345,11/20/2023,215.24,265.35,35.62,233.67,230.11,304.52,54.46,105.26,284.3,72.76,338.01,195.94,190.53,39.93,134.85,97.53,108.96,465.37,67.19,73.33,76,248.41,71.9,68.61,501.79,472.93,97.61,54.71,205.29,311.34,211.1,452.97,0.31,75.16,356.25,1050.2,181.26,801.64,88.12,199.8,289.29,63.59,469.03,,54.75,135.94,535.1,356.84,260.93,349.03,29.94,112.5
1346,11/21/2018,215.72,192.77,65.53,236.136585365854,315.56,269.16,34.6,53.11,209.71,66.765,265.92,87.43,125.15,38.03,93.21,59.63,30.4025,278.95,49.4066666666667,,66.74,134.81,41.54,66.321568627451,305.1,193.49,309.88,64.07,116.21,163.873333333333,138.049828178694,121.81,1.094,92.97,125.59,591.21,78.09,343.17,80.91,113.25,164.34,39.12,233.02,,,130.68,260.55,160.25,195.76,105.23,36.89,109.407766990291
1347,11/21/2019,272.14,227.82,82.25,242.887804878049,288.46,360.21,42.36,55.17,201.21,59.69,306.49,88.31,140.07,51.55,104.85,72.09,54.7025,293.73,80.95,,65.73,139.29,49.5,68.44,338.47,260.69,312.85,88.4,143.48,190.606666666667,145.790378006873,152.26,1.25,110.49,135.7,705.07,175.78,350.78,90.69,150.83,201.28,53.6725,305.31,,29.46,140.59,276.55,215.5,217.72,147.35,57.1,138.174757281553
1348,11/21/2022,191.63,288.16,55.83,234.69,301.63,398.17,42.94,77.72,315.29,82.12,307.16,160.3,240.84,41.89,146.5,71.1,112.66,499.91,74.1,,84.35,228.99,73.56,79.11,525.18,412.89,224.42,78.41,214.9,260.35,202.646048109966,368.79,0.445,82.29,316.89,1391.93,290.6,738.98,136.4,177.21,224.65,83.015,536.28,,28.25,127.7,517.19,316.2,322.89,225.25,30.6,114.53
1349,11/21/2023,215.3,262.82,35.7,236.16,229.57,306.18,55.32,105.52,286.49,73.7,337.39,198.83,192.25,39.84,134.32,97.55,108.96,470.6,66.96,73.38,74.69,248.56,71.91,68.92,507.07,477.71,95.97,53.23,207.45,311.82,212.37,454.31,0.324,78.62,360.17,1085.51,181.32,798.83,88.92,201.19,293.66,63.52,482.39,,54.85,136.04,539.59,354.78,274.65,352.49,30.99,112.9
1350,11/22/2019,274.4,230.74,82.02,243.79512195122,299.08,362.18,41.85,55.69,201.85,59.45,307.81,90.26,140.77,52.04,105.91,72.48,55.4625,291.83,80.2666666666667,,65.26,139.2,50.02,69.3,338.24,257.02,315.62,88.73,143.74,189.83,145.841924398625,152.61,1.25,110.82,134.53,711.85,176.76,360.66,91.52,151.89,201.59,53.87,307.77,,29.56,139.32,276.84,218.0,218.72,146.4,57.27,139.631067961165
1351,11/22/2021,669.68,202.73,79.25,239.307317073171,252.21,757.6,40.7,48.29,211.55,74.08,402.87,121.12,374.85,128.65,150.74,102.67,154.515,419.4,114.84,,69.97,240.43,73.59,76.21,432.39,634.68,377.15,63.34,267.49,340.72,243.780068728522,222.07,2.04,116.89,302.89,1523.28,298.83,643.64,181.76,230.96,260.3,122.4075,633.96,,42.6,127.23,437.54,181.5,346.46,437.68,52.36,126.427184466019
1352,11/22/2022,191.39,287.05,55.32,235.61,306.72,405.48,43.54,78.89,319.35,82.96,309.23,164.71,242.13,41.54,146.7,71.65,111.01,505.06,74.31,,85.23,234.74,74.26,80.0,530.8,412.13,222.17,78.27,215.9,262.9,203.393470790378,377.73,0.422,77.93,316.55,1439.75,289.73,749.23,136.61,177.82,226.52,83.1175,544.75,,28.08,128.76,523.09,321.48,336.97,228.53,30.37,115.33
1353,11/22/2023,217.29,264.59,35.87,236.8,231.25,309.88,55.43,105.88,288.31,74.21,339.04,199.68,194.95,39.6,135.75,99.48,110.8,479.97,67.06,73.6,75.7,253.01,72.18,69.4,515.6,478.33,97.76,53.4,209.52,315.8,211.6,457.45,0.311,78.37,364.87,1078.58,186.31,799.73,89.48,202.56,294.05,63.58,487.53,,55.37,138.38,543.76,353.23,276.33,351.17,31.36,113.83
1354,11/23/2018,218.87,192.57,65.47,236.117073170732,320.08,273.04,34.8,52.88,211.16,68.095,270.08,87.66,127.4,38.69,94.06,59.66,31.07,280.74,49.4,,66.59,134.93,42.47,65.8352941176471,305.92,192.65,310.5,64.67,117.73,163.19,138.917525773196,121.16,1.06,92.01,128.83,596.42,77.32,340.86,81.67,113.36,164.8,39.87,235.01,,,131.84,261.62,160.39,196.66,105.71,36.51,109.417475728155
1355,11/23/2020,476.58,222.22,75.77,222.907317073171,243.38,554.98,33.33,52.29,206.94,63.92,329.89,100.48,232.01,99.8,125.61,110.02,80.2725,310.66,84.7,,59.89,149.4,68.07,63.71,409.29,459.79,301.85,81.39,170.56,239.683333333333,170.420962199313,173.48,3.75,110.97,207.2,1138.68,265.89,523.61,127.82,189.09,233.01,75.935,446.03,,50.04,131.23,335.06,217.87,228.49,275.72,50.46,141.980582524272
1356,11/23/2021,657.26,204.53,78.41,240.565853658537,254.15,741.16,40.23,49.14,213.24,76.03,398.44,123.66,369.98,127.86,151.04,103.68,147.5,423.66,112.63,,70.63,241.67,74.35,76.9,437.23,619.98,365.74,63.81,265.27,335.9,245.627147766323,226.45,2.0,113.38,306.5,1524.19,290.8,649.32,179.62,228.88,254.54,118.18,632.76,,42.68,129.95,447.13,186.85,342.64,430.69,52.01,126.679611650485
1357,11/23/2022,196.28,283.4,56.3,237.34,303.45,403.94,43.89,78.44,319.84,83.63,313.1,165.53,241.08,42.18,148.46,72.29,112.92,507.16,75.91,,85.42,237.28,74.38,80.4,538.3,416.53,222.08,77.76,217.72,264.45,204.716494845361,380.75,0.429,79.02,320.58,1441.32,292.63,735.36,137.37,180.51,230.29,84.08,547.29,,28.79,129.65,529.71,316.16,334.57,228.06,30.98,118.01
1358,11/24/2020,475.1,220.46,76.03,223.69756097561,242.51,516.56,33.79,53.97,210.02,63.39,325.46,103.1,224.68,94.66,126,109.67,78.33,313.94,85.61,,60.25,155.06,67.68,64.57,408.19,446.83,305.63,80.74,172.0,241.613333333333,170.756013745704,179.75,3.79,114.06,205.17,1126.96,253.61,506.1,127.07,190.63,240.31,75.705,439.56,,51.26,133.95,336.01,216.5,232.25,267.71,51.55,146.679611650485
1359,11/24/2021,653.2,203.97,77.62,238.49756097561,250.13,736.8,40.7,48.78,210.58,75.61,390.84,123.44,377.51,129.59,149.52,102,149.645,424.79,114.49,,70.07,239.85,74.91,75.9,436.19,622.45,365.56,66.74,265.36,339.42,243.754295532646,226.02,2.04,114.44,307.0,1518.25,297.56,648.18,176.95,228.0,255.15,119.2425,633.0,,42.08,128.88,450.16,186.24,343.87,433.72,51.26,126.47572815534
1360,11/24/2023,219.48,265.46,36.02,238.89,231.95,311.19,55.63,106.27,287.85,74.36,339.34,201.3,196.91,39.99,135.54,99.26,112.95,478.73,67.9,73.71,75.38,252.18,71.74,69.67,518.26,478.18,98.34,53.74,212.01,318.01,212.72,461.37,0.34,78.97,367.62,1093.51,187.95,798.3,90.09,203.19,293.64,64.01,490.78,,55.32,138.72,547.1,353.04,280.39,353.26,31.32,113.43
1361,11/25/2019,278.07,234.54,82.04,247.668292682927,302.61,368.83,42.85,56.35,203.87,61.17,312.42,90.64,144.8,52.85,106.53,73.39,56.6975,293.89,81.5833333333333,,67.22,141.54,51.28,70.36,344.82,251.87,317.23,94.0,146.49,193.833333333333,148.436426116839,153.27,1.13,111.78,135.9,716.97,181.16,366.82,92.1,151.5,203.1,55.0225,310.6,,29.11,141.32,282.67,223.27,221.24,146.18,57.66,140.854368932039
1362,11/25/2020,473.69,220.31,75.39,221.921951219512,241.75,523.23,33.55,53.77,207.01,62.19,329.01,103.11,226.35,94.65,124.33,109.6,78.1375,309.05,84.21,,59.5,153.62,68.23,64.13,401.04,446.48,303.98,81.16,169.87,242.123333333333,168.780068728522,179.5,3.86,113.31,202.82,1125.16,248.86,508.31,127.5,189.29,233.72,75.4375,448.45,,50.8,133.25,333.19,218.1,226.74,269.2,51.32,145.320388349515
1363,11/25/2022,194.67,283.74,56,238.06,305.15,404.06,44.15,78.95,323.9,84.86,314.38,167.7,242.92,41.39,149.06,73.92,112,513.86,76.36,,86.26,239.37,74.93,81.44,540.95,411.36,218.99,78.26,219.98,265.13,207.362542955326,383.34,0.44,79.12,327.08,1449.69,293.7,736.23,136.93,180.58,232.74,84.7425,551.25,,28.5,132.73,537.62,312.98,338.03,226.65,31.48,119.21
1364,11/26/2018,223.38,194.3,65.98,236.19512195122,319.5,272.59,35.01,53.38,216.28,69.225,272.52,88.94,129.27,39.41,94.83,60.78,31.4975,281.33,50.8833333333333,,66.94,135.51,42.95,66.243137254902,313.55,196.7,316.79,67.38,119.58,167.76,139.372852233677,120.64,1.06,92.06,128.44,604.69,80.89,353.18,82.76,114.04,165.91,39.6825,240.19,,,132.25,266.16,167.4,198.7,106.19,37.0,109.95145631068
1365,11/26/2019,277.7,234.39,82.01,248.99512195122,302.99,371.48,42.83,54.21,200.37,60.02,313.18,87.85,145.54,52.67,107.43,72.58,56.0175,287.24,81.7733333333333,,67.28,138.9,51.4,69.98,342.09,252.85,319.41,93.76,147.96,195.333333333333,149.029209621993,145.8,1.1,111.33,133.63,723.9,184.32,363.83,92.61,151.74,202.46,54.9975,313.45,,29.53,139.76,281.4,219.05,222.06,148.14,57.04,140.640776699029
1366,11/26/2021,634.22,201.09,76.29,239.112195121951,242.9,750.17,38.57,47.6,202.03,73.9,379.94,120.23,375.28,132.31,154.95,97.29,147.99,415.52,109.52,,70.27,231,76.83,73.64,428.49,607.52,369.79,68.38,262.06,329.23,248.539518900344,221.61,1.99,111.05,292.42,1496.65,295.39,643.35,183.09,227.31,243.48,118.3675,638.74,,40.52,124.36,439.91,183.59,338.43,438.88,49.79,121.961165048544
1367,11/27/2018,220.71,197.1,65.96,237.570731707317,323.81,269.98,35.26,54.33,216.8,68.045,273.64,89.63,129.7,39.24,94.66,62.68,30.9975,282.08,51.5066666666667,,67.44,138.07,43.67,68.4470588235294,309.63,194.4,321.79,67.19,120.07,165.62,137.912371134021,125.69,1.06,93.13,127.26,605.84,81.02,353.59,82.98,114.81,167.07,39.545,241.99,,,132.69,271.15,175.45,198.94,105.03,37.18,109.825242718447
1368,11/27/2019,279.62,234.54,82.46,254.048780487805,303.35,373.04,43.21,55.22,200.03,60.44,316.97,88.51,146.88,53.22,107.13,72.69,56.8825,289.45,82.0866666666667,,67.12,139.93,51.4,69.96,341.94,250.7,320.94,94.12,147.52,197.083333333333,149.149484536083,146.29,1.04,112.47,137.92,725.4,186.0,371.58,93.53,152.68,204.94,55.5,315.42,,29.49,140.29,280.67,220.06,223.55,150.24,57.11,142.291262135922
1369,11/27/2020,475.5,224.81,75.97,223.375609756098,243.78,535.07,33.6,53.78,212.5,63.17,340.71,103.2,230.16,97.4,124.8,109.88,79.5525,312.8,85.26,,60.03,153.05,69.51,63.68,406.49,454.23,317.03,83.25,168.81,243.273333333333,171.821305841924,180.0,3.91,114.59,207.02,1126.68,251.48,514.05,129.26,191.69,232.81,74.4125,453.4,,50.72,132.11,337.94,226.71,228.27,277.96,51.66,145.650485436893
1370,11/27/2023,216.75,264.27,36.42,238.86,228.79,307.14,55.69,106.65,286.26,74.11,335.06,201.78,194.7,39.11,135.31,99.39,113.98,477.41,67.16,71.14,74.92,251.37,71.53,67.98,510.71,479.63,94.65,52.87,210.73,314.98,212.76,461.89,0.365,79.0,366.3,1079.84,187.74,798.08,88.25,201.4,293.96,62.26,490.13,,56.06,137.23,543.59,350.19,277.0,353.9,31.48,113.84
1371,11/28/2018,235.59,201.42,68.32,243.551219512195,332.24,274.75,36.65,54.88,221.72,70.43,273.38,91.24,134.58,39.79,96.93,65.61,31.175,291.3,53.6833333333333,,69.19,144.38,44.51,69.1764705882353,328.9,202.41,334.33,65.76,124.18,173.966666666667,141.829896907216,127.16,1.05,95.37,132.86,621.91,84.23,363.64,85.85,119.0,171.68,40.79,247.4,,,135.11,280.95,178.38,202.22,108.07,37.54,111.359223300971
1372,11/28/2022,189.78,282.62,55.19,237.34,291.9,398.41,43.79,78.46,319.51,84.93,308.33,167.17,237.11,46.92,149.07,72.08,112.57,512.78,75.78,,85.21,234.35,73.85,80.28,534.29,400.1,216.91,77.83,214.45,262.64,204.776632302406,380.34,0.43,76.13,326.53,1439.89,292.31,741.48,133.68,178.24,227.27,82.6,540.03,,27.76,129.13,532.27,315.3,331.6,224.18,30.46,117.67
1373,11/28/2023,214.14,265.52,36.34,237.28,227.41,304.4,54.93,106.16,286.08,72.96,334.34,201.3,195.22,39.46,135.72,99.67,112.2,475.49,67.1,68.13,74.51,246.65,69.87,67.41,510.45,470.8,96.54,52.7,211.0,310.95,212.33,461.6,0.356,78.63,361.23,1082.16,185.72,801.14,87.75,197.83,292.04,61.66,485.92,,56.21,136.08,540.53,347.04,275.95,352.42,31.48,113.09
1374,11/29/2018,228.7,202.37,68.02,244,326.61,275.32,37.04,55.02,222.52,70.97,277.42,90.5,133,39.62,87.94,65.66,32.49,292.17,54.2666666666667,,69.69,144.5,44.41,69.9137254901961,330.29,201.12,337.96,64.79,124.95,173.656666666667,139.012027491409,127.01,1.05,96.6,138.12,630.92,85.05,359.57,86.63,119.54,170.91,40.595,248.57,,,137.86,282.55,179.45,203.49,108.77,36.99,111.611650485437
1375,11/29/2019,277.34,234.72,81.97,252.19512195122,299.81,369.38,43.25,55.03,199.92,60.47,313.09,87.91,145.25,51.99,106.55,71.77,56.8275,288.66,81.6466666666667,,67.24,138.66,51.32,68.9,341.23,251.58,320.76,94.16,145.98,197.633333333333,148.015463917526,144.64,0.981,111.39,135.5,719.41,185.7,369.0,92.9,151.14,204.86,54.5625,313.95,,29.6,139.49,279.87,221.75,222.07,147.03,56.54,141.04854368932
1376,11/29/2021,634.47,203.47,76.03,237.668292682927,236.11,749.56,38.59,47.47,199.61,73.77,381.19,120.23,375.31,133.96,156.7,96.91,142.7525,416.22,110.71,,70.65,229.92,75.97,73.77,428.07,631.3,370.81,70.37,266.69,334.74,250.790378006873,223.27,1.9,110.28,297.53,1536.22,295.87,654.4,185.22,226.69,243.5,119.9225,648.77,,39.7,121.27,452.0,190.11,341.22,447.38,48.69,119.902912621359
1377,11/29/2022,191.83,281.99,55.34,241.02,291.41,399.55,44.5,78.65,320.7,84.42,307.44,167.9,239.5,47.18,149.01,71.65,110.39,515.36,74.85,,85.76,235.81,74.37,80.6,533.14,408.96,208.57,77.8,212.5,258.8,205.996563573883,381.78,0.447,76.48,322.72,1412.21,288.56,736.08,133.65,178.39,227.2,81.7675,539.75,,27.76,130.55,528.0,316.33,330.16,223.5,30.21,119.0
1378,11/29/2023,216.48,266.6,36.4,235.69,232.06,304.49,55.44,105.3,262.87,70.48,331.59,199.52,197.1,39.57,135.27,99.61,116.18,465.36,67.43,67.71,75.23,249.08,70.6,66.66,482.41,466.74,101.57,53.39,213.81,310.76,214.09,456.7,0.361,78.86,350.82,1092.43,188.92,808.59,89.41,197.44,294.37,63.12,492.92,,56.4,135.75,534.98,351.0,279.74,348.92,31.33,113.92
1379,11/30/2018,229.89,208.25,68.55,246.585365853659,333.72,274.46,37.67,54.83,223.38,71.125,278.83,88.9,134.85,39.65,88.57,66.06,32.3975,290.07,54.0033333333333,,71.94,143.99,44.41,69.9607843137255,329.47,203.76,337.5,64.25,125.07,176.956666666667,125.120274914089,124.5,1.05,97.53,139.71,636.66,83.93,365.65,87.06,119.08,175.46,40.355,249.55,,,137.99,281.36,180.79,198.58,109.56,37.78,113.611650485437
1380,11/30/2020,481.29,222.04,76.07,229.112195121951,240.17,538.5,33.15,54.59,209.14,61.65,335.22,103.11,234.52,96.14,123.98,109.85,79.92,311.52,83.89,,60.67,150.11,69.13,64.31,400.52,460.98,322.09,84.54,168.99,242.016666666667,171.683848797251,179.91,3.86,113.7,204.13,1150.04,257.71,516.03,133.0,193.81,233.4,75.8275,464.98,,49.66,130.58,336.34,227.75,232.01,275.16,50.89,144.776699029126
1381,11/30/2021,611.53,198.88,74.57,231.356097560976,235.74,753.2,38.07,46.23,191.9,71.41,376.47,115.75,365.87,128.66,148.68,94.5,140.6475,406.23,107.31,,68.93,225.59,74.73,71.06,419.71,608.07,365.33,67.72,259.13,324.34,245.128865979381,216.76,1.88,106.7,285.18,1514.13,288.44,636.53,182.16,218.53,236.63,118.0075,632.83,,38.0,118.73,444.22,186.94,328.07,442.66,48.74,116.116504854369
1382,11/30/2022,196.66,286.4,56.53,249.34,305.17,414.71,45.27,80.17,328.89,87.05,316.35,170.69,228.57,50.13,151.83,73.73,116.28,532.92,77.25,,87.83,240.22,76.16,80.92,549.9,425.87,218.08,79.67,218.02,270.39,206.786941580756,381.68,0.53,79.04,336.77,1469.56,299.37,751.7,139.73,185.74,233.89,84.99,560.22,,29.14,130.85,547.76,316.4,346.6,234.66,30.26,120.1
1383,11/30/2023,213.8,269.64,36.08,236.18,234.08,304.92,55.89,107.08,262.88,73.68,336.92,203.37,197.08,38.85,137.23,101.46,115.52,479.49,67.71,68.46,76.6,250.48,71.3,66.73,484.86,465.82,101.95,54.34,214.1,310.84,216.91,470.56,0.36,79.27,365.56,1091.93,189.09,823.81,88.9,200.94,296.33,62.9,495.76,,56.38,137.48,552.97,354.81,280.61,350.76,31.75,116.31
1384,12/01/2020,500.1,225.08,75.51,232.829268292683,243.16,557.28,33.65,54.03,207.51,62.87,334.04,102.19,237.26,95.77,125.68,108.59,81.93,313.9,83.88,,61.12,151.91,69.63,64.91,405.72,467.86,334.34,85.42,171.23,244.55,173.07560137457,179.0,3.85,112.14,207.2,1160.09,262.57,514.07,137.2,193.93,231.0,76.235,471.1,,49.63,130.84,341.19,230.3,234.19,272.01,50.61,141.844660194175
1385,12/01/2021,602.29,200.8,75.08,235.775609756098,229.5,755.56,38.14,45.87,194.72,70.18,373.53,114.08,361.15,127.31,151.24,94.75,137.0875,404.65,107.43,,68.93,225.61,73.06,70.34,417.62,599.45,357.66,64.96,259.25,319.93,245.231958762887,215.41,1.8,105.47,282.28,1520.45,283.46,630.59,185.14,215.64,239.1,115.485,626.15,,36.02,116.39,444.34,205.0,328.5,435.41,48.31,116.300970873786
1386,12/01/2022,201.77,285.94,52.38,250.83,301.85,418.04,46.12,79.26,323.45,85.81,326.62,171.63,226.2,52.23,152.61,73.23,118.03,525.25,77.56,,87.9,238.47,76.99,82.95,548.37,439.17,220.86,80.68,220.55,274.49,207.70618556701,379.72,0.584,79.25,334.83,1490.33,308.0,761.24,141.75,192.31,240.77,86.41,564.56,,28.34,130.2,536.91,320.76,346.93,242.02,31.44,123.35
1387,12/01/2023,220.45,272.45,36.55,238.25,234.64,307,56.14,107.16,269.02,74.88,341.08,204.09,201.68,40.15,136.17,104.31,116.62,483.12,68.36,69.41,77.65,252.36,71.15,69.54,495.21,482.6,109.79,54.02,216.91,315.2,218.97,464.65,0.329,79.99,362.76,1104.47,192.19,814.86,91.28,203.51,297.79,64.57,496.13,,57.35,137.7,547.16,351.16,288.85,351.79,32.55,117.97
1388,12/02/2019,274.34,233.48,81.86,252.712195121951,292.39,371.68,42.72,54.64,196.94,60.18,311.78,87.83,144.71,51.43,106.5,71.93,55.98,287.43,80.95,,66.12,138.49,51.54,69.08,338.25,251.3,319.67,94.47,143.94,195.793333333333,148.281786941581,143.51,1.05,110.91,135.11,723.96,181.9,366.08,92.15,150.24,202.33,54.4675,313.04,,28.98,139.82,279.66,220.79,223.11,149.43,56.7,140.252427184466
1389,12/02/2020,505.48,226.56,76.35,235.970731707317,246.92,549.6,34.15,55.65,212.01,63.84,334.61,103.12,235.46,93.21,124.38,108.36,83.3,318.45,84.47,,61.13,152.6,70.86,66.49,405.75,462.59,340.82,82.27,170.04,250.426666666667,170.824742268041,180.85,3.935,113.6,208.04,1139.75,255.07,505.13,138.58,192.8,234.26,74.5825,478.89,,53.09,132.01,347.56,226.7,235.12,275.39,53.36,143.543689320388
1390,12/02/2021,624.93,201.17,76.23,236.039024390244,228.52,748.22,39.6,46.81,197.79,71.42,377.95,115.8,365.96,127.65,154.32,98.36,140.055,399.74,109.82,,69.67,232.06,73.77,71.51,421.44,599.01,357.48,66.63,262.73,327.32,250.231958762887,220.41,1.74,107.28,288.02,1547.6,287.24,634.0,179.99,220.63,247.4,116.8175,627.58,,38.12,121.62,446.02,204.45,334.0,437.39,49.43,119.349514563107
1391,12/02/2022,198.41,285.51,53.22,252.38,298.9,419.06,46.6,80.88,327.2,85.79,322.32,173.99,222.66,52.25,150.46,74.34,118.11,523.6,76.55,,89.03,239.03,76.5,83.29,546.78,435.3,218.76,83.13,217.73,272.25,207.534364261168,386.85,0.552,79.62,334.17,1486.1,308.06,766.39,139.23,191.91,243.11,84.69,563.0,,28.75,129.35,536.16,321.37,347.37,244.35,31.68,122.97
1392,12/03/2018,235.7,202.93,69.2,246.4,332.19,277.45,38.51,56.2,224.84,73.415,281.66,89.02,137.23,40.29,90.8,66.38,34.1475,296.25,54.48,,70.86,146.29,44.89,70.9019607843137,333.48,206.36,350.25,68.32,127.38,182.976666666667,127.207903780069,127.16,0.913,98.75,138.46,645.33,86.46,382.61,90.6,120.31,173.89,41.0525,251.98,,,136.98,286.33,184.65,201.51,110.85,37.83,113.04854368932
1393,12/03/2019,276.36,232.77,81.01,249.492682926829,290.7,371.58,42.61,54.53,195.33,60.07,311.42,87.43,143.73,51.36,105.61,72.29,57.165,286.19,81.52,,66.07,138.17,51.69,68.84,341.84,248.66,322.97,94.1,143.34,193.076666666667,146.297250859107,141.79,1.03,110.99,133.19,712.04,184.04,368.81,91.49,152.08,203.07,53.8825,312.89,,29.02,140.33,276.9,221.13,221.36,147.36,57.13,139.223300970874
1394,12/03/2020,511,226.91,76.32,232.692682926829,244.09,553.27,33.81,55.43,213.39,63.68,337.98,101.5,234.99,93.47,122.82,105.42,86.1575,323.03,83.65,,60.86,152.75,72.49,66.47,403.83,460.07,346.0,82.9,167.63,252.906666666667,168.93470790378,179.16,3.97,112.47,208.12,1132.0,255.54,498.84,138.02,192.69,234.78,74.7375,477.2,,52.52,132.4,348.68,226.87,232.59,272.24,52.15,142.04854368932
1395,12/03/2021,619.75,202.44,78.05,238.165853658537,223.92,741.38,39.46,47.02,199.86,71.05,391.56,116.76,357.38,122.47,157.06,98.84,129.8725,395,108.48,,69.56,230.03,73.94,71.16,421.7,586.54,347.28,65.78,261.68,321.63,249.415807560137,218.66,1.59,106.87,285.95,1529.53,263.17,635.16,183.17,219.57,246.87,114.0375,636.11,,35.85,121.64,449.32,203.81,331.35,434.13,50.72,117.68932038835
1396,12/04/2018,220.95,197.76,67.26,238.946341463415,322.73,266.4,36.52,55.07,217.84,71.09,274.9,87.61,133.62,38.07,89.74,64.07,31.9775,292.92,52.45,,69.55,142.13,43.9,70.5254901960784,324.47,196.8,334.21,65.52,123.15,172.94,123.135738831615,125.05,0.913,96.49,140.0,628.67,82.64,372.8,86.66,119.19,172.25,40.0975,243.89,,,134.59,278.55,177.93,195.45,109.25,36.81,108.728155339806
1397,12/04/2019,277.71,233.88,82.43,250.956097560976,289.52,371.36,43.01,54.78,196.74,59.98,312.09,88.36,145.39,51.78,106.3,72.56,57.295,287.38,82.0633333333333,,66.75,140.61,52.14,69.15,344.12,251.86,319.68,95.0,145.14,194.11,147.611683848797,142.96,1.04,111.94,133.36,731.66,182.89,369.97,92.38,154.07,204.37,54.595,315.64,,29.06,141.02,279.32,223.91,224.95,147.58,57.59,144.04854368932
1398,12/04/2020,521.72,229.21,78,236.839024390244,245.87,559.4,34.41,56.99,217.65,64.6,345.71,102.98,237.42,95.4,123.29,109.3,87.0075,323.27,85.76,,61.56,157.68,73.16,68.42,412.78,457.15,350.66,83.14,170.61,260.113333333333,170.833333333333,180.76,3.86,113.85,213.72,1131.75,258.88,492.45,141.78,193.49,239.59,76.645,474.62,,54.86,135.18,349.89,228.32,237.74,271.55,53.75,144.708737864078
1399,12/04/2023,219.6,272.54,36.89,237.57,232.85,308.93,54.77,107.46,262.91,74.03,338.32,203.76,200.61,39.97,137.49,106.59,118.24,483.1,69.18,69.37,78.34,257.14,70.58,69.31,491.98,516.61,114.34,54.96,216.27,311.84,222.0,459.3,0.335,79.76,365.56,1102.84,193.99,823.32,91.76,199.27,290.95,65.3,495.34,,58.63,139.76,548.28,350.63,288.79,350.88,32.73,116.89
1400,12/05/2018,235.7,202.93,,246.4,332.19,,38.51,56.2,224.84,,,,,,,66.38,,296.25,54.48,,70.86,,,70.9019607843137,333.48,,350.25,68.32,,182.976666666667,127.207903780069,,,98.75,,,,382.61,,,173.89,,251.98,,,,286.33,184.65,201.51,,,
1401,12/05/2019,274.53,233.41,82.48,252.59512195122,299.39,369.02,43.26,54.25,195.59,60.02,312.86,87.82,144.7,51.6,106.15,72.51,56.7,286.3,80.9866666666667,,65.93,140.68,52.28,69.17,345.21,251.86,319.81,93.99,145.35,193.603333333333,146.881443298969,140.61,0.999,112.2,132.49,736.85,184.23,368.34,92.83,152.95,203.21,54.4425,316.0,,28.65,141.84,282.0,223.07,223.7,147.37,58.29,143.320388349515
1402,12/05/2022,187.91,284.91,51.3,246.21,292.75,405.79,45.42,79.48,327.39,86.35,321.56,171.28,215.11,50.77,148.92,73.45,116.56,522.34,73.85,,87.98,235.35,75.11,81.47,547.42,422.3,213.86,84.08,211.93,269.72,203.084192439863,382.44,0.575,78.79,335.11,1454.37,302.43,755.45,136.94,185.47,237.9,82.6,557.21,,27.7,127.36,535.04,317.6,340.29,239.44,30.62,122.28
1403,12/05/2023,215.35,270.87,35.8,233.6,229.57,305.78,54.88,107.14,257.78,75.01,335.29,203.73,198.34,38.91,134.89,104.61,117.2,482.05,68.85,67.93,79.02,252.51,69.26,69.88,500.35,518.95,111.76,54.82,214.31,309.52,217.02,460.79,0.328,78.82,367.0,1081.88,191.14,820.9,89.35,198.55,290.51,64.38,491.6,,57.97,136.11,550.26,354.15,284.95,343.47,32.18,115.82
1404,12/06/2018,219.34,199.01,66.79,235.346341463415,326.7,262.98,36.77,54.81,214.29,67.72,277.03,85.98,130.84,37.31,88.83,61.82,32.3675,287.41,54.4433333333333,,70.19,140.85,43.25,68.6274509803922,316.27,199.69,334.32,65.1,121.85,173.03,123.35910652921,126.4,0.913,96.24,136.51,610.1,83.96,381.69,86.02,118.12,172.44,40.1225,242.04,,,131.64,276.85,179.61,193.88,108.5,36.47,109.621359223301
1405,12/06/2019,275.72,233.77,83.17,254.331707317073,300.26,374.2,44.08,54.87,198.93,60.98,307.19,88.24,146.23,52.05,106.92,72.7,56.19,285.27,79.66,,67.08,144.61,52.74,69.42,348.14,251.37,326.47,94.48,148.49,195.19,147.491408934708,142.27,1.03,113.09,133.3,761.0,183.96,372.26,94.12,154.3,203.99,54.8275,320.12,,27.86,144.71,280.19,223.25,226.3,147.47,58.05,144.203883495146
1406,12/06/2021,638.92,208.79,79.24,240.136585365854,224.11,742.36,40.7,47.7,206.59,71.77,399.97,118.9,351.38,120.86,157.64,102.1,131.1075,403.62,111.96,,69.5,233.77,74.42,72.89,432.5,592.21,351.65,65.01,263.1,323.77,248.505154639175,224.0,1.57,110.24,285.05,1535.5,259.14,625.0,181.48,225.49,254.41,117.06,622.25,,38.49,126.06,460.11,205.06,336.33,423.58,51.52,121.834951456311
1407,12/06/2022,186.04,283.29,51.51,244.39,291.47,399.59,45.16,79.4,329.64,85.93,313.1,169.32,211.21,48.22,148.97,73.83,116.83,528.4,72.27,,87.96,236.62,74.22,80.64,546.35,415.39,205.98,82.54,209.87,266.31,201.159793814433,378.04,0.52,77.08,335.63,1453.8,299.96,747.47,137.29,183.57,235.54,80.67,550.53,,26.92,127.95,539.32,311.81,337.59,234.99,30.11,121.39
1408,12/06/2023,216.87,269.35,35.93,233.45,233.87,310.73,54.82,105.87,257.49,74.4,342.57,200.67,200.68,37.95,134.92,104.16,117.94,478.3,69.49,68.05,79.36,252.39,69.11,70.62,483.8,521.56,113.99,55.42,215.59,310.26,217.87,457.59,0.328,79.04,362.81,1093.23,189.3,835.75,90.64,199.29,287.87,66.04,493.81,,59.75,135.22,549.53,353.46,289.52,342.93,32.21,116.13
1409,12/07/2018,210.28,191.44,65.02,228.721951219512,316.73,256.23,35.48,53.91,206.11,66.61,243.01,84.32,128.86,36.32,87.56,58.96,30.3525,280.53,52.4033333333333,,68.15,135.86,41.98,66.7921568627451,306.0,190.01,321.41,64.51,117.98,163.896666666667,121.958762886598,124.94,0.913,94.24,132.8,590.78,80.75,372.83,83.76,113.94,168.85,39.055,235.86,,,126.22,269.18,172.21,188.94,106.02,36.31,106.718446601942
1410,12/07/2020,517.71,226.45,77.77,230.682926829268,243.68,560.55,34.25,55.4,218.59,64.57,342.06,99.49,236.37,93.43,122.9,108.46,84.35,319.24,86.06,,60.83,155.37,73.18,68.73,403.74,459.36,342.82,83.06,170.07,254.796666666667,169.527491408935,178.26,3.96,112.61,211.45,1125.15,249.69,495.41,143.89,187.63,236.8,76.9825,472.89,,53.8,131.02,347.86,227.06,236.49,268.06,53.6,141.330097087379
1411,12/07/2021,666.72,211.32,79.88,244.253658536585,226.83,752.37,41.4,48.1,207.97,73.4,406.17,119.52,366.75,123.49,160.14,103.12,139.6,411.24,115.52,,69.65,238.6,76.15,74.58,433.01,611.43,369.43,66.73,270.3,340.49,254.390034364261,224.57,1.67,112.27,291.13,1566.15,272.5,635.09,185.57,228.32,260.55,118.24,628.71,,38.08,128.42,464.73,205.22,344.1,429.97,52.64,124.68932038835
1412,12/07/2022,187.33,285.76,52.35,246.48,292.15,403.88,45.63,80.15,332.19,87.35,314.58,170.29,212.99,47.22,149,74.83,117.91,529.9,72.58,,87.79,238.11,73.8,81.4,549.18,420.1,208.52,84.03,207.69,267.96,200.756013745704,385.51,0.51,76.91,339.28,1461.57,304.89,764.27,139.3,185.56,242.08,80.67,558.14,,26.4,128.12,542.91,317.58,340.64,235.89,29.76,124.19
1413,12/07/2023,216.61,271.31,36.53,233.54,239.12,310.18,55.03,106.38,257.94,74.24,344.95,200.21,202.77,37.45,135.22,105.74,118.89,476.96,68.26,67.39,78.05,253.95,69.22,71.54,480.3,523.08,117.13,55.18,214.99,311.56,217.63,455.66,0.326,79.55,363.43,1100.02,194.54,849.18,91.68,201.99,289.38,68.05,494.1,,60.98,134.35,548.27,353.95,293.38,341.19,32.48,117.29
1414,12/08/2020,515.76,228.94,77.93,234.380487804878,246.43,559.27,33.97,56.47,218.67,65.01,345.74,100.43,242.09,94.25,124.09,110.38,87.04,322.69,85.4,,61.17,159.19,72.77,70.45,409.28,460.69,342.72,82.85,171.29,255.116666666667,173.625429553265,180.42,3.83,111.18,215.07,1161.33,245.65,497.14,147.91,189.09,235.45,77.2125,473.98,,53.01,132.67,347.86,229.83,239.23,267.28,54.28,142.300970873786
1415,12/08/2021,675.22,213.53,80.61,240.439024390244,234.72,770.22,41.66,48.25,208.31,73.88,414.93,120.85,365.96,127.46,160.15,105.04,141.2125,415.97,119.46,,69.71,240.51,76.05,75.03,440.0,618.55,375.98,67.33,272.19,340.8,255.008591065292,226.68,1.72,112.42,297.33,1586.15,277.13,654.04,190.32,230.59,261.28,120.325,638.15,,38.81,129.68,468.86,206.61,346.55,435.51,53.19,125.203883495146
1416,12/08/2022,190.46,285.57,52.62,247.97,289.1,420.1,46.32,80.78,333.5,86.49,319.43,170.46,210.07,45.54,150.5,74.91,122.67,529.12,72.48,,89.47,241.53,74.8,81.32,547.36,428.54,210.42,84.11,210.41,272.02,202.474226804124,381.64,0.5,77.79,339.75,1482.73,303.34,765.42,141.94,190.28,247.84,81.95,567.95,,26.45,129.61,547.92,321.32,343.04,236.03,30.28,125.84
1417,12/08/2023,221.23,269.12,36.15,232.3,239.29,304.13,54.95,106.83,258.8,73.77,335,201.75,204.46,37.18,135.91,107.58,116.97,477.97,69.18,68.52,79.02,257.53,68.37,71.91,481.62,531.35,112.94,54.7,215.28,310.42,216.6,457.89,0.33,79.35,367.72,1090.52,194.66,840.14,91.02,200.5,289.1,68.31,489.77,,61.7,137.45,549.77,350.15,292.14,342.24,31.88,117.3
1418,12/09/2019,273.46,232.82,81.55,251.609756097561,295.55,357.61,43.71,54.34,195.95,59.17,302.26,86.39,144.71,52.06,105.23,72.11,55.25,282.33,78.0966666666667,,66.93,142.84,52.1,68.68,342.28,249.02,326.59,94.79,146.4,191.056666666667,145.257731958763,142.88,1.25,111.13,129.63,756.98,180.66,365.63,93.66,152.54,200.4,54.815,316.43,,27.68,143.72,277.54,219.37,226.63,144.73,57.32,142.446601941748
1419,12/09/2020,509.01,229.85,79.3,234.107317073171,244.75,541.87,34.13,56.15,217,63.45,342.58,101.11,240.34,92.31,124.17,111.3,83.3475,318.44,85.03,,60.82,159.93,71.83,71.15,408.14,449.88,337.76,80.96,168.5,251.17,173.857388316151,178.68,3.75,112.95,209.76,1150.68,243.88,488.64,143.91,188.25,235.93,75.41,461.38,,53.79,133.91,344.41,224.38,239.13,261.16,54.5,142.922330097087
1420,12/09/2021,673.59,212.57,80.56,239.131707317073,232.43,753.79,41.28,48.48,211.3,74.87,408.43,121.69,357.05,123.79,157.72,105.07,140.0375,419.66,120.34,,70.3,241.44,75.19,75.76,452.28,607.58,371.34,66.47,269.16,340.34,242.242268041237,230.74,1.58,112.81,295.24,1582.16,268.5,665.72,187.43,232.37,260.54,117.55,637.07,,37.54,129.12,473.32,208.41,343.72,429.19,53.06,121.78640776699
1421,12/09/2022,188.81,278.65,52.38,247.6,285.37,416.09,46.23,77.55,332.12,86.25,309.47,165.33,210.17,44.68,148.85,74.34,116.46,524.92,74.01,,87.97,237.59,74.0,81.2,533.42,420.63,205.62,82.34,208.53,270.6,200.652920962199,371.41,0.5,78.59,341.15,1455.56,302.32,750.06,139.15,191.96,244.63,80.73,560.23,,26.55,127.33,539.2,312.22,336.53,239.01,30.26,124.4
1422,12/10/2018,216.66,194.09,65.48,230.663414634146,319.44,251.7,36.15,53.05,206.08,66.23,253.08,83.55,127.71,35.7,87.46,58.01,30.8625,276.66,53.9733333333333,,67.49,134.12,42.38,67.0980392156863,307.32,196.0,323.05,65.42,119.12,166.036666666667,119.888316151203,123.1,0.913,95.48,133.18,591.66,82.49,377.59,82.99,115.1,171.22,38.9075,237.08,,,127.32,266.53,173.78,189.54,107.62,36.46,107.864077669903
1423,12/10/2019,273.65,233.84,82.29,250.965853658537,297.2,353.94,44.01,53.82,191.71,59.62,304.54,86.76,146.23,53.09,104.94,72.31,53.8825,283.85,76.3866666666667,,67.08,142.44,52.2,68.33,344.56,252.84,326.94,95.72,146.12,191.79,143.93470790378,142.75,1.23,111.04,130.01,754.22,178.2,367.67,94.37,153.94,198.13,54.9925,317.09,,27.89,144.58,279.52,220.27,227.93,145.36,57.37,141.0
1424,12/10/2020,508.39,228.16,79.16,236.419512195122,242.98,554.78,34,55.45,212.65,61.31,347.8,99.37,239.77,95.18,125.47,111.91,86.7975,313.75,86.74,,60.45,161.79,76.25,71.31,397.48,454.27,343.71,82.05,168.47,252.69,178.341924398625,177.68,4.0,112.68,204.69,1151.82,246.97,478.98,145.91,189.76,235.13,76.3,468.74,,54.35,135.37,339.65,224.04,241.56,266.67,54.09,141.73786407767
1425,12/10/2021,668.12,210.89,80.86,238.99512195122,232.62,746.05,41.17,48.49,214.94,78.45,399.58,123.13,357.74,122.32,160.06,105.81,141.625,431,121.84,,70.25,243.55,74.75,75.68,461.19,607.9,374.52,65.4,270.32,344.96,247.757731958763,233.09,1.56,112.43,302.98,1588.37,262.52,669.52,187.78,229.79,260.2,116.51,642.51,,36.67,128.4,478.23,208.06,340.96,431.57,53.29,120.864077669903
1426,12/11/2018,220.27,196.18,66.19,230.887804878049,319.79,252.06,36.56,53.54,205.94,66.415,254.77,82.48,128.81,36.27,88.1,57.57,30.7575,276.24,54.3966666666667,,67.72,133.89,42.44,66.4,306.07,196.47,328.9,65.6,121.5,169.353333333333,121.10824742268,122.15,0.913,95.47,135.75,597.89,82.49,375.72,85.37,114.56,171.66,39.3825,237.5,,,129.07,267.22,173.23,189.79,106.66,37.0,108.747572815534
1427,12/11/2019,275.23,234.01,83.01,254.692682926829,292.23,351.88,43.82,54.28,191.75,58.64,306.68,86.66,146.24,52.18,104.73,72.63,53.09,280.6,76.7733333333333,,67.78,142.53,52.6,69.1,344.78,250.45,320.57,94.93,143.84,191.596666666667,143.831615120275,143.36,1.286,111.72,127.84,762.35,180.19,373.53,94.31,153.68,197.98,53.9225,318.08,,28.42,144.7,280.5,220.0,228.97,146.67,56.78,142.728155339806
1428,12/11/2020,507.08,227.4,79.34,236.770731707317,241.43,567.26,33.6,54.28,209.35,60.71,339.16,98.06,236.27,95.23,122.06,108.32,86.9275,311.4,84.18,,60.76,157.57,74.32,69.95,391.13,456.23,342.01,81.3,167.81,253.333333333333,175.395189003436,174.66,3.93,112.38,200.18,1144.87,238.96,479.77,146.07,186.22,232.2,76.24,471.39,,52.63,132.35,337.07,224.17,240.33,263.98,52.96,137.553398058252
1429,12/11/2023,218.68,272.14,36.42,233.39,246.11,304.05,55.26,106.97,301.97,74.25,339.36,202.85,206.5,37.93,136.94,106.97,117.9,476.1,70.31,71.13,80.09,262.02,68.68,71.41,476.61,536.12,117.64,57.04,216.31,315.43,216.15,461.98,0.324,79.72,366.0,1112.5,195.18,848.42,90.69,201.69,293.03,69.0,494.99,,62.46,143.42,543.68,356.29,296.37,344.13,31.67,117.98
1430,12/12/2018,219.29,196.41,67,229.814634146341,322.61,254.25,37.1,53.73,207.69,67.145,254.73,83.22,129.78,36.51,88.28,58.52,31.13,278.56,54.38,,68.14,134.96,42.88,66.7607843137255,310.52,199.73,336.92,67.67,122.34,171.876666666667,121.005154639175,123.33,0.86,95.71,141.75,607.64,83.37,377.96,86.99,117.01,172.61,40.495,241.27,,,131.27,270.64,175.45,190.44,107.75,38.12,109.660194174757
1431,12/12/2019,268.39,235.99,83.51,258.965853658537,293.85,362.69,44.67,54.66,193.56,58.52,314.55,86.79,147.07,52.24,105.32,73.24,50.5,284.42,76.9,,67.63,143.58,53.19,68.82,347.03,251.88,321.99,92.85,145.29,193.656666666667,145.3264604811,143.93,1.33,112.38,129.72,775.42,173.28,372.16,95.85,153.66,199.77,54.5775,319.36,,28.69,146.27,283.61,220.55,233.69,146.41,56.94,143.116504854369
1432,12/12/2022,195.01,276.78,52.63,254.06,290.59,418.28,47.13,79.52,339.3,86.89,314.12,167.2,201.94,45.5,149,74.87,116.78,534.18,75.32,,88.54,242.73,75.15,81.95,529.99,423.11,208.52,82.36,213.14,273.84,195.48969072165,377.75,0.478,79.71,353.06,1484.89,300.84,742.48,142.53,194.78,249.17,82.98,567.6,,27.03,128.4,545.86,314.19,340.86,241.28,30.52,126.13
1433,12/13/2018,217.23,197.53,66.95,231.112195121951,320.14,250.28,36.98,52.39,211.95,66.435,256.88,81.89,127.92,36.05,88.34,59.4,30.755,280.45,54.6466666666667,,67.35,136.32,42.84,65.7176470588235,312.5,194.97,334.62,67.29,121.5,170.75,120.025773195876,122.86,0.948,95.5,142.79,599.58,81.11,378.51,86.05,114.44,172.86,38.9175,241.52,,,131.97,272.15,173.42,191.19,107.12,37.72,109.087378640777
1434,12/13/2019,266.06,236.74,83.96,262.165853658537,296.83,354.62,45.09,53.66,189.87,57.71,316.92,84.85,145.83,52.19,105.2,72.71,50.9575,284.12,77.5466666666667,,65.77,142.86,53.15,68.49,353.13,252.9,324.72,91.51,144.85,193.216666666667,143.118556701031,140.6,1.34,113.52,129.54,769.7,175.65,376.42,94.39,151.93,202.93,53.255,320.5,,28.49,144.34,285.48,218.98,234.11,146.37,56.38,143.757281553398
1435,12/13/2021,629.91,211.39,83.2,246.643902439024,234.5,752.2,41.43,48.44,215.15,78.15,394.35,122.52,361.03,124.88,163.26,105.64,137.4025,430.04,120.74,,70.61,244.1,75.39,75.16,464.37,605.34,379.54,67.81,269.74,340.36,251.237113402062,230.8,1.59,112.86,300.94,1590.2,264.6,660.15,187.42,230.02,260.07,117.5925,646.01,,35.73,128.8,478.14,208.15,344.53,440.91,53.43,121.805825242718
1436,12/13/2022,198.58,272.26,53.17,254.05,291.24,435.03,47.2,78.26,330.25,83.22,329.83,165.03,209.61,46.78,149.75,75.05,119.56,519.32,75.96,,88.75,243.1,75.78,83.28,523.06,435.35,210.76,82.91,216.8,281.74,198.56529209622,371.09,0.493,80.14,348.7,1513.02,313.0,747.56,147.94,199.08,253.95,86.98,571.38,,26.98,129.45,538.22,307.09,344.62,251.9,31.66,128.43
1437,12/14/2018,215.57,192.07,65.7,225.80487804878,314.55,247.82,35.8,50.06,205.37,63.765,249.97,78.97,124.96,34.64,85.48,58.02,30.165,275.58,53.3766666666667,,65.57,126.73,41.94,63.1529411764706,299.93,190.27,326.46,66.25,118.02,163.936666666667,118.049828178694,116.66,0.91,93.72,131.72,587.12,79.68,381.17,83.73,113.15,166.56,37.795,234.19,,,121.15,265.02,170.06,188.97,104.63,36.97,105.815533980583
1438,12/14/2020,504.31,229.46,78.83,234.146341463415,245.25,579.65,33.45,53.55,203.15,59.73,342.85,97.12,240.07,97.93,123.16,109.19,88.3975,310.1,83.57,,59.84,160.86,74.17,68.07,388.23,458.17,347.11,86.81,167.3,254.93,175.352233676976,172.33,3.82,111.97,199.68,1139.26,239.05,500.38,145.32,186.33,230.95,76.6125,467.13,,51.46,134.56,336.13,228.13,240.75,264.92,52.23,138.436893203884
1439,12/14/2021,605.73,213.74,82.51,241.892682926829,230.76,723.93,40.85,48.93,216.62,81.85,392.33,123.3,353.56,122.38,164.43,105.07,133.835,433.94,116.9,,70.52,245.11,74.83,74.55,461.86,596.35,386.38,68.59,262.65,328.24,253.144329896907,229.63,1.53,111.69,306.18,1542.92,255.32,670.97,182.19,226.83,254.75,115.72,632.11,,37.26,127.89,479.46,209.24,342.04,428.69,53.14,119.68932038835
1440,12/14/2022,195.81,271.13,52.3,254.04,289.05,429.9,47.18,78.55,334.68,83,324.86,165.27,214.33,46.26,151.11,74.71,121.49,520.15,75.82,,88.4,244.7,75.89,83.17,521.51,430.03,209.98,82.67,214.21,280.65,198.127147766323,372.31,0.509,78.79,349.51,1474.76,311.85,750.0,143.71,193.72,253.82,86.81,567.23,,27.47,130.83,538.36,312.09,343.97,243.58,32.05,128.24
1441,12/15/2020,516.3,230.53,79.62,238.175609756098,248.73,587.91,34.67,54.92,205.51,60.38,342.45,99.03,243.08,100.01,124.5,112.39,88.5525,313.22,85.15,,59.43,160.95,75.5,68.94,392.33,464.96,352.62,86.27,172.42,256.163333333333,176.778350515464,173.08,3.85,114.89,204.04,1149.16,241.76,491.79,145.2,188.24,234.06,77.0425,470.98,,51.0,135.67,339.67,228.81,244.27,267.18,53.82,143.504854368932
1442,12/15/2021,602.01,219.25,82.7,243.336585365854,235.88,744.35,40.24,49.21,217.46,83.33,400.55,123.77,362.92,127.08,168.41,105.16,135.3225,443.56,119.91,,71.21,253.83,77.23,73.51,461.8,611.56,391.74,71.99,268.1,331.66,263.883161512028,232.29,1.57,104.94,314.0,1567.0,269.0,657.93,190.56,229.06,252.22,118.61,655.74,,37.83,129.41,494.38,211.13,351.05,443.52,54.01,117.165048543689
1443,12/15/2022,201.97,266.14,50.76,250.51,283.44,420.48,46.32,78.57,331.45,80.31,324.1,165.6,218.5,45.35,149.22,72.99,116.24,508.98,73.55,60,86.58,239.7,75.01,82.11,508.44,415.38,207.46,82.23,208.41,267.3,196.984536082474,368.28,0.51,77.72,338.94,1418.07,299.13,731.27,141.04,187.86,245.0,84.19,553.79,,26.24,132.53,527.68,308.4,342.43,237.08,31.26,127.02
1444,12/16/2019,270.01,243.2,83.86,263.29756097561,301.4,366.89,45.2,53.7,195.13,60.02,318.97,85.96,147.71,53.11,106.18,72.48,53.1025,291.78,78.32,,66.12,143.67,53.56,68.69,365.88,255.47,327.74,92.66,146.53,196.68,143.737113402062,142.2,1.321,114.54,134.21,781.27,174.69,376.01,95.67,150.75,204.25,54.7175,321.46,,30.05,141.67,292.03,219.5,234.02,147.25,57.52,145.631067961165
1445,12/16/2020,516.34,228.44,80,239.307317073171,248.19,576.72,35.13,54.24,202.4,61.03,343.94,98.37,240.16,100.13,120.98,113.04,88.0875,310.24,85.09,,58.94,161.56,73.63,69.15,392.76,467.58,353.32,86.23,174.69,255.353333333333,173.513745704467,172.35,3.82,114.97,200.65,1111.26,238.3,486.57,140.8,181.76,235.13,75.755,457.79,,50.49,137.63,339.34,232.11,242.45,267.62,53.16,144.514563106796
1446,12/16/2021,595.06,222.58,83.91,250.936585365854,235.52,734.34,40.43,49.44,218.67,83,394.87,123.98,360.88,126.97,171.89,105.39,132.34,447.88,119.57,,72.31,253.98,77.92,73.63,457.47,607.56,378.87,72.0,266.45,334.53,266.43470790378,232.45,1.61,102.21,306.87,1565.85,258.74,631.74,187.77,230.9,251.46,115.3825,661.25,,37.7,128.3,492.86,212.61,350.08,444.82,54.16,116.961165048544
1447,12/16/2022,198.21,267.41,49.71,249.51,284.98,407.98,45.81,79.28,327.29,81.4,317.86,166.79,215.42,44.26,149.24,72.41,114.63,502.05,73.01,56.74,86.76,239.05,73.73,80.66,503.53,407.71,199.54,82.03,203.78,264.68,195.008591065292,372.64,0.495,76.72,334.89,1428.19,298.99,723.17,137.66,183.03,239.84,82.38,536.44,,25.97,135.77,523.7,304.8,338.48,226.1,30.52,125.58
1448,12/17/2018,206.97,190.08,64.19,220.341463414634,313.1,243.02,34.05,47.93,198.66,60.71,244.46,77,120.25,34.24,85.36,56.7,28.425,266.69,51.6733333333333,,65.12,123.12,40.26,62.5411764705882,303.22,183.79,310.89,64.82,115.66,160.583333333333,114.948453608247,111.9,0.856,91.85,120.0,572.34,76.53,375.5,80.88,110.55,160.11,36.7,228.87,,,118.49,258.07,166.17,184.58,102.03,37.17,104.126213592233
1449,12/17/2019,268.29,242.84,83.25,262.468292682927,297.11,365.09,44.75,51.57,193.52,58.94,318.27,83.15,148.9,52.7,106.75,71.58,54.3325,290.74,79.3066666666667,,66.2,143.43,53.03,68.15,363.92,257.17,323.45,91.31,147.99,197.906666666667,143.900343642612,137.9,1.34,114.35,132.48,777.17,175.35,369.1,95.19,151.52,203.46,54.3325,319.79,,29.75,141.52,290.47,217.62,231.3,148.39,57.51,145.495145631068
1450,12/17/2020,526.72,231.24,81.04,242.634146341463,250.24,584.24,35.39,54.22,202.63,62.09,351.52,98.74,247.06,103.62,120.72,115.73,89.4775,314.08,86.52,,59.07,164.75,75.1,68.89,396.34,477.8,361.3,88.28,178.95,259.926666666667,174.132302405498,172.91,3.8,115.34,203.65,1130.33,240.92,496.21,143.42,182.64,238.1,77.44,464.94,,50.63,139.73,341.67,236.92,250.74,273.58,53.27,146.95145631068
1451,12/17/2021,609.06,222.5,83.63,250.634146341463,237.43,731.46,40.86,49.65,219.62,83.02,393.47,125.18,362.95,125.37,171.2,104.87,138.835,445.1,122.12,,72.21,253.79,77.71,73.75,453.33,616.88,384.92,72.89,267.43,337.4,264.536082474227,233.09,1.71,100.63,302.92,1579.34,262.7,619.28,187.59,232.54,251.22,117.64,651.07,,39.68,127.8,487.12,214.54,348.35,449.81,53.41,117.330097087379
1452,12/18/2018,209.5,187.1,65.11,217.717073170732,294.75,239.95,34.31,47.05,192.06,60.045,247.22,76.24,120.01,33.23,83.62,55.08,28.6525,259.36,52.02,,64.84,125.31,40.16,62.0627450980392,292.02,187.57,313.58,64.26,115.46,160.786666666667,112.096219931271,109.19,0.856,92.0,118.36,574.52,76.8,369.0,80.62,109.08,161.48,36.5375,230.3,,,119.7,252.97,163.43,184.29,100.62,36.51,102.699029126214
1453,12/18/2019,272.61,241.94,83.66,260.663414634146,296.61,359.66,44.74,51.1,198.2,60.35,319.84,83.55,147.74,53,107.21,73.45,54.6625,293.18,78.5433333333333,,65.68,144.08,52.6,68.36,367.55,253.09,325.23,91.18,147.16,197.423333333333,144.235395189003,136.99,1.42,113.8,133.39,775.71,172.5,371.36,94.65,149.26,208.52,54.0075,319.6,,30.13,141.65,292.9,219.35,229.0,149.3,57.38,144.543689320388
1454,12/18/2020,529.92,228.49,80.86,245.941463414634,249.62,605.87,35.45,54.96,197.08,61.15,349.63,98.61,248.97,105,120.36,115.36,89.6425,308.64,86.82,,59.08,164.34,74.77,67.78,391.62,485.52,366.06,88.34,180.39,263.03,176.211340206186,173.55,3.87,116.71,201.96,1134.83,240.65,498.89,142.7,184.9,240.0,80.06,466.68,,50.62,137.29,338.38,236.72,250.38,277.66,52.6,147.427184466019
1455,12/19/2018,201.56,185.49,64.05,216.819512195122,292.69,234.93,33.98,46.13,193.3,59.46,243.59,76.31,118.77,32.73,84.08,53.38,28.37,257.61,51.2166666666667,,64.2,122.25,39.68,61.5058823529412,283.29,183.9,303.4,62.75,113.79,157.306666666667,110.309278350515,110.63,0.657,91.26,117.28,558.05,75.42,360.7,78.2,108.14,158.0,36.385,228.36,,,116.06,250.31,158.66,182.31,99.35,35.96,101.514563106796
1456,12/19/2019,273.75,241.84,82.22,261.336585365854,297.58,360.02,44.83,50.61,198.72,61.87,319.67,83.8,149.39,55.25,107.99,73.75,54.0825,298.22,77.74,,65.29,145.39,52.23,69.06,365.6,256.19,325.2,91.14,149.69,196.236666666667,145.274914089347,135.61,1.657,113.49,135.04,786.59,170.53,372.55,95.7,148.39,208.08,54.195,323.25,,29.99,144.03,294.62,217.78,231.87,149.44,57.47,144.466019417476
1457,12/19/2022,198.76,265.7,49.95,248.46,284.38,401.82,45.8,79.34,330.78,81.42,316.26,167.22,216.53,43.88,151.45,72.27,112.23,502.89,73.43,56.5,86.42,238.67,73.31,80.69,504.84,402.17,191.59,80.59,199.84,261.01,196.743986254296,375.54,0.46,77.12,331.65,1397.93,294.29,721.1,138.32,180.5,239.03,80.79,530.17,,24.95,134.5,523.6,291.59,337.3,228.23,30.6,124.96
1458,12/20/2018,197.78,184.96,62.68,212.175609756098,292.33,231.04,33.26,45.3,179.8,57.825,236.78,73.22,113.99,31.12,82.06,51.22,27.515,252.11,49.5133333333333,,64.3,119.85,38.59,60.5176470588235,278.09,185.04,292.25,61.73,110.2,153.293333333333,107.895189003436,109.86,0.657,89.9,114.53,553.14,73.27,356.23,76.4,105.03,153.79,35.3225,219.66,,,115.37,242.44,161.3,177.81,97.65,35.48,98.8058252427184
1459,12/20/2019,272.89,243.06,82.49,265.034146341463,301.05,372.77,45.37,51.8,204.59,61.93,319.09,85.67,151.67,55.56,107.12,73.7,53.355,303,78.7966666666667,,66.85,147.53,52.02,66.66,368.79,261.55,330.14,90.1,155.95,197.103333333333,144.158075601375,137.64,2.03,113.74,133.54,793.31,172.88,375.62,96.56,149.84,210.0,55.5225,326.72,,30.45,144.31,292.59,220.69,233.28,150.84,56.85,145.941747572816
1460,12/20/2021,593.94,219.99,82.51,246.253658536585,236.96,728.57,39.5,49.13,217,82.42,389.73,126.01,358.16,119.57,171.49,106.93,136.2225,439.46,120.03,,72.47,245.62,77.18,72.88,451.1,604.11,374.2,73.45,264.88,332.11,265.816151202749,234.27,1.77,99.53,299.05,1554.43,256.9,603.14,188.22,226.78,247.77,116.295,649.32,,39.7,124.61,483.73,215.41,347.22,439.03,52.59,115.427184466019
1461,12/20/2022,200.75,264.75,49.93,249.24,287.51,400.8,45.84,79.58,329.54,80.38,319.89,167.38,213.01,44.36,150.2,70.82,113.15,504.65,73.42,57.21,84.77,238.36,74.1,80.57,501.72,405.71,191.46,81.07,201.38,261.8,194.828178694158,375.55,0.436,76.7,329.4,1405.05,298.54,733.53,139.48,180.15,238.6,81.03,528.5,,24.96,135.59,520.21,293.23,339.14,227.79,30.88,125.43
1462,12/21/2018,199.17,180.21,62.9,209.034146341463,280.6,225.45,32.83,44.44,181.3,56.255,236.58,71.98,110.65,30.44,81.7,49.82,27.08,251.96,48.07,,62.62,120.08,38.41,59.5764705882353,274.64,184.94,278.86,58.67,108.22,148.673333333333,106.632302405498,108.34,0.657,88.6,110.38,545.33,73.47,344.6,73.85,102.82,150.73,34.4475,215.79,,,114.52,238.34,156.5,176.56,95.11,35.65,96.4854368932039
1463,12/21/2020,530.71,227.31,79.05,241.814634146341,248.32,590.86,34.82,54.02,197.38,58.69,348.56,97.67,250.72,103.67,120.84,115.75,87.2125,306.38,85.64,,58.54,163.09,75.23,66.46,389.01,489.68,362.63,86.97,176.75,263.09,176.048109965636,171.42,3.8,114.45,202.16,1135.33,237.41,496.74,140.62,184.12,234.86,80.4675,462.88,,51.8,135.81,336.08,234.55,247.39,276.09,52.44,144.271844660194
1464,12/21/2021,628.72,220.92,83.87,245.687804878049,234.65,739.91,41.11,49.72,220.24,82.99,395.79,127.61,361.03,124.53,167.1,108.86,141.475,446.49,124.4,,71.84,247.03,76.14,72.96,450.14,624.06,379.46,73.68,268.63,348.09,259.95704467354,236.09,1.71,101.65,308.55,1571.54,265.57,606.81,189.04,231.21,256.22,119.91,645.34,,41.97,127.7,487.21,218.6,349.42,444.52,52.97,118.893203883495
1465,12/21/2022,204.28,266.26,50.33,253.36,286.86,412.64,46.08,80,333.16,81.65,328.69,169.32,220.31,43.45,155.3,73.19,114.76,510.84,74.76,56.96,85.27,242.9,75.42,81.01,508.11,418.06,197.46,80.52,204.55,266.16,199.252577319588,380.46,0.426,77.16,333.77,1444.02,301.47,736.19,142.15,181.48,241.54,83.17,539.89,,25.36,142.0,527.54,290.55,346.78,234.68,31.33,127.08
1466,12/22/2020,536.59,220.99,78.66,239.90243902439,247.87,583.48,34.36,53.63,194.97,58.07,352.69,96.72,252.62,104.89,121.2,115.18,88.5575,303.3,88,,57,163.27,74.67,66.1,388.44,499.15,370.96,87.99,176.98,271.75,174.733676975945,170.01,3.85,114.63,205.73,1125.53,254.46,490.06,139.86,182.59,235.29,80.14,465.2,,53.78,135.8,335.01,234.9,246.29,282.91,51.81,146.436893203884
1467,12/22/2021,645.89,221.53,85.32,241.79512195122,234.48,743.83,42.16,50.18,222.33,84.37,404.62,127.81,369.56,124.58,167.77,109.68,143.1975,453.91,127.83,,72.43,252.07,77.22,74.33,456.04,640.03,378.8,73.37,276.76,362.21,261.357388316151,236.48,1.72,101.34,316.38,1604.94,269.39,617.48,191.51,234.84,264.05,122.4225,651.7,,43.02,127.6,494.13,222.77,361.06,453.61,54.39,121.097087378641
1468,12/22/2022,203.49,265.26,50.14,253.59,280.61,411.75,46.15,80.56,333.28,82.24,330.83,169.27,218.36,43,155.63,73.43,113.68,510.06,74.45,57.6,85.28,241.15,75.37,80.54,512.43,412.96,195.78,81.12,203.14,263.61,199.063573883162,381.79,0.431,77.14,335.32,1438.44,297.82,733.62,141.38,181.86,241.77,82.95,539.14,,24.64,140.99,527.09,293.92,344.3,235.26,31.48,126.79
1469,12/23/2019,278.14,243.03,84.52,266.819512195122,301.56,370.91,45.22,51.13,206.47,62.9,320.67,85.6,151.34,56.11,107.26,74.23,54.0975,303.18,79.1066666666667,,66.75,148.76,52.56,66.38,367.76,263.98,334.02,90.16,154.87,199.14,145.274914089347,137.6,1.98,113.89,136.65,789.43,170.9,374.2,97.21,151.48,212.54,55.4225,328.04,,30.33,143.79,295.09,219.98,232.99,151.21,57.18,146.834951456311
1470,12/23/2020,525,222.94,78.75,238.292682926829,251.2,574.42,34.37,53.86,198.98,58.68,356,97.24,251.8,104.86,120.83,115,88.9975,308.35,88.28,,57.38,165.86,75.06,66.44,405.09,493.68,366.52,87.93,175.55,269.883333333333,175.309278350515,170.07,4.22,113.94,208.49,1126.1,260.98,492.19,139.32,184.16,236.33,80.015,458.34,,53.71,137.06,337.59,235.84,246.31,281.43,51.61,144.640776699029
1471,12/23/2021,653.98,223.79,85.55,242.839024390244,235.41,746.26,42.72,50.75,225.89,84.72,411.21,129.53,369.2,124.96,167.05,111.42,143.0025,455.71,128.57,,72.48,252.05,76.12,74.93,460.54,645.02,382.29,73.47,278.01,363.94,259.372852233677,240.78,1.77,102.9,316.73,1626.23,273.26,625.38,193.77,241.07,268.25,123.6625,650.7,,43.91,128.13,495.38,223.45,361.71,459.84,55.43,123.291262135922
1472,12/23/2022,203.67,263.92,50.17,254.47,279.16,412.69,46.06,80.05,334.31,81.63,332.73,170.01,218.5,43.35,156.31,73.76,111.44,514.29,74.19,57.5,84.75,240.74,75.51,80.64,513.96,410.58,191.24,81.36,203.84,262.66,199.012027491409,383.67,0.42,77.5,335.08,1439.05,292.09,726.74,140.63,182.06,242.84,82.73,540.68,,24.64,140.76,531.31,289.69,346.66,235.13,31.83,126.69
1473,12/24/2018,193.72,178.4,61.45,204.731707317073,278.5,220.1,31.73,42.93,178.01,54.545,232.7,70.76,105.09,29.95,79.75,48.73,26.9925,249,46.64,,60.54,116.13,37.76,58.321568627451,273.36,176.18,272.46,58.5,105.7,144.963333333333,103.797250859107,108.23,0.657,85.8,107.91,531.28,73.56,340.64,71.87,99.58,145.0,33.1875,208.47,,,113.42,232.94,151.91,173.54,93.0,35.46,94.3980582524272
1474,12/24/2019,277.89,242.33,84.69,266.351219512195,304.07,368.76,45.31,51.29,204.01,63.23,322.05,85.42,151.31,56.02,107.22,75.02,54.1,304.5,78.5966666666667,,66.72,147.98,52.59,66.53,368.34,263.26,335.49,91.43,154.7,199.603333333333,145.180412371134,138.81,2.2,113.77,136.24,790.47,171.61,376.51,97.45,152.03,211.58,55.185,326.51,,30.44,143.32,294.54,220.56,233.09,150.73,57.21,146.47572815534
1475,12/24/2020,528.03,222.93,79.59,241.941463414634,248.89,575.07,34.59,53.8,198.83,58.02,358.37,96.97,251.71,105.31,120.23,115.13,88.755,308.67,88.63,,57.07,164.24,74.77,65.83,404.83,497.14,367.29,87.37,175.94,269.0,175.146048109966,170.78,4.65,114.03,207.1,1140.19,257.28,488.93,139.71,186.19,237.06,80.405,458.09,,52.88,136.93,340.79,234.46,247.09,282.96,51.82,144.902912621359
1476,12/26/2018,210.99,187.86,64.13,212.546341463415,295.17,227.43,33.68,44.57,187.63,57.69,244.59,73.04,110.17,31.04,82.28,50.82,29.1175,259.4,49.33,,63.22,121.29,39.97,60.7372549019608,282.61,185.6,293.35,62.02,111.19,153.993333333333,106.993127147766,110.78,0.657,88.66,114.76,553.71,76.75,363.29,75.7,103.34,150.83,34.83,217.97,,,117.43,243.35,161.84,181.19,96.51,37.19,99.0485436893204
1477,12/26/2019,278.26,241.9,84.33,264.448780487805,301.79,367.55,45.26,51.17,204.38,63.4,320.01,85.05,151.9,56.22,106.49,74.77,53.83,304.76,78.5933333333333,,66.39,148.27,52.34,66.27,369.61,261.43,331.34,88.79,154.14,199.346666666667,144.450171821306,139.31,2.73,112.58,136.38,791.98,171.76,374.86,97.17,151.35,209.75,54.585,325.71,,30.67,142.84,295.65,220.25,233.26,150.77,56.53,145.922330097087
1478,12/27/2018,211.33,190.33,65.56,216.8,294.41,229.88,34.48,44.58,192.79,56.88,252.18,73.53,110.37,30.78,82.5,50.68,29.485,260.88,50.0033333333333,,62.94,122.38,40.71,61.0274509803922,284.43,187.95,299.55,62.34,112.38,156.233333333333,107.044673539519,111.06,0.657,89.65,114.46,563.64,76.62,364.79,77.5,104.78,154.6,35.345,221.09,,,116.7,245.97,162.37,185.18,96.31,37.12,98.747572815534
1479,12/27/2019,277.64,241.53,84.05,266.19512195122,300.09,368.35,45.22,51.5,204,63.65,321.11,84.91,151.93,56.45,106.85,74.75,54.5275,306.42,78.2033333333333,,65.95,149.26,52.36,66.58,371.0,263.98,332.29,88.39,154.44,199.293333333333,145.481099656357,139.44,2.59,113.35,136.1,792.83,172.51,373.32,97.05,151.81,210.55,54.58,326.55,,30.17,143.35,295.97,220.97,233.76,150.81,56.84,145.640776699029
1480,12/27/2021,661.07,225.17,86.6,245.190243902439,234.19,764.32,43.12,51.36,227.86,84.37,420.03,131.9,375.34,126.36,169.35,111.17,142.47,459.52,130.58,,72.87,253.77,76.85,76.24,464.23,654.84,384.66,73.98,282.06,364.58,263.582474226804,245.34,1.73,104.43,322.33,1673.41,272.76,634.77,197.98,244.98,270.42,125.165,662.21,,42.96,128.71,499.5,222.34,367.61,465.89,55.95,124.087378640777
1481,12/27/2022,204.59,263.39,50.84,255.3,274.77,413.05,46.24,79.15,334.1,81.58,333.44,169,218.92,43.32,157.28,73.9,109.88,514.21,73.59,57.45,85.01,240.03,75.75,80.53,514.38,404.8,188.77,79.59,202.94,263.97,200.137457044674,380.19,0.43,77.64,334.37,1447.24,292.05,711.35,140.2,183.2,244.03,82.21,545.44,,24.4,141.26,531.99,287.32,346.53,236.73,32.07,127.28
1482,12/28/2018,208.29,190.73,65.21,216.575609756098,293.52,229.66,34.67,44.58,190.65,56.4,249.65,73.96,111.72,30.74,82.01,50.37,29.57,259.08,50.1366666666667,,61.88,122.51,40.45,61.1137254901961,282.28,185.88,298.23,62.28,113.91,157.066666666667,106.96735395189,110.04,0.657,89.26,113.66,557.54,77.59,362.62,77.29,105.21,154.8,35.4375,222.45,,,116.2,246.24,161.42,184.76,96.23,37.1,99.6601941747573
1483,12/28/2020,520.86,223.65,79.26,242.09756097561,244.15,571.99,34.92,53.66,202.16,58.83,359.96,96.8,247.17,102.88,118.5,115.45,90.5775,312.89,90.58,,56.89,164,72.58,66.22,410.19,494.7,366.78,86.34,175.32,268.386666666667,173.986254295533,174.32,5.97,115.13,206.52,1134.76,255.95,482.96,140.71,185.72,238.54,78.9475,460.73,,51.97,136.53,345.95,232.47,247.04,277.53,52.31,144.553398058252
1484,12/28/2021,656.37,225.77,86.75,244.107317073171,235.99,747.76,43.24,51.72,230.54,84.45,420.41,132.36,371.96,125.36,169.34,112.56,132.375,464.21,129.35,,72.97,256.76,75.21,76.87,466.5,651.28,380.07,73.3,280.61,364.54,263.745704467354,246.49,1.72,104.53,322.89,1675.17,266.17,638.46,195.36,243.79,270.79,124.4475,655.38,,42.54,130.65,502.94,221.93,367.53,464.87,56.03,124.47572815534
1485,12/28/2022,201.58,261.42,50.36,253.12,274.04,409.37,45.78,78.6,331.85,81.58,328.39,167.36,215.04,42.94,156.51,72.8,109.77,512.68,73.11,57.5,84.57,236.4,74.94,79.46,515.31,399.93,190.81,79.44,201.87,261.65,198.685567010309,377.51,0.4,76.3,332.42,1430.18,290.04,713.03,138.08,182.35,241.66,80.69,543.41,,24.59,139.37,528.45,285.76,340.71,231.24,30.98,125.99
1486,12/29/2020,520.45,226.87,80,242.292682926829,243.46,574.92,35.5,53.5,204.05,59.03,357.27,97.12,248.64,102.71,118.4,116,89.225,314.33,90,,56.83,163.83,71.74,65.72,408.05,494.07,366.11,85.87,174.83,271.356666666667,173.711340206186,174.18,4.68,115.57,207.34,1137.96,260.65,484.22,139.83,185.59,240.85,78.7275,462.86,,52.27,136.18,347.35,233.49,245.87,278.34,51.25,148.009708737864
1487,12/29/2021,653.34,227.6,87.19,246.624390243902,258.31,750.74,43.17,52.05,231.65,84.22,420.68,133.34,373.42,128.08,170.11,113.43,133.85,467.67,130.64,,73.64,258.49,75.09,78.06,469.02,655.69,377.85,73.79,282.24,365.27,265.180412371134,248.46,1.65,103.95,324.88,1701.99,270.19,647.28,197.48,242.32,271.11,125.6275,662.73,,42.46,131.0,505.58,223.32,370.82,467.99,56.65,124.495145631068
1488,12/29/2022,212.14,263.16,51.12,256.9,276,424.57,46.35,77.72,330.72,81.72,334.38,166.05,223.55,45.26,156.79,75.21,112.07,512.88,75.21,58,85.26,240.38,76.1,80.61,513.2,410.38,201.64,79.48,207.81,267.79,202.310996563574,375.12,0.43,77.81,333.27,1467.11,295.04,721.29,142.84,186.2,245.5,84.47,557.01,,24.91,140.79,529.88,289.08,345.88,238.98,32.28,127.83
1489,12/30/2019,275.63,240.27,83.43,263.921951219512,296.01,369.64,44.99,50.77,202.97,63.04,319.45,83.64,151.84,56.64,106.35,74.08,54.0475,305.31,77.4733333333333,,64.93,147.55,51.86,66.44,367.77,261.6,328.14,88.05,153.45,197.106666666667,144.63058419244,137.17,2.558,112.93,135.84,791.91,169.35,373.7,96.66,151.94,208.73,54.365,325.04,,29.74,142.65,293.85,218.97,233.19,150.81,56.4,144.417475728155
1490,12/30/2020,524.32,227.17,79.2,240.663414634146,243.58,574.83,35.55,53.49,204.05,58.92,356.45,96.96,248.59,103.19,118.33,115.5,90.6925,314.05,89.64,,56.65,162.35,71.75,65.84,406.11,496.96,364.09,86.86,177.52,271.766666666667,173.118556701031,173.42,4.9,115.64,206.76,1133.88,260.55,478.3,140.58,186.29,242.06,79.2475,461.73,,53.15,136.13,344.99,232.68,245.56,279.94,51.46,147.78640776699
1491,12/30/2021,662.22,226.47,86.45,247.082926829268,240,758.65,42.99,52.17,230.75,83.99,424.02,133.77,375.88,128.51,171.34,113.28,135.3275,467.15,130.68,,73.36,258.11,76.62,77.95,466.28,661.32,384.24,74.11,282.61,363.3,269.192439862543,248.9,1.66,104.47,320.68,1702.53,269.57,642.51,199.56,245.17,270.69,127.2,665.45,,42.66,130.75,504.43,222.45,372.01,471.34,56.2,124.533980582524
1492,12/30/2022,210.9,262.64,50.97,254.3,276.92,420.49,46.27,76.87,331.34,82.01,330.67,165.71,217.9,45.01,156.44,74.67,113.24,512.97,74.61,58.38,85.85,239.96,74.81,79.87,512.19,407.96,202.2,80.32,204.89,265.35,202.302405498282,375.12,0.458,77.72,330.22,1445.45,294.39,721.49,140.22,184.69,244.49,82.88,550.69,,24.73,140.89,530.18,288.78,342.58,235.35,31.84,127.5
1493,12/31/2018,209.43,194.67,65.82,219.824390243902,300.92,232.22,35.34,44.6,189.92,57.65,254.5,74.4,113.18,31.18,83.27,51.46,29.95,262.63,51.0566666666667,,62.55,124.45,41.1,61.5843137254902,286.48,186.02,299.93,63.59,116.17,159.64,108.556701030928,110.47,0.518,90.96,116.22,565.58,79.32,373.5,78.55,106.85,156.75,36.18,223.79,,,116.56,249.12,165.71,188.65,98.03,37.21,100.699029126214
1494,12/31/2019,279.04,241.07,83.62,265.336585365854,296.73,370.03,45.22,50.58,204.49,62.87,321.29,85.02,152.76,56.3,106.79,75.03,54.685,302.03,77.7633333333333,,64.98,147.81,52.21,66.72,366.52,261.13,331.74,87.32,154.51,197.05,145.335051546392,138.32,2.6,113.45,135.69,793.28,171.2,375.48,97.1,152.42,209.94,54.8775,324.87,,29.74,143.46,293.98,218.95,233.65,150.33,56.59,145.320388349515
1495,12/31/2020,534.38,229.92,80.24,244.117073170732,244.86,582.94,35.95,53.56,208.18,60.03,363.32,97.76,249.86,104.07,119.17,117.4,92.43,321.09,91.23,,58.26,164.46,72.83,66.86,410.27,499.87,370.0,86.98,179.17,272.7,174.871134020619,173.92,4.68,117.14,212.68,1139.68,255.63,483.11,143.5,189.54,245.04,79.3875,465.78,,51.0,137.5,350.68,236.34,247.42,283.31,52.36,149.601941747573
1496,12/31/2021,657.18,224.97,85.84,245.346341463415,239.92,755.57,42.48,51.49,229.63,82.4,418.94,132.89,376.78,128.03,173.01,113.76,134.2375,463.54,129.55,,72.61,256.92,76.56,77.53,463.86,658.46,380.44,73.4,282.14,359.3,269.939862542955,248.57,1.63,103.45,318.08,1697.21,266.07,631.52,201.06,243.41,267.42,129.335,667.24,,41.93,129.66,502.14,219.6,372.6,469.01,55.79,123.339805825243
1497,Date,,,,,,,,,,,,,,,,,,,,,,,,,,,,,,,,,,,,,,,,,,,,Close,,,,,,,,
