,date,AEE,AEP,AES,ATO,CMS,CNP,D,DTE,DUK,ED,EIX,EQT,ES,ETR,EVRG,EXC,FE,KMI,LNT,NEE,NI,NRG,OKE,PCG,PEG,PNW,PPL,SO,SRE,WEC,XEL
0,01/02/2018,58.39,72.41,10.88,85.04,46.95,28.02,80.28,92.2978723404255,83.23,83.58,63.25,31.9107240065324,63.15,82.6,53.14,28.2382310984308,30.82,18.8,42.11,38.7725,25.36,28.9,54.65,44.49,51.0,83.89,30.6,47.17,52.675,65.77,47.81
1,01/02/2019,63.53,72.94,14.18,89.85,48.31,28,71.18,91.8212765957447,84.7,75.14,56.75,19.9,63.49,84,55.88,31.4336661911555,36.72,15.8,41.15,42.4575,25.07,38.11,54.41,23.8,50.83,82.87,28.11,43.72,53.38,67.58,48.22
2,01/02/2020,76.05,93.46,20.03,110.38,61.71,26.95,81.96,109.531914893617,90.34,88.86,74.38,10.36,83.23,117.93,63.44,32.4037089871612,47.53,21.04,53.63,59.655,27.18,38.8,75.71,10.85,58.71,88.71,35.42,62.62,74.56,90.67,62.38
3,01/03/2018,58.09,71.8,10.87,84.34,46.66,27.96,77.19,92,82.97,82.79,62.75,32.0794774088187,62.59,81.69,52.32,27.8601997146933,30.38,18.96,41.74,37.95,25.2,28.88,55.54,43.77,50.74,83.12,30.67,46.9,54.07,65.54,47.49
4,01/03/2019,63.69,72.77,14.17,90.53,48.4,28.16,70.84,92.2042553191489,84.67,75.33,56.84,19.32,63.45,84.17,55.67,31.4693295292439,36.71,15.71,41.22,42.3525,25.1,37.75,54.28,23.95,50.82,83.71,28.01,44.34,53.625,67.76,48.03
5,01/03/2020,76.08,93.36,19.8,111.11,62.31,26.79,81.76,109.795744680851,90.4,88.63,74.78,10.34,82.86,118.73,63.5,32.5035663338088,47.46,21.2,53.8,60.08,27.4,38.2,76.58,10.57,58.7,88.99,35.38,62.56,73.88,91.24,62.68
6,01/03/2022,88.58,88.61,24.38,105.01,64.71,27.62,78.35,119.18,103.49,85.13,67.51,21.82,89.13,111.4,68.16,40.7061340941512,41.24,16.35,60.85,91.66,27.52,42.96,59.99,12.21,66.16,69.79,30.14,68.17,65.995,96.09,67.94
7,01/03/2023,88.49,94.87,28.11,111.2,63.73,29.56,62.97,117.86,103.7,95.76,64.28,31.82,84.22,109.13,62.93,43.16,42.03,18.01,55.37,83.83,27.44,31.93,63.94,15.68,62.05,74.63,29.2,71.9,76.855,94.16,70.07
8,01/04/2018,57.43,70.95,10.83,83.98,46.14,27.99,76.83,90.468085106383,82.32,81.82,62.29,32.1012520413718,61.71,80.54,52.1,27.4679029957204,30.32,19.01,41.25,37.755,25.09,28.55,56.2,43.52,49.25,82.51,30.75,46.7,53.71,65.31,47.12
9,01/04/2019,64.59,73.44,14.64,91.69,48.85,28.68,72.21,93.6085106382979,85.37,76.55,58.42,19.52,64.09,84.8,55.89,31.8259629101284,37.17,16.24,41.72,43.1325,25.54,39.04,56.65,24.4,51.37,84.74,28.87,44.71,55.23,68.26,48.5
10,01/04/2021,76.13,81.54,23.24,94.03,59.61,21.34,73.89,101.608510638298,89.71,70.66,60.49,13.41,84.51,98.01,53.75,29.3651925820257,29.51,13.56,50.49,74.22,22.58,36.3,37.5,12.21,55.73,79.09,27.58,59.36,61.9,90.38,65.66
11,01/04/2022,88.11,88.65,24.45,106.26,64.6,27.45,78.1,119.38,103.41,84.97,66.67,22.41,88.39,111.28,67.98,40.6633380884451,41.08,16.58,60.72,90.68,27.62,42.62,61.4,12.44,65.99,69.65,29.99,68.17,67.185,95.85,68.37
12,01/04/2023,88.96,95.52,27.28,111.94,64.63,29.65,63.21,119.56,104.81,96.59,66.39,33.21,85.33,109.21,63.89,43.73,42.34,18.23,55.79,84.49,27.78,32.09,64.44,15.88,62.51,75.39,29.93,72.51,77.52,94.78,70.67
13,01/05/2018,57.39,70.8,10.87,83.19,45.81,27.87,76.84,90.3829787234043,81.94,81.74,62.98,31.4697876973326,61.82,79.92,51.66,27.2396576319544,30.11,18.95,41.08,37.9275,24.79,28.73,56.06,44.29,49.66,82.42,30.95,46.78,54.225,64.87,46.79
14,01/05/2021,75.76,81.43,24.02,92.61,58.55,21.57,73,101.770212765957,89.75,69.87,60.81,14.04,85.12,96.7,53.64,29.3223965763195,29.84,13.9,50.25,74.77,22.52,36.81,39.38,12.38,55.74,77.73,27.61,59.75,61.705,90.09,65.02
15,01/05/2022,88.33,89.47,23.33,106.6,65.4,27.39,79.21,119.25,103.64,85.55,65.2,21.69,89.23,111.54,67.51,40.6348074179743,40.8,16.67,61.26,89.73,27.77,41.42,60.64,11.86,65.83,69.85,30.05,68.25,67.595,96.96,69.04
16,01/05/2023,86,93.78,25.87,108.87,63.28,28.98,61.46,116.58,103.26,95.29,64.89,32.08,83.75,103.66,62.99,42.78,41.68,18.21,54.13,82.63,27.13,31.75,64.83,15.66,61.12,73.65,29.24,70.38,76.24,92.41,69.24
17,01/06/2020,76.15,93.67,20.03,110.96,62.59,26.75,82.39,109.770212765957,90.84,88.34,75.13,10.46,83.31,119.15,63.32,32.5534950071327,47.55,21.28,53.75,60.38,27.39,37.38,76.91,10.38,58.13,88.9,35.42,62.81,74.5,91.31,62.59
18,01/06/2021,76.39,82.08,24.98,93.71,59.73,21.95,74.56,103.591489361702,90.91,71.36,62.62,14.96,89.13,98.23,54.72,30.2781740370899,30.3,14.36,51,78.43,23.02,37.22,39.83,12.38,56.91,80.48,28.11,61.21,61.905,91.23,66.46
19,01/06/2022,87.9,89.18,23.24,105.77,64.66,27.65,79.06,119.57,103.47,85.37,64.62,21.78,88.9,109.65,67.25,40.4636233951498,40.94,17.02,61.01,85.77,27.65,40.64,61.65,11.82,65.89,70.12,30.01,68.17,68.08,96.35,68.5
20,01/06/2023,88.32,96.53,26.43,112.53,64.44,29.99,61.87,119.44,105.18,97.83,66.87,33.34,85.8,107.68,64.78,43.67,42.37,18.58,55.35,83.65,27.61,32.2,66.57,15.89,62.64,75.46,29.96,71.63,77.27,94.77,71.29
21,01/07/2019,63.85,73.03,14.71,91.02,48.6,28.79,71.51,93.2936170212766,85.01,75.44,57.34,19.74,63.93,84.4,55.95,31.8830242510699,37.64,16.59,41.43,43.07,25.68,39.4,57.64,18.95,51.48,84.58,28.91,44.61,55.22,67.95,48.29
22,01/07/2020,76.43,93.69,20.1,111.7,62.27,26.87,82.21,109.404255319149,90.27,87.67,75.86,10.29,82.68,119.13,63.36,32.5820256776034,47.52,21.33,53.8,60.3275,27.63,36.87,76.85,10.58,57.6,88.68,35.18,62.62,74.44,90.96,62.46
23,01/07/2021,74.24,79.89,24.73,89.77,57.95,20.88,72.96,101.072340425532,89.89,69.91,62.05,14.94,88.55,94.84,53.23,29.9786019971469,29.63,14.6,49.11,79.29,22.13,37.4,40.7,12.31,56.1,77.94,27.74,61.14,59.95,88.26,65.16
24,01/07/2022,88.24,90.8,23.1,105.29,65.08,27.66,80.21,119.69,104.5,85.67,65,22.81,89.66,112.13,67.55,40.3994293865906,41.41,17.27,60.99,86.41,27.87,40.56,62.46,12.21,67.0,70.8,30.25,68.64,69.105,97.21,69.1
25,01/08/2018,58.07,71.42,10.87,83.45,46.34,28.04,78.02,91.0468085106383,82.2,82.89,64.2,31.9706042460533,62.25,80.84,51.72,27.5320970042796,30.39,18.86,41.54,38.24,25,29.17,56.64,45.23,49.81,83.05,31.4,47.2,54.24,65.43,47.14
26,01/08/2019,64.86,73.93,15.05,92.21,49.33,29.34,72.34,94.1191489361702,86.08,75.9,57.66,20.35,65.1,85.9,56.61,32.3751783166904,38.18,17.14,42.07,43.385,26.16,40,58.87,17.56,51.68,85.85,29.29,45.88,56.765,68.65,48.85
27,01/08/2020,76.3,93.41,20.06,110.74,62.25,26.64,81.69,109.344680851064,90.4,86.97,75.74,9.13,82.75,118.96,63.48,32.8174037089872,47.62,21.16,53.92,60.3,27.66,36.86,75.65,10.61,57.96,88.51,35.38,62.6,74.95,91.08,62.4
28,01/08/2021,75,79.18,25.42,89.26,57.68,20.71,73.2,100.587234042553,90.05,69.93,62.3,14.52,90.33,95.49,53,30.1069900142653,29.91,14.49,49.35,81.13,21.81,39.01,39.93,12.24,57.31,77.77,27.81,61.57,59.89,87.95,65.76
29,01/09/2018,57.32,70.58,10.76,82.59,45.71,27.76,77.21,89.9404255319149,81.24,82.01,63.52,31.9542732716385,61.78,80.12,52.25,27.2182596291013,30.06,18.94,40.91,37.96,24.7,28.72,56.49,44.84,49.63,82.02,31.33,46.61,53.81,64.91,46.59
30,01/09/2019,64.38,73.37,15.02,90.7,48.86,28.98,72.22,93.6765957446808,84.81,75.3,58.4,19.96,64.75,85.45,56.06,32.111269614836,37.95,17.26,41.69,43.1975,26.14,39.55,59.73,17.83,51.29,84.66,29.29,45.49,56.21,68.24,48.46
31,01/09/2020,76.59,93.88,20.26,111.1,62.73,26.45,81.92,109.497872340426,90.62,86.88,76.14,9.01,83.4,120.26,64.08,32.9172610556348,47.87,21.55,54.53,60.7725,27.75,37.14,75.61,10.26,58.42,89.89,35.51,63.26,74.41,91.99,62.54
32,01/09/2023,89.41,97.95,27.25,113.79,64.99,30.47,61.59,120.46,105.19,97.72,67.79,34.67,85.71,108.46,64.28,44.15,42.4,18.71,55.44,84.07,27.88,32.64,67.69,15.96,63.49,75.55,30.17,71.5,78.565,96.56,71.98
33,01/10/2018,56.48,69.5,10.78,80.8,44.98,27.26,76.21,89.0553191489362,80.11,80.92,62.84,31.5677735438214,61.32,79.48,51,27.0684736091298,29.82,18.88,40.19,37.6475,24.13,28.24,56.74,44.55,49.4,80.57,30.9,45.96,53.595,63.67,46.13
34,01/10/2019,65.81,74.72,15.34,92.42,49.82,29.51,71.9,95.063829787234,85.27,76.55,59.34,19.79,66.05,86.63,56.86,32.660485021398,38.58,17.36,42.51,43.8475,26.67,40.41,60.04,17.76,52.0,86.07,29.57,46.34,57.215,69.45,49.27
35,01/10/2020,77.01,94.34,20.18,111.39,63.06,26.3,82.07,109.736170212766,90.44,87.49,75.5,8.84,84.41,120.61,64.51,32.9957203994294,47.64,21.51,55.07,60.8875,27.64,37.31,75.53,10.2,58.3,90.56,35.44,63.66,74.88,92.54,62.64
36,01/10/2022,87.51,90.5,22.96,105.15,64.78,27.69,79.83,120.15,104.56,84.78,65.64,23,88.99,111.7,66.82,40.527817403709,41.52,17.43,60.63,84.29,27.77,40.38,60.78,12.23,66.26,70.65,30.23,68.53,68.85,96.9,69.86
37,01/10/2023,89.12,97.28,27.23,114.3,64.89,30.56,61.83,120.02,105.43,98.09,68.2,34.04,85.69,107.73,64.18,43.69,42.59,18.74,54.97,84.54,27.56,32.86,69.31,15.94,63.67,75.65,30.17,71.11,78.755,96.72,72.11
38,01/11/2018,56.15,68.73,10.96,80,44.39,27.43,76.21,88.4510638297872,79.28,80.39,62.32,31.9542732716385,61.52,79.17,50.67,27.3965763195435,30.24,19.2,39.84,37.625,24.13,28.61,58.36,43.88,50.0,79.92,30.88,45.25,53.35,63.58,45.52
39,01/11/2019,65.55,74.44,15.39,91.9,49.73,29.38,69.85,95.2,84.61,75.93,59.32,20.37,65.99,85.82,56.47,32.660485021398,38.37,17.11,41.96,43.9275,26.39,40.3,59.8,17.59,51.88,84.77,29.5,46.61,57.03,69.44,49.29
40,01/11/2021,75.04,78.78,25.46,87.67,57.13,20.79,72.67,100.408510638298,89.29,68.73,61.67,15.22,89.21,94.39,52.44,29.8573466476462,30.2,14.74,48.55,79.69,21.88,39.72,41.23,12.21,56.98,76.69,27.77,61.21,59.205,86.96,64.4
41,01/11/2022,86.97,89.77,23.34,104.64,63.87,27.4,79.13,118.78,103.23,83.07,64.36,23.53,86.63,108.74,66.36,39.6718972895863,41.36,17.61,59.8,84.79,27.81,40.88,62.48,12.17,65.85,70.29,29.95,67.65,67.92,95.32,68.6
42,01/11/2023,90.62,97.63,27.73,116.73,65.39,31.15,62.38,120.72,105.66,98.61,69.42,33.4,85.81,108.79,64.41,44.14,42.86,18.78,55.94,85,27.93,32.29,70.09,15.76,63.97,76.46,30.8,71.56,81.03,98.2,72.78
43,01/12/2018,55.52,67.46,11.04,79.84,44.01,27.37,75.94,88.4425531914894,78.9,79.49,61.42,31.8236254763201,61.35,78.22,50.29,27.3823109843081,30.07,19.52,39.53,37.58,24.07,28.7,58.67,43.82,50.1,79.22,31.08,44.84,53.445,63.63,45.15
44,01/12/2021,74.24,77.84,26.02,87.62,56.37,20.7,71.53,101.497872340426,88.93,67.92,62.51,16.48,89.49,92.7,52.89,30.0142653352354,30.49,15.21,48.03,79.75,21.87,40.82,43.51,12.18,57.35,76.42,27.95,58.82,59.0,85.27,63.4
45,01/12/2022,87.71,90.29,23.43,104.2,64.12,27.42,79.32,119.21,103.62,83.19,64.43,24.66,87.49,109.24,66.67,39.9358059914408,41.41,17.65,60.13,85.09,27.95,41.33,62.5,12.51,66.04,70.15,29.96,67.78,68.11,95.7,68.59
46,01/12/2023,89.75,96.41,27.69,116.38,64.34,31.07,62.91,119.39,105.08,97.53,68.45,34.96,85.13,106.84,63.92,43.38,43.09,18.89,55.8,85.07,27.9,32.62,70.93,15.97,62.79,76.2,30.72,70.34,80.465,96.86,71.95
47,01/13/2020,77.63,94.63,20.31,112.54,63.69,26.28,82.05,110.289361702128,91.24,87.79,75.37,8.37,85.15,121.52,65.23,32.9457917261056,47.77,21.55,55.58,61.6,27.86,36.92,76.24,11.07,58.25,91.23,35.43,64.54,75.585,93.65,63.37
48,01/13/2021,75.5,78.15,26.88,88.46,57.77,20.82,72.24,103.685106382979,91.56,69.61,63.2,17.19,90.16,93.65,54.26,30.527817403709,30.79,15.31,48.75,81.84,22.01,41.4,43.71,12.1,58.68,77.93,28.09,59.71,60.575,87.86,65.01
49,01/13/2022,88.86,90.86,23.27,105.99,64.37,27.55,79.75,119.83,104.15,83.94,64.07,23.51,88.07,110.64,66.74,40.2924393723253,41.59,17.57,60.64,84.9,28.33,40.9,61.65,12.75,66.3,71.46,30.0,68.35,68.44,97.28,69.02
50,01/13/2023,90.15,94.84,27.86,114.74,63.92,31.31,62.92,117.93,104.98,96.49,68.2,34.81,84.02,106.56,62.89,43.38,42.73,18.85,55.51,84.68,27.79,31.88,70.83,15.89,62.66,75.37,30.61,70.32,80.415,95.75,71.17
51,01/14/2019,64.96,73.79,15.04,91.34,49.36,29.2,67.97,93.5744680851064,83.66,74.45,58.15,20.79,65.58,84.71,56.04,32.1255349500713,38,17.23,41.25,42.8075,25.92,39.67,59.37,8.38,50.75,82.47,28.96,46.16,55.88,68.61,48.93
52,01/14/2020,77.61,94.98,20.4,112.81,63.89,26.66,81.95,110.859574468085,91.3,87.78,75.03,8.61,85.85,121.58,65.57,32.6747503566334,48.04,21.46,55.62,61.9325,28.18,37.5,75.97,11.92,58.38,92.04,35.58,64.92,75.61,93.95,63.47
53,01/14/2021,73.99,78.83,27.45,87.64,57.82,20.85,71.02,103.574468085106,91.66,68.46,61.63,17.9,89.57,94,53.31,30.3708987161198,31.25,15.64,48.09,82.53,21.86,40.24,44.76,11.83,57.78,77.05,28.21,59.04,61.265,86.86,63.56
54,01/14/2022,88.09,90.98,23.06,106.05,63.75,27.61,79.17,119.38,104.04,83.52,63.75,23.79,87.38,111.07,65.84,40.114122681883,41.57,17.89,60.07,83.2,28.33,40.89,62.61,13.01,65.25,72.27,29.97,68.66,68.98,96.25,68.97
55,01/15/2019,66.04,75.38,15.44,92.61,50.22,29.29,68.88,94.6808510638298,85.14,75.79,55.05,20.95,66.41,86.64,56.35,32.660485021398,38.12,17.32,42.03,43.68,26.34,40.44,60.96,6.91,51.47,84.21,29.4,46.79,56.275,69.91,49.89
56,01/15/2020,78.2,96.6,20.46,113.75,64.7,27,82.99,112.331914893617,92.49,88.96,76.93,8.46,87.32,123.74,66.6,33.2025677603424,48.45,21.41,56.26,62.895,28.69,38.13,75.91,12.75,59.09,92.64,35.85,65.58,77.07,95.16,64.47
57,01/15/2021,74.39,80.47,27.6,90.03,58.62,21.46,72.08,105.123404255319,92.11,69.6,61.87,18.5,88.57,95.25,54.3,30.9272467902996,31.67,15.49,49.47,82.04,22.93,40.82,44.17,12.24,59.38,78.55,28.57,59.66,61.08,88.69,64.96
58,01/16/2018,55.46,67.5,10.68,80.1,44.26,27.52,75.27,88.6297872340426,78.42,79.02,61.33,31.6385410996189,60.95,77.67,50.84,27.4393723252496,29.92,19.39,39.56,37.635,24.03,27.9,58.8,44.02,49.55,78.86,31.26,44.66,53.53,63.15,45.29
59,01/16/2019,66.67,75.72,15.51,94.36,50.54,29.52,68.97,95.0893617021277,85.27,76.38,54.18,20.5,66.66,86.4,56.29,32.6676176890157,38.48,17.47,42.39,43.67,26.45,40.69,61.17,7.03,51.45,84.77,29.68,46.87,56.33,70.29,50.25
60,01/16/2020,79.21,97.31,20.57,114.71,65.38,27.05,83.51,113.123404255319,93.18,89.17,76.56,8.55,87.76,124.95,67.15,33.3380884450785,48.78,21.37,56.78,63.0675,28.84,38.62,76.78,12.63,59.02,93.24,35.96,66.15,77.59,96.17,65.03
61,01/17/2018,55.79,68.25,10.72,80.82,44.55,27.88,75.5,88.5872340425532,78.41,79.27,61.71,31.660315732172,61.65,78.51,51.54,27.8815977175464,29.92,19.57,40.06,37.97,24.15,27.43,59.41,44.2,50.27,79.53,31.57,45.05,53.295,63.57,45.69
62,01/17/2019,67.06,76,15.49,94.99,50.98,29.54,68.94,96.331914893617,85.64,77.03,53.51,20.96,67.28,86.03,56.6,32.8245363766049,38.71,17.72,42.53,43.8725,26.73,41.06,61.9,6.36,52.21,85.55,29.9,47.07,56.18,70.93,50.69
63,01/17/2020,79.75,98.56,20.5,114.98,65.65,27.05,84.05,113.897872340426,93.72,90.24,76.96,8.24,88.73,126.31,67.33,33.8017118402283,49.06,21.36,57.16,63.35,29.04,38.54,77.17,13.08,59.16,93.34,36.09,67.26,78.6,96.42,65.37
64,01/17/2023,89.24,94.86,27.6,113.95,63.48,31.08,62.52,117.31,104.22,95.49,68.7,35.19,83.73,106.91,62.57,43.16,42.99,18.82,55.08,85.74,27.62,32.15,70.12,15.87,62.9,75.11,30.59,70.05,80.885,95.04,71.09
65,01/18/2018,55.39,67.8,11.53,80.69,44.1,27.83,74.89,88.0595744680851,77.34,78.28,61.92,31.1105062602069,60.81,77.79,51.08,27.5249643366619,29.56,19.01,39.68,37.695,23.98,26.81,58.14,44.5,49.74,79.21,31.61,44.9,53.01,63.27,45.38
66,01/18/2019,67.24,76.09,15.55,95.43,50.88,29.44,68.77,96.1531914893617,85.6,76.51,54.88,21.18,67.67,86.29,56.66,32.867332382311,38.87,18.01,42.95,44.0225,26.65,40.34,63.19,7.23,51.94,85.67,30.07,47.22,56.335,70.86,50.7
67,01/18/2022,87.62,90.32,22.59,105.41,63.18,27.34,78.46,118.38,101.87,81.99,63.75,22.67,86.8,109.84,64.52,39.9714693295292,41.59,17.7,59.67,81.25,28.16,40.26,61.42,12.71,65.22,69.82,29.89,68.01,67.86,95.77,68.39
68,01/18/2023,86.68,92.45,26.92,111.62,61.31,30.39,61.81,113.9,102.25,93.34,66.79,33.65,81.21,107.59,60.52,42.23,42.12,18.36,53.71,83.8,27.04,31.63,68.65,15.61,60.83,74.39,29.71,67.72,78.345,92.53,68.76
69,01/19/2018,55.16,67.76,11.75,80.83,44.05,27.8,74.99,87.7872340425532,76.82,78.27,62.12,30.5008165487207,60.79,76.99,50.95,27.0827389443652,29.4,19.01,39.41,37.54,23.94,26.9,58.32,44.39,49.8,79.08,31.59,44.44,52.995,63.11,45.13
70,01/19/2021,72.99,80.71,28.06,90.08,58.25,21.69,70.96,102.876595744681,90.38,69.48,60.87,17.03,87.14,95.12,53.38,30.5420827389444,31.11,15.55,49.63,82.81,22.46,41.23,44.11,12.03,58.18,78.0,28.14,61.06,60.74,87.87,64.71
71,01/19/2022,87.64,90.3,23.07,105.34,63.44,27.35,79.03,118.67,102.17,82.15,63.5,22.2,86.87,110.35,64.91,40.2924393723253,41.42,17.43,59.42,82.59,27.94,39.87,60.21,12.64,65.55,70.96,29.82,68.33,67.935,96.03,68.12
72,01/19/2023,86.04,91.63,26.64,112.04,61.1,30.28,62.01,112.56,101.97,92.48,65.67,33.93,79.78,107,59.25,42.04,41.9,18.75,53.21,82.59,26.83,31.03,69.6,15.44,60.02,74.19,29.15,66.45,77.89,91.8,68.0
73,01/20/2021,72.54,80.75,28.02,90.09,58.7,21.48,71.58,104.042553191489,90.78,69.94,60.22,16.18,87.62,94.72,53.89,30.7061340941512,31.33,15.59,49.92,84.05,22.38,40.61,44.01,12.24,59.26,77.94,27.97,60.65,61.435,88.35,65.43
74,01/20/2022,87.88,89.92,23.39,105.02,63.53,27.21,79.09,118.36,102.31,82.04,63.38,21.12,86.67,109.99,64.26,40.641940085592,41.43,17.43,59.73,83.51,27.84,38.53,59.39,12.54,65.59,70.99,29.71,67.88,67.44,96.67,68.18
75,01/20/2023,86.68,92.17,26.93,113,62.01,30.11,62.42,113.97,101.82,93.79,66.73,33.95,79.74,107.44,59.64,42.34,42.2,18.64,53.89,81.82,27.21,32.21,69.71,15.65,60.43,75.36,29.32,67.12,78.995,93.08,68.55
76,01/21/2020,80.03,99.34,20.47,115.92,66.21,27.01,84.03,113.982978723404,94.79,90.83,78.2,7.68,89.8,127.36,68.67,33.9372325249643,49.3,20.93,57.36,64.2225,29.19,38.52,75.91,13.23,59.55,94.38,36.03,68.12,78.98,97.67,66.0
77,01/21/2021,71.74,80.97,27.28,89.45,58.11,21.69,71.8,104.28085106383,90.18,69.15,59.33,15.99,87.13,93.67,53.58,30.6847360912981,31.07,15.26,49.75,83.71,21.92,40.87,42.87,11.99,58.35,77.53,27.76,59.88,61.185,87.83,65.11
78,01/21/2022,87.72,89.97,22.95,104.59,63.74,27.34,79.31,118.46,102.98,82.66,62.98,20.56,87.11,109.42,64.12,40.4921540656205,41.33,17.37,59.76,82.6,27.53,39.19,58.53,12.23,65.44,70.69,29.66,67.81,67.45,96.99,68.22
79,01/22/2018,55.3,68.13,11.38,81.4,44.16,27.79,74.89,87.9659574468085,76.95,78.53,62.14,31.1159499183451,60.76,76.83,50.82,27.1398002853067,32.45,19.63,39.55,37.505,23.95,26.92,59.88,43.94,50.04,78.96,31.49,44.04,52.525,63.01,45.23
80,01/22/2019,67.58,76.38,15.61,95.2,50.96,29.61,68.59,96.2042553191489,85.61,76.74,54.21,19.99,67.49,86.66,56.81,32.9885877318117,38.75,17.63,43.14,44.345,26.55,40.5,62.58,7.7,52.72,85.73,29.88,47.07,56.185,71.01,50.65
81,01/22/2020,79.91,100,20.4,116.09,66.55,26.18,83.69,112.868085106383,95.31,91.16,77.07,7.4,89.95,127.89,69.11,33.9942938659058,49.89,20.96,57.75,64.975,29.06,38.68,75.6,12.54,60.3,94.56,36.17,68.3,78.775,98.23,66.22
82,01/22/2021,72.88,82.08,27.1,89.09,58.41,21.44,72.29,103.753191489362,90.29,68.83,59.3,16.39,87.41,93.97,53.8,30.3423680456491,31.27,15.32,49.41,84.21,21.93,41.53,42.84,11.72,58.36,77.09,27.82,60.14,60.725,87.38,64.76
83,01/23/2018,56.07,68.77,11.42,82.26,44.46,28.08,75.71,89.0808510638298,77.71,79.66,62.04,31.8127381600435,61.12,77.66,51.46,27.4821683309558,32,19.45,40.16,38.18,24.17,27.14,60.48,43.84,50.72,79.89,31.77,44.47,53.11,63.58,45.72
84,01/23/2019,68.1,77.01,15.87,96.16,51.44,29.87,69.43,97.2510638297872,86.13,76.98,54.93,19.05,68.3,87.87,56.92,33.4308131241084,39.37,17.24,43.64,44.845,26.83,41.34,62.55,7.99,53.33,87.19,30.5,47.58,56.455,71.8,51.13
85,01/23/2020,80.3,100.97,20.56,116.88,67.11,26.93,84.07,113.957446808511,96.08,92.77,77.69,7.12,91.24,129.95,70.2,34.2011412268188,50.35,21.76,58.46,65.02,29.19,38.87,76.29,13.73,61.74,95.84,36.71,68.96,80.03,98.7,66.9
86,01/23/2023,85.98,92.66,26.91,113.52,61.71,30,62.97,113.77,100.99,93.55,67.03,35.24,79.89,106.75,60.14,41.82,41.14,18.76,53.88,82.67,27.09,32.42,69.73,15.73,60.89,73.76,29.32,66.86,79.37,92.83,68.01
87,01/24/2018,55.74,68.48,11.16,82.25,44.26,28.14,75.56,88.8765957446809,77.24,79.42,61.7,31.9869352204682,61.13,76.7,51.19,27.2539229671897,31.1,19.14,39.85,37.7125,24.18,27.25,60.71,43.68,50.42,80.22,32.0,44.08,52.84,63.24,45.55
88,01/24/2019,68.75,77.75,15.9,96.67,51.69,30.12,69.13,98.2978723404255,86.7,77.66,55.14,18.89,68.46,88.63,57.14,33.4950071326676,39.28,17.48,43.92,45.07,26.85,41.73,62.65,13.95,53.24,87.98,30.78,47.96,56.675,72.22,51.39
89,01/24/2020,80.39,102.16,20.38,117.38,67.49,26.46,84,112.987234042553,96.28,93.61,76.92,6.65,91.81,130.73,71.37,34.0442225392297,50.47,21.56,58.93,65.93,29.08,37.96,74.84,14.27,61.66,97.12,36.53,69.44,79.88,98.96,67.17
90,01/24/2022,86.4,89.12,22.59,102.32,62.6,27.16,78.48,116.88,102.58,81.99,62.27,20.65,86.15,108.19,63.58,40.0142653352354,41.31,17.32,58.75,81.92,27.04,39.82,58.63,12.17,64.35,70.65,29.56,67.37,65.825,95.13,67.43
91,01/24/2023,86.47,92.7,26.99,114.85,61.79,30.19,62.48,113.43,101.37,94.05,67.82,34.21,80.25,107.27,61.35,41.51,41.18,18.57,54.33,83.9,27.32,32.9,69.51,15.83,60.95,74.06,29.49,66.7,79.56,92.88,68.34
92,01/25/2018,56.74,69.7,11.49,82.91,45,28.38,76.69,90.1787234042553,78.9,80.38,62.41,31.8345127925966,64.57,78.08,51.62,27.5891583452211,32.09,18.82,40.39,38.2725,24.42,27.65,60.58,43.49,51.12,81.05,32.27,44.62,53.2,64.14,46.0
93,01/25/2019,67.94,76.8,15.88,94.83,50.81,29.79,69.16,97.131914893617,85.85,75.95,55.43,19.97,67.28,87.1,56.78,33.1169757489301,38.79,17.74,43.1,43.55,26.36,40.93,62.44,11.77,52.65,86.94,30.67,47.5,56.55,71.04,50.54
94,01/25/2021,75.08,82.59,26.23,90.44,59.52,21.67,73.56,105.063829787234,92.91,70.64,59.4,16.47,90.29,94.75,54.26,30.9201141226819,31.86,15.26,50.5,86.87,22.11,41.93,42.23,11.35,58.52,78.36,28.11,61.02,62.985,89.44,66.5
95,01/25/2022,85.98,88.96,22.17,103.92,62.57,27.28,77.98,117.63,102.32,81.81,61.77,20.1,85.57,107.67,62.9,39.5577746077033,41.32,17.5,58.31,75.1,27.14,39.71,59.59,12.35,64.72,70.99,29.54,67.25,66.96,94.75,67.88
96,01/25/2023,86.89,92.35,27.01,115.14,62.15,30.04,62.32,113.41,101.42,94.45,67.53,33.22,79.71,107.5,61.93,41.42,41,18.45,54.41,76.59,27.58,33.15,69.04,16.0,60.85,73.75,29.5,67.26,79.49,92.74,68.56
97,01/26/2018,56.92,68.75,11.72,83.02,44.79,28.46,75.5,89.7872340425532,78.83,80.4,62.46,31.9760479041916,64.07,78.29,51.35,27.7175463623395,32.09,18.77,40.3,39.4225,24.5,27.4,60.15,43.54,51.2,80.94,32.01,44.31,52.765,64.01,45.7
98,01/26/2021,75.21,81.82,24.56,90.95,58.78,21.95,73.64,104.502127659574,92.92,70.28,59.1,15.97,89.89,94.69,53.54,30.5634807417974,31.93,15.22,49.84,85.23,21.71,41.08,42.12,11.06,58.33,77.5,28.25,59.69,62.295,89.34,65.81
99,01/26/2022,85.58,88.83,22.42,103.65,62.35,27.3,77.46,118.18,101.95,81.38,62.11,19.74,84.65,107.28,62.98,39.7289586305278,41.16,17.52,58.1,72.64,27.33,39.73,59.85,12.3,64.69,69.79,29.29,67.02,67.32,94.11,67.62
100,01/26/2023,87.45,92.99,27.62,115.48,62.44,30,62.58,113.35,101.34,94.88,68.37,33.1,80.32,108.47,61.4,41.6,41.39,18.61,54.45,76.4,27.54,33.49,69.54,15.85,61.03,74.02,29.68,67.52,80.25,92.86,68.8
101,01/27/2020,80.11,101.78,20.08,116.39,67.25,26.21,83.32,112.587234042553,96.1,93.41,76.21,6.59,91.37,129.55,71.75,33.716119828816,50.26,21.29,58.83,66.685,28.89,36.82,74.0,14.04,60.42,97.67,36.19,69.74,79.27,98.5,66.92
102,01/27/2021,75.09,80.44,22.96,90.83,57.3,20.86,73.08,102.731914893617,91.71,71.54,57,16.56,88.53,93.61,52.72,29.2582025677603,30.86,14.82,48.98,80.19,21.26,39.8,40.55,10.79,56.36,76.31,27.8,58.54,59.975,90.84,63.82
103,01/27/2022,86.32,89.4,22.07,104.83,63.19,27.37,78.21,119.81,103.25,82.76,61.5,20.28,85.74,109.59,63.35,40.0356633380884,41.26,17.48,58.91,72.51,27.97,38.96,60.17,12.4,65.4,69.91,29.35,68.03,67.98,95.11,68.94
104,01/27/2023,87.18,93.07,26.97,115.95,62.49,29.74,62.45,113.59,101.58,94.91,68.74,32.93,80.94,108.71,61.74,41.69,41.23,18.66,54.42,75.58,27.52,33.75,68.24,16.06,60.63,74.07,29.63,68.0,80.915,92.77,68.43
105,01/28/2019,67.66,76.85,15.87,94.33,50.8,29.86,68.37,97.1063829787234,85.65,75.59,54.51,19.35,67.11,86.51,56.71,32.9172610556348,38.59,17.89,42.96,43.1175,26.19,40.14,62.29,12.01,52.4,86.76,30.66,47.43,56.5,70.94,50.45
106,01/28/2020,80.32,102.19,20.18,116.31,67.07,26.31,84.52,112.731914893617,96.21,94.18,76.8,6.68,91.79,129.99,72.18,34.0442225392297,50.69,21.46,59.15,66.4525,29.12,37.01,75.05,14.95,59.67,97.05,36.64,70.05,79.91,98.5,67.22
107,01/28/2021,73.91,80.56,24.55,88.57,57.25,21.58,72.67,103.063829787234,91.48,70.21,58.89,16.44,89.14,95.87,53.84,29.9857346647646,30.86,14.69,48.96,82.46,22.17,41.22,42.11,11.56,57.05,76.68,28.13,59.04,62.345,89.5,63.64
108,01/28/2022,87.65,90.13,22.15,106.11,63.84,27.86,79.46,120.24,104.73,84.63,62.02,21.14,87.21,111.16,64.77,40.8915834522111,41.75,17.2,59.31,72.5,29.27,39.9,59.29,12.69,66.03,70.84,29.68,69.0,68.43,96.57,69.84
109,01/29/2018,55.88,67.9,11.81,82.37,44.1,27.73,75.09,88.8425531914894,77.29,79.13,62.41,30.9471965160588,62.44,76.83,50.46,27.339514978602,32.17,18.71,39.61,38.92,24.22,26.86,59.49,42.98,50.69,79.39,31.53,43.99,52.225,63.02,44.85
110,01/29/2019,67.47,76.97,16.03,94.78,50.99,30.03,68.69,97.8127659574468,85.63,75.89,55.18,19.77,67.35,86.6,56.52,32.9529243937233,38.56,18.05,43.04,43.215,26.35,39.93,63.6,13.99,52.77,87.36,30.6,47.58,56.925,71.13,50.64
111,01/29/2020,81.02,102.81,20.32,116.31,67.31,26.58,85.39,112.297872340426,96.75,94.44,76.98,6.09,92.39,130.55,72.19,34.1012838801712,50.97,21.19,59.08,66.44,29.19,37.16,74.94,15.05,60.1,98.05,36.74,70.1,79.34,98.69,67.42
112,01/29/2021,72.72,80.91,24.39,89,56.88,21.09,72.89,101.03829787234,94,70.78,58.16,16.31,87.5,95.33,53.73,29.6433666191156,30.76,14.08,48.65,80.87,22.15,41.41,39.83,11.43,56.43,75.25,27.67,58.92,61.88,88.9,63.99
113,01/30/2018,56.09,68.35,11.61,82.48,44.32,27.82,75.32,88.7148936170213,77.66,79.59,62.5,29.7495917256396,62.56,77.9,50.99,27.3109843081312,32.32,18.23,39.26,38.775,24.45,26.09,58.73,41.98,51.01,79.33,31.42,44.8,52.915,63.32,45.21
114,01/30/2019,67.94,77.16,16.29,95.49,51.44,30.21,69.44,98.1191489361702,86.05,76.19,55.83,19.85,67.58,87.11,56.7,33.2738944365193,38.75,18.09,43.33,43.3975,26.75,40.18,64.2,13.67,53.25,87.62,30.8,47.87,57.45,71.44,50.92
115,01/30/2020,81.9,104.1,20.18,117.38,68.07,26.67,86.48,113.31914893617,97.47,94.74,76.67,6.19,93.21,131.72,72.46,34.2796005706134,50.98,21.42,59.42,67.4825,29.1,37.16,75.47,14.91,60.0,98.78,36.47,70.85,80.565,100.61,68.76
116,01/30/2023,86.91,92.87,26.45,115.53,62.67,29.84,62.69,114.33,101.64,95.05,68.14,32.15,81.37,107.69,61.69,41.75,41.3,18.04,53.65,75.05,27.55,33.55,67.28,15.85,61.1,74.01,29.45,67.43,80.62,92.62,68.1
117,01/31/2018,56.63,68.78,11.56,82.9,44.75,28.18,76.44,89.9063829787234,78.5,80.36,62.53,29.553620032662,63.09,78.69,51.66,27.4679029957204,32.9,17.98,39.75,39.605,24.68,26.01,58.86,42.43,51.87,79.95,31.87,45.11,53.51,64.3,45.64
118,01/31/2019,69.34,79.12,16.39,97.63,52.14,30.92,70.24,100.212765957447,87.78,77.65,56.97,19.47,69.41,89.19,57.32,34.0656205420827,39.2,18.1,44.47,44.745,27.28,40.91,64.21,13.0,54.55,88.12,31.32,48.6,58.49,73.03,52.36
119,01/31/2020,82.05,104.22,19.86,117.03,68.51,26.48,85.75,112.859574468085,97.63,94,76.55,6.05,92.44,131.52,72.16,33.944365192582,50.79,20.87,59.36,67.05,29.31,36.89,74.87,15.21,59.2,97.69,36.19,70.4,80.32,99.89,69.19
120,01/31/2022,88.74,90.4,22.18,107.22,64.38,28.36,80.66,120.43,105.06,86.45,62.79,21.25,89.49,111.77,64.96,41.3338088445079,41.96,17.36,59.86,78.12,29.18,39.93,60.68,12.79,66.53,69.61,29.68,69.49,69.08,97.04,69.66
121,01/31/2023,86.87,93.96,27.41,117.54,63.19,30.12,63.64,116.37,102.45,95.31,68.9,32.67,82.33,108.28,62.65,42.19,40.95,18.3,54.03,74.63,27.75,34.22,68.48,15.9,61.93,74.55,29.6,67.68,80.165,93.99,68.77
122,02/01/2018,55.21,67.84,11.51,82.29,44.16,27.72,75.9,88.6978723404255,76.84,78.75,61.74,29.0255851932499,60.16,77.12,50.3,26.9900142653352,32.62,18.06,39.08,39.085,24.24,26.43,59.74,42.57,50.67,78.46,31.23,44.38,53.265,62.6,44.81
123,02/01/2019,68.85,79.11,16.68,97.22,51.78,30.81,70.97,99.8808510638298,87.78,76.68,56.59,19.66,69.14,88.83,57.22,33.8516405135521,38.78,18.35,44.16,44.455,26.79,40.8,65.16,13.08,54.51,87.65,31.15,48.49,58.375,72.81,52.14
124,02/01/2021,72.84,81.18,24.81,88.65,57.18,21.24,72.68,101.753191489362,93.16,70.75,58.01,17.01,87.8,95.15,53.74,30.0142653352354,31.18,14.02,48.95,81.7,22.22,42.23,40.02,11.49,57.15,76.2,27.95,59.11,62.47,88.55,63.94
125,02/01/2022,87.59,88.35,22.16,106.28,63.33,28.08,80.03,118.48,103.45,86.05,61.67,21.79,87.97,110.01,64.55,41.2482168330956,41.81,17.41,58.66,77.23,28.83,38.75,61.87,12.13,66.26,69.24,29.52,67.99,68.06,95.16,68.49
126,02/01/2023,87.29,94.65,26.8,118.97,63.72,30.1,63.1,116.19,102.54,95.45,67.87,31.63,82.71,109.21,62.89,42.3,41.14,18.37,54.74,74.24,27.86,34.6,68.24,15.64,61.81,76.53,29.61,68.86,79.94,94.9,69.61
127,02/02/2018,54.89,67.75,11.12,81.5,43.48,27.55,75.68,87.8978723404255,76.53,77.96,61.6,28.2580293957539,59.35,75.98,49.95,26.904422253923,32.11,17.5,38.91,38.98,23.97,26.19,57.75,41.44,50.04,77.73,31.19,44.17,52.79,62.01,44.48
128,02/02/2021,72.77,82.11,25.75,88.66,57.42,21.5,72.77,101.889361702128,93.1,70.26,59.17,16.57,88.23,95.83,53.87,30.5634807417974,31.91,13.81,49.02,82.93,22.47,42.75,41.21,11.73,58.35,76.7,27.84,59.64,62.29,87.79,64.2
129,02/02/2022,88.56,89.88,22.31,106.79,63.97,28.32,81.32,120.23,105,87.15,61.91,22.15,88.68,112.01,66.38,42.86,42.33,17.41,59.86,77.73,29.6,39.88,62.89,12.25,67.28,70.47,29.71,68.81,69.1,96.12,69.59
130,02/02/2023,86.73,94.55,26.52,119.55,63.72,29.78,62,114.71,102.04,95.16,68.74,31.84,83.4,110.55,63.24,41.89,41,18.45,54.76,75.6,27.77,34.95,68.71,15.63,62.13,77.74,29.39,68.62,80.565,94.92,69.56
131,02/03/2020,82.63,104.22,20.31,118.67,68.48,26.34,85.84,113.855319148936,97.67,93.85,77.66,5.9,92.41,132.19,71.81,34.3794579172611,51.5,20.81,59.52,66.7025,29.79,37.54,74.44,17.27,59.33,98.24,36.25,70.7,80.53,100.89,69.45
132,02/03/2021,72.74,81.28,25.85,87.05,57.2,21.15,72.57,100.782978723404,93.39,70.51,58.93,17.26,88,94.89,53.64,30.2995720399429,32.4,14.24,49.11,83.05,22.26,42.46,42.48,11.97,58.1,76.73,27.79,59.45,61.665,87.22,63.18
133,02/03/2022,88.01,90.19,21.76,106.78,64.65,28.15,81.01,120.06,105.43,86.99,61.39,21.35,88.07,111.97,65.83,43.79,42.6,17.27,59.86,75.77,29.74,39.41,62.07,12.01,67.09,70.62,29.68,69.25,68.51,95.69,69.47
134,02/03/2023,85.3,92.11,26.24,117.19,62.75,29.2,60.25,112.76,100.58,92.93,66.87,31.26,80.35,108.08,61.64,40.9,39.52,18.28,53.34,74.67,27.31,34.43,68.56,15.55,60.85,75.88,28.66,67.27,77.95,93.56,67.98
135,02/04/2019,68.99,79.47,16.83,96.44,52,30.93,71.45,99.9063829787234,87.82,77.57,56.14,19.78,69.02,89.19,57.42,33.7660485021398,38.54,18.36,44.25,44.525,26.23,41.04,65.99,13.29,54.97,87.53,31.06,48.61,58.595,73.09,52.38
136,02/04/2020,82.27,102.87,20.61,117.22,67.37,26.52,84.56,113.276595744681,96.6,92.54,75.47,5.72,90.6,130.56,71,34.3009985734665,51.49,21,58.66,66.135,29.48,37.26,74.91,16.75,59.07,97.62,36.06,69.54,79.485,99.64,69.3
137,02/04/2021,73.93,82.21,26.17,88.78,56.86,21.43,72.69,101.872340425532,94.35,70.59,58.89,16.99,88.28,96.47,55,31.1483594864479,32.23,14.03,49.46,83,22.76,41.95,42.46,12.0,58.56,77.06,27.9,60.34,63.035,86.75,63.59
138,02/04/2022,86.88,89.17,21.91,105.76,64.68,27.89,80.18,120,104.25,86.09,61.16,21.56,87.74,110.9,65.23,43.52,41.36,17.35,59.13,76.01,29.35,39.36,62.89,12.08,66.64,70.33,29.41,68.69,68.135,94.64,68.78
139,02/05/2018,54.15,66.48,10.6,79.31,42.73,26.91,74.69,86.8085106382979,75.81,77.13,60.51,26.820903647251,58.33,74.41,49,26.3338088445079,31.6,16.81,38.22,38.5725,23.52,25.16,55.56,40.3,48.84,75.98,30.3,43.72,52.125,61.17,43.63
140,02/05/2019,68.84,79.01,16.95,96.58,52.05,30.83,71.93,99.8297872340425,88.5,77.59,56.14,19.09,69.31,89.19,57.44,33.7303851640514,38.69,18.47,44.36,44.5425,26.4,40.69,66.21,14.08,54.9,87.57,31.06,48.73,58.545,73.03,52.4
141,02/05/2020,82.68,102.12,20.76,118.28,67.91,26.75,84.92,114.425531914894,97.14,93.4,77.33,6,90.49,130.56,71.02,34.472182596291,51.91,21.29,58.56,66.6775,29.77,38,76.07,16.89,59.28,98.17,36.42,69.03,79.525,100.01,69.3
142,02/05/2021,74.2,82.19,26.86,89.05,57.45,21.4,73.74,103.591489361702,94.74,71.5,58.65,16.75,87.8,96.63,54.89,31.1554921540656,32.28,14.15,49.68,83.6,22.8,41.84,42.84,11.86,59.32,77.78,27.87,60.88,63.12,86.82,63.44
143,02/06/2018,53,64.91,10.58,78.03,42.16,26.32,74.11,84.5617021276596,74.49,75.88,60.36,27.0223189983669,57.54,73.76,48.66,26.0128388017118,30.89,17.33,37.51,37.39,23.28,25.51,56.42,39.86,47.63,75.16,30.07,43.49,51.7,60.19,42.73
144,02/06/2019,68.89,79.21,16.98,95.87,51.98,30.6,71.79,99.6425531914894,88.46,77.26,55.61,18.68,69.02,89.55,57.21,33.7517831669044,38.66,18.06,44.23,44.525,26.31,40.86,65.77,13.67,55.0,87.69,30.88,48.54,58.875,73.16,52.43
145,02/06/2020,83.17,102.25,20.58,117.66,67.32,26.86,85.27,114.221276595745,96.93,93.47,76.29,5.44,90.87,131.41,71.32,34.4222539229672,51.25,21.33,58.53,67.0825,29.85,37.83,75.85,16.84,58.33,97.99,36.08,68.84,80.25,99.9,69.3
146,02/06/2023,85.9,92.5,26.21,117.64,63.45,29.33,61.74,113.82,101.81,93.55,67.81,29.98,81.31,108.83,62.12,40.96,39.71,18.17,53.93,75.51,27.27,34.68,68.2,15.66,61.28,75.61,28.84,67.9,78.82,93.83,68.8
147,02/07/2018,53.19,64.45,10.48,78.48,42.16,26.36,73.76,84.4851063829787,74.4,75.26,59.69,25.9390310288514,56.89,72.77,48.81,25.7845934379458,30.81,17.29,37.5,37.0225,23.09,25.36,56.58,39.48,47.7,75.16,30.27,43.34,52.045,59.86,42.46
148,02/07/2019,69.72,79.45,17.11,97.03,52.6,30.81,72.67,100.68085106383,89.48,78.11,57.69,17.84,70.02,90.27,57.64,34.3295292439372,39.31,17.96,44.74,45.3375,26.61,41.57,65.14,14.06,55.69,89.18,31.05,49.16,59.01,73.99,53.13
149,02/07/2020,83.6,101.34,20.5,117.59,67.14,26.72,84.81,113.710638297872,96.27,92.78,77,5.3,90.58,131.94,70.87,34.3723252496434,51.23,21.12,58.33,67.385,29.8,37.88,75.36,17.35,57.7,98.06,36.02,68.38,79.295,99.75,68.71
150,02/07/2022,87.36,89.81,21.8,105.94,64.92,28.08,80.17,119.6,104.34,86.6,61.56,21.17,88.49,109.66,65.06,43.64,41.44,17.46,59.1,75.68,28.79,39.9,63.26,12.15,66.79,70.66,29.29,67.65,68.5,94.72,68.75
151,02/07/2023,85.99,92.28,26.42,116.9,62.46,29.61,61.6,113.71,100.82,93.25,67.31,30.66,80.68,107.76,61.98,40.82,40.07,18.28,53.54,76.08,27.23,35.01,69.09,15.64,61.01,74.97,28.75,67.74,78.55,93.16,68.88
152,02/08/2018,52.59,63.38,10.06,78.95,41.77,25.85,73.31,83.8212765957447,74.32,74.73,58.07,25.1769188894937,56.11,72.02,48.68,25.6633380884451,30.64,16.8,37.14,36.3225,22.51,24,54.4,38.24,46.73,74.34,29.52,43.4,51.68,59.5,42.44
153,02/08/2019,70.47,80.02,17.22,97.97,52.95,30.85,73.05,100.902127659574,90.3,78.93,58.08,17.79,70.05,90.82,58.1,34.037089871612,39.49,18.02,45,45.7525,26.58,41.83,65.02,14.2,55.88,89.38,31.29,49.12,58.96,74.72,53.48
154,02/08/2021,72.59,80.98,27.68,89.08,56.44,21.03,73.83,102.978723404255,93.6,71.28,57.73,17.08,85.51,94.47,54.22,31.1982881597718,32.13,14.73,49.06,83.4,22.32,42.07,43.43,11.89,58.81,76.94,27.87,60.73,62.425,85.17,62.25
155,02/08/2022,87.39,90.2,22.49,106.57,64.94,28.19,80.33,119.93,104.41,86.42,61.54,21.18,87.76,109.98,65.41,43.02,41.96,17.29,59.47,75.46,28.9,39.82,62.73,12.15,67.25,70.55,29.53,67.89,68.955,94.47,68.84
156,02/08/2023,84.72,90.38,26.16,116.45,60.89,29.04,59.57,112.28,99.18,91.77,66.81,29.81,79.13,105.6,60.62,40.24,39.37,18.22,52.62,75.03,26.79,34.79,68.75,15.45,60.14,73.29,28.37,66.45,77.21,91.66,67.85
157,02/09/2018,55.42,64.72,10.2,81.11,42.79,26.5,74.38,86.0085106382979,76.1,76.89,58.94,24.8938486663038,57.02,74.13,50.36,26.2910128388017,31.29,17.24,38.42,37.025,23.09,24.59,54.33,38.57,47.24,76.29,30.06,44.33,53.055,61.1,43.35
158,02/09/2021,73.26,79.84,27.91,89.6,56.58,21.28,73.11,103.259574468085,93.32,71.35,57.78,16.45,85.74,95,54.7,31.077032810271,32.53,14.57,48.84,83.83,22.36,42.69,43.36,11.76,58.73,76.66,27.95,60.64,62.67,85.46,62.12
159,02/09/2022,87.71,89.38,22.98,108.85,64.82,28.25,80.32,120.52,104.71,86.38,61.77,21.5,87.36,111.47,65.43,42.6,42.21,17.37,59.12,76.66,29.02,40.88,63.64,12.3,67.43,70.91,29.53,68.08,68.875,94.32,69.19
160,02/09/2023,83.72,88.48,25.58,114.6,60.5,28.65,57.73,112,97.55,90.19,65.81,30.5,78.19,103.41,60.16,39.99,39.35,17.99,52.06,73.27,26.33,34.39,67.97,15.46,59.56,72.12,28.06,65.78,76.38,90.92,67.32
161,02/10/2020,83.98,101.92,20.52,118.31,67.56,26.86,84.59,113.582978723404,96.23,93.08,78.2,5.11,91.37,132.89,70.79,34.4579172610556,51.36,21.32,58.42,67.935,29.86,38.29,75.57,18.03,57.44,98.81,36.12,68.44,78.99,100.14,69.06
162,02/10/2021,73.44,80.01,27.64,91.85,56.93,21.46,73.09,103.965957446809,93.7,72.31,58.53,16.77,87.27,96.01,55.34,30.8987161198288,31.75,14.79,49.12,83.91,22.47,43.08,44.75,12.08,58.85,77.12,28.06,60.93,63.425,85.89,62.28
163,02/10/2022,85.56,87.39,22.35,105.95,62.48,27.62,78.25,115.88,99.79,84.03,60.57,21.67,84.69,106.45,63.29,42.04,41.42,17.2,57.23,75.45,28.5,40.13,63.02,11.39,65.85,68.69,28.8,65.95,67.78,92.0,67.08
164,02/10/2023,85.5,90.55,26.11,116.25,61.41,29.31,59.54,113.68,99.11,92.36,67.01,31.67,80.07,105.79,61.07,40.71,39.9,18.36,53.23,74.74,26.88,34.86,69.45,15.54,60.65,74.09,28.66,66.88,78.565,93.27,68.48
165,02/11/2019,70.76,80.09,17.16,96.85,52.83,30.79,72.81,101.310638297872,90.17,78.97,58.42,18.38,70.15,90.6,58.07,34.0941512125535,39.35,18.27,44.92,45.7525,26.51,42.25,65.05,14.33,55.98,89.63,31.12,49.24,57.475,75.03,53.57
166,02/11/2020,84.27,102.22,20.79,119.36,67.37,27.03,85.22,114.059574468085,96.99,93.18,78,5.13,91.18,132.89,70.84,35.1925820256776,51.54,21.46,58.39,68.0375,29.93,38.84,75.94,17.9,57.82,98.61,36.17,68.59,79.28,100.19,68.96
167,02/11/2021,72.56,78.95,28,91.04,56.58,21.25,73.06,103.821276595745,90.42,71.82,58.34,16.83,86.23,94.64,54.72,30.4850213980029,31.12,14.69,48.71,83.95,22.75,42.88,44.28,12.0,58.57,76.66,27.94,61.29,62.9,83.95,61.57
168,02/11/2022,85.72,87.65,21.55,106.68,63.1,27.4,79.08,116.16,99.75,84.26,60.25,22.93,84.12,105.82,62.73,42.13,41.56,17.54,57.45,74.96,28.76,39.69,64.51,11.26,65.95,68.95,28.66,66.79,67.99,91.21,66.96
169,02/12/2018,55.07,64.8,10.27,80.39,42.88,26.73,75.26,86.1702127659574,76.81,77.4,60.06,26.0043549265106,57.53,74.63,50.43,26.5121255349501,31.5,17.3,38.48,37.5,23.11,24.72,56.55,39.34,47.62,76.73,30.46,44.68,53.31,61.28,43.76
170,02/12/2019,70.19,80.3,17.18,95.85,52.79,30.84,73.2,101.693617021277,90.23,78.57,60.07,18.88,70.28,90.86,58.3,34.1797432239658,39.52,18.48,44.95,45.8175,26.78,42.41,65.21,15.43,56.0,89.77,31.01,49.37,57.06,75.04,53.48
171,02/12/2020,84.57,101.79,20.96,117.94,67.36,27.12,85.78,113.829787234043,97.92,92.87,77.5,5.28,91.26,131.56,70.74,35.1355206847361,51.48,21.81,58.66,67.565,29.83,39.24,76.41,16.87,58.21,98.65,36.28,68.62,79.445,100.75,69.03
172,02/12/2021,73.28,78.61,28.53,91.05,56.38,21.38,71.87,102.927659574468,89.82,71.06,57.91,17.66,85.17,94.89,54.43,30.1069900142653,31.24,14.84,48.29,83.13,22.53,43.04,45.11,11.8,58.27,76.19,28.01,60.1,62.25,83.05,61.54
173,02/13/2018,55.25,65.58,10.32,80.42,43.05,26.77,75.07,86.9872340425532,77.08,77.03,60.17,25.7866086009799,57.62,75.05,49.93,26.398002853067,32.1,17.39,38.63,37.7675,23.13,24.61,56.84,39.83,48.04,76.82,30.7,44.62,53.405,61.11,43.96
174,02/13/2019,70.06,79.55,17.04,96.59,52.78,30.76,73.25,101.574468085106,89.59,77.83,60.41,19.21,70.06,89.36,58.45,34.1654778887304,39.51,18.74,44.9,45.7125,26.77,42.55,66.08,15.21,55.99,89.51,30.91,49.22,57.12,74.18,53.27
175,02/13/2020,85.75,102.85,20.83,119.5,67.92,27.18,86.24,113.659574468085,100.11,93.64,77.37,5.41,92.48,133.24,71.55,35.3566333808845,51.98,21.94,59.38,68.8675,30.19,39.56,76.22,16.76,58.36,100.22,36.28,69.54,79.5,101.21,69.82
176,02/13/2023,85.84,91.09,26.35,116.81,61.62,29.47,58.64,114.04,100.04,92.8,68.02,30.86,80.29,105.83,61.35,41.19,40.39,18.39,53.79,75.62,27.14,35.56,69.9,15.66,61.31,74.65,28.81,67.13,78.89,93.06,68.71
177,02/14/2018,54.68,65.3,10.27,80.24,42.9,26.19,74.34,86.1531914893617,75.48,75.89,59.24,26.4071856287425,57.58,73.98,49.81,26.1055634807418,31.95,17.45,38.11,37.52,22.74,24.8,57.47,39.08,47.62,76.09,30.27,43.58,52.735,60.14,43.22
178,02/14/2019,69.03,79.35,17.06,95.96,52.5,30.83,72.9,101.455319148936,87.82,78.04,60.52,18.2,70.1,89.69,58.42,34.1369472182596,39.45,18.88,44.88,45.6525,26.78,42.61,66.68,15.47,55.93,89.54,30.55,49.2,57.025,74.27,53.27
179,02/14/2020,86.79,103.76,20.93,120.45,68.51,27.18,87.46,114.059574468085,101.28,94.3,77.14,5.29,93.66,134.13,72.34,35.4921540656205,52.23,22,59.74,69.63,30.21,40.06,76.98,16.2,58.48,100.43,35.37,69.02,80.48,101.87,70.26
180,02/14/2022,85.13,86.18,21.46,105.98,62.39,26.91,78.75,116.05,99.95,83.02,60.06,22.77,82.21,104.5,61.91,42.2,40.74,17.19,56.87,74.92,28.41,38.68,62.92,11.28,64.77,68.4,28.35,65.85,67.565,89.63,66.4
181,02/14/2023,85.2,90.48,26.29,115.77,61.16,29.28,58.06,113.7,99.47,91.1,67.54,31.08,78.89,106.09,60.65,42.03,40.17,18.31,53.29,76.03,26.93,35.1,69.77,15.58,61.16,74.07,28.54,66.65,78.425,91.7,67.98
182,02/15/2018,56.26,66.68,10.52,81.92,43.74,26.76,75.42,87.7872340425532,76.2,77.11,60.09,29.0364725095264,58.57,76.31,50.66,26.7475035663338,32.79,17.31,39.05,38.6075,23.37,25.26,57.8,39.96,48.61,78.06,31.1,44.56,53.99,61.32,44.19
183,02/15/2019,69.68,79.27,16.92,97.05,52.77,30.89,73.26,101.965957446809,87.51,78.51,60.5,18.93,70.2,89.86,58.77,34.4222539229672,39.59,18.8,44.98,46.01,27.08,42.46,67.71,15.48,56.32,89.96,30.46,48.56,57.63,74.47,53.46
184,02/15/2022,84.38,85.44,21.56,105.53,61.85,26.89,78.17,116.31,99.3,81.36,59.84,23.1,82.17,103.43,61.17,41.74,40.44,17.01,56.35,75.09,28.26,38.95,62.43,11.4,64.43,67.85,28.25,65.02,67.3,88.9,66.12
185,02/15/2023,85.83,90.92,26.69,116.91,61.18,29.13,58.25,114.21,99.26,91.2,67.7,30.62,79.88,107.55,61.35,42.67,40.76,18.19,53.44,76.94,27,35.83,69.67,15.83,61.76,74.65,28.68,66.77,79.195,92.11,67.9
186,02/16/2018,56.32,67.26,10.45,82.96,44.2,26.91,75.8,89.5489361702128,76.7,77.77,61.05,28.6064235166032,59.12,76.72,50.71,26.9472182596291,33.03,17.06,39.75,39.0125,23.48,25.22,56.91,40.4,49.43,78.69,31.45,43.93,54.505,61.92,44.68
187,02/16/2021,72.66,78.19,28.91,91.13,55.45,21.54,71.13,102.63829787234,88.38,70.05,56.98,17.86,83.89,93.75,54.42,29.9429386590585,31.93,15.04,47.82,81.19,22.38,40.59,45.95,11.8,57.95,76.02,28.01,59.3,62.34,81.18,60.51
188,02/16/2022,84.47,85.41,21.89,106.09,61.92,26.88,78.67,116.49,99.51,81.08,59.92,23.42,81.65,103.96,61.21,42,41.08,17.13,56.33,75.23,28.4,39.09,62.65,11.74,64.79,68.34,28.23,64.87,67.615,89.12,65.94
189,02/16/2023,85.84,90.7,26.37,115.69,60.97,29.05,58.1,113.4,98.29,91.66,67.22,31.83,78.72,108.27,61.01,42.49,40.57,18.09,53.14,75.69,26.88,34.08,69.19,15.55,61.77,74.28,28.45,65.86,78.735,91.61,67.26
190,02/17/2021,73.3,78.49,28.76,92.43,55.83,21.53,72.39,102.255319148936,89.2,70.16,56.49,19.17,82.34,93.19,54.8,30.0784593437946,31.95,15.13,48.23,80.68,22.67,39.77,45.99,11.71,58.01,77.15,28.07,59.27,62.305,82.03,60.9
191,02/17/2022,84.51,85.49,21.47,106.66,62.4,26.81,79.14,118.55,98.73,81.45,60.25,23.21,82.28,104.95,61.05,41.75,41.12,16.76,56.62,75.38,28.57,38.32,62.6,11.59,64.73,68.76,28.14,64.79,67.695,89.39,66.1
192,02/17/2023,87.26,92.41,26.23,117.11,61.97,29.21,58.7,115.3,99.49,93.25,67.59,31.25,80.27,109.43,62.1,43.05,41.03,17.73,53.97,76.07,27.14,34.22,67.26,15.57,62.23,75.1,28.81,66.63,79.245,92.87,68.01
193,02/18/2020,86.75,104.33,21.03,120.57,68.86,27.08,88.98,114.595744680851,102.02,94.35,77.12,5.68,94.81,134.78,73.88,35.9343794579173,52.27,22.01,60.17,70.51,30.21,39.95,76.94,16.09,59.02,101.81,35.91,69.4,80.445,102.88,71.16
194,02/18/2021,74.09,80.48,27.81,93.69,56.62,21.8,72.71,102.127659574468,89.53,70.02,55.69,18.3,82.55,93.93,55.22,30.4564907275321,34.25,14.78,48.61,80.73,22.84,37.9,44.86,11.76,58.5,77.17,27.77,59.85,62.135,83.48,62.3
195,02/18/2022,84.67,85.71,21.26,106.04,62.51,26.61,79.15,119.35,99.81,84.61,59.94,22.32,82.82,104.62,60.97,41.63,40.98,16.6,57.1,74.15,28.45,38.43,61.81,11.41,64.68,68.92,26.1,63.77,67.755,90.0,66.0
196,02/19/2019,70.09,80.08,17.18,97.3,52.79,31.21,73.54,102.56170212766,87.94,78.87,61.65,18.97,70.4,90.05,59.29,34.3437945791726,39.6,19.15,45.15,46.3425,26.94,42.45,68.58,17.74,56.22,90.65,30.68,48.92,58.135,74.91,53.79
197,02/19/2020,85.88,103.5,20.91,119.6,68.48,26.43,87.84,114.102127659574,101.42,93.88,76.64,5.91,94.3,133.09,73.91,35.3780313837375,52.15,22.16,59.47,68.6675,30.02,39.4,76.75,17.51,58.9,101.54,35.1,68.61,79.865,102.41,70.79
198,02/19/2021,72.33,79.08,28.31,93.56,55.98,21.43,71.15,102.28085106383,88.43,68.18,55.22,18.38,81.46,93.18,54.23,29.5149786019972,34.03,14.96,47.63,78.1,22.84,39.58,45.82,11.64,57.75,76.26,27.68,59.31,62.285,83.23,62.07
199,02/20/2018,55.08,66.37,10.4,82.07,43.36,26.73,74.75,87.8297872340426,75.69,76.36,60.31,27.9804028307022,58.17,75.43,49.65,26.8758915834522,32.8,17,39.14,38.4525,23.02,25.69,57.02,40.01,49.29,77.2,30.83,43.47,53.77,60.9,44.12
200,02/20/2019,70.4,80.52,17.15,98,52.79,30.98,73.54,103.634042553191,88.85,79.01,62.68,19.35,70.27,91.24,59.39,34.3295292439372,39.59,19.17,45.17,46.41,26.28,42.06,68.12,18.21,56.61,90.93,31.18,49.74,58.565,75.1,54.1
201,02/20/2020,85.66,102.38,20.8,119.23,68.59,25.72,89.25,114,101.43,94.58,77.32,6.01,95.65,131.45,73.56,35.5563480741797,51.79,22.24,59.57,69.2575,30.05,39.04,77.52,17.85,59.18,101.09,35.41,69.81,79.945,102.39,70.67
202,02/21/2018,54.4,65.58,10.23,81.04,43.02,26.23,73.54,86.7234042553192,75.33,75.47,59.09,27.1148611867175,57.36,74.44,48.93,26.4336661911555,32.76,16.75,38.62,37.94,22.8,25,56.1,39.79,48.53,76.1,30.11,42.92,52.715,60.12,43.7
203,02/21/2019,71.2,81.15,17.32,99.13,53.41,31.22,74.34,104.459574468085,89.59,80,61.26,19.03,70.53,91.19,59.87,34.586305278174,40.05,19.19,45.63,46.64,26.44,42.46,67.8,19.4,56.91,91.97,31.42,50.22,58.835,75.72,54.78
204,02/21/2020,85.34,101.71,20.75,118.7,68.45,25.27,89.38,114.859574468085,102.43,90.18,77.57,5.81,95.96,129.96,72.91,35.4636233951498,51.57,22.14,59.14,69.3975,29.88,39.37,77.06,17.92,59.96,103.6,35.62,68.99,79.215,102.5,70.82
205,02/21/2023,86.04,90.85,25.57,116.05,61.16,28.91,58.1,113.24,97.68,92.73,66.71,30.44,78.36,107.6,61.13,42.23,40.49,17.35,53.34,73.66,26.95,34.06,66.13,15.45,61.15,74.14,27.82,65.55,77.71,91.49,67.2
206,02/22/2018,54.59,65.68,10.3,80.86,43.01,27,73.58,86.6893617021277,75.54,75.79,59.74,27.6646706586826,57.48,75.03,49.7,26.5620542082739,32.92,16.66,38.6,38.0775,23.08,25.26,57.18,40.09,49.18,76.74,29.52,43.02,53.32,60.34,43.61
207,02/22/2019,72.18,81.72,17.53,99.48,54.2,31.4,75.05,105.293617021277,89.91,82.1,61.41,19.31,70.3,92.77,55.49,34.7646219686163,40.72,19.32,45.68,47.0325,26.64,42.22,67.87,18.77,57.3,93.22,31.64,50.37,59.24,76.64,55.27
208,02/22/2021,71,76.77,27,89.41,54.78,20.67,71.17,103.957446808511,88.35,67.97,55.35,17.69,78.65,89.08,52.41,28.9586305278174,33.88,15.17,47.13,75.1,22.38,36.9,46.1,11.41,57.09,74.59,27.48,59.29,61.33,82.04,60.43
209,02/22/2022,84.92,85.99,21.01,106.26,62.69,27.2,79.37,118.33,99.45,84.75,60.08,21.62,82.41,104.51,60.98,41.65,40.95,16.54,56.7,73.78,28.36,37.28,60.16,11.32,64.68,68.9,26.81,64.29,67.755,89.79,65.94
210,02/22/2023,85.5,90.82,25.39,115.64,60.81,28.85,57.71,112.81,97.47,92.41,66.2,31.98,78.43,107.5,60.93,41.84,39.89,17.32,53.26,73.68,27.61,33.15,66.38,15.52,60.8,73.6,27.71,65.24,77.58,91.14,66.69
211,02/23/2018,56.35,67.37,10.49,82.59,43.86,27.73,75.52,89.1063829787234,77.22,77.63,62.17,28.3505715841045,59.47,77.74,50.76,27.2753209700428,33.8,17.01,39.42,39.065,23.6,26.42,58.02,41.14,50.53,80.15,30.34,44.07,54.785,61.85,44.77
212,02/23/2021,71.86,78.09,27.22,89.63,55.69,20.78,72.04,106.910638297872,89.04,67.67,55.92,17.65,80.19,91.16,54.35,29.1012838801712,33.53,15.29,48.23,74.71,22.61,38.28,45.62,11.23,57.77,75.5,27.48,58.92,61.78,84.02,61.93
213,02/23/2022,83.76,84.64,20.55,105.39,62.01,26.49,77.64,117.26,97.67,84.4,59.02,21.82,79.7,104.74,60.2,40.97,39.62,16.77,55.96,72.32,28.21,36.84,60.78,10.86,63.57,67.96,26.1,62.84,66.82,88.34,64.93
214,02/23/2023,84.96,90.71,25.39,116.15,60.24,28.79,57.29,112.32,96.84,91.58,65.86,32.49,78.04,107.22,60.76,41.84,39.48,17.48,52.99,72.87,27.9,33.51,67.98,15.28,60.54,73.38,27.86,64.74,77.83,91.1,66.33
215,02/24/2020,84.82,100.04,20.25,116.22,68.25,25.22,89.8,113.072340425532,102.3,88.89,76.32,5.51,95.21,129.74,71.99,34.8216833095578,50.63,21.77,58.84,68.485,29.25,38.14,75.07,17.25,59.11,100.94,35.12,67.8,77.08,101.82,70.37
216,02/24/2021,71.4,77.1,28,88.67,54.57,20.81,71.17,105.446808510638,87.34,66.65,56.47,18.61,80.11,89.97,54.55,28.6661911554922,34.25,15.72,47.53,73.76,22.18,38.42,46.71,11.41,56.05,73.06,27.49,58.38,61.285,81.93,60.21
217,02/24/2022,83.25,86.56,20.92,104.75,61.97,26.55,77.16,117.74,97.04,83.31,59.16,22.23,79.72,102.32,60.59,41.3,39.85,16.67,55.93,75.44,28.33,38.18,61.53,11.08,62.32,67.38,25.94,62.88,67.115,88.68,64.83
218,02/24/2023,84.37,90.43,25.32,115.75,60.42,28.57,57,113,96.92,91.26,68.63,34.73,77.38,107.31,60.63,41.32,39.8,17.44,52.72,72.92,27.82,33.6,67.56,15.78,61.15,73.38,27.69,64.56,77.64,91.02,65.81
219,02/25/2019,70.88,80.78,17.33,98.3,53.82,31.01,75.12,104.527659574468,89.48,81.62,60.67,19.81,69.37,92.45,55.64,34.5363766048502,40.43,19.3,45.34,46.97,26.46,41.84,67.65,18.65,57.33,93.68,31.73,49.56,58.795,75.52,54.71
220,02/25/2020,83.56,98.17,19.38,113.74,66.84,24.49,87.79,109.03829787234,99.27,88.25,75.08,5.16,93.38,126.3,70.1,33.9728958630528,48.89,21.05,58.01,67.5825,28.38,36.13,73.61,17.57,57.41,98.4,34.57,66.86,74.785,100.41,68.84
221,02/25/2021,71.41,76.3,26.35,88.23,55.06,19.75,70.63,103.182978723404,87.12,67.15,55.66,18.15,80.56,88.04,53.69,27.7603423680457,33.51,15.29,47.37,74.06,22.11,37.57,45.4,10.88,55.9,73.04,26.99,57.76,59.54,81.78,59.84
222,02/25/2022,86.03,89.46,21.11,109.09,64.14,27.38,79.69,121.95,100.22,85.94,62.35,22.76,81.81,105.58,62.55,42.6,41.36,17.07,57.87,77.16,28.98,37.99,64.0,11.36,64.87,71.99,26.43,65.04,70.72,90.85,67.23
223,02/26/2018,55.75,66.97,10.45,82.19,43.77,27.79,75.99,88.3063829787234,77.92,76.96,61.62,28.5792052259118,58.82,76.95,50.46,27.1255349500713,33.67,16.92,39.53,38.6625,23.59,26.29,57.47,41.06,50.3,80.28,29.82,44.03,54.755,61.62,44.54
224,02/26/2019,70.22,80.42,17.29,98.28,53.85,30.93,73.89,104.085106382979,88.88,81.36,61.34,19.04,69.66,92.7,55.79,34.6362339514979,40.78,19.22,45.46,47.0575,26.74,41.37,64.29,18.52,57.32,93.08,31.93,49.22,59.45,75.34,54.47
225,02/26/2020,85.21,97.43,18.69,112.09,66.44,24.08,86.77,106.153191489362,98.94,87.69,74.31,4.96,93.46,125.65,69.58,33.5592011412268,48.3,20.52,57.83,67.3675,27.75,35.05,73.29,16.72,55.57,97.2,33.24,66.19,73.435,100.29,68.35
226,02/26/2021,70.27,74.85,26.56,84.61,54.11,19.44,68.32,100.187234042553,85.59,65.65,53.99,17.79,79.48,86.81,53.63,27.5320970042796,33.14,14.7,46.16,73.48,21.6,36.51,44.29,10.51,53.83,69.93,26.19,56.72,57.99,80.64,58.59
227,02/27/2018,54.89,65.95,11.22,81.05,42.75,27.25,74.26,86.8340425531915,76.33,75.66,60.85,27.9640718562874,57.39,76.04,49.12,26.5620542082739,32.9,16.64,38.8,37.92,23.32,25.99,57.0,40.23,48.79,77.94,29.17,43.4,55.02,60.57,43.7
228,02/27/2019,70.42,80.63,17.16,98.86,53.85,31.16,74.33,104.136170212766,89.28,81.66,60.61,18.31,69.66,92.46,55.49,34.4507845934379,40.72,19.28,45.45,46.7025,26.94,41.02,65.15,17.8,58.56,92.96,31.98,49.38,60.165,75.6,54.39
229,02/27/2020,81.57,91.86,18.29,107.2,62.82,24.16,81.28,100.434042553191,94.99,83.19,70.25,5.38,89.52,120.8,67,32.1968616262482,46.23,19.52,54.95,63.9625,27.3,34.5,67.55,16.33,52.87,93.61,30.99,62.88,70.71,95.56,64.85
230,02/27/2023,83.9,90.07,24.88,114.9,59.7,28.47,56.33,111.54,95.81,90.85,68.13,33.53,77.09,106.08,60.19,41.43,39.91,17.36,51.46,71.86,27.49,33.02,67.94,15.75,61.52,74.11,27.55,64.37,77.44,90.04,65.4
231,02/28/2018,54.3,65.58,10.87,80.49,42.45,27.05,74.07,85.7702127659574,75.34,74.89,60.59,27.3870440936309,57,75.82,48.73,26.4194008559201,32.33,16.2,38.65,38.0375,23.13,25.86,56.33,41.09,48.43,76.96,28.65,43.06,54.49,59.92,43.28
232,02/28/2019,71.24,81.15,17.23,98.85,54.4,30.14,74.09,105.157446808511,89.66,82.45,59.89,18.12,69.81,93.33,55.91,34.6576319543509,40.75,19.16,45.87,46.93,26.98,41.68,64.26,17.03,58.81,93.74,32.17,49.69,60.22,76.28,54.86
233,02/28/2020,79,89.26,16.73,103.25,60.42,23.02,78.18,95.0382978723404,91.7,78.82,67.19,5.87,86.46,116.91,65.35,30.7489300998573,44.53,19.17,52.12,63.19,27.02,33.21,66.72,15.5,51.31,89.49,30.01,60.36,69.89,92.33,62.32
234,02/28/2022,85.95,90.65,21.23,109.81,64.01,27.35,79.53,121.59,100.41,85.77,63.42,23.14,81.8,105.21,62.41,42.56,41.85,17.4,58.4,78.27,28.93,37.84,65.3,11.37,64.83,70.83,26.17,64.77,72.11,90.88,67.33
235,02/28/2023,82.71,87.97,24.68,112.81,58.97,27.82,55.62,109.71,94.26,89.35,66.21,33.18,75.36,102.87,58.81,40.39,39.54,17.06,51.27,71.03,27.43,32.79,65.45,15.62,60.43,73.68,27.07,63.06,74.98,88.66,64.57
236,03/01/2018,53.96,65.62,10.96,80.15,42.36,26.72,72.35,85.7276595744681,75.56,74.59,60.78,27.2890582471421,56.55,75.88,49.16,26.3480741797432,32.31,16.21,38.49,38.3075,23.17,26.92,56.51,41.26,48.29,77.52,28.24,43.98,53.82,59.63,43.17
237,03/01/2019,70.93,81.4,17.5,98.9,54.1,30.17,74.79,104.595744680851,89.53,82.66,61.31,19.49,69.74,93.25,55.03,34.6219686162625,40.9,19.74,45.87,46.89,26.91,42.2,65.87,17.91,59.25,92.78,32.26,49.98,60.63,76.03,54.92
238,03/01/2021,71.49,76.71,27,85.75,54.82,19.6,69.93,101.36170212766,87.04,67.04,54.91,18.44,80.73,87.76,53.96,28.0385164051355,33.41,15.04,47.09,75.91,22,40.36,47.47,10.97,55.09,72.3,26.89,57.78,58.95,82.79,59.15
239,03/01/2022,84.79,90.21,20.67,109.93,63.63,26.88,79.29,120,99.83,85.38,63.65,24.42,80.44,103.86,60.88,42.23,41.32,17.59,57.27,77.44,28.65,36.54,63.82,11.3,64.46,69.82,25.45,64.1,72.585,89.31,66.51
240,03/01/2023,81.04,86.36,24.63,110.54,57.78,27.36,54.74,106.86,91.91,88.15,64.59,33.3,73.17,101.42,58.05,39.75,38.74,17.26,50.25,69.87,26.83,33.02,66.16,15.61,58.54,73.29,26.68,62.32,73.93,86.57,63.27
241,03/02/2018,54.03,65.18,10.86,79.19,42.59,26.69,72.5,85.7787234042553,75.35,74.35,59.59,27.3924877517692,57.1,76.54,48.85,26.3338088445079,32.28,16.1,38.22,38.2125,23.17,27.89,57.08,40.72,47.7,76.92,27.73,44.2,53.545,59.47,43.03
242,03/02/2020,84.42,95.09,18.22,107.89,64.14,23.75,84.18,99.268085106383,96.67,84.53,70.44,6.08,93.62,124.12,69.39,32.4037089871612,47.32,20.24,55.36,67.0875,28.56,34.17,69.13,15.05,53.71,94.91,31.81,63.93,71.115,97.69,65.87
243,03/02/2021,71.91,76.45,26.81,87.24,54.88,19.57,69.8,100.4,87.24,67.08,54.9,18.44,80.72,88.76,53.61,28.0385164051355,32.81,15.09,47.11,75.54,21.77,39.28,46.89,10.88,54.61,73.72,27.14,57.83,58.565,83.03,58.98
244,03/02/2022,85.99,91.24,21.41,111.14,64.48,27.72,80.16,122.37,100.79,86.91,64.49,24.88,80.75,106.62,61.81,42.76,41.67,18.14,57.64,77.55,29.19,37.73,67.09,11.46,65.38,70.62,25.72,64.57,74.185,90.59,67.56
245,03/02/2023,82.37,87.99,24.64,111.49,58.89,27.99,54.99,108.36,93.77,89.61,65.56,33.36,74.15,103.72,58.81,40.38,39.08,17.46,51.59,72.21,27.27,32.75,66.67,15.85,59.87,75.27,27.12,63.67,74.345,88.02,64.34
246,03/03/2020,83.16,95.45,17.43,106.54,64.32,23.1,83.38,96.1872340425532,95.61,83.84,68.3,6.15,92.4,121.89,68.85,31.5192582025678,45.92,19.85,54.77,66.2875,28.38,33.3,68.25,14.81,53.05,94.49,31.04,63.9,70.51,97.58,65.71
247,03/03/2021,71.13,76.32,26.89,88.45,53.88,19.45,69.58,100.255319148936,87.27,67.43,55.8,18.42,77.78,87.43,53.71,28.1954350927247,32.9,15.17,46.91,72.52,21.57,38.71,47.77,10.75,54.25,72.99,27.48,57.59,58.485,82.26,58.03
248,03/03/2022,87.3,93.98,21.46,113.74,65.28,28.24,80.72,125.21,102.64,88.29,65.25,24.85,83.47,109.36,62.41,43.13,42.42,18.39,59.07,78.79,29.67,37.38,67.71,11.43,66.29,73.2,26.01,66.4,74.805,92.45,69.13
249,03/03/2023,83.73,89.09,25.1,112.73,59.84,28.41,55.94,109.35,95.39,90.69,67.3,34.35,75.44,105.07,59.53,41.38,39.76,17.65,52.07,73.83,27.7,33.64,67.85,16.35,60.37,76.42,27.39,64.81,75.445,89.59,65.1
250,03/04/2019,71.3,81.42,17.12,99.87,54.15,30.34,75.27,104.774468085106,89.88,83.2,62.09,19.83,68.97,92.64,55.27,34.5577746077033,40.74,19.85,46.28,47.06,26.96,41.71,65.9,18.05,59.58,93.0,32.37,50.1,60.665,76.26,55.08
251,03/04/2020,87.07,99.82,17.83,112.9,68.35,23.82,89.03,101.540425531915,101.65,88.01,70.16,6.11,98.54,128.36,73.08,33.39514978602,48.5,20.23,57.86,70.555,29.86,35.45,70.66,15.13,55.59,100.26,32.18,67.8,73.92,104.21,69.2
252,03/04/2021,71.18,77.25,25.88,88.9,53.91,19.87,68,102.187234042553,86.46,66.96,57.02,18.31,77.27,87.59,54.82,28.3666191155492,33.22,15.69,47.2,71.29,21.5,38.75,48.25,10.73,54.66,74.65,27.91,57.41,58.495,82.28,58.92
253,03/04/2022,89.52,96.33,21.82,116.15,67,28.99,82.7,127.88,105.26,89.88,65.59,26.36,85.94,112.24,63.7,44.28,42.88,18.84,60.59,80.21,30.48,37.56,68.42,11.2,67.6,74.45,26.45,67.58,75.96,94.61,71.26
254,03/05/2018,55.12,66.49,10.98,80.61,43.29,27.15,73.7,87.2936170212766,77.49,76.09,60.67,28.2471420794774,57.72,78.57,50.15,26.8758915834522,32.63,16.21,38.93,38.755,23.53,28.95,56.91,41.95,48.07,78.05,28.32,44.84,55.345,60.91,43.83
255,03/05/2019,71.07,81.03,17.42,99.37,54,30.17,75.45,104.476595744681,89.53,82.93,62.5,19.4,68.59,92.17,55.08,34.5363766048502,40.42,19.97,45.9,47.08,26.91,41.74,65.95,18.31,59.33,92.15,32.48,50.07,60.54,76.25,54.9
256,03/05/2020,86.05,98.79,16.73,111.13,67.73,22.67,87.17,98.9446808510638,100.13,87.58,69.01,6.35,97.44,127.46,71.61,32.9029957203994,47.13,19.7,57.39,69.04,29.63,34.35,68.69,15.08,53.99,99.67,31.68,67.57,70.88,104.11,69.25
257,03/05/2021,72.86,78.9,25.99,91.71,55.37,20.66,69.86,104.817021276596,88.53,68.3,57.7,17.98,80.66,89.13,55.35,28.2738944365193,33.21,15.87,48.39,70.7,21.86,39.85,49.57,10.85,56.26,76.3,28.25,58.35,59.585,84.48,61.35
258,03/06/2018,53.94,65.5,10.93,80.04,42.69,26.77,72.92,86.1276595744681,75.86,75.14,60.07,28.2090364725095,56.68,77.72,49.72,26.5121255349501,31.85,16.11,38.17,38.315,23.21,29.21,57.02,42.42,47.19,76.3,27.68,44.1,54.68,60.08,42.91
259,03/06/2019,71.07,81.26,17.58,99.49,54.03,30.1,75.83,104.153191489362,89.57,83.33,61.73,18.85,69.07,92.09,54.84,34.5435092724679,40.72,20,46.02,46.8925,27.07,41.38,65.43,18.36,59.16,92.77,32.36,50.13,60.485,76.51,55.09
260,03/06/2020,85.35,97.7,16.82,111.25,67.89,21.55,86.7,98.8255319148936,99.05,87.9,67.59,6.39,96.36,124.28,69.84,32.2182596291013,46.48,19.33,57.49,67.955,29.46,34.32,61.21,14.27,54.73,99.31,31.51,66.87,70.935,104.72,70.15
261,03/06/2023,83.85,89.37,25,113.4,59.88,28.52,55.97,108.92,95.98,91.63,68.42,32.95,75.69,105.81,59.22,41.49,39.98,17.62,51.96,74.4,27.56,34.38,68.65,16.74,60.1,76.08,27.48,65.23,75.53,89.84,65.05
262,03/07/2018,53.58,64.92,10.8,79.46,42.49,26.71,72.89,85.0382978723404,75.25,74.48,59.11,27.9531845400109,56.29,76.76,49.33,26.262482168331,31.59,16.05,38.06,38.2625,22.95,29.38,56.71,41.12,46.38,75.43,27.62,43.67,54.28,59.66,42.72
263,03/07/2019,71.22,81.45,17.67,99.46,54.28,30.03,76.12,104.255319148936,89.58,83.34,62.2,18.87,69.39,92.13,55.39,34.6291012838802,40.78,19.84,46.19,46.9825,27.26,41.24,65.89,19.07,59.0,92.75,32.07,50.49,60.85,76.83,55.52
264,03/07/2022,89.57,97.26,21.87,116.01,66.98,28.73,83.35,127.11,106.7,90.14,66.19,26.52,86.66,111.86,64.25,43.83,44.57,18.72,60.76,84.18,30.11,38.01,68.51,10.51,67.71,75.37,26.15,69.23,76.42,95.45,71.55
265,03/07/2023,82.44,88.63,24.51,111.2,58.93,27.81,54.66,106.3,93.52,90.66,67.39,32.95,74.06,103.1,58.38,41,39.16,17.35,50.99,73.75,27.31,34.28,67.52,16.33,58.55,75.7,26.88,64.33,74.15,88.87,63.61
266,03/08/2018,53.86,65.3,10.84,79.82,42.56,27.09,72.83,85.4468085106383,75.99,75.31,59.56,27.8007621121394,56.87,76.66,49.55,26.7118402282454,31.8,16.01,38.32,38.5775,23.08,29.6,56.6,41.73,46.83,75.97,27.77,43.41,54.895,60.28,43.13
267,03/08/2019,71.7,81.95,17.7,100.16,54.64,30.03,75.73,104.851063829787,90.2,83.82,62.05,18.36,69.68,92.49,55.76,34.793152639087,40.89,19.73,46.25,47.175,27.42,41.46,65.58,19.39,58.88,93.16,31.98,50.9,61.15,77.0,55.67
268,03/08/2021,74.19,80.49,26.28,91.64,56.15,20.81,72,106.16170212766,90.22,69.5,57.39,17.37,80.62,90.16,56.27,29.0228245363766,33.37,16.22,49.71,70.86,22.04,41.63,49.54,11.16,57.1,78.25,28.31,59.61,61.455,86.33,61.96
269,03/08/2022,87.75,95.25,21.56,113.4,65.92,28.54,81.56,126.17,105.47,88.75,65.17,25.61,85.09,109.39,63.73,43.49,44.31,18.67,60.49,81.95,29.61,37.44,66.74,10.84,66.68,73.62,26.29,67.82,76.695,94.0,70.19
270,03/08/2023,83.15,89.3,24.72,112.39,59.76,27.98,54.96,107.33,94.67,91.69,68.29,32.16,74.92,103.76,58.8,41.25,39.71,17.32,51.57,74.25,27.7,33.93,67.09,16.32,59.03,77.06,27.0,64.73,74.31,89.25,64.4
271,03/09/2018,53.99,65.65,10.85,80.23,42.86,27.13,72.87,85.5574468085106,76.13,75.24,59.38,28.5465432770822,57.24,76.78,49.75,26.7475035663338,32.65,16.33,38.71,38.7025,22.96,29.75,57.31,42.03,47.05,76.38,27.54,43.76,54.54,60.55,43.28
272,03/09/2020,81.6,94.96,14.58,105.13,65.42,18.03,81.33,87.2595744680851,94.58,88.66,61.76,7.06,92.56,115.4,64.53,29.8930099857347,42.93,16.1,54.16,65.32,27.69,30.13,38.1,12.62,50.76,95.37,29.11,62.16,63.88,102.37,67.99
273,03/09/2021,74.72,80.6,27.53,89.34,56.53,20.9,72.94,106.068085106383,90.95,69.69,57.46,17.72,81.66,90.75,56.54,29.6219686162625,34.18,15.67,49.88,74.02,22.03,42.83,48.64,11.34,57.53,77.58,27.28,59.41,61.715,86.75,62.15
274,03/09/2022,86.74,95.01,21.96,112.18,65.22,28.38,81,125.03,105.33,88.38,65.47,26.13,84.19,107.98,63.37,43.55,44.08,18.33,59.75,80.32,29.65,37.9,66.61,11.01,65.82,73.25,26.69,67.12,76.15,92.6,69.84
275,03/09/2023,82.66,88.76,24.29,110.53,59.13,27.88,54.27,106.73,94.22,91.29,67,31.34,74.27,102.86,58.78,40.59,39.15,17.14,51.26,73.76,27.38,33.01,65.64,16.15,57.76,75.66,26.58,64.55,73.81,88.86,64.25
276,03/10/2020,82.59,94.72,15.21,105.43,65.51,18.71,83.22,91.9234042553192,95.05,89.4,63.89,7.06,91.14,119.29,66.76,30.756062767475,44.95,16.04,54,63.9325,28.52,32.35,38.03,13.9,52.94,96.19,29.83,62.02,65.3,102.05,68.49
277,03/10/2021,76.19,81.2,27.49,90.81,57.09,21.32,73.21,107.429787234043,90.79,70.37,58.22,18.77,81.69,94.44,56.95,29.8573466476462,34.55,16.24,50.39,74.46,22.13,40.74,50.95,11.46,57.74,78.46,27.46,59.78,63.245,87.22,62.18
278,03/10/2022,87.55,95.99,22.35,113.29,66.05,28.7,82.21,127.3,106.19,89.47,65.76,26.98,84.36,109.01,64.11,43.6,44.03,18.55,60.14,80.16,29.92,37.65,67.51,10.88,65.4,74.23,26.58,68.61,77.64,93.56,70.16
279,03/10/2023,81.05,87.53,23.26,109.16,58.08,27.56,53.21,104.48,92.83,90.62,66.23,30.41,72.88,100.62,57.56,40.18,38.09,16.77,50.19,73.01,26.71,31.63,64.4,15.83,56.36,74.01,26.25,63.94,72.055,87.57,63.22
280,03/11/2019,72.57,82.6,17.97,100.56,54.95,30.43,76.32,105.268085106383,90.36,84.27,63.13,18.7,70.28,93.96,56.35,35.0071326676177,41.36,19.9,46.69,47.375,27.78,41.79,66.29,19.38,58.67,94.12,32.38,51.4,61.595,77.15,56.05
281,03/11/2020,80.87,89.72,14.16,102.85,63.25,17.66,78.95,88.6042553191489,90.94,86.5,59.74,6.88,87.79,111.62,62.35,28.39514978602,43.13,15.5,51.59,60.315,27.1,30,35.94,12.04,48.75,89.55,29.25,58.18,61.475,97.45,66.82
282,03/11/2021,76.07,80,28.18,89.88,56.76,21.29,72.43,107.148936170213,90.69,69.82,57.51,19.44,80.83,93.35,56.76,29.9786019971469,34.65,16.2,49.99,74.86,22.2,42.54,50.4,11.45,56.78,76.78,27.21,59.28,63.455,86.86,61.86
283,03/11/2022,87.49,95.54,22.2,113.74,65.96,28.45,82.26,126.97,106.14,89.34,64.79,27,83.81,108.75,64.35,43.63,43.97,18.1,60.23,79.3,29.79,38.48,66.06,10.78,65.72,73.76,26.27,68.69,77.105,93.86,70.37
284,03/12/2018,54.41,65.87,10.74,81.13,43.09,27.43,72.97,85.8808510638298,76.55,75.69,60.2,28.4158954817637,57.06,77.23,49.73,26.7689015691869,32.7,16.55,39.21,38.5975,23.14,29.89,57.59,42.42,47.58,76.32,27.89,43.82,54.875,60.89,43.66
285,03/12/2019,72.37,83.11,18.12,101.4,55.32,30.68,76.33,105.582978723404,90.51,84.93,64.16,19.65,70.51,94.89,56.73,35.2781740370899,41.58,19.86,47.15,47.7225,28,42.94,66.75,19.22,59.13,94.94,32.47,51.68,62.0,77.58,56.46
286,03/12/2020,72.4,82.54,12.18,94.68,58.89,14.87,71.31,77.6,80.48,83.79,52.43,6.94,82.62,101.64,55.96,25.1569186875892,38.52,13.86,48.18,52.2225,24.02,26.6,28.46,9.06,44.59,80.1,26.63,52.19,52.135,91.64,61.29
287,03/12/2021,77.3,81.04,28.45,91.42,57.54,21.97,73.54,108.391489361702,91.4,70.94,58.22,18.75,82.1,95.76,57.68,30.3780313837375,34.93,16.35,51.12,75.67,22.55,41.5,51.6,11.51,57.69,78.33,27.71,59.84,64.375,88.49,62.08
288,03/13/2018,54.09,66.04,10.67,81.02,42.96,27.31,73,85.8978723404255,76.47,75.49,62.06,28.6663037561241,56.68,77.09,49.91,26.7047075606277,32.99,16.5,39.3,38.6675,23.14,30,57.76,45.1,47.39,76.42,27.76,43.59,55.35,60.8,43.51
289,03/13/2019,72.94,83.18,18.12,101.81,55.3,30.41,76.3,105.668085106383,90.56,85.18,64.1,19.64,70.6,95.01,56.93,35.3994293865906,41.62,19.98,47.14,47.7425,27.98,43.06,67.31,19.46,59.51,95.38,32.5,51.73,62.17,77.8,56.65
290,03/13/2020,76.15,86.47,13,100.67,62.39,15.55,78.29,82.0765957446808,85.77,88.07,53.25,9.53,88.53,102.93,59.09,25.9343794579173,41.24,14.78,50.9,55.39,25.18,28.85,30.72,10.21,44.14,81.57,27.42,53.97,53.46,99.42,66.84
291,03/13/2023,83.31,89.38,22.9,110.53,59.54,28.21,54.2,106.87,94.17,92.79,67.39,30.28,74.8,101.85,58.89,41.39,38.8,16.85,51.48,73.29,27.33,30.88,63.64,15.76,57.07,75.45,26.76,65.15,71.985,91.16,65.3
292,03/14/2018,54.63,66.59,10.7,81.34,43.32,27.05,73.52,86.6127659574468,77,75.97,63.81,28.5519869352205,57.19,77.5,50.34,26.9828815977175,33.42,16.42,39.54,39.5025,23.31,30.2,57.16,44.17,48.45,76.78,27.93,44.05,56.43,61.3,43.54
293,03/14/2019,72.61,82.98,18.18,101.5,55.15,30.41,76.64,105.855319148936,90.36,84.98,64.05,19.86,70.92,94.94,57.12,35.3922967189729,41.21,19.98,46.93,47.745,27.87,41.86,67.12,19.51,59.64,95.15,32.59,51.53,62.225,77.62,56.16
294,03/14/2022,87.38,94.74,21.72,112.86,66.17,28.41,81.32,126.52,106.3,89.52,64.62,25.42,83.22,110.27,64.52,43.58,44.25,17.54,60.33,79.28,29.61,38.69,64.52,11.19,66.53,73.27,26.15,68.66,76.985,93.78,69.51
295,03/14/2023,83.71,90.25,23.22,112.05,60.12,28.69,54.71,107.48,95.09,94.01,68.3,30.69,75.93,103.69,59.69,41.34,39.19,16.94,52.06,74.55,27.76,31.58,64.38,15.99,58.52,77.89,26.99,66.18,73.425,92.43,65.44
296,03/15/2018,54.77,66.99,10.69,81.47,43.71,26.92,71.24,86.5702127659574,76.74,76.58,64,27.0713119216113,57.58,77.53,50.11,27.0114122681883,33.68,16.31,39.66,39.535,23.39,30.77,56.64,44.17,48.65,77.05,27.84,43.93,56.1,61.97,43.65
297,03/15/2019,73.04,83.81,18.31,101.51,55.53,30.81,77.04,105.514893617021,90.65,84.84,63.92,19.41,71.73,94.66,57.67,35.6633380884451,41.23,19.87,47.4,47.81,27.89,41.97,66.85,19.65,59.73,96.15,32.74,51.86,62.31,78.88,56.5
298,03/15/2021,78.82,82.28,28.5,93.19,58.5,22.57,74.54,111.489361702128,92.33,71.82,59.57,18.68,82.75,98.13,59.19,30.9272467902996,35.25,16.33,52.7,75.52,23.03,43.93,51.29,11.85,58.39,80.41,28.25,60.98,66.0,88.91,63.07
299,03/15/2022,88.46,96.11,22.34,114.11,67.25,28.88,81.02,127.76,106.69,90.4,66.13,25.64,84.17,111.25,64.87,43.76,44.19,17.32,61.28,81.98,29.85,38.92,64.26,11.5,67.53,73.77,26.5,68.66,77.505,94.59,70.23
300,03/15/2023,85.24,92.59,23.05,113.78,61.66,29.09,55.91,108.97,96.83,95.64,68.12,28.83,76.82,105.09,60.29,41.84,39.72,16.58,53.1,75.52,27.85,30.82,60.88,15.86,58.62,78.21,27.24,67.65,73.18,94.69,67.31
301,03/16/2018,55.49,67.81,10.84,82.86,44.28,27.15,70.61,87.0382978723404,77.59,77.45,65.15,27.4632553075667,58.26,78.88,51.1,27.3751783166904,33.89,16.41,40.13,40.26,23.43,30.3,57.81,45.08,49.29,77.97,28.12,44.19,56.51,62.45,44.13
302,03/16/2020,65.95,81.66,10.99,93.68,56.95,12.48,68.65,70.663829787234,76.58,79.55,46.15,8.69,77.18,86.74,49.6,21.7617689015692,34.3,12.73,47.56,50.3425,20.94,24.89,25.01,8.95,40.28,68.11,23.66,47.62,44.31,92.68,58.36
303,03/16/2021,78.49,83.5,27.89,93.8,58.38,22.44,74.29,110.544680851064,93.02,72.08,59.56,18.64,82.72,98.91,59.61,30.9272467902996,35.56,15.92,52.7,75.38,23.45,43.44,49.54,11.87,58.56,79.58,28.3,61.25,65.615,88.89,63.41
304,03/16/2022,87.93,95.07,22.65,114.35,66.47,28.87,80.76,127.79,105.97,89.64,66.31,26.07,84.03,110.52,64.68,43.44,43.88,17.25,60.86,82.51,30.09,39.2,64.66,12.0,67.71,74.06,26.62,68.52,77.185,94.6,69.25
305,03/16/2023,86.05,92.01,23.25,114.34,61.92,29.33,55.88,109.22,97.2,96.3,68.98,30.12,76.8,105.9,60.53,42.15,40.15,16.55,53.49,76.23,27.96,31.61,61.02,16.16,59.18,78.68,27.2,68.12,74.345,94.86,67.24
306,03/17/2020,77.69,91.2,11.56,108.09,64.82,14.65,80.48,75.2170212765957,86,93.88,51.36,9.41,87.21,99.62,57.56,25.6776034236805,40.11,12.64,52.37,55.44,24.57,23.57,21.49,9.22,43.08,74.83,25.55,56.56,49.19,102.46,64.93
307,03/17/2021,78.11,82.12,26.85,92.43,57.87,22.27,73.17,110.23829787234,91.85,71.79,59.54,18.85,81.94,98.94,58.38,30.6490727532097,35.2,16.22,51.71,72.96,23.45,36.18,50.32,11.82,58.49,79.2,28.02,60.7,64.745,87.45,62.69
308,03/17/2022,88.61,94.94,23.41,114.47,66.82,29.08,82.69,127.78,106.5,90.01,66.19,27.05,84.26,110.39,65,43.45,44.05,17.56,60.98,82.69,30.14,38.68,66.86,11.76,67.75,74.32,26.79,68.41,77.915,95.79,69.7
309,03/17/2023,85.02,90.7,22.39,114.69,61.34,29.05,55.4,107.04,96.39,95.63,67.76,29.37,75.91,104.57,59.87,42.14,39.78,16.28,53.17,75.67,27.47,31.48,59.49,16.1,58.53,77.64,26.83,67.9,72.67,94.25,66.88
310,03/18/2019,72.51,83.48,18.15,102,55.32,30.58,76.61,104.970212765957,90.06,84.7,63.52,20.04,71.26,94.49,56.87,35.4279600570613,41.24,19.99,47.1,47.7175,28.05,41.88,68.37,19.43,59.61,95.28,32.72,51.78,62.325,78.39,56.12
311,03/18/2020,76.15,88.28,9.56,105.84,60.64,12.47,80.26,65.531914893617,79.28,92.2,49.04,8.69,86.25,86.41,57.71,23.5663338088445,37.2,9.98,48.97,52.66,23.6,21.99,15.37,7.27,38.26,65.57,22.81,55.92,51.2,104.53,61.37
312,03/18/2021,78.54,82.6,26,93.53,58.03,21.94,73.5,110.629787234043,92.33,72.22,58.56,17.6,81.37,98.05,58.64,30.4564907275321,34.63,15.76,51.78,71.13,23.57,36.4,48.2,11.3,58.57,79.58,29.69,60.4,64.805,88.04,62.4
313,03/18/2022,87.85,94.07,23.69,112.73,66.2,29.05,81.27,126.07,105.05,88.7,64.65,27.12,83.43,109.45,64.77,43.25,43.14,17.36,60.31,82.37,30.09,37.91,67.0,11.58,66.8,72.97,26.67,68.03,78.145,94.68,68.79
314,03/19/2018,55.2,67.45,10.77,81.7,43.98,26.95,69.15,86.9702127659574,77.04,77.05,64.03,26.47795318454,58.04,78.54,50.7,27.2610556348074,33.79,16,39.83,39.9825,23.24,30.17,56.47,44.48,49.3,77.73,27.41,44.17,56.215,61.77,44.17
315,03/19/2019,72,82.56,17.84,101.48,54.37,30.27,75.19,103.948936170213,89.12,83.81,63.01,20.05,70.2,93.18,56.43,35.0071326676177,40.41,20.05,46.46,47.125,27.8,41.93,68.31,19.07,59.12,94.33,32.1,50.99,61.965,77.61,55.66
316,03/19/2020,71.88,80.81,10.99,98.51,56.49,12.23,71.85,72.6893617021277,75.05,80.09,48.76,8.08,77.05,84.05,55.1,23.1169757489301,35.99,11.2,45.03,51.775,23.36,23.95,20.49,7.91,39.14,68.36,21.59,50.9,50.0,90.41,57.99
317,03/19/2021,78.8,83.67,26.31,94.09,58.35,22.26,73.35,110.578723404255,92.72,72.3,59.47,18.47,82.14,98.44,59.54,30.6490727532097,34.86,15.92,51.77,70.84,23.69,37.04,48.46,11.26,58.91,80.79,29.59,59.7,64.31,88.82,62.99
318,03/20/2018,55.13,67.45,10.71,81.27,43.99,26.81,68.45,86.936170212766,76.43,76.89,62.74,26.4071856287425,57.67,78.76,50.41,27.3252496433666,33.74,15.61,39.68,40.105,23.18,30.3,57.64,43.45,48.98,77.99,27.26,43.85,55.3,61.54,44.26
319,03/20/2019,72.23,82.87,17.93,101.41,54.6,30.26,74.94,104.170212765957,89.38,83.84,63.29,20.83,70.22,93.57,56.5,35.0213980028531,40.59,20.09,46.58,47.4675,27.95,42.51,68.8,19.08,58.89,94.73,32.11,51.18,62.525,77.74,55.83
320,03/20/2020,62.93,71.45,11.87,86.2,49.55,12.48,67.22,70.6382978723404,68.4,72.59,46.86,7.45,68.34,79.99,47.18,22.111269614836,34.28,12.35,40.7,47.9375,21,23.31,20.67,7.22,37.82,65.55,19.67,46.36,49.82,74.09,50.63
321,03/20/2023,85.97,91.76,22.65,114.88,61.89,29.15,55.62,108.4,97.31,96.91,69,30.16,76.18,106.07,60.04,41.82,40.32,16.53,53.76,75.97,27.82,33.63,60.76,16.0,59.32,79.62,27.27,68.55,73.755,94.55,67.39
322,03/21/2018,54.9,66.91,10.8,81.38,43.81,26.84,67.64,87.2595744680851,76.18,76.67,61.93,26.9678824169842,57.46,78.25,50.83,27.1540656205421,34.06,15.91,39.66,40.02,23.29,30.19,58.46,42.96,48.39,77.95,27.22,43.9,55.205,61.29,44.46
323,03/21/2019,73.26,84.09,18.28,102.65,55.22,30.62,75.11,104.885106382979,89.91,84.39,64.98,20.26,70.86,94.95,57.34,35.4208273894437,41.24,20.42,47.12,47.9775,28.41,43.37,69.85,19.05,59.48,95.83,32.3,51.57,62.935,78.77,56.48
324,03/21/2022,89.46,94.69,23.48,115.24,66.99,29.47,81.83,127.1,106.16,89.57,65.44,28.42,84.52,110.77,64.98,43.66,43.6,18.07,60.94,81.8,30.36,37.19,68.52,11.3,67.45,74.1,26.9,68.89,79.625,95.7,69.32
325,03/21/2023,83.74,88.9,22.97,110.21,59.95,28.24,54.09,106.29,94.77,93.19,67.81,31,74.92,103.15,58.95,40.68,39.38,16.82,52.01,75.36,26.98,33.19,61.87,15.97,58.53,77.4,26.78,67.13,72.795,91.91,65.5
326,03/22/2018,54.92,67.36,10.82,81.17,43.95,26.73,67.87,87.2765957446808,76.19,76.76,62.92,26.5487207403375,57.51,78.35,50.56,27.3680456490728,34.45,15.36,39.83,40.4725,23.39,30.3,57.33,44.13,48.26,77.99,27.32,43.81,55.255,61.42,44.57
327,03/22/2019,73.75,85.14,18.06,102.81,55.64,30.72,75.52,106.289361702128,90.7,84.91,64.69,19.51,71.69,96.12,58,35.8630527817404,41.77,19.9,47.55,48.4825,28.61,42.49,69.01,19.42,59.63,96.72,32.19,51.88,63.035,79.33,57.07
328,03/22/2021,77.97,83.63,25.96,93.54,58.5,21.96,73.5,108.646808510638,93.12,72.05,59.18,18.47,82.25,97.68,58.63,30.5206847360913,34.37,15.78,51.51,71.69,23.42,35.78,48.49,11.11,57.88,79.73,29.07,59.69,64.05,88.76,63.75
329,03/22/2022,88.58,95.25,23.72,114.16,67.01,29.47,81.66,125.71,106.19,89.29,65.94,28.2,84.2,109.68,65.1,43.63,43.55,17.93,59.91,82.85,30.22,37.57,68.3,11.62,67.1,73.42,26.86,68.82,79.065,95.37,69.21
330,03/22/2023,81.81,86.85,22.23,107.29,58.71,27.65,53.21,103.98,92.95,92.1,66.31,29.51,73.52,100.43,57.55,39.68,38.36,16.62,50.65,74.13,26.37,31.96,60.22,15.54,57.13,75.34,26.26,66.71,71.0,90.63,64.15
331,03/23/2018,54.01,66.39,10.72,80.03,43.25,26.5,67.3,86.0340425531915,75.17,75.58,62.16,26.2493195427327,56.79,77.35,49.98,26.8972895863053,33.74,15.01,39.45,39.8725,23.06,29.79,56.75,43.08,47.9,77.76,27.13,43.11,54.485,60.5,43.74
332,03/23/2020,61.37,70,11.87,80.5,48.51,12.1,59.39,65.3702127659574,64.15,65.35,44.47,6.06,62.23,78.18,44.92,21.3837375178317,33.19,11.03,39.99,45.415,20.86,22.16,19.6,8.12,36.86,62.91,18.59,43.23,46.71,70.89,50.0
333,03/23/2021,79.98,84.64,25.58,94.18,60.53,21.88,74.18,109.6,94.02,73.24,59.05,17.94,84.47,98.11,58.89,30.527817403709,34.39,15.68,53.07,74.02,23.52,35.82,47.45,10.92,58.32,79.9,28.57,60.63,64.76,92.37,65.44
334,03/23/2022,89.13,96.01,23.4,114.31,67.64,29.62,81.63,126.96,106.83,89.94,66.6,28.7,84.68,110.85,65.15,43.7,43.51,18.12,60.41,82.57,30.25,36.3,68.97,11.58,66.8,73.7,26.89,68.79,79.71,95.48,69.3
335,03/23/2023,80.61,85.41,21.96,106.52,57.96,27.32,52.22,102.66,91.55,91.73,66.04,29.53,73.25,100.35,57.15,39.2,37.75,16.39,50.04,73.81,25.98,31.01,58.64,15.29,56.74,74.1,25.91,66.34,69.845,89.93,63.31
336,03/24/2020,65.29,72.05,12.66,88.59,51.43,13.63,65.67,73.6340425531915,71.5,70.51,50.38,7.25,71.44,86.33,50.71,24.6148359486448,35.48,12.88,43.86,51.6325,21.94,25.76,22.05,8.83,40.78,71.04,21.24,49.04,52.015,80.21,54.05
337,03/24/2021,80.99,84.99,25.65,95.85,60.88,21.75,74.16,111.089361702128,94.39,73.43,59.93,17.54,85.63,97.43,59.04,30.6205420827389,34.33,16.19,53.32,72.83,23.88,35.93,48.74,11.31,58.71,79.6,28.42,60.69,64.485,91.95,65.58
338,03/24/2022,89.55,96.44,24.24,115.67,68.05,29.78,82.3,127.79,107.47,91.41,66.96,30.74,85.42,112.73,65.52,44.47,43.91,18.3,60.56,83.7,30.54,36.45,70.43,11.82,67.54,73.94,27.33,69.3,79.43,96.61,69.88
339,03/24/2023,84.04,89.09,22.21,109.38,60.43,28.34,53.83,106.75,94.37,95.07,68.38,30.56,75.73,103.69,59.45,40.24,39.17,16.79,51.83,75.69,26.75,31.49,59.48,15.64,58.78,77.22,26.78,68.59,71.39,93.22,65.55
340,03/25/2019,74.3,85.32,18.24,102.93,55.83,30.8,75.94,106.476595744681,90.77,85.1,64.29,20,71.77,95.82,57.8,35.9343794579173,41.86,20.13,47.59,48.4025,28.64,43.13,69.28,18.21,59.58,96.47,32.35,52.05,62.52,79.54,57.07
341,03/25/2020,67.54,73.29,12.82,90.3,53.32,15.13,67.34,78.7063829787234,74.71,70.93,53.82,7.73,71.9,88.96,51.9,24.6433666191156,35.5,13.73,44.18,52.5675,22.83,26.29,23.11,9.25,40.89,72.66,22.23,50.14,57.01,80.74,55.55
342,03/25/2021,81.59,84.72,26.12,97.08,61.1,22.3,75.22,112.936170212766,95.53,74.27,60.32,18.59,86.03,98.31,59.83,30.9343794579173,34.25,16.36,53.75,73.45,24.36,36.77,49.69,11.89,59.42,80.27,28.73,61.38,65.49,93.19,66.0
343,03/25/2022,90.78,96.84,24.37,118.52,68.92,30.41,83.97,129.85,109.13,92.68,68.79,34.33,86.66,114.83,66.85,45.51,44.84,19.07,61.83,83.94,31.14,37.03,72.27,11.98,68.31,75.98,27.59,70.93,81.23,98.07,70.7
344,03/26/2018,54.85,67.31,10.84,81.69,43.82,26.84,68.1,86.9106382978723,75.92,76.42,62.01,26.6086009798585,57.53,78.14,50.73,27.1754636233952,33.99,15.13,39.84,40.3575,23.39,30.37,57.02,42.87,48.43,78.16,27.45,43.82,54.99,61.15,44.14
345,03/26/2019,74.75,85.98,18.41,103.72,56.23,30.93,76.88,107.157446808511,91.53,85.68,65.07,20.13,71.95,96.51,58.45,36.1483594864479,42,20.09,47.86,48.75,28.82,43.36,69.29,17.95,59.92,96.84,32.45,52.53,62.74,79.9,57.36
346,03/26/2020,72.79,81.8,13.5,96.27,56.94,15.89,72.44,83.3872340425532,81.19,75.92,57.73,6.96,78.74,96.71,58.16,26.0984308131241,38.67,14.48,47.9,57.775,24.55,28.24,24.36,9.79,44.01,79.34,24.67,55.14,61.8,86.77,57.91
347,03/26/2021,81.46,84.99,26.32,97.24,60.93,21.97,75.78,113.395744680851,95.83,74.44,60.68,19.71,85.79,98.44,59.14,31.0485021398003,34.27,16.8,53.97,74.06,23.8,37.4,51.18,12.07,59.3,80.22,29.27,61.66,66.07,93.03,66.31
348,03/27/2018,55.88,68.43,10.95,83.13,44.75,27.09,69.22,88.3489361702128,77.1,77.62,63.15,25.830157866086,58.59,79.29,51.69,27.4393723252496,34.53,15.09,40.53,40.6475,23.79,30,56.96,43.94,49.32,79.37,27.9,44.53,55.59,62.3,45.11
349,03/27/2019,74.39,85.23,18.25,102.94,55.87,30.54,76.84,106.544680851064,90.48,85.16,63.81,20.33,71.23,95.96,58.15,36.0413694721826,41.72,19.98,47.58,48.48,28.68,42.82,68.84,17.68,59.28,96.45,32.34,52.23,62.705,79.41,56.91
350,03/27/2020,74.24,83.4,13.45,97.41,58.23,16.3,73.07,83.0042553191489,80.19,77.9,55.36,6.9,80.96,97.34,57.52,25.320970042796,38.6,13.75,47.75,57.9875,24.76,29.55,20.94,9.6,44.48,77.63,25.42,56.01,60.565,89.07,58.77
351,03/27/2023,83.99,88.55,22.6,110.25,60.04,28.5,54.13,105.69,94.69,94.57,68.53,30.44,75.86,104.51,59.12,40.52,39.03,16.89,51.32,75.44,27.05,32.26,60.66,15.75,59.22,77.28,26.96,68.24,72.16,92.8,65.29
352,03/28/2018,55.94,68.66,11.23,83.7,45.07,26.95,67.79,88.5106382978723,77.42,77.56,63.07,25.3620032661949,58.47,79,51.94,27.4893009985735,34.39,14.81,40.62,40.5675,23.72,30.27,55.63,43.24,49.36,79.47,28.17,44.64,55.165,62.28,45.34
353,03/28/2019,73.46,83.79,18.11,102.48,55.21,30.33,75.67,105.344680851064,89.38,84.27,62.16,20.65,70.34,95.06,57.95,35.4921540656205,41.4,19.95,46.9,47.98,28.54,42.76,69.38,17.25,58.79,95.08,31.59,51.35,62.235,78.46,56.16
354,03/28/2022,91.8,97.61,24.65,117.79,69.12,30.38,84.24,129.7,110.04,93.05,69.21,34.9,87.03,115.34,66.97,46.02,45.09,18.75,62,84.43,31.05,37.61,71.04,12.04,68.52,76.72,27.77,71.0,81.56,98.55,71.24
355,03/28/2023,84.57,88.93,22.93,110.06,60.43,28.67,54.72,106.25,94.75,94.39,68.7,30.9,76.18,105.08,59.24,40.82,38.62,17.06,51.97,75.24,27.22,32.64,60.98,15.74,59.88,77.57,27.09,68.39,72.725,93.22,65.4
356,03/29/2018,56.63,68.59,11.37,84.24,45.29,27.4,67.43,88.8510638297872,77.47,77.94,63.66,25.8628198149156,58.92,78.78,52.59,27.8245363766049,34.01,15.06,40.86,40.8325,23.91,30.53,56.92,43.93,50.24,79.8,28.29,44.66,55.61,62.7,45.48
357,03/29/2019,73.55,83.75,18.08,102.93,55.54,30.7,76.66,106.16170212766,90,84.81,61.92,20.74,70.95,95.63,58.05,35.756062767475,41.61,20.01,47.13,48.33,28.66,42.48,69.84,17.8,59.41,95.58,31.74,51.68,62.93,79.08,56.21
358,03/29/2021,82.67,85.84,26.07,98.85,61.92,22.65,76.7,114.059574468085,97.58,75.45,60.42,19.27,86.95,99.16,60.16,31.2054208273894,35.01,16.75,54.64,74.8,24.15,37.84,50.57,11.51,60.21,81.43,29.06,62.32,66.095,94.79,67.0
359,03/29/2022,92.4,98.69,25.45,119.18,69.41,30.8,84.89,130.59,110.97,93.52,69.73,34.01,87.78,116.37,67.69,46.99,45.46,18.89,62.2,84.62,31.43,38.15,71.24,12.01,69.1,77.56,28.44,72.06,82.47,99.18,71.83
360,03/29/2023,86.01,90.1,23.46,111.53,61.17,29.3,55.58,107.94,96.27,95.11,69.8,31.45,77.55,106.16,60.13,41.15,39.29,17.25,52.82,76.11,27.6,33.18,62.01,15.84,61.34,78.45,27.53,69.34,74.225,94.34,66.54
361,03/30/2020,78.17,83.71,13.66,102.82,61.94,16.23,76.81,84.6212765957447,83.46,80.73,56.31,6.98,83.65,100.07,59.11,26.5549215406562,40.49,13.27,50.57,61.5025,26.08,28.45,20.04,9.67,44.51,78.36,25.83,57.99,59.995,91.89,62.56
362,03/30/2021,81.33,84.73,26.88,98.89,61.02,22.8,75.53,113.642553191489,96.24,74.38,59.44,18.23,86.29,98.66,59.37,31.0271041369472,34.49,16.62,54.16,74.22,23.99,37.09,50.26,11.49,59.81,80.72,29.07,61.54,65.785,93.39,66.01
363,03/30/2022,93.82,99.42,25.45,120.37,69.99,30.78,85.43,132.56,111.48,94.73,69.46,34.17,88.64,117.04,68.26,47.23,45.8,19.09,62.88,85.5,31.61,38.02,71.71,12.09,69.94,77.69,28.7,72.5,83.81,100.29,72.32
364,03/30/2023,86.45,90.43,23.57,111.94,61.19,29.34,55.69,108.69,96.16,94.72,70,31.29,78.11,106.98,60.45,41.45,39.58,17.3,52.91,76.59,27.84,33.45,62.53,15.89,61.87,79.09,27.55,69.06,74.78,94.45,66.91
365,03/31/2020,72.83,79.98,13.6,99.23,58.75,15.45,72.19,80.8255319148936,80.88,78,54.79,7.07,78.21,93.97,55.05,26.2553495007133,40.07,13.92,48.29,60.155,24.97,27.26,21.81,8.99,44.91,75.79,24.68,54.14,56.495,88.13,60.3
366,03/31/2021,81.36,84.7,26.81,98.85,61.22,22.65,75.96,113.310638297872,96.53,74.8,58.6,18.58,86.59,99.47,59.53,31.1982881597718,34.69,16.65,54.16,75.61,24.11,37.73,50.66,11.71,60.21,81.35,28.84,62.16,66.29,93.59,66.51
367,03/31/2022,93.76,99.77,25.73,119.49,69.94,30.64,84.97,132.21,111.66,94.68,70.1,34.41,88.19,116.75,68.34,47.63,45.86,18.91,62.48,84.71,31.8,38.36,70.63,11.94,70.0,78.1,28.56,72.51,84.06,99.81,72.17
368,03/31/2023,86.39,90.99,24.08,112.36,61.38,29.46,55.91,109.54,96.47,95.67,70.59,31.91,78.26,107.74,61.12,41.89,40.06,17.51,53.4,77.08,27.96,34.29,63.54,16.17,62.45,79.24,27.79,69.58,75.58,94.79,67.44
369,04/01/2019,72.79,82.82,17.92,102.07,54.99,30.7,76.69,105.36170212766,89.28,84.32,62.7,20.55,70.68,94.36,57.43,35.5492154065621,41.45,20.04,46.85,47.6225,28.18,41.78,70.35,18.01,58.54,94.88,31.64,51.41,63.315,78.11,55.57
370,04/01/2020,67.73,74.57,12.8,94.64,55.71,14.12,69.93,74.9617021276596,77.57,77.61,51.27,7.3,75.99,85.58,51.75,23.8801711840228,38.86,12.73,44.97,54.5575,23.06,26.84,19.2,8.42,42.79,70.84,22.9,50.14,51.855,83.52,58.08
371,04/01/2021,81.03,85.54,27.07,98.24,61.02,22.65,75.72,113.217021276596,96.28,74.29,58.29,18.96,86.47,99.64,59.93,31.3195435092725,34.31,16.84,54.36,75.77,24.07,37.46,51.35,11.5,59.67,81.81,28.77,62.33,65.9,93.32,66.79
372,04/01/2022,94.79,101.51,26.22,121.41,71.1,31.15,86.33,134.94,112.82,96.11,71.04,36.03,89.84,120.09,69.06,47.66,46.59,19.22,63.29,85.71,32.08,38.4,71.43,12.27,71.06,79.32,29.02,74.12,85.17,101.13,72.75
373,04/02/2018,56.69,68.28,11.37,82.85,45.01,26.98,67.09,88.2297872340425,77.1,77.07,63.1,25.0626020685901,58.67,78.89,51.79,27.2895863052782,33.86,14.9,40.79,40.5925,23.85,30.34,56.14,43.33,49.87,78.94,28.06,44.21,55.065,62.29,44.95
374,04/02/2019,72.56,83.08,18.01,100.17,54.9,30.78,76.97,105.446808510638,89.13,84.76,62.51,20.62,70.73,94.13,57.5,35.8701854493581,41.34,20.05,46.55,47.37,28.22,42.36,70.21,17.66,59.05,94.53,31.72,51.64,63.62,78.25,55.58
375,04/02/2020,71.67,76.79,13.04,97.37,56.86,14.13,71.06,75.8893617021277,79.39,78.93,51.53,7.89,79.29,88.2,53.48,24.7360912981455,40,13.45,46.92,56.6125,23.49,27.79,21.63,8.28,45.28,71.77,22.97,52.4,53.13,88.01,60.42
376,04/03/2018,57.14,68.45,11.5,83.99,45.28,27.08,67.33,88.868085106383,77.26,77.66,63.11,25.6614044637997,59.3,79.19,52.26,27.6390870185449,34.03,15.01,40.82,40.5,24.02,30.47,56.6,43.68,50.3,79.9,28.03,44.17,54.69,62.55,45.2
377,04/03/2019,72.24,82.91,18.06,101.51,54.86,30.7,76.96,105.08085106383,88.85,84.44,63.45,20.1,70.51,94.05,57.32,35.6205420827389,41.09,19.89,46.53,47.3275,28.07,42.34,69.32,18.47,58.83,94.12,31.89,51.5,63.62,77.91,55.37
378,04/03/2020,68.75,72.5,12.24,94.16,54.55,13.44,69.55,74.1531914893617,76.02,77.9,49.36,8.77,75.06,83.38,51.8,23.3594864479315,37.95,13.41,45.15,55.41,22.49,26.21,21.64,7.93,44.36,68.19,21.77,50.27,52.14,85.25,57.86
379,04/03/2023,86.16,90.9,23.82,111.11,61.04,29.35,55.57,108.99,95.09,95.09,70.54,31.8,77.41,107.18,60.45,41.81,39.8,17.66,52.72,76.67,27.76,33.87,65.06,16.19,61.31,78.47,27.58,68.97,74.79,94.27,67.52
380,04/04/2018,56.81,68.67,11.39,83.7,45.31,27.2,66.95,88.4170212765957,77.71,78.27,63.09,25.4872074033751,59.53,79.24,52.1,27.660485021398,34.18,15.16,40.92,40.5825,24.19,30.4,56.52,43.46,50.37,80.06,27.85,44.79,55.17,62.99,45.21
381,04/04/2019,71.56,82.62,18,100.64,54.57,30.53,76.9,104.527659574468,89.35,83.99,63.69,20.89,70.36,93.61,56.57,35.4065620542083,39.44,19.92,46.32,47.1,27.91,42.24,69.48,18.86,59.3,93.66,31.67,51.2,63.51,77.47,55.28
382,04/04/2022,94.39,100.65,26.16,119.18,70.59,30.93,85.35,133.63,111.79,95.45,70.8,36.36,89.12,119.41,68.42,47.34,46.31,19.3,62.69,85.62,31.72,37.67,71.17,12.07,70.29,78.83,28.7,73.12,83.38,100.49,72.7
383,04/04/2023,86.41,91.17,23.82,111.15,60.83,29.44,56.31,108.71,96.23,96.02,70.29,32.48,78.05,107.48,60.72,41.86,40.1,17.48,52.94,77.16,27.76,33.55,65.04,16.13,61.43,78.68,27.55,69.63,75.13,94.79,68.45
384,04/05/2018,57.44,68.94,11.5,84.53,45.56,27.29,67.34,89.0468085106383,78.6,78.89,63.66,26.5323897659227,60.01,79.76,52.01,27.8174037089872,34.35,15.5,41.33,41,24.43,30.31,57.44,44.03,50.73,80.3,28.0,45.01,55.765,63.37,45.69
385,04/05/2019,72.39,83.57,18.27,101.53,55.11,30.87,77.47,105.514893617021,90.53,84.81,63.83,21.61,71.08,94.47,57.32,35.5920114122682,40.97,20.05,46.74,47.52,28.26,42.07,70.54,19.37,59.7,94.64,32.15,51.65,64.12,78.22,55.71
386,04/05/2021,81.49,86.29,27.34,98.62,61.48,22.94,76.41,114.4,96.93,75.28,59.81,18.1,87.59,100.53,60.63,31.7261055634807,34.8,16.66,54.84,76.78,24.43,37.52,51.03,11.66,60.66,83.05,28.81,62.66,66.92,93.81,68.11
387,04/05/2022,94.94,101.31,25.94,120.23,71.11,31.03,86.09,134.29,112.52,96.15,70.29,36.23,90.09,121.31,69.08,47.8,46.64,18.92,63.28,86.33,31.86,37.62,69.84,12.05,70.56,78.5,28.71,74.35,82.515,101.73,73.07
388,04/05/2023,89.27,94.54,24.1,114.84,62.12,30.39,57.41,112.13,98.84,98.51,72.26,32.6,80.52,110.57,63.15,42.93,41.61,17.71,54.82,78.33,28.69,34.41,65.99,16.5,63.17,80.63,28.38,71.5,76.57,98.34,71.12
389,04/06/2018,57.13,68.53,11.42,84.15,45.32,26.89,66.22,88.5617021276596,78.16,78.56,63.38,25.5307566684812,59.65,78.98,51.28,27.5534950071327,34.2,15.17,41.02,40.6875,24.25,29.96,56.69,43.97,50.1,79.75,27.93,44.79,55.565,63.04,45.47
390,04/06/2020,74.29,78.59,13.62,103.63,58.85,15.3,74.11,81.736170212766,81.25,81.05,53.17,9.76,82.09,93,57.88,25.9058487874465,41.36,13.99,47.83,58.6275,24.55,27.24,23.33,8.56,46.85,74.33,23.92,55.4,57.02,91.28,61.15
391,04/06/2021,81.5,86.77,27.82,98.26,61.71,23.24,76.38,115.004255319149,97.57,75.69,60.22,18.45,87.68,101.9,61.16,31.7831669044223,34.8,16.7,54.82,77.56,24.52,38.39,51.26,11.44,60.92,83.33,28.71,63.11,67.12,93.8,68.16
392,04/06/2022,97.13,104.49,25.48,122.05,73.56,31.77,87.84,137.61,115.15,98.4,71.54,37.32,92.25,123.6,70.61,49.71,47.93,19.01,65.16,86.49,32.46,39.21,70.8,12.09,72.08,80.49,29.39,76.51,84.165,103.97,74.99
393,04/06/2023,90.07,94.89,24.4,115.42,62.31,30.77,58.06,113.85,99.74,98.97,72.56,32.12,80.82,110.97,63.29,43.06,41.7,17.71,55.05,78.97,28.82,34.82,65.69,16.71,63.31,80.29,28.55,72.31,77.67,98.64,71.27
394,04/07/2020,71.53,78.75,13.23,98.42,57.34,15.47,73.44,82.936170212766,80.11,79.92,54.03,10.75,79.78,93.65,57.08,25.527817403709,40.47,14.2,48.03,57.1225,24.11,27.36,24.28,8.57,47.53,73.6,24.59,55.12,58.335,87.76,59.23
395,04/07/2021,81.3,86.69,27.09,98.23,61.14,23.36,76.22,115.489361702128,97.82,75.31,59.96,18.06,87.6,101.72,61.26,32.0613409415121,35.03,16.93,54.39,77.41,24.63,38.15,51.14,11.34,61.23,82.26,29.0,62.8,66.76,93.42,68.05
396,04/07/2022,96.8,103.37,25.23,120.86,72.36,32.01,87.66,136.33,114.86,97.56,70.69,36.34,92.14,122.99,70.58,50.02,47.48,19.27,64.33,87.08,32.11,39.04,70.89,12.34,71.61,78.88,29.13,75.76,84.025,103.81,74.57
397,04/08/2019,71.67,83.15,17.99,100.92,54.34,30.46,76.67,104.357446808511,90.11,83.79,63.76,21.51,70.62,94.34,57.11,35.3922967189729,40.42,19.94,46.36,47.16,28.01,41.95,70.52,19.68,59.25,93.89,31.93,51.51,63.895,77.15,55.31
398,04/08/2020,76.01,83.3,14.13,102.65,60.64,16.82,78.22,88.3744680851064,85.5,83.83,57.57,10.84,83.35,100.52,60.86,26.811697574893,43.23,14.83,51.23,58.375,25.47,29.45,26.45,10.9,50.86,78.87,25.81,58.18,61.025,92.2,62.8
399,04/08/2021,81.11,86.07,27.68,98.32,60.6,23.23,76.21,114.851063829787,97.62,75.12,60.33,17.72,87.24,101.28,60.9,32.0256776034237,34.99,16.83,54.15,77.76,24.65,38.35,50.46,11.29,61.3,81.82,28.72,62.86,66.575,92.86,67.72
400,04/08/2022,97.07,102.99,24.83,121.71,72.51,32.49,88.38,137.35,115.35,97.91,71.95,38.31,92.53,123.32,71.11,50.13,47.47,19.48,64.82,86.09,32.05,39.55,71.61,12.84,72.09,78.84,29.11,76.49,84.895,104.49,74.82
401,04/09/2018,56.96,68.71,11.39,84.18,45.1,27.13,66.37,88.8,78.47,78.46,63.46,25.3946652150245,59.71,78.96,51.49,27.5249643366619,34.14,15.1,41.05,40.5325,24.15,30.53,56.75,44.43,50.31,79.7,28.15,44.77,55.89,62.64,45.51
402,04/09/2019,72.02,83.57,18.11,100.58,54.62,30.32,76.39,104.876595744681,90.25,84.16,62.47,20.93,70.78,94.71,57.28,35.320970042796,40.85,19.89,46.44,47.4275,27.96,42.16,69.87,18.82,59.6,94.28,32.0,51.95,63.945,77.47,55.76
403,04/09/2020,79,86.31,14.72,105.2,62.33,17.81,81.59,94.6808510638298,90.31,87.94,60.27,10.82,90.1,102.91,63.1,27.9243937232525,44.75,15.36,53.14,61.32,26.58,30.76,28.4,11.99,52.95,82.23,26.7,60.33,65.265,98.22,66.27
404,04/09/2021,80.53,85.89,27.72,99.13,60.46,23.24,76.3,115.285106382979,97.54,75.17,59.71,17.19,86.18,101.14,60.66,31.9757489300999,34.77,16.53,54.01,77.94,24.71,38.73,50.92,11.51,61.25,81.77,28.64,62.73,67.14,92.35,67.43
405,04/10/2018,56.2,67.87,11.43,84.06,44.63,27.1,65.5,88.136170212766,77.52,77.6,62.87,26.4452912357104,59.31,78.51,51.38,27.5820256776034,34.39,15.61,40.75,40.45,24.11,30.56,58.31,44.15,49.85,78.49,27.69,44.3,55.84,62.34,45.03
406,04/10/2019,71.5,83.35,18.06,100.43,54.39,30.2,75.83,104.689361702128,89.94,83.87,62.66,21.06,70.31,94.59,57.16,35.3495007132668,40.83,19.84,46.29,47.155,27.87,42.26,69.81,18.87,59.47,94.12,31.74,51.77,63.715,76.94,55.35
407,04/10/2023,90.01,94.44,24.9,116.07,61.95,30.68,57.96,113.59,99.13,99.21,72.84,33.39,80.46,111.01,62.84,43.26,41.46,17.75,54.92,78.43,28.69,35.18,66.07,16.78,63.23,80.42,28.64,72.04,77.645,98.35,70.76
408,04/11/2018,56.01,67.79,11.42,83.84,44.55,26.83,64.88,87.9489361702128,77.08,77.51,63.11,26.5160587915079,59.41,78.45,51.48,27.4465049928673,34.5,15.35,41.02,40.26,23.98,30.64,58.62,44.8,49.86,78.51,27.93,44.47,55.495,62.26,44.84
409,04/11/2019,71.84,83.94,18.08,100.69,54.93,30.29,76.3,105.463829787234,90.26,84.47,62.6,20.96,70.6,95.02,57.41,35.5064194008559,41.21,19.92,46.63,47.51,28.04,42.41,70.04,19.13,59.53,95.26,31.97,52.12,64.05,77.39,55.67
410,04/11/2022,96.48,101.4,24.69,120.51,72.24,32.23,87.52,136.86,114.23,96.6,70.8,39.17,91.78,121.79,70.58,48.24,46.88,19.26,64.35,84.58,31.89,38.54,70.26,12.15,71.73,78.21,28.91,74.48,84.125,103.66,74.36
411,04/11/2023,90.17,94.34,25.35,116.37,61.73,30.63,58.08,113.91,99.35,99.11,72.81,33.42,80.25,110.44,62.57,43.26,41.85,17.89,55.06,78.34,28.64,35.68,66.43,16.82,63.65,80.05,28.83,71.83,77.375,98.5,71.04
412,04/12/2018,55.33,66.64,11.29,82.68,43.96,26.53,64.07,86.8936170212766,76.14,76.31,62.84,26.3091997822537,58.64,77.35,50.65,26.9329529243937,34.09,15.34,40.52,39.7675,23.52,30.02,58.32,44.63,49.44,77.3,27.54,43.82,55.135,61.55,44.02
413,04/12/2019,71.98,84.15,18.02,101.19,54.98,30.57,76.44,105.889361702128,90.45,84.55,67.13,21.33,70.68,95.24,57.72,35.4493580599144,41.37,19.82,46.81,47.7125,28.07,42.27,70.6,23.08,59.89,95.31,31.86,52.5,64.925,77.82,55.87
414,04/12/2021,80.72,86,27.68,99.36,60.76,23.34,76.26,115.429787234043,97.64,75.32,59.84,16.8,86.41,101.97,60.93,31.9115549215407,34.69,16.5,54.21,77.64,24.75,38.57,50.91,11.58,61.29,82.55,28.73,62.89,66.645,92.95,67.91
415,04/12/2022,96.75,102.31,24.45,120.2,72.83,32.25,87.39,137.85,115.42,97.8,71.88,40.1,92.84,123.31,71.35,48.05,47.14,19.14,64.63,83.89,32.11,38.87,70.81,12.53,71.92,78.23,28.83,75.54,84.815,104.41,74.73
416,04/12/2023,89.97,94.26,25.31,115.9,61.44,30.67,57.89,113.72,99.41,98.69,73.07,32.65,79.77,110.08,62.1,43.08,41.46,17.82,54.74,78.59,28.66,35.76,66.25,16.96,63.59,79.83,28.66,72.12,76.975,98.15,71.04
417,04/13/2018,55.51,67.34,11.34,83.38,44.21,26.67,63.94,87.1829787234042,76.67,76.69,63.44,26.5922700054437,59.03,78.65,51.06,27.3466476462197,34.41,15.33,41.11,40.055,23.55,30.13,58.51,45.34,49.88,78.14,27.79,43.94,55.31,61.58,44.48
418,04/13/2020,75.82,83.5,14.19,103.27,61.16,16.89,79.53,92.4595744680851,87.36,84.84,59.39,12.43,86.72,97.89,60.75,26.925820256776,43.93,14.95,51.28,59.0525,25.71,29.98,29.22,11.6,51.66,79.61,25.9,57.72,63.49,95.02,63.66
419,04/13/2021,82.28,86.72,28.24,99.09,61.66,23.66,77.47,117.131914893617,98.5,75.87,60.37,16.87,87.44,103.41,61.12,32.2182596291013,35.16,16.49,54.51,79.04,24.51,38.68,51.09,11.66,62.41,83.05,28.71,63.56,67.52,94.05,68.48
420,04/13/2022,96.25,102.25,24.47,119.9,71.9,32.32,87.19,136.63,115.11,97.9,72.46,41.82,92.51,123.37,70.6,48.64,47.16,19.29,63.59,83.55,31.68,38.77,71.3,12.85,71.55,77.34,28.97,75.36,85.21,103.2,74.37
421,04/13/2023,90.1,93.97,25.54,114.34,61.73,30.71,58.36,113.18,99.14,98.08,72.95,32.87,79.62,109.17,62.04,42.89,41.2,17.77,54.79,78.85,28.34,35.91,66.77,16.8,63.48,79.69,28.76,72.46,77.38,97.95,71.04
422,04/14/2020,77.17,86.25,14.01,108.11,62.27,17,82.02,92.2042553191489,90.42,89.3,59.86,12.86,91.4,100.66,62.54,27.867332382311,45.47,15.12,53.62,60.595,26.62,30.41,30.47,11.96,53.48,81.83,26.52,59.0,63.965,99.33,66.25
423,04/14/2021,82.62,87.07,28.37,100.13,62.18,23.71,77.42,118.059574468085,98.79,76.16,61.05,17.62,88.16,104.18,61.07,32.4179743223966,35.16,16.65,54.88,79.13,25.26,38.28,51.51,11.79,62.82,83.52,28.74,63.89,67.72,93.99,68.68
424,04/14/2022,96.25,102.04,24.41,119.74,71.55,32.4,87.4,137.17,114.85,98.03,71.84,42.36,92.6,124.2,70.81,49.03,47.4,19.37,63.39,82.81,31.75,39.19,71.3,12.3,72.8,77.54,29.2,75.99,85.625,103.19,74.34
425,04/14/2023,89.46,92.5,24.86,113.04,60.79,30.4,57.93,112.98,97.64,96.68,71.61,33.14,78.46,107.64,61.36,42.13,40.84,17.81,54.36,78.02,27.85,35.21,67.03,16.89,63.5,78.48,28.57,71.94,76.515,96.84,70.14
426,04/15/2019,72.03,84.26,18.09,101.11,54.87,30.5,76.67,105.923404255319,90.44,84.61,65.2,21.58,70.78,95.05,57.79,35.7988587731812,41.28,19.79,46.73,47.79,27.98,42.29,70.09,23.72,59.99,95.82,31.88,52.72,64.28,77.68,55.78
427,04/15/2020,75.5,83.61,12.69,106.35,60.7,15.87,79.79,89.1914893617021,87.54,86.97,57.88,13.05,88.92,97.31,60.09,26.4122681883024,43.95,14.35,51.5,59.305,25.45,29.5,27.41,11.31,52.01,79.66,25.26,55.89,60.755,96.89,64.3
428,04/15/2021,83.58,87.81,28.53,101.32,63.4,24.05,78.31,118.706382978723,99.75,77.19,61.44,17.67,88.79,105.59,62.16,32.6462196861626,35.52,16.72,55.68,80.18,25.58,38.43,52.39,11.87,62.4,84.47,28.99,64.49,68.815,95.94,69.96
429,04/16/2018,56.36,68.27,11.57,84.68,45,27.07,64.73,88.1787234042553,77.96,77.79,64.45,26.679368535656,59.68,79.63,51.95,27.5249643366619,34.61,15.68,41.59,40.53,23.89,30.72,59.75,45.59,50.41,79.29,28.06,45.07,55.895,62.41,45.28
430,04/16/2019,70.85,83.05,17.83,100.17,54.05,30.15,75.12,104.51914893617,89.09,83.62,64.44,21.73,70.15,93.39,57.07,35.09272467903,40.46,19.81,46.1,47.38,27.6,42.03,70.24,22.26,58.75,94.22,31.32,52.39,63.635,76.46,54.86
431,04/16/2020,77.26,84.05,12.16,105.09,61.88,15.79,78.07,86.4425531914894,87.59,88.41,59.82,12.81,89.79,97.16,59.96,26.4621968616263,44.86,14.11,51.61,59.37,25.93,29.69,26.57,11.13,52.17,79.01,25.29,55.32,58.73,98.96,65.25
432,04/16/2021,84.24,88.55,28.63,101.82,64.08,24.06,78.89,119.727659574468,100.67,78.21,61.36,17.55,89.69,106.64,63.29,32.9243937232525,35.69,16.54,56.16,80.94,25.62,38.68,51.6,11.58,63.35,84.9,29.14,65.01,69.07,96.96,70.37
433,04/17/2018,56.89,68.86,11.74,85.17,45.26,27.17,65.69,88.9276595744681,78.5,78.46,65.22,26.8807838867719,60.24,80.15,52.52,27.867332382311,35.06,16.02,41.85,40.805,24.14,31.25,59.67,46.8,50.87,80.15,28.36,45.82,56.3,63.02,45.61
434,04/17/2019,70.61,83.2,17.7,99.44,54.09,30.01,75.27,104.51914893617,89.06,83.9,63.41,21.26,70.21,92.9,56.81,34.8716119828816,40.23,19.69,45.9,47.4125,27.59,41.18,69.73,21.85,58.71,94.36,31.09,52.16,63.645,76.42,54.77
435,04/17/2020,77.83,86.38,13.12,110.7,63.17,16.53,81.51,90.0851063829787,90.1,89.56,62.06,13.37,91.56,101.27,60.98,27.4179743223966,46.21,14.97,52.87,61.565,26.38,31.37,29.38,11.41,54.62,79.91,26.39,57.47,62.22,100.34,67.15
436,04/17/2023,89.74,93.29,24.33,114.1,61.34,30.64,58.68,112.7,98.41,97.87,72.08,32.79,79.14,108.93,62.06,42.67,40.86,17.78,54.72,78.54,28.3,35.11,66.41,16.86,63.7,79.31,28.72,72.34,77.49,96.5,70.32
437,04/18/2018,56.56,68.73,11.75,84.47,45.07,27.14,66.07,88.5191489361702,78.28,78.01,64.79,26.7501360914535,59.9,79.56,52.11,27.774607703281,35.1,16.17,41.6,40.715,23.95,31.38,59.83,46.45,50.45,79.24,28.19,45.43,55.8,62.59,45.32
438,04/18/2019,70.48,83.01,17.72,99.18,53.81,30.29,74.92,104.859574468085,89.14,83.61,63.09,20.44,69.96,93.46,56.57,35.2353780313837,40.5,19.39,45.98,47.34,27.56,41,69.14,21.0,58.87,94.07,30.97,51.96,63.705,76.29,54.68
439,04/18/2022,96.08,101.66,24.1,119.6,71.44,32.28,86.83,137.17,114.24,96.94,71.75,45.5,91.67,124.44,70.86,49.23,47.29,19.55,62.71,81.71,31.74,39.83,72.5,12.18,72.43,77.14,29.22,75.83,85.56,102.84,74.2
440,04/18/2023,88.29,92.47,24.42,113.6,60.52,30.23,57.36,112.04,97.41,97.52,72.11,33.31,78.38,108.58,61.74,42.85,40.48,17.7,54.34,78.3,28.19,34.66,66.74,16.9,63.81,79.01,28.49,72.58,78.01,95.74,69.76
441,04/19/2018,56.85,68.52,11.75,84.23,45.37,26.98,66.06,88.2893617021277,78.52,78.11,64.62,26.2493195427327,59.86,80.02,52.13,27.7888730385164,34.87,16.54,41.53,40.635,24,31.49,59.74,46.5,50.03,78.69,28.28,45.6,55.185,62.54,45.39
442,04/19/2021,83.79,88.65,28.34,101.84,64.12,23.78,78.74,118.893617021277,100.2,78.35,61.12,17.52,89.34,106.58,63.24,32.453637660485,35.8,16.62,56.19,79.79,25.74,38.37,51.78,11.2,63.48,84.24,28.88,64.92,69.12,96.85,70.49
443,04/19/2022,96.62,102.43,24.42,120.61,72.31,32.17,86.97,137.77,114.47,98.01,71.81,43.97,92.5,124.55,71.11,49.5,47.5,19.6,63.88,81.83,31.77,39.71,72.17,12.31,73.08,77.82,29.83,76.27,85.135,104.52,74.84
444,04/19/2023,89.29,93.54,24.5,114.74,61.61,30.51,57.43,112.81,98.4,98.14,72.74,33.22,78.99,109.4,62.49,43.04,40.8,17.6,55.29,78.94,28.55,34.84,66.35,16.89,64.05,79.98,28.7,72.81,78.995,96.74,70.59
445,04/20/2018,56.27,68.46,11.62,83.9,45.19,26.68,65.33,87.4297872340426,77.68,77.6,64.12,25.7811649428416,59.22,78.98,51.86,27.5320970042796,34.44,16.47,41.54,40.1975,23.75,31.17,59.54,45.73,49.51,78.02,27.89,45.22,54.905,62.15,45.1
446,04/20/2020,73.24,82.91,12.7,102.53,59.19,15.75,79.11,85.7531914893617,86.65,85.47,60.01,15.56,87.77,96.45,59.12,26.4407988587732,44.49,14.69,49.99,59.4025,25.48,31.03,28.21,11.14,51.84,76.6,25.25,55.53,61.285,95.88,64.35
447,04/20/2021,85.89,90.14,28.25,104.59,65.27,24.23,80.11,120.570212765957,101.41,79.35,61.52,17.38,90.58,107.99,64.81,32.6676176890157,36.28,16.55,57.42,80.53,26.18,37.85,50.63,11.2,63.65,85.97,29.0,66.09,69.93,99.15,71.55
448,04/20/2022,98.51,102.83,24.91,122.69,73.04,32.75,86.99,139.12,115.43,98.41,72.75,44.65,93.26,125.84,72.62,50.25,48.46,19.77,65.11,81.51,32.1,41.27,73.62,12.4,74.73,77.96,30.17,76.5,86.335,105.4,75.35
449,04/20/2023,89.5,93.51,23.87,115.77,61.36,30.49,57.21,113.37,98.22,98.66,73,32.73,78.61,108.62,62.75,43,40.53,17.35,55.03,78.75,28.59,34.57,66.05,16.91,63.96,80.21,28.6,73.02,78.47,96.85,70.69
450,04/21/2020,74.02,82.47,12.46,100.79,58.41,15.51,76.61,84.3744680851064,85.44,83.49,58.19,15.57,87.2,94.66,58.24,25.4493580599144,43.2,14.46,49.7,58.855,25.38,30.31,26.93,10.84,50.01,75.61,24.57,55.5,59.635,95.14,63.41
451,04/21/2021,85.08,89.35,28.39,103.39,64.73,24.29,80.2,119.268085106383,101.09,78.36,61.15,17.38,89.53,107.68,64.61,32.5820256776034,36.79,16.69,57.08,77.97,26.03,37.79,52.16,11.15,63.55,85.16,29.46,65.73,69.3,97.28,71.32
452,04/21/2022,97.81,102.12,23.01,121.16,72.84,32.26,86.55,138.28,115.28,98.19,72.71,42.04,93.1,125.33,72.12,49.74,48.12,19.79,64.45,76.18,31.39,39.74,71.47,12.37,74.67,77.9,30.37,76.46,85.215,105.76,75.3
453,04/21/2023,89.96,93.92,24,115.38,61.63,30.53,57.71,113.69,98.36,99.04,72.93,32.59,78.84,108.64,63.02,43.22,40.61,17.37,55.29,78.99,28.64,34.4,66.3,16.89,64.09,80.59,28.69,73.61,78.4,97.06,70.44
454,04/22/2019,70.52,82.93,17.69,99.07,53.56,30.48,74.7,104.442553191489,88.73,83.86,63.02,21.05,69.99,93.64,56.41,35.2924393723252,40.59,20.03,45.94,47.595,27.31,40.89,69.93,21.4,58.44,93.58,30.84,51.93,62.69,76.38,54.78
455,04/22/2020,76.78,85,12.68,102.32,59.99,16.19,78.74,87.1148936170213,87.15,84.12,58.99,14.25,88.01,99.48,59.55,26.5335235378031,44.22,14.67,51.03,61.7925,26.01,31.09,27.31,11.0,51.1,77.58,25.31,57.05,61.83,96.4,65.32
456,04/22/2021,84.81,87.95,28.32,103.4,64.51,24.17,79.42,117.582978723404,100.08,78.11,59.48,17.73,88.22,106.6,64.22,32.1540656205421,36.35,16.36,56.85,78.32,25.9,37.05,51.04,10.99,62.92,84.46,28.95,65.1,68.725,97.16,71.12
457,04/22/2022,96.88,100.25,22.49,118.7,71.76,31.83,84.89,136.81,114.28,96.49,71.62,39.74,92,123.34,71.33,48.65,46.01,19.15,63.12,73.95,30.87,37.91,69.28,12.13,73.88,77.32,29.89,75.91,84.12,103.98,74.3
458,04/23/2018,56.63,68.44,11.86,84.41,45.37,25.94,64.89,87.9404255319149,77.99,77.7,64,26.0968971148612,59.21,79.25,52.24,27.5748930099857,34.5,16.44,41.69,40.2825,23.87,31.21,59.96,45.57,49.38,78.46,28.08,45.24,54.65,62.21,45.31
459,04/23/2019,71.15,83.57,17.75,99.57,54.19,30.62,75.45,104.8,89.01,84.19,63.62,21.01,70.4,94.3,56.55,35.4778887303852,40.74,20.08,46.24,47.4475,27.3,41.34,69.87,21.53,58.12,94.5,30.86,51.84,63.06,76.75,55.18
460,04/23/2020,74.19,83.02,12.69,101.33,59.24,16.42,76.91,85.9659574468085,85.12,81.78,58.23,12.5,86.56,96.97,57.79,25.9058487874465,43.03,14.21,50.09,60.285,25.85,31.23,29.2,11.0,50.37,75.82,25.19,56.8,62.75,94.39,64.38
461,04/23/2021,84.78,87.7,28.3,103.35,64.13,24.13,79.38,117.302127659574,99.85,77.45,59.19,17.72,88.17,106.71,63.48,32.0328102710414,36.7,16.78,56.44,78.24,25.72,37.12,50.6,10.97,62.94,83.81,29.16,65.33,68.535,96.79,71.08
462,04/24/2018,57.2,68.88,12,85.29,45.75,25.36,64.78,88.6808510638298,78.22,78.31,64.77,25.3946652150245,59.44,80.1,52.97,27.9457917261056,34.29,16.27,42.1,40.5425,23.93,30.99,59.39,46.3,49.93,79.55,28.5,45.7,54.945,62.6,45.68
463,04/24/2019,71.99,84.02,17.73,100.09,54.4,30.29,76.29,105.565957446809,89.68,84.32,64.2,20.75,70.86,94.64,57.08,35.7132667617689,40.86,20.08,46.68,47.515,27.51,41.35,70.03,22.93,58.7,94.8,30.95,52.23,63.205,77.05,55.41
464,04/24/2020,73.64,83.23,12.86,104.41,59.4,16.68,77.92,87.6765957446808,85.69,82.64,59.25,13.39,86.57,97.53,58.51,26.1055634807418,42.32,14.62,49.98,59.925,26.03,32.6,27.66,10.61,51.37,77.14,25.49,57.73,63.485,93.77,64.57
465,04/24/2023,90.72,94.24,24.16,116.22,62.26,30.81,57.52,114.34,98.9,99.84,73.67,32.74,79.34,109.03,63.09,43.45,40.85,17.62,55.54,79.04,28.53,35.0,66.99,17.14,64.2,80.92,28.67,74.1,78.925,97.75,71.03
466,04/25/2018,57.21,69.09,12.03,85.31,45.86,24.92,64.8,88.5191489361702,78.89,78.39,64.84,25.5579749591726,59.37,79.42,53.05,27.9315263908702,34.16,16.26,42.23,40.0825,23.91,31.09,59.6,46.34,50.34,79.92,28.64,46.03,54.655,62.8,45.77
467,04/25/2019,72.26,84.83,17.59,100.98,54.76,30.51,76.55,105.676595744681,90.45,84.52,63.58,20.16,70.84,95.21,57.19,35.941512125535,41.15,19.97,46.87,47.62,27.84,40.89,69.76,23.09,59.0,95.14,30.8,52.44,63.67,77.8,55.99
468,04/25/2022,95.92,100.5,22.08,117.7,70.59,31.75,84.56,135.7,113.77,96.05,71.27,39.7,90.69,122.24,70.1,48.77,45.44,18.61,62.07,74.04,30.58,37.61,66.3,11.82,72.64,76.78,29.76,74.97,82.69,102.91,73.7
469,04/25/2023,90.76,94.38,23.87,116.27,62.63,30.83,57.31,114.81,99.74,100.4,73.77,31.71,79.57,108.77,63.68,43.61,41.14,17.41,55.75,77.82,28.65,34.06,65.55,17.27,63.9,80.94,28.7,73.98,78.99,98.21,71.18
470,04/26/2018,57.87,69.77,12.17,86.79,46.44,25.11,65,89.2170212765957,79.84,79.45,65.22,27.7299945563419,60.02,81.29,53.86,28.1811697574893,34.29,16.22,42.86,40.8025,24.28,31.34,60.13,46.29,51.17,81.05,28.84,46.09,55.19,63.6,46.48
471,04/26/2019,72.18,84.71,17.46,100.98,54.9,30.47,76.79,105.821276595745,90.32,84.97,63.56,20.99,71.02,95.13,57.16,35.9985734664765,41.48,20.23,46.98,47.9275,27.88,40.92,68.73,23.41,58.94,95.09,30.78,52.54,64.025,77.64,55.92
472,04/26/2021,84.2,87.6,28.21,102.41,63.95,23.99,78.68,117.046808510638,99.2,76.87,58.87,18.32,87.77,107,63.53,31.8473609129815,36.69,16.91,56.24,77.93,25.67,37.26,50.46,10.8,62.16,83.33,29.18,64.66,68.245,95.8,70.6
473,04/26/2022,94.92,99.24,21.34,117.05,70.38,31.29,83.57,134.52,113.5,95.16,70.23,38.94,89.72,120.66,69.23,48.42,44.98,18.44,61.63,73.57,30.2,37.27,65.27,12.23,71.26,75.41,29.25,73.74,82.22,102.63,73.38
474,04/26/2023,88.99,92.25,23.06,113.85,61.72,30.35,56.12,112.97,98.35,99.14,73,31.36,77.51,105.05,62.03,42.79,40.68,17.21,54.7,74.07,28.29,33.4,64.72,16.94,62.49,78.99,28.33,72.59,77.165,95.79,69.68
475,04/27/2018,58.6,70.55,12.31,87.41,47.18,25.47,66.35,89.9148936170213,80.5,80.43,65.79,27.1965160587915,60.62,82.11,54.28,28.4236804564907,34.3,15.95,43.06,40.99,24.51,31.51,59.88,46.63,51.53,81.61,29.0,46.4,55.815,64.47,47.1
476,04/27/2020,73.42,83.62,13.28,105.55,58,17.32,78.52,87.3872340425532,86.75,82.67,60.75,13.79,85.57,101.31,59.26,26.9828815977175,43.51,15.02,50.34,60.9,26.25,33.68,28.52,10.48,52.01,78.76,25.55,58.48,64.4,91.52,65.47
477,04/27/2021,83.45,87.2,27.8,101.48,63.32,23.81,78.29,115.957446808511,98.61,76.19,58.5,18.64,87.02,106.54,62.9,31.7689015691869,36.87,17,55.52,77.28,25.56,36.18,50.88,10.64,62.1,82.11,28.89,64.33,67.465,94.98,70.0
478,04/27/2022,94.33,99.53,21.1,116.06,70.21,31.33,83.38,134.37,113.09,94.73,70.41,39.57,89.51,120.68,69.2,47.79,44.74,18.4,60.82,73.27,30.11,36.56,65.5,12.49,70.45,74.41,28.9,73.48,81.845,102.09,72.97
479,04/27/2023,89.72,92.81,23.57,114.94,62.5,30.82,57.35,113.45,99.47,99.18,73.57,33.54,77.98,107.18,62.53,42.78,41.12,17.32,55.1,75.85,28.55,34.07,65.3,17.05,63.45,79.63,28.77,73.51,78.045,96.53,70.26
480,04/28/2020,74.25,84.63,13.63,107.15,59.21,17.41,79.27,90.4851063829787,87.63,83.1,62.19,13.39,86.22,99.67,60.09,26.9900142653352,42.64,15.19,50.65,59.825,26.85,33.71,30.53,10.92,51.88,79.99,25.93,58.06,63.48,94.73,66.17
481,04/28/2021,83.65,86.73,27.97,100.3,63.05,23.94,77.64,116.23829787234,98.57,76.21,58.4,19.54,85.45,106.58,63.26,31.8188302425107,37.42,17.44,55.3,77.09,25.61,36.21,52.13,10.79,62.4,81.63,29.0,64.34,67.46,94.66,69.81
482,04/28/2022,95.45,102.43,21.04,116.81,70.87,31.44,83.87,135.52,113.8,95.44,70.8,40.59,90.2,122.32,69.73,48.34,44.74,18.81,61.23,73.49,30.06,37.15,66.92,12.93,71.15,74.51,29.14,75.58,82.75,102.78,74.88
483,04/28/2023,88.97,92.42,23.66,114.14,62.26,30.47,57.14,112.41,98.88,98.47,73.6,34.84,77.61,107.58,62.11,42.44,39.8,17.15,55.14,76.63,28.46,34.17,65.41,17.11,63.2,78.46,28.72,73.55,77.745,96.17,69.91
484,04/29/2019,71.36,84.04,17.22,100.48,54.63,30.45,76.17,105.208510638298,89.58,84.48,63.3,21.07,70.58,95,56.97,35.7203994293866,41.36,19.86,46.28,47.9425,27.46,40.88,68.62,23.42,58.7,94.37,30.57,52.26,62.9,76.94,55.45
485,04/29/2020,74.62,83.13,14.32,104.86,57.26,17.69,78.67,91.3106382978723,86.63,81.28,60.37,14.09,83.37,98.38,59.59,27.3323823109843,42.35,15.71,49.41,58.7825,25.93,34.64,30.92,10.51,52.3,78.55,26.21,57.37,64.79,93.31,65.08
486,04/29/2021,84.14,88.09,27.9,102.18,63.95,24.51,79.02,118.774468085106,99.55,76.71,58.86,19.33,85.09,108.59,63.43,32.018544935806,37.72,17.29,55.38,77.22,25.76,36.33,52.6,10.79,63.09,83.57,29.27,65.16,68.06,95.75,70.56
487,04/29/2022,92.9,99.11,20.42,113.4,68.69,30.61,81.64,131.04,110.16,92.74,68.79,39.75,87.4,118.85,67.85,46.78,43.31,18.15,58.81,71.02,29.12,35.9,63.33,12.65,69.66,71.2,28.31,73.39,80.68,100.05,73.26
488,04/30/2018,58.62,69.98,12.24,86.89,47.19,25.33,66.56,89.7021276595745,80.16,80.13,65.52,27.3217201959717,60.25,81.59,54.18,28.30242510699,34.4,15.82,42.95,40.9775,24.39,31,60.22,46.1,52.15,80.5,29.1,46.12,55.9,64.28,46.84
489,04/30/2019,72.77,85.55,17.12,102.34,55.55,31,77.87,106.987234042553,91.12,86.16,63.77,20.45,71.66,96.9,57.82,36.3409415121255,42.03,19.87,47.23,48.61,27.78,41.17,67.93,22.52,59.65,95.27,31.21,53.22,63.975,78.43,56.5
490,04/30/2020,72.75,83.11,13.25,101.97,57.09,17.03,77.13,88.2893617021277,84.66,78.8,58.71,14.59,80.7,95.51,58.43,26.4479315263909,41.27,15.23,48.55,57.78,25.11,33.53,29.93,10.64,50.71,76.99,25.42,56.73,61.925,90.55,63.56
491,04/30/2021,84.84,88.71,27.82,103.59,64.39,24.49,79.9,119.165957446809,100.69,77.41,59.45,19.1,86.22,109.29,63.97,32.0542082738944,37.92,17.05,56.17,77.51,26.02,35.82,52.34,11.32,63.16,84.65,29.13,66.17,68.785,97.17,71.3
492,05/01/2018,58.33,69.44,12.21,86.83,47.05,25.44,66.27,89.3617021276596,79.83,79.95,65.52,27.3380511703865,59.75,81.23,54.05,28.6376604850214,33.88,16.02,42.82,40.805,24.52,30.65,60.49,46.27,51.86,80.02,28.84,45.81,55.83,64.67,46.65
493,05/01/2019,72.24,84.95,16.9,101.99,54.98,30.78,77.14,105.540425531915,90.41,85.23,60.29,20.08,71.13,95.89,57.43,35.8701854493581,41.95,19.59,46.78,48.3175,27.4,40.55,67.58,21.7,58.78,94.08,31.09,52.52,63.1,77.65,55.9
494,05/01/2020,71.45,81.39,12.94,100.1,55.95,16.46,75.61,85.6851063829787,82.64,77.25,55.69,14.37,79.87,93.57,55.92,25.5349500713267,40.84,14.56,47.25,56.7625,24.47,32.97,27.94,10.14,49.41,74.12,24.87,54.41,59.965,88.46,62.18
495,05/01/2023,89.63,92.65,23.16,114.55,61.64,30.68,57.12,112.96,99.09,99.11,73.95,34.27,77.72,107.41,62.47,43.18,39.01,17.1,55.29,76.8,28.51,34.0,65.39,17.2,63.14,78.92,28.77,74.09,78.23,95.94,70.17
496,05/02/2018,58.38,69.19,12.19,86.97,46.86,25.46,66.19,89.1489361702128,79.98,79.25,63.63,27.1039738704409,59.69,81.61,53.39,28.8017118402283,34.01,16.16,42.87,40.8625,25.38,30.48,62.57,45.87,51.46,79.42,28.69,46.25,55.58,64.38,46.54
497,05/02/2019,72.34,84.7,17.05,102.08,54.58,30.75,76.98,105.634042553191,89.81,85.16,59.7,19.72,71.52,96.22,57.54,35.4707560627675,41.97,19.36,46.68,47.93,27.58,39.57,66.85,20.96,59.24,93.07,30.74,52.75,62.985,77.61,55.92
498,05/02/2022,92,98.13,20.6,111.76,67.8,30.22,81.05,128.74,108.7,92.01,67.91,39.45,86.18,118.04,67.08,46.65,42.94,18.18,57.85,69.87,28.73,36.84,63.87,12.65,68.85,71.24,28.11,73.21,79.83,99.73,72.67
499,05/02/2023,89.11,91.28,22.6,112.3,61.49,30.05,55.53,111.6,97.6,98.57,73.28,32.83,76.44,106.43,61.44,42.57,38.75,16.68,54.54,75.94,27.91,33.33,62.74,17.26,62.81,78.44,28.5,73.15,76.6,95.25,69.1
500,05/03/2018,58.74,69.24,12.3,88.06,46.47,25.38,65.53,89.0212765957447,79.76,79,63.22,25.6341861731083,58.87,82.35,54.05,29.1369472182596,33.88,15.82,43.23,40.765,25.57,32.35,62.84,44.37,51.87,79.81,28.65,46.26,55.705,64.5,46.48
501,05/03/2019,72.95,85.43,16.93,102.94,55.26,31.15,76.79,106.570212765957,90.16,86.03,60.59,20.38,72.08,96.63,57.6,35.5777460770328,42.5,19.53,47.22,48.1025,27.86,39.44,66.89,21.49,59.24,94.12,31.22,53.24,63.725,78.31,56.58
502,05/03/2021,85.16,88.68,27.35,103.79,65.03,24.42,80.37,119.523404255319,100.71,77.75,59.38,19.75,86.42,109.23,64.06,32.018544935806,38.32,17.26,56.17,76.7,25.9,35.54,52.72,11.43,63.65,84.53,29.14,66.05,69.03,98.0,71.62
503,05/03/2022,92.42,98.58,20.72,112.61,67.49,30.54,81.23,129.61,108.36,92.28,68.42,42.06,86.72,117.53,67.38,46.69,43.14,18.68,57.8,70.76,28.96,37.1,65.12,12.72,68.5,72.22,28.17,73.12,80.345,99.56,72.13
504,05/03/2023,88.65,90.87,22.45,112.91,61.19,29.95,55.76,111.63,97.33,98.04,71.67,31.5,76.64,105.03,61.68,42.33,38.93,16.56,54.43,75.39,28.12,33.44,62.82,17.29,63.21,78.42,28.49,73.33,76.31,94.28,68.5
505,05/04/2018,58.9,69.39,12.33,89.73,46.45,26.39,65.57,89.0893617021277,79.88,79.25,63.69,26.4725095264017,59.04,82.2,54.79,29.3009985734665,34.11,16.11,43.27,41.0225,25.41,33.3,63.45,44.88,52.1,80.2,28.95,46.03,55.9,64.41,46.39
506,05/04/2020,71.44,83.05,12.81,100.75,56.74,16.36,75.8,85.8127659574468,82.63,77.06,56.33,14.8,80.8,95.42,56.63,25.2853067047076,41.19,14.65,47.5,57.5225,24.4,32.95,29.19,11.0,49.14,73.65,24.96,54.92,62.06,88.96,62.39
507,05/04/2021,85.19,88.38,26.71,103.55,65.2,24.56,79.41,119.685106382979,100.78,78.12,59.61,19.91,86.12,109.11,64.25,31.9400855920114,37.79,17.17,56.54,75.69,25.94,35.15,52.58,11.32,63.19,84.63,29.08,66.42,68.99,97.86,71.84
508,05/04/2022,93.86,100.72,21.92,115.31,68.84,31.34,82.51,130.76,110.51,93.5,70.36,42.95,88.57,118.66,68.73,47.92,43.65,19.28,59.21,73.06,29.67,38.25,67.35,13.03,69.27,74.22,28.89,74.57,82.255,101.56,73.4
509,05/04/2023,89.75,91.44,22.48,117.96,61.29,30.2,56.57,112.68,98.11,98.52,72.49,31.04,76.72,106.1,62.18,42.56,38.91,16.64,54.8,75.51,28.37,31.38,62.63,17.24,63.51,79.69,28.7,74.25,76.745,95.35,69.11
510,05/05/2020,72.15,83.31,13.05,101.77,57.16,16.39,77.94,87.1574468085106,83.14,77.54,56.39,14.33,80.99,96.75,57.29,25.5848787446505,41.68,14.95,48.02,57.525,24.53,32.89,29.93,11.81,49.84,74.64,25.34,55.63,62.11,89.58,63.28
511,05/05/2021,84.35,87.47,26.47,102.53,64.2,24.28,77.95,118.195744680851,99.36,76.89,58.24,20.18,83.59,106.94,63.53,31.0485021398003,37.88,17.51,55.61,73.78,25.78,34.94,53.15,10.98,61.31,84.5,28.92,65.45,67.74,96.56,70.75
512,05/05/2022,93.25,99.66,21.33,115.04,67.48,30.94,83.04,128.83,110.05,92.66,68.82,41.92,89.82,118.3,68.28,46.9,42.48,18.85,58.86,71.84,29.31,37.71,64.05,12.61,68.89,72.8,28.8,74.06,80.56,101.07,72.79
513,05/05/2023,90.47,92.11,22.67,117.56,61.98,30.52,56.49,113.36,99.36,99.49,73.56,32.35,77.44,107.36,62.59,42.85,39.7,17.04,55.11,75.51,28.54,31.28,64.51,17.27,63.82,80.12,28.75,74.94,77.46,96.01,69.57
514,05/06/2019,72.75,84.83,16.81,103.06,55.11,31.05,75.49,106.451063829787,89.48,85.42,61.18,20.36,71.87,96.21,57.67,35.2282453637661,41.9,19.44,47.13,47.725,27.88,38.35,66.22,21.34,58.92,93.47,31.01,53.01,63.195,78.1,56.51
515,05/06/2020,69.84,78.82,12.53,96.55,54.66,15.98,77.73,85.5404255319149,80.07,74.38,54.04,13.63,76.26,92.67,54.93,24.5934379457917,40,14.72,46.17,55.665,22.92,32.78,28.65,11.49,48.05,72.01,24.28,53.64,61.01,84.94,61.22
516,05/06/2021,85.15,88.12,25.45,103.35,64.43,24.38,78.48,120.255319148936,100.54,77.86,58.91,18.41,84.33,107.63,63.7,31.7261055634807,37.42,17.65,56.57,74.01,25.76,34.76,53.41,10.94,62.57,85.61,28.84,66.05,68.305,97.95,71.55
517,05/06/2022,92.65,99.65,20.94,114.9,67.75,30.73,84.02,129.68,111.32,93.98,70.3,41.05,90.4,119.27,68.1,47.06,42.68,19.3,58.74,72.47,29.49,41.4,65.6,12.56,69.43,74.12,29.23,74.67,82.45,100.66,73.08
518,05/07/2018,58.54,68.78,12.37,88.86,46.02,26.63,65.08,88.6382978723404,79.5,78.36,63.09,26.8916712030485,58.73,81.55,54.29,29.4579172610556,34.13,16.21,42.94,40.8375,25.48,34.16,64.07,44.62,51.88,79.75,28.58,45.45,55.34,64.03,46.13
519,05/07/2019,72.7,84.63,16.53,102.23,54.94,30.81,75.04,106.017021276596,89.26,85.21,61.22,20.69,71.51,96.51,57.61,35.0071326676177,42.03,19.56,46.88,47.4375,27.74,38.65,66.33,21.0,58.84,93.35,30.96,52.86,62.855,78.36,56.58
520,05/07/2020,69.65,78.6,12.12,96.38,54.54,17.81,78.1,84.0170212765957,80.31,74.07,54.53,13.62,77.64,92.77,55.87,24.9928673323823,40.21,14.94,46.24,56.12,22.9,32.12,29.75,11.14,47.82,71.76,24.29,54.23,61.865,85.13,59.96
521,05/07/2021,84.98,87.19,25.79,103,63.99,24.49,78.45,120.587234042553,100.86,78.09,58.58,20.69,84.07,108.31,63.82,31.8687589158345,37.52,17.84,56.74,74.53,25.98,34.76,53.38,10.94,63.15,86.12,29.25,66.26,68.91,97.64,71.32
522,05/08/2018,56.91,67.25,11.73,87.75,44.99,26.55,63.14,86.0425531914893,77.88,76.23,61.11,27.5122482308111,57.32,79.4,53.19,29.0584878744651,33.24,16.07,41.72,39.9775,25.1,33.9,63.94,42.77,51.08,78.3,27.45,44.15,53.22,62.13,45.0
523,05/08/2019,71.36,83.73,15.98,100.74,54.27,30.45,73.81,104.706382978723,87.8,83.93,60.13,20.44,70.4,94.23,57.11,34.6504992867332,41.44,19.67,46.16,46.97,27.47,36.96,66.02,20.26,57.77,92.18,30.37,52.2,62.88,77.4,55.88
524,05/08/2020,70.86,79.86,12.87,97.33,55.29,18.59,78.4,86.1787234042553,81.78,74.18,57.05,13.99,77.79,95.01,57.5,26.69757489301,40.6,15.35,47.99,57.4325,23.27,32.77,31.33,11.59,48.77,73.87,26.11,55.41,62.115,85.68,60.31
525,05/08/2023,89.14,92.14,21.71,117.86,61.19,30.25,56.5,113,98.9,99.01,73.39,32.29,76.75,106.91,62.05,42.77,39.09,16.9,54.76,76.06,28.45,31.31,63.52,17.41,63.49,79.82,28.59,74.57,77.465,95.03,69.32
526,05/09/2018,56.22,66.27,12.07,87.68,44.73,26.27,62.67,85.3106382978723,77.64,75.43,60.42,27.8933043004899,57,78.02,52.96,28.509272467903,33.52,16.45,41.26,39.5725,24.65,34.23,64.71,42.59,50.57,77.41,27.89,43.79,52.57,61.44,44.81
527,05/09/2019,71.9,82.87,16.12,100.7,54.4,29.25,73.31,105.191489361702,86.83,84,59.84,20.45,70.45,94.31,56.94,34.7788873038516,41.36,19.73,46.28,47.1525,27.51,36.68,66.04,19.35,58.29,92.57,30.26,52.36,63.105,77.47,56.06
528,05/09/2022,92.68,99.69,20.06,113.63,69.18,30.38,83.77,129.52,110.8,94.38,70.06,36.55,90.54,119.26,67.9,46.73,42.17,18.6,58.72,70.71,29.44,41.43,61.71,12.09,69.06,74.25,28.79,74.23,81.015,101.94,73.65
529,05/09/2023,88.84,91.1,22.27,118.5,61.19,30.21,56.5,113.32,98.05,98.77,73.63,32.32,76.45,106.97,62.16,42.62,38.91,16.85,54.4,75.58,28.45,31.3,63.86,17.28,63.71,79.85,28.54,74.69,77.855,94.42,69.11
530,05/10/2018,56.34,67.02,12.31,88.6,45.21,26.64,64.06,86.2382978723404,78.16,76.57,61.71,28.116494284159,57.95,78.96,53.38,28.9586305278174,33.91,16.5,41.74,40.0575,24.91,34.66,65.3,43.38,51.13,78.13,28.18,44.71,53.195,62.19,45.25
531,05/10/2019,73.29,84.66,16.25,101.92,55.63,29.66,74.56,107.217021276596,87.99,85.3,59.19,21.05,71.76,96.33,58.12,35.1854493580599,42.13,19.7,47.18,47.94,28.08,37.31,67.22,18.6,59.31,94.72,31.04,53.37,64.605,79.21,57.21
532,05/10/2021,85.84,87.56,25.73,103.51,64.91,24.5,79.46,122.68085106383,103.74,79.85,58.99,20.95,85.45,109.11,64.04,31.7546362339515,37.65,18.25,57.95,74.8,26.47,35.46,53.96,10.88,63.28,87.76,29.48,66.31,69.51,99.26,72.59
533,05/10/2022,92.89,99.08,19.96,113.11,68.28,30.48,81.96,128.41,108.91,92.65,67.49,36.6,89.13,116.31,66.45,46.76,42.05,18.52,58.03,69.99,29.32,41.69,62.48,11.77,68.33,72.62,28.28,73.2,79.27,100.66,73.49
534,05/10/2023,89.8,91.72,22.64,119.31,61.86,30.28,56.35,113.97,99.14,99.41,74.19,32.2,76.98,107.6,63.12,42.92,39.57,16.79,55.16,76.89,28.89,32.15,63.21,17.37,64.14,80.66,28.76,75.66,77.795,95.45,69.3
535,05/11/2018,56.87,67.16,12.29,88.25,45.38,26.68,64.7,87.1914893617021,77.91,76.83,62.29,27.6537833424061,58.04,78.85,53.79,28.9871611982882,34.06,16.51,41.66,40.185,24.93,34.91,65.82,43.32,51.15,78.12,27.82,44.93,53.54,61.89,45.26
536,05/11/2020,70.83,79.17,12.4,96.78,55.48,18.18,79.24,84.0255319148936,81.66,72.64,56.82,13.17,77.02,96.22,55.76,26.5905848787447,40.42,15.36,47.08,56.845,23.49,32.5,31.38,11.3,48.2,73.65,25.25,55.81,62.4,85.32,60.13
537,05/11/2021,83.39,86.41,25.34,101.31,63.53,23.96,78.63,121.046808510638,103.63,79.34,58.63,20.93,84.02,107.03,62.45,31.69757489301,37.2,17.97,56.97,74.07,25.81,34.69,53.27,10.89,62.25,86.83,29.34,65.8,69.27,96.44,71.03
538,05/11/2022,93.42,99.78,19.96,112.62,68.58,30.4,83.02,130.11,109.91,94.28,68.42,37.81,89.29,117.72,66.96,47.62,42.36,18.52,58.21,70.2,29.67,41.79,61.78,12.03,68.95,73.69,28.4,73.98,79.41,101.75,73.97
539,05/11/2023,88.84,90.68,22.03,118.1,61.55,29.91,55.46,113.06,97.33,98.96,73.21,31.9,76.25,106.31,62.43,42.48,39.39,16.7,54.6,76.1,28.16,31.04,62.83,17.35,63.44,80.56,28.39,74.65,76.74,93.83,68.62
540,05/12/2020,68.97,77.91,12.47,96.37,55.55,17.79,78.95,84.4765957446809,81.88,71.59,56.41,12.66,75.67,96,56.1,26.2696148359486,39.6,14.99,46.4,56.9825,22.77,32.07,32.94,11.19,46.8,72.48,24.85,55.52,60.695,85.01,58.79
541,05/12/2021,82.43,84.98,24.62,99.25,62.46,23.65,77.14,117.957446808511,101.22,77.9,56.81,20.87,82.68,103.88,61.51,30.7489300998573,36.44,18.1,55.81,71.54,25.4,33.63,52.56,10.47,60.7,83.65,28.6,64.36,67.605,95.02,70.17
542,05/12/2022,92.61,98.53,19.45,112.09,68.58,30.39,82.9,128.71,108.85,94.35,64.86,37.71,88.92,116.17,66.8,45.85,42.21,18.43,58.02,68.51,29.61,41.39,62.79,11.57,68.29,73.38,28.34,74.08,78.98,100.82,73.55
543,05/12/2023,87.72,91.66,22.11,119.15,61.72,30.05,55.19,113.45,97.45,99.52,73.68,33.45,77.08,107.14,62.37,41.75,39.46,16.8,55.03,77.96,28.49,32.79,63.72,17.45,63.81,80.81,28.45,73.35,76.645,93.89,68.89
544,05/13/2019,74.6,86.34,16.11,102.5,56.45,30.16,75.6,108.434042553191,88.05,86.04,60.15,20.86,72.99,97.47,58.39,35.5349500713267,42.45,19.67,47.85,48.7325,28.3,36.81,66.49,18.23,59.97,96.31,31.35,54.1,64.66,79.86,57.78
545,05/13/2020,68.35,77.73,11.61,96.44,54.63,16.9,79.01,81.668085106383,81.89,71.46,57.41,12.44,76.64,94.11,56.52,25.4493580599144,39.05,14.73,45.86,57.53,22.41,31.75,30.48,11.11,44.96,72.46,24.55,53.79,59.125,84.76,58.06
546,05/13/2021,83.51,86.52,24.44,100.61,63.53,24.47,78.38,119.370212765957,103,79.28,58.32,20.14,84.71,106.06,62.83,31.6761768901569,37.48,18.02,56.88,72.63,25.76,33.67,52.78,10.63,62.15,85.45,29.04,65.73,68.865,95.84,71.12
547,05/13/2022,93.11,99.69,20.24,112.96,69.45,31.03,83.61,129.81,109.3,95.4,65.46,38.2,89.34,117.17,67.61,46.73,42.51,18.74,58.44,69.8,30.32,42.29,64.65,11.72,68.58,73.24,28.77,73.65,80.53,102.09,74.49
548,05/14/2018,56.59,67.11,12.35,87.46,45.25,26.49,64.23,87.0553191489362,77.83,76.63,62.33,28.138268916712,57.53,78.55,54.19,28.7731811697575,33.75,16.64,41.41,40.05,24.85,34.78,66.59,43.23,50.89,78.08,27.65,44.55,53.255,61.82,45.01
549,05/14/2019,73.85,85.56,16.08,101.44,55.85,29.78,74.59,107.344680851064,87.01,84.9,59.85,21.06,72.59,96.49,58.02,34.9286733238231,42.1,19.93,47.35,48.725,28.04,36.24,66.97,18.36,59.14,94.98,31.09,53.63,64.68,79.52,57.31
550,05/14/2020,68.72,78.1,11.82,94.89,54.37,17.28,79.63,83.4042553191489,82.3,71.64,57.52,12.54,77.27,94.94,56.68,25.7489300998574,39.96,14.84,45.94,58.0575,22.49,32.65,30.71,11.1,46.58,72.02,25.24,54.75,60.17,84.71,58.2
551,05/14/2021,83.7,86.76,25.37,100.46,63.5,25.02,78.07,120.102127659574,103.06,78.97,58.39,21.39,85.12,107.18,62.67,32.1611982881598,37.61,18.36,56.76,73.12,25.75,34.33,54.35,10.81,62.52,86.06,29.26,65.11,69.055,96.2,71.72
552,05/15/2018,56.42,66.81,12.3,86.56,44.63,26.06,64.52,86.3574468085106,76.93,74.9,61.55,28.4431137724551,57.39,77.55,53.9,28.6804564907275,33.63,16.44,41.05,39.7125,24.69,33.75,66.67,42.95,50.24,77.24,27.23,44.21,52.62,61.32,44.55
553,05/15/2019,73.72,85.05,16.22,100.74,55.85,29.42,74.29,106.96170212766,86.79,85.51,60.01,21.54,72.6,96.29,58.21,34.7860199714693,41.83,20.14,47.31,48.715,28.06,35.99,67.25,18.06,59.36,95.19,30.65,53.64,64.94,79.64,57.22
554,05/15/2020,68.76,78.43,11.75,95.11,53.68,16.8,78.22,82.8510638297872,81.19,70.36,55.95,12.74,76.39,94.98,56.54,25.1711840228245,39.29,14.84,45.95,56.9625,22.37,32.6,32.39,11.33,45.46,71.42,24.51,52.54,59.6,84.8,57.89
555,05/15/2023,85.06,90.09,21.99,117.59,60.74,29.51,54.77,112.75,96.33,98.48,72.24,35.14,76.84,105.44,61.71,40.76,38.81,16.7,54,77.54,28.04,33.78,57.95,17.07,62.55,80.15,28.14,72.42,75.265,92.31,67.91
556,05/16/2018,55.94,66.15,12.28,85.88,44.4,25.5,63.77,85.5063829787234,76.03,74.56,61.42,29.15078933043,57.44,76.97,53.66,28.3808844507846,33.67,16.4,40.89,39.2925,24.4,33.75,66.65,42.58,49.87,76.95,27.01,43.89,51.67,60.97,44.25
557,05/16/2019,74.24,85.4,16.35,101.65,56.22,29.6,75.32,107.88085106383,86.24,86.37,59.95,21.02,73.13,96.91,58.37,34.885877318117,42.16,20.42,47.77,49.2775,28.19,35.8,68.1,18.17,60.05,95.82,29.93,54.06,65.36,80.25,57.73
558,05/16/2022,92.98,99.39,20.06,113.16,69.08,30.97,83.69,130.37,110.03,95.04,66.59,39.76,89.27,117.79,67.52,46.87,41.75,19.39,58.86,70.12,30.43,44.07,65.19,11.79,68.06,73.73,28.98,74.25,80.755,102.77,74.83
559,05/16/2023,83.52,88.09,20.85,115.99,59.36,28.94,52.84,110.26,94.01,96.5,70.3,34.81,74.52,103,60.31,39.37,38.14,16.3,53.27,75.84,27.54,33.51,56.58,16.86,61.76,78.63,27.57,70.9,72.75,90.1,66.59
560,05/17/2018,55.84,65.22,12.05,85.39,44.08,25.29,63.68,84.5276595744681,74.15,73.94,61.22,29.3630919978225,57.1,76.26,52.9,28.0670470756063,33.25,16.3,40.64,39.105,24.36,33.55,66.52,42.22,49.56,76.37,26.74,43.62,51.09,60.39,43.83
561,05/17/2019,74.71,85.85,16.34,102.66,56.46,29.77,75.6,108.468085106383,87.2,86.94,59.96,20.81,73.53,97.89,58.7,34.9358059914408,42.47,20.21,48.1,49.745,28.29,35.58,68.17,17.02,60.43,96.06,29.79,53.82,65.225,80.9,58.21
562,05/17/2021,83.4,85.45,25.17,98.51,62.98,25.03,77.67,119.804255319149,102.45,78.73,57.77,23.13,84.06,105.52,62.12,32.1611982881598,37.71,18.8,56.48,71.9,25.45,34.17,55.01,10.85,62.29,85.44,29.16,64.44,68.77,95.76,70.8
563,05/17/2022,93.5,100.4,20.76,113.75,69.31,31.37,84.25,129.61,109.35,95.5,66.66,42.47,90.06,118.31,67.96,47.54,42.73,19.74,59.75,72.02,30.75,45.2,66.57,12.1,68.65,74.53,29.39,74.15,81.925,103.45,75.3
564,05/17/2023,83.33,87.07,20.95,116.78,58.83,28.72,53.22,109.1,93.02,95.9,69.74,34.81,74.09,102.12,60.04,39.26,38.33,16.45,52.76,75.34,27.43,33.41,57.2,16.8,61.53,78.52,27.6,70.94,73.405,89.27,66.04
565,05/18/2018,56.26,64.93,11.93,84.91,44.11,25.33,63.29,85.0382978723404,73.8,73.97,61.25,28.6554164398476,57.32,76.14,52.83,28.1312410841655,33.18,16.07,40.57,39.1125,24.43,33.71,66.27,42.78,49.73,76.54,26.72,42.73,50.985,60.47,43.7
566,05/18/2020,72.23,79.88,13.04,98.52,56.09,17.49,79.85,87.863829787234,84.92,73.11,57.18,12.88,79.8,99.42,58.92,26.7760342368046,41.11,15.49,47.74,58.8625,23.17,35.53,35.07,12.27,49.35,74.86,26.13,54.42,62.0,87.62,60.13
567,05/18/2021,83.93,85.75,24.89,99.14,63.3,24.7,77.16,117.310638297872,102.49,77.74,57.56,22.72,84.27,105.53,62.29,32.5606276747504,37.67,18.71,57.6,72.29,25.25,34.23,53.98,10.77,62.11,85.54,29.33,64.16,68.675,95.4,70.81
568,05/18/2022,92.8,99.88,20.23,111.85,68.9,30.67,82.66,128.31,108.9,95.22,65.83,40.44,89.18,116.47,67.06,47.13,42.27,19.3,58.94,71,30.56,45.76,64.79,11.89,67.86,74.54,29.37,73.82,81.39,101.95,74.89
569,05/18/2023,83.36,86.64,20.86,116.11,58.74,28.44,52.68,108.9,92.81,95.36,68.85,36.84,73.62,101.5,59.24,39.39,37.98,16.52,52.64,75.1,27.36,33.46,58.38,16.56,61.41,78.21,27.22,71.05,73.555,89.34,65.87
570,05/19/2020,70.65,77.14,12.81,96.3,55.31,17.04,78.83,87.5404255319149,83.29,70.88,57.42,12.8,78.23,96.56,57.74,26.1840228245364,40.36,15.34,46.32,57.625,23.05,35.35,35.11,11.86,48.5,72.59,25.35,53.57,63.05,86.69,59.7
571,05/19/2021,84.21,85.92,24.94,98.11,63.22,24.48,76.98,118.127659574468,101.16,77.98,57.64,22.36,83.25,105.01,62.76,32.4821683309558,37.4,18.47,57.7,72.66,25.18,34.34,52.86,10.53,61.98,85.43,29.37,63.98,67.975,94.87,70.57
572,05/19/2022,92.48,99.04,20.67,111.37,69.21,30.66,82.21,128.82,108.95,94.82,65.85,40.52,89.44,115.67,66.7,47.35,42.02,19.02,58.5,70.46,30.31,46.21,63.29,12.14,67.67,75.53,29.21,73.33,80.945,102.87,75.01
573,05/19/2023,84.12,86.56,20.81,116.56,58.63,28.59,52.12,108.56,92.51,95.19,68.24,36.23,73.17,100.55,59.28,39.87,37.76,16.52,52.61,74.48,27.36,33.49,58.52,16.61,61.58,77.52,27.06,71.41,72.91,89.92,65.93
574,05/20/2019,74.69,86.6,16.24,102.85,56.72,29.64,76.05,108.408510638298,86.96,87.01,60.04,20.89,73.63,97.95,58.68,34.9001426533524,42.59,20.29,48.2,49.8375,28.16,35.91,67.04,17.68,60.37,96.59,29.69,54.08,65.59,81.27,58.39
575,05/20/2020,70.33,77.75,12.97,99.41,55.44,16.92,78.75,87.8723404255319,83.31,70.74,56.26,13.33,79.4,97.59,59.11,26.3694721825963,40.28,15.65,46.66,58.1975,23.08,35.5,36.51,12.0,48.75,72.77,25.59,54.83,61.32,87.3,60.25
576,05/20/2021,84.5,86.26,25.35,98.32,63.74,24.7,77.24,119.455319148936,102.27,78.42,57.68,22.01,83.76,105.74,61.9,32.6248216833096,37.69,18.7,57.76,74.29,25.32,34.04,53.69,10.4,62.58,85.37,29.34,64.06,67.87,95.52,71.58
577,05/20/2022,92.64,99.7,20.53,111.7,68.83,30.58,82.54,128.72,109.83,95.81,65.85,40.85,90.37,116.98,67.43,47.15,42.37,19.03,58.67,71.22,30.28,45.72,63.54,11.74,67.55,75.31,29.2,73.41,80.055,103.55,74.22
578,05/21/2018,56.34,65.09,12.06,85.26,43.97,25.22,63.72,85.0808510638298,73.68,73.84,61.57,29.2215568862275,57.47,76.25,53.29,28.2738944365193,33.42,15.98,40.28,40.055,24.4,33.5,66.49,43.21,50.06,76.23,26.92,43.44,51.32,60.2,43.55
579,05/21/2019,74.29,86.61,16.37,102.06,56.35,29.52,76.73,108.263829787234,87.08,86.69,60.61,21.45,73.74,97.68,58.76,34.9001426533524,42.39,20.34,48.08,49.725,28.12,36.7,67.97,18.45,60.69,96.04,30.22,53.97,65.75,80.86,58.08
580,05/21/2020,69.3,77.37,12.31,97.78,54.74,16.76,78.6,85.9914893617021,82.34,69.92,56.27,13.17,78.82,97.63,58.65,25.9914407988588,40.43,15.36,46.03,57.225,22.99,35.3,36.02,11.83,48.07,72.28,25.7,53.83,60.54,86.68,60.15
581,05/21/2021,85.11,86.65,25.36,98.18,64.15,24.71,78.23,119.71914893617,102.86,78.96,58.17,22.38,84.09,106.64,62.53,32.6961483594865,38.01,18.72,58.11,74.44,25.42,33.82,53.26,10.28,63.02,85.98,29.5,64.38,68.485,96.22,72.04
582,05/22/2018,56.7,65.44,12.2,86.21,44.12,25.41,63.82,85.2085106382979,74.07,74.14,61.88,28.6064235166032,57.78,76.68,53.47,28.4379457917261,33.56,15.94,40.28,39.8575,24.4,33.45,66.06,43.63,50.54,76.7,27.31,43.55,51.715,60.42,43.71
583,05/22/2019,74.87,87.29,16.55,102.89,56.7,29.55,77.33,109.182978723404,87.81,87.52,61.15,19.95,73.74,98.49,58.99,35.1426533523538,42.64,20.34,48.47,50.4825,28.38,36.5,66.91,19.0,61.02,96.43,30.05,54.11,67.15,81.76,58.51
584,05/22/2020,69.82,78.78,12.24,98.33,55.59,16.92,80.51,86.9106382978723,83.23,70.18,56.43,13.74,78.46,97.96,60,26.283880171184,40.64,15.41,46.38,58.4625,23.09,35.72,36.2,11.7,48.12,72.66,25.65,54.58,61.905,86.14,60.37
585,05/22/2023,83.62,86.41,21.16,116.37,58.9,28.55,52.16,108.91,91.97,94.65,67.68,36.31,72.75,100.42,59.07,40.12,37.89,16.53,52.59,74.58,27.39,34.03,58.09,16.51,62.23,77.69,27.03,70.95,73.04,89.88,65.88
586,05/23/2018,57.89,66.47,12.19,86.97,44.76,25.86,63.91,86.3234042553191,74.87,75.1,62.35,28.4104518236255,56.54,78.74,54.22,28.7446504992867,33.85,16.19,40.49,40.07,24.67,33.15,66.73,43.85,51.35,77.5,27.44,43.99,52.43,61.44,44.36
587,05/23/2019,75.71,88.18,16.79,103.36,57.35,29.42,78.05,110.068085106383,88.9,88.38,61.7,19.57,74.84,99.35,59.44,35.4208273894437,43.15,19.96,48.77,50.8825,28.46,35.53,65.33,18.99,61.38,97.32,30.36,54.34,67.94,82.23,59.09
588,05/23/2022,93.23,100.27,21.13,113.67,69.63,30.84,83.07,130.79,110.81,97.68,66.45,44.48,91.29,116.8,68.1,47.89,42.7,19.16,59,72.55,30.75,46.18,63.56,12.07,68.28,75.19,29.57,74.15,81.895,105.02,74.87
589,05/23/2023,82.71,86,20.76,116.4,58.63,28.86,52.29,109.16,90.75,93.88,67.37,35.85,72.75,100.29,58.75,40.44,37.9,16.54,52.44,74.16,27.36,33.81,58.54,16.41,61.31,77.65,26.78,71.15,73.25,88.86,65.59
590,05/24/2018,58.78,66.84,12.39,87.49,45.25,26.17,64,86.9191489361702,75.74,75.88,62.62,27.6701143168209,56.63,79.48,54.58,28.9087018544936,33.94,15.88,40.75,40.3,24.85,34.43,66.38,43.83,51.93,78.02,27.5,44.25,52.605,62.15,44.84
591,05/24/2019,75.38,88.29,16.5,102.81,57.24,29.39,77.72,109.608510638298,88.81,88.14,60.89,19.43,74.88,98.99,59.41,35.3495007132668,42.86,20.06,48.72,50.8425,28.51,35.53,65.66,18.83,61.16,96.67,30.8,54.35,67.175,82.41,58.99
592,05/24/2021,84.66,86.57,25.7,98.43,63.77,25.03,77.09,120.995744680851,102.31,78.38,58.37,21.4,83.3,106.8,62.63,32.8316690442225,37.92,18.83,58.06,74.03,25.56,33.76,54.14,10.58,63.46,86.49,29.45,64.42,68.88,95.36,71.67
593,05/24/2022,95.51,102.22,21.24,116.03,71.71,31.31,84.92,134.14,112.98,100.39,68.08,45.12,92.64,119.16,69.32,48.83,43.26,19.14,61.32,74.67,31.24,45.81,63.73,11.92,68.7,77.58,29.86,75.69,83.055,108.28,76.26
594,05/24/2023,82.13,85.17,20.26,116.41,58.06,28.62,51.31,108.48,90.16,93.5,66.58,36.54,71.8,98.97,58.2,40.15,37.72,16.5,51.95,74.24,27.25,33.99,58.54,16.47,60.8,77.18,26.44,70.85,72.86,88.08,65.13
595,05/25/2018,58.87,67.22,12.41,87.75,45.62,25.98,64.17,86.9617021276596,75.81,75.91,62.98,27.3434948285248,56.26,79.73,56.15,29.0085592011412,34.1,15.89,40.79,40.605,25.1,33.98,65.89,44.66,52.4,78.39,27.45,44.52,52.595,62.52,45.19
596,05/25/2021,83.72,85.93,25.34,98.29,63.25,24.94,76.01,118.102127659574,101.31,77.81,55.75,20.62,82.33,105.92,61.43,32.0328102710414,37.62,18.54,57.6,73.37,25.33,32.75,52.66,10.06,62.19,86.08,29.11,64.08,67.725,94.21,71.24
597,05/25/2022,95.49,102.48,21.43,115.92,70.54,31.84,84.66,133.02,112.39,100.32,68.42,46.85,92.15,118.84,69.52,49.02,43.17,19.39,61.25,74.79,31.44,46.85,65.14,12.16,68.13,77.78,29.94,75.69,83.37,105.81,75.7
598,05/25/2023,80.95,82.5,19.95,114.84,57.16,28.26,50.43,106.99,88.89,93.22,65.66,36.49,70.86,97.22,57.38,39.51,37.02,16.22,51.06,73.39,27.01,33.46,57.57,16.43,59.83,76.39,26.0,69.82,71.79,86.71,64.29
599,05/26/2020,70.76,79.92,12.88,97.6,55.68,17.49,80.82,89.6595744680851,82.81,71.19,56.01,14.75,78.01,99.74,59.89,26.8188302425107,40.71,15.8,46.91,58.5775,23.39,35.74,37.62,11.08,49.4,74.34,26.28,54.66,62.615,85.69,61.06
600,05/26/2021,83.94,85.75,25.46,98.62,62.95,25.11,75.95,117.302127659574,101.11,78,56.12,21.23,81.5,105.33,61.38,32.2182596291013,37.58,18.35,57.51,73.47,25.46,32.84,52.51,10.03,62.3,86.41,29.15,63.72,68.515,93.99,71.0
601,05/26/2022,95.87,102.58,22,116.74,70.81,31.98,84.58,133.19,113.23,99.87,69.03,47.4,92.19,119.88,69.56,49.16,43.32,19.62,62.46,75.04,31.54,46.71,65.82,12.01,67.98,78.32,30.24,75.29,82.425,105.4,74.96
602,05/26/2023,80.77,82.25,19.87,113.7,57.1,28.34,49.86,106.51,88.7,92.69,65.63,36.09,68.69,96.8,57.46,39.39,36.71,16.21,50.97,73.92,26.85,33.94,57.3,16.52,59.57,76.8,26.01,69.47,71.925,86.9,64.32
603,05/27/2020,70.51,81.44,12.77,99.18,55.97,17.5,81.56,90.6382978723404,83.72,71.25,57.05,14.17,77.47,99.47,60.93,27.0613409415121,41.36,15.97,47.33,60.2825,23.32,35.97,37.6,10.93,49.91,75.5,26.74,55.01,62.45,85.9,61.73
604,05/27/2021,83.67,85.55,25.34,99.16,62.3,25.08,75.49,117.395744680851,100.01,76.87,55.42,20.76,81.15,104.8,61.31,31.811697574893,37.87,18.26,56.75,73,25.51,32.34,52.8,9.92,62.03,84.22,29.05,63.66,67.65,93.35,70.27
605,05/27/2022,96.55,103.57,22.43,117.64,71.47,32.42,85.16,134.3,114.4,100.58,70.06,48.43,93.3,121.08,70.57,49.85,43.43,19.94,63.78,77.43,31.76,46.45,67.05,12.35,69.04,78.72,30.36,76.07,83.325,106.53,76.34
606,05/28/2019,74.32,86.67,16.34,101.51,56.17,28.82,76.25,107.114893617021,87.12,86.75,58.28,18.88,74.13,96.93,58.78,34.793152639087,41.64,19.88,47.65,50.2925,27.87,35.02,64.26,17.73,59.88,95.4,30.58,53.56,66.55,81.35,58.03
607,05/28/2020,73.94,85.1,12.89,101.68,57.93,18.02,83.7,91.7106382978723,85.83,73.15,57.99,13.37,80.89,103.07,62.31,27.2895863052782,42.69,15.72,48.86,62.84,24.02,36.44,37.28,11.68,51.03,76.85,27.44,56.91,63.695,88.97,64.01
608,05/28/2021,84.2,86,25.41,99.17,62.74,25.3,76.14,117.43829787234,100.22,77.24,55.87,20.88,81.19,105.26,61.99,32.1825962910128,37.91,18.34,57.15,73.22,25.5,32.15,52.74,10.14,62.12,84.58,29.11,63.92,67.745,93.91,70.88
609,05/29/2018,58.83,67.62,12.41,88.39,45.83,25.84,64.34,86.8936170212766,76.6,75.99,62.29,26.9297768100163,56.81,79.62,56.2,29.037089871612,34.06,16.04,41,40.9325,25.07,33.72,66.3,42.34,52.63,78.89,27.03,44.3,52.895,62.86,45.25
610,05/29/2019,73.19,85.69,16.06,100.74,55.49,28.45,75.22,106.16170212766,85.81,85.61,58.67,18.67,72.89,95.66,57.96,34.4151212553495,40.99,19.91,46.89,49.68,27.44,34.28,63.84,17.13,58.92,93.91,29.85,52.89,65.375,80.3,57.2
611,05/29/2020,74.73,85.25,12.49,102.78,58.58,17.78,85.01,91.5489361702128,85.63,75.06,58.11,13.34,83.7,101.82,61.69,27.3252496433666,42.26,15.8,49.36,63.89,23.83,36.05,36.69,11.86,51.04,77.9,27.94,57.07,63.155,91.73,65.03
612,05/30/2018,59.39,68,12.67,89.98,46.15,26.12,64.52,87.1914893617021,76.98,76.33,62.27,27.8878606423517,57.14,80.32,57.04,29.4008559201141,34.23,16.56,41.44,41.3175,25.31,34.41,68.23,43.09,52.69,79.82,27.34,44.74,53.12,63.4,45.61
613,05/30/2019,72.92,85.3,15.89,100.64,55.75,28.27,74.31,105.71914893617,85.53,85.25,59.7,18.26,73.17,96.16,57.96,34.265335235378,40.96,20.06,46.89,49.735,27.55,33.74,64.13,17.78,58.67,93.0,29.89,53.0,65.785,80.03,57.36
614,05/30/2023,80.14,81.79,19.9,114.43,56.9,28.18,49.74,106.44,88.01,92.56,65.72,35.07,67.92,96.73,57.02,39.34,37,16.15,51.01,72.69,26.6,34.05,57.37,16.65,59.47,76.61,26.09,69.83,71.88,86.48,64.15
615,05/31/2018,59.19,67.95,12.75,89.21,46.13,26.13,64.19,87.1744680851064,77.16,76.73,62.16,28.056614044638,57.08,80.91,56.7,29.5221112696148,34.42,16.68,41.42,41.4525,25.3,34.23,68.16,43.33,52.98,79.61,27.32,44.9,53.265,63.15,45.52
616,05/31/2019,73.34,86.12,15.8,101.8,56.11,28.44,75.18,106.782978723404,85.61,86.3,59.37,18.3,73.84,97.07,58.14,34.2938659058488,41.24,19.95,47.46,49.5525,27.85,34.04,63.62,17.1,58.76,93.91,29.76,53.5,65.725,80.55,57.34
617,05/31/2022,95.19,102.03,22.04,116.31,71.04,32.05,84.22,132.71,112.52,99.26,69.91,47.72,92.32,120.32,69.94,49.15,42.96,19.69,63.82,75.69,31.45,46.04,65.85,12.2,68.54,77.65,30.18,75.66,81.93,105.07,75.34
618,05/31/2023,81.07,83.12,19.74,115.28,57.98,28.21,50.28,107.6,89.29,93.3,67.52,34.77,69.23,98.2,57.85,39.65,37.39,16.11,51.46,73.46,26.89,33.79,56.66,16.94,59.75,77.28,26.2,69.75,71.765,87.35,65.29
619,06/01/2018,58.11,66.68,12.79,87.98,45.17,25.66,63.36,85.9829787234043,76.08,75.54,60.84,28.2580293957539,55.8,80.11,55.08,29.2368045649073,34.2,16.9,40.63,40.77,24.74,33.91,68.51,42.27,52.55,77.58,26.96,44.2,52.15,62.32,44.74
620,06/01/2020,74.37,86.14,12.55,102.95,59.01,18.05,85.89,92.2723404255319,87.44,75.07,59.25,12.87,85.58,102.68,62.96,27.7032810271041,42.76,15.77,49.46,63.9125,24.21,36.09,38.14,11.87,52.22,77.58,28.51,57.7,64.535,93.13,65.75
621,06/01/2021,84.18,85.1,25.63,99.44,62.31,25.11,75.55,117.506382978723,100.08,76.43,55.62,21.77,79.91,104.63,61.47,32.1968616262482,38.02,18.51,56.99,72.12,25.43,32.27,53.77,10.15,62.03,84.45,29.0,63.43,67.965,92.97,70.0
622,06/01/2022,94.37,102.04,21.88,116.43,70.83,32.06,83.71,132.56,111.67,98.63,69.73,49.8,92.12,120.18,70.01,49.19,42.56,20.02,63.19,76.17,31.34,45.49,66.85,12.25,68.1,77.43,29.93,75.55,81.76,104.67,75.12
623,06/01/2023,80.36,82.02,19.88,112.07,57.44,28.38,49.02,107.26,88.12,91.82,66.68,35.1,68.83,97.38,57.2,39.48,37.18,16.26,50.91,72.96,26.67,32.4,56.91,16.56,59.9,76.07,26.1,69.18,72.09,86.19,63.55
624,06/02/2020,74.91,85.98,13.11,103.25,59.5,18.1,86.23,93.9659574468085,87.67,74.82,59.86,13.39,85.77,103.53,63.04,27.7674750356633,43.07,15.88,50.16,64.15,24.72,35.9,39.63,11.84,52.27,78.16,29.13,58.0,65.16,93.97,66.07
625,06/02/2021,85.22,85.65,25.19,100.47,62.42,25.09,76.39,116.970212765957,100.68,76.79,56.09,21.73,80.74,104.68,61.8,32.2396576319544,38.14,18.77,57.6,72.71,25.55,33.02,54.25,10.23,61.67,85.64,28.95,63.9,67.92,93.18,70.24
626,06/02/2022,94.11,102.25,22.14,116.6,71.28,32.1,83.48,132.79,111.79,98.58,70.36,48.87,92.42,120.41,70.01,48.99,42.34,19.96,62.4,78.52,31.41,45.92,67.41,12.57,68.54,77.58,29.94,75.95,81.455,104.86,75.48
627,06/02/2023,81.17,83.45,20.19,114.52,58.36,28.6,49.86,108.88,89.68,91.76,66.68,36.55,70.01,99.44,57.73,39.69,37.7,16.75,51.98,73.85,26.76,33.3,58.74,16.65,61.04,77.36,26.52,69.45,72.285,87.08,63.14
628,06/03/2019,74.48,87.37,15.93,102.87,57,28.66,75.96,107.948936170213,86.02,87.37,60.58,18.42,74.83,98.02,59.02,34.6077032810271,41.68,20.14,48,49.895,28.13,34.28,63.78,17.89,59.37,95.4,30.18,54.16,65.955,81.56,57.95
629,06/03/2020,76.08,86.99,13.63,104.76,60.14,18.46,86.48,96.2042553191489,89.23,75.67,60.97,13.87,86.92,104.04,63.41,28.4664764621969,43.49,16.15,51.04,64.895,25.32,36.38,40.58,11.83,52.75,78.97,29.92,58.71,65.8,93.96,66.82
630,06/03/2021,85.56,85.96,25.07,101.19,62.67,25.39,76.71,117.157446808511,101.67,77.26,56.23,21.41,82.2,105.81,62.51,32.6462196861626,38.47,18.77,58.13,72.37,25.48,34.29,53.72,10.43,61.71,86.97,29.02,64.46,68.505,93.83,70.48
631,06/03/2022,93.31,101.95,22.27,116.11,71.14,31.67,82.71,132.09,111.16,97.91,69.78,47.99,92.3,120,70.01,48.73,41.88,19.93,62.11,78.69,31.42,45.48,67.27,12.4,68.5,77.49,29.83,75.26,80.125,104.18,74.88
632,06/04/2018,57.98,66.05,12.93,87.81,44.68,25.63,62.64,85.1404255319149,75.37,74.95,60.99,27.5068045726728,55.5,78.3,54,28.9158345221113,33.82,16.94,40.23,40.2925,24.49,33.85,68.3,42.0,52.27,76.46,26.98,43.93,51.7,61.55,44.14
633,06/04/2019,74.45,87.05,16.08,101.55,56.58,28.82,75.97,107.565957446809,85.9,87.53,62.32,18.56,74.39,97.44,58.64,34.7432239657632,41.84,20.34,47.95,49.845,28.08,34.88,65.1,18.74,59.4,95.24,30.56,54.2,66.095,81.29,57.78
634,06/04/2020,73.99,84.4,13.84,104.22,58.79,18.05,84.96,94.5787234042553,88.44,74.83,59.06,14.3,85.53,101.23,62.41,27.8031383737518,42.36,16.23,50.1,62.9725,24.62,35.44,40.71,11.87,51.94,77.83,30.01,57.95,64.395,92.57,65.03
635,06/04/2021,86.13,86.03,24.96,100.71,62.62,25.4,76.52,116.885106382979,101.48,77.24,56.47,21.45,82.04,105.92,62.72,32.5249643366619,38.33,18.78,58.11,72.34,25.49,33.9,53.95,10.38,61.27,87.03,28.99,64.35,68.21,93.59,70.08
636,06/05/2018,57.41,65.29,12.93,87.39,44.17,25.66,62.77,84.5021276595745,74.75,74.01,60.6,27.6156777354382,54.99,77.71,54.25,28.8373751783167,33.94,16.84,39.75,39.825,24.25,33.65,68.57,41.98,51.97,75.7,26.88,43.77,51.405,60.82,43.32
637,06/05/2019,76.14,89.37,16.49,103.84,57.96,29.04,77.61,109.897872340426,87.22,89.32,64.56,17.83,76.32,100.24,59.96,35.4636233951498,43.07,20.47,49.07,51.1625,28.51,35.15,65.25,20.75,60.4,97.79,31.15,54.81,67.01,83.03,59.32
638,06/05/2020,75.58,85.51,14.3,104.53,59.44,18.25,84.29,97.7617021276596,89.49,75.33,60.88,15.03,86.52,103.73,63.06,28.7874465049929,43.27,16.72,50.64,63.595,25.08,36.72,45.35,12.52,53.48,79.38,30.04,58.45,66.895,92.85,65.26
639,06/05/2023,81.94,84,20.08,114.6,58.99,28.75,50.5,109.37,90.16,92.95,66.8,36.04,70.51,99.76,58.21,39.98,38.14,16.76,52.28,73.59,26.77,33.12,58.72,16.83,61.36,77.76,26.63,69.69,72.505,87.75,63.95
640,06/06/2018,56.57,63.81,12.51,85.8,43.3,25.21,61.75,82.5021276595745,73.14,72.39,58.9,28.138268916712,53.64,76.4,52.29,28.3238231098431,33.17,16.72,39.13,39.0325,23.54,33.94,67.66,41.15,51.02,74.15,25.67,42.89,50.355,59.34,42.35
641,06/06/2019,76.53,90,16.96,104.22,58.21,29.15,76.35,110.272340425532,87.71,89.5,63.48,18.06,76.85,100.98,60.51,35.8273894436519,43.39,20.86,49.28,51.44,28.62,35.28,65.98,20.97,60.32,98.76,31.52,55.38,67.49,83.58,59.8
642,06/06/2022,93.15,102.06,22.71,116.76,71.2,31.54,82.73,132.57,111.11,98.1,69.4,49.02,92.28,121.34,70.4,48.55,41.83,19.79,62.53,80.19,31.76,46.23,67.14,12.21,68.39,78.1,29.97,75.35,80.585,104.31,74.71
643,06/06/2023,81.55,83.44,20.13,115.17,59.29,28.56,51.62,109.59,89.75,92.41,66.71,37.36,70,98.97,58.6,39.75,37.79,16.85,52.31,73.38,26.96,32.94,59.31,16.94,61.57,79.43,26.59,69.37,72.535,87.53,63.56
644,06/07/2018,56.9,64.15,12.72,85.73,43.38,25.41,62.39,82.5872340425532,73.48,72.79,59.72,28.9330430048993,53.6,76.63,51.93,28.6305278174037,33.34,17.06,39.19,39.095,23.56,33.5,68.55,41.67,50.82,74.48,25.61,43.18,50.38,59.38,42.72
645,06/07/2019,75.88,89.54,16.7,104.21,57.79,28.82,75.79,109.429787234043,87.04,88.31,62.64,17.69,76.3,100.6,60.48,35.6276747503566,43.04,21.13,49,51.0975,28.54,34.73,65.99,20.46,60.01,97.68,31.02,54.71,67.245,82.96,59.43
646,06/07/2021,86.13,85.67,25.32,100.97,62.8,25.58,76.41,117.31914893617,101.86,77.31,56.21,21.84,82.11,106.59,62.68,32.7104136947218,38.57,18.77,58.1,72.47,25.51,34.51,55.17,10.3,60.87,86.99,29.08,64.67,68.05,93.56,70.12
647,06/07/2022,93.72,102.43,22.69,117.43,71.82,32.07,83.1,134.05,112.34,98.48,70.23,49.78,92.84,121.31,70.55,49.05,41.88,20.14,63.17,79.78,31.77,46.14,69.14,12.23,68.95,77.22,30.58,75.69,81.85,105.6,75.58
648,06/07/2023,83.59,84.58,20.68,117.14,60.41,28.97,53.05,111.25,91.57,93.54,68.7,38.81,71.73,101.31,59.69,40.34,38.5,17.23,53.4,74.17,27.4,34.07,60.43,17.15,62.72,80.5,27.0,70.13,74.105,89.48,64.31
649,06/08/2018,56.69,64.11,12.77,85.31,43.35,25.35,62.6,82.5276595744681,73.12,72.75,59.61,28.9167120304845,53.56,76.89,51.32,28.5306704707561,33.32,16.85,39.23,39.2,23.52,33.15,68.45,41.45,50.89,74.4,25.79,43.28,50.715,59.46,42.72
650,06/08/2020,77.22,87.91,14.97,106.03,60.98,19.09,86.4,99.9234042553191,91.91,77.71,64.76,16.89,87.76,105.89,65.1,29.8573466476462,43.98,17.97,52.32,65.12,25.61,38.16,48.04,12.57,55.5,82.04,30.65,60.27,67.395,95.28,66.95
651,06/08/2021,84.75,82.97,25.32,100.29,60.33,25.46,75.81,117.004255319149,100.59,76.29,56.79,22.5,81.15,106.13,62.59,32.6319543509273,38.27,18.8,57.59,72.14,25.42,36.05,55.78,10.23,61.01,86.86,28.9,63.44,67.72,91.93,68.8
652,06/08/2022,92.34,100.53,22.22,115.22,70.26,31.31,81.19,131.4,110.49,97.04,69.13,48.97,90.62,118.31,68.98,48.17,41.38,19.86,61.12,78.49,31.03,45.64,68.49,12.04,67.13,74.57,30.22,74.63,79.725,102.95,73.17
653,06/08/2023,83.79,84.68,20.41,117.5,60.98,29.14,53.29,111.97,92,94,68.57,38.97,71.59,101.5,59.77,40.13,38.95,17.32,53.47,74.9,27.33,33.95,60.71,17.0,62.14,81.23,26.84,71.08,74.545,90.37,64.14
654,06/09/2020,75.27,85.91,13.84,104.32,60.29,18.63,85.85,97.8723404255319,90.32,76.7,61.63,16.23,85.27,103.34,63.57,28.8944365192582,42.89,17.29,50.77,64.6675,24.83,36.4,44.44,11.81,53.67,80.11,28.37,59.36,65.155,93.44,66.37
655,06/09/2021,85.36,84.45,25.2,101.15,59.93,25.77,76.5,118.289361702128,101.39,76.88,56.89,22.4,82.56,107.62,63.36,33.0670470756063,38.49,18.83,58.3,72.45,25.62,36.67,54.84,10.28,61.13,87.16,28.99,63.63,69.72,92.91,69.35
656,06/09/2022,89.94,98.26,21.55,112.95,67.87,30.61,79.34,128.44,107.73,94.51,66.74,48.07,87.82,116.19,67.37,46.66,40.78,19.29,59.63,77.34,30.23,45.52,66.19,11.63,65.16,73.41,29.14,72.89,77.58,99.52,71.28
657,06/09/2023,83.36,83.68,20.09,117.33,60.69,28.95,53.09,111.43,91.52,93.49,67.72,38.55,70.37,101.44,59.4,40.08,38.61,17.03,53.23,74.07,27.09,34.08,59.84,16.88,62.07,80.79,26.82,71.26,73.85,89.93,63.45
658,06/10/2019,75.92,89.02,16.43,103.12,57.5,28.92,75.42,109.131914893617,86.29,87.23,60.87,17.31,76.02,99.85,59.84,35.3566333808845,43.02,20.88,48.78,50.855,28.42,34.2,65.82,19.77,59.87,97.27,30.69,54.48,67.045,82.74,59.26
659,06/10/2020,74.86,85.37,13.17,103.74,59.9,18.39,87,96.1191489361702,90.19,76.95,60.34,15.17,86.26,102.19,63.43,28.5306704707561,42.25,16.93,50.72,64.1975,24.41,36.19,41.98,12.04,52.2,78.13,27.86,59.2,64.28,93.71,66.93
660,06/10/2021,85.85,84.73,25.38,101.22,60.24,25.95,77.45,117.582978723404,101.71,77.04,57.49,22.53,83.12,108.66,64.01,33.3166904422254,38.63,19,58.54,73.51,25.75,36.43,54.78,10.49,61.63,88.12,29.08,63.88,69.845,93.13,69.63
661,06/10/2022,89.24,98.26,20.69,111.97,67.71,30.12,79.31,127.5,107.77,95.15,66.98,47.96,88.03,115.93,66.75,46.01,40.6,19.03,59.32,75.91,30.05,44.01,64.74,10.98,65.47,73.73,28.33,72.14,77.33,99.31,71.01
662,06/11/2018,55.75,62.93,12.83,84.61,42.63,25.22,63.21,80.5957446808511,72.12,71.39,58.94,29.5155144256941,52.87,76.05,51.57,28.4807417974322,32.97,17.15,38.38,38.85,23.27,32.66,69.02,39.76,50.81,73.56,25.7,42.84,58.595,58.6,42.13
663,06/11/2019,74.93,88.32,16.38,102.62,57.17,28.64,73.91,108.612765957447,85.64,86.72,60.2,16.66,75.48,99.5,59.29,35.0998573466476,42.75,20.78,48.21,50.4925,28.17,34.55,65.72,19.1,59.37,96.39,30.61,54.55,67.36,82.02,58.69
664,06/11/2020,71.84,81.76,12.2,99.27,58.11,17.77,84.01,89.3617021276596,87.08,74.67,56.81,14.67,84.35,96.77,60.95,27.1398002853067,40.5,15.51,48.69,62.0825,23.12,33.77,35.33,11.0,50.0,74.7,26.36,56.09,61.74,91.33,65.08
665,06/11/2021,85.79,84.76,25.88,101.79,60.67,26.15,77.32,117.982978723404,101.93,77.23,57.97,23.02,82.81,108.94,64.19,33.4593437945792,38.76,19.14,58.58,73.49,26.01,37.3,55.06,10.5,61.8,87.68,29.33,63.85,71.12,92.9,69.54
666,06/12/2018,56.06,63.57,13.04,85.31,43.3,25.91,64.89,82.1191489361702,72.48,72.48,59.53,30.2123026673925,53.68,76.98,52.25,28.8801711840228,33.32,16.93,39.05,39.3525,23.73,33.51,69.24,39.29,51.93,74.58,26.14,43.44,58.565,59.33,42.58
667,06/12/2019,76.24,89.39,16.76,104.33,57.95,28.98,75.08,109.914893617021,86.65,87.72,59.52,15.77,76.51,101.31,60.38,35.9843081312411,43.37,20.38,49.04,51.1375,28.53,34.5,64.45,18.24,60.18,96.49,31.16,55.15,67.845,83.36,59.52
668,06/12/2020,71.75,81.8,12.67,100.43,58.3,18,83.15,89.4212765957447,86.74,75.38,57.57,14.81,84.31,96.42,60.08,27.0399429386591,40.43,15.5,48.55,61.7275,23.26,33.68,34.09,11.02,49.71,75.6,26.55,56.17,62.025,90.31,63.65
669,06/12/2023,83.53,83.69,20.29,117.5,60.09,29.12,52.5,111.16,91.39,92.63,67.65,38.31,70.23,101.29,59.49,39.91,38.75,16.89,53.26,73.98,27.12,34.28,59.8,16.94,61.95,81.06,26.81,70.84,73.585,89.81,63.57
670,06/13/2018,55.76,63.46,13.13,84.58,43.09,25.64,64.31,81.7702127659574,72.25,72.43,59.49,30.9145345672292,53.43,76.31,52.18,28.9015691868759,33.63,16.74,39.17,39.285,23.8,33.98,68.87,39.38,51.78,74.35,26.12,43.78,57.005,59.11,42.5
671,06/13/2019,76.21,89.59,16.86,104.54,57.95,29.26,76.07,109.676595744681,86.77,87.78,59.88,16.13,76.67,101.02,60.17,35.7845934379458,43.35,20.52,49.23,51.1925,28.48,34.42,65.03,18.29,60.0,96.67,31.11,55.15,68.42,83.61,59.45
672,06/13/2022,85.58,93.01,19.36,107.01,64.7,28.64,76.32,122.01,103.43,91.15,62.38,45.07,83.9,109.7,63.3,43.68,38.9,18.13,57.38,72.41,28.54,40.55,61.1,10.4,63.1,71.28,27.08,68.75,73.58,95.58,68.39
673,06/13/2023,82.53,83.13,20.83,117.57,59.97,29.19,52.38,112.35,90.76,92.03,67.88,38.94,70.06,100.8,59.25,39.8,38.75,17.03,53.08,74.35,27.05,34.35,60.28,16.96,61.97,81.5,26.9,70.45,73.305,90.28,63.13
674,06/14/2018,56.37,64.62,13.18,85.68,43.62,26.18,65.52,82.5957446808511,73.46,73.25,60.2,30.5715841045182,53.99,76.71,51.95,29.2938659058488,34.27,16.95,39.62,39.705,23.99,33.51,69.34,39.89,52.22,75.41,27.07,44.21,56.66,59.86,42.87
675,06/14/2019,76.71,90.58,17.09,104.99,58.75,29.62,76.66,110.246808510638,87.87,88.54,59.44,15.81,77.41,102.04,60.67,36.2339514978602,43.97,20.53,50,51.74,28.75,34.78,64.46,18.48,60.96,97.48,31.45,55.65,68.88,84.31,60.03
676,06/14/2021,85.84,85.13,25.74,101.1,60.3,25.98,78.27,117.770212765957,102.53,77.75,58.68,22.4,82.55,108.9,63.92,33.601997146933,38.79,18.84,58.57,73.31,26.03,37.08,55.44,10.65,61.84,88.08,29.26,63.79,71.625,92.69,69.08
677,06/14/2022,83.3,90.44,18.91,105.54,62.52,27.6,74.6,119.11,100.94,88.78,60.98,40.83,80.74,107.29,61.32,42.31,38.39,17.89,55.61,71.48,27.6,39.42,60.39,9.96,60.97,68.19,26.03,66.78,72.41,92.05,65.88
678,06/14/2023,82.84,83.61,20.74,117.07,60.42,29.03,52.56,112.95,90.85,92.39,68.17,38.45,69.9,101.3,58.92,40.12,38.82,16.9,53.13,73.4,27.16,34.34,60.43,17.24,61.93,82.02,26.86,70.48,73.645,90.53,62.49
679,06/15/2018,56.97,65.05,13.07,86.79,44.08,25.89,66.31,82.6042553191489,74.3,73.73,60.44,30.1905280348394,54.63,78.21,52.78,29.5934379457917,34.7,16.77,39.96,39.885,24.26,33.38,67.78,40.2,52.53,76.11,27.08,44.43,55.955,60.6,43.33
680,06/15/2020,72.34,81.76,12.88,101.08,58.47,18.27,84.05,90.2297872340425,86.96,75.6,59.45,14.39,84.26,97.19,59.35,27.3252496433666,40.47,15.85,48.92,62.1425,23.48,33.31,36.44,10.98,49.9,77.09,26.79,56.42,62.625,90.47,63.51
681,06/15/2021,86.14,85.24,26.06,100.96,60.5,25.99,78.12,117.131914893617,103.22,77.75,58.59,21.85,83.77,109.23,64.52,33.601997146933,38.88,19.03,58.75,73.43,26.16,37.51,55.98,10.53,62.35,87.88,29.3,64.32,72.03,93.1,69.19
682,06/15/2022,83.26,90.65,19.55,106.09,62.66,28.12,74.88,119.21,100.18,88.25,61.13,41.24,80.58,107.77,61.31,42.26,37.24,17.6,55.74,74.19,27.72,39.11,59.69,10.28,60.52,68.36,26.27,66.57,72.37,91.88,65.85
683,06/15/2023,83.97,84.88,21.49,117.49,61.02,29.27,52.87,113.91,91.69,93.02,68.8,38.95,71.01,102.19,59.61,40.82,39.11,17.01,53.75,74.36,27.34,34.37,61.11,17.25,62.26,83.55,27.01,70.76,74.295,91.58,64.32
684,06/16/2020,72.55,81.6,13.66,102.26,59.13,18.39,84.92,91.8978723404255,86.95,76.37,60.52,14.08,84.18,97.92,59.97,27.5249643366619,40.51,15.97,49,62.0425,23.64,33.76,38.4,10.95,50.72,77.23,27.18,56.22,62.18,90.82,63.74
685,06/16/2021,83.91,84.4,25.73,100.57,59.67,25.53,76.5,115.378723404255,101.81,76.22,57.78,21.28,81.97,107.4,64.22,32.9529243937233,38.15,18.85,57.57,73.3,25.81,36.92,57.02,10.23,61.23,85.99,28.68,62.98,70.58,91.93,67.76
686,06/16/2022,82,89.19,18.94,104.58,61.5,27.44,74.38,116.61,99.54,87.67,60.33,38.59,78.81,105.87,60.74,41.22,36.33,16.7,54.97,70.87,27.17,36.86,55.73,10.08,59.0,67.48,25.74,66.28,70.98,91.21,64.95
687,06/16/2023,84.08,84.93,21.34,117,60.74,29.18,53.33,114.12,92.18,92.97,70.18,39.64,72.08,102.01,59.31,41.21,39.07,17.04,53.74,75.59,27.38,34.12,60.95,17.4,62.54,83.25,26.99,71.76,74.1,91.43,63.92
688,06/17/2019,76.2,90.08,16.83,104.75,58.37,29.6,76.42,110.417021276596,87.95,88.13,60.13,15.85,76.5,101.76,60.26,35.9843081312411,43.7,20.52,49.6,51.5925,29.16,34.44,64.81,18.88,60.9,97.02,30.94,55.5,68.975,84.13,59.88
689,06/17/2020,72.46,82.25,13.41,101.18,59.12,18.46,84.15,91.2170212765957,86.21,75.29,59.89,14.02,85.03,97.07,59.88,27.4251069900143,40.25,15.68,48.91,62.25,23.55,33.59,36.17,11.05,50.46,76.25,26.84,56.04,62.085,90.42,63.89
690,06/17/2021,84.49,84.39,26.07,100.3,59.51,25.34,76.78,114.476595744681,102.42,76.28,56.98,20.49,82.69,107.65,64.48,32.8102710413695,37.72,18.31,58.12,74.58,25.88,38.39,54.16,10.23,61.2,84.59,28.6,63.35,70.29,92.38,68.35
691,06/17/2022,81.39,88.41,19.25,103.51,61.16,27.4,73.41,115.72,97.82,86.88,58.92,35.94,77.98,102.46,60.14,40.91,35.91,16.05,54.75,70.81,26.66,36.33,53.39,9.78,59.16,65.92,25.36,65.39,69.745,90.37,63.91
692,06/18/2018,57.64,65.46,13.07,87.11,44.48,26.08,66,82.8936170212766,74.41,73.9,60.49,30.4300489929232,55.09,78.4,52.93,29.7574893009986,34.74,17.16,40.33,40.1025,24.39,32.98,68.52,39.79,52.85,76.35,27.31,44.57,56.335,60.92,43.6
693,06/18/2019,76.43,89.78,16.84,104.68,58.12,29.54,76.43,109.76170212766,87.24,88.07,60.68,15.96,76.29,101.3,60.37,35.5920114122682,43.51,20.8,49.19,51.355,28.99,34.65,65.67,19.14,60.59,96.83,31.08,55.26,68.625,84.25,60.08
694,06/18/2020,72.46,81.77,13.44,101.45,59.03,18.35,84.53,91.6851063829787,85.77,74.87,58.84,13.68,84.72,97.5,60.56,27.246790299572,40.51,15.77,49.03,62.2325,23.73,33.63,36.35,10.8,50.37,76.65,26.88,56.11,62.28,89.86,64.51
695,06/18/2021,82.11,82.35,25.14,97.88,58.12,24.63,74.82,112.204255319149,99.61,74.49,55.58,19.34,79.92,103.39,62.54,31.7760342368046,37.13,17.66,56.33,73.28,25.02,36.79,53.02,10.2,59.34,81.05,27.61,61.45,68.885,89.43,66.6
696,06/19/2018,58.28,66.87,13.08,88.32,45.21,26.38,66.94,84.3404255319149,75.67,74.86,60.57,30.729450190528,55.76,79.98,53.97,29.679029957204,34.92,17.35,41.08,40.75,24.67,31.96,68.79,39.89,52.86,77.69,27.26,45.06,56.635,61.77,44.19
697,06/19/2019,76.9,90.86,16.57,105.68,58.89,29.98,77.17,111.03829787234,87.65,88.88,62.36,15.16,77.17,102.48,60.9,35.6633380884451,43.45,20.94,49.65,51.56,29.44,34.8,66.25,20.53,60.55,97.94,31.38,55.74,69.53,84.94,60.81
698,06/19/2020,69.8,79.71,13.34,99.72,57.93,17.79,81.72,88.3063829787234,82.11,71.44,55.66,12.92,82.89,94.52,59.35,26.7689015691869,38.98,15.52,47.99,60.5525,22.97,34.08,35.17,10.22,48.71,73.5,26.0,53.61,58.625,88.07,64.01
699,06/20/2018,58.31,66.9,12.93,88.33,45.12,26.31,66.43,84.5021276595745,76.19,75.03,60.45,30.9090909090909,55.81,80.25,54.2,29.8145506419401,34.89,17.49,41.05,40.675,24.8,31.85,70.07,40.0,53.06,77.57,27.31,45.05,56.28,61.86,43.88
700,06/20/2019,77.36,90.87,16.93,105.9,59.1,30.04,77.41,111.642553191489,88.58,88.88,63.78,15.55,77.53,103.44,61.31,35.8345221112696,43.67,21.1,49.98,51.595,29.42,35.04,67.76,23.57,61.13,98.56,31.54,56.02,70.16,85.39,61.31
701,06/20/2023,82.88,84.54,21.01,115.91,60.13,29.08,53.17,113.19,90.95,92.02,68.77,39.3,70.64,99.53,58.85,40.74,39.29,16.66,52.96,74.76,27.22,33.52,59.32,16.87,62.02,82.63,26.7,70.34,73.715,90.02,63.07
702,06/21/2018,58.51,67.47,12.89,88.85,45.33,26.52,66.6,85.1659574468085,76.91,75.45,60.67,30.4572672836146,55.7,79.84,54.17,29.5506419400856,35.15,17.16,40.97,40.8425,24.78,31.88,68.78,40.53,53.12,77.53,27.84,45.29,56.545,62.03,43.85
703,06/21/2019,77.45,91.55,16.76,107.46,59.15,29.92,78.35,111.582978723404,89.53,89.21,65.41,15.23,77.4,104.26,61.24,35.9486447931526,43.68,21.38,49.96,51.8875,29.36,35.17,68.94,22.96,61.05,97.62,31.75,56.27,70.52,85.42,61.54
704,06/21/2021,83.39,83.19,26.15,99.04,58.53,24.94,75.9,113.114893617021,101.31,75.19,56.1,20.41,80.69,104.49,63.71,31.8901569186876,37.79,18.29,57.33,74.33,25.39,37.91,55.59,10.26,60.06,82.63,28.12,62.5,69.23,90.67,67.14
705,06/21/2022,82.45,89.95,19.89,105.47,61.93,27.75,74.58,117.14,99.21,88.21,60.28,36.8,79.56,104.7,60.94,41.6,35.97,16.65,55.22,72.73,26.98,37,55.54,10.0,59.66,67.29,25.85,67.15,71.41,91.9,64.76
706,06/21/2023,83.2,85.45,20.98,117.58,60.35,29.43,53.29,113.62,91.65,92.92,69.73,39.78,71.23,100.59,59.01,40.91,39.45,16.64,53.27,75.78,27.5,33.88,59.08,17.28,62.58,83.12,26.89,71.64,74.25,90.69,62.81
707,06/22/2018,58.68,67.35,12.86,89.11,45.44,26.62,66.94,85.4893617021277,77.43,75.76,61.7,29.2215568862275,56.03,80.21,54.44,29.6005706134094,35.09,17.39,41.09,41.075,25.06,31.02,69.99,42.92,53.34,78.29,28.26,45.81,57.57,62.29,43.85
708,06/22/2020,70.62,80.62,13.98,100.12,58.77,18.05,83.25,90.8510638297872,82.53,71.42,55.79,12.35,84.18,96.97,59.92,26.7974322396576,39.7,15.61,48.49,61.76,23.23,34.15,35.92,9.97,49.13,73.28,26.35,54.67,59.725,87.85,65.15
709,06/22/2021,82.52,83.26,25.74,98.41,58.61,24.79,75.65,112.127659574468,100.4,74.46,55.66,20.35,80.22,103.22,61.88,31.6191155492154,37.5,18.2,57.23,74.11,25.15,37.33,55.47,10.11,59.62,82.26,27.99,62.08,68.475,90.17,66.75
710,06/22/2022,83.28,90.31,20.25,105.66,62.73,27.8,75.42,117.9,100.16,88.9,60.12,35.08,80.58,104.63,61.22,41.69,36.22,16.34,55.52,74.69,27.39,36.48,53.82,9.9,59.82,68.31,26.17,67.69,71.72,93.37,65.78
711,06/22/2023,82.29,85.1,20.91,115.95,59.61,29.11,53,112.94,90.9,92.12,69.09,39.46,70.75,99.18,58.3,40.54,39.22,16.49,52.73,75.13,27.15,34.92,58.19,17.29,62.11,82.67,26.72,71.3,73.26,89.28,62.76
712,06/23/2020,70,80.95,13.84,98.84,57.82,18.18,82.8,91.2851063829787,81.85,70.94,55.77,12.25,83.39,95,59.64,26.5691868758916,38.78,15.44,47.89,60.8025,22.85,33,35.36,9.91,49.04,72.24,25.76,53.27,59.74,87.09,64.19
713,06/23/2021,81.69,82.65,25.86,97.35,58.54,24.7,74.55,111.114893617021,99.23,73.47,55.01,20.67,78.74,101.38,61.08,31.490727532097,36.95,18.09,56.75,73.35,24.86,36.81,55.23,10.05,59.19,81.14,27.79,61.47,67.78,88.97,66.23
714,06/23/2022,85.31,92.41,20.7,107.04,64.12,28.25,77.15,120.37,103.41,91.31,60.72,33.14,82.1,105.91,62.44,42.23,36.96,16.24,56.53,77.2,27.81,37.76,53.31,9.79,60.43,69.96,26.61,69.28,73.175,95.34,67.28
715,06/23/2023,80.83,83.49,20.43,114.42,58.59,28.47,51.82,110,89.72,90.74,67.76,39.18,69.73,97.13,57.31,39.87,38.49,16.32,51.83,74.17,26.72,34.69,57.69,16.89,61.5,80.81,26.38,70.45,71.875,87.9,62.1
716,06/24/2019,76.9,90.9,16.63,107.02,59.02,29.85,79.22,111.991489361702,89.91,89.65,65.55,15.38,77.39,103.69,61.18,35.7774607703281,43.61,21.16,49.81,52.05,29.33,35.18,67.29,21.67,61.12,96.98,31.58,56.28,70.425,85.26,61.27
717,06/24/2020,69.46,80.71,13.84,98.96,57.4,18.33,82.58,89.5914893617021,80.47,71.53,54.37,11.99,82.42,93.51,59.04,26.0128388017118,37.78,14.81,47.12,60.4175,22.4,32.57,32.3,9.8,48.16,71.62,25.52,52.38,60.02,86.79,63.68
718,06/24/2021,81.25,82.85,25.97,97.46,59.1,24.51,74.61,110.834042553191,99.07,73.43,55.28,21.4,79.28,100.96,61.38,31.5549215406562,37.18,18.24,56.42,72.88,24.84,37.53,55.89,10.0,59.37,81.51,27.93,60.98,67.775,89.08,66.26
719,06/24/2022,87.91,93.6,21.42,109.24,65.19,28.85,78.14,122.91,104.53,92.93,62.79,35.09,83.35,110.55,64.11,43.29,37.29,16.48,57.32,78.02,28.62,38.32,54.57,10.25,62.51,71.75,27.08,69.83,74.72,97.16,68.56
720,06/25/2018,59.65,69.03,12.87,90.53,46.51,27.19,67.88,87.4808510638298,79.08,77.42,62.31,29.292324442025,57.33,81.02,54.91,29.8502139800285,36.2,17.17,42.26,41.6,25.67,31.06,68.7,42.29,54.24,80.01,28.79,46.6,58.305,63.44,45.15
721,06/25/2019,76.58,90.37,16.65,107.93,58.96,29.51,78.7,110.825531914894,90.12,88.94,65.06,14.39,76.98,103.24,61.34,34.9786019971469,43.46,20.58,49.78,51.555,29.34,35.14,66.72,21.6,60.14,96.64,31.42,55.98,70.235,84.94,60.99
722,06/25/2020,68.81,79.3,13.88,97.07,56.77,18.15,81.14,89.2936170212766,79.45,70.62,54.89,11.38,82.36,92.36,58.98,25.2639087018545,37.53,14.96,46.77,59.79,22.33,32.63,32.7,9.73,47.97,71.36,25.59,51.25,58.66,85.21,62.9
723,06/25/2021,81.74,84.77,26.22,98.93,60.13,24.75,75.11,111.71914893617,99.72,73.87,57,22.03,80.29,101.58,61.66,31.8330955777461,37.69,18.29,57.13,73.86,25.1,38.49,56.55,10.17,59.86,82.63,28.3,61.53,68.735,90.1,67.1
724,06/26/2018,59.94,69.3,13.21,89.84,46.51,27.33,67.54,87.8297872340426,78.79,77.48,62.62,29.9673380511704,57.55,80.9,55.21,29.9786019971469,36.06,17.55,42.28,41.6925,25.57,31.33,69.72,42.62,53.72,80.33,28.68,46.09,57.865,63.4,45.33
725,06/26/2019,74.73,88.5,16.32,104.08,57.54,28.65,76.46,108.485106382979,87.98,87.31,63.84,14.79,75.37,101.21,59.65,34.0870185449358,42.53,20.64,48.98,50.7675,28.69,33.7,67.35,21.72,59.08,94.48,31.06,54.98,68.505,83.33,59.45
726,06/26/2020,68.9,78,13.75,97.46,56.52,17.7,79.68,88.6127659574468,78.93,71.28,54.82,10.65,81.85,91.66,58.11,24.7574893009986,36.85,14.47,47.05,59.055,22.35,31.57,30.81,9.13,47.5,71.05,25.07,50.92,56.305,85.54,62.31
727,06/26/2023,81.98,83.78,20.71,116.35,59.59,28.92,52.79,110.5,90.84,91.68,68.8,40.21,70.82,98.95,58.56,40.57,38.77,16.54,52.97,74.29,27.25,35.91,58.6,16.86,62.15,81.95,26.53,71.73,73.025,88.92,62.86
728,06/27/2018,60.49,69.85,13.24,90.13,47.12,27.56,68.03,88.6638297872341,79.52,77.9,62.91,29.9237887860642,57.99,81.74,55.46,30.0998573466476,36.47,17.64,42.41,42.02,25.83,30.93,69.75,42.47,54.06,80.92,28.72,46.33,57.965,63.99,45.69
729,06/27/2019,74.65,87.9,16.54,104.83,57.51,28.51,76.72,108.56170212766,88.55,87.26,65.12,14.43,75.41,101.66,60.07,33.922967189729,42.51,20.41,48.93,51.1375,28.61,34.03,67.4,23.95,58.79,93.74,31.19,55.08,67.77,83.08,59.28
730,06/27/2022,88.97,94.98,21.45,110.75,66.19,28.99,78.62,124.35,105.2,93.56,63.27,36.65,84.09,111.96,64.97,43.89,38.15,16.83,57.93,77.89,29.16,38.61,56.67,10.25,62.83,72.79,27.36,70.37,75.335,99.28,69.33
731,06/27/2023,82.59,83.44,20.91,117.19,59.64,29.21,52.51,110.67,90.52,91.98,69.4,40.34,71.31,98.8,58.72,40.82,38.86,16.8,52.82,73.91,27.44,36.59,59.5,16.94,62.72,82.0,26.63,71.12,73.135,88.7,62.44
732,06/28/2018,60.84,69.34,13.51,90.39,47.04,27.56,68.47,88.4595744680851,79.23,77.94,63.48,30.6151333696244,58.28,81.26,55.71,30.1569186875892,36.19,17.48,42.36,41.7025,26.12,30.71,69.93,42.71,54.19,80.58,28.62,46.34,57.555,64.46,45.66
733,06/28/2019,75.11,88.01,16.76,105.56,57.91,28.63,77.32,108.834042553191,88.24,87.68,67.41,15.81,75.76,102.93,60.15,34.1940085592011,42.81,20.88,49.08,51.215,28.8,35.12,68.81,22.92,58.82,94.09,31.01,55.28,68.72,83.37,59.49
734,06/28/2021,81.92,84.9,26.53,98.75,60.01,24.63,75.24,111.489361702128,100.01,73.82,57.63,21.37,81.46,102.33,61.72,32.0042796005706,38.06,17.97,57.11,75.15,25.16,40.84,55.44,10.35,60.24,82.73,28.25,61.49,68.64,90.96,67.06
735,06/28/2022,89.6,95.08,21.19,110.65,66.56,29.09,78.53,125.23,105.7,94.12,62.39,38.24,83.42,111.85,64.74,43.88,37.79,17.2,58.03,76.44,29.35,37.82,56.98,10.15,62.63,73.16,27.13,70.62,75.605,99.12,69.99
736,06/28/2023,80.85,81.62,20.2,115.26,58.46,28.73,51.66,108.97,89.1,90.11,68.37,39.75,69.59,95.77,57.7,40.09,38.34,17.01,51.8,73.44,27.13,36.56,60.52,16.91,61.5,80.54,26.2,69.87,72.565,87.44,61.24
737,06/29/2018,60.85,69.25,13.41,90.14,47.28,27.71,68.18,88.1957446808511,79.08,77.98,63.27,30.0381056069679,58.61,80.79,56.15,30.3851640513552,35.91,17.67,42.32,41.7575,26.28,30.7,69.83,42.56,54.14,80.56,28.55,46.31,58.055,64.65,45.68
738,06/29/2020,69.73,79.57,14.34,98.38,57.55,18.62,80.61,90.6893617021277,80.25,72.7,55.34,11.06,83.09,93.77,59.18,25.6704707560628,37.99,14.66,47.4,59.56,22.69,32.94,31.81,9.06,49.21,72.96,25.76,51.56,59.06,86.97,62.46
739,06/29/2021,79.91,83.93,26.37,96.41,58.85,24.49,73.51,110.204255319149,98.12,72.05,57.42,21.16,80.13,100.46,60.64,31.7831669044223,37.54,17.85,55.74,74.08,24.64,39.75,55.18,10.1,59.49,81.41,27.77,60.46,66.86,89.02,65.71
740,06/29/2022,89.64,95.37,20.36,110.9,66.5,29.12,79.02,126.05,106.01,94.72,62.86,37.52,83.48,111.69,65.16,44.34,38.23,16.92,57.97,76,29.46,37.82,56.13,9.96,62.61,72.3,27.06,70.67,75.155,99.31,70.21
741,06/29/2023,80.99,83.26,20.43,115.7,58.41,28.72,51.82,109.25,88.88,89.57,68.57,41.04,69.72,95.73,57.56,40.11,38.61,17.2,51.79,72.81,27.17,37.17,61.49,17.07,61.84,80.73,26.18,69.14,72.445,87.25,61.29
742,06/30/2020,70.36,79.64,14.49,99.58,58.42,18.67,81.18,91.4893617021277,79.89,71.93,54.31,11.9,83.27,93.81,59.29,25.8844507845934,38.78,15.17,47.84,60.0425,22.74,32.56,33.22,8.87,49.16,73.29,25.84,51.85,58.615,87.65,62.5
743,06/30/2021,80.04,84.59,26.07,96.11,59.08,24.52,73.57,110.297872340426,98.72,71.72,57.82,22.26,80.24,99.7,60.43,31.60485021398,37.21,18.23,55.76,73.28,24.5,40.3,55.64,10.17,59.74,81.97,27.97,60.51,66.24,88.95,65.88
744,06/30/2022,90.36,95.94,21.01,112.1,67.5,29.58,79.81,126.75,107.21,95.1,63.24,34.4,84.47,112.64,65.25,45.32,38.39,16.76,58.61,77.46,29.49,38.17,55.5,9.98,63.28,73.12,27.13,71.31,75.135,100.64,70.76
745,06/30/2023,81.67,84.2,20.73,116.34,58.75,29.15,51.79,110.02,89.74,90.4,69.45,41.13,70.92,97.37,58.42,40.74,38.88,17.22,52.48,74.2,27.35,37.39,61.72,17.28,62.61,81.46,26.46,70.25,72.795,88.24,62.17
746,07/01/2019,75.21,88.13,16.77,105.27,57.66,28.49,77.05,109.174468085106,88.01,87.36,67.06,16.07,75.66,102,60.16,34.2724679029957,42.74,20.88,48.99,51.005,28.59,35.43,69.59,23.35,58.42,93.92,30.58,54.84,68.33,83.13,59.43
747,07/01/2020,72.49,82,14.41,100.69,59.96,19.27,82.35,93.6170212765957,81.93,73.1,55.33,11.44,85.11,96.72,61.01,26.6476462196862,39.88,14.91,48.76,61.565,23.46,33.15,32.18,9.03,49.75,75.39,26.2,52.87,60.675,89.33,64.19
748,07/01/2021,80.7,85.26,26.33,96.98,60.07,24.73,74.11,111.88,99.55,72.54,57.91,22.14,79.86,101.56,61.39,32.0827389443652,37.66,18.43,56.27,74.19,24.8,40.52,56.93,10.34,60.24,83.08,28.26,61.48,67.045,90.19,67.03
749,07/01/2022,92.19,97.95,21.48,115.15,69.03,30.5,81.24,129.16,109.62,97.24,63.75,34.27,87.15,115.3,66.81,46.07,39.33,16.98,60.07,80.56,30.05,38.84,56.75,10.24,64.67,74.68,27.76,73.14,76.78,102.58,72.63
750,07/02/2018,61.22,70.05,13.14,90.34,47.84,27.57,68.45,89.0127659574468,79.76,78.34,63.85,29.6407185628743,59.02,81.43,56.81,30.5991440798859,36.22,17.43,42.71,42.2525,26.52,30.97,68.95,43.74,53.92,81.45,28.74,46.9,57.77,65.15,46.23
751,07/02/2019,75.9,89.19,16.95,106.54,58.23,29,77.38,110.502127659574,89.14,88.42,67.16,15.08,76.66,103.69,60.65,34.8288159771755,43.43,20.99,49.69,51.915,29.08,35.24,69.36,22.4,58.8,94.99,30.79,55.86,69.1,84.25,60.15
752,07/02/2020,73.23,82.52,14.48,101.18,60.3,19.46,82.69,93.5914893617021,81.84,73.81,55.54,12.67,84.67,96.86,61.46,26.7332382310984,39.92,15.12,49.42,61.6,23.36,32.79,32.15,9.45,50.11,76.03,26.18,52.79,60.47,90.17,64.1
753,07/02/2021,80.7,85.2,26.16,97.11,59.91,24.91,74.21,111.74,99.51,72.47,57.05,21.61,80.7,101.81,61.58,32.1897289586305,37.48,18.57,56.42,74.28,24.83,41.41,57.39,10.42,60.1,82.9,28.25,61.53,67.395,90.02,66.82
754,07/03/2018,61.23,70.5,13.01,91.27,47.96,27.61,69.31,89.3787234042553,79.81,78.46,64.38,29.6679368535656,59.52,81.38,56.55,30.5349500713267,36.43,17.69,42.99,42.14,26.73,30.58,69.33,43.97,53.49,81.82,29.04,47.0,58.06,65.18,46.25
755,07/03/2019,76.52,90.14,17.28,107.32,58.98,29.43,78.11,111.565957446809,90.1,89.23,67.69,15.06,77.12,104.54,61.36,34.9714693295292,43.82,21.08,50.18,52.1825,29.51,35.81,70.2,22.37,59.58,95.63,31.09,56.31,68.825,85.13,60.71
756,07/03/2023,82.85,85.32,21.07,117.3,59.8,29.45,52.61,111.25,90.72,91.05,69.09,40.68,71.05,98.14,58.8,41.05,39.02,17.25,53.08,74.38,27.42,37.62,62.4,17.28,62.87,81.74,26.67,70.57,72.59,89.32,62.98
757,07/05/2018,61.55,71.13,12.97,92.05,48.18,27.75,69.74,90.4936170212766,80.61,78.99,65.28,29.9237887860642,59.72,81.96,56.56,30.6134094151213,36.66,17.58,43.41,42.135,26.8,30.73,70.23,44.18,53.42,82.38,29.46,47.56,58.65,65.68,46.59
758,07/05/2019,76.45,89.84,17.12,107.11,58.72,29.44,77.9,111.378723404255,89.68,88.81,67.18,15.47,76.99,104.34,61.53,35.09272467903,43.73,21.11,49.95,52.0275,29.45,36.09,70.28,21.79,59.57,95.29,31.01,56.36,69.19,85.02,60.69
759,07/05/2022,87.99,93.58,21.18,110.61,66.11,29.09,79.43,124.19,106.34,92.69,61.69,32.22,83.37,109.76,64.01,43.62,37.63,16.58,57.92,79.11,28.55,37.59,55.1,9.84,62.56,71.66,26.83,70.82,73.495,98.86,69.89
760,07/05/2023,83.74,85.8,21.45,118.59,60.22,29.63,53.09,112.5,91.61,92.85,70.23,40.4,71.64,99.16,59.75,41.48,39.54,17.08,53.58,74.95,27.88,38.35,61.59,17.82,63.65,82.68,26.72,71.68,73.11,90.35,63.79
761,07/06/2018,62.03,71.56,13,92.57,48.59,27.94,70.02,91.0893617021277,81.62,79.5,66.26,30.4409363091998,60.31,82.56,56.76,30.734664764622,36.77,17.93,43.84,42.5775,26.88,31.13,71.21,45.03,53.27,82.74,29.57,47.76,58.89,66.41,46.96
762,07/06/2020,73.34,82.12,14.47,101.24,60.03,19.6,73.59,92.2808510638298,79.81,73.1,56.05,13.6,83.86,96.4,61.46,26.6761768901569,40.18,15.19,49,61.74,23.29,33.03,28.29,9.15,50.62,76.8,25.88,52.61,60.225,89.94,63.58
763,07/06/2021,81.4,85.24,26,97.08,59.81,24.89,75.39,112.3,99.83,72.94,57.37,20.68,81.04,102.31,61.71,32.0114122681883,37.67,18.44,56.39,75.13,24.87,40.99,56.49,10.5,60.3,83.47,28.17,61.64,66.685,90.7,67.07
764,07/06/2022,88.51,94.8,21.04,113,67.37,29.34,80.03,126.16,107.58,93.1,62.25,31.65,84.15,111.37,64.96,44.26,37.44,16.36,58.38,79.57,29.07,37.3,54.23,9.83,62.98,71.9,27.05,71.47,73.73,101.26,71.01
765,07/06/2023,83.28,85.33,21.1,117.54,60.03,29.46,52.35,111.17,90.56,92.17,69.43,39.28,71.38,98.78,59.6,41.06,39.1,16.86,53.31,73.02,27.73,37.8,60.94,17.53,62.93,82.05,26.56,70.79,72.105,89.98,63.76
766,07/07/2020,73.34,82.39,14.14,100.07,59.49,19.49,74.22,91.1404255319149,80.82,72.5,54.48,14.07,84.33,95.85,60.84,26.3908701854494,40.25,14.67,48.47,61.68,23.33,32.75,27.58,8.96,50.29,76.0,25.43,52.72,58.88,88.7,63.6
767,07/07/2021,82.32,85.62,25.99,97.95,60.15,25.01,75.64,113.96,100.37,73.34,57.65,20.55,82.7,102.79,61.82,32.1897289586305,37.86,18.3,56.83,75.33,25.03,41.41,55.44,10.36,60.85,83.56,28.16,61.69,66.725,91.79,67.69
768,07/07/2022,88.24,94.52,21.41,112.34,66.38,29.31,79.82,125.34,106.83,92.3,62.72,34.54,83.59,110.6,64.44,44.39,37.23,16.89,57.81,80.38,28.5,37.71,56.51,10.19,62.8,71.32,27.25,71.29,73.84,99.81,69.58
769,07/07/2023,82.26,84.29,21.09,117.31,59.3,29.48,52.24,109.99,89.77,92.03,68.86,39.71,70.83,97.46,58.69,40.96,38.77,16.92,52.63,72.05,27.52,38.12,62.17,17.4,62.54,81.92,26.21,70.68,72.065,88.98,62.93
770,07/08/2019,76.47,89.93,17.15,106.81,58.88,29.16,78.16,111.514893617021,89.66,88.86,69.29,15.08,77.04,104.37,61.29,34.7860199714693,43.55,21.06,49.93,52.2825,29.4,35.71,69.57,21.73,59.69,95.36,31.03,56.31,69.26,85.29,60.85
771,07/08/2020,73.94,82.42,14.44,99.38,59.4,19.33,75.22,91.8297872340426,81.44,72.43,54.46,13.31,85.14,96.9,61.38,26.4978601997147,40.63,14.52,48.51,63.3175,23.38,33.19,27.36,8.78,50.87,76.72,25.72,53.06,58.625,88.74,63.77
772,07/08/2021,82.06,85.31,25.49,97.66,60.27,25.26,75.95,114.23,100.56,73.36,57.52,21.34,82.61,102.27,61.81,32.0470756062767,37.42,18.17,56.84,75.13,24.95,41.11,55.38,10.16,60.54,83.06,28.16,61.55,65.965,92.21,67.5
773,07/08/2022,87.75,94.34,21.5,112.05,66.02,29.37,79.38,124.85,105.91,91.97,62.47,34.2,83.32,110.09,64.4,44.29,37.13,16.97,57.34,80.25,28.47,37.83,56.82,10.27,62.46,70.87,27.18,71.19,73.635,99.51,69.6
774,07/09/2018,59.97,68.87,12.63,89.81,46.78,26.92,68.08,87.7872340425532,78.64,76.86,64.47,30.9689711486119,58.46,80.15,54.77,29.8502139800285,35.32,18.1,42.18,41.33,26.06,30.57,71.31,45.09,51.39,79.48,28.09,46.37,57.815,64.03,45.16
775,07/09/2019,76.61,90.36,17.06,106.98,58.88,29.09,78.22,111.676595744681,89.4,88.72,69.72,15.66,76.96,104.24,61.45,34.9358059914408,43.54,21.24,50.11,52.04,29.56,35.59,69.82,21.89,60.02,95.52,30.69,56.56,69.525,85.7,60.89
776,07/09/2020,73.65,82.02,13.92,97.69,58.99,18.95,73.77,90.7829787234043,79.74,71.71,53.93,13.17,84.57,96.45,60.87,26.1198288159772,40.19,13.91,48.25,62.9975,22.95,32.31,26.15,8.59,49.79,76.25,24.4,51.94,58.145,87.47,63.24
777,07/09/2021,81.92,85.39,25.73,98.53,60.31,25.47,75.55,115.6,100.66,73.3,58.28,21.71,82.63,102.92,61.79,32.0328102710414,37.53,18.67,56.76,74.99,25.14,41.97,57.52,10.37,60.49,83.65,28.44,61.47,66.43,91.84,67.67
778,07/10/2018,60.5,69.78,12.84,90.67,47.21,27.11,69.08,88.5106382978723,79.52,77.86,64.99,30.7022318998367,58.72,80.93,55,30.0784593437946,35.39,18.22,42.55,41.86,26.24,30.97,71.22,43.72,52.04,79.91,28.31,47.34,58.65,64.53,45.69
779,07/10/2019,76.65,90.81,16.99,106.81,58.92,29.01,78.13,111.965957446809,89.63,89.11,69.62,15.94,77.67,104.67,61.69,35.2139800285307,43.49,21.18,50.37,52.37,29.5,35.96,70.45,21.4,60.22,95.46,30.35,56.91,69.83,86.13,61.17
780,07/10/2020,74.54,84.15,14.36,99.09,59.47,19.27,73.58,91.4978723404255,81.32,72.48,55.33,13.02,85.44,98.15,61.98,26.6690442225392,41.27,14.24,49.04,64.9,23.57,32.96,26.72,9.09,50.59,78.26,25.25,53.23,59.585,88.05,63.77
781,07/10/2023,82.1,84.34,21.02,117.58,58.85,29.46,51.58,109.5,89.22,91.39,68.31,40.29,70.38,96.36,58.03,40.98,38.57,16.95,52.04,71.71,27.21,37.83,62.4,17.35,62.17,81.38,25.96,70.14,72.225,88.51,62.65
782,07/11/2018,61.38,70.75,13.03,91.06,47.89,27.51,69.56,89.9234042553191,80.38,79.03,65.68,30.3810560696788,59.25,82.21,55.97,30.2781740370899,35.9,17.86,43.11,42.1025,26.38,30.67,70.31,43.65,52.62,80.84,28.47,47.77,57.84,65.31,46.39
783,07/11/2019,76.68,90.93,16.96,107,59,29.06,77.91,112.017021276596,89.45,89.24,69.95,15.37,78.06,104.45,61.55,35.3352353780314,43.59,21.27,50.29,52.6,29.52,35.99,71.06,20.45,60.36,94.71,30.46,56.49,70.195,86.12,61.19
784,07/11/2022,87.92,95.01,21.3,112.12,66.26,29.53,79.78,126,107.96,92.93,62.5,34.56,83.72,110.78,64.96,44.43,37.42,16.86,57.92,80.68,28.8,37.5,55.78,10.12,62.48,71.47,27.31,71.77,74.265,100.57,69.89
785,07/11/2023,83.42,86.02,21.4,118.48,59.71,29.88,51.99,110.85,90.88,92.54,69.38,40.56,71.36,97.6,58.93,41.71,38.92,17.25,52.95,72.19,27.56,37.99,63.34,17.68,62.96,82.17,26.3,70.73,73.47,89.49,63.12
786,07/12/2018,61.37,70.38,13.1,91.13,47.92,27.83,70.06,90.1446808510638,80.5,79.22,65.67,30.0653238976592,59.14,82.18,55.75,30.206847360913,35.65,18.03,43.14,42.1225,26.3,31.48,70.86,43.66,52.33,80.35,28.65,47.98,57.815,65.58,46.34
787,07/12/2019,76.16,90.25,17.08,106.46,58.58,28.87,77.5,110.978723404255,88.7,88.96,70.64,15.82,77.54,103.87,61.14,34.9928673323823,43.41,21.29,49.85,52.1825,29.34,35.99,71.3,19.4,60.55,93.51,30.26,55.67,69.945,85.47,60.8
788,07/12/2021,82.88,85.41,25.95,99.44,60.36,25.21,75.55,116,101.53,73.36,58.2,21.4,82.5,103.04,61.9,32.2967189728959,37.48,18.52,56.94,75.09,25.24,41.29,56.92,10.21,60.7,83.78,28.37,61.8,66.72,92.37,67.84
789,07/12/2022,87.52,94.37,21.07,111.85,65.91,29.44,79.25,125.21,107.67,92.82,62.28,34.39,83.38,110.98,64.97,44.23,37.41,16.65,57.82,79.95,28.68,37.69,55.0,10.11,61.74,71.0,27.24,71.98,73.425,100.46,69.5
790,07/12/2023,84.57,87.24,21.59,120.37,60.82,30.36,52.69,112.81,92.36,93.09,70.46,39.78,72.42,98.33,60.15,42.05,39.45,17.54,53.85,73.47,28.07,37.9,64.37,18.18,63.71,83.34,26.69,71.59,74.365,90.81,63.79
791,07/13/2018,61.39,70.35,13.18,91.13,47.85,27.76,69.99,90.3744680851064,80.62,79.46,65.64,30.223189983669,59.14,81.89,55.91,30.2353780313837,35.84,17.91,42.93,42.38,26.3,31.57,71.4,43.27,52.04,80.15,28.52,47.96,58.255,65.19,46.27
792,07/13/2020,75.56,84.76,14.64,99.69,59.38,19.21,73.68,92.3489361702128,81.42,72.16,55.98,12.49,85.94,96.34,61.6,26.7261055634807,40.84,14.19,48.95,64.06,24.02,33.23,26.59,9.06,51.81,78.91,25.25,53.18,60.085,87.72,64.17
793,07/13/2021,82.63,85.24,24.92,98.8,60,24.68,74.5,114.9,101.53,72.63,57.31,21.39,82.93,101.66,61.49,31.9472182596291,37.02,18.28,56.53,74.86,24.97,40.62,55.92,9.99,59.83,83.1,27.93,61.34,66.06,91.89,67.58
794,07/13/2022,87.08,93.9,20.91,111.08,65.94,29.08,78.66,124.51,107.24,92.53,62.2,36.66,82.8,109.52,64.49,43.6,37.19,16.6,57.77,80.26,28.61,37.12,55.03,10.08,61.0,69.95,27.06,71.2,73.365,100.13,69.2
795,07/13/2023,85.25,87.28,21.83,120.39,60.83,30.43,53.04,113.43,93.31,93.77,70.95,39.41,73.04,99.02,60.51,42.18,39.85,17.6,54.28,73.71,28.16,37.27,65.32,18.04,64.04,83.25,26.85,71.48,74.78,91.52,64.33
796,07/14/2020,76.57,85.35,14.76,100.43,60.1,19.28,73.92,92.5787234042553,81.69,72.17,56.67,12.61,86.42,97.63,62.37,27.0114122681883,40.92,14.55,49.49,65.6375,23.75,33.84,27.22,9.36,51.52,79.62,25.54,53.68,60.92,88.1,64.64
797,07/14/2021,83.22,86.18,24.95,99.45,60.48,24.77,75.24,114.9,102.7,73.19,57.24,20.51,84.04,102.53,62.31,32.1968616262482,37.05,17.93,57.23,75.7,25.18,40.61,54.88,9.92,60.39,84.14,28.07,61.89,66.085,93.15,68.09
798,07/14/2022,87.05,94.27,20.52,110.92,65.79,29.12,78.77,124.51,106.95,92.84,61.29,36.12,83.48,109.75,64.82,44.15,37.37,16.58,57.88,80.13,28.71,36.26,54.85,10.01,60.34,70.42,27.12,71.86,74.005,100.11,69.31
799,07/14/2023,85.47,87.22,21.6,119.44,60.95,30.12,52.64,112.95,93.01,93.08,70.47,38.21,72.82,99.88,60.16,42.02,39.75,17.21,54.16,73.2,27.94,36.45,63.73,17.82,63.84,83.2,26.76,71.38,74.22,91.4,64.27
800,07/15/2019,76.29,91.19,17.15,107.26,58.62,28.99,78.09,110.629787234043,89.38,88.55,70.56,15.62,77.75,104.84,60.98,34.8644793152639,43.86,21.24,50,52.2125,29.42,35.64,70.98,17.74,61.05,93.77,30.51,56.11,69.995,86.35,61.18
801,07/15/2020,75.93,84.68,15.07,100.64,59.74,19.3,75.45,92.936170212766,80.43,71.51,55.28,12.75,85,96.24,61.23,27.1398002853067,40.82,14.96,49.37,64.75,23.72,34.02,28.83,9.2,52.4,79.88,25.69,53.02,61.575,87.46,64.2
802,07/15/2021,84.07,87.18,24.58,100.82,61.51,25.32,76.14,115.79,103.94,74.36,57.66,19.96,86.11,103.62,63.23,32.6176890156919,37.42,17.86,57.81,76.82,25.56,40.24,54.47,9.97,61.19,84.5,28.21,62.67,66.28,94.75,68.72
803,07/15/2022,87.75,95.22,20.35,111.9,66.2,29.61,79.2,125.18,107.43,93.4,61.56,36.62,83.66,110.12,65.04,44.23,37.47,16.76,58.16,78.71,28.78,35.98,55.7,10.32,60.55,70.74,27.53,72.33,75.62,100.75,69.96
804,07/16/2018,61.34,70.42,13.13,91.11,47.71,27.73,69.88,90.468085106383,80.78,79.2,65.66,29.8693522046815,59.04,81.81,56,30.0641940085592,36.15,17.8,42.78,42.375,26.26,32.15,70.01,43.04,51.81,80.31,28.52,47.71,57.88,65.04,46.07
805,07/16/2019,76.23,90.51,17.29,107.1,58.4,28.9,77.48,110.255319148936,89.03,87.82,70.1,15.12,77.09,104.88,61.06,34.5221112696148,43.55,20.91,49.95,51.97,29.14,34.09,70.15,18.13,60.51,93.3,30.36,55.66,69.63,86.14,61.0
806,07/16/2020,76.79,85.09,14.88,100.55,60.33,19.29,76.95,93.3617021276596,81.07,71.84,56.09,12.66,85.81,98.33,61.41,27.1469329529244,41.29,14.99,49.73,67.095,23.85,33.84,28.85,9.02,52.91,80.56,25.85,53.74,61.315,87.76,64.99
807,07/16/2021,85.06,87.49,24.36,101.24,62.01,25.59,77.16,117.05,104.76,74.93,57.99,18.95,87.36,104.72,64.56,32.8031383737518,37.79,17.64,58.55,77.92,25.75,40.54,53.31,9.79,61.74,86.39,28.59,63.11,67.1,95.44,69.13
808,07/17/2018,61.27,70.44,12.85,90.8,47.6,27.71,70.38,90.536170212766,80.65,78.96,65.55,29.9074578116494,58.87,81.7,56.03,29.9001426533524,36.26,17.69,42.88,42.5525,26.12,32.27,70.33,42.57,51.74,80.24,28.41,47.65,57.805,64.92,45.86
809,07/17/2019,76.74,91.02,17.65,107.92,58.67,29.01,77.37,110.706382978723,89.14,87.59,69.68,14.96,77.36,105.54,61.02,34.6647646219686,43.73,20.59,50.27,52.4775,29.26,34.8,69.64,18.45,60.89,94.05,30.39,55.79,69.975,86.9,61.28
810,07/17/2020,78.74,87.51,15.63,101.06,61.76,19.86,78.58,94.9021276595745,82.4,74.07,56.36,12.48,87.84,100.44,63.22,28.1027104136947,42.14,14.92,50.77,68.845,24.34,33.72,28.67,9.22,55.08,82.53,26.0,54.58,62.41,90.53,66.39
811,07/17/2023,84.43,85.48,21.38,119.69,60,29.68,51.31,110.66,91.78,92.42,69.89,38.46,72.18,98.74,59.45,41.78,39.24,17.13,53.3,72.66,27.47,36.35,63.41,17.83,62.92,82.43,26.45,70.18,73.06,89.52,63.21
812,07/18/2018,61.07,70.24,12.73,90.54,47.38,27.61,69.95,90.263829787234,80.44,78.54,65.19,29.8693522046815,58.52,80.54,55.55,29.9001426533524,35.66,17.78,42.69,42.355,25.9,32.47,70.13,42.14,51.75,79.99,27.99,47.55,57.16,64.72,45.62
813,07/18/2019,77.16,91.76,17.53,108.41,59.13,29.25,77.42,111.795744680851,89.79,88.35,70.78,15.25,78.4,106.75,61.51,34.7788873038516,44.03,20.42,50.85,53.09,29.59,35.1,69.16,18.46,61.05,95.15,30.7,56.13,70.585,87.85,61.93
814,07/18/2022,86.42,93.37,20.28,111.9,64.81,29.56,78.01,123.67,105.43,91.63,60.98,37.86,82.45,109.27,64.43,43.76,37.39,16.93,56.81,77.51,28.39,35.59,56.96,10.35,60.06,69.93,27.19,71.69,74.68,98.81,68.55
815,07/18/2023,84.31,84.67,21.75,119.35,59.35,29.44,51.05,109.31,90.91,92.14,69.37,39.64,71.41,99,58.96,41.28,38.85,17.28,53.01,72.05,27.29,36.96,64.32,17.51,62.65,82.54,26.32,69.09,72.53,88.68,63.0
816,07/19/2018,61.71,70.64,13.03,91.73,47.86,28.02,72,91.3787234042553,81.2,78.78,65.83,30.3157321720196,59.16,81,56.15,30.1283880171184,35.64,17.99,42.96,42.5625,26.15,32.3,70.44,42.26,52.17,80.78,28.31,47.92,57.655,65.24,45.91
817,07/19/2019,75.98,90.28,17.22,107.27,58.26,28.64,76.85,109.608510638298,88.45,87.24,70.17,15.45,76.77,105.6,60.79,33.9300998573466,43.49,20.5,49.93,52.4325,29.2,35.14,68.53,17.79,60.18,93.59,30.17,55.27,70.025,86.31,60.77
818,07/19/2021,83.98,85.77,23.58,98.95,61.45,24.87,75.86,113.9,103.89,73.77,56.19,18.8,86.23,101.61,64.11,32.3252496433666,37.36,17.18,58.05,76.99,24.96,39.02,50.2,9.21,60.19,84.31,28.01,62.79,64.91,94.23,68.27
819,07/19/2022,86.47,93.59,20.62,113.47,64.96,29.75,77.78,124.09,105.54,92.22,61.64,39.14,83.25,110.22,64.36,43.7,37.9,17.31,57.17,78.93,28.5,35.74,58.36,10.69,60.41,70.21,27.4,71.75,75.795,99.07,68.86
820,07/19/2023,85.19,85.37,22.1,121.17,60.51,29.82,51.97,111.24,91.65,93.49,70.64,39.87,72.15,101.27,59.78,41.51,39.17,17.29,53.71,72.1,27.7,38.0,64.77,17.74,63.4,82.42,27.0,70.14,73.265,89.63,63.39
821,07/20/2018,61.34,70.41,13.03,91.44,47.42,27.76,71.27,90.7234042553191,80.65,78.05,65.06,30.3102885138813,58.75,80.51,55.71,29.9928673323823,35.31,17.69,42.54,42.4925,25.95,32.14,69.93,41.44,51.36,79.94,28.01,47.52,57.13,64.84,45.63
822,07/20/2020,77.79,86.72,15.26,99.81,61.4,19.18,77.55,92.9446808510638,81.1,73.26,54.89,12.37,86.61,98.39,62.66,27.3323823109843,41.26,14.5,50.45,68.5825,23.75,33.42,28.25,9.33,52.82,80.78,25.36,54.26,61.31,90.14,65.95
823,07/20/2021,83.98,85.74,24.1,99.49,61.94,25.24,75.67,116.12,103.74,73.57,56.85,19.49,85.94,102.35,64,32.8530670470756,37.62,17.47,58.31,77.17,25.17,39.45,52.38,9.42,60.67,84.87,28.2,62.95,65.96,93.82,68.16
824,07/20/2022,85.85,92.71,19.98,111.7,63.88,29.38,75.77,121.46,102.99,90.64,60.86,41.21,82.48,108.27,63.15,43.1,37.69,17.32,56.42,78.32,28.29,35.84,58.43,10.7,59.64,69.66,27.14,70.94,76.385,96.13,67.6
825,07/20/2023,86.93,86.82,21.83,122.18,61.72,30.37,53.11,113.13,93.2,95.89,72.15,40.82,73.54,103.72,60.73,42.01,39.67,17.64,54.78,74.1,28.02,38.71,65.93,17.73,64.46,84.5,27.39,71.07,74.805,91.26,64.56
826,07/21/2020,78,87.56,15.42,102.15,62.14,19.4,78.21,94.5617021276596,82.33,74.28,55.95,13.36,87.17,99.55,62.99,27.6248216833096,34.25,15.09,50.73,69.0825,23.81,33.53,29.98,9.49,52.27,80.92,25.36,54.87,62.64,91.14,66.22
827,07/21/2021,82.3,84.72,24.36,98.25,61.04,25.17,74.72,115.04,103.16,72.78,56.2,20.47,83.78,101.15,63.91,32.6961483594865,37.54,17.85,57.42,75.88,24.79,40.13,53.46,9.49,60.05,83.64,28.09,62.82,65.15,92.1,67.06
828,07/21/2022,86.31,92.79,19.91,112.62,63.92,29.32,75.96,121.52,103.54,90.82,60.76,42.44,83.02,107.96,63.37,43.26,37.82,17.66,56.55,78.87,28.09,36.04,58.4,10.58,59.6,69.39,27.24,70.85,76.745,96.23,67.7
829,07/21/2023,88.29,87.93,22.49,123.28,62.89,30.91,53.78,115.12,94.78,97.13,72.4,39.9,74.31,103.99,61.56,42.55,40.09,17.8,55.74,75.9,28.08,38.2,66.49,17.96,65.13,85.42,27.89,73.06,75.535,92.37,65.21
830,07/22/2019,76.28,90.12,17.06,107.44,58.29,28.68,76.26,109.455319148936,88.15,86.82,69.68,15.53,76.91,105.4,60.58,33.7232524964337,43.6,20.77,49.89,52.34,29.14,34.94,69.14,17.65,59.77,93.36,30.16,55.48,70.285,86.28,60.71
831,07/22/2020,80.21,89.28,15.6,104.03,64.08,20.01,79.55,97.4042553191489,84.15,75.76,56.71,13.03,89.63,103.13,64.1,27.8102710413695,27.09,14.89,52.55,70.105,24.64,33.59,29.5,9.5,52.99,82.98,26.16,55.78,63.94,93.46,68.38
832,07/22/2021,82.49,84.88,24.02,97.66,61.23,25.03,74.39,114.88,102.92,73.04,55.9,20.44,84.81,100.89,64.14,32.8174037089872,39.15,17.47,57.56,76.12,24.88,40.64,53.09,9.33,60.21,83.18,28.07,62.98,64.56,92.47,67.24
833,07/22/2022,87.43,94.35,19.73,113.35,65.18,29.7,77.35,123.75,104.98,92.44,61.33,42.23,84.06,109.37,64.31,44.02,38.32,17.65,57.43,80.25,28.44,35.63,57.99,10.63,60.1,70.24,27.33,71.94,77.12,97.86,68.67
834,07/23/2018,60.93,69.44,13.07,90.82,47.09,27.64,70.99,90.5787234042553,79.97,77.46,65.05,29.8911268372346,58.46,79.41,55.05,29.679029957204,34.83,17.7,42.18,42.2075,25.74,31.6,70.15,41.53,51.03,79.16,28.13,47.36,56.785,64.3,45.28
835,07/23/2019,76.23,89.51,16.83,107.63,58.27,28.69,75.43,109.08085106383,87.68,86.51,70.27,15.67,76.75,104.86,60.67,33.0670470756063,43.32,20.59,49.59,51.825,29.22,34.49,68.51,18.89,59.45,92.84,30.09,55.42,69.475,85.76,60.41
836,07/23/2020,80.52,88.71,15.68,103.7,64.05,20.21,80.59,97.8297872340426,83.99,76.25,56.66,14.23,90.03,104.02,64.37,27.5606276747504,27.4,14.49,53.25,70.2425,24.74,33.23,28.96,9.47,52.71,82.31,25.91,55.56,63.67,93.79,68.27
837,07/23/2021,83.39,85.98,23.9,99.45,62.08,25.18,75.32,116.36,104.47,74.18,56.23,20.22,86.22,102.74,65.08,33.1811697574893,38.47,17.37,58.61,77.2,25.21,41,52.95,9.22,61.22,84.55,28.26,63.86,65.36,94.03,68.27
838,07/24/2018,61,69.06,13.11,90.62,47.41,27.93,70.91,90.8255319148936,79.89,77.61,66.06,29.940119760479,58.82,78.98,54.99,29.7075606276748,34.55,17.65,42.19,42.5525,25.79,31.2,70.38,42.49,51.16,78.98,28.45,47.54,57.25,64.43,45.54
839,07/24/2019,76.43,89.61,16.87,107.64,58.01,28.43,75.18,108.689361702128,87.18,86.53,71.02,15.92,76.42,104.66,60.73,32.4393723252496,43.62,20.65,49.51,52.515,29.46,34.76,68.43,18.89,59.38,91.8,30.32,55.64,69.88,85.8,60.46
840,07/24/2020,79.52,88.05,15.4,103,63.53,19.74,80.41,97.5063829787234,82.79,75.58,56.02,14.17,89.48,102.66,64.06,26.9614835948645,29.48,14.25,53.12,70.0625,24.54,34.19,28.72,9.36,52.27,81.38,25.71,54.85,62.81,93.59,67.88
841,07/24/2023,87.28,87.6,21.62,123.17,62.67,30.87,53.89,115.01,94.77,97.13,72.54,39.7,73.7,104.46,61.15,42.83,40,18.11,55.55,75.5,28.05,37.88,67.25,17.88,64.56,85.33,27.8,72.95,75.625,92.21,65.08
842,07/25/2018,61.36,69.38,13.4,90.4,47.88,28.1,71.03,92.1702127659574,80.18,77.39,66.83,30.1741970604246,59.34,79.25,55.04,29.8716119828816,34.72,17.9,42.12,41.9375,25.79,31.36,70.89,42.99,51.44,79.75,28.76,47.55,57.735,64.44,45.69
843,07/25/2019,76.25,89.08,16.91,107.11,57.96,28.55,74.86,108.987234042553,86.49,86.09,70.03,14.82,76.2,104.02,60.58,32.9029957203994,43.87,20.58,49.39,51.9075,29.39,34.87,68.57,18.35,59.65,91.06,30.18,55.36,70.23,85.86,60.19
844,07/25/2022,88.28,95.8,20,114.77,65.87,30.1,78.6,124.91,105.98,94.09,62.75,44.98,84.88,110.79,64.95,44.42,38.62,18.02,57.9,80.98,29.03,35.95,59.14,10.75,60.69,71.43,27.85,72.69,79.135,98.96,69.46
845,07/25/2023,88.02,87.54,21.87,123.85,63.06,31.1,54.12,115.44,95.29,97.71,72.39,39.64,73.89,104.45,61,43.02,40.05,18.06,55.56,75.44,28.12,38.35,67.54,17.96,64.88,85.24,27.97,72.61,75.705,92.04,64.96
846,07/26/2018,62.15,71.04,13.4,91.31,48.14,28.17,71.5,92.6127659574468,81.14,78.3,68.04,29.5808383233533,60.36,80.43,55.48,30.1497860199715,35.21,18.03,43.06,42.04,26.12,31.68,71.29,44.7,51.8,80.96,28.96,48.08,57.885,65.47,46.88
847,07/26/2019,76.59,88.95,16.94,108.13,58.69,28.8,75.15,110.102127659574,86.91,86.34,70.95,14.31,76.24,103.69,60.72,32.6818830242511,44.06,20.85,49.79,52.2925,29.5,34.46,68.49,18.7,59.54,92.02,30.32,55.74,70.13,86.66,60.51
848,07/26/2021,83.25,87.68,24,99.52,61.98,25.35,75.09,115.88,104.58,73.96,55.49,20.87,85.82,103.78,65.15,33.1027104136947,38.76,17.83,58.6,76.91,25.24,40.71,53.83,8.75,61.55,84.89,28.37,63.73,65.35,94.16,68.31
849,07/26/2022,89.4,96.42,20.14,116.25,66.68,30.5,79.25,126.25,107.02,95.36,63.22,45.57,85.4,111.28,65.7,44.7,39.09,18,58.65,79.91,29.2,36.36,60.04,10.58,61.45,72.27,28.04,73.51,79.84,100.65,70.21
850,07/26/2023,88.1,87.61,21.9,124.41,63.42,31.2,54.45,115.87,95.56,97.5,72.1,41.52,73.62,104.39,61.32,43.2,40.02,17.95,55.66,74.37,28.43,38.5,67.6,17.9,64.92,84.74,28.06,73.09,75.975,92.54,65.05
851,07/27/2018,61.94,71.14,13.37,90.88,48.12,28.16,71.26,92.4340425531915,81.09,78.55,66.51,27.1366358192706,60.08,80.55,55.33,30.0998573466476,35.01,17.9,42.94,41.745,26.17,31.58,70.12,43.48,51.43,80.66,28.79,47.97,57.485,65.69,46.59
852,07/27/2020,79.01,83.26,15.25,102.57,62.99,19.07,80.22,97.0297872340426,81.29,74.76,53.16,13.41,88.7,101.73,63.98,26.8045649072753,29.28,14.2,52.87,69.4075,24.28,33.74,28.02,9.05,51.99,80.28,25.25,54.26,61.49,93.34,67.51
853,07/27/2021,84.99,89.39,24.31,101.1,63.22,25.69,76.83,118.7,106.36,75.53,57.15,20.32,87.6,105.34,66.3,33.6947218259629,38.87,17.75,59.73,77.86,25.6,41.15,52.92,8.99,62.85,86.36,28.74,64.54,66.315,96.5,69.46
854,07/27/2022,89.39,96.29,20.35,116.49,66.71,30.55,79.2,126.64,106.52,95.69,63.39,45.44,85.21,111.06,66.4,44.46,39.33,18.06,58.71,80.38,29.31,36.48,60.29,10.78,61.9,72.07,28.08,73.26,79.975,100.47,70.25
855,07/27/2023,86.62,85.26,21.38,122.26,61.6,30.36,53.36,114.34,94.44,95.75,70.86,41.42,72.27,103.63,59.82,41.96,39.24,17.8,54.53,73.27,27.98,37.32,66.94,17.59,63.3,84.03,27.49,72.86,74.68,90.58,62.87
856,07/28/2020,79.67,84.74,15.2,104.6,63.53,19.35,82.06,97.5574468085106,84.6,76.36,55.11,13.82,90.14,102.67,64.74,27.0827389443652,29.14,14.12,53.62,70.01,24.67,33.74,28.06,8.94,52.41,81.23,25.92,55.28,62.325,94.58,68.37
857,07/28/2021,84.19,88.99,24.22,100.35,62.26,25.66,75.74,117.69,105.65,74.59,56.82,20.75,86.38,104.31,65.21,33.509272467903,38.14,17.77,59.37,77.85,25.5,41.71,53.34,9.15,62.5,85.32,28.59,63.99,66.39,94.44,68.7
858,07/28/2022,92.06,97.62,22.28,119.93,68.53,31.5,81.32,129.21,108.95,98.48,65.49,42.75,88.26,114,67.61,46.27,40.14,18.04,60.03,84.54,29.93,37.51,60.37,10.78,65.44,73.69,28.79,75.84,81.79,103.0,72.21
859,07/28/2023,85.83,85.42,21.7,122.1,61.02,30.1,53.5,113.57,93.34,95.64,72.96,42.28,72.1,103.27,60.15,41.7,39.34,17.57,53.89,72.85,27.75,37.71,67.22,17.66,63.18,83.8,27.46,72.35,74.65,90.06,62.89
860,07/29/2019,76.85,89.74,17.06,108.87,59.18,28.76,75.05,109.770212765957,87.79,86.66,70.6,13.65,76.81,104.94,61.2,32.8459343794579,44.47,20.89,50.15,52.845,29.81,34.49,66.8,18.28,59.31,93.12,30.06,56.11,69.75,87.5,60.98
861,07/29/2020,80.15,84.8,15.56,105.66,63.97,19.43,82.26,98.0595744680851,84.97,76.7,53.78,14.49,90.49,104.13,64.33,27.5035663338088,28.64,14.53,54.01,70.36,24.76,33.64,29.72,9.2,52.59,82.09,26.21,55.39,62.505,94.97,68.73
862,07/29/2021,84.27,89.14,24.27,100.19,62.35,25.81,75.51,118.13,105.68,74.52,57.22,18.69,86.39,104.38,65.36,33.7517831669044,38.05,17.9,58.9,78.16,25.2,41.73,53.8,9.08,63.07,85.4,28.59,64.46,66.215,94.58,68.79
863,07/29/2022,93.12,98.56,22.22,121.39,68.73,31.69,81.98,130.3,109.93,99.27,67.77,44.03,88.22,115.13,68.26,46.49,41.1,17.99,60.93,84.49,30.4,37.75,59.74,10.86,65.67,73.47,29.08,76.89,82.9,103.81,73.18
864,07/30/2018,61.42,70.4,13.3,90.51,47.64,28.03,71.19,91.7276595744681,80.77,78.16,65.68,27.0495372890582,59.76,80.27,55.41,29.8145506419401,34.9,17.75,42.31,41.5575,25.72,31.07,70.58,43.22,51.01,80.25,28.68,47.91,57.24,65.2,46.29
865,07/30/2019,76.21,88.72,17.15,108.87,58.56,28.84,75.03,108.893617021277,87.74,85.4,70.27,14.75,76.53,103.88,60.82,32.8459343794579,44.48,20.69,49.67,52.3475,29.58,34.79,67.21,18.0,57.89,91.93,29.72,55.29,68.235,86.66,60.59
866,07/30/2020,79.55,86.07,15.42,105.42,63.93,19.13,81.52,97.6170212765958,84.57,76.94,54.87,14.24,90.58,104.64,64.47,27.4393723252496,28.87,14.32,53.77,70.585,24.49,33.85,29.04,9.28,52.39,82.7,26.5,55.24,61.875,95.19,69.0
867,07/30/2021,83.92,88.12,23.7,98.59,61.79,25.46,74.87,117.32,105.11,73.77,54.5,18.39,86.27,102.92,65.22,33.3808844507846,38.32,17.38,58.53,77.9,24.77,41.24,51.97,8.79,62.23,83.55,28.37,63.87,65.325,94.14,68.25
868,07/31/2018,62.06,71.14,13.36,91.87,48.34,28.48,71.71,92.3744680851064,81.62,78.93,66.63,27.04409363092,60.72,81.28,56.09,30.3138373751783,35.43,17.78,42.97,41.885,26.18,31.67,70.44,43.08,51.56,80.43,28.77,48.6,57.795,66.37,46.86
869,07/31/2019,75.69,87.81,16.79,109.04,58.22,29.01,74.29,108.178723404255,86.72,84.96,74.54,15.11,75.86,105.62,60.49,32.1398002853067,43.97,20.62,49.54,51.7925,29.69,34.14,70.08,18.13,57.15,91.22,29.63,56.2,67.715,85.46,59.61
870,07/31/2020,80.24,86.88,15.23,105.99,64.18,19.01,81.03,98.4085106382979,84.74,76.83,55.67,14.52,90.07,105.13,64.83,27.5392296718973,29,14.1,53.85,70.175,24.45,33.81,27.91,9.35,55.94,83.08,26.62,54.61,62.23,95.26,69.04
871,07/31/2023,85.67,84.74,21.63,121.71,61.07,30.09,53.55,114.3,93.62,94.86,71.96,42.18,72.33,102.7,59.97,41.86,39.39,17.71,53.74,73.3,27.84,37.99,67.04,17.61,63.12,82.82,27.53,72.34,74.51,89.86,62.73
872,08/01/2018,61.36,70.3,13.47,90.99,47.86,27.93,70.32,91.7787234042553,81.05,77.78,66.08,26.7827980402831,59.74,81.82,55.6,29.9572039942939,36.46,17.53,42.37,41.975,25.9,31.9,68.12,42.51,50.54,79.58,28.54,48.08,57.45,65.54,46.39
873,08/01/2019,76.64,88.81,17.3,110.04,58.99,29.09,75.91,109.829787234043,87.5,85.93,73.88,13.72,76.54,106.96,60.57,31.6690442225392,44.38,20.77,49.98,52.565,30.04,34.32,70.99,18.05,57.18,91.97,29.72,56.98,67.84,87.18,60.76
874,08/01/2022,93.02,99.1,22.36,121.17,69.03,31.63,82.54,130.42,109.85,98.33,66.99,42.31,89.21,115.41,68.47,46.11,40.52,17.9,60.9,85.31,30.34,37.62,59.12,10.91,65.68,73.81,29.0,76.68,82.685,103.89,73.19
875,08/01/2023,84.64,84.03,21.01,121.06,60.43,29.49,52.3,113.15,92.15,93.34,71.04,41.67,70.35,101.17,59.5,41.47,38.99,17.56,53.3,72.17,27.48,37.82,66.6,17.35,63.2,82.28,27.33,71.28,73.62,89.61,62.85
876,08/02/2018,61.77,70.49,13.55,91.59,47.83,28.11,71.14,92.5106382978723,80.45,78.19,66.21,26.9406641262929,60,82.76,55.82,30.1640513552068,36.42,17.68,42.47,42.3625,26.29,31.57,68.5,42.31,51.2,80.05,28.62,48.47,58.015,65.67,46.6
877,08/02/2019,75.74,88.7,16.83,109.63,58.7,29.33,76.02,109.497872340426,88.12,86.13,73.75,13.35,76.7,106.72,60.83,31.9186875891583,44.25,20.21,50.13,52.8525,29.71,34.74,70.99,18.6,56.87,92.49,29.66,57.36,67.84,86.56,59.82
878,08/02/2021,84.81,88.34,23.57,99.54,62.66,25.55,75.35,117.6,106.19,74.5,55.1,17.52,87.3,103.58,65.81,33.5449358059914,38.46,17.32,59.15,78.81,25.13,41.1,51.35,8.95,62.86,83.16,28.46,64.08,65.625,94.7,68.56
879,08/02/2022,92.53,98.46,22.23,120.1,68.9,31.7,82.16,129.9,109.62,98.05,68.62,41.88,90.24,115.11,68,45.83,39.68,17.83,60.79,85.67,30.1,37.28,58.81,11.02,65.15,73.77,29.1,75.93,81.85,103.65,73.45
880,08/02/2023,84.39,84.5,21.04,121.48,60.28,29.74,52.34,113.09,92.53,93.33,71.54,40.86,69.8,101.4,59.71,41.5,38.62,17.36,53.28,71.91,27.71,37.37,65.52,17.57,63.14,82.57,27.33,70.97,73.435,89.52,62.88
881,08/03/2018,62.45,71.18,13.69,91.83,48.36,27.97,72.12,93.7021276595745,81.55,79.11,67.02,27.4142623843223,60.93,83.77,56.18,30.3067047075606,36.55,17.62,42.76,42.7875,26.59,32.61,67.51,42.96,51.43,80.32,28.97,48.93,58.395,66.33,47.18
882,08/03/2020,79.28,85.77,15.12,105.31,62.97,19.32,80.33,96.9106382978723,83.81,75.91,53.93,15.69,89.49,102.62,62.68,27.0970042796006,29.19,14.03,53.51,69.3975,23.98,33.47,28.12,9.1,54.47,81.99,26.52,54.01,62.02,93.64,68.76
883,08/03/2021,85.61,89.09,23.92,99.68,63.24,25.87,75.5,118.13,106.61,74.85,55.39,17.89,87.8,103.97,66.38,33.7945791726106,38.54,17.48,59.98,79.42,25.31,41.64,51.43,8.99,63.51,80.98,28.56,64.13,65.99,95.61,68.7
884,08/03/2022,92.3,99.59,22.55,119.28,69.34,31.69,83.2,130.42,110.82,98.1,69.3,42.79,90.83,117.38,68.37,44.31,39.4,17.81,61.27,86.46,30.27,37.37,58.98,11.12,65.38,75.27,28.99,77.26,82.285,104.08,74.31
885,08/03/2023,82.92,81.99,20.65,118.34,58.35,29.35,50.74,109.48,90.37,90.33,70.34,41.73,68.12,98.28,58.38,40.5,37.17,17.46,51.76,70.1,26.95,37.66,65.96,17.31,61.19,79.3,26.63,68.62,71.655,88.26,61.32
886,08/04/2020,82.19,85.54,15.47,104.81,63.09,19.49,80.88,98.4170212765957,84.69,75.9,54.7,15.98,90.27,103.16,55.4,27.6390870185449,29.64,14.5,53.8,71.2625,24.15,34.03,29.19,9.04,55.65,81.59,26.85,54.44,62.51,95.11,69.93
887,08/04/2021,85.25,88.83,23.64,99.39,63.26,25.7,75.47,117.79,106.73,74.87,54.86,18.2,88.17,103.71,66.24,33.3594864479315,38.04,17.14,59.93,79.87,25.25,41.74,51.72,8.67,63.27,78.19,28.43,64.03,65.43,95.83,68.95
888,08/04/2022,91.59,99.95,23,115.83,68.61,31.39,82.89,129,109.73,97.43,68.95,41.25,91,118.93,68.24,45.06,38.75,17.3,61.15,87.98,29.85,39.14,57.62,11.05,64.73,76.57,28.6,77.97,80.72,103.85,74.56
889,08/04/2023,81.4,81.24,19.64,117.27,57.73,29.03,49.21,107.88,89.46,89.31,69.24,41.8,67.24,97.64,57.3,39.92,36.3,17.36,51.3,69.17,26.51,37.52,65.25,17.08,60.6,78.58,26.08,67.84,70.97,87.27,60.39
890,08/05/2019,75.05,88.02,16.32,106.94,58.22,28.55,74.67,108.017021276596,86.96,85.48,72.51,13.07,76.55,104.91,60.41,31.6833095577746,43.44,19.84,49.75,52.0125,28.11,33.72,67.67,17.95,55.63,91.55,28.98,55.93,66.06,87.03,59.63
891,08/05/2020,80.45,84.83,15.4,103.69,62.35,19.02,79.71,98.2978723404255,83.51,73.66,53.61,16.36,88.18,100.36,53.53,26.904422253923,28.94,14.44,52.87,70.945,24.36,33.56,30.49,8.88,54.58,79.74,26.61,53.4,63.515,93.31,69.79
892,08/05/2021,86.13,89.66,24.85,101.31,63.21,26.24,76.08,119.33,107.93,75.32,55.23,18.11,89.03,106.46,67.05,34.0014265335235,37.97,17.02,60.47,80.49,25.44,41.97,52.21,8.29,63.9,79.46,28.86,64.78,66.47,96.48,69.24
893,08/05/2022,91.3,99.46,24.22,113.89,67.61,31.47,82.57,129.1,109.16,97.19,68.26,42.28,90.38,117.74,67.83,44.77,38.37,17.47,61.28,87.98,29.47,38.46,58.55,11.14,64.74,75.42,28.07,77.27,79.895,103.12,73.8
894,08/06/2018,62.57,71.27,13.82,91.96,48.33,28.27,71.75,94.0425531914894,81.12,78.93,67.47,27.490473598258,61.09,83.45,56.15,30.3922967189729,36.24,17.95,42.91,42.7525,26.79,33.31,68.21,44.58,51.4,81.13,29.03,48.99,57.675,66.48,47.28
895,08/06/2019,75,89.14,15.7,108.35,58.9,28.86,75.22,108.782978723404,88.92,86.63,73.37,12.54,77.44,106.55,61.12,32.246790299572,43.42,20.03,50.44,52.85,28.1,33.93,68.1,18.23,56.77,93.02,29.59,56.94,66.965,87.89,60.43
896,08/06/2020,81.06,85.37,16.55,104.7,61.75,20.27,79.63,99.5234042553192,84.21,73.92,53.87,16.34,88.1,102.29,54.75,27.0328102710414,29.18,14.3,53.34,70.7025,24.34,33.98,29.11,9.1,54.63,80.79,26.5,53.89,64.1,92.99,70.1
897,08/06/2021,86.86,89.34,24.6,100.89,63.27,26.48,76,119.58,106.96,75.52,55.07,18.55,88.96,106.09,66.72,33.9514978601997,37.83,17.12,60.8,80.61,25.4,43.89,52.56,8.53,63.86,80.34,29.23,64.7,66.165,96.31,69.08
898,08/07/2018,62.59,71.24,13.63,91.96,48.16,28.28,71.07,93.9148936170213,80.88,78.52,67.53,27.7898747958628,60.99,83.26,56.62,30.5064194008559,36.15,17.98,42.59,42.6575,26.54,34.2,68.24,43.66,51.52,80.89,28.94,49.08,57.985,66.29,47.2
899,08/07/2019,75.22,89.74,15.67,107.93,59.11,28.06,74.43,109.089361702128,88.84,87.06,74.19,12.41,77.89,105.92,61.01,32.1041369472183,43.57,19.97,50.69,53.2175,27.63,33.3,66.76,18.16,57.17,93.01,29.8,57.45,67.58,88.25,60.79
900,08/07/2020,82.18,86.6,17.16,105.71,62.88,20.41,80.62,101.157446808511,86.61,75.11,54.61,17.17,89.02,104.67,55.16,27.7674750356633,29.44,14.32,54.72,71.945,24.75,34.28,29.47,9.1,55.65,82.16,27.14,54.69,64.95,94.37,72.34
901,08/07/2023,81.21,80.88,19.7,117.99,57.54,29,49.14,107.78,89.66,90.62,69.79,42.15,67.08,97.23,57.64,39.97,36.12,17.38,51.33,68.64,26.67,37.52,65.2,17.42,60.5,76.62,26.11,68.02,71.2,87.49,59.76
902,08/08/2018,62.6,70.93,13.95,91.87,48.21,28.24,70.72,93.7531914893617,80.43,78.51,67.29,27.5231355470876,60.95,82.62,56.37,30.5634807417974,36,17.92,42.47,42.52,26.47,34.2,68.61,44.09,51.28,80.88,28.57,46.88,57.535,66.59,47.32
903,08/08/2019,76.32,89.51,15.85,109.43,60.07,27.83,75.33,110.034042553191,89.31,87.53,75.12,12.61,78.41,107.04,61.93,32.3965763195435,44.25,20.37,51.34,53.805,28.8,35.12,68.94,18.51,57.83,92.78,29.81,58.19,68.355,89.3,61.64
904,08/08/2022,91.89,100.08,23.87,114.6,68.21,31.58,81.39,129.75,109.04,98.5,67.7,41.34,90.93,118.22,68.64,44.98,38.27,17.68,61.05,87.52,29.9,38.74,59.21,11.27,65.44,75.57,28.15,77.19,80.48,103.97,73.9
905,08/08/2023,81.35,80.82,19.62,117.14,57.89,28.92,49.27,108.15,92.13,91.19,70.5,42.91,66.94,97.38,58.08,40.08,36.48,17.48,51.52,68.71,26.74,36.78,64.15,17.53,60.59,77.08,26.1,68.81,71.655,87.69,59.64
906,08/09/2018,62.83,70.98,13.74,91.24,48.45,28.2,71.03,94.2297872340425,80.81,78.95,67.42,27.1910724006532,61.14,83.33,57.02,30.9343794579173,36.3,17.94,42.78,42.7125,26.51,34.13,68.74,43.9,51.98,81.31,28.93,46.81,57.365,66.98,47.64
907,08/09/2019,76.69,89.97,15.57,108.56,60.32,27.62,74.84,110.102127659574,89.75,87.26,74.38,12.09,78.43,107.43,62.43,32.2396576319544,44.2,20.37,51.49,54.12,28.57,34.15,69.05,18.12,57.72,92.44,29.38,58.33,68.84,89.87,61.77
908,08/09/2021,87.71,88.76,24.17,101.12,63.26,26.54,76,119.9,106.15,76.07,55.44,19.14,88.95,106.83,66.74,33.830242510699,37.86,17.04,60.69,80.56,25.24,43.89,51.75,8.63,63.83,80.32,29.04,64.85,65.63,96.33,69.12
909,08/09/2022,93.46,100.57,23.84,115.28,68.69,32.08,82.38,132.55,109.81,98.91,68.11,42.91,91.63,119.72,69.54,45.4,38.95,18.04,61.85,88.92,30.34,38.33,61.38,11.35,66.03,76.3,28.48,78.25,81.275,105.22,74.82
910,08/09/2023,81.01,80.71,19.61,117.48,57.6,28.99,49.69,108.31,92.82,90.96,70.28,44.05,67.29,96.9,58.1,40.25,36.19,17.55,51.47,68.92,26.98,37.22,64.35,17.44,60.71,77.96,26.23,69.19,71.895,87.28,59.69
911,08/10/2018,62.78,70.85,13.56,91.27,48.37,28.13,70.69,93.9063829787234,80.89,78.67,66.63,27.1148611867175,61.35,83.39,57.68,30.7631954350927,36.24,18.17,42.72,42.7325,26.61,33.79,68.9,42.67,51.32,81.3,28.84,46.13,57.22,67.15,47.53
912,08/10/2020,83.25,85.94,17.59,106.04,63.04,20.98,80.12,102.323404255319,84.76,75.38,54.25,17.16,88.55,105.7,54.06,27.3252496433666,30.06,14.54,55.35,70.91,24.81,34.98,30.22,9.13,55.35,82.58,28.65,55.07,66.785,93.73,72.45
913,08/10/2021,87.68,88.75,24.34,100.89,62.94,26.62,76.44,120,106.9,76.4,55.88,19.37,88.92,108.67,66.92,33.9300998573466,37.85,17.19,60.51,80.53,25.07,43.15,52.7,9.2,62.9,80.33,28.91,65.21,65.875,96.1,68.71
914,08/10/2022,93.95,101.34,24.43,114.47,68.76,32.07,82.14,132.26,110.06,98.99,68.11,43.51,91.65,118.22,69.57,45.53,39.53,18.14,61.94,89.78,30.43,39.24,62.26,11.54,66.59,76.45,29.0,78.29,81.74,105.17,75.11
915,08/10/2023,80.47,81.08,19.61,116.96,57.41,28.75,49.88,107.28,92.91,90.41,69.95,42.79,66.34,96.16,58.01,40.19,36.3,17.54,51.6,68.29,26.73,36.93,65.15,17.4,60.52,77.1,26.1,69.41,71.5,87.08,59.5
916,08/11/2020,81.16,83.29,16.98,103.53,61.01,20.61,78.56,99.9063829787234,83.67,73.26,53.58,16.23,86.09,102.11,53.39,27.0328102710414,29.9,14.42,53.66,69.4475,24.29,34.9,30.03,9.09,54.47,80.77,28.43,54.19,65.555,90.9,70.52
917,08/11/2021,88.16,89.17,24.89,101.14,63.19,26.81,76.93,120.18,107.14,77.12,57.14,19.17,89.92,109.01,67.55,34.3794579172611,38.16,17.24,60.83,82.37,25.36,43.18,52.83,9.44,63.53,80.4,29.21,65.63,66.0,96.41,69.07
918,08/11/2022,94.03,101.2,24.35,115.27,68.68,31.91,81.76,133.33,108.51,98.48,69,45.8,91.61,118.78,69.34,45.7,40.07,18.59,61.64,89.43,30.42,40.43,64.96,11.91,66.69,75.7,29.43,77.9,81.945,104.33,74.61
919,08/11/2023,80.91,81.11,19.46,117.46,57.76,28.95,49.59,107.89,93.82,90.83,70.53,43.05,67.04,96.31,58.28,40.51,36.87,17.78,51.86,68.92,26.83,36.66,66.24,17.42,60.87,77.4,26.18,69.5,72.175,86.77,59.7
920,08/12/2019,76.64,90.43,15.24,108.9,59.94,27.76,74.37,109.012765957447,89.5,87.46,73.07,12.17,77.75,107.74,63.07,32.2396576319544,44.51,20.34,51.38,53.8625,28.65,33.94,69.27,16.75,57.23,91.84,29.31,58.68,68.57,89.99,61.53
921,08/12/2020,81.98,84.15,17.26,104.96,61.4,20.4,79.58,101.114893617021,84.32,74.26,54.53,16.37,87.91,101.65,53.04,27.6105563480742,29.87,14.49,53.93,71.1475,24.75,35.26,29.94,9.28,55.53,80.43,28.85,54.86,67.095,92.27,71.48
922,08/12/2021,87.92,88.95,25.11,100.57,63,26.75,77.36,119.95,105.69,77.25,57.03,18.74,89.6,108.69,67.41,34.2582025677603,38.31,17.3,60.66,83,25.29,43.06,53.37,9.24,63.85,79.67,29.08,65.72,66.21,95.6,68.79
923,08/12/2022,94.83,103.78,24.89,116.95,69.67,32.5,82.83,134.91,110.25,99.11,70.75,46.19,93.11,121.01,70.89,46.17,40.83,18.69,63.35,90.47,31.14,41.67,64.35,12.13,67.61,77.32,30.29,78.12,83.185,105.64,75.96
924,08/13/2018,62.99,70.94,13.38,91.82,48.66,28.22,69.82,94.2893617021277,80.94,79.05,66.84,26.8644529123571,61.75,83.65,57.61,30.8915834522111,36.36,17.84,42.72,42.825,26.83,32.5,68.04,42.79,51.72,81.21,29.07,46.4,57.445,66.89,47.53
925,08/13/2019,76.51,90.25,15.17,109.09,60.09,28,75.38,109.131914893617,89.82,86.75,73.21,12.3,77.91,107.82,63.74,32.4679029957204,44.18,20.51,51.44,53.905,28.71,34.59,69.64,16.95,57.63,92.97,29.64,57.2,68.675,89.67,61.38
926,08/13/2020,81.37,83.66,17.79,104.62,60.96,20.74,79.31,100.56170212766,82.74,73.77,53.61,15.99,87.92,101.73,52.66,27.0613409415121,29.6,14.27,53.98,71.1,24.35,35.29,28.81,9.62,55.46,78.49,29.12,55.01,67.33,91.44,71.28
927,08/13/2021,88.84,89.69,24.79,101.47,63.46,26.9,77.71,120.3,106,77.74,57,17.94,90.44,109.88,68.1,34.4864479315264,38.64,17.21,61.07,83.45,25.47,43.65,52.45,9.12,64.72,79.78,29.41,65.53,66.885,96.21,69.04
928,08/14/2018,63.1,71.02,13.5,92.6,48.8,28.13,69.66,94.5021276595745,81.22,78.52,66.98,27.4142623843223,61.8,83.98,57.44,30.9201141226819,36.38,17.95,42.73,42.985,26.96,32.83,68.55,42.84,52.03,81.37,29.27,46.72,57.12,66.75,47.46
929,08/14/2019,75.25,88.48,14.79,108.3,59.77,27.5,75.33,107.370212765957,88.81,85.97,71.82,11.81,77.16,107,63.76,31.7261055634807,43.53,19.8,50.85,53.74,28.69,33.98,67.71,15.93,57.31,91.8,29.18,57.06,68.375,88.89,60.78
930,08/14/2020,81.27,82.95,17.57,104.5,60.88,20.54,78.85,100.178723404255,82.15,73.53,52.69,16.96,87.15,100.93,53.57,27.0542082738944,29.33,14.29,53.77,70.125,24.12,34.94,29.49,9.41,55.17,78.0,29.05,53.56,65.945,91.21,70.73
931,08/14/2023,79.97,80,19.02,116.25,56.99,28.77,48.99,106.54,92.79,89.56,69.76,42.9,66.34,96.33,57.63,40.08,36.86,17.67,51.11,68.56,26.51,37.0,65.95,17.2,60.04,77.35,26.02,68.83,71.26,86.18,59.24
932,08/15/2018,63.61,71.77,13.49,93.04,49.45,27.95,70.25,95.5489361702128,81.86,79.79,68.15,26.8045726728361,62.34,84.14,57.69,31.1198288159772,36.65,17.73,43.02,43.1925,27.19,32.61,66.95,43.47,52.8,82.1,29.2,47.15,57.225,67.25,47.9
933,08/15/2019,75.81,90.36,14.77,109.37,61.27,27.57,77.05,109.497872340426,89.28,86.97,72.07,11.77,78.81,109,64.31,31.8473609129815,44.12,19.88,51.57,54.2875,29.03,34.32,67.95,14.39,57.76,93.78,29.22,57.63,69.27,90.69,61.53
934,08/15/2022,95.99,104.56,25.18,117.39,70.11,32.69,84.65,136.06,110.98,100.29,71.4,45.25,93.31,121.81,71.43,46.7,41.21,18.57,63.85,91,31.36,42.25,63.48,12.39,68.83,77.8,30.6,78.37,83.76,106.28,76.69
935,08/15/2023,78.76,79.1,18,114.7,55.91,28.25,47.8,104.39,91.44,87.68,68.82,42.2,64.26,94.62,56.69,39.59,36.03,17.36,50.31,67.35,26.09,36.95,65.43,16.94,59.43,76.65,25.48,67.78,70.02,84.23,58.12
936,08/16/2018,64.45,72.34,13.87,94.18,49.88,28.29,71.13,96.3234042553191,81.79,80.71,69.32,27.1366358192706,62.99,85.14,57.68,31.6191155492154,37.07,17.82,43.44,43.6975,27.52,33.79,67.15,44.79,53.8,81.7,29.56,47.5,58.01,67.94,48.17
937,08/16/2019,76.64,90.23,15.2,110.44,61.2,27.87,76.86,110.034042553191,89.77,87.2,72.5,12.36,78.64,109.19,64.45,32.1897289586305,44.68,20.13,51.63,54.3825,29.42,35.47,69.3,14.28,58.1,94.12,29.41,57.48,69.44,90.44,61.8
938,08/16/2021,89.61,90.3,24.36,101.07,63.87,26.79,78.46,120,107.81,78.25,57.28,17.36,90.81,110.28,68.8,34.6504992867332,38.83,17,61.64,83.95,25.64,43.08,51.75,9.17,64.82,80.14,29.35,66.38,66.785,97.18,69.77
939,08/16/2022,96.02,104.46,25.06,117.58,70.26,32.83,85.45,136.09,112.11,100.02,71.81,47.19,93.58,122.22,71.21,46.69,41.02,18.65,64.06,90.53,31.58,42.6,63.3,12.39,68.79,78.25,30.91,79.07,84.525,107.01,77.01
940,08/16/2023,79.53,79.19,18.41,115.66,56.58,28.11,48.08,104.75,91.7,88.83,69.16,41.98,64.42,95.58,57.04,39.81,36.24,17.21,50.51,67.56,26.22,37.15,65.24,16.97,60.34,77.3,25.36,68.11,70.65,84.96,58.43
941,08/17/2018,64.76,72.5,13.94,94.34,49.89,28.29,71.75,96.6978723404255,82.28,81.17,69.88,26.9624387588459,63.24,85.32,57.87,31.7617689015692,37.3,17.95,43.59,43.7925,27.6,33.95,67.52,45.25,53.81,82.27,29.88,46.97,58.425,68.26,48.29
942,08/17/2020,81.43,81.23,17.67,104.12,61,20.65,78.68,99.6085106382979,82.6,74.41,51.78,17.11,87.46,100.6,53.22,26.6333808844508,28.94,14.44,53.9,70.7475,23.96,35.3,28.98,9.17,54.72,76.4,28.8,53.59,64.84,92.12,70.2
943,08/17/2021,89.98,90.54,24.09,100.95,64.27,26.85,78.62,120.31,107.71,77.24,57.59,17.03,90.84,110.1,68.97,34.4935805991441,38.65,16.75,61.74,83.96,25.69,43.26,51.28,9.13,64.73,80.15,29.34,66.45,66.945,97.36,69.95
944,08/17/2022,96.34,104.33,25.01,117.66,70.42,32.51,85.62,134.97,112.03,100.58,72.06,47.11,93.81,121.27,71.13,46.25,40.89,18.57,64.26,90.2,31.69,42.61,62.96,12.18,68.81,77.97,30.83,79.25,84.795,106.97,76.93
945,08/17/2023,79.19,78.78,18.05,116.68,56.41,28,48.09,104.86,90.7,88.25,68.6,42.91,64.38,95.05,56.8,39.96,35.87,17.34,50.26,67.51,26.2,36.77,65.34,16.66,60.4,77.33,25.15,68.25,70.86,84.98,58.17
946,08/18/2020,81.18,81.55,17.74,103,60.92,20.24,78.18,99.1744680851064,81.66,73.35,51.49,16.53,86.94,100.1,52.54,26.4407988587732,28.88,14.38,53.65,70.7625,23.58,36.09,28.08,9.36,54.53,75.75,28.34,53.05,64.68,91.92,70.0
947,08/18/2021,89.28,89.75,23.76,98.99,63.82,26.4,77.98,120.14,107.05,76.6,58.57,16.42,90.22,110.14,68.87,34.3937232524964,38.22,16.29,61.42,84.42,25.47,43.03,50.56,9.12,64.0,80.19,29.18,66.01,66.295,96.46,69.33
948,08/18/2022,96.7,104.37,26.02,118.08,70.52,32.59,85.65,135.44,112.58,100.93,71.79,48.24,93.96,120.48,70.94,46.31,41.19,18.93,64.17,90.24,31.71,43.52,64.3,12.2,69.39,77.87,30.91,79.72,85.22,107.4,76.99
949,08/18/2023,80.57,79.02,18.01,116.96,56.93,28.19,48.43,105.59,91.2,89.32,69.04,43.47,64.47,95.58,56.4,40.01,36.17,17.43,50.62,67.83,26.44,36.45,65.6,16.72,60.82,78.25,25.3,67.81,70.715,85.99,58.19
950,08/19/2019,76.97,90.55,15.36,110.88,61.57,28.11,77.79,111.310638297872,90.67,88.14,72.65,12.6,78.97,109.79,65.07,32.2967189728959,45.13,20.41,51.98,54.74,29.63,35.46,70.91,10.67,58.55,94.96,29.45,57.94,69.82,91.36,62.15
951,08/19/2020,81.15,80.92,17.62,102.64,60.68,20.25,77.94,99.5914893617021,81.66,73.44,52.25,16.63,86.21,98.99,51.51,26.4051355206847,28.64,14.12,53.82,70.585,23.44,35.41,27.86,9.23,54.34,76.02,28.34,53.19,64.11,91.72,69.58
952,08/19/2021,89.57,90.4,23.64,98.64,64.01,25.92,79.06,120.17,106.88,76.69,58.2,16.25,91.18,111.79,68.6,34.8002853067047,38.94,15.89,61.48,84.55,25.5,42.67,49.27,8.93,64.26,80.08,29.19,66.38,65.985,96.97,70.12
953,08/19/2022,97.35,104.94,25.58,118.01,70.94,32.65,85.62,136.14,113.24,100.55,71.54,47.7,93.63,121.65,71.33,46.14,41.27,18.72,64.04,89.71,31.54,42.95,63.95,12.13,69.4,77.96,30.81,80.16,85.03,107.69,76.94
954,08/20/2018,64.57,72.18,13.96,93.59,49.77,28.35,71.78,96.4255319148936,81.81,80.3,69.21,27.2182906913446,63.12,85.23,57.85,31.5691868758916,37.08,17.91,43.47,43.575,27.43,34.18,67.84,44.78,53.56,82.17,30.12,46.61,58.475,68.25,48.23
955,08/20/2019,76.66,90.77,15.19,110.21,61.46,27.83,76.91,110.272340425532,91.18,87.76,72,12.29,79.1,110.21,64.9,32.246790299572,44.93,20.14,51.87,54.7825,29.32,35.3,71.06,11.66,58.45,94.77,29.54,57.69,69.83,91.81,62.4
956,08/20/2020,80.47,79.41,17.95,101.7,60.36,19.82,77.7,98.263829787234,81.04,72.4,51.24,15.86,85.67,97.71,50.78,25.8987161198288,28.36,14.06,53.62,70.5275,22.97,34.65,27.55,8.93,53.85,74.97,28.02,52.25,63.11,91.29,69.01
957,08/20/2021,89.59,91.08,24.32,98.77,64.81,26.34,80.05,121.48,107.21,76.95,59.53,16.19,92.11,114.6,69.26,35.206847360913,39.09,15.94,62.18,86.28,25.71,43.41,50.43,9.28,64.95,80.16,29.74,67.32,66.68,97.59,70.61
958,08/21/2018,64.21,71.65,13.97,92.9,49.48,28.06,71.62,95.931914893617,81.28,79.62,68.93,27.8824169842134,62.81,84.89,57.41,31.4479315263909,36.79,17.96,43.2,43.1575,27.17,33.74,67.47,44.7,52.78,81.67,29.81,46.0,58.115,67.77,47.92
959,08/21/2019,76.92,91.35,15.32,111.08,62.06,27.92,76.99,111.072340425532,91.24,88.28,72.98,11.86,79.56,111.67,65.14,32.4108416547789,45.48,20.39,52.16,55.315,29.66,35.78,71.18,12.25,58.87,95.73,29.76,57.95,70.415,92.74,63.0
960,08/21/2020,80.72,79.08,18.02,100.84,60.39,19.79,78.64,98.5787234042553,81,72.2,51.26,16.04,86.54,98.13,50.41,26.0485021398003,28.11,14.11,54.08,70.6025,22.72,34.53,26.88,9.08,53.28,74.26,28.04,52.37,62.74,91.99,69.61
961,08/21/2023,80.07,78.56,17.91,116.74,56.36,28.28,48.12,104.8,89.63,88.71,69.01,44.57,63.85,95.08,56.08,39.74,35.89,17.36,50.28,67.08,26.34,36.87,65.26,16.68,60.24,77.68,25.22,67.61,71.11,85.09,57.96
962,08/22/2018,63.56,70.74,13.99,92.51,49.11,27.83,71.29,94.663829787234,80.83,78.93,67.96,28.1273816004355,62.36,84.29,56.99,31.3338088445078,36.55,18.28,42.85,42.9275,27,33.71,68.22,44.6,52.32,80.53,29.6,45.26,57.74,67.23,47.43
963,08/22/2019,76.82,90.97,15.2,111.2,62.14,28.02,76.52,110.851063829787,91.32,88.24,72.83,11.35,79.77,111.31,65.1,32.4679029957204,45.7,20.2,52.18,55.405,29.64,35.85,70.28,11.68,59.17,94.89,29.82,58.45,70.065,93.14,63.28
964,08/22/2022,95.83,103.41,24.97,116.15,70.08,32.03,84.57,134.64,112.05,99.41,70.23,49.12,92.26,120.67,70.26,45.35,40.44,18.56,63.32,88.54,31.21,42.1,63.5,11.72,67.85,76.86,30.23,79.11,84.085,106.78,76.2
965,08/22/2023,80.3,78.62,17.96,117.01,56.64,28.26,47.8,104.97,89.59,89.38,69.54,43.4,63.87,94.73,56.44,40,36.06,17.25,50.4,67.52,26.37,36.96,64.86,16.78,60.06,78.7,25.3,67.73,71.3,85.06,57.95
966,08/23/2018,63.65,71.36,14.01,92.12,49.09,27.71,71.07,94.8340425531915,80.88,79.02,67.56,28.0185084376701,62.43,84.63,56.94,31.3124108416548,36.78,17.98,43.04,42.9075,27.04,33.43,67.22,43.96,52.41,80.83,29.45,45.14,57.84,67.31,47.69
967,08/23/2019,75.33,89.58,14.79,108.63,61.58,27.42,75.94,109.268085106383,90.74,86.91,72.11,10.35,79.17,109.84,64.49,32.0114122681883,44.99,19.57,51.64,55.475,29.02,35.02,67.41,11.04,58.44,94.14,29.45,57.68,69.505,92.59,62.45
968,08/23/2021,87.55,90.12,24.25,97.82,64.07,26.18,78.98,121.15,105.83,75.79,59.16,16.56,91.12,114,68.91,34.9928673323823,38.81,16.28,60.97,84.4,25.34,43.76,51.98,9.11,64.34,78.91,29.19,66.67,65.945,95.79,68.99
969,08/23/2022,95.34,102.7,24.81,116.22,69.35,31.91,83.93,133.88,111.03,98.76,69.36,47.84,91.76,119.5,70.02,45.07,40.48,18.89,62.8,87.98,30.77,41.89,64.8,11.72,67.38,76.25,30.23,78.79,84.15,105.95,75.35
970,08/23/2023,80.32,79.43,18.32,116.51,56.88,28.16,47.8,105.27,90.34,90.04,69.92,41.75,64.13,95.5,56.55,40.25,36.38,17.26,50.55,67.89,26.52,37.26,64.7,16.7,60.75,78.9,25.21,67.55,71.86,84.76,57.52
971,08/24/2018,63.99,71.55,14.01,92.22,49.36,27.88,71.64,95.2340425531915,81.41,79.45,67.44,27.8443113772455,62.76,85.09,57.45,31.4051355206847,37.05,17.97,43.18,43.175,27.06,34.09,67.49,42.81,52.75,81.23,29.7,45.03,58.2,67.8,47.95
972,08/24/2020,81.25,80.78,18.07,101.91,60.84,20.22,79.1,100.4,81.47,74.32,52.34,16.38,85.88,98.64,50.74,26.8830242510699,28.31,14.24,54.65,70.6575,23.03,34.7,27.26,9.13,53.9,75.15,28.37,52.86,63.685,92.24,70.41
973,08/24/2021,87.14,89.23,24.2,98.12,63.54,25.84,78.54,120.49,105.15,75.02,58.95,16.59,90.88,113.74,68.48,34.885877318117,38.63,16.48,60.66,84.14,25.18,43.95,52.96,9.25,63.81,77.76,29.23,65.73,65.485,94.45,68.29
974,08/24/2022,95.74,102.66,25.57,116.72,69.34,32.27,84.31,134.26,110.93,98.88,69.16,49.69,92.03,119.27,70.12,45.49,40.6,19.2,62.72,88.71,30.94,41.95,66.11,12.0,67.24,75.98,30.22,78.87,84.215,105.87,75.41
975,08/24/2023,79.98,78.83,17.72,116.4,56.74,27.85,48.07,104.45,89.99,89.46,69.56,41.7,63.97,94.8,56.23,40.08,36.04,17.23,50.28,67.22,26.33,37.0,64.38,16.71,60.72,78.79,25.04,67.43,70.78,84.59,57.01
976,08/25/2020,79.6,79.77,17.89,100.44,60.21,20.01,78.5,99.5744680851064,80.85,73.01,52,16.37,84.93,97.82,51.21,26.4835948644793,27.94,13.96,54.25,70.3275,22.74,34.56,27.26,9.11,53.6,74.47,27.92,52.41,62.755,92.28,68.97
977,08/25/2021,87.34,89.33,24.26,97.49,63.64,25.72,78.56,120.78,105.38,75.27,58.38,17.46,90.35,113.79,68.86,34.8716119828816,39,16.47,60.56,84.53,25.03,45.6,53.46,9.26,64.11,77.79,29.22,65.87,65.795,94.66,68.31
978,08/25/2022,96.32,103.38,26.27,117.58,69.64,32.37,84.3,134.79,110.7,99.46,70.09,49.48,92.84,119.38,70.42,45.82,40.93,19.26,63.11,89.39,30.73,42.86,66.65,12.5,67.8,77.05,30.34,79.12,84.335,106.22,76.08
979,08/25/2023,80.45,79.33,18.06,117.7,57.11,28.22,48.52,104.92,90.58,89.88,69.93,42.04,65.17,94.8,56.89,40.3,36.27,17.34,50.78,67.96,26.58,37.16,64.95,16.7,61.12,79.16,25.27,68.09,71.56,85.1,57.58
980,08/26/2019,75.85,90.83,14.84,109.25,62.41,27.58,76.82,110.765957446809,91.35,87.77,73.39,10.26,79.94,111.54,65.18,32.5820256776034,45.39,19.92,52.26,55.905,29.42,35.66,68.2,11.8,59.31,94.99,29.48,58.34,70.895,94.26,63.54
981,08/26/2020,78.44,78.61,17.73,99.3,59.4,19.64,78.08,98.5021276595745,79.55,70.78,51.09,15.68,84.01,96.25,50.52,26.5905848787447,28.01,13.73,54.04,69.75,22.19,33.94,26.56,8.87,52.45,72.82,27.68,51.72,61.17,92.04,68.13
982,08/26/2021,87.62,89.25,23.87,96.7,63.84,25.37,78.45,120.49,104.85,75.22,57.66,17.35,90.29,113.68,69.11,34.793152639087,38.54,16.14,60.59,83.81,24.77,45.16,52.55,9.12,63.79,76.71,29.07,66.14,65.895,94.38,68.3
983,08/26/2022,94.79,101.82,25.63,115.99,68.76,31.75,83.08,133.22,108.73,98.53,69.27,49.67,91.6,118.97,69.48,44.71,40.19,18.99,62.27,88.06,30.18,41.72,64.84,12.48,66.69,75.92,29.79,78.2,83.27,104.79,74.93
984,08/27/2018,63.37,71.16,13.96,91.78,48.92,27.68,71.25,94.7574468085106,80.59,78.92,67.58,27.2182906913446,62.21,83.9,56.96,31.1340941512126,36.84,17.97,42.79,42.865,26.95,34.15,67.81,43.61,52.44,80.53,29.43,44.63,57.82,67.1,47.51
985,08/27/2019,75.75,90.67,14.61,108.04,62.56,27.28,77.15,110.978723404255,92.15,88.04,73.33,9.82,80.56,112.1,65.29,32.981455064194,45.43,20.04,52.34,56.0025,29.24,35.37,68.32,11.22,59.46,94.5,29.18,57.76,70.715,95.31,63.99
986,08/27/2020,78.93,78.37,17.91,98.98,59.72,19.76,78,99.5914893617021,79.55,71.07,51.75,16.15,84.28,97.26,52.92,26.3124108416548,28.1,13.86,54,69.72,22.18,33.73,27.04,9.17,52.29,73.23,27.65,52.2,61.795,92.35,68.63
987,08/27/2021,88.02,89.29,24.19,97.38,64.16,25.62,78.19,120.65,104.67,75.64,57.53,18.62,90.18,111.69,68.31,35.0142653352354,38.57,16.59,60.84,83.41,24.82,45.07,53.84,9.12,64.17,77.31,29.22,65.99,65.93,94.41,68.7
988,08/28/2018,63.22,71.11,13.91,91.8,48.82,27.55,70.85,94.2382978723404,80.35,78.45,67.55,27.2346216657594,61.84,83.62,56.9,30.9557774607703,37.16,17.81,42.6,42.64,26.95,34.17,67.32,45.67,51.78,79.39,29.59,44.33,57.785,66.94,47.57
989,08/28/2019,75.75,89.63,14.86,108.28,62.47,27.31,76.89,110.23829787234,92.3,87.77,71.78,10.19,80.29,112.32,64.89,33.1169757489301,45.52,20.26,52.38,55.2975,29.1,35.35,69.53,10.82,59.51,94.75,29.17,57.81,71.0,95.11,63.98
990,08/28/2020,78.66,78.35,17.9,99.58,60.05,19.95,78.02,100.306382978723,79.71,70.92,52.17,16.02,84.77,98.96,52.98,26.4194008559201,28.31,14.18,54.32,69.8875,22.35,34.29,28.08,9.13,52.16,73.48,27.72,52.42,61.16,93.62,68.65
991,08/28/2023,80.32,79.2,17.92,116.81,56.81,28.22,48.93,104.97,90.02,89.71,69.72,42.35,65.17,95.28,56.72,40.25,36.38,17.36,50.69,68.02,26.6,37.6,65.38,16.68,61.18,78.82,25.27,68.13,71.56,85.25,57.85
992,08/29/2018,63.46,71.7,14.01,92.33,49.24,27.79,71.16,94.6978723404255,80.73,79.21,67.2,27.5939031028851,62.18,83.44,57.11,31.2553495007133,37.47,17.88,42.92,42.6325,27.25,34.36,66.68,46.9,52.25,79.49,29.57,44.54,58.335,67.44,48.04
993,08/29/2019,77.15,90.72,15.12,109.98,63.03,27.62,77.76,110.621276595745,92.76,88.15,72.23,10.75,80.41,113.02,64.77,33.3452211126962,45.94,20.4,52.53,55.28,29.44,35.66,70.82,10.43,60.08,95.28,29.31,58.12,71.12,95.93,64.6
994,08/29/2022,95.25,102.93,25.48,116.36,69.44,32.09,83.61,133.5,109.2,99.21,69.65,50.01,91.89,119.43,70.17,45,40.18,18.94,62.5,87.02,30.34,41.49,64.5,12.52,66.42,76.14,29.88,78.68,84.145,105.18,75.62
995,08/29/2023,80.54,79.63,18.21,117.25,56.91,28.13,49.56,105.13,90.29,90.08,70.16,42.74,65.33,97.98,57.08,40.5,36.46,17.45,50.85,67.51,26.75,37.12,65.25,16.68,61.83,78.77,25.27,68.57,71.71,85.42,57.95
996,08/30/2018,63.55,71.81,13.9,92.55,49.51,27.77,70.98,95.2,81.32,79.39,66.43,27.9259662493195,62.64,84.33,57.35,31.3409415121255,37.38,17.78,42.99,42.7075,27.15,34.65,66.45,47.02,52.31,78.71,29.74,44.19,58.3,67.83,48.34
997,08/30/2019,77.15,91.15,15.33,110.23,63.05,27.69,77.63,110.348936170213,92.74,88.9,72.27,10.17,80.13,112.84,65,33.7089871611983,46,20.27,52.45,54.77,29.55,36.4,71.28,10.45,60.47,95.31,29.55,58.26,70.815,95.77,64.22
998,08/30/2021,88.49,89.62,24.1,97.47,64.48,25.38,78.3,120.4,104.79,75.7,57.53,18.11,91.05,109.36,67.91,35.1283880171184,38.65,16.34,60.89,83.95,24.76,44.76,53.04,9.01,64.24,76.49,29.18,65.75,65.905,95.02,69.03
999,08/30/2022,93.34,101.34,25.44,114.43,68.11,31.65,82.34,131.45,107.68,98.3,68.82,46.87,90.77,116.85,69.39,44.06,39.73,18.48,61.55,85.7,29.74,41.07,63.03,12.2,65.22,75.39,29.35,77.58,83.03,103.47,74.69
1000,08/30/2023,80.4,79.44,18.22,117.36,56.73,27.92,49.5,104.74,89.95,89.83,69.93,42.99,64.42,96.72,55.44,40.42,36.29,17.44,50.83,67.09,26.75,37.45,65.43,16.53,61.66,78.05,25.23,68.62,70.85,85.23,57.68
1001,08/31/2018,63.23,71.73,13.46,92.23,49.24,27.79,70.77,94.5872340425532,81.24,78.93,65.73,27.773543821448,62.43,83.59,57.05,31.1768901569187,37.38,17.7,42.84,42.525,27.07,35.39,65.91,46.18,52.35,78.55,29.74,43.78,58.04,67.58,48.05
1002,08/31/2020,79.11,78.83,17.75,99.82,60.49,20.07,78.44,100.995744680851,80.34,71.34,52.48,15.87,85.71,99.14,53.22,26.3266761768902,28.59,13.82,54.15,69.7925,22.16,34.41,27.48,9.26,52.24,73.35,27.63,52.18,61.825,94.08,69.47
1003,08/31/2021,87.72,89.57,23.87,97.51,64.13,25.09,77.84,120.34,104.66,75.45,57.84,18.33,90.73,110.61,68.45,34.9643366619116,38.87,16.27,60.79,83.99,24.65,45.67,52.52,9.17,63.94,76.9,29.35,65.73,66.18,94.48,68.75
1004,08/31/2022,92.62,100.2,25.45,113.38,67.54,31.53,81.8,130.34,106.91,97.74,67.77,47.8,89.69,115.3,68.53,43.91,39.55,18.32,61.04,85.06,29.51,41.28,61.23,12.33,64.36,75.35,29.08,77.07,82.485,103.14,74.25
1005,08/31/2023,79.27,78.4,17.93,115.95,56.19,27.89,48.54,103.38,88.8,88.96,68.85,43.22,63.82,95.25,54.97,40.12,36.07,17.22,50.17,66.8,26.76,37.55,65.2,16.3,61.08,77.27,24.92,67.73,70.22,84.12,57.13
1006,09/01/2020,78.48,77.82,17.91,97.43,60.22,20,77.82,100.246808510638,79.21,69.65,51.81,15.6,83.66,97.69,52.66,25.9129814550642,28.26,13.87,53.48,69.2825,21.39,34.17,27.15,9.12,51.0,71.54,27.43,51.81,61.125,93.59,68.55
1007,09/01/2021,88.76,90.5,24.12,98.25,65.05,25.51,78.98,121.37,106.12,76.44,58.24,18.75,91.66,112.53,68.62,35.3780313837375,39.43,16.16,61.64,85.34,25.21,45.39,52.08,9.21,64.72,77.78,30.04,66.48,66.8,95.9,69.75
1008,09/01/2022,93.86,102.38,25.85,114.78,68.1,31.95,82.36,132.74,108.19,99.44,68.27,46.31,90.87,117.02,69.74,44.45,40.17,18.17,62.06,86.26,29.73,41.16,59.52,12.53,64.83,75.94,29.28,78.77,84.005,104.65,75.42
1009,09/01/2023,78.45,77.52,17.89,115.47,55.39,27.65,47.88,102.18,87.93,88.35,68.41,44.22,63.05,94.34,53.6,39.99,35.69,17.14,49.79,66.87,26.56,38.45,65.55,16.46,60.5,75.97,24.76,67.22,70.06,83.11,56.51
1010,09/02/2020,80.23,80.31,18.18,98.43,61.76,20.45,79.6,102.51914893617,81.47,72.23,52.57,15.06,86.47,100.48,53.27,27.1255349500713,29.14,13.84,54.66,72.065,22.27,35.41,27.31,9.27,52.92,73.92,28.48,53.21,62.275,97.41,71.55
1011,09/02/2021,88.98,90.93,24.53,98.3,65.61,25.77,78.89,122.13,106.65,77.13,59.13,19.83,92.62,113.71,68.95,35.734664764622,39.92,16.42,62.05,86.48,25.38,45.67,53.29,9.28,64.68,78.26,30.42,66.85,67.325,96.8,70.32
1012,09/02/2022,92.93,101.09,26.15,114.55,67.14,31.78,81.83,131.14,107,98.48,67.96,47.28,89.55,116.22,68.37,44.08,39.91,18.22,61.49,85.11,29.55,41.47,60.55,12.55,64.01,74.9,28.94,77.87,83.4,103.01,74.41
1013,09/03/2019,78.49,92.78,15.34,111.77,64.38,28.29,78.8,112.23829787234,93.67,90.64,73.4,10.02,81.47,115.18,65.55,34.1797432239658,46.54,20.12,53.56,56.39,30.06,36.8,70.61,10.57,61.18,95.58,29.68,59.77,71.75,97.73,65.53
1014,09/03/2020,79.1,79.56,17.69,98.09,61.91,20.15,78.99,101.378723404255,81.14,72.4,52.96,15.29,86.08,98,52.44,26.5977175463623,29.39,13.64,53.97,70.1475,22.42,34.23,26.91,9.16,52.03,72.97,28.28,52.6,61.36,96.36,70.65
1015,09/03/2021,88.11,90.41,24.64,97.5,64.96,25.94,78.38,120.75,105.68,76.3,58.65,20.53,91.99,112.56,68.5,35.5349500713267,39.59,16.34,61.47,85.69,25.06,45.43,53.17,9.15,64.14,77.18,30.09,66.27,66.705,96.08,69.8
1016,09/04/2018,63.75,72.26,13.15,92.39,49.52,27.92,71.23,95.0382978723404,81.42,79.56,66.75,26.8372346216658,62.42,84.3,57.51,31.376604850214,37.57,17.62,43.09,42.5075,27.12,35.62,65.7,47.01,52.73,79.18,29.94,43.89,58.495,68.26,48.5
1017,09/04/2019,78.49,93.05,15.29,110.96,64.48,28.15,79.15,112.391489361702,93.97,90.85,73.18,10.58,82.49,115.57,65.8,34.2368045649073,46.84,20.33,53.51,56.03,30.21,37.21,71.04,10.69,61.39,95.92,29.69,60.11,72.0,97.65,65.82
1018,09/04/2020,78.96,79.05,17.57,97.22,61.66,19.87,78.44,101.114893617021,80.97,73.04,52.26,15.36,86.08,97.9,51.87,26.4550641940086,29.4,13.52,53.29,69.33,22.28,33.38,26.76,9.19,52.52,72.4,28.29,52.29,60.445,96.49,70.02
1019,09/05/2018,64.95,73.24,13.41,93.6,50.18,28.92,72.45,96.4,83.19,80.69,67.3,26.5487207403375,63.38,84.96,58.52,31.5263908701855,37.8,17.79,43.73,42.905,27.54,35.27,66.08,47.0,52.93,80.04,30.62,44.66,59.07,68.93,49.28
1020,09/05/2019,77.14,91.53,15.44,109.68,63.4,27.99,77.43,110.56170212766,93.41,90.88,71.31,10.9,82.03,114.5,64.78,34.3223965763195,46.52,20.51,52.56,54.9525,29.67,37.6,71.02,10.56,60.87,94.31,30.11,59.5,70.915,95.33,65.15
1021,09/05/2023,77.28,76,17.44,112.22,54.84,27.33,46.79,100.75,86.65,86.51,67.23,43.21,61.38,92.67,52.73,39.51,34.96,17.07,49.23,66.2,26.19,37.97,65.66,16.26,58.88,74.08,24.29,66.3,69.2,82.02,55.59
1022,09/06/2018,65.62,73.33,13.28,94.06,50.62,28.9,72.25,97.0212765957447,83.47,81.35,67.47,25.5362003266195,63.51,85.53,58.95,31.6405135520685,37.96,17.67,43.86,43.455,27.68,34.98,66.01,45.53,53.08,80.2,30.92,45.76,59.015,69.29,49.29
1023,09/06/2019,76.19,91.09,15.31,109.09,62.76,28.5,76.37,109.685106382979,93.76,91.14,70.98,10.68,82.35,113.55,63.96,34.3223965763195,46.68,20.41,52.26,55.035,29.33,37.74,71.83,10.19,60.42,93.81,29.79,59.68,71.0,93.13,64.8
1024,09/06/2022,92.22,101.56,26.05,114.21,67.37,31.7,81.5,131.2,106.76,97.75,65.87,45.43,89.15,115.63,68.02,43.89,39.72,17.77,61.16,87.37,29.52,40.79,59.56,12.23,63.53,74.53,28.82,77.78,83.915,103.06,74.44
1025,09/06/2023,77.67,76.38,17.43,112.27,54.93,27.36,45.95,100.89,87.49,86.8,67.73,42.33,60.98,93.85,53.31,39.86,35.09,16.63,49.6,65.69,26.31,38.02,63.65,16.45,59.24,75.44,24.4,66.25,69.61,82.07,56.34
1026,09/07/2018,65.34,72.68,13.11,93.62,50.09,28.51,71.46,96.1361702127659,82.47,80.08,66.66,25.3456722917801,62.81,84.71,58.3,31.4336661911555,37.51,17.82,43.27,43.025,27.35,34.8,65.84,45.78,52.51,79.59,29.75,44.33,58.425,68.56,48.67
1027,09/07/2021,86.14,88.91,24.45,96.13,63.52,25.8,76.52,119.28,103.2,74.88,58.63,20.32,89.73,112.5,67.23,35.3138373751783,38.47,16.16,59.75,85.03,24.72,44.87,52.47,9.42,62.98,75.78,30.11,66.19,66.105,94.06,67.9
1028,09/07/2022,95.61,104.74,27.18,117.64,69.72,32.67,83.39,135.29,110.25,101.23,68.03,46,91.82,119.17,70.12,45.11,41.15,17.85,63.11,90.24,30.44,41.69,60.38,12.73,67.23,76.7,29.59,79.75,86.745,106.22,76.98
1029,09/07/2023,78.7,77.34,16.99,114.03,55.74,27.95,46.03,102.21,89.4,88.51,68.68,41.76,61.35,94.35,53.61,40.57,35.46,16.59,50.43,66.25,26.81,38.35,64.31,16.88,60.16,75.98,24.52,67.11,70.46,83.63,56.6
1030,09/08/2020,77.4,78.98,17.41,96.12,60.5,19.37,78.2,100.493617021277,80.73,72.8,51.37,14.5,85.26,97.95,52.11,25.9771754636234,29.13,13.25,52.65,69.4775,21.97,31.96,26.15,9.22,52.0,73.18,28.23,52.85,59.545,95.59,69.11
1031,09/08/2021,88.43,90.68,24.15,97.65,64.72,26.47,77.84,121.33,105.33,76.92,59.09,20.47,91.89,114.83,68.41,35.9201141226819,38.94,16.09,61.08,86.44,25.1,45.31,52.36,9.32,64.1,76.34,30.46,67.31,67.0,96.42,69.31
1032,09/08/2022,94.82,103.98,27.37,117.95,69.51,32.7,82.77,134.68,109.2,100.66,68.53,47.1,91.42,118.48,70.12,45.37,41.03,18.03,62.84,90.27,30.24,42.32,61.31,12.83,67.88,76.65,29.62,79.41,86.47,106.01,76.59
1033,09/08/2023,79.41,77.74,17.27,114.18,55.97,28.29,47.12,102.66,91.02,89.25,69.8,42.48,62.08,95.27,53.94,40.58,35.62,16.8,50.74,66.83,26.97,39.51,64.77,16.96,60.79,76.62,24.75,67.93,71.25,84.67,57.07
1034,09/09/2019,75.18,91.38,15.03,107.74,61.45,28.78,76.67,108.910638297872,93.72,90.39,71.12,11.75,81.8,112.59,63.97,34.2582025677603,46.92,20.41,51.29,54.9725,28.91,37.84,73.67,11.19,60.38,92.45,29.35,59.02,70.505,90.47,63.39
1035,09/09/2020,78.38,79.91,17.54,96.65,61.69,19.53,79.64,101.88085106383,82.59,72.91,51.54,14.77,85.79,98.37,52.7,26.1554921540656,29.14,13.22,53.78,70.5925,22.11,32.36,26.48,9.11,53.43,72.63,27.75,52.85,60.475,97.77,70.59
1036,09/09/2021,87.88,90.4,24.06,96.19,64.44,26.56,78.46,120.57,104.62,76.38,58.66,19.87,89.81,112.94,68.19,35.8273894436519,38.37,15.98,60.7,85.84,25.04,44.73,52.4,9.36,63.32,75.54,29.78,67.18,66.905,95.99,69.27
1037,09/09/2022,95.61,104.71,27.43,118.09,69.85,32.85,83.16,135.5,109.88,100.85,69.1,48.35,91.63,119.94,70.15,45.84,41.51,18.31,63.07,89.9,30.46,43.29,62.49,12.89,68.0,77.04,29.85,79.52,86.88,106.44,76.98
1038,09/10/2018,65.9,73.4,13.22,93,50.56,28.73,72.28,96.5106382978723,82.31,80.54,67.1,25.0244964616222,63.3,85.19,58.48,31.8259629101284,38.13,17.69,43.78,43.0075,27.62,35.26,64.56,46.25,52.55,80.05,30.11,44.36,58.8,69.12,49.01
1039,09/10/2019,74.21,91.09,15.18,108.8,60.99,29.31,77.01,109.421276595745,93.94,89.33,72.79,11.81,81.87,112.25,64.27,34.4864479315264,46.74,20.23,50.96,54.53,28.97,37.99,73.52,10.9,61.15,91.99,30.0,59.19,70.885,90.3,62.99
1040,09/10/2020,76.46,78.52,17.36,94.27,60.8,19.45,78.73,100.357446808511,82,72.77,50.5,14.07,83.34,95.85,52.06,25.5634807417974,29.05,12.91,52.08,69.2275,21.88,31.38,26.03,9.0,52.3,71.39,27.28,51.56,59.06,95.97,69.13
1041,09/10/2021,87.01,88.83,23.77,93.12,63.61,26.22,77.3,118.77,103.2,74.69,58.13,19.4,88.33,111.84,66.69,35.5991440798859,37.69,15.97,59.77,84.93,24.61,43.47,52.49,9.31,62.14,74.55,29.61,66.21,66.245,94.89,67.76
1042,09/11/2018,65.35,72.98,13.08,93.74,50.44,28.76,71.6,96.3574468085106,81.38,80.2,67.56,25.5089820359281,63.27,84.49,58.41,31.5263908701855,37.98,18.01,43.6,43.0375,27.73,35.41,65.02,46.29,52.76,79.69,30.18,44.17,58.61,68.96,48.72
1043,09/11/2019,74.77,91.69,15.55,109.57,61.25,30.41,78.43,110,94.49,89.93,72.8,12.33,82.17,112.91,65.04,34.7574893009986,47.59,20.45,51.43,55.015,29.14,38.61,74.06,10.68,61.91,93.15,30.75,59.71,71.63,91.27,63.25
1044,09/11/2020,76.6,79.15,17.8,93.21,60.91,19.45,79.64,100.8,83.03,72.74,50.63,14.03,82.16,95.45,51.94,25.5563480741797,29.33,12.82,51.86,69.5375,22.04,31.61,26.34,9.06,52.39,70.9,27.53,51.76,58.9,95.96,68.86
1045,09/11/2023,79.27,77.8,17.24,113.93,56.14,28.31,47.3,103.02,91.78,89.73,69.87,42.21,62.36,95.33,52.71,40.58,35.58,16.67,50.79,67.53,27.08,38.85,64.53,16.9,60.8,76.52,25.03,68.13,71.16,84.53,57.43
1046,09/12/2018,65.37,72.51,13.23,93.61,50.31,28.58,71.57,96.1872340425532,80.89,80.15,67.78,25.6777354382145,63.21,84.04,58.15,31.4693295292439,37.75,18.16,43.59,43.125,27.89,35.77,65.11,45.91,53.32,79.77,30.14,44.12,58.89,68.7,48.59
1047,09/12/2019,76.5,92.02,15.67,109.44,61.63,29.88,78.54,109.982978723404,94.96,90.19,72.54,12.29,82.86,113.89,64.88,34.151212553495,47.63,20.42,51.7,55.185,29.11,38.29,73.93,10.1,61.45,93.28,30.88,59.99,71.83,91.55,63.07
1048,09/12/2022,95.93,105.18,27.59,119.44,70.23,33.1,84.2,135.97,110.88,101.92,71.12,50.3,92.54,122.04,70.82,46.11,41.76,18.74,63.48,90.81,30.58,44.36,63.87,13.18,69.18,77.75,30.16,80.15,87.825,107.24,77.41
1049,09/12/2023,78.74,77.82,17.03,113.88,56.03,28.3,47.57,103.92,92.12,90.2,70.29,43.77,62.39,95.74,53.01,40.56,35.87,17.13,50.72,67.73,27.13,38.69,66.32,16.94,60.63,76.48,25.07,68.6,71.29,84.45,57.21
1050,09/13/2018,65.71,72.97,13.45,94.5,50.69,28.78,72.18,96.8170212765957,82.15,80.75,68.41,26.0152422427872,63.61,84.22,58.1,31.69757489301,37.79,18.3,43.9,43.65,28.08,36.17,65.96,46.52,53.71,80.38,30.27,44.29,59.335,69.05,48.45
1051,09/13/2019,76.6,91.54,15.79,109.73,61.27,29.85,78.52,109.302127659574,93.9,89.81,71.93,12.16,82.38,113.52,64.21,33.716119828816,47.37,20.47,51.65,54.6225,29.04,38.5,74.48,11.18,60.8,93.08,30.88,60.13,70.85,91.16,62.61
1052,09/13/2021,86.09,88.32,23.87,92.18,63,26.16,76.54,118.05,102.73,74.41,59.06,19.97,88.35,113.35,66.58,36.0627674750357,37.43,16.14,59.43,84.58,24.71,44.09,53.41,9.83,62.32,75.1,29.54,66.33,67.0,93.68,67.08
1053,09/13/2022,93.08,102.2,26.83,116.46,68.04,32.35,82.24,132.98,108.19,98.82,68.9,47.91,89.64,117.71,68.81,44.02,41.15,18.17,61.42,88.86,29.73,43.36,61.68,12.92,66.84,75.07,29.42,78.23,85.415,103.8,75.08
1054,09/13/2023,80.1,79.33,16.99,115.26,56.78,28.64,47.75,106.05,93.88,91.46,70.74,42.95,63.35,97.09,53.72,41.13,36.16,17.16,51.54,68.43,27.41,38.76,67.0,17.07,60.89,77.42,25.37,69.5,71.92,85.71,58.13
1055,09/14/2018,65.41,72.6,13.55,94.12,50.38,28.92,71.86,95.5744680851064,81.7,80.29,68.33,25.8845944474687,63.53,83.76,57.76,31.4407988587732,37.83,18.06,43.83,43.4125,24.79,36.24,66.39,46.97,53.27,80.35,30.16,43.9,59.365,68.8,48.4
1056,09/14/2020,76.98,80.34,17.95,93.32,61.42,19.54,80.73,102.451063829787,84.38,74.22,51.65,14.23,82.91,96.72,52.79,25.8630527817404,29.66,13.06,52.33,70.48,22.38,31.54,27.3,9.64,52.48,72.09,27.92,52.86,59.575,97.18,69.54
1057,09/14/2021,85.93,87.83,23.82,91.28,63.18,25.66,76.15,117.42,101.61,74.19,58.48,19.53,86.97,114.39,65.76,35.9343794579173,37.45,16.01,59.28,84.64,24.31,43.89,53.05,9.8,62.57,74.0,29.38,65.97,66.915,93.42,66.11
1058,09/14/2022,93.73,103.32,27.03,117.03,68.69,32.75,82.44,134.05,109.27,99.97,69.49,50.6,90.69,118.71,69.63,44.35,41.44,18.53,61.92,88.88,29.86,44.31,63.44,13.22,67.27,75.42,29.62,79.43,86.85,104.44,75.31
1059,09/14/2023,81.04,80.6,17.39,116.36,57.25,28.98,48.51,106.74,95.45,92.38,71.52,42.59,64.44,98.75,54.44,41.84,36.89,17.31,52.09,69.28,27.74,39.14,68.53,17.21,61.39,78.7,25.68,70.9,73.53,86.81,58.68
1060,09/15/2020,77.5,80,17.79,92.35,61.11,19.01,80.9,100.902127659574,84.45,74.47,51.51,14.25,83.97,96.54,52.37,25.7988587731812,29.35,12.91,52.76,73.925,22.11,30.6,26.29,9.78,51.65,72.02,27.72,53.01,58.815,99.15,70.41
1061,09/15/2021,85.34,87.33,24.11,89.56,62.8,25.1,75.55,116.88,102.03,73.99,59.04,20.58,85.31,112.89,64.78,36.2696148359487,37.8,16.38,59.27,84.61,24.19,44.03,55.71,9.86,62.8,73.93,29.46,66.01,68.38,92.02,65.45
1062,09/15/2022,91.18,100.19,26.69,114.12,66.64,32.18,80.92,130.6,106.28,97.64,68.3,48.09,88.19,115.3,67.56,43.24,40.42,18.33,60.23,86.01,28.96,44.86,62.46,13.11,66.47,73.82,28.88,77.29,85.44,101.06,73.38
1063,09/15/2023,80.77,80.04,17.24,115.01,57.21,29.08,48.47,106.78,95.18,91.49,71.56,41.53,64.21,98.4,54.14,41.65,36.91,17.07,51.78,68.64,27.67,39.1,67.54,17.31,61.35,78.62,25.66,71.09,73.1,86.26,57.97
1064,09/16/2019,77.17,91.71,16,110.11,61.46,30.34,78.49,110.68085106383,93.12,89.93,71.48,12.16,82.44,113.53,64.14,33.7945791726106,47.56,20.67,51.93,54.5775,29.04,39.03,75.83,11.01,60.8,93.49,31.13,59.86,70.875,91.31,62.83
1065,09/16/2020,77.94,80.46,18.06,93.89,61.94,19.74,81.6,101.310638297872,84.84,75.68,52.54,14.76,83.36,96.84,52.63,25.8630527817404,29.76,13.35,53.06,70.0875,22.26,30.92,28.07,9.79,53.0,72.3,28.01,53.29,60.42,98.78,70.92
1066,09/16/2021,85.05,85.98,24.28,89.76,62.48,24.63,74.93,117.56,101.41,73.66,57.54,19.36,84.86,112.41,64.55,35.7917261055635,37.31,16.16,58.65,84,24.05,43,55.57,9.69,62.61,73.35,29.1,65.38,67.56,91.58,65.0
1067,09/16/2022,91.73,100.36,25.92,114.01,66.84,32.04,80.82,129.9,106.11,97.41,67.52,46.06,88.8,115.42,67.07,43.21,41.2,17.85,60.86,84.79,28.83,43.87,60.22,13.08,66.36,73.63,28.92,77.25,84.22,101.29,73.9
1068,09/17/2018,65.24,72.8,13.64,94.77,50.3,28.78,71.99,95.6085106382979,82.08,80.35,68.43,25.606967882417,63.77,84.42,57.7,31.7189728958631,37.93,18.17,43.99,43.465,25.73,35.5,67.97,46.82,53.54,80.86,30.43,44.39,59.435,68.62,48.39
1069,09/17/2019,77.54,92.73,15.89,110.96,62.37,29.91,79.03,111.251063829787,93.87,90.93,71.81,12.44,83.15,114.46,64.67,33.7303851640514,48.09,20.74,52.81,55.555,29.43,39.03,76.2,11.16,61.17,94.36,31.12,60.55,71.52,92.8,63.73
1070,09/17/2020,77.62,80.04,18.43,93.42,61.34,19.29,79.82,99.4553191489362,84.6,75.93,52.63,14.58,81.93,97.63,52.2,25.6276747503566,29.8,13.29,52.18,69.88,22.42,30.54,28.03,9.78,52.24,72.16,27.5,53.52,60.515,96.11,68.44
1071,09/17/2021,83.6,84.1,24.6,89.09,61.66,24.43,74.12,114,99.67,73.07,57.75,18.83,83.3,111.04,64.2,35.5634807417974,36.73,15.96,57.83,81.64,24.03,42.08,55.17,9.84,61.91,73.82,28.68,64.14,66.69,90.75,64.0
1072,09/18/2018,65.06,72.43,13.75,94.49,50.26,28.6,71.92,95.7531914893617,81.92,80.08,68.31,25.3293413173653,63.64,83.93,57.48,31.5263908701855,37.86,18.12,43.84,43.36,25.92,35.88,69.14,47.2,53.09,80.82,30.19,44.79,58.635,68.34,48.12
1073,09/18/2019,78.48,93.02,16.05,111.8,62.63,29.97,80.06,112.025531914894,94.26,91.48,72.07,12.25,83.37,114.65,65.15,34.1940085592011,48.11,20.67,52.95,55.975,29.47,38.95,76.5,11.75,61.53,95.88,31.22,60.8,70.1,93.15,64.01
1074,09/18/2020,76.86,78.78,18.79,92,61.1,18.93,77.96,95.3446808510638,82.95,73.88,51.42,15.14,78.86,95.43,50.94,25.0142653352354,28.96,13.08,50.98,69.23,21.98,29.93,27.54,9.71,51.33,70.43,26.8,52.81,59.99,94.87,66.9
1075,09/18/2023,80.68,80.23,17.08,114.5,57.01,29.15,48.63,107,94.96,91.57,71.22,41.19,64.29,98.78,54.14,41.49,36.77,17.02,52.19,68.24,27.55,39.75,68.19,17.3,61.33,79.09,25.67,70.95,73.51,86.68,57.99
1076,09/19/2018,63.91,70.98,13.59,92.71,48.97,27.91,70.62,92.8425531914894,80.09,78.32,67.33,25.9009254218835,62.03,81.9,55.91,30.8416547788873,36.8,18.26,42.84,42.2925,25.54,35.58,69.52,46.71,51.91,79.03,29.66,43.7,57.57,66.96,47.19
1077,09/19/2019,78.66,93.18,15.95,112.28,62.85,30.04,80.92,112.229787234043,94.49,91.88,72.63,11.51,83.23,115.08,65.55,34.0941512125535,48.11,20.69,53.11,56.225,29.44,38.8,75.09,12.2,61.72,96.26,31.54,61.06,70.405,93.48,64.26
1078,09/19/2022,92.3,101.11,26.6,115.22,67.2,32.46,81.18,130.9,106.81,98.47,68.37,47.34,89.53,115.88,67.66,43.39,41.86,18.05,61.89,86.84,29.29,44.02,60.9,13.46,66.62,74.69,29.35,78.27,86.465,102.28,74.53
1079,09/19/2023,80.22,80.06,16.76,114.09,56.81,28.98,47.85,106.38,93.84,91.17,70.19,40.99,63.79,98.46,54.21,41.07,36.8,16.93,52.02,67.59,27.55,39.19,67.78,17.41,60.62,78.93,25.51,70.91,73.52,86.7,58.52
1080,09/20/2018,64.13,71.08,13.81,93.31,49.11,28,70.32,92.9191489361702,80.62,78.44,67.82,26.396298312466,61.77,82.49,55.77,30.9486447931526,36.86,18.04,43.12,42.3175,25.23,35.83,68.61,46.92,52.19,79.47,29.55,43.29,57.16,67.15,47.35
1081,09/20/2019,79.04,93.18,16.09,112.98,63.11,30.33,80.84,112.587234042553,95.27,92.4,72.74,11.46,83.26,115.21,66.01,34.5577746077033,47.39,20.92,53.18,56.43,29.48,39.07,75.77,11.61,61.8,97.17,31.68,61.11,71.11,93.7,64.62
1082,09/20/2021,83.44,83.3,23.92,89.13,61.83,24.71,74.6,113.93,99.64,73.31,57.59,18.76,83.37,109.51,64.26,35.4564907275321,36.52,15.68,57.9,81.69,23.93,41.16,52.99,9.58,62.07,73.64,28.62,63.96,65.515,90.99,63.44
1083,09/20/2022,91.24,99.76,25.89,113.51,66.75,31.99,80.03,128.67,105.64,97.37,67.71,46.56,88.61,114.3,66.71,42.78,41.38,17.9,61.13,85.69,28.86,42.8,59.7,13.3,65.38,73.31,28.9,77.22,84.43,100.96,73.48
1084,09/20/2023,80.44,80.45,16.79,114.16,56.84,28.82,47.97,106.68,94.37,91.5,69.75,40,63.96,98.21,54.35,40.83,36.56,16.86,51.99,67.35,27.59,38.89,67.01,17.4,60.7,79.5,25.67,71.2,73.33,87.16,59.96
1085,09/21/2018,64.42,71.4,13.96,94.01,49.33,28.03,70.85,92.8255319148936,79.82,77.89,68.36,26.2602068590093,62.16,82.57,55.87,31.1340941512126,36.9,18.06,43.23,42.69,25.55,36.16,69.11,46.79,52.14,80.22,29.68,44.01,57.605,67.24,47.49
1086,09/21/2020,76.62,79.36,18.36,92.27,59.99,18.9,77.97,94.7234042553191,82.57,72.84,49.7,15.45,78.02,94.83,50.01,24.7860199714693,28.63,12.86,49.83,69.05,22.2,29.15,26.44,9.63,51.17,70.81,26.23,53.03,58.33,94.86,66.64
1087,09/21/2021,82.92,82.99,23.92,88.78,61.66,24.92,74.51,113.38,98.92,73.05,57.72,18.39,83.54,107.98,63.87,34.9643366619116,36.65,15.78,57.52,81.92,24,41.83,53.31,9.79,61.7,73.43,28.42,63.81,65.235,91.38,63.29
1088,09/21/2022,90.46,98.57,25.4,112.63,65.9,31.95,78.93,126.59,104.29,96.24,66.21,45.39,87.83,113.19,65.95,42.1,41,17.52,60.29,83.97,28.41,42.17,58.43,13.01,64.48,72.76,28.43,76.13,83.13,99.93,72.5
1089,09/21/2023,80.12,79.88,16.43,111.64,56.51,28.39,47.39,106.09,93.41,90.86,68.9,38.74,64.01,96.96,53.86,40.46,36.2,16.56,51.33,66.91,27.06,37.89,65.99,17.24,60.44,78.4,25.25,69.9,71.96,86.31,59.38
1090,09/22/2020,77.06,79.85,18.24,93.72,60.69,18.91,77.5,95.3276595744681,82.69,73.7,50.42,14.71,78.98,97.28,50.47,25.114122681883,28.57,12.8,50.01,69.515,22.08,28.84,25.67,9.85,52.47,71.83,26.26,53.12,59.525,95.4,66.87
1091,09/22/2021,83.57,82.72,23.67,88.75,61.49,24.56,74.84,113.95,98.54,73.25,58.35,18.91,82.95,105.99,62.83,35.2211126961484,36.86,16.13,57.44,81.9,24.13,42.18,54.85,9.87,61.02,72.95,28.48,63.61,65.42,91.23,63.19
1092,09/22/2022,90.41,98.88,25.03,113.33,65.78,31.66,78.44,126.58,104.68,96.42,65.8,44.63,87.99,113.92,65.88,41.68,40.49,17.32,60.01,83.54,28.62,41.38,57.62,12.96,63.97,72.7,28.38,75.94,82.095,100.15,72.45
1093,09/22/2023,80.21,79.17,15.96,110.85,56.37,28.3,47.75,106.21,93.33,90.83,68.07,38.45,62.58,96.55,53.61,40.21,36.05,16.6,51.25,67.7,26.69,38.63,66.19,17.14,60.52,77.81,25.13,69.37,71.82,85.44,59.73
1094,09/23/2019,78.97,93.4,16.25,112.59,63.19,30.4,80.85,111.906382978723,95.4,92.75,74.16,11.49,83.49,115.63,66.2,34.4579172610556,47.76,20.78,53.27,56.32,29.62,39.28,74.81,11.54,61.92,97.39,31.59,61.32,70.935,93.96,64.6
1095,09/23/2020,75.61,79.18,17.76,92.87,59.57,18.86,76.27,95.2340425531915,81.28,73.32,49.3,14.39,78.29,95.17,49.12,24.5934379457917,27.58,12.23,49.83,68.3275,21.61,28.52,24.54,9.6,51.92,70.93,25.91,52.53,57.25,93.06,66.19
1096,09/23/2021,83.31,82.31,23.54,88.13,60.66,24.8,74.26,113.75,98.4,73.11,57.61,19.47,82.49,102.61,63.32,35.413694721826,36.75,16.49,57.25,81.27,23.91,42.72,57.46,9.97,60.69,72.59,28.55,63.4,64.515,90.28,62.9
1097,09/23/2022,89.08,97.74,24.29,111.53,65.26,31.56,77.75,125.66,103.71,95.47,64.86,41.26,86.85,111.59,64.95,41.67,40.05,16.53,59.52,82.52,28.04,40.63,52.76,12.61,62.94,71.27,28.15,74.99,80.89,99.57,71.56
1098,09/24/2018,63.76,70.64,13.76,93.9,48.93,27.82,70.08,92.3489361702128,79.61,76.61,67.66,25.465432770822,61.48,81.64,55.65,30.8131241084166,36.86,17.89,42.92,42.2025,25.29,36.09,67.87,46.28,52.05,79.37,29.19,43.83,56.79,66.64,47.04
1099,09/24/2019,79.56,94.59,16.17,114.29,64.09,30.45,80.84,113.770212765957,96.28,93.96,75.34,11.28,84.66,117.09,66.72,34.8074179743224,48.45,20.57,54.16,57.1275,29.96,39.33,74.14,10.93,62.15,97.87,31.58,61.98,72.12,95.0,65.43
1100,09/24/2020,76.7,80.49,17.96,93.59,59.58,18.9,76.31,96.1617021276596,81.67,73.93,50.84,14.48,79.95,95.78,49.18,24.8288159771755,28.16,12.28,49.93,69.385,21.65,29.03,24.48,9.79,53.47,72.76,26.07,53.05,57.87,94.0,67.07
1101,09/24/2021,83.57,82.05,23.44,88.22,60.76,25.41,74.58,113.71,98.46,73,57.57,19.99,82.67,100.85,63.15,35.1212553495007,36.83,16.53,57.11,80.7,24.01,42.96,57.47,9.94,60.7,72.55,28.42,63.16,64.885,90.0,63.32
1102,09/25/2018,63.02,69.81,13.7,93.5,48.36,27.65,69.55,91.4808510638298,78.81,75.7,66.97,25.547087642896,60.68,80.18,55.02,30.3708987161198,36.38,17.88,42.24,41.7125,24.89,35.79,68.43,45.84,51.21,78.18,28.75,42.73,56.235,65.75,46.61
1103,09/25/2019,80.26,94.23,16.12,114.42,64.33,30.61,80.39,113.872340425532,96,93.99,75.15,11.17,84.64,116.88,67.24,34.9572039942939,48.83,20.51,54.03,57.3425,30.07,39.76,73.63,10.77,62.14,97.78,31.15,61.73,72.005,95.35,65.05
1104,09/25/2020,78.21,80.65,17.99,95.25,61.34,18.99,77.05,97.6340425531915,82.47,75.77,51.65,13.87,82.48,96.98,50.29,25.3352353780314,28.6,12.37,51.35,70.455,22.14,29.52,25.01,10.0,54.13,73.77,26.47,53.81,58.805,96.31,68.5
1105,09/25/2023,79.55,78.68,16.24,110.48,55.94,28.29,47.91,105.66,93.31,90.23,67.64,38.92,61.81,96.16,53.29,40.3,35.92,16.75,51.05,67.47,26.7,39.19,66.54,17.08,60.29,77.41,25.0,69.29,71.66,84.73,59.49
1106,09/26/2018,62.14,68.97,13.61,92.63,47.75,27.25,68.82,90.6297872340425,78.09,74.41,66.81,24.1916167664671,60.2,79.09,54.23,30.0998573466476,35.91,17.61,41.78,41.1125,24.56,35.56,68.41,45.16,50.68,77.41,28.35,42.66,55.53,65.04,46.07
1107,09/26/2019,80.38,94.29,16.22,114.65,65.04,30.12,80.76,113.565957446809,96.2,94.65,76.36,10.9,85.26,117.55,67.31,35.0784593437946,48.73,20.52,54.26,57.93,30.56,39.5,73.49,10.7,62.26,97.67,31.71,61.86,72.365,95.9,65.57
1108,09/26/2022,86.71,95.63,22.96,109.17,63.52,30.51,75.84,123.01,100.84,93.17,63.17,39.38,84.63,108.81,63.5,40.58,38.77,16.09,58.03,81.15,27.37,39.39,50.58,12.75,60.8,69.67,27.5,73.15,78.615,97.21,69.95
1109,09/26/2023,76.85,76.34,15.86,106.98,54,27.29,46.06,102.16,91.12,87.83,65.8,38.96,59.71,93.2,51.44,39.15,35.31,16.47,49.26,65.34,25.74,38.3,64.48,16.6,58.47,74.84,24.27,67.11,69.22,81.64,57.72
1110,09/27/2018,62.57,69.76,13.7,93.29,48.32,27.42,69.14,91.4127659574468,78.94,75.2,66.66,24.3385955362003,60.56,79.93,54.31,30.5349500713267,36.53,17.56,42.06,41.3975,24.78,36.45,68.18,45.27,51.34,78.09,28.74,43.24,56.0,65.84,46.58
1111,09/27/2019,80,94.2,16.31,114.05,64.01,30,80.99,112.757446808511,96.26,94.62,75.88,11.23,85.34,117.5,66.56,34.6504992867332,48.43,20.67,54.03,57.815,30.03,39.44,73.3,10.12,61.98,97.41,31.6,61.77,72.24,94.87,65.36
1112,09/27/2021,82.2,81.36,23.45,87.58,59.46,25.42,73.81,112.6,97.63,72.53,57.7,22.34,81.5,100.02,63.09,34.8716119828816,36.72,16.98,56.2,78.76,23.88,42.3,58.9,9.97,61.21,72.29,28.36,62.44,64.435,88.33,62.25
1113,09/27/2022,85.11,92.86,22.24,107.57,61.75,29.89,74.03,121.7,98.32,90.77,61.37,39.29,82.49,105.8,62.93,40.15,38.21,16.33,56.84,81.08,26.86,39.39,50.98,12.41,59.56,68.25,27.11,71.72,77.075,94.77,68.37
1114,09/27/2023,76.11,75.86,15.93,106.46,53.35,27.15,45.46,100.54,90.09,86.63,65.3,39.61,58.77,93.25,51.05,38.8,35.24,16.66,48.55,59.96,25.18,38.58,64.51,16.44,57.9,74.16,23.94,66.14,69.41,80.57,57.21
1115,09/28/2018,63.22,70.88,14,93.91,49,27.65,70.28,92.8765957446808,80.02,76.19,67.68,24.0772999455634,61.44,81.13,54.92,31.1412268188302,37.17,17.73,42.57,41.9,24.92,37.4,67.79,46.01,52.79,79.18,29.26,43.6,56.875,66.76,47.21
1116,09/28/2020,78.42,80.65,17.87,95.04,61.4,19.02,77.23,97.7106382978723,82.87,76.32,51.89,13.99,82.65,96.68,50.34,25.4921540656205,28.45,12.61,51.49,71.035,21.85,29.52,26.01,9.45,54.35,73.89,26.68,53.71,58.355,96.48,68.85
1117,09/28/2021,81.42,81.28,23.06,86.69,58.86,24.95,73.14,111.43,97.05,72.16,57.12,22.08,81.07,99.26,62.53,34.3794579172611,36.43,16.89,55.81,77.27,23.84,41.39,58.28,9.74,60.36,71.68,28.22,61.94,61.81,87.77,61.42
1118,09/28/2022,86,93.56,23.03,109.06,62.41,30.15,74.86,123.16,99.61,90.82,61.31,40.81,83.16,107.83,63.22,39.68,38.67,16.84,57.21,82.37,27.22,40.25,52.94,12.72,59.88,68.98,27.36,72.52,78.49,95.64,68.91
1119,09/28/2023,74.44,74.67,14.88,105.91,52.7,26.7,44.14,98.63,88.68,85.49,63.59,40.44,57.36,92.29,50.42,37.88,34.57,16.67,48.06,57.08,24.6,38.28,64.89,16.28,56.66,73.47,23.38,65.07,67.77,79.88,56.87
1120,09/29/2020,79.02,80.97,18,95.1,61.11,19,77.88,97.3617021276596,82.41,76.98,51.02,12.84,83.01,95.78,50.15,25.1925820256776,28.6,12.45,51.08,70.78,21.96,29.7,26.67,9.39,54.8,73.45,26.88,53.7,58.09,96.66,68.65
1121,09/29/2021,82.34,82.17,22.94,88.91,59.85,25.11,74.35,113.13,98.34,73.45,56.43,20.74,82.14,100.74,63.16,34.6861626248217,36.3,16.92,56.75,78.35,24.23,41.48,58.81,9.51,61.26,72.4,28.47,62.64,63.73,89.01,62.67
1122,09/29/2022,82.49,89.07,22.75,104.66,59.73,28.84,71.06,118.22,95.1,87.66,57.46,39.53,79.58,102.63,60.49,37.75,37.18,16.72,54.54,79.97,25.97,39.18,51.98,12.38,56.92,66.22,25.95,69.38,75.74,91.81,65.36
1123,09/29/2023,74.83,75.22,15.2,105.93,53.11,26.85,44.67,99.28,88.26,85.53,63.29,40.58,58.15,92.5,50.7,37.79,34.18,16.58,48.45,57.29,24.68,38.52,63.43,16.13,56.91,73.68,23.56,64.72,68.03,80.55,57.22
1124,09/30/2019,80.05,93.69,16.34,113.89,63.95,30.18,81.04,113.157446808511,95.86,94.47,75.42,10.64,85.47,117.36,66.56,34.4579172610556,48.23,20.61,53.93,58.2475,29.92,39.6,73.69,10.0,62.08,97.07,31.49,61.77,73.805,95.1,64.89
1125,09/30/2020,79.08,81.73,18.11,95.59,61.41,19.35,78.93,97.9063829787234,88.56,77.8,50.84,12.93,83.55,98.53,50.82,25.5064194008559,28.71,12.33,51.65,69.39,22,30.74,25.98,9.39,54.91,74.55,27.21,54.22,59.18,96.9,69.01
1126,09/30/2021,81,81.18,22.83,88.2,59.73,24.6,73.02,111.71,97.59,72.59,55.47,20.46,81.76,99.31,62.2,34.4793152639087,35.62,16.73,55.98,78.52,24.23,40.83,57.99,9.6,60.9,72.36,27.88,61.97,63.25,88.2,62.5
1127,09/30/2022,80.55,86.45,22.6,101.85,58.24,28.18,69.11,115.05,93.02,85.76,56.58,40.75,77.96,100.63,59.4,37.46,37,16.64,52.99,78.41,25.19,38.27,51.24,12.5,56.23,64.51,25.35,68.0,74.97,89.43,64.0
1128,10/01/2018,63.29,70.9,14.05,92.75,48.85,27.54,70.1,92.7914893617021,79.55,75.77,67.55,23.9793140990746,61.52,80.65,55.13,30.962910128388,37.01,18.18,42.41,41.7475,24.79,37.62,68.95,45.87,52.69,78.89,29.44,43.18,56.915,66.65,47.12
1129,10/01/2019,79.66,93.22,16.24,112.98,64.15,29.89,81.22,113.353191489362,96.19,94.1,73.9,10.2,85.36,117.32,66.28,34.2225392296719,47.89,20.29,53.89,58.0075,29.73,39.14,72.71,9.9,61.7,97.31,31.31,61.88,73.04,95.19,64.95
1130,10/01/2020,79.86,83.06,17.92,95.47,61.68,19.4,78.59,96.5446808510638,90.05,79.04,50.44,12.68,85.45,101.28,50.82,25.5563480741797,28.76,12.24,52.33,70.69,22,30.63,25.27,9.83,55.07,75.32,27.55,54.62,59.565,98.25,70.38
1131,10/01/2021,80.61,81.38,22.9,88.78,59.73,24.9,72.29,111.67,98.46,71.6,55.04,20.62,81.84,99.37,61.8,34.0870185449358,35.85,16.91,55.78,79.21,24.3,40.66,59.45,9.61,60.46,72.12,27.96,61.75,62.79,87.62,62.49
1132,10/02/2018,64.35,71.35,14.43,93.69,49.34,27.91,70.88,94.263829787234,80.42,77.08,68.72,24.0500816548721,62.16,81.83,55.44,31.3908701854494,37.43,18.08,43.12,42.335,25.06,37.68,67.88,47.42,53.13,79.42,29.75,43.43,57.87,67.67,47.75
1133,10/02/2019,78.75,92.13,15.7,111.5,63.58,29.12,79.97,111.676595744681,94.71,92.67,74.48,10.07,84.42,116.45,65.36,33.9657631954351,47.31,20.17,53.31,57.2775,29.41,38.21,71.63,8.96,61.29,95.59,30.58,61.15,71.865,94.31,63.34
1134,10/02/2020,79.81,85.3,18.54,96.02,61.66,19.93,79.8,97.1574468085106,91.58,79.77,51.5,12.73,87.05,103.65,51.98,25.6348074179743,29.52,12.31,53.09,70.2925,22.14,31.06,26.53,9.9,55.95,77.86,28.21,56.26,60.25,97.71,70.48
1135,10/02/2023,71.13,71.84,14.16,102.76,50.57,25.75,42.31,95.49,85.44,81.62,61.04,39.09,55.73,88.87,48.1,36.61,32.6,16.16,46.24,52.15,23.18,37.57,61.85,15.22,54.69,71.27,22.55,62.71,65.27,77.03,55.03
1136,10/03/2018,63.69,70.22,14.53,92.74,48.76,27.32,70.29,92.4510638297872,79.19,76.11,68.44,24.0555253130103,61.09,80.33,54.89,30.7417974322397,36.7,18.24,42.56,42.06,24.81,37,68.43,47.2,52.01,78.77,29.56,42.79,57.31,66.79,47.14
1137,10/03/2019,78.5,92.5,15.8,111.79,64,28.9,79.62,111.157446808511,95.1,93.02,73.95,9.68,84.66,116.5,65.39,34.037089871612,47.74,20.38,53.38,57.5425,29.37,38.66,71.99,9.55,61.64,95.73,30.57,61.36,72.83,94.81,63.47
1138,10/03/2022,82.75,88.23,23.56,105.01,59.85,28.84,71.09,116.93,95.33,87.66,59.4,41.75,80.3,103.96,60.78,38.48,37.65,17.1,54.33,81.19,26.01,39.34,53.55,13.11,57.91,66.03,26.06,69.73,77.56,92.6,65.54
1139,10/03/2023,72.57,72.81,13.54,104.34,51.87,26.35,42.47,97.36,85.76,83.18,61.23,39.62,56.05,90.09,49,37.05,33.61,16.1,46.79,52.78,23.96,37.85,61.98,15.33,55.53,71.87,22.98,64.03,66.34,78.24,55.84
1140,10/04/2018,63.9,70.56,14.51,92.84,48.91,27.28,70.69,93.0893617021276,79.94,76.6,68.69,24.0772999455634,61.54,81.2,55.25,30.8416547788873,37.14,18.27,42.77,42.3125,25.05,36.62,68.48,46.99,52.3,80.25,30.0,42.98,57.445,67.28,47.45
1141,10/04/2019,79.53,93.61,16.03,113.14,64.92,29.25,81.7,112.544680851064,97.17,94.14,75.59,9.9,85.61,118.77,66.01,34.5577746077033,48.23,20.52,54.35,58.3975,29.63,39.16,72.03,10.87,62.28,97.23,30.93,62.05,73.615,96.08,64.63
1142,10/04/2021,81.86,83.04,22.84,90.55,60.87,25.49,73.35,113.01,100.76,73.22,56.23,21.48,84.92,101.38,62.62,34.4864479315264,36.01,16.94,56.82,79.36,24.59,40.33,60.06,9.82,61.15,73.97,28.29,62.43,63.26,89.37,63.9
1143,10/04/2022,84.07,90.66,25.27,106.41,60.58,29.43,71.5,118.63,97.12,89.11,60.83,44.91,81.02,106.15,62.03,40.01,38.95,17.67,55.01,82.82,26.9,41.01,56.32,14.19,59.81,67.0,26.66,70.69,78.815,93.1,66.47
1144,10/04/2023,72.83,73.29,13.2,106.31,52.28,26.54,41.97,97.11,86.12,84.2,61.23,39.65,56.11,91.02,48.69,37.41,33.59,16.03,47.49,50.62,24.01,37.46,61.35,15.18,56.12,71.74,22.91,64.62,66.49,79.22,56.63
1145,10/05/2018,65.1,71.87,14.66,94.64,49.89,27.73,71.85,94.9957446808511,81.4,77.66,69.3,24.4093630919978,62.4,82.76,55.72,31.2482168330956,37.98,18.06,43.61,43.0925,24.97,37.2,68.61,47.95,52.71,81.8,30.29,43.71,58.1,68.28,48.37
1146,10/05/2020,80.72,87.05,18.58,95.22,61.58,20.19,80.09,97.4553191489362,91.74,79.93,52.61,13.69,89.49,104.81,52.53,26.2410841654779,29.91,12.6,53.31,71.9775,21.99,31.27,27.61,9.94,56.32,79.64,28.44,57.17,60.885,98.14,71.47
1147,10/05/2021,81.61,83.02,23.38,90.01,60.37,25.47,72.78,113.79,100.17,73.04,55.68,21.62,84.69,101.47,62.88,34.4793152639087,36.22,16.92,56.41,79.48,24.39,40.9,60.22,9.89,60.85,72.73,28.26,62.06,63.32,88.89,63.3
1148,10/05/2022,81.44,87.7,25.42,104.11,58.53,28.81,69.01,116.11,94.02,86.3,60.09,45.34,78.9,104.91,60.16,38.7,37.77,17.7,53.05,81.77,26.16,41.5,56.52,14.75,58.47,65.29,26.12,68.73,76.765,90.56,64.33
1149,10/05/2023,73.25,71.33,12.61,107.44,51.81,26.62,40.98,94.2,85.48,84.76,60.69,41.09,55.21,91.76,48.34,37.41,33.78,16.16,47.61,49.45,23.83,38.69,62.44,15.34,56.56,72.14,22.96,64.59,66.25,79.3,56.48
1150,10/06/2020,81.3,88.43,18.66,96.98,62.89,20.57,81.11,98.2127659574468,90.77,80.76,53.86,13.46,90.78,106.05,52.41,26.5121255349501,30.41,12.27,54.39,72.57,22.41,31.1,27.06,10.15,55.9,81.12,28.7,57.83,61.115,98.51,72.45
1151,10/06/2021,82.97,84.56,23.42,90.16,61.22,25.79,74.17,115.28,101.85,74.61,56.61,20.99,86.26,103.17,63.43,35.0285306704708,36.68,16.74,57.08,81.18,24.65,40.94,60.1,10.19,60.95,74.18,28.55,62.73,63.885,90.58,64.33
1152,10/06/2022,78.84,84.51,25.4,100.81,56.59,27.34,65.96,110.71,90.77,84,58.65,43.94,75.49,102.71,58.03,37.76,36.85,17.39,51.25,78.91,25.1,41.1,55.63,14.63,56.66,62.73,25.44,65.73,74.455,86.52,61.82
1153,10/06/2023,74,72.19,12.45,108.55,53.04,26.87,41.7,95.16,86.92,86.35,62.06,42.79,55.81,91.99,48.79,38.08,34.25,16.26,48.38,50.24,24.59,38.97,63.5,15.51,57.32,72.36,23.44,64.97,67.13,80.63,57.35
1154,10/07/2019,78.94,93.71,15.85,112.69,64.45,28.83,81.18,112.723404255319,96.92,93.86,74.89,9.77,85.37,117.79,65.63,34.564907275321,48.03,20.3,53.78,58.1375,29.33,38.92,70.72,11.5,62.16,97.44,30.81,61.92,73.215,95.22,64.28
1155,10/07/2020,80.69,88.61,18.75,96.38,63.01,20.65,81.02,97.4553191489362,91.3,80.83,54.94,14.13,91.4,104.7,52.45,26.9971469329529,30.56,12.59,54.08,74.28,22.05,31.39,27.81,10.26,57.03,82.95,28.76,57.8,61.36,98.05,72.09
1156,10/07/2021,82.72,84.14,24.09,89.76,60.57,25.57,73.85,115.06,100.96,74.38,57.12,21.3,86.09,103.46,62.72,34.7432239657632,36.43,16.94,56.66,80.92,24.56,41.26,60.75,10.52,60.46,68.19,28.4,62.67,62.795,89.72,63.97
1157,10/07/2022,76.96,82.99,24.92,99.39,55.29,26.81,64.39,107.49,89.07,81.58,58.63,43.17,74.25,101.23,57.04,36.96,36.1,17.24,49.65,76.73,24.51,41.12,54.53,14.93,55.32,60.98,24.68,64.12,73.515,85.48,59.86
1158,10/08/2018,65.65,72.85,14.77,96.95,50.25,27.95,72.99,95.8212765957447,82.14,78.02,69.93,24.877517691889,62.83,83.64,56.12,31.3908701854494,38.05,18.21,44.11,43.33,25.05,37.29,68.4,47.92,53.52,82.77,30.5,43.92,58.275,68.74,48.78
1159,10/08/2019,77.42,92.56,15.51,111.24,64.1,28.18,80.72,110.791489361702,96.09,93,74.73,9.26,84.85,117.62,65.01,34.0727532097004,47.62,20.01,53.39,57.4925,28.83,39,68.2,10.9,61.17,95.58,30.21,61.36,72.955,94.17,63.59
1160,10/08/2020,81.73,89.38,19.44,96.79,63.87,21.32,82.06,103.71914893617,93.15,82.27,56.1,14.5,92.43,107.21,53.36,28.0456490727532,31.28,13.13,55.18,75.26,22.36,32.35,29.41,10.57,58.4,83.54,29.11,58.71,63.355,99.03,72.51
1161,10/08/2021,82.14,83.58,24.07,89.96,60.15,25.54,72.7,114.13,100.53,73.47,57.14,20.88,85.41,103.19,62.01,34.4864479315264,36.22,17.47,55.96,80.21,24.43,41.39,61.63,10.71,59.89,66.58,28.36,62.56,62.31,88.81,63.2
1162,10/09/2018,66.33,73.05,14.82,96.83,50.65,28.13,73.36,96.7148936170213,82.25,78.23,70.45,25.2531301034295,63.36,83.43,56.38,31.3980028530671,38.35,18.57,44.1,43.4325,24.99,37.42,68.72,48.55,54.07,83.32,30.42,44.12,58.2,69.06,49.01
1163,10/09/2019,77.34,92.88,15.54,111.32,64.6,28.14,81.34,110.51914893617,96.03,93.36,74.4,9.33,86.09,118.06,63.8,34.1726105563481,47.82,20.18,53.54,58.34,29.04,38.76,68.61,10.98,61.57,95.41,30.31,61.9,73.32,94.89,63.92
1164,10/09/2020,82.05,89.82,19.32,96.51,64.34,21.37,81.78,102.374468085106,93.3,82.55,56.09,14.69,92.19,105.85,52.93,27.9600570613409,31.22,12.82,54.74,75.7275,22.49,32.27,29.05,10.76,57.56,82.56,28.94,58.74,63.005,99.44,72.71
1165,10/09/2023,75.06,73.66,12.68,109.69,53.35,27.29,42.18,96.59,88.23,87.55,62.53,44.35,57.24,93.02,49.35,38.7,34.77,16.76,48.57,49.32,25.14,39.7,65.95,15.58,58.41,73.04,23.75,65.91,68.5,81.72,57.65
1166,10/10/2018,65.94,72.7,14.78,96.02,50.28,27.88,73.21,95.9489361702128,81.88,77.77,70.08,24.8502994011976,63.04,82.95,56.11,31.0699001426534,38.05,18,43.91,43.1875,25.08,36.44,67.31,47.65,54.53,82.69,30.45,43.94,57.73,68.88,48.84
1167,10/10/2019,76.85,92.61,15.82,110.85,64.33,28.16,81.78,110.885106382979,96.29,93.05,74.19,9.42,85.54,117.79,63.47,33.8231098430813,47.9,20.24,53.49,58,29.01,38.8,68.97,7.79,61.51,95.37,30.56,61.8,73.205,95.15,63.95
1168,10/10/2022,77.69,84.45,24.89,99.88,55.44,26.7,64.5,106.36,89.15,81.49,57.85,42.77,74.97,102.23,57.42,37.81,36.8,17.07,49.87,76.74,24.52,41.01,53.29,14.13,55.41,61.19,24.87,63.99,73.775,85.3,60.21
1169,10/10/2023,76.17,74.23,13,110.8,53.54,27.47,42.59,97.36,88.94,88.12,63.27,44.09,58.28,93.61,49.7,39.28,35.02,16.82,49.15,51.58,25.46,39.86,66.86,15.81,59.05,74.17,23.86,66.44,68.55,82.24,58.06
1170,10/11/2018,64.04,71.22,14.44,93.35,49.21,27.15,71.78,94.1106382978723,79.98,76.05,68.41,24.6869896570495,61.68,81.2,55.54,30.4778887303852,37.21,17.42,42.62,42.2725,24.65,35.98,65.22,46.62,53.59,81.3,29.97,43.54,57.235,67.52,47.62
1171,10/11/2019,77.05,92.34,16.01,111.36,63.88,28.27,81.9,110.544680851064,95.97,92.22,71.33,9.66,85.57,117.23,63.95,33.8873038516405,47.89,20.23,53.03,57.385,29.14,39.18,69.51,8.02,62.35,95.46,31.43,61.52,72.745,93.81,63.33
1172,10/11/2021,81.27,82.51,24,89.11,59.35,25.54,72.12,112.15,99.71,73.92,56.09,19.9,84.33,102.68,61.96,33.9300998573466,35.77,17.74,54.66,77.83,24.34,40.88,61.9,10.15,59.28,67.51,28.19,61.92,61.565,87.33,62.44
1173,10/11/2022,77.88,84.87,24.68,102.2,55.42,26.6,64.83,106.3,89.53,81.6,57.46,43.55,74.43,101.15,57.35,37.47,36.72,17.16,50.28,76.03,24.87,41.06,53.59,14.22,55.13,61.53,24.74,63.64,73.48,85.18,59.83
1174,10/11/2023,77.39,75.28,13.39,111.79,54.18,27.75,42.96,97.84,89.87,88.45,64.93,43.55,58.97,94.96,50.3,40.04,35.46,16.85,49.69,53.54,26.05,41.27,67.46,16.04,60.77,75.44,24.11,67.1,69.27,82.95,58.81
1175,10/12/2018,63.8,70.9,14.65,92.61,48.85,27.34,71.37,93.736170212766,79.99,75.23,68.65,24.7142079477409,61.52,81.35,55.62,30.6062767475036,37.25,17.51,42.46,42.34,24.31,36.37,65.02,47.27,53.68,81.5,30.25,43.58,57.515,67.49,47.65
1176,10/12/2020,82.54,90.48,19.52,96.61,65.08,21.61,82.42,102.791489361702,93.11,82.89,56.27,15.4,93.06,106.2,53.44,28.5164051355207,31.26,12.78,54.72,76.4175,23.08,32.76,29.17,10.45,57.76,81.56,28.99,58.86,63.39,99.83,73.62
1177,10/12/2021,81.61,82.55,24.02,88.98,59.74,26.04,72.52,112.8,99.82,75.69,55.53,19.83,85.51,102.81,62.1,34.4436519258203,35.71,17.94,54.99,78.87,24.36,40.96,62.95,10.25,59.42,66.76,28.26,62.1,62.205,87.82,63.0
1178,10/12/2022,74.94,81.74,24.13,99.26,53.36,25.55,62.66,103.01,85.97,79.47,55.56,43.55,71.77,96.58,55.11,35.96,36.15,17.05,48.06,72.75,24.19,39.75,53.46,14.07,53.48,59.76,23.98,61.5,70.35,82.23,57.94
1179,10/12/2023,76.72,73.48,13.05,111.12,53.46,27.53,41.55,96.02,88.03,87.37,64.89,43.41,54.56,93.59,49.24,39.83,35.3,16.91,49.25,53,25.39,41.37,68.1,15.96,60.57,74.8,23.65,65.7,68.46,81.3,58.15
1180,10/13/2020,81.15,89.23,19.55,95.41,64.76,20.82,81.57,101.336170212766,92.92,82.32,56.28,15.25,92.66,106.48,52.92,29.2296718972896,31.31,12.61,54.08,75.3675,23.11,33.21,29.45,10.32,57.92,80.73,28.47,58.34,63.275,99.1,73.0
1181,10/13/2021,82.6,83.46,23.95,92.2,60.63,25.9,73.37,113.97,100.7,76.05,56.42,19.85,86.24,102.56,62.7,35.0071326676177,35.64,17.97,55.46,80.19,24.69,41.96,63.27,10.5,60.17,66.49,28.48,62.51,63.425,88.98,64.39
1182,10/13/2022,77.19,84.78,24.4,101.46,54.52,26.05,65.04,106.51,87.99,82.15,56.9,44.37,73.76,100.56,56.87,37.23,37.12,17.64,49.49,73.09,25.24,41.18,55.68,14.31,54.97,62.06,24.67,64.05,71.515,84.72,59.74
1183,10/13/2023,77.95,74.47,13.16,111.98,54.02,27.57,41.88,97.87,88.68,88.02,65.69,43.37,55.03,93.55,49.95,39.95,35.6,17.11,49.75,54.49,25.78,41.01,69.12,16.28,60.8,75.69,23.89,66.55,69.49,82.52,58.86
1184,10/14/2019,76.29,92.03,15.99,111.36,63.48,27.89,81.24,109.029787234043,95.13,91.25,70.06,9.49,84.76,116.61,63.81,33.601997146933,47.41,20.14,52.38,57.225,28.54,39.12,69.14,7.67,61.85,94.53,32.15,60.92,72.715,92.72,63.28
1185,10/14/2020,81.35,89.34,19.63,95.04,64.79,20.79,81.05,101.617021276596,92.67,82.24,56.24,14.85,91.83,105.76,53.45,29.265335235378,31.43,12.96,54.05,75.16,23.3,33.71,29.95,10.37,58.02,80.26,28.48,58.0,63.545,99.59,72.35
1186,10/14/2021,83.9,84.05,24.28,93.94,60.94,26.57,73.65,115.06,101.65,75.67,56.6,20.43,87.69,103.48,63.64,35.756062767475,36.52,18.38,56.14,81.46,24.9,41.58,64.55,10.77,61.41,67.53,28.71,63.26,64.03,89.9,65.43
1187,10/14/2022,76.25,83.52,23.31,98.11,54.07,25.88,64.31,104.5,86.82,81.91,55.03,41.13,72.56,100.01,56.27,36.59,36.17,17.19,48.93,71.77,24.49,41.04,54.07,13.83,53.81,61.79,24.5,63.51,70.75,84.3,58.86
1188,10/15/2018,63.82,71.02,14.84,93.47,49.01,27.55,71.61,93.7191489361702,80.13,75.28,68.88,25.5579749591726,61.37,81.85,55.73,30.6918687589158,37.41,17.54,42.56,42.41,24.75,36.6,64.81,47.84,53.48,81.68,30.45,44.22,57.55,67.94,47.64
1189,10/15/2019,75.8,91.74,16.02,109.99,63.23,28.18,81.38,109.812765957447,95,90.74,69.89,9.64,84.09,115.55,63.89,33.5663338088445,47.6,20.18,51.99,56.885,28.14,39.38,69.25,7.71,61.86,93.66,31.92,60.7,72.5,92.17,63.15
1190,10/15/2020,81.15,89.54,19.86,94.5,64.77,20.92,80.81,100.374468085106,91.96,81.74,56.81,15.1,91.02,105.32,54.42,29.5292439372325,31.51,12.99,54.55,74.615,23.39,34.04,29.82,10.51,58.45,80.88,28.55,58.02,64.27,99.96,72.2
1191,10/15/2021,83.18,83.49,24.41,93,60.3,26.75,73.1,115.04,100.35,74.47,57.35,19.81,86.41,102.25,63.31,35.527817403709,36.62,18.46,55.77,81.67,24.88,41.22,65.12,11.2,62.11,68.02,28.85,63.13,64.205,90.07,65.93
1192,10/16/2018,64.78,71.7,15.36,94.93,49.69,27.75,72.3,94.6723404255319,80.94,76.1,69.53,25.890038105607,61.96,82.72,56.14,30.9985734664765,37.8,17.92,43.08,42.8225,25.16,37.67,67.46,48.79,53.83,83.54,30.86,44.51,57.88,69.07,48.27
1193,10/16/2019,75.72,92.6,16.13,111.11,63.54,28.62,81.8,110.008510638298,95.13,90.84,69.84,9.56,84.58,116.04,63.58,32.0328102710414,47.8,20.02,52.29,57.4775,27.97,39.52,68.45,7.88,61.78,93.83,32.41,61.09,72.425,92.76,63.49
1194,10/16/2020,82.39,91.52,19.9,94.49,65.28,20.85,81.41,101.531914893617,92.37,81.7,58.11,14.71,91.42,106.67,54.92,30.0213980028531,31.69,12.86,54.89,76.4,23.5,33.69,28.9,10.53,59.5,81.07,28.59,58.35,64.055,101.56,73.13
1195,10/16/2023,78.32,76.06,13.71,112.25,54.29,27.78,42.22,98.44,89.46,88.66,66.15,43.5,56.2,95.2,50.43,40.17,36.16,17.28,50.25,54.38,26.11,41.54,70.07,16.41,60.89,76.53,24.18,67.5,70.91,83.62,59.56
1196,10/17/2018,64.76,71.72,15.08,94.63,49.87,27.56,72.3,94.7148936170213,80.77,76.11,69.58,25.7811649428416,62.49,82.63,56.01,30.6633380884451,37.92,17.95,43.23,42.705,25.03,37.52,67.02,48.96,53.65,83.69,30.9,44.31,57.65,69.26,48.24
1197,10/17/2019,75.8,93,16.24,111.84,63.68,28.71,82.38,110.195744680851,95.17,91.3,70.56,9.95,85.12,117.28,63.16,31.4265335235378,48.11,20.07,52.74,57.7725,27.95,39.75,68.67,7.83,62.05,93.69,32.09,61.06,72.48,92.9,63.67
1198,10/17/2022,77.71,85.05,23.88,99.63,55.36,26.25,65.28,107,89.1,83.02,57.12,41.81,73.87,101.32,57.27,37.1,36.92,17.5,49.74,73.65,24.89,41.91,54.8,14.16,55.27,62.61,24.89,64.28,72.435,85.65,60.6
1199,10/17/2023,78.4,75.67,13.75,112.73,54.29,27.94,41.91,98.53,88.96,88.9,66.37,44.26,55.46,94.77,50.09,40.06,36.08,17.33,50.02,54.17,26.13,42.02,69.51,16.35,60.81,76.18,24.21,67.11,70.57,83.43,59.51
1200,10/18/2018,64.94,71.68,14.8,95.39,49.8,27.76,72.23,94.6042553191489,81.26,76.36,69.54,25.4109961894393,62.18,82.61,56.26,30.7275320970043,38.06,17.94,43.32,42.8925,25.24,36.86,66.92,48.24,53.83,83.48,30.81,44.3,57.955,69.27,48.34
1201,10/18/2019,76.62,94.14,16.38,111.6,64.01,28.64,82.16,108.374468085106,95.35,91.49,70.52,9.71,85.6,118.15,63.31,31.8616262482168,48.38,20.02,52.98,58.12,27.98,40.15,69.2,7.76,62.29,93.91,32.03,61.14,73.115,92.96,64.01
1202,10/18/2021,82.68,82.99,23.85,91.1,59.55,26.19,71.96,113.71,99.86,72.89,57.16,20.06,85.41,101.77,63.05,35.5848787446505,36.17,18.47,55.33,80.99,24.51,40.8,65.19,11.0,61.73,67.01,28.55,62.45,63.71,88.84,64.68
1203,10/18/2022,79.36,86.58,24.4,101.75,56.56,26.96,66.54,109.89,90.81,85,57.42,41.81,75.86,103.44,58.85,37.56,37.31,17.77,50.92,75.06,25.27,42.96,55.67,14.15,55.69,64.41,25.39,65.39,72.705,87.79,61.62
1204,10/18/2023,78.49,75.17,13.87,111.88,53.95,27.68,40.76,97.11,88.19,88.28,65.6,43.68,54.49,94.73,49.21,39.91,35.82,17.14,49.82,53.24,25.98,41.47,68.64,16.21,60.19,75.72,24.07,66.6,70.42,83.01,59.33
1205,10/19/2018,66.05,73.26,14.98,97.07,50.68,28.12,73.5,96.1191489361702,82.75,77.38,70.31,25.2476864452912,63.33,84.12,57.02,31.4764621968616,38.85,17.98,44.05,43.365,25.4,36.82,67.79,48.85,54.88,85.15,31.22,45.07,58.305,70.57,49.13
1206,10/19/2020,81.64,91.28,19.9,94.24,64.75,20.8,80.9,100.570212765957,92.07,80.79,58.26,14.66,91.08,105.34,54.6,29.8573466476462,31.73,12.71,54.72,74.8875,23.47,33.4,28.29,10.82,59.5,81.81,27.77,58.04,63.985,100.4,71.69
1207,10/19/2021,83.51,83.8,24.15,92.88,60.24,26.16,75.22,114.47,101.13,73.73,57.52,20.25,86.16,102.06,63.64,35.8915834522111,36.87,18.45,55.67,82.03,24.64,40.63,65.14,11.18,62.45,67.23,28.89,62.97,64.72,89.86,64.93
1208,10/19/2022,78.56,85.9,24.13,102.04,55.63,27,65.69,108.63,89.29,84.54,56.74,42.21,74.5,101.74,58.32,36.85,36.92,17.99,50.35,73.64,24.88,41.96,55.14,13.96,54.8,64.05,25.33,64.69,71.87,86.77,61.1
1209,10/19/2023,77.65,74.42,13.84,110.1,53.51,27.47,40.64,96.74,87.78,87.67,64,43.09,53.9,93.37,48.52,39.77,35.66,17.01,49.45,52.39,25.63,40.76,69.21,16.0,59.83,75.3,23.82,66.44,69.55,82.45,59.05
1210,10/20/2020,82.14,90.68,20,94.28,65.01,21.34,81.08,103.268085106383,92.06,80.6,59.75,15.03,92.24,106.22,55.52,30.2425106990014,31.83,12.68,55.14,75.2475,23.6,33.18,28.92,10.92,59.89,82.33,28.07,58.6,64.84,100.63,71.53
1211,10/20/2021,84.35,84.9,25.03,94.52,60.79,26.63,76.59,115.47,102.23,75.51,58.95,21.37,86.3,104.05,64.35,36.5263908701855,37.33,18.65,56.45,83.92,24.91,41.42,65.13,11.51,63.4,68.36,29.22,63.71,65.64,91.06,65.57
1212,10/20/2022,76.62,83.93,23.48,100.11,53.97,26.6,64.41,105.89,87.23,83.42,54.94,40.74,71.68,99.97,57.04,35.54,36.08,17.12,48.7,70.64,24.15,40.72,55.07,14.04,53.77,62.65,24.99,63.5,69.87,85.44,59.73
1213,10/20/2023,76.33,73.35,13.83,108.78,52.91,27.14,40.02,96.65,87.03,87.06,62.71,42.35,53.5,93.08,48.37,39.3,35.28,16.99,48.82,51.96,25.22,40.53,67.58,16.02,59.3,74.23,23.76,65.73,68.56,81.2,58.1
1214,10/21/2019,76.66,94.48,16.44,111.88,63.95,28.74,82.42,109.957446808511,95.33,92.68,70.49,9.55,86.14,119.02,63.41,31.8901569186876,48.5,20.16,53.15,58.2,28.05,40.35,69.6,8.04,62.37,93.99,32.65,61.59,73.24,93.27,64.29
1215,10/21/2020,82.29,90.4,20.21,95.54,65.18,21.53,80.23,103.370212765957,92.51,80.33,59.05,14.83,92.08,106.86,55.89,30.0570613409415,32.33,12.53,55.64,74.42,23.58,32.53,28.43,10.58,59.52,83.69,27.9,58.87,64.65,101.09,71.53
1216,10/21/2021,84.49,85.2,24.79,93.45,60.8,26.51,77.29,115.4,103,75.44,59.3,20.72,86.09,103.92,64.09,36.4265335235378,37.23,17.53,56.75,83.81,24.9,41,64.31,11.65,63.09,67.34,29.01,64.16,65.13,91.21,65.61
1217,10/21/2022,77.58,85.63,24.48,101.74,54.43,27.01,65.53,107.45,88.46,84.87,55.64,37.88,72.59,102.29,58.16,36.72,36.41,17.52,49.76,71.65,24.49,42.36,56.6,14.5,54.3,64.18,25.69,64.5,71.14,86.65,60.9
1218,10/22/2018,65.65,73.15,15.01,96.51,50.48,27.81,73.27,95.5744680851064,82.64,76.82,69.86,24.1861731083288,63.2,83.37,56.81,31.0271041369472,38.62,17.44,43.67,43.165,25.18,36.99,66.98,47.78,54.68,84.91,30.57,44.97,57.81,70.19,48.87
1219,10/22/2019,77.05,94.15,16.9,112.33,63.73,29.29,82.82,109.770212765957,95.32,93.28,71.54,9.46,85.86,119.41,63.95,32.2753209700428,48.36,20.32,53.37,59.06,28.27,40.75,70.33,8.1,62.38,94.53,32.74,61.44,73.44,93.29,64.21
1220,10/22/2020,83.03,92.2,20.41,96.64,65.75,22.07,81.18,104.706382978723,93.89,81.44,59.89,15.8,92.92,108.04,56.58,30.1212553495007,33.03,12.96,56.46,75.5675,24.04,33.18,30.67,10.23,60.87,85.73,28.43,60.56,66.14,101.8,71.41
1221,10/22/2021,85.28,85.58,24.93,94.04,61.06,26.54,77.29,116,103.78,76.09,60.45,21.4,86.5,104.61,64.64,36.5977175463623,37.75,17.67,57.38,84.42,25.05,41.23,64.81,11.9,63.84,67.0,29.13,62.95,65.585,91.66,65.55
1222,10/23/2018,65.49,73.44,14.72,95.68,50.27,27.67,72.91,95.268085106383,82.3,76.29,69.55,23.1137724550898,63.3,83.15,56.43,31.0485021398003,38.24,17.04,43.6,42.6575,25.3,36.18,65.9,47.29,54.63,84.13,30.55,44.73,57.095,69.92,48.89
1223,10/23/2019,77.06,94.44,17.13,113.01,63.29,29.6,82.72,110.059574468085,96.17,93.7,72.42,9.62,86.06,120.65,63.48,32.5606276747504,48.41,20.4,53.64,59,28.15,40.62,70.91,8.2,62.74,94.15,33.18,61.95,74.0,93.15,64.44
1224,10/23/2020,83.39,91.88,20.65,97.69,65.85,22.23,81.14,106.510638297872,92.78,81.6,60.49,16.15,91.97,108.95,56.37,30.0998573466476,33.3,12.78,56.67,75.7675,24.31,33.67,30.55,10.25,60.92,86.73,28.67,60.85,66.93,102.16,71.47
1225,10/23/2023,75.08,73.35,14,107.79,52.61,26.8,39.53,95.97,86.33,86.59,61.84,42.27,52.46,90.92,48.32,38.4,34.99,16.98,48.5,51.52,24.68,40.64,66.74,15.74,59.16,73.07,23.68,65.43,68.14,80.53,58.05
1226,10/24/2018,66.79,75.56,14.67,97.14,51.7,27.91,74.19,100.170212765957,84.75,78.22,70.54,22.025040827436,64.87,85.41,57.31,31.7546362339515,38.71,16.51,44.34,43.9,26.19,35.83,63.64,47.24,56.37,86.43,31.23,46.02,57.95,71.67,50.26
1227,10/24/2019,77.49,95.72,16.88,113.42,64.45,30.16,82.72,109.88085106383,96.07,94.29,72.19,9.26,86.2,121.25,63.86,32.9386590584879,48.29,20.44,53.66,59.3875,28.2,40.84,71.29,7.2,63.2,95.09,33.13,61.95,74.03,94.01,64.54
1228,10/24/2022,77.87,86,24.6,101.35,54.62,27.21,66.01,107.5,88.69,84.69,55.77,38.33,72.77,102.34,58.43,36.87,36.88,17.28,49.81,73.28,24.67,42.99,56.31,14.73,55.22,64.61,25.46,64.59,72.07,86.76,61.58
1229,10/24/2023,76.36,74.74,14.53,108.67,53.64,27.32,40.35,97.7,87.76,87.97,64.06,42.53,54.03,92.4,48.94,38.86,35.7,16.85,49.44,55.12,25.23,42.07,66.6,16.19,60.48,74.35,24.14,66.45,69.78,81.58,59.08
1230,10/25/2018,65.69,73.54,14.71,95.63,50.75,27.75,72.73,97.9148936170213,83.64,76.81,69.46,19.2378878606424,63.67,83.5,56.75,31.2767475035663,37.89,16.58,43.52,43.3,25.92,35.88,64.61,47.37,55.85,84.45,30.53,45.27,57.52,70.59,49.43
1231,10/25/2019,76.59,94.35,16.8,112.3,63.65,29.54,81.89,109.114893617021,95.43,93.32,66.05,9.49,85.31,120.27,63.5,32.7318116975749,48.01,20.42,53.18,59.22,28.04,40.81,71.55,5.0,62.9,94.2,33.22,61.35,71.985,93.79,63.64
1232,10/25/2021,84.73,84.67,25.17,94.2,60.25,26.77,76.5,115.65,102.84,75.88,61.1,22.51,86.01,103.79,64.23,36.7974322396576,37.37,17.85,56.5,84.29,24.97,41.52,65.87,11.66,63.93,67.07,29.0,62.81,65.18,90.38,64.66
1233,10/25/2022,79.52,87.42,25.19,103.32,55.75,27.65,66.92,109.13,90.24,85.85,56.85,39.6,74.15,104.75,59.46,37.76,37.58,17.51,50.72,75.86,25.13,43.64,57.59,15.13,56.08,65.79,25.96,65.72,73.11,87.77,62.4
1234,10/25/2023,76.85,75.36,14.68,108.35,54.45,27.46,40.54,97.94,88.15,88.31,63.3,42.02,54.22,92.56,48.9,39,35.76,16.79,49.54,56.46,25.31,41.83,66.27,16.17,60.59,74.37,24.38,66.61,70.17,82.32,59.47
1235,10/26/2018,64.4,72.74,14.55,93.62,49.25,27.17,71.67,96.0425531914893,81.89,76.33,68.17,17.7191072400653,62.77,82.43,56.12,31.1126961483595,36.71,16.59,42.86,42.4725,25.44,35.56,63.34,46.29,54.38,82.65,29.96,44.86,56.405,68.89,48.51
1236,10/26/2020,84.06,93.59,20.58,97.48,66.15,22.13,81.72,105.736170212766,93.18,82.74,58.19,15.63,91.73,109.01,55.69,29.7432239657632,33.32,12.38,56.83,75.6625,24.25,33.78,29.51,10.03,60.98,86.51,28.92,60.61,65.66,102.21,71.69
1237,10/26/2021,85.34,84.42,25.37,94.03,60.6,26.68,76.59,116.37,103.29,76.28,61.47,22.53,86.03,103.9,64.38,37.1041369472183,37.7,17.62,56.81,85.47,24.96,40.99,65.85,11.57,64.61,67.62,29.09,63.28,65.72,90.75,64.48
1238,10/26/2022,79.51,87.45,25.45,103.42,55.9,27.6,67.12,109.23,90.81,85.74,56.88,39.01,74.03,104.72,59.32,37.61,36.38,17.73,50.63,75.6,25.17,43.15,58.44,15.17,55.57,66.04,25.7,65.64,73.765,88.08,62.57
1239,10/26/2023,77.05,75.77,14.9,108.76,55.18,27.6,40.97,98.35,89.2,89.3,63.69,42.81,54.16,93.2,49.15,39.15,36.06,16.7,49.79,57.57,25.72,42.2,66.32,15.88,61.2,75.09,24.74,67.16,70.8,83.13,59.77
1240,10/27/2020,84.19,92.53,20.34,97.07,65.68,22.33,82.47,108.229787234043,93.06,83.05,57.81,16.16,91.88,107.56,56.39,29.3509272467903,33.39,12.17,57.16,75.78,24.26,33.04,29.32,9.91,61.0,85.86,28.54,60.21,65.135,102.47,72.33
1241,10/27/2021,84.46,84.3,25.66,91.78,60.35,26.31,75.99,113.82,102.76,75.99,62.21,22.09,85.58,103.11,63.77,37.0756062767475,37.59,17.3,56.51,85.01,24.84,40.58,65.21,11.58,63.98,67.29,29.01,62.64,64.935,89.97,63.39
1242,10/27/2022,80.28,87.18,25.77,104.69,56.6,27.99,67.37,109.28,91.04,86.42,58.38,39.1,74.67,105.03,60.2,37.7,37.25,17.99,50.9,75.47,25.37,43.7,58.9,15.38,55.49,66.47,25.91,65.17,75.0,88.72,63.25
1243,10/27/2023,75.38,74.93,14.75,106.12,54.27,26.69,40.08,96.91,87.53,87.47,61.94,41.95,53.16,91.38,48.32,38.43,35.13,16.37,48.93,56.24,25.15,41.66,65.44,15.81,60.11,73.77,24.28,66.53,69.72,81.73,58.31
1244,10/28/2019,75.84,93.37,16.98,110.94,62.51,29.14,81.33,106.96170212766,94.1,91.09,64.56,9.42,83.85,118.12,63.09,32.5249643366619,47.27,20.18,52.73,58.3075,27.45,40.38,71.18,3.8,62.19,92.23,32.94,61.01,70.585,92.53,62.44
1245,10/28/2020,81.37,90.32,19.5,92.69,63.97,21.3,79.8,103.957446808511,90.98,80.16,56.56,15.78,88.91,102.81,55.37,28.2239657631954,31.76,11.83,55.52,74.46,23.18,31.13,29.09,9.7,58.68,82.77,27.3,58.36,63.05,99.76,70.26
1246,10/28/2021,84.81,84.71,25.57,92.89,60.72,26.29,76.34,114.41,102.49,76.29,62.8,20.66,85.66,102.8,64.18,37.6248216833096,37.9,17.35,56.84,86.42,24.68,40.86,65.5,11.68,64.33,66.38,29.07,62.74,64.86,90.51,64.33
1247,10/28/2022,82.33,89.4,26.46,107.11,57.92,28.81,69.41,113.64,94,88.45,60.23,38.68,76.77,107.73,61.96,38.76,38.08,17.77,52.37,79.03,25.89,44.67,59.72,15.25,57.43,68.3,26.51,66.34,76.195,91.6,65.37
1248,10/29/2018,65.2,74.04,14.52,94.49,49.79,27.22,72.2,96.7063829787234,83.46,77.34,69.11,16.8753402286336,63.93,84.01,56.57,31.4407988587732,37.26,16.46,43.63,43.195,25.81,35.41,63.23,46.78,55.23,83.42,30.54,45.89,56.27,69.78,49.41
1249,10/29/2019,76.48,93.17,17.09,111.56,62.98,29.04,81.74,107.736170212766,93.53,91.42,65.4,10.31,82.9,119.04,63.55,32.7104136947218,47.58,20.17,52.52,58.15,27.31,40.51,71.62,5.03,62.28,93.08,32.97,60.92,70.6,92.44,62.58
1250,10/29/2020,81.34,90.54,19.53,92.08,63.5,21.48,80.95,105.08085106383,92.24,79.77,56.07,15.57,88.46,101.48,55.33,28.6447931526391,31.81,12.06,55.57,74.01,22.96,31.44,30.4,9.74,59.72,83.26,27.59,58.21,63.61,100.42,70.74
1251,10/29/2021,84.29,84.71,25.13,92.12,60.35,26.04,75.93,113.35,102.01,75.4,62.93,19.91,84.9,103.02,63.75,37.9386590584879,38.53,16.75,56.57,85.33,24.67,39.89,63.62,11.6,63.8,64.49,28.8,62.32,63.815,90.06,64.59
1252,10/30/2018,65,74.29,14.82,94.8,49.85,27.3,72.84,97.3276595744681,83.83,77.23,69.53,17.8933043004899,64.03,82.94,56.28,31.6547788873039,37.23,16.76,43.51,43.3875,25.88,35.73,63.27,46.93,54.37,83.68,30.75,45.82,55.9,69.75,49.69
1253,10/30/2019,77.58,94.1,17.21,112.33,63.9,29.08,81.81,108.085106382979,94.01,91.66,62.16,9.9,83.24,121.56,63.68,33.2810271041369,47.84,20,52.95,58.865,27.51,40.75,69.99,6.14,63.23,93.84,33.29,62.63,70.78,93.79,63.32
1254,10/30/2020,81.12,89.93,19.5,91.67,63.33,21.13,80.34,105.03829787234,92.11,78.49,56.04,15.14,87.27,101.22,55.2,28.4522111269615,29.72,11.9,55.28,73.21,22.97,31.62,29.0,9.56,58.15,81.57,27.5,57.45,62.68,100.55,70.03
1255,10/30/2023,75.04,75.41,14.95,106.44,54.09,26.89,40,96.31,87.9,87.48,62.7,41.18,53.39,94.77,48.48,38.45,35.4,16.13,48.48,57.2,25.12,42.25,65.61,16.2,60.16,74.35,24.39,66.79,69.49,81.6,58.74
1256,10/31/2018,64.58,73.36,14.58,93.08,49.52,27.01,71.42,95.6595744680851,82.63,76,69.39,18.4921066956995,63.26,83.95,55.99,31.2482168330956,37.28,17.02,42.98,43.125,25.36,36.19,65.6,46.81,53.43,82.25,30.4,45.03,55.06,68.4,49.01
1257,10/31/2019,77.7,94.39,17.05,112.48,63.92,29.07,82.55,108.357446808511,94.26,92.22,62.9,10.74,83.74,121.48,63.91,32.4465049928673,48.32,19.98,53.34,59.585,28.04,40.12,69.83,6.17,63.31,94.12,33.49,62.66,72.255,94.4,63.51
1258,10/31/2022,81.52,87.92,26.16,106.55,57.05,28.61,69.97,112.11,93.18,87.96,60.04,41.84,76.28,107.14,61.13,38.59,37.71,18.12,52.17,77.5,25.69,44.4,59.32,14.93,56.07,67.21,26.49,65.48,75.47,91.33,65.11
1259,10/31/2023,75.71,75.54,14.9,107.66,54.34,26.88,40.32,96.38,88.89,87.79,63.06,42.38,53.79,95.59,49.14,38.94,35.6,16.2,48.79,58.3,25.16,42.38,65.2,16.3,61.65,74.18,24.57,67.3,70.03,81.39,59.27
1260,11/01/2018,64.35,72.97,14.74,92.94,48.61,27.19,70.33,95.3957446808511,81.66,75.63,68.19,18.987479586282,62.69,83.01,56.11,31.1340941512126,37.17,17.16,42.86,42.6175,25.37,37.07,64.81,47.18,53.39,82.56,30.68,44.9,55.025,67.88,48.47
1261,11/01/2019,77.36,93.56,17.51,111.7,63.34,29.02,83.27,108.085106382979,94.38,91.12,65.58,10.56,82.79,119.66,63.84,32.339514978602,48.36,20.5,53.03,58.9275,27.65,40.69,70.25,6.43,62.99,93.49,33.59,62.26,73.645,93.53,63.1
1262,11/01/2021,84.28,85.13,25.37,93.04,60.29,26.29,75.41,112.97,102.31,76.11,63.3,20.62,84.75,103.49,63.96,38.4379457917261,38.8,17.05,56.85,85.59,24.83,40.46,64.14,11.41,64.36,65.0,29.3,62.48,64.445,90.34,64.5
1263,11/01/2022,82.12,88.53,26.34,106.27,57.31,28.35,69.72,112.53,93.74,88.02,60.51,40.75,76.98,108.32,61.16,38.76,38.42,18.24,52.63,77.71,25.83,44.03,60.06,15.31,56.33,67.81,26.57,65.53,75.725,91.95,65.9
1264,11/01/2023,76.84,76.48,14.85,108.67,54.73,27.32,40.22,96.61,89.54,89.16,63.97,42.72,53.09,97.74,49.81,39.53,36.05,16.35,49.5,58.43,25.4,43.86,64.54,16.67,62.38,75.57,24.7,68.43,70.75,82.56,60.54
1265,11/02/2018,63.61,72.69,14.6,92.14,48.14,26.96,69.89,94.7914893617021,82.59,74.54,67.88,17.7626565051715,62.19,83.26,55.83,30.9557774607703,37.12,16.86,42.47,42.0375,25.43,37.42,62.53,47.44,52.98,82.38,30.83,44.74,54.525,67.0,47.72
1266,11/02/2020,83.21,91.23,20,95.51,64.35,21.47,81.66,106.978723404255,93.82,79.78,57.55,15.47,90.59,105.34,56.31,29.2154065620542,29.93,11.89,56.69,75.13,23.45,32.17,29.23,9.65,58.49,81.07,28.11,59.01,63.81,103.14,71.78
1267,11/02/2021,84.33,85.3,25.37,93.79,60.44,26.19,75.49,113.08,102.45,76.44,63.54,20.38,84.55,103.8,63.91,38.3309557774608,39.3,16.96,57.08,85.42,24.74,39.54,64.07,11.34,63.98,64.79,29.24,62.49,64.015,90.89,64.71
1268,11/02/2022,81.17,88.21,25.83,105.55,57.04,28.11,69.04,111.02,92.88,88.21,58.76,40.47,76.24,108.76,60.77,38.04,37.98,17.9,52.12,77.28,25.62,43.37,59.06,14.93,56.61,67.29,26.12,64.8,75.27,90.25,65.31
1269,11/02/2023,78.12,79.24,15.5,111.38,55.51,27.49,41.08,98.81,89.89,90.16,63.63,44.35,54.28,98.65,51.04,40.7,36.57,16.9,50.26,59.91,25.78,45.13,66.65,16.76,63.42,75.17,25.08,70.12,72.08,83.89,61.07
1270,11/03/2020,84.32,90.89,20.27,97.63,65.3,21.79,82.91,107.625531914894,95.52,81.32,58.41,14.86,91.98,108.19,56.98,30.2924393723253,30.12,11.99,56.44,76.02,24.03,32.73,28.92,9.67,59.32,81.76,28.84,59.86,64.55,104.25,72.98
1271,11/03/2021,84.19,84.93,25.3,93.36,60.15,26.29,75.48,113.26,102.54,76.98,62.8,20.43,84.52,103.36,63.82,38.5520684736091,39.25,16.85,56.43,85.24,25.29,40,63.92,11.67,63.37,65.0,29.31,62.55,64.09,89.87,63.5
1272,11/03/2022,81.14,88.68,26.19,104.74,56.9,28.01,69.23,111.86,93.22,88.73,58.45,39.35,76.2,109.35,61.54,36.96,38.21,18.04,52.15,78.18,25.66,43.63,59.3,15.2,57.06,68.52,26.58,64.85,76.305,90.39,65.15
1273,11/03/2023,78.51,79.72,16.79,111.49,55.74,27.39,43.61,100.18,90.28,90.07,64.05,44.72,55.43,98.18,51.21,40.56,36.82,16.87,51.1,59.38,25.72,45.0,66.84,16.89,63.59,73.92,25.37,70.39,72.35,83.95,61.03
1274,11/04/2019,76.09,92.8,17.42,109.49,61.67,28.91,83.05,106.434042553191,93.64,89.92,66.18,11.11,81.42,118.59,63.12,31.7403708987161,48,20.56,52.18,57.4,27.31,40.81,71.92,7.27,62.46,91.72,33.47,61.74,72.92,91.64,61.65
1275,11/04/2020,83.45,90.15,19.94,95.59,64.56,21.56,82.7,106.527659574468,93.55,79.56,57.43,14.2,91.29,105.75,55.77,30.114122681883,29.06,11.83,55.34,73.32,23.65,32.71,28.6,10.06,58.4,82.2,27.92,59.76,64.215,101.81,72.72
1276,11/04/2021,84.37,83.89,25.12,93.63,60.02,26.5,75.44,113.4,101.02,76.28,63.04,20.37,83.82,102.9,63.72,38.5948644793153,38.91,16.75,55.65,84.76,25.07,35.56,63.44,11.66,63.68,63.6,28.89,62.5,63.675,89.72,63.07
1277,11/04/2022,81.03,89.57,26.46,106.03,57.03,28.48,67.13,112.39,93.61,90.04,59.03,41.08,77.18,110.72,62.6,37.18,37.9,18.17,52.73,78.8,25.89,44.35,60.74,15.31,57.89,69.52,27.0,64.91,77.415,91.39,65.55
1278,11/05/2018,64.65,73.5,15.07,93.29,48.7,27.49,70.23,96.4765957446809,83.58,76.04,68.76,19.2433315187806,62.92,84.37,56.34,31.5121255349501,37.48,17.26,42.95,42.6775,25.93,38.3,63.95,48.71,53.21,83.41,30.94,45.25,56.285,67.61,48.4
1279,11/05/2019,74.96,91.4,17.19,107.92,60.73,28.74,81.35,105.285106382979,93.15,88.32,66.14,10.87,81.08,116.58,62.53,31.9400855920114,47.32,20.52,51.71,56.7775,26.94,39.61,71.84,8.0,61.92,90.78,33.57,61.36,71.675,91.0,60.54
1280,11/05/2020,82.47,90.71,20.97,95.02,64.44,22.67,83.14,106.493617021277,94.22,79.73,59.38,14.26,92.2,106.82,55.19,30.7203994293866,29.39,11.9,54.88,74.75,23.65,32.12,28.54,9.83,58.79,84.48,28.06,60.17,63.505,101.6,73.73
1281,11/05/2021,85.5,85.04,24.99,93.99,60.52,26.67,76.53,114.13,101.68,78.21,64.05,20.58,84.41,104.25,64.88,38.6162624821683,39.07,16.95,56.42,85.53,25.31,36.28,64.72,11.65,64.19,64.56,28.72,63.1,63.675,90.87,63.8
1282,11/06/2018,65.07,74.45,16.01,95.46,49.1,27.8,70.67,97.736170212766,84.33,77.23,68.94,19.0636908002177,63.47,85.42,57.02,31.60485021398,37.46,17.45,43.36,42.865,26.1,37.95,63.69,48.58,53.0,84.65,31.0,45.67,56.6,68.28,49.14
1283,11/06/2019,75.56,91.98,17.68,108.77,61.36,28.77,80.94,105.446808510638,93.36,88.62,65.67,10.77,81.39,116.35,62.92,31.9686162624822,47.11,20.21,51.9,56.8725,27.09,39.58,70.76,6.92,61.93,91.17,33.31,61.85,71.61,91.21,61.26
1284,11/06/2020,81.85,90.92,20.41,93.64,64.18,22.86,83.7,105.412765957447,93.44,77.8,58.32,14.15,92.78,104.91,55.04,30.5563480741797,29.07,11.48,54.57,75.72,23.22,31.23,26.89,10.15,58.42,83.79,27.61,59.96,62.415,102.36,73.31
1285,11/06/2023,78.28,79.25,16.34,110.7,55.07,27.24,45.59,98.67,89.72,90.54,63.88,42.51,56.56,98.07,50.93,40.02,35.97,16.67,50.44,59.04,25.29,45.74,66.28,16.77,63.02,72.84,25.15,69.23,71.88,82.76,60.56
1286,11/07/2018,66.04,75.13,15.6,96.7,49.63,28.32,71.18,98.8425531914894,84.7,78.26,69.7,18.6009798584649,64.38,85.3,57.18,31.8616262482168,37.75,17.5,43.83,43.385,26.16,38.4,64.07,48.8,52.99,85.39,31.36,47.01,58.78,68.78,49.5
1287,11/07/2019,74.63,89.34,17.57,108.18,60.01,29,80.31,103.642553191489,92.58,87.22,65.69,11.06,79.39,114.73,62.82,31.8830242510699,46.72,20.04,51.5,55.7725,26.68,40.04,69.77,6.02,61.27,87.82,33.25,60.71,71.055,88.87,60.33
1288,11/07/2022,81.02,88,26.78,103.97,56.62,27.91,62.94,110.67,92.23,87.65,57.75,44.18,75.03,108.48,61.24,36.68,37.37,18.25,51.57,77.29,24.37,45.21,61.86,15.07,57.31,68.42,26.78,63.36,74.855,90.12,65.25
1289,11/07/2023,78,78.85,16.14,109.86,55.26,27.19,45.58,98.53,89.28,89.48,63.52,40.76,56.35,97.65,50.33,39.74,36.1,16.55,50,58.46,25.06,45.42,64.7,16.66,62.3,72.21,25.93,68.72,71.4,82.05,59.83
1290,11/08/2018,66.3,74.17,15.67,95.84,49.5,28.06,71.22,99.0468085106383,84.33,78.17,69.41,18.9439303211758,64.54,85.13,57.14,31.9186875891583,37.7,17.56,43.83,43.49,25.96,36.99,63.97,47.8,52.97,87.56,31.46,46.58,58.985,69.09,49.33
1291,11/08/2019,73.81,89.07,17.64,107.32,59.61,28.78,80.28,102.544680851064,89.95,87.92,66.3,11.59,79.41,114.9,63.06,31.8901569186876,46.59,20.03,51.68,55.52,26.41,38.44,70.48,6.48,61.43,86.39,33.72,61.26,71.06,87.83,60.08
1292,11/08/2021,82.98,83.9,23.91,92.97,59.57,26.52,74.58,112.33,101.42,77.05,64.07,20.7,82.62,101.08,63.72,37.8887303851641,38.51,16.84,55.28,84.59,25.07,35.63,64.88,11.61,62.17,63.64,28.67,62.62,62.79,88.95,62.74
1293,11/08/2022,82.33,89.25,26.49,104.64,56.92,28.15,62.62,111.25,93.2,88.29,58.01,43.94,75.95,108.05,61.48,37.71,37.66,18.31,52.98,78.27,24.93,44.25,62.66,14.93,57.85,68.29,27.1,63.95,75.865,91.45,66.09
1294,11/08/2023,77.59,78.15,16.22,109.27,55.4,26.86,45.94,98.54,88.36,88.68,62.92,39.89,55.69,97,49.58,39.58,35.69,16.34,49.61,57.5,24.98,45.68,63.63,16.51,61.69,70.95,25.65,68.6,70.53,81.0,59.08
1295,11/09/2018,67.32,75.32,15.52,96.69,50.14,28.13,72.25,100.544680851064,85.58,79,61,19.5427327163854,65.14,85.56,58.35,32.1255349500713,38,17.53,44.61,44.14,26.16,38.28,63.09,39.92,53.79,88.47,31.69,46.81,58.35,70.0,50.34
1296,11/09/2020,83.04,90.26,20.97,97.79,66.14,23.73,84.02,109.625531914894,95.4,79.28,60.76,13.49,93.53,109.15,57.99,30.8987161198288,29.52,12.3,56.63,75.51,24.11,31.92,31.35,10.42,60.38,87.94,28.75,62.32,65.195,103.83,73.43
1297,11/09/2021,83.04,83.04,23.89,93.14,60.07,26.52,74.58,112.5,101.96,77.83,64.6,20.32,83.32,102.32,64.12,38.5805991440799,38.3,16.82,55.43,84.94,25.03,34.89,64.67,12.18,62.16,63.36,28.75,63.35,62.53,89.79,63.6
1298,11/09/2022,81.57,87.82,26.25,103.15,56.22,28.19,60.42,110.77,93.45,87.67,57.31,40.84,74.91,107.12,60.13,37.69,37.18,17.58,53.34,78.2,24.89,42.65,60.86,14.58,57.27,69.86,26.68,63.44,75.035,90.35,65.61
1299,11/09/2023,76.1,77.26,15.63,111.29,54.74,26.76,44.87,98.5,87.96,89.25,63.17,39.41,54.24,96.83,49.33,39.25,35.39,16.21,48.61,54.72,24.82,45.07,63.83,16.49,61.03,71.02,25.2,68.04,69.57,79.63,58.7
1300,11/10/2020,82.46,90.79,20.82,102.45,67.11,24.1,85.76,112.340425531915,97.14,82.08,62.72,14.11,93.66,109.23,58.59,30.6633380884451,29.31,12.89,56.96,75.99,25.07,32.61,32.54,10.41,60.73,90.9,29.74,64.17,67.98,104.85,73.73
1301,11/10/2021,84.42,84.18,24.1,94.07,60.89,26.58,75.68,113.17,101.62,77.96,65.46,19.64,83.74,103.44,64.69,38.8373751783167,38.96,16.7,56.08,85.2,25.31,34.97,62.86,12.4,62.72,64.53,28.78,63.86,62.305,90.64,64.39
1302,11/10/2022,85.3,91.8,28.22,111.8,59.2,29.4,62.37,115.54,97.1,90.95,60.29,42.9,79.12,111.04,61.7,39,38.99,18.2,55.52,83.2,26.09,45.09,63.4,14.81,59.52,72.6,27.73,65.71,77.915,94.15,69.11
1303,11/10/2023,76.27,77.7,15.7,111.41,55.6,27.12,44.96,98.57,88.27,89.35,63.72,39.13,53.8,96.61,49.41,39.43,35.3,16.44,48.57,55.14,25,45.55,64.36,16.78,61.61,70.46,25.34,68.1,70.34,80.31,59.2
1304,11/11/2019,74.09,88.77,17.93,107.51,59.58,27.7,79.62,102.731914893617,87.6,87.5,66.31,10.54,79.29,114.09,62.62,31.3980028530671,46.03,19.94,51.6,55.555,26.09,38.54,69.92,6.26,60.81,85.13,33.63,60.47,71.165,87.14,60.07
1305,11/11/2020,82.37,91.15,21.29,100.74,67.01,24.07,85.68,110.689361702128,97.31,81.72,62.9,14.69,94.42,109.83,57.3,31.2696148359486,29.79,13.03,57.42,77.54,24.64,32.22,32.12,10.71,60.88,89.59,29.41,63.92,66.82,104.43,74.69
1306,11/11/2021,84.1,82.61,24.88,94.77,60.08,26.77,75.07,112.49,100.25,77.58,65.22,21.2,82.51,103.13,64.61,39.0156918687589,39.03,16.79,55.31,85.37,25.09,35.11,63.35,12.35,62.19,65.26,28.76,63.05,60.8,89.04,63.5
1307,11/11/2022,83.32,89.98,28.08,110.69,58.42,29.13,61.66,114.26,95.17,89.12,59.87,42.62,78.09,110.63,59.39,39.11,37.96,18.69,53.93,83.31,25.81,45.4,64.65,14.76,58.29,71.64,27.41,65.09,77.325,93.15,67.49
1308,11/12/2018,68.39,76.2,15.52,96.67,50.7,28.1,73.43,101.31914893617,85.92,79.37,53.56,18.8568317909635,65.48,85.91,59.31,32.6105563480742,38.79,17.47,45.19,44.6225,26.1,39.8,62.39,32.98,53.78,88.86,31.54,46.89,57.7,70.85,51.11
1309,11/12/2019,74.2,88.5,18.06,107,59.59,27.94,79.72,102.612765957447,87.59,86.42,66.84,10.45,79.19,114.86,63.07,31.6119828815977,46.3,20.07,51.68,55.805,26.09,38.74,70.2,7.06,60.45,85.61,33.73,60.69,72.465,87.18,60.17
1310,11/12/2020,81.34,89.64,20.54,98.72,64.83,23.44,84.58,109.36170212766,94.25,80.51,62.79,14.52,92.31,107.75,55.72,30.4564907275321,29.33,12.71,56.13,76.67,23.87,31.19,30.77,11.1,59.18,87.84,28.89,63.52,66.15,102.45,73.76
1311,11/12/2021,84.55,82.02,24.72,95.43,60,26.6,74.74,111.96,99.88,77.15,64.24,21.36,81.95,101.6,64.5,38.8017118402282,39,16.68,55.29,86.31,25.08,35.7,63.09,12.26,62.17,66.1,28.6,61.89,61.05,88.75,63.13
1312,11/13/2018,68.83,76.43,15.41,96.4,50.7,28.22,74.02,102.085106382979,86.35,79.11,55.54,18.56,65.77,85.9,59.73,32.7460770328103,38.68,17.18,45.12,44.665,25.96,39.4,61.01,32.72,53.5,89.25,31.89,47.27,58.005,70.5,51.38
1313,11/13/2019,75.58,89.86,18.15,109.12,60.49,28.09,80.84,104.357446808511,88.53,87.5,68.11,10.39,80.91,117.52,63.9,31.7403708987161,46.92,20.35,52.63,56.9775,26.4,38.79,70.66,6.92,61.07,85.94,33.81,61.91,73.425,87.82,61.64
1314,11/13/2020,82.12,89.87,20.87,102.16,65.07,24.25,84.93,111.234042553191,94.98,81.63,64.06,15.23,93.29,109.18,57.11,30.5920114122682,29.51,13.13,56.2,77.19,24.47,32.14,31.66,11.4,59.38,89.46,29.81,63.9,67.275,102.14,74.08
1315,11/13/2023,74.78,75.02,15.54,111.12,55.31,26.73,44.53,97.66,87.02,88.37,62.25,39.8,53.03,95.08,48.05,38.8,35.12,16.52,47.61,54.5,24.81,46.09,64.66,16.57,61.34,68.94,24.95,67.34,70.02,79.38,58.27
1316,11/14/2018,68.74,76.13,15.24,97.29,50.53,27.46,73.65,101.523404255319,86.42,79.42,53.87,17.48,65.43,85.49,59.94,32.2539229671897,38.33,16.94,44.66,44.205,25.59,39.04,60.37,25.59,53.91,88.24,32.18,47.4,56.38,69.94,51.16
1317,11/14/2019,76.53,89.6,18.41,109.57,60.76,26.69,81.56,105.285106382979,88.25,87.24,69.68,10.31,80.8,116.89,64.61,31.8330955777461,46.74,20.22,53.06,57.4675,26.32,39.41,70.16,6.7,60.6,86.99,33.62,62.39,72.735,88.12,61.3
1318,11/14/2022,82.48,88.66,27.53,110.53,57.83,29.13,57.96,113.05,95.45,89.33,59.92,42.37,77.67,108.56,57.43,38.06,37.2,18.53,53.32,81.66,25.76,43.85,64.38,14.46,57.36,71.15,27.1,64.54,77.805,92.53,66.83
1319,11/14/2023,77.35,77.41,16.94,114.14,57.25,27.67,46.49,101.75,89.85,90.5,65.71,39.9,56.23,98.35,49.94,39.59,36.63,16.8,49.12,57.55,25.97,47.32,65.73,17.4,63.25,72.42,25.74,69.21,72.6,81.51,60.3
1320,11/15/2018,69.39,76.79,15.42,98.91,50.65,27.55,73.45,101.540425531915,86.14,76.54,47.19,17.2,66.2,85.97,60.09,32.4893009985735,38.82,17.17,45.12,44.795,25.31,39.2,61.36,17.74,54.42,88.7,30.5,47.18,55.49,70.51,51.37
1321,11/15/2019,76.62,89.56,18.45,109.49,60.9,25.48,82.11,105.395744680851,88.58,87.73,70.1,10.35,81.27,116.71,64.75,32.111269614836,47.04,20.44,52.88,57.855,26.5,39.8,71.29,7.42,60.89,87.61,33.91,62.2,73.065,88.07,60.87
1322,11/15/2021,85.79,82.88,25.03,96.21,61.17,26.95,75.88,113.2,100.6,78.77,64.58,21.86,83.5,105.04,65.6,39.0656205420827,39.45,16.86,56.24,87.34,25.54,36.68,63.36,12.38,63.34,65.92,28.84,62.2,62.28,90.55,64.31
1323,11/15/2022,83.42,89.22,27.78,111.58,58.44,29.13,58.88,114.48,97.13,89.7,60.67,43.76,78.65,109.53,59.71,38.24,38.15,18.66,53.63,82.91,25.68,43.46,65.25,14.44,57.11,73.88,27.49,65.89,77.715,93.26,67.39
1324,11/15/2023,77.68,76.53,17.01,113.53,57.08,27.43,47.23,102.07,89.61,90.55,65.27,41.33,57.25,98.32,50.27,39.67,36.82,16.92,49.32,57,25.75,47.51,66.12,17.51,62.88,72.37,25.8,68.77,71.98,81.43,60.09
1325,11/16/2018,69.3,77.02,15.51,99.03,51.02,27.73,73.61,101.302127659574,86.68,77,54.45,16.63,67.04,86.32,60.12,32.7246790299572,38.77,17.28,45.25,45.0975,25.69,39.27,62.2,24.4,54.3,88.32,30.83,46.89,57.435,70.91,51.06
1326,11/16/2020,84.33,89.21,21.33,101.28,66.06,25.09,86.07,115.063829787234,95.01,82.71,65.17,14.65,94.43,112.77,57.63,30.9129814550642,28.5,13.67,56.44,77.75,24.62,32.65,32.35,11.54,59.52,90.44,30.3,64.12,67.72,104.03,74.71
1327,11/16/2021,85.14,82.56,25.06,94.57,60.53,26.78,75.41,112.79,99.08,77.52,63.77,22,83.37,105.32,65.38,38.6947218259629,39.58,16.66,55.99,86.98,25.28,36.62,63.16,12.32,62.72,66.12,28.7,62.0,63.0,90.16,64.11
1328,11/16/2022,84.48,89.74,27.96,112.3,59.43,29.44,59.61,115.18,97.94,91.34,61.03,41.49,79.5,110.13,59.45,38.06,38.05,18.41,54.51,84.32,26,42.96,64.71,14.73,57.79,73.3,27.9,65.83,78.705,94.41,68.32
1329,11/16/2023,76.78,77.38,16.91,114.05,57.5,27.66,46.87,103.33,90.18,91.13,65.99,40.05,57.48,98.85,50.33,39.48,37.04,16.82,49.48,56.6,25.77,47.57,65.52,17.75,63.46,72.39,26.02,70.27,72.19,82.37,60.7
1330,11/17/2020,80.6,86.73,21.35,100.05,63.83,25.17,84.17,113.055319148936,92.92,79.25,65.6,14.43,91.75,111.96,56.57,30.7203994293866,28.74,14.03,54.73,76.61,24.75,31.89,33.31,11.72,59.05,86.78,29.53,62.36,67.03,100.18,72.63
1331,11/17/2021,85.49,83.24,24.75,93.85,60.94,26.7,75.35,112.75,98.99,77.5,64.46,21.39,83.77,105.78,65.7,38.2168330955777,39.08,16.51,56.11,87.78,25.29,36.44,63.5,12.47,62.46,66.27,28.49,62.17,62.12,90.8,64.97
1332,11/17/2022,83.59,89.07,27.47,111.16,58.55,29.19,58.37,113.24,95.52,90.81,59.84,41.69,78.1,108.84,58.19,37.48,37.65,18.3,53.77,82.35,25.56,41.34,63.6,14.58,55.87,72.31,27.67,64.92,77.04,93.02,67.14
1333,11/17/2023,77.12,77.39,17.01,113.9,57.4,27.8,46.76,103.6,90.01,91.36,65.93,40.37,58.51,99.11,50.39,38.95,37.18,16.96,49.23,57.37,26.08,48.08,66.63,17.92,63.75,71.97,26.09,69.77,72.26,81.74,60.56
1334,11/18/2019,75.73,90.15,18.49,109.29,61.19,25.16,82.58,105.106382978723,88.65,87.47,69.5,9.66,82.15,116.89,65.01,32.3894436519258,46.77,20.14,52.85,58.04,26.25,39.8,70.79,7.09,61.0,86.8,33.65,62.48,73.815,87.95,60.88
1335,11/18/2020,79.06,84.13,21.37,96.17,61.5,23.75,81.21,110.808510638298,91.53,77.69,64.54,14.4,89.75,110.19,55.01,30.4564907275321,28.55,13.76,53.06,75.79,23.96,31.34,32.31,12.65,57.82,84.72,29.25,61.78,66.52,96.75,70.5
1336,11/18/2021,84.42,82.82,24.47,92.61,60.45,26.42,75.19,111.38,98.37,77.66,64.6,21.1,83.21,105.48,65.07,38.188302425107,38.61,16.28,55.25,87.6,25.12,36.05,63.55,12.1,62.4,65.86,28.27,61.63,61.37,90.13,64.33
1337,11/18/2022,86.18,91.28,27.66,115.05,60,29.67,59.16,114.6,96.79,93.53,61.72,41.03,79.65,111.92,58.65,38.58,38.48,18.42,55.26,83.2,26.32,42.24,64.47,15.02,57.69,73.73,28.09,65.57,78.92,95.7,68.38
1338,11/19/2018,69.74,77.43,15.38,99.34,51.66,27.97,74.42,101.455319148936,87.64,77.5,53.91,17.1,67.38,86.76,59.85,32.8815977175464,38.54,17.42,45.38,45.5025,25.93,39.08,62.28,23.26,54.56,88.87,31.44,47.04,57.62,71.6,51.62
1339,11/19/2019,75.45,90.67,18.48,108.64,61.44,25.34,82.42,105.217021276596,87.03,86.88,68.86,8.95,82.2,116.19,64.77,32.3609129814551,46.43,20.01,52.58,58.165,26.04,39.39,69.76,6.84,60.5,86.75,33.57,62.21,73.605,88.13,61.32
1340,11/19/2020,78.35,82.45,20.88,95.1,60.58,23.43,79.76,110.348936170213,91.7,77.1,63.62,14.99,88.19,108.97,53.69,30.206847360913,29.04,14.4,52.47,75.13,23.6,30.97,33.3,12.29,57.62,83.55,29.23,61.07,65.125,95.55,69.35
1341,11/19/2021,85.38,83.38,24.58,94.9,60.9,26.55,74.19,111.18,98.42,78.03,64.9,20.82,83.86,105.95,65.61,38.2382310984308,38.53,16.16,56.79,88.31,25.22,36.29,61.38,12.38,63.07,66.96,28.4,62.67,61.38,90.52,65.1
1342,11/20/2018,69,77.82,14.9,98.2,51.74,27.85,74.66,100.851063829787,88.52,78.11,52.78,16.71,67.64,86.33,59.7,32.4108416547789,37.95,16.96,45.26,44.6925,25.75,37.89,60.34,23.51,53.58,88.3,31.44,46.66,56.965,72.22,51.81
1343,11/20/2019,75.47,91.46,18.6,108.79,61.7,24.45,82.9,105.617021276596,87.13,87.31,70.92,8.83,82.5,117.06,64.98,32.3537803138374,46.87,20.06,53.14,58.805,26.06,39.64,70.79,7.15,61.21,87.28,33.78,62.78,73.93,88.2,61.69
1344,11/20/2020,78.45,82.49,20.42,95.67,61.25,23.46,78.65,110.51914893617,92.58,77.39,63.38,14.72,88.63,108.98,54.51,29.8644793152639,28,14.25,52.87,75.55,23.9,30.54,32.96,12.66,58.21,83.25,29.15,60.88,65.21,96.1,69.31
1345,11/20/2023,76.82,77.19,17.21,112.92,57.14,27.59,46.41,102.87,89.3,90.94,65.69,40.09,58.3,98.96,50.47,39.08,37.43,16.94,49.11,57.34,26.06,47.29,66.89,17.68,64.01,71.72,26.17,69.44,72.43,81.32,60.06
1346,11/21/2018,67.52,75.65,15.07,97.72,50.79,27.81,73.35,99.3617021276596,86.45,77.11,53.59,17.79,66.42,85.35,58.65,32.0613409415121,37.3,17.17,44.07,44.045,25.56,38.16,60.99,24.3,53.5,87.54,30.64,45.63,56.005,70.78,50.75
1347,11/21/2019,75.19,91.07,18.5,108.04,61.95,24.54,83.02,104.995744680851,86.66,86.82,71.01,8.67,82.22,115.9,64.73,31.6619115549215,46.64,20.16,53.38,58.785,26.22,39.2,71.42,7.01,60.72,87.27,33.67,62.68,73.4,88.33,61.7
1348,11/21/2022,86.76,93.15,28.07,115.79,60.11,29.9,59.54,113,97.04,94.15,61.96,41.33,80.4,113.05,58.4,38.7,38.61,18.28,55.34,83.6,26.55,41.16,63.2,14.99,57.85,75.21,28.22,65.73,79.385,96.73,68.68
1349,11/21/2023,76.7,78.04,16.74,111.6,56.83,27.5,46.42,103.26,89.88,90.49,65.53,40.02,58.82,100.6,50.2,38.88,37.66,17.12,49.09,57.98,26.01,45.2,66.91,17.74,64.14,71.8,26.31,69.65,72.87,80.92,60.02
1350,11/22/2019,74.95,91.54,18.83,107.32,61.76,24.75,83.24,105.055319148936,87.14,86.19,71.25,9.06,82.23,115.72,64.44,31.6904422253923,47.34,19.96,53.39,58.345,26.36,39.37,71.63,7.31,60.4,87.2,33.82,62.89,73.3,88.53,61.26
1351,11/22/2021,86.28,84.3,24.94,95.62,61.64,26.62,74.04,112.94,100.25,78.57,64.89,20.89,84.68,107.3,66.46,38.4878744650499,38.73,16.11,57.87,87.36,25.47,36.54,61.94,12.24,63.44,67.89,28.51,63.12,62.475,91.52,66.31
1352,11/22/2022,87.23,93.71,28.08,117.51,60.22,30.45,60.25,113.67,97.68,95.22,62.43,43.78,81.01,112.69,59.2,39.45,38.98,18.72,55.42,84.11,26.8,42.34,65.42,15.12,58.35,76.16,28.74,65.95,80.165,97.13,68.85
1353,11/22/2023,77,78.25,16.91,113.05,57.07,27.79,46.65,104.66,90.36,90.52,65.9,40.32,59.53,101.19,50.83,38.86,37.54,17.29,49.54,57.47,26.19,45.83,66.66,17.97,64.65,73.65,26.24,69.59,73.12,81.48,60.43
1354,11/23/2018,67.75,75.86,15,97.15,50.68,27.65,73.1,99.2936170212766,86.75,77.34,53.25,18.11,66.82,85.37,58.73,31.9900142653352,37.5,16.61,43.98,44.3325,25.67,38.44,59.1,23.84,53.23,88.27,30.84,45.72,56.055,70.47,50.86
1355,11/23/2020,79.3,83.41,20.46,96.86,61.44,23.98,79.05,110.987234042553,93.33,77.57,64.15,15.41,87.79,109.72,54.97,29.6504992867332,27.71,14.62,52.75,74.57,24.31,30.81,35.18,12.7,58.42,84.48,29.99,60.45,65.52,95.8,68.36
1356,11/23/2021,85.9,84.31,24.61,95.31,61.31,26.61,74.82,112.25,100.74,79.17,65.52,21.13,85.2,106.3,66.2,38.7874465049929,38.94,16.33,57.86,87.31,25.54,36.87,64.01,12.33,64.2,67.11,28.73,63.01,62.66,91.0,65.84
1357,11/23/2022,88.14,95.13,28.48,118.58,60.83,30.81,61.03,114.49,98.54,96.67,63.73,43.56,82.18,112.96,58.33,39.87,39.51,18.65,55.97,84.92,27.18,42.44,65.62,15.24,59.01,76.39,29.11,66.36,81.5,98.07,69.2
1358,11/24/2020,79.07,84.82,21.15,100.28,62.31,24.36,79.38,112.093617021277,96.26,78.38,65.45,15.97,87.47,110.6,55.8,30.4921540656205,26.66,14.97,53.37,74.98,24.94,31.78,37.66,12.82,59.68,85.78,30.68,61.19,66.155,96.24,68.14
1359,11/24/2021,85.76,83.82,24.72,95,61.04,26.77,74.9,112.18,100.18,79.22,66.15,21.3,84.93,106.4,65.53,38.8801711840228,38.91,16.52,57.62,87.21,25.47,37.26,64.81,12.46,64.59,66.77,28.66,63.1,62.765,90.69,65.55
1360,11/24/2023,77.17,78.5,16.93,112,57.59,27.93,46.96,105.37,90.74,90.96,65.85,40.85,59.26,101.1,50.55,39.19,37.64,17.35,49.75,57.55,26.1,45.89,67.32,18.02,65.09,73.26,26.31,69.61,73.67,81.6,60.52
1361,11/25/2019,74.17,90.89,18.78,106.76,61.2,24.8,83.23,105.6,87.6,86.04,70.28,9.09,82.15,115.38,63.59,31.5049928673324,47.72,19.96,52.75,58.14,26.55,39.19,71.99,7.4,59.56,86.6,33.86,62.18,73.185,88.1,60.8
1362,11/25/2020,80.58,85.37,20.98,99.41,62.7,24.51,79.41,112.544680851064,96.15,78.66,63.71,15.4,88.43,112.25,56.18,30.114122681883,26.56,14.85,53.51,75.97,24.9,32.25,37.54,12.64,59.97,86.52,29.39,60.89,65.98,96.0,68.11
1363,11/25/2022,88.81,95.47,28.61,119.16,61.26,31.04,61.53,114.78,99.62,97.5,64.23,43.03,82.44,113.75,59.01,40.07,39.86,18.63,56.45,85.34,27.29,42.16,65.42,15.37,59.22,76.5,29.23,66.91,81.73,98.66,69.63
1364,11/26/2018,67.82,75.96,15.4,97.81,50.96,27.81,73.99,99.3191489361702,86.98,78.16,53.99,18.68,66.8,85.86,59.53,32.2396576319544,37.69,16.72,44.29,44.2575,25.79,39.06,59.53,25.12,53.49,88.64,30.69,45.65,56.02,70.59,51.1
1365,11/26/2019,74.13,91.5,18.75,107.29,61.68,24.49,83.46,105.744680851064,88.2,86.44,69,8.81,82.72,116.47,63.5,31.3908701854494,47.77,19.7,52.97,58.73,26.46,38.92,71.81,7.47,59.53,87.5,34.1,62.25,73.445,89.03,61.18
1366,11/26/2021,84.51,82.55,23.83,93.38,60.13,26.23,73.67,110.66,99.28,78.67,64.94,20.99,84.72,103.09,64.51,38.1098430813124,37.91,16.26,56.74,86.09,24.99,36.25,62.47,12.24,63.64,65.26,28.18,62.04,60.84,89.17,64.76
1367,11/27/2018,68.68,76.58,15.22,98.42,51.19,27.95,74.11,100,87.83,79.05,55.31,18.67,67.45,86.29,59.98,32.4750356633381,37.89,16.73,44.79,44.5,25.98,38.46,59.75,26.97,54.29,89.77,31.12,46.09,56.345,71.02,51.74
1368,11/27/2019,74.18,91.59,18.89,106.92,61.52,24.67,83.08,106.357446808511,88.56,86.73,69.83,9.06,82.9,116.92,63.29,31.5763195435093,47.79,19.73,53.05,58.2675,26.53,39.07,71.43,7.55,59.52,87.39,34.3,62.31,73.78,89.11,61.56
1369,11/27/2020,78.99,84.92,21.04,96.82,61.98,24.07,79.04,109.387234042553,94.6,77.77,62.79,15.25,87.93,111.51,55.77,29.771754636234,26.72,14.75,52.76,75.13,24.51,32.51,37.23,12.73,59.35,83.94,29.11,60.65,65.23,95.74,67.62
1370,11/27/2023,77.46,78.54,16.91,112.64,57.33,27.95,46.91,104.86,90.93,90.67,66.27,40.23,59.04,101.63,50.72,39.14,37.5,17.31,49.96,57.58,26.2,46.46,67.21,17.9,64.44,73.75,26.24,70.26,73.72,82.22,60.45
1371,11/28/2018,68.11,76.22,15.51,97.63,51.23,28.01,73.32,99.9148936170213,87.6,78.84,54.76,19.07,67.43,86.08,59.13,32.6818830242511,37.6,16.86,44.77,44.5125,25.76,39.37,60.52,27.46,54.71,89.11,30.86,46.12,56.62,70.67,51.56
1372,11/28/2022,87.94,95.22,28.04,118.07,60.8,30.86,60.62,115.3,98.61,96.54,63.39,41.52,81.72,113.25,58.69,40.23,39.63,18.46,55.78,83.73,27.22,41.43,63.72,15.27,58.35,76.59,29.1,65.84,81.54,97.54,69.39
1373,11/28/2023,77.85,79.73,17.17,112.5,57.44,28.15,47,105.02,91.13,90.8,66.49,39.85,59.93,101.65,51.26,39.16,37.31,17.29,50.12,58.16,26.18,46.78,66.99,17.5,64.4,74.34,26.39,70.49,73.52,83.16,60.97
1374,11/29/2018,67.82,76.35,15.44,93.45,51.31,27.74,73.75,100.144680851064,87.6,79.24,54.72,18.8,67.07,85.87,58.82,32.5748930099857,37.15,16.87,44.67,44.28,26.05,38.79,61.34,26.76,54.52,88.84,30.67,46.54,56.335,71.0,51.53
1375,11/29/2019,74.33,91.35,18.91,106.96,61.3,24.56,83.11,106.331914893617,88.17,86.89,69.1,8.73,82.64,116.39,63.27,31.6690442225392,47.69,19.61,53,58.455,26.45,39.73,71.05,7.46,59.31,87.39,34.03,61.99,73.635,88.65,61.49
1376,11/29/2021,85.09,83.31,23.62,93.8,61.13,26.59,74.42,111.49,100.22,80.35,66.07,20.71,85.27,105.07,65.26,38.6376604850214,39.05,16.01,57.28,88.66,25.25,36.63,62.46,12.38,64.25,66.29,28.44,62.82,62.1,90.49,65.59
1377,11/29/2022,87.24,94.65,28.26,118.64,60.2,30.58,59.77,114.13,97.94,96.3,63.51,42.66,80.65,112.81,58.07,40,39.8,18.88,55.07,82.49,27.23,41.91,64.91,15.17,58.29,76.23,29.02,65.73,80.66,96.98,68.85
1378,11/29/2023,76.99,79.22,17.22,112.05,56.75,27.89,46.73,104.14,90.71,89.94,65.78,39.75,59.71,100.59,50.64,38.39,36.98,17.32,49.94,58.36,25.81,46.85,67.39,17.17,63.29,74.11,26.03,70.23,72.95,82.97,60.0
1379,11/30/2018,68.62,77.74,15.49,95.67,52.09,28.01,74.5,101.906382978723,88.57,80.35,55.32,18.71,68.34,87.06,59.37,33.0884450784593,37.83,17.07,45.39,45.4275,26.42,38.43,61.43,26.38,55.9,89.36,30.59,47.33,57.61,72.48,52.45
1380,11/30/2020,77.78,84.89,20.44,95.89,61.54,23.19,78.49,107.072340425532,92.66,76.25,61.36,14.88,87.51,108.85,55.41,29.2938659058488,26.56,14.38,52.6,73.59,24.2,32.75,35.87,12.7,58.28,81.85,28.42,59.85,63.74,94.95,67.36
1381,11/30/2021,81.59,81.05,23.38,90.32,58.85,25.91,71.2,108.34,97.01,77.64,65.28,19.43,82.27,100.34,63.3,37.6105563480742,37.66,15.46,54.79,86.78,24.51,36.02,59.84,11.88,62.49,65.05,27.83,61.1,59.935,86.93,63.73
1382,11/30/2022,89.32,96.8,28.92,120.2,61.07,31.11,61.11,116.01,99.93,98.04,66.66,42.41,82.86,116.27,59.21,41.37,41.24,19.12,56.3,84.7,27.94,42.45,66.92,15.7,60.55,78.32,29.52,67.64,83.095,99.14,70.22
1383,11/30/2023,77.59,79.55,17.21,113.81,56.76,28.27,45.34,104.11,92.28,90.11,66.99,39.96,59.41,101.41,51.04,38.51,36.94,17.57,50.57,58.51,25.64,47.84,68.85,17.17,62.43,74.94,26.12,70.98,72.87,83.62,60.84
1384,12/01/2020,78.51,85.21,20.6,96.64,61.51,22.83,80.16,107.43829787234,93.26,76.91,62.09,14.48,88.22,108.85,55.56,29.4222539229672,27.17,14.1,53.37,74.15,24.49,33.36,36.47,12.69,57.51,82.35,28.36,60.57,63.88,95.6,68.41
1385,12/01/2021,82.22,80.28,23.58,89.43,59,25.76,70.85,109.15,96.62,77.94,65.62,18.36,82.4,100.4,63.14,37.2967189728959,37.73,15.27,55.36,87.84,24.4,35.6,58.65,11.75,62.44,64.06,27.89,61.14,59.83,87.68,64.21
1386,12/01/2022,88.7,96.48,28.72,117.49,61.41,31.03,60.37,116.12,100.31,97.85,65.52,41.52,83.91,116.3,58.88,41.53,41.38,19.15,55.53,84.83,27.75,42.13,67.2,15.62,60.4,77.8,29.29,67.72,83.61,97.29,70.19
1387,12/01/2023,78.97,80.51,18.13,113.85,58.4,28.79,46.67,108.17,92.64,91.68,67.48,40.24,60.78,102.03,51.76,38.99,37.36,17.75,51.49,59.17,26.2,48.37,69.87,17.45,63.42,75.08,26.48,71.52,73.2,84.97,61.43
1388,12/02/2019,73.68,90.28,18.92,105.76,60.87,24.39,82,105.004255319149,87.29,85.55,71.56,8.44,82.02,115.98,62.38,31.3195435092725,47.52,19.4,52.43,57.8125,26.18,39.86,70.82,7.86,58.63,85.75,34.19,61.6,73.205,87.57,61.2
1389,12/02/2020,78.49,85.87,21.16,96.19,61.79,22.93,80.28,109.574468085106,93.87,77.03,62.19,14.49,88.15,108.61,56.1,29.6504992867332,27.32,14.34,53.82,74.31,24.62,33.6,37.47,12.53,57.7,82.89,28.53,61.88,65.715,95.76,68.68
1390,12/02/2021,83.23,81.31,24.08,90.68,59.56,26.22,71.84,110,97.65,78.69,65.49,18.55,83.08,101.99,63.72,37.7460770328103,38.62,15.73,55.93,88.62,24.82,36.55,60.69,12.0,63.17,65.55,28.23,62.01,61.195,88.87,64.65
1391,12/02/2022,88.04,95.12,28.67,116.54,60.52,30.67,60.47,115.06,99.52,97.35,65.37,39.93,83.71,115.91,58.5,41.45,41.52,19,54.8,85.2,27.57,41.25,67.2,15.66,60.92,78.12,29.18,67.34,82.965,96.06,69.14
1392,12/03/2018,69.8,78.31,15.6,97.61,52.35,28.37,75.13,101.412765957447,89.62,81.23,57,18.91,68.74,87.81,59.71,33.1526390870185,38.59,17.3,45.9,45.6225,26.94,39.82,62.75,27.11,55.68,90.23,31.11,47.49,58.225,72.99,52.94
1393,12/03/2019,73.81,90.88,18.84,105.47,61.13,24.4,81.94,105.540425531915,87.86,86.29,71.74,8.48,82.03,116.92,62.56,31.5691868758916,47.74,19.15,52.7,58.0575,26.41,40.41,70.19,8.52,58.49,86.08,34.19,62.37,73.96,88.27,61.46
1394,12/03/2020,77.91,84.74,21.16,96.52,60.95,22.79,78.4,107.940425531915,92.35,75.91,61.54,13.49,86.81,106.64,55.5,29.2796005706134,27.9,14.49,53.36,73.35,24.36,33.1,38.49,12.6,57.63,81.4,28.46,61.88,66.005,94.38,67.31
1395,12/03/2021,85.03,82.34,23.76,92.76,60.76,26.95,73.04,111.89,99.88,80.53,66.61,19.57,85.3,103.26,64.89,37.6176890156919,38.84,15.59,56.94,88.03,25.1,36.56,60.01,11.81,63.45,66.17,28.66,62.83,61.875,91.17,65.17
1396,12/04/2018,70.04,78.42,15.46,97.56,52.57,28.05,75.32,101.421276595745,90.05,81.99,57.73,18.25,68.95,88.98,60.04,33.4878744650499,38.55,16.68,46.17,45.5425,27.09,39.83,60.6,26.75,55.81,90.09,30.71,47.24,58.43,73.28,52.83
1397,12/04/2019,74.36,92.03,18.9,106.99,61.71,24.72,82.25,106.604255319149,88.95,86.78,71,8.75,83.02,118.11,63.26,31.7689015691869,48.19,19.3,53.17,58.565,26.5,39.52,70.83,9.47,58.93,86.94,34.56,62.69,73.79,89.09,62.01
1398,12/04/2020,77.08,83.39,21.07,97.27,59.77,22.86,75.88,107.174468085106,91.15,75.31,61.83,14.24,85.54,106.73,54.92,29.1940085592011,28.95,14.93,52.88,72.52,24,34.52,40.63,12.49,57.63,82.41,28.61,61.52,64.085,93.29,65.75
1399,12/04/2023,78.53,80.13,17.98,114.92,58.33,28.85,46.13,108.41,92.73,91.99,67.37,38.97,60.69,101.39,50.45,38.73,37.17,17.85,51.4,58.67,26.44,48.08,70.21,17.27,63.28,75.09,26.36,71.28,72.81,85.0,61.47
1400,12/05/2018,,78.31,,,,,75.13,,89.62,81.23,57,18.91,,87.81,59.71,33.1526390870185,38.59,17.3,,45.6225,,39.82,62.75,27.11,,,31.11,47.49,,,
1401,12/05/2019,75.09,92.46,18.81,106.76,61.84,24.79,81.19,106.689361702128,89.29,86.69,71.34,8.61,82.16,118.42,63.53,31.9971469329529,48.41,19.68,53.17,58.64,26.65,38.58,70.98,9.78,58.74,86.59,34.32,62.76,73.695,89.45,62.14
1402,12/05/2022,87.25,94.52,28.37,115.86,59.93,30.45,59.27,114.06,99.13,97.37,65.12,37.07,83.65,115.4,58.16,41.75,41.33,18.56,54.54,85.15,27.51,40.84,65.31,15.32,60.27,77.86,29.08,67.48,81.845,94.25,68.68
1403,12/05/2023,77.72,79.31,17.94,113.88,57.33,28.56,46.32,106.66,92.47,91.19,66.72,38.36,60.19,100.42,51.21,38.5,37.05,17.5,51.25,58.23,26.14,48.26,69.28,17.06,62.6,74.82,26.02,70.93,70.93,83.73,61.03
1404,12/06/2018,70.16,78.76,15.45,98.55,52.91,28.17,74.78,101.608510638298,89.83,81.63,57.54,17.99,69.14,88.25,60.77,33.4522111269615,39.08,16.46,45.72,45.665,26.81,40.56,59.37,26.03,55.25,90.79,30.65,46.52,57.85,73.75,53.21
1405,12/06/2019,75.19,92.39,18.72,106.52,61.46,25.02,81,106.578723404255,89.76,86.79,71.37,8.78,81.2,118.09,63.07,31.9971469329529,48.38,19.75,53.11,58.5975,26.8,38.47,71.59,9.65,58.61,86.2,34.37,62.14,72.92,89.07,62.0
1406,12/06/2021,85.94,83.49,24.36,94.56,61.57,27.72,74.29,114.19,101.21,81.35,68.18,19.73,86.14,104.92,66.76,38.1811697574893,39.25,15.78,57.93,89.15,25.68,38.09,60.89,12.54,63.71,66.43,29.22,64.66,62.73,92.26,65.18
1407,12/06/2022,87.29,96.37,28.13,117.44,61.04,30.82,58.25,115.87,100.51,97.56,66.02,36.91,84.36,117.08,58.47,42.87,41.57,18.1,55.31,85.18,27.84,34.68,63.6,15.43,60.6,78.06,29.3,68.48,82.675,95.42,69.32
1408,12/06/2023,79.09,80.36,17.94,114.73,57.83,28.78,47.26,107.33,93.94,91.65,67.16,36.87,60.6,101.55,51.95,39.41,37.45,17.53,52.1,60.2,26.41,47.53,68.47,17.24,63.19,76.21,26.33,72.26,73.05,84.91,61.97
1409,12/07/2018,70.42,79.32,15.53,98.79,52.93,28.38,75.61,101.71914893617,89.99,82.46,58.51,18.41,69.46,88.46,60.31,33.4950071326676,39.23,16.35,45.84,45.715,27.14,40.53,59.99,25.79,55.44,90.78,31.09,46.98,57.975,73.77,53.19
1410,12/07/2020,78.2,83.84,20.87,97.25,60.7,23.14,76.14,106.255319148936,91.87,74.84,61.94,13.88,86.74,106.61,55.12,29.3865905848788,29.47,14.8,53.34,73.27,23.92,33.88,40.31,12.53,57.53,82.58,28.85,61.73,64.115,93.65,66.61
1411,12/07/2021,86.53,83.91,24.82,94.88,62.03,27.88,75.46,115.01,101.17,81.56,67.26,20.55,87.3,104.85,66.67,38.4593437945792,39.46,16.23,58.33,90.41,25.83,38.86,62.68,12.44,64.62,66.56,29.32,64.47,63.455,92.34,66.04
1412,12/07/2022,86.61,96.67,27.98,117.41,61.13,30.39,58,114.41,99.58,96.59,65.37,36.73,83.76,116,59.67,42.31,41.7,18.04,54.5,85.29,27.67,33.14,63.85,15.57,59.95,77.62,28.98,68.5,81.21,94.59,68.87
1413,12/07/2023,78.73,80.2,18.17,114.53,57.94,28.76,47.24,107.22,94.46,92.44,67.31,36.99,60.37,101.89,51.7,39.34,37.3,17.5,51.82,59.85,26.43,47.47,67.27,17.37,62.42,76.05,26.09,71.65,73.04,85.0,61.55
1414,12/08/2020,77.26,83.49,21.19,97.59,60.2,22.5,74.75,106.068085106383,91.51,74.56,61.89,13.39,86.38,105.29,55.46,29.472182596291,30.26,14.76,52.76,73.68,23.21,34.01,40.79,12.32,57.23,81.82,29.05,61.0,64.65,93.43,66.04
1415,12/08/2021,86.79,84.02,24.88,94.41,61.88,27.63,75.13,114.52,100.85,81.53,66.87,20.97,87.35,105.51,66.92,38.1098430813124,39.4,16.24,58.33,90.32,25.81,38.81,62.36,12.63,63.91,66.66,29.17,64.75,63.06,92.56,67.11
1416,12/08/2022,88.18,97.72,28.34,117.5,62,30.35,58.29,117.66,100.45,97.59,65.4,35.69,84.59,117,62,41.77,41.7,17.77,55.47,85.76,27.77,32.18,64.12,15.42,60.0,77.78,29.06,68.68,81.05,95.66,69.81
1417,12/08/2023,78.02,79.64,18.22,113.46,58.15,28.77,47.49,108.61,94.39,91.55,67.45,37.13,59.65,102.01,51.56,39.21,37.08,17.7,51.38,59.7,26.3,47.81,68.24,17.61,62.57,75.3,26.06,71.5,72.38,84.07,60.91
1418,12/09/2019,74.95,91.86,18.79,106.31,61.28,25.04,79.92,106.63829787234,89.28,86.56,71.01,8.87,80.72,118.18,62.26,32.0470756062767,48.12,19.94,52.88,58.5675,26.72,38.56,72.2,11.18,57.89,85.55,33.71,61.44,72.915,88.77,61.73
1419,12/09/2020,77.8,83.6,20.85,97.75,59.8,22.23,74.3,106.365957446809,91.39,74.24,62.91,13.95,86.02,104.46,55.5,29.3081312410842,30.64,14.61,52.3,73.67,23.2,33.81,40.22,12.39,56.89,81.33,28.88,60.77,64.48,92.74,65.56
1420,12/09/2021,86.7,83.52,24.55,95.23,62.15,27.54,76.19,115.23,100.28,81.68,66.51,20.71,87.53,106.25,66.44,37.9029957203994,39.4,16.01,58.14,89.91,25.85,38.47,61.73,12.49,63.74,66.72,28.6,64.57,63.1,92.8,66.8
1421,12/09/2022,88.61,96.58,28.52,117.67,62.22,30.45,58.28,117.19,100.35,96.53,65.79,35.67,84.05,116.87,62.39,41.42,41.48,17.45,55.31,84.51,27.39,32.28,63.55,15.54,59.77,77.5,28.95,68.36,80.575,95.73,69.84
1422,12/10/2018,70.71,79.36,15.77,98.45,53.14,28.46,76.27,101.540425531915,90.51,82.91,58.84,19.63,69.64,89.15,60.51,33.5235378031384,39.54,16.04,45.94,45.6525,27.26,40.59,59.16,25.89,55.39,91.07,30.79,47.22,58.095,74.43,53.46
1423,12/10/2019,74.59,91.94,19.13,106.75,61.44,24.96,80.09,106.314893617021,89.05,86.8,71.28,9.09,80.98,117.67,62.66,31.8972895863053,47.99,20.12,52.95,58.6125,27,38.38,72.5,12.32,57.69,85.21,33.8,60.33,73.74,89.19,61.8
1424,12/10/2020,77.34,82.48,20.85,98.17,59.44,21.8,74.32,105.71914893617,91.76,73.35,62.88,14.66,85.69,103.26,55.1,29.3865905848788,30.22,14.79,51.86,73.28,22.57,33.91,41.75,12.02,56.6,80.74,28.12,60.5,64.365,91.98,65.18
1425,12/10/2021,87.24,83.99,24.42,95.74,62.53,27.87,75.96,116.22,101.51,82.61,67.06,20.86,87.88,107.41,66.94,38.4522111269615,39.62,16.16,58.89,90.28,25.93,38.86,62.0,12.35,63.8,66.28,28.73,65.08,63.395,93.48,66.51
1426,12/11/2018,70.29,79.76,15.74,98.5,53.16,28.78,76.25,102.017021276596,90.79,83.25,58.89,20.28,70.17,89.59,60.63,33.4450784593438,39.61,16.12,46.28,45.745,27.5,41.67,58.98,26.06,55.79,91.66,30.5,47.56,58.53,74.89,53.52
1427,12/11/2019,74.95,92.15,18.91,107.2,61.45,25.11,80.9,106.672340425532,89,87.59,71.53,8.85,81.35,118.18,62.89,31.5263908701855,48.02,20.2,53.04,58.945,26.89,38.92,72.59,12.14,58.27,85.44,33.76,60.69,74.385,89.53,62.16
1428,12/11/2020,77.47,82.76,21.15,99.07,59.38,21.75,74.91,106.442553191489,91.54,73.16,62.8,13.95,85.79,102.78,55.13,29.3794579172611,30.38,14.75,51.71,73.8,22.89,33.18,41.57,11.94,56.48,79.72,28.08,60.42,64.0,92.24,65.0
1429,12/12/2018,69.84,79.52,15.89,98.59,52.73,28.89,75.26,101.055319148936,89.6,82.47,59.54,19.99,69.45,88.91,59.83,33.4450784593438,39.23,16.23,45.89,45.3275,27.19,42.21,59.71,26.39,55.72,91.12,30.69,47.01,58.33,73.87,52.94
1430,12/12/2019,74.71,91.14,18.93,106.51,60.77,24.82,80.69,106.323404255319,89.56,87.52,71.45,9.46,80.85,116.92,62.14,31.4550641940086,47.85,20.15,52.59,58.475,26.67,39.33,72.91,11.72,58.5,85.74,33.6,60.71,73.445,88.78,61.36
1431,12/12/2022,90.69,98.55,29.11,119,63.9,31.01,59.98,120.15,102.32,98.35,67.42,36.91,85.7,118.4,63.14,42.5,42.24,17.82,56.57,86.55,28.08,32.67,65.95,16.01,60.62,79.01,29.45,71.03,82.765,97.87,71.59
1432,12/13/2018,70.44,80.36,15.78,99.5,53.48,29.34,76.05,101.974468085106,90.9,83.93,59.53,20.19,70.23,90.46,60.23,33.4878744650499,39.44,16.41,46.12,45.55,27.62,42.68,61.45,26.51,55.8,92.33,30.83,47.55,58.8,74.96,53.68
1433,12/13/2019,75.02,92.05,18.92,107.05,60.99,25.94,80.88,106.263829787234,90.1,87.83,72.69,9.3,81.34,118.3,62.76,31.2553495007133,47.95,20.2,52.93,59.2375,26.88,39.37,73.17,11.24,58.55,86.14,35.64,60.76,74.39,89.18,62.26
1434,12/13/2021,87.96,84.98,23.92,97.35,63.74,28,76.75,117.17,103.04,83.47,66.88,20.12,89.26,107.88,67.58,38.6162624821683,40.17,15.93,59.65,91.74,26.27,39.97,60.2,12.27,65.19,66.99,28.88,66.18,63.145,95.11,67.46
1435,12/13/2022,90.86,98.62,29.27,118.53,64.16,30.91,59.98,120.46,103.1,98.51,67.87,37.11,85.95,118.35,63.25,42.54,42.24,18.21,56.42,87.15,27.93,33.41,66.96,16.01,61.12,79.39,29.34,71.21,82.33,98.98,71.6
1436,12/14/2018,69.81,80.01,15.95,98.47,52.89,29.3,76.92,100.612765957447,90.75,83.83,59.64,19.4,69.77,89.78,60.54,33.5663338088445,39.12,16.17,45.32,45.31,27.49,42.32,60.19,26.01,55.69,91.44,30.59,47.33,59.245,74.36,53.14
1437,12/14/2020,77.24,82.21,21.3,99.51,59.22,21.64,74.47,105.123404255319,91.13,72.41,62.26,13.88,85.46,101.41,54.41,29.2867332382311,30.35,14.31,51.34,73.55,22.65,32.63,40.14,11.85,56.43,79.14,27.6,59.66,64.02,91.58,65.04
1438,12/14/2021,87.19,85.13,23.61,97.14,63.47,27.82,76.6,117.46,102.77,83.17,66.35,21.27,89.26,107.29,67.18,38.4094151212554,39.98,15.82,59.54,90.03,26.21,39.93,59.37,12.16,64.53,67.27,28.83,65.97,63.075,94.76,67.39
1439,12/14/2022,89.79,98.49,29.24,118.34,63.76,30.95,59.27,120.6,103.3,98.44,67.65,37.81,85.85,118.44,63.05,42.82,42.34,18.11,56.05,87.05,27.82,32.47,66.59,16.4,61.18,79.45,29.42,71.11,81.875,97.72,71.25
1440,12/15/2020,78.73,84.29,22.28,101.68,60,22.24,75.48,106.212765957447,92.11,73,63.76,14.27,86.63,102.58,54.66,30.4707560627675,31.4,14.77,52.38,74.91,23.2,33.57,41.31,12.2,57.81,80.03,27.93,60.86,65.475,92.92,66.02
1441,12/15/2021,88.43,87.23,24.13,98.52,64.88,28.09,78.2,119.6,103.82,84.52,67.3,20.97,90.87,109.85,67.83,39.0085592011412,39.94,15.87,60.49,92,26.6,40.06,59.56,12.26,65.55,67.6,29.27,66.75,63.845,96.98,68.82
1442,12/15/2022,88.19,95.57,28.71,116.86,63.16,30.63,58.84,119.11,102.51,96.98,66.73,38.23,84.13,116.79,62.8,42.38,42,17.96,55.39,85.81,27.44,31.85,64.68,16.19,60.34,78.62,29.36,70.37,80.955,96.54,70.62
1443,12/16/2019,75.76,93.03,19.37,108.43,61.87,26.35,81.64,108.493617021277,90.49,88.23,74,9.73,82.05,119.12,63.2,31.8830242510699,48.51,20.58,53.48,59.8675,27.17,40.12,73.39,9.67,59.35,87.6,36.25,62.27,75.32,90.63,63.03
1444,12/16/2020,78,82.83,21.9,99.35,59.25,21.87,75.17,105.148936170213,90.61,71.75,62.7,13.61,85.45,100.5,53.67,30.2710413694722,30.91,14.6,51.64,74.44,22.8,33.38,40.65,12.06,57.15,78.65,27.32,60.43,64.56,92.27,65.59
1445,12/16/2021,88.66,88,24.06,100.35,65.41,27.98,78.57,120.33,104.54,84.69,67.96,21.4,90.91,110.67,68.13,38.7731811697575,40.31,15.86,60.98,92.23,26.91,39.85,58.31,12.24,65.61,68.3,29.48,67.55,64.295,98.36,68.95
1446,12/16/2022,87.73,94.57,28.34,114.77,61.91,30.01,58.62,115.82,100.34,95.17,65.1,37.24,82.78,114.45,61.91,41.93,40.93,17.69,54.61,84.14,27.19,31.05,64.49,16.08,59.24,77.9,29.13,69.43,78.66,95.13,69.92
1447,12/17/2018,67.31,77.33,14.88,95.56,51.4,28.91,74,97.1404255319149,88.09,80.63,58.19,18.89,67.25,86.78,58.35,32.5320970042796,37.72,15.84,44.13,43.9125,26.64,41.02,58.6,24.44,53.41,88.42,29.96,46.0,57.465,72.05,51.73
1448,12/17/2019,75.61,93.22,18.92,108.65,62.08,26.41,81.56,109.506382978723,90.55,88.53,73.55,9.82,82.8,118.82,63.6,32.0827389443652,48.28,20.51,53.88,59.955,27.26,39.59,73.36,10.91,59.25,87.6,35.97,63.7,75.06,91.09,63.46
1449,12/17/2020,78.74,83.86,22.09,99.09,59.51,21.88,75.93,105.148936170213,91.52,71.62,62.9,13.51,85.78,100.56,54.04,30.4208273894437,30.5,14.3,51.73,75.06,22.81,33.54,40.73,12.24,57.19,79.32,27.35,61.07,65.87,92.22,67.01
1450,12/17/2021,86.41,86.54,24.09,98.83,64.18,26.98,76.63,116.6,103.04,83.82,66.7,21.26,89.4,109.52,66.89,38.1740370898716,40.08,15.6,59.77,90.94,26.88,40.49,57.85,12.02,64.09,67.8,29.56,66.84,63.435,96.29,67.0
1451,12/18/2018,67.38,77.26,14.98,94.52,51.19,28.3,73.59,96.7063829787234,87.66,80.21,57.49,18.87,67.06,87.09,58.25,32.6676176890157,37.63,15.53,43.92,44,26.48,40.89,56.47,23.02,53.2,88.37,27.97,45.53,56.92,71.75,51.49
1452,12/18/2019,76.03,93.75,19.17,110.15,62.34,26.85,81.45,110.042553191489,90.61,89,74.27,10.14,83.59,119.66,63.85,32.3609129814551,48.52,20.72,54.28,60.0725,27.55,39.76,73.89,11.31,59.25,88.57,35.97,63.63,75.82,91.66,63.79
1453,12/18/2020,78.86,83.29,22.54,95.11,59.23,21.87,75.37,103.574468085106,90.32,71.15,62.54,13.52,84.71,100.02,53.35,30.3637660485021,30.34,14.21,51.05,74.51,22.4,33.79,39.87,12.27,56.82,78.65,26.95,60.14,65.35,91.32,66.1
1454,12/19/2018,67.21,76.86,14.74,94.93,51.12,28.39,74.11,96.8595744680851,87.23,80.1,58.42,18.89,67.29,86.84,58.08,32.6105563480742,37.36,15.57,43.72,43.63,26.37,40.08,55.89,23.75,52.76,88.45,28.23,45.28,56.97,71.31,50.92
1455,12/19/2019,75.45,93.97,19.55,110.81,62.4,26.78,81.8,110.348936170213,89.95,89.7,73.42,10.67,83.78,119.51,63.7,32.0827389443652,48.71,20.84,54.22,60.1625,27.61,40.31,73.98,10.92,58.65,89.25,35.72,63.07,76.015,92.18,63.85
1456,12/19/2022,87.3,94,28.2,113.48,61.58,29.98,59.25,115.18,100.23,94.85,64.95,36.11,82.83,113.14,61.69,41.77,41.01,17.51,54.29,83.52,27.05,31.54,63.37,15.84,59.36,77.28,29.11,68.91,78.64,94.24,69.4
1457,12/20/2018,67.03,77.62,14.69,95.1,51.12,28.4,74.82,97.4808510638298,88.14,80.73,58.26,18.55,67.17,87.34,58.01,32.6747503566334,37.4,15.55,43.82,43.7275,26.28,38.22,54.52,23.85,52.7,89.55,28.7,45.09,56.53,71.74,51.37
1458,12/20/2019,76.57,94.9,19.81,112.26,63.1,26.73,82.32,110.51914893617,90.62,90.63,75.19,10.54,84.59,120.17,64.12,32.4179743223966,48.82,20.97,54.95,60.6775,27.76,40.62,75.19,10.99,58.67,90.19,35.83,63.86,75.69,92.85,64.15
1459,12/20/2021,86.4,87.23,23.22,99.33,64.52,27,77.96,117.13,103.67,84.04,67.14,21.25,89.67,109.45,66.91,38.0884450784593,40.28,15.24,59.93,89.94,27.03,40.32,56.53,11.99,64.09,67.69,29.5,67.12,63.775,96.27,67.12
1460,12/20/2022,87.2,93.67,28.36,113.07,61.78,29.97,59.58,115.47,100.21,94.59,64.88,36.14,82.66,112.79,62.01,42.06,41.25,17.61,54.15,83.52,27.07,31.66,63.5,15.88,59.21,77.01,29.16,69.47,78.265,94.33,69.49
1461,12/21/2018,66.94,76.43,14.45,94.46,51.17,28.37,74.89,97.063829787234,87.67,79.96,56.18,18.67,66.47,86.76,58.28,32.7318116975749,37.19,15.57,43.45,43.5275,26.05,37.21,53.9,22.75,52.44,89.41,28.4,45.09,55.91,71.44,50.9
1462,12/21/2020,77.08,82.12,22.62,92.02,58,21.05,74.52,100.714893617021,89.1,69.95,61.88,13.45,83.71,97.02,52.78,29.6077032810271,29.99,13.99,50.34,74.4,21.53,33.7,39.39,12.26,56.47,77.29,26.71,60.0,63.355,90.06,65.39
1463,12/21/2021,87.18,86.75,23.71,99.46,63.73,27.3,77.14,116.48,103.02,83.37,67.24,21.19,88.96,109.27,66.28,38.4736091298145,40.24,15.66,59.4,90.45,26.82,41.52,57.91,12.07,64.31,67.68,29.42,66.39,64.255,94.73,66.34
1464,12/21/2022,88.6,95.34,28.74,114.58,62.66,30.53,60.05,117.43,101.92,95.72,65.22,36.64,83.98,114.1,63.02,42.63,41.72,17.88,55.08,84.65,27.55,32.42,65.01,15.95,60.5,77.45,29.4,70.73,78.37,94.9,70.41
1465,12/22/2020,76.55,81.4,22.82,92.33,57.6,20.82,73.5,101.208510638298,89.53,69.65,61.32,13.28,83.57,96.01,52.65,29.7860199714693,29.95,13.78,50.18,74.71,21.71,34.55,38.63,12.44,56.39,77.78,26.33,59.72,63.135,89.47,64.83
1466,12/22/2021,87.06,86.62,23.57,102.12,63.71,27.48,77.15,116.7,103.16,83.85,67.62,22.18,89.35,109.98,66.63,38.7803138373752,40.52,15.57,59.58,90.8,26.92,42.07,57.78,12.01,64.6,68.55,29.41,66.65,64.58,94.77,66.73
1467,12/22/2022,88.36,94.47,28.31,114.03,62.57,30.31,60.49,116.75,101.95,95.16,64.5,35,83.14,112.7,62.61,42.52,41.4,17.74,54.77,83.34,27.42,31.89,64.11,15.95,60.13,76.99,29.18,70.76,78.52,94.6,70.03
1468,12/23/2019,75.64,93.75,19.82,111.11,62.29,26.73,81.43,109.582978723404,90.15,89.78,74.81,10.88,83.73,118.57,63.8,32.2396576319544,48.39,21.2,54.3,59.695,27.45,40.08,75.99,10.94,58.6,88.98,35.66,63.26,75.28,91.48,63.02
1469,12/23/2020,75.72,80.71,23.49,92.03,57.61,21.5,74.04,100.91914893617,89.04,70.07,61.3,14.19,82.92,95.47,52.78,29.7503566333809,29.29,13.83,49.54,74.33,21.91,35.33,38.8,12.51,56.53,77.4,26.78,59.38,62.975,88.68,64.31
1470,12/23/2021,87.02,86.52,23.55,102.73,63.52,27.52,77.34,116.82,102.97,83.77,67.67,22.13,89.44,110.09,66.75,38.8659058487874,40.53,15.64,59.55,90.7,26.87,42.2,58.02,12.0,64.58,68.91,29.42,66.54,64.705,94.65,66.61
1471,12/23/2022,89.53,95.69,28.68,115.1,63.62,30.69,60.79,118.54,102.99,95.85,65.18,36.21,84.23,113.43,63.34,43.04,42,18.14,55.3,84.17,27.71,31.91,65.56,16.06,61.08,77.93,29.54,71.74,78.875,95.48,70.93
1472,12/24/2018,63.24,73.55,13.82,89.33,48.25,27.22,71.12,92.7234042553192,83.91,75.32,54.33,17.59,63.38,83.24,55.91,31.262482168331,35.84,14.71,41.21,42.02,24.89,36.24,50.79,23.15,49.89,84.61,27.59,43.02,53.7,67.62,48.6
1473,12/24/2019,75.75,93.84,19.76,110.58,62.28,26.76,81.36,109.072340425532,90.23,89.67,74.82,10.81,83.96,119.44,64.22,32.3252496433666,48.48,21.13,54.27,60.1275,27.43,39.89,75.6,10.95,58.51,88.86,35.62,63.13,75.325,91.62,62.86
1474,12/24/2020,76.47,81.42,23.27,92.77,58.16,21.58,74.23,101.889361702128,89.67,70.44,62.19,13.91,84.15,95.35,53.43,29.8359486447932,29.68,13.83,50.02,74.98,22.09,35.08,38.8,12.39,57.15,77.87,26.89,59.8,62.95,89.43,64.63
1475,12/26/2018,64.35,74.36,14.28,90.12,48.88,27.65,72.3,93.3191489361702,85.25,76.09,56.2,19.37,64.24,84.44,56.58,31.7261055634807,36.6,15.64,41.68,42.585,25.06,38.1,53.7,23.33,50.71,85.33,28.31,43.64,53.995,68.45,49.56
1476,12/26/2019,75.64,93.88,19.93,110.5,62.28,26.91,81.46,109.404255319149,90.39,89.65,75.35,10.69,84.3,119.52,64.05,32.3252496433666,48.51,21.2,54.22,60.49,27.35,39.23,76.13,10.86,58.63,88.95,35.53,63.17,75.81,91.75,62.79
1477,12/27/2018,65.3,75.04,14.29,91.2,49.44,28.09,73.25,93.7531914893617,85.96,76.83,57,19.83,64.78,85.34,56.73,31.9400855920114,37.03,15.51,41.99,43.04,25.33,38.62,53.32,23.6,51.43,85.85,28.34,43.95,53.805,69.18,49.6
1478,12/27/2019,76.3,94.19,19.98,110.13,62.54,26.91,82,109.685106382979,90.97,89.94,75.22,10.45,84.32,119.86,64.07,32.3894436519258,48.39,21.08,54.34,60.6275,27.29,39.23,75.71,10.44,58.58,88.85,35.52,63.46,75.435,92.31,63.12
1479,12/27/2021,87.55,87.08,23.67,104.06,63.91,27.58,77.43,117.85,103.29,83.73,67.62,22.82,89.22,110.83,67.48,39.0941512125535,40.45,15.82,59.99,91.32,27.07,42.37,59.41,11.91,65.06,68.89,29.53,66.96,65.08,95.28,66.82
1480,12/27/2022,90.28,96.29,28.82,115.58,64.31,30.92,61.78,119.23,103.67,96.55,65.82,36.34,84.97,114.71,63.48,43.15,42.26,18.26,56.03,84,27.8,32.24,66.09,16.45,61.81,77.71,29.69,72.27,79.42,96.01,71.57
1481,12/28/2018,64.94,74.73,14.27,91.66,49.37,28,73.26,93.7106382978723,86.12,76.48,57.23,19.19,64.67,85.49,56.53,31.9115549215407,37.26,15.29,42.05,43.18,25.48,38.62,52.98,23.89,51.33,85.25,28.35,43.95,53.635,69.01,49.25
1482,12/28/2020,76.75,81.28,23.3,93.41,58.82,21.41,73.7,101.472340425532,90.25,71.26,62.45,12.61,85.04,95.66,53.83,30.1069900142653,29.62,13.64,50.31,75.49,22.3,35.23,38.41,12.32,57.32,78.43,27.25,59.99,63.245,90.48,65.32
1483,12/28/2021,88.42,88.21,23.74,103.43,64.54,27.85,77.91,118.73,104.57,84.4,68.2,22.87,90.06,111.89,68.34,39.6647646219686,40.99,15.86,60.68,91.88,27.36,42.68,59.4,12.06,65.58,69.72,29.77,67.73,65.395,96.5,67.62
1484,12/28/2022,89.38,95.36,28.32,115.07,63.63,30.52,61.46,118.22,102.9,95.97,65.02,33.5,84.28,112.97,63.23,42.94,42.07,17.93,55.21,83.16,27.55,31.86,64.51,16.16,61.29,76.81,29.44,71.65,78.16,95.07,70.57
1485,12/29/2020,76.57,81.18,23.31,93.16,59.16,21.3,73.88,101.48085106383,89.86,70.76,62.18,12.46,85.19,96.74,53.96,29.8359486447932,29.71,13.57,50.48,75.33,22.34,35.55,38.13,11.96,57.08,79.07,27.3,60.07,63.195,90.31,65.42
1486,12/29/2021,88.91,88.58,23.78,104.83,65.19,27.95,78.42,119.38,104.76,85.1,68.44,22.8,90.61,112.49,68.51,40.4065620542083,41.18,15.83,61.11,91.99,27.7,42.89,58.77,11.99,65.97,69.87,29.79,68.07,65.725,96.92,67.96
1487,12/29/2022,90.01,96.01,28.81,114.49,64.18,30.48,61.64,119.18,103.84,96.49,64.4,33.87,85.08,114.09,63.52,43.13,42.25,18.15,56.03,84.08,27.84,32.4,65.95,16.34,61.83,77.13,29.66,72.19,77.94,95.41,71.07
1488,12/30/2019,76.56,94.03,20.04,110.47,62.59,26.91,82.08,109.804255319149,90.79,90.19,74.71,10.64,84.41,119.28,64.23,32.3680456490728,48.49,21.03,54.38,60.3225,27.52,39.23,75.42,10.8,58.67,89.25,35.67,63.34,75.525,92.17,63.29
1489,12/30/2020,76.97,81.51,22.78,93.51,59.91,21.42,74.06,101.83829787234,90.56,71.02,61.63,12.98,85.33,98.64,54.07,29.90727532097,30.11,13.57,50.76,75.91,22.55,36.36,38.12,12.34,57.36,79.11,27.59,60.61,62.91,90.55,65.65
1490,12/30/2021,89.06,88.69,24.17,104.49,65.1,27.83,78.47,119.32,104.79,85.18,67.63,22.04,91.14,111.64,68.43,40.9058487874465,41.36,15.8,61.45,92.77,27.55,42.91,58.48,12.07,66.32,70.5,29.95,68.36,65.885,97.12,68.23
1491,12/30/2022,88.92,94.95,28.76,112.07,63.33,29.99,61.32,117.53,102.99,95.31,63.62,33.83,83.84,112.5,62.93,43.23,41.94,18.08,55.21,83.6,27.42,31.82,65.7,16.26,61.27,76.04,29.22,71.41,77.27,93.76,70.11
1492,12/31/2018,65.23,74.74,14.46,92.72,49.65,28.23,71.46,93.8723404255319,86.3,76.46,56.77,18.89,65.04,86.07,56.77,32.1683309557775,37.55,15.38,42.25,43.455,25.35,39.6,53.95,23.75,52.05,85.2,28.33,43.92,54.095,69.26,49.27
1493,12/31/2019,76.8,94.51,19.9,111.86,62.84,27.27,82.82,110.527659574468,91.21,90.47,75.41,10.9,85.07,119.8,65.09,32.5178316690442,48.6,21.17,54.72,60.54,27.84,39.75,75.67,10.87,59.05,89.93,35.88,63.7,75.74,92.23,63.49
1494,12/31/2020,78.06,83.27,23.5,95.43,61.01,21.64,75.2,103.327659574468,91.56,72.27,62.82,12.71,86.51,99.84,55.51,30.114122681883,30.61,13.67,51.53,77.15,22.94,37.55,38.38,12.46,58.3,79.95,28.2,61.43,63.705,92.03,66.67
1495,12/31/2021,89.01,88.97,24.3,104.77,65.05,27.91,78.56,119.54,104.9,85.32,68.25,21.81,90.98,112.65,68.61,41.1982881597718,41.59,15.86,61.47,93.36,27.61,43.08,58.76,12.14,66.73,70.59,30.06,68.58,66.14,97.07,67.7
