Date,MO,ADM,BF.B,BG,CPB,CHD,CLX,KO,CL,CAG,STZ,COST,DG,DLTR,EL,GIS,HSY,HRL,K,KVUE,KDP,KMB,KHC,KR,LW,MKC,TAP,MDLZ,MNST,PEP,PM,PG,SJM,SYY,TGT,TSN,WBA,WMT
2018-04-09 00:00:00,0.0015661604634256143,0.019625666455614255,,-0.005952938401507901,-0.02927033860070949,-0.011111110190808349,-0.023188953277921365,0.013433781618896745,-0.0005581979865447728,0.0016327559350093335,-0.01452536854769404,0.026907859879909957,0.01379376661324705,-0.016106198821153495,-0.009584011230002631,-0.014735022760518302,-0.0292368160022628,0.0031491401358689775,-0.018368662466432872,,0.018634137285078456,-0.025414465239767092,0.0062767426629399825,-0.0016831018460183866,0.03787614918590587,0.020394037226669548,-0.002460293359256349,0.014705802360242437,0.013409619093647684,-0.00036583750645946544,0.008216277227247604,-0.0007652975285551422,-0.008794820800926417,0.01770670013362552,-0.010651496399708416,0.0008557244006421882,0.005514411508489081,-0.007728488671650657
2018-04-16 00:00:00,-0.10508210819443875,0.006637021187102965,,-0.018765117505345597,-0.04147947351298642,-0.06353413255675244,-0.08484023446124012,-0.01729930425516224,-0.056983491191863966,-0.01005444669011335,0.01648129900391626,0.024614688264754436,0.0036878004303486644,0.004427059789303689,-0.0005375008675061466,-0.020470935129609402,-0.036264615457621496,0.017150086623957117,-0.044243812019291395,,-0.004055942179791994,-0.054894232983633384,-0.04432020735549558,0.016435253686806428,0.019338820233790743,-0.024196915192196133,-0.03562630002448586,-0.04704194590691668,-0.0031757287262990097,-0.062053848614893936,-0.17260660086344737,-0.058313010418832856,-0.06455045347741795,0.012082110614468178,-0.016778266545098397,-0.013823597888219408,0.0015667420594351888,0.011160291083272211
2018-04-23 00:00:00,-0.019220665971864115,0.012087776747420786,,-0.014105308138715467,0.04261648248156247,0.020505824896419167,0.029857190467581285,-0.009830953929041208,-0.008142095843672759,0.024979577075790793,0.029176428511208163,0.015602604458177183,0.020967373873937767,-0.0020499892706749012,6.737315753424511e-05,0.025570198848868353,0.009731723409563076,0.028773356966095287,-0.0004975242306656247,,-0.002992036301162293,0.044786814296627675,-0.009618751049128349,0.05804312189282501,0.01881871544743463,0.03341759077728779,0.02728066398209439,-0.004487795759371083,-0.0054867499697525135,-0.007513676883307507,-0.020292021535278315,-0.004285338446808895,0.010964081594846187,0.03646774200066627,0.035978110848778444,0.031069604033541864,0.04990607852588003,0.003564092209912717
2018-04-30 00:00:00,0.0023162885031065006,-0.04755695025951756,,-0.030265693998249188,-0.02519004132303082,0.012184948925038297,0.02530986655353873,-0.02193509748638911,-0.043106299831125794,-0.005586140006083373,-0.05524695211783892,-0.0070708305061860655,-0.028568232024056783,-0.03851684445861936,-0.08740122076283441,-0.04447451003401637,-0.017134353871080532,-0.019194369442395387,-0.007304102291239234,,-0.010420208035718748,-0.0074634044952774925,0.006070019771623247,-0.05407539074347145,-0.022525903368103672,-0.03271184341858102,-0.16348569622435838,-0.025795237237290713,-0.0610428971170216,-0.026742669745359104,-0.008357681930964311,-0.005218713520381391,-0.02470281011946751,-0.01719802086499911,-0.024708288698276903,-0.06138773672848408,-0.049172771072673704,0.0027492857115241076
2018-05-07 00:00:00,-0.019018984150654727,0.0027360806467386922,,0.00964674703892876,-0.008288482106456052,0.002322986771496005,0.002078364432546387,-0.005193232959977645,-0.0156960324583324,0.025189828551904103,-0.004745357009638296,0.002920233332934563,-0.020198891784905637,0.0029911203661066033,0.03278326643437768,0.0028211404596885092,0.007409291642062721,0.013698948186831705,0.026588561839680613,,0.005475497007041863,0.011279333343884312,0.021203272202864554,0.017812968340097823,0.046748951348207335,0.03701561779872864,0.003968362936355163,0.008483346633063826,-0.06614855903710559,-0.01575931140771225,-0.008183559486682368,0.012977801089682828,-0.002559432077345769,0.0085087513970723,-0.011259606882317419,0.01911301710595481,0.004387962030832915,-0.04741245858557275
2018-05-14 00:00:00,0.0063415798788371,0.023646983265001476,,-0.02121687114355364,-0.15511341644106758,-0.028234361946043562,-0.026630159594799974,0.0009490053674963139,-0.007813592917774614,-0.01136078763358328,0.00367164444120216,0.019310219125926453,0.033219322093885895,-0.008414111414026038,0.03780622577118886,-0.01969101170421439,-0.010490956935223839,-0.009927941783796856,-0.01954738207017981,,0.0009216955967321638,-0.011725679385511723,-0.0413570457386907,0.013023855509195048,-0.01678187304037404,-0.03803023822510332,-0.007905210222012737,0.010706162535996544,0.004059280720139169,0.0008212783724754757,-0.005541883348757604,0.0010905594434789112,-0.03835593755535527,0.011461338984997571,0.08099644117418325,-0.004981472274957821,0.0039005442524457923,0.009437868529186044
2018-05-21 00:00:00,0.0016205703721081655,-0.0029185846769010926,,0.010595747611906292,0.006692031836085688,0.03293196439586765,0.044745685078890096,0.005215719233241156,0.02458998931604306,-0.00026701443937571234,-0.01584209328044628,-0.0030156839813055836,-0.0011370590385494372,0.02234158824001331,0.0366344931042053,0.01960795428022699,0.005901990198982299,-0.0011144856525254765,0.08373523160618923,,0.007449509812164745,0.017266352853351874,0.028093958979648503,-0.006193470149156832,-0.020362142274668593,0.004759755262934373,0.019754430447517013,-0.0017654956082024942,0.003840683687500457,0.028714684058513296,-0.005077576661678629,0.011708447605825123,0.01667589346435716,0.02329230195025289,-0.05424246341877059,0.024738376621179947,-0.006544606053486168,-0.014107743560966224
2018-05-28 00:00:00,0.0016178425831654408,-0.016385941451094066,,-0.0007149449769258132,-0.03815020335294206,-0.002108806606348934,-0.017458174674577887,0.016981018930162683,-0.016627438556591545,-0.012563667460934513,0.02739756651225922,-0.006200763307275259,-0.07617444632156944,-0.1460390994044054,-0.016045364062979517,-0.0009378841425309314,-0.014933047796548693,-0.0019522259623853122,-0.021462515020211237,,-0.0036555945028654557,-0.04352350827213758,-0.0020771944663259267,-0.007720440403440665,-0.020174328808002184,-0.028325565329907487,0.00293015527604501,-0.0005053821001115288,0.037051956468819425,-0.0005978472287808678,-0.026885664994600766,-0.01157294636961137,-0.03225799569449195,0.0059983582040421535,0.022328599046136155,-0.021554807082072025,-0.01054617328063523,0.006427107424437084
2018-06-04 00:00:00,0.03571407070444099,0.02350506573300959,,-0.010301811286256735,0.023136867510662906,0.01838538007988877,0.05239138084213968,0.01924880647452043,0.010368565116253947,0.021656737878443133,0.02033642762663601,0.03363247846181405,0.06318592053428729,0.016609233444833116,0.03395131375747917,0.007277062229814613,0.019553354040085624,0.011735185538086501,0.006897502490747165,,0.005003323226094647,0.023792830483231997,0.0142236933302331,0.03849292618717115,0.024489132979087502,0.02954913453615271,0.03855755150788909,0.005561136581281989,0.07728154450944325,0.03174639854236916,0.01586085355894662,0.050782649310488814,-0.03465168723771783,0.011313131803794452,0.07170283157274349,0.043505290713190314,0.008590532210568602,0.01650813227721648
2018-06-11 00:00:00,0.0013864774193652618,0.02631007495042126,,0.013155972951902184,0.08957419524798094,0.04295479665085855,0.016568124042186216,0.003867872807302719,0.021945138599100078,0.020137755042680006,0.025255211624511276,0.017471473639396162,0.0256059666400017,0.06523054058827871,0.03253806720025687,0.05872735428214226,0.024300082401153444,0.006352065978205257,0.05258218967363759,,0.008131403118782687,0.011687932489921282,0.053702726793766864,0.02050492066360876,-0.011419002325530059,0.028217952810509317,0.0681244953139315,0.02614392844252378,0.017123301564129,0.049956081560103005,0.03097445558452483,0.002591267102088679,0.0313110456210175,0.011186776722773129,-0.009869188919426786,0.014982246132352772,0.03785492354964215,-0.00782344887903852
2018-06-18 00:00:00,-0.001149521036296064,0.010862487187722314,,0.02054788961509524,0.04043142726937399,0.007362008722029412,0.0004652982747648249,-0.010988318472385905,-0.001545233164502835,0.0012988682394223794,-0.006437214178554029,0.01823275731825369,0.028973390549953404,-0.011701872512829836,-0.03227208630916767,-0.004622215856191381,-0.014149202701633001,-0.004665016286521828,0.00507023373802995,,0.007160355204590241,-0.023878508800548315,0.0259698962562267,0.14721781236267373,0.0454332715588035,-0.0029134066673818237,0.016644411881888033,0.011759018358372009,0.007620065618471061,0.007062885352138615,-0.020639607296813578,0.0006465696212294425,-0.0001892448618997511,0.013454817672881259,-0.015663019263752243,-0.03383912691161428,0.027507649228368125,0.013380903736147198
2018-06-25 00:00:00,-0.0040334592994981655,-0.01504400908048631,,-0.025307397161361322,0.05025897042857519,0.0499704254050366,0.0491818065196159,0.01410394694204542,0.002785319505548056,-0.07315174506342415,-0.054638797527468475,-0.010042679483498018,-0.015476943228225792,-0.02287616867040232,-0.06695898816395207,-0.021229587409581474,0.004208576714538115,0.025916593337143246,0.03664673794275686,,-0.0030235625545814715,0.04327999971624452,-0.0061699048976088244,-0.04176481852352265,0.0092812704701839,0.09425945121147472,-0.014198571502719748,-0.007263969325331243,0.007738280372597828,0.004613779837834064,0.021097641378206466,0.008136208261249278,0.01674392930340951,0.007375682238563996,0.0010515255551566405,-0.007639012865049755,-0.11226147585665935,0.009785263517493537
2018-07-02 00:00:00,0.02641312853085087,0.01920138320492959,,0.001004043891191131,0.0337938993041742,0.028216591212840036,0.0014048683931870976,0.01778400871559671,0.014966763325247046,0.0,-0.017773124728100442,0.0030624914488848187,0.0003044791815127734,-0.004352973489200385,-0.001892293915759291,0.017622798331635714,0.026756824699026405,-0.0016126432153226178,0.02805203613063556,,0.0075408268880226,0.01433443356130315,0.025628711721640496,0.02354984128778237,0.02452205769281668,0.028340288643062816,0.03791868355836847,0.03850039453609844,0.01989527757115761,0.006337527312578528,0.018825976192115457,0.01601281151392131,0.03963533052831236,0.01596169116575119,0.008802131597229979,-0.026724800936678506,0.05464840488450817,-0.013309928450128683
2018-07-09 00:00:00,0.0036024026921928076,0.018411458281573978,,-0.018773510797637782,-0.02052055703208311,0.022502589336592216,-0.007235522411811135,0.002240232351379934,-0.0004559052523095408,0.009515639259425557,0.0024187754966360497,0.033012184437889225,0.008820978189842288,0.025050251865586626,-0.013551211608513247,-0.0028864237158562345,-0.01632618238371797,0.011574766640384926,-0.009188398453186752,,-0.8027171509398334,-0.011511304053828164,-0.00900204640691915,-0.0367442559676876,0.009403007789647422,0.002402317470200588,-0.03568364733874607,0.011334610228511233,0.04739905069911643,0.028568845404728815,0.005105606781874883,0.0,-0.006085431028598487,0.024985388187625857,0.012110916283470052,-0.010595621637453312,0.029541968043727218,0.03774697000782967
2018-07-16 00:00:00,-0.014700627245842202,-0.009459832328909568,,-0.00642589212515543,-0.0051860926607982805,-0.016281826547316025,-0.019782919650162656,0.012069383861864402,0.0030415283174145546,0.002217776257512849,0.0021345230841220975,0.009928767396247595,-0.010457334802112972,-0.003573458888688763,0.004199458018960156,-0.023893882794247534,-0.022024003989671637,-0.0037950240448088035,-0.013629295304291245,,5.292904876399777,-0.00889994923381665,-0.04949082875151456,0.003208427816870474,-0.006069301596325571,-0.010995358550907164,-0.07709269727827472,-0.008872551538730455,0.006044808889335451,0.02946143991663086,0.01971461438141131,-0.007943015852022617,-0.0143166016178633,0.003675529265664945,0.000514678609245367,-0.03288064279579539,-0.0029154642382124285,0.004105052400866338
2018-07-23 00:00:00,0.004510793479082009,0.010399455154941561,,-0.00029415301052637677,0.010864103437461026,0.006911844458521665,0.0069801296805458435,0.020539300022913487,0.017277033980134915,0.03153529139213784,-0.009307339759800692,0.004389733723086042,-0.007538090997937896,0.017931459724494392,-0.03040819225227631,0.03736165560109406,0.055156787878149816,-0.016107451206216927,0.017093988357159473,,-0.01668703872686661,0.03209795685486916,-0.007085205781745096,0.019900626758401208,-0.008804259017969551,-0.0007640196831227852,0.022752813152019824,0.010600813050945845,-0.015427098647151527,-0.014912653369946627,0.013758679247643402,0.033443526763358156,0.00502396490899315,0.006760576721184908,0.030478515930620675,-0.008733770675812824,0.05632485449519353,0.000795012765905545
2018-07-30 00:00:00,0.03160605520253745,0.04914913107044705,,-0.028231134368846833,0.04445515712894865,0.032694781693098474,0.0780591246988962,0.008872369532675561,0.012601208648100437,0.008313419375532316,0.0002805877575131621,0.01083535708125205,0.008211045566611341,0.026025695773658652,-0.013158998828781798,0.05024446210415756,0.0223735364760298,0.010095212639068318,0.01050426344468769,,-0.004966732992714995,0.08015540297670687,0.07003009354074896,0.042857022275495815,0.03381106385846566,0.03210469746302924,0.0765398760193885,0.020046561937517415,-0.022596119453187735,0.017676103535259724,0.016029422348963873,0.021717046394098993,0.0565351820883091,-0.04071058002448036,0.016472914099781244,-0.09140968988014941,-0.02068738051594199,0.016679722425124943
2018-08-06 00:00:00,-0.011384553963683097,-0.001601616343850476,,-0.04085323947213737,-0.03297453976782472,-0.0250131010501613,-0.013020347009807698,-0.01158296616103549,-0.030666717156579315,-0.019666421752289387,-0.0033177209833910037,-0.007746492845598918,0.04173886809498706,0.023814815628596886,-0.016741693806270774,-0.043607181218889624,-0.014723703234764018,0.0018910732115156037,-0.010672230081949174,,-0.014143221035841314,-0.05664109866800793,-0.07490710896282016,0.007016497604546368,-0.012121050243540377,-0.0042790168053163935,-0.05404621843162838,-0.04159068963133272,0.02429973814027253,-0.029492732224930318,-0.049286306506792554,-0.01093138178085351,-0.046541499955378374,-0.0013125177652755227,0.015469933815939418,0.04207808555039305,-0.010860173341944779,0.006473215371848973
2018-08-13 00:00:00,0.03302289082387255,0.013635311941236683,,-0.005521520406360447,0.016687123562292072,0.0252961903349862,0.05220728003057018,0.011284520796161601,0.031636917559069166,0.022646726454049304,-0.04061733768296494,0.024374617146092126,0.03957785075452791,0.034404417339352955,0.024184296564510266,0.04493109245681337,0.03868978415634339,0.04179024154415378,0.031521407549699454,,-0.002953752388328512,0.08602070981238708,0.02296708510995349,0.04014588883377268,-0.07736677281192128,0.04462798746043539,0.04735712435212491,0.018359794049413125,0.02421741989340087,0.01851684938016418,0.03015972216409879,0.027753858716424773,0.0339258294014646,0.09272789534366277,0.003989767264103605,0.03688908672163449,0.05263971733405892,0.09135437166210059
2018-08-20 00:00:00,-0.036393488054896284,0.009740864834524743,,0.018083672628654623,-0.03235018826470182,-0.010488576408747452,-0.01260758185752131,-0.020815492890344345,-0.009185355957093022,-0.016809040358866323,0.017996060156140192,0.02481389522913169,0.015322447841921827,-0.02248720334853893,-0.0025748133165474085,-0.02605335359410965,-0.01685067870859558,-0.017598207070463667,-0.016026157583206246,,-0.010156357513129266,-0.02693194301808921,-0.02227065610428214,-0.00010141129927021542,0.021954537648599004,-0.016930311980398183,-0.0077303883726852485,-0.007492409018618362,-0.024449037925590056,-0.024443218759597762,-0.06302165850070729,-0.003943358014635079,-0.07627970143286078,0.012695466491458696,0.05968546714870815,0.011538627163290238,-0.004855269360492964,-0.02963720588995744
2018-08-27 00:00:00,-0.004423211237116531,-0.005917276613258804,,0.020459980653435128,-0.030236200063366248,0.004438087606205343,-0.004736685848142241,-0.023230384193019815,-0.007027278152059835,-0.0027137303289569426,0.002890219311083353,0.00799896406288969,-0.002592441323931216,-0.1385619203413162,0.03340976731666068,0.00065221925525627,0.01482997060080149,0.03134876606184789,-0.009109629761173688,,-0.02522451358578126,-0.006876476867043735,-0.012874805370416187,0.00961569631354764,0.008503716385235505,0.0049894951091238315,-0.018962289448927305,0.007784762906968501,0.003957095758144735,-0.0012483867538002347,-0.02258762376179524,-0.004918427725278507,-0.015897226530926623,-0.012668503833558553,0.0021762258207731477,-0.004911204876048791,-0.009391592830406581,0.009583841028601991
2018-09-03 00:00:00,0.0411825104341319,-0.021627004249407777,,-0.019698518120639164,0.019518468056859195,0.03729219297318509,0.039729692117053794,0.02580237780896044,0.009034663024610978,-0.011428397119397693,0.01690692446189135,0.038302411311318396,0.02868279525435158,0.021487960273703033,-0.006946246122038757,0.03347122298384231,0.031038485970253937,0.05466168702632346,0.04068844847545461,,0.003508820381291411,-0.0006059443265601372,-0.028831337463297357,0.02761886414550796,-0.011390714370222765,0.045803953110563844,-0.038505780973961734,-0.004681571604224,-0.009032669446110253,0.006517268408910981,0.009115654934516382,-0.01253744885583341,0.05948937577645741,-0.0016039551005220254,0.014171375127812302,0.012138019624755803,-0.005396807222888933,-0.00031279098605419
2018-09-10 00:00:00,0.01870996642033318,0.014804246414886757,,0.009890310545738856,0.026603665323456482,0.014653278178514029,0.00424581305603855,0.005905339878254701,0.014624797115770916,0.05284865997840904,0.0015585817925691803,-0.02518029818415435,-0.017235116834261377,0.028331735062959718,0.015565084105999327,0.004205948273053206,0.022481673150889225,0.01477355058280927,0.0101224231572552,,0.0694929618456559,0.017204333570057795,0.04205689543660274,-0.14118017205272404,0.017656768894223962,0.012940106165675314,-0.010034484318782289,0.03010355595641112,-0.013423953782609965,0.024637822386799124,0.00928773353271195,0.020754309315150765,0.014151689281312274,-0.015528437224903935,-0.009014997558954185,0.002054708850518505,0.03064949513196602,-0.01293961123320575
2018-09-17 00:00:00,0.02060541464970278,0.005595512287345894,,0.03730751340589289,-0.030031642896821364,0.008228357801095543,0.007200316485163949,0.021444223051615863,0.016178962677876996,-0.02091487865889108,0.023060687611690556,-0.0026342597584558813,-0.00596820014577959,0.005912262052788053,0.018519988893094697,-0.06890033480855529,-0.019533891414719395,-0.0451074283942694,-0.022313967974739057,,-0.02738039215686272,0.0023185552279918475,-0.031371747861500654,0.07733827872426535,-0.014850905644599122,-0.015647143902891236,0.02597399749789875,0.0031963239958514578,0.00537543593794787,0.002967855321692303,0.055716445948217785,0.026432305800957012,-0.00828272468325808,-0.007751005579095582,-0.007164097260958235,-0.034069382019199956,0.03870255438446746,0.01384932504005354
2018-09-24 00:00:00,-0.035811375302464366,-0.0009936168885200658,,0.029671998991082082,-0.08539329521186112,-0.011159254630528026,-0.013510974247222918,-0.008372965905856344,-0.030974340850997595,-0.09292391001022249,-0.0060847729836505104,0.0005113755618280091,0.009606587510460729,-0.04137764964962809,0.012400791706237646,-0.03463821705725356,-0.018286716436558437,-0.01524629356571161,-0.04305039199430072,,-0.02647062314523929,-0.026388063380336613,-0.035189145244955755,-0.028046608247720872,-0.005969970905941868,0.011749262841652008,-0.050632656929359476,-0.022303275077752982,-0.026232242854660748,-0.02706483511053237,-0.0263878545184969,-0.030179335262116025,-0.06853647228330373,0.0038371654354076856,0.010308203335518407,-0.027923094734446097,-0.001370109874325287,-0.020750936177717727
2018-10-01 00:00:00,0.029182509415232483,0.015914119086539058,,0.00320189700713458,0.016380108044418362,-0.0030318837023121104,-0.0055180486124615236,-0.006711378703073256,-0.03345778021660162,-0.01118628701540858,0.03506176497999447,-0.06837534120517952,-0.050686353423867625,-0.011158842771983979,-0.04823862174228499,0.013280816346292523,0.023431479574716807,0.007614300353498971,-0.009140451601495792,,-0.039274894947718186,-0.0016719175297376099,0.014153578519362053,-0.00137436712226513,0.12162195626544947,0.030360724724402433,0.006341298800589756,-0.006596506060903451,-0.03586136232608039,-0.04749545859872717,0.046006764021441215,-0.012976060995756988,0.003313212454773229,-0.016655349114860774,-0.04183197512068115,0.03393253791732542,-0.005349730349336168,-0.006389180529611682
2018-10-08 00:00:00,-0.03238277091435837,-0.043861447264560316,,-0.0249531215654184,-0.003491874802928563,-0.052711461601452125,-0.03168894196265748,-0.026154760501827967,-0.033534185803687944,0.052098927232270054,0.011246499457057135,0.03715390319857392,0.012448589286526035,0.006200396872326763,-0.08668913776003873,-0.008967580236480699,-0.00938795314476637,-0.00025225511652426924,-0.020610916171837412,,0.0418859295404137,-0.0379901431691283,-0.029522377490330265,-0.07395925672639969,-0.023293662315273078,-0.01782046788560765,-0.04136380791587069,-0.030645961499294216,-0.05161056739736558,-0.011362571005150479,-0.021284149234045757,-0.03761421151930311,0.0020400798739752535,-0.039804182599415205,0.00106459153403482,-0.020471164137142783,0.013653589616192674,0.016075527625374342
2018-10-15 00:00:00,0.03146877541010751,0.014540504831277223,,0.0032733580864892087,0.031947169471888026,0.07597650493721853,0.05336933583715453,0.03692881930019354,0.03165967004620951,0.014148213973535384,-0.012228977507420247,0.011985128966416347,0.045723236790026434,0.04153318673813011,-0.006887306278402616,0.04494527403835025,0.030654691733264405,0.05139881035855365,0.047388041788986035,,0.04513897638025899,0.009987151106837455,0.06120954857222216,0.023774123592691376,0.04947933207601296,0.058951808550476104,0.009607253235918822,0.016537266384170524,-0.022142996526614,0.04758735379329648,0.07921242548631824,0.10422486471388237,0.01764241435698466,0.03312986265110118,-0.030610896403079013,0.03549522641980696,0.05238056970435778,0.024680995180912824
2018-10-22 00:00:00,0.0184019179763959,-0.062172284909784326,,-0.032626516040100584,-0.03163703254643824,-0.03812385007215002,-0.031133147750035173,-0.008849548078770919,-0.07042189684674038,-0.005844723804728558,-0.05817965918154533,-0.049984980767452614,-0.015700412896847427,-0.014554529947246042,0.0013551411870262875,-0.02290092622063722,-0.03809367851637424,-0.008888432428173054,-0.02824270651690175,,0.0008304790712156951,-0.07184976750413197,-0.05055606481202335,0.0007256766510885804,0.005746666126324573,-0.016068113497700987,-0.07011679535828985,-0.040430643615263495,-0.020341611223862577,0.0014505909913320458,0.0019138913819061187,0.015307385460020084,0.0036197952514205323,-0.01828406481183298,-0.0009753818434210526,-0.03139547393315001,-0.014479402947170095,0.018425414644334115
2018-10-29 00:00:00,0.009192874682815377,0.03314696500721537,,-0.04185188946305862,0.004083913734391098,0.13837676737730709,0.04316028329616928,0.045296321392207295,0.011916832604607741,-0.011857919145057072,-0.041150724404410255,0.05486065536737006,0.039785042598420084,0.02245440410653443,0.13922951586949228,-0.031020142161155895,0.03238416094753771,0.049307769255797496,-0.08906874719706481,,0.10580910742246452,0.030984184884963017,-0.07172915617701625,0.09390856621366872,-0.0003897211753863816,0.03663546267041062,0.133213607904892,0.046621290145317795,0.05974533364628054,0.006519006255775617,-0.0028086550367909524,0.022194331971835846,0.0031319029650400676,0.021346850748455104,0.030144158207533245,0.01802579257041992,0.040272998994851816,0.024256764407730058
2018-11-05 00:00:00,-0.003926427690055578,0.005416701011442537,,0.012320027185150906,0.056670369940957865,-0.007720062266586503,0.036279834466664385,0.03499996629180657,0.058218754675563034,-0.01742846335134307,0.008990669670434936,0.032933636829235,0.035497513359967314,0.014445046453290367,-0.02012433220533505,0.07446047361835073,0.025888367439587556,0.042129650046077494,0.03190506793904646,,0.07016889640575652,0.03763747873257173,0.06426185163527842,0.040437590854163874,0.06808147406529108,0.048375789251329016,0.02186296716867342,0.055264702801713694,0.05064698254617306,0.05675983259170647,0.0048448579866444685,0.02895030417603195,0.06802913960572932,-0.06284206525633174,0.02997259336337188,0.008446994044059242,0.038965836224203576,0.04164203084092799
2018-11-12 00:00:00,-0.10469857226874646,-0.038955573559749435,,-0.07681374688982112,-0.008211538167732235,-0.0022882940407609187,0.020469784798980983,0.009862948958592188,-0.008777507918428795,-0.03838335782538216,-0.028922062403445192,-0.025956417513142593,-0.04031004219884948,-0.02523732778990706,0.027026955757969207,-0.024939323207539776,0.005249281565998132,0.019324833128155472,-0.05045419693503539,,-0.02840115997173609,0.016628552738795932,-0.03537689981504211,-0.03663587331051987,0.007681209594379901,-0.0026594698849844445,0.0037210363684938574,-0.000677073639698822,-0.018824765868258098,0.0074055881949746105,-0.031957736807027404,0.01525786854778155,0.0015948354692547628,-0.006286457373068544,-0.0835057268629501,-0.029961398962581764,0.006987177952827661,-0.07455467113015546
2018-11-19 00:00:00,-0.05389239898814524,-0.025442180954219573,,-0.006994297120526682,0.04864144099482681,0.011621617354491187,0.0049995774868139,-0.022921934576125458,-0.023086777122716673,0.0036286148330550994,-0.018775770677926462,-0.047441835563821755,-0.049901307833551845,-0.014132955524252644,-0.02714928641318881,-0.018333999864566852,-0.026935334091060747,-0.004794318516162965,0.00016223899166889488,,-0.04222303930057547,0.013929829080235434,-0.008193496116625676,-0.013787884400649819,-0.018148933792163424,-0.03213346024369901,-0.009885687982509439,-0.010842746789134106,0.027792706192183214,-0.02484147960700156,-0.026410270865291352,-0.0243018308881775,-0.013425512180384791,-0.022442963260933646,-0.1547440726991437,-0.022085684432938346,-0.020722284378008493,-0.02651258483174701
2018-11-26 00:00:00,0.020662618939775834,0.025666967609947244,,-0.0076507308807401975,-0.03281497335344219,0.0037913345979512236,0.017133881618404123,0.028151867593583235,0.028164659778210366,-0.025609908008023763,0.0151421049538496,0.05098593326681233,0.048460163122364674,0.04529568015990759,0.01820013829484246,-0.02444075123314482,0.026518398977255275,-0.012699489888953641,0.030936078446081705,,0.017332317794217955,0.022602557051905725,0.00156724066320435,-0.0010103156511995781,-0.05483689108040757,0.03320030078918723,0.02605307077261676,0.02717520839482579,0.04117237653378192,0.056580513217918904,0.029506239479776708,0.03244463610525883,-0.05600233441542546,0.03852067782501467,0.06234081488131982,0.0010187286838869714,0.04776637022284791,0.02681381984692144
2018-12-03 00:00:00,-0.01185484700871875,-0.03389835324766943,,0.04205362508537158,-0.036479675081130813,0.00936672460052046,-0.019019168875401005,-0.01828999407966425,-0.012751960868141232,-0.04638236015489883,-0.03652429075424246,-0.027758554507448907,-0.07469131742616564,-0.03895352522971496,-0.035876412928955714,-0.09052238700914828,-0.010711168136286475,-0.01663358104854784,-0.035048743708252394,,-0.025926110177379447,-0.016208447284490224,-0.04714368113419598,-0.01652073141446364,-0.04237262910650419,0.0025998114114929027,-0.030459682029307933,-0.02623356164324775,-0.03803620050529399,-0.05018849335138953,-0.02276675947968665,-0.021796497069744625,-0.060663973315453146,-0.035311614123193946,-0.04439124327740562,-0.04016432511287715,-0.041100841001825206,-0.04567325791293575
2018-12-10 00:00:00,-0.02676287489388407,0.0033736921427973687,,-0.010761650601652129,0.03680181669960936,0.028738347257576402,0.012617688139050287,0.005092658238794456,0.039228083713206185,-0.03080399340452633,-0.03891633762006108,-0.07916037704588574,0.022200465501964528,0.029619873351500958,-0.014148367383675975,-0.028586201575411252,0.006813622705465372,0.005187412680843995,-0.007889724352233451,,-0.014448404582697028,0.04381455847862248,-0.02566217353516065,0.013027066292116363,0.03240309705376809,0.007846451444522007,-0.021618930101070077,-0.005708189874441771,-0.08221566335565655,-0.008333567889253657,-0.024361376431399795,0.04532166864662135,0.03809728271923429,0.0066134317344759275,-0.009438109433945074,-0.016189211105533508,-0.030176241876619825,-0.009000669982888176
2018-12-17 00:00:00,-0.06903073764714351,-0.08540687935940072,,-0.09314988250622191,-0.08707872804087513,-0.05572514997925526,-0.06084361307596442,-0.035873770758635515,-0.08071201034727371,-0.2589493873869132,-0.1053126633211725,-0.06056203055911158,-0.049914387121838155,-0.027952498355672706,-0.06924093967458389,0.038255378050886746,-0.01816981351864566,-0.045546531507715926,-0.04506286341776855,,-0.030864319973340826,-0.012518938864162998,-0.07185017613286604,-0.07275812881584409,-0.029408033640895392,-0.08860603943583456,-0.10483879020883002,-0.06590106738009216,-0.08464602772283703,-0.03975435844767106,-0.19745452291911736,-0.05867145982335498,-0.05701146672026003,-0.06967154363200845,-0.08992103618294844,-0.06455680462810132,-0.14579618722162824,-0.0513878438468971
2018-12-24 00:00:00,-0.004074031806493239,-0.0004901776958250448,,-0.006560616026662025,-0.06461535103562077,0.013097090840145986,-0.008996113046333076,-0.007777714764318988,-0.0048404858660225925,-0.04379262517663918,0.0041928251961238505,0.03865931300991732,0.07349114050506333,0.05116228515817656,0.021777289000068478,-0.0012882074890356865,0.0036821088261695945,-0.003996271028688159,-0.006766229004560365,,0.011544547963971974,-0.023630943338903254,-0.010896600825120784,0.006569613051031764,0.0001362192533882478,0.006298305055311149,0.007927936637861732,-0.01941983151840654,0.016794554861682576,0.008590867524527201,0.03165533399859988,0.002308566892424757,-0.02278857184841443,0.02282797736233877,0.06265333004871954,0.011791892127994474,0.011745676893416324,0.05738518861208197
2018-12-31 00:00:00,0.04588479970469761,0.02280550999900277,,0.035660498932104545,-0.017942705142174997,-0.010494427142571094,-0.00039180133719474153,0.007838681795452329,-0.0016772144337602324,0.032105873629054704,0.02308734172747129,0.020787901788660745,0.01587763422116306,0.05881677687530873,0.01057871430676638,0.02734801691422395,-0.0020696055404290092,-0.015813138106972047,0.0008734918113051382,,0.005903212107840394,-0.011748030783116481,0.021115540318531023,0.002900445880589686,0.026762554608589006,-0.012815346392885396,0.06739374093978512,0.030475294710767376,0.015293637561138995,0.0010872888345796472,0.03389328895508603,0.014367248765685403,0.020977715127062257,-0.006904178563641006,0.02262939911950057,0.05387869348381624,0.02233633465497964,0.014219070147862611
2019-01-07 00:00:00,-0.027833145042226337,0.03476368363930704,,0.0151211699210545,0.06699168359634866,0.03212432980898883,0.0018947723885534007,-0.004834777929895395,0.043346638619612854,-0.011436577400581016,-0.044472336744285856,0.02070393960412731,0.06702208907576113,0.04726019397667969,-0.030634231002635293,0.049723482493504445,0.004807729814404693,0.020143982979927255,0.022338672247589564,,0.06264349266500147,0.04755091212063456,0.02517394313607646,0.02783795538023104,-0.0808417445729338,0.02524296549288163,0.06079364514746044,0.03403491133158787,0.0919863011074804,-0.020999359297355857,-0.0007188886431336305,-0.007784672584177477,0.06581143721751448,0.02568670771827941,0.047869750122261134,0.04840442707572978,0.030760367253399146,0.014982763486895978
2019-01-14 00:00:00,-0.012065472944253641,0.025486412054365415,,-0.04827710812358055,0.023475119352141416,0.018019430789856017,0.006651202078323815,0.005703284880341997,0.008534621243307061,-0.0018507246675457667,0.03102835809393656,0.014631246302636347,-0.019184059087253846,-0.026932515934047108,0.01270449528505102,0.05250353102159511,0.014541783682272769,0.0355878314508975,0.014509691275262693,,-0.01222238951836141,-0.0028154808717989477,0.04209635866534556,0.035174229594262085,0.020296491786357285,-0.004852780135501722,0.004420648027291252,0.026758403998914382,0.022254973752819485,0.017659223506086175,0.061726616062408146,-0.0038135664385018364,0.025442615471670482,-0.0057106254277133894,0.015371432355081316,0.05412416328145908,0.010040357035541847,0.030472537275726186
2019-01-21 00:00:00,-0.08424752263358515,-0.01220056996398522,,0.004902839664238323,-0.03522101749256723,-0.06977779200250356,-0.043272474207326383,-0.005040889263030479,-0.012613646194655881,-0.02596195945944535,0.016143472900365996,-0.021162024294607007,0.005901423952206164,0.023874861814954462,0.004155377214324574,-0.00414077540920732,-0.03550969646717839,-0.05428830095395765,-0.02776355576451406,,-0.013873247578852999,-0.07486981137086723,-0.016410762779633825,-0.044512142043890424,0.0031040315960155773,-0.12966151892522604,0.012260487305374435,-0.014759934688623355,0.004857801982214971,-0.006541559455202739,-0.01436485461716086,0.03194365252707421,-0.03196848463465951,-0.010529610612917906,0.024193537124818976,-0.003936847227981488,-0.007455363231978485,-0.008083557494853011
2019-01-28 00:00:00,0.11211605168247551,0.026761201482311092,,0.031338099002382824,0.02248813068497313,0.01698371880968752,0.021042696537691752,0.028077019203026632,0.05900988839437327,0.01856248267812899,0.041666736415166605,0.005739585206956388,0.007355670582618545,-0.0023730471717317014,0.06754132221191189,0.0219447828694892,0.004602031176575094,0.013024678564464987,0.015922533910752268,,0.03460069457096204,0.03348140217908746,0.02160437685825034,-0.0017782502319884097,0.018284197696823545,0.014007731883004748,0.02484459775406811,0.06671322503856025,0.037600758212937624,0.025971871561796478,0.0412484149832717,0.041346273075153483,0.023560508607860298,0.024991913055443016,-0.016853454981095473,0.019762751185439686,-0.00013908452965438745,-0.031772093288179315
2019-02-04 00:00:00,-0.007317365404156506,-0.0697261994190802,,-0.03511653272922033,-0.020565719852149056,-0.02056587900277751,0.03870280103086876,0.016427030080313543,0.009838674159206917,0.04739467752612492,0.008460504960778215,-0.011984668794318476,0.011126520373309079,0.009928628195602807,0.13158274818453042,-0.006554793080102872,0.034739458093983266,0.022380794222820466,-0.0568994553106934,,0.020948251485768843,0.03534993124289221,-0.00628148214579316,-0.008550201177642935,-0.02189070034912144,0.0294981816397184,-0.01606052212396525,0.029186086272056766,-0.0010353990077837105,0.007398038141529284,0.05612009477898772,0.002462055575788158,-0.002118758638612328,0.04137158857313605,-0.004074313421777442,-0.04247428202263692,-0.024485277385443482,0.01832498145958228
2019-02-11 00:00:00,-0.0020474880812724194,0.0052683160647262195,,-0.013577249055328089,0.014581494244861215,0.02131364903319466,0.0039829371904012145,-0.08606052536706132,0.012026115770179091,0.10410070522581516,-0.0017692795699811859,0.0447880313418092,0.023039844471451243,0.012288755038310617,0.0019389940023379904,0.024800742181326996,0.008577802923478428,0.006055223280740707,0.025830986312097348,,0.016558611673158863,0.023770472048601388,0.0033712260455287524,0.06000729093072943,-0.015717941651788192,0.014049854822073993,-0.06205747243935178,0.02686550345328964,0.01433756848861023,0.025570745789636362,0.04351089059132529,0.007880698500352334,-0.002219827375867678,0.02024192031875227,0.02765219314067502,0.05599601347429295,0.047204523643471274,0.04613948196813289
2019-02-18 00:00:00,0.056626845057405006,0.020605525819234805,,-0.0008812906353212746,-0.05633801190546528,0.028195195221715208,0.021115808380610224,0.0008838489250151405,0.006317609559396198,-0.045714059712409716,-0.029346505017367797,-0.0008314671336255852,-0.005209989002594173,-0.017602406581979535,0.02561124102794876,0.034191991546509426,0.00795616245228814,-0.006713188453292274,-0.0010566455482334813,,-0.026912020552198546,0.005572541817300047,-0.2660646345275387,-0.028523963058248003,0.014243012772588104,0.05658938306140704,0.01674610228308837,-0.009136229971464571,-0.004768436447092905,0.00733325867180179,0.044212924774995166,0.017973159902091584,-0.01085381024957377,-0.0031094099318986768,-0.008100140507230624,0.011340168158725294,-0.034992867161369956,-0.004400361507719386
2019-02-25 00:00:00,0.0242721208905754,-0.0014120438314521033,,0.023758906286669657,0.10721913375235181,-0.01056120579893205,-0.01115418450971406,0.0022088035826166585,-0.013453156351121098,-0.005132473071553734,0.017035561043182712,0.014563820918942705,0.009460892878707883,-0.007723200445743261,-0.012957571424221825,0.01373943082683593,0.024922183062091152,0.011186050272188774,0.0019389137387304523,,-0.05385735057498031,-0.028715340850202664,-0.07296135236331736,-0.017531507266226543,0.006382575019706627,0.007145575524199144,-0.008396522702144082,-0.010268218547546337,0.10780286422151364,-0.004967512151375919,0.004130701815223237,-0.018054906660185943,0.03943959734949343,0.0037127209704299613,0.01849933265262127,-0.017846057401987747,-0.05423804750212535,-0.016273373147797532
2019-03-04 00:00:00,0.04966822199315146,-0.012020006650952153,,-0.05226429302577551,-0.009078427524968569,0.001067473577120115,0.00019006478720551279,-0.011899620656601662,-0.009848232295737946,-0.03396410592946508,-0.03344192391772305,0.03818815140959764,-0.0066108916367044745,0.06268161973089992,-0.0028673249365954723,-0.013977061605170094,-0.008821224821516038,-0.00921849121286955,-0.040112792575269896,,0.015384551120319445,0.0017287703406254629,-0.009259295787951927,-0.12669551724588002,-0.013248662423757107,0.002487276284401929,-0.025436469946259588,-0.013762489932477084,-0.06379359576298715,-0.00013412383435007502,-0.0006855029106488386,-0.0003048335092402654,-0.027793320787099618,-0.026634753630439767,0.03934751024567218,0.01566509959130391,-0.10073565073451574,-0.003471771296716608
2019-03-11 00:00:00,0.02492327475921874,0.030057569444573273,,0.052359162163728934,-0.0002775191117355691,0.026656475832890436,0.017994041511245396,0.010258564922663194,0.02830898049874042,0.027592705113290483,0.025633208155916076,0.025370919751389165,-0.04060305378159157,-0.024804696071077936,0.04293779766483863,0.020403947347092277,-0.004045284439577079,-0.010002558181360977,0.005232528385998636,,0.048484681289363785,0.04647523823302735,0.012007514952293796,-0.004495130023836724,-0.007141991654309732,0.0214523459905529,0.023044580662857195,0.026191433240823514,-0.0056096378347474385,0.003731457899970092,0.038879388728116915,0.04095128326201647,0.030149354046645316,0.0074491042651563255,0.011212229049581524,0.038865963701925965,0.045575882471782236,0.008504885305277377
2019-03-18 00:00:00,-0.014625647791476903,-0.012969044506699667,,-0.02194475149339803,0.061927430825630125,-0.00445111145401933,-0.015808633031435204,0.022758575476835352,-0.0178572746271064,0.14551733241532672,-0.005397351584345733,0.016952102842562766,0.03143393336258726,0.015722007663010906,-0.019908741493194437,0.0679854958980155,0.010921453842344997,0.0242012731795207,0.04551326822708779,,0.001083851133570013,0.015475360896428647,0.006232378195458965,-0.0008211130359895291,0.030931138431598226,0.01700096690547337,-0.02252549018726624,0.02782438878942539,-0.11216197253835725,0.043749247173783035,0.003522309012226277,-0.0076142661971614345,0.08259130227554712,-0.010713866759778923,0.021653878431975748,0.021312336402512067,-0.003512569136266297,0.0039506440318859415
2019-03-25 00:00:00,0.041640531125359814,0.011966116947125238,,0.02649914885698723,-0.0028765950751207248,0.06155009939527667,0.014734553641463144,0.02024830864674132,0.038485181891765974,0.048771106828342514,0.034212439539982986,0.01927920743524214,0.015578400779421742,0.03559105392379025,0.03793076217883118,0.019905491810993103,0.025267833794769823,0.026841161819040282,0.011279426765713474,,0.009382899087724272,0.015157894582577436,0.011149077595918433,0.010682199400186887,0.04577152149744301,0.058017634293464626,0.0033643438319022057,0.01607959805732806,0.019996328594368507,0.01515879050610014,-0.030492689577254817,0.023509802483316022,0.019247776405849182,0.018303932555183033,0.024770303661595605,0.042336112423876804,0.013779803224470921,-0.007631315924782833
2019-04-01 00:00:00,-0.04631729680637253,-0.004637035969403014,,0.003391530697095302,0.003409100619975902,0.015161853517490886,-0.030287760964900934,-0.008322678109217052,-0.009045932816681868,0.019827112260056845,0.10249214610456292,0.015404389951803266,0.027493600250929173,0.009044144516013208,-0.01238287384013148,-0.016811535221823104,0.009056861607934064,-0.06322633341656059,-0.010108093365472137,,-0.023596582224751694,-0.015980651281826574,0.01592644488141781,-0.028455393890906677,-0.04416853779035568,0.008364710590310187,0.016429013349172905,0.0004333805845668781,-0.03114695320461114,-0.007588682239563993,-0.02113468821617237,-0.0038442878873845565,0.0003433686800944358,0.0056919531471211204,0.008472434668218565,0.0053288225290808455,-0.1356092869115021,0.013329300812865208
2019-04-08 00:00:00,0.032681976763156095,0.010482036742461398,,-0.01126746857451244,0.040512388014724454,0.021850453206786025,-0.0007070181067437842,0.005810291080562413,0.012514738678989001,0.05160825143493586,-0.0143300259161393,-0.01594344160354899,-0.0016317182052878465,-0.014529681541334938,0.02458706440813696,0.013757814572179505,0.0020713524741322598,-0.018602432891167253,0.013556526506187438,,-0.02398897222947194,0.01033460660979979,-0.0030147633987109845,0.07405856578518843,-0.007259738752562805,0.01678301099051871,-0.010720768132579606,0.0022143527987066314,0.002647492186471423,0.005015586748167378,0.003861780605891152,0.01360328383135756,0.015445154490421942,0.03391886361740948,-0.002594364735391541,0.01489996745476807,-0.02267319464551787,0.027623014937639967
2019-04-15 00:00:00,-0.038720084853642533,-0.014292328349457373,,-0.028869868988044445,-0.001702582352680615,-0.0008118564038137599,-0.012927100913727951,0.015832065121836658,0.00843379245723308,0.025882468870577435,0.04340520321644026,0.01595371646117516,0.012203050297404205,0.04040211913834946,0.016774270127177582,0.012382318891373645,0.007320659133168483,-0.013484056777210873,0.015285536940160549,,0.0037723177691770804,0.0030036810721045804,-0.003326303668551356,0.004285077120517844,-0.04907867847256209,0.0033797536010400364,0.023674623669297512,0.006025158230974048,0.041116565189628584,0.03976104330576535,-0.014923228219532514,0.009423187801167021,0.01994242563621107,0.028691174366685557,0.0313389745932533,0.037408162448657745,0.022076487817654034,0.015951192127368508
2019-04-22 00:00:00,-0.029060036472620454,-0.043264743609444545,,-0.04224514926345824,-0.019040120759870716,0.0039279447335967,0.026583627927029507,0.01642800096753594,0.0345621394043254,0.015399636564382924,0.06720314598514632,-0.008095568899273098,0.013840520700649561,0.011686797587743714,0.01273965025996926,-0.012181059960757468,0.07019493528207166,-0.011141366608413583,0.016253332105120366,,0.07215316869529231,0.017725622455447176,0.003033971591328344,-0.03025598957483433,0.030612146474793267,-0.009975230027536752,0.03957671686798525,0.003992856483247653,0.08061595473612981,-0.005429098690318379,0.003195819983510262,0.005255359859500652,0.01731579518194537,-0.02662346989220521,-0.07374495868803932,0.009116925333575665,-0.03258264297540037,-0.015991339745938693
2019-04-29 00:00:00,0.018374733968311796,0.06746548852858125,,0.044517057272519756,-0.009575578188189882,0.002968150098952904,-0.053653103502430244,0.009531714092728016,0.009115996225858458,-0.03162316667535614,-0.003582088585751486,0.0032808839623206243,-0.004470699698403635,-0.010187399688106669,0.011188550052978918,0.0017617963233160783,-0.026683682989682378,-0.00650990490245551,-0.04932665113769763,,0.018226708353958676,0.013997046874466568,-0.014518869240676024,0.029600128731873454,-0.03716447794607647,-0.004448989170885431,-0.03854014278151496,0.02923031293960432,0.058005012505683684,0.010047316299134579,0.01108989937927185,0.002078018988002306,0.0061082031935124625,0.020550171917015136,-0.01530068196455392,0.012540491908250795,0.02327354062392306,0.005417126980731268
2019-05-06 00:00:00,-0.0306918748304279,-0.028394925708135843,,0.051026106061847765,0.012281427808463308,-0.011164778099668649,6.77091861320811e-05,-0.010878586374451493,-0.006254116803501741,-0.03636248256747543,-0.03864710379593195,0.009811280390031873,-0.022935051439420095,-0.04410956685553191,-0.05778812000115097,0.007033922029235917,0.041451135430157215,0.004536544129212228,0.03842756000475789,,0.012392120311689236,-0.0004703827888999923,0.0021484409562269047,0.003496415051478463,0.008092052042655729,0.02963966257019246,-0.04448431787757223,0.0021253681325674734,-0.001742998087271741,0.0026631576719085004,-0.013535631621532929,-0.0006599008202681222,0.027197553150958953,0.04920599945382076,-0.01711909413378765,0.06285787242923102,-0.012204497878518406,-0.0016654087509733184
2019-05-13 00:00:00,0.004605631947509181,-0.041244359731744895,,-0.02845960992756924,0.01006692018682842,0.005032967264732013,-0.007693153887782356,0.020958788577286835,0.006573321703832846,0.012534970583039318,0.011336839626596928,0.008099387917482659,-0.013542372726723206,-0.03489710988814887,0.01989645340159929,0.016685938887520013,0.015920530121861676,-0.001756114933424202,-0.027626408874014574,,-0.00510026541947739,0.011691558767833898,-0.003675552334318266,-0.06233055255447795,0.0026686717638537694,-0.010276139464213907,0.00034121999439928885,0.006940633969487964,0.010000016954210045,0.019529505348604204,0.02685138453538083,0.013583813819526558,0.0,0.012704079180832606,-0.05024100119534591,0.033579676559500005,-0.02152731169855393,-0.005045666779977531
2019-05-20 00:00:00,0.0009549748500248256,-0.029012837718431772,,-0.022998598728968478,-0.04088931721081179,0.014363683540133954,0.01754484651180488,0.00833341120252551,-0.010698942483717722,-0.008597031999065807,-0.029835496554045493,-0.004228010559946038,0.014726800269393214,-0.019623480751871147,-0.014675906041855646,0.007824519494088245,0.010007749736680172,0.012062872782315992,-0.008067314283336846,,-0.001708707313623381,0.01318563549631424,-0.04365203691733699,-0.01521398371341165,-0.08132478756277994,0.0008378927955610127,0.0010228739634927653,-0.0019148317514805502,-0.0033003755405428548,-0.007738796997493691,-0.0249972710152202,-0.007073150244819693,0.005045383633772937,0.0016017635869738367,0.16102226736317515,-0.01248634970754714,-0.0011948109507780025,0.01794547173216343
2019-05-27 00:00:00,-0.06374027622588962,-0.02145043550625525,,0.0344213905137325,-0.03250715856635589,-0.00401538098009302,-0.005480232098245108,-0.009675540932187698,-0.02219086607813936,-0.07145334429322892,-0.11188831665432253,-0.031217082963268084,0.04362064664970733,0.03220888262468535,-0.025006266446397474,-0.06381383057646206,0.019194097546126,-0.01936873775739656,-0.07072145221152393,,-0.034919583894910455,-0.020975378084448826,-0.11121817666234579,-0.0383643385074407,-0.046354580306902315,0.005477212365933459,-0.06369210173425777,-0.024554168517952335,-0.024597880851999654,-0.011582869922716066,-0.08872874533773067,-0.035429781293401685,-0.04049257617824065,-0.08301166070928356,-0.013730752262427037,-0.06837699913495376,-0.04693835728728346,-0.011979823958976787
2019-06-03 00:00:00,0.04728904267181022,0.03288102018297567,,0.054694791176638446,0.18644981189906185,0.04797747012050668,0.05255048742679547,0.048035975717344526,0.06276930553213944,0.10683606138192348,0.06772445931230364,0.0685782537734474,0.04611887776207868,0.010335693371475996,0.10119108534730259,0.0479371863020821,0.045847268840762734,0.06482612895190742,0.07759663347175416,,0.0053210679972428565,0.05489101007315833,0.05412307867546784,0.04910115577075702,0.029367288653629586,0.011279499336755539,0.04401312060792417,0.06234039929452395,0.06563203230738979,0.04273435115616464,0.013483956186944646,0.05694295235253155,0.024432541284935994,0.038942292921344546,0.0795528613475891,0.09180813605622262,0.053303669852337254,0.045543909477409494
2019-06-10 00:00:00,-0.010120863745567976,0.030570971350461162,,0.04913883928155194,-0.019034264963129877,-0.01051560803627205,0.0015962272675704714,-0.0034960219989852437,-0.008649762695920438,0.00843737666052169,-0.004086967202196368,0.01617113979760587,0.019075989241039704,0.07472718447540116,0.00011330584727575754,0.03088180392614226,0.002246097516651613,-0.01474416259191702,0.011430821599513585,,0.010232688837579662,0.028243167447672857,0.054627979742167154,0.013790445460564182,0.011805139070707238,-0.0076049323538124325,-0.05213257694158968,0.019067144619355325,-0.0696298007491899,0.0017366933092890502,-0.012409204247883054,0.02234062769277867,-0.00979706711842554,0.010489611566925738,0.010823150486081623,-0.006549025207232662,0.011544920406499237,0.028380248335873715
2019-06-17 00:00:00,-0.04136739353305141,0.007109543773979876,,-0.005357749931804268,-0.03715105975994182,-0.015811101406298267,-0.012493760054773873,0.012520279632558973,-0.005453184311907555,-0.038822072276782804,-0.020785503422388052,0.02298692643095035,0.022772527559959954,0.01704292380039174,0.025045145957810044,0.0067403233908973625,-0.008603060135223828,-0.0004828933920912881,-0.018364868686698288,,0.07055544943927461,-0.014965819912710177,0.03860086025978915,-0.08326483796081863,-0.01409819741338525,-0.013984303718155955,0.02629608019327545,0.0036330998167084516,0.03994777229896673,0.009267259001644712,0.026166125003848073,0.0,-0.014516169267760892,-0.022145380632539013,-0.002164273070676459,-0.031986463156950085,-0.002282523652436086,0.018886937384173796
2019-06-24 00:00:00,-0.01354183413596799,-0.006816065650561587,,-0.03197218831297943,-0.01523723040418068,-0.037925028080442624,-0.011683498838605755,-0.012221064729430409,-0.01754649959241994,-0.0766014888435782,0.07189907409312712,-0.007026641457010152,-0.0260840993839786,-0.04278458817455433,0.009927808864554022,-0.02324711732219975,-0.022606389532323745,-0.021009438243192013,-0.036337296486113724,,-0.05709629834989827,-0.017036519937048022,-0.013976991889806056,-0.023830740882498036,0.041420090841843615,0.0038857334447661707,0.010465720348731944,-0.024434515948475788,0.0007839926734845015,-0.02112581603133068,0.006255787504348964,-0.013938744611592835,-0.05209000778245265,0.000990670776342073,-0.011301364984432016,0.018287318934554708,0.04232589855006674,-0.005758857820996277
2019-07-01 00:00:00,0.03020073439440818,0.027941185893513687,,0.016155098203920915,0.037434771049475124,0.01738318053575627,0.017373199643594184,0.023369971674902068,0.02051073406463333,0.0580692485631773,0.0027925895138343204,0.015098820785760525,0.0354393234785384,0.02095167159687006,0.012233073002822836,0.03160704986041751,0.031560038924031364,0.023680461064191638,0.041067412036106976,,0.04083048720545124,0.02836135251109928,-0.0016108689951424005,0.0018423987012377019,0.015467115810476662,0.04148107910628762,0.015178327177577389,0.03462396639153065,0.03274316587711268,0.014413044446754508,0.02024717709700319,0.031919848728322764,0.03732948282706938,0.014564617106693545,0.023438494068700022,0.023408263201353474,0.009511807046692855,0.013485174214835416
2019-07-08 00:00:00,0.014760220571860883,-0.00047690773311970247,,0.004416251825190898,-0.015636435578909258,0.012915318376595764,0.014701226207094686,0.000192002025575011,0.016953665278720553,-0.0160368404740846,0.010684095682232497,0.041714539785791205,0.011218238457366247,0.025446925675473464,0.007876887296347501,-0.01365813212716116,-0.007883727183766287,-0.011807323003023007,-0.02187528147703921,,-0.04004165526885284,0.01240330676286594,-0.0061309512980515235,0.006437020076106359,0.024712707003680112,-0.0146899999631398,-0.04344746307300429,-0.017297060174133017,-0.013956283290352367,0.0019545661772020217,0.02209168011103113,0.016261480431632114,-0.04427160048877565,0.017262436864252217,-0.012522568113372268,-0.015127638901157092,0.009965470328370252,0.023396998290972526
2019-07-15 00:00:00,0.02080804685287263,-0.03983767790209336,,-0.022687625124736766,0.017152350823469664,0.003054786213078753,0.024041330518064896,-0.014006051321100776,-0.022586490735803544,0.046722008808839366,0.00986975634750853,0.00740783370493725,0.0005920920060571433,-0.03762343987771799,0.021519286567673657,-0.003503446328088189,0.05839498106317498,0.011247975612373784,0.03721344308651142,,-0.038287827384135165,-0.021763854349103107,0.024025947281713256,-0.009136914654550021,0.04004235481186158,0.0015137420384878641,0.0038616334787564544,0.006417163269712756,-0.026769256591796853,-0.023934634536846633,0.08352687403841497,0.00017381724707754564,0.0008757264975447487,-0.023832645430619026,0.0054836852993096485,-0.007127045642530971,-0.023322699192199425,-0.0061081394857788185
2019-07-22 00:00:00,-0.013259382300475298,0.008447309833043981,,0.024473669352688576,-0.0075114972601832974,0.0042373048472861274,0.027616786310032282,0.05409579206583448,0.019501863937364083,0.008996480985324018,0.01165852568900938,-0.0004975347647115935,-0.02342851876190344,-0.019408489217662694,0.0002095209563979239,0.016486497393862987,0.05372594594153468,0.0029084169686792727,0.03799936154590844,,0.01701066101691162,0.010534555381419786,0.009828761044908596,-0.009681755973496742,-0.05673040817319608,0.024063320245547137,0.03663687807435578,-0.0014574210358613282,0.03066706731240343,0.008686320221545918,-0.030993051894784407,0.004026029337744541,-0.0003500911467919643,0.00042333935900495945,-0.01079412422095205,0.0022277994255734956,0.011205169599328935,-0.007726153818898296
2019-07-29 00:00:00,-0.03870821649322487,-0.012811263226347736,,0.004567172251542795,0.033691454254816344,-0.020042166661164873,-0.05669462980464701,-0.03396683747213092,-0.033790268296351234,-0.030521102383293086,-0.054825558745437486,-0.03152427602648478,-0.031021497435664958,-0.0869933634333685,-0.045423531641352155,0.0011184991807509093,-0.00568682837395218,-0.00048324588642389976,0.07951640108861024,,0.0,-0.009477332160530372,0.011303072420087323,0.0353815778669051,0.03679628752031938,-0.020852704577819625,-0.07686884523737558,-0.019156964829499468,-0.04309812408157654,-0.025148547280837263,-0.02105136611422942,0.014904371557450391,-0.018466490532373814,-0.02807156504989594,-0.06363430248983248,-0.015065376397948138,-0.024886458477515805,-0.032029675412475034
2019-08-05 00:00:00,-0.03692921736103627,-0.042675066858275046,,0.0005245269295128807,-0.012990111721529418,0.03188911704756947,0.01523909963412029,0.020829000855892232,0.004494277244264433,0.020899011499137865,0.007315769466725852,0.005284717091713631,0.014137456632854706,-0.06999077337107473,0.007738849908520917,0.004096882703824356,0.022155240155246947,0.008462262052805647,-0.019242957407458516,,0.03523132761459302,0.018399861114884786,-0.17727411331035636,0.0485612008934424,0.0029886338665092715,0.027139194891971474,0.007848557926374067,0.01729900036057397,-0.050649140540565685,0.005315764273130519,-0.018771688291544297,0.002919992921846859,-0.0027641880480074876,0.015819878636156526,0.010917654320962145,0.10794854348654592,-0.016579861309358734,-0.019378287260821137
2019-08-12 00:00:00,0.006932589069764683,-0.013555914263931323,,-0.04106962627857802,0.02033967228574407,0.03924894649586674,0.01661710156466145,0.01853254722000708,0.010626815959180691,0.02862126242009677,0.023898876539356184,0.0005840905146023978,0.002433757265491554,0.040182072302510585,-0.023909299386417393,0.020400588376136897,-0.0002573652283048844,-0.006233600060554401,0.025731863786646603,,-0.03712618444724469,0.016983740659676894,-0.041132138394100126,-0.028301894446728704,0.026096257712226123,0.039388320606803306,-0.014624924873064216,-0.0027426479205585608,-0.03461082648833569,0.024572267777270396,0.028090645504242895,0.020551507523282053,0.022442811353161174,0.04243462905109796,0.021841979146587365,-0.0075815398870873185,-0.04375823584742777,0.05840935167427941
2019-08-19 00:00:00,-0.001506044518874039,-0.010834949732130505,,-0.030070834976598237,0.0009380251186625888,-0.012184802398700567,-0.030888683480223778,-0.012313898274641799,-0.0006918657738326228,-0.05225650610442556,0.002463864657297643,-0.0003286804544306854,0.00794668924737163,0.0154733175947388,0.10004442307203076,-0.025263437451741533,0.010228768343871764,0.01326899720539143,-0.008309961134182808,,-0.04605501579191407,-0.0164157567805453,-0.003148175882937032,0.0349867951776468,-0.005958316949590814,-0.05378368392321553,-0.03488824326574558,-0.016685119640800994,-0.019237468839634175,-0.011308347101010585,-0.04345791907514451,-0.01560670958154442,-0.019938903367957006,-0.002192941436664264,0.2289513624704198,0.025427656066522752,-0.022979565499724686,-0.019116482597832163
2019-08-26 00:00:00,-0.05753065080911379,0.026146507415642395,,0.012799066842346107,0.054358171095447494,0.01630563260578466,0.014301177626882877,0.024190617916284518,0.0265817125311949,0.01539567413342846,0.029419456302175018,0.07572754746211152,0.13942626686025172,0.06693983682268279,0.004260590383966534,0.0031697401871984,0.0141722195762084,0.014523873236782725,-0.007114511725596961,,0.020958189380263947,0.019507504015588983,0.023423382316485775,0.016745179256469456,0.029093409097493028,0.012873126817662062,0.025763806069371675,0.02964748261268335,0.04618395601507275,0.049589470568675464,-0.1124105022317261,0.02480422988998665,-0.054316390275344295,0.021016494820565557,0.04224782596120269,0.03458229546502922,0.04741887536866152,0.03094822364754113
2019-09-02 00:00:00,0.0025149214012663013,0.017345818511006472,,0.04474814731395593,-0.00044441541679907104,-0.048633707482630406,0.024532373164153798,0.003452005519893664,0.007417112708852924,0.010578266209573473,0.0019570971761464495,0.03281268666773607,0.03491538568410801,0.07968092253079795,0.0478835939428075,0.021561428837433727,0.0031550497770895802,-0.00023479592903463686,0.03256724087614571,,-0.015395757943639787,-0.021685282198839584,0.06896569847871192,0.043074605866950666,0.011791733839406016,0.012955170210117162,0.05183034550344878,0.02553435132586257,-0.025566729961037704,0.004680623972636022,0.012207048902337814,0.021957799708287817,0.0004753580253997747,0.018566011922302783,0.02625200344236789,-0.07139224132083222,0.026763101493429087,0.00411340099323132
2019-09-09 00:00:00,-0.04196134108304861,0.07543268724554264,,0.018458972014512964,0.028901698589438585,-0.05164681534623572,-0.019131179680547006,-0.01756288268231676,-0.053413409014603674,0.042219020405844576,-0.003321050149213023,-0.03904404080318957,-0.023275664842596355,0.029556630018152008,-0.058976722313299645,-0.018013231198106827,-0.06547986553802387,0.008920201489012847,-0.013547087077871112,,0.025688502808050906,-0.033880358073127614,0.07221378078632745,0.061943200855979264,0.01305799739145419,-0.04764193488675983,0.07019837555766051,-0.04502917636697512,0.029561002195803043,9.400043484641962e-05,0.0010961650969787406,-0.006104084754267269,0.012356238522446938,0.033945235467536916,-0.016932199751648835,-0.01011159035789655,0.06525875535291825,0.023533464539619464
2019-09-16 00:00:00,-0.009857440791460226,-0.017535605877416205,,-0.015309163547791438,0.010371731760916658,0.011392265463213702,-0.045048509270095516,0.0008134844238709693,0.00339403564582641,-0.002008790758484147,0.005047294271311786,-0.018979048986951352,-0.009823793113038937,-0.015860365991909875,-0.01493715236847526,0.0066704514474418275,0.03614455138078121,-0.0009306102896760038,0.005998428481894802,,-0.008348402460860327,0.019862261915281287,-0.03794874892514044,-0.0209682642938106,0.018988155066509416,0.019220684896379847,-0.015917363678209062,0.010540134185039296,-0.008664664134250377,-0.012679794370066944,-0.02532515188043094,0.0009824962831921358,0.0122053439644918,-0.0005110588149641604,-0.012223330845839153,0.026065667638866863,-0.01768181856114026,-0.003831923366537371
2019-09-23 00:00:00,-0.016662463415906825,0.0009781742470587051,,0.010364708063719252,0.002352518692237071,0.039285488263725465,0.00592958341321892,0.007420010458546011,0.032558157255447195,0.015766744223602025,0.004388059873961847,-0.0014317354940307503,0.024258783509383486,0.02908079018464349,0.02303175765409038,0.009939377039204667,-0.0010393353086637358,0.013972939156954078,0.0058054872686690295,,-0.011712835710145253,0.05198473135026349,-0.010660918779814454,0.0023363198142001274,-0.002176232187529159,-0.020856750703138194,0.021507399205742628,0.01354051921602073,-0.009254449270801102,0.006606802508575038,0.05519673937215286,0.019060967374741056,0.011409026701089342,0.00805211274713069,-0.005156124736628298,-0.025060242708689895,-0.010727183094152437,0.0125659906745903
2019-09-30 00:00:00,0.03787673073486841,-0.014411455907053172,,-0.004421520587025052,0.010027594556560882,0.005154658861496131,-0.008514304253657179,0.004234869190344437,-0.016243371064494694,-0.04689565940739093,-0.05951442938214524,0.02000373025619595,0.005936938908913669,0.012510938468901278,0.009218999428020958,-0.0103883916672044,0.02425536781023241,0.004593590784238044,-0.019812708744846197,,0.02259244852194442,-0.00323813237786319,-0.0310702583337501,-0.03690734576552723,0.06011432486620749,0.07755125451763756,-0.01461644584466737,0.015850425974008653,-0.021276587320833484,0.0345131867159465,0.05913816439057418,-0.004575683748334836,-0.012472440719465738,-0.009128829842573016,0.028081336913200028,-0.03462425593856544,-0.02646581843022877,-0.0024480636660560995
2019-10-07 00:00:00,0.02208899349912863,0.0027263034408349096,,-0.0014213973770654809,-0.009928040194746801,-0.0253780045824622,-0.007464857872438446,-0.022735674115723525,-0.021645655643322215,-0.01559268739647357,-0.0034065542381717107,0.020331051540048772,0.007951975874925576,-0.004666040783407488,-0.021651228858520666,0.0009209024307894609,-0.013967350652349109,-0.05898481656432042,-0.01114111336592849,,0.012889524002731578,-0.028036601076205758,0.003892435286109386,-0.021783374917752618,-0.021602065031677276,-0.021525320655116587,-0.010065420607787479,-0.02072183300060393,-0.004948790825956784,-0.018819511082650675,-0.004215418799572435,-0.02346793135505676,-0.006129249990457608,0.014243610885505742,0.025022955010021164,0.016413409442885385,0.019256309038073738,0.017603066162731773
2019-10-14 00:00:00,0.04134339834089307,-0.020267122900270662,,-0.026863396250880633,0.022372237128249317,-0.003103515379018429,-0.003660692537342025,0.0277675519283882,-0.035172418957025164,-0.044350471471920394,0.020405948171545063,0.01767445324937511,0.015331278776943957,0.015539550981760408,-0.042919733810776406,-0.024289585756141152,-0.014422876449424527,-0.008503380197158905,-0.003058146316278987,,-0.007910561025840313,-0.0029787611316257623,0.019571431609171297,-0.012783350083827028,0.011565270165596164,-0.019240203746295093,0.01641101018077351,-0.006202085592181161,-0.004262839556337883,-0.010098814334151496,0.03335472171228937,-0.029895137922613335,0.005606452719517652,0.0034234541531648066,0.008763236532113972,-0.014114765656941142,0.02426366432148841,-0.009148268945977978
2019-10-21 00:00:00,0.05571865791376518,0.03456108686750681,,0.009872096585545442,-0.023128855759057987,0.013533994343509548,0.011356075590414738,-0.01880262824557155,0.005585741369042774,-0.008471398851010115,-0.005989375785151352,-0.020999698381276466,-0.013564064532977538,-0.020772783684757434,0.016708981888056362,-0.03882013773806681,-0.06376153930020267,-0.0007452291548788459,-0.0169517954269941,,-0.0028996631629988334,-0.022008772741964,0.027888514290266064,0.055973388894063225,-0.025594345818785058,-0.013676685745563244,-0.0024568889480016676,-0.031387578257431215,0.005172977055406314,0.002862478219143094,0.01775298812805004,0.05590621180211297,0.006132586299872678,0.000379109992618476,-0.033596154259812994,-0.047803880706311475,0.002169926485100948,-0.0008394763388664961
2019-10-28 00:00:00,-0.0371795732062522,0.03462567456679988,,-0.01846490969916814,0.0017222212174317075,-0.08158646165427941,-0.028797792706029446,0.002790928130643522,-0.017201036274100523,0.020430812865968706,-0.02471391207345841,-0.001382883246290767,-0.014058331031406746,-0.02453081722502115,-0.010868038003133629,0.013264891255642342,-0.00167458382212049,0.0170075822154796,0.045820348244598685,,0.025445246683859057,-0.016095430006051625,0.14904861993542684,-0.011471603138969,0.03426664003144664,0.007842986193200785,-0.07283608166713573,-0.014023151668295042,-0.0017745958620924984,0.002122284019952403,0.012075902509332437,0.005030474419698061,-0.024935301389379494,0.026651375686586487,-0.011007223968030111,0.06651361926806376,0.03536660072003395,-0.011928549794905319
2019-11-04 00:00:00,0.029960338213821602,0.020740138430360044,,0.030800427424686694,-0.006231078945741153,-0.017447046774726638,0.013655507659577015,-0.03135446445609125,-0.002694262630298372,0.006623239380626256,-0.018010406469682216,0.024274587180833196,-0.012757939574930544,-0.01243958668536116,0.003698350475662915,0.025791216345196766,-0.014678115154660887,0.017207852847434202,0.0048680587742280235,,0.03509392004502199,-0.004392509720356874,0.007359790359334761,0.08123259455799414,0.02041518847904622,-0.005851895795744744,0.020683166484298354,-0.005765994148885567,0.033955552842881875,-0.027751466000182523,0.007231738129957588,-0.033664279692790844,0.006535159714448069,-0.010826929886592507,0.021610054529188405,-0.012783637401829862,0.03241537277556539,0.015473301897293679
2019-11-11 00:00:00,0.03361315328333858,-0.010159313612562726,,0.005367654347102402,0.02227015024370993,-0.0032552742914213617,-0.018243525515229897,0.00881049295791092,-0.0039018903608114552,0.049927136004148887,-0.038440903326392495,0.003436840367252225,0.014443049312153677,-0.013593113010796909,0.019864340756013732,0.0011427654524467368,0.03390766882833174,0.009768977121030309,0.010470286875374768,,0.028082202299849035,0.0012931202317656432,-0.04718426690804878,-0.009992511430653606,0.050538358247762316,0.016845185050940348,-0.023610445379546707,0.02107118091692972,0.008253087061479425,0.005107736886212244,0.014598361335788956,0.007017644830522807,-0.011950674420331375,0.01504986737795,0.027780238185346473,0.0931865375191907,0.04895323035778265,-0.004772033701104128
2019-11-18 00:00:00,0.021471834219342956,-0.003498872762609073,,-0.028793680192129467,-0.009517795887764802,0.02539096315977818,0.0066074315606108325,0.006834995860045989,0.005122794929224073,-0.0027768758027061358,0.00873936573239753,-0.01432529870691257,-0.00218539183652966,0.0017455438132267798,0.011466398260557842,0.002473539651451695,0.007478517207368585,-0.0016518825755018618,-0.0023198668271682266,,0.00932721059316699,0.014434390981654888,-0.012418231887775799,0.017229523146881753,-0.00036141694428415416,0.027897618757817044,-0.004569738858383299,-0.01931092692099523,-0.00017050343856195305,0.0019431810794763305,-0.028423232592195036,-0.0020740424418183023,0.04104169656806045,-0.031246333974803808,0.12198576853026077,-0.04339655882255766,-0.01751794356635128,0.004121973556552305
2019-11-25 00:00:00,0.014285629629109398,0.013146890509895481,,-0.012943911694058619,-0.0055521109949908665,0.02033713396157033,0.013468961839455895,0.0069772112800083885,0.01663889281583697,0.004873102651245631,0.026707815327849493,0.0016704723361178342,-0.015207561123165236,-0.161225253883424,0.011854142390691269,0.011956638465222325,0.014246988588770826,0.05246981098623049,0.009455874229064687,,0.021122009954887,0.02104402507589942,-0.0013099126625140123,0.01072079514936064,0.012905340807320087,0.01401929823353587,-0.034430018481691804,0.01428582774312459,0.020296752601564272,0.013127368769747294,0.006676326464920557,0.014714473430687658,-0.030535298816537493,0.018846784133640604,-0.009988228721300785,0.04027306773788375,-0.016501767363177988,-0.002262059891451451
2019-12-02 00:00:00,0.01428588275987952,0.02282786908563561,,0.006369452280330368,0.025338315708974157,0.0001422510748554373,0.024488945837430887,0.02671352669468985,0.006193052713384883,0.0010390693724027233,-0.012952779336318776,-0.016210309308773985,-0.016776498692520847,0.008528305129070324,0.015027305838329452,-0.00018757281352910216,0.007356978062974973,0.018189807955930615,0.0263885220544533,,-0.05332883881067729,0.004694163697287035,0.01934440035385343,0.00548651955230639,0.0028577297183320916,0.016189030112077063,0.022984209809581158,0.02474282124283622,0.0036777201909976576,0.011264154467972132,0.0038588264994101618,0.01745029189732228,0.02102976812195445,0.027560410096510335,0.00016002878788135,-0.00021356855745713332,-0.016275016069113524,0.0057940858582974375
2019-12-09 00:00:00,-0.00495953986597919,0.029378288004183073,,0.038160903939249646,0.002303554589702994,-0.0037009626716349997,-0.001053368265354071,0.0,0.006594507185134324,-0.017993179350300426,-0.008657755567778591,-0.010442310081562711,-0.0005818788934316421,0.014635716667241505,0.02672783008005819,-0.0320764607934515,-0.014070233510689367,-0.009704122868100296,0.000453098544822117,,-0.01809503824677472,-0.00010149334790854336,0.016404037256582127,0.021826101149659216,-0.001424936279963318,-0.026105852988418943,-0.00489629753670473,-0.011143992948359882,0.03614254057055,0.01125626525699075,0.017057219576932292,0.010306985227674037,-0.05396085013462559,0.009302817022758036,0.017515724720278847,-0.016545536167782537,-0.012792136814392285,0.008762327240096512
2019-12-16 00:00:00,0.01933842086429416,0.01305309122322118,,0.03191683133129675,0.02737144105768019,0.003714710677187094,0.00632822184109183,0.010106521589089645,0.0023293119981502297,0.23572961562936556,0.03757017535211693,0.010141347024794634,0.013451463201690439,0.005021917289175448,0.017961870764056087,0.03255815095640768,0.00197078323674571,0.0013362862794981112,0.03607538083384254,,0.0038248110764977916,0.01522721990830056,0.019620296455493902,0.032395851242225326,0.020570736260724365,0.0044773901889823,0.060027508696187004,0.040571075372686005,0.027487527883591767,-0.000144795950020149,0.007086081906854114,-0.00087676162836825,0.02167265877767033,0.02274344636390402,0.015170689545710436,0.032852008787007,0.008811382095710751,0.0
2019-12-23 00:00:00,-0.014277454057702532,0.011137786945967454,,-0.0031278365257073615,0.00589814696835278,0.0064057400678403376,0.005698936047567216,0.006912941705594422,0.004792881488348666,-0.025377897964771523,0.0017469425936584848,-0.002442390456626864,-0.0003830271707422339,-0.012970457711772077,0.005269077448856407,-0.0016890945765852816,0.0012205914927663208,0.006672515007236424,0.007575757053184695,,-0.00103920850883632,0.0004346458349240301,-0.018621977626736674,-0.008275784187105506,0.0027964149275425676,0.02139667129718248,-0.0005569707256402046,-0.00216624990528147,-0.005475570778272321,-0.0027554822641667753,0.026165425693112754,0.005823199603572471,-0.005881859851713078,0.003511260734225141,0.00046456798043936764,0.006163500968219715,0.010789647466696639,-0.005819295745171593
2019-12-30 00:00:00,0.0010338426083986718,-0.006047505787010743,,0.0099354957276101,-0.020825238522210743,-0.006082316643680086,-0.004038470224105528,-0.01192430174444703,-0.016767991558793605,-0.02457581304900902,0.001585297950905007,-0.008091677617470316,-0.008043399404489393,0.0020465580450341747,-0.01562875959164478,-0.02350094590631624,-0.015986996528117747,-0.022315619632540473,-0.016772668237572508,,-0.0010402169254832838,-0.016513419243088467,-0.012017866892575224,-0.00208619303902835,0.08702222510972346,-0.009601382253633939,-0.00835983267399698,-0.018813278320878757,-0.004561914691199154,-0.013886722872289203,-0.014830471298035386,-0.027837331185625702,-0.007856381440634386,-0.016211707954378207,-0.0344402208753668,-0.009188384648406656,0.0010163695693889974,-0.014215337234847358
2020-01-06 00:00:00,0.011887782454337747,-0.04498039478728011,,-0.03935101110770245,-0.014453710046585688,-0.0024188305164494217,0.004970171948762703,0.015359377715459033,0.031314591875910125,-0.045290956051786235,-0.00606761285901547,0.018887149676757087,-0.013964737848061515,-0.018058694262281905,0.03380554925024715,0.005968409800578334,0.019757849632682678,0.014689479274595962,0.018676615979417166,,-0.02724022450069452,0.032697685072284655,-0.01728534744981136,-0.01184681204564253,-0.03291996036442135,-0.03158228145383568,0.031659893748824164,0.0053676778860787255,0.03255369150335241,-0.0081102370975632,0.028578239502121017,0.01133958627679621,0.02043230169219501,0.012081742136084372,-0.0002404242027030934,0.014793512120610641,-0.0822612653489938,-0.01280855626060906
2020-01-13 00:00:00,0.015930121117203377,0.029578829592569855,,0.007186504399572691,0.013387543313511996,0.027104048386636714,0.02622503921482533,0.025391682317458253,0.014682721166385138,0.04712548238089709,0.008334102291294387,0.025030443391729218,0.033259601423610397,0.0021894316472634845,0.039032119987569835,0.04024327730284316,0.01836232145404204,0.0366092207753308,0.023242229339059506,,-0.007532249504138444,0.03044987773780461,0.010748949378371897,-0.007404808182047029,0.0002209250668880891,0.02709582245763653,0.027238003607068517,0.016773947702179104,0.03015000506758092,0.050026111641845894,0.014063803509933637,0.01968199779645219,0.019256380197928413,-0.024728891080031845,-0.06261528932134452,-0.022410680339998712,0.0035042309180997044,-0.012201308995278826
2020-01-20 00:00:00,-0.015092167475284302,-0.02099437939885984,,-0.031038287319574698,0.01603482691676228,-0.009583171856444972,0.003678120536045215,0.012996083518707291,-0.012362999894572235,-0.03150334429827806,0.008476080434444144,0.01913476708101447,-0.023102888899753093,-0.04194433467265102,-0.06612683787403517,-0.0026000002893979968,0.025389189608878038,0.020086437919039524,-0.02172679863167526,,0.013371772385361025,-0.007474055026134074,-0.019980637652696753,0.0014209826662083813,0.0020993011059349254,0.023654395247536097,-0.007954627544167203,-0.001268784280097468,-0.0031198795437460403,0.011751253305283482,-0.028639126768740808,-0.010046626778901446,0.012031219615019628,-0.0022941725145926295,-0.022237304776082767,-0.04373487785068353,-0.04355808181803611,-0.005132154842706349
2020-01-27 00:00:00,-0.05412949882627871,0.010383641774007524,,-0.03479351842486611,-0.008198298538551807,0.04080758312341093,-0.006128546518881173,0.012482855968101392,0.05587085605648201,0.019826693112928284,-0.017018347671311607,-0.01607061104534624,-0.006025610595584596,-0.007296766575405567,-0.04957635966853158,-0.027741475139859473,0.0031679572704368386,0.0006352419681610044,-0.016296483746500612,,0.017475186505009566,-0.0012549342578578315,-0.039789427829045154,-0.04717978415426727,0.006836629614510148,-0.05385999334453695,-0.009622107991174356,0.04156821374555286,-0.007451564998065319,-0.006297256146904795,-0.040046495007082794,0.0017613109090297563,-0.03770788320158225,-0.005930241548436799,-0.0313158133703082,-0.038403305377795904,-0.022867059239358167,0.0010492043965550923
2020-02-03 00:00:00,-0.02756144742755151,0.02122449302166829,,0.031470417976856124,0.010126154426624012,0.0036377299530361284,0.0637522478673691,0.013527184442235551,0.030495828478168008,-0.02319851227965819,0.06394065924855741,0.026545316115003104,0.010168762125494668,0.0008039473420187182,0.07071113886625646,-0.006127873697212349,0.005671391051526031,-0.0035973313389381367,-0.05922887320106307,,0.0014018494914176394,0.01103035191894941,0.011643765622972868,0.04095291416240632,0.03697927055797323,-0.001591284876936716,0.03958248805638109,0.022307444509965135,0.0346847633770726,0.023588415328238854,0.057436610358071016,0.011715560440416883,0.04459058254664772,-0.058193203151366,0.04397724273271697,-0.027592853174975507,0.04700085679642774,0.017119304013608616
2020-02-10 00:00:00,-0.02271730302009667,-0.020564385811105423,,0.002588734865221598,-0.004910009539699778,0.026044099810192067,-0.008421747753194375,0.01284015684973272,0.008680837334711589,0.023161087776660372,0.017420327974916994,0.017061783386255858,0.01974575562860892,0.01767272121085517,0.028952824985094106,0.02716747153302057,0.027490948386377,0.03164168569191239,0.05516598485953583,,0.01050042988973754,0.005110023921367723,-0.09004734057882569,0.009656701579284777,0.0076232164879102005,0.022867933360348314,-0.04378675101383589,0.01738824049886989,0.013786052789960257,0.011143811964378747,0.012006785397323139,0.0004760489412045654,0.01635400133524434,0.010987572485779529,0.008822467933931266,0.001991222646508417,-0.007325195872265322,0.012365776093809844
2020-02-17 00:00:00,0.015939418219198087,-0.01171841012271968,,-0.009255544250940106,-0.013980263230974566,0.0055437373822799785,-0.00115287670872799,0.0030024760243512194,-0.005476528595871777,-0.09483016930667343,0.021338332022919904,0.011435446562100493,0.056002211719882844,0.05875055329886569,-0.026696254380532358,0.011442346646155954,-0.00012445817422335193,-0.07842748694860868,-0.032343853743353024,,0.02182201758995972,-0.02892308261615595,0.01413691994054056,0.07970181732635417,-0.0034674912902197264,-0.027811028414245653,0.0007238942721283781,-0.015583032929789353,-0.0017177604571083638,-0.007755670593744268,0.012881324920286819,0.004439372132097885,0.016077093251409158,-0.014959847820589567,0.003258443642589981,-0.03328780812897114,-0.026490147587639234,0.005853120485570074
2020-02-24 00:00:00,-0.12028731667366921,-0.14236902581293298,,-0.11797847769212855,-0.05921607197463308,-0.09254658249322445,-0.03170554595200936,-0.11042747398910746,-0.11406852300631498,-0.09800615190449247,-0.1688525522245048,-0.12675897948159565,-0.09935291986044137,-0.1156672774624482,-0.12266451851698501,-0.09124615238869027,-0.09751182499826894,-0.07080645111893957,-0.07707566036266023,,-0.054915112135820565,-0.07187826633066352,-0.0913427673788858,-0.07192349509782292,-0.08382531353148426,-0.09870535590485674,-0.1027311476496151,-0.10127657741365814,-0.10510464928140484,-0.09475479810021281,-0.08668013274525765,-0.10631415969055535,-0.07107436757590402,-0.13486485163189044,-0.11472383409500864,-0.12848499270369296,-0.1028177214571423,-0.0919212878397424
2020-03-02 00:00:00,0.044092302584193055,-0.00026568274528182556,,-0.0021299678667006106,0.14716327139808572,0.07422319263996635,0.0868147430956765,0.03309032312907023,0.07310951306917479,0.05844893588062372,0.03880963742196886,0.10741983327378635,0.05375914070137355,-0.03360232393768281,0.048136982839287246,0.1177550997690835,0.085422145852184,0.056490672962928645,0.04498101593242887,,-0.04483525643700237,0.1163962244670591,0.050868246251048355,0.13899759130972789,-0.040511097960596154,0.030439813998991427,-0.03164665515274656,0.05416677048049001,0.06056725850402134,0.03961210674027282,0.06595833870947287,0.07445026013097822,0.06796773368805287,0.0045010577715201006,0.028640887445524177,-0.04121757614085808,0.10380240377089534,0.0886889890827951
2020-03-09 00:00:00,-0.04934762995916253,-0.07970258270296471,,-0.176947752230176,-0.04791341905592139,-0.15251744133587264,-0.03168627617998965,-0.12287373021382275,-0.04702781775391596,-0.12247779978709361,-0.2573854637110957,-0.02913208059866812,-0.07936607964986109,-0.06904288463383423,-0.10278695648947056,-0.023552860955652122,-0.10525296009749763,-0.03526733259021109,0.017653938183904705,,-0.11866309599884328,-0.07718512206707429,-0.07913954936676193,-0.041510620621279526,-0.2341369429356851,-0.10382371469899776,-0.10388020829513933,-0.0851600500193358,-0.05741052895596599,-0.06520058103326487,-0.08903416657989516,-0.06238687458185488,-0.06309663133018106,-0.296938080311104,-0.04653134593829378,-0.18778022496914326,-0.08552763505310812,-0.026699746694071047
2020-03-16 00:00:00,-0.14449719709815667,-0.11633946350244695,,-0.17582976567247188,-0.08076309302088558,0.038868630187480324,0.057399759443040876,-0.20289073581823136,-0.10159195334501103,0.05082660491571178,-0.09986455105780645,-0.03920356288424642,-0.03895460243065019,0.017001396577578154,-0.12321465582173607,-0.0020569619484703816,-0.15810926737305475,0.06415075517619728,-0.12331147260227326,,0.002556609723928238,-0.1184974520134483,-0.054520401100864535,0.0345165175505906,-0.25403296156266686,-0.0774813511600031,-0.13204907070125926,-0.14925361260292358,-0.16493029357577826,-0.1845428270290882,-0.23157230777580895,-0.10204283095020306,0.010868727586513804,-0.24941571526937378,-0.03583443558684307,0.021138911187601694,0.004979302509449335,-0.00113942871313355
2020-03-23 00:00:00,0.0688447907228229,0.09441359675151095,,0.13876667675317034,-0.024503334259516563,-0.05749047528777895,-0.023731654312422523,0.11775496765939675,0.05122406324337403,0.07178533998143388,0.21035899489826404,-0.020969512997472628,0.04274552061327119,0.014216161823100926,0.06410622232024776,-0.029042650783981827,0.11135630598094792,-0.0035459324268140024,0.06557982157785558,,0.03612395867406293,0.055884274155667324,0.08797131016149518,-0.08309746178569122,0.20197351844147726,0.06222861002959168,0.030319624836751213,0.10549391180680678,0.08234167065586884,0.1590493289770185,0.15223045139159574,0.07556389296636801,-0.010943803233445903,0.4279649457388517,-0.027310160278404827,0.09268912818002661,-0.05213258453919911,-0.034264563450143615
2020-03-30 00:00:00,0.049098155310133285,0.03432871898561274,,0.027079252459478953,0.12084195156133637,0.09165744501641293,0.025116993215722472,0.023826004451775074,0.03616310117269861,0.11783662453779531,-0.08772774589907828,0.01519354972515563,0.11004684249069752,-0.08838422995796258,-0.041075743943726595,0.09436530333178483,0.06825134237725483,0.0760675236563646,0.06911043127320915,,-0.02378983452880923,0.04027552168957582,0.044554471959971975,0.10847940016317659,-0.12314413261735047,0.11028827109671546,0.07750880772118895,0.060555388798844145,-0.03848196829992623,0.034285189834867724,0.06232822676570371,0.04456754700210963,0.09026494368536153,-0.21704679214399858,-0.022904847278901297,-0.08141320445611566,-0.07454541293841555,0.09034507203899045
2020-04-06 00:00:00,0.09355789227432143,0.08455983987479199,,0.09846640074895308,-0.0359378796171923,0.010938309485766018,0.037568960284062314,0.1179558922176458,0.03386587181763856,0.04005114694857603,0.25777417351804766,0.03935569189688959,0.043402979529039154,0.10421412183157175,0.06976905690677548,0.012167138017663337,0.02962032879979959,-0.01736269423243675,-0.013211677675169398,,0.13577188871471702,0.012084285504283088,0.1101895238483881,-0.038092324817425416,0.1633467156299877,0.050517562054105625,0.15581600496289072,0.03668739184650627,0.11600879673953846,0.07255798412881509,0.025592053933385817,-0.0036495572406480825,0.00373897250280697,0.26908279987779293,0.1256346506571131,0.1322927209483591,0.08005889356647633,0.01941743891372205
2020-04-13 00:00:00,-0.001466896824879993,-0.010378146752360928,,-0.01812408121489195,0.06219467674013712,0.07544994635729219,0.05043182786641709,-0.019183703841926025,0.050207229815792065,0.0345040851556595,-0.021294465421664688,0.05969795076373208,0.07843964564805117,0.053764903682333776,0.057210584511279805,0.0662253538546933,0.017719337186732353,0.06772563719582281,0.036340449470520175,,-0.026433263201959267,0.07947373977257421,0.04340094227790692,0.028010336782648526,0.026027316520369492,0.021031028024940168,-0.06371321855196788,0.021780799209372592,0.027764011762960727,0.029334886829488482,0.034775481601898584,0.0874760447679348,0.07831490505822769,0.014519173294408327,0.08848376558818272,0.022973559576842773,0.011823378695714037,0.08472881484048833
2020-04-20 00:00:00,-0.03500614142279246,-0.03226661771146255,,-0.011972983289224581,0.008144927798070745,-0.029911760069268323,-0.014728890866770428,-0.05472304647980697,-0.02160263319025213,0.017867811658343946,-0.023785876123021743,-0.023182053219015786,-0.03366112801286103,-0.08797261894149044,-0.04562154223637882,-0.0031317445485002926,-0.0731941438354089,-0.07721217971059946,-0.014149421705276444,,0.0053539062159004835,-0.001972610843078426,-0.0034092499060516257,0.0322580916211217,-0.03571426660735366,-0.016763440985245848,-0.030419025719247372,-0.038706238847114105,-0.03843060688896682,-0.02319161025057137,-0.055028058270460645,-0.04739752340507364,-0.031090759080538488,0.05505868992909324,-0.04937397591201398,-0.05389795413698972,-0.0170784460235186,-0.02028450391292691
2020-04-27 00:00:00,-0.038305141189261205,-0.024173677012489736,,-0.04342328142916718,-0.006699889126970393,-0.0018216509909383394,0.01640388288700878,0.0037416737079067897,-0.040196132862353684,-0.026331140461133162,0.017250811913885444,-0.027789140427785353,-0.016933705418711864,0.03823448402356289,0.037460270506053384,-0.014880869811830677,-0.023574501012602278,-0.00021475039856555522,0.011856496777877146,,-0.014834864468641684,-0.034448800259882284,0.0051314842459122545,-0.030339789183598143,0.009865122541633964,0.0010373192056314373,-0.0955148492488247,-0.013810503977409017,-0.004682253894133015,-0.03140827770010013,-0.005293879001624036,-0.009942171401698618,-0.019439616764344247,-0.006028648429936556,0.0038024648361372204,0.01746342792997968,-0.04755385210651508,-0.05037082140351923
2020-05-04 00:00:00,-0.030862530252057208,0.036161961328651904,,-0.03589352899041076,0.016861679810799446,0.02990680073482732,0.058845035624275566,0.011184304858493421,0.012257154216908539,0.013448534337022755,0.027789811718486934,0.015629966439485443,0.019422098033169632,0.008528281009363203,0.0035352364498428823,0.0030210733986721916,0.004904088278302465,0.013733935508873474,-0.018193112836988545,,0.01698864080796092,0.012648056126871587,0.0061266190880697735,0.04317890279855363,0.05466996354942033,0.06223277734354804,-0.0007708496295774081,0.003944757348211869,0.10517470217385827,0.03142770999331712,-0.01746740085923104,-0.0074474651494085276,0.004934596874878405,0.010045609366705621,0.07022088793681291,0.006332269753958286,0.00024014731095167718,0.00016276617996524578
2020-05-11 00:00:00,-0.004082914330821197,-0.06237984676188635,,-0.06022434404883892,0.04428418236980103,0.003408500747811072,0.02832633383050509,-0.061808840284069966,-0.006054367788781212,0.019391370845133427,-0.041134934922330446,-0.02199813018686747,0.03209338953000418,-0.0381806949444633,-0.021599726331855917,0.04568277861639203,-0.021097597433391457,0.014394540697741043,0.0061243131640640325,,-0.0015186082596245765,0.0009384968669661209,-0.012178624383525127,-0.024894914515616318,-0.15024601962348838,0.08504524307471595,-0.06531242124356573,-0.018467656500887664,0.003496554594129675,0.012813627310456432,-0.05861095686829276,-0.011556702228840199,-0.011630008051430996,-0.10639913708478144,0.04411645203798353,-0.0360987080648939,-0.07847367857181076,0.028908307535505884
2020-05-18 00:00:00,0.031156151772628426,0.03692863247502154,,0.0456218525636074,-0.09676810529583924,-0.019486472281202594,-0.053567241686198086,0.0409155845802287,0.02610575424240902,-0.043605394381332596,0.08719811521284537,0.01076212720773051,-0.01670154104138033,0.08831753403983411,0.051885906133704474,-0.04048656227840319,-0.0009202888737409598,-0.02065925248481504,-0.0309037479843155,,0.032699578144149255,0.007934490796182248,0.025685018309847818,0.0003874297057584464,0.0984834657212772,-0.03432957020702909,0.013205034747095334,-0.005204076443452332,0.04090284594552762,-0.04023523432225917,0.03939188130912985,-0.017537695403391118,-0.04668037769030142,0.08672829851191444,-0.0285266017968403,0.01683576513215912,0.031249925168090442,-0.012783924928010837
2020-05-25 00:00:00,0.034985346562428576,0.12236596319396043,,0.10288307868579416,0.05439513681479369,0.04365380875345859,0.03857216532635177,0.03664222880876156,0.022332286312661376,0.06456518248844922,0.0022631516843916177,0.019971427313814294,0.07000783935975252,0.19791929501030103,0.10813699370686947,0.05136764336665922,0.04778134942313317,0.040485682653374155,0.05186021288887921,,0.027982350989132154,0.012165379231435347,0.017362200661539928,0.007723192829228065,0.049632873424394264,0.019142591728768865,0.030681414637489413,0.048692325220702326,0.04657261854570249,0.008200703058499403,0.0413061737245084,0.029484869537420133,0.049465955350612045,0.06589363695861539,0.04671273297883083,0.038012935190393504,0.09663565288638076,-0.0021714937127229605
2020-06-01 00:00:00,0.07323953521529414,0.08165874843835486,,0.08841599609637107,-0.054923443783866155,-0.017050773166377486,-0.042084871884596864,0.05162800017292746,0.0009678145758538204,-0.039378989826931665,0.050492386723756555,0.011573115575372883,-0.03054644740418999,-0.050781660173977006,0.03899338360312554,-0.032360470665822705,-0.0017688007730711774,-0.016997753355445844,0.014157215054657168,,0.02757856090798172,-0.015271699178846743,0.08454167302175808,-0.0042917203624984746,0.18631408506341973,-0.024720344908488623,0.11696544926085761,0.007866365457193103,0.004450002482656368,0.006765291914699212,0.03476015619145412,0.020790242738413456,-0.05696490276363797,0.11657006436970474,-0.006539558907145193,0.0637709889183744,0.05612468147129279,-0.020151617263799215
2020-06-08 00:00:00,-0.06633268869159836,-0.0726717278631347,,-0.07252189891669258,-0.023038578950311472,-0.009621925240311135,0.03821422723633505,-0.07109394154132143,0.005386618081034689,-0.0302214585571543,-0.06140459186798486,-0.04275087728759974,-0.008941238409735153,-0.05522071903716219,-0.06721248110775846,-0.013934372890608726,-0.04673657229378847,-0.027708176317319477,-0.030935619431028405,,-0.019867444474007123,-0.0165519841126881,-0.025138004061563857,-0.0067733813739032644,-0.08814047063987995,-0.02511256349962021,-0.10259441460807295,-0.034266230991985,-0.05440952682440281,-0.01841364479367913,-0.07232243146412687,-0.02290203276634839,-0.025502648512895187,-0.11901282465282959,-0.038097579201582854,-0.04189763998939755,-0.08710019547892334,-0.03142470436798939
2020-06-15 00:00:00,0.06258459063870281,0.020542640416146174,,0.03148018043844103,0.04397688832745694,0.06075535822698375,0.06103744588208215,0.01837920178391128,0.007830762025019755,0.03517417123739386,0.06536293605502497,0.004017447047695244,0.025978257899995416,0.01173529051026545,-0.0056432811126502225,0.02377397080839394,0.0026333079724116804,0.04028263480056138,0.06589073411483048,,0.020981695602465766,0.058996777754553476,0.05283018999479516,-0.000620053792754649,0.018931626499325338,0.03398588153276427,-0.0005257216477249083,0.03607331685691806,0.026061474374283522,0.017674640220934235,0.025276888381786877,0.0285417269992696,0.04049684426522471,0.0,0.031308754632981106,0.016398655695721187,0.06594216171247513,0.017920797782466025
2020-06-22 00:00:00,-0.06144022769846369,-0.032554667574520746,,-0.010091129560978018,-0.015059028987581047,-0.017672867545106552,-0.010751805050103425,-0.05323775364481065,-0.02508175811400315,-0.02712354743379597,-0.06846356692665478,-0.011136963220895524,0.0032312627166866115,0.043018013102969155,-0.03237005306991514,-0.03848663921042317,-0.027809794587067338,-0.007002942574576454,-0.057833907291755526,,-0.0170673919154406,-0.0491111095816914,-0.07706084621009701,0.013647799275084749,-0.05543804525294582,0.02351898686044196,-0.09466200199732777,-0.04718403077617417,-0.031107309477976575,-0.017901046310440538,-0.030923214044788483,-0.0310291874363412,-0.05443371146416587,-0.036122295797807014,-0.029363072612365926,-0.07813967394183441,-0.06707462741612025,-0.012766014358767008
2020-06-29 00:00:00,0.031684015209984207,0.016182997174801983,,-0.010939627148280118,0.019008303873332633,0.02810249034247292,0.03186253394600436,0.030066521915394606,0.024608536138515102,0.08486522639509664,0.09947352814895116,0.030954703715353693,0.0004751697235081398,0.010688812723081753,0.04056711314867001,0.03833823092954303,0.03186328173393904,-0.0026966151836483876,0.03836506200869838,,0.010985267362809914,0.046095395331852806,0.029449875017257154,0.025091583311114052,0.014872860393786436,0.030411498944006077,0.02643057883647182,0.02815493578882089,0.020029463619867904,0.03040420903856189,0.023086856382218635,0.049032172665168794,0.019512655380363286,0.033651996249096205,0.01794581565104547,0.002916833824255116,0.019674272640138435,0.007521789806106183
2020-07-06 00:00:00,0.022081124661446738,-0.004550064617044658,,0.002764946458643447,0.019464850564284708,0.057350726899468185,0.03420954220600447,0.006016196520634676,0.00545841483930154,0.02541686814072408,-0.004682681044609005,0.06701781752876723,-0.006544101253550982,-0.018587734776460585,-0.010020393202354039,0.033669492187936356,-0.016248312560515177,0.0024958939212835762,0.01327081739551339,,0.02891842905829889,0.00027934375935934064,0.014775126375337955,-0.0017909400068208958,-0.007091080698561347,0.02722499170828363,-0.01924173926271111,0.004746849986317692,0.034507642447764386,0.012118943480879052,0.03548118441250958,0.024900719388822212,0.0015233999946793197,-0.02433916713862261,-0.002182579547944985,0.0011976618741500467,-0.0443064383085896,0.09621689138910061
2020-07-13 00:00:00,0.031537049679599694,0.04545422557143142,,0.07946849120635258,-0.013524352973428466,0.02524756967165298,-0.0060059699279548795,0.03698791852947014,0.020629755404273364,0.007435761411179964,-0.023360116201003422,-0.004414126049691158,0.0031809729295497746,0.03907691553894277,0.04380827751523175,0.02513260919358906,0.06771012036484803,0.04084336031737523,0.02143189085152808,,0.019863035303477217,0.007888971685532598,0.08457239584628384,0.012260661323110655,0.05380110839240526,0.02678728589449686,0.04096932735527803,0.05112729367267432,0.035868801676102846,0.0014875706666457322,0.028371811178195205,0.014044793532109967,0.014546596672871948,0.03555718507198291,0.023641208662390945,0.039302724543220924,0.03240266712717266,0.008111537336648267
2020-07-20 00:00:00,0.007462555783609659,0.02234672400661042,,0.029493968457440234,0.0030127966663677785,0.011782789763930213,-0.005867741095081258,0.035668429479069896,-0.005868138426795011,0.0008200713951460603,-0.0042079408336724855,0.003048261526488627,0.017083906390998882,0.0014665764822032745,-0.03156554280647639,-0.006342748869236581,0.06803529736259484,0.007011292468726227,0.0007285313148361894,,0.018804326812835725,0.02057200194713804,-0.00942559297701806,0.025406416741063698,0.020933290757501943,0.01377751235902136,0.011363699598943677,0.014795735575381164,0.008892428211531023,0.010396465521598452,0.0242566119702583,0.0026268231612454063,0.013400713497705663,0.014214707133441973,0.016766590808980464,0.0,-0.02197017857033101,-0.003795320262628743
2020-07-27 00:00:00,-0.016726161405396067,0.01758150353184762,,-0.020076903627808118,0.003441033496612178,0.12181213411758507,0.04171086577972649,-0.025778627203512983,0.0387513726388089,0.022944483149460515,-0.00917458839170504,-0.0007675938968213503,-0.006781412777953522,-0.02353556522920941,0.030195415020102256,-0.014946212501636524,-0.0018533000801339572,0.011736622191065749,0.0045136464172372825,,0.008240160566691301,0.031898841887764595,-0.008650702205041383,0.0023046759877900502,-0.11373326699502173,0.007130984191737966,0.028226754572818535,0.011299361924580698,0.04807700635100254,0.011759444992730517,-0.000520281635244868,0.04753430072631404,0.011188984521971257,-0.03804161937353312,0.0175409742084518,0.010358306823574859,0.004937008892855532,-0.014020276148566602
2020-08-03 00:00:00,0.024787050417580003,0.028017698031348015,,0.04650099402622221,0.008069749974648488,-0.014222035342538408,0.009029809794352861,0.011854270295806657,-0.01243541952293803,0.010414189214464242,-0.03327702894217266,0.04949866633117539,0.025682713243147193,0.03363684457390659,0.012402679499940783,0.017069573098821733,-0.010246806084851068,0.014942925830636833,0.007682256714402147,,-0.031382866935027565,0.03433314372760332,0.029959335995167313,0.012934820370644529,0.04444074173580681,0.03412022230563605,-0.006663038814415212,0.0019823720712051074,0.0600152762870203,-0.0066829646127758435,0.008983097573789012,0.018532831138943218,0.015546852776951559,0.09366113429212675,0.046632023772681164,0.021969193059702574,0.019896806804443612,0.004405071082324019
2020-08-10 00:00:00,0.008774237451098621,0.012718336150068899,,0.010338800844349905,0.03321980136437852,-0.007371471948221298,-0.05574963416894496,0.013598493519474175,0.010624437818236299,0.004125048819343169,0.02182614902796387,-0.013581342975715449,0.016693382281071978,0.02435484015077871,0.0605029608396046,-0.01678309286828228,0.014938894907416955,0.011817245956946554,-0.006041332458380011,,0.008774821311591685,0.006168291639063961,0.0050834055711579396,0.004256393654451518,0.03406615928484813,0.0,0.011000756383081622,0.009352591959618906,0.0015626547614244757,0.005996512985615432,0.002709846735176047,0.011605986459960915,0.026294286196984595,0.030103891354481105,0.036280533136631155,0.018152881372036633,0.00939316176334537,0.020235489578022348
2020-08-17 00:00:00,0.021626725603391295,-0.02242642990185706,,0.02936448555782989,0.017625409632770594,0.026361592741960926,0.009275243460295624,-0.02414872440336524,0.02128486214466685,0.001058745948197215,0.022973159585763403,0.024770929252919016,0.0019136559030497047,0.014771416106452051,-0.02395199346689858,0.011853804779262456,0.009310679018547763,0.008615693427724835,-0.003039126800262415,,-0.03211776400872468,-0.005877395467988045,-0.02894082700892997,0.01999807300076739,-0.04903336943986969,0.007938385199935949,-0.023354438927783883,0.024055704447560222,-0.007081089054868039,-0.007996313355036477,0.004503889447939002,0.01732055503197616,-0.008735053715291263,-0.03493458003846672,0.12524710963457153,-0.01595253074691172,-0.05845838103921164,-0.003234020002461424
2020-08-24 00:00:00,0.010814271560178002,0.03847477219833806,,-0.0021384854276179643,-0.00761333532031383,-0.016476587689717825,-0.04064851844591033,0.053934200991447634,0.008641722435402066,0.008990049970109437,0.033911464129144475,0.010911093744780276,0.007339332896848072,-0.05553339506829258,0.07690439010380401,-0.009840641191675381,0.017542132667325072,-0.039104208620753034,0.02395120255168881,,0.03940552679934939,-0.005086079958916967,0.00925923430974751,-0.01698691955184095,0.044079369398920765,0.007088189312847382,0.02961960046608403,0.014616312985525903,0.021878369214910265,0.02550208650800867,0.0343325590102288,0.009676900471827565,0.06744579132174033,0.07709725337861673,-0.013241648926912264,0.01573455926283951,-0.006448347664914977,0.06586661474373567
2020-08-31 00:00:00,-0.010015757314421503,0.03541203352329192,,-0.0040710591964499,-0.08745672491581102,-0.016963203275341954,-0.02123158432293415,0.02428237523635368,-0.027214613902182605,-0.026991559962123213,0.033177281616879384,-0.0051669420027918855,-0.02330471961308056,-0.03694711153774943,-0.02794308554528746,-0.003786050688679654,-0.0026807475545681525,0.009087456528878768,-0.018712729228513747,,-0.01762546513585639,-0.027284284079728605,-0.02942943641610596,0.004816124401631372,-0.027262814535789603,-0.01339245513163756,0.011348689635334308,-0.007374402712810646,-0.026851244947692088,-0.00843228289656528,-0.01969291213275992,-0.005836956616251832,-0.017467664005856753,-0.028275948400663387,-0.023997188243331524,-0.02331437190416563,-0.04824559623475477,0.018032404834469773
2020-09-07 00:00:00,0.0022994697318541313,0.008603839829654625,,-0.01807231809030263,-0.04371581470455199,-0.004608993924071547,0.0069641088305152365,0.0003919951137043576,-0.005957752333688782,-0.07164023794647967,-0.014150240744400855,-0.021467666009065134,0.024422743138740488,-0.012934344642727691,-0.007076123938121182,-0.07300079966664819,-0.022177826564694803,-0.024471400339989957,-0.04640200368949576,,-0.02403533233543309,-0.017787334142198352,-0.052584446837332544,-0.031012063312978566,0.014253727754723444,-0.01590287214446562,-0.08429019589980047,-0.005701473592655049,-0.011304246300272047,-0.014221862485638281,0.026279289057516975,0.0013045040494379379,-0.03615183293957991,0.0359162054993043,0.002852641546071677,0.02757985232347293,-0.05936540953638281,-0.04291844625798047
2020-09-14 00:00:00,-0.08602893458656824,0.015994989512923885,,0.043163971405664636,-0.0013188837526666441,-0.02745769341716242,-0.027336691015970804,-0.011947008258442415,-0.01198691976659072,0.002321074439201931,-0.00529628932518289,-0.009347436710819501,0.03790539380435787,-0.022543102053251718,-0.010713332772760986,-0.02084039471383481,-0.04522326429218004,-0.021673646012196124,-0.0385086871938366,,-0.02705508261069378,-0.017037249507545815,-0.062125484246566276,-0.033750512937926525,0.07910930258844817,-0.043697061209160504,-0.022228762610227437,-0.017897448745495925,-0.028891057043561652,-0.03195649223035568,-0.038778813333886664,-0.00557395252445303,-0.03459519791692223,0.08555369462102203,0.007924198286940465,-0.02652233789497005,0.0642649743106023,-0.010314448431572143
2020-09-21 00:00:00,-0.02007453531765402,-0.032745695631269056,,-0.03192587986573159,0.046655007563105144,0.029118421685566664,0.016142256573201674,-0.02647411915091602,0.001582565425968463,0.016497523750696574,-0.03189380773201511,0.019704898542826754,0.001393448956917398,0.015905493970377105,0.013230370876035957,0.04099786895942703,0.004319325906220639,0.0018460093202583572,0.002542904284392078,,-0.006060609177059417,0.003083022367827315,-0.020511119910346043,0.009635740567156326,-0.050482752247622,0.00847545104821612,-0.04838217630762698,-0.006369464896005983,-0.0025319275053926615,0.015821313657362168,-0.03432370739993629,0.0018198069818187168,0.02523081591880949,-0.08309912124326302,0.03715903943448451,-0.04594547176527186,-0.040617340542256186,0.014635477992470003
2020-09-28 00:00:00,0.018291287814802715,0.014323056017405467,,0.00650885281121627,0.026282672523283424,-0.01914998276601343,-0.010826909381354888,0.013136366933346633,0.01909158210562434,0.05011415063967206,0.020789642548944,0.03628357218696365,0.0150199680653742,0.01498550653907893,0.01654276084678341,0.04776257538954232,0.02436908903236623,0.0036855526319978793,0.025840247021487128,,0.007532324229323706,0.006897801918064994,0.04600067802655894,0.016104872177861163,0.0468483873958907,0.006629172221551016,0.042572786203885604,0.01246425841925447,0.009645921149884051,0.03376988056167396,0.003165046946150163,0.0036331227073411743,0.038519747096473544,0.018706530201428873,0.03077440929566544,0.0021967358911458845,0.009596324047698168,0.023530137776901938
2020-10-05 00:00:00,0.04413634221647178,0.04771068452555993,,0.087949918489306,-0.006965866251702368,0.01744019303940192,0.026622756275311854,0.02937614632240737,0.030619854354800413,0.011930643589828982,0.005657297276095097,0.04070301837220636,0.04472385949447877,0.03173200953758348,0.02669609234491732,-0.010396630330174905,0.018961774953242916,-0.0012240343787071062,0.017617062546573026,,0.04698592713051797,0.034321574949352396,0.0210044023502991,0.011153689036241365,0.0777272767721029,0.02023120389846511,0.06081076119829665,0.01333746452419704,0.01759891694251081,0.0027523625170964294,0.05936049538945487,0.03475269007136017,0.01897491767674242,0.0839836106369094,0.028975476596948102,-0.022424500074959774,0.01593501876225112,0.016227662997740255
2020-10-12 00:00:00,-0.028508289639770812,0.016744830657811738,,0.08163271157022955,0.017024045982668712,0.004635398085772291,0.0009313417192819973,-0.015351409656612636,0.00676969467902877,0.015808984466797904,-0.027698922744591403,0.032696549885601556,0.005013923426775202,0.020504038674284297,-0.0020925823167582402,0.016498672487776256,0.02945793313527223,0.011846637195580545,0.01898250671077717,,0.01743601104524295,0.005508714387535196,0.03375123645292222,-0.011030656523512428,-0.006966495137968098,0.016725282172462608,-0.01966204226616275,0.011692931470797419,-0.0023470638563852786,0.023764682628127476,0.004944298618946075,0.010285497915178299,-0.006740815304718262,-0.03236254680207318,0.0073911754977600275,0.029837718700462368,0.02944404839881032,0.013517365866013487
2020-10-19 00:00:00,-0.011383610676467093,0.04177562236798549,,0.02619541382033508,-0.007968870807161132,-0.013735430739650556,-0.017907926046276113,0.009794016182259835,-0.012078382757140349,0.002374009326837845,-0.01113055356571202,-0.0181896236328426,-0.0282801315077178,-0.0009417783611331831,0.049524876736573464,-0.009459660191013075,-0.023879131574505053,0.006057424748686202,-0.005066826410509373,,-0.018481324106283004,-0.10728506941363514,-0.02456471860390408,-0.038450343457331115,-0.008115433502524305,-0.014694765139534827,0.007909333135792007,-0.023460501305037074,-0.004581509866206868,-0.015310433759181397,-0.06080506690970855,-0.01392070518873778,-0.019850683943642755,-0.014898019308515309,-0.028438239454442016,0.0056941515080839444,0.016840695820266705,-0.0059429664143237915
2020-10-26 00:00:00,-0.07676569133598543,-0.10854061267736703,,0.012673885967866116,-0.03872326495284539,-0.03829832970621039,-0.018423670322921137,-0.04869337806975471,-0.00018631542796698763,-0.0765788000535812,-0.07929348862188634,-0.04532829806209415,-0.031238354796017997,-0.053943662512095036,-0.06619063266386704,-0.04305592616449272,-0.0606806266614226,-0.018544664861555593,-0.0579688427512518,,-0.07908253272391674,-0.031341496202984764,-0.024864411670019626,-0.016788675662327224,-0.12009429766702284,-0.08118713785743792,-0.011771301671487433,-0.06164983239205846,-0.047518344617827,-0.04492693797381331,-0.046070984825363426,-0.031737349738033105,-0.028907833941571703,-0.14645055589856493,-0.049990669969749435,-0.04696086046932291,-0.10515237249950726,-0.03545340723214707
2020-11-02 00:00:00,0.03298244687101626,0.04390118860899439,,0.013749386220648141,0.02828387489185702,0.023871606261786082,0.05225549274190211,0.0289221500996244,0.05247798927255065,0.035952900823303935,0.12437206455791339,0.08047945676607426,0.06080185037852681,0.057683781023874614,0.08640633503468931,0.032983699391520904,0.08686179056751753,0.02485115254226744,0.02321504637775229,,0.06542753330986373,0.027075984444556278,0.03105565314588543,0.029804429741965954,0.046335598360716324,0.045150035060721905,0.08678406622841317,0.051204787388392514,0.08737106527451721,0.038187371528162206,-0.008025953406330277,0.04471169354947491,0.039394094344675334,0.10034344637399006,0.060964455445576604,0.0017473454463652338,0.09606317240051676,0.05059460557009543
2020-11-09 00:00:00,0.08210341864197379,0.0329398135260941,,0.028864573095655377,0.02500512457881965,-0.034475094716058585,-0.04415317989332446,0.0808897200573031,0.028062336433222645,-0.0011087453933846803,0.09188950802674034,-0.017683825074133575,-0.0338752862436138,-0.006071410430923074,0.06901598050518665,-0.0016374143332423818,0.030789548954285095,0.045089899798763655,0.021911310378191162,,0.022330873298618492,0.030547975924997584,0.0022194248219449264,-0.03105216607424488,0.08716699508711123,-0.021414453036255665,0.1518788295219755,0.03975633208703422,0.009127966458521541,0.045743685902129405,0.07721787758030696,0.007330885076093585,0.021179874757631945,0.17548481482337563,0.008544921875,0.08756322760072188,0.14473343902750768,0.03272278781118998
2020-11-16 00:00:00,-0.009670040489548226,-0.02507017354457375,,-0.007267179446763139,-0.004269017301500977,-0.01354540362787704,-0.02087957183081024,-0.014593095909375187,-0.0023431495103053424,-0.004718375094481142,-0.007128235358005441,0.006018351699722757,-0.017157454966186703,0.0002106821811889148,-0.057034194402985405,0.006396465623248027,-0.04038930328934698,-0.038734197352849775,-0.011404839674442724,,0.018430013266112377,-0.0041329114066830375,0.020563117831301714,0.01502771916501966,-0.03211477210753655,-0.005145317309904418,-0.01313993856808826,-0.015845522645596688,-0.005950964293941818,-0.008914669752243087,0.011068664622640112,-0.03451590844823782,-0.01662791006059794,-0.021526364235516682,0.057895251123705194,-0.025821820992382394,-0.12128322157312599,-0.001993046663999465
2020-11-23 00:00:00,0.010765967262521992,0.0453548628268754,,0.044354683192296296,0.0,0.003606482949733314,0.00019696120053103172,0.0005696187600736646,-0.0030530367654563184,0.002230952207612491,0.02113967892558999,0.019075417230731917,0.03700719066293856,0.15720754041562657,0.022364386318237672,-0.020045609723467805,0.007202426538999829,-0.058447975648113104,-0.023534968766442677,,0.030831001335019925,0.011519892324271641,0.01797890559336701,-0.0003083653062159186,0.051278238633387874,0.015298989179120426,0.07438002691367696,0.005600293341172513,0.007543162214252774,0.008227822003401775,-0.010817031015802114,-0.004953429946674248,0.002322971176680344,0.017713957357179178,0.04760685705076262,0.07013477835505189,0.05151775259625224,0.009052455031656415
2020-11-30 00:00:00,0.02477091756347516,0.0023785217203706743,,0.010355102160744867,-0.00979997083244366,0.0008114524963025449,-0.01531334335613721,0.02182156969905158,0.0015313863213410883,-0.012520667582192613,0.04384559601049687,-0.038517921905367625,-0.02100835524663136,0.02374886782633001,-0.00526436722853052,0.005155540162110173,0.01904768664931078,0.003813615310263918,-0.017485922522600394,,-0.00747713687017959,-0.028082492507102486,0.05140865782106108,-0.05704588021434709,0.04358532770546075,0.00761470340035264,0.015812008690077706,0.027323361992092732,0.03909686103232635,0.008644522990405967,0.06389978183837308,-0.008224454075867027,0.007296114058566117,0.09657496369325158,-0.026367015827339135,0.07846161167616605,0.11307708357345025,-0.0177441626754965
2020-12-07 00:00:00,0.03940041246801318,-0.015028494428823813,,0.07434525786315205,-0.026597978490152996,-0.005675287303693155,0.00875075379706658,-0.0015170110556824712,-0.0041163771137184835,-0.003944928225023903,-0.03975887916993448,0.030782711770415805,-0.031954232898672386,-0.05297305991742951,0.006677066571051604,-0.01853074366595242,-0.011665606660304806,-0.003799126901745775,0.005446210925874384,,-0.0055683742387829804,-0.00247377002289928,-0.0014655436926482857,0.02485291665927436,0.011783295458059673,-0.0056412174669011605,-0.005048454353651977,-0.02761313022499312,0.00663305335620068,0.0010475944157926076,0.05263147848009275,-0.006983736640487237,-0.01857676593513624,-0.028673654409059002,-0.01896826833486387,-0.00474138295527049,-0.043308250397434356,-0.012826665103705004
2020-12-14 00:00:00,0.018139657480321647,-0.002609928145402951,,-0.02513633009655092,0.007625477454576535,0.026791145511811054,0.007138322173785072,0.007310420007999641,0.014761463144561393,0.021781951683433887,0.0652250027976995,-0.02159429547292846,0.01873101588811199,0.05002340731112942,0.06331656396559215,0.0013486611551845051,0.011870523683310319,0.015677926362182903,-0.00048291775707975937,,0.01877482648670692,-0.006764534346895945,0.02054607219056237,-0.014996806169086052,0.017857219783707023,-0.0005351768820214264,-0.03784364041996957,0.016027859613465312,0.023971832433803852,0.013519803597958013,0.012823435376714931,0.01853389264607852,0.006164616789161359,-0.04744328857662505,-0.007512679884946527,-0.06263521496985025,-0.020226317603143307,-0.003513461922343475
2020-12-21 00:00:00,-0.04705350976876632,-0.004830937283004433,,-0.0007766440988772327,0.02060141728760878,-0.014634391357851939,0.0031009628830949154,-0.0055824992052219136,-0.010357345005272744,0.0071984631562835855,-0.01312425815759466,-0.006593977213394053,0.003800617281263019,-0.025473708831665443,-0.001377692087416671,-0.004545547606901623,-0.006163951641204091,-0.016061871137047268,-0.004832465637183203,,0.030714426936656603,-0.008809586664655256,0.006039542048431601,0.02138001120444777,-0.012840224844507975,0.0010711001885039817,-0.0008786406324700069,-0.008058868105357608,-0.003550423883010634,-0.012727226748185938,-0.041584296064431814,-0.009493689966546093,0.0018122765005867958,0.001937042456719329,0.027989690894277164,-0.002463306845497115,-0.02629624135281472,-0.016786668449744302
2020-12-28 00:00:00,0.0028601658048605927,0.019619737917396574,,0.01943112985881812,-0.004119537046651467,0.004259816201100941,-0.00922474376847382,0.02619739142831734,0.005527035761777377,-0.003298712796114045,0.015013164421297631,0.03346329941895432,-0.004638255553439996,-0.009080050214194002,0.02008052405560279,-0.0055808715411900245,0.015871823018089648,-0.011871685097801454,0.007283934543932169,,0.0037640756695240807,0.007020539660151703,-0.009147853944217466,0.007294584838940965,0.014037432336256428,0.022787807888787093,-0.006158055958586206,0.010717335189438959,0.02972949416458759,0.022335843363677776,0.017905660087078168,0.010310495302069622,-0.004221019495024514,0.025407095110699496,0.007648829419608649,-0.005402069948806987,0.006562309032334124,0.0045295685179949086
2021-01-04 00:00:00,0.014390473757791122,0.042848571847598604,,0.0704482917378666,-0.0308169843996845,-0.02097905520652299,-0.020206184035592045,-0.0685628968626385,-0.036954784746366154,-0.06039704740317198,0.05094732664546209,-0.018153760369177818,0.0262005600318147,0.04563125012402014,-0.020511863809906217,-0.040816349980082434,-0.001969219091172647,-0.025102143643768282,-0.03262113445458814,,0.0,-0.022769365005488318,-0.0300059285877049,-0.004093235010729224,-0.024256901975588274,-0.0004953858623442109,0.09537508679521345,0.0006036385122212273,0.02714094307661763,-0.027781720565412504,0.0036237426721663635,-0.0025151826537693767,0.004498394568953845,0.04430388915124461,0.09669757443641491,-0.006362574143872424,0.1336509489766018,0.01720454360968393
2021-01-11 00:00:00,-0.009377531973777997,-0.007038186154189274,,0.006552634901915377,-0.0016797705071757152,-0.00187339220176308,-0.0016173530646701462,-0.04659360820405145,-0.005707478296020474,-0.006163586042260083,-0.0443942581342327,-0.021030521327798923,-0.018569121238922515,-0.04098437490291884,-0.044490321251623666,0.005866731993166674,-0.023482220098889228,-0.0072240562279975995,-0.019435056269339612,,0.0003496675692487017,-0.003567145224444568,-0.04848292529862441,0.06544441604959261,0.02173605777821619,-0.01869539556405675,0.061414022851305816,-0.016669470907764383,-0.03516155819563971,-0.019350676185308835,-0.025875705181541364,-0.02889271782704972,-0.017481794254960326,-0.019727716222214586,0.006198376865861777,0.011244733401838847,0.08206169811233632,-0.01357161553681252
2021-01-18 00:00:00,0.015291339970046725,0.011877364798009271,,-0.029153722667024984,0.0034464668493969786,-0.003754187796765507,0.024453309686438773,-0.00431220871673732,-0.045065955588738604,0.015357157390437859,0.031456091427897404,0.00038650515660232365,-0.02473506115058033,-0.004245884253475607,0.0028098184293141593,-0.004800795066088548,-0.0017514569065696373,0.012034903680648412,-0.012366702889225367,,-0.012241065163254627,0.007007533685588596,0.02875887425523227,-0.004154315338093517,-0.004458436845021341,-0.016697033799231153,-0.03844685589194419,-0.016952195364206557,-0.03764325717618844,-0.019803432741265614,-0.0032121901783550566,-0.03546511103191785,0.001314730010853582,-0.005028325489784158,-0.014835778813303446,0.02733591783780631,-0.030049035617125464,0.011684143738773578
2021-01-25 00:00:00,-0.01792980540477629,-0.05319968594745983,,-0.046064103453723027,0.032846961276788766,-0.005770187065787025,0.035137054805040036,-0.007011464820592339,0.0031375910376951754,0.006399100769536092,-0.0704245158089889,-0.02724257634181604,-0.056253241859199554,-0.057656597605368676,-0.05275602124626233,0.0380558937829647,-0.01862345713625546,0.03193124378024659,0.010977808652321563,,0.010486041878577046,-0.00083209314613919,0.01823141660204075,0.028009525779328026,-0.04414595858922077,-0.025362167832763016,-0.007125833712162799,-0.014400090701459978,-0.01553282499535058,-0.014575045755538363,-0.012766644296060337,-0.00782044727973974,0.01899520620807338,-0.04894253869481313,-0.05596379043479616,-0.03322322787616383,0.05900948396293293,-0.039909972118361114
2021-02-01 00:00:00,0.033836432405712547,0.06578695836570647,,0.11690091383807921,-0.01267922775838215,-0.018476804683170367,-0.08213116046552493,0.031152661764987988,0.02397415572172834,0.008330140102686512,0.08059557359108882,0.007774528622870314,-0.004059500434642538,0.0392484528825241,0.1527995556177415,-0.012047973147695124,0.007976015593865737,0.04694846698661581,-0.015439472560825118,,0.022956060443572346,0.0005300599661268723,0.00865416365106464,-0.03913048343712067,0.06425696418998683,0.008376090044048379,-0.023524753659310838,0.013888984013535888,0.04917651218497676,0.03214426910475532,0.058129481225631885,0.010607624375781777,-0.016751364173065775,0.0778908062081205,0.04244641588681253,0.029078047835795262,-0.008756091410200062,0.02754657535259697
2021-02-08 00:00:00,0.02189792167506699,0.045403488060003605,,0.06717741864006488,-0.015789710364863763,0.0008446493898832674,-0.027607693771822484,0.02094639183588276,-0.01802929082155591,-0.002022015601200855,0.05852683125266456,-0.004852569999319156,0.0246619367103853,0.0258399970478973,0.06392716854982039,-0.004878075461832054,0.03260555498943707,-0.016714355511517343,-0.011200965915354688,,-0.023363045329431897,-0.00030295119171075413,0.04704153396075128,0.024132647732215462,-0.026521117927580606,-0.007088034763082174,-0.10146998431712217,-0.01814630047542476,0.006915531211468373,-0.05029792150415002,0.021832111017492384,-0.015049969738142766,0.005591610595661045,-0.010897577435112216,0.013607834509778538,-0.009368330116440893,0.011443163123348699,0.0007620575509583727
2021-02-15 00:00:00,0.009216375578427805,0.014219247390473422,,-0.01430220017108852,-0.009197668316621055,-0.014952157386113107,0.005807246583760195,-0.01144204171626828,-0.01568268396778738,-0.013024667186804728,-0.07179976700573776,0.0057266938065856365,0.012890410896888138,-0.004428822104661223,-0.017536478947298706,-0.010854390927951485,-0.016713000293701485,-0.023631919872803997,0.009236626959993943,,-0.016682411877378067,-0.011352417416927274,0.059056340123935014,0.007457406215027884,0.012052685716474665,-0.061684459301012406,0.008861776196648963,-0.015944804357983622,-0.02267526169121703,-0.010159098305602687,-0.007779876872410996,-0.003917750791104013,-0.003900381042072243,0.006164705542171411,-0.013634187202449355,0.029896287671455468,-0.030170509532570944,-0.042431057650091364
2021-02-22 00:00:00,-0.004566049606358424,0.008196724265522759,,0.002618603475472936,-0.018134668787530117,-0.03314902584127488,-0.03207709278526838,-0.022350896100004403,-0.025906881865024323,-0.004985271480025255,-0.04063436553684774,-0.06700132465046094,-0.06049913369240245,-0.08989809490697975,0.0024547423460077322,-0.026371700666401487,-0.016270323920614005,-0.015498866383751198,-0.003453707462009681,,-0.02304738142988294,-0.017606860494440157,-0.029348994946441054,-0.053204053669342555,0.021513542079588444,0.0019021727412418254,0.0011259656671371854,-0.021174701890578018,-0.021305115779144956,-0.025054697637667878,-0.016735162690215466,-0.028241180852863312,-0.015471300016768219,0.0380653396734818,-0.025029427436647933,0.0022215032599834927,-0.009682352054571464,-0.06086454730682167
2021-03-01 00:00:00,0.034862375748792696,0.017850882134762047,,0.014886375700464916,0.024406229529948753,0.015365032629724995,0.01817195494824486,0.0367423704730927,0.011436207152850209,0.04627177196097043,0.013402361517514949,-0.04132936412515509,-0.054394416293478076,0.05987785199129525,0.02644063094526894,0.03217586444898157,0.0324751172164186,0.029113672434930127,0.02651180011507215,,0.03309306573489468,0.025403401613937282,0.04040678180861801,0.0692330146115403,0.07559243990400932,0.001779674107401208,0.03847022828510416,0.045522945916463886,-0.015044446398023936,0.029723572375457197,0.025470367581683195,0.019833306603750156,0.056607151548660806,0.02712559774656831,-0.05903845571276545,0.08152457805717161,-0.015230478508261647,-0.006157626679456185
2021-03-08 00:00:00,0.07823570946136904,0.011460323436200515,,0.03937201495689635,0.02940538269701598,0.036768236571573354,0.025225120881723795,-0.008466345798206043,-0.007230909597871538,0.044507271331066134,0.05704806709960053,0.04355237492965536,0.07414250445443926,0.04352419965028531,-0.012564318264265406,0.03469552237881657,0.01369872242714787,0.01508795588975853,0.0345148448123167,,0.05835709264897537,0.023223137232432967,0.006869314535947524,0.029616866030631517,-0.05920724257305132,0.02818904376711151,0.01018191095042087,0.023209635342537727,0.029159966742124954,0.008060914161308164,0.018105683431042463,0.01714559080121192,0.026195897861470252,0.019684577688639626,0.042871259139728224,0.038509249776888854,0.12733027986102763,0.0387237979972852
2021-03-15 00:00:00,0.03905443932252761,-0.024377717047485592,,-0.032185806732680455,0.0381569171432774,0.0022920481636279355,-0.015133102519327313,0.01733353570950502,-0.007019129484544306,0.02076564104308698,0.02314836978120627,-0.0067343851581823655,-0.021775517961708624,-0.004511535411250378,-0.013796423419444204,0.022468055234619255,0.014825529905564627,-0.009702786677599828,0.002803421723568178,,0.023074688347519468,-0.023600690028430904,0.03753085869593398,-0.0016921021553669702,-0.005946579568825716,-0.003110275926371475,0.05511476351356093,0.021628239779411418,-0.011468453389496092,0.010974020889714664,0.017441852171639516,-0.0010145453012998518,0.040760769611175585,-0.044364641319914355,0.041886418378374035,0.01642160734593201,-0.012591655847146499,-0.017745352478628407
2021-03-22 00:00:00,0.038575771347408194,0.019004022709846913,,0.014069675455290476,0.021691240087140518,0.051269682394178284,0.022135152621906684,0.043889003045018526,0.05654855373608392,0.01717326810350772,0.0025990866770930765,0.07026234402243414,0.08147827080351333,0.05799108845531942,0.02485835121397728,0.014982523084316357,0.02954118325444499,-0.001250777118836477,0.04768950084730417,,0.032220271718574,0.05225589222979865,0.022738692779090686,0.0516947646841468,0.004984946866891882,0.042408253774388616,0.04410562637846227,0.02306380307145872,0.04242497082138352,0.06096638564983792,0.028531090335116804,0.05812050153213888,0.016694291629947067,0.011668655513026316,0.07144767483012915,-0.010032586505580254,-0.00970673946539824,0.030015091603759814
2021-03-29 00:00:00,-0.011744995365588484,-0.004489730116061352,,0.011604629603560568,-0.017692156217824162,-0.009387474295664222,0.013561078219074485,-0.009992673326312929,-0.00845762946148887,-0.03142879195625581,-0.02418093524838294,0.008294883112746287,-0.003348350904751496,0.01346272334770826,6.813375614300732e-05,-0.0008201289933484901,-0.003202374498694982,-0.006470512372662607,-0.005807673374902733,,-0.0209988358224954,-0.0010939434359312772,0.0,-0.03438058403965427,-0.031746233970228466,-0.010752640130048174,0.010317465191885367,-0.016823782373023843,-0.0031642216115561617,-0.0099506830737367,-0.027820851681258363,-0.008637826904853707,-0.017509576334120536,-0.03274209219827773,-0.001144566466846575,-0.014609028534243174,0.0522775592045992,0.003626113862873259
2021-04-05 00:00:00,0.00960778704316656,0.015438095778038008,,-0.009351732275162616,-0.03802297175195235,0.0030046207977985073,-0.014001930583413924,0.012759606980678129,0.015658726113723986,-0.029498408542594223,-0.02382185217474775,0.023299765451485488,0.021047279654496265,0.013973973452234167,0.03348949573907811,-0.012967849499035844,0.0046611768316739965,-0.026260508156496054,-0.010735539069173461,,0.02381926460339545,-0.0021171669875063026,0.0027479535245531483,0.050903764590454204,-0.00858073101698742,-0.012662283523359297,-0.03660885985188267,0.01231456953919996,0.043016640531091443,0.009130620238741782,0.03418129826057381,0.015564398113190103,0.015524698646296686,0.042672772535739645,0.023116945208250694,0.022572307104584466,-0.01041104142237037,0.03067404442264876
2021-04-12 00:00:00,0.015925388768772697,0.015544872071711069,,0.05248580235084166,0.03531552071595012,0.013250605635841906,0.00315565858101996,0.009402102884352281,0.011531887968762033,0.03757929099513024,0.06562577212560727,0.020676931955660116,0.050956760660121114,-0.001616354202241821,0.03366221500823907,0.027997959916508552,0.009341915938182677,0.01584263048563761,0.011011530897219846,,0.023884133076314207,0.018509069448339854,0.021424979345330497,-0.0177340787985365,0.04133823420415528,0.011554181611585612,0.06939991664165857,-0.0013593779201745981,0.030223499063359416,0.011152566968382294,0.020204299429983585,0.006453296513039275,0.02737699392582993,-0.003710193411963769,0.01553368206570771,0.03082548077052394,-0.016242270196965336,0.005937721007515329
2021-04-19 00:00:00,-0.0940546603591309,-0.0006728611534101425,,0.017699047797931078,-0.01275299074244518,-0.004321372355711728,-0.011482290169177678,0.014716762318466747,-0.011276346054072017,0.0015978550368733746,0.007200718877738765,0.006905435747345923,-0.01582545195734708,-0.015337449236507927,0.004803248174539032,-0.0006525677008514252,0.0027327333446809376,-0.00960724649014566,-0.001104692847172517,,0.004720848117120147,-0.051070230385416915,-0.014389977662031872,0.006467359793358218,0.009056110256823846,0.030183489532642938,-0.022442514935507307,0.012591414012656177,0.005195091634337956,0.01158434174978229,0.018297238161685492,-0.024116718345348787,-0.014804196845018547,0.025819316767285327,-0.012179487129543087,-0.002787741370000485,-0.005253197100262286,-0.005049390079054028
2021-04-26 00:00:00,0.007596528339569808,0.06261570140935713,,-0.007990497021512333,-0.020914441047224397,-0.020785657449851835,-0.026346165901365293,-0.008995826692458575,0.017099764157040953,-0.013825834997595932,-0.0010806851650652094,-0.003187881597794151,0.006750756565572447,-0.005711284585136811,3.188529315911737e-05,-0.00652946387282527,0.017778861636030152,-0.0040956544190373645,-0.013590464109076827,,-0.009121158638398241,0.00915907837765273,0.02177668492374374,-0.02168690528189543,-0.010326975050616638,-0.012135004126707316,0.05127234299105088,0.021845158312902457,-0.016518010218656953,-0.011451681557016147,0.004122245780783018,0.0024907281599706455,0.009401212685871352,0.02529050743139205,0.00606765591329661,-0.015883057952886137,0.0015088752535330485,7.134447467760374e-05
2021-05-03 00:00:00,0.046073287475735025,0.06161895561333286,,0.08173416474499451,0.03769634567481628,0.019710719333142945,0.0027945807095008934,0.009818433384239933,0.01833964410826283,0.03085034699935263,0.002496698455217272,0.03508078872030462,0.025378271346782943,0.011749333822393737,-0.03330142231947486,0.035984132652173706,0.025501921808070538,0.020346124779239805,0.07257285804296276,,0.020920727268607386,0.016351723861906198,0.05303952169644699,0.03256699915915373,-0.019006372108018366,-0.011399089992422784,0.0829843300281139,0.01710231903628423,-0.05976303832432239,0.009711436525270623,0.02536840770372084,0.012966578299754561,0.04282784995901512,0.01805736626805521,0.035945452718074034,0.017688906020520534,0.026930334303569614,0.0020727106485922686
2021-05-10 00:00:00,0.006606628914501478,0.009549467150005597,,-0.007555970623579489,-0.005650939581461123,0.012810296344092142,-0.009234470325222177,0.004035890601276959,0.016792363643503228,-0.010276689644238446,-0.02380985894556331,0.00026022253821467167,-0.06357843015311082,-0.04318276682207667,-0.022647046072192145,0.005551285690328589,0.015550012951901504,-0.011879256950775852,-0.006123895809128976,,-0.015027369857920858,-0.009741810953214247,0.005749754356922043,-0.01404699050224345,0.0007112217522775577,0.0025747151483703767,-0.02234906321366137,0.008407603761350968,0.009753417968749956,0.007075992443863477,0.002976943625940809,0.021161524830118017,-0.00929734017831052,-0.026199872955715908,-0.016534171759321037,0.019284453687273606,0.003300817337561268,-0.0009418439999768768
2021-05-17 00:00:00,-0.005568796046712121,-0.010050411985045637,,-0.041707950416534745,-0.00811863674674207,-0.01249996884465665,-0.01637990643740872,-0.0020097202363106303,0.008018187781273056,0.016240682886580204,0.012114140222628356,-0.009624985310507372,-0.0056256336032636245,-0.02382452077588393,0.0009105299284184465,-0.004258799271484093,0.015487192047252796,0.06097022605622171,-0.0006012999144022757,,0.005270288175788007,-0.013638351420035888,0.009147013888119337,-0.011540714570482224,0.018403221433770822,0.011612549192609123,-0.017703651039977508,0.01587293421527658,-0.001410866662460264,0.003479178477410416,-0.0028658307880695677,-7.234840450598412e-05,0.008060431075083807,-0.04154766283137645,0.06596898846022281,0.00435650967359047,0.003107405742427849,0.01598336882263407
2021-05-24 00:00:00,-0.015600008791149422,-0.0012551885080679392,,0.0052680600643639774,-0.004092586872218251,-0.01674487540251801,-0.009083328058810958,0.01226654302892971,-0.005342662151654132,-0.0018338632200017857,0.010283070875865441,-0.006435236793266075,-0.010144337634018674,-0.10204459057105786,0.03292324662965096,-0.004276882699033258,0.0005832521127155932,-0.01780652930671267,-0.01518795482516666,,0.0198676513574243,-0.012995915780086298,-0.012236521503196096,0.010658613701956421,0.02804091086243954,-0.01699789932725293,0.02047243676730459,0.0026831164304070843,0.02456248727708732,0.005710359350797445,-0.010162123581547666,-0.02282592608540457,-0.01638246042151481,0.006086489535452211,0.011404783327308099,-0.014747699825799265,-0.03218820775326792,0.0019751593260139977
2021-05-31 00:00:00,0.01117448562359491,0.03366910181201299,,0.026376374704522476,0.020752092831778368,0.008631588172985927,0.0129010558494973,0.017182090140305695,0.0022678901440749133,0.02152230699051505,-0.0019605613058091276,0.024453554195764893,0.01872288532064048,0.04410259540264416,-0.008623732766314784,0.018612784980119867,0.010690823018831841,0.018335367350107434,0.027087308156167778,,-0.0013529381704728838,-0.0004591832658593642,0.017702175369113782,0.0440780692674021,0.018305222419475076,0.008421301876734288,0.030692729634287153,0.00771282444700172,0.011668676595805616,-0.0006758706395164626,0.01524405998408418,0.008157153839870146,0.048990820077664976,-0.017160805210052033,0.019478298554854723,-0.005123741459696962,0.04158764050751684,-0.0012672502500505889
2021-06-07 00:00:00,-0.00020120005077317593,-0.04027910975311699,,-0.04948927644162593,-0.07185976383812842,-0.02058508666701686,-0.015920900078931988,-0.0014224182879614133,-0.00404909589117286,-0.040852945180317124,-0.005684403997543108,-0.014683148515768685,0.012333143716422468,-0.006090400078542335,-0.01031810267182054,-0.023582620246330732,-0.0005718957837306249,-0.013149846342760951,-0.02206210777835982,,-0.04551584084064253,0.002383667456087313,-0.012283702821125675,0.0025898598548281804,-0.0034523946426819885,-0.010689195360078174,-0.0024954105726799902,-0.003748800010962672,-0.019607871371787766,0.006283525586582961,0.009601599648014103,-0.008017708402498713,-0.025604436057139024,0.0032661331917382963,0.006916215837405426,-0.01627466717938475,0.00838651451773953,-0.0077546675895538986
2021-06-14 00:00:00,-0.06933286323033228,-0.08090927781475288,,-0.0885478285802932,-0.01821748088960451,-0.011925924296718238,-0.018051890379531477,-0.0425570951222759,-0.03120873508355071,-0.04420024752597829,-0.06994824071622752,-0.0024880690582270715,0.016195899078418785,-0.008499709505412678,-0.01445621742368608,-0.044145930672074285,-0.024656686781922565,-0.027880408797811618,-0.024094504715153175,,-0.020153374604472085,-0.008093106445554388,-0.06725016587210852,0.001033371831499652,-0.06880913386419685,-0.030613390348564584,-0.09556379553987104,-0.025713480255073473,-0.018609602821064497,-0.015369911927311852,0.006677597906455723,-0.02098473433110848,-0.04359928306151406,-0.06460502391009249,-0.010346208338249618,-0.05958381820890357,-0.08081731949214188,-0.039644944283006356
2021-06-21 00:00:00,0.04637217743314803,0.013188270755477127,,0.02474074921313152,0.01082408146259306,0.006572644016737517,0.021216572290128743,0.017841007948538934,0.005430645287674896,-0.0008410251651639333,0.03322023578636002,0.0357855560759377,-0.003714084674647733,-0.01963717331235959,0.06783186206608116,-0.0021752903026817094,0.027156773885483654,0.0071701116749187666,0.005346667508181913,,0.009849113997449477,0.03403525723184786,0.00469124143503219,0.011870833670687864,0.03502258833832439,0.01335168094328032,0.01567394187329918,0.01673640632271356,0.003923284677098016,0.006807760473961588,-0.004622996562623549,0.021888898637509646,-0.006753920705801497,0.031187156880949196,0.04346526962174102,0.02391427164425708,0.025963881270855804,0.02485794279797937
2021-06-28 00:00:00,-0.0018900845123904775,-0.013504579637517056,,0.007331725587700788,-0.0021852750186726055,0.01234703258042269,0.014944714714793195,-0.002577424010332119,0.0029462067438872364,0.005890481592244923,0.012335929095719456,0.01122918258766048,0.031239756213384595,0.011184529651116826,0.0050954655456383335,0.009894314998197595,-0.00639537822434455,0.00020938183322449788,0.0014078908440326998,,0.009179791432249118,0.009618979376150305,-0.007618533969558472,-0.02142316160588975,-0.005081818290131657,0.015009381553527934,-0.023057185497912802,-0.009180099310721168,-0.013677834331992766,0.01707560107164663,0.025016153586951084,0.007263414959634895,0.00208647304787668,-0.005841030331632302,0.025067509595967152,-0.011812069939769132,-0.07649541523940417,0.011405417891132696
2021-07-05 00:00:00,-0.0027350078646106724,-0.00511303259650342,,-0.028108900463951314,-0.0004380851645953143,0.02005408454048374,0.00886851010225187,0.005167940802800253,0.008935219731378785,0.007250621129474277,-0.016117810436157898,0.03366417055576587,0.01220205269872654,0.0006033704356924741,0.0009762038685565688,-0.008635040308482056,0.015804480861568937,-0.006908238875356187,0.0040612893351013035,,0.00021948398979176886,0.004986881073697713,-0.010648754949293071,-0.002606059875431166,0.0068520514044221326,-0.01681910324524527,-0.011707974978578117,0.01175292134526007,-0.006823714972674089,0.003827562222022296,-0.00897318547693493,0.008315084874745748,0.00894435318803355,0.00017055223896544902,0.008111125619751691,-0.0009506974785820077,-0.015777281721325975,0.0013560273446275861
2021-07-12 00:00:00,-0.0018986598327668247,-0.03498017478416082,,-0.049838683798698935,-0.0024101593414050937,0.004023896880097411,0.030074918071171686,0.03562233659407932,0.023777616812630464,-0.03488375474511374,-0.01616234398006855,-0.0048499746615517925,0.006341482194527348,-0.013264995141062497,0.02082622109284915,0.014429588980970243,0.018330992053171125,0.022743483336879367,-0.00031120740896117827,,0.02514277469158066,0.02592197683628239,-0.01627052684173136,0.028481745388196478,-0.03922305158455175,0.013140755667208959,-0.05058282984037621,0.019676267414604487,0.0313608366361775,0.04241391204293676,-0.005030181880247064,0.025395809469285657,0.01719516132901311,-0.05988950483898159,0.01033858645869179,-0.02923214036310129,-0.029318962164441964,0.008980698313657998
2021-07-19 00:00:00,0.003804839641399438,-0.003435837844763867,,0.01834497401651558,-0.013068097085762065,-0.009733142922558224,-0.008318877999577534,0.01081575206226626,-0.013153204602607937,-0.017498686097973448,0.0025445629948401827,0.031824945112453706,0.030292035374450244,0.01996128970097799,0.027920672399831314,-0.010824165018493814,-0.004055826643580507,-0.019266627828203986,-0.012916276464081222,,0.0052953853983925825,-0.020646712247639365,-0.002035419522098625,0.013465423553561617,-0.027688447131607674,-0.024801106291651553,-0.01564688482084342,0.009803973359666207,0.03459762792802712,0.008727804881321966,-0.005055524424755653,-0.005124144998501889,-0.01953407267141749,0.01802152874683083,0.03933897175892587,-0.0011203430900129652,0.011082225821666736,0.006145583743085492
2021-07-26 00:00:00,0.011581126407206765,0.029477954208465995,,0.03589538813704474,-0.019071140547388454,0.0011562929446318204,-0.020999215307689778,0.0003507577406265394,-0.04024569467208827,-0.022189570416114246,-0.0010686978443589235,0.014854731767390383,0.016339049028609054,-0.003594614127474971,0.0008394784442369296,-0.009091041386732335,-0.002119882995245237,-0.020278910917005732,-0.0011035404469205146,,-0.023842603378506744,0.00044236113716267234,-0.019122751547258843,0.02030593722138052,-0.11562903057988794,-0.018082071620202922,-0.01629776085927237,-0.02511948916649198,-0.020459042496337232,-0.001463234188251672,0.01717464033905447,0.023853768276352216,0.004674239165824989,0.018251755562232352,7.662795786234078e-05,0.0019630578493885498,0.013324844602698338,0.0008426465313222664
2021-08-02 00:00:00,-0.01436305280631145,0.00954442652133447,,-0.013783444047373306,-0.03247968543036339,-0.035458547075659985,-0.09556962751833586,-0.006838351464129144,-0.010943293253843911,-0.021797726209041746,-0.024694714333956647,0.02497929419964784,0.015087649942372217,-0.010221507797403273,-0.014977884207559189,-0.01681958576661402,-0.0016211410320217112,-0.019404931316065466,-0.0022095897252137897,,-0.0261285524828051,-0.018199172185949464,-0.03301294018616019,0.02579849180358984,-0.02531067420748856,-0.0087917503842726,0.0042953996598176225,-0.023553501013252376,0.028095860204125023,-0.01669332236919141,-0.00879204034361647,-0.005765150350715342,-0.024483305182274484,-0.003773663464514687,-0.0036773638130822572,-0.004757889292324569,-0.0010606150179348628,0.01880048049034122
2021-08-09 00:00:00,0.026399307858243626,0.03499737765387434,,0.03409097161528152,0.02080391237171897,0.019039697313385284,0.03610532895025109,0.010416653048750169,0.010301504651471838,0.049183020147195666,-0.02358319103113904,0.01862945238495195,0.0025830670233610853,0.03037359625354008,-0.006781375454777305,0.034041944197979124,0.0045356668633980135,0.011433697045761582,0.037171782010057663,,0.004665863671383441,0.02424014367998706,0.018010588362032287,0.025389465124927568,0.02535036655198386,0.03895496505406015,0.02932791859059347,0.025740572794330285,0.011859353525854877,0.01419066825551063,0.02398938442599463,0.015769791934311383,0.03737299090380475,0.07467537681058367,0.005574950949000179,0.15171516007842056,0.04649692577601616,0.029608366591152624
2021-08-16 00:00:00,-0.002674888331492209,-0.05544865341664673,,-0.07010227821430137,0.002315788063577573,0.013852548139800636,0.0095577456082796,-0.010309265011933189,-0.008056466735807177,-0.00939774934913995,0.004378053803805848,0.024943057448408634,-0.00836267217193054,0.008843485856007582,0.010961384203531876,0.00768715809649656,0.003511614210304881,0.007174052512854967,0.0089980260138669,,0.01074013221547121,0.012822305163857406,-0.03353577452270895,0.1018537457837918,-0.021206015257765554,0.010152113283302677,-0.054412305750541234,0.002051753190827732,-0.014064460295386327,0.011691770461537798,-0.0016731757006889225,0.010094631554709466,-0.0030339533378100914,-0.03335854347470113,-0.03112335565742652,-0.024050519862983344,-0.02008522043155736,0.016567336664340182
2021-08-23 00:00:00,0.02186911056370766,0.03375762055335052,,0.05456662546919344,-0.043437792122097085,-0.038479098577713255,-0.030577561502859063,-0.017478795632912103,-0.017258833999651224,-0.020160313064098045,-0.006593961709056018,-0.018845752007951466,-0.04059138568949627,-0.1147365246847738,0.03222491470544209,-0.04262032793384829,-0.019519068961295516,-0.03043383837715896,-0.04353084594005863,,0.008902984032967964,-0.013600554207751636,-0.006010646296002786,-0.03089049916271558,0.007375384875397462,-0.026724428771535802,-0.0058588525312053275,-0.02520084221557517,0.006098862728072474,-0.021534706480251464,0.006704692889805353,-0.019160614988265046,-0.05872945639649607,0.045057794677047625,-0.01327882816356385,-0.017888437617140318,0.013610625722288106,-0.0325521062879085
2021-08-30 00:00:00,0.029073377126805244,-0.006108710485021818,,0.0035008953619188876,0.039854958923391415,0.020311857696013735,0.028205722441529746,0.019406833266225387,0.006069373371903941,0.013313334858050307,-0.0027776026018552225,0.02711286929382961,-0.012430504175329204,0.021124416127611845,0.002963371180302987,0.0006929885374891143,0.013437528450896519,-0.0469725077238905,0.002528296609774383,,0.003131231094676279,0.03226980069662111,-0.01511829927251751,0.025500268853180907,-0.030201341880030763,0.03356022070738707,-0.003976440965026251,-0.002746734314752919,0.0025685810674693776,0.013876152580951429,0.039177199190454814,0.012226951853372636,-0.023954027822021495,-0.03613698504958396,-0.01954414231502888,-0.0035666632025699307,0.05796204364993618,0.018632342921455436
2021-09-06 00:00:00,-0.007259162254924401,-0.0051495157199203945,,-0.01615199805851608,0.0023229728908755742,-0.019907499401095263,0.0010030212367670988,-0.01974264606176046,-0.011166829093585351,-0.01194397179661133,0.00981928289666345,0.005642589861614589,-0.019779750862487955,-0.02801420690135925,-0.016373969281958445,0.011424504303044536,-0.016461765514866777,-0.01167946981129886,-0.0012664552174193044,,-0.011634469773617262,-0.026287855428205553,0.025309099052008843,-0.08531630199125717,-0.04860016468541806,-0.028723983738139225,-0.030012724116985634,-0.02414132343230324,-0.017011719931953162,-0.0035928954517133738,-0.02384536447812935,0.0005555330305828665,0.0037309381044265955,-0.010213233436972224,0.0009415143271247484,-0.03837130340858941,-0.03587458033201518,-0.022512479941061647
2021-09-13 00:00:00,-0.03932818201429911,0.041743107932596724,,0.05831370931825952,0.0009267867215658754,0.010639621201290694,-0.02115767519117162,-0.02103942369425138,-0.010514216924224384,0.011484006210154662,0.0043942810912276364,-0.012146232243230082,0.01861950719134109,-0.009976738000364471,-0.04715375127462518,0.008386017461723183,5.7132553528571606e-05,-0.006854211966178747,0.013069910679879504,,0.0022969367873761914,-0.005632773941800395,0.006055584173348727,-0.04054385160492924,0.017854260872341543,0.008415990353621394,0.005047258067971683,0.01178807775500279,-0.01334444123990075,-0.008555389545766956,-0.01651057412742396,0.0014569048333867851,0.016025098238292124,-0.006138925769757719,0.008710204709347913,0.013502616948724455,0.0034379804727739938,-0.007951394344739016
2021-09-20 00:00:00,0.01515788578782673,-0.04215413485928432,,-0.022462173000434515,-0.017596660955546017,-0.007297634034077349,-0.009211791132089475,-0.0026316654481980395,0.005247219922402957,-0.003585543861167606,-0.010379346371899523,0.01793209091266057,-0.01980996041360661,-0.05340943649603114,0.002407080874505807,0.02749496519351835,-0.005883407125332418,-0.029033836626665477,0.0034613443066970895,,-0.02979099623196746,-0.016200573692135234,-0.0043774062367517574,-0.0234488121754437,-0.012668620010702014,-0.019937214690727623,0.015502100967407006,-0.00951750704301757,-0.020076094020840873,0.0004545681839116522,-0.0003925693273240105,-0.0054733015311182465,-0.0316258411253153,0.05769489463088884,-0.021202464078284744,0.005408381820711572,-0.0264007362715597,-0.01077845409491096
2021-09-27 00:00:00,-0.053652534048195144,0.01740294798054176,,0.04760687151064569,-0.021211377899685302,-0.008917705937239728,-0.00024292260272906763,-0.016144028508830788,-0.013702120377818039,0.010494927391437203,0.0040447691302520905,-0.04151803070757165,-0.03904263784420681,0.15897802573760966,-0.03109309404760452,0.0013214421894369721,-0.018731259041048554,0.0022057456289679145,0.0014111390404587532,,-0.019781522585715083,-0.00609069767383974,0.007969292958970087,-0.02101056680504443,0.03306468323940992,-0.04541690886192451,0.01333042139619578,-0.03561968417821293,-0.030838911755775134,-0.02107678238297428,-0.056374093222922306,-0.02765569739645568,0.004869399090464022,0.004224617092303706,-0.05392646814912483,0.027420607725602286,-0.03125646303192686,-0.042746486768497904
2021-10-04 00:00:00,0.01897078681424902,0.040954026732449744,,0.022297733015215426,0.016373742478749564,0.011065066087307951,-0.006321504013477197,0.02074671222577873,0.00013220463228380552,0.0005933474926498317,0.028948934750696598,0.007851457377575422,0.0056878713838033335,0.00887931299632827,0.003315247716956682,0.013856798035099205,0.04081275047229194,0.019564614956456783,-0.0184750672788484,,0.06118099674570132,0.005220059880895578,0.0027262105078149634,0.008431257410394633,-0.10206999683777651,-0.01734610990286556,-0.007638309935887988,0.02898380380758292,-0.0067868338784173865,0.03365358001131025,0.004652862316576467,0.01540321995240479,0.016208591506006842,0.03732835379182364,0.0021015013863621146,0.003319937368542636,0.012393124644817899,0.019044072978110504
2021-10-11 00:00:00,0.0421569595431317,0.010428085312242263,,0.01493605225705763,-0.016323938065999966,0.0036080017234272344,-0.0014681662077145052,0.006651966665781384,0.008731393777537733,-0.01393836005352267,-0.003232264165073051,0.001195186579214802,0.013441505746127458,0.004248843454006446,0.029225851315258344,0.01976047286576743,0.010464042866843881,0.023267284369915986,-0.01435639423061652,,0.0077055366910032674,0.0034621966147991845,0.005437825509674754,-0.02229544265510619,-0.002660091190596292,0.008297304251063675,-0.02458852777166287,0.010245170807497317,-0.04133521844708532,0.017817178778574805,0.03167291574419995,0.018979879028742097,0.003699783941253365,-0.013557187286565853,0.0734382129653599,0.014127655939500716,0.03250315927342129,0.006372639515953127
2021-10-18 00:00:00,-0.009856075264129127,0.03549650810755911,,0.0316515482921611,-0.011175765478587896,0.01473928843066008,-0.01102653376625784,-0.0005507549667246314,-0.00983594351043282,0.0027068888810442004,0.0020552582423678523,0.06543010785473768,0.03529126929282711,0.03908537336576501,0.021258135762458386,0.008365383857569464,0.0138633184588135,-0.009577984158495534,0.005340672248443923,,-0.01840832050078134,-0.002175097624287914,-0.0162249055317214,0.042498225044173,0.05067562945816473,0.013813803780948541,-0.025865810236306852,0.0061512281552393855,-0.009932209113515778,0.007304272699658831,-0.015146962469952285,-0.02485818813275753,0.007290195053382131,-0.04305540413551856,0.04159366032684897,0.03539164077699275,0.001635406366826464,0.05542512306284153
2021-10-25 00:00:00,-0.08523422176125073,-0.029900403252203778,,0.04879401507891101,-0.01842754748025688,0.031648697669929504,0.009724938866624955,0.03526174302289431,0.015248481186970642,-0.034193178967322546,-0.01180481436509151,0.01981367301396819,0.0054922234363428135,0.04469220108731631,-0.010102632408134471,-0.01403962436555295,-0.0370675373081788,0.00737920492272659,-0.013200284654469652,,0.041257814941807025,-0.026683635276976925,-0.013469095936536779,-0.005219975217927608,-0.04467758772634345,-0.006193419752975604,-0.007875666298321482,0.0036352897711002807,0.0031865529608090526,0.010189521302762516,-0.024153585451378023,0.021631996121337815,-0.0008945409855481978,-0.022623109124996765,0.014417980933987051,-0.030666648500566107,-0.04040821489949997,0.007280533622505692
2021-11-01 00:00:00,0.024710842469394034,0.0038916733641407575,,0.0030225333653912667,0.019524375353063617,0.016254471603200482,0.008773012014882342,0.008337721995632652,0.02165619409656583,0.021869142690206678,0.027120459179765355,0.04559150436823778,0.01855371007315365,0.02078691369120178,0.07760634030095281,0.013754134028671094,0.00022806145942988465,0.02103035509139861,0.020554632141680518,,0.00803536983398967,0.02115984841304641,0.05433267977284939,0.057471088476707566,0.021434878048390393,0.012464133783655074,0.0571557977867414,0.025024568223272592,0.07799996768727024,0.02722764746736006,-0.002538618955962302,0.021330056817952414,0.023766883739564815,0.0573470908387832,-0.020606862869865794,0.019882277103170587,0.06763086597784529,0.005421065096765432
2021-11-08 00:00:00,-0.006194748779581372,0.022329148296240886,,0.023784036562580546,0.020132640155730686,0.012840711243574665,0.017028233925865166,-0.004046324529291767,0.0024411704189255534,-0.010432572517397043,0.020218223325825457,0.007893048273513337,-0.0027921638738426235,0.028000016645951753,-0.00795426118122422,0.009417448201265444,0.013113767458137637,0.004859776362352797,0.010549947725994047,,-0.01951625808110502,0.012705092682907315,-0.01638481974943473,0.0025992708762394567,-0.015943546751554738,0.006524779354790233,0.02124004220289777,0.008352154490145924,0.0046927896765787125,-0.020180959570343493,0.004878031860826582,0.003560787398341425,0.010494417757366037,-0.06272286474069189,0.022613631530603362,-0.004046099266698855,-0.013147455679794473,-0.016441670333294356
2021-11-15 00:00:00,-0.03383784691994751,-0.008949003442829562,,-0.0107222427536805,-0.02334533155963958,0.028571675061736412,0.005661208778188209,-0.026143813947906436,-0.010637225759745683,-0.047442024684609785,0.03970673773619349,0.032136587244691706,-0.0020000069684226185,0.19349137361619406,0.017679861833117094,-0.01897536832729063,0.00922962280854045,-0.018194179247281617,-0.020405000299610232,,-0.014297624493657235,0.0039579548564236955,-0.05051039050372408,-0.03148338933254413,-0.002477475218156666,0.02703012084462042,-0.035504196994722625,-0.035998807778007125,-0.029980388659898383,0.007132127413829181,-0.046010978200741404,0.0017740218864958912,-0.014362283641980889,-0.026768267487313202,-0.03584341481492059,0.003447164912918854,-0.04251088520819335,-0.03634252465426291
2021-11-22 00:00:00,0.007834016465408267,-0.008908868631951616,,-0.033270119413855714,0.02316404156069307,0.012034983225392759,0.043298487635228255,-0.02539461913662766,-0.0018133740698722534,0.028645972075144188,-0.02582844941937823,0.023117644330630016,-0.0005790493884511028,0.04556901000696567,-0.05243027544274104,0.011605320018043486,-0.0028519297572533464,0.00422234413482081,0.0276119297394104,,-0.005119301612748539,0.006173789458599588,-0.014431233230800533,0.05502561726450028,-0.06421848272785635,0.018697141985530408,-0.006752318069038754,-0.0044612234651459914,-0.025195967783964268,-0.01629949428034394,-0.01902671074865525,0.004427146158948014,0.05341477064233913,-0.019414631754170353,-0.013113640173915364,-0.0020856960046110595,-0.02298832884816482,0.017627657304681632
2021-11-29 00:00:00,0.004115212947680913,-0.029037280218270234,,-0.042661453437380925,-0.009393197155435962,-0.010820481914699753,-0.03472807611584028,-0.003536070095860877,-0.0037631582068077263,-0.007278508611857082,-0.01364910978802214,-0.031494438505897726,-0.010783349597749181,-0.02884279857284744,0.002841281333185952,0.023422606730820084,0.00949859021861621,-0.0018687486798919517,-0.010056586422596547,,-0.014580108810348325,0.0008870985404965115,-0.023258781378181825,0.006722250118887718,0.02331757612113483,0.035071413971969,0.00328947368421062,0.00016582029640432872,-0.038483698863557736,0.022154820430288158,0.007893642087984043,0.016342285527889633,-0.01672380080415825,-0.03781122747738108,0.004055722474494372,0.015490461519481746,0.013725405394119594,-0.05100080507502547
2021-12-06 00:00:00,0.026639571525767902,0.014712919816701753,,0.0033480007387443056,0.0491127821136188,0.03595794027702137,0.0022001412035250745,0.05932828516572486,0.03516979070538184,0.022633195388281013,0.04036448553342442,0.05651051503529225,0.0018018789176634797,0.03291017211456171,0.07974873251408154,0.008251573126549339,0.038416686135024136,0.076526988503125,0.0036748939079329634,,0.024659334223621432,0.005022395583548667,0.01516058651464025,0.026940000847360146,0.05687275529440905,0.022249896588472096,0.01836453247523462,0.033189559573114424,0.06989254858794203,0.03279569468771126,0.00738430716036742,0.03722968129834281,0.03199766461964759,0.05272946956712676,-0.03792878434564717,0.024033845864996684,0.06382972658812314,0.025598325192674798
2021-12-13 00:00:00,0.07008189469007098,0.02868395635650489,,0.013462233141384505,-0.000695383096666391,0.025509487183006163,0.03340674191601134,0.025764039708130237,0.03787611026515636,0.07793008138627688,0.029449170564015414,-0.020060386580165734,0.0004495713738441598,-0.03694804390521078,-0.04269627261252518,0.04462642271343653,0.005951281007565701,0.04717379884370576,0.02922403805701168,,0.010192449723755326,0.03285373487844123,0.039824143901378894,0.004259962744078916,0.017353125796627955,0.039885130008896263,-0.0322302033648858,0.043366603615468735,0.02311557369381445,-0.003965149113967392,0.03787193758139362,0.012865206707953325,0.02656505790732222,-0.0211756824380539,-0.062431767383889336,0.015693574045043013,-0.013131257169927135,-0.012205530391162345
2021-12-20 00:00:00,-0.03212439403890999,0.002604694433581578,,0.023614848016270118,-0.026901537765364636,0.014680484555486872,-0.02486224440307061,0.008487730782089864,0.003758353543558579,-0.036148052172709444,0.00738906128046013,0.005040264186062515,-0.005258333116646696,0.0049882089146604525,0.05789694558131386,-0.02453809649705685,0.004477235784305478,-0.008303792825623546,-0.024515253776255297,,0.007287016978639205,-0.003444179907140854,-0.007321804569000778,-0.03527562519540417,0.06392157074065108,-0.011581180140087577,0.01899869469175841,-0.00030796566170498973,0.02423044667930241,0.008793850988515706,-0.005564482294431294,0.01676624376567526,-0.02507131113056349,0.06295953342816873,-0.010299611776438788,-0.00245787389025931,0.03336737870002526,0.005333243818424815
2021-12-27 00:00:00,0.03426078054282744,0.03285439176909044,,0.03549234026511883,0.03574809427508474,0.029840196842657152,0.026673610825228344,0.017004614929931883,0.030800878813425747,0.02460252125593887,0.028396964053280627,0.031487935649125776,0.06551298073769352,0.02569346184278065,0.011502988840675021,0.021063579811296806,0.02658400493259605,0.021771042969863652,0.024654111515413524,,0.025598216703446086,0.029015972907237897,0.018439875675581252,0.047442778589459556,0.026396822937734266,0.03848245285598795,0.01667033657728645,0.021096208047011178,0.023444209969010865,0.02314740894410794,0.03619623503285618,0.021736413226911555,0.021279765001473105,0.024787883204027805,0.04719246673145805,0.022764716599588564,0.0332806174035456,0.03727882218080558
2022-01-03 00:00:00,0.05022173603389013,0.0328450995547831,,0.03920321495438617,0.054993150901173626,0.0107319403316406,0.03177331407903994,0.018915721603614877,-0.010546180682199147,0.01756949883961112,-0.019086066284649927,-0.055522337653965526,0.010346459427662102,0.003131244150499146,-0.04124801097500408,0.01766121567567014,0.012301610182929412,0.021306999559777218,0.03384039314410314,,0.011937043763891486,0.005737519754701159,0.04038970048515189,0.06319044091597159,0.10823600877034445,-0.002038513854556334,0.09255665651267186,0.02410077660642762,-0.020616444586200267,0.0021300408593385445,0.043578802128203975,-0.005135122021269978,0.05544104315199139,0.024315696571174383,-0.002851636040081207,0.04417156421577806,0.032208610217498324,0.0013821040955259711
2022-01-10 00:00:00,0.020896048933055633,0.024924882051917674,,0.017419147187826223,0.020114501781290706,0.00598430468227984,0.03724291599477758,0.017569992411472724,-0.011724294994433615,0.010359839059173481,0.009992685947269209,-0.06190093021767351,-0.08730728764272655,-0.07200630442560074,-0.09263806759736715,0.027043819883146414,0.018789852979370414,-0.015446317630102402,0.013963933639349335,,0.058423459744613604,-0.0037568313810751874,0.017938498515685852,0.02078128287424641,-0.018650365917503242,0.0032278854405107804,0.020734597250839926,0.008142204874059589,-0.044120710229650806,0.00896154161291074,0.04276792017543429,-0.01800426393182286,0.01255654753538038,-0.002481196640183092,-0.04064480486729771,0.030216309443714673,0.00854371795797837,0.0011733136521299148
2022-01-17 00:00:00,-0.009643794919248494,-0.03647811047676641,,-0.044372355791525986,-0.023285880629070332,-0.007867928564247006,-0.04287235013071322,-0.015311961373058902,0.0026364144686379376,0.003987079214373024,-0.030686829829903006,-0.0425057573025015,-0.03178554601418959,-0.03501257004158753,-0.07772080405685122,-0.012446273410601894,0.004109763215089712,0.006303405245087879,-0.013623523895959333,,-0.0369142264609682,0.0008379869058099398,-0.026828098483770324,-0.044788312044022005,-0.05977074938573124,-0.006642603975202777,-0.05939263827682795,0.0038179450576429907,-0.047714389286976244,-0.00808482329245408,-0.004449606948648155,0.01758325091628654,-0.013296405934088429,-0.029828378738202654,-0.01874441421280737,-0.04084877167494616,-0.03314915124674511,-0.033572287752362984
2022-01-24 00:00:00,0.003179570543140775,0.10124753754231208,,0.040920005297274686,-0.02384121955956009,-0.0038682810550882962,-0.0652856448379644,0.006451585662106352,-0.0020181461662839295,0.002553428082165299,-0.020580061419554374,0.02246635519105422,-0.02783318585563388,0.017903842795915947,0.02279322654246152,0.005070322727661836,-0.017569382840409653,-0.038672918983064575,-0.02026731428657902,,-0.005022488383282897,-0.030700574486952292,-0.02567549521077883,-0.0735292482373966,-0.011880851390339009,0.02632960990140032,-0.008432729690889595,-0.028379249039791277,-0.003620709858020321,-0.008896892295003012,0.0058297323113589705,-0.007707384622423263,-0.018852142515955128,0.00284182946262046,0.0019333269854122648,0.015233798631888673,-0.03885719463907522,-0.019045474713092814
2022-01-31 00:00:00,-0.005744705911746806,-0.0027660429126921127,,-0.0009164983974522256,-0.025554042437973212,-0.01961178655368867,-0.14733953271113598,0.001972327088252346,-0.023238958245253905,-0.008486871491533376,0.005422557053148758,0.05552063538046137,-0.009641394389880653,0.03891353246355034,0.031469108655017175,-0.021043538310818954,0.030229120318316927,-0.005293296168379258,-0.05638988574220827,,0.015940450238748793,-0.04506204127735791,-0.036061163612294056,0.029905541243807843,-0.020143733547357212,0.03563070481536634,-0.010371297316830508,0.009033176334013016,-0.011956355318916034,-0.0010422200874621312,0.000676341064566488,0.006417542714309388,-0.02597486210784672,0.014556524403371851,-0.01667666160822856,-0.03296806923550033,-0.036860666679949805,0.013161735335271763
2022-02-07 00:00:00,0.00358619191812215,0.010038367221980593,,0.036595264588506815,0.024599692182202704,-0.03050100638015074,0.018598289645441968,-0.010990803977856012,-0.019600658813298644,0.027641943741236963,-0.0058568606729731965,-0.01794553822240308,-0.008549131169099278,0.029515222267474828,-0.04014682433876249,0.002061190677230318,0.011884827636865936,0.020008447603851787,0.0368628034867291,,-0.005491691892331563,-0.0024872785716738566,-0.0005754599688483353,0.033504692639016564,0.059815742035360664,-0.009633394707587839,0.04359672125461045,-0.0047745407117569805,-0.01767704173194584,-0.02266806397233101,0.04218548648887932,-0.03243996074741051,-0.0013883201609841134,0.048374702471741804,-0.011586647075768286,0.10986509218408735,0.002057367008622135,-0.02870885588190486
2022-02-14 00:00:00,0.027198855632220464,0.004259593134015693,,-0.02350263144951059,0.018120026339141004,0.008988830049733831,0.04519574885242483,0.037319741079663515,0.0002515230729562834,0.009246102606322415,-0.08221323275388626,0.005886071301693496,-0.003289657160308934,0.03936552390621473,0.007380998596509203,0.0013224404062341932,-0.012671261545761259,-0.009807981321553916,0.03476898129481509,,0.011832683554401147,0.006196428789597697,0.10739985769147764,-0.014696416431519088,0.0037734748759703507,-0.029379600788292493,-0.01586647110498296,-0.010494735827424662,-0.018478337588164195,-0.0051607582751531655,0.033808829606808644,0.023098079949271932,0.02432730761297308,0.011868732750024202,-0.03389103030298424,-0.05837331220449782,-0.04291570368397324,0.01965560570610081
2022-02-21 00:00:00,-0.005025086692561298,0.03285781757844308,,0.06485953274560519,0.005339242292379254,0.0018815009575996466,-0.01972752410780032,0.004956731762451261,-0.017724760634600822,-0.01860049135299724,0.005513045933790872,0.009401795196465779,-0.004900524740359402,-0.015051763872903856,-0.0087790159893949,-0.002347662374233228,0.013043584704965472,0.02128558650646295,-0.00590288361430058,,-0.004677702621832425,-0.010063630849482363,0.03302140002394438,0.023729447294831063,0.02015046996094183,-0.016157060007706447,0.07999980888604119,0.011515248790899824,0.04060542867069694,0.003994939032757827,-0.05707380067427603,-0.010381363814218614,-0.012375079357813235,0.044284798011560156,-0.021070621039848803,0.011921529784381324,0.0011989508491649925,-0.011667581569873575
2022-02-28 00:00:00,0.03904427104501451,0.049429628816242355,,0.029755645604767844,0.007966329276381412,0.020162194495695562,-0.019243903133092433,-0.0044550034020084395,-0.00998205876123015,-0.02687404862377063,0.0028566479998708427,0.015478587154235113,0.060254131960671975,0.019759746471357698,-0.04679538426100127,0.0019119196269039573,0.04160145909509638,0.06747837639734056,-0.01111449278157195,,0.015143735371217604,-0.020332496798006305,0.0027688284992586354,0.2686181306415474,-0.14475231966554425,0.07483624568940095,-0.038737576751458724,-0.043888559482376466,-0.0384297033431219,-0.015619545638104193,-0.05169124154451854,-0.01959058689922022,-0.025424178151722043,-0.026246530374071653,0.12488699438302286,0.0014994718538481333,0.03290031058198295,0.04722105371490337
2022-03-07 00:00:00,-0.05627230406402384,0.009661796048668458,,0.014863388588600701,-0.07420408591255201,-0.05502038287862965,-0.10073235362552713,-0.07431688540082626,-0.0464064344297479,-0.1250001187819434,-0.02421219817818876,0.003653693827916138,-0.025737033043269797,0.024743869948789854,-0.07511638111881802,-0.08587785351377675,-0.03820140464392663,-0.024164004282833496,-0.06977354163516247,,-0.053240909738718756,-0.081625914986312,-0.06224913506359553,-0.05174747136035818,-0.13633230744446267,-0.06662803673608186,0.006498881066977269,-0.07378986396033049,-0.09960647447760174,-0.0664184112835271,-0.10951899961599743,-0.07683379076115726,-0.036926476480179216,-0.08403950754598666,-0.07643907894773516,-0.05813390591619394,-0.0058675980455245025,-0.005251220837507065
2022-03-14 00:00:00,0.023771821494730005,0.004545412386364633,,-0.04566533255293981,0.006165460994280725,0.018812426037586816,0.028196161693402777,0.037638156159347735,-0.021282282370235883,0.0544850133480379,0.06375078400336442,0.0643318686255665,0.11714918738762359,0.06903818257054439,0.04783703232016867,0.002248210538549511,0.00996636465608347,-0.02416786258981274,0.015204725619785586,,0.027166686976624943,0.028248160230530006,0.01762068328798705,-0.0012524733262410104,0.0892038537862978,-0.0029010159227877974,0.04210923318113213,0.04042639592810704,0.10065549022558073,0.058934293348720246,0.056599450264786855,0.04838703031956504,-0.00597627484915908,0.043947580314573464,0.09218736953392859,-0.00570507962493505,-0.0016861983601752506,0.023720515903776995
2022-03-21 00:00:00,0.0375388065819553,0.11324115689888847,,0.11724323508869272,0.04949325735886956,0.01062507295342141,0.01965192020323947,0.03163070994129202,0.03573404011794801,0.036231884990844954,0.015402921342031028,-0.010047081970831817,-0.03553552782601821,-0.004835493514601996,-0.007151325089844285,0.0797948588360824,0.03695641357728685,0.029232674271042702,0.033903903914632716,,-0.006083042786006132,-0.004716533191962968,0.04439124308313369,0.021139263729299307,0.04836927750806663,0.017456490478435338,0.018882232478759198,0.00016254149940442275,-0.023452034688328016,0.015050048307886366,-0.004792390631791044,0.017849003988337886,0.043882130739609115,-0.004061929012234233,-0.03291311530175811,-0.0024098857107817118,-0.005067675885173095,-0.009867832773616247
2022-03-28 00:00:00,-6.140824478351181e-05,-0.024815390367682322,,-0.03779549443702057,0.01167750022892955,0.03460239870552817,0.04668023086038331,0.021777988102206658,0.02193081917711792,0.036181237460774174,0.01874387907116737,0.035738058711135556,0.02180890055741469,0.019308157681499294,-0.0017462451070816565,0.02166494807578645,0.020525297369583306,0.033924935895021324,0.04441267042177288,,0.01756251231395023,0.03949117582281825,0.01628925092806255,0.008421092315187284,0.06955605668191,0.04084967439422793,-0.028539675628670325,0.032672352053139786,0.04383741691763521,0.027354213508949288,0.049644130781767215,0.014787416795735586,0.0285736227230462,0.018539094744205897,-0.036915114088546974,0.04727947840155022,-0.06918501764482266,0.052701124821265655
2022-04-04 00:00:00,0.02656048688723245,0.04475155550367771,,0.04850163852403511,0.009323204451020084,0.020619573629494292,0.02569496622482026,0.015269670206178754,0.05011784898887317,0.012323942078821037,0.04599715762787371,0.0425144786065037,0.08616876525076167,0.021890520312958905,-0.02831506886430757,0.01917194685713408,0.022626479920003106,0.0055322438254929995,0.029720940860060274,,-0.01055296009594986,0.008398028713729078,0.025294071607028457,0.07289488268854649,0.0838235808827319,0.0019623545857261337,-0.01640582676953517,0.0035235397349724362,-0.006451597923950336,0.0198515617705064,0.03399469797852417,0.03230394821463345,0.009380998733784729,0.04425883938954889,0.108293005920435,0.015377785214015338,0.03556760884756183,0.04238134962784024
2022-04-11 00:00:00,0.016078252196943588,0.017427813429261363,,0.04828746783081872,0.024500597247667733,-0.007733140948953499,-0.006348101688703589,0.018643202583320084,0.008598152010797167,0.032463763996370965,0.02847083101805037,-0.016082511982968617,0.014548770910328246,0.06217778662327178,-0.010388777795533932,0.01813508095601679,0.010101802151011086,0.01866632477042085,0.004736551607668726,,-0.010889623950832927,0.0026965960160358904,0.032975248374545574,-0.054321275446613804,0.03588104504459655,-0.0017997760769015159,0.0785491850487472,0.005047409762249266,0.01188426315446578,-0.007104593195660258,0.016988144669245697,-0.00955642748021035,0.006412300689963235,0.008180405533730228,0.0165424016587703,0.032561496800756595,-0.01343021650440046,-0.0020964949281432332
2022-04-18 00:00:00,0.010003762132999805,-0.04880814927048427,,-0.04856403741890236,0.016017252232380264,0.0013637857489854355,0.034897165205206804,0.003537428410438359,0.001976836273945848,0.01403693319995969,-0.001829644191486124,-0.03165699295296465,0.0001607930246705358,-0.032129427682996314,0.000644394278848992,0.022278741428864546,-0.008142293516574473,0.0028074959525619114,0.021361458386898846,,-0.006444827713293244,0.09563387092332887,0.021045053216476317,-0.022633865712528234,-0.007422420823543496,0.006990248398771826,-0.033087504243484056,0.02102924662094896,0.037050554833169436,0.0014542601962379553,0.00904002859061559,0.01690102569224239,0.018254687575480766,0.029326645765237913,0.018887001558690386,-0.005552461894848704,0.01629126304077544,-0.00140040006298503
2022-04-25 00:00:00,0.0007202532305734533,-0.028422686271179165,,-0.04086816741527699,0.005965314387436971,-0.05088050367392383,-0.047660040938280246,-0.009808512241723077,-0.044366632852114174,-0.03294559502699457,-0.019405490071167764,-0.06993171554235822,-0.04533590393477349,-0.030091398767836175,7.560219991753492e-05,-0.02441386581966687,0.007272265047610915,-0.022209897541423662,-0.011971871777940013,,0.010810732350858832,0.002309970867284905,-0.01273732431527208,-0.053333213696772463,-0.03079169155977246,-0.016718852370061654,0.00688108633390172,-0.008914655245392589,0.00035024843855735455,-0.0025556063177616384,-0.02619551552003363,0.0012448208292765717,-0.037331422411753024,-0.037387445993781854,-0.053914283377763494,-0.018541865068313568,-0.06895044674060491,-0.024671772494481048
2022-05-02 00:00:00,0.017995203786481007,0.0018982605830213384,,0.018652741148324603,0.051884611618203236,-0.018757487118980176,0.08121243685834534,0.002012149940579633,-0.0027254832270240392,0.02792503241798694,0.005607752656252796,-0.05179613724286525,-0.01671371663744281,0.011942151294864978,-0.08997945526521822,0.009472726627503203,0.001240280654200232,-0.007253298857571311,0.061751751000580724,,-0.011764759692686422,-0.008859575171114353,0.02251937144008065,-0.0020387783758707423,-0.044629400367610095,-0.03012820381801895,-0.018470685987238,0.01938581072790413,0.01155459687492244,-0.007571022453094045,-0.01059982564450157,-0.02834002978086747,0.028554726519062434,-0.035095846379586515,-0.015044790438355493,-0.025118175494935557,0.037499902601547674,-0.022419678196418102
2022-05-09 00:00:00,-0.06240038563153072,-0.048367411919991166,,-0.04903242378813499,0.017716950802745934,0.025279432661987178,0.028192887281243806,0.015137457735086901,0.020302029501510832,0.008429294752419825,0.009153774849250507,-0.012098727148348254,-0.00526627652457301,-0.03035467797123359,0.0003744053390202229,0.02380938699098767,-0.0006193721318272782,0.023072570306484463,0.0038499547371395604,,0.006764142156881148,0.011337076065480511,0.016058754019476096,-0.008542107142917588,0.009772019714993752,0.027988466459635264,0.05250302368934889,0.009888904815777089,0.025614414071818636,0.019423778251704826,0.05548811097283468,-0.015256622758932581,0.024069928771181415,0.027279273994134545,-0.024332815740952918,-0.009028873422105788,-0.010002295438316988,-0.006498134863521132
2022-05-16 00:00:00,-0.03676480962880202,-0.0162781293873987,,-0.001825135962530755,-0.08941645230020534,-0.09333098737541701,-0.126232124192184,-0.07212416028629864,-0.04170923832437956,-0.11618843639103238,-0.057930233538125875,-0.16256760174413531,-0.19252775232323305,-0.19774151725210065,-0.013228325950692121,-0.08331048800375329,-0.08379436195928647,-0.09302773471839165,-0.07218189840538891,,-0.07067978752657311,-0.0777521274066364,-0.13366459034496947,-0.08505680941838623,-0.005666535905151537,-0.09923209942968847,-0.08403380607288968,-0.07818625619835506,-0.014174846944336905,-0.06625603829336313,-0.03140862526720689,-0.07700803422230584,-0.12518292933572184,-0.09146714173067816,-0.2929504600444869,-0.05244437781952582,-0.05947169083170545,-0.19486662915476483
2022-05-23 00:00:00,0.0653748531294649,0.06357029382493096,,0.0535689071346408,0.04736027596309467,0.017802767190379543,0.07527132471179976,0.060675631570792365,0.04964745369391066,0.04508201823524094,0.0503624812694472,0.13046617728382603,0.21737725743356417,0.29027215783420646,0.061759567828680195,0.042978610041048304,0.03167626052155903,0.007666855008558349,0.030557881885558524,,0.017351000051539556,0.03966016401657391,-0.014073306886313586,0.08836811680799928,0.07630195781601579,0.02900814769025639,0.07651780533886843,0.042000405886984726,0.023279709910612567,0.05893599888025225,0.05753827061729555,0.048875049075040256,0.0019153627782928506,0.09742799751687481,0.08025812959035727,0.06754225147327642,0.0796741620090069,0.07785242602283504
2022-05-30 00:00:00,-0.011207142163290662,-0.011469784246442516,,-0.015080205754161247,-0.051441536056573645,-0.017602105565655668,-0.0661017815127789,-0.026437841234951187,0.0008876088755660483,-0.03469076263268156,-0.012098519180029021,0.011661889277280402,-0.006261467221947203,-0.031030273437499978,0.0516996324720056,-0.021462204479146818,-0.01613284413196614,-0.07217766966631911,-0.029365335679664595,,-0.007106385909220636,-0.014914050640573384,-0.03072229698441442,-0.007930369884818544,0.002647411574512981,-0.033247415028963334,-0.028830485954164375,-0.02117311358293328,-0.009367640850265313,-0.040286538143533,-0.013555273550000746,-0.01902903932794675,-0.022142638085347666,-0.002722513920892955,-0.03649638310461323,-0.0398726632840638,-0.01304069032131705,-0.024595309185860614
2022-06-06 00:00:00,-0.09067250337999277,-0.036742037682730766,,-0.053367591959117444,0.02624094578281677,-0.03200364618899598,-0.05601960009644458,-0.024773824201911876,-0.029139790960724832,0.01781241771045372,-0.01742502726403594,-0.02717054789582385,0.028244138059704493,-0.024268230950183156,-0.05578673951752655,-0.0001461003556519902,0.019935074569932043,0.015957557657194643,0.03602652564115627,,0.016031971463487116,-0.027997634464639876,0.031680484795796326,-0.02759804263145038,-0.02332393011711542,-0.02081225049809088,-0.015944579879611842,-0.025797070406665568,-0.0201508598292246,-0.007276993823170486,-0.030231174337303046,-0.02700678667363854,0.04593956356605533,-0.027774400565980684,-0.07060351307510804,-0.032521479615019167,-0.037088523401474505,-0.02888598920759422
2022-06-13 00:00:00,-0.07417255934526801,-0.08703361248169972,,-0.08750936746684879,-0.032814890878523295,-0.04388822001255277,-0.06392068258422534,-0.0322422602030511,-0.03379880010649727,-0.036843678339160024,-0.04763886806474538,-0.035872267369847055,-0.010970106234705512,-0.037884638859675523,-0.04669706205528101,-0.03144199062468089,-0.03430986394968505,-0.02508740632316675,-0.029318720129645204,,-0.032121725850725036,-0.038199196992503404,-0.04993325108884805,-0.0957134786781676,-0.016821932535573514,-0.061832269325482137,-0.037638510967006655,-0.03289491958783641,0.012408109141713197,-0.03359585974227297,-0.04280270651771645,-0.06755880161470729,-0.04820502235734181,-0.038334954859026715,-0.06928564059891651,-0.01271686535944827,-0.053442503765902205,-0.028019695949869527
2022-06-20 00:00:00,-0.02351881421087698,-0.03608858716220653,,-0.09436477193593318,0.06719545176543495,0.11542672943925858,0.14691970737324533,0.06840768949796039,0.08562924521919046,0.08702574474791991,0.07817306971613669,0.08435366805808941,0.07408992608385967,0.04743827403358458,0.136105599179684,0.06643480555060055,0.07246513044862479,0.05996872220735705,0.04708314657711288,,0.04104830196414744,0.10403161468255351,0.07925794432408528,0.04870126678345543,0.09853361413525086,0.06421116231454516,0.10720678956639551,0.06547633006430043,0.07330911124742578,0.05774879229792029,0.05564084644987344,0.09058629356213999,0.054492019546876325,0.08632740842700315,0.07982755029563582,0.032863814869454444,0.059257470560196035,0.045903997459771695
2022-06-27 00:00:00,-0.02649763162717278,0.02536249268905877,,0.028962556423053343,0.0010323525055981886,0.02881798123120416,0.02238011146722041,0.021256216684460316,0.01978115104802125,0.013489793959802876,-0.04101846379076868,0.0028697462289501985,-0.006252313764839701,-0.005979278679868805,-0.050629266899189895,0.073056937572328,0.00018098576105551878,0.007388613621940765,0.014988810492599258,,0.00866873705635629,0.017105427714231736,0.006249918502139851,-0.006398314020249707,-0.0034767052010395982,-0.058857111381562244,-0.002689660402373284,0.011013597547701925,0.00010567251683712975,0.019622992145940987,-0.03559000099747256,0.012192412760190008,0.017923595220713073,0.008764733553705994,-0.05345032280832429,-0.006410321711420419,-0.0741896688717758,-0.008810113351691906
2022-07-04 00:00:00,-0.017278300399446556,-0.040178123243242325,,-0.03573392601159231,0.0018560689317286272,0.004880634041257714,-0.017651027696686694,-0.01926064347524803,-0.044162552928390886,0.02170152408857806,0.02862867821058246,0.032485317785262646,0.028812381686531108,0.07096689085996899,-0.019647633063261893,-0.0032985384847358246,-0.0054750723723202555,-0.0035624551201240973,0.010309138676217522,,0.008920146939011442,-0.018718969073258762,-0.006987566106322007,-0.0024927661787785826,0.04577177624978135,-0.007257538769592342,-0.002157416896708897,-0.008587074236443448,0.030552987957832345,0.014699896666286127,-0.04664976413984645,-0.007459962415257704,0.005793110007970448,0.0037968804119661304,0.03940162046839513,-0.013372442855515643,-0.02619316404006533,0.022588284048943974
2022-07-11 00:00:00,0.01131990632984925,-0.018270899517945693,,-0.01470916613899731,0.010839097928891261,0.009185797419107633,0.051711953865591465,-0.01013616228228087,-0.0025524901371866138,-0.04474666440317132,0.009786444173233377,0.042688355585781546,-0.034561815682554675,0.003585122498371396,-0.023620050011028182,-0.0011309123424187995,-0.01360395405761361,0.010481271232628098,-0.0009652941506663737,,0.011878524698207826,0.003576602277693963,-0.009382314350181442,-0.005622555028688914,-0.01788104487259279,0.0004559368751397841,0.056576494633758356,-0.027226050683342273,-0.0033853284744600476,-0.004421775000786332,-0.03951424302866091,0.0003447048759772642,-0.001212631612553361,0.017063197937854158,-0.008919576474245239,-0.025918437428914753,0.012783205490872751,0.029266406924622457
2022-07-18 00:00:00,0.02619674183454368,0.02555546002453335,,0.05335027761610234,-0.018058606312949532,-0.015902785762342164,-0.0055154893550678485,-0.01456003144427731,-0.00870124282604634,-0.0029646462675499974,-0.008832822087453618,0.01294570350460389,0.015032255730390576,0.024112810377938443,0.05929779946979541,-0.017218307212437778,-0.004059102667780867,-0.004184973120075264,-0.018081354304597563,,-0.00545998776418255,-0.016928808776969784,0.008155865704055021,-0.03162312029398895,0.01834229568015977,0.028994595956153058,-0.012448828719097804,0.020579473166944195,-0.021410208938603237,-0.008824286729662512,0.06376136796769716,-0.014131090958266368,-0.012140433345788182,-0.008673786251084614,0.0754758183643034,0.0018308143894221196,0.016565754771876495,0.02432775405982368
2022-07-25 00:00:00,0.01786959413981193,0.12093713971948405,,0.01439249572960044,0.03134800297078244,-0.06474600496543637,-0.04064937962629478,0.04188992139316383,0.022592360112484,0.01724648634567605,0.016214063604517603,0.0218607838387459,0.0025019352280399865,-0.03866050874282245,0.04998092692279865,0.015754445926142502,0.05576155498710511,0.03677230268453768,0.03907798824318398,,0.06340928868264895,-0.004607321312485313,-0.03888310263385797,0.004325266239051162,0.06284198013454367,0.038520846650143215,0.031773470696770945,0.03306986918323562,0.04785950422176688,0.031543123134907924,0.012717623879070716,-0.022431937383523892,0.01636076788707519,-0.022564841543365466,0.03575496828233149,0.07224675379104983,0.024831915629052626,-0.0012100992968926416
2022-08-01 00:00:00,0.005471727805260729,-0.0001206544189109593,,0.047871747794238306,0.0014183740017035262,-0.011026537531335978,-0.01220518406152138,-0.012310971116787917,0.02146318495026689,0.006430838473931333,-0.00791674468287995,0.0005602855602342416,0.018717558366252884,-0.0023584868662852587,-0.008641689488177118,0.01845171208702978,-0.0037287794579502487,-0.008714837753867832,0.015151375792703314,,-0.0005162605736886983,0.012064662450883556,0.02009218201499019,0.01744188320904927,0.020085399063127563,0.01121933449332646,-0.0950628547182939,-0.004216138667790803,-0.08271436725539316,-0.0023435085920772147,0.0046319131508192335,0.041825588475775444,0.00574351628733516,0.01590086979124794,0.016831799356313404,-0.00636306053754454,-0.015901057083703374,-0.04142373364862739
2022-08-08 00:00:00,0.023809840406539884,0.04639903023252767,,0.0464081244546557,0.01052204278794222,0.008046137297552436,0.053097126442633424,0.005048952429287157,-0.0017405927183473668,0.008392380675432465,-0.0025782888219255673,-0.006399644601446375,0.0008692609816678409,0.010850416881176494,0.017138238118405535,0.010896708262231547,-0.005944279194939783,0.019423234607311324,0.007729212738056379,,0.014979187652076176,0.015744566968804552,0.029278751900149835,-0.0008465454209900525,0.008066734922430152,0.026491382720104095,0.04882554571530351,0.006742981709508822,-0.014882913670701492,0.015926577704285183,0.016803244532921813,0.013474187032412432,0.005335058188998598,-0.017159466507706278,0.03822307225537869,-0.06472258813695375,0.04103602575837706,0.04455694384604336
2022-08-15 00:00:00,0.007087510405902497,0.007274876221517124,,-0.012050479907947387,0.027432942758200518,0.014448425648184271,0.017080101099371525,0.02307683582602471,0.037115327478198346,0.029368951632659623,0.03618832694230423,0.032240796399196636,0.0022108096958286527,0.00551689973165348,-0.00762583775187442,0.012597386659258358,0.032866773218332535,0.02426800389607542,0.013885153740600398,,0.016793941401093804,0.010850315015671574,-0.003620347934490953,0.054315493245238544,0.003305838676095796,0.012242184704630121,-0.010932713833228469,0.01806858786173815,0.006331923084648583,0.016015486084098418,0.008968258024752096,0.020863163892890224,0.05270548711458112,0.02253172409850701,-0.03153980289611469,-0.0004890266555802603,-0.05838868368259087,0.04081637474230937
2022-08-22 00:00:00,0.009016899198902362,0.03150137648893159,,0.029422864768098078,-0.012083456351187905,-0.038331294693345286,-0.027809584765003836,-0.03160960410678437,-0.04875694594704294,-0.013841833936751091,0.0008343150528913323,-0.040953640800858504,-0.06909316819887812,-0.1728291805425679,-0.04171542299358644,-0.021162031814044746,-0.014913383885502451,0.00019579796246493864,-0.036781085360247934,,-0.03353352629708839,-0.05425340671630807,-0.01090050743304305,-0.022626240313269763,-0.014888915012277182,-0.056439141158567074,-0.039579333303636055,-0.040238719999419637,-0.015895737611476446,-0.028473152943822022,-0.035753580448593,-0.04968941811609262,0.013021352017226429,-0.0351869577203322,-0.032407108559965425,-0.042079615571172346,-0.04689083115414505,-0.03955630391107556
2022-08-29 00:00:00,-0.019180489282738744,-0.02177304103508404,,-0.032349350229706086,-0.03077526365392358,-0.013130259114208287,-0.012989594217324929,-0.031056790081288588,-0.013129793404996759,-0.019765072920846838,-0.027987208666338192,-0.023899116302638745,0.026574168094254835,-0.015284752442918936,-0.05177942176348638,0.00524113995526676,-0.020203781524815945,-0.09181675291472502,-0.015571871993716346,,-0.020455657446918574,-0.023471296366374017,-0.01082291382591749,0.0010335360571838148,-0.030847266578996835,-0.04099308828006776,-0.040282041945873814,-0.031882702534098084,-0.008524981752354277,-0.02502282391564825,-0.02092180556587564,-0.03605296030192151,-0.011229725954379655,-0.03407885721526682,0.024779052584271044,-0.04712043546764755,-0.020277875398755252,0.010638229992879555
2022-09-05 00:00:00,0.012666547488138669,0.04405888297511562,,-0.021412085785796453,-0.02442494567990161,-0.03112378433935825,0.037171828217755776,0.019133196280941567,-0.0017909157737451276,0.004383352288507503,0.007555625055706727,0.03365376941626064,0.019208525701233325,0.05762187005182828,0.02080096365663464,-0.010557878891176431,0.00981928717764946,0.01013156850470942,-0.00022125247843618467,,0.02273310213990598,0.0028462609276260764,-0.02278220964367106,0.07247557445734554,0.016234098896595217,-0.03804937092026428,0.016567113663728428,0.009879844703006624,0.04570653856119922,0.021821932789911624,0.02676405969876461,0.02041392845802381,-0.003999909964416681,0.03849981978916572,0.054981785026038565,0.018838459924065853,0.02750214750556812,0.028872125104669744
2022-09-12 00:00:00,-0.07197710120196954,-0.07324796902895025,,-0.07678818100133944,-0.005007308649157438,-0.061549697018408844,-0.04312899750509103,-0.04460846697359666,-0.029988405303109866,-0.015711153822000834,-0.027563871257450856,-0.060456897158096545,-0.014033812194516493,-0.017514702891986866,-0.053459723912965273,-0.008694546811808368,-0.028110478020566543,-0.022833953752557368,-0.013599737327384287,,-0.03928651682577655,-0.02916374630712748,-0.047997953419292694,-0.0897188790308634,-0.03698115741535968,-0.009388006743310529,-0.03316078838441272,-0.016794308998663632,-0.05615062668257531,-0.03608134007808739,-0.015454425480850409,-0.012003322115882065,-0.004016087061099571,-0.06794599993787964,-0.05505326713751524,-0.04710852291772538,-0.05435983918192244,-0.026673287848691607
2022-09-19 00:00:00,0.0076180805567673815,-0.036805605133427455,,-0.06998318143326021,0.019081439060589567,-0.017245929713368247,-0.0013401342040990638,-0.008612042605917303,-0.002113971918001223,0.01537077343753901,-0.0360149371870887,-0.07486026648932287,-0.0089011050101504,-0.0044391550940025,-0.04327856648450157,0.05209300864140576,0.018418283414023184,0.02358581581455388,0.027574540363807687,,-0.0024210868455913914,-0.014178005800271842,-0.022759882737978798,-0.051184444514409067,0.012931161239683187,-0.03929733548107539,-0.05471851962165586,-0.02238818390884134,-0.0017194123057309163,0.009283110658436344,-0.03945156480899881,-0.01952567973696384,0.012744717294499441,-0.04182139770347659,-0.0699615962920691,-0.0287461234136408,-0.042019183175787456,-0.023500422751576933
2022-09-26 00:00:00,-0.031189940638644775,-0.014697012668981047,,-0.0074528258927358815,-0.030452607815530608,-0.050252515731628145,-0.09316300628387897,-0.04402736171057964,-0.0699058337906272,-0.050072837784128965,-0.006832215284399257,0.01258579689962569,-0.007284112763293105,-0.03673287160617744,-0.057287627035939925,-0.032335546116624814,-0.015495303180860676,-0.03050994951154984,-0.0462760230275604,,-0.03398078664285775,-0.06442755005921741,-0.0168041938413942,-0.024743630253569404,-0.002192279274071618,-0.06260701270425839,0.0065016357420741855,-0.0698896669793938,-0.00149267721764057,-0.031213074805225283,-0.09565312477096954,-0.06881535014434026,-0.023035813121284887,-0.0561931760044152,-0.027652282513498605,-0.05733502243903843,-0.04355783707933314,-0.0027679853438993263
2022-10-03 00:00:00,0.060425857865702204,0.06202627620465728,,0.03572728497090272,-0.010398924454535496,-0.010078324784778436,-0.020484406112240672,-0.026954612263758615,-0.017936085201787688,0.0067423463699789465,-0.030390049446411882,-0.008723809193440846,-0.0015009074287578583,0.04298303146494464,0.017925149266444063,-0.016447054932510752,0.00022688611047771978,-0.019806283599115737,-0.00014349210922004474,,0.02458730876473192,-0.026212982228460135,-0.009595160866410213,-0.01714280892135278,0.06991482378838776,0.030447650431571383,-0.020212485889370968,0.014560645080997192,0.038293489720715446,-0.010106371194244512,0.034324569838896535,-0.01568324408729249,0.0013098405603895191,0.020930503757543573,0.02661907837348365,-0.030941777359611677,-0.02802538816107647,-0.008789426623636798
2022-10-10 00:00:00,0.056282125622271195,-0.024110508669525244,,-0.006197435508995763,0.08858648963306637,0.02516947949153514,0.043972587150859166,0.008622319797267686,0.033918118637990435,0.043835685698699,-0.0031881074781902052,-0.028836929100029995,-0.00983814356506163,-0.04135255543068328,-0.04759531536652273,0.03853927313493366,0.009931088783604602,0.00785807812114192,0.03345291500146308,,0.02273971914433237,0.033032204982156976,0.08174371399013425,0.0037209134939903965,0.014494381591960703,0.0065032742499404605,0.037856175192825914,0.0304017399414076,-0.032007967220558986,0.05309069059395499,0.007206188071746,0.006518117667585255,0.025001962305774894,0.02814379711710724,-0.04365233047933126,0.014869260752476077,0.08912193321340034,0.01454558099802683
2022-10-17 00:00:00,-0.016581908947119972,0.07567767140939963,,0.0683610793754168,-0.002382222211023133,0.009517250283332945,0.03777887536871094,0.01782458073611215,0.0019624295469788944,0.011664959679297038,0.014234758411510118,0.05175408982268137,0.011707622708498455,0.05533508728670866,-0.035879725385529526,-0.008621739465514033,0.02474064161361067,0.007479118402687224,0.0036120879295429287,,0.0077685268707152755,0.006624834248609934,-0.014553584235372452,0.010889760580151453,-0.02702692993044775,0.004079251473166456,0.007377069545434711,0.007200697611095652,0.002173853646392221,0.01686349999712289,0.014661093480677456,0.02798205811403842,0.012621275064860882,0.0855708977432823,0.0926626303588276,0.00431841306325631,0.03188923051263992,0.048838679041596
2022-10-24 00:00:00,0.04114216744054633,0.05786590042500195,,0.06563877492605674,0.04935302323723745,0.04344858500294113,0.08726614323864501,0.085775557156192,0.05124070049210472,0.05621223729823033,0.09744620155466599,0.0683634095290564,0.0880226122448926,0.10403176922157442,0.022992996538402144,0.05880044711457466,0.05144157842942665,0.04425163602084203,0.06298462545133288,,0.05130244310997867,0.09055812817632836,0.10593587774519575,0.07196880664851779,0.04588835551546344,0.07258951101194744,0.0394631040274509,0.07584996291862334,0.06793018411239271,0.05298731054251915,0.06958722176281373,0.05910430802043409,0.05545840231730703,0.07407879199166212,0.052327442047201744,0.05405402593517605,0.0664724777356489,0.04173961851982666
2022-10-31 00:00:00,-0.017490998716953032,0.003267324213082512,,0.028627472111019348,-0.036032497350972026,-0.0650778967823118,-0.0421322576919394,-0.02468733995878425,-0.019426638085148773,-0.01801294384707397,-0.009146402984994917,-0.04616030713472785,-0.04738128867518676,-0.01356044852658611,0.019812041211539677,-0.030770996170911058,-0.04554927538857312,-0.019165193995680174,-0.09024617618839414,,-0.064981099135898,-0.014161594974604452,-0.023626022231058474,-0.007911076161648767,-0.00011704515037047614,-0.002272776032594015,0.001956832063635172,0.02463548134275184,0.047038715873569226,-0.0189320213316988,-0.027558568117907245,-0.005768204075313532,-0.00895641088002419,-0.043382236106000005,-0.04709898599134599,-0.019522119382481606,0.013395131788258796,-0.010806060489671698
2022-11-07 00:00:00,-0.024615129478561704,-0.02227120264066018,,0.019893541234077494,-0.036592507568004695,0.0429972291569265,0.008671605551432204,0.03476213767469005,0.018854971211364147,-0.03066407269194904,0.012247885239424106,0.05974379013502418,0.004191780619393404,0.05888751325631736,0.08402603498409444,-0.022894030252531894,-0.044317211872068385,0.029092453325246126,-0.012596589803976155,,0.009735040409149853,0.040238334837758405,-0.02709097415790951,0.015086276766722362,-0.03962844995430814,0.060111390608843074,0.013671920950249605,0.02499190705135179,0.0018378629843660566,-0.004083326398065967,0.0498998962968793,0.04857185784810447,-0.04532065313777489,0.026990903077017236,0.08576079497153022,0.001634521627358776,0.11302923634610407,0.01142070751115365
2022-11-14 00:00:00,-0.004055974690917008,0.022348767145810466,,-0.00797961048105067,0.05288949958753553,0.02618491865804473,0.03438788781988289,-0.0029353149493608344,0.025345217771155726,0.040219976704343186,0.0026315690511886647,0.015907774101896255,0.03435834178788921,-0.013586136052820996,0.022960366442794866,0.04893205079824714,0.028919831777659777,0.02658228717817024,0.023629986012768,,0.002142344601493873,0.03099259278943922,0.030007891482046523,0.02462840046234116,0.026637346659375227,-0.0001192731813878245,0.03082845553034841,0.002932192325600713,0.016102671804248292,0.018421875996596837,0.019159518670915032,0.011349982164028383,0.03177873740946091,0.006984653365296856,-0.060235392718576364,-0.028037541754116324,-0.03659713074451976,0.05365423319483309
2022-11-21 00:00:00,0.012217189481209312,0.028008376272150137,,0.017119649845465323,0.028704299452379622,0.03598016259565773,0.01846170898835453,0.025351574597621163,0.0040545643431517675,0.03254519431740177,0.0397334343015896,0.01907695175450308,-0.0018238810386393967,-0.0736410304502324,-0.05761162934008679,0.023941828582157765,0.042805942210915715,0.01541313471339234,0.031015449964491904,,0.022180755657672302,0.027625511109311773,0.02099747247358663,0.021802987185278955,0.025351106507740084,0.013729831219534194,0.03887857049000254,0.0261580256072802,0.03681049057850094,0.015331167788172007,0.020461112633477496,0.029108407417617554,0.035034904361425534,0.016341384500342837,0.009361560912186428,0.027625294710989623,0.06038642968554675,0.018904292754715613
2022-11-28 00:00:00,0.06459544539481232,-0.05841888815886809,,-0.06828447784009561,0.019984957365992706,0.05298520763310677,0.007893042290339602,0.026479425151995972,0.018236190247436834,0.026939648363516033,0.013825694367496144,-0.07332385444883716,-0.05158807652001751,-0.0008590820144021016,0.08635973140155584,0.042786457402172795,0.00414954363209552,-0.03582273789633772,0.014148364382881251,,0.012810529688470629,0.02147668459989105,0.03452900664630443,-0.029975498703570636,0.018340223189426963,0.01731232455282883,-0.00017998842758970568,0.024291331654372694,0.00648155316961585,0.008581800300126563,0.061577742940461366,0.02651304457618453,0.021089565329053706,-0.012955428403654046,0.00477413352166578,-0.01945665392834295,-0.004320655262573636,0.0009798069358750716
2022-12-05 00:00:00,-0.019315608849153176,0.0018536600977405726,,0.007170764263930707,0.028835454192879473,-0.03659568432334681,-0.01260948890407454,-0.011844590274947886,-0.004989025026024496,-0.0026234297850844523,-0.07282113893361952,-0.02327462225367316,-0.0028692954929673276,-0.05879629344629955,0.00892186437236453,-0.007859433098368118,0.008690808944562534,-0.013014282675085753,-0.011603339443010174,,-0.0209085969033459,-0.012542364910937076,0.0027615555978943718,-0.02312391985354345,-0.024507061847923284,-0.012734499997733795,-0.049410920391847024,-0.018298842363869694,-0.03844675091119709,-0.007797084918102382,-0.02118893899495955,0.0020582781624820523,0.0014891550531783704,-0.03632950290017978,-0.07236844441079526,-0.027357463609936072,-0.025313536971884654,-0.0516250142970649
2022-12-12 00:00:00,-0.003211211662090374,0.004679949561723573,,0.0059679444228619705,0.025152668064919892,0.0009995298543454822,-0.02809509856957937,-0.006176729666911962,-0.00025709672491980307,-0.00026307485148713283,-0.04412504574752385,-0.044656530744823675,0.020512924705354152,0.00238912475387143,0.0022045698200909847,0.012698051568813762,-0.007475561763260474,-0.0289238177463349,-0.014514757433963799,,-0.04903778410712156,0.00204179707701746,-0.0005007091799211771,-0.046266373490411294,0.01647567750399004,-0.021927707082105674,-0.024399505568189483,-0.013420830305812093,0.007397019762068746,-0.015073838947141649,-0.01772945138157489,-0.003180445001047083,0.0042021531764548925,-0.04317160761055605,-0.038284808471479304,-0.029960736746285743,-0.03413299042664897,-0.013914033758891886
2022-12-19 00:00:00,-0.006872818680576098,0.02502445771688011,,0.029974914266448938,0.0038556405042722286,0.02434152563127978,-0.0033888274129435514,0.01705183421224432,0.021733430535183507,0.02183656577315518,0.004538488627816362,0.002600475552135828,-0.002819648902780525,-0.005187453670078557,0.00033196166251237,-0.017485252766375248,0.0037447066553730757,-0.000656971051509414,0.012484102852748258,,0.008317256845877807,0.013523412862851858,0.01503009905622732,0.035424148194263205,0.030348266339776053,0.009710991840525152,0.014654148620266039,0.014207944640488357,0.004762883138992535,0.010646494465201606,0.01406055947740148,0.014490789631603995,0.026459845330522036,-0.00749864881077289,-0.022533255458498824,-0.007923784969946501,-0.010755352204249835,0.0071454190390045635
2022-12-26 00:00:00,0.008960376207347798,-0.018706526403880486,,0.008185173668128876,-0.009252811864339128,-0.017669914569192313,-0.026229885188251756,-0.0032904697536180194,-0.008307041051423325,-0.003604471116329777,-0.0028398679248927694,-0.01329288641610571,-0.0052514770191138815,-0.003311966799903754,0.029416729032158084,-0.018264979706455242,-0.018272035928451946,-0.0017533611606683763,-0.013022960947405626,,-0.019521561378637475,-0.01020758542096245,0.0046889937273415505,-0.028546433895989987,-0.003012206343235735,-0.01579186803078103,-0.007895108715313959,-0.006706356736575825,0.002666370110314231,-0.008778545451946118,0.007964333264767642,-0.00694522400133768,-0.006146418520103003,-0.021001507745616044,0.04114562465563876,0.0146700639903532,-0.03287609693019389,-0.013772124477860026
2023-01-02 00:00:00,0.01618914114252612,-0.07431334054327443,,-0.031572479577690715,0.0045815505941484425,0.03696813885837047,0.0292882427177954,-0.003301394551075143,0.015103495689504864,0.05839778889748115,-0.07559868259501845,0.057765573983257656,0.011624112685557408,0.031037891076586055,0.06327828937957958,0.02516396018600342,-0.025564684367739732,0.02985734065209522,0.016984769462986327,,0.01682554590538543,0.019889293756148785,0.046180445901649714,0.02602063784312514,0.11470451495264289,0.046039826377880955,-0.012422415571622047,0.026468277277000185,0.008864390196983152,0.0024355016924091366,0.02252737793654247,0.015571411847511651,0.02606314193491599,0.02956171343716507,0.07454370600342086,0.06136542352818242,-0.02007505310588431,0.03519293938594381
2023-01-09 00:00:00,-0.01786864898531637,0.028505041525766606,,0.03932924332595511,-0.02956964616566593,-0.02009812176073078,0.011561802206001781,-0.031072542674169368,-0.026631798239884263,-0.025634824033735737,0.05027307864877528,0.00492881708324866,-0.060508557280871456,0.009805888073963764,0.012925922644902554,-0.040134910083475805,0.004254399590348346,-0.017267058280723502,-0.03381636956731626,,-0.010196434097202056,-0.011700808756093584,-0.003991727228882858,-0.011368626106773916,-0.014556753151709345,-0.060255046593036043,-0.00235852529112901,-0.014113201424538757,-0.003416952778271254,-0.03235782454293723,-0.017296370230481806,-0.019750625205716577,-0.0501875865444561,0.027145747290930222,0.027786564654957102,-0.01649762250678799,0.0046435577421726215,-0.010151393313904356
2023-01-16 00:00:00,-0.014905750935738316,-0.04128970024237466,,-0.029774972750113315,-0.05312946439165189,0.015749000127823765,-0.024296824217060586,-0.021976247375967373,-0.030956876040091896,-0.04835873066910834,-0.01831111235875893,-0.010592486447262073,-0.012461438817474524,0.0035990683082109953,0.0012724206137706418,-0.055269911139863015,-0.05335151484057288,-0.027222606419763595,-0.03571424471737794,,-0.02745867699719806,-0.012424191662324446,-0.05987728933286929,-0.01702778422000728,-0.016299914016558503,-0.045129384734799105,-0.015366347968388316,-0.04503445952119223,-0.020376193120540398,-0.030586687256584533,0.0011798764218853286,-0.052425713949135866,-0.035614810825597254,-0.031121738973389546,-0.014520096470792443,-0.004309095821151243,-0.024469730415604962,-0.03269310778901158
2023-01-23 00:00:00,-0.017801473595911887,-0.013215313291135122,,0.0017448516353988364,-0.01748659415881404,-0.04387018723248737,-0.01444999765544197,0.006824308746705476,-0.045065657811658055,-0.04002111420669374,0.03581127177810983,0.048280612506903964,0.023849731072778324,0.017457215970364093,0.012072170987843078,0.005551287152491202,0.01976498830919904,0.0069537773951267035,0.0014814571623926742,,-0.00028797030545824054,-0.04595576987053651,-0.004764343150697958,0.01349827594085129,0.01812337657668306,-0.03873970679803962,0.026410480946982284,0.010618363941486963,0.027900009155273464,-0.001530412973112072,0.019053244447939433,-0.010616993821974452,0.007318976357106433,0.0007708026796526823,0.038838450295947125,0.015765110307339514,0.03595327702564477,0.019638547204735124
2023-01-30 00:00:00,0.06275466885633829,-0.016142459635450357,,0.004918002026795376,-0.004889594949653353,0.0421118449743354,0.11074036902197548,-0.010910991872099873,0.03771490776824016,0.008761907254122958,0.008872825073535928,0.022869453766463765,-0.03396718275099386,-0.0030590641086317705,-0.004616127384009072,-0.030941028799808423,0.08008783192834179,0.007796922539528239,0.00014789528863423662,,0.012968261358366151,0.018150667384716712,-0.007810429351573056,-0.013984632207511005,-0.001932617437487516,0.0013432639240351651,0.04522409979451192,0.018386958419551958,-0.009631266221926671,-0.0029478976783836597,-0.01127587081495618,0.014512270850003395,-0.00033338005546479366,-0.015020988446965644,0.04895859147659154,-0.025715288526546254,-0.002152255225522537,-0.011095630394872824
2023-02-06 00:00:00,0.007034867036159076,-0.0023092604560421837,,0.008258612779030061,0.010809810359027283,-0.0001206157681785669,-0.027524782983151308,-0.0035099735681567434,-0.009960972302458293,-0.0021948246842440344,-0.010917666261143655,-0.027077643911013638,0.006576323047753352,-0.01914488897248945,-0.07160350796294712,0.008081525185409832,0.011934929320919885,-0.006410279623315418,0.0011833001118559672,,0.0036984220051266004,-0.017751005499109906,0.006348221695929412,0.008554894610539598,0.014572508127135952,-0.0005366893512802617,-0.04065631832382299,-0.006220645518532408,0.009823182416719423,0.04186390185175615,-0.002241994193099228,-0.03050274779639317,-0.006934729997421174,0.011209551091542425,-0.03813069929942792,-0.05684827459042929,-0.014559388324883127,0.014183859098924723
2023-02-13 00:00:00,0.017569829697162476,-0.0006505162527791208,,-0.013348080909172833,0.017888366620385066,0.010737122969707968,0.02072954079551237,0.008386497517230085,0.01318813002734398,0.0010999345932136695,-0.0031325986980155207,0.014980348052756387,-0.00770932816887937,0.006800870821954241,0.010549839038919151,0.008936665751918316,0.006649963482125765,0.017575042750291647,0.010193518341091723,,0.01105438224483235,-0.013185345076219046,0.009336434543781413,-0.017857181779479148,0.012189066698099937,0.01677863898528087,0.01127515793966638,0.020610834653723265,0.01342409739738204,0.00045397858870921404,-0.005275602770885679,0.012657151657865517,0.013726486391842707,0.014565685889997182,0.01882130558116568,0.016227884200109788,0.005745562728620923,0.018925813668998925
2023-02-20 00:00:00,-0.018722752976513934,-0.001838350386919485,,0.01134539378327859,0.014899710706566704,0.0007696388310116653,0.0026036294280757932,-0.004657324527255868,-0.018652684911193207,0.0032956371680612495,-0.011948928044544505,-0.03718382879624582,-0.05956459265232317,-0.027289877528731576,-0.04017718487358912,0.05041043437475423,-0.0025870220561299284,-0.013992151576212697,-0.010236867293605734,,0.003364176555742393,-0.008095597875478311,-0.00975002993268459,0.00011069773304894781,-0.004976106770688826,-0.010164878722009552,0.03383316356496979,-0.01944668448868825,-0.0283163461278626,-0.001815268432396433,-0.03182070304566942,-0.005356661361274995,-0.008936762097553008,-0.036590050987671985,-0.03009524034705935,-0.002281286161867069,-0.013226756926680405,-0.027110276094874486
2023-02-27 00:00:00,-0.013567881856900499,-0.004666017546826495,,0.007240495125125701,-0.01355164043285273,0.007778047398008692,0.011686008167415274,-0.006684583936402699,0.011212937110982368,-0.01888834088702318,-0.0037484880714873103,-0.02732237452862074,0.016056036307904975,0.03576384650336362,0.04330093695296955,-0.012896877084218938,-0.0025939265941464784,-0.09911304385880626,-0.03457458724346296,,-0.03464652756150732,0.0022979177031039466,-0.01439025716195641,0.05097150696550745,0.020003892020365566,-0.027740745167946,-0.005950230839551485,0.0024409129395415174,0.007705213409374467,-0.015969621162847947,0.006289235712327423,0.012135623960454867,0.014804776891404803,0.005670609298090712,-0.005749967816644608,-0.032663737410667415,0.008100597610572358,-0.012634180813229756
2023-03-06 00:00:00,0.0017193797600758565,-0.054280776408357156,,-0.0629745834232952,0.0019079957947258919,-0.004037061391405028,-0.03657827237757316,-0.003869375988975521,-0.03569976405038222,-0.02315867926944626,-0.050391907883939324,-0.008668849958025415,-0.007349987939394675,-0.059403291806372605,-0.06470781769698464,-0.013567844769381998,-0.0027684390023661187,-0.035687854111983164,-0.01300507220275604,,-0.006657160644524596,-0.0328089616636964,-0.028176318099271902,0.024358362590484628,-0.04265540456742367,-0.02674911901794419,-0.013890066818700308,-0.012326765290449737,-0.01803748582249709,0.00024558306305455524,-0.008568620545476469,-0.02667616680306839,-0.01936340508889367,-0.04104378654487417,-0.04710855445404505,-0.0302823405918633,-0.07841514283292517,-0.026302669901602904
2023-03-13 00:00:00,-0.027676573380201464,-0.031307012951975466,,-0.004754179308063766,0.016568304505269804,0.01883646811130779,0.025711152330792464,0.013680090756657659,0.012480735734081705,0.014567430039762463,-0.0051887472110356825,0.03376904358301891,-0.03359704061850988,-0.02238220500334731,-0.006943351158743227,0.01617425124254579,0.02275593015228705,-0.02118444323760893,0.013304047854254764,,0.015734404887586484,0.034628660354134366,0.0022917198325207444,-0.006794064024184365,-0.003277606768666952,0.023537712330372607,-0.04588040017885586,0.02311244275255331,0.028152138827716167,0.01802004785382838,-0.03619726826885439,0.04183974041487826,0.027049085525096217,-0.0025982838672844455,0.0074599834926341035,0.027378039249886132,-0.01052321656253441,0.01774100567917114
2023-03-20 00:00:00,-0.029788127147592713,0.031645444563312086,,0.01975888676648352,0.02173105101555839,0.006084751927577958,0.02279363235565879,0.022444788690139106,0.016897519756629453,0.04757871591284202,0.0334281662557776,0.01687707769679614,-0.014461485656625639,0.0017499489890258069,0.030397392295292036,0.06278986690597943,0.01937077345562832,0.007822845050954319,0.011276002645898231,,0.00028684344006446594,0.04075938194376083,0.014615895712021931,0.04852504300240601,0.02959617474056553,0.0034426440983412743,0.015828529436900718,0.03975890174710184,0.010583590541743293,0.022611767039462327,-0.04262043731232856,0.02651647135292734,0.018501284665740636,0.02330688787501245,-0.019703810231081476,-0.025281841721277898,-0.006380969052576013,0.021385978454549814
2023-03-27 00:00:00,0.03635930386795039,0.03981207868698289,,0.01692751684020566,0.008067345298099049,0.028262322920768135,0.0046983904734070325,0.018554967725263438,0.023563163658116837,0.009406047941547646,0.0364304430284188,0.003230602534914029,0.02259366834162524,0.04483589554898493,0.01973597082420242,0.007783026738404253,0.026426266728944547,0.031823968251116774,0.02275843276328615,,0.011757994211576861,0.028663277404087806,0.012833946260188522,0.006524042646915751,0.0432178376944754,0.14189646195751915,0.019329405275167577,0.00984936321228247,0.03785544526034146,0.01792396249794659,0.08603766631098586,0.013426976693121206,0.017324991853839844,0.034700061578470276,0.06023562996323628,0.03960731540259954,0.05749237983840527,0.03984481618625879
