Date,ARE,AMT,AVB,BXP,CPT,CBRE,CSGP,CCI,DLR,EQIX,EQR,ESS,EXR,FRT,PEAK,HST,INVH,IRM,KIM,MAA,PLD,PSA,O,REG,SBAC,SPG,UDR,VTR,VICI,WELL,WY
2018-04-09,-0.000163937440817441,-0.022931991068173008,0.0031931642375446767,-0.00876304541060069,0.00789240626098242,-0.002567920673234858,0.036381232574701494,-0.03934831770279845,-0.017833203460324465,-0.013733257960731327,-0.02220460294072646,0.0025163411591870855,0.0029946665227840175,-0.00500952486799322,-0.03362096701905293,0.03739847144021913,-0.0004426202069547358,-0.005368340869762456,-0.004367231319885145,-0.005218487436106756,0.0166559283024188,-0.010036464771742026,-0.02438547400225677,-0.005281374543128714,-0.03057821813732442,-0.015379649637118575,0.003112255460352875,-0.03728659265883261,-0.004376418540087523,-0.043264850074820616,0.020011137394060352
2018-04-16,-0.006144938949352086,-0.01123573064665051,-0.03398830852395984,-0.00959125831716301,-0.009233390020553123,0.017592784468706935,0.03535138784950864,-0.010986806569338037,-0.0011714341946268414,0.01148333675830826,-0.024979576246426327,-0.014815345844390149,-0.011368945713852163,-0.034722158254025914,-0.024085524600051422,0.014629165604068461,-0.0004432040462560849,-0.0002997689345987098,-0.04717650356975045,-0.010760247288892466,0.04384818203503027,-0.022962460835293075,-0.025192033299242467,-0.03887646992818483,0.006989226957831551,-0.02952610663990174,-0.009859152618950207,-0.03152068927104945,-0.00109884310867836,-0.027550591263755586,0.001934336336945508
2018-04-23,0.029348720101090686,-0.010100975988007299,0.021508437523368285,0.03115766169845169,0.015807594744806863,-0.03710736084558719,-0.02072008140071735,-0.01276530775672069,0.05355756212603269,0.03716191277829828,0.030610358282144867,0.007519263058318737,0.042746067374808794,0.046672549366188365,0.06672758130066136,0.016992654832786114,0.028799598950932204,0.034793211733846974,0.10202555096129351,0.025666881748864112,0.02446542642346028,0.050324630415668814,0.038764403539298664,0.047398542687686174,-0.04067832177154629,0.06037336738359311,0.033001354069262856,0.09742611387456646,-0.007150869142399152,0.033215949964876534,0.020407977564204538
2018-04-30,0.029553059003781135,0.026693186545772463,0.00012144204463671038,0.012984780634017756,0.003832249204826166,0.02321001567308567,0.023705028978658005,0.01974129534205682,-0.013079811385744988,-0.041006591446344554,0.0024216697599346304,-8.307669614604496e-05,0.026957785048737914,0.020104994473802096,0.004284429748480312,0.004557031520153965,0.01335083058351616,-0.0002900141522471644,-0.001361284024371856,0.004678544378053706,-0.01997588602142053,0.02440087844536576,0.015938056454718685,-0.0003402198370080489,0.0011952903002832027,0.020494364714765956,0.0002753016914534001,0.030238683855246418,-0.001661998025886291,0.062405433755733375,-0.013243341348473936
2018-05-07,-0.003967415149037312,7.24151914657245e-05,0.012351810689984921,0.002741062663310867,0.011106235561405331,0.006633883507977112,0.03773791382379832,0.0029036938630120357,0.02255848048921183,-0.004927224187651125,0.007246327080368431,0.005224712471130877,0.03319240621183317,-0.0012635765230332163,0.043715759752707806,0.044858846771662186,0.006374719073001023,-0.02783422538687952,-0.016359997509681756,-0.003898632596080698,0.001225939464683412,0.020300031775566607,0.018128239927220235,-0.0035738935561534513,0.0060324246318879116,0.003451832112822295,-0.0008258060444256143,0.006772968588772299,0.05438394042044803,0.001245724517358271,0.003012859189482908
2018-05-14,-0.05326456883414055,-0.013034919086114982,-0.05180920034120384,-0.05861074479835893,-0.05080113452264612,0.008290803190008189,-0.027235885022286688,-0.013319014704130772,-0.03263171862616476,-0.03988658913577581,-0.046682755097479656,-0.05593372773002514,-0.034330966683801534,-0.032383179498954195,-0.04401999187742722,-0.011094930076726572,-0.0717906287797132,-0.04324464217090884,-0.026334177974321582,-0.04403164948248606,-0.03199148021461029,-0.0378544702310698,-0.025099362013203175,-0.04867643015066303,-0.015053162995501967,-0.03571218816748911,-0.044640589171118905,-0.03831052636688104,0.029473625072821363,-0.02002406151514513,-0.00464202162098637
2018-05-21,0.018808746641844065,-0.005253533189408355,0.02535499022069887,0.02135109380361566,0.03182263498149607,0.00274090380094405,-0.001599182677744393,0.004988586192672617,0.012542939511699824,0.005675796207729178,0.0357201453973337,0.023288112997895904,0.03446401440138169,0.019173912387798087,0.021720650242784245,0.051707067996256795,-0.0026465511513991125,0.028366566018683592,0.0669040078279306,0.04105579161603412,0.0185010287046945,0.024068006247501383,0.022841523690068533,0.047780372091315026,0.0013951005608114908,0.04765063918653034,0.02480516771863739,0.041974236210910565,0.015337407543325687,0.047908834401194644,0.013717523564285239
2018-05-28,0.016842146626967702,0.016063819780854915,0.0330736640386049,0.015971325840413497,0.04252332013775728,-0.03132888215818175,0.012078539252598164,0.010317243735969095,0.018299434709258433,0.03482812512833888,0.03351696758994893,0.018360669879446734,0.015344129546714713,0.013938624142421974,0.03443830977388607,0.016233791057556957,0.011915715619563505,0.02909971426112845,0.02668433717216323,0.03288188239345313,0.010867861592527506,0.015012508338660746,0.003785194803499037,-0.0006920994189406615,0.0036097900573635044,0.008213542736443591,0.034900353455495026,0.02275301372668781,0.0010073209605134803,0.020221325896432996,0.02002688022018928
2018-06-04,0.01282050725370798,0.00043332659199912804,0.004248860799401788,0.009464875522660288,0.021178857987689037,0.0546993808217191,0.04257479009960141,-0.007321441306428755,0.009768637131875924,0.010370772424114438,0.01206332961896961,0.010440112762307052,0.014595100258427696,0.01931342756497134,0.000411201757712254,0.008215552558658468,0.0036231934120669607,0.019440158961247178,0.06432737369181085,0.01840289748116164,0.012901333796758951,0.023296703096056914,0.00846553811955153,0.02960542534361732,-0.007319552544496566,0.028482662711603934,0.019037318681869975,0.0,0.02816888712906529,-0.0005168535847083211,0.011143281055385978
2018-06-11,0.005110418975472486,-0.0001444215133150628,0.005362969767324088,-0.020953756651907463,-0.008998217279196141,0.0010290026117212303,0.030160456499210175,-0.01892470665288082,-0.030482790960083217,-0.011379927222085584,-0.017337460402501614,-0.026972005234427887,-0.013364974317642497,-0.009928802568517914,-0.013147156932137749,-0.03621550248120953,0.01128171461056926,-0.039006090283216666,0.006715435860259689,0.002180791963163564,-0.030326196869256417,-0.011683327544723121,-0.005631473042692292,0.004035664060293653,-0.007310089195815439,-0.0054423882845976435,-0.013610819819325215,-0.011123686262071608,0.003913940239627323,-0.008449659172184987,-0.02227954797182985
2018-06-18,-0.005944755798952039,0.030744738345686917,0.01250567341902098,0.045969506947504346,0.020817239590363856,0.0032894705884014552,-0.004541385323869607,0.03558777453862727,0.02541448355632947,0.05040623273127309,-0.005671098285043863,0.0037952721155629643,0.03565711162729257,0.04972426230469518,0.0333053568239956,0.00610597118385936,0.008478210473006786,0.07048615606440678,0.08550669534936373,0.031917234040887976,0.01305227732678449,0.0656271616923052,0.015291393799103492,0.04974032628485059,0.03771544070675725,0.05088767705959163,0.007305068336699083,0.026922625014094148,0.022417290301082193,0.026956360236289445,-0.03653594041416952
2018-06-25,-0.007160935944118152,0.015093143997824576,0.006205219421844488,-0.0014332679703402684,-0.01149796335675135,-0.02172126178618361,0.0013104141078907894,0.04073353647981004,0.03420142392408221,0.0263334479333055,0.017773361519626052,0.015677056796302047,0.005439451662874628,0.015917818280066998,0.0402902522047599,-0.01633978824426241,0.020354083076949525,0.0002860834008318047,-0.05083786350778252,0.01094597186645263,0.02145848489341029,0.003982856529065604,0.00018611102551413516,-0.009572469586616728,0.01888177441338268,-0.01538873250604611,0.008326649024973154,0.022625222624760744,-0.016206036156573234,0.06164272453202169,0.024157189360042963
2018-08-27,0.013583050090449023,0.007159342437867089,0.002679963257723905,0.010926699855245747,0.006032607753347685,0.026282589653203514,0.017699749854469538,0.01423119121975902,0.005176331601022044,0.019511944277389004,0.004745599691954094,0.008765632196382933,-0.003458441280514868,0.0039971671185781155,0.011601467466522575,0.02719498591872349,0.005593844540820347,0.005570745550698142,-0.0011672650384781935,0.0002896485899008816,0.016492632793218442,-0.0033756158775991585,-0.0005120682433784607,0.00901605453910026,-0.005127084310197261,0.011662802481703372,0.006293832023683388,0.01958441834687963,0.010144978689660133,0.011677291190366423,-0.00487368795471399
2018-09-03,-0.013245144348986715,-0.017234236579435236,-0.0005998237678812579,-0.014028235021597113,-0.011255903750672092,-0.061667733078113574,-0.018296501609573412,-0.008857224269169572,-0.013115540390125524,-0.011556445208820376,-0.007527640893719489,-0.0005686104461565256,-0.022557081023925285,-0.006967338595118666,-0.02145743669646405,-0.005573656219260648,-0.00042796635805830707,-0.0204983901896878,0.021040110388899746,-0.007821381577171826,-0.01756456432842568,-0.016323315533676386,-0.003589138078014975,-0.013479087209750218,0.019004157652141584,-0.007321251912202453,-0.0022515112064168674,-0.0170369986444332,-0.003347372587362729,-0.0047968837987547586,-0.01872639810319121
2018-09-10,0.0026845866069233892,0.004367014467514974,0.0006001837723730308,-0.020681032091780516,0.005851753071107524,0.021179066307019045,0.0021424770528921666,-0.013006528245075644,-0.006196429310452278,0.039551118722198186,0.008774661060926725,0.0006908483653587094,-0.019083192791391257,-0.0006940495212922615,-0.005671164066012646,0.007472982806229211,0.00856178499389526,0.00820154587841082,-0.04464794326918087,-0.004574352109373847,0.01863638243164778,-0.012098898737046171,-0.008256188319486824,-0.007522111926349884,0.009356110866879819,0.004458259136368881,0.008024094406670512,-0.01682216693115124,0.02063322926058664,0.0003011542242226106,0.0
2018-09-17,-0.0014961412724453504,0.008832153211267624,0.010366488908380989,0.007144999652130224,0.003913612663734689,-0.028009436828507872,-0.03528735281407147,0.010892782335566897,0.0002615294921981537,-0.01441533257532479,-0.0020640502452792253,0.003775698406206507,0.0013855980861694484,-0.013424830582210556,0.0034221242948679897,-0.020862060917407166,0.016128900127879264,0.023859474175585316,0.008388196311061025,0.007528492220322924,0.011047592818411944,-0.0019474864332431618,-0.011619764840525515,0.011136900673491379,0.005449541109085576,-0.01106895245912598,0.01492522735608759,-0.028862753656172857,0.007522408281339654,-0.013702722718228144,-0.021178994144697483
2018-09-24,-0.007965410919266502,-0.02148310535890041,-0.02181571441376673,-0.029717600788156773,-0.014118702164200858,-0.029916424059411972,0.0028356840407119943,-0.0034013463978218583,-0.06979806951876588,-0.019901120001724948,-0.01328078747180006,-0.0021436467422826233,-0.011974245671936057,-0.002991869614896059,-0.002652585049171874,-0.000947137162232714,-0.04302429753817916,-0.03870773716917175,-0.005347576631224982,-0.027850828573633413,0.004444982353881022,-0.012730617457135107,-0.0017546678703814766,-0.010708281187670643,0.0006227466761354883,-0.02066685642218924,-0.0090686288662023,-0.03221218418295069,0.008865741722430931,-0.01801533696035773,-0.022417544068287776
2018-10-01,-0.015656518502232486,0.0017125960654142958,-0.01305668520040515,-0.02674775170238186,-0.007772090529033493,-0.04603171994412025,-0.06159108156331161,-0.023264700032459396,-0.023915649456168864,-0.03596769589428306,-0.020676071953005692,-0.004488773803527968,-0.015350816210287666,-0.029651228508537075,-0.04255322103927528,-0.0382423229686083,-0.03579237796878354,-0.035631729551983016,-0.05137383204653734,-0.019365031165972546,-0.03761624380331341,-0.012994454040814785,0.006953508434480726,-0.023813100064819293,-0.04862087755106881,-0.030947921674987278,-0.01879784809672458,-0.010896259171731426,-0.01663608533163896,-0.032338252661756384,-0.06197684183967567
2018-10-08,-0.023112004801684627,-0.018653190282061916,-0.025492061639218355,-0.0349994307643986,-0.030846316717385913,-0.07511290397753145,-0.016762856757308375,-0.03485352034492828,-0.021495395385475846,-0.05123150635188878,-0.03421211451371031,-0.020845030573212853,-0.005274743919188141,-0.03520204738117272,-0.019444343710245282,-0.04577143315630172,-0.04481675489299253,-0.05106622321166421,-0.051515702688288756,-0.03695031252334546,-0.041385740117269476,-0.010853518797512507,-0.021205719219639874,-0.02201825185446593,-0.03409260238059564,-0.0005836009394674102,-0.03982837036853315,0.00584912448179975,-0.015736702314117723,-0.010282706415662535,-0.07234892288587658
2018-10-15,0.019826700196888813,0.0570220239261614,0.029978328193977166,0.01961651703907119,0.04247482108701539,0.016448198205043285,-0.012387401105721785,0.018866162108713613,0.047937972105436266,0.04639583051551699,0.03510505748261883,0.0294190332713149,0.027339297398171203,0.038006485112844546,0.06839321098622886,-0.004170585898634616,0.037441115091443544,0.018676708994573632,0.021607130074501324,0.06095765676564513,0.016789361413565018,0.01579907926354962,0.04744847172608213,0.02769691544717312,0.04586416110110769,0.020972425800209082,0.0425141996867886,0.04933393430571087,0.04844953047438083,0.04659082779389756,0.016381696836258453
2018-10-22,-0.010864130220975321,-0.003596253126036064,-0.01730621473932581,-0.017443118579676065,-0.028596074755563694,-0.01972184056494175,-0.07356121978004493,-0.03170307321488919,-0.05835866321141847,-0.07021315291044095,-0.0004628233816839078,0.00924101746259276,0.005849869223568005,-0.0030918431143873715,0.0034092542333672426,-0.035078600219322076,-0.0013705064127197408,-0.05282791646141738,0.028420359624724778,-0.015491425593973873,0.013209775100669008,0.004300810380885922,0.021025843018453783,0.010086599667992413,-0.02053349432141316,0.028551514198867034,-0.011170444492397125,0.01519498751476589,0.007393773037008389,0.010547636225850532,-0.07182891692568616
2018-10-29,-0.008010784444909325,0.01637592003268673,-0.009777508203756224,0.03568011784743352,-0.009185360160493095,0.07660565348557746,0.021250874541469678,0.0560170657821466,0.01433841327172547,0.018716481878027214,-0.006168886709070787,-0.00012091139083381108,-0.00535994820050445,0.002040575543168943,0.04190248952768938,0.013564654544656829,-0.028820033640055365,0.02296616778749483,0.005141374066246263,-0.014406897647800898,-0.0012418809001936149,-0.007917568686388265,0.008873068950928431,-0.019971900059508996,0.09033766092916395,0.0036161395870999424,-0.0007699629511944694,-0.003521508903665982,-0.01697216940171864,0.010897873934469837,0.03926013345452706
2018-11-05,0.03613078601983877,0.053136889804166865,0.05398995373981963,0.04411393876503844,0.03361977467519539,0.029947291560480815,0.00600828208677795,0.013993005834137096,0.028736195931851283,-0.019085954729690435,0.047175682861427815,0.024406924522111684,0.04047248462790676,0.047976105023904925,0.05812047738314097,0.011777390822120815,0.022609607699168865,0.05099409424045431,0.04092068239800439,0.04209033721960531,0.050039008087035874,0.03573777200420647,0.04524931618191608,0.03884733578165522,0.040274186391074274,0.04589527103730995,0.04933184708396565,0.06149477119607649,0.012598763053970563,0.054965249857860776,-0.02542691564758026
2018-11-12,-0.013096554924061143,0.02397883630198283,0.01649069723491836,0.010542256027961106,-0.002809413701187924,0.016980681873338455,-0.00608202858582696,0.011274510009340766,0.007141571175664607,0.009585792002129834,0.027859933153798977,0.006852392070555435,0.046170704070379376,0.002720090408960152,-0.008674358255869152,0.019047750341318448,-0.037309982924908947,0.03326218905219891,-0.035012340431654354,0.005073415017500249,-0.003848118528188449,0.024327286994506148,0.016411662004914618,-0.026513455713960576,0.0029736916081208875,-0.019184934094497952,0.005631511782608678,0.021974334291278153,-0.018433266108106028,0.02514068736662267,0.00857232428053667
2018-11-19,-0.010095497754762373,-0.021892914698509847,0.0013472743172882051,0.00031862855057029904,0.012245266444630643,-0.022644136569648365,-0.016566000604395947,-0.03710303752786315,-0.018220982607266456,-0.015412467289924403,-0.0036043564937954242,0.003402771725661724,-0.019485981222742033,-0.004418298654302322,0.006650070531051044,-0.017134227777785505,0.0017383028755926233,-0.04252804458102355,-0.017822995590533353,-0.002375599003766826,-0.005199876692077998,-0.01755214063097643,-0.006113770448731848,-0.0033009100243296396,-0.03708897405533462,-0.0036314253585828515,0.0029219882685351806,0.0006518724613564508,0.01643209174904814,-0.00767838873152038,-0.026976942765151612
2018-11-26,0.02393309097677032,0.025562898990862948,0.02572812205348729,0.04450271500576464,0.018734546306269362,0.022232641542633935,0.035343845579931754,0.0642829957004547,0.05174644984739296,0.012828574305570495,0.0309654040043017,0.023271037086699087,0.03104540945662948,0.028417994321307205,0.01738549676407719,0.0036977678719216645,0.030244510381576495,0.047810007331423154,0.05962426485441785,0.02748273547382074,0.005675385736319649,0.02696704186479182,0.010883214243421868,0.014178786660798748,0.031212386984671214,0.017870116554985715,0.03471707642393462,0.033533674662554525,0.005543029078141526,0.03639496213237714,0.0030382718391563923
2018-12-03,0.01341374948868701,0.011793732474197682,-0.010285114798411654,-0.016158482749923597,-0.023434052790547777,-0.05792121707007147,-0.006876141974610617,0.007484812749478209,0.005910862747122048,0.0030889285028867786,0.005894606537486524,0.0043811189147122676,0.028339153570655418,0.01461135787378054,0.020847656821805227,-0.03210504470353359,0.014911669701629826,0.0023549103661562043,0.03547375630431371,-0.016608525689735587,-0.007425259298928011,0.004126566288583211,0.0322821293781157,0.021991652336161183,-0.015455676476107238,0.01470162256486196,-0.004457849433834649,0.031186090507956177,-0.011024715875733837,0.01935590220541039,-0.030939740988152997
2018-12-10,-0.029088058179238208,0.0010213791246123094,-0.009066362374059111,-0.02587550961201457,-0.015388091008018301,-0.002673161756321818,-0.02554178109804839,-0.010452920558253309,-0.012098214150549125,0.0011123301647810724,-0.024138161741204867,-0.005234079794391611,-0.013981982062254206,-0.023205519281020326,-0.030800207013666814,-0.033170212287795264,-0.01882487899494978,0.0284876607999478,-0.028352036313019635,-0.004222322643072096,-0.030370924856602755,-0.04982715634873036,0.006218367723602736,-0.054718445576095065,0.02574763065990382,-0.03056962655773432,-0.009898830244273071,-0.04444785495694126,-0.041337576200755954,-0.018852683939984405,-0.04906970293785862
2018-12-17,-0.05844890352128773,-0.051620658309591394,-0.05275530159404751,-0.09758223111524011,-0.014682489186136571,-0.05628658191420832,-0.1037540427380963,-0.0637730491253109,-0.06372312914592027,-0.0945721731332152,-0.03860466660150952,-0.040148005533085174,-0.04022202458924118,-0.0855549857629273,-0.02348884571408061,-0.06974122258536375,-0.06176853357887602,-0.06619959954896437,-0.10516719692081788,-0.041514541861943366,-0.09165243429943148,0.008593202316258264,-0.03843819521703706,-0.06569112896649731,-0.06208701552728113,-0.09733932253303867,-0.033087556799465956,-0.0366048392755004,-0.09641469034070849,-0.02667947312107244,-0.11444058985496364
2018-12-24,-0.01213786207195755,0.005253605873628553,-0.024683721519060398,-0.013571899791938069,-0.023378034594813912,0.029950938836110552,0.05243610063875548,0.01807915909469382,-0.0002828018000424759,0.007250881272374388,-0.014872397919500124,-0.02260184506416829,-0.028299831829653566,0.005179115191670469,-0.013795596270836041,0.008464311247210476,-0.0019949857943754035,0.008092142438061556,0.019021856014599603,-0.021502175930251166,0.0009583091135196842,-0.006886411581330187,-0.006897679352088737,0.017577424955540488,0.0043267520905219126,0.019529095018488096,-0.030772715571786402,-0.01509874761534491,-0.004289577191116889,-0.01477055896191759,0.02584587660782378
2018-12-31,0.004118895979374315,0.0022072855818826564,-3.667857434297428e-05,0.004718281008878167,-0.0271448975422377,-0.011030299158720114,0.004211224637791,-0.0004624631259273482,-0.011878881439007616,0.0026639469138001193,-0.025362253333392704,-0.03153697077511064,-0.02356611421185506,-0.02019453741733368,0.003228252597115233,0.026631850586390282,-0.004997488209031009,0.02439015201763728,-0.012000130453881042,-0.018715269964023284,-0.008377435572902825,-0.026250554239975354,-0.014048723340829516,-0.02343093982993949,0.0027693887775697146,-0.0042830057251949105,-0.0215899079034505,-0.029649586300287023,0.03816194348461566,-0.01571291248318385,0.054511977716957816
2019-01-07,0.06082510718985357,0.019518930409344826,0.04316571173790207,0.06851412655936873,0.04532652946821858,0.07807345898078832,0.061014089178363706,-0.006384841765114002,0.017460006995304145,0.04986011295557291,0.05491365792984948,0.05467838550490467,0.021516257772111302,0.055683343337873614,0.03718277917564894,0.051570661794406725,0.03113976716940603,0.04972886453617931,0.09121981958324765,0.041358842931323636,0.07517241271334951,0.02085434423626431,0.03290210403663418,0.04711035776569883,0.04203983760365415,0.029692958967225014,0.04231560370415122,0.05788248809597629,0.069546766091104,0.04657284896715308,0.05169434022450203
2019-01-14,0.03257440731377659,0.020259848512419243,0.030796952021639568,0.019890727508102612,0.03536410732815254,0.04749589738401272,0.057978687088735104,0.0021420423345785977,0.005720128842169769,0.008723139368015387,0.038045836993737314,0.04209588996789915,0.028976075974024296,0.020257790149931676,0.029989304337604272,-0.012401323835690814,0.03507080096342019,0.023255838222200342,0.042847976202995186,0.030352786591733683,0.03752391946694433,0.012107833493962605,0.005599147260267445,0.03177783474193974,0.01920027643156952,0.009341715652049665,0.04666995423688558,0.015302821999246596,0.03990157525381899,0.022110563844184083,0.03593544752378919
2019-01-21,0.009254966814094434,0.016639586078830648,0.013906223212080793,0.016129311393228596,0.017295601464354604,0.002244720326171512,0.010286836945419875,0.05659340927142975,-0.028717830025085544,-0.013959026485073522,0.007843624256882453,0.01111859936310755,0.00888109720478858,0.020252535307069053,0.01639925341600801,-0.0017124538787740562,0.01694105396155976,0.011503912023577367,0.00906357873050867,0.019355688382271197,0.02024755033466441,0.01235662802296078,0.008817134547737693,0.017182882592680748,0.024386100431482705,0.018107200201959106,0.017754755549226564,0.02277176303869899,0.016106249863866662,0.026012948151892257,0.0247210519869554
2019-01-28,0.04170297449590854,0.018039646283772193,0.019019470412761974,0.06235803408584539,0.033896772205383785,0.028443372892839047,0.024869091744256666,0.028847710168798057,0.04214265954602814,0.07292109015589143,0.019102891826305646,0.0276612744145186,0.04798720341242335,0.028880487216349282,0.027000214754998808,0.03144681818521122,0.04303569171429289,0.015534006452728066,0.027544880731924515,-0.0030670872747849964,0.05150705140151857,0.018770798759123686,0.04001818188540618,0.027091646226082844,0.02183084614933639,0.011856964973422368,0.022866347848836677,0.01569773215386472,0.008857714617891421,0.01828130267002548,0.04085606442420264
2019-02-04,0.013242528253555541,0.011734813276036204,0.0226078229531661,0.009300272115150277,0.02306334793251752,0.010235218629015108,0.02530750642220525,0.011882323309632126,0.03463539090562007,-0.0014126102971014909,0.019716907294789365,0.029545690323967477,0.02827299248415427,0.03291212438729452,0.0016032461860737701,-0.0038803650401127987,0.012422579637295872,-0.0027313086546140175,0.039044274204806495,0.03046839875489571,0.020458418031108483,0.005107242315982585,0.03663841419732661,0.019705048293444216,0.01148295019548673,0.02728640501477919,0.027656029818061256,0.013562485389686296,0.002310535727626739,0.01179401913588407,-0.041121598702484774
2019-02-11,0.01881103351754887,0.03125927672414108,0.008072120132485594,0.009214574068884485,-0.0022240677956594235,0.07868078408928314,0.0186112070909199,0.014868553960638575,0.024127389845260083,0.0645998412060591,-0.0031320030480200822,0.0026972867306911397,-0.006575153031282088,-0.007617887188465788,-0.012804207510254906,0.03728437632623827,0.030674767159063032,-0.038072120001274246,-0.003925926950498093,0.003370854539895163,0.0050824559817286286,-0.013439766533931419,0.0001427062379844024,0.00912973048361132,0.012444100680657488,-0.004019397795372082,0.0,0.014625781305929397,-0.014292275850121494,0.005180737915813749,-0.004288317704133404
2019-02-18,0.01379221878947523,-0.006692072684800321,-0.00015302980084619389,0.015341795796296687,-0.010942092133529369,0.01658669067090024,0.0019219659013234303,-0.002164326422338436,0.03007920368062522,0.016967690298118177,0.013932545536477603,0.009504332525051673,-0.05174473797835588,-0.0023620007790280395,0.02555877258314765,0.08047204250182194,-0.01439298153751234,0.013098171826866123,-0.0016892679847720915,0.0030715921556994097,0.006040274734312456,-0.03177053618170922,-0.004993445826812493,-0.006634681911653839,-0.015903047622963795,0.012718695707226946,0.006503866668134295,-0.014721623067180944,0.0042094484461658865,-0.027960268688840495,0.02153476169654578
2019-02-25,-0.005924790439314265,0.007303274213528832,-0.009130944786096107,-0.02830361453456498,0.0004097359646406673,-0.02358955746286262,0.15798165810670883,-0.005339110633882815,-0.03240785842608873,0.009917435092983151,-0.009834553522976353,-0.008455771922108002,0.010786731598048771,-0.019976273014193024,-0.023360311422155444,-0.029294933378805177,-0.011279597192079271,0.005621045479142328,-0.022560515465198328,-0.013397054785005635,-0.024295034760798084,0.05399228948389756,-0.008603413444547736,-0.0171412829768558,-0.0024101392461061133,-0.04389237469397034,-0.012700700257945008,-0.030505904151828078,-0.019096389253020596,-0.00755725638569249,-0.04139521109504918
2019-03-04,0.012434960154523056,0.020739656736995515,0.01127426059391734,0.004551123697619008,0.014949466585370219,0.00845584858316295,-0.03543865619112774,0.014509794811863319,-0.023201163107342215,0.00016684356243823473,0.0019052919714495076,0.01580131595044043,0.015484374269707946,-0.004756306941430144,-0.004914470707775509,-0.013299072538615508,0.02852135387896504,-0.027948637611215355,-0.0005772451562112701,0.02250225161433228,0.0008589528930456058,0.010943353698363412,0.012145899196570387,-0.00638836004873522,0.0074679553659147135,-0.007689325089191845,0.01308982817017168,-0.004816096247298063,0.0047484550177998575,0.012971234290456879,-0.0008528836382328819
2019-03-11,0.021220691449759466,0.04052638854601942,0.012879025726176607,0.0023408470480363874,0.016646810444138183,0.010980220311141986,0.01989210572146516,0.03364724476008352,0.02893109888491119,0.026093415114629703,0.015208882974350857,0.020811197005567772,0.02802394100439587,0.006447714630323009,0.025024665152462378,-0.006739332926487984,0.017491444695528102,0.004312941698997985,0.01963055155572957,0.021343258823389277,0.024306281804015173,0.015397475693200935,0.021361948726136504,0.015524776159838716,0.04076950779750654,0.010733613267781328,0.005346258520068092,0.009679036113602102,0.01795845505275051,0.030945704762318282,0.03527988607969168
2019-03-18,0.00853972890685939,0.024765825545944864,0.0031162182415096495,-0.009266318089748427,-0.009526803115488924,-0.04719588109112394,-0.008632975824203748,0.012874521309302445,0.04347646763674451,0.0223953805671524,-0.004815255109520744,0.004526541302060316,0.017051689503534195,0.021644635846618465,0.016704176425755612,-0.01878912958366874,0.007127770320284554,0.02316406256097081,0.026613795383551686,0.0025076889322730445,-0.0006387849480947727,0.03009234524468174,0.019090757871500497,0.020846067597986462,0.032312130757470525,0.00857520992854921,-0.003323441120522186,0.02620237747620302,0.016712949982687464,0.006856905177565098,0.009008743630837923
2019-03-25,0.005927387761927472,0.017609205371840186,0.005711760423588785,0.018021656263244257,0.01693211327519406,0.024870482133460214,0.002881200492823366,0.019920391095346934,-0.0010076066089750313,0.0036765213295499866,0.020112836343825435,-0.005056450378028932,0.012921239891454883,0.024754713450549914,-0.011058435449516568,0.005319183996308929,0.012906025113070596,0.009681053638723736,0.02040830341751798,0.012877870280849857,0.012382217635186654,-0.019538789842839077,0.01322313114657736,0.02087433034306252,0.012885707845704975,0.025956940058399658,0.01067101987831709,-0.006539177313344635,-0.0009130838744692005,-0.0028269293854148447,0.022515944055691905
2019-04-01,0.016791841742526126,-0.00659703969651515,0.014904263381318117,0.041087224523310706,0.010031452671837027,0.037613763026380864,0.03764848383730324,0.008593752114955056,0.028655436276580515,0.029702628475329895,0.003850025384716682,0.0071170617352418475,-0.002649507012382535,0.00776220510669523,-0.0028755186910992547,0.033631565095058935,0.007398406164774052,0.02538080634572326,-0.0027027208921845958,0.004847443995222189,0.01542744349091496,0.0036276218173489916,-0.014385909763497962,0.020299372592933462,0.006761464380659055,0.014214439950140045,0.003519550470049815,0.0023082035670372036,0.024403394005129364,-0.011082338580462703,0.03986309208987682
2019-04-08,0.0026394472230266697,0.011238259999940547,0.009397536463411571,-0.0035408542565216194,0.008947125763240082,0.01676080242909439,0.007025087006674813,-0.0017815907981961754,0.002614266246851349,-0.006943659122461199,0.02433547073586273,0.002799135853351009,0.005411488233217021,-0.0058307882325848714,-0.011214262797892172,-0.005690556037518113,0.015095680640015319,0.004675448094765722,0.0038105450841179334,0.002730750114917857,0.018751722197056342,0.014594792238068477,-0.013419461854078274,0.0,0.016068835561424688,0.00389611829486447,0.0039458316580642805,-0.018201945132363173,0.001356583931958255,-0.0035181051487792603,-0.00803216152624886
2019-04-15,-0.03941816675233001,-0.021031455441908653,-0.0388571678000279,-0.035535803431421153,-0.03888151851346777,-0.02760204480064865,-0.011613075822608177,-0.0484985192482863,-0.018577350430377115,-0.03655740689278275,-0.030729694203455282,-0.0409085335748699,-0.014580675964228629,-0.0427919687976247,-0.03337656495839125,-0.016649108113600763,-0.019694600131118012,-0.01615095963063251,-0.038925252680914846,-0.02421319612407158,-0.01155414908741692,-0.019435550091748577,-0.038985186240237835,-0.03601518065041587,-0.029670994774386283,-0.04021137382156548,-0.026963432583529956,-0.04836366729369623,-0.011286907469299057,-0.042238947670460436,-0.029812265049396602
2019-04-22,0.033607404943410524,0.0015552418365709642,0.022278766825084118,0.029776691155915413,0.02068354059548061,0.020106455094967002,0.013306460777125384,0.011335952663172444,-0.030386275386074302,0.014806020352199134,0.015052714487637564,0.011283386558572861,0.028400958686223277,0.012859314410237355,0.014079812928715407,0.014814474997850935,0.025010231962301788,-0.09738464622533016,0.015972505834109585,0.022616792482749393,0.0343887134239651,0.0068982174840319654,0.029914119921750082,0.017927052438947433,0.01458275968299061,0.003088989684227439,0.018087275578940076,0.025919054669389263,0.03881285761964626,0.017750043105737356,0.038315687331156534
2019-04-29,-0.007116663256924394,-0.0013458420591613285,0.008178589226721877,-0.016210396285329054,0.001589373434574437,0.0011594468268796287,0.021981887358076158,0.006289769721204319,0.03347900297954998,0.05284169965410568,0.0051179178653140145,0.01033994479218836,0.02626503485489029,-0.007020287765657329,0.014545482537942966,0.036496210378610616,-0.004399936394733017,-0.025893822508601394,0.021897741117287373,0.008075297378673074,0.008804067365859813,0.03562462502743502,-0.003966925256590259,-0.011395730577137386,0.029094294804273613,0.0044790862200760895,-0.012436306960633803,0.03170416175346391,0.004835215130559067,0.025623275849396387,-0.02155638582987074
2019-05-06,0.003021316297476595,0.01404498700140322,-0.007172226996382536,-0.01870394637238071,0.001487337377240161,-0.059834051469770166,-0.001363123748022943,0.007131863813326866,-0.02584914028240959,0.005933390370597591,-0.009922593858158524,-0.0017583935107529092,-0.003763543046211737,-0.027075644677761357,0.0003897533126322461,-0.03370205394813297,0.005624792597732187,-0.007911344117109032,0.007692352044227135,0.010741926800308832,-0.015761509776955784,-0.005468720310254471,-0.02613631707666586,-0.018862099511598562,0.016769673511168648,-0.023410261727019432,-0.0015739497222564403,0.0011202842393152057,-0.019247900021952535,0.014127345466278696,-0.0459300566927523
2019-05-13,0.025012709685098056,0.034601052040236,0.012106699810701338,0.010891768552490744,0.019409993598356712,-0.028946825578191726,0.039001982466390306,0.012492199358883571,0.0034019352149925464,0.0217994958129597,0.010418215635054517,0.0076803700643341966,0.0010388544663431087,0.013528009735537028,0.042202336432396015,-0.001561716406342617,0.012784659231747986,0.02360429119215457,-0.01363129648106809,0.03620645070030304,0.01389652497685323,0.02044275890505154,0.01509379134024269,0.030890114409225067,-0.0019485385809581146,-0.004280536382610278,0.010585493035940141,0.038689108606497546,0.009366954447619369,0.03237424987469928,-0.04696646149524708
2019-05-20,-0.006561948735717027,0.002815654859122496,0.01053474464985249,-0.012196009035138511,0.013211462413088348,0.01712476503924254,-0.006819818590187099,0.004557749201971051,0.016952083193112255,0.012727608053951789,0.007439219782563455,0.017306545094257775,0.009340496897754402,0.010220517547809838,0.006959876098566298,0.004170900885824169,0.02191639526117717,-0.024306737052996463,0.00497513832158103,-0.0019991318787146994,-0.015663874631627772,0.026551313614291416,0.0181896395383625,-0.0029868136301037795,-0.005905386674060931,-0.006433381599526888,0.009806034526087526,0.014930059946556717,0.0061863265408867996,0.03068153995916978,-0.05503067332029765
2019-05-27,0.007362094400156005,0.028423800167124647,-0.011058171103399794,-0.009013869533906704,-0.00901236764609481,-0.05009353184031273,-0.008636792638691104,0.01705392602254041,-0.018836370974454786,-0.01657164207789863,-0.008032047366195227,0.0026462798550217492,0.0016827398417560424,-0.01298617001504987,-0.00377008374170007,-0.059709157547051306,-0.005432936394297205,-0.021079465290795296,-0.042904539788875096,-0.005573944800207342,-0.02307381951011034,0.0069847510173211,-0.006380186432695223,-0.011983183828540134,0.03674421915317905,-0.0539311853242207,-0.011697071307309015,-0.024871078619125297,-0.02591102313484206,-0.004291005475120957,-0.009126634832320901
2019-06-03,0.02930132084510384,0.017674924093376676,0.029801588442543325,0.04074013868519355,0.027573448397528066,0.07789928882191055,0.059335966934500384,0.04007374715269951,-0.014611145278613513,0.028427933023011054,0.018414434438161598,0.01689837065943589,0.02164969168833686,0.008949906052567735,0.0006306264758446645,0.012700086111192554,0.0397971328684954,0.017618369191081396,0.05344857436654982,0.027588033740737483,0.06135451686052118,0.030813676694202874,0.0400683041378016,0.02289263973293454,0.018899290017308168,0.00801987529252246,0.03037045818781481,0.004976632954955651,-0.0013525837186846301,0.024747915339815796,0.04342097252895938
2019-06-10,0.003981167258397589,-0.005789422629536856,-0.004639879701604399,-0.007050692922974444,-0.0004706937147507251,0.006090196142509274,0.018115148915784474,-0.014125031779568142,0.032414163572533905,0.020656611676756143,0.003590665525517789,0.008494453065352126,-0.012970413364348232,0.009401142837257348,0.012291130748814716,-0.0016358599116546024,0.024765721276887698,0.01731325464108391,0.02182205975064977,0.003920642672565533,0.022637404287641383,-0.007748530110942231,0.00853340428285776,0.020749859715098573,0.027210884843996475,-0.0028760981160363963,0.006501868464808824,0.033116587748244,0.02618503937354788,-0.011414348332241864,0.09668180146694749
2019-06-17,-0.03978845788560437,0.018699950118079123,-0.0013935329919324557,0.00643493763382974,9.418307433128881e-05,0.03611777746630063,0.019794077412829347,0.027081682827317932,0.03769332330204267,-0.0035890116669716754,-0.0029391460277962134,0.002640654820697197,0.0053527254915273215,0.005107339697344893,0.01805750610719481,-0.007645804081158225,-0.005858708789751144,0.030018268738522647,0.009076332039322343,0.01103652106391495,0.024018314924713957,-0.0033705202517300137,-0.013920776519895095,0.009438418012801986,0.023885224748299683,0.007180975198977313,-0.016364945252695384,0.05332532071528484,0.002639710436838083,0.016650478912661804,0.017114009114636897
2019-06-24,-0.02884050644463798,-0.045764791338082755,-0.022233089189568567,-0.05195848953291804,-0.016765517521127538,-0.0009736950057699367,-0.011560327802360382,-0.039991227537380825,-0.043524203128151195,-0.007478868511635484,-0.027040863996786957,-0.026835191514344436,-0.015221876600250872,-0.03050817123512517,-0.022018457288805693,0.002751820860336096,-0.015469733468512548,-0.02370583414315508,-0.022222285992840485,-0.01116817712358742,-0.015123344467116051,-0.009688085641000765,-0.045397711580735356,-0.03998847915871584,-0.030485950194406475,-0.026387735211536922,-0.01729413407286151,-0.028014866382866654,-0.032909294788591836,-0.02534358904424261,0.007265880912291411
2019-07-01,0.03516454582109274,0.022450516139460586,0.030867790036055887,0.029861809729771593,0.03707834574829927,0.028654994981776927,0.018265189147879335,0.02976580909492843,0.02759154224804461,0.02754362099420904,0.03410782965273351,0.03843540122189926,0.022620313350356858,0.01685295800206288,0.021888882633501083,0.021897012007476846,0.025065488655951595,0.00926523603132412,-0.0016232537835619842,0.029721561724053158,0.029088515146489025,0.029600782529824787,0.0181178451845041,0.02607118319659718,0.03455786326575594,0.020030199277951466,0.024726922404877394,0.032866920251144016,0.026402292114921844,0.03299413110142835,0.010250421615692229
2019-07-08,0.004827679120168682,-0.0002869504764401176,0.01255595322219305,0.003260781675903157,0.011914694253709168,0.0005684816948388072,0.04069625765062579,-0.012739226818437754,-0.008014006219566827,-0.00032799212309797543,0.011935332638708163,0.00946533468240518,0.021751089722576555,0.003207948973612096,-0.0033661061134729886,-0.011406745737757684,0.01897801054395365,-0.04495101614727015,0.012632527983100328,-0.004618178490835123,-0.02911560358420373,0.014109841705860271,0.010572915050526932,0.0008761079495396284,0.005846787457235214,-0.004295526993841392,0.005652213177194998,-0.009600379124773961,-0.0022401428376847,0.00629298786364485,-0.04021029647852936
2019-07-15,-0.028277264193190987,-0.016365176597483155,-0.017341220109670652,-0.03197289727436681,-0.02400880000337191,-0.01306815599771205,-0.007136330823142023,-0.05312405746704463,-0.019488565822277204,-0.02200744583967118,-0.02155972863208211,-0.029774672812120095,-0.01957407469295347,-0.026494174602973763,-0.025483673771498627,-0.029120919643048304,-0.03187650599923131,-0.0036458867766012704,-0.027717253082699456,-0.005844670822289677,0.008871425910701003,-0.018497946577768154,-0.02813500479001707,-0.05150265311048918,-0.023806642126369404,-0.03586848158160316,-0.01063959133891379,-0.03182861023702621,-0.028289258009018936,-0.020059277982634183,-0.01761955425638051
2019-07-22,0.013278587801169195,-0.004718806667399322,0.007494150002443245,0.025220824177405454,-0.0017906223411301436,0.01477644307704562,0.08801785195924738,0.0406439973061683,-0.052662946654488785,-0.035135417844420425,0.0182760810568674,0.031095182411920774,0.014444629890702387,0.022757497168044205,0.010712145218660929,-0.0033956437743630774,0.012578434609652023,-0.004989810825276941,0.04751263607008238,-0.0026039760812832657,0.01696814514902556,-0.01905106255894584,0.011638368147266265,0.018304739125822866,0.036865112551154766,0.012081542176124449,0.014527832150685649,0.001643558395296063,-0.012476692476843798,0.0009634461874981071,0.04463950770325842
2019-07-29,0.009828555155049878,0.05317947647085619,-0.012573292599350694,-0.008758806589300061,-0.01860060115625406,0.011913714839121514,-0.05597072668162051,0.035610628632282815,0.05092795653907434,0.07217542454544734,0.02444008325790481,0.004340957509028076,0.04126593017381941,0.011469889976224001,0.025249419873378587,-0.03066436789889815,0.010960813912869849,0.05115324696145018,0.017075756882891202,0.02400181374571453,-0.019485913028306823,0.042225264215799196,0.007334070608369991,-0.006646579863229252,0.04982700327178313,0.005810312535111883,0.0036884059519624035,0.026853766162164838,-0.006551395388758374,0.01960776710490575,-0.042350526015220935
2019-08-05,0.0031062713198952707,0.031373404412699646,0.0012149357838220354,-0.006223479633489792,0.017702371003432305,-0.005232644142771359,0.05842075507255484,0.044442523041290594,0.026363094102585416,0.054055130508591454,0.009815866260793227,0.0069751068884604805,0.03335964156524396,-0.0006805060532127927,0.04863646829079182,-0.025190485596780943,0.006505247914239121,-0.027353609612206564,-0.005771206911435955,0.018011467817739213,0.016395420293305873,0.030095502307132316,0.04091861768616156,-0.011861200782708359,0.022805737310575003,-0.02700139791699463,0.018374548386191458,0.03995327286775652,-0.002826256806707339,0.04152920997776044,-0.014342486438016722
2019-08-12,0.01913021146986371,0.0031499724314401067,-0.000825153824090874,-0.00873666370888726,0.0037815031550012534,-0.029682472852620267,-0.023495474719549825,0.01189458349270156,0.028013281787186317,-0.0011037412949792547,0.004552423130725902,0.023412715652707528,0.016689044189204694,-0.011650059655175626,0.01114350684215859,-0.04747591157666353,0.016876022423508052,0.029757940423885465,-0.014775657008720078,0.0034740293928989807,0.006843384542439601,0.006729987051171449,0.0017891243794556644,0.01225876749328303,0.02359523704627886,-0.04091622451657351,-0.0027594876871784857,0.022632031942637854,-0.02078405742623024,0.005776981493698097,0.01697650767822645
2019-08-19,-0.008575428585274159,0.016328011417646726,0.0015546000331823073,-0.01856308173064858,0.0017891069535589388,-0.04627305196008957,-0.019019118855145734,0.023929721332316856,-0.023853739377769467,-0.004331458624862172,0.013596479865773725,0.0014934599033451512,0.0031505057595333508,-0.01500178558373122,-0.009570441098490257,-0.010094514552733358,0.014265070678410652,-0.011114491421218009,-0.027852286818193073,0.004910815323451834,-0.006068549751778729,0.002782449312922264,-0.004257991737195432,-0.028378612823369287,0.0019592386539739604,-0.0036060284041370405,0.01106858942170863,-0.016529993559216805,0.013024622527003649,-0.0018278384894682143,-0.0015897384008960458
2019-08-26,0.02049956062917957,0.01597714141535511,0.031043912981040256,0.020583040186024304,0.01767430532803771,0.061104389744055077,0.012831905618101214,-0.00799508519526304,0.024105301908833532,0.016987970153068188,0.024290065606027644,0.019258412675794423,0.0076032201022728785,0.0040407835228983835,0.016398114050381718,0.02230712223186715,0.005946176669771042,0.022800133281662305,0.012672358055118016,0.014901552753904257,0.021126044847860737,0.020192681752452257,0.018069029105522105,0.018471862559146013,0.006250272667604362,0.01992732611734427,0.014315860195797114,0.019447324957667433,0.05523803672571215,0.020626575640493083,0.047372732242646265
2019-09-02,0.02182361761870566,0.010426360730402706,0.015007476107774975,0.013627140799377768,0.024942320202808954,0.03041898103430629,0.0018540866961880287,0.008748154147510512,0.04036225863407372,-0.003936808516339152,0.024657888860585953,0.018053951043788263,-0.01788056528393256,0.03885143696194926,0.025064812704272965,0.038653375923781486,0.0006954498920450636,0.03767644257817526,0.05277477194261082,0.016893019343039883,0.01399156777676791,-0.02734764421546343,0.03216285921280093,0.037358471793710324,0.001207484112600854,0.015509769979133337,0.015566709171085824,0.02507150117016832,0.006769169138202358,0.02043323579605083,0.015203120935738168
2019-09-09,-0.010384826800272973,-0.07403595910116911,-0.04004629101809509,0.009449235619019669,-0.028571458069828526,0.002599320238803271,-0.07451177777916762,-0.06828734129072644,-0.033431713950426434,-0.031204665910945506,-0.026482400005388484,-0.013545000492689696,-0.030231964112529486,0.006109069083189311,-0.05171456841591393,0.0396158744184838,-0.03231410068439,-0.01512849074020084,0.03979316622315077,-0.01443884125313788,-0.007076053292054296,-0.05456301992528867,-0.04371328984839207,0.01703500356111287,-0.07188043335475935,0.017718723206433973,-0.027182063165315018,-0.06978562332357552,-0.024652720459795385,-0.06433967024813114,0.039483862282779336
2019-09-16,0.012671814581713292,0.04731393431815567,0.009415244639211728,-0.009817406950456076,0.02059750362275148,-0.008518501564308445,0.043658212341550096,0.03877101715306153,0.014235363191613004,0.05523478333196752,0.007333053313897997,0.0005888830726237249,0.006536889882397423,-0.005923921145323141,0.037640754299488766,-0.004618912385347507,0.050269338024750754,0.0010178204694784032,0.007455219109314459,0.016462025117493173,0.0019001247437970825,0.026076804963966138,0.044885321299310554,-0.004848317294969151,0.05441008798352609,0.0072114028494911775,0.006512796419382294,0.031865652243243225,0.05422790345594897,0.03847504445433536,0.008391455496271183
2019-09-23,-0.0021507574538125462,-0.029171718777054823,0.02492113325297951,7.683445504902409e-05,0.007636217175913451,-0.011953667887645292,-0.03146221257057513,-0.019277381327985732,0.030552692544491444,0.017954029551718875,0.012680328805152685,0.010934759293307117,0.006121769805353949,0.025164387289708934,0.014567471048153147,-0.007540585366068053,0.012307811182722617,0.005625348084686399,0.028613954848328627,0.009918591358698547,0.02329051266322102,-0.01125907254049463,0.016339336472285693,0.019931870352534187,-0.07765698046124092,0.018833612302803004,0.008766436776926012,0.019942195326680512,-0.01874473515549946,0.01677929202864825,0.005426649427744845
2019-09-30,0.01759344114757977,0.0361711320174698,0.0293322829720013,-0.003697500189188463,0.02483743535652616,-0.04215507169395194,0.017283303702152253,0.00036263097555533363,0.011020528367497784,0.008723430760615214,0.020828139932928202,0.018424006376766,0.006512693782001033,-0.004613397786054851,0.02449336316014339,-0.017005198930896803,0.01621065515739084,0.0009320461020263515,-0.016786753715528957,0.01618967393146331,0.0047796023406418975,0.007387317162125262,0.016595278427810722,-0.0008685623318049895,-0.0010555900778016492,-0.06305370815298761,0.01448372614207516,0.012355359368657393,0.03290682672560874,0.018495920550344325,-0.02770769312899235
2019-10-07,-0.005361999572172538,-0.0065506462674953525,-0.004200625657080126,-0.003962601456754089,0.00035480946793620127,0.02269590620557227,0.04755728325155051,-0.008990625478812797,-0.00736926636395252,-0.02585772673713327,0.0018290757627221765,-0.01041158629478256,-0.015155230443542167,0.0019863629625771484,-0.0010995132867953616,0.0024067871965305354,0.005317259803296226,0.0009313308156497779,0.02545868766416093,-0.004908054728657518,-0.004060641295991485,-0.003484328829360228,-0.003699239057192494,-0.007678804677662687,0.020669546436285158,0.004053932302426455,-0.0208035113236279,-0.022061288058547124,0.0,-0.008481675160488922,0.004071052969819577
2019-10-14,0.013249546089046271,0.020672832382999884,0.009583592391201545,0.0012480237263952088,0.01692966811414398,0.007526039983504429,-0.042336978556210436,0.053994641275252775,0.028381316810809354,0.017295612425131113,0.008444566291707423,0.013273919447492677,-0.012362896788835842,0.013509369581710784,0.028610831336782105,-0.013205289820522714,0.020826508794500098,0.0390820903510134,0.008678705288919453,0.03292461409215419,0.043918895572056416,-0.017929543269166293,0.020284950299173765,0.004818010377438009,0.010891547566583615,0.008882852263385477,0.04461254004494708,0.010120498644170972,0.008278666588676042,0.00998001527294412,0.04238846542473951
2019-10-21,0.014357734034442515,-0.05421458359661313,-0.0034519345326974316,0.029759933753818135,-0.007844551663924726,0.007661396914252494,-0.0394137383974652,-0.021241115576347003,-0.0012031033402342128,-0.018510787232455028,-0.0078080751197269205,-0.018744273954182655,-0.01759437828549182,0.007244293396688306,-0.029152219602818996,0.014598442312306892,0.0003237150435388969,0.017611765790015887,0.0109944077835189,0.0024418806971786555,0.013949329911648434,-0.031256779980305405,0.017742095029325222,-0.004649767222684953,0.0002049083347244185,0.037619946496134204,-0.00763047960323715,-0.09415322923001745,0.022471851274805443,-0.04484737757324986,0.02758132961799653
2019-10-28,0.0010746057516795027,-0.005307450211745723,-0.009890184260935242,0.03979444688480793,0.004568284439342651,0.041436994485547274,-0.029773059475151298,-0.025390015330192695,-0.045324588459620285,-0.00618662711310658,0.005246381277692613,-0.0011690139483062634,-0.008999497822133051,-0.024453292280167904,0.011294887334358794,0.0047961955179931515,-0.0016186015538381948,-0.016720505478234893,0.027423226190022243,0.027088748826366693,-0.037640358788728956,-0.06299134468818557,0.0024728835910801106,-0.020583873671000896,-0.016260552047233645,-0.00938526767359138,0.006272837766855277,-0.02984828619695712,0.03677103386084313,0.02353329513402258,0.032002732068469486
2019-11-04,-0.028468769489805035,-0.04477554589262123,-0.034017709987347655,0.006548309516320572,-0.03699151603230655,0.0018251226948373667,0.0021710479567407237,-0.048100921954027376,-0.08067820195747288,-0.05679101375007878,-0.047197316945454926,-0.030149822838148932,-0.04432653474108117,-0.03066942015997043,-0.07315092659138489,0.02446298838652483,-0.0431255809340334,-0.029236129411845835,-0.040496994429184086,-0.037082222060921044,-0.0042313170377699105,-0.03607581252129066,-0.05609225586374167,-0.03622007229827906,-0.04879666367611801,0.002530964416373349,-0.047456394029954274,-0.07012328259500178,-0.010191606581766433,-0.07941766204168255,-0.01200386259550601
2019-11-11,0.031512013694616314,0.03643062555259924,0.022301731601950703,-0.0056382310197402585,0.0197055351563713,0.0282382811859323,0.06175023430828919,0.029585193463222303,0.019730745176782305,0.037902616167402314,0.029530448284239785,0.012955544600931068,0.008561550500429504,0.002890056220105075,0.022558680905040207,-0.0017472687050948954,0.016265515543616216,0.031960772154320694,0.032613941814233716,0.03239056811706065,0.023314440106264156,0.008800620266205428,0.014936740590624442,0.02008143629801018,0.038518636753840374,-0.0031717830634984123,0.0225882181136714,-0.020826555859735363,0.014826903338164499,0.013392540538262443,-0.009449771330897527
2019-11-18,0.005731514059627463,-0.015278299896854142,-0.015149433918492772,0.00021808204758322347,-0.02529173572687704,-0.027108412766205126,0.012670788359623986,-0.01752313465886579,0.0061411109761355664,0.013026666441599666,-0.019314965960084418,-0.025830712658553967,-0.014925438504429955,-0.011527257022328374,-0.0014512516912424944,-0.01341886160659267,-0.007290015241716019,0.0062537049944955125,-0.010682905446341762,-0.028410579804885483,0.01638613928717736,-0.019651968584951218,-0.016007821509816833,-0.01881594874533432,-0.020694514578853518,-0.027679409679522538,-0.017960402347815152,-0.01526605418632987,-0.012987031771427127,0.006488182879189841,-0.012265997917647709
2019-11-25,0.01784964662113242,0.018656609567543336,0.014814520074252213,0.006904425775494216,0.019186960885277493,0.03842652733955543,0.03765532852079434,0.01012687298750814,0.011287635027926735,0.021125455258006243,0.003655884951926147,0.004569441969075827,0.004261432392607567,0.013273102495065858,0.013953627259695178,0.03429909883969362,0.03002704493183117,-0.049422956106024984,0.01502363649389471,0.012723304152517434,0.01093201250581366,0.007941727376077123,0.005378995865717995,0.014031993813318211,0.01930339337347675,0.02376428229665395,0.010090415423098298,0.015676721759919188,0.016858714720835888,0.010998177615046956,0.017937323819145368
2019-12-02,-0.0035686645823417296,-0.008549982209252405,0.007135810705342305,0.005341440052990976,-0.009592079952116084,0.02595579674420745,-0.035864603205438716,0.013467320483372625,-0.021331107291026608,-0.013513340528731432,-0.007755402652445231,-0.0008009737052292465,0.01367272779519313,-0.002271506548651492,-0.01548201747505773,0.0228705522023942,-0.01637733921540474,0.019613970828770366,-0.020351570775426264,-0.00969780667062814,-0.001310740705496971,0.015046476261762587,-0.006100603993335341,-0.010455287868192276,8.44909350807832e-05,-0.019641335794253423,-0.003329748650608866,-0.014405598812980758,0.008491844660548642,-0.009459887566391378,0.0
2019-12-09,-0.03377801051708651,0.0015078518686069131,-0.03380556870113194,-0.029939596173163108,-0.04733894100855007,-0.0041025927943042495,-0.01746550016091475,-0.02052281660431754,-0.03936809370177996,-0.013143631040301695,-0.04062104188033411,-0.036610706434237694,-0.048464912967427276,-0.03035619128964384,-0.06086174378291098,0.0033536565678693453,-0.03330004455639768,-0.035419953817778405,-0.04107662546520141,-0.03182749580532884,-0.03160899191501776,-0.03937332242227265,-0.04529894404306645,-0.05360446928003537,-0.004270820080398252,-0.02624126790472836,-0.034036558551842844,-0.034278603363251725,-0.024458875448658657,-0.06088082887989221,0.016076327971292548
2019-12-16,0.017703060397212145,0.07161684298322757,-0.003019803084645889,0.004959024527396938,0.012499268538233466,0.040851375500908116,0.041012135331603305,0.07987096862294751,0.04757165767066174,0.046879569962020584,-0.008764247600120956,-0.010515176533756554,0.03036772374186847,-0.004304544739348604,0.043721000030569,0.04233972968904687,0.01515678342166571,0.03121542785219944,0.010832184509721232,-0.0033716551030144037,-0.005760027932976919,0.0394513123057898,0.0,0.02856653842554846,0.024375877772546684,0.00789738325589906,0.0012973081648437468,0.03513502289221204,0.04233453511160978,0.021990418207346263,0.017206360959222566
2019-12-23,0.007284670061206366,0.005883819263261314,0.003990158018629897,0.013993202122377202,-0.0055780772787040744,0.005112159901240698,-0.009563663192473038,-0.006479088450299875,0.0013558674373492785,0.00829099912134934,0.008094729941103385,0.008003897293811235,0.0003829403277939569,0.007310342940413772,0.00980390751275384,0.008017322117451986,0.0013574277476142704,-0.00469342799361272,0.011203262263902003,-0.0004612390903746544,0.013421949797096211,0.0006618394179311871,0.010345202742745752,-0.0030326888363336746,0.0007876135211781765,0.014433898693888114,0.0004316198336271615,0.006614418342438366,-0.004731856026633174,0.006965537295543278,-0.005638313285676433
2019-12-30,0.0014960788378683976,0.0024068241872587937,0.0018675718108775996,-0.00755385843582379,0.0068454632542598315,0.00032814532425451404,0.0461250224482046,0.009781759148944191,0.014892258531786107,0.004497857965144236,-0.0018526920917196765,0.004904468514448146,0.019232528797121118,-0.01568489657835992,0.010003091739336334,-0.04347822141529922,0.01931540387854569,-0.036780853579606365,-0.045761285115314854,0.008230631669188915,0.008119893125453581,0.009733436614144386,0.007371860257699314,-0.0008005914961761729,-0.0015741842447292154,-0.015177146314898415,0.003236855425510443,-0.01314191059041292,0.014372443015023828,0.0072873965737001445,-0.018012038204244685
2020-01-06,-0.006506308507894798,0.009579746049881877,0.003576343501537904,-0.004329681314604095,0.0030217975456319213,-0.01197309377760758,0.03022998384997755,-0.00042120118340682744,0.0035851814069747245,0.01517657987892651,0.012819851726409759,0.010558517599796646,0.011734849156812777,0.0064826356914649,0.01747729413709087,-0.01577864794257544,-0.0006649500391074925,0.0006526608620538443,-0.007313970903497946,0.009765898358914171,0.0005594299901212629,0.009920359766974363,0.002442569116993365,-0.007851313464517617,0.01576580751669776,-0.003852893367384036,-0.009464549871107009,0.012090123146224707,0.0027670368762857667,0.015327897403658364,0.004415598516113839
2020-01-13,0.027306554867782662,0.011351621717004212,0.036555651362552455,0.03316549074196695,0.035303958029269555,0.01311416133496679,0.0069752909465732316,0.020014175802676393,0.033812432689816374,-0.010101020105744651,0.015259809643511035,0.02139586764947876,0.035167677946229325,0.028669026794381214,0.0377898110509447,0.020547981104332536,0.014304672232991145,0.023483533558966485,0.044845067678719985,0.01239138985115984,0.054002698114851144,0.022843152982862325,0.035394747269948956,0.02067189058970942,0.029448856045194427,0.020581599975188825,0.03816326363140932,0.03229793106774825,0.03547483324393519,0.04335750088494761,0.04768365693166721
2020-01-20,0.010804221381521373,0.017565145671721405,0.015087701237722406,0.017555176306904174,0.009729899683973864,-0.004260172484574998,0.0015702016364389504,0.03201356226800778,0.03069744602468405,0.006734651699094041,0.0031512157410344965,0.001942498764422096,-0.005647213021231057,0.0021616740727508077,0.020689805130868377,-0.04474272719351824,0.02787807258625219,0.005417216167488581,0.003946886861485588,0.0298787753641232,0.019942808914332533,0.016851728125781618,0.010216084261464475,0.009335391631518197,0.004404185532138394,-0.01996342802561335,0.015384635413954406,0.0003399920227911135,0.014465367603035517,0.006482061334701639,-0.014525536790134574
2020-01-27,-0.008866808242875224,-0.024334911858775676,-0.012036807027457352,0.009435969236934572,0.012518060873148107,0.004607516491487829,0.0035964212846790744,-0.0004000584965462295,-0.04108837270550092,-0.0037673653289749254,0.0038669209356432255,0.0009372186005405236,-0.0022536820721178463,-0.03690015651527012,-0.027297494449828874,-0.0433254259166016,0.004148000854014011,0.0019019671774807012,-0.06388226638148664,0.0018250929828385054,-0.034009355809773156,-0.0031630754970564112,0.016595605410684167,-0.027433641455008928,-0.014181319683075344,-0.08058272373715214,-0.005604047442900328,-0.016488157256477787,0.005628246086635702,-0.02346149996690705,-0.05175232296199739
2020-02-03,0.02665447745477567,0.030249491306375997,0.011445038590001122,-0.0044646470261578974,0.0038245813048478627,0.04881244192427947,0.020674105264584464,0.004337619813443272,0.002357965021499986,0.02758897429800733,0.013480753337221651,0.01623818159736956,-0.004246454458451954,0.023996292546159648,0.00889144748898274,0.022031794492044954,0.00127102535942214,0.006959572748097775,0.029921434180391282,0.029006664309162877,0.002799328299052606,0.006569529076352554,0.017029018731334222,0.01740793126243112,0.03710524501350587,0.05910631252560217,0.01920295487885837,0.018665701808078694,0.011940513731980573,-0.009186238897796017,-0.012780624770232452
2020-02-10,0.04404633466489227,0.07329841492941469,0.03814387535302677,0.03167226977744364,0.05342915098589307,-0.0010932327996053814,0.09734577803704236,0.10286420229734916,0.06667742090486617,0.07037959270015781,0.026840751971249466,0.029797736851111756,0.04736402555057295,-0.006171002058671604,0.027540673470883403,0.012574886631168125,0.033005380671556006,0.04115617815780648,-0.018348709465921154,0.030596902205881404,0.047348030109789496,0.033699092440168776,0.009307184887120235,0.014258603508580991,0.13828145636883593,-0.014891692455481609,0.030513896183370637,0.013742758130769639,0.0365041362345051,0.06168995876025707,0.0727779065582661
2020-02-17,-0.039729797782981024,-0.036058548900174237,0.002153730704666401,-0.009848243060754491,0.012868921950070833,-0.019230762349009,-0.02068720985022965,0.012592848098689435,0.050418429675391785,0.01131557804785932,0.006361561966622409,0.01499219813764241,-0.053971985562598634,0.013911951031319036,0.0056929912644028136,0.02779421258552639,-0.03108431898543018,0.0395292303530248,-0.009864866260504979,0.015531692491189908,0.01722215103505942,-0.030281088444955362,0.027289440490505745,-0.0053107574773665345,0.0035302497258278276,0.03965855766019066,0.012122456248870428,0.05422582019174049,0.0014230799716987708,-0.02474230793520371,0.0022832454759713627
2020-02-24,-0.09584479601408857,-0.08181869517455354,-0.12029662864276702,-0.11551658515197771,-0.11991354645983654,-0.10505340667427898,-0.06792412915304502,-0.14738800443809896,-0.13045694375539807,-0.12681591536085524,-0.13688091921728462,-0.13880215174249144,-0.08095247974322473,-0.09813952918054147,-0.14831778894197845,-0.16685849035405798,-0.08601455762196453,-0.1172712194872696,-0.09019398370545406,-0.12526228364136316,-0.15066039545634347,-0.0737477003775393,-0.12190663499393528,-0.08953355996617085,-0.10336566416542436,-0.1347626774118209,-0.11682697805948994,-0.14637232897347385,-0.1097689918005188,-0.1325114968087695,-0.15457207207370804
2020-03-02,0.04727392128271912,0.08606732750598245,0.04222559951495919,0.02823041033573581,0.07520278542065362,-0.02778763048724575,0.05939268380875662,0.12233925207600183,0.0676881724809919,0.06702349074746472,0.03382139248173921,0.0398791719631002,0.09625347154353614,0.043235077150416634,0.06573969452820472,-0.07044199428629039,0.029626932499863257,0.04472199612007399,-0.001152916728197062,0.10861839206143231,0.018984466890940688,0.0947782390780394,0.06224288697344482,0.052228784310336174,0.0772570123074443,-0.03266146834031314,0.07403286484412064,-0.0771805316628531,-0.033519718991812275,-0.011494430346447704,0.023864711504391956
2020-03-09,-0.07116782334151817,-0.02975813074188971,-0.07605482243621675,-0.11706152958464877,-0.1577885042111885,-0.15023819142259265,-0.06123807111505408,-0.03562986700640203,0.11774761939229417,0.020405085532710032,-0.05190589515461197,-0.06424372887916274,-0.12215944666130707,-0.12910909446210606,-0.14412804532493806,-0.1523031012478765,-0.0842924110758062,-0.08750383394925731,-0.23716104292478057,-0.12072574220509169,-0.0938516894186805,-0.07687595911058709,-0.06170863817688821,-0.08587035275028898,-0.012886548747198079,-0.24601061864499596,-0.0755538936116168,-0.32829505900775735,-0.273327702484918,-0.30665213997253515,-0.16593706833637234
2020-03-16,-0.16535818724907148,-0.182434548331601,-0.3185960360149268,-0.29950452670217265,-0.25976868851592805,-0.26131958748302286,-0.1701534416967173,-0.16779475246653053,-0.15445785478324392,-0.18446604740282335,-0.24887931628690008,-0.2879627072996602,-0.16678167841877656,-0.3161094183337142,-0.2737352555969821,-0.06748467108936562,-0.3645101838342574,-0.19798416078802283,-0.1959151832657674,-0.3055555687778815,-0.1860254720924639,-0.18171490418975444,-0.34065628242945456,-0.3610861655139066,-0.18512902177452872,-0.46374065070945636,-0.2828033845112312,-0.3513351376225352,-0.30056818113601813,-0.17277698196090074,-0.3266424277473048
2020-03-23,0.16349033149006753,0.11817390908227421,0.21767228620218648,0.14414626991601698,0.20622171777014464,0.1441915552664037,0.05450483366227976,0.06895205090117007,0.10475435593705917,0.1732410083558389,0.14505060308055895,0.16436580851713578,0.20446550889768256,0.06274457630780805,0.1941792689551025,0.06015010966927803,0.2105874262115015,0.07309562573519601,-0.02163678344621167,0.22971409681113175,0.26026717455491566,0.11856106902011732,0.19991518570288025,0.14702573134832808,0.13975518092766093,0.20835060880285816,0.1845146335529544,0.40564289411475474,0.3086920353994116,0.17161715022794488,0.16531180739071605
2020-03-30,-0.09395687888856052,0.019773058653096642,-0.17501713728939328,-0.11490082933635848,-0.16034532323945028,-0.09438777272773713,-0.09335788701262959,0.06377387062211248,0.027399033306793052,0.051189109313616976,-0.13433313654192147,-0.16509202464347383,0.001145558701979077,-0.13464837826720866,-0.18937279086499237,-0.19680836430986748,-0.06919750144436876,-0.09478868435598231,-0.25288471015863745,-0.12351301008675086,-0.07048101127989082,0.01336672898191682,-0.23374325337346846,-0.20301315956342014,0.013084486914181737,-0.1968368057948564,-0.16657887731118703,-0.2589668174530484,-0.14463063093786432,-0.2503018455374004,-0.10813954949472726
2020-04-06,0.22271767340549542,0.16517049594791233,0.27845225026056664,0.2899680393951831,0.250331666903004,0.284788749587368,0.1984432703633685,0.12718035044057951,0.08645345557249229,0.09964920603176797,0.2793954963858696,0.3058029065555625,0.07052955828954444,0.3067922938035821,0.3972397887028605,0.3382981467313979,0.25503363799925216,0.22892113359618427,0.43405935104224835,0.2368785265720057,0.24650071484638603,0.074762685384262,0.3057261550838035,0.36721432624546546,0.15487141524916614,0.4591181601406005,0.3004428303913411,0.543399885122201,0.26875215798719565,0.5190551848148308,0.3696215954640163
2020-04-13,-0.015779597917058297,-0.021340438646352267,0.017985217808602405,-0.09905669088917568,-0.014255052402560642,-0.02433678130887018,0.006764066092254328,0.017728616463762226,0.006136648269186251,0.011660312811171414,0.0053299773255492955,0.05620337310073431,-0.09532605307166042,-0.12372102488849335,-0.07372122885300636,-0.04533999994602922,-0.020156377386511104,-0.07819987584811416,-0.1756006198507214,-0.02700369936328939,-0.016461293594461912,-0.05805620354471541,-0.07604097609992289,-0.12375354587363219,0.029495491377893313,-0.1767641111873215,-0.04338244817766723,-0.07426026396708463,-0.062354324132125494,-0.13250872546851578,-0.043312754447868085
2020-04-20,-0.03747354551563142,-0.03317378797226833,-0.07037630942006456,-0.053822143695648084,-0.04702804662942839,-0.10134827688838655,-0.06600581661050808,-0.032565069313354456,0.005562842724245343,-0.014173904596193387,-0.08310640661619506,-0.07372330457456466,-0.04522011652491298,-0.08094470225551842,-0.07730385995118272,-0.02374667417900922,-0.08564219251195138,-0.05842352413151097,-0.03587468828724061,-0.05379492488146065,-0.01307924991597531,-0.04707874267687617,-0.04678237355115644,-0.08354884185022526,-0.02871404212968509,-0.08250157786661583,-0.06805363767200656,-0.11441363805879734,-0.03169681146380954,-0.10264759637535803,-0.024377765281911268
2020-04-27,0.010034575946580748,-0.04255753027229481,0.0003790360863002995,0.028441975743344727,0.017206386319802425,-0.007251835542770202,0.048871309749559,-0.03217642785763908,-0.02739439657685183,-0.020799738188303385,-0.026254071195912054,-0.019866810505161148,-0.019462196061292403,0.13225531336556173,0.03796948573924719,0.030630607911238172,0.05004613185796436,0.002975235665030773,0.2325584407571415,0.030066739539002407,-0.0245956306561258,-0.015328744303954367,0.037459917924460795,0.15495355019327017,-0.06223240217082726,0.22742280434654916,-0.00523540263869926,0.09455066742673912,0.06290129165447955,0.07421716788142163,-0.08363093420639334
2020-05-04,0.006688892148616121,0.01776255762972445,0.034839772181431305,-0.06477996188041646,0.0391166543029704,0.04785888349290213,0.05590972020203244,0.008247594761681132,-0.005893832142902955,0.01089676891315472,0.030653155642425878,0.04155228582175319,0.05197343168305335,-0.0038255748716964355,-0.0357854400653812,-0.03321670067105842,0.09007418618019858,0.041101389081839024,0.028301675818015015,0.05418239310584605,0.03592395893376921,0.03243669329522514,0.06376240353011142,0.02541522956874842,0.0177849802997736,-0.0819621012305346,0.06204971733488018,-0.0075831370750982785,0.03200480033041231,-0.05873677895544904,0.1046186742108155
2020-05-11,-0.06953955799391365,-0.03683479415672519,-0.08300834442917848,-0.13761384021682255,-0.052679129073446074,-0.1348556971497058,-0.012549009595639316,-0.04793901101746778,-0.09851081212260071,-0.028754360422978076,-0.11040179703038866,-0.0814919539766421,-0.10775450725130609,-0.0780849524863283,-0.08110904794327312,-0.09041591760801682,-0.03329332732750734,-0.08750483862340186,-0.16055035202727175,-0.075279038471881,-0.07435819135318344,-0.07549650955801945,-0.08877136609437297,-0.12273581111149146,-0.026587821292586855,-0.11547767131749198,-0.09337517170773735,-0.07076426501354138,-0.10473959313736858,-0.08754190898293068,-0.1269520283051465
2020-05-18,0.03931273643623556,0.05597149074119079,0.022081880963672695,0.04082752188017991,0.05704030790688086,0.11975541421473368,0.015296514749845391,0.040362338729234226,0.03854091716965313,0.017247313060787972,0.0047261006361880575,0.04352251670917373,0.05402751190970245,0.08983623005988517,0.11896075476545187,0.11630197256766062,0.062309782582589124,0.07805522571340706,0.23825126387564532,0.06933641716596206,0.0512727254854739,0.05966934865681428,0.043208385832446794,0.13946080421851215,0.020626538900246905,0.06371806917222056,0.043728519205950445,0.20521997998842667,0.23071888445307853,0.17638342708033306,0.14137341460573083
2020-05-25,0.04578569351871309,0.06492603684845943,0.015227338640606991,0.1021660041896939,0.03375494289088654,0.09131514577775945,-0.0034896577780926252,0.10217679189382523,0.057065113441275406,0.04540573859651009,0.055052180826562935,0.026902129246274775,0.12199933399516838,0.01809154745492969,0.0036660399650916276,0.06322344828248361,0.033398976926796164,0.06578378578542288,-0.01941764406290747,0.018201105407837925,0.04511725632032104,0.08725265491246548,0.06059476344668213,0.03708182473599164,0.08335606409419927,0.056970189356740475,0.019294534768305116,0.03678427077629154,0.04195456438181133,0.07574124618343503,0.020728223919941335
2020-06-01,0.031680769131182895,0.026029433392207757,0.10691636028643137,0.18678787618278125,0.06617874022913028,0.2282856075495272,0.015529790473920446,-0.020678267418418605,-0.015882003527465827,-0.034588489389571264,0.09643347873017794,0.08135277491601833,0.06811385624122424,0.2509069841813001,0.19115276285236837,0.17336697859824945,0.08973368167152684,0.15333872668402915,0.3699373322758486,0.06943945897267079,0.046010907809473034,0.017904524671985333,0.1294760015769254,0.18719332395556787,-0.052457287768248095,0.5355287318872861,0.1276365409461604,0.23805446930606022,0.17176320138011825,0.21570958072028024,0.15998009380510347
2020-06-08,0.004287646040675108,-0.025708896741236442,-0.05176904542955929,-0.05390039525181434,-0.02376320748252403,-0.11940023525143206,0.0016342003696425689,-0.025089203720969344,-0.03737240581867729,0.004662213590169273,-0.04262066051440416,-0.048910467685716386,-0.06415734908155257,-0.0949378192843019,-0.06371393051382201,-0.0977872723407156,-0.03454295929443574,-0.0636148247602778,-0.09592639792841484,-0.043072857334401915,-0.013060058095905935,-0.0479720558767609,-0.028612615258058027,-0.05728355251149486,0.0006396425994319443,-0.1424379771197234,-0.06258996114066295,-0.08920742880592225,-0.03044789260793468,-0.10324674923338073,-0.07087957706670533
2020-06-15,0.041250975506900156,0.029138448973125897,-0.052885595985967204,-0.059871426444784714,-0.018885844607140267,-0.017447929823041997,0.0637489381096199,0.04418735533103013,0.036980651424673106,0.0514157706831635,-0.06276529331853864,-0.06368154000296933,-0.0293909603887601,-0.06322548740835976,-0.04221254631774063,-0.07674045746615621,0.006144063583080284,-0.03148564344943272,-0.07558142734442241,-0.03695005148302488,-0.027419159001939253,-0.019923824568564563,0.01820281531931056,-0.06786371108294109,0.0165785445419393,-0.11660961640303624,-0.03402425463760128,-0.09160107196866618,0.008523997249162862,-0.07675591897789291,0.04319823635494968
2020-06-22,-0.024179974870155885,-0.06810487189851078,-0.023921591324096436,-0.038783846588573145,-0.051545007635769524,-0.07916133140928083,-0.027593270012694515,-0.053505433034237715,0.00529125827945176,-0.034985994027581735,-0.03389789250715436,-0.03845483633958835,-0.021082037597611625,-0.011589476340347682,0.00645897325927014,-0.07969151945007391,-0.02191110870273172,-0.06340195082925626,-0.01572315486010778,-0.03845488892184579,-0.01616442899989945,-0.006873331325250698,-0.05070705534618247,-0.0033601404709043825,-0.02682772034070624,-0.07777115620159658,-0.036281563035493014,-0.0022344112219007117,-0.10898580461463303,-0.02470574370670031,-0.05330393231638997
2020-06-29,0.019835668009773544,0.07193290522542894,0.056414245938128715,0.04940429771367216,0.05502313759071198,0.05738841434631037,0.03912765222936243,0.058203686188574855,0.05690285933479822,0.04642142906726199,0.06298234450562279,0.05453956351363787,0.06856374756800676,0.03346639479700508,0.07474531854969935,0.019552995507366333,0.03672430495454049,0.06039749300750996,0.01916922097329432,0.06583844666204897,0.06367598419946363,0.05325426951653234,0.04605344140024559,0.027871512401271836,0.02172064438269561,0.11163157576508631,0.0599065413661497,0.04395276433940798,0.041437786830833545,0.05810184044447175,0.03489981483737292
2020-07-06,-0.019206102975655948,0.0005298590076125986,-0.034759271035271544,-0.03459514098435745,-0.03586339257110582,-0.02878482985955022,0.00545885639715471,0.004568923072692188,-0.008075680583707223,-0.002533449292565604,-0.06420200371782459,-0.04057167623193736,-0.010282597342308408,-0.06534960816095181,-0.06357556624611127,-0.010045605205130648,-0.024087841298401802,0.022171158807591018,-0.05172423876761334,-0.033438078762445866,-0.007640026754430096,-0.024729059533485698,-0.06360103942444995,-0.061010497682839504,0.012775298916984257,-0.07019315564967143,-0.06196519924746802,-0.02641015226655441,-0.02869407983477068,-0.03952112648581163,0.06519817323343724
2020-07-13,0.036938375769631104,-0.019822138662310196,0.007529368119307822,0.06499609583948152,0.014993787181118767,0.016968325498963654,-0.02189661395770326,-0.014810475315874427,-0.024696497072213996,0.010661631175550967,0.0049382528423527194,-0.009586015206194287,0.025246722723948123,-0.019011976163785915,0.016879119135779996,0.01568264535656083,0.017059956414611888,0.01982043281325163,-0.03966938760665184,-0.005985949865539575,0.005484016029150052,-0.01095500541483918,0.028074739927755887,-0.028877488694064146,-0.022271542989481863,-0.005010434440820166,0.018327188855523868,0.008086913007999241,0.07965945146053932,0.00870421035795621,0.09539875116075014
2020-07-20,0.010794460431316377,-0.01072906498029813,-0.045747167988782644,-0.02578719731002066,-0.013008574435026898,-0.039822044163415726,-0.003469212722167936,-0.013376116944543437,0.022539370411290394,0.01817106651452627,-0.04633202391971847,-0.040551958151587075,-0.033238911733731835,-0.06936118271807457,-0.032091516802468134,-0.04632149252994888,-0.01748768596137995,-0.0011000079283653985,-0.07487081021580344,-0.005761894241624876,0.047933589380403374,-0.03608951284629236,-0.01996926746751515,-0.04172647884451608,0.0034938118078995384,-0.029327102798152982,-0.02713799721527199,-0.010512054105053514,-0.02413007499051123,0.008433122203256316,0.006165765794553524
2020-07-27,0.05339632646573089,0.019740148250140033,0.04269688734584265,-0.017425884450002593,0.014296964802926082,0.01506027637110563,0.20743992002128264,0.021055862872953357,0.09218293750182904,0.06521639920661082,-0.013065971937737397,0.03091705962832081,0.0832285955363592,0.04534890988674922,0.04001529534068382,0.026666692997119767,0.083182199789956,0.03487521219476086,0.03720943527882836,0.07117828962181316,0.05514975669102795,0.07833411799901624,0.0458030472437585,0.026776570716091186,0.043056121341795484,0.029387526416973397,0.020005719210178574,0.07240745067221721,0.03233489199123585,0.0416179916017938,0.06510901787496337
2020-08-03,-0.010701149021453138,-0.01446117381655554,0.0048327669943293294,0.010663559076300011,-0.021033082326180952,0.004793405110475213,-0.022759345640419038,-0.011867613490280982,-0.012021654580399277,0.007918756818989126,0.02908841351116087,0.011099115797832848,0.004064372998556776,0.03289648334231554,0.04836930623944924,0.06679023813009,0.012742913364776731,0.04469654985679705,0.06995500423480872,-0.022653070460929015,-0.0033202144436416114,-0.0031522257381321195,0.0485150514448498,0.015111048742381783,-0.000834533018905681,-0.0025661311656902663,-0.0085635458459834,0.0823774847987715,0.053892278183606646,0.06758770976296202,0.019417545020508076
2020-08-10,-0.03091362740672632,-0.02907475975388074,-0.005264510378048426,-0.040093377221189885,-0.008098860525203255,0.04543389321222202,-6.01774214130657e-05,-0.021166495669518892,-0.03335250829244074,-0.0375016441336411,-0.01449555929929125,-0.018101120125811887,0.004336713935309655,0.03895438369053239,-0.05592450712236252,-0.02173908927789192,-0.0506621011114996,0.009847353549631954,0.004191037881429827,-0.01399246884461991,-0.02617286994160395,0.004969059562705658,-0.02726386705502515,0.029531877198175183,-0.026053880506597293,0.09631787267358338,-0.02424072507127628,-0.022158241727908257,0.0021853086141938594,-0.0075199731870391195,0.00035278101905866777
2020-08-17,0.0027612025854797384,-0.003118551106226053,-0.004181556547620757,-0.0251070760957679,-0.005897107244967836,-0.024119960871584523,0.0035165023770133974,-0.008868360621197113,0.008087772017759232,0.02645636809511087,0.005515579144611982,-0.02797178171546466,0.010555623900826205,-0.019052224037206522,0.02959145877107705,-0.05777775811770536,0.019743143975367916,0.01580345317398013,-0.04590983476204402,-0.0001742310260910429,0.007036834370610423,0.03151200423067846,0.0018027672079556911,-0.04340304217942781,0.007487798258285716,-0.053681623361279796,-0.026841821857698123,0.025615946956962787,-0.01788055532427324,-0.010925247130799676,0.016220026618380734
2020-08-24,-0.005741250130305908,0.0010025946872118663,0.04730653982773014,0.05554258426890302,0.039014536942523215,0.06546423150073544,0.02302918147876154,0.00379954865798271,-0.0017469501321266678,0.009679352736858604,0.04278689907404165,0.03577131948063217,0.013579181032539633,0.0016183199720849473,0.03679413392153519,0.10283022226604,-0.014781935639013422,0.004303218199000369,0.05599291712378074,0.020202156400401572,-0.005337957290862838,0.033357452835960366,0.0379581215077851,-0.0004945161346922022,0.002455355457765096,0.08245519907740095,0.0296360704884715,0.025936680245467247,0.0204262321489721,0.07065678435163436,0.07182511451343765
2020-08-31,-0.01932734609075426,0.0015625533778809153,0.01553676504921242,-0.01270547067173089,0.02316640089038957,0.007732555034085209,-0.030018276967566315,-0.0195372104490239,-0.059044589997324315,-0.044268314019624055,0.01893732802640158,0.016406812372447677,0.015083255018543351,0.020012348023481064,-0.003865076162885117,0.021385579967886148,0.00034904703621285726,-0.005932667029575178,0.04888152481741681,0.01015691234691607,-0.016879557646217958,-0.006090703289994059,0.014659798436681859,0.026953478591687174,-0.01777353489808664,0.005727281367856829,0.006269479073223172,0.04307102840796895,-0.004351499701117811,0.028090903396277955,-0.05988989868874517
2020-09-07,-0.0484887573343995,-0.0007601333423933321,-0.0754471731533749,-0.052385680969764925,-0.037450487419883105,-0.027167178351886312,-0.04987362769120707,-0.012454169857099462,0.0028929597715741107,-0.005836342392683047,-0.059198072298685234,-0.049273017402938546,0.02621125637137678,-0.059834296769725404,-0.01622570284300784,-0.06783912791139901,-0.006278475894530344,-0.011273180641833247,-0.0789889759217195,-0.020616781950575924,-0.005458580408204128,0.039832219249376744,-0.012046757298479926,-0.07055134430405074,0.01425272671818334,-0.08670265163317736,-0.0467287750658848,-0.016831183791636284,0.05157338251443533,-0.03681277024430607,-0.021005516911841604
2020-09-14,0.0062516587823606695,-0.017174460130576774,0.007940237866027822,0.01994942259051813,-0.008138216054037861,0.033468337240057267,0.053255240601953524,0.006873190084799141,-0.004944994199318931,0.005723535528572299,-0.00621906953651008,-0.008301756302344532,-0.016818121555420507,0.05949476855792213,-0.04625301230132883,0.0017970536591727093,-0.005616030752686352,-0.04996650846824213,0.054916856729582575,-0.008454828551416771,-0.006885674180598267,0.0019039991556044633,-0.01594050372406819,0.03808302978995726,0.013560054265069343,0.0885425723468043,0.007130170356475007,-0.015978364411073365,-0.010390755863659007,-0.04110762033503068,-0.024621922608747182
2020-09-21,-0.005334272559476494,-0.023176982073580876,-0.0199920169123865,-0.052904085161004866,0.01539851481972776,-0.044554452718801985,0.015118000729664738,0.02043427244855467,-0.012141635371524018,-0.0009972524222270351,-0.0508007866883311,-0.03466698298929449,-0.02752906063771643,-0.10533424348544851,0.004887076600638363,-0.045739783806843626,-0.026473546369051415,-0.043685844109644156,-0.08032793306292574,0.003915321103779235,-0.013016765229229899,-0.0024481948995711544,-0.03881320339829275,-0.06613449804365967,0.017233567133439376,-0.08950315647361473,-0.04395293780828757,-0.03340259962589154,-0.010499857317650019,-0.05651023741237049,-0.016227782890674503
2020-09-28,0.03918000083443829,0.019474002517658517,0.06687392347651944,0.06083581003214644,0.04981178831277089,0.037780656552887315,0.017976215907505644,0.042730709977670145,0.051612464956195536,0.03551077577977213,0.08097545719281452,0.03914549840693704,0.06581323291016616,0.08656445211201369,0.06621765842278027,0.0610899032976322,0.0627264894462316,0.030531317538654568,0.06060613704199058,0.07219635000842062,0.06706260035901468,0.05547661872171017,0.06557662778580386,0.07429198864695774,0.013056771072023743,0.07266440603405622,0.07189144101756328,0.07055420084099961,0.021222548365049887,0.08787094894932634,0.06708204855332589
2020-10-05,0.009301813974275097,0.005671866833433903,0.013169157251095687,-0.017563707223104408,0.024956935646793355,0.0380695203385184,0.02253530903508194,-0.007472615035821639,0.06019403063857598,0.06600259512474338,0.010346658455813618,0.026069095150682564,0.008541565013503893,-0.0006373291280885596,0.004561582803205955,0.025686622815958904,0.010917753134743968,0.03328480261765665,-0.02352957426046509,-0.00040400896071335346,0.02581081070377067,0.014831443956577317,-0.006687812522677916,-0.015423084465216896,-0.01097081049999138,-0.007038114908896831,0.021013236543764302,0.012040622051932015,-0.003867260325298272,-0.028132708020837116,0.007213998287071144
2020-10-12,-0.01871011476204132,-0.008010413252193538,-0.05936571400604196,-0.06172994001534304,-0.042981662213728455,-0.025851720963542046,-0.015714091008959263,-0.002748491949828402,-0.004042150375299092,-0.014059181183140645,-0.06845122787811142,-0.062241865653903106,0.011292500491945301,-0.05116124545037237,-0.05588552434091443,-0.054404200048435936,-0.05703667364017029,-0.026194855655412574,-0.05163483471983654,-0.03412604811548481,-0.024787183013805447,-0.004315947042362711,-0.042095201690592,-0.051540785525084565,-0.013921288819103705,-0.02497850952767222,-0.059740915025013,-0.044101341167024466,0.0016920717383859252,-0.03605038266772742,0.007162479690424162
2020-10-19,-0.009379272156444851,-0.020599867168692776,-0.021149505940515234,0.0,0.0022778717886733357,-0.040115217824625904,-0.047430377334237606,-0.05050924788237443,-0.03233954166612096,-0.049725437786641846,-0.010414636165420488,0.005889845812633521,0.035156652464503946,0.03159889512875691,0.06437285124553105,0.06301371185959725,0.04044366777241093,0.012359180175611106,0.04355694201264604,0.001955361228185515,-0.009783162606824769,0.01167382469957512,0.0036347755384804614,0.019978448710925134,-0.02623690205798701,0.03178037538363521,-0.0066644049966307906,-0.010772574533552959,0.01815904478117769,0.03647756416653358,-0.0033866163865869936
2020-10-26,-0.05618535672897507,-0.033947504761654645,-0.04568211688425483,-0.06772245366158869,-0.0016236667240413505,0.08015434399265708,0.004635186694528448,-0.014324469649685034,-0.05439074606323391,-0.05892954645962689,-0.08438924172916229,0.006691970323697394,-0.02283856662236472,-0.10349342107208803,-0.06256502274412579,-0.09965630994613384,-0.062263334093677014,-0.06427289781034362,-0.1078259355121447,-0.017521644417372473,-0.039132259645950684,-0.02821143430626616,-0.04757211258652394,-0.07051448074369737,-0.03886015311971214,-0.06085531031227642,-0.04727075093808841,-0.06557778308147921,-0.04811284534186333,-0.044258877425174314,-0.07271493416794095
2020-11-02,0.03695864149894246,0.05443068901904624,0.06339381708706604,0.013810271776530492,0.036427014197885965,0.03710315228710015,0.0959677435042785,0.05038434482175225,0.016493341649785,0.08636009972946868,0.09663710686204441,0.1103180522047964,-0.027856763179703203,0.0021810688728274297,0.04115691243504749,0.0009542559608104462,0.06272933431691796,0.02877982425615322,0.0,0.051787732317235546,0.05735893422862737,0.009865921755065177,0.006270622726186836,-0.043270478626058706,0.05596343049994146,-0.015124875503359836,0.07298347617621848,0.004306924292768022,0.04487993111741506,0.032174211017252485,0.03627712606249989
2020-11-09,0.0461430599519681,0.00388185735024571,0.14457583886112002,0.248058964546916,0.04926781925873924,0.10637079251192527,0.015986271569426336,0.024014020037981254,-0.013839216405549526,-0.042271223683839176,0.16750784727636203,0.12216071393984151,0.04435778755795128,0.2834756942965244,0.058048119852659896,0.2631076457952104,0.006903651006873401,-0.049235303131197616,0.38596480432720504,0.0789109612420742,-0.012965895844527342,0.011758023937529893,0.08725621097711955,0.34302506251671194,-0.008544912683981387,0.2075653235389483,0.15960602803038593,0.2638748442325405,0.076313478155557,0.18144125502281105,0.0304101297174042
2020-11-16,-0.0013991763782190692,-0.042905892200715945,0.015117621565014616,0.07378285257614059,-0.006081255857718015,0.008127224470421357,-0.027282231608710905,-0.006189957689813785,-0.013481053628631168,-0.04296744418323395,0.006816023912642022,-0.00317764237106255,-0.04272833730198855,0.01480743372273241,0.042193348240125994,0.06792455192336888,-0.026498713155787335,0.00784615375089448,0.05133601142640787,-0.04661883543043599,-0.03148855509647941,-0.04447739724202848,-0.04218883245469773,0.03345712161343761,-0.04572367083281115,0.08594369410734659,0.009261775980814013,-0.02754476314442733,0.0023249743050388627,-0.005232242348641836,-0.013383720255256581
2020-11-23,-0.012184722296292305,0.0061463664260139605,-0.023444072637141322,0.041166971718239465,-0.01965885303673287,0.048542056056420924,-0.00860926093160097,0.0011976786151994823,-0.04183601355249533,-0.034504577474694376,-0.022457017836716275,-0.016096107519552594,-0.023871107621668664,-0.015704888758252933,-0.022571206983726166,0.033215496647633236,0.01805304878844516,0.036200904364359854,0.008026916326614675,-0.01727691175376067,0.0032911457435420566,-0.01614209504188857,0.020698904324502054,-0.007828985770624408,-0.013528459088745115,0.05461047936583552,-0.0002549075987234861,-0.01683101171921697,-0.007344432078652652,0.0004649191390393437,-0.0013912609908812712
2020-11-30,0.05427400931209414,-0.02315340295458934,0.035563255672004246,0.02821456750182061,0.03069350093640244,0.07541300041067434,0.010006948047343256,-0.02195374349459389,-0.009215228302617007,0.01114865156759648,0.07043910343310467,0.010879639056115664,0.039545535201809034,0.0535247902545386,0.023761763085383247,0.07045142814270311,0.051460303320218115,0.09541680490469218,0.035832660390359816,0.009112826327965395,-0.019284270791200653,0.02031544364655824,-0.0061650001720578995,0.046705076786182076,0.0025197819524584997,0.09772068933495892,0.03722588945431826,0.03256792902689609,0.008956252002764176,-0.005268018447272982,0.07001039618418403
2020-12-07,0.009594007855675768,-0.03870212902229786,-0.06603747519752823,-0.0507027675767,-0.04744891739181978,0.006236745899490526,-0.049919950419141434,-0.035596368478794105,-0.038384953932070864,-0.027487056866882797,-0.06990682121988379,-0.03478012786605311,-0.03454299985389386,-0.03168640406007095,-0.0411899770775066,-0.07284346952781962,-0.04232789121405056,0.04183819048687565,-0.05509286089689447,-0.027731108358386325,-0.013075173461675305,-0.019777420372424137,-0.009298051436872123,-0.04074984166879714,-0.03780770205344486,-0.06399734986981309,-0.062438702432034976,-0.008289423416539932,-0.010034706738430765,0.0007787807094727928,0.04783264475417548
2020-12-14,0.015529182766762073,0.0077336701022923116,-0.024144141649155793,-0.03870777237007361,0.005419077559651431,-0.04323508003597987,0.06605866931144666,-0.02454327785830024,0.028786446174588587,0.030296490121825226,-0.02188659837972662,-0.0392309442723322,0.018931103018653195,-0.02041036991992573,0.017047458746646038,-0.02894551406587631,-0.02002753288723924,-0.029624676857601173,0.001801533473085204,0.01956269263013355,0.007188933215825255,0.04030713798079355,-0.01554741592062181,-0.02442653182711929,0.004753139616492819,-0.028100135620927835,-0.029627655037106515,0.03628959693667433,0.005458167810637793,-0.0035797598758516846,0.054375181814233065
2020-12-21,-0.004336380051067401,-0.012956120445541952,-0.00441796831076835,-0.022682320844809256,0.03188532920880194,-0.005688111947289354,0.0021333125992359925,0.009752385534149921,0.03433649090667168,-0.0053401392544145665,0.009540377067285721,-0.0005121106380179263,0.025248352640807825,-0.019590040518067564,-0.0023466253392064873,0.0078069106894980145,0.025722139329896754,0.02287672254398254,-0.0068399546522343035,0.004514564521385989,-0.002670094803517431,0.008819282714341181,0.026377810429409676,0.0013880358666646941,-0.00689727397518225,-0.01240783526899536,0.008376368180812443,-0.03226450870240738,0.0034896875664740534,-0.007810030559567971,0.0032599939738520156
2020-12-28,0.021317866313530942,0.03231775940408421,0.01705320423505463,0.006387661027284164,0.01236040116999293,-0.0033370265923132747,0.019467691896775774,0.0337012528473295,0.015135164264666656,0.011672522507690575,0.01855651575275341,0.013532603101058083,0.012850914483191422,-0.016863180518791765,0.015792836946927125,0.030281764077726647,0.02026805743419069,-0.0020311976708634605,0.0337466994535105,0.01677377099350985,0.02488696834100712,0.009088862540086229,0.017678916235065678,0.0039638368539294255,0.025852884354568673,0.026728830066673925,0.029742722212414918,-0.0030492980327312402,-0.0018666977912746852,0.0173174477775091,-0.009453315007497798
2021-01-04,-0.0632424994886398,-0.010068534333119383,-0.0023134405684326342,-0.03738585508378811,-0.031325031592359665,-0.0012755393733678844,-0.005149932028986504,-0.03222553041304066,-0.04236257655294162,-0.030412550101783564,-0.007051367438993483,-0.0062040784311359065,-0.03288435496579434,0.0054791144387951185,-0.05425057293593216,0.006151617489820849,-0.012458019057395298,-0.031546856687913793,0.028647539272184774,-0.011208536795254354,-0.030704522959112857,-0.035984919764386,-0.03538726858271257,-0.002193384759112016,-0.05072137015125211,0.01418843531952474,-0.027322359936131746,-0.02980853990436627,0.006666800736598644,-0.03002166814607654,-0.004473770175807079
2021-01-11,0.014827232152636816,-0.010396116163436941,0.035092050418020104,0.056752548758484345,0.03915702389880171,0.014048548478444944,-0.07155909150535422,0.020706294572553796,0.02155680936051363,0.022095069481218976,0.05715780244953761,0.028346660549114056,0.001160044540869043,0.0324145367228903,0.047918716451770926,-0.0020380256309755485,0.008864647995077357,0.05148854554630078,0.06670972696584965,0.05380371338502954,0.011180092349822868,0.007950770759100223,-0.018246044067358858,0.03473288792598228,0.0047795184056138584,0.07526891690138804,0.06478016872983772,0.039032733493882255,-0.019867429914533274,0.025047760815518627,-0.025763870366284802
2021-01-18,0.00279152263753657,0.018327406130552726,0.004451290703650246,-0.04046233479611139,0.019586483624862705,0.03935762228095463,0.049583020513447984,0.010619908911442044,0.029162046140782882,0.018933014967390305,-0.0004871319209640568,0.012181862946960553,0.02879296815821797,0.014438027302006162,0.0073432845435137395,-0.018379759531979345,0.014531878817878985,0.004330450707241029,0.01153622721388814,0.024746739548342722,0.03624095480127165,-0.00713051518283303,0.020290061119486724,-0.0029741866868764344,0.013414947954472067,0.026774279213829244,-0.007864069065535606,0.0030624930705946962,0.04888673391519971,-0.01836566510386839,0.021217779718179397
2021-01-25,-0.010246255344169453,0.015362520408780389,-0.006434616537998261,-0.0003288706060295965,-0.003900552874809504,-0.0763404628461064,0.004084563369694871,0.002139217961793838,0.024846739059124934,0.026068934901680052,0.0012996054576515093,-0.015773156961767953,-0.014036936717265025,-0.01095692766759071,-0.01756145275118315,-0.06033283930180644,-0.017987985793903927,0.11674952716293885,-0.00900358064267981,-0.010657324586539119,0.019561185066598874,0.02167967440341867,-0.013034745426972139,0.00532702826149789,-0.014814445313926172,-0.02680918524493192,-0.016875626796373555,-0.062283906075534246,-0.042061395077689245,-0.03916281315505388,-0.06082512556895858
2021-02-01,0.027466785937170002,0.02476268389496994,0.052239042741240915,0.009313152349451181,-0.003426430339694697,0.10560837446790194,0.009414145844214072,0.018837216804166834,0.011184418371006144,0.01936591284686595,0.053860931681025015,0.07716706713105825,0.024870318267282032,0.04225696907677823,0.02866783124745753,0.047970384274339306,0.018317480370590333,-0.037718956200100684,0.012719429881687727,0.01483989043184808,0.03391486577546021,0.007556454122689571,0.03990512215721553,0.040907012912017704,0.019317318627342317,0.04110627956745705,0.04213272336042029,0.05209487089052045,0.06606035742009664,0.056435525881137316,0.10291764330774122
2021-02-08,0.007920800229550995,-0.024893742633566807,0.04232948488092125,0.021493820423420962,0.04656208890931546,0.05799471623110164,0.03477281049744452,0.013558773152872572,-0.037785046569007275,-0.05896931026764718,0.03879333563040355,0.04358763624493078,0.002229390169881551,0.12130172736771083,0.014426257670029141,0.049295827092685096,0.03264508541643951,0.02376520856091524,0.07834937198067626,0.025386232534526876,0.009090781125210556,0.010988012523810875,0.020921848857178738,0.0714722255786302,-0.03622260200217342,0.12930235650926614,0.06588454108979103,0.046420394115806785,0.011502550020902724,0.054514359793558675,0.018604852141767658
2021-02-15,-0.0394081806512685,-0.0036093667788674733,-0.008356069291630797,-0.019766157302551268,-0.013234521022187806,0.019767222718631405,-0.028209341056252613,0.008147655313696767,-0.02577471162920153,-0.041687077051470456,-0.007557908289834603,-0.02027080798794567,0.023528509093820427,-0.025603527789571756,-0.037491882945637434,0.12348999845111996,-0.02740843333326648,-0.03014752901600204,-0.019966700463175835,-0.004126267872826772,-0.022011568258112013,0.012248896197808001,-0.021933841897494033,0.003420793284749424,-0.008221597046896623,0.0015558218505637988,-0.011472583582739837,0.0329258607416234,0.02567874546067128,0.013034969255855344,-0.0014270554904846078
2021-02-22,-0.03940087335943987,-0.045235620273534116,-0.012696028948703919,0.07469633713773649,-0.009321672195343411,0.04165519477979074,-0.09799066845444715,-0.060615012181562955,-0.012605255619651645,-0.0468671226069054,-0.02329394934477369,-0.034484183415887104,0.050739918470024126,0.014642533891280785,-0.013378663429752136,-0.00896061742928711,-0.028018569960282402,0.08144250209171822,0.037351503348793225,-0.020644235399680855,-0.059164323666999974,-0.0032381347832055596,-0.013586648423484338,0.037500037665685326,-0.025365772738309755,0.031892477298969046,-0.024869926333682457,0.009734627720249023,0.019313428904234042,0.0017995184108083873,-0.03200933197458211
2021-03-01,-0.008391436117915263,-0.07463112140133066,0.010810887036662997,0.03157467712785755,-0.014018461057857423,0.019928760764550635,-0.030433574967257626,-0.035955173334407786,-0.020262683627186195,-0.054204562179825944,0.05274411918677213,0.03964052894909287,-0.015115541078904893,0.04536928401799667,0.024750573541907794,-0.047619041667317674,-0.024708397529223824,0.028743886484701164,0.03764291917935747,-0.00608615432003512,-0.017159500126791682,0.004744630342940592,-0.0011673779815002394,0.052938931031064174,-0.050719379574381884,-0.015497677395107767,0.03351957435958064,0.04234388169988246,0.025263084581451434,0.03475686577696813,-0.003247870672399733
2021-03-08,0.03252281670026247,0.07599986195248731,0.07227717350505736,0.0619010079615514,0.038173225846565906,0.025879917593060187,0.02486571735066523,0.05680978330944586,0.01659095852486603,0.09407769815236056,0.06651197835039468,0.08663991981304697,0.06389361026925044,0.04358914993444185,0.06541447278597001,0.09050640029680257,0.08515128961011076,0.030176018804830784,0.03522629507671704,0.05877090555988529,0.040258772679928834,0.034035363377822536,0.04953324850961005,0.025485529446364286,0.07774901444783078,0.060088130663174866,0.061104782129413504,0.025571480481999975,-0.023955977386236338,0.05493889964456855,0.06910544159041843
2021-03-15,0.01461787653682678,0.030948188975592483,-0.04042222644500981,-0.03867758164651869,0.00384565239079504,-0.03203835714728387,0.0001343101468287422,0.052725978879666346,0.0035652093907987403,-0.022365279733954635,-0.02736943121223434,-0.04342697141289209,-0.03322147102475326,-0.08543982440259212,0.005352479795831533,0.03424249437001792,-0.007457698605683238,-0.012504932618351505,-0.035822217379765764,-0.00183402826753587,-0.00898425982052553,-0.03945680155196274,-0.01875102390741268,-0.042581591059556056,0.021787777365857908,-0.009842872165373717,-0.0400885297050515,-0.036604937467926035,-0.017181052982876865,-0.04587145797835146,-0.056529944693658796
2021-03-22,0.018626776667238998,0.07644457742458655,0.0346299319751735,0.02567277474180485,0.056344698820862016,0.030622863428962477,-0.0026750317324520934,0.046310772323343796,0.0704066528892684,0.04681028190466652,0.01749961293007818,0.03265046803244642,0.04938656787813178,0.04360697817529258,0.004071579983154994,-0.03535339725028941,0.05521051580943337,0.04134062012113171,0.02072260390460423,0.049957639911160756,0.0703621590251462,0.05636660438870145,0.0399998399552457,0.03407070662126488,0.0620135452291215,-0.017310912365571696,0.032764162225749516,0.007158666403880076,-0.013913817120116856,0.0377544361626716,0.04604452194363118
2021-03-29,0.004379235697457462,0.005192057233146752,-0.011738640931488686,-0.02624434127506292,-0.01583384390310849,0.012138156003520528,0.05500504782633242,0.006751821703694594,0.002379223171441236,-0.008235342442783344,0.006074071505666412,-0.027573849202899847,0.021570323126667956,-0.003642292318074336,0.02027447076681721,-0.004653967434109396,0.011455014021804821,0.0005365518834019589,-0.0005204217750606199,-0.013123241403068198,0.016107962889475358,0.030050287499683304,0.01385856280487996,-0.006037684975970015,-0.004918991067638712,0.004621935338479544,-0.008936453736898886,-0.008565717568582487,0.05592731331804646,-0.0019075972808486608,0.039503417751256986
2021-04-05,-0.0013421768824160019,0.001374696058725311,0.003379263387154774,0.01424649595290628,0.017203475669344437,0.004622050007272005,0.030311825747457055,0.004470994235077352,-0.013891997218033914,0.01395276443530613,-0.011308787162936706,0.03247799159283238,0.021631619174812267,0.014141468554363712,-0.009783016449785742,0.013442453248172281,-0.009182494722930645,0.009651240813929096,0.010416746600010907,0.0014319664603641424,0.009308875024178542,0.023577007941375294,0.0049117155845463945,0.012842839803584027,-0.01952486780904439,0.006163167911167999,-0.006762942793354654,0.014593893042581074,-0.005201099354599892,0.02539260270978394,0.019001130070886774
2021-04-12,0.043052156638384353,0.03423614263308927,0.020813065668447983,0.006683294123235983,0.033116759241184734,0.017408624194914735,0.0196508766939274,0.024994203873636378,0.033272197872898035,0.030081678247279697,0.012972613567631797,0.021741524900803944,0.030568022665013572,0.014608246743183173,0.026551365485640632,0.008073765764949226,0.029965874949634985,0.010090468777447237,0.016494794526639156,0.028396519658677954,0.027851391910419965,0.03458969957191016,0.028071901240426467,0.01884844065293989,0.0458484898518412,0.021791409368050907,0.030169378465768837,0.012239479078443471,0.043569152603872174,0.007721832882191748,0.047416287626117715
2021-04-19,0.021064788200475082,0.027098304380038796,0.021442391605032585,0.005785266371994835,0.022921219036282192,0.013199729101478042,0.031825721362389814,0.042088856843760514,0.021101632335096543,0.014079207515622416,0.02698978720505263,0.027116755230177425,0.03456969063879001,0.0268324443852459,0.02225585798853502,-0.010869508484838142,0.017996295705123178,0.059937096548029256,0.03296144172253768,0.03474991792264581,0.020522336820559595,0.03736900820301958,0.03551170854806962,0.044736076114562984,0.02830102339324636,-0.0017074909203006472,0.039093498920276026,-0.011550265658623937,0.0287239910655277,-0.0033027246217715023,-0.028484380478149496
2021-04-26,0.009757411645173075,0.0028736158057534045,-0.009696684380950615,0.03111719474326602,0.014910256005701505,0.02774421447562081,-0.08492819350209246,0.010043745401144388,0.035359467219697516,0.003690425641708739,-0.004692987788519121,-0.02293663762180065,0.007794807573668905,0.027406054432675964,0.010296868899224654,0.050318134093025435,0.032999650366496214,-0.004960328361585553,0.030927977698505194,0.013789447737503568,0.01445104333970959,0.015861574442873172,-0.003602488774145818,0.024790751163392022,0.010893993406473568,0.04122469543298668,-0.007054188095501401,0.012598372040458106,0.029220938782946293,-0.005434773046569474,0.014921403306492609
2021-05-03,-0.016344451739211063,-0.02857482945407186,0.018385318631114922,-0.01088227228888694,0.018343274403880505,0.019953106086018302,-0.004400588078507517,-0.030360586720071914,-0.02028376061366899,-0.010142221121608452,-0.0024248321923997507,-0.00564494984204722,-0.009752091079249792,0.03128314545628541,-0.023878633756106993,-0.03193807838990481,-0.0008559704585633376,0.029411656438662392,0.02190454034100764,-0.001906659803806332,-0.004376505922264684,-0.013835653763050848,-0.011833590322177456,0.026704420348875324,-0.02939398668652926,0.02628555979061309,-0.003444551787736616,-0.012441627784835707,-0.009463841510730875,-0.004398510684758827,0.031725873902400226
2021-05-10,-0.024194623840277374,-0.0029496016839618555,0.012427962513833046,0.0003696463042091036,-0.0034233355750287187,-0.006674359273537656,-0.033820386941517566,-0.012055555187784228,-0.015213636152033638,0.012011925388412115,0.0002699793559282071,-0.001765523515648848,-0.01772611018249126,-0.03299815231472658,-0.004222333046642879,-0.014221085624685825,0.0022840338683713934,0.02905565212855099,-0.010717508082358718,-0.0017830533581728591,-0.011808293399613867,-0.013777318107963787,-0.04052895683880875,-0.024326863875144156,-0.007871674057081002,-0.022090735915941684,0.0021603428640368794,-0.00237343656089517,-0.01687887074541461,-0.019812556699915773,-0.04224997117991558
2021-05-17,0.004429660209987363,0.012927446112562357,0.012376146908298136,0.03585968734814604,0.005234430564792225,0.009962935743651702,0.020428285735715423,0.02451565520607657,0.013568022552273629,0.004432126765538502,0.012555780768912062,-0.0008670427071189035,0.00829683830167438,-0.0001777305380509242,-0.0042323364805283425,-0.0225043088724185,0.011459254127847984,0.011529663716267846,-0.040508741703603746,0.0019137143548406677,0.025119975241933545,0.011995043081867163,0.01897785922113071,-0.006429447325316695,0.008003570929447479,0.0016370680991304454,-0.0004313184711274287,-0.008967717530107167,0.003887318151660102,0.009059465652297094,-0.0331506969429709
2021-05-24,0.020962144297898888,0.022044446430766085,0.03258316871184341,0.04889364686473163,0.02009603159768525,0.006882294930268262,0.018254637229668136,0.02128783404820922,0.004373525294582237,0.019951155326979553,0.0326664990162735,0.024885606177778907,0.02729213743654335,0.01626527299536784,0.013357719258724643,0.013577477032577612,0.026315981764818197,0.012793497755967165,0.04614631173433348,0.023241146106636856,0.00263763651778115,0.020778357308561368,0.027335298162568522,0.01957063119467639,0.02675785280233134,0.049926584120429496,0.02717290854950427,0.024007358818722846,0.004517525525129296,0.020333140995389742,0.024837788338662792
2021-05-31,0.03270495530791062,0.038440495467050084,0.02324351091020138,0.0230519563019016,0.030307653416650426,0.0021645300073878104,-0.015222517898478838,0.038047679290718506,0.023885125647032712,0.06606316000776258,0.018463637759911222,0.03345871877300843,0.029103582181458254,0.02877374407611244,0.009286844668854544,0.01805462483182052,0.017645444758690676,0.048920384734025824,0.02064762091038541,0.030055827307147842,0.03861164558910635,0.022054584385580167,0.03309189965533954,0.01842113881126628,0.04900712104065441,0.02941847288619792,0.029393288473751555,0.02362476896764143,0.02120147020398022,0.02246896489492456,-0.05136982444301075
2021-06-07,0.05068184148374022,0.011572636018833293,0.01364808667450812,0.024112437693681876,0.04706603608900828,0.008411934221905781,0.03418549408041538,-0.01204823778697317,0.045237618921206924,0.03902522508752271,0.023706800132118344,0.029294841816716932,0.03424782337534915,0.05083741753288851,0.032353819567041864,0.02459960123823035,0.02167415802083883,0.013356892758140004,0.016091929197632027,0.03636815243212421,0.018955750920779835,0.024592253880370896,-0.0005681116649989271,0.03663175343322811,0.014741151885263593,0.014818124632276719,0.025698533416473213,0.023432074424025284,0.03177100657061782,0.04224981789753013,-0.014725693658663275
2021-06-14,-0.05552685021794923,-0.00898077290734367,-0.039787436885005856,-0.047982368061663117,-0.019591708909146188,-0.0264907958333237,0.01057773136057083,0.006168428394207837,-0.04932156524478204,0.008247013202310471,-0.03863784494509881,-0.041195781101789675,-0.0002505540409197815,-0.05112852454809613,-0.048591071358071725,-0.0429928406143788,-0.031821640811404595,-0.04386338691853764,-0.07295294479794912,-0.021626540894274182,-0.04121548460941016,0.00862017414013283,-0.05029869343412563,-0.07140780994366969,0.003466441992249214,-0.06630415467367179,-0.04096251002722617,-0.026166163059016534,-0.04847568497700405,-0.014683858536240324,-0.05407684465750218
2021-06-21,0.010893421639889489,0.0070546871216456974,0.03803984948647865,0.021661330267583878,0.019681821882887807,0.010074140116179464,0.004209599644045436,0.011789463930916844,-0.0057951828920487225,-0.04785048968762329,0.012108756845100155,0.020520167968353098,0.05037366706139257,0.01688124867544971,0.02719871562483811,0.025087636302554728,0.039441182552885534,-0.01141048096275199,0.036891281351127514,0.013763323782628012,0.025443516215328366,0.02837014877162236,0.019300001682563517,0.03635883000205209,0.002072562223878638,0.04579916812676377,0.03379646385992374,0.03075818008486575,0.021467516021991484,0.07018209074228476,0.02633933103609376
2021-06-28,-0.0036821472438846037,0.02374884014845846,-0.012199654867543597,-0.031135453727547002,-0.0073214981347209385,-0.015017828013004997,-0.06440828865241544,0.002340647341516844,-0.012745345360059113,0.02182802373070203,0.006201953876581179,-0.004848025366426922,0.002824897352719846,-0.0028098827773387347,-0.017064040459449314,-0.018212955896270033,-0.0021082134891532434,-0.009036069209605535,-0.00901344065486509,0.004701821217513169,-0.007950933057161658,-0.00666101343439951,-0.009540356963316232,-0.008453555480669395,0.011720424867489365,-0.010986435191344346,-0.0028078413763188426,-0.017835556308370304,-0.014586644703797558,0.010711744462273964,0.0005833607060716783
2021-07-05,0.04198399759831317,0.020449368672222468,0.05283528824174044,0.018023913695329075,0.058293937426795006,-0.0010474434335259186,0.044804999590721595,0.02401143724375321,0.036533896276033984,0.02475939456419818,0.041555124122450104,0.05422363589546619,0.03793597124615644,0.0016120479935417542,0.04040711994415691,-0.008115890358579514,0.05360464750037108,0.022679527092766882,0.015318514214981649,0.05703403178331601,0.03602411317403886,0.029598060135658244,0.02415556156616594,0.007750671398467857,0.02010267705187796,0.011313791899858927,0.045052129940351016,0.031945933297342854,0.011257875204160994,0.01778151776712944,0.04401065006226723
2021-07-12,0.016058990951682617,0.014400862604999842,0.022823124932850103,-0.008790609511123093,0.02011643786117867,-0.03343822306134003,0.012401480180374902,0.006890599434594691,0.010015349665907003,0.013592224545433185,0.02508882151090286,0.025262289851229358,-0.007217692859328273,-0.007623926878747245,0.023014832995990053,-0.06604328876530963,0.0017542118651536764,-0.009602098152799776,-0.004243140173471716,0.02224694934709337,0.015073048397613587,0.007251030842198469,0.01001868046562815,-0.004768578243236843,0.014514383056373203,-0.04001852506851744,0.03215322416036637,0.016712326008198497,-0.009542123684585624,0.03760250698611611,-0.05025139641097831
2021-07-19,0.017199550696646693,0.009913138485613926,0.004117438486520797,-0.010676778354868133,0.022288428780059544,0.057497641334397276,0.029994307868914882,-0.04756036842999278,-0.015636811288442076,0.0024175009280948956,0.01265517406240435,0.010903825220478058,-0.0030824394573250036,-0.004694831612809702,0.01996626195998341,-0.012515685236832219,0.013760436747194849,0.002308299043885631,-0.014678264010112518,0.02138654452906641,0.004792456639199694,-0.0004460800591590264,0.013225990924038866,0.005409675120803037,0.008769703259035477,-0.0028113367074849016,0.031549307481287814,0.003857645660947595,0.026332703377638378,-0.021409255813944927,0.01646105297020739
2021-07-26,0.022341633492859003,-0.008624044503210415,0.0045414596198547486,0.021583928739370206,0.014670933106555317,0.09950980728931103,-0.012448624334622127,-0.0018610446337378184,-0.004520268537032801,-0.015681260776921224,-0.008135025441276422,-0.011478940966507922,0.01592677727584224,0.007976058476005798,0.01929965913637255,0.009505816837456438,0.003948795943976791,0.007830418800822248,0.0249880618928493,0.029317736351405888,0.0011729332469430087,-0.004206397251981131,-0.0026954803016936424,0.005534233644954423,0.01171962352538447,0.019089946461842366,0.0010923241160536445,-0.0011695634716651915,-0.024092536833321132,-0.010255249131590372,-0.024580946439939577
2021-08-02,0.03337644074203072,-0.0024043114342965355,0.004784260412444397,0.004429993383353148,-0.01017459866817827,0.013373428651991315,-0.03207651686061874,0.008856092519457404,0.01894156730671792,-0.0003169341940473247,0.00653765750270674,-0.003779429150584268,0.007867247234277341,0.03216191854498085,-0.016770312369448148,0.013182621741547162,-0.01376602196102783,0.02765073312769184,0.024378682237151228,-0.010512792045642483,0.013042952159023624,-0.024801321716052205,0.008083088408925132,0.015135105635713186,0.017654432148436427,0.0686056627531011,-0.0020003331863810425,-0.024757448601970267,-0.025649413361663487,-0.019341710788073563,0.024310891515020527
2021-08-09,-0.01230409306658986,0.002835821172307851,-0.01908984235424238,8.494962958494057e-05,-0.012646675838901666,-0.024245552394701053,-0.018023291299509414,-0.00010267484532533455,0.01285961970342675,-0.007388963316083075,-0.023854493879517213,-0.03031863343619501,0.0009686102652306516,-0.010798643893826565,-0.006326107705301509,-0.014250333350334321,-0.012462659477833982,0.02512789567608653,0.008695902612872564,-0.014444986195615295,0.017500611931385635,0.032618975568179165,0.01883273666639118,-0.002710635699229802,0.019596028753563255,-0.01131656710217388,-0.025328030012183977,-0.020754634573639907,-0.011845949452066185,-0.0008217352300892156,0.00781459515076266
2021-08-16,0.007591261462211341,0.0279230859113464,0.0003563617555786269,-0.040624206657746575,0.004794725327213367,-0.028517442541770688,-0.022735325498259518,0.016788189332330505,0.023067322324481276,0.026459008886654756,-0.0018146962524824284,0.008013724053159255,0.010701302190946782,-0.0328335376164266,-0.018699364524185413,-0.04714020282081277,0.026053864198903876,-0.009327513739202042,-0.032667939049815686,0.010461505489403056,0.017199423781331102,0.030539842028103337,-0.0005556124155782216,-0.02038661709658174,0.0236002919587206,-0.03665731877297829,-0.007478047024315204,-0.04379046931438657,-0.0243090512035683,-0.003307528942449234,-0.018954577500251757
2021-08-23,-0.010431848716446201,-0.018293208087968638,0.004407251649571009,-0.0002653873807225704,0.00040907643258347726,0.03194473308318102,0.007997136457912335,-0.03574838482520548,-0.016342074120366035,-0.009493945109313895,0.010180570955125257,0.00397505957060762,0.033171700408681115,0.03963473985804944,0.009670143819260124,0.08311354578376506,0.000494161463653553,0.015327414591649102,0.028142578490112147,-0.00562314213767745,-0.02189942349511176,-0.020321844803590783,-0.005006852474328638,0.04871279163576214,-0.02576221768793463,0.038207666477395374,-0.005274025491306733,0.012822638288457311,0.04163829369380023,0.016860620365376056,0.052400639434831975
2021-08-30,0.01717925520716923,0.057828565224223416,0.032045097353441854,0.006985704066597265,0.045516370146594154,0.030746650570628642,0.056136531216411045,0.0394302255809027,0.04678034167545708,0.07034359280258196,0.02687469105015916,0.04620281506925461,0.055928184547299864,0.018233106084048822,0.02394346022742533,-0.015225368104035852,0.035802510442709545,0.06491277815629504,0.009580327116476495,0.03662579004182165,0.058487726868226675,0.041140554659965245,0.010482871183590259,0.0192561035787997,0.040398446831488855,0.015408759168364039,0.048475581504569876,0.018448371903058813,0.04947575794384207,0.012961015651887342,0.019193177080052193
2021-09-06,-0.04188666128256868,-0.02691975426469806,-0.039939912743510386,-0.05066726346464412,-0.023527018095198415,-0.0167410099163553,0.026064203273606035,-0.05108325766279653,-0.07297148484344951,-0.043983672495021664,-0.04883734519869665,-0.040646260445720506,-0.03438121798404292,-0.04151064364620971,-0.027510217223861377,-0.011131691039648173,-0.0395709464028402,-0.04779267288484157,-0.04563932772520296,-0.033904234419275925,-0.03856398058160593,-0.02276555061923058,-0.057494658390069175,-0.0447072130799786,-0.03727365449042397,-0.05782690595713269,-0.04731806413377526,-0.002131042332051858,-0.07180778999103832,-0.0008066315927254264,-0.04821979859049852
2021-09-13,-0.029145209811411,-0.0004423930481982641,-0.01637222951625128,0.01738959536123197,-0.009877736224940703,-0.011660353318656558,-0.008541367270414213,0.0009555774135789896,0.009203943632980494,0.03386266451001685,-0.014126220830729341,0.0018330161329642713,-0.03710243307828276,0.013077361693727863,-0.014427012768301495,0.016885662832031967,-0.009928113540914385,-0.04508721919037284,0.036487891009049145,-0.010607529769466106,-0.026341396932898276,-0.03771322161495971,-0.0035333221164377537,0.03125002388746223,-0.0003400425723009137,0.03791725204023577,0.008151527977129147,0.01619497230354594,-0.005381688966341613,-0.00980613904338401,0.04206278913723227
2021-09-20,0.007840436934784867,-0.03938729050915191,0.0296513240074896,0.025275024514015865,0.009436984847785101,0.007726016633960109,-0.01163572328804896,-0.027502569473030425,-0.01866249944831777,-0.04343448434685249,0.015948117939205808,0.015471067527941917,-0.03517292162075725,-0.002347015880734382,-0.022962280222705744,0.04305021349571425,-0.006768571954203995,-0.0009289885468969361,-0.005524849044243663,0.009601043891321215,-0.012317398217381204,-0.016898170026325654,-0.01802618794484867,0.008671648508258079,-0.022029971730392006,0.019654129446181168,0.006957740847865157,-0.030122634563786277,0.005410808253417887,-0.029477049833765645,0.02820027283531834
2021-09-27,-0.00696057637848313,-0.05517753805446346,-0.016121299934017785,-0.008424239996672411,-0.0014024408931964105,0.040716954432862495,-0.006452340032300108,-0.04970619085051908,-0.05015703752089873,-0.054344048305617454,0.007492877820719945,-0.004243921653463656,-0.02126169199712269,0.026368445965058385,-0.0044066173358077165,-0.01120277255508395,-0.020444299212937445,-0.006776658594188967,0.006481531227443993,-0.00031706622338445456,-0.011493365796800381,-0.02198249743434455,-0.00917828336398896,0.014348622907103481,-0.03293407604052434,-0.005304589298727902,-0.0001868235735170698,0.012640026607239063,-0.008232529214950435,0.006602634993475132,-0.03818231458812393
2021-10-04,-0.0023626603577894256,-0.012406379242698828,0.0121541488360557,0.027066107918120474,0.014177358906756865,-0.033349911158755075,-0.01014013243349876,-0.01849508669599298,-0.030332409112755143,-0.048598863619049526,0.014469548141609279,0.008062531678684204,0.012607872386890095,0.0028913495847653348,-0.007966905945967051,-0.018485453838543497,-0.0074723525479741815,-0.030475110423688334,-0.0009200254752481651,0.010358304269073582,0.0166099987873769,0.008479365054181232,0.024160490885245522,0.0021651317613353704,-0.011122339921423308,-0.00796167304072315,-0.00933863483188746,-0.018921163734538227,0.0034327783855780947,-0.0138340327200559,0.01369860613377516
2021-10-11,0.04785929904986497,0.027663347781079928,0.03028824594176971,0.027316818886469862,0.04044834106403994,0.04500517832393913,0.07965016133869174,-0.005711824684351496,0.04891227825651634,0.040521457046928555,0.022361848977325627,0.019840221526179702,0.06956221447736377,0.02166399642949557,0.030339097076009125,0.019441171583558292,0.04309453674663044,0.05277955007847113,0.03637195513838054,0.033371661775321027,0.0657432209330342,0.06572802601824135,0.03660713872089949,0.017715747663925807,-0.008973411782880025,0.06162930580324111,0.023850738967406526,0.02546728203654225,0.028737670769536372,0.01717238974281976,0.04158684266382817
2021-10-18,0.03268032485191541,0.056139640015509196,0.009235481677098534,0.0074385266691572305,0.01363848325795236,0.024145037141699577,0.058528759969658006,0.06082313703194009,0.06337273267890353,0.0507173422331213,0.00981333580852839,0.006814855311059409,0.016177517106123585,-0.026767755613180344,0.002309700736960796,0.006555447314129381,0.017421740825079857,0.024955420929894556,0.019991256417011938,0.026929014625773684,0.0512484178655821,0.021632739774062326,0.030003073535936675,-0.00905762743648153,0.05726516373833768,0.03508784144156696,0.01946613824455068,-0.016437425149300577,0.0036582710376151795,-0.036499724124119615,-0.0026853655304039936
2021-10-25,-0.019688768074869967,-0.008718637824686293,0.016841376402413122,-0.03555980530315983,0.025463665418554937,0.0015396811482737416,-0.13334673926565566,0.006587886872456483,0.005863879575029429,0.019548783954668414,0.011590989952722675,0.013627395180243473,0.06152861088711292,-0.0029823361786168734,0.022753134751967607,-0.0035524890165576917,0.009050886927413071,-0.007826101827313248,-0.015679404702704347,0.01184222001585944,0.0066668985223685695,0.017926769227805117,-0.004459999003905257,0.005569861912297025,-0.0008391528088570466,0.00992157053979148,0.00981979247806919,-0.03051785096513493,-0.027501830606034616,-0.007897295343927246,-0.038233878191095916
2021-11-01,0.010188971750816345,-0.01468268488261637,0.004901180532999039,0.028775206683838928,-0.010545817415596348,0.02498076891218237,-0.03253925569385108,-0.000942955670423351,-0.014827824077057405,-0.0658847005387736,-0.02245365954233125,-0.008384171136828544,-0.014034566141454596,0.10145416689679632,-0.03576436790344528,0.09150342701170122,-0.010424217525691004,0.04404033035506694,0.07699114789053452,-0.009108323336755708,0.01193422590576021,-0.027997027261248753,0.004759767433666351,0.07868193840889415,-0.0032432315827055636,0.16318728799227245,-0.012965885177355752,0.011429703075734876,0.013287950662134618,0.05223863915774407,0.07306846456913241
2021-11-08,-0.003248960283044555,-0.020623886295965232,0.013328307912572113,0.009323254905926559,0.02645938083217758,-0.013029615538733719,-0.004684677353134381,0.0036085904557772164,0.0054671826959689085,-0.00835104006536369,0.023443125626673167,0.02773815559863846,0.0172662038694118,-0.03545573918021849,-0.0038432513479430552,-0.027218235083106834,-0.00636929046104262,-0.0020987138421205698,-0.0328675982519927,0.013293703526663592,0.014452150427385124,0.019511832217101066,0.01687507250986231,-0.017116417078638868,-0.001278343874502208,-0.033431045465281195,0.019886899765079402,0.010744773136012187,-0.03362476157731442,0.011229418285330306,-0.036524907551303776
2021-11-15,0.005108281865161324,-0.04086742495648443,0.004149057407699219,-0.008983105876181785,0.0036220070400549975,-0.05318642250382244,-0.015568439609282225,0.01637322774605643,0.059237397610467424,0.016946217696680366,-0.004627619457841514,0.0028578023058722923,0.021216448639895802,0.008446752679383218,0.011830848084591672,-0.04588710868636692,0.012847205520470473,-0.019768599916444196,0.014018566390842313,-0.018045244850959374,0.00947507140392001,0.0077770375655732416,0.006037183528048162,-0.01138640211835873,0.003548944763002826,0.011771880348570685,0.004472283328448956,-0.05883440952377905,-0.00974249354065937,-0.015897236353045963,0.03005669951748624
2021-11-22,-0.010406590392821768,0.007241952743234137,-0.010825879768215363,-0.04498025415185636,0.004391017940597042,-0.016049815070032114,-0.04879248954056492,-0.0013061033030998814,-0.004952241033294391,0.010368583083509186,-0.02057183022517939,-0.019371521731195718,-0.01667003956142732,-0.03094463133626768,-0.009061772019248293,-0.036363638574804846,0.0058665195176750284,0.0017163429146977993,-0.026393073711724613,0.011075756201021747,-0.0022631346824314447,-0.014228127336476382,-0.02030764813421715,-0.034417297389937485,0.019267533245671986,-0.03754360414208635,-0.008192262303664544,-0.03602713475425767,-0.022839100225024778,-0.01997498566381628,0.009989407347003265
2021-11-29,-0.008755113909883372,0.015559035144071087,-0.005973499190239262,-0.01307324603185922,0.001796628073016615,0.004587670449966996,0.015208150030541212,0.0074115440223627704,0.0031563022230711724,0.00023936671091928652,0.009137403599301486,-0.01212225403545486,0.013531893426034447,0.018247388778654505,-0.012094203397874259,-0.059646984875711295,0.012150576113757472,0.008567282398382448,-0.01635096018198534,0.018961623983408282,0.031892211349036304,0.02544192620382768,-0.031956437486505784,0.007156658809387428,-0.006722610086033587,-0.07035125167695921,0.014185508973714622,-0.047272707129216496,-0.021574905434318725,-0.01855443630667275,-0.0023423017657675516
2021-12-06,0.04579089970965544,0.021014497170912083,0.02903845851657194,0.035202428809771424,0.03831886589692379,0.05236448127434268,-0.006728434707169995,0.045169236202149854,0.011011492717876159,0.004861167394030419,0.021401478941729835,0.027097697522552755,0.03588442282242066,0.024208042977256206,0.008957777029750202,0.07637537669005567,0.025930447150000813,0.028243532568386298,0.004374381021774676,0.04358099804837212,0.028578636008249836,0.0377527153382029,-0.001088983503102603,0.020900029779925777,0.02936703874062485,0.02164998192923351,0.033640358825794525,0.025657115552471854,0.04226394753278617,0.02873117261663727,0.048827789673322686
2021-12-13,0.01618392774843791,0.023076407786014386,-0.001388395291793465,0.0008764353014827364,-0.011975234031146642,-0.018804214133347097,0.005879334062273367,0.04207855734450194,0.02657069437875137,0.030543178252082193,0.00909530727336394,-0.011339924376239985,0.030856209658852274,-0.006062365054388619,0.0334419294032664,-0.05532167634196572,0.003978462180020292,0.05844713735847251,0.0011106702817320624,0.016953849911231833,0.013201021504835708,0.03948288534940669,0.012548750845569279,-0.0234745863045428,0.04722368093895235,-0.0006148706747176602,-0.00719428242487008,0.023361786802630347,-0.02609311891496413,0.005924318290065234,-0.0094956547294488
2021-12-20,0.010493503784058333,-0.00043020973366447723,0.00507095989120443,0.0005254911860899103,0.015815478053637477,0.039999997000729426,0.01575610598790189,-0.002301379856549546,-0.003340596527874884,-0.00425668347266539,0.0060469332576300605,0.0026626008817081104,0.019232211778440922,0.022081524054882395,0.007731764280384246,0.10439206140215695,0.02447549101673463,0.013635771335493319,0.03812460882704771,0.004315462687061178,0.007526486834962487,0.0076364063654446035,0.021244952339400713,0.027243030093506482,-0.004256734529953121,0.03138078761481844,0.012422426026729827,-0.0060606788010616475,0.04634313598669593,-0.004927840524747262,-0.025226691715963923
2021-12-27,0.024491210225892734,0.05457689823297551,0.02774946194708705,0.008051792292126159,0.029915164181286036,0.025420548565148193,-0.011383583116305052,0.04689292854755012,0.04157592996083537,0.033074489502444626,0.026309701396465934,0.0278985271295209,0.04004587852005126,0.02976268268183091,0.025575527480814042,0.0023054949981180517,0.03162680296664799,0.020078001466435458,0.04052334489573273,0.0377674206975549,0.04086559218728292,0.03341126066321576,0.0342386491398472,0.03417526667861703,0.039382320614039346,0.027724192585347973,0.022324458895448096,0.03902435481900168,0.05515488417420378,0.03599463648909684,0.06573499828702434
2022-01-03,-0.05776555585413912,-0.08861549683628778,-0.008485118354133125,0.10005476355042742,-0.06598400956229566,-0.034374742268004965,-0.09047199337363476,-0.06711692311540562,-0.08938779228149463,-0.0838219887909829,-0.0027505750734602152,-0.01665823186505122,-0.08062455135942648,-0.006552327896169663,-0.003325093165874815,0.047153576592152024,-0.053374484412495815,-0.1058666450216813,0.004056815398219005,-0.05674690668196969,-0.08689723986921416,-0.04979159201926697,0.0009236371901246709,0.005175973411396972,-0.10567586702251652,0.009388486245332173,-0.02967165227062951,0.05817609666758372,-0.05181010845964806,0.024017703038172966,-0.02039831412896831
2022-01-10,0.006124526160709687,-0.05986932309792359,-0.0007634877128991358,-0.004377875580417134,-0.00778938831675946,-0.009066586746609984,0.03686702319333901,-0.05433177959554236,-0.03216173765251684,-0.03636408263649371,0.013162269322335662,-0.0010165137116553424,-0.023218935349811565,-0.011237448870467959,0.0030582683687001566,-0.014826886433556008,0.010950603152524385,-0.04317161576858508,0.01050508590665955,-0.006053118707978533,-0.00643980057175686,0.016521107822373926,0.0012604522906087823,0.0007920178960572066,-0.06219992383580153,-0.03453835777514436,0.012561944584547291,-0.012868330806629857,-0.00035009565218868666,-0.0036433086927721847,0.015864945494291627
2022-01-17,-0.06515136831706692,-0.023382139569311455,-0.02686175842716154,-0.08506550021604731,-0.04776864559797145,-0.022344213174523175,-0.048436880041307084,-0.010317598797508487,-0.005966246893232552,-0.033719004784094286,-0.030496603227195607,-0.03453893417916576,-0.039929337559481914,-0.07255775853154145,-0.02882473856062251,-0.05016734971177572,-0.034800732723916594,-0.03171766739366921,-0.05277886545405508,-0.05204937868283177,0.017611429524994726,-0.023328718471449572,-0.05007019510533972,-0.0766493021558351,-0.04269471396134361,-0.056133352802922976,-0.038409013795594804,-0.00850178678270963,-0.047652440441283916,0.0,-0.07247434530493768
2022-01-24,-0.03571070880689542,0.008212251868148446,0.005619846360428227,-0.009961504535007104,0.004122387824630813,-0.031326965207902346,-0.050056338325143446,-0.008614557173745707,-0.03917381984682766,-0.019429664493277987,0.009425419231431365,0.00018087826357660042,0.007315291486496234,0.018097714143819887,-0.0028540230164891822,-0.015258222389499365,-0.006924386307132102,0.03806225506688077,0.021528071027568707,0.009216892786450659,-0.002315992189543814,0.02043328345735973,0.023115496809356317,0.017145514485692015,0.017352961979893555,-0.0038108406949801665,0.0012426657148001397,-0.019054903468365136,0.0386313819444386,-0.03942410356793313,0.043146629309117834
2022-01-31,0.005539299480141757,-0.0013778257008819628,0.016189963784270844,-0.005295752885161931,0.049958904088385436,0.02949254013908731,0.017515218302935898,-0.0021030944182507394,-0.02498650928912738,-0.007645891442248698,0.013837158695732876,-0.015535772538508685,0.02310710717087927,-0.020805248905759743,-0.05495139343911948,0.04052434187108789,0.020197154484654645,0.01422228896462796,-0.01528921061589883,0.03794698824894582,-0.010188868140128426,0.006323135071863328,-0.018707649205600974,-0.013204057292441451,0.01192705777049996,-0.008333417777062424,0.01063834685460141,-0.02816629647151736,-0.0031882200937044525,-0.04318349267218802,0.02118522594374772
2022-02-07,-0.026021814763160123,-0.03867223463752123,-0.02680950844711527,0.04409927418282589,-0.001804541457180231,0.002765966314449475,-0.037345077666231186,-0.06333876195194887,-0.06110502812400864,-0.04362315839793662,-0.04150014203807173,-0.0253529420350177,-0.022535494226839425,-0.02124696584111907,-0.01726225841634854,0.034364434204822825,-0.014140850213625877,-0.02651198156458523,0.005035658812613031,-0.007998879584160568,-0.04677843057374731,-0.012897725921357739,-0.006734978286816351,-0.04868329772211355,-0.029668623694336316,-0.023074517456772914,-0.030526324695677176,0.014191607568923237,0.003909035218035539,-0.00397861386641829,0.02642644398567784
2022-02-14,-0.0002154635746610678,-0.03571123907599527,-0.02318519536202235,0.029999278753604974,-0.02434622557345656,-0.017929264668733902,-0.015759978014764142,-0.03872586563824987,-0.007997612446283942,0.03189780511218032,-0.02338490023258666,-0.010229652877345452,-0.04793827174878185,-0.017882402420807186,-0.0133255934128369,0.05813947347210857,-0.07190312716502956,-0.031960296105950525,-0.0062631657287909315,-0.030308832304977384,-0.025698733957812636,-0.040790911338269065,-0.012742480682849,-0.0049379237144731025,-0.06791449586162879,-0.00620488508286221,-0.01845825203698681,0.04335810825891717,-0.01168136783984941,0.034327910163596265,-0.05726661498130814
2022-02-21,0.04347821467400048,0.022850640836567626,0.03811296269360631,0.0186468057833038,0.0382333678129021,-0.010633013963574856,-0.05003843476532588,0.032278096590592886,0.019970262788112647,0.03290325343311795,0.034376505611155794,0.029134853798277183,0.035737073172234846,0.01922421757535897,-0.0028364761251088444,-0.01883824544568158,0.01087510956458515,0.1315972673026311,0.02605042761119236,0.026755975967084122,0.041389018074438066,0.05571094275538191,0.0115564702680937,0.011278205333317803,0.05518874660290285,-0.00886828288381325,0.03318569006282068,0.023800602047259423,0.005372573448709561,0.01749929816826823,0.03641115718365251
2022-02-28,0.005059995648775351,0.019772380747577367,0.013480846040598404,-0.0024299035818740045,0.025462587214721832,-0.09043899845222991,-0.06126422280799426,0.0687431044386444,0.009717105685389082,0.007237125573669179,0.015471019836888589,0.04784061159478736,0.03455568439529211,-0.0023265532024814295,0.04171919589297257,-0.07946663679318988,0.004098467196882227,0.07129666338858032,-0.028255686384983547,0.020723241985771468,0.016099580492591192,0.040418968152470036,-0.008605386610434751,0.007881077288541372,0.07830669307679172,-0.020114501302430865,0.0358674307079454,0.032472293153070764,-0.007125175909517889,0.032855057081362604,0.002550870339656619
2022-03-07,-0.03200453599087738,-0.01443683290122122,-0.025147576755200185,0.002273461965960122,-0.035969029986134715,-0.023854636177550015,-0.04299029596835491,-0.0305416901045219,-0.025567183855544462,-0.03381005509552226,-0.02042659028343885,-0.01214182727127322,-0.021803246724595327,-0.013575375546439505,-0.016686794651050163,0.044032389485941126,0.006377587200843582,-0.03087847856090653,-0.0008426962092039636,-0.02702330098436856,-0.01995496105763639,-0.030130302544645216,-0.018402280691313666,-0.013868411674049508,-0.030280981558593267,-0.04996715439626398,-0.024289396217114456,0.04538951705225336,-0.026551743236049252,0.05506125689521957,0.012758586044712139
2022-03-14,0.03826349348968794,0.032745678088196506,0.01766755138725906,0.008992431674347934,-0.008545611861640379,0.04019637610292759,0.1764387285847384,0.00719918582782153,0.024395610591372296,0.055814405226142894,0.025345661811851494,0.016606315238483438,-0.010635587614577724,-0.008949725607707348,0.02314097812036464,0.05604898577450412,0.03143198036143091,-0.020977669598934878,0.021268978416845608,-0.008154582644700925,0.08340664304646217,-0.0007651446798354611,0.023412594040622237,0.010024052888440105,0.0326418066331835,0.01886951122635039,0.010240091871109636,0.016410280092377105,0.015112440324153376,0.010525014820016887,0.009339024495412351
2022-03-21,-0.00327121315622092,-0.007586703369105496,0.007580031942466814,0.04199102258721665,0.0,-0.009331414077217604,0.03603739468048328,0.02410971824211816,0.003555600666707903,-0.03020792166615971,0.00022462577994808441,-0.0002928053420643284,0.02396704438007302,0.02819914872499707,0.03347414426294404,0.0031527788583050054,-0.005406526944394141,0.09160149960919184,0.014987556340818609,-0.0019829406982374564,-0.012623437567659601,0.03387981523242689,0.01599858272013477,0.03515702921942321,-0.0049601952769223745,-0.005120648031752717,0.003145796490760855,0.05617226174119283,-0.007988550856568688,0.04394063393043712,-0.03475883405439151
2022-03-28,0.05625632610819098,0.06755579123692734,0.029121579160203748,0.003544332078534218,0.04157834744160027,0.01651158608639869,-0.023090550843208435,0.06453424168820354,0.05548718548961795,0.0744361015216839,0.04266987036064007,0.03510973055753408,0.060791640490272414,0.03888614702977189,0.021593056277437128,0.024096314874850533,0.014084546443475121,0.05418070381804596,0.016817052612109196,0.03372739954731241,0.05383597692473474,0.05454795432702997,0.04341421235956133,0.03770033363872671,0.06568585081439271,0.02174078746341679,0.027526023010666645,0.0006369435522957101,0.07254995596972758,0.016628579519569753,-0.015025895406661549
2022-04-04,-0.00933150988349174,0.036816547528808474,-0.012905719009940309,-0.050873621509806344,-0.014347494213291956,-0.05766925457250072,-0.03757575063994434,0.04750329449979818,0.02796460423825553,0.007575310656328105,-0.004231868063405031,0.0003700129718688938,0.019754808484821584,-0.026161207242158202,0.005998499152926495,-0.08710929334010864,0.005360318803352415,-0.005335278619209016,-0.017749016235661164,0.00473472504496697,0.017189372571390082,0.031373718947023566,0.02136141244438927,-0.01809563167645767,0.0630917393473911,-0.041578863245921416,-0.004069139021788071,-0.0216369220154633,-0.023513137705002518,-0.008587235819149996,0.017359167756851646
2022-04-11,-0.03307214490126831,-0.04080192106864455,-0.012018768755802545,0.015403413272440547,-0.02134259018660467,-0.01018052820404547,-0.02676323599949959,-0.026966931248964543,-0.0330711521566216,-0.04362758989595783,-0.014601607128683969,-0.016873480217770798,-0.005428098447873064,0.018846111747246264,-0.005394587205618029,0.09876559991895051,0.01672343486800698,-0.009118498660703911,0.03203272204120777,-0.041711372742343156,-0.03528011137210918,-0.0011004303154299455,0.006235892965551493,0.0005670300829896391,-0.04652284344216728,0.0032163393970006116,-0.013406590414593134,-0.006061715558945857,0.030099184380479427,-0.009795856486297883,0.03154096195079803
2022-04-18,-0.0020389086882431906,0.03036693413065583,0.017193153136180195,0.008828980857231716,0.014882965822597072,-0.011570802852016837,-0.010029099562364974,0.007577180496560532,0.03268512693319092,0.013832196256020834,0.007961877177309562,0.01742352227576527,4.701014332475495e-05,-0.011926074423362687,-0.016271778216039534,0.05005085553506916,0.02693682852506729,0.022735591252886156,0.012335868675331874,0.013489361138762535,0.03706199659828413,-0.015030610097759078,0.012808172148287555,-0.0019834224016974655,0.030896480663861192,-0.01563966643299164,0.011635984000459842,-0.035931994770072584,0.02028182456220673,-0.011350564484503112,0.04060141647772264
2022-04-25,-0.06956785781177544,-0.07972500175430175,-0.09316335196910364,-0.06436473859827774,-0.060932603443382805,-0.018091507447297706,0.03954245324798711,-0.04599761500685817,-0.024305703931658096,-0.03532279639150593,-0.10586943698417062,-0.0633232556882275,-0.10613474338638829,-0.03883729458505636,-0.04788154915708287,-0.010213864912022252,-0.07567310855475418,-0.05204661839345792,-0.004323962360937128,-0.05017634874129917,-0.05002091601420944,-0.07669750258766794,-0.05683988980796051,-0.02285632083505451,-0.05254386080627538,-0.06259931278899067,-0.08652359463710857,-0.05026496525197144,0.004380063949326329,-0.04350120797345591,-0.007225465880961068
2022-05-02,-0.030083586649316207,0.012654423705366957,-0.06615966949593322,0.01292522321074685,-0.05150108491636396,-0.02191714444555004,-0.07088963214793298,-0.014092169085960338,-0.03449202527099571,-0.007843446424757095,-0.0617178759760888,-0.0481064607160423,-0.04389465131949666,-0.01640185639263203,-0.06583376686138898,-0.005405382307948736,-0.04595700322504748,0.00949185877934755,-0.05290165422191917,-0.06167375925540264,-0.12109288312022437,-0.09318975128923801,-0.0434632735185817,-0.003632191362645809,-0.014462252955675048,0.028983079424130587,-0.059387299041730124,0.02556237504800829,-0.02985574069027952,-0.0262085863981677,-0.026200655231520487
2022-05-09,-0.05790123637200406,-0.0467488507434507,-0.02457275626200406,-0.053811269002913886,-0.0189503303557097,-0.005171117491171051,-0.015564235732412834,-0.03346116742006444,-0.07010208998755585,-0.07518497599473184,-0.01974621494500073,-0.05471710597171564,-0.014862860890850094,0.007208561702143568,-0.009154360851058918,-0.016798551385531213,-0.028165321928317333,-0.035213850368402744,-0.030846204293932478,-0.02595507943160591,-0.08894074302690691,-0.05447054762109649,0.019510003161015144,-0.010061383483052189,-0.023151847525854308,-0.038214525477133554,-0.02537470566555755,-0.03440409935354427,-0.006569824017404913,-0.0006783624857714665,-0.035625508134829786
2022-05-16,-0.04049240517674946,0.049944169714100095,-0.030210926286577178,-0.0663650028915419,-0.050345935900102834,-0.02264853665763411,-0.01770061528793554,0.03235315714362397,-0.0006859372421207377,-0.01214010651787878,-0.012539995857205555,-0.04796132040465906,-0.04235583570054635,-0.05665257380279165,-0.021941539861394244,-0.06482405891128973,-0.013518014070965534,-0.054270873637311645,-0.05333331077387893,-0.02475519687701022,-0.06723812207250868,-0.017643366807961414,0.008603907496508079,-0.0681985399661591,-0.022593310245351717,-0.06799104073298423,-0.04510031448212126,0.027449683904081867,0.007657568217002586,-0.0029422647848782457,-0.027899639997509995
2022-05-23,0.05560066562822552,0.0682821736061805,0.049564612406194586,0.07079720140947532,0.045729981830457955,0.06432824810091176,0.07592722470562396,0.06141602085633302,0.0794048601671975,0.0693976760156172,0.055525506587372764,0.023469349297693842,0.050472614454704745,0.05950641182562855,0.022433771349705145,0.11230518248087473,0.06434689141397554,0.11012305823547242,0.07860065329812072,0.04854273880353421,0.06298036183664646,0.07305607844674378,0.020003195427855003,0.09231779135527529,0.06643827142580028,0.04492832848470307,0.04315147196772995,0.015569767791788092,0.06632115576588204,0.023379935349845837,0.0720170363277759
2022-05-30,-0.0309626478281958,0.022110807095811813,-0.027926630849370304,-0.05555555555555558,-0.0097943446516362,-0.04937538816415443,0.016585373296970296,-0.05351874869257922,-0.04960780118775743,-0.02196964461665496,-0.026366292467478458,-0.016453540544950185,-0.009609651578250777,-0.034423193295281096,-0.04621015233541359,-0.006763356631662165,-0.006486789594058795,-0.024936253136658038,-0.0332771307243962,-0.02551421801985665,0.002514486744553235,-0.015039976525476728,-0.02869514877961854,-0.035021934702457624,-0.05178959154181184,-0.033236661130630396,-0.016258437812729176,-0.021428646730704992,0.01684480384101028,-0.01726215963405564,-0.049578527332047706
2022-06-06,-0.1045482811326437,-0.05893603718186258,-0.051604721111298546,-0.08926890515115615,-0.07223469693466156,-0.08197750846896201,-0.06285988925785035,-0.05676362322696682,-0.023273041572136388,-0.0431432688425365,-0.050217029496710475,-0.04589009100235064,-0.06382507452227149,-0.08908158744037908,-0.1066573866761753,-0.09338513054853814,-0.05745614140995681,-0.04722778123079341,-0.10021778689505856,-0.061240344079820486,-0.081047207953447,-0.07042240282889844,-0.017283802285085303,-0.08548296605333416,-0.012228383106851148,-0.0790358705751445,-0.06359850732636663,-0.06302294375817363,-0.04619303849019851,-0.06738629561015075,-0.06110095161769902
2022-06-13,-0.0991862600837834,-0.05912117016461893,-0.01774323892087115,-0.06799421091442526,-0.03461212052192031,-0.04349004605824491,-0.043181409331078946,-0.09556901609767554,-0.0318209507360816,-0.025201305388016126,-0.02574381542642179,-0.054741473092757786,-0.044632009079253576,-0.0710152007483903,-0.05501368338049073,-0.13090129041387477,-0.06456094967563031,-0.09443592531487643,-0.07477376239321276,-0.0334205745280286,-0.0586829974412274,-0.02891694283806978,-0.016525069207817156,-0.05509991741327136,-0.10287833205680585,-0.04047910680487998,-0.027479792063809017,-0.0693521795356048,-0.0377421458375895,-0.05385656112979542,-0.07926335872069623
2022-06-20,0.08916354399828275,0.11449036926430511,0.02178123215798977,0.018487822914857732,0.05078543254424228,0.042331719445342086,0.12112017364425309,0.13066330498231626,0.10193715251952917,0.0890630674673154,0.02031542577048806,0.021985384888095094,0.09115662106324174,0.05089222705305052,0.07762181278304792,-0.006790158720543227,0.051836556519635035,0.0839713917981253,0.06335796373374292,0.061461750085907374,0.11880613118813899,0.05954519999981889,0.06659477279362269,0.07876741868121795,0.12220911048098526,0.04107031894338342,0.0601883073824383,0.04593713731856375,0.05241237562623935,0.07353520279145909,0.04061833424437178
2022-06-27,0.032049182390237796,-0.01242127927059955,0.005636752177720528,-0.01521748662794209,0.00703131177532601,0.035006225682151726,-0.02434365658619486,-0.015029486507973533,-0.05201729575654712,-0.023419432404698792,0.02426568185779132,0.01918169803675429,0.011660841517536102,-0.008592392665464854,0.018390891643995877,-0.0236171834210952,0.00647720700334431,-0.0026284159588266798,0.003475599366371984,0.01692451407475426,-0.020882552860175485,0.010121416406532413,0.01387495895658275,-0.01756666655653316,0.008330173721382339,-0.03955045481932684,0.00671720805241427,0.029474974791785735,0.025556999920513412,-0.0017993549449694113,-0.010195127475592258
2022-07-04,-0.0038819755869075045,-0.01311907575082727,-0.02109531262524833,-0.005339523879591912,-0.017549081766101704,0.0021138331028420776,0.007827781223502583,-0.005569636293303537,-0.03989972745070347,-0.033445941877636165,-0.021390178755108846,-0.006001418497032063,-0.007397660470451761,-0.006560085219728395,-0.013543964328937896,0.019067637599373688,0.020425158871907323,-0.012771022309227664,-0.019297434770947475,-0.032031852445219555,0.012913517122546736,-0.004852490650168018,-0.01315021071998157,-0.012748303980457565,-0.01891308997844421,0.021007496139894277,-0.03551431593233345,-0.0288773735736928,0.019531322944033702,-0.013219567889530826,0.030311734383079436
2022-07-11,-0.02418862382281206,0.008587953294774797,0.011702466472956363,-0.01974203809615882,-0.0049720546424593115,0.027818070570844622,-0.0305825147731561,0.011668573591098852,-0.0423493032295712,-0.047300538620309474,-0.0007007286096325505,0.009622702206874667,-0.020336121455573286,0.0015476452566072219,0.0,0.0006270169357294186,-0.017822819178404115,-0.07926089430768535,0.015136407227955617,-0.013778511949151029,-0.004688304829039591,-0.00794733738694653,0.01928083104731737,0.009558940052097897,-0.010671966040403214,-0.013614408538724088,0.004345266188796826,-0.0005909087389271983,0.0373561763936443,-0.010839239325998618,-0.006569454246005191
2022-07-18,0.051887085813274725,0.009331218960083598,0.02832075749017937,0.01327394446103658,0.0284674293555065,0.055156530300860984,0.031714263573996204,-0.0031143077567745703,0.05323183190012859,0.05490914454606233,0.02790239793287186,0.03149375374535768,0.04918316564507341,0.05758732937246136,0.022120377161238602,0.06015034970299493,0.017587797300571584,0.0564228550232575,0.06610325134714512,0.04691735565234545,0.04867364303039756,0.019181742238490118,0.014791853145657674,0.04352155697343285,0.00018681539215270604,0.07596519959450365,0.03450580700936179,0.020496495465676556,0.017543970674488207,0.0198228413241337,0.020988974303713492
2022-07-25,0.10358124670930535,0.04325885940414276,0.07914274265341081,0.029474792491882118,0.038722127276035856,0.040846104097919556,0.17440535067287355,0.045123329291954395,0.039475730806544984,0.07641735221294388,0.06929483663324332,0.046455287357520136,0.06525773360421194,0.028735682810643093,0.0309702347196108,0.05260043466295339,0.07078194428973661,0.023643775710059156,0.030769329398383505,0.06710695775119158,0.04460207109494685,0.022171546616769344,0.037000718657730136,0.025628811197421886,0.046694542799451844,0.04783938244978647,0.04829999502993254,0.038625076551794146,0.03418021590044895,0.04237584214109935,0.022810649846147557
2022-08-01,-0.03619240895805087,0.00502156474080917,-0.04220814509672144,-0.050131716940878035,-0.027072895222965743,-0.019271215521477814,0.0038573690979131214,-0.012509666850406997,-0.022499021609620473,-0.008852768323621696,-0.04043891563435442,-0.027152387604674533,0.040628923429720576,0.0013256432038721844,-0.04053566349537929,0.00898373294493271,-0.029464514053819113,0.07857269379722731,-0.03166007087658529,-0.033327929562361636,-0.008826262009902774,0.05586312905166069,-0.01329648674001116,-0.024677971000712118,0.028618937923367893,-0.019698080075502333,-0.03388449502783053,-0.08981029269073881,0.007604607326518131,-0.06555468292719069,-0.03303957521839107
2022-08-08,0.06452622030061428,0.0203167300662499,0.06466247550956128,0.04065141097021274,0.06148000288197619,0.040728809327468474,0.030053447639185604,0.018385605990067555,0.015061316438589767,0.010107397174987431,0.06301519466492134,0.06593716820791196,0.07473895605128389,0.056075571335108654,0.08224087965937432,0.0868114187484712,0.045142542775142847,0.03307846747826404,0.09061207007373562,0.045950786140134925,0.04452411166745107,0.06189611103883519,0.026250668606975447,0.05506044093478435,0.013433767350219394,0.08779351223745557,0.07207022540662877,0.07170578884349554,0.027285768214420525,0.02491324809518458,0.05039860288789355
2022-08-15,-0.04080199059758427,-0.011918504058988422,-0.014576504272222124,-0.0417267880569796,-0.023469498709241754,-0.028264117610186212,-0.04423127901426516,-0.008476540194178872,-0.008141730262985036,-0.011028269565853233,-0.01875934043973737,-0.023962583871772747,-0.0014625528295058032,-0.014595187588735903,-0.01938673377844391,-0.03840245029440503,-0.01473735664384801,0.015732008915548823,-0.02655254790366901,-0.02087424501589863,-0.023025506981913302,-0.001336371722803542,-0.023570755893623008,-0.022473616203749325,-0.015855441561662076,-0.04177823523010571,-0.025932476897607692,-0.06767063969537623,-0.02175748961660451,-0.03761046136570734,-0.018704304832797947
2022-08-22,-0.031565994350081006,-0.04817613668057785,-0.02632798898573696,-0.05605087291451705,-0.05340854071301493,-0.052873268494858405,-0.019793674536230266,-0.037359608059317706,-0.03897203088104029,-0.033192621401348044,-0.030971173004261,-0.052446397976693815,-0.02135602776242973,-0.04834169866190774,-0.03558588516799155,-0.02875389114524607,-0.03867978050619203,-0.011115199212314075,-0.044434718490210856,-0.054331840782009255,-0.042735642049084976,-0.019104293195236433,-0.04114626439155333,-0.030242237407415273,-0.041249292516666425,-0.05549044068144948,-0.05058376827028377,-0.012471876025218376,-0.028307174821310732,-0.02827335302292666,-0.022651979473924277
2022-08-29,-0.04816463107209923,-0.03958796958078126,-0.03253396975903766,-0.011900490765640481,-0.05946532351894451,-0.04090514612761509,0.00810579774314446,-0.0325818296731859,-0.05579945222334237,-0.059009451629413734,-0.029330566165598815,-0.03209611376025456,-0.03635393662882658,-0.03781170090342478,-0.036153575466647325,-0.05372808455914446,-0.021727468386293358,-0.03943240249624036,-0.022559867418964652,-0.05555560151128158,-0.050331201442761375,-0.033466934711941065,-0.03175498548412936,-0.03770872478050302,-0.0344909051071981,-0.041201795568740596,-0.022433082274141758,-0.01966888438628167,-0.02883482706016549,-0.011822768189468702,-0.042679351349565686
2022-09-05,0.05618733732167347,0.0428144228559757,0.05900964278283771,0.06530931509632887,0.064330318221135,0.052242660243495775,0.1062208893233032,0.040474517330003845,0.052164393537339704,0.04235047715176177,0.04634152845240358,0.04616891968854864,0.01127253547827789,0.03145797724270105,0.05800460753713388,0.05677869509010347,0.08445297462730861,0.059466673041578044,0.03674047631960842,0.05163800813383945,0.06349989584206073,0.018529222727630135,-0.00973509330883715,0.029761864778165004,0.039470901102108824,0.032229082760012684,0.0586936658240409,0.04751858118504093,0.03213960313830522,0.023209652325580032,0.02755791777006067
2022-09-12,-0.05149833991689945,-0.060017572998179336,-0.058192765463719764,-0.027622445750942415,-0.043310623963310535,-0.06233827365699818,-0.10163225461358505,-0.06490984150111967,-0.09939735789729776,-0.05037318754728071,-0.05322457842642725,-0.061812676009380785,-0.08749077149052964,-0.03463555781822625,-0.059941501349782045,-0.025767591722670513,-0.06801525238032968,0.001086469043448668,-0.048072307177564944,-0.039085151201611046,-0.12311962803965204,-0.0766895883847235,-0.03713152107863704,-0.05282605055463219,-0.05750211673647998,-0.02269041402027616,-0.06961229899107957,-0.03225793799111176,-0.008896769160468554,-0.06147697948490183,-0.11236276117719146
2022-09-19,-0.05051094548150614,-0.06946209109264923,-0.06515501228354004,-0.0757521186909077,-0.054651220967392944,-0.07160684410112783,-0.012491090014730255,-0.05031681337227212,-0.06852356928000736,-0.050612229204387904,-0.06456033673575734,-0.049720335499241375,-0.05492993257543244,-0.09886373010784744,-0.05598749861093022,-0.10973566664534729,-0.04964714719761598,-0.14754057425639888,-0.09305685596974844,-0.04688160130371821,-0.03853024392412985,-0.05215215691508868,-0.03887408922076763,-0.06257946665076242,-0.05446674296166676,-0.09548632304820204,-0.05085132045355356,-0.09520833692194264,-0.07600249292788597,-0.0839054653343908,-0.05662223444232284
2022-09-26,-0.01999314991899659,-0.061666755188294564,-0.02452060344813589,-0.027752619017847868,-0.020500176006500115,-0.04457969661227257,0.0011499472675811084,-0.05928686215230272,-0.04025532169263013,-0.04095207650681831,-0.008102264439095896,-0.02358115944492456,-0.00011577372221749371,0.007989050590112123,-0.056013130325911376,0.003792755861078412,-0.03596921781201212,-0.05643774241080868,-0.02126527069932116,-0.019599014977021434,-0.06445666500022729,-0.007659266620603122,-0.05840496512143856,-0.015899117611168134,-0.03433190265307773,-0.004768322421548454,-0.01557702901524316,-0.07506341530607186,-0.02178719680088148,-0.03582674631866434,-0.014832669540741694
2022-10-03,-0.030777216808424823,-0.09347928045946852,-0.056614947916210356,-0.036476343687390944,-0.046551204778590316,0.028440203054221458,0.05484565127259722,-0.07056372638310393,-0.0678564708935494,-0.04742989464581038,-0.06977087086190714,-0.07849212239184045,-0.043656967676839464,0.0047713502661128615,-0.044502687853130274,0.03394516743714204,-0.04204927032070238,0.03820781356041936,0.011949958582805786,-0.06339075029557695,-0.012204679578484257,-0.03121472513016632,0.0013645480758937012,0.008727927943531277,-0.07816619604943276,0.03108645721368597,-0.08798823592073424,-0.0502113128741184,0.02646557790896087,-0.08893039651620493,0.0035013535924000028
2022-10-10,-0.023675266261235173,-0.038510765583696926,-0.015672060385881204,0.026223641691941246,-0.020530926234633484,-0.027221653195175666,-0.04314683702566813,-0.049869890098741765,-0.01741481930093458,-0.06730522466726108,-0.0111946597594057,0.0063739991695090925,-0.02639718448228856,-0.015240085346043708,0.01689486314046218,0.031288269260823176,-0.023183834538790804,-0.033077745628769306,0.017713265090016694,-0.01996705095482243,-0.00827024148330846,-0.006627398302263887,-0.04290866366800816,-0.016936557403146035,-0.0773627299852262,0.03587626833987012,-0.0007092466632415695,-0.044538673362311654,-0.032310626356079175,-0.012969168848619095,0.011863290796551018
2022-10-17,0.003800787402392425,0.009581032399920364,0.03131266320619375,-0.009292245935808796,0.02900252188295771,0.026206642272335046,0.021337125674029345,-0.03180573310518997,0.06627042893288082,0.05779692453938323,0.03849262616837046,0.023178445519242086,0.03202552870833264,0.03476494330635149,0.007633800124870582,0.061273099365338535,0.047468289592004664,0.06637969694216417,0.03850232379113794,0.059640182374424366,0.03566764846881232,0.038645684141636494,0.0376301984374392,0.04250925509430137,0.025196069882434946,0.054037159208121466,0.041168708217512284,0.03024409681864504,0.013490657293763197,0.0006914989867938814,0.033103407282597974
2022-10-24,0.10352156320912398,0.09143760575179605,0.004059841472334069,0.004138014962930647,0.00957071439550794,0.020776258723554042,0.1543174614306495,0.07209321852289552,0.046768583556196175,0.06257021508032423,-0.016819735162617255,-0.024321629003478562,0.07682571553752493,0.07152946061540089,0.059269088763919564,0.04540353487799775,-0.03293058173674368,0.06437230079740486,0.07211771914158782,0.04734830463954243,0.09604190215098796,0.06443895649384812,0.08120769560669983,0.07562425597844014,0.08787281613814102,0.0783848802915903,0.009693937079455539,0.06894684359567638,0.06921811346789908,0.06254320595836949,0.0380507771282077
2022-10-31,0.0012351833694179692,-0.0038591876386725454,-0.04732363460237321,-0.015934152826571846,-0.030266234173542683,0.00014137295025395957,-0.03511095715673229,-0.01849057346691174,-0.0455667271700293,0.07576806075945797,-0.029621503087022494,-0.035997106536560186,-0.1389961786524574,0.06291070830430989,0.010096620119237398,-0.07774787741786937,-0.030615300021375136,-0.0137725406584992,0.014684996276852047,-0.018453431954512434,-0.04744203862437446,-0.10852533758351013,0.011234235295339623,0.06162326576601829,0.008518215655442196,0.060664367258682406,-0.02880260064003748,-0.005038809229733543,-0.021786523648688605,-0.008943053241184273,-0.026366568709590643
2022-11-07,0.034818193565031574,0.09484109717477862,-0.0010759178128857405,0.061976697650817814,0.033452960319209524,0.11404747669859416,0.04139049028470998,0.08012287154249842,0.15304337345892582,0.08101894741497095,0.024812284844290877,0.004947748549341879,0.028985475399090577,0.025501963546940676,0.0721327818665487,0.07906977464046916,0.030615504278737715,0.07002638430397945,0.035480941638534214,0.04267506397806753,0.07907450810036565,0.06283076876189919,0.03538599892259753,0.035394027208107914,0.09426758476395092,0.040062374045205074,0.04344443289849753,0.14737903045780465,0.02227174760457329,0.17440515587985783,0.09280053573241487
2022-11-14,-0.005364839304981994,-0.03283166760909062,0.012446793609804718,-0.06821783248879953,-0.003558083525350808,-0.044779889601705536,-0.02977900773163289,-0.03296065452873287,-0.010037675252929645,-0.019966788778258415,0.0023894315146326672,-0.017231861007394822,-0.0011998810186633069,0.005938578033256148,-0.030291054530124817,-0.012392280553641055,-0.015219343720633494,-0.010781082816504028,-0.0013527452769102055,-0.009795384489006853,-0.013519328627122462,-0.005657642874001723,-0.004309131402895683,-0.003494293822036476,-0.02449828774848073,-0.019134746895043908,0.0022438670492226365,-0.0273671146255825,0.005290957779777061,-0.05308737310449352,-0.024780848312897397
2022-11-21,0.026303501229244075,0.019219152236309656,0.005142059840500313,0.010720850644110325,0.02882760034215992,0.02629476291226851,-0.01014851069125522,0.03938454544047043,0.007332925507633314,0.04717157880467049,0.00953430272688438,0.00482072130788902,-0.015935264001785465,0.016972600048330344,0.03286007495691945,0.007092085282426108,0.014390783969332022,0.024091779115371637,0.02573376549937989,0.017327168808620286,0.015974195990882123,0.017376015243966147,0.0023183217348317076,0.010367269566415427,0.02261914450453184,0.023748897661360013,0.013184099789134152,0.0322214514901118,0.03281730704149366,0.03507678662763869,0.001239474614382674
2022-11-28,-0.005190777443435768,-0.0032260797482926984,0.014759737262640016,-0.013119373219899755,0.014814254654424541,0.02549173462501253,0.04351082247407012,-0.0072241893600885065,-0.003774552191193492,0.02491624091245037,0.009129508890069804,0.0240346111342693,0.0217195464329889,-0.007346883482101885,0.02827968301367445,0.005959042564225303,0.020176562987902047,0.028005989963751032,-0.00484161101000391,0.017341844779768634,0.004725506594580597,-0.009410388609483955,-0.03006922436551629,-0.006941193520339506,-0.004350052940909843,-0.011267714941541218,0.006629032259657386,0.016487354987796188,0.02008391885063099,0.02229249655602983,0.0034045854889992455
2022-12-05,-0.02648073455121891,-0.02520857575901836,-0.01732638569551037,-0.05798330236149174,-0.03236566677140995,-0.04302843737677442,-0.03306975996293715,-0.0024968857262160915,-0.035092462506561395,-0.022661832646525215,-0.021525505129633138,-0.013457594153291286,-0.01522021879703761,-0.01635604189983919,-0.03170358749315505,-0.04738828777259885,-0.02379484192374015,-0.01180545098849961,-0.0398054400759118,-0.015950295705941198,-0.005301945710280198,0.006085303725407165,0.028737409158666516,-0.0012155619788779548,-0.023911865669097643,-0.02170260424479542,-0.027073131726192856,-0.01751744599732763,-0.0029385539689793516,-0.06204263030721435,-0.02362167270493165
2022-12-12,-0.029210637536105866,-0.0018237194585157823,-0.027007953904976234,0.010058737840040743,-0.032758599750034256,-0.0005273376590714252,-0.033705002406048346,-0.036117939240743024,-0.05067314630964459,-0.011778617481687181,-0.03028843692802974,-0.012430861191834675,-0.04649376896378299,-0.0475615828537399,-0.00788959834525893,-0.039005151845512676,-0.03830328887799084,-0.05146107973563785,-0.011773373853446678,-0.024993944833141546,-0.03507571803941889,-0.03739913022221919,-0.015050500930459232,-0.04564134483835691,-0.027412466058026164,0.01161220851263911,-0.01930320297839283,-0.01716932128352322,-0.017388667455073614,-0.03524834513053354,-0.005717901066729425
2022-12-19,0.016149144243430946,-0.0046849937292381405,-0.011939332046679518,0.0166466760899171,0.00011800075052481596,0.011477507680223376,-0.01397799333626526,0.027490311861639638,0.00443242748261885,-0.015213260533693096,-0.02285063374778662,-0.0022157403032947443,-0.006613970447482909,-0.0018530760905963728,0.0007952740476477871,-0.03882346500400846,-0.015799867001561885,-0.007931857104705564,0.001884106074717451,-0.007931302592268152,0.019083849962600707,-0.004776498525964845,0.014650334630243345,0.008569438063447121,0.007920208969143028,0.013669172689805276,-0.009458133407588165,0.018812976495356182,-0.02009602589780135,0.011660370177215995,0.006070356959025247
2022-12-26,-0.010662963530167269,-0.0027769709610316884,-0.009262187896378005,-0.011988108151015697,0.005120799536955101,0.003782456273030199,0.0050721731401255354,-0.009782379237295413,-0.005948282341202371,-0.004029203967187089,-0.007402444688403009,0.0012757294056349178,0.0018378481424370374,-0.01270271234009146,-0.003972969816594674,-0.017747992578805993,-0.008695621014020438,-0.015405835775733068,-0.004231361032819958,0.004093270176605657,-0.007833036615893962,-0.01066324768600857,-0.01521514099909016,-0.0022350681719620624,-0.007787262606285039,-0.003646803559151368,-0.0005161377120191935,-0.009672427736464151,0.003552754006270309,0.007376910395546554,-0.015560474322208528
2023-01-02,0.02186867694438277,0.038970325026689734,0.023162991513879794,0.007033675679584794,0.01894885133744495,0.0514552901712757,-0.002070342070938369,0.0742407362269557,0.011070059761804751,0.028868788928045896,0.016720915043927365,0.023628148210171673,-0.02160616671967419,0.04268581602415522,0.06661345774053773,0.028249453269518998,0.003373765773002635,0.01685042845534901,0.01652513269047562,0.008408199712934605,0.03477318667077145,-0.01224188968272566,0.014191608196791883,0.017440105460242217,0.039741746157929914,0.01183170368445019,-0.0007745025091098201,0.07207617480813444,-0.01851853343755261,0.06453079822975116,0.01967745175241742
2023-01-09,0.0539974832010961,0.06549206828346055,0.02579001057855601,0.06189401845446896,0.03464907560929831,0.06413745129566761,0.05095954571072636,0.035344147461030984,0.04557114868779766,0.07114875729535686,0.021226356007775893,0.01788546768611221,0.054861090959676284,0.04710299768732251,0.011593063384458091,0.05194807289647141,0.049428313580603955,0.038271960450890985,-0.008360430910539285,0.010106832014675993,0.04500650457842292,0.05098287647586819,0.03292769574864862,0.03758449543406228,0.05180979629198479,0.05636413323814038,0.04805128214189902,0.024466884391975974,0.04245286503516721,0.019632987882453712,0.006643385331082108
2023-01-16,0.009449002481797253,-0.048966971107615054,0.014894228665708775,0.0,-0.02772356770172424,-0.02113575289657388,-0.03121537709351807,-0.018162688176629582,0.006981100102260163,-0.002535027260791689,0.011712408393119933,-0.01075311552824132,-0.006517508941179306,-0.013742518214647559,-0.007393689957616023,0.035273466379745155,0.010253293515005701,-0.015390530425596793,0.004215411422120896,-0.01927901172722324,0.007547191666685382,-0.006085188699976984,0.002870567115671241,-0.02470452596688333,-0.03177287530028694,-0.015290310425936648,-0.0042341800172648325,0.00591949633989608,0.012971340482893723,0.02361216158069901,0.006599542030365724
2023-01-23,0.02317863690881694,-0.002800314766383205,0.04208981961200342,0.035112228453732186,0.06077788205790591,0.002016824855841204,-0.00942432368067192,-0.01383995261468507,0.04281436616997536,0.014109969388587773,0.03309959280951946,0.03344266738993529,0.044264935637553515,0.03464928047233262,0.02532597740587761,0.05792144871639748,0.032350019259260065,0.06271719040805412,0.056436620259799675,0.06104456126182156,0.05715676252575941,0.03535110169857503,0.028924368585866445,0.04351219927363692,-0.02621201236077042,0.040113280778187654,0.04977495084535244,0.04748378243995055,0.016676462867813546,0.03240421056814302,0.07149555787299322
2023-01-30,0.04424954391371516,0.00575214218842679,0.01537843062978883,0.02415221667687728,0.0007397812090872424,0.031731000878834736,-0.015428091631207397,-0.0006847613548160991,0.0350372593333792,0.0038072019107704413,0.021622602574181027,0.030973086183381682,0.03515438838565932,0.014903856165786822,0.003632314790152913,0.023617852224269376,0.026728036889429596,0.008352918337311888,-0.005298045104880189,0.049105850647312765,0.013709202222921935,0.030569217527667947,-0.010395500642349731,-0.0050635189304929495,0.0302388221776293,0.009330475843533081,0.03359533829398931,0.018984843867509538,0.010837689899529934,0.008378695140417447,0.027680792666556986
2023-02-06,-0.012575188753678135,-0.024047571879235896,0.00016645356099442843,-0.03895077287369386,0.008871333830765327,0.0018361678130602854,-0.008096144316499743,-0.0306225809217312,-0.03254929748043611,-0.004433962168006955,0.0013902240107843689,0.014891104764886975,-0.008459554827989324,-0.027158514961365343,-0.03510683639370882,-0.04667010143002803,-0.022441566861260753,-0.04105881561668634,-0.038171275314008546,-0.009708183619329014,-0.026819575364868675,-0.027749794769283076,-0.00730093293401568,-0.017063170781837833,-0.027806530525641415,-0.04206146419706114,0.016367117647820173,-0.030608281920648905,-0.000869127888520782,-0.007122109530943943,-0.046215086428370244
2023-02-13,-0.024746570139729918,-0.029808088410996803,-0.005602330243207554,-0.028949525273784915,-0.02255319594602978,0.01672392936351974,0.021063697912131252,-0.005795319795153797,-0.006280266883864516,-0.01780067829737586,0.016352910958019384,0.01308972295777644,-0.017063261718420653,-0.008002290386176503,-0.008961418148321965,-0.06820682493138319,-0.00122424837751256,-0.012206694584759759,-0.02399632833938259,-0.017681179529812407,-0.02162549443787254,-0.003000954052556959,-0.010920076745201568,-0.020405130311544895,-0.028498395186661973,-0.005548754304299464,0.014969287609086557,-0.010394321929786954,-0.01711152182169462,0.02816159423060416,-0.04280606987397517
2023-02-20,-0.06089862734943108,-0.06910480058505009,-0.02381889892500333,-0.05281087065164147,-0.03015422533445955,-0.042474134539504216,-0.08806078412393381,-0.06767114637845861,-0.05164317900045057,-0.04458951719037052,-0.03354579059209262,-0.031119333599594734,0.011321494387904973,-0.018975049235028574,-0.060466779929728376,0.0023612026546948606,-0.025341773760592212,-0.005703310808903073,-0.0241135013345376,-0.02625630706399562,-0.03143952228436375,-0.01929697809416775,-0.01724126644740631,-0.018342852150662003,-0.0832740416524379,-0.014798745156882953,-0.025027962787469438,-0.01525955370292964,-0.017704235432406512,-0.032687173456694696,-0.015393668142238637
2023-02-27,-0.05212861440778627,0.0345883097831603,-0.013257192928302186,-0.015887299968094792,-0.0025766312868044094,0.010942467685038482,0.02375230065659384,0.002668375167818704,0.009139395202540701,0.030096494555664988,-0.017276592675026792,0.011853858337851797,0.05174457462001558,0.002149077055006998,-0.01099798765624782,0.005300427467931135,0.008874831879669864,0.044550559137404466,0.0009688844610880043,-0.02714729400402327,0.045888954536165816,0.03948987998038511,-0.007540870589772042,0.002058564817090769,0.00981306407249738,0.018468376375127438,-0.014897942681138643,-0.023747239897656147,0.024932360209793503,0.00587674033441643,0.02559110593392555
2023-03-06,-0.11840362336528576,-0.05545663089586994,-0.04140603692558287,-0.12519044844243354,-0.07939366382802693,-0.08763965246473315,-0.07360863915884275,-0.03520635664418037,-0.03264153234479317,-0.056392860527830435,-0.06552656884040586,-0.08962868021297521,-0.09201127275313092,-0.10023307112924196,-0.11779247796903813,-0.06854137230958957,-0.049324498560690655,-0.06040628479351806,-0.09099700643990549,-0.0653414790308956,-0.07853476030069972,-0.07663550464442093,-0.0444620932122155,-0.07427303677456754,-0.0777030865039785,-0.10138627019090052,-0.07119604708214011,-0.07936501964828069,-0.06565060780516341,-0.09192428074708447,-0.05116336813520017
2023-03-13,-0.04676661198030385,0.052700354252740444,-0.024285678876735273,-0.1103760025275381,-0.048545665769533786,-0.05766037349482722,-0.0022361586431779434,0.026639321341048072,-0.01794413932592598,0.042930546277308634,-0.015221422091641124,-0.019775711254430783,0.038879908962170084,-0.03772762511958094,-0.03174594592982238,-0.035220057534556815,0.007600697467808892,-0.020261041435246985,-0.047996247192031216,-0.025226522162865805,-0.008121112915355777,0.050486841563306406,0.0,-0.032946444065370395,0.06967538579029764,-0.050495828274561005,-0.02530038856152439,-0.009404327726620698,-0.022271009633631267,0.013563252439163787,-0.021768291782347515
2023-03-20,-0.008356074943549174,-0.008592096972888541,-0.02340401574881923,-0.032876785341271586,-0.01799045597454696,-0.06782187559160857,0.003137592761319974,0.005914427873508821,-0.05194115965336743,-0.013244543770402295,-0.02761381333922719,-0.030986084190474883,-0.02964376610683017,0.006856853956984876,0.008196650292363383,-0.018252962240624337,-0.03443750857801853,0.015111582149706315,0.01924169840162837,-0.013421322084056553,0.015983695777100904,-0.020529338852634194,-0.0055392385984118775,0.04133975538397583,0.0016797872791955992,-0.007957014371781423,-0.005397101644459168,-0.04226956625845846,-0.003529075887789501,-0.01847264750032529,-0.02293723361638289
2023-03-27,0.04780573813251254,0.02364493540807211,0.0654916002816528,0.0951032720754208,0.04955443708423979,0.05736272020375788,0.025469155496243623,0.03383268331390887,0.04175045418787349,0.05770865327633912,0.08458563991092438,0.041689525720198795,0.0635116973187908,0.06831683742288353,0.05069345057691743,0.09495347405202192,0.060801655121028864,0.04876114850907198,0.08439756616281846,0.05371831326354659,0.06613689312900539,0.054221959454778146,0.037352640040682505,0.04868013892784395,0.018174019948616005,0.08204482958438941,0.0609818925231842,0.023129518091185908,0.06337844021914907,0.06238878898150646,0.055711121577733724
