Date,ACN,ADBE,AMD,AKAM,APH,ADI,ANSS,AAPL,AMAT,ANET,ADSK,AVGO,CDNS,CDW,CSCO,CTSH,GLW,ENPH,EPAM,FFIV,FICO,FSLR,FTNT,IT,GEN,HPE,HPQ,IBM,INTC,INTU,JBL,JNPR,KEYS,KLAC,LRCX,MCHP,MU,MSFT,MPWR,MSI,NTAP,NVDA,NXPI,ON,ORCL,PANW,PTC,QRVO,QCOM,ROP,CRM,STX,NOW,SWKS,SNPS,TEL,TDY,TER,TXN,TRMB,TYL,VRSN,WDC,ZBRA
2018-04-09,0.01865931321897696,0.024930227039138053,0.03329871591370881,0.03014139137101579,0.03681724376759776,0.05061699563651234,0.022604399354262172,0.03771220416305621,0.07126490885025838,-0.05612246522863351,0.027196804524415974,0.07895325474134984,0.03899714907177465,0.024135451330618896,0.06422018348623859,0.022132134437996998,0.03276834089476255,-0.048309134230700934,0.015043672973683142,0.10198273157578042,0.027887730318479687,0.01406030702786576,0.027793119906068364,-0.010577034545103059,0.05846152660652426,0.04191605556671951,0.04764180041973165,0.04077821103207291,0.0629228576861296,0.02570379518289001,0.045796009005741434,0.03154826447787862,0.06565156643977632,0.03382343324807069,0.0686599211767378,0.012287035038544225,0.07779616890954211,0.03158606913069195,0.08914710760851174,0.035679888160097706,0.07253956487874946,0.08051350711928329,-0.002550237909029307,0.06789069801059955,0.027883446895442532,-0.03332648876213118,0.04561989076500206,0.040590960721531566,0.04913422128605793,0.02120617604840791,0.025064631355339984,0.0704698405465578,0.02430337176717634,0.030451913138644038,0.029856251669720946,0.036075761688459496,0.042517643359594404,0.018509968814656386,0.027146518228466032,0.015429479404298618,0.03653345068212688,0.03662161159984301,0.024610002337347003,0.042823412191438814
2018-04-16,0.024145207515408496,0.0052664819576360156,0.0060422421045758234,-0.0018199251415731421,-0.004672475342966109,-0.03254988475602183,0.04331764069837396,-0.051565259979903355,-0.08881780897630676,0.06736280570768693,0.007122382766794111,-0.03976684413493847,-0.007506669839785762,0.027877394415245504,0.02534849910924919,0.011754909573255201,0.0047410525845827944,0.24619283657471658,0.048189565943108637,0.012253380531335623,0.022984449611556546,0.06833618859932278,0.023459892436674457,0.023118405341133297,0.006903942053237078,-0.0063220160704050565,-0.011023920829753009,-0.07536205502679416,-0.006363488414933394,0.0381143795062302,-0.04413275106217596,-0.02012068185905691,-0.006123548340971174,-0.056789638474156856,-0.058064233753103656,-0.018893894252963284,-0.03082525975914674,0.020627163375230628,-0.0109245284180991,0.026743476785438425,0.017637023293217036,-0.012051715507588878,-0.07307820194489523,-0.055177971031027506,0.0032546472528403037,0.025029324798574004,0.044748368428549457,-0.03680228374952699,-0.07697835919707474,0.033064168038198005,0.03201409537185329,-0.016003863988643507,0.011983223925343234,-0.0740324402915753,-0.009663535690083824,0.008956167076376698,0.02522479817361467,-0.059121305920089906,-0.021534852233630053,0.04845179400679145,0.05751361598100413,0.022868859963338872,-0.004114450339605447,0.00644285165624936
2018-04-23,-0.0001314453319081199,-0.01482867836629076,0.11211210322517573,-0.002805113170774143,-0.01091383879388963,-0.023172933258074124,-0.005983610543676132,-0.02051643000812753,-0.03307871983853217,0.008056804729293932,-0.026520078755950638,-0.018303037246714893,0.07941649352660729,0.00111865642731801,0.014062344281373651,-0.0018346284632387855,-0.011615284056954778,-0.13238281847867384,-0.028194071745376248,0.024719606639011626,0.022294231225301386,0.0323135312274212,-0.03884516467944199,0.029391769016259284,0.0032479145964823264,0.003470657508015007,0.0037154590539045795,0.01090405062574673,0.023287664602590796,0.047493422274803576,-0.04545450007573071,0.011088498435793293,-0.023151636420329802,0.006897731718480626,-0.024230300577672836,-0.011904920919692752,-0.06124066751219126,0.008631810249006167,0.006442894706480962,-0.003798575567971918,-0.01835103059765586,-0.010406161662786406,0.0023776253093883426,-0.027507390673524923,-0.011063753581010083,0.002082661535861785,-0.01213568394319775,-0.03577561674671814,-0.006415374389668438,-0.04912482863769707,-0.021169178314455417,-0.002012145635918783,-0.03386620146480768,-0.04496624304818908,0.026261899157623336,-0.07011753142836663,-0.039931422381660475,-0.18826397020490337,0.025510325946787704,-0.04293135651971092,-0.02048293565819992,-0.05200735488545061,-0.09691826972367412,-0.04938437787611816
2018-04-30,0.006890570001510721,0.029788196449591187,0.015301537493007222,0.01279892660533033,0.012695534131747843,0.029539259494637093,0.008292326900616542,0.132515751310039,0.0639675350581419,-0.06736440322832427,0.022267903804564115,-0.009708464282663809,0.021021025321151576,0.05460109000049851,0.013195940554051822,0.006738390619588586,-0.005508584358694724,0.009389661902325042,0.01847014087060983,0.04532460029162855,-0.0022657409748286783,-0.1485566985890856,-0.0034589574549795943,0.015183993507648541,0.0014387627961205407,-0.008069460580476973,0.0032392835265209197,-0.017545273749710155,0.0009478500055661865,0.015327692996474518,0.028871564407995542,0.04224187721751438,0.002102458161184595,0.0438443197358942,0.043843058639523536,0.03366423289961662,0.001262752770008646,-0.006888021219146667,0.0298471088887855,-0.01924645648957768,0.009050494017464938,0.05624504237823946,-0.048576765390252574,-0.014795481260257759,0.003953113630231986,0.015015323202376196,0.024689908248787917,0.1797269383197735,0.02700036515916593,0.0034289687098671973,0.04075862149496534,-0.06451623885888247,0.04927079854021321,0.10473158549739137,0.0296983062189371,-0.008580936324763866,0.014284220391021396,0.07530101340825102,0.02126609429143511,-0.0031428745814732206,0.0011266843962669526,0.03389682504979752,-0.044510383328744574,-0.003404178918413492
2018-05-07,0.023722525404075157,0.05850952123486475,0.0593971712903103,0.059575069966133265,0.030814353567103714,0.025811310446208102,0.04861414123085783,0.025893640510001203,0.04337907408530306,0.060640687309899466,0.05213965433293133,0.05578674798119643,0.03553923505033674,0.04131352708336977,0.013907378004818893,-0.06802955176248093,0.03397343261132413,0.18372091321187067,0.10966637748063812,0.021590373631128923,0.01073009762800936,0.09657971624906936,0.10303254147934515,0.09770766518504748,-0.29885037021518723,0.0267285727165385,0.04750903123022954,0.0015983774198349288,0.04178733517357025,0.02507244112597462,0.006195211122060451,0.03351503112067844,0.023078372638369204,0.04134644052370051,0.03110438555685313,0.062164359016826154,0.08911307340525099,0.026691654792832864,0.021716224399865647,0.0031473450889174526,0.06263782804610307,0.06471177922242011,-0.012664685700686795,0.03312720937364144,0.02428373076193724,0.03557533095367771,0.034908335176117244,0.02704744727209074,0.05220078476573753,0.03800166353533818,0.04403773989192139,0.018498677556307186,0.044679323922113046,0.008419808518654204,0.037619646334255075,0.023260803352316506,0.026561069167567952,0.017647457698132252,0.04983991959848444,-0.010318160408405497,0.03992975214530792,0.027307693843138914,0.01966879778313646,0.15519424845505747
2018-05-14,-0.01126829631417825,-0.015668961751336474,0.08786612615012523,-0.012582000989121433,0.0,0.024621981896621126,-0.041828920018523674,-0.008280168584222203,-0.09719184241306378,-0.04547730813618511,0.01938183143323835,-0.030364068769181518,-0.010650905631703012,0.0013990073980845175,-0.05922051789885441,-0.007051457127114746,-0.01107144289460582,0.04911591208359667,-0.025516478009911414,0.0029693163829527247,0.011290201205515382,-0.03819729082061596,-0.030804880260016043,-0.005998204967897713,0.13678276818976665,-0.0062251543214914,-0.025098990242595542,0.010679898229846385,-0.021401190926023328,-0.01884652993256286,0.011589917111273884,0.005279372104221469,0.003542178291726872,-0.015125673610766333,-0.030066892052974414,-0.0016138399288641025,0.030297194071918554,-0.013715298435598045,0.018805248043251455,-0.018086219722276198,-0.04386322196786785,-0.03374845622397027,0.1213010021112142,0.013253586206941614,-0.01067920881188189,-0.002768054834796363,-0.044293031126715565,-0.025110277646789636,0.041281880416525585,-0.014171519376746988,-0.02809466172516939,-0.007053570689316335,-0.027561876280878472,0.015256302928441823,-0.019446239379764196,0.0061323153665930885,-0.0021183142174554526,0.029176491390665138,0.011807923532613618,0.004923312761438758,-0.01411191976258619,0.016076375794156883,0.07550757624587479,-0.018898259966518394
2018-05-21,0.004378355040962401,0.022974510919561153,0.04153845860407901,0.015529676867682696,-0.008069953811680408,0.006007734075874405,-0.01582480729683411,0.012183895858121518,0.027065278017152306,0.030875907030433858,-0.04393234307075178,0.05949397229480824,0.010526374388450721,0.024634868697828605,0.001156928719303174,-0.0034191038762735326,-0.02275194934974001,0.050561792736216526,-0.031247563192822736,0.014686240880887436,0.006942901836334725,-0.025000000000000022,0.03161311266279654,-0.0267451125095588,-0.05092385410982714,-0.1161729055343953,-0.010388234288532083,-0.0030534346725915595,0.03626163635579571,0.03437590835513382,0.012960017748172126,0.021380128886008265,-0.00984585873984456,0.05217276742857413,0.03345403289441018,0.03647590976657411,0.14909143872747777,0.025180005225924118,0.0214828374877023,0.03909408491907751,-0.028220063921313154,0.013580657091698312,0.051972436376077846,0.09071728056196116,0.014680630353952395,0.03737302872328074,0.0180629425490737,0.023872366042243076,0.04260129324272599,0.013976031083229756,0.007876496591140203,0.02060068078806121,0.015982515466695713,0.01908815997419877,-0.010420171486563379,-0.010928856634275452,0.005509205480238144,0.03583847572702803,0.009227268436162506,-0.0005763820554446353,0.001053811166472185,0.006579434087396585,0.01887891352471982,0.015200104771083245
2018-05-28,0.018591132409303546,0.031819675142407355,0.06351548442394161,-0.0066658230556886355,0.01260461542708513,0.030906245453107495,0.02143910528902393,0.008802726627848978,0.03144075013620795,0.02138807906433282,0.005800408832097537,0.025236962078412528,0.022963952828163547,0.006478146545276342,0.00924651806229937,0.017058464581219956,0.032889739437166776,0.030303043181471034,0.012575542438678644,0.002231117750798761,0.03359265167530645,-0.03399266952123392,0.027000103550355536,0.01538575104276374,-0.0018994854723362042,0.0006442261592838339,0.035143702899437024,-0.011765845036174838,0.02958160709260782,0.035466197687712864,0.01666088850701164,-0.01579153581255721,0.12213887860065742,0.013296097178773003,0.0032174079891456042,0.05469167489785809,-0.04254274856303042,0.024705001965322104,0.012072249156106052,-0.013204404057604147,0.03812368400331034,0.03409513281722387,-0.023888924521961785,-0.0038684866535402262,0.007446619707977442,-0.0004777986049899763,0.016108379973244213,0.003926858549673451,-0.022515255052498073,0.0003937048313158442,0.020006292640704748,0.007481718616858535,0.027104986719362012,0.009256985875684132,0.012907601829568849,0.009672285956002558,0.033477448378291585,0.014975389784550153,0.02904281840710965,-0.007785480259161814,0.01618486378223194,0.031592973238878,-0.005558472596911113,-0.0158760342273504
2018-06-04,0.020642948279849582,-0.00039787849945460696,0.05902780583243383,0.03263162311754719,0.02874253699153817,0.027032392193682586,0.03878161976736516,0.0076745166126632736,-0.02086528968022472,0.04796722578953805,0.012058122819305739,0.006358754554277812,0.01990281482465006,0.04580249349350218,-0.004122868659887313,0.0031223895684986402,0.03559377302206501,-0.12975778075704747,0.006854826404202319,0.009190025617415332,0.06174614027075931,-0.20112243401869823,0.008548383052837671,0.03829628394117335,0.014272282089534238,0.030907775558447037,0.04541427483931315,0.02951759168522594,-0.0355640568303115,0.010682106967034422,0.01987454393719079,0.04878296613383659,0.01972914693332095,-0.014157550817893938,-0.0722813515242301,0.010885669263535513,0.04511413196421654,0.008334297058090634,0.0072014934758883875,0.029236608342376735,0.06656141748405564,0.018088830410279755,0.05412283778209459,-0.02135919367225425,0.017528939211309602,-0.04713418488298948,-0.0006893186201567536,-0.020168609530914816,0.03889471393308308,0.022008893911564353,0.02306155691316536,-0.033160384956607,-0.018290960089829333,-0.011488462714820957,0.011737123435093588,0.02812142763698411,0.03973734400003792,-0.013468633818038422,0.008188082302344801,0.0031967628840263718,8.63444107965794e-05,0.039978784794111766,-0.03784806634198523,0.05357726981858857
2018-06-11,0.008077810630910953,0.0024282496478986726,0.07147541984182881,0.044469899522006084,0.004510252668055603,0.009098268580497448,0.032224369676799425,-0.014918966443641324,-0.0359728270186116,0.047013680793378976,0.02116480801456211,0.04752492235669159,0.021556631938234982,0.008971736080590542,0.01770959742961642,0.0465566114894973,0.011826254078802778,0.13121268784942175,-0.005766930152204752,0.032239801186957795,0.005126937864323278,-0.03056762581403627,0.04397890691349837,0.0015247710766115308,0.0006697293056299181,-0.003747631699963505,-0.005060863939023386,-0.0051324209552595645,0.0010897973554475637,0.013090507430569387,-0.0519660062475511,-0.02256442097527933,0.003935036188960517,-0.011908761762055797,-0.046032993838735825,-0.001664053176714031,-0.05147425525575222,-0.014759525279265606,0.05489371583663716,0.019768423843458116,0.045057120249349714,0.011361976084896641,-0.058333874631486315,0.01626983472219079,-0.039435256847596856,0.0766065734658068,0.09081505598207595,0.06187623325692515,-0.006637727939429294,-0.0055323593118995484,0.036546131411851146,0.043765397916054605,0.04579383551438365,0.028955028139925343,0.0006628831861417162,0.017994913017879366,-0.041586748430419096,0.016800120094382587,0.0012961507463944422,0.026651163289263646,0.021450156608389337,0.03191418953437619,-0.02444925277958021,-0.029254306243680528
2018-06-18,-0.023550079315544536,-0.032523239628301726,-0.033047732974929245,-0.02012933391859173,-0.020745863110501084,-0.02374420881610939,0.008662439844167702,-0.020758617321997352,-0.0273778546249539,-0.04874049772763178,-0.01072549407501433,-0.038929781699710175,-0.025544236210255034,-0.019890142759251384,-0.023729104266782652,-0.02478307560422499,-0.020625783462583036,0.16344460790619464,-0.02795451275346783,-0.06043834947559934,-0.02180327340969268,0.03113983763853967,-0.02068010946217913,-0.021603564410584197,-0.025399899133943138,-0.037726506586678754,0.014776942243085012,-0.02826867033296987,-0.04735972060591631,-0.014261430299640776,0.02055549895883524,-0.021253221869094063,-0.018455023298436624,-0.05565435272415187,-0.020794651002559283,-0.049617799896243486,-0.019405771265938898,0.0027964105827735786,-0.021817498861764983,0.032580808941414796,-0.009523830555268509,-0.0539471127868113,0.01687862646477356,-0.0597423135564894,-0.04710458026475706,-0.032665363128074554,0.02044475133190793,-0.03606672457429516,-0.02271980181369948,-0.02739449556765261,-0.02456476457853174,-0.003593921926620336,-0.05178432433167157,-0.040408937210757556,-0.02705086625259423,-0.03909087036169212,-0.013910611263142858,-0.013726507995292403,-0.030287460118660126,-0.0592550382476158,-0.026746110111244725,-0.025233791304345998,-0.011414415845713788,-0.05180816544768885
2018-06-25,0.024807329372854348,0.0007387951901400847,-0.051265848723956564,-0.0882718670919953,-0.022981759850843164,-0.03199112488992495,-0.02866392169583243,0.0010277110586591753,-0.03690588884768409,-0.05560243536211151,-0.03970403916962939,-0.053198491309071616,-0.01276493212282126,-0.035573420158850455,-0.003935078455692409,0.0036848034284719944,-0.03439793358042431,0.01661633465498391,0.030416028986892885,0.005715260515323006,-0.011706933587175894,0.00018990163805199245,-0.023463177289812176,-0.015263876073674965,-0.003378213502843619,-0.04133848768813031,-0.04663901573120921,-0.01118338734679225,-0.053143120063867344,-0.008107487440529026,-0.02261499349119933,0.02658194628095001,-0.01780365593994082,-0.03781880714979435,-0.010589359604353477,-0.061597120418286244,-0.08161120209852468,-0.0179264833400814,-0.035152254019363505,-0.011384024008429194,0.02040014555355829,-0.05598716477607224,-0.05040411317185134,-0.07641196671169692,-0.000906965843478269,-0.010212524143454527,-0.031188724727384876,-0.02291291667139339,-0.04068366408327939,-0.001122347394197698,0.010295529562280414,-0.019585858960592062,-0.023938855690971428,-0.019279532769696517,-0.02893784580433101,-0.053295571530035835,-0.014700793142842339,-0.01881417909911487,-0.018953466142428654,-0.014997000531242977,-0.03577316299982736,-0.009085625709410516,-0.028488926729011488,-0.03130920158192818
2018-07-02,0.005623870531342501,0.017964828869496463,0.09139432022360894,0.026491802855120872,0.011933091191186573,0.013344692247726497,0.020266472537157076,0.015450259682292744,-0.0012985292169074292,0.01902996077479502,0.030665988136113764,0.020771438680482257,0.03625028042119682,0.026240942083667784,-0.007436562676103486,0.019876140996003544,0.022537192428863095,0.04457655124585935,0.03160936715115237,0.027834173016532127,0.02239802611327124,0.035510803974616145,0.040685597577853505,0.03807383784625329,0.03050850249502557,0.02532511881501187,0.014103327410281308,0.019899555887850084,0.033393730134975375,0.01879495251075003,0.020246035924290195,0.019693654984128894,0.013552482945982991,0.02282249011876103,0.005842909378393379,0.027048040218585978,0.015064913654047718,0.02585948146487027,0.037044912846222466,0.017530409052116003,0.0030561887477147387,0.04402696742938539,-0.016472966021896074,0.03866909259002771,0.04403086540254475,0.027692619939065022,0.02558364341049968,0.01696395960351138,0.030648477332404722,0.0009784866629056754,0.03665689313589393,0.03754186507632418,0.0561836978768635,0.03600589445972502,0.030501351170501678,0.01288024773295171,0.00738471435111121,0.03808756255691437,0.022312730882343423,0.01979298181664846,0.023728000309984898,0.03267359593211472,0.013271640162924925,0.034904013961605695
2018-07-09,0.02176149417642459,0.041903355470330306,-0.005501231615538171,0.02860185683451477,0.0058965516232409865,0.009464890542503213,0.011310530813676944,0.017874908092548436,0.0,0.015625501570365907,0.015542936081925696,-0.18257424895239371,0.009135468753439735,0.028585171374944762,-0.014150465633027243,0.014275060895404312,0.02381799582259747,0.0014224397932058874,0.041322339612881676,-0.006882940596350529,0.026511538856451633,-0.008619061370386483,0.024472820466375556,0.014496954933816752,0.018326901926989603,0.03404534505830625,0.030421427625791697,0.024003549316688577,0.016547032359449432,0.026711557818845266,0.015946079491820475,-0.0035766481541181783,0.0023399529561065613,-9.520386566030936e-05,-0.011905934379870309,0.006637443268611598,0.058613449865368095,0.0422102471502086,0.011568511315315222,0.019930745081546686,0.05535385205908394,0.008046017453328558,0.0004651671317053019,0.016450179848110702,0.05717388288934755,0.022684189127332166,0.02733600746746534,-0.0019624191722111828,0.00950887391205213,0.027861721548997798,0.043918012601990464,0.007339178804812052,0.0488581121956555,-0.00529286808653473,0.03662965917163885,0.0069063976765313395,0.03605443460604807,0.0015184416482081353,0.021559965813834348,0.02597787065636825,0.03725206228877154,0.03995488705958805,0.020402928923376695,0.007959478420109578
2018-07-16,-0.009339953252088584,-0.0040604346952261006,0.014136418916114835,0.020563941717030243,-0.0034943571327346046,-0.0031594710151204852,-0.004451385746294223,0.0005752508428367165,0.013656884077199338,0.008818365378184811,-0.02106259928749321,0.038871838631944655,-0.0033120230259805483,0.013250747151274389,0.005505355450487359,0.006486299871937717,0.011111093863992672,-0.039772689558011276,0.0014225999167369885,-0.020735067441889132,0.0166592976143749,-0.010728853428058627,0.021334092337335964,-0.008002360118960938,-0.02168904517374537,-0.0012910116952733475,-0.032475462268683364,0.003084447312390326,-0.005936696158077681,0.009237159054603206,-0.0038367956260350056,0.003948427068490856,0.010338484563357397,0.019644935646602857,0.0350425578698883,0.00361559396464739,-0.023602483958793274,0.007967502448740893,0.005789212492701035,0.007534935944861987,-0.008343335841700661,0.006296973089045421,-0.03878335933733912,0.023850144131547957,-0.002262056345939456,-0.0087519882090078,-0.02326988575050737,-0.002089293260432945,0.003767904473938044,0.004551140972752332,-0.005013247680402566,-0.043036295897825094,0.00010470152159824941,-0.026204783774944063,0.003063108719827623,-0.0017419633252802047,0.023103596354782763,0.016169541719284863,-0.0012159776576939896,0.014260705909938443,0.01106682772591383,0.01023170136943441,-0.036217356227253306,-0.02322148251350653
2018-07-23,-0.027023829088573037,-0.010600337406806992,0.14787882024591625,0.00925099092207482,0.06289595434884099,-0.008485492408278228,-0.026604038428065024,-0.0024029570378710785,0.032934148979223865,0.00907603955752001,-0.023525934259978287,0.05096739131003347,0.002215380819019064,-0.02013687797724939,0.013329660819235034,-0.008268553580153104,0.15178577870857635,-0.1730769285029261,-0.023775646174065468,0.010732050077294275,-0.015756047572031306,-0.03421836260324129,-0.03192115506544091,-0.018294391768430396,-0.022169627296684924,0.007756823817665293,0.012641230289048622,-0.008199520721001607,-0.08148720200345028,-0.01379584313648119,-0.017857218627199356,-0.06399719246228497,-0.023601259309696587,0.006079630722440221,0.0686690334574751,0.009960607790707732,-0.01926579377431581,0.013267882036135825,-0.05827155338230339,0.014546280946016621,-0.03121580379626676,0.004504035509735438,-0.08108397397150124,-0.03702168315735055,0.006198341933818741,-0.028449950515502698,-0.015019728235816765,0.006403993743896219,0.06961270174973855,0.049518766098897604,-0.02015382006866928,-0.03169257407527648,-0.03731423913799503,-0.018455650826453507,0.009706613217915327,0.025193711622789383,0.023569861795110114,0.10019880179955609,-0.020869693727095795,0.01147780612317506,-0.029523981447820757,0.007847596738104867,-0.07189454591546862,-0.03720202579337384
2018-07-30,-0.010184055295997196,-0.006004469188635508,-0.023759279316295068,-0.06315920163041422,-0.0010642871125824405,-0.004331096373601406,-0.0051102398422955275,0.08906690401768791,0.011180021277900742,-0.05064874040180656,0.0067856005245412465,-0.014657273350155653,-0.010389062848484287,0.006613871032250973,0.006107751244832871,-0.0458557041437655,-0.0208706440324552,-0.041144903898975405,-0.041586946695093996,-0.011479079659323377,0.025268394818565687,0.023039662953596274,0.11882693853944937,0.0139397934992187,-0.071394174733732,0.02501611311894436,0.004735466887086481,0.017567959136383093,0.04089748467982379,-0.03372415147101748,0.017468910336950083,0.00611158692208269,0.00253552275635216,0.11174102460223612,-0.01436705914332359,-0.0023080068087771854,-0.021312109531661294,0.0033433265787279343,0.023995835487287787,-0.04682045441544047,0.028068266202774694,0.0003174892255339845,0.010003557274075758,-0.06738658711223866,-0.0032901093854103003,-0.004856516611514317,-0.027237316622532926,0.030102778361797533,0.043228754790544555,-0.012715683997233662,-0.019943091535979285,-0.014810709330273952,-0.01668927489187988,0.004306855370997509,-0.015554141422831735,-0.009680854233243608,0.047938559197815644,-0.011299173302002363,0.002131499490669375,0.14978719941267737,-0.02039670345278155,0.004924833756269065,-0.04456632384834647,0.012168268189860054
2018-08-06,0.001933031827054954,0.0016582366194310971,0.03082745818713173,0.0006701923515448627,-0.0011720404518051897,-0.016777109755562347,-0.010042162233850682,-0.002211674336919156,-0.014537285320216475,0.04391549733377054,0.021204111980674067,-0.025618753462610888,0.009604652686600934,-0.00680503536947441,0.022180577442726612,-0.02904136447777894,-0.0030452579607315178,0.06529848804370886,0.040994125841723905,0.04499796894996266,0.02791262545158757,-0.0009462383973535271,0.02254514345590697,0.015340162248849598,-0.0036360898555849452,-0.0081352651353378,0.027849125850592404,-0.021800880957759228,-0.015716257064120387,0.02856428354395879,-0.016117695113007424,0.02088062303157434,0.010453530897471364,-0.044819799171182395,-0.049068378111903344,-0.08076566888086678,-0.02726750432950198,0.008885754340707486,0.02741384147282888,0.028384418648108145,0.0033054473336493473,0.01067023950151369,-0.014178785615420741,-0.011579434841737735,-0.0030946808408054416,0.02734837241296928,0.019459492451435745,-0.011760487766458994,-0.008868665353706673,-0.006066970562922269,0.03169314686249791,-0.05567934147343723,0.036432973020761095,-0.026357268338836226,0.0262233860615968,-0.010097802012293156,0.015131565562465754,-0.046628681828826624,-0.018968839449879815,-0.033061934195576015,0.029158765446923862,0.012715219661889376,-0.04664506515614519,0.1337175778904618
2018-08-13,0.026200893111814727,-0.03153330743489169,0.0372508400690128,-0.04312886502491964,0.0032001856546355345,-0.0037917936861462387,0.004197523615851795,0.05210359175060719,-0.09058807212769648,0.0007067228457977581,-0.01853911669889663,-0.013946943434645753,-0.0004424879961522077,0.015712122488123592,0.04773902227489768,0.0,0.008552439968043224,-0.1646234765219915,0.036232448498513925,0.0038893041719030297,0.01556359351174863,-0.033907953864059204,0.016071230315266805,0.019954301930010576,0.014598111697785354,0.05173503200511509,0.022926287842765847,0.021857527587829217,-0.029960247656925176,-0.014785930843962292,-0.014601063334924502,0.031610282774888976,-0.0018354848955683956,-0.016020314420072124,-0.04598524009925642,-0.050337445958430815,-0.08292777809461616,-0.013027575295709637,0.009324250679950463,0.016362233967200934,-0.009639858136264112,-0.03913023372074709,-0.05065554226005331,-0.04779758437068127,0.0008277179098672427,0.0022104502820923244,-0.021102920771612466,-0.020314970450885372,0.019129953692267332,0.015788499611065765,-0.003367399167567009,0.06643068871707358,-0.03541899688703454,-0.00938308858513115,-0.002031459894002552,0.008681369067435885,0.011017511710436745,-0.05873886033719844,-0.004087665723421008,0.00867568676963848,0.0051864185137180385,-0.014190414562704312,-0.0024695205815474797,0.014324773012967418
2018-08-20,0.006004220232133761,0.06434681731279501,0.21294886125404155,0.027435596549429064,-0.004785094314175509,0.04440677774738111,0.033962299584996414,-0.006526372377822387,-0.023760383929218976,0.1469669074171982,0.18775965016042773,-0.0012902025131655837,0.036299233700106015,0.009420835184782428,0.00980996627136732,0.0039701897757691285,-0.0006058533420630896,0.029350076948722048,0.04452177392599843,0.038521181071533794,0.03612686431067513,0.021176506491268343,0.050849602258600024,0.01572107376162002,0.019355344336143165,-0.02819437959467086,-0.015892441731375606,-0.00013693065729825094,0.011889775604116304,0.04204156332707876,0.018453272556905542,0.030281277939549378,0.05132062371257162,0.033721196419065125,0.015008013231724071,0.04782521180111843,0.07620471177662447,0.011499775285602531,0.046333317824513554,0.02975856373784458,0.03794956684240347,0.11191888363904545,0.024618666178304327,0.03937013565078695,0.01861040791798141,0.05790982298257674,0.0529736704471746,-0.022944818976466608,0.016500214550972725,-0.004230062740752216,0.050199962521165986,0.02746041718934289,0.07039758667608931,0.012411540175252034,0.09417185837149122,-0.015169065676594817,-0.004786303919604662,0.03744243503310862,0.03648308056986682,0.03718697865159082,0.03257856623857336,0.035356562726730933,-0.01268762533232004,0.032646549482057585
2018-08-27,0.019230753913177523,0.007647890808433866,0.04962471045763173,0.02370569247408061,0.010470235758856195,0.0007086815289023551,0.04424474651305421,0.05306261348537866,0.011409397959819989,-0.031110169173882207,-0.018129713104669598,0.047990246189490104,0.004698872749617777,0.011342942884328355,0.0313041839555348,0.03664603841845615,0.015454697302189624,-0.004073315997566662,0.013687891317597511,0.007887421297981145,0.02593939927921629,0.0,0.041920744546949607,0.03019879987001106,0.02024266822658838,0.020370504454781724,0.020703969049696624,0.003012816388274775,0.016156126792483017,0.013109722751118325,0.05195714866197432,-0.005248469618895801,0.031801558584991785,0.006669966351005252,0.003652695575670606,-0.006565217948666491,0.03589745787696286,0.036254706795091796,0.017861635956795352,0.013501619478718974,0.030507943864982234,0.0310779419938767,0.012611041988188854,0.01041663374112245,-0.013804133539330077,0.025373769428887805,0.028189357810608495,0.005776706019576139,0.023231272658899682,0.005899655549181704,0.0024950073303300346,-0.03964124935962132,0.014465814667672827,-0.01817387568876694,9.793534220547961e-05,0.006333234919346564,0.018807924820456234,0.011293779714795837,-0.01091176032228025,0.026829231076124227,0.01982243721967536,0.016209628072886728,-0.00893275047752018,0.01675449511395355
2018-09-03,0.0,-0.010018650338124213,0.0878029033680503,-0.00838431273004192,0.008141061138742467,-0.04489198845615716,-0.0028497622941842105,-0.02780819998664208,-0.07368708360051635,-0.10679651488413211,-0.033560140782218806,0.06186385092273339,-0.012755150449418995,0.0011422427464946594,-0.015072187188848285,-0.0344256112240825,0.007452422726097252,-0.08997956426053721,-0.03638142597570637,0.005234800754677416,0.01740412307047956,-0.06854845207383875,0.02101237260290567,0.017561464872332344,-0.016368968508904125,0.0,0.0024338744076135566,-0.0070316037340585336,-0.04088394496192438,0.0038730193851725936,-0.013869957430017954,-0.02624883377590448,0.01171216124794272,-0.10351940913283342,-0.0780515970981307,-0.03463927413778822,-0.14584914442769747,-0.036677824324287456,-0.012543711197471885,-0.01223118751491814,-0.04262156166392139,-0.030893977200493028,0.00944815998465498,-0.08716029039606177,-0.015850268118347333,-0.015314734048525902,-0.010406252652806258,-0.06417779528873202,0.024305209054150012,0.018936501624369217,-0.014736704924907307,-0.06985421876765208,0.0031574410025481114,-0.04184005037841565,-0.000881107679933546,-0.014834016964804464,0.018840096620563296,-0.036173510894364824,-0.035053382504185326,0.007600943145423589,-0.003482488847860954,-0.005106850485321113,-0.08776100948761523,-0.022766993927137213
2018-09-10,0.015200883470150472,0.052976607440079704,0.19503295192164694,0.0173131241248492,0.015522018216723277,-0.015219612032208008,0.021892680643865736,0.011477634414679194,-0.018820161934481217,0.01572743830375045,0.014614251936245992,0.016166737305773893,-0.00387597567826492,0.028405268302555964,0.007438798044171913,0.007262229603114623,0.05032769238694046,-0.09438193650757587,0.0188775588772907,0.02361793424201153,0.021404250124667623,-0.006184276385088672,0.05647799334078396,0.025132894851332743,0.010085746676592011,0.003024881697958559,0.013355050689328962,0.019800567507437083,-0.019590625320987654,0.032770347018313384,0.01200670242042956,0.013086341743027141,0.002284867058529816,0.0027835385967058812,-0.03835080025848192,0.006622286659044185,-0.01248343426527021,0.04768506915520665,-0.06608566579652497,-0.00023649342729592515,0.032005452483722996,0.016810118187685408,-0.013401017787439962,0.020020600932329158,0.030119285691154962,0.030798236561099035,0.06845294781208788,0.010540372884509708,0.07663738928015373,0.02239981941140967,0.046932215390045995,-0.030321108659811635,0.03040920714329487,0.00285776337028798,0.006565390974123675,0.016053767853333678,0.02407647965533677,-0.05233739857503539,-0.028581888962414093,0.03983975752840707,0.012922134104972116,0.03707218461084438,-0.012653824151698023,0.06476789011853623
2018-09-17,0.01485675026689881,-0.05027484595672371,-0.05195601159891772,-0.030343046954593444,-0.01284028089321998,0.021939005439288728,-0.03709566240868256,-0.027609025231443596,0.013554908176043101,-0.007225774949596753,0.006937481008429058,0.049758504254784564,-0.01578036248861092,-0.011869346787004686,0.024472773751752275,0.017436482094514982,0.018429213310607873,0.09181138121495969,-0.015748640241078693,0.0,-0.04916053456554692,0.0367143848034992,-0.05390144105627637,0.01427471328968033,0.043434850849566775,0.03365572547974338,0.03739937798081905,0.020359963164076067,0.024593739190307273,-0.031203110113734445,0.012203360967254717,0.0681734942538681,-0.017781242311182388,0.00047865969549953924,0.02151308693360421,-0.010167257621132464,0.009932252979321099,0.007850552246848608,-0.03841994405552396,0.017215196776978914,0.012591826860783195,-0.046955716937223224,0.010456906553714118,-0.03623559085520922,0.037563387172569795,-0.021737238730139885,-0.024699542496240845,0.038024887299213495,-0.018511102507501098,-0.01537813035770419,-0.012508738027751432,0.02050089653387488,-0.06542838202408363,0.05060972132616315,-0.034073208317822457,0.00915321822630144,-0.000605975170366202,0.017847483941596298,0.04451388696614478,-0.010655207757871321,-0.031772768617151725,-0.023464689771510727,0.0660114128696272,-0.019585898487808673
2018-09-24,-0.022906131594511936,0.03476697007995311,-0.004190878987646807,-0.004761884001647565,-0.014052123847391185,-0.022208079662945246,0.023016204770813342,0.03712216938538582,-0.02472867594187589,-0.012737283540125044,0.02434387705019958,0.0019447025424732534,-0.00461232352521268,-0.0017962762564193158,0.001853326475688366,-0.005927649830668846,-0.017260923700536224,0.10227268170719395,-0.0030408209078559567,0.02476871487283372,0.0014021264961192603,-0.03121251275668202,0.0794337709584092,0.0003155762241771054,0.018182008818702133,-0.04171590156322513,-0.0023225515118786566,-0.0009248762753935047,0.013501644502413424,0.031573181233921055,-0.0931011274939555,0.006718137313354022,0.02552996435090593,-0.026884715560653638,-0.025565216800545576,-0.04640472739337609,0.010952282574059558,0.0009626230917820777,-0.055455251646593484,0.013472406898370037,-0.011053343705260676,0.0666918854524885,-0.08780527436877295,-0.037597876119944806,0.009001968070367461,-0.018560449753995956,0.03037070596700686,-0.022004620917019824,-0.02265947246625266,-0.03215198758583038,0.022569408503144484,-0.026368996678499013,0.03131426203255527,-0.015840324650730042,-0.0061479601173828335,-0.05053435468794076,-0.002910271780380058,-0.0321904905865632,-0.025079364033852913,-0.004124663329360123,0.015371830790370522,0.001939788269379683,-0.03590248664219353,0.009303681000029096
2018-10-01,0.006051822722718647,-0.024930582263381074,-0.11460016439382004,-0.09446347939807986,-0.037225966716761816,-0.05743015465339929,-0.06926287327553937,-0.0064235302448459874,-0.036481418235507435,-0.05487843934019765,-0.02632759332702883,-0.010132465958152537,-0.05339801820920331,-0.03654955041464936,-0.010688690522922761,-0.02514535795498052,-0.01614683533301564,-0.07010302730644913,-0.03689180786956825,-0.08404370003372053,-0.03491575419376347,-0.0299462412861502,-0.06686903262368127,-0.023722362819154186,-0.05827088961604199,-0.01042287497285932,-0.016686349424445024,-0.014417033095327825,-0.005498030520807884,-0.02238348730546258,-0.05022143963450154,-0.027694279622964668,-0.016294536073407917,-0.023301390770491537,-0.025049947601316847,-0.12203792538975688,-0.036480088729415105,-0.019585437964912633,-0.04610054281541587,-0.0349622320415125,-0.04156484767264845,-0.03971251351502658,-0.024181001635656174,-0.04829079625128896,-0.042862456979714914,-0.04239546585163634,-0.05499579840868318,-0.05462344884356474,-0.011383979699316593,-0.006008787764425483,-0.024900908542254574,-0.01140451062474157,-0.046158557245377985,-0.03483653841056478,-0.05486262679874132,-0.04253357886483944,-0.03247119646773988,-0.055164930017471914,-0.037375364163591884,-0.04325810614408532,-0.08038846463928462,-0.03740938306918562,-0.032620324646986165,-0.0825652092537138
2018-10-08,-0.06885467554926161,-0.05451715689144576,-0.036928709864521014,-0.04891301280584237,-0.06064946021696904,-0.03419419007110536,-0.08546766102742809,-0.009719281991119155,-0.09532766830797745,-0.11501575462201263,-0.0909211008172286,-0.0461859680561616,-0.06783216186266772,-0.03851972417923866,-0.043859608077572165,-0.04042036391874548,-0.07486335474503769,0.019955581193628058,-0.09704415315213322,-0.0817366015287525,-0.06265587734194766,-0.030657917904663323,-0.07142854769352025,-0.03845167374828684,-0.022455038372609537,-0.04460964027382541,-0.0659037352684172,-0.05488831872167377,-0.04571526865490472,-0.04718629057290813,-0.07737172566312378,-0.06245714744099784,-0.048772954590824535,-0.06190886706625831,-0.029005870718599613,-0.01472267033653707,-0.025470630304118225,-0.02283076008167928,-0.04604054242378375,-0.042599223720841684,-0.061219625456801596,-0.08641526288558943,-0.05588260386491617,-0.050741234352456255,-0.039919182407248344,-0.01743081924436629,-0.055704996740305934,-0.0001375998884927121,-0.09717755323882826,-0.05051385800499342,-0.05371768515905473,-0.08160638079197868,-0.01152202081966025,-0.0038832711753623572,-0.054506377339060275,-0.06271525216018714,-0.07173082183990676,-0.048368632197247186,-0.021204557017150405,-0.06709958616316336,-0.0520056850770384,-0.06585355760541667,-0.030988557425845276,-0.027861610877824794
2018-10-15,-0.007275560251908342,-0.015429728023590994,-0.1017464043147499,0.019682505774119452,-0.02422676296303583,-0.021741746700919995,-0.05235992690377167,-0.012606604373328167,0.017809501374468573,0.033232898106392295,-0.036184688558579925,-0.02004725558461773,0.003000723352041712,-0.020274626435454857,-0.008094437749730399,0.021061722966707164,-0.042016649137701534,0.03043475421480002,0.007432145216270891,-0.01192392565995648,0.004788418346621803,0.023281383740625383,0.015634771956129834,-0.017138167269521665,0.00408351651863792,0.0012970898694713018,0.007182296627990636,-0.08342220573702097,-0.019608077739143193,-0.0012394393259844705,0.00842819431052022,0.039897591116129894,-0.0038697464800929726,-0.02553899801979309,0.011071707296528288,-0.0180195312931426,-0.047562787133075934,-0.008305083285385595,0.003422393524020295,0.025948290398614127,0.008450413429705428,-0.07045479577684821,-0.01094717397353151,-0.04864861768770912,0.004432525338058824,-0.08700166097260797,-0.02574928647530439,-0.0045404764676533205,0.016643479645074954,-0.004155292632260776,-0.04259233859910927,0.019074233172768684,-0.03957713837103638,-0.023506349631992607,-0.00022701170945793603,-0.017235025473164245,0.008937015121938341,-0.014436066248401103,-0.027994637839955483,-0.018303662482989203,-0.005195659115908691,-0.017988584628046644,0.03914733160715067,0.04590698069977561
2018-10-22,-0.01527945164599065,0.0031424898024607906,-0.25486055475630354,-0.03533618802230154,0.025912866842326077,-0.04019880758878658,-0.04695183449493545,-0.013724706858301627,-0.0562844674411308,-0.04452470391765562,-0.06359809323558296,-0.06627805105205975,0.13487907666637877,-0.012763378703137707,-0.024040401349277207,-0.04288284125486619,-0.00292398442284858,-0.1160337005180826,-0.04161137822002636,0.02805774015054019,-0.08597285134345134,-0.15475421894953933,-0.0370689806031802,-0.02461710864530775,-0.05185555015477117,-0.05246121562646233,-0.029782195114105292,-0.03338485062462315,0.03840906744686867,-0.043012735133011626,-0.01253667169971262,-0.009503774798823916,-0.05260602240557355,-0.039643225631627144,-0.04201078225035093,-0.06952111644122683,-0.12484546881024106,-0.015645177747225736,-0.015216482858242841,-0.029831307628738313,-0.07412651089913169,-0.13474731402510542,-0.08687260761090965,-0.0770202181361399,-0.0016703060655225421,-0.041858313262360336,-0.13366547203945067,-0.03607464637729241,-0.04406359974253171,0.026510003402560267,-0.035376190663932716,-0.11435762030568852,-0.05865085942774417,-0.047909909552915964,-0.006696893849140406,-0.0346872357294441,-0.033418338753174015,-0.012816900305338219,-0.07836380955259803,-0.024159714795294662,-0.02973694114586023,-0.019237578558913726,-0.21842947188915407,-0.026371572750568117
2018-10-29,0.01903549776320368,-0.02506103981134722,0.14747592202135262,0.15797967924287648,0.062029843174103094,0.10312522979003025,0.08201522348954082,-0.040776620834667376,0.08992582069132227,0.1741902721587465,0.07553528880999494,0.035749607170396436,-0.008128271708346624,0.10505824655256024,0.027796263189939774,-0.01460343822477217,0.07233590436959281,0.22911695108276753,0.09237156245865519,0.05816403403754111,0.0010006448099868503,0.09192480532499947,-0.07200405961080603,-0.004276504577690243,0.04557649301019384,0.08612442944521082,0.06485095976623256,-0.07308278370536114,0.03107923526878209,0.05425216451910875,0.1057977326141164,0.057924663163524404,-0.02306506923418239,0.06971677040183577,0.08921617745055266,0.1181657590630083,0.13898291410752428,-0.0074794939125995,0.1036318783632515,0.07653726374917746,0.09871905596078401,0.08386720785411161,0.18506009018565606,0.2387141417312686,0.03191056535659231,-0.006310329377639756,0.0822704916914676,0.06108405888614987,0.013604313138233515,-0.0003508567845567079,0.00937122914428623,0.1409795277035959,0.07207966339893468,0.051677180487588625,0.023425841301797368,0.03446439052704742,0.05091178433905563,0.11622904171081472,0.04969107798871497,0.02744888218385455,-0.054847061001633945,0.19001951720957488,0.08033496637261872,0.04645075449293401
2018-11-05,0.04930424354299179,0.021699202810408602,0.03954528732138285,-0.01142697422538419,0.008185918397821679,0.004702673997631912,0.06813499429564196,-0.014507329324587537,-0.028069324494864434,-0.05175154946832494,0.010586730166646463,0.0825289019080313,0.024584645806004612,0.034529747734393545,0.03584016535757928,0.01208623873602277,0.019750992795502187,0.07961161938247652,0.02984959763552797,0.016362595356855802,0.03293520421745311,-0.01813950649527618,0.029906285332755855,0.039498702095104976,0.14102579962851047,-0.010698581834210574,0.015022515081619003,0.06803847458858914,0.021226784182884595,0.043149711284311776,-0.032146930886243985,-0.021834077509850225,0.035152121560084515,0.021331370384352066,-0.024156640166507426,0.03427022645187061,-0.030009908795961993,0.03212132530471212,0.0035404538464580693,0.006286872021498802,0.03484972330975755,-0.043039337188806814,-0.004638511697468983,-0.01270024526964919,0.03645298275549336,-0.006241887375702193,-0.01790660196488647,-0.0790540334340688,-0.10437391409977537,0.040417019253645936,0.0009503976108877765,-0.028009728543211376,-0.006656239229956062,-0.10097319412355543,0.04231801048283601,0.02182308373597097,-0.005020696740535513,-0.014400460099398882,0.0196466191877942,-0.0358826328165075,-0.032939960851692596,-0.029814556063287978,-0.04210308367164073,0.07997145446060361
2018-11-12,-0.0009079424450507689,-0.024301572607569044,-0.017593952788996226,-0.01508316405413146,-0.02600394665484107,0.021577768779631468,-0.04588207272607847,-0.0502020459256568,0.03267257156810932,-0.020701213886241354,-0.011139872605155365,-0.00577430132065837,-0.01080847423566067,-0.01800599974448336,-0.01613266092703447,-0.00014216276643841397,-0.04558991987743355,-0.019784196878860683,-0.03651885417023493,-0.029851566561468923,-0.022462199465083543,0.050923677143982715,-0.017128363247691736,-0.0033189209915318596,0.0377525735312374,-0.03307893362271952,-0.03360003257579525,-0.003413166188380945,0.02135325017652412,-0.0482965419033643,-0.01186249794778671,-0.018200327499784952,-0.020273643792596774,0.01700235015122087,0.0010143461519116492,0.048246234662650656,0.008437691178300177,-0.011681980594641761,0.024935883663497194,0.0028538706919440937,-0.11952010617585151,-0.20051533135479782,0.015294426322493448,0.05089495511596698,0.011064844935310125,-0.07362497131007573,0.024585299204455513,-0.026852557447996084,-0.014809594077985211,0.0033016426339380622,-0.031916412325651455,0.006274451841947748,-0.03660116072998176,-0.04839554578603655,-0.03438670741234717,-0.01870346796629163,0.00885269128988031,0.023040410697530822,0.018210320893373044,-0.0345015053078801,0.0011142122168272817,-0.027170555513302386,0.019024659754618645,-0.004407730312715241
2018-11-19,-0.04890929047690562,-0.05579974827373335,-0.061955503199378814,-0.029769597098755485,-0.04269459921426344,-0.009387368404581875,-0.04935227525177721,-0.10975036337263033,-0.009887369782030864,-0.08409570971569957,-0.010071552613739376,-0.03244793925399936,-0.06883736509446836,-0.017553741879232088,-0.03905042312950291,-0.03341381801256238,-0.02127313095857364,-0.044036656792199924,-0.0394988586043431,-0.05428367510462151,-0.06315128820769567,-0.023213856301373625,-0.07474469735316747,-0.00693162797131619,-0.05716677154138727,-0.043420880200653156,-0.06829490092118495,-0.03602859486494481,-0.046897522338935516,-0.06805716354762126,-0.010800253883015754,-0.037425987886307244,-0.024314533654095083,-0.018757153810533445,-0.02743284323714723,-0.016929231220322305,-0.0770791180821302,-0.0440920440317627,-0.027380389557293716,-0.04360870576710607,-0.08678705214562166,-0.11816608863725175,-0.0277744493001314,-0.0063864200844309105,-0.04827037838600057,-0.018925765420206853,-0.0365097630411626,-0.03000599929020864,-0.011274298509957426,-0.04227802637372702,-0.0793663072821893,-0.008083159408480145,-0.06113736442205764,-0.032213689661636624,-0.050477069919753426,-0.03464267976070756,-0.05225519374250387,-0.0151058500771043,-0.028104351122249183,0.023916670011950636,-0.01330229335496691,-0.034799346189055,0.015879877409654686,-0.08688432326171613
2018-11-26,0.04836561145507523,0.11229828917015627,0.09907121565726618,0.014161367038022288,0.03483205271346068,0.03700363114853844,0.07697421990912878,0.03650843610001764,0.06960400663291488,0.08775766170547228,0.0890044264171963,0.032666195488788574,0.05702887280845159,0.05834002305033925,0.07476418567340959,0.05079634215281259,0.033686471240806926,0.036468340850154046,0.08208022786390212,0.022900346272506145,0.10472748337848592,0.02561145838586909,0.0865214567950523,0.04831312750762895,0.018893806945357472,0.031636685069455606,0.02176815467597315,0.06041453050358325,0.059518779258889376,0.08870848844717094,0.013392888266546166,0.04324146635082449,0.09261218971706509,0.0450642422678702,0.0904546521234566,0.014024069125592398,0.05934073829754616,0.0758705306161902,0.06225417658353183,0.05548871792052901,0.018427989483767115,0.12710393779699092,0.009199809085103983,0.02731656276367156,0.0012321551090141991,0.03936299874816496,0.030624401226157838,0.023006306317631786,0.05447967711752866,0.043443088350564096,0.1698762266238425,0.003259521843919533,0.15339599477460353,0.030736258962974716,0.07419098463852225,0.032385425253923295,0.039674124078307615,-0.004740810350102764,0.049947339938850144,0.045067310171897246,0.035342153238308915,0.038116115597328415,-0.041191399821805086,0.08969698819247163
2018-12-03,-0.04297327936575901,-0.05137709522502498,-0.08638498678377493,-0.030545432350852275,-0.04957965727463054,-0.05476971446099832,-0.05956060301693056,-0.056501383860333765,-0.09763978639598858,-0.056147264464673885,-0.08256050294658301,-0.037277257319899504,-0.05261995333940994,-0.012947845188094775,-0.029872753898501303,-0.04534603363903922,-0.02451901903066034,0.051851801486336724,-0.056813831292736316,-0.038669499617842606,-0.08165937079985763,-0.04184478241679479,-0.03020044080315809,-0.060643699959958,-0.014925119118768926,-0.019333285150029633,-0.003043260507269774,-0.039671381029909414,-0.06225930059784501,-0.05626256290251319,-0.06848239316642124,-0.036572875248426784,-0.05079261412405556,-0.06463070400418736,-0.12060366345936391,-0.063200408885567,-0.08428438062501087,-0.054738708655593715,-0.07753504389511201,-0.028342896123775718,-0.03708657952592087,-0.09589644950099052,-0.08240372583809397,-0.09436910516909369,-0.05660384274351038,0.012373514501341276,-0.03133309228127368,-0.07111376180057893,-0.038963068293972225,-0.04291090875075043,-0.04770242239164324,-0.07403089732873569,-0.015598852069967917,-0.06643315823582396,-0.044811862488341014,-0.046795596520243454,-0.09154865700847425,-0.08404743235062329,-0.07481225027304783,-0.066789302717854,-0.05436810555194016,-0.013520444978600943,-0.07402516520432767,-0.0804227278555979
2018-12-10,-0.012194519830582062,-0.03361344537815125,0.022610511549751244,-0.023255859208885066,-0.004067724371897508,0.009835615528778874,-0.017457429208910358,-0.017864606931659255,-0.02942928477939666,-0.020791651125872113,-0.008071262465890183,0.11493706833165818,0.012889690071702375,-0.04121120355336316,-0.013350437718637753,-0.0033827036121110154,0.0,0.0,-0.029304017247338,0.0007258354214330076,0.031029020056344114,0.024653656569586735,0.018153905673336856,-0.033147944516962236,-0.009641944206056019,-0.033310692358334504,-0.04012217698792886,0.004692369927594475,0.03503491894968924,-0.007556931241017972,-0.06104895687244838,0.010178773867221436,0.047886867053120286,-0.029070112045113894,-0.012525343686094481,0.019641415859303457,-0.03143581754555014,0.011543645663947055,-0.026348086609842003,-0.006900342082148514,-0.04596998633469984,-0.007858416402514279,0.013986878975951189,0.009211274593074359,0.013043326226189977,0.051059446137081466,0.014800643134837976,-0.00997874365603002,0.040284371685332276,-0.038551346036614476,0.008017626791897658,-0.03383492791429776,-0.002193273081281366,0.016575496767240017,-0.001935756883808426,-0.0045001870952529055,0.0063228764783773705,-0.0030665761123627178,0.020350879190313753,-0.025359297923757906,0.02194426172255559,-0.008314380023841217,-0.0773257274276663,0.03961535742611333
2018-12-17,-0.11785500221400225,-0.09217389977496604,-0.14924619951192963,-0.08141320063421253,-0.06919532707082943,-0.056720311289672365,-0.06358963225922509,-0.08913455118382563,-0.07166901163312833,-0.12358788185913394,-0.08517107945431324,-0.03892784051174458,-0.058537772386323406,-0.11857258554176686,-0.08664345936437301,-0.11332427878779672,-0.08431447243001011,-0.16549297282204412,-0.09861637011514024,-0.0654013972712002,-0.06922956221305088,-0.07080660393686555,-0.09696883685020641,-0.09106594806067625,-0.14510899617790474,-0.10628948669042437,-0.10084422194430265,-0.07472896974610399,-0.06310077326682106,-0.0752502227814299,0.07142864892133938,-0.05545543302831013,-0.07090584633824126,-0.04290066969359607,-0.0606487165651336,-0.05094903968338993,-0.11345021788493392,-0.07356410190156326,-0.06921250089143771,-0.1139273512268143,-0.07618429792379666,-0.11526088510621857,-0.09035415747766407,-0.11694244518603392,-0.05579370622790292,-0.05825137787099599,-0.07104203157629019,-0.04692663798920327,-0.04807334817933406,-0.05755177973743775,-0.10310851077262317,-0.05680909601449469,-0.109792263966492,-0.061144381535761294,-0.07815172110520285,-0.013835843119546665,-0.043738716255043775,-0.09074139167476292,-0.04084459844576693,-0.11824227044075031,-0.04885122483974913,-0.06700724340232522,-0.07426485421061924,-0.14916516074635888
2018-12-24,0.019096025626619495,0.06863027596557325,0.05256936642678922,0.02090301030012931,0.04141347690132702,0.0381437528993287,0.019972915350565668,0.03648877721109178,0.06829427934372623,0.06517573358819151,0.0576059861128535,0.04635237030889017,0.06512660642213541,0.03156112979543502,0.021983195634576624,0.04726256737960566,0.033703932206077036,0.018987374880539143,0.06093593061615965,0.038869550869342406,0.052042276215545025,0.045376083531617706,0.06834747899515703,-0.005930729127231915,0.006507598236861423,0.03330681041141492,0.035114236806684795,0.018838804799969244,0.04259590369978028,0.054033877872396996,0.0465811009493875,0.019824494737582965,0.05251181417663808,0.03455163118488702,0.06495781687968893,0.05368419801861113,0.0412267311517569,0.02198898649030534,0.04157237321679319,0.0046540572195126195,0.04123345434009629,0.031488530592208575,0.025447943204465195,0.05490958699000914,0.018636256935401496,0.06243147890535816,0.04254232512212286,0.05391817950584321,0.03573366666613986,0.022241390000388606,0.09576103378882506,0.07278691905524082,0.11314815945095491,0.04233219323301651,0.03514846820081696,0.038338949621725016,0.03280192727216491,0.05514233076062802,0.03760641521143637,0.04721313226418422,0.02443843554603875,0.03117103598220372,0.023398141345833734,0.06646154680822658
2018-12-31,0.008940281811017137,0.013713967156505191,0.06621775114387396,-0.02735459770377091,-0.03641146028892994,-0.032413080085356594,0.004685629367133348,-0.05101431200719064,0.04076606936669247,-0.015989470130081673,0.008252734376007265,-0.08028704869801362,-0.001845912108283887,-0.023448096398258844,0.0035071599285010358,0.012235973841211667,-0.018151323597173974,0.051759835186120595,0.028937174639341423,-0.005229481237285172,0.028887879885095114,0.09271055347397539,-0.04876314174815122,0.005170642992703645,0.04310365289451701,0.05909453370300577,0.018682642877272837,0.03795473199893351,0.010053637738963062,0.000765661788728611,-0.022049673140643544,0.00934591610341906,0.030267747588471172,0.030124888243182824,0.019494462150351444,-0.03671111425126217,0.035793479100553416,0.015340173347952346,-0.014103271142681395,0.029487576550885963,0.005753992004565278,0.019004580908753343,0.04602797766045108,0.010410292534487997,0.042168542858123104,0.001412036713327458,-0.009108574609625886,-0.023359137395240204,-0.0036965987721030436,0.013910803033424735,0.024354129911352107,-0.005475926342299098,-0.00609996169437288,-0.053406730568123284,0.0031085860608297544,-0.005618991095802661,0.014992322444536743,-0.0028856766495672925,-0.009700342129800088,0.005009328033444227,-0.007437556529019229,0.014229277426550446,0.025313402446002886,-0.01923446801641615
2019-01-07,0.036577590061373844,0.050223265784235194,0.06684212935598266,0.06264731120059475,0.051070755138664437,0.08912815494246207,0.07719613013497106,0.027181685364644048,0.03204725334253755,0.07719664537254078,0.06594953846563767,0.07434745506645823,0.02750814811784008,0.03479684717777576,0.021126503637917793,0.01915201931003363,0.02875755330308749,0.11811021922119358,0.11198227202778055,0.024657379103527166,0.08602492832645114,0.025474963578370424,0.0950530799361804,0.02176321610253873,0.02685936563580782,0.03188394037617104,0.021717911281996294,0.035288001912668454,0.03621334428571332,0.051785930412133974,0.025051943360178575,0.04185178370216214,0.08539139686330288,0.029901449850823658,0.043821690307146,0.11766432373543823,0.10122326535964321,0.00853526470907462,0.09807205566881638,0.0038078089208888333,0.04427747125037618,0.09281169031047587,0.05341266735441352,0.12060604673443409,0.033825768776168275,0.06280168051079671,0.05907595956074729,0.0727640184023004,0.01590099702828751,0.021196995171768762,0.06951287236293435,0.06633464391019617,0.06951965078885891,0.10042441795832335,0.04541117388917515,0.05556309037797447,0.05490502495409988,0.03954974526748023,0.06124873958839627,0.09688475882199299,0.021092378854991267,0.060146280336023095,0.07723363418516094,0.06687582954764681
2019-01-14,0.02885838655063777,0.04192797864501818,0.02466699500287839,0.04263078457140512,0.012147242343863773,0.014434998492812712,0.04497581075196888,0.02974622125384463,0.026739443393442697,0.06409901575566135,0.03649254083600617,0.040906507973768935,0.048818855606287626,0.013649244616652734,0.03541020255561533,0.04467054091743794,0.01930106435257528,0.1496479590067783,0.062155126271512096,-0.031087744889218838,0.051559921631309846,0.009263128983347135,-0.03780536987483851,0.004879597861004115,0.011569418774789453,0.03089884523190478,0.02739750009124675,0.019430264707431144,0.005313503975227896,0.03984695157038742,0.0354382584946209,0.0067542688348394275,0.03480077396828718,0.018079478319996678,0.02387077824183348,0.0066119219805391705,-0.006942529493654481,0.04776280099307062,0.004831944668823862,-0.0034485003427083827,0.021573305009924937,0.05442448615204021,0.01648226296679689,-0.004326658988444976,0.020293976033862737,0.03740373227938143,0.014697333517453615,-0.006437429050911825,-0.038782514290210734,0.03428838430832326,0.03361566487625378,-0.010818682001930369,-0.008346841687816742,0.0007141728528392566,0.04309655476858909,0.035559590766887084,0.03698585397596843,0.017630634436368364,0.00841839993506932,0.0391934423174638,0.029843390052242125,0.04122085776949014,-0.020734231694210292,0.08939948903625128
2019-01-21,0.009305590033193534,-0.010343006809460542,0.05584977476389552,-0.0053199341731349215,0.04618736633478093,0.069067291840887,-0.0003711138141809789,0.0059941295485406165,0.09745166725026988,-0.02076873184328709,0.00246952736941064,0.02729847813780939,-0.0006434744741351528,0.0033054242473884443,0.02442808585583922,0.03243882360985695,-0.008814772708573337,0.029096412600096544,0.015946365338513013,-0.0008824974167112032,0.007486460195743172,0.04005010510310858,0.04382978821261285,0.01641736961492324,0.01342591667152715,0.04564053570364446,0.016091882801200663,0.08197400664282184,-0.043708104260088754,0.002010657502856894,0.016128729072429904,0.0021183739894983233,0.021414168217289697,0.05912430226882437,0.12158608929344128,0.038510984754533295,0.0894855690664329,-0.005013504955546644,0.047607883478978597,0.005017302522886569,0.011908749726200485,0.020518824797803425,0.055081390618988424,0.09288435665368366,0.014758723759714654,0.03157893670263601,-0.07105387015567599,0.03919095140287787,-0.07182923011876174,0.003935351500539808,-0.01816267204407851,0.08525965940241353,0.0052080883383485155,0.03425128176756154,0.022516179211804932,-0.013538307249905346,-0.017233742974731903,0.11702136254256623,0.05019125713649486,0.017217848195900443,0.001636302790115396,0.009243518912027238,0.10102020205127249,-0.010855462898157309
2019-01-28,0.01903193883188492,0.009920424432925179,0.11764705370738815,0.0012224052364879778,0.019698719990391078,0.029384624938596948,0.03649866611842634,0.05552728356661585,0.003062168313622493,-0.0297456423049971,0.04919767316357282,-0.004217250437675291,0.044859415019164794,0.019399624273401583,0.026230305881329352,0.0017135564147261473,0.08992090127258434,0.04166669918904331,0.023650580673855393,0.014006316849862088,0.04816292951959489,-0.02868031062315901,0.07215649485367082,0.04906348267438321,0.12414154862331639,0.0221497408429141,0.007240045915113846,0.0009702931999042708,0.035926997295128604,0.0006998956856503202,0.028649055076072738,-0.09055656049728356,0.05783031698325569,0.0549367162185892,0.04399036473225415,0.015379037764218007,0.016427123333650373,-0.04096295833159036,-0.008951341205988284,0.01885000009527471,0.03248085486424257,-0.09628506291394734,0.037071418892758556,0.033797135659217936,0.020281228063349754,0.05030510846730696,0.04112960379414621,0.002433029615531268,-0.03294326763902189,0.032067863352029935,0.04093755442197633,0.036646653387263806,0.15925262918244187,0.02056029945131166,0.013254920612706833,0.015221266875700357,0.008496813384646584,0.00027207448927257794,-0.02317774393980343,0.018538382699600398,0.036414438565239626,0.027476484539167734,0.0889713813755113,-0.004549090463898953
2019-02-04,0.005493246769235238,0.038887520928559516,-0.05956756336953717,0.023962145532105517,0.025795343587518005,0.0018898651444501091,0.024947732615021367,0.023360613636893124,0.011956476174585173,0.026485244162769206,0.03515120397745952,0.027172764069043787,0.04580935760592486,0.0809095999409597,-0.0031684431836692672,0.043056612885082,0.009065834442113951,0.06285715103149414,0.01581904323912764,0.001244381201612521,0.03269004157487587,-0.006813996055651916,0.026869502359074815,0.002891493175237736,-0.010912201632443663,0.014659095789694376,0.029649572296834625,-0.0029083617317531285,0.002257327022858524,0.04840293918344729,0.025592752212951098,0.01084853048058032,0.022346372683642146,-0.012715100669509427,0.014643598434467053,0.06766810998718586,-0.025757607529795057,0.02811842245352647,0.013509465788629216,0.1436175787379963,0.003039349751410958,0.023768648632337186,-0.010067819927575328,0.0500000458497285,0.004329940116930553,0.01974855313571866,0.029009422121968553,-0.02138950351760005,0.013706709097769165,0.027136200996295656,0.0051325019363499536,-0.005302845752587104,0.031827020119131744,0.10478619250123122,0.04884478540668047,-0.011797794178730614,0.024872291238409394,0.021218696152171423,0.0329482238513743,0.007122143467434006,0.05862611931989892,0.015071498950488538,-0.0061702069617332045,0.007654497638400315
2019-02-11,0.02339457357980912,0.009533121428137115,0.02733193444545967,0.044716055503876584,0.026808415293756882,0.04973681409552455,0.016071797788919318,0.004347729551145818,-0.01709414031803147,0.1661660178389095,0.039142042903787866,0.02871636529548205,0.032803024722999785,0.050160628012082764,0.047467541966951465,0.005467564633980793,0.0335430843697575,0.02822581136181168,0.05655350435210549,0.06437982058311298,0.01974745209966766,0.022453261233173594,0.025796053775364758,0.033227623092307645,0.021623788605706462,0.01067834573063986,0.01570663388505955,0.0443365310743431,0.06444411448046528,0.03776180049686295,0.038165246875301984,0.039478871010224736,0.0457975099546426,0.02452646561030436,0.033029147926012525,0.04221460949500977,0.08838780264959323,0.024131707648277878,0.054764526646743805,0.024081948874503434,-0.02984837388381012,0.0618884691940107,0.0631927410043931,0.051739887952001906,0.013521353418801674,0.009571625582674548,0.05351819911320321,0.010075980535642293,0.03360514256950431,0.03931233165397696,0.015191197489170971,0.015326707753285929,0.02769514306383347,0.02043804690396267,0.022430128726658394,0.021514425684010074,0.033626316670211764,0.05940330347615519,0.028885438423304377,0.02697744292991122,0.03765608286651245,0.01334564450555753,0.020124237412875612,0.13236965369294706
2019-02-18,0.014256115695921556,-0.002119939428285589,0.028716228733626892,-0.003281434435098207,0.017801540902308455,0.0016079437036433664,0.005673621429359121,0.014962805233851517,0.008439956558090156,0.041750287948569165,0.007234102645256257,-0.019259989577282033,0.0758843234085429,0.00959503752379276,0.013756987461257308,-0.016041501332419994,0.009852258718119344,0.01699347880003832,0.025340992352948843,0.00467073246998706,0.033286213959242916,0.09251726736125487,0.04427867119005047,-0.007324750659582047,-0.01753881290341819,0.014294597710922563,0.019759622583837233,0.008838619413190862,0.016066317129064478,0.07551859907463632,0.03508879072071336,0.01806781924457157,0.025877107515902997,0.0656394940623577,-0.0103260726718708,-0.022612526932171195,0.01381287126983577,0.025411094022510516,-0.013865145738355178,0.009738582556453546,0.031079060778382184,0.011757990644431615,0.01579990628277317,-0.005659519575650251,0.014694473359052829,0.014684490860269461,0.011421767086611245,0.04051564213130332,0.021931501597742376,0.016765059993706366,0.014209333313250472,0.028440270419054947,0.0004683069123307959,-0.011513475527461514,0.006394505815264795,0.014730995154962345,-0.0035113030455607985,0.03696258765830085,-0.0024168204232888346,0.02014794526838415,-0.039298234115062614,0.01932724918821327,0.03861477687845438,0.03304133218280669
2019-02-25,0.016718401601795163,0.01973741208809665,-0.027914625949837624,0.017606580543842787,0.008161742169500164,0.023887953675073348,0.03846592297893858,0.011562986874165349,-0.017062628595567175,0.04207734397517848,-0.010773266630885514,-0.013562247582113107,0.027753220846629567,-0.006523435017456891,0.02594296453104228,-0.000722662113352035,0.002295785933693173,0.1696658272575926,0.031145592474601136,-0.03225245811658417,0.011783663810545297,-0.005955698819105182,0.0016130820514843602,0.018552349494245668,-0.006175591467030617,0.003676450754234395,-0.17438938406102888,-0.00035910871631394947,0.015431706470254047,-0.0021119561213119864,-0.02123307789240192,-0.021006961843069383,0.04171722628667851,0.011267453168976482,-0.013782318564461438,-0.00046921490107276753,-0.02325586270954849,0.018388718114832114,-0.0027828135982628233,0.025931907042129776,0.0030295585292838823,-0.017211958684807405,-0.0027512239599336574,-0.05122592243771851,0.0005715391039244899,0.06679709251422072,0.006883193875478755,0.039822962045901855,0.020331341520326562,0.02030329987245505,0.019961572558659935,-0.014039785278621375,0.03625533732962105,-0.005338520668709323,0.00869989602246779,0.0030521724851917398,0.0010613457727066677,-0.003647780906427034,-0.005125227363930396,0.01175003051757817,-0.0061190279633204225,0.009564331215844435,0.0438472026958554,-0.020062996206414496
2019-03-04,-0.015286101084381887,-0.035112321236192456,-0.07052365096164848,-0.01111258020577155,-0.023656621286210044,-0.022960839273042044,-0.026340356496163952,-0.01177369982163523,-0.021265192624006612,-0.041844141810561175,-0.046316636148134305,-0.031384233546239426,0.017543867706769856,-0.02667905976577989,-0.006613445231564707,-0.01358667455101148,-0.02677503213775978,-0.07032970510924186,-0.015102422345546818,-0.05128201134169774,-0.023769757866346053,-0.04212694264048045,-0.07201190178547623,-0.025458826957712954,-0.025743296598494947,-0.047008650375604866,-0.04387730755417074,-0.029525840200039122,-0.015384415912291227,-0.0180904670162938,-0.05458350438716475,-0.042952387433598305,-0.02223519939675378,-0.015805826870344597,-0.044808794723967926,-0.0405008247071843,-0.07046647191413469,-0.017950820318967886,-0.013805065723351273,-0.03314502580250511,-0.045756837468539535,-0.03614460673587416,-0.011352901898819656,0.0216889391647328,0.004951692125772844,-0.0441601984494181,-0.05511646561341044,-0.027234016580784615,-0.01236170880018117,-0.018416185902704107,-0.05755790002409433,-0.0028045830982106335,-0.0392986496235086,-0.018038890077909375,9.685537939208011e-05,-0.023689265575071783,-0.027268905222019635,-0.05487784576121202,-0.017797008823103422,-0.05757355475103709,-0.03437074064304391,-0.01534628405795535,-0.08091359703117218,-0.0015331230260107187
2019-03-11,0.02906784839498111,0.00922505611231772,0.05815541450862294,0.03086768242879967,0.02756824974104255,0.03775706798389522,0.016626344636229806,0.07639847742271444,0.07021711255306484,0.08089609528376407,0.005972328485076783,0.0987925965116001,0.030933093910999077,0.059805048884413736,0.041707096524507214,0.013773814891264946,0.02130174136343088,0.06973997044060543,0.0520859156585316,-0.02721693083265231,0.07239413003842898,0.04984361307009544,0.03210608801679382,0.02683181087527653,0.0487468396760975,0.02946830308436499,0.06403428445405446,0.03212637107940974,0.03525142277548898,0.04982116681362747,0.0055513659477601784,0.04476429917535607,0.023693362826271436,0.049758714455826025,0.08031736100363429,0.012345458526294983,0.023026993803560325,0.04886423624071523,0.050632939846934066,0.012891368308072026,0.07706960391808448,0.12725755250591697,0.002146670084127722,0.0013550446012899897,0.003221393296338748,0.021693780233829507,0.030974427901056645,0.015748057775140545,0.06964595712792088,0.026883360051513927,0.04159678221202645,0.03158815407783133,0.0339388867064736,0.045301462166661643,0.05784885074848645,0.030914949510275402,-0.004882919043597167,0.04412873068979262,0.05607469658679687,0.04247506444177995,0.016065047989461734,0.021887129258765237,0.01305803292718588,0.04705299795536755
2019-03-18,-0.006911571659605431,0.010113213818317757,0.13224559049513096,-0.017110498728890478,-0.009222192252225092,-0.01819178432543822,-0.017740393172237745,0.026488057091422768,-0.013122091050281615,0.01145704874174136,0.00613258382628068,0.008129808927155535,0.012624965106998287,-0.019934667598512146,-0.008646244028533867,-0.017191043565536357,-0.019988240862886864,0.015469545491475722,-0.03074294374425668,-0.009434556088285584,-0.00018990929311102356,-0.024204045042264255,0.023180378913145727,0.005998417100449016,-0.006950318681120393,-0.041722988017775964,-0.02187118799709875,0.00014383356896430222,-0.019694714564397642,-0.02111344649535274,-0.011041509306528918,-0.01937412251236026,-0.014189360003144746,0.007607348493896771,-0.016119306335660943,-0.007897800152594892,0.052604895799751805,0.009835234610484411,-0.010134490295282683,-0.010219591738696021,-0.01792551313941393,0.045285756469742644,-0.026507344050691217,-0.023906210411439255,-0.0032110492438304217,0.011012813544090783,0.021052695861705883,0.028854355457481162,0.0038870180681169764,0.009993609085162225,-6.188166166720688e-05,-0.01572994801526162,-0.002811164899322205,-0.013968644987987555,0.010442423823111557,-0.024014063030741828,-0.0028039403708584043,-0.021008646383227525,-0.009572060087256085,-0.008299749252723254,-0.016403933373397184,0.00027531688746917915,0.006029100991118197,-0.019678280621698185
2019-03-25,0.06523847490949786,0.026185019558090383,-0.03223361222670473,0.0067386733808476595,0.0013556021868526003,-0.019832191539696953,0.031211278172954993,-0.005757561646791198,-0.005017527878571237,0.047641216746073356,0.010374828756653187,0.03672039139665828,0.02833549299805993,0.005215222682243947,0.023700910499891092,0.022005877454971623,-0.021578469518586885,0.004352553175128504,0.029648182995488215,0.030806535821018333,0.03151945746318985,0.00820454696484818,-0.014320899147290511,0.03954484866598795,0.0056867130377658,0.00915628777645816,0.004653684090755172,0.011832147262082815,0.00826152025323501,0.03454964415980233,-0.010420515213462767,0.0056989948500496546,0.02878710182298061,-0.009292232826884295,0.0036745751066744603,-0.02879869508841504,-0.006967508022255875,0.0076038301361309735,-0.029927629088155605,0.012838798014730868,0.03740246388355395,0.011605497889551453,-0.025038685959726692,-0.049445458641558804,0.017813180685165575,0.002145554719247711,-0.010094527638324746,0.0008372427727265652,0.003695612704915474,0.037939685784041055,-0.019380835187693513,0.033981980145932456,0.02188963406298572,-0.0013317846916057752,0.043876385408442076,-0.011507120641859214,0.041298685783918376,0.00580661938855509,-0.032913748366386275,0.024600588719138283,0.026774432994242314,-0.0006054968429584084,-0.006819419039520325,0.01104995765988015
2019-04-01,0.012100833397876265,0.003602469165209232,0.1355798989972219,0.03291034221840583,0.08746297670942749,0.058801180092558525,0.017076213685841335,0.03711493219306461,0.08522446228687874,-0.01081216685388764,0.06744958293428605,0.011871884606772687,0.010864409462203461,0.045865296798881516,0.022596726996856997,0.024154529985167095,0.04803610658286939,0.06608891014135043,-0.004611829697736547,0.06627164749035552,0.0025033783586412284,0.06529146012446563,0.001667254786628325,0.022481565313616114,0.0,0.04666256962959525,0.01852816663508583,0.015450057412571994,0.03538183049909116,0.0011095627919408546,0.09665266612749712,0.021156203001916785,0.025688137288509605,0.04128631846138986,0.09016278488037521,0.12005793656174113,0.04814884986969359,0.016533390240390133,0.07054730743972226,0.0017092927556972004,0.0405253123469731,0.06343273526084392,0.11041989931473828,0.10889644163105117,0.0040959961077284834,-0.016592519744215495,0.021479749949864235,0.044054034362587036,0.016833409217025253,0.010293279826852686,0.001199737622430641,0.027980685026691487,-0.03858172564278162,0.0523764600661909,0.012505382483109173,0.0683587596161308,0.03215058669501292,0.10818277055996495,0.07127343217957138,0.0024752096619857777,0.02465757678776792,0.042300110364849486,0.09487645245514464,0.041998773937029776
2019-04-08,0.00275059706816716,0.016488962210693403,-0.03899238021448914,0.04023225825855947,0.010613713645603262,0.02467238032308039,0.020018302663985965,0.009492344275806586,-0.0011617021630179192,0.044075070927420024,0.03330723997562335,0.04190204681587395,0.012149633111668834,0.06161287187244113,0.02601698988315282,0.0012129778832781213,0.00922447524099046,0.009146356828482416,0.030947379068549496,-0.0019124324431780693,0.024971495185392767,0.06910640125030443,0.10224701354589394,0.027661413670907242,0.04219211838145309,0.015479689673387531,0.0212225402266899,0.0074680157245494705,0.014748243533631022,-0.00626708878541582,0.03840881675437213,0.028486876065699107,0.026833562510875986,-0.007318702257366749,-0.005482858418923597,0.026258878159240107,-0.030240086564808477,0.008841641529157007,0.0526898965917757,0.018270972889799397,0.05405507559129341,-0.004922568463091248,0.022313019813769985,0.0008768285064422177,0.01056942211822931,0.024324815370893038,0.04704749897502292,0.030711751508916807,-0.017934230222147796,0.018066297228413797,0.01355959377130378,0.008937813079061607,0.030888714052618615,0.044700362874889876,0.013723356666712982,0.019474105809083708,0.02926864350409608,-0.00022624340451005143,0.027545852920232372,0.01209880687572329,0.03609624460689531,0.0019023493970706795,-0.004035347289641389,0.07058124642912689
2019-04-15,0.00811326282746272,-0.0047450088164890936,-0.006104131919763112,-0.022193467178949988,0.007514944794809741,0.005078310782388629,-0.015615967640258743,0.02509177344714275,0.022330940862717696,-0.004279903248082584,-0.01553498716937074,0.005014961892302994,-0.02477692123537012,-0.01504648461225655,0.0019543030404867157,-0.03970931718663451,-0.004570018239390294,-0.04833841703513897,-0.012330026617602186,-0.02161547649295803,-0.01307726017715527,-0.005483579750435896,-0.017581718090947884,-0.013678051623685183,0.018364226602036293,0.01585370553971477,0.015339484791330849,-0.027849200051164535,0.03668917731629695,-0.007015801205941696,0.02840166075171302,0.00755403857932202,-0.021777004352676044,0.006238405093364818,0.003555281436596225,0.035130045700959345,0.03308741043679486,0.020008261453506426,0.010969571056107963,0.0009077784445892245,0.027238475304152354,-0.0195251584185121,0.002491292553815194,-0.009198383056260973,0.004846924881172221,-0.03760319375588317,-0.01004156507295706,-0.006607100921101838,0.40280919068955146,-0.004384138939087623,-0.029369678448876835,0.01671023007285255,-0.028243999464099834,-0.007498876743534444,-0.01869869734175089,0.016827675642616224,0.0025417983506641484,0.015179057260751971,-0.010705834484622478,0.00365937314075393,0.006820256808935721,-0.01555913561216149,0.06868612422137321,-0.004535008096480109
2019-04-22,0.012429283340294583,0.04209625539615325,0.0072253921020883904,0.04672158804832094,-0.04398942056337429,-0.0030488962038871525,0.0432499463133329,0.0021583711426182983,0.01615427987799367,-0.009215198655860068,0.04604024045759769,-0.025767076563730895,0.07653467524958524,-0.0009489473365569268,-0.00921993493356632,0.028455139288616982,-0.03443312462173709,0.10370375827413403,0.03015983096587105,-0.02160342050889652,0.029840998604850455,0.028237301328203124,0.021299983351535046,0.010687073582599682,-0.006557375328249293,-0.053421348519444356,-0.05409384495387293,-0.006342037109669629,-0.10360736995761688,-0.016254763439683573,-0.024084823069977168,-0.027490031534846637,-0.04407835313771602,0.012801839142845495,0.0596601620963817,-0.003039235322769951,-0.029954024795192158,0.052849127203876245,0.006952007065232024,0.02022859689564105,-0.07452750369288308,-0.04406891164489313,-0.015806878744447528,-0.007957572877874464,0.01632435187434189,0.044084007977134076,-0.05553276899263926,-0.02203967703025922,0.08449170251311977,0.00789225255136472,0.06391435905898502,-0.10910885564670314,0.12502103386204322,-0.0331111237324383,0.03569580332660793,0.056804236560279664,-0.015370557131088813,0.08814977671035029,0.01471736547019864,-0.012396653599891061,0.034007726473210376,0.07077421455043509,-0.0807004762326119,-0.01504211840369507
2019-04-29,-0.021290707515909668,0.012838683596584799,0.012195127791336136,0.014836395636443012,0.00039982037705277307,0.021932586413397015,-0.01114763242639194,0.036466066316618306,-0.015673879087578335,-0.1310549033529047,-0.001638558878586327,0.017074121117965246,0.0300497711181682,0.03609073067344082,-0.016821956957668194,-0.192449118958823,-0.04933138560031858,0.3259826959777803,0.004077248064071837,-0.03440295344957256,-0.012091063044059602,0.0035748684227001615,-0.07589769131258273,0.0069234064131473705,-0.028465381471420526,0.010145941541655157,0.04533740738879244,0.00580888308943206,-0.012969868092076897,-0.018613274874053953,0.02138864234823812,0.015051084380232727,0.02678159205071795,0.021305461339650833,0.00673474947836894,0.023778036396620683,0.029216314948007582,-0.007621638471190906,-0.06458909178633343,-0.01805001583981214,0.0036164585662090687,0.027626802413232676,0.09171722365806612,0.048128337700657386,-0.011189479177576178,0.020053600652607306,-0.04078978220636165,0.002533703784755703,0.030586250897587153,0.021873447309072036,-0.015786998493521054,0.10246703034179538,0.005391652365598132,0.006664986342728829,0.01273725228365774,0.012062253220891384,0.0023335418383958473,0.01374084599514691,0.00221834399959997,0.06694554109033479,-0.033730291941271084,-0.014560210413402053,-0.0023566652745304895,-0.09913599218085245
2019-05-06,-0.015142867545949845,-0.024861600671519213,-0.009213332218573012,-0.04248408818867133,-0.05289476626298062,-0.054296524434652826,-0.0031689988723764273,-0.06880732093173048,-0.07188336554856978,-0.05096800493788245,-0.016581735859562463,-0.03721764346419165,-0.012949993968793372,-0.023283423192854702,-0.028758528811485662,-0.002025222225577994,-0.037511817046187446,0.013738288872434223,-0.03479780189442716,-0.03757198922346139,0.02526310998132253,-0.028659272849255846,-0.03559792530342343,-0.03825475234797748,-0.17664555031088758,-0.07156315383160139,-0.057663880862696915,-0.03515154986858615,-0.10724624900422075,-0.01699767379867989,-0.05476791543496806,-0.044846174198833966,-0.0266500166249507,-0.11247764657301895,-0.04755039313514975,-0.11424318391145749,-0.10131556370376027,-0.013731761805620413,-0.06084027266062231,0.033491023057573344,-0.0471175461488994,-0.07753695190797771,-0.07318653071299352,-0.10799323410254946,-0.002555226648859543,-0.06308566717912645,-0.00972631336983687,-0.0014631632070369882,-0.03863828761493249,-0.011077209120368359,-0.020815440019057108,-0.044354754968687904,0.02375988806735596,-0.05753415357988789,-0.01504317145993117,-0.04955562330547458,-0.004174561572425128,-0.023872334331354272,-0.03513246839559436,-0.02745094967925743,-0.0002748525376291555,-0.011728852979880022,-0.0972440154083053,-0.05119639145835986
2019-05-13,0.023120821534770686,0.004919545615985843,-0.016452042186514637,0.012005817973571808,-0.032727623315634724,-0.08833623974467453,-0.022670450244007045,-0.03779381043052621,0.0465687049375898,-0.0533646432456788,0.0032226365012668623,-0.046288832665991486,-0.01009222811537458,-0.020741499300007238,0.056034544765777516,0.005242573619512081,-0.028580835284507278,0.04493574466452577,-0.009465905825435494,-0.05620250179629949,0.015731109673487564,-0.026837815724373715,-0.0033775486198468485,-0.0022097773075645533,0.023207937294400516,-0.011494379168490387,-0.005230035596905713,0.004400754253463646,-0.022404560407248586,0.003352049182702599,-0.05862318513794129,-0.04657314935580725,-0.04625423670056028,-0.04753569398733004,-0.018898612921338875,-0.0670104079224012,-0.07395987157516926,0.007394112109663897,-0.0840982941596593,-0.009970898361250313,0.004799306964477612,-0.0727994479652363,-0.05031455052604439,-0.10533837620079778,-0.002744508513059518,-0.039710585027630474,-0.008222947016659155,-0.1483948239634334,-0.05055906796054488,0.0067376136133669995,-0.033575059617463654,-0.04599171727099638,-0.00694799455990025,-0.14716584633700514,0.013102985301476577,-0.01506991895633858,-0.029908494008116016,-0.04870457383316018,-0.05159861050647352,-0.049810210667019184,-0.020712042808794684,0.003390894287808255,-0.026820787484129416,-0.08560929258621008
2019-05-20,0.00269166214597516,-0.01815264241218084,-0.03854543512517761,0.0043842208189690535,-0.02303008447995436,-0.023901698308843145,-0.02868876935867848,-0.053068809860466915,-0.07494169000869999,0.02326886069820988,-0.07520220543023126,-0.11711353349216713,-0.06874460797626158,-0.01102163389524391,-0.035137648644964825,0.04088153283856766,-0.007020939212658339,0.0484641676883677,-0.013036849092542213,-0.023391803956228974,0.013294517052147459,-0.018328189024453545,-0.05906559079153695,0.0032569045471926295,0.0005039687655559177,-0.01573162062798772,0.053102052015110424,-0.01518734163263269,-0.007128376798333558,0.04901190970046554,-0.05446319604443739,0.00039695312225163093,-0.09980452123173056,-0.03747329344681738,-0.06314358803913023,-0.034109907708449794,-0.05712695258569578,-0.010640360620989497,-0.04298323633837109,0.025042425527625367,-0.1026198476694632,-0.07270159124041453,-0.034899598511505925,-0.058071397229883526,-0.03174320121834551,-0.04148561986583199,-0.01612153334319666,-0.02549665353252417,-0.18760733882145553,-0.02936433058392962,-0.0003882565474486732,-0.04489163718037881,-0.014798996929796693,-0.012498158354687705,-0.03855342555982311,-0.032052871733167176,-0.0038641820038092245,-0.08736371181251956,-0.01619991536415666,0.014977495096171634,0.00814182855136325,-0.002918624246348256,-0.08178354496243301,-0.01920501638667227
2019-05-27,-0.004138218889239487,-0.014084489834859437,0.03668681141307184,-0.03248168955093245,-0.02804161914958725,-0.018288973774194583,-0.01454841605973567,-0.021791506210624645,-0.015496282566643926,-0.0443463545957965,-0.001922823199643653,-0.016800961465766595,-0.005786658427143099,-0.043371496475738014,-0.04303848350566064,0.004318173744124909,-0.028956302564044134,-0.012369764624356905,0.031558178568783735,-0.035489999442865905,0.0005747908695141746,0.012737733811615914,-0.06766143703774585,-0.017660051585841052,-0.056423351319903614,-0.04656044263897052,-0.06739895641344262,-0.039990905004000266,-0.011891617151377654,-0.049052267244035885,-0.05568357697948534,-0.023024992700045432,0.019541250702993507,-0.007128506009989155,-0.040076941212827566,-0.00045565030885796887,-0.04088240923335695,-0.020278757784022772,-0.024216537453567888,-0.0045143307638819685,-0.04516137810918197,-0.06675867528753576,-0.03975584401823751,0.0045248824844552615,-0.04112202103311047,-0.07453995028228688,-0.016151742080752984,-0.017977511165337412,0.009212833715543267,-0.011922770363695268,-0.020063367775146834,-0.03102569826006707,-0.02610157729179119,-0.03650870798283112,-0.002313397696721675,-0.02307066665491808,-0.01643448048356111,0.00596793773240889,-0.007138722509416828,-0.01869154757465097,-0.009746998721151257,0.0012838289194532226,-0.09175207072674474,-0.02413473594685267
2019-06-03,0.027236667774181766,0.026799593684742495,0.18241517795820306,0.05387470177429998,0.07114964744078911,0.04789154435679133,0.07682447513165913,0.08613693930545208,0.07288679775971696,0.007563703059056959,0.027282327324203326,0.09231462330074591,0.031461381305667,0.06521733630560722,0.07495697563630155,0.01372496136573309,0.06764812199990877,0.0784443327668285,0.024103388089568467,0.06321919086136263,0.05829672306797895,0.07736040304865544,0.018487834139618853,0.040845952089420434,0.02242403024567574,0.02696828987928024,0.05513923522081354,0.049767482127796026,0.045186392643522755,0.051541917576440666,0.07604711790037744,0.09478476976846917,0.09317183889130964,0.06160849712459515,0.06912535819690646,0.045483047607491,0.042318377437560395,0.062419140451927424,0.07419499878241398,0.09089710992530842,0.03547313845072342,0.07534384530624338,0.050816549763296415,0.07319815429655518,0.052569335539856876,-0.022983903708151066,0.055912499573421925,0.052304624587775184,0.027985918275140742,0.06236928142843312,0.06512119656476201,0.0408603365580944,0.04818079437282541,0.05282910774737681,0.0640673216081955,0.07930669982717786,0.06683627778993984,0.07516250671143387,0.0657655543434581,0.0654134510235913,0.030747585521093912,0.062108938740945696,-0.007522924355420901,0.09875170575529757
2019-06-10,0.011206813552388617,-0.013948823812663158,-0.063252059448073,-0.01007297205751001,0.01191094561665862,0.03307173594051416,0.019866582492944707,0.013620959062403237,-0.006745395370527207,-0.04203863215272763,-0.043194187887660274,-0.032524400118894015,0.032789408813259646,-0.005912719752253381,-0.021097838180889728,-0.018158595095369767,0.010791314010162534,0.05929090936223669,-0.012729844413012725,-0.024923450705296668,-0.022193778779860174,-0.02063005159144804,0.025602835340157615,0.006985052916935519,0.014983387460073772,0.004257940975207042,0.010146957652944488,0.013802413121707602,0.0034761033031194266,-0.012972591661022048,0.00037795567234377714,-0.0037396876426407655,0.02069894842917419,0.00255881613148512,-0.05292464771981931,-0.005737022553487958,-0.0391293775429592,0.007990694810719123,0.010552383656587061,-0.019745377336242598,-0.005220308173273347,-0.0059104731479135975,-0.018890051601932134,-0.0005246709948604211,0.0003753196310971596,0.03963387334104862,-0.05475439942973803,-0.044734348808395885,0.009581108337792577,-0.0020527733713665564,-0.06982085612524414,0.016069918937758443,-0.008377300656458697,0.023520890984897846,0.007263934744108358,-0.0027499271279303183,0.01256163019866996,-0.026100334156795357,-0.034721695953381926,0.0049400825090963885,-0.0032740721600341693,-0.009126463967697895,-0.01651326923970886,0.012953243640996481
2019-06-17,0.003189652706246715,0.09132998360965261,-0.04150198298916452,-0.0008903547745966467,0.012831414771650396,0.09277054017864983,0.019428812135075635,0.03133756029482648,0.0419596734039267,0.07332259159749266,0.08048808442578959,0.030308577200482967,0.05389842675848988,0.04173078259947394,0.04164367194536034,0.0457496142342555,0.07570378943386813,0.017888024657076285,-0.002406866297680832,0.0496604353719543,-0.005290743207646442,0.027269727680829137,0.00554745956205549,0.01822423607188095,0.0764461643018104,0.06426418767627906,0.04811421583225073,0.02996669753459269,0.027494862921294994,0.0290404873783372,0.14847000248092668,0.006381538419102384,0.030895816310613,0.03855987737751376,0.04122885225246131,0.02295954338162476,0.018065098226424547,0.03412623881765553,0.01914413652308289,0.03321105109321176,0.007871409334508028,0.04922565274398649,0.08177069976291684,0.022572195401417305,0.05330355006575682,0.005902807019598111,0.058998770658131194,0.03886177869347063,0.05820720252053446,0.0020843296983417137,0.04553031185361078,0.049706072740609786,0.04955001004361792,0.04763261208918901,0.03237174028319001,0.049966822255185006,0.03941586250316753,0.045877691134727394,0.04668729257104287,0.01591760968504463,0.02103198393632888,0.02704679890008821,0.10211942234315607,0.04873960049657233
2019-06-24,-0.004257192957349498,-0.015634894216157602,0.04364262684245124,0.020241836742424413,0.0069792587317618615,-0.007037860841981658,0.019207804943236928,-0.004326463386298052,0.04539104059203902,0.024586588825705524,-0.046755254969285565,0.06069543398513533,-0.00784650646542251,0.022193428124509085,-0.04032953892676827,-0.016599398356376582,-0.0006015047466484402,0.03344672182551878,-0.005629570985931864,0.013219294592307529,0.030993508626892208,0.044031163002420826,0.009194821021021538,-0.003282335884623233,0.04414601397109319,0.0006691254602424479,0.00434784186475623,-0.009338821821895493,0.008638814033346431,-0.000688566738667129,0.03947363152682781,-0.006713942536920148,0.03922702454842941,0.037479108906766756,0.026279616817210805,0.01880168190792464,0.16060123406190097,-0.021975489628983214,0.05394704691931329,0.009933692249348258,0.0039051467389124017,0.08216897640500642,-0.004588976729051342,0.03747431003032364,0.015145965848263554,-0.003569835993939785,0.010242022259284944,0.04257319215350974,0.04606697349649269,0.0024084325159834385,-0.032580978893564594,0.028817118866584224,-0.03909142329358306,0.02725308507675228,-0.001164187369976366,0.006197885752783128,0.034408464328230526,0.040390763029976906,0.021723585546719937,0.03940089917860967,-0.034763175483503495,-0.007544466609208156,0.18756242588438643,0.04687424343712321
2019-07-01,0.03582825614906349,0.03166474557308674,0.03720774216465661,0.019465904298412662,0.02480700728031815,-8.876317741579598e-05,0.02289809107951646,0.03188156867675507,-0.020708077837269245,0.04283181313584161,0.05727441485960694,-0.018064452726119673,0.0508403647456237,0.025135271672418247,0.03416763105816467,0.020823356846527696,0.011435468675008886,0.07734502922752906,0.04049678948390034,0.013939426706264246,0.05862685276798674,0.017661328065241122,0.026812423385960793,0.04989436223116983,0.14889681404566169,0.01471582522387993,0.017796845945082573,0.025235424326555123,0.004387048217914025,0.035242892895408495,-0.0018986820372042246,0.02741260514684618,0.01848350637161933,-0.0025379558766742694,-0.02235938393791892,0.029181069278298333,0.021508241584758947,0.023141141422740708,0.01301563640504555,0.02351136880637661,0.011507150842651859,-0.024356083012857743,-0.011064536314657536,-0.006927233844161829,0.040547546370893084,0.02777775905625557,0.034202313076651114,0.03543012443667215,0.007756370582894245,0.02681151911176549,0.018783405943234577,0.002758932933097924,0.07269545442925551,0.03960151747779683,0.05214073609279213,-0.004071554871842853,0.0121955540856582,-0.020872454173580968,0.00862670411910016,0.006872036231420742,0.027636335073733642,0.03906099649024508,0.032101483240905004,0.036039847224191845
2019-07-08,0.02518420428388435,0.017895921589564434,0.05428568522135424,0.009302352076119957,0.0074248408939463495,0.029594372900513033,0.013221346690315272,-0.004553600803750113,0.05752622009407582,0.013001476169821835,0.011380170484169616,0.009658081448223,0.008197728140519445,0.021355097545348478,0.03031316768362169,0.017771675487650018,-0.017851858798980214,0.0015275299174051238,0.07506526137718472,-0.01422190201431306,0.036097825901357794,-0.012866442670187772,0.0737735813474889,0.007516152354180905,0.022800281225774155,-0.017138992279350895,0.0033082918730977795,0.009619457495841699,0.03826936327822006,0.04106606624963027,-0.024730629745114086,-0.013888943287834077,-0.0010932379226694655,0.042578466040137375,0.041385302596994133,0.027793023267105532,0.12912234971940673,0.013424653200529768,0.04521601479419912,0.009551483491661683,-0.013020144592310823,0.046058719142379134,0.004765360514034533,0.008470357692022645,0.008940736766379631,0.03590872224321262,-0.01895941076715235,0.01870379719726789,-0.022958881636693684,0.023509347387123514,0.0226419974029064,0.007830555225049274,0.02240860398217448,0.008464979772157655,0.014844976781621444,-0.009959193312613412,0.0030301805987635877,-0.013856148634325938,0.022203045363183627,-0.025099062871118294,0.02378484908618761,0.010674973753661332,0.13973619697046646,-0.0764835576770504
2019-07-15,-0.011620299053504923,-0.008241284338068366,-0.021078012111922617,0.012005795231156524,-0.02433126659405227,-0.0036146449337467468,-0.019690939795638074,-0.0034924684583388377,0.027951078564057763,0.03091949306060604,-0.028015413137467693,0.016153486777735093,-0.027992516236871712,-0.03192218490893073,-0.010181321695692636,-0.010932298318744316,0.0030293239136782724,0.05795624734248728,-0.00392506195558362,0.01655677179535031,-0.011032685520351193,0.008335789548053807,0.0312832430827088,-0.026139638530556453,-0.12905774026228933,-0.004694868590212065,0.0075363703392656856,0.04861988984658039,0.007011110089979011,-0.006550539451256054,-0.016579934880155633,0.0014826495712223497,-0.042793078084433334,0.07354369285664153,0.03780597135556096,0.006542545890163121,0.0226914775405076,-0.01641489117757844,0.01137312557204484,-0.019561291931544544,-0.027814059046345374,0.004952186933612879,0.010001133794702799,-0.0009881649204468435,-0.03795341978186306,0.024522979076418316,-0.03382015857445675,0.01465981707913655,0.001335253631875144,-0.025699102397198192,-0.00841347302409634,-0.0067199884617420436,-0.03782424356174674,0.0038267193549428313,-0.017611513750455,-0.06067331474138837,0.00014388975608103927,-0.006485255078286678,-0.008958751941291698,-0.006775050707562569,-0.02750032948697989,-0.024766616589030788,-0.05135623299218928,-0.09124929316576169
2019-07-22,0.015469461492028103,0.014338299496515106,0.046447315108912424,0.005632129872870317,-0.014072745439045353,0.0519953314177235,0.02426711986955321,0.025420851466862127,0.06128415658556774,-0.03451927419236456,-0.007796303138997263,0.03765538236349597,0.04100391618547006,0.01715408039559585,-0.014469970189845194,0.01934292283471417,0.02053783492712946,-0.00048054921376627924,0.041219538592308425,0.0394674345456012,0.03534629472545747,-0.022696560407879596,-0.022893750900619625,0.031666567420261416,0.020655617267215876,-0.014150893211823945,0.006077537353769591,0.011223896097749764,0.02625837417280885,0.015931296670092854,0.0287604830136563,-0.012583337791721272,0.03818893210894325,0.056759475514417845,0.06187338293193312,0.06283177753325142,0.04327778235261115,0.034548596525619146,0.0416004947422739,0.007045239027084316,-0.005216871153313485,0.03936123199327901,0.04491626121365311,0.09000997349049444,0.0207993646192548,0.021461301197196248,-0.16626886701450838,0.05091874325712542,0.00293343706174487,-0.02234557270365145,0.020542272540370776,0.010782469974585318,-0.0014150744665164527,0.057304659550933223,0.015556639449376908,0.055687056881180697,0.06505087049557345,0.22606616638054566,0.09295570518700536,0.01932701904651135,0.05230294695109694,0.011063886106652543,0.0770110881727506,0.041174857267699094
2019-07-29,-0.019905497885954748,-0.05641403983158322,-0.134626686128126,0.05243090588516153,-0.06496635070049572,-0.07487688958975913,-0.08350921089687324,-0.017907181006775796,-0.06286968681570115,-0.10572208479611367,-0.12042389621298832,-0.07440512633096708,-0.061125105983350636,0.016602299472215698,-0.05802220351529164,-0.043825149513324724,-0.13317562898696933,0.40000009169945683,-0.0646848173458735,-0.09602759577987974,-0.0010492120698587515,0.02476162247730973,0.008083328073004825,-0.21006778581705132,-0.069511645832388,-0.09295978987895692,-0.06412616000196292,-0.027153965748578424,-0.05640623711260351,-0.03217374779000581,-0.06362469102904356,-0.027361153986197206,-0.029735732234476453,-0.04453185937340742,-0.031601440828998406,-0.10243611230187344,-0.0718046144590393,-0.031413516902924044,-0.02894426170244413,-0.0001175862424287466,-0.22111334409167804,-0.07928269668294585,-0.018561929576101588,-0.09346648310888817,-0.04546998281821424,-0.024093737612273403,-0.08301532056456684,-0.05379069511199386,-0.05410788244042719,-0.02738937975560518,-0.08920425181952263,-0.060238380474808895,-0.08111845404880302,-0.07734381400985979,-0.05645919061298954,-0.03566494439383083,-0.023836848312445258,-0.051109111705714305,-0.04946943720146446,-0.1432077118318409,0.06952445628017134,-0.032828518562382225,-0.0373451718303589,0.04893223874482233
2019-08-05,-0.00792722180990968,0.003813268699641048,0.1613450409811079,0.018115924814873674,-0.024469580651674372,-0.017926731977467525,0.0661376901216939,-0.014851402499773902,-0.008411964022208673,-0.0630427646136098,0.02422849190677967,-0.010052982130147714,-0.014452067178497341,-0.013838576025919203,-0.015399098679303336,-0.01622333679548682,-0.03448266610283546,0.09374998157823522,-0.007080880679812607,-0.04027611561518307,0.03650302672362815,-0.04697579742519664,-0.029285283956681396,-0.03352822706559744,0.08699783144107154,0.009043102222522359,-0.042701232664811184,-0.07551751456520606,-0.05546431018142195,0.007027365932531726,-0.033630831992846666,-0.023506688885276295,-0.008059013584219454,0.021389732017094154,-0.04297133615145676,-0.0023847395235997437,-0.05807611225178588,0.005916699494522781,0.0175978790120368,0.03657113407230961,0.011729172116450304,-0.04348919203173662,-0.005773654065428513,-0.14514512937800006,-0.034742201781515325,-0.028750620861098142,-0.011743620121233311,-0.019748928451582715,0.0049191029729955815,-0.0032850322214922345,-0.015991776800670654,-0.0011128816175646206,-0.007673129239987642,-0.022815945023918593,0.012756040345014874,-0.005979504328589069,0.025802405855929855,-0.02431283246740079,-0.0040320590007728585,-0.0039052727538350096,0.0272964554216395,-0.007876993778913044,-0.002390114971762891,0.0335796922561471
2019-08-12,0.009087230855030715,-0.02503128820455136,-0.08803739229114249,-0.03636562177106151,-0.0034518924640326576,-0.001265251861854666,0.006241912061696331,0.03131802473641754,-0.011028721598949742,-0.03300836441561994,-0.047641017771539174,-0.007072197913300826,-0.013097924215909718,-0.0264970138499383,-0.10432981177505252,-0.019852531908893245,-0.022984631164624014,0.005651440994389079,0.008150156956895138,-0.03522179902766387,-0.04118744767797389,-0.028503958634504167,-0.034358878630581624,-0.009879066678149528,0.022618357710790127,-0.044062957687370896,-0.010373431620654405,-0.005832331239051913,0.018137505348211125,-0.020284183448687543,-0.024857899187726407,-0.05603796732576405,-0.01945299187682059,0.00022012132632909243,0.05012298200280174,0.006033325656754629,0.048891880368799434,-0.011473121956516286,0.014612368955303046,-0.01690300453241045,0.0038641469469156142,0.03489455883226711,0.036844484017326096,0.026932142498597766,-0.005751478842904834,-0.0739811918894211,-0.01654642069750889,0.030508027223401957,0.024894719848456814,0.006788880985340029,0.003627009068640108,0.02562376611532069,-0.02619211382864306,-0.011093724515307213,-0.015419879942449866,0.0024509325943862237,0.014397530934574965,0.014951220558422573,0.018323514638236782,-0.024307279960205874,-0.004852431192586604,-0.01356946985291596,0.01713961941040676,-0.010262149720772551
2019-08-19,-0.002121832393554346,-0.01742915134063938,-0.05259779902491546,0.0039237891737264885,-0.013970717494125928,-0.057455858546068606,0.005439706779629017,-0.018692510922596606,-0.03238249447798658,0.010037079727899911,-0.0009713410456224647,-0.006026641085947526,-0.036208917300642685,0.0048349480037011006,-0.007452972801200275,-0.01992806483197429,-0.006514669303778642,0.04277248825459079,0.0011700947543025197,-0.03378907812573151,-0.011224702189504665,-0.012968054058509648,-0.003843309867064937,0.0010828323684617391,-0.0123351935664604,-0.0039061912988761494,-0.06656194997684117,-0.031324885792045176,-0.03311845741873731,0.028712767646346116,-0.02642420864428574,-0.03511715287144124,0.08740807154126418,0.028035909914361223,-0.02301216603153411,-0.042996388672947194,-0.01354769716413251,-0.01686518310889007,-0.0216028319528061,0.011250771026837247,-0.028443228826515843,0.018049481215539176,-0.05378520038784185,0.005701166984123152,-0.037506962840949454,0.011542182565858816,-0.003976667448121418,-0.017735012730573207,0.00327515217691543,-0.024593775609484392,0.05337416058897282,0.01933516202799601,0.023977282216737228,-0.04056865690080036,0.047061618276381445,-0.007778771267969997,0.006082720741697356,-0.01813035100993432,-0.020599146817483205,-0.016876534615948957,-0.003460498907793541,-0.021853637695312456,-0.010146626709823137,-0.024619137625729426
2019-08-26,0.027799310424019508,0.007329016096606855,0.06465808355503944,0.024600522384191637,0.025058776279176298,0.054334442935085825,-0.019695358659016726,0.030102678567275554,0.06907701875648642,0.014413613736243613,-0.00812555124876957,0.03862140192689889,0.02499634574713494,0.031748751910020356,0.004291009084087527,0.02650049439068458,0.014571974492205486,-0.11167668500538508,0.0164151946861415,0.034890235221367805,0.018862470704658962,0.019379213614779456,-0.014561248087310297,0.03275906461483902,0.0044937287691171335,0.08392164550440429,0.026951419340937033,0.04599839089722324,0.05449289022541648,0.034512151717237094,0.08064512694182513,0.003466178230543404,0.03949345667657589,0.0628053495928167,0.05050172721783053,0.0248558366884295,0.05377101166151843,0.033510700135121585,0.016610490054564275,0.03217907258567343,0.0578913253260549,0.031211422858185678,0.04235132852672474,0.009070286448309206,0.009306058989784871,0.010170178981342426,0.0053746692162026655,0.015496218709610599,0.05780764108048819,0.05203392630743431,0.029689251055943888,0.07011954856337588,-0.004675603269407302,0.023385051882322427,0.05005549318088631,0.026814329411020577,0.019525584132149554,0.018849904734641987,0.02876374288264949,0.022343315470779945,0.012311618650934442,0.016606831039809755,0.048324971939051053,0.03294872842531138
2019-09-02,0.014886122091559928,0.0015113446311976197,-0.02829892767588882,0.030180663349039794,0.020333196133387466,0.03101180139841042,0.05339852299411474,0.02165389396885975,0.043315431036319074,0.04006708157574246,0.05272369691315637,0.03279783151069293,0.022196211573527913,0.02502152877473729,0.04336668658371434,0.049845221440474985,0.02472060217918659,-0.14391642894451362,0.00815343931251955,0.0328595597507908,0.04728961390920472,0.011922050621961056,0.011619096370123927,0.026333540216047613,0.05462381284809803,0.05426915706192137,0.04428629048185573,0.03718727722906978,0.07403499181364248,-0.0019415910949177606,0.04165217819713263,0.043609767336890704,0.012285798409122473,0.020824621514816455,0.08270366193662881,0.0485346838514209,0.08173184933611588,0.0089947335083298,0.03613153593485752,-0.033773798296026,0.08156477665784245,0.06755931066235243,0.035930794519725806,0.04325845453748611,0.021129691342955503,0.06040661425982541,0.025355063414752355,0.05627882718593691,0.01375872748583773,0.022357963317983565,-0.03203690501284484,0.08205531602769711,0.006339763540048393,0.06749971911767849,0.026091227783241466,0.03979364802157148,0.030558322653647885,0.05871230294860896,0.026989852828179783,0.011193980912076684,0.004833515993891702,0.018248717730300568,0.08678200609411157,-0.011217885506762504
2019-09-09,-0.03231895112433547,-0.023127662951591965,0.004253961727326505,-0.015356088405588664,0.06034488383752645,0.034170676503292086,-0.02509302609022257,0.02574304905632019,0.024950217690115073,0.03419600196415651,0.020818021263454112,-0.005447006106061747,-0.0637142726353237,-0.056423790316849076,0.024365404136716062,-0.0018619938145130188,0.06459564996232814,-0.1307086513655753,-0.07242470457207562,0.051669635757253474,-0.16258797658622637,0.014169708170503226,-0.024843989125493793,-0.0006559977862020672,-0.00244700272170717,0.05147554231803397,-0.0010470729383698085,0.02205331354446316,0.03181478389462833,-0.07845739348631064,0.047984081068497275,0.012443202778330553,0.015604270593334135,-0.004371103022036249,0.03352085899838553,0.049491959381213535,0.031243737587596465,-0.012796653351668463,0.03557709479085802,-0.044393669759637544,0.08830310289534649,0.018416085212815014,0.04649848060707251,0.08346802207224546,0.011098379500842803,-0.03505934952911849,-0.008639866309999356,0.02730291943419716,-0.005454471831198293,-0.04109797976298457,0.012643068185077988,0.03349905528293928,-0.04379504093409037,0.028420966983036422,-0.07470273883267065,0.019399204666910475,-0.010250862715131759,0.033139332294333634,0.019828448752930994,0.055086985456993975,-0.004189566984947768,-0.09071639045443947,0.03791762907682683,0.011986425224593589
2019-09-16,-0.007861310397992094,-0.0015807524043761623,-0.02085374017139041,-0.010839545594934052,-0.009397025133815684,-0.010212970636442442,0.02093057247539809,-0.004662908619414985,-0.007594873135112645,-0.015178852279381871,-0.0009121670155436412,-0.020873557259880382,0.007171211689619872,0.08369892778568055,-0.00859489735474217,-0.039328502432526946,-0.07957572450746653,0.24411229204133722,0.03839702206290263,-0.019237662920553844,0.009374778337156053,0.04709570093204962,0.0015363057383943612,0.047702355907955685,-0.023712309645160135,-0.050920155146610635,-0.023753937007873982,-0.012459348477777854,-0.03464044627693519,0.014931067635062911,-0.024483386940114427,-0.017305046760143217,-0.008134215435771086,0.03445974305980459,-0.0010614921135135846,-0.047894663909867186,-0.026534721874846068,0.015438707810482288,-0.04506349512196006,-0.0015261286692876963,-0.04366264432239275,-0.05084108694208811,-0.050317080146775606,-0.039761486632207355,-0.005209181368315718,-0.0004799543005289397,0.017580738020934072,-0.01973937217299737,-0.017384079427011145,-0.00013894873096542693,0.014511709260712768,-0.06678537854577893,0.07624228529126298,-0.029096548304713643,0.008021404010327915,-0.0363018291203685,0.012835105801248359,0.00639683641109734,-0.02268332494984815,-0.036722394474968834,0.006310849396769624,0.010331656731422667,-0.060681073755898374,-0.007213935269594018
2019-09-23,-0.008856109964353154,-0.0013313486823501863,-0.04425956597249325,0.004025501611574223,0.023058500596241593,-0.037197540644975935,0.0024010204372086896,0.005006329431296308,-0.030023751217941097,0.01133050590837903,-0.05314982451496575,-0.026727104630425824,-0.01227094624715519,0.006030012777436644,-0.015322651496362805,-0.049352721054034876,0.022334573574861905,-0.1896614202658471,-0.029226507734561258,0.01874002723973134,-0.042467267687568144,-0.12353820450941844,-0.02569343448319583,-0.01072120086797912,-0.015913110677631792,0.039500821856842006,0.003248304058150131,0.009585447751651044,0.0011831378032789441,-0.022252914070689966,0.14830494982002618,0.04276706223020721,-0.025108796312925175,0.019163795534955064,-0.022225832371941423,0.009286871523464857,-0.12103345656948017,-0.012263977876504462,0.015232927668598073,0.0239459261930004,-0.0035119711375466434,-0.005385419164252059,0.016507726091451902,-0.033126262927420824,0.011595383833621797,-0.02809119356084211,-0.004873033448112185,-0.036193733594367505,0.002485562962103449,-0.013546597612205113,-0.04471651145534927,0.026908239905248044,-0.07711036576863561,-0.028589436225524678,0.003610414741797907,-0.005043939720313251,0.006555918869187716,-0.013915054339109223,0.0037103348449034623,-0.008817431029019551,-0.007974595463711931,-0.018039762952246408,-0.003131125345723351,-0.00736449358768243
2019-09-30,-0.009091892933499657,-0.002089850371067792,0.010097525155319031,0.012473579854795913,0.004283121198555229,0.01792153750800418,0.03473217869139478,0.03742788013877574,0.02933439399160709,-0.058530321799679874,0.011708774155632762,0.02659210875116269,0.010889674035273522,0.005008752684118045,-0.027027002767247565,0.02995737231642659,-0.012685198964641264,0.05345914293898435,0.04740520638070511,-0.048314363149551065,0.036691420220747784,0.014710924115973523,0.016662273867553923,0.008092849029483151,-0.0008506848302758385,-0.03999999705744983,-0.10199666668518903,-0.0017451781738286876,0.002756829162275487,0.014818272544050659,0.00794766802534319,-0.04181752263373695,0.003011744862083443,0.01659516154341545,0.013864922601590335,0.026837316387861243,0.031011425488891797,0.0028319585758140864,-0.02111596537920668,-0.011634214243361973,-0.034316547341605275,0.05944353904455224,0.03144648736493916,-0.005353339391649725,0.01941173086750947,0.04036564099183182,-0.025819823112163576,0.022531664903005177,0.011222872525079364,-0.027916396013549893,-0.0015512999869189414,0.009642513419900078,0.06481266217341464,0.04104837434887787,0.018867865345814083,-0.030417414619897998,-0.007759732737963709,0.044599226108227086,0.02359611267216266,-0.0031397891875792894,0.023530783382127884,-0.015540740518608098,-0.03174087449614604,0.011425526268997288
2019-10-07,-0.024625564031276803,0.004802199346036096,0.02550843727265595,-0.014959856512671177,0.008737186677076236,-0.0160136878969801,-0.0020923349974920624,0.040526874207990504,0.017099343475571516,0.034431442730910033,0.023350860840237964,-0.0018477045938626313,-0.00015175444810688887,0.01642141950813003,-0.012780852826873135,0.001652762516652695,0.037116433679383665,0.03539445188495649,0.0005822910815687088,0.020382004499368556,-0.0023552539363687064,-0.04214430230717159,0.021551144061494387,0.013263482697971174,0.0034069516606192174,-0.0034720559268439644,-0.024038204555466458,-0.0016084863489443935,0.022977240929434428,0.011157306376249565,-0.001971222597971445,-0.005874765541395877,-0.016359513368187195,-0.005524157877700775,0.021481149961867452,0.0189887093597223,0.012345667183758735,0.011294464534433502,-0.09677657943157747,-0.004042411088119757,-0.0016217406183138827,0.022091658517550572,0.008008831631856284,0.00914962739461811,0.03173753784725841,-0.0007123956406691612,-0.018126464794325337,0.0331197041653255,-0.010195072274838735,-0.0051638046965306605,0.009052194480447584,0.0024215679352903585,0.014447521116827788,0.05889652588004868,-0.0012249471857660454,0.002892542419294042,0.011306552049388685,0.02034681923611381,-0.00038426775344080344,-0.0052492639436201305,0.022684743968941934,0.01166328088307278,0.005088384982101513,-0.04836421890545184
2019-10-14,0.011407387308678407,-0.04588745243862624,0.04100838028082321,0.021887202877478584,0.020829038049339665,-0.015644366331318715,-0.02556214709456084,0.0008468218177959397,-0.0013526987643905919,0.01264587296354791,-0.07084891322751796,0.02071836694371476,-0.004552398252069878,-0.004018770839177344,0.0032216509898341794,0.0004948566050868575,0.00929127647280037,0.019357467053656263,-0.010898304475881804,0.014889100757158547,-0.023801875170058828,-0.02815907220546565,-0.03284484028274104,-0.004409227809577865,-0.02334462223705336,0.06968644544486002,0.03756142459325584,-0.060731342092028795,-0.014014203667173208,-0.02616355393998948,0.021444653111208245,0.008864452444245607,0.03431581196032063,-0.0033080882388606403,-0.014298316187551285,-0.005338807144796731,-0.03614179914337645,-0.016251308681363374,0.028813665252231724,0.04488738051699359,0.038842410250628845,0.02419464181141051,-0.01579985950044205,0.004800008138020839,-0.03685530101207679,0.010407803867778842,-0.001241108163061666,0.0029730574679995847,0.012777329868525644,-0.013314418787540139,-0.03534845653007135,0.021743327556560832,-0.1010986125468536,0.027751638461344985,-0.02640504758670381,0.029506292115928368,-0.006459585628154074,-0.0367766552876575,-0.004842697347361535,0.04828490613932712,-0.018677227223537374,-0.005255032213316357,-0.0037703817613340407,0.04347374712094254
2019-10-21,-0.017230351378046405,0.020563506321835234,0.05618339714873244,-0.025789537266519114,0.01242413876337567,-0.02420564409602599,0.008332222612488005,0.043018338683206814,0.07817335995008512,0.02059060303796678,0.042027602163258626,0.010776884332515557,-0.007621951396801441,0.007666875361715952,0.004067529162564254,-0.0029683403577361878,0.040231711750051025,-0.008080838906644572,-0.0578199209947986,0.04255937618161698,-0.008546964478451269,-0.046360038332111,0.05120169688254639,0.01058749455024377,-0.013906879791229065,0.05276863602547621,0.028486716058679695,0.010067808321496452,0.09929900500567479,-0.01828734133552845,0.014088589856025013,0.05564839221854001,0.030734750431608893,0.06418696520874168,0.1555413720340455,-0.011683400572289449,0.10489980537461707,0.024161170673679067,0.07191561200331376,-0.06649528836286589,0.047111374242936765,0.07375720152355636,-0.02889651441207397,0.018046717082493613,-0.006966281629654514,0.0566294397729461,0.05234549379237685,0.018430214881675955,0.03205427947056516,-0.01020955460972961,0.044416748684380725,0.03528548113831631,-0.0073250978571888226,0.026090908783004352,0.01622825113694648,0.013899329869072163,0.02225554769425453,0.07958597872164663,-0.06913334229934731,-0.01862567008043514,-0.008737675092321928,0.02506608427020396,0.05332875156294947,0.0788929600367907
2019-10-28,0.02813127427716533,0.02524170071804943,0.06664629673470768,-0.018508149160265996,0.025441402809314395,0.02377632476555025,-0.0011350737797957144,0.037472632942658235,-0.004666148729490893,-0.24169257411637057,0.0323622848092846,0.023359191808306035,0.0058372487207285495,0.05077681559900249,0.002771640172528844,0.012735808747451394,-0.030481866021357495,-0.2329938692918414,0.00720978890982682,0.017763866231604197,0.03287889728022586,-0.0015191419785268723,0.11990546206040098,0.06881678659123924,0.03173206965576658,0.021039549959217974,0.02596658148235864,0.0006646230391569308,0.0008854712042880575,-0.004618316610746742,0.013892752401374553,-0.02933012584067085,0.006121670162468229,0.014593374666207248,0.03040172926137985,0.03290731924110424,0.00728722285220873,0.02124646819860243,0.021335541503189503,0.025396369477312053,0.019282522299524762,-0.009533519837160553,0.11467972783473224,0.09854011259522322,0.015322100430722685,0.039706236548798124,0.027306250540532817,0.23032150532536977,0.04253467406380018,0.02284194030040454,0.06146587588781882,0.012297821232586381,0.0489594457293292,0.09149468809406347,-0.0075834424001850476,-0.02741783576818968,0.027855874246380363,-0.01933360236874937,-0.020496273281743083,0.04693505867090231,0.04231023207301288,-0.010990725166393545,-0.12085577922436086,0.08636113753338215
2019-11-04,0.007863025190961936,0.05269593170003173,0.0401261550693599,-0.03394287109375005,-0.0007783885799154122,0.03337296830496084,0.019590897993607914,0.016886898341111456,0.010277584998955591,0.039449527459273215,0.01803665034187807,0.05671145284621115,0.02474030290372542,0.017682728809508497,0.03827365820113937,0.026621031685533536,0.02670728120328625,-0.020711598047191027,0.06656519941651595,0.015811070924645065,0.07269022248847001,-0.011601380546002238,0.06768008896587219,0.02735604057045138,0.06065780839996848,0.05636374251430332,0.09786267775748425,0.01534706463871438,0.031144945217465247,0.00144241836874337,0.05480892284273198,0.06859942616820036,0.03287535254128837,0.010381719099852305,-0.020053325365575247,-0.008041955019007396,-0.02459694265854584,0.01558575770714632,0.060804785329385824,-0.015516882081588301,0.04063741359795503,0.025618160119156963,-0.003220158343483548,0.026578048127829046,0.02709101262986069,0.01438544438128253,0.052155243712573185,0.07015017084130504,0.12503009722525005,-0.013475198431009305,0.008576405847476432,0.020305755762957567,-0.018100627803620872,0.021769923309561845,0.0008082336915393729,0.026005347200888762,0.01386286998875974,0.017951647558916095,0.025207004520087395,-0.000734903956912003,0.02114203762985567,-0.022757557672167805,-0.03362436200288477,0.016218489959460403
2019-11-11,0.03748018588736768,0.017233155618470386,0.06255167816191509,0.03761978411331324,-0.00438142979028,0.0033619896910772606,0.04832596164180791,0.024670954997287664,0.1076208622318231,5.188986451520883e-05,0.057465957768789266,-0.0015951611209997774,0.005663262167719063,0.022693517332240676,-0.07659206674296992,0.008272407112734692,-0.03358566811325159,0.047722295839487394,0.086984130875144,-0.019877345700755833,0.04982052895479394,0.026746187358077433,0.05518031064431539,-0.0026190955808602645,0.0,-0.011474551028515467,0.0338115633782472,-0.011791142622632367,0.0001543470794527213,0.03581835187700322,-0.006112870688529726,-0.025219586243364733,0.03638956609078092,0.020951667384438766,0.040340414451043305,-0.016734033056988284,0.011019125632060423,0.027473540659668894,-0.015390283829768925,-0.017458801344391373,0.05823939893679131,-0.017277768698910623,-0.0011904406491116681,0.007397215023982051,-0.0012391789775518802,0.042502002100152314,0.01174372445082783,-0.0027873982408247455,-0.034244560903183396,0.024118725172813216,0.013034610486996057,0.00493268571615646,0.046327207277985005,-0.010155157581250518,0.025695615795338522,-0.008519492619061708,0.01073913232689172,0.0513305937831805,-0.01756730897266534,-0.027702893914010263,0.025601272217740778,0.01643182100648577,-0.03229526629930635,-0.017076014522410143
2019-11-18,-0.0007620844586671005,0.006050379136029349,0.015300833287743565,0.002964338603858252,-0.004987898414119507,-0.024250165489685283,0.047756798970072234,-0.014976026711846502,-0.09861434511387845,0.009708287941959881,0.03251928597734732,0.006423536633721527,-0.004297583003862515,-0.0008056289803899386,-0.005322786507347521,-0.00299786412986891,-0.00445048264014225,0.0025880509937366014,-0.0026253514439803505,-0.018011895057384097,0.021774776389101635,0.01911545063899034,0.022355650632872814,-0.018381908193876084,-0.012484856935858102,-0.006384099471167137,-0.011892963652807675,-0.00044660128180928904,-0.006038560199324361,-0.023454073153962418,-0.0077207977465276745,-0.0019601186053288533,-0.049688284543118355,-0.10459603030843412,-0.07649463406930801,-0.03107808937297951,-0.03856627267902779,-0.0025338663736957923,-0.027815295533273665,0.02326005854364932,-0.026085529105403404,0.03281253038221599,-0.01923727666015751,-0.044974823699370337,-0.0005317356202673151,-0.0005263355416877946,0.014171994920464392,-0.019566253294427738,-0.06519092597017673,0.029249980532752407,-0.002450886212968073,0.003385146330212141,0.07701192563975567,-0.01589221797106366,-0.03099278235611813,-0.026960275152718927,0.015356949882937787,-0.0720384947645365,-0.008389859977300906,-0.007312176415609994,0.00800477086958118,0.008725469215325354,-0.03734602462306036,0.024565732981263633
2019-11-25,0.02288210700856874,0.03417979085720657,0.0,-0.009662367424419838,0.022213569406495992,0.020786046826507976,0.03372837646685767,0.020895374866174654,0.038616827382171204,0.0032906543862014637,0.08316867161551755,0.004095843995653103,0.04554245345149743,-0.007446330028930359,0.010256091858572347,0.017770994629624726,0.0006891196155762724,0.12906555971522304,0.03265909045267623,0.02009248424501142,0.03390592222389044,0.015814648647658913,0.012522889884097443,0.022038259323994724,0.02069024886825188,-0.07535058256938976,0.007021090849322897,0.0008190142688331292,0.007637557857059996,-0.0035410458205917816,0.0051758207530379075,-0.01571089379168633,0.032510081016129844,0.033882137418238534,0.018512740753069634,0.03552234428642631,0.03575318728193544,0.015409211113563526,0.017090607903832877,0.008742990919243354,-0.010452272352585612,0.02773959906781598,0.003124420146942697,0.031715514865450434,-0.0044334151399669786,-0.0795965849907031,0.019430384566569314,0.024478940561227125,-0.015785025015068177,0.012986655801250802,0.0004913815628913021,0.006747759280015364,0.010929342947783471,0.004701601846307302,0.0418081562947179,0.02855435219812641,-0.022215288524427668,0.010167931301201971,0.027348074912706632,0.029464055851742943,0.010658034315403242,0.012205492580976696,0.038588515556052805,0.030258221027095633
2019-12-02,0.006909859127318008,-0.010661285839766776,0.01226052422805246,-0.021464677314365632,0.00028834707984271013,0.02602929019043465,0.00761711265777909,0.012946588742943632,-0.022452623808847938,-0.025213949909446587,-0.008734033308866462,-0.0005059583073068197,-0.043701063271519125,0.011921354305045373,-0.0324428111322157,-0.02261752740520706,-0.039600574009222345,0.10242339666945721,-0.009157433965134354,-0.05291336461885854,-0.010659451876911974,-0.033852329648117685,-0.014460991171684756,-0.004861111837523913,0.02248983228071766,0.005053871388725151,0.020916416487567258,-0.009148379341240687,-0.021360774789566217,-0.01046803676006991,0.010298640969747419,-0.03624935907178706,-0.03578437704136028,-0.005919670381677289,0.01135561940168306,0.04463730261745469,0.008840231420543132,0.002444536121813057,0.033047027595041634,-0.0393902297394213,0.007261844450161092,-0.0203629056214526,0.026734686797622143,0.031206338971664582,-0.023334491743524755,-0.0036528220450222637,-0.011618791219024871,0.023126414770964887,0.0032315526656780946,-0.03926521339544742,-0.029958898036085424,-0.01156165790890007,-0.038863763665602624,0.03112903976421144,-0.04842588554587768,-0.00604015293973037,0.01549758315123384,0.023016806412833768,0.017968644727715866,-0.0034542164782879192,-0.013440480523787102,-0.013002049464746479,-0.024836070864629134,0.023830441253480217
2019-12-09,0.020291366069499217,0.03823920267436143,0.03835479224820415,-0.00656888631781527,0.02989525363362988,0.029712184062177016,-0.01052103088360301,0.01640155583527325,0.05777383839248795,0.014247365330020578,0.0005018756090495735,-0.0019932608956669817,0.011015151241559495,0.008122422381401373,0.03330296711287706,-0.016278390153457112,0.030476912028913672,0.021153057485318705,0.0005240370083963164,0.009057971014492683,-0.019102278388130278,0.03016677239222698,0.019789547217833103,-0.012587641526995097,0.0212099881893435,0.007542340530835245,-0.007317139375742299,0.007431200317257636,0.01725038180565619,0.013506497292741004,0.018603716023041672,0.0066747812051768385,0.04467054987088437,0.05126166450750236,0.04480106061933453,0.033718101827010516,0.0682245296096049,0.018319363787590026,0.05187065113282663,-0.0013066778321620953,0.03621171561196368,0.05571016522690275,0.04390342895821009,0.044715438049245826,-0.005836322836364705,0.0026502533077616963,-0.01426498275148158,0.06368411874520441,0.05596550687281776,0.01236196441434334,0.01974565207545509,-0.003899016003491962,0.0034553830755781334,0.1085531490602405,0.018552940241509663,0.020075694368484776,0.0012093146932614651,0.043009098050428074,0.03489419873783106,-0.000990366826734701,-0.005484252163665104,0.017157181985420822,0.10635687865997934,0.003425090764608285
2019-12-16,0.021484568226373124,0.030414489639246867,0.07290400701718869,0.025622837482460303,9.34226653197534e-05,0.00884055048165,0.019533029243179012,0.015591449202616348,0.0324034752570872,0.0685776272709333,0.019118179620803755,0.011350030671255062,0.03194932608136458,0.044639667915664205,0.047461226807496315,0.025632938913949133,0.009394724531370136,0.05361493297436137,0.008951478839056337,-0.0066785829499551586,0.04668236783839985,0.042379080583017315,0.012116646897755379,-0.029301675466737342,-0.018846357542147252,-0.020676551467589732,0.019081254281940963,0.010282534160396706,0.020072596125622066,0.02873186317831178,0.0340255424732705,0.015333833701978383,-0.04350241089155715,0.03638165248177505,0.059377676146763037,0.025271719014151373,0.07539069886412086,0.018637305002372706,0.04748008133033843,0.007161572211256573,-0.01850102553100197,0.06866361123633857,0.03388269182253789,0.04280163053987707,-0.016694102567159086,0.013304570255907144,-0.006565695856930898,0.028745211194496356,0.011613160986045257,0.006077234144528987,0.02122508574013038,0.014635796289286684,0.03535055135215637,0.06293561317579388,0.0232626774364475,0.02042571798525028,-0.015616441313803242,0.03988589469309334,0.018240453355584663,0.040644442784738555,0.05296798709407713,0.005013271855133006,0.1254144642016275,-0.020597294613019845
2019-12-23,0.005305679294850485,0.009706734640419601,0.04597958571093086,-0.004144607504281583,0.010851474364748093,-0.003087960781004595,-0.0008112401435854677,0.037074050238651735,-0.010354262143321469,-0.008343445411726824,0.013891974380856542,0.002308084523806153,0.002853539564655394,0.00027807478079400205,0.006744066756247724,-0.01676692155160575,-0.007583818240008755,0.03161139853284167,0.011750852123103117,0.006145104104384513,0.014081434726460618,-0.01570409185678967,0.004956929903780827,0.005031063424419058,0.003528033834211408,0.02053896634177077,-0.001459077071425674,-0.0023601327299597186,0.019168923637541413,-0.00014979738581821778,-0.0024196155258158214,-0.003673508012997484,0.001066724276781672,0.005916465144723659,-0.012474000342970193,0.007738760061484218,-0.018706811440699633,0.00984668306556613,-0.02449561244457732,0.002732511001529714,-0.010310750883489872,-0.010444065737932662,0.003915677380880389,0.015339922015381147,-0.002611909658438938,0.01417333960906686,0.022120304871184215,0.0014570855542410666,-0.0005627780198210752,0.013243305368319858,0.0026131429219482527,-0.0006707747957575005,0.015037327695487157,0.02851150094543997,0.005290178785702482,-0.004274388212526903,0.016185604080517946,-0.0030279780833554204,-0.00294674186056032,-0.0004763147645675536,0.0026352943763385817,0.008313879599311846,0.01669118446662332,0.01390151859666755
2019-12-30,-0.011403222978776384,0.003083494021353994,0.052403597941814706,0.008554888598491628,0.0002775274924982085,-0.009543754238178104,-0.006610451150048435,0.026328575494334983,0.0006539607907518619,-0.017512041777271725,-0.0023196025636214035,-0.007392577329845995,0.0018494416236272126,-0.01257339066772245,-0.002930923331475821,-0.01287001663954157,0.028134854132487952,0.09454412051592209,0.01403980836515295,0.005963942243119913,0.008236604369878942,0.010813696365920888,0.034993058014197054,0.014042311145958664,0.00898456180846785,-0.00817595473381072,0.0,-0.0068752839315591174,0.0003327019761674155,-0.010035108367325796,0.005335932698308676,-0.002867678048571465,-0.01307765242288883,0.0031366420862402045,0.0033706061565319523,-0.0022753090947864596,0.009253990555402547,-0.002138702689047589,-0.009304421368354743,0.018148320765783765,0.004395019712706505,-0.003377333169157448,-0.006942760932924008,0.008166629841104278,0.005611617197319507,0.015261307166737792,-0.0046186128234236845,-0.03851420867034616,-0.020045030649702533,0.016036694897548776,0.007213010499597328,-0.00048399542780086513,0.014709987272995662,-0.029765225463240563,0.008106950855021777,-0.001465919113823766,0.03516180843889716,-0.01316146395361295,-0.0056000458326624925,-0.010960278431991322,0.020294793076062634,0.035197123028299915,0.03991624457076881,0.0001952648162841797
2020-01-06,-0.010200329639303396,0.02411018371617124,-0.008847743182641254,0.0720999664093247,0.002127879908549346,0.0021976094900044707,0.014904411231162262,0.0433716652482079,0.004247643155468772,0.03291013397801357,0.04006490286227504,-0.04764662233797956,0.037063343911056146,0.001477396508037243,-0.0032231794138187775,-0.011734262940063744,0.017229896224646657,0.047115026207972255,0.026126992152883277,-0.03464290073939735,0.05783932645904777,-0.009119615110295354,0.027965098659539223,0.021861801227805344,0.02555169652181788,-0.019023472574358324,0.041402616846475615,0.017493019098854257,-0.01930108958450938,0.04111505751872957,0.011338667121183699,-0.007395400677585262,-0.01491948060506465,-0.03389501725503663,-0.0011879195355456451,0.053116639413495204,0.039244446174429015,0.017147789739497377,0.00292735804332267,0.01776380191235205,0.03112766894993335,0.03494729432431565,0.018381693863902315,-0.0044552696627052635,0.012834969815676889,0.004391307032846736,0.017499664450268293,0.009613689391677616,0.037232851037473313,0.020163801340114418,0.08443159977069126,0.0181634802053936,0.02672620617029553,0.012052258022096085,0.04726306762595245,0.02831070753368148,0.015275656676768223,-0.004397142585172764,0.016816530583748435,0.014213446794620221,0.011608561002762086,0.04101946452650651,0.05988963144383064,-0.038195602369704096
2020-01-13,0.00741591629057714,0.029222191068904557,0.05729711939266413,0.01903131404392666,0.010431989537500685,0.007590396977595448,0.03634973707841449,0.02706800326198122,0.02245005236930364,0.06945911470635813,0.005146628665121611,0.03198326005744212,0.009585164854680972,-0.038704575328353696,0.040101740604165936,0.03512545281137536,-0.001660646913929309,0.027062273284687466,0.04191317360579716,0.013688540044867414,0.002376157599746298,-0.05274335472984648,0.02772913147149403,0.011167568769138603,0.06191002082186148,-0.023917215785513868,0.027595943112224353,0.011851670676166215,0.011197893701246242,0.029610858618333902,0.03101183533882579,0.02235114392268378,0.04992030794899893,0.033061419415979953,0.04640929279871431,-0.012812425234147495,0.01746959881979837,0.03570099069584254,0.02679951516625123,0.052719406704746286,-0.011246902485102517,0.020301161821938196,0.03239746205676908,0.017087065809503033,0.01699522444392998,0.017656722281671033,0.04416937315502856,0.011638156552057133,0.06259696153840455,0.026811805523610177,0.011265254237933897,0.01833956548862714,0.04563699112694897,0.03406050530485616,0.022901749580527264,0.02151532808018275,0.030994439798095685,0.03474148017681333,0.013077063770031705,0.04845608050986838,-0.003868137074217959,0.023335907597347827,0.004709956016519357,0.026271982411406603
2020-01-20,0.0008431109767517153,0.00466061911227289,-0.011388215738843077,0.0022033269316112936,-0.03736856113891751,-0.015903572512235065,0.026121050726949147,-0.0013178349884649387,-0.01352435142413222,0.07292562442264594,0.030204272839608803,0.049256765219813925,0.011528528894894752,0.007818821229895967,-0.003467894965375695,-0.0055759747997651266,-0.023286655538609424,0.03809526231553817,-0.020909458782033097,-0.008613085224680628,0.010692116846219957,-0.02952170810053667,0.004255697715183304,-0.0037227204290070093,-0.0021329787856020355,-0.0225164516829246,0.0004552441606409108,0.016267774410919422,0.1488254559977935,0.018490673885117603,-0.008561047028076252,-0.004858438125225906,-0.0226819714088502,0.0037485860090531453,-0.004740202373147984,-0.02001629936037319,0.0017342538899240978,-0.01232784054221503,0.009250499325822448,0.020100110269521076,-0.04181323431209982,0.004813920093522883,0.010759049258412867,-0.0004000091552733842,-0.019227279339087966,0.0034287362190579262,0.07374599085500821,-0.011765718138882497,-0.065269429452126,-0.007636892180109767,-0.0006584816989564368,0.03519958968453074,-0.010015277343099593,-0.014979433567410383,0.014421193418966416,-0.017768172771946422,-0.039827026032575596,0.02575063280644807,-0.008959747841982502,-0.0013592559905613033,0.0028152448649778616,-0.005841121495327117,0.01845879611486012,-0.0001582992167932229
2020-01-27,-0.016109746606660424,-0.0006545250645926259,-0.0665342318896579,-0.022717737072940225,-0.05590358237144022,-0.06651342487708944,-0.010853139847733395,-0.02764610303502013,-0.06467721492791845,-0.061793768222169976,-0.011747559160650956,-0.05814818070270089,-0.03311881416010676,-0.05416181308379153,-0.05895601106642068,-0.016661172422098525,-0.09094007843950214,-0.03608563540197629,0.0025046888741258044,-0.10086882520137963,-0.016906872994231548,-0.04543698224975923,-0.02228998553848527,0.0013077875412568218,0.012468789876829645,-0.056233218412218844,-0.030027205383053257,0.022552753414936788,-0.06630634022054616,-0.026728763321355653,-0.09241525959675079,-0.06672069196759145,-0.09700917816576704,-0.07614274379938457,-0.02717425889409386,-0.09084133441502629,-0.08085172734825086,0.03144682871191229,-0.0661250017151247,-0.01480571400466324,-0.10717286630484857,-0.05609237820827151,-0.062241410574603195,-0.07362945856103786,-0.02996119293663735,-0.0334293745005283,-0.034049973286037316,-0.0664079620762773,-0.04841036292271206,0.012790569184511824,0.0010982205676344226,-0.09868728092422252,0.09321566622200717,-0.07489160497229219,-0.04245380341034177,-0.06321113681616242,0.008815327284521723,-0.08474363944321173,-0.07562058775885583,-0.035390229321451194,0.04446595369698447,-0.021668628015753533,-0.05782502841241999,-0.054135310015785976
2020-02-03,0.031041320903132608,0.042575556945342985,0.05808509664332617,0.02967331888311553,0.039107344133718636,0.022960999368388135,0.038275072044426484,0.033989246088631075,0.0641488554434615,0.037745178081836084,0.05161284271425215,0.03299926557153743,0.019969524743001177,0.016941289505416623,0.04350648081612274,0.13375680639379328,0.037092359969874034,0.20717000902480875,0.02139039579147961,0.011955445886308924,0.037824944172202946,0.05808788114271635,0.015169919115424202,-0.05100134973566173,-0.3057705854158933,0.05814788373583624,0.019230598790018094,0.06734813782808668,0.03269194979935719,0.051108961391052476,-0.00360001483050576,0.03574520308816864,0.01623832853983531,-0.00386127373523093,0.05764382532993162,0.08955677551619678,0.07138816811632887,0.0802445014111397,0.052813442647067,0.013898057426150023,0.07378283831471544,0.06412042634215442,0.04256674123290494,-0.11663062203377417,0.04327917663679992,0.04702274731311462,0.010947978857619445,-0.006706962784612247,0.02473311062585859,0.009904172560546876,0.0187044249233419,-0.050710600707552955,0.00836704751306061,0.006981891182903155,0.04589522421917791,0.011282440941935201,0.05253928889511594,0.05243239188062887,0.07442760727088338,0.020460934207866766,0.018722187641248,-0.014749649632132988,0.023358755565415557,0.03447406111240037
2020-02-10,0.0037337166860313964,0.03709475054136635,0.11220594977716658,0.03693295173661992,0.0068690728776881205,0.047920438233144624,0.02510277973224717,0.01778335306118395,0.0832927568542543,-0.03581137722205252,0.009371539987854005,0.008057443410388387,0.07083615048671499,0.042439230643052994,-0.02084647170197984,-0.016812451476605372,0.03287572625122337,0.07989490082739326,0.016007191052909375,0.031801264338452206,0.016714512372444146,0.05337398562573181,0.01776101285729803,-0.001114157601947996,0.8124005261243417,-0.02035294163098722,0.029452421051579414,-0.0074072098438944245,0.02395143509975739,0.032506691835286095,-0.013161124293232684,0.020201873773352252,0.03873019748263884,0.06771637498325078,0.07577670534548608,0.029658128343515777,0.028481067925266723,0.007939498512124388,0.06092894285055639,0.027583068131143307,-0.05406329161953505,0.15183430708994416,0.036443548274406545,0.04841074494785813,0.013706090904474166,0.005817203660321457,0.03950969585926245,0.008273847879815666,0.024937040665543586,0.018913470945337352,0.022776199115529305,-0.0020334932219672197,0.044273753039365094,0.044321402188224335,0.05878926235405091,0.0008580828333624169,0.013637364368963345,0.010223229523792954,0.027272621448027667,0.04540219516972632,0.025808242911562473,0.021943725748668097,0.03311955722203841,-0.0343362874018841
2020-02-17,-0.002260234966185215,-0.01769958380445602,-0.03670226981723457,0.008528127718837819,-0.022292661545345815,0.04343390354568877,-0.016679311773139416,-0.03662112835821185,-0.038593938815747686,-4.4724154389164106e-05,-0.03369223923882925,-0.04175990315303879,-0.05116808875050849,-0.031672359232514324,-0.014264125361943547,0.027655499133004913,-0.02203578344747381,0.4380627873730085,-0.022766628889750562,0.04587874187211605,-0.03556450153914026,-0.08450956045587776,-0.03951671538521795,0.020011829791170443,-0.00919667269696789,-0.018005219581286758,0.014751903468283256,-0.005706738378152276,-0.043555829946582136,-0.022084044055072583,-0.024196831511091865,-0.004125161209879158,-0.020171182590306813,-0.0859995806467947,-0.06631306844691398,-0.03913687186938952,-0.025811940402063138,-0.036471612900194406,-0.07615466587830111,0.00466337256575633,-0.04129812090710272,0.01476940811995009,-0.04800125390836685,-0.06623134519228502,-0.014241782138610048,-0.017189049552062685,0.014539259240367253,-0.07385393746069535,-0.028683090002199818,-0.013953646598813041,-0.0023690284573407716,0.0009263580449885289,-0.03279422887377914,-0.03290698607891096,-0.08582799968538968,-0.016827573686512998,-0.009807967588747024,-0.0592930205088531,-0.027910165573021506,0.0006613487410320751,-0.02394680296678675,-0.016462337579126296,-0.03277974189047783,-0.001591510139518526
2020-02-24,-0.14771811851058247,-0.07462130628486163,-0.1463963854310637,-0.13937519871378057,-0.09896820511475202,-0.11168135792874834,-0.15645566229663632,-0.1267846552367673,-0.0928403270364817,-0.1357737880833818,-0.054628292700916736,-0.10469602903253694,-0.11494719097303718,-0.14703900206093778,-0.13758104733734489,-0.13068901535844402,-0.14663803222913707,-0.17126415477664458,-0.03526972527914263,-0.10055491602231192,-0.08168899899767779,-0.09527573987519855,-0.10849053381603513,-0.1676959101912433,-0.06472328245442993,-0.09802553535902725,-0.08414084444244152,-0.131406787638084,-0.13708410296606877,-0.10659695130544744,-0.13936605767759658,-0.12096106232759951,-0.014763965111662558,-0.041279265934822895,-0.07376875480900669,-0.1338584220545288,-0.07773297474261331,-0.0903605003861333,-0.10185134263276152,-0.10573754361073562,-0.1015385178771292,-0.08161302642953983,-0.12881220201611343,-0.06793209686586998,-0.0954647260813426,-0.24024690227744017,-0.14748362999038966,0.02434055739100982,-0.1003100364206353,-0.09180094317599974,-0.10079158893675788,-0.1126943616169831,-0.05338485271114135,-0.1260577824218434,-0.07634105012715997,-0.0921152889504715,-0.12534355618645654,-0.10838542159602005,-0.1118891020740872,-0.13020488933427776,-0.05088592489338717,-0.07941973367445743,-0.1704987335686753,-0.11502159586873995
2020-03-02,-0.010188687386743056,-0.024194501105855415,0.06838172035299528,0.04750896438401875,0.009598722400196102,-0.013472538204428397,-0.018208859233057373,0.05732337207684557,-0.005677913992113148,-0.012116799901898734,-0.0914711141409833,-0.011627782696971734,-0.021318355695895574,-0.020333362904893626,-0.006261205061577901,-0.04414897986349109,0.0519146833522095,0.08331627352773108,0.014336904085998858,-0.0025843898831237055,-0.04813447374484359,-0.05243612632456962,-0.025083334368987797,-0.07133469179286112,-0.018392070448541298,-0.0625489016490548,0.029821912639117043,-0.01859389858926941,0.00450276736242472,0.03885664131760169,0.010296318482092337,0.016895206422290476,0.013191219626641049,0.012816232176483533,0.003339865575202161,-0.041340585914523165,-0.02073818828170293,-0.0027158614182560825,0.04677252051255554,0.061805883341161216,-0.05821911902715404,-0.014332842250251776,-0.017591659045316455,-0.0739549395525847,-0.0422561754726003,-0.04576973386753147,-0.11952357437371808,-0.061841331352836204,-0.010600297802436653,-0.0038956641520704327,-0.03708915664204182,0.027320074309744147,-0.027139765717760223,-0.044619770992865626,-0.0015224495485309797,-0.05044060683821339,0.0008893270083456528,0.0027230726375768732,-0.008585872705488384,0.013171237684726167,0.02648791329599276,0.011910379482666267,-0.014938788570156625,-0.03901026534540031
2020-03-09,-0.06847548338342724,-0.0037710872557005226,-0.09652188952420071,-0.05396158951046681,-0.14001726694579764,-0.0673833110910107,-0.009925143504362133,-0.0382657830190668,-0.11939780186309434,-0.0734878098446784,-0.08874408691121971,-0.13074792946286373,-0.03491429042214611,-0.0921310773655949,-0.05141102642338924,-0.09649725755089311,-0.08360145077970793,-0.380584333969308,-0.1519434400347771,-0.11651623631329089,-0.15192916490815223,-0.17085543071029274,-0.16944722639394838,-0.11526302997178595,-0.06584573690264539,-0.17764794618315394,-0.19757124846413165,-0.15485782720345886,-0.024027164439766158,-0.05405886456192699,-0.23316863363483353,-0.05051460349403236,-0.041454049248809355,-0.06622552022420114,-0.11083180822569161,-0.1953769686540452,-0.16475609887571874,-0.016958515454776557,0.027098426915157736,-0.11920193932065559,-0.07272748813982544,-0.09472281870744403,-0.14459685925701304,-0.1614583798994602,0.011821609366313046,-0.13963780231076206,-0.15258566180699906,-0.11191180044815818,-0.013643306400483057,-0.10507232785407605,-0.09934180198596743,-0.006699145038637777,-0.09321011762985654,-0.13279675176269035,-0.05692707136508546,-0.10776490202631561,-0.13411527585497485,-0.07450787958781824,-0.06291992731395069,-0.29124999046325684,-0.10732159076235315,-0.04890370115246334,-0.2358852799048471,-0.09233501387733922
2020-03-16,-0.09951361520632462,-0.11970194832223358,-0.09772211313018753,-0.039192820235435244,-0.12010021358711886,-0.14740935681905254,-0.09476679012877809,-0.17530666261339534,-0.2534878147031552,-0.06947272664020121,-0.063342369070165,-0.17931855311015443,-0.11829677037367059,-0.21461019111206348,-0.05419742615742762,-0.16191557607925045,-0.17280688408014355,-0.2087644699614073,-0.12463537851969397,-0.052601681354033536,-0.2046450259110385,-0.06312570955386498,0.027468567060476623,-0.21700686882349873,-0.028080292761834102,-0.1152156992192862,-0.18040123592381296,-0.11635011357135094,-0.15800091156607587,-0.22740678395759695,-0.25533640193426455,-0.1310344204413687,-0.09714226404420423,-0.21565678211922779,-0.28226001734276374,-0.14763489312295885,-0.16003739739005352,-0.13523910254001148,-0.20719952830466892,-0.11484702180696404,-0.11176429468528537,-0.14569838383839673,-0.22669833096870828,-0.2532781321093657,-0.04756916278708112,-0.053044802595272555,-0.14050023627844166,-0.15453465520327414,-0.1965440294427352,-0.09686793809533811,-0.05704420588317294,-0.16758618546745074,-0.11461054312417795,-0.11240966594157376,-0.15306439894847346,-0.20865947963039688,-0.2007251604667809,-0.1877865295135389,-0.07959253785335407,-0.08289242856609436,-0.09183991456396201,-0.13957940486209097,-0.25753228896140345,-0.0252146466792732
2020-03-23,0.08630133411990148,0.03551835296420092,0.17596569334264545,0.10003639175684564,0.06373460698725864,0.04219524919312656,0.04650182362970723,0.08070132508945327,0.18583839350555098,0.16299853024682998,-0.04357517066659222,0.2205349799622751,0.13071889449689067,0.17835574355157013,0.09044905346736609,0.05804971093391975,0.09968184910994116,0.24538465646597052,0.042541759891112196,0.10645100586261158,0.20556685742628966,0.057583927589365924,0.1456836045406622,0.258890000057743,0.1161555186410772,0.13789100330709547,0.208602287702502,0.13250864330379897,0.14270085454246417,0.13798043034921315,0.28988662665254394,0.13038516070510053,-0.05788900915380468,0.24750043679297984,0.28383617792272964,0.14352824669712883,0.2040985542592817,0.08991632666505933,0.1958288846512184,-0.01127252426006653,0.11009897087033305,0.22833526047689,0.10492017317063018,0.19131244980429396,0.09156636213232328,0.13244616441140278,0.21795660252437687,0.13888502722945506,0.0932524410209008,0.07995768422092397,0.04772151851607709,0.17775587337250132,0.07577543495487271,0.18216345277423307,0.1307272477583452,0.12994938900191744,0.20786615836253586,0.23842843606091035,0.029712923714298345,0.14807693774883557,0.08463712218172348,0.106790544503651,0.36070861940272025,0.02893300423755063
2020-03-30,-0.06587703293881297,-0.039956844512418765,-0.08565911381752411,0.05242246957293739,-0.07876668873882664,-0.023796121443534046,-0.021164026232089683,-0.025550832002475432,-0.06148733369298487,0.01751270960893736,-0.01815361440458929,0.015475271678864422,0.026493281281620762,-0.07317322155190231,0.006182550292260114,-0.06986682948623413,-0.13645125516042167,-0.11395924682940117,-0.07790203059804313,-0.0315884467833909,-0.09348585062638315,-0.03508279434542616,0.0427631969148321,-0.1237713627959448,-0.033808686543877364,-0.05295282025065884,-0.1411624971148696,-0.015643637329089133,0.03360708650441824,-0.04919657015272538,-0.06121605559918586,0.008525892212381647,0.054164511112523295,-0.1005341207156778,-0.09021346531313557,-0.060997153944501115,-0.05197783656438548,0.027588489785093984,-0.051206140638659026,-0.06256028441198325,-0.07183663984227706,-0.03489878733801344,-0.06826588985438564,-0.15128011722277324,-0.008629542297862058,0.0007382967017723896,-0.06795455745793377,-0.08985004065732494,-0.020423613463906976,-0.019981049663275297,-0.08006850987264558,-0.03061953166388265,-0.08916055721088045,-0.0779651999855574,0.0013668258730821226,-0.06514809837324764,0.023030860457695423,-0.03628064276167042,-0.005174016891311473,-0.04656620700949654,0.007036102416405843,0.050485875420689386,-0.09562137350172117,-0.035162839224271214
2020-04-06,0.16937247256593868,0.0854535884582619,0.1359474265034848,0.0003145845124252755,0.19716457764973727,0.14128954680634775,0.08987629337108016,0.1101026792900508,0.17289513112046517,0.07845254994011808,0.18633089134161418,0.08554604161488788,0.12075709657204725,0.22292571591447574,0.06478809352622195,0.25069100537006705,0.18257940546217766,0.32659465544834565,0.19013421160691646,0.16859269173706015,0.14121651842383787,0.17655612292733958,0.004830420555893111,0.1641254600839832,0.05904872395057792,0.13225780411204946,0.10290057085623983,0.142561271278691,0.055606971288211904,0.15435679505830624,0.179544429096824,0.0775732480732425,0.11609309525898559,0.17336225675362793,0.18395602190996874,0.22501544524357486,0.11911703460813738,0.07352281617437906,0.0979722499213933,0.20747138081602112,0.15824442615816237,0.07806158475388503,0.18772300827797306,0.2550274285984273,0.07651839644836045,0.09356934362443226,0.16254542957652696,0.13167208397985108,0.09734795893031478,0.05262283478961027,0.1506961943345595,0.1199740689745099,0.11415630644015407,0.12017413837147584,0.09658770360927016,0.21264286726078785,0.13573234838848114,0.15682932501173186,0.07711549978386611,0.21082221338768448,0.09539351945605379,0.07323884560734983,0.19445496610754587,0.12994159451773513
2020-04-13,-0.015905921282905466,0.07973006643007174,0.16990486202000588,0.10441345160081328,0.0282017147925,0.04059119164471037,0.10919635141006867,0.05526361329160845,0.07279680565162772,0.0005240370083963164,0.0972711287969541,0.04553670028675327,0.09769713678891834,0.024091827298721613,0.031067965399750097,-0.008658688620596267,-0.02171837360244211,0.023646812367516645,0.0917884953535244,-0.010208140884659267,0.06027705920436799,0.043263287193886946,0.10821148872090403,-0.008700536163216088,0.03871959279918302,-0.07787264341805189,-0.02817785744077206,-0.011357963588969233,0.05635290226000644,0.054871727847560336,-0.02120403873232779,0.041531932183290765,0.04060801222293642,0.07387416734041286,0.08030029199521493,0.02409164792241114,-0.00932146225171182,0.08150641893923916,0.10623482127419237,0.031918122468584276,-0.01357369062313496,0.11169440963788646,0.0022229878719817187,0.0,0.031956931313223746,0.08741856908830248,0.042539960804193644,0.038021850673903845,0.06412397056908503,0.022346630752568153,0.05221605891995429,0.004292548534913232,0.07742932808866176,0.06058944202981276,0.13471953177482465,-0.05240970685717439,-0.030007399525912914,0.04382652558595246,0.05441544400136311,-0.05803830682343747,0.047213088391914626,0.07068896227786547,-0.06059932493828957,0.008746618110321513
2020-04-20,0.006634856504389219,-2.9000169921467034e-05,-0.007420462548905271,-0.024394871685314068,0.02315362155634859,0.030349991303442625,-0.016862378902511965,0.0006012533386081653,-0.027443427949621735,0.03233022163604993,-0.003260729136342788,-0.004024325163369369,0.02377616123214188,-0.037217478286149075,0.0009415473163787436,0.0,0.002895600832539369,-0.031570830881424206,-0.03291418301301552,0.025864145263769567,-0.06020171845140554,-0.03222750203232061,-0.08578256933852524,0.03586261876737473,0.04174941088592021,-0.01853759666259669,-0.03350518554833115,0.03829499005935877,-0.01822408784055929,-0.006406576713683054,-0.028239715760077222,0.03190095251703573,0.017737944935256822,0.02301348048222729,-0.044261948042298105,0.020786793377736812,-0.03369814731556264,-0.02267609484339772,0.0014532620499116966,-0.031501268231949764,0.021589622665326935,-0.009339315981307994,0.047243736209643616,0.06773491159376288,-0.029476416509236825,0.00010330033323535659,-0.024902543818084877,0.04196131780970669,-0.0017065957448662017,-0.048327330770859156,-0.05312999415245501,-0.0551777628019674,0.011181969172753492,0.011635145247684164,-0.01258224933539398,0.040183639845026375,-0.006413412077028835,-0.028669799524378203,0.003346464308467967,0.005237276291973236,-0.03675933435587897,0.010479742217821109,-0.0385160935696931,0.027785986345270297
2020-04-27,0.026387520717444657,-0.0007556226707731151,-0.11213953725237236,-0.06732825696763112,-0.007775307821424993,-0.021525507195366278,-0.014684959098566375,0.021556795232091197,-0.0937379789745818,-0.04229508912045021,-0.030219085237530363,-0.019296806307231962,-0.05812221187640565,0.01956663885717047,-0.03762938374184899,0.049990575098848966,-0.005774789078054288,0.1463026908225744,0.06550757588397338,0.06267674659174527,0.12188366806143924,0.027913794940968017,0.010361223436655687,0.0470116247475143,-0.004770739385869915,-0.005246572659415749,-0.019333306268932815,-0.022851289704703848,-0.030205951329350333,-0.00959567038535003,0.05812097770139735,-0.06311729456437809,-0.037933202203279004,-0.08883086914701066,-0.11868610515471323,-0.005974987457463499,0.020380543188249556,0.00011435330267084431,0.015910547850951584,-0.09142683184048528,-0.036693153059003336,-0.023515960347650577,0.011331351351490548,0.031377901973728584,-0.02301444539709563,0.006358289243949322,0.021230726975661085,0.0362665720143045,-0.005260392940468428,0.10760068188676497,0.015521492765056655,-0.018918536724264023,0.12071699686241333,0.024039008575869047,-0.022152515302163556,0.006129952488026946,0.011992083042881685,-0.06693549530981835,-0.03704025639351194,0.007048713904612036,0.00022245027523615235,-0.03351718496532052,-0.0051609508862163755,0.08115237432088085
2020-05-04,0.047032137646927374,0.06884019799858865,0.06635921186275984,0.05518465347220225,0.04748526381201246,0.0597258668177052,0.028868681120495454,0.072854406969032,0.1475791772658932,0.04994218429815933,0.05368781999618566,0.05902949974468186,0.08728906996629959,0.016101773623288906,0.05058671103147239,0.01168152167434422,0.046466647714147546,0.3243930353594653,0.03221929996629136,0.10140429350511293,0.10246285687553502,0.0519294980692524,0.3114816940049039,0.06665509732125385,0.020134130679193563,0.08122352321672,0.06458186018249168,0.009190349954970367,0.03828090813690421,0.07364146253657489,0.07110592383085379,0.08524276785332874,0.07299665783074771,0.1412791095923296,0.1292654259703485,0.10034353679517793,0.07079440407250859,0.05791377751797944,0.1178308517652864,-0.05445508981758329,0.08244961875105505,0.1050994262628433,0.09780110738067282,0.13227519635000085,0.034369453287735,0.09903430629275745,0.077884995665221,0.10574340647095504,0.06504497347507288,0.055925601981620776,0.12489607590420793,0.07021631166835718,0.1111896524819993,0.12536649182774484,0.07036887745420084,0.08741838954132186,0.04030270828131055,0.1251511799874261,0.05640952605203209,0.1259890235164589,0.04908193743867373,0.024485361960097096,0.09189726439650081,0.07701172636739684
2020-05-11,-0.02481956719587164,-0.006013501439227964,0.018988572331402498,-0.0302521516740204,-0.08095127353756504,-0.07311298335222971,-0.03456009701763818,-0.005117103805098999,-0.0328933113230484,-0.03467729805551045,-0.01937160017086137,-0.053157726042630804,-0.004729558500830455,-0.09885756363938036,0.029774268016981242,-0.12211349009433814,-0.0911195920592669,0.01920395098220462,-0.028347522366972355,-0.06905118943701094,-0.05049857300925442,-0.10846922400539927,0.048158462145109215,-0.09014523484007964,-0.059210537867559476,-0.11121966686395535,-0.05108562369259084,-0.036110055353006376,-0.01777752726978743,0.014374360979733769,-0.01545470578062691,-0.030827495208818223,-0.05869503941613807,-0.023731848593481653,-0.05109249371911273,-0.06856184262581799,-0.07958550111191642,-0.008230305940650662,-0.08642964226800365,-0.016759325618842746,-0.05612456168757918,0.08681598115976663,-0.1372569340544494,-0.17348137120979934,-0.012133723428661258,0.04145632433698765,-0.09154441331078178,-0.08048544578181882,-0.05945891637717138,0.00876224410082549,-0.025980626628782533,-0.0644341849980028,-0.01802475251689528,-0.044955808299738886,-0.008990462994744819,-0.0874267374818457,-0.05304758905905571,-0.12597923643782083,-0.0587827008542714,-0.04324320200327281,0.07425124367235969,0.034326827958164774,-0.11289596362746634,-0.1034085102360206
2020-05-18,0.05345868203262083,0.0546400838753065,0.017896630855199547,0.02375371513960034,0.1031467730811979,0.09096258520474243,0.06277321663911706,0.03633263045351809,0.04515737837462286,0.04618674916442811,0.08333331926111387,0.06236293112842595,0.048495228119083356,0.08107557851072023,0.014230827183139505,0.025308855008975062,0.08804111857908992,-0.03357319053288599,0.029865860216074624,-0.010235696768376878,0.1051197924984748,0.10414026924186359,-0.005507946088911475,0.05451449742312109,0.010989028080387486,0.006586173091549741,0.1440108248472498,0.012053519270961877,0.06829090265162541,0.011322445004584125,0.04167844615392324,0.009150165219706574,0.07680944158111846,0.03826048902080448,0.036928222842000036,0.050987326393255206,0.011934337638843662,0.0019107321987517079,0.047510367009762966,0.03966810707502977,0.05427069076362745,0.06306856967909646,0.08712010106254797,0.11236750497898873,-0.0056686478596802425,0.06776465856053315,0.08015383206881,0.07211489702331164,0.03866979368302714,0.015380348757446871,0.03805523961232549,0.06677822703035874,0.047238569356070625,0.10167581175191387,0.0779941108551585,0.08837809671994812,0.07369791056248931,0.10300554303537268,0.04794902767983955,0.11101695298806091,0.014940064250792862,-0.016248555946130616,0.08186684925845444,0.11818177168830513
2020-05-25,0.04083436400686158,0.003478160992379742,-0.024832317878450194,0.05357503466352642,0.06343593300708883,0.017017934804973045,0.048653074148205855,-0.0029790136934355615,0.037023489428677614,0.060362486512462565,0.07457353250867182,0.05284669995775482,0.06089480160294425,0.05255528217199834,0.06503346933252407,0.03440895278685008,0.06594941670428645,0.03137186308414153,0.032177232220198526,0.05542204315533672,0.03402670828886123,0.07246371342822533,-0.02411664779464817,0.03477592310743205,0.12549402179146973,0.058887949428382935,-0.10941172435101232,0.05498746456885817,0.01076147020772611,0.0094225157192247,0.027825401613459144,0.04749580277702825,0.0594748171666315,0.017110012609931058,0.04798190833144389,0.09808223152088047,0.06608816896298264,0.0013644432592192501,0.03744193825699593,0.008495497271935992,-0.003133357664727332,-0.016701148009936273,-0.022678749883626503,0.047649301836471425,0.02185469812445029,-0.011179742422551708,0.08787919455064963,0.031514643681206156,0.02770000905160175,0.07284911027308993,-0.017205581739489828,0.0408163549774303,-7.732441477881213e-05,0.016964856162960062,0.057273116806738855,0.07242343310619659,0.1059150009377463,0.06804801256601167,0.046812874373421964,-0.0053395090107548615,0.04238303092069429,0.024751980422599518,0.04596890257215991,0.07300654729507361
2020-06-01,0.03407385207802882,0.01629588125583692,-0.013011166781899397,-0.06427223871091214,0.10811940394476682,0.10905021941766146,0.021554791885214142,0.042649907184571845,0.0713777213266209,0.007324558407872939,0.11089457785710266,0.0886119262009144,0.0012049579280140055,0.1301053576972293,0.00020892252168680514,0.09094327454957352,0.18183351739285225,-0.061866275289250594,0.032128007638392075,0.001518087382575306,0.04485284448616356,0.10210215026356351,0.00919542088346681,0.1092851551788796,-0.07594366543201403,0.14418100986083449,0.14993398322079443,0.05732602174448931,0.02240558916137081,-0.007612393275516549,0.16510693206714544,0.0330301385683629,-0.015906720012926145,0.0938851674215948,0.11418864213855673,0.14559463050436494,0.12126881129791922,0.021555141903044195,0.12109651880388572,0.15199899176529064,0.07902999635793262,0.005013736157115423,0.18439142144537413,0.22255913445928988,0.0039055213272265465,-0.016491711387657038,0.09636031520048527,0.10435364262076763,0.0948319306233516,0.030548307045867862,-0.005206181350614569,0.025452346375495427,0.006521792145654848,0.14864187727420353,0.01138686372723341,0.12049223057514435,0.007698077943977255,0.1471576700883377,0.10695642640656655,0.15337423731649702,-0.044976166349464664,-0.03529517337756838,0.09217940615384546,0.062107684118551054
2020-06-08,-0.03309522273850729,0.03471625059895311,0.007532985637915823,0.013535316544349696,-0.11205624049866558,-0.04960256843603217,-0.06513322965168478,0.022020550144271844,-0.06047514389933306,-0.05268528930611083,-0.045997174665958096,-0.05307793505609204,-0.021225409289046482,-0.08967589082254102,-0.05770424485721859,-0.05223099814798371,0.009370261491414178,-0.10917748796141225,-0.012812447018094253,-0.033209260615261194,-0.017090163265528147,-0.03814719459759286,-0.07218108732446837,-0.1205184936523438,-0.057007341623756425,-0.08640829997708532,-0.06490507584996197,-0.07685905794851622,-0.0778675191318674,-0.02578876814211739,-0.11646595012539973,-0.03863194092487654,-0.10093041183672447,-0.040471845467277,-0.06690278885680945,-0.09427288021940516,-0.09363360294861756,0.002884700153370723,-0.08994269297249746,-0.09814004593172332,-0.11652103474742348,0.0018583928025894814,-0.06721152589197399,-0.05803571850939948,-0.03927392954666287,-0.041229099162645944,-0.10245992859491493,-0.058528544568473895,-0.029929309368583068,-0.03947465016250551,0.007073819260403402,-0.0694979844069572,-0.01365053190828347,-0.06793481728278106,-0.018418293133870223,-0.13675315837610058,-0.1152784919232841,-0.06526835069260728,-0.05683195150819953,-0.08843080581169815,-0.04385794030055601,-0.03365202883108054,-0.1137019897984004,-0.06924879144667728
2020-06-15,-0.0001982095941235329,0.052811533353255946,0.013644851256753743,0.0012956436870370514,0.021261141834383768,0.014947948763624375,0.04188407068624289,0.03223184141725022,0.07780723310401072,-0.021411277038323684,0.06664872695945845,0.008392915970873327,0.02727478723873311,0.024978052858821265,0.0055467863185725275,-0.011678891819381532,-0.008540587684907619,-0.03927616297472014,0.0737021588264628,-0.026154598319358402,0.020265053940440758,0.015783136845283874,0.04887211223416155,0.010949173634360543,0.05436158574825645,-0.022390587807363027,0.04079381545289551,0.0045937177591159895,0.004887937292170852,0.020094194389445708,0.08798702227003363,-0.02595223315286621,0.11257452156988657,0.045535912837500137,0.10800635089087507,0.0383418975914418,0.04395168260454696,0.039469424004826115,0.03663573324882452,-0.007565686064368138,0.038153601053174,0.03680365877224112,0.10860652435553653,0.021063697912131252,0.04897814906211906,0.04002713774199207,0.04723250730964179,0.026629949359456617,0.04188134731708115,0.001924085485774274,0.06761462107602045,0.028452962802758774,0.03827276516370115,0.00346700117638421,0.02700440244935831,0.026848338489788626,-0.03768665528029391,0.153310264188252,0.00742123876371048,0.04546556973796001,-0.02772023062317175,0.005338670459254624,0.0335273248225767,0.023535854937006828
2020-06-22,0.05418015694822986,-0.0025466608561035553,-0.07615712895034488,0.04877079194131828,-0.02898179070500484,-0.019221200473352962,0.0052913464744930305,0.01118025153449409,-0.042165790565606875,-0.03385161143973159,-0.021360700002540756,0.02578547045539703,0.021109845264424942,-0.07233861736610814,0.02184468700478992,0.01938705772461158,-0.04831469789858145,-0.03039387728040832,-0.031467985934241605,0.02539335071856441,-0.03721256676127194,-0.028685307161774865,-0.015799839861397325,-0.018162128862337368,-0.08121098787070113,-0.032586677671622155,-0.010131143048392355,-0.04311275794013214,-0.03555844685664267,0.0006984688480056178,-0.08743655368590497,-0.04727115080232469,-0.08342732693660748,-0.018280676706969534,-0.036574844488814984,-0.03286602369191727,-0.04603590656734824,0.006046617018969025,0.019879072987080804,-0.0007197747089017215,-0.002041857252885526,-0.011472513858379996,-0.07776936017136005,-0.015471853868170071,-0.00404407640579274,-0.023144016693999347,-0.040401478111605105,-0.03962433080726224,-0.008895267257849837,-0.008577244150676622,-0.020219303776417674,-0.09759859026087592,0.0002500965432186142,-0.011778474521241922,0.03236650213867098,-0.025031023923209106,-0.06788799097127707,-0.010876257482258955,-0.012170670072443102,-0.014651187630586815,0.02274846878613368,-0.007892405537083591,-0.07929715039790064,-0.06803829372565484
2020-06-29,0.01529620773265905,0.03754801432378918,0.04471061370638285,0.0735503444812371,0.02021934535967218,0.028590908391636694,0.05260002598112434,0.029635361492185375,0.044878356178355006,-0.0005697686616079611,0.03183805202555923,0.026218926792239694,0.04241265464890631,0.07945420873119047,-0.014683545286190869,0.015757993190486763,0.023219277503637947,0.07858722810702679,0.02365168452332478,-0.011418718958621343,0.03094528909131089,0.022969704371122113,0.028911181060616187,0.021043728375424564,0.0465484441121482,-0.00947350150637083,0.027694206602826288,0.02141826388473822,0.02834787075002443,0.06554490810130642,0.02845023974946126,0.016689269193036482,0.032492885174950636,0.036609039160650614,0.07001156772673656,0.045577202638706904,0.027634636920327527,0.05057808753704496,0.04808842658920098,-0.02658899532374881,-0.010002106511287301,0.04994550601598369,0.04225612929457356,0.004714518170168214,0.03248427789530073,0.022804914049226355,0.036276948339109216,0.02728881652439985,0.04374032877422862,0.010226840492451705,0.051100074815300545,0.02091221329816717,0.035602645675712585,0.020420980585582393,0.037601111915550156,0.027961279734252775,-0.0024399374511018257,0.03335369444551817,0.019777814523754156,0.0035402768388088646,0.04234276919500446,0.03520918380689109,0.03841447848924173,0.034980907317748056
2020-07-06,0.021045685046863216,0.052488992796625444,0.06763471351179029,0.010077787853332465,-0.009804845600189904,0.02688888130264533,0.012350211970014735,0.053747462089697384,0.026065558117857046,0.026602091347894596,0.017031070999912856,0.01258441539679045,0.032202019379535596,-0.02792252954553265,0.03062811188733816,-0.005349434203549164,0.025769305236004625,0.1344658127865903,0.04389195245279409,0.028876695615257297,-0.015760383406371647,0.1525661677504675,0.05316383042011674,-0.011551561277294953,0.014492469589022505,-0.01594071016955856,-0.0046867144220065216,-0.011278267625107974,0.00676479271284558,0.00737011625000239,-0.004451689617716581,0.003549314471964493,-0.030676103090514384,0.02926052981774685,0.050293420307634173,0.019118659986633535,0.017459317854277456,0.035925407521776975,0.0477758974220035,-0.049374619020714605,-0.014006981548206898,0.09019740724591241,0.038857385145760315,0.06830028389461895,0.025920690426973758,0.07994621529825885,0.05902648453724324,0.015503164434820915,0.00696630499733919,0.0019428101881775461,0.032981904865614364,0.0008448179975026893,0.021003868536509707,0.021803489752480587,0.0021762965472027496,-0.02608796654483636,-0.006902320235674053,0.03310477037150861,0.03751684583487647,0.00047037764695079254,0.012696384635230151,-0.003889720956909426,-0.0030630833559017745,0.022075048187776503
2020-07-13,0.007627531443801905,-0.07245816794250914,-0.015032214325908289,-0.014090675479175863,0.0746864590496612,-0.062249072444460096,-0.0017238157606273008,0.00424847753140889,-0.004633271875158829,0.016010396113531167,-0.026776975097574374,-0.02106825305281368,-0.00732888833141665,0.04102262653209232,0.0019289095697061498,0.10129059916571381,0.08886392829097556,0.0699982148070264,0.013594193129490062,0.04848434041659311,0.0023776122396681476,0.06105406538625813,-0.11440330795478193,0.034891489921810015,0.0004927205270055524,0.04427663492711842,0.03296066676374343,0.05711879410015985,0.007894922203096177,-0.05782870061705536,0.08240184918677129,0.050839811365245735,0.0014338323486642324,-0.025017292477645947,0.018501115747932895,-0.00881717530611148,-0.024260334559641827,-0.05049837726323059,0.00609085507086049,0.07210719642858154,0.055122717746506567,-0.026504835492074497,0.047907712178972606,0.034163043960895756,-0.04338729235822969,-0.03675283813118568,-0.025817341119629522,0.017587725945287902,-0.0030267793381257846,0.045070385129752255,-0.05581257960073038,0.01878427065822974,-0.002601040632735918,0.020804645715692294,-0.008736911143539916,0.08645419471646054,0.10108299866517134,-0.010986339493967545,0.025741210973001083,0.03314527073499551,-0.01092492445260218,-0.04900237285463027,0.02599854498741494,0.04768478166065404
2020-07-20,0.0014024419967104684,-0.00487955183298483,0.26090116954014175,-0.008078150464119749,0.023230691762196276,-0.038886599394296506,-0.025304669058644258,-0.03854052372935024,-0.02696639767546294,0.07851705451245117,-0.020277627796853603,-0.022128846127478896,0.023545773739553244,-0.03333062181066637,-0.007486843222426431,0.006023198385357809,0.008608765533325347,0.005732593908537753,0.03555103545776128,0.019474026666274513,0.0028560878451251437,0.019016390941182015,0.030359371700555915,0.012998668869267815,0.0039390099792318,-0.00517073985218186,-0.002849059061955428,0.005435265814972112,-0.1568330538267766,-0.0020396492894716456,-0.029212402944253757,0.02986966338761654,-0.009511150713705008,-0.04558831715930978,-0.001588154716391288,-0.05167036206359743,0.011117837674345932,-0.0077877076377920185,-0.01719990850418951,0.02941599999813893,-0.035929466880984195,-0.0006861760978817966,-0.056719094785578794,-0.03397834839814673,0.017946487216300433,0.01651306867437996,0.00879255832164283,-0.01807339118544571,-0.03621391363344928,0.01518109162158221,0.0037810561214333127,-0.0047648617843230046,0.008013098082965575,-0.017469071231437594,-0.014825777869407197,0.01974763214424824,-0.05331697126111046,-0.03344132948230416,-0.03181726999202239,0.0018202051187421464,0.0039067304556692495,0.04421633433145833,-0.012900285078540463,-0.011424368537014562
2020-07-27,0.015083118219590075,0.032557946236694946,0.11570603173981953,0.006264583775007271,0.013124012547685693,0.02352740743285109,0.05822628111231176,0.14733027632997397,0.0612011510064161,0.09695532997671319,0.015243849701717105,0.03584137189960934,0.06491864606539188,0.014752186924389843,0.015086546244502674,0.10550169930698683,0.05838167934965699,0.011902750482992497,0.05829981799677553,-0.10791652118030948,0.060000522952264435,-0.041988426910529064,0.03953698337413902,-0.00040101893318444937,0.05198619345920297,0.025987631061809013,0.0045714337900100155,-0.022656768317374953,-0.05653304406406623,0.06127865773544183,0.05957464459372863,0.03676457502040198,0.031388755430281634,0.06173978359525556,0.09094060113990055,0.015168224935557584,0.0007995015876383071,0.018430059921359154,0.08110014000916821,-0.013617326405217955,0.02546282558438584,0.04122307720192264,0.015377951594674366,0.0063508095982407475,-0.003593940384644334,0.04984200703179975,0.050331432852944946,0.14501426012391083,0.18809778485975515,0.041370632961825526,0.03374184532337021,-0.05870108296306109,0.032949998083634746,0.10614715573261013,0.030252915401742353,0.02062558398022385,-0.0072827315458794395,0.06500648280205223,-0.016045492517493876,0.01090164786609149,0.0001679709907433935,0.015105711000450661,0.005834305925378036,0.039891801523844084
2020-08-03,0.030162942936013515,0.011815808231586233,0.09582846622369612,-0.02863750578786317,0.020801925986978054,0.012799247248868717,0.005698612295203853,0.04566654250233171,-0.011814147568890099,-0.11152168143791752,-0.0008035663346558364,0.028981929753262747,-0.006590400189502299,-0.012731155906930969,0.007006234974986647,-0.012295093050032624,0.027419238726471562,0.20675937046625514,0.027302860570704413,0.03443714602470904,0.00576060193818817,0.22468515935409594,-0.05278377051796168,0.055359386475233086,0.08904418891691268,0.022289563701296533,0.05062573068580378,0.016430868537071097,0.006285279163835922,0.009988208492268447,0.006024228744473614,0.022064714273262398,-0.017519271305365014,0.015112816529821327,-0.012514635236503202,-0.027130627540982055,-0.0261683021031891,0.036437423603974395,0.0517715640709655,0.031902810745088495,-0.033860134814854836,0.05508877187221084,0.027056955804117377,0.011650474110381559,-0.0039676664382294335,0.02082688842949154,0.01612908978716887,0.022005520550369084,0.024997623414895642,0.019539899070483813,0.03181933155777461,0.0019904162272812442,-0.018192214321220868,-0.008311609549447763,-0.002158457644490852,0.03761107732524893,0.05660249318752553,-0.01562497961908138,0.05432680787953337,0.104695574548195,-0.0010356756254373822,-0.006046857632206026,-0.14176327173939407,0.008156753499276581
2020-08-10,-0.005657423507199777,-0.004381967632645978,-0.041838485400161995,-0.012085695660787099,0.016858019746203823,0.007393444893169621,0.002625115526576405,0.03601908835323098,0.06370915750647987,-0.07855287973608382,-0.008000335869036923,0.005798898660869245,-0.004883431173482888,-0.010891313393647462,-0.10394264880087967,-0.008150759044792788,0.0147567562725619,0.004393291327669635,0.03345637993524542,-0.032223635796654104,-0.02727969700187527,0.018922216476667586,-0.025954209365430914,-0.015584521039996635,-0.018835569233988103,-0.04162517420458789,-0.015700974258778255,0.015606550593593838,0.024818535782613393,-0.012571359893025269,-0.00883966226248567,-0.043176338324622865,0.04901159148673373,0.04269162063114873,0.0032218976953504175,0.012427961111299402,-0.06461539710603403,-0.016848822103996852,-0.01029691342775485,0.007694514251941564,-0.02897161973015483,0.03254590066633445,0.019302584354983443,0.05758161008412643,-0.01864918254544279,-0.00819138498431815,0.006211190480369222,0.005421023505082667,0.05071593058051982,0.009185701659032652,-0.03775178424611447,-0.005296878228388202,0.010482177177754126,0.012121322381139388,-0.013229990003761904,0.02531906452934951,0.025057073314700862,0.028434430113522424,0.02837696628048647,0.02460856099714337,-0.059711940335775426,-0.014781372150997618,-0.03379291547120067,0.010563843075564572
2020-08-17,0.03144423555985676,0.05723859420873745,0.03087324000760505,0.025486561270719132,-0.014028115804785024,-0.009899288946598972,0.03611225604402768,0.08234887528928625,-0.07911840318900021,0.046551037948516116,0.05939832646215781,0.006710962900882578,0.023796293470594643,-0.020877370856182464,-0.005882377031700026,-0.018078439618358533,0.004641088825672046,-0.00027343181328043364,0.0019157591179401745,-0.005365642860451492,-0.01878187230204753,-0.0028259869650388847,0.03220997576202378,-0.01042556217658741,-0.014397959036647978,-0.03516032142892389,0.0027499186839399226,-0.01684367056596503,0.007977129472175992,0.054624646948182365,-0.013294250842746935,-0.04834818017857112,-0.06867411271880508,-0.03149697538781093,-0.05406240432816711,0.07714577987695281,-0.06447383368797,0.019722614990290932,-0.011273927638154269,0.04505741114296913,-0.007459358907815128,0.09680911715972629,-0.012516405844193557,-0.05127046375570432,0.01826564054431179,0.03944265229792987,-0.0013717734565280582,-0.007670068066625069,-0.006506103578031386,-0.02912682207453654,0.07272816901241819,-0.00510336405426437,0.03141854381436171,-0.0244750376833186,0.08635808587455895,-0.012874695021260707,-0.06737312714873867,-0.022873712530137813,0.021696173889068637,0.00635172068360168,0.012933206911121431,-0.002701517568292622,-0.05679917455676031,-0.037408706264014824
2020-08-24,0.02315872966455812,0.09133172965896241,0.020761311822585116,0.04500673889619722,0.014227703679639214,0.030684375384599782,0.03762709231148875,0.0035178683121324106,0.01621263710689269,-0.0023813363015883215,-0.003544547741042292,0.04484565126568785,0.0026227811913517307,0.03769654043117443,-0.0011835373065448573,0.03337452543575137,0.005851459467396403,0.03965000752090986,0.057428057301362356,-0.03731896821183511,0.009203047501521677,0.07962215448546117,-0.0073646019193392975,0.026065212687681916,0.07053849099429788,0.05359066572731619,0.08886466909472435,0.015508288438023543,0.02333610790531737,0.07410829202462521,0.027469208925869015,0.018628057305886347,0.015123118681410253,0.02274853556560319,-0.007526255694094042,0.027494095928604967,0.0710265592352346,0.07719142016759761,-0.012062388319180939,0.010926878242001337,0.10884870972156757,0.036602577926709845,0.047160653653570694,0.053562929096434786,0.04874081313206302,-0.05443135316647363,0.04338370981053141,-0.010484389197099486,0.04601757163917086,-0.0041900254382822855,0.30631719605908114,0.03925083410405006,0.08555467166714359,0.011052271311509987,0.029985918379300314,0.052403129612144994,0.02143323082657722,-0.025795320856543458,0.022518743032214017,0.026035496547548442,-0.006707654245926009,0.0068205083502623776,0.12251560902644987,0.01754264818727269
2020-08-31,-0.028478523633545527,-0.0474401670749347,-0.04137931957039953,-0.062267552704878715,-0.012115154948174611,-0.012817183436043877,-0.04603368000164587,-0.030827519438296647,-0.03345493097760255,-0.04927034549365761,-0.0546101076848996,0.05257828149813282,-0.04492155267468567,-0.006051940399991351,-0.03270127829434666,-0.013000433726281235,-0.012046698273021628,-0.1299315772548929,-0.030587259481629547,-0.02402705749718148,-0.014219277414518228,-0.09925003051757808,-0.10019889732960252,-0.0022817391352787375,-0.027442800010719748,-0.024415307588595225,-0.03123425292494375,-0.02214760495758794,-0.00694034780666164,-0.03756018486092205,-0.06399329822765576,-0.034081532498101974,-0.02445294192990677,-0.07305516011687185,-0.05034496440143721,-0.021444078559441193,0.01729061276105326,-0.06404268102910193,-0.05065677450036199,-0.0035163415199517267,0.014429359928746832,-0.039949730115945936,-0.007073901041963038,0.029505201918777146,-0.037145848834195805,-0.0746848437209876,-0.03795939689030403,-0.08051046725762512,-0.018866216839795946,-0.01778318183617067,-0.060494314961436535,0.008798093884269553,-0.07690571133537216,-0.032098432551918465,-0.047883773760041826,0.008270410551645346,0.0051510708830635465,-0.0831682110514067,-0.02104680752514254,-0.039600179837821825,-0.023161470281448993,-0.022100538661500524,0.008456651520450276,-0.06999577246148081
2020-09-07,-0.005506657248535718,-0.041854690075428524,-0.06913797891287876,-0.017891749847331218,-0.03835880244879897,-0.03099447249317111,-0.022197332189181407,-0.07407423362929655,-0.0977688867484029,-0.03453343597416636,-0.027364498980920637,-0.008954493910826922,-0.041273094357267115,-0.025645535109435125,-0.023027771768973526,0.0205057636996393,-0.0034321225105699016,-0.016021842946108533,-0.004268022883456846,-0.05623723108544432,-0.004863691350085797,-0.029836163881856392,-0.020996237834248088,-0.034608885040523396,-0.09662269741036522,-0.03649623285825854,0.0031201422652784583,-0.006868345364025807,-0.01597447300319088,-0.054366389200414256,-0.0674564501657503,0.003175584284302202,-0.027382817879798016,-0.11082364387818999,-0.11746510157587486,-0.06888583849956043,-0.008390794445196748,-0.0477012399842589,-0.0734137301712452,0.005358212264733986,-0.049784493415492403,-0.03599613712292271,-0.012506993680699074,-0.048500898001253345,0.02278847309430465,0.030935712422246686,-0.06146652114931794,0.034233322531067145,-0.01675022430421702,-0.0542683783349589,-0.0455437415929133,-0.00999771859509091,-0.009881230480117686,-0.02057412597169317,-0.04182213806612334,-0.009316687468431839,-0.015279704961891127,-0.045700976477055066,-0.02918790150636774,0.004003217906415335,-0.01358361183557577,-0.026579486006541475,-0.02070233015425227,-0.04064471915276502
2020-09-14,0.006005674277944406,-0.008061988461526282,-0.01846995153725206,0.024133719094557193,0.04391606629030531,0.009753874124609485,-0.028655120939803047,-0.046071464135783446,0.020909046923288432,-0.013885490726435412,-0.010330538459923488,8.372021866742685e-05,-0.01723968045682267,0.013474737603968556,-0.001755570732936973,0.009973646763291377,0.015654290262407278,0.048694289450797346,0.003937101718732183,0.007083911069705406,0.04700638354684461,-0.11672154533918333,0.018320698549656456,0.035454876143430125,-0.01230458762510045,0.04116669683425922,-0.008551631192746711,0.010703081806334502,0.01237825076002852,-0.04720626932868688,0.08895407905956265,0.006487820844049974,0.05143475991860558,0.040828171032365024,0.044967604522671234,0.0069515509309407975,0.10088974004227569,-0.017840555606886577,0.07134117619742697,0.022422957578008385,-0.03356785714115207,0.0020346837528373296,0.01074158992938301,-0.007414265429924627,0.04824557897418358,-0.005515812715613078,0.046294014791198324,0.041151636513205414,-0.02406993265791091,-0.020595405903837793,-0.0013163608234648683,0.048990202392723114,0.01612469733084465,-0.0010281507692563308,-0.011536220305695455,0.007768637387563393,0.03786602021871199,0.019353744162637687,0.01679242385161417,-0.016148352786185427,0.022069970459868582,0.033059040183453625,-0.004281505271213515,0.024763910291068836
2020-09-21,-0.09124383811947245,0.02615765438056994,0.04177228400734134,0.022097961819727452,-0.02715251246766104,-0.012444447761042698,0.023207084703888547,0.05091736160228244,0.03704362851938159,-0.0016916924326715321,0.011859805938951196,-0.008145145192210546,0.03969525861742618,-0.00070923712081572,-0.03416213779127375,-0.0113272337286775,-0.0382243515096391,0.07836540744958387,0.021379580990634528,-0.007034082256543117,-0.03846593254833952,0.021052619223652647,-0.004007497662774195,-0.04179061353525404,0.00143742839290395,-0.04105260530220933,-0.03430078979281592,-0.03103621378750987,0.001002269945546086,0.06120670755533997,0.0005982366990706645,-0.08079077835647996,0.010504678563231673,0.05001109724202468,0.07506244768837655,-0.023175656804049427,-0.03153330114733921,0.037077683461465005,0.044262316984652994,-0.016952163464621917,-0.015254649067192871,0.05615597934219485,-0.04678168823134132,-0.04341738103936965,0.0008368317738005615,0.002235103141299044,-0.051445828286792894,-0.01866901217997452,0.03442066723444448,0.017247028289875566,-0.00016473056402466213,-0.012290259444873053,0.05932597298565567,0.014631250228600123,0.05340275711287945,-0.03266047483138157,-0.04026823774250854,0.017677077590570578,-0.0024516892810479973,-0.030395137717918908,0.03894614089537063,0.004397152567320317,0.03386192333329707,0.005114181494469072
2020-09-28,0.03620170486399399,-0.0016466058337819556,0.04791193453928466,-0.02565713267275338,0.03501797507852511,0.004670413823786301,0.030176777292560297,0.00659074498616552,-0.0003435627449914769,0.016247979050802108,-0.009833210988391072,0.009201564970014564,0.015426132426632932,0.09535210176124576,-0.004681556036079448,0.011457009958307118,0.051602561148266,0.22833464997899888,0.012292927916528695,0.020918428043312343,0.03217512760806551,0.06645517331340622,-0.0036812106969587033,-0.0024672119715368757,-0.016267799166339136,0.03402848457478713,0.04316937885780825,0.013619107153447496,0.021425774135899633,0.010643602132873742,0.02781100294612604,-0.003272418602092708,0.0015286780705843217,0.021552856809973653,-0.004723496088481216,0.04755175648090182,-0.05270650894928508,-0.007843234783847075,0.02711360588128886,0.018896029637321954,0.019065841011975504,0.01464229856352861,0.06308934319692594,0.09516841311477675,-0.016220692475141796,0.012472141240907453,0.005876632653528224,0.03932189905915462,0.00847154348329604,-0.006028398429190784,0.021051332679876245,0.02459261209086927,0.02746003425685095,0.06398543636650866,0.017026393533610573,0.03135158212351974,-0.006955616870689463,0.01158001752541682,0.020025829041558696,0.03093006069235371,0.015226104022841636,-0.016635850464462254,-0.06524569941733405,0.005243556856682208
2020-10-05,0.028282425890607588,0.048372646402061736,0.015892363983663005,0.036092423781569405,0.03776519711226389,0.08174722981935867,0.04739107341348303,0.03494948217343952,0.08727018241515316,0.11628252782540183,0.052934928935280734,0.05568501816773752,0.0627611149782068,0.02024455470791242,0.05089018189224159,0.06128377253401318,0.0600425907484603,0.20734269530823868,0.03159790207995039,0.04130610251913258,0.019782317043524067,0.17207019723982486,0.08420695438219439,0.008457038606660916,0.020914321039075867,0.04140147324868937,0.014667441185013175,0.059882382577217896,0.03548303918850437,0.061884439912651024,0.05819022265481766,0.06285179463776358,0.0711306169934347,0.09939571118152823,0.10771271910209812,0.09849654718740819,0.07175061750356582,0.04665588731693848,0.16031434229786745,0.06290229173014739,0.07273160468520934,0.053627693382977126,0.11099758391505654,0.17424241329574963,0.039435662449997855,0.03002118155904787,0.04600777277034296,0.055908611346265236,0.08140640481161543,0.04717987559095871,0.07314910000543007,0.04575289856152431,0.031349471046172805,0.05073915340705004,0.050789927457969286,0.091398914749665,0.04948199609647652,0.09514111629548938,0.0696009511101705,0.04155684494157086,0.10994524813065487,0.03660463871405906,0.06006673810914487,0.09733009806046344
2020-10-12,0.00988597271291658,0.0013143294115345316,0.0008423549471667791,-0.01617346231731287,0.014714945958550274,0.002513530066037273,0.03829936944353496,0.01752587773176928,-0.0045820461929295675,-0.009489933027183262,0.09461053145559206,0.005176283979798857,0.0335924428301515,0.03674913387571688,0.00777939982752085,0.0038313454275831216,0.011501131958405741,0.0152042134830086,0.03949594462333206,0.04029475923506043,-0.01107844004458336,0.06813859805781042,0.042479018106963196,0.029034855649020308,0.005240601705958081,-0.03363928267364236,0.011873863014666197,-0.014555215555982381,0.025369430238354695,-0.0001695007149699057,-0.0016495667834034444,-0.010150035634620136,-0.00332508518922614,-0.012509531754736458,0.006203364657031862,-0.027812022171085693,0.03447600798567141,0.017839689275869652,-0.000792153426444453,0.024763158413109165,0.0390905311307741,0.00354222115762437,-0.030382269601624934,-0.010626211863071333,-0.010071553629217966,-0.024394061797915256,0.019548525220501434,-0.022557486911551017,0.033314625022254685,0.048416452618631256,-0.02793451720603657,0.009221141380174158,0.031969505581739055,-0.00732438463282814,0.016425761973855257,0.0038192928197924303,0.02478931289742592,0.005691068730226512,0.014644598454986335,0.018684294755073605,0.02373610322479891,-0.01059363068603969,-0.004721938882984111,0.03169014084507049
2020-10-19,-0.0015215454780989068,-0.02847939046901371,-0.014548504401968976,-0.035769118573031,0.03985747023000674,0.00452930227938575,-0.05575889263392131,-0.03343966286470246,-0.03253957835791865,-0.05029938563491754,-0.02134862878677335,-0.01566075716425519,-0.03146338761201073,-0.004746626363106299,-0.033366784294925456,0.010359783804926748,0.010801239296319043,-0.06775527566729667,-0.03286082463008855,-0.03270532356970124,-0.004115198486707605,0.014136403386697083,-0.008818623459532215,-0.014915063674675655,-0.012322273959423202,0.0,-0.024489648180663237,-0.0788532271130209,-0.11004436279076535,-0.019727312289953947,-0.015698059331034186,-0.006241562202707662,0.028309917907106907,-0.025095707393056887,-0.03024996845225325,0.015431907756567664,0.024026173269794837,-0.015614912636346068,0.019796166249216984,0.02264359996166765,-0.005514350144098956,-0.01601919170695676,-0.00036413228872056447,0.0034522498519919953,-0.006468715490691834,-0.039860426307734564,0.018603026732746386,0.006975382010412368,-0.0011625609201016962,-0.01219219351739309,-0.031057760199693862,-0.013608207422783902,-0.02069081001503581,-0.02213528121203734,0.0011480473795919544,-0.013548467470085646,0.02178865240717931,0.0624784388332118,-0.020637436317978874,-0.04317918064471882,0.01475460464948175,-0.031542362311393846,0.09963106828720592,0.03658703488294579
2020-10-26,-0.055681114971305234,-0.08474921984950745,-0.08138114011044373,-0.10894611010227606,-0.057703497486539135,-0.045652208462222066,-0.0782811640965343,-0.05372053864541959,-0.02821998009622695,-0.024333317916095942,-0.07420802224153544,-0.06194994654357133,-0.023917895869559613,-0.056923203918022636,-0.07521888672632226,-0.036427058335163354,-0.10095596228806636,-0.05071136553090849,-0.08877739763942183,0.03568091157118092,-0.10135443819528467,0.019679047102327152,-0.15347448902938077,-0.06267077267370458,-0.012955872086334752,-0.08860758786856782,-0.06066968824674701,-0.03741398640322513,-0.08132795652094837,-0.05902758666868946,-0.07274792448816347,-0.11529854847074927,-0.027901321685847247,-0.02948299022465173,-0.03345391978818535,-0.06612151876032124,-0.04749276827146742,-0.06363583195384837,-0.005755284052024523,-0.09566320269137107,-0.0639795489968693,-0.07772127952575536,-0.015016710154560076,-0.04090212924561887,-0.06327213468405002,-0.06489381775184111,-0.06016809800091916,-0.06145907535334438,-0.04283039811182476,-0.13359769720736858,-0.07284847392925808,-0.057548324070761714,-0.03198381768655134,-0.05655720549653531,-0.05680517143323793,-0.08861720762883396,-0.09196380880108479,-0.045108726599429216,-0.035809686036158084,-0.038937713491261405,-0.04950541373844941,-0.050298834412429105,-0.09563762132602238,-0.06611348113907778
2020-11-02,0.08934569375341272,0.10630730961853851,0.14065607928165935,0.06843980570711095,0.06646563716733445,0.12629701225814438,0.1065479291521334,0.0902996757527903,0.19078182596275517,0.2589756231889775,0.10134164497058218,0.08863648411576142,0.14748099888771415,0.1260194548392488,0.045403693449113325,0.03920451793884849,0.08570535784225242,0.2491589698629182,0.10771968753636285,0.08597858030594718,0.13386126519973351,0.014014859833872961,0.061973365379971,0.23213986351070193,-0.008750852807752008,0.06365731139401509,0.07182642731460409,0.021314743977409734,0.025067826594655562,0.11942277934289947,0.0844901783712888,0.04411788948931927,0.07723846917115762,0.17496720814686695,0.196854557449474,0.19223433398493106,0.0957488007012719,0.10495372585629803,0.11758451412283977,0.040617383502780546,0.07108658786807331,0.16179988758010344,0.08584948725551245,0.059386200161679836,0.012297308700876863,0.1303855498260078,0.13066284505661518,0.15632854559276077,0.17550241931770216,0.04599558638442125,0.12003267366077641,0.1185698359179399,0.07558732399048251,0.03857316700479774,0.1305526890922204,0.08691175303349663,0.08953580210986378,0.1412635141553411,0.09878430254077175,0.16351545309020188,0.07822989474539987,0.08374410842301971,0.0551285941237889,0.2213720729960118
2020-11-09,0.023234091693515424,-0.05112914359272158,-0.05181645424499681,-0.000983946441243555,0.025428079730772657,0.02074932539651031,-0.025504740644975654,0.00653570744270815,0.032326689811828846,0.04129271996791828,-0.03241973533551046,-0.01870618621717446,-0.0771314765352652,-0.003331981982395149,0.10311776268088435,0.04001616784353135,0.032267420851832984,-0.04847794418169782,-0.025859818892005837,0.10452318422834939,0.06623857945746581,-0.09425625933200654,-0.01100586239995105,0.06757670150506034,-0.028935591819855278,0.10337339937252477,0.01870145932432865,0.02464076166954654,0.008826946442595407,0.013314000393437109,0.04924874899432763,0.061194693934344624,0.027706446132571783,0.019077994973375256,0.04125367994270479,0.006944600498206777,0.05021763053171391,-0.032227781611004924,-0.14062917822953003,0.03660046193317501,0.05998743988477084,-0.08686985369067746,-0.0015676331944737276,0.055680946067887316,0.0019366139672927218,0.03467583280338293,0.024989485850867466,0.0024444937862941885,-0.005172350728188779,0.020519020159949886,-0.0408994796820259,0.02280791182128472,-0.05076793467990526,-0.035709363507002156,-0.06431467917225142,0.040265669039179164,0.12611706997534267,0.020247441672349042,-0.0069100790887364205,0.03767858232770638,0.004101777390234318,-0.03948325221079674,0.04169806054128444,-0.0016453752165511704
2020-11-16,0.0068659326645168495,-0.013678746666061503,0.03942034965544061,0.007780960553783078,0.032333860935293446,-0.01020054762590561,-0.030315901247677246,-0.016099224712534554,0.05370143360944635,-0.019571991668230426,0.015498005536447979,0.026318493143016042,-0.026161274281476965,-0.04099142604790895,-0.010386609761438015,-0.016712108735695397,0.019350118543525863,0.11150184757124926,0.02288681015975902,0.010347383839291346,0.02015849666121894,0.05928712537953729,0.01897862895824831,-0.0343081296083394,-0.07727266931289578,0.03254420231712074,0.04283539803990255,0.01528175020400413,-0.0015398967631666816,-0.025941954935816303,-0.005231538015805226,-0.010069016795037133,0.0006029258892696898,0.03138308725005645,0.01719394128739249,0.03828748680147975,0.05989973339135024,-0.0282665406280459,0.028603852556286835,-0.01876842187180805,0.041340437456509393,-0.01573659843735009,0.02785185820544278,-0.022095471977370607,-0.021261648739449357,0.12875926487079492,0.0404279430324932,-0.0016257229914378168,0.012269786878243538,0.02237674269760981,0.034187063548078545,0.016450442322331282,0.019783050726904783,-0.007844477660983729,-0.03412456953763432,0.010407199582155302,0.0071445294680363425,0.03949544310077635,0.0010850450301089776,0.0034417615012694025,-0.0040369883465603,-0.010427646580577599,0.022908052092555087,0.026397979730242493
2020-11-23,0.0274400692679706,0.03048039605607844,0.030127635516850937,0.019546520777610654,0.03579544224499398,0.021278458838881242,0.038176313465936085,-0.006391815511824661,0.08062103197483017,0.015121033737779399,0.07030483036547519,0.030313434582630583,0.03360227754910494,0.0021218744873965356,0.04222613261020247,0.03603004529071874,0.021763399528252014,0.08465160529907068,-0.04416291934933059,0.021351886464987313,-0.019200934914102463,0.11819570454920547,0.04800198291912183,-6.551197558912758e-05,-0.0020762195008916517,0.07163337660465019,0.08899722335708748,0.0633657238123877,0.04538463817757288,0.018838680851631873,0.0523644582175502,0.026814891223224002,0.02496342921226047,0.04765640485415146,0.052808799870770695,0.018508931691181285,0.046091252733874155,0.025682980013588264,0.03930568407399493,0.036820091738755334,0.026402123226120455,0.013256581565759928,0.05558865590734641,0.04409617568960478,0.03698373268059374,0.011300966788816424,0.07385803110324796,0.01845444895832027,-0.015065289085168021,0.033410743360219985,-0.04034259540143015,0.05160936625165902,0.01818318911815009,-0.026673335222422878,0.031623284224160386,0.04638556147529105,0.011046545578933253,0.028872389734532655,0.013837760170275715,0.03670038311178403,0.028084020789386654,0.020769709735020347,0.08085809649296039,0.062001775743291576
2020-11-30,0.013273478285119378,0.018803851421623552,0.078564035810464,-0.001246139319385109,0.007275639902134756,0.04515402488180076,0.03952664088206426,0.04854627353672902,0.07476404462252595,-0.008988891359615447,0.01902423843646539,0.04235954637400763,0.01509688179098223,0.012691721821090685,0.03934422773546942,0.033796541031369864,0.02318669188465794,-0.07185537151504495,-0.003129374115814154,0.009237339679555312,0.04496116117350901,-0.05744450884179986,0.03239357236284279,0.015535857553430565,0.06405291054255802,0.09982167321085123,0.06780448743170608,0.022919144081640308,0.09567960495394168,0.04053726735296559,0.029448960179860872,-0.010355593248924877,0.03476945830401634,0.03765771284274333,0.09515056416825995,0.08442970866615984,0.1418339429673512,-0.004042105042461275,-0.020600753286353468,-0.017641012439434722,0.12636123193009552,0.02239597969174012,0.031772901340524795,0.044328114299249766,0.038088742668843656,0.030408708034875387,0.009115163043974528,0.10152558411296897,0.09587698953389379,-0.002029607811281031,-0.08791343473406343,0.09558825812742411,-0.0033744754827225165,0.1028935134786575,0.050838465118246745,0.037724379015229514,0.016958415690131456,0.061583363962616655,0.04736153926851783,0.042514469187564075,-0.013306383574837377,0.017305012700818523,0.12868051738778186,0.0038992074819712563
2020-12-07,-0.030026739349058196,-0.020761309337223532,-0.025414710403876772,-0.006334616053786379,-0.014295472570741374,-0.0152468023666128,-0.02410690526063264,0.0013088208031375448,-0.0060784197641543525,0.026766914880684167,0.0060431391215152175,-0.01423408997749609,0.001521043693983426,-0.020973933550138102,-0.0013518745731851967,-0.03145802363182926,-0.06086962545118213,0.07243596858743451,-0.011479335711775396,0.03805619188714293,0.03455873201408122,-0.0323773170567222,0.004381902245992553,-0.0009682022867105733,0.01660637306108992,-0.028362888554388732,-0.02817499300337689,-0.023034399505983627,-0.043469920995379385,-0.011611436636455141,-0.022934570902084728,0.006332132365612475,0.025079165572971407,-0.02301844234955508,-0.016560688110125787,-0.025166307087271633,-0.03831458897831497,-0.005131540120619449,-0.04608249860750879,-0.011736927065902014,0.030505120725297985,-0.039913193531622815,-0.042014527595771844,0.024732612607995197,0.010840528425694052,0.018534923077605736,0.03083946103895796,-0.07686728905174778,-0.08068346298102724,0.005981693108227715,-0.01523068463698829,0.010769485553292046,0.022179898941945053,-0.07278424208009104,-0.0020685810666311033,-0.01320404448402368,-0.013442294010625355,-0.005688168906734736,-0.035491372716358494,-0.0028562409372945297,0.07221003038547358,0.029413205737675474,-0.012753620239847496,-0.0024044274557409873
2020-12-14,0.08306553286297436,0.05681748300487488,0.04659025174004716,0.034289607781466724,-0.0027479483761729817,0.024158763260484717,0.06748409842904435,0.03471947590773827,-0.025028415192340003,0.03742700302832014,0.09053206517196588,0.07081942043647649,0.11390489378810065,0.028079664324722753,0.025270418227623548,0.031970223857967994,0.016835204867780895,0.17511256778442297,0.07886047823665421,0.016474252264897737,0.01967138116974043,0.08359376359513093,0.1362573648603569,0.020481993160410994,0.08422616427090102,0.020984310220921065,0.06715888613995502,0.012714276330006102,-0.045646466957931287,0.04334112624899511,0.0709238073336329,0.034671592023016284,0.015518538461752218,0.017544494433362035,-0.01931602224810325,-0.018490812718315874,0.013185878256031902,0.024992948551648242,0.13589055221559843,0.0110451173582784,0.04852793486746032,0.019883688051947734,-0.010120931716754211,0.028701926695851254,0.07342014615224257,0.14713004488278902,0.04788454480412119,0.06564468234098064,0.021763327289784806,0.013651965191018745,0.022524928280192036,-0.0006176573487269854,0.05223687674819,0.06427748890038343,0.07872583721139637,-0.004996695682086605,-0.018167294695638492,0.04524563399130144,0.02154298010004374,0.05267347812306933,-0.004414352902087693,0.03728749762478367,0.04110390424445365,-0.01207754419980911
2020-12-21,-0.03361504541967386,-0.006143805110788603,-0.04284821402011041,0.00354872288868191,-0.009134487718004625,-0.0006225429637658486,0.017774841151829923,0.041923210814327705,-0.008827713310418872,0.0038926564452792523,-0.011836017546106525,0.0013262466734127454,0.014997694769443903,-0.038252491988516546,-0.019806289786983178,0.0006172290259636171,0.0008276164129183972,0.10327836110530031,0.028309230349900183,0.0021686063578028048,-0.00676265066439663,0.09413404779054879,0.027014059127545842,0.004368763015957455,-0.00941591926787555,-0.029702867544576073,-0.008176485515299037,-0.00921732160260591,-0.008217454866597307,0.002762519664394336,0.010370026156315104,-0.012345791020571428,0.020973043478984987,-0.01171075147781997,-0.0013097813704996408,-0.00898493733721828,-0.012314439030005842,0.01903117014375466,0.02538536251665846,-0.006323969911335214,0.01511897449867261,-0.020965203183082592,0.014123969561803396,0.014267560004073587,-0.0015369149084449862,0.03265543032172791,0.012332114975923458,0.0273576592158824,0.0092930674287528,-0.014242497550740807,-0.007254952950891402,-0.02734871387275606,-0.020409207464806012,0.020379480202351807,0.00501960305606608,0.01983160824750274,0.007911293284536658,-0.014180220259703558,-0.014810837287641432,0.007558578812796979,-0.032419036724040895,-0.014828807628861851,-0.061477731569665184,0.010428993695542843
2020-12-28,0.015196259595303019,0.0005201651927431161,-0.0010891893778482986,-0.02298530841007629,0.012386911080773944,0.022565101115031627,-0.0010160793616222907,0.005455899031980405,0.011367731602110354,0.005989513253920498,0.013105881075923032,0.014810116314785349,0.018134273699859982,0.019809711940266483,0.0047150842842800245,0.010855013374401423,-0.00744388383790795,-0.0326368498200853,0.0056407077125271154,0.001879174477009915,-0.014292609678154156,-0.03398440727614749,-0.008411803430655396,0.009834189690318684,-0.012357532540249072,0.0076532122010732895,0.013602541947134172,0.009543542528504423,0.058423493208894284,-0.003437099726796955,-0.007930949582284796,0.0049108389290297705,0.008705608371255114,-0.0006561345896306525,-0.016800826680181347,0.00979739353618303,0.06517400626752434,-0.0014816038236534768,0.025653337669103715,0.009437875099024051,0.006686771305471906,0.0047136234534104204,0.01067792794449196,0.023132221832219635,-0.004156391606648491,-0.03200412004769648,-0.002002485330205084,-0.005026607233694191,0.023859026169172903,0.026111781838510595,-0.014394543438619345,-0.002273241639418222,-0.00624676719411954,0.011044264155143813,0.011549834045485596,0.01043229694336456,0.022165431721297812,0.008495823680537917,0.015404847718620385,0.0018003768108079132,0.005204207611165135,0.008434678174576993,0.10957534898520804,0.019740432578900124
2021-01-04,0.011293777110969128,-0.030032770455723168,0.03129432750226635,-0.014572805128371669,0.0350996687358327,0.06098975519006178,0.02985161141709769,-0.004823489223421351,0.10729986506789313,0.05351546064979118,0.047520829041892476,0.017791533889738087,-0.001759072397997774,0.021245832627421857,0.006927388984307559,0.0,0.026388712775853973,0.18202543009749372,-0.04459330462997679,0.08696148027423845,-0.020898604834812207,0.052365551971896185,-0.0026257024383256056,0.055621471542011136,0.01251215186405763,0.0025315477106078177,0.038226843347141104,0.02105190030063464,0.036732369353664085,-0.01418978356900713,0.04537974903001052,0.05730765700723528,0.11136351822009671,0.09373902769885589,0.062167928322591104,0.06726505902569935,0.02979521999334178,-0.012588895695529345,0.05933639342831576,0.026402477846422245,-0.019172868916478958,0.016985913991531598,0.10074874589988725,0.08524292558962587,-0.020250364759858197,0.03140213197128716,0.06964302139075285,0.07896787927248616,0.02822643852940221,2.3001048458537454e-05,-0.0022019749959646395,-0.0508364089424308,-0.03777043094304933,0.0693351637912647,0.01373243979594041,0.07764105355193629,-0.06033477154754041,0.10226053646507705,0.04283158527424202,0.08312121208312417,-0.0002977512336331811,-0.06451012869138961,-0.06445206236076251,0.05500485360764995
2021-01-11,-0.03978665380754087,-0.0556998952613581,-0.06735041893909632,0.028900037601278905,-0.026743243211847068,0.006443774669517843,-0.0277051320700189,-0.037182781618002814,0.07932188341692337,0.035770326609470215,-0.03545410699232743,0.00047111890031659165,-0.01138118087944584,-0.006909992248109287,0.01638768084182196,-0.020866670472450388,0.023003975341881366,-0.0810954487596468,0.016473448984648975,0.020184064523515843,-0.03409544739395387,-0.07223820128043379,-0.010868114645634419,-0.05138972281341381,-0.028041817265272106,0.05555544281666158,-0.014100900660291682,-0.0010892720248705245,0.11481129211255747,-0.0076248903595044215,0.0031489626209231236,0.02689089294905811,-0.003474180892524825,0.0739811259087968,0.09150172118259947,0.007870134266784401,0.04262480480375719,-0.03173647504010424,-0.02111454848314387,-0.005729030243584288,0.00260661447412347,-0.03142722702394807,-0.016054398109041523,0.03350221315802049,-0.02151464598038688,-0.004583256477408981,-0.029857742863290127,-0.01176143078114622,0.0028728637842985183,-0.04391534597539937,-0.040082841675352365,0.025593064743791194,-0.029982638100622516,-0.07022264959267965,-0.014763982288655941,-0.019314975730831074,0.038715310415887716,0.038970887701829326,-0.011509713939994004,-0.039546468783465016,-0.03224181775917523,-0.03541789212841262,-0.011771528636509987,0.009248526373616617
2021-01-18,0.007847784339825914,0.03134827167760412,0.05192157214137061,0.024518559748015756,0.0037949841994020517,-0.013755887423016477,0.028247525473272583,0.09383363019319768,0.030928879444778623,-0.018481772901176585,-0.03027453256698609,0.04299656890226822,0.02064764402777186,0.012419791624978416,-0.014527623315065963,0.003988307491483267,-0.0052910642808233765,0.11270271996987158,0.03356223197041763,0.0472578212827488,0.026608765143709245,0.10447293587279938,0.03207536142388978,0.0,0.01075812562313061,-0.031897786790285876,0.003973003576726475,-0.0761742402474116,-0.01597791202704013,0.010350068041384608,0.013901469007866263,0.02455004496680102,-0.007724312501766639,0.0028938485761078603,0.02980655757431716,0.010567894035976355,0.019326075559290556,0.06254404370019251,0.04662071869936857,0.0009220912924368108,0.0015464766780843853,0.06633240769921445,0.0004645150357582839,0.016071919566934767,-0.02298478105126811,-0.0006851964323867366,0.05446343850017854,0.01900846355461039,0.03392962797631083,0.018463702488480838,0.05925684957764865,-0.008428481806109889,0.05319607709893881,0.06098674819263983,0.043333850760187254,0.0034389275988788714,0.017198612490726184,0.004734224583355928,0.02139627644994002,0.018715851841242248,0.004925143341998561,-0.0026630012858266383,-0.00976371819837829,-0.0009286077945334092
2021-01-25,-0.05043773764016046,-0.028934919475684717,-0.0770557328950563,0.018063462908521677,-0.05565621663553888,-0.05302756564137856,-0.05392853622032423,-0.05112538943505762,-0.09075514953308517,-0.011728395606511954,-0.07266778011227559,-0.031224426088613977,-0.051157028620056666,-0.027047168566043278,-0.00424397328951176,-0.03239828575381187,-0.04601062132710543,-0.14014240672546552,-0.04242544875322429,-0.04096520201614362,-0.0928128385413095,-0.0704977666837131,-0.042848625092739345,-0.05298921392648648,0.019351435957570606,0.016474346803623918,-0.036802558488879256,0.004215509915537874,-0.020296468272538948,-0.03633460174830738,-0.08513964099103011,-0.024760629950932755,-0.024593601778412078,-0.08176810223454112,-0.1417044730218724,-0.0933858233659196,-0.04873615001722775,0.026598791449442327,-0.10485996628130756,-0.03546173075347836,0.02594195543724931,-0.05270745858768988,-0.06865941067558357,-0.07533505673109486,0.0011597250304347106,-0.038039631044642586,0.015510381292501485,-0.05413483106968453,-0.037803156269545,-0.06275959345756921,-0.0009301798728486022,0.10200021567513162,0.0038255118119472353,0.04948247469529177,-0.054379273353164725,-0.06223222627432634,-0.0826374143754044,-0.17738302075746137,-0.04120133886356081,-0.06854152526428203,-0.003793556490849559,-0.0034916183608793006,0.11279829075079961,-0.05138932089281456
2021-02-01,0.048032512792049786,0.07269439349164086,0.02638956273163684,0.03278392713381861,0.03699552719959387,0.009706175459427202,0.07085818837691638,0.03637447521765891,0.041683771834134076,0.04665758296730971,0.10247627663316838,0.034428454012162435,0.041490940159777834,0.14666583571482938,0.07851034141417768,-0.04425905435006594,0.04321173201955952,0.0595009074941697,0.09581047150868649,0.01627967589225765,0.06178496141215484,-0.017650024942694853,0.074127801447055,0.08287799377514538,0.0,0.06482996035017297,0.0743631905712645,0.022500189946334404,0.04809945983897945,0.07792836507166712,0.0775926294795557,0.005323834239888914,0.009605202666338464,0.02842140595986309,0.053332092981203116,0.06854769673971672,0.036156778958540414,0.04414545921245061,0.01187766128189649,0.086780199567835,0.01414806981980088,0.04628659970267801,0.13410613518921677,0.11307618212197812,0.05245733544817255,0.0829651157972453,0.07388452181819649,-0.021886735640772703,-0.06680308748138586,0.030643395403273432,0.059097366445005184,0.05021169172031614,0.08573902648718712,0.05731156954147498,0.06838918257271254,0.06362137219839048,0.0788493126984442,0.11138522732931277,0.03180879733700115,0.09649510889973278,-0.0015847428136731567,0.028082633805115886,0.058656766886237666,0.04971250147441708
2021-02-08,0.015500530123169876,0.013655208663291285,0.0667803756005545,-0.11406646934609432,0.049420650831798696,0.08080119784884432,0.06356064725121047,-0.008684525849936398,0.15877274079526837,0.004349022647814005,-0.0023539225057421787,0.04358274398052919,0.07275397203237066,0.029343193832686687,-0.01643075981535458,0.0330198955431209,-0.014430789192390936,0.06889232799604783,0.060514523967655665,0.05764786463153815,-0.00866256807021848,0.03439423430841537,0.05949313204843687,0.1120364296400076,0.018984357302198163,0.09436828715661805,0.05124283004228203,-0.00812868936162725,0.06884111959305006,0.06320292529680605,0.0029161348376574026,0.02851306948143617,0.07366211265544464,0.1519980728967254,0.14987433841063247,0.09701602342612858,0.08520360546022832,0.011519576733542092,0.07346109233276943,-0.005601603533033406,0.03680604824786693,0.10082031342744635,0.0681355468232594,0.07501956535304877,-0.008176047298347089,0.04020004940979405,-7.002387119114939e-05,0.05300945699836057,0.014673382201017438,-0.022052294813407647,0.006195302152959048,0.03989043003745274,0.0026452742954559127,0.058954939942464035,0.0702402974021259,0.01335303500411067,0.007139889847992853,0.12916266412952626,0.05714150353959635,0.023522964668628132,0.12477497876667099,0.014384498074029084,0.09758951879070388,0.1734912122625032
2021-02-15,-0.012351120842096996,-0.03953171631279084,-0.044683747062088996,-0.026872682606061238,-0.02553362534785053,0.018783564173462386,-0.020391503622071983,-0.040629399360163854,0.023650409844888864,-0.03822951793911811,0.000851999854383001,0.00748470920320865,-0.04132337531804853,0.03442760845323667,-0.034045410468601545,-0.0431391945271522,0.03199558570776717,-0.08120667018426919,-0.060634046218346116,-0.05607253742467688,8.444540720375926e-05,-0.09717122496801334,0.04370796086791606,0.005575926929974662,-0.047042465090886054,-0.01738524295670929,-0.014186918584676689,-0.0018208309667397948,0.01941428570663306,-0.006376921406032188,-0.0017705473789371151,-0.050692989175681435,-0.07356003127713817,-0.0034357232800397153,0.02089888607665391,0.017549341421030817,0.0335188643806843,-0.016408932554059397,0.020289237512244984,0.009278148162700672,0.021328407196392174,-0.0023225086568926523,-0.014403980257770677,0.01453836848718093,-0.03091316072592054,0.004504996102659975,0.028096934364755688,0.01926136016845703,-0.020543163367590878,-0.017953648130569655,0.02575197639950222,0.01287940653226971,-0.034771429117039676,0.016783080604470202,-0.08223489100902137,0.0188796080780822,0.04640251560946851,0.0012637851454671,-0.007181170755276245,-0.013248659466823187,-0.0019166445075334826,-0.021937854907831733,0.050480365624510304,0.027630117798083997
2021-02-22,-0.013331038346622082,-0.04059522016962758,-0.056597450225398416,-0.044102777497808665,-0.050970008338833805,-0.04871802587608565,-0.13754206326834262,-0.06629712852904701,-0.010631175950993721,-0.10004828637352647,-0.09626717250835815,-0.041003270341530396,0.010239099515140682,-0.024012503287148546,-0.01773192361908338,0.0009837205843261643,0.004729230011583763,-0.07209870105681626,-0.006356421937333767,-0.044414274631497275,-0.03433797492666235,-0.10927883181018039,-0.017914299445179305,-0.02669205623031834,-0.04067772254500113,0.030431644429674165,0.0690035599260923,-0.0005042285429656124,-0.035390969315994614,-0.051561843537319296,-0.030976574173919524,-0.028786006353496263,-0.00471199210522133,-0.056218066727521165,-0.052171695014256225,-0.057522670086853966,0.006266521212592746,-0.033426476537834926,-0.04883825456933466,-0.03978113515067816,-0.1226348344812882,-0.08119794246757384,-0.0471842963548752,-0.038213482563589585,0.05529199895207104,-0.09722852879095845,-0.06672114476382673,-0.02597694229312919,-0.060369758529288164,-0.029029856845753654,-0.12191757728846564,0.0012304209198001903,-0.0653022616149993,-0.07467337759061343,-0.08527623376644078,-0.012910623096226148,-0.08600429491057682,-0.09739527812952908,-0.034090257677976576,0.015755604323010042,-0.02207308041550482,-0.01980297160585598,-0.005081278862909988,0.017293335625850226
2021-03-01,-0.005540117373429743,-0.040985981911196845,-0.07087924910365229,0.02783065876632773,-0.02036922245787276,-0.04044537684126437,-0.09665970380075817,0.0013195834949513152,-0.03828314715077441,-0.02422812631511906,-0.031195599099864135,-0.04199041851266816,-0.10206247267877466,-0.01284892669813742,0.030755473573196745,0.003130104520212784,-0.014273236004820777,-0.18465293057848886,-0.04030940860540033,0.0024213429003698828,-0.02799693563622163,-0.09034806218361713,-0.007580708182666762,0.024743119418522808,0.03485377033431791,-0.010988947700902196,0.02692436750278704,0.032792385740634034,-0.0006582025065625663,-0.020326164196952656,0.004401269636251426,0.031492945181728293,-0.04819111869929393,-0.04935247131544185,-0.034362467522998985,-0.04710742289884351,-0.02840592047556445,-0.0033565837436564383,-0.1111022801738838,0.019318639450857322,-0.020287535357823128,-0.09136326006464968,-0.009038462080204646,-0.03625525373420213,0.08463801429178841,-0.06580894055326025,-0.08346721265808676,-0.01894349933914674,-0.04728685445745284,-0.001800675238828875,-0.026512727451104223,0.0020482982797263016,-0.0871668515020636,-0.02463180270934473,-0.0710003800229283,7.700890775219627e-05,0.04353098085305751,-0.11437670475930561,-0.02513505620142298,-0.04680336187307299,-0.13456478801571015,-0.001339970666761059,-0.006712375494914213,-0.04260857195477119
2021-03-08,0.06188139476637944,0.007871518105391662,0.03222117316423523,0.004324161538314719,0.04109802306856358,0.004432968799539916,0.028730987691418575,-0.003211990545998189,0.007404219542349821,0.023987357546076504,0.0026925863483406864,0.0022882718458994145,-0.0074986546635840146,0.03612106014637573,0.055567609682303676,0.055080689244676684,0.08782703144053672,0.14740510771344262,0.015618480809289847,0.03014067507240803,0.0440482006746612,0.1119403031426689,0.12400782471651572,0.018259149077378467,0.06389290433178996,0.09791667424896988,0.0178150832245505,0.03891553947782311,0.03556143917081367,0.03594879262369588,0.11646685863349981,0.06677851916216926,0.009725297611529404,-0.00540804037514131,-0.04177451374724139,0.013820202767682366,-0.013044108866367199,0.01791873734156324,-0.005737183301218196,0.0013415996207191139,0.10158159703533887,0.03165767380076345,0.014206773173565557,-0.008245289448622461,-0.04016009834612688,0.0233023491893134,0.053222852294474654,0.0068253306582830575,0.006546795352971202,0.02501717865538078,0.00687992145010341,0.046334123211417166,0.004641058414002197,-0.006515349805313653,0.007243168895434415,0.008997077016046795,0.020379735949439537,-0.009394400798960922,0.03352389384972754,0.04528094892526702,0.026828927918828294,-0.029261485492732442,0.005876326247571839,-0.01108436235621113
2021-03-15,-0.00441590972024275,-0.006302020864050628,-0.024552812069522867,0.01896461728596277,0.003276838777986457,0.01584869921589882,0.023257999885202718,-0.008593015221405764,0.004987288616951968,0.02006371790366135,-0.02465400661185768,0.051621242467288386,-0.0020677152159460643,-0.012682565828127546,0.003277297486391051,-0.015687191065689277,0.013005986512792722,-0.059255718340052055,0.04242760528899847,0.020746291549439855,-0.011758860321265052,-0.02416102259027031,-0.07358639484660401,-0.02125040715694515,-0.016759430759233918,-0.025628107654268706,-0.00017365704869876097,0.010108972034921893,0.013672419388332857,-0.03705019248015906,0.054534159339299615,-0.015747973358483658,-0.00911690526031661,-0.004723345019049696,0.033325714957650465,0.01770078209210113,0.031218019126231455,-0.022905519960362497,0.036797618887313144,0.027031268522469842,0.0384842959689955,-0.00045227644820955426,0.10451444625253381,0.04156919730705577,-0.01340082254713204,-0.07497151422444515,-0.019139108348366296,0.042065067035586434,0.008001335989836322,0.022336176027831778,-4.716914993785348e-05,-0.028002061271668155,-0.0375700192897892,0.02019640853763449,-0.00692959842683849,-0.015699946231936268,-0.02189650088441797,0.01843486752919432,0.013884797084329215,0.010965175693474993,0.01996017938543626,0.02099945146236948,0.030816424313332202,-0.02728136561271466
2021-03-22,0.06440965419426181,0.062491497934067164,-0.020870148588880477,0.03319914860870621,0.03405905578194268,0.034230690814733844,0.05770236377819016,0.010167609951024392,0.1199721774075897,0.09133296291101023,0.02871896659894846,0.023917754638194344,0.05658270867211268,0.062456383225064194,0.0732952683870065,0.03514022865569033,0.05159890590574423,-0.018586574254567,0.0214435827185937,0.05088640420177892,0.07418224967232523,0.07152683673115035,0.04745263628732821,0.016352147304180553,0.023200673248172876,0.04777479942014451,0.05252651254687768,0.058029508813747244,0.017409016865118865,-0.012326709422637805,0.013124417342167627,0.033600030599964636,0.05505674804272109,0.09239273887375488,0.07991428885235075,0.0357191953370537,-0.027842186196951335,0.026611615935846933,0.022699464176790807,0.0348216292896284,0.06542198366727714,-0.0005061552067280317,-0.015046638751326058,0.013719112870221428,0.06021728637533741,0.009026330837508922,0.044500916633538834,0.014734466536293178,0.015035826503341232,0.038885961964583826,-0.014655988006965548,0.018625106795337132,0.0513125559638552,0.036350008869151074,0.06534714012886722,-0.0030970822953042543,0.037242122170140224,0.03576720223172436,0.06943964985764062,0.0002677643677650998,-0.0013332005218590348,0.03972918251902935,-0.04675549682836411,0.03698223458333216
2021-03-29,-0.008655005680606176,0.03037796608592691,0.04753898077365082,0.0012658703668513294,0.010701521173765327,0.020813477041839334,0.025921433607225763,0.014767713488283318,0.10012437505044147,-0.010376780874330027,0.05535104118925638,-0.012633789316028654,0.06720473328596954,0.009172290901680258,-0.011223190445080466,-0.004543026837954933,0.0133609550804632,0.06983622414474722,0.031593336536154926,0.003183796622183932,0.016311311365539538,0.005368176816043402,0.019806286767882764,0.0076948340655920155,-0.008792263490869368,-0.01936281162940212,0.012318419599905317,-0.02309725186462308,-0.004932862198928745,0.04952471921644408,0.024168695005062135,-0.00851405522555404,0.011252484824915143,0.08548493988058303,0.09426107381941673,0.030562247297492018,0.05023292349347219,0.02482246437024882,0.04715496785736262,-0.006540217675222726,-0.014715618962968358,0.07574418561453089,0.04562820882156915,0.05536417405983296,0.022206547027444623,0.026086129185115325,0.06232003911874662,0.05698626792594186,0.03609268374533414,-2.4282150418164505e-05,0.04605674614509225,0.04168205296790495,0.02426264599116168,0.030299808095362257,0.047291434510974506,0.015844370185804868,0.041543974118462,0.08225494019436397,0.02051019526237763,0.08085677593417184,0.0294173643909168,0.011117794982633544,0.060790785396739766,0.031071803903314432
2021-04-05,0.033664376180953415,0.04282702106978209,0.020594473717586048,0.010113788748501884,0.021028894329060188,0.005362196802563446,0.04220550190681727,0.08130070437298165,-0.018442704167446422,0.024379882611747394,0.04815080564150609,0.0192037474289124,0.0272810831895689,0.03541055146430461,0.0021162329912880473,0.021171367452253564,0.01727672692093174,-0.06970309280052278,0.057676461630204345,-0.003268449810105434,0.03473393144008008,-0.07591411259073244,0.06024997022166145,0.004912683013595709,0.023809303041135044,0.005732370360275185,0.02901717636418244,0.018764626145895802,0.05747488369549192,0.0566251373752058,0.008872868917380705,-0.008196709443229033,0.016969208952884562,0.01600950968547421,0.035507336677923496,0.009739506863942315,0.03127380877197461,0.05570447049049254,0.027250534400282245,0.014334382372183763,0.0031226885318851316,0.04259061804777753,0.005334431682475493,0.00163207497832496,0.05249959803146287,0.06541687856522449,0.01508304888158074,-0.005391359870601686,0.020175905003480432,0.028802733828035443,0.05742500680548135,0.025990546435891826,0.045344253153902336,0.005487463773623524,0.029972900539018354,0.005734603907439295,0.005485970306643884,0.03299449035812674,0.0175464312581477,-0.00421100256237672,0.025126223703130224,0.016840065666453796,0.021857888448357343,0.0319858697494273
2021-04-12,-0.0026072071939038377,0.04174273507704451,-0.00737071767286146,0.02012126968928385,0.00029230217467768327,-0.010729464736367045,0.019716335500605586,0.008721914043651413,-0.03729029663165406,0.003549439639023211,0.008703821870961193,-0.012987330226658989,0.013140614538124318,0.048848572940609625,0.02089711560736429,0.0008690300741116541,0.023463746993989565,-0.008853726743579982,0.05431856266000512,-0.0030890309958205853,0.028166368879616543,0.006657439709000013,0.042455254469679016,0.020139185062781673,-0.014135751641053962,0.01013300786835214,0.03032114809469144,-0.015766623597265217,-0.051421167651877875,-0.002855990245390183,0.01871251786739747,0.02361278593208782,-0.005676002566540328,-0.056256189630138564,-0.027628273377744095,-0.021269780735289845,-0.04868839102376954,0.01911280169541807,0.004643604624715136,-0.012875505213153948,0.05873903825110682,0.10503467752560636,-0.0468951535074954,-0.018156396553062226,0.04910803753436066,0.049040082643951655,0.0008217637735810079,0.0021369939581208364,-0.01678894092438943,0.004056318459013664,0.002723992070813308,0.01912320296637282,0.05077353423496467,0.005457515853085848,-0.004124563928468272,0.014140182737338192,0.022705610291575473,-0.02690507046751045,-0.01790903903124219,0.01952735901775915,0.012492372673893914,0.013930835693317212,-0.05539559712905451,0.011782980342617488
2021-04-19,0.019803769875862853,-0.017597299332749117,0.0074254485577751606,0.009909428660156427,0.00467306259773248,-0.003071387718229901,-0.005883405269821784,0.0011928159679468475,0.008449942682550171,0.006220990738526888,-0.01629135990397379,-0.026441697563803324,-0.03517583097248311,-0.007608092729296745,-0.016856113256961458,-0.023939469469444807,0.009825235587816561,0.11305917828757961,0.027149998026114064,-0.0006197496313326001,0.01790032424961807,0.10506611221702733,-0.020630029635611336,0.03875405045828417,0.029139665705208984,0.029467075239925977,0.012948894319316562,0.06617251015844228,-0.0850964849678788,-0.0021642754027009214,-0.0038575406100982423,-0.027297129963249622,0.016918891452076368,-0.0027927395029357927,-0.025197631847492463,-0.012066522045927508,-0.05107002013288442,0.0015726104145779018,0.005731451836040957,0.00731704085096907,-0.009908644460696392,-0.04067566714579163,0.010933981046748364,0.008771904438306999,-0.05041148453213129,-0.02244646309365461,0.008073293966994743,0.008581650074476643,-0.020114473683283896,0.02582147745658192,0.006899188562205172,0.08626805020521244,-0.007559499991944718,0.006113031396228763,-0.0357402786289992,0.00989504092394955,0.03310423169499854,0.01583248425455852,-0.016203789482063358,0.006953759745464749,0.007362757035009659,0.015901217814958457,-0.011903029497594031,-0.031315092558914626
2021-04-26,-0.0060668196309399125,-0.014539450463543657,-0.013774762689975462,0.015792867753242845,-0.021221086409438095,-0.03685098277053811,-0.016329075255755998,-0.021292503539496632,-0.015942446389889176,-0.010890035969059464,-0.011379366263352009,-0.02130305196655835,-0.07256473413375386,-0.02343805148071243,-0.019264040346287814,0.021730683578366605,-0.044108165683338196,-0.1660178536146889,-0.0008730631928693944,-0.1091395008081758,-0.03885789133314044,-0.13584009836198896,0.012242254823320309,-0.01775144578596266,-0.028763913207471847,-0.024360407135959994,-0.009006216380228693,-0.0038615339838983243,-0.028865760999916223,-0.0066520108056356,-0.03337634346091101,0.003557260158637332,-0.023738634467381448,-0.05035087097239377,-0.011219506506974009,-0.03894351115257266,0.00046503072675863066,-0.0343482004493848,-0.05097289191771193,-0.008843221768842557,-0.029243344657502446,-0.016753625522298976,-0.044899873488006836,-0.08343124090983622,0.010937562599302009,-0.01403381144446203,-0.1113071420123748,-0.029651402920242043,0.024883876043725994,0.02814236088802069,-0.013661030609650404,0.041390595670108166,-0.08382488884854478,-0.05023038670727642,-0.0174587370965531,-0.001855653251302103,0.009673947205125488,-0.04903832145770315,-0.04401018776709387,-0.006542293549039235,-0.05900335470307305,0.03452027715334949,0.03760830865389875,-0.01944072969288979
2021-05-03,0.005379851526780222,-0.03857651472013601,-0.03442789871880947,0.019411229711038924,0.011434337306310605,0.026769397325175692,-0.09101350556800158,-0.009508640621411879,0.001808321670286439,0.04235801319023169,-0.021068116266419912,-0.00793517428703383,-0.02064203637027273,-0.0194022215726396,0.04949909057611279,-0.06940288409753392,0.04048862977556511,-0.11698384858547461,0.005352293188489954,-0.013279052262171076,-0.048407128779258235,-0.024957481552077887,0.036919144968393214,0.19460891447288464,-0.023600340507837547,0.02871391931217282,0.042802580810761715,0.025232628730993856,0.002433635273985102,-0.026979835071751612,0.045974900335361335,0.07128790552446063,-0.006511966758991017,0.013794188670995577,0.016262567821274,-0.003593044480737828,-0.001045584829606483,0.001110236366904882,-0.051441837342911745,0.05719611641481803,0.06466687136481175,-0.01314182043521761,0.02810236735707572,-0.009487152099609375,0.060825891214648875,-0.03126857814958639,0.0016801681426694692,-0.021204259616252386,-0.006844438086114679,-0.0044348726203986555,-0.06000350332033677,-0.013786929814734838,-0.04514482605998815,-0.03424704220370023,-0.021128475966511462,0.02625101997900936,-0.026264678426856536,0.02470416703696343,0.0459050988599905,-0.03256095327982089,-0.058819354836855964,0.018832541192696395,0.014441516524504427,0.0017222215826242504
2021-05-10,-0.011422468937701935,-0.004440106764376894,-0.05354652139870497,0.02120752779795887,-0.025693647516910723,-0.04864556795353103,-0.017780863996897378,-0.019534037161759832,-0.061075638022032974,-0.006514014983637129,-0.028450464043168866,-0.024216737531790433,-0.036962449900507455,-0.030994414481845034,-0.009919576304889377,-0.050922091380663614,-0.037391342914496084,-0.025862071639990325,-0.01877447722567771,-0.016333810108393076,-0.009593505525940627,-0.02733852640632317,-0.027907616848183214,-0.012393136309762243,0.23649295103786305,-0.013349476205193667,-0.07450101254005415,0.005750862250319511,-0.03431758858408496,0.04044486831141714,-0.016232220817393395,-0.022794105000539133,-0.024823913727674896,-0.04363471345428349,-0.04369268814095617,-0.02858112964237869,-0.07304035582038859,-0.017072053133171616,-0.07663584892267994,0.014115731309665147,-0.012826766093549047,-0.0384310077884219,-0.028546825410446286,-0.030546214666034244,-0.01878105241315875,-0.01612435542993973,-0.016392262086331044,-0.071506128204321,-0.05585774848899283,-0.013747129069422659,0.005357984582491371,0.07000877116668192,-0.04794114439243069,-0.05521923730549294,-0.008848823280076856,-0.027536086417760175,-0.02328033698899379,-0.045408387920435445,-0.02391343759393305,-0.038068879399404176,-0.002300705032611039,-0.008838445987247923,0.0030704984789660106,-0.0037864334127076793
2021-05-17,-0.01672463595818663,0.0031034400139793306,0.034589113255447224,0.003269663354662722,-0.00015083521453762572,0.06516941866124637,0.011609056056454348,-0.01584935720418512,0.030681856796849427,0.017617500808802866,0.014587716463421385,0.02178349870867624,-0.006598002115210999,-0.008143855270879463,-0.008884640716616765,0.0032389813722428773,-0.016937513297912155,0.1878443832801988,0.05682523651528659,0.014508686280331196,0.000651202299167597,0.04615594364297371,0.02414260807914914,0.0036780217320540043,0.024147166304318457,-0.0018449607614942076,-0.03827454201525615,0.00041490961280366,0.01318884686417543,0.03875271349510068,0.009001754652744998,0.0056433876763486435,-0.0013586158964169481,0.01744394213269529,0.018424755191939424,0.029834414835578027,0.012798105484658873,-0.012008640849071606,0.02502219124676963,0.0011887380157586946,-0.0029298181932710943,0.0525697589098757,0.03937184120397097,0.02056075946801217,0.0017747793493001485,0.07609407246180822,0.013642429583482718,0.03245426132994789,0.010065359175684963,0.0033535079841875426,0.022604052587369194,-0.03414831102336091,0.019855353583407398,0.007555157394880885,0.009595340346435055,-0.00976143806859775,-0.04602669141478111,0.020678255402358126,0.009494092982272218,0.005372869548247117,0.007344260148213211,0.002127472499541261,0.0065394959419413645,0.015614355832582971
2021-05-24,-0.004305034270067121,0.03382707193699663,0.03770900260666865,0.005989609023934861,0.013715188429997749,0.032881640747585594,0.02325438275506464,-0.006537370510868112,0.0736047292696298,0.02182880165421386,0.01483950860717509,0.046737795477594046,0.028592246925918108,-0.01576732485047494,0.008964285169630104,0.007900227083633027,0.002297212965788109,0.005411894005251883,0.0007962886757479914,0.008319732626843379,0.029141980867757322,0.0023706085137933375,0.03656974347821218,-0.00047424277559315886,0.035179436622047255,-0.01663591493496397,-0.07675291133250961,-0.006909199813707412,0.018544878256235187,0.013058663550147287,0.03882963974466391,-0.014964557161118774,0.019475878199773256,0.02176432219525748,0.05821545571323239,0.05061204094798999,0.04236849703160539,0.020746873150697676,0.0575760449865208,0.01578255363962322,-0.01149869549571636,0.08356254862316326,0.057946266686529135,0.0476190381134356,-0.0036695851164103566,0.0022072304811375787,0.02577039846359619,0.03488901080248996,0.0234289511696828,0.023168587656073436,0.06972775696282496,0.019484840696220473,0.009393579250309037,0.022887362506893494,0.050991720404506724,0.024856042527330313,0.032566983321103526,0.05981755121507848,0.0259987652717093,0.013946815404057622,0.0031850272811411173,-0.006639871831409683,0.03995033405232884,0.005502399802941094
2021-05-31,0.0035794968339140087,-0.00015852109555314353,0.018731268302972337,0.01681112148092412,0.028248856407303125,0.010207099395295405,0.0024856374854180796,0.010272025101982996,0.014222650732363284,0.03223525924924142,-0.003778026403161716,0.005652880207204891,-0.0018898958012976141,0.014929156273890687,0.022117349276248754,-0.0008383495951062025,0.0004408067276344685,-0.0583712403032558,0.009840832557348023,0.017958269765329105,-0.031063512817732675,-0.0035475531506462543,0.014734167758354788,0.011085262960723652,0.028561392644211647,0.01629073857219754,0.04789587099602177,0.02560202505449438,0.00437681214944341,0.05201658952936228,0.02409198576804461,0.06383480325392266,0.04565247771518122,0.00031541330265527634,0.008402097059062141,-0.010002931484754507,-0.004516150752345904,0.004445656843940382,0.011395510204525783,0.02260022198834033,0.043556887284105006,0.08210482846293443,-0.04455590736645543,-0.04570434038988802,0.05270523893509105,-0.016242261257977342,-0.011927882143997537,0.011164586648994002,-0.001486353259739781,0.0023109890425545565,-0.002603991432520214,0.03519583422808159,-0.02791848326582136,0.002411706645586431,0.006054920842555767,0.027122925729015535,0.006412860117715358,-0.0042825913442881,0.0013169529049601447,0.026095883216420868,0.00014881823109624825,-0.0030011079829236342,0.025787514627738206,0.03927174330679284
2021-06-07,0.007451243773375582,0.07286424135901881,-0.003309687011531226,0.019977609142291852,-0.010266309518462413,0.012199631990227555,-0.006966129523779618,0.011597366229055384,-0.021666252170528533,0.039021416488795646,-0.025528439654591284,-0.009052544004142238,0.01996054263745073,0.006985555092653861,0.012945986086907446,-0.003496534912936,-0.005759217712356657,0.09227919982319288,0.054240108488949,0.021085034446660655,0.02944895898611488,0.049446204919269654,0.03237727657698364,-0.006057754134896731,0.00492088641634747,-0.02034519325956141,-0.017956151068087345,0.026183416941045756,0.008366583826339813,0.022146340938788978,0.0013839226225773604,0.03129488510810252,-0.007052680127088262,0.009842636945093242,-0.020143440315179784,-0.008302252999142223,-0.05276994127191559,0.028310565779096963,0.0003746799216750585,0.011240601534914685,0.03257371042240309,0.014051311237709418,-0.004306950856627023,-0.011253606790860182,0.00012052885060853669,0.023758235198419797,0.029274219702397186,-0.00784800276765829,0.007197622883663435,0.018157670656620883,0.011916800917840531,-0.023708737174611527,0.08110282506057298,0.004166402788818635,0.02809911796233977,-0.016934537318666676,0.004547998136964715,-0.028098345144586312,-0.007365856822690753,-0.015159096581042864,0.06837460255134586,0.007935809252744619,-0.030970577249672893,-0.015660987326376108
2021-06-14,-0.014126276831549878,0.0449507014205226,0.041077408283997086,-0.03224989272472001,-0.031701828845879465,-0.032279321730759314,-0.014832710756742862,0.02442097118333786,-0.04085661506753824,-0.002967077670378293,0.0016936370010582902,-0.015296425943617797,0.009204845704228193,-0.017075877573086262,-0.04929704137571811,-0.04112283049944099,-0.10333641548485406,0.12723442261565476,0.004051444741401511,-0.047888402631883764,-0.004813963868730231,-0.03291864854553572,0.020616761624483892,4.289671917367954e-05,-0.05776707828037386,-0.09062300663049205,-0.040783776853644094,-0.05393956983881998,-0.03768352610167569,0.002626177521840578,-0.03852129724763442,-0.06069061164679024,-0.0023676256455412714,-0.048826816982584176,-0.04586442456177575,-0.05496801882310964,-0.030123472392408757,0.0059714947442572885,0.019587371912434648,-0.024869266264710088,-0.06249255527275854,0.04587713517353942,-0.039924413263574654,-0.052938064177386446,-0.08045849646174175,0.016045251834451824,-0.03423250426350166,-0.04975176061672448,-0.012033727673335215,-0.02140484486008254,0.010278395596508005,-0.11852836343339523,0.07174550665269841,-0.016421379534442004,0.010605458431851122,-0.05722633025976076,-0.0028768186647148974,-0.024378787249125344,-0.02968128006925863,-0.0094135333675609,0.02186676274590038,0.009818996239571609,-0.07100825949817802,-0.029598052992001578
2021-06-21,0.04767972895079575,0.024876581306229273,0.011458962825967367,0.020239027745026394,0.02489441514243973,0.03372590379094165,0.03635765795745205,0.02031264682683198,0.037796188577093215,-0.0019013045505592574,0.038707744524033805,-0.0028046548720706,0.032881070330304185,0.03613214339768889,0.019012939125973682,0.03176220147223452,0.056847651231565655,0.05752181450134164,0.02473955118739224,0.034058090496903004,-0.00272717249037957,0.1416136332728426,0.03582127540291569,0.038412004069708905,0.005965659091502484,0.02791585476534575,0.03627475957841009,0.025992321137500385,0.004311111436227089,0.026806114237631906,0.03215953556970863,0.02822130295576697,0.03959866941865653,0.038688908883157014,0.031082589394875848,0.021632015921083214,0.06601688280240126,0.02154727769579945,0.03311108960431519,0.04498627556909196,0.05475941709507226,0.021045096764787052,0.06029584730943238,0.04835102295300642,0.029253676684608987,0.010384440936837436,0.052675540352229655,0.05258627667331606,0.03496220976500619,0.03707071263058692,-0.003748264546852731,0.014067987904610169,0.021077678655968546,0.061731363029781994,0.01169794643984523,0.03592441727505258,0.011351318348450823,0.03756198283077983,0.027858096373848618,0.04083729540275849,0.02973580016805788,0.02043284310618554,0.018425201623796905,0.03489857016457831
2021-06-28,0.03454841417335075,0.023134311149588083,0.1060499171967455,0.00932025648335455,0.031994038597379815,0.01795301231825519,0.028909957954369903,0.05146126569961007,0.014465003084616734,0.00930372454814865,0.031169911700469788,0.020845321097363145,0.023597566519706348,0.02980723323070622,0.009046410344679678,-0.012484050776476852,0.007334825022013769,0.06283142887741722,-0.013131978966993252,-0.009327514043578455,0.013633251671695934,0.03357228696976389,0.024831705221594724,0.04852244530375205,0.008154286025825463,-0.002035357601159138,0.03332227359926421,-0.04644520222499604,0.015202938085979723,0.023761134119166583,0.016187871078778615,-0.013362225136681394,-0.0011088795956998299,-0.014039371857371252,0.0015859634001225142,-0.003495507021758937,-0.020723993493205306,0.04765666710294503,0.029069349436212866,0.02504394986954872,0.006671696269385796,0.07650656050123117,-0.007053018742418926,0.02372709261985717,0.04282438528268995,-0.0073222440694393764,0.03814257115157038,0.06719384595206446,0.03581565211069493,0.014010807934686786,0.0261710917387159,0.006127034663178987,0.01255073850535715,0.07062147198209345,0.03788527491972915,0.03340810824619167,-0.01201892766315038,-0.007873402489853687,0.021470066264949184,0.018753813520472562,0.02455328740907836,0.01580822101196877,-0.007632521774238121,0.05735828629199857
2021-07-05,0.025521592617554045,0.019272585925143026,-0.04012666889989602,-0.0011860334510555015,0.005146604487574091,-0.025780647711553084,0.0009903684103131916,0.036796239962716415,-0.02359581637663899,0.03402719594632675,-0.00792632978090968,0.025653011885474752,0.004059718346254293,0.006162082474973518,0.010733498135510056,-0.006751910500469083,-0.00412617639619306,-0.014001397774137225,0.022352168150025387,0.01526674308912579,0.03198044605748662,0.018938573293137084,0.03535715494092795,0.012534954650078145,0.016911655560547967,-0.008837473710937238,-0.021498381338276862,0.010712869281060078,-0.013565780800045446,0.01263950642688405,-0.00839320289588763,0.010980934372161855,0.01736861748690166,-0.009813161268861115,-0.029440365377360722,-0.028533040867267823,-0.019793593244363916,0.0010444893832153301,0.01834640130921472,0.015835673671442452,-0.005061097898469091,-0.021318333477321705,-0.011739645421836142,-0.016927122397139782,0.0725984808141662,0.04672499811833375,0.008056700212052403,-0.013952040440977198,-0.008065722124331542,0.018154841043884096,-0.012651085528833539,0.0106859662197194,0.026348653710471348,-0.009147191090131068,0.00569564521074839,-0.0019527349384222958,0.010106076972163924,-0.022018184006573294,-0.010093190452663658,0.008356575559603563,0.031027289127231183,0.007348795810254272,-0.0005697324604607701,0.014427488224840523
2021-07-12,-0.0022710353614017187,0.002646775162841175,-0.055115534126851884,-0.007379158060409896,-0.032428006536966314,-0.03506357490101886,-0.011222300743753855,0.008820714278171327,-0.04981460991776243,-0.0385683321941277,-0.006940274482560849,-0.0252196576387248,-0.005992793004005015,-0.019889913553414518,-0.0007443680894460014,-0.013017117093140906,-0.02949058617221323,-0.11071820329505155,-0.00020837662467565465,-0.027402261923996862,-0.00022897647167752222,-0.0977955798813841,0.006347109083022939,-0.013664478427052651,-0.05965284162253126,-0.049382734395765016,-0.08388818276693544,-0.01851349957270565,-0.018217560877342276,-0.003640670218015063,-0.05216801323797682,-0.00036197644768543036,-0.005134478302375678,-0.05033037940196272,-0.039765242219791386,-0.07123994319406979,-0.04737085085429216,0.010110100707080738,-0.008206977469439103,-0.020176208923547656,-0.057264511056260736,-0.09422581630255689,-0.05111059398619522,-0.06887413176479718,-0.003076869166471985,-0.004971305899185263,-0.03403612003706935,-0.02726241162571985,-0.012161638728435231,0.011176217941049282,-0.0270546190682438,-0.039790766862709104,-0.017673976114419343,-0.007701582478536584,-0.014924318580253781,-0.02673917042919227,0.01890854201145431,-0.046221167227703086,-0.021811196918107623,-0.048522709727019664,-0.011298144899098639,-0.01411832512280431,-0.08507911324622541,-0.053676016335175936
2021-07-19,0.024492457120516953,0.03261841334366933,0.07288394668430898,0.02144751057345573,0.0436573020411859,0.01938419733972996,0.04462673309766019,0.014823668511668497,0.07996552155043024,0.04823221403363531,0.06586441280683397,0.03221735858282715,0.05810997389701855,0.0373193978057611,0.02849162255141091,0.015386988192438,0.035158276402573296,0.0901192780823572,0.05618609111888828,0.03528517815373511,0.0552554971307897,-0.006467851591138607,0.06682399365476677,0.02861534860966808,-0.008842695850841853,0.0173160985240568,0.024709253516239427,0.017566773033259375,-0.035837874322967256,0.05367779102058989,0.037725543763865055,-0.0014489486547386576,0.030256129331063475,0.09392272486954778,0.08800650479280248,0.040819270877749725,0.012398241879577387,0.03177198831916117,0.091709229095428,0.00777292557643583,0.004523593406099424,0.07692301218417796,0.03282316059670953,0.034139314257460196,0.0059835041125890776,0.03430339227281243,0.08908705966502284,0.02882568133650354,0.03700537747081656,0.021914570540675582,0.041186124337855734,0.012076717491920297,0.053598404107684905,0.0241879748842313,0.030770935206643646,0.030079600400073403,0.024835622210251485,0.0743182816764818,0.003922253072502047,0.05339555241553828,0.05158104430544164,-0.03133982778304356,-0.007009298592412283,0.05841831895386873
2021-07-26,-0.0030441517735576573,-0.0067745542484124455,0.15236028956097658,0.003178829266418548,0.02098598013231956,0.023662463027401603,0.008374377694873925,-0.01817478614788204,0.010835925346855957,-0.0015486280667670327,0.02712301663801009,0.004656984967090549,0.013592337148536915,0.013263430838797774,0.0025348164805680806,0.061192056436829345,0.015526330901969754,0.06409256873477598,0.0043777854627780055,0.07456552386923132,-0.05239840739840407,0.037251405436617535,-0.012585623498458376,0.01580916260444787,-0.03723831855468229,0.028368754366178583,0.023758885214422598,-0.0026884329159984066,0.013585116180303558,0.002914437906356371,0.04566226935951945,0.020674752511166572,0.030369481504044726,0.08542204266181752,-0.004467064567144408,0.02801322749085644,0.021596183197915675,-0.01643230633034043,0.08448794487319478,0.010013518270998167,0.024060711622419628,-0.0030163991206038077,0.05113309668936594,0.07455304024563514,-0.006272249349678738,-0.006399139775435714,-0.11290854160395858,-0.018126262708479723,0.03395914305745373,-0.01065195575129485,-0.02545823695556393,0.028310769540214054,0.0029172301921298605,-0.04230257491316991,0.010243037973599378,0.06591990693330341,0.015953833175824217,-0.013975396704471676,0.02586638383067985,0.02456564561685104,-0.010464982205895201,-0.027725345354046915,0.01850980870863972,0.007054182790179331
2021-08-02,0.013063466672275537,0.015684571084753296,0.03691494565233011,-0.04461306334064419,0.01572634437482967,0.02215978905433147,0.01704390958295532,0.0019198357416088108,0.019438271114377237,-0.007334599851419488,0.036246952803762555,6.169944631984059e-05,0.02316297710199766,0.03654222531736062,0.003973317826639677,-0.007207844094924365,-0.02245575865312932,-0.05200422095434065,0.06827444189301457,0.023872974992535267,-0.0883739385892468,0.08263598947810391,0.11548629856885095,0.10633472869813065,-0.033440805406446894,0.025517265130372335,0.015587129584480941,0.02220451698392245,0.0037228609189576822,0.00815143573858057,0.00218330369696762,0.008884222146839038,0.012458237701235442,0.014907150410026437,0.01655136151466241,0.0461850514550568,0.05697327168361421,0.015969681658509094,0.027890269054364314,0.02054307054535509,0.032416094247054605,0.044463652387067176,0.03566053779679623,0.1592421194910416,0.02731240518486988,-0.031800495102886406,-0.0005906373780522056,0.0286407934988977,-0.0234980125785621,-0.006879070990807756,0.035795494251574356,0.048350247303655,0.004745748282545925,0.008238070773290973,0.015417210986370833,0.0145791687998027,0.011948679889085989,-0.001023532756325607,0.012275672619118883,0.04514620596902419,0.0027809253744139895,-0.011369374269042165,0.05898662887807471,0.017720169795462315
2021-08-09,0.005033803036774254,0.009392113513132072,0.003996026146283471,0.015012666712792333,0.004889272483525664,-0.006135549921294392,-0.03242246414343275,0.02178324515508634,-0.08937962881771888,-0.035831563984635495,3.0080133291754407e-05,0.0015037723486064358,0.010591055584532771,0.04351484298196895,0.01583029819679882,0.06342458628805647,-0.014907279116445626,-0.02637145514799899,0.016437503317016988,-0.03343741601676331,-0.05435395458905512,0.03703700366857987,0.018605128210281707,0.040938234206778557,0.09587334861906527,0.0073973630961545744,-0.010572980458770753,-0.006315175221391689,-0.0015282038363927386,0.01207192748925956,0.01608856412989823,0.017611759453335374,-0.003001200370240875,-0.07208157064260579,-0.10425024052658494,0.01228891884991179,-0.13512206926948478,0.01171159385180931,0.0066265228413164845,0.019735640759516393,0.0013387396929265272,-0.00874001112370515,0.007064388204382377,-0.04041515162748066,0.009606769987274166,-0.03188735809960064,-0.02482086674704298,-0.03415036158446971,0.016133666593547202,-0.014755210109968608,0.003870869687053302,-0.01964182073091214,-0.0048249062458118885,-0.014191223392971408,0.002359547442766008,0.019716752577620733,-0.006176582604007774,-0.06400249972599248,-0.02207716286328154,-0.005147706818831033,-0.032853607549426345,-0.02089664412218839,-0.08158813897702866,0.01565082164669751
2021-08-16,0.02844330749603796,0.015738069911499952,-0.05336952838541864,-0.015478571137559238,0.00648741753072124,-0.02022572168717307,-0.0010204228492909362,-0.0061033766613403095,-0.02078505926521723,0.01590347436169748,0.0048079996075027776,-0.0226055477098126,0.026200301617699484,-0.012858085699880673,0.030989804994928205,-0.011979899082655066,-0.0034728960951760923,-0.051485682896205365,0.036620894397778825,-0.022067791821641314,-0.02052471856292437,-0.0213250268233246,-0.0368215148280584,-0.008101818021657659,-0.020540075231359367,-0.02670223465768795,-0.027232087307561215,-0.017240299530597913,-0.027668809543765716,0.008432889553992684,-0.016013811925510435,0.006230497614296393,0.016194985453165778,-0.020995550144689124,-0.024878988467339824,-0.04440197398086987,-0.009729153361869636,0.039303336167716196,0.024351949312704013,0.029910317957332788,-0.01956725451183372,0.031107553399056354,-0.047663274966700975,-0.044879188232436085,-0.015932733532821874,-0.017591726671862706,-0.0281796937769776,-0.03610109911724069,-0.04406654617589478,-0.0017058030405761038,0.018166669456872953,-0.009962360377598567,0.02158787757085001,-0.024592510953241664,0.08105898663148481,-0.029560324403751892,-0.010739024009864262,-0.043705290439200795,-0.019766941900454915,0.019010065050671043,-0.010674381758436713,0.01718864974580825,-0.04924783111964115,0.0007354315666552314
2021-08-23,0.00904846268610604,0.017270664893208387,0.06450071573415883,-0.020001755247233022,0.03061642660017272,-0.0009603694259396889,0.007730075047022833,0.002766665595892226,0.0735059391768893,0.008111177523430602,-0.05604399174807917,0.043710762285605886,0.037020508837329436,0.017776015768892206,0.013740938978296757,0.010202620221900327,0.014438528202303624,0.054220131948671035,-0.0016029102682152407,0.028570032504900533,0.03869974892224759,-0.0010577371816449244,0.0608176222262895,0.017857123033980127,0.04505734387250926,0.057613296275318415,0.02480521803001645,0.0021564965394926805,0.03614692811184761,0.03785077202006937,0.03977851425887513,0.014447927983683773,0.05166183759437071,0.07175661714084924,0.0770714540345172,0.10374390935093114,0.05368079651689617,-0.013359771034503698,0.03946060153708442,0.011708274161489562,0.07921151806878712,0.08743277371547276,0.10492681977486829,0.09638554216867479,0.004609848343200662,0.25532029131639256,0.028762979456832705,0.050506710135782784,0.01942465207234423,-0.00289618212182019,0.04060435598415224,-0.03499554483198153,0.05308733072329086,0.028689113221769702,0.04711560352728039,0.034803117800330075,0.018714255102054045,0.07960542574891027,0.030004980539979353,0.05651841211567099,0.007383474667917556,0.007604254726955029,0.053297813360157376,0.0288194579427834
2021-08-30,0.022850530106607314,0.012254763841444305,-0.013285487761773296,0.014260304340772079,0.0037784797172126794,-0.02014464479901834,0.009205018821626165,0.03835800604559547,-0.0034529505645896075,-0.026122380027428616,-0.08519203333071645,0.003508374725899044,0.01994217682538668,0.01938584169475699,0.006777412148775364,-0.008933057091559005,-0.030920192748990605,-0.006000360127989324,0.022715052641975486,-0.00953449746575108,0.016822657206372327,-0.00402377036201651,0.013067142158058154,0.01803124928737776,0.018670679025259096,0.0038908675582165486,0.03250337030842987,0.0012194980105988407,-0.007051472618011201,-0.0047531555086757216,0.0009684135380145786,-0.017293920563599463,0.021238264825227837,-0.0034409100651399127,0.0018371411068944798,-0.015999614673342655,-0.0025676497525636277,0.004737754732223376,0.014485949986656976,0.008401685284380456,0.04927638271630874,0.009144711041391806,-0.05968841137626835,0.004615364493904428,0.007274821281019861,0.015045130827548103,0.007652748888627547,-0.028154958514541306,-0.0015189107790627432,0.016027675102352035,0.0020635117828675664,0.04646048022804172,0.07310243308668984,-0.0023985842916670608,0.01455657492354745,-0.019842915612407586,-0.021966085048867767,-0.005872708810201188,-0.003359263425067649,-0.008880978813623153,0.025054061237293368,0.025947973401683422,-0.028937409590199303,0.004490022305298824
2021-09-06,-0.004106802006150101,-0.011476355939722405,-0.04294033205357739,-0.016432361128597917,-0.021806881751849416,0.04617100445998479,0.014197243062673115,-0.034542941282528994,0.007435853059465591,-0.033597658772593575,-0.014961064326298734,0.0009443267845790082,0.007000110773776491,-0.02323650021653212,-0.025748907525484754,-0.003788389344255072,-0.010887542079103252,-0.090375997470729,-0.025458904412377192,-0.0031923475985261573,-0.03392334766779226,0.05687865450116436,-0.030294549804618764,0.000989301268726761,-0.0007331919553362765,-0.07558135311108405,-0.06229065120949229,-0.018340850007123488,0.006167160783435044,0.007332493748262836,0.014997533937940455,-0.033114028478694046,-0.006288610973769648,0.025808314713138936,-0.02063163814716229,0.0041446855497200286,-0.004200008075118777,-0.01803157456273341,-0.01615106605164951,-0.00886266462490326,0.01061853512262001,-0.015805232198689345,-0.004084536837272612,0.025814927342158178,-0.00355557609566981,0.003588041244289686,-0.05541771894250247,-0.03269312439922012,-0.008888503992438901,-0.025215025792906576,-0.03699256725311051,-0.07085916765249589,-0.04516455829175314,-0.031036410466057762,-0.012327781111810099,-0.028529283391446336,-0.035627526840659174,-0.006660119330669123,0.004055216317934596,-0.010331049447902418,-0.03364067449786523,0.004268276164202334,-0.05601691312907486,-0.01688108891849127
2021-09-13,-0.019068747914970707,-0.006768479612911049,-0.012547525980192265,-0.02179936062497645,0.004777135723147641,0.009297472029858422,-0.024035707879434653,-0.01953427820633491,0.028938651047291764,0.023395620485945345,0.013078793785799903,0.015758329361920786,-0.019416254145028677,-0.03459754518052627,-0.017965163002953366,-0.010228327412643234,-0.011331517140073188,0.016875225308719877,-0.020829009673187793,0.007981844026401452,-0.03795029619723589,0.04637353194982485,-0.03542788460298041,-0.010616645574712869,-0.0575934159506889,-0.04529489683383825,-0.004963842739507784,-0.013063581402035673,0.007800858764733576,-0.009746525188963684,-0.032570729164377754,0.0025152235002769974,-0.01493284362451719,0.05488211264111986,0.018173991386315036,0.022987010043988176,0.010884564487019022,0.014068044188103812,0.007084652953619708,-0.021674455405410686,-0.025021652953866158,-0.025713963270331486,-0.013152912484424073,0.0426530182562026,-0.03668609116375532,0.013768857301452497,-0.019742105578015257,-0.02230897898448636,-0.0636389237732995,-0.015423157436770585,0.012947070039736941,-0.0021449993041970927,0.00470701089548875,-0.01167321411931499,-0.02090282984024283,-0.024552881604016363,-0.022341881761696603,0.0031412671226880295,0.029373234967347006,-0.035044748740739484,-0.008734725197512172,-0.010851353783758233,-0.0008625677195941428,-0.019771593565969803
2021-09-20,0.011418990973665943,-0.04854229226895457,0.01848292115041117,0.005845277213766487,0.0233753799770704,0.04086987137623521,-0.008446965550280572,0.005887984904545451,0.007954661426288423,0.002840166512972697,0.022627172199740864,-0.002134431696346195,-0.0004889190775981822,0.010044925397606264,-0.0021107968994653614,0.028352032976707964,0.0,-0.04493750857708212,0.025278863405022944,-0.0021019060060690764,-0.03440415069984171,-0.12372616355054811,0.041437148279052316,0.046273375086157253,0.005060199886493422,-0.010332034154293956,0.007586684318643622,0.016712060539218587,-0.0007370878011968562,0.028601674566404833,0.021678457815092145,0.02258058127386997,0.005240957737753904,-0.0007571744313239481,0.005747359319996592,0.02607063717952207,-0.003364795469652959,-0.0017340580758911095,0.04100339424814736,0.017097197457989655,0.040328860371031894,0.008264820934345884,0.03778466692088789,0.008181663548222584,0.041092829336563774,0.029598919363652998,0.0030858961775332983,-0.0071306330760926295,0.0020959637410720156,-0.0013929271361234896,0.09634209580900754,0.027943826790825632,0.02347045078430776,-0.014892137147667794,-0.011058567331268088,0.015652327980903102,0.024435770972550452,-0.01664604179547957,0.022420321457058634,-0.03190197048765808,0.03197453222066482,-0.0045710105611854734,0.00034531178169805443,-0.016990325099727088
2021-09-27,-0.04236036258523668,-0.07265027006666325,-0.031663572843913745,-0.042222773199425134,-0.03531863559362347,-0.06251057891756695,-0.04649425563864085,-0.02906351367912896,-0.09012119690998555,-0.026849876645938853,-0.03600643223149902,-0.027723846652998763,-0.06444517485937518,-0.03807109565434208,-0.028027454382120842,-0.03027589201615155,-0.03672833352537819,0.011063366573779376,-0.085834067987972,-0.01351944447392639,-0.0315518615424365,0.05946240349109044,-0.04456560670716481,-0.05694659550754633,-0.010069757435062887,0.09023110003580403,0.0064538769438113874,0.04240321359882637,-0.006639588017807174,-0.0587447944298185,-0.04516947408131611,-0.01857689081009517,-0.07265392061392373,-0.09338877023311154,-0.06979820920705249,-0.07616442746304397,-0.041323582091179034,-0.034240835191533314,-0.06726907130700777,-0.02683058781149028,-0.03267836180626227,-0.06064036445218157,-0.10975210800790736,-0.07466017928225488,-0.002223695507280743,-0.008073932839117504,-0.02436847950647103,-0.0275208759605563,-0.03861661603270161,-0.039527963311607905,-0.03630569246897597,-0.011415629181567022,-0.050291921010352514,-0.05056475585285958,-0.060415021617486575,-0.01610537862648198,0.008050983484223506,-0.08262792131708063,-0.03418893721497929,-0.040592904019081666,-0.037678022891566854,-0.050925340400896135,-0.014670322648735135,-0.08668758700139201
2021-10-04,0.0010156299117562995,-0.0010563066176753066,0.02547584859050933,-0.03119075474802857,0.01514541673271963,0.007468452643687229,0.0026977525662952306,0.0017523996086517002,-0.022535353903735844,0.06117325316519295,-0.018024344016025595,0.011285481972580724,-0.018887651090787605,-0.04754717388692309,-0.0010881656685970409,0.002922987007639488,0.004867628270934787,-0.006436663208492344,0.01960233597570804,-0.0030785794680298073,-0.012608341426538994,0.021745868082814646,0.030771806723877804,-0.0068582822331690885,0.004303642557118792,0.014363823856712976,-0.006412491512685192,-0.0006977994854373559,-0.0009283919560812981,-0.023622875062700666,0.054040362638021255,0.024642856909651734,-0.022125521113664726,-0.02677471613278193,-0.03197892321345863,-0.04302288565171575,-0.010874432402555145,0.019889265484885454,-0.028536744699224292,0.010456054277270699,0.01026715217939933,0.004290842499262482,-0.013375640261022559,-0.02477529166835335,0.05181623232319299,0.012908293989832398,-0.0039001013390723704,-0.02026463894067254,-0.01678188720526208,0.008959296576755316,-0.010099537457925578,-0.05307442078463931,-0.024051787289389837,-0.01866767140360559,-0.03580279322259339,0.027799353749344835,-0.03283904467649568,0.0008219613899766998,0.007482581784366005,-0.026265736873116063,0.02493919717597537,-0.003580367043731325,-0.00875810122024212,-0.023973540523344994
2021-10-11,0.051139379291548215,0.05760503822024421,0.06719974635494164,0.04041488555385864,0.017560078798901646,0.02028228667657861,0.038128828546872606,0.013576104360421226,0.04254457467543582,0.048021038682374506,0.043916254007250854,0.021101734068377898,0.037703196417579354,0.0047490389767228525,0.009862944488136849,0.0442443628603324,0.021259338064152145,0.12023838743979054,0.05500071779144933,0.01773172029105785,0.022047078327716463,0.06526809122241506,0.026434882952983463,0.023610629831217977,-0.01441356495725632,0.021577887276613916,0.013983510514900654,0.009705408216878597,0.012079551187083926,0.04093859421082979,-0.003992921354142642,-0.0031370030479267452,0.04296496317411491,0.00935440050623404,0.02601052218740607,-0.0039685877477803055,-0.034797414989805264,0.03174499427221433,0.02628425364803877,0.012966770372946357,0.03755364577125375,0.049493622486782574,-0.0026272068432814377,-0.02585426535559321,0.013472118271341316,0.030560710558744875,0.028823717578171815,0.00024117038950266512,0.028842329996732863,0.03563208784316485,0.07039045765725405,0.02577269066334642,0.07383654639736137,-0.002051493177562258,0.05005830734484196,0.011189708722340708,0.015995101359401742,0.039795656257895384,-0.004046546712462296,0.036616623810881155,0.05814120883620166,0.04141982460024396,-0.02085174592673722,0.03428710068940366
2021-10-18,0.03809148477325386,0.05489352187412311,0.06867638922241226,0.015142970419232737,0.028934736432375985,0.037084455130412586,0.031182951793452984,0.02658119032461359,0.03298134039519729,0.0018984818017664384,0.05972040243503418,0.024162918292816027,0.07048398904595632,0.07736870760895198,-0.002534055531763335,0.0021563995469353614,0.007378029229946126,0.021859812741865436,0.047529012381955615,0.019184643144996683,0.0006100537028963515,0.010560371077024344,0.06343366559638808,0.04250196298576969,0.054150023460808994,0.013861462912233113,0.07743976837097999,-0.1156905646348827,-0.09181051293267473,0.0699796325055071,-0.011866661205617968,-0.01573416092667268,0.04451422089961099,0.042327509234963756,-0.013694387410455144,0.03325077084294259,-0.0025119620786133723,0.016271588315879493,0.06217784909812574,0.04044521291321135,-0.01493330833972506,0.03952056186790487,0.053316414470497175,0.0609277470133025,0.030630458396841975,-0.007325029680048556,0.03732794016478991,0.012901666682612056,0.010906183072224351,0.04305370105670514,0.0030857638523760222,0.06391030558592536,0.03539013842016692,0.028592881699915473,0.048520815247588445,0.0020367483836436495,0.03905537725976771,0.01931176121934519,0.023759376536274912,0.025785970016919846,0.0480757617471439,0.01995616522094612,0.029597534635709577,0.02343788732676022
2021-10-25,0.014132671433487287,0.010534771250941821,0.003421829937853671,-0.022885214617984873,-0.03190432632843565,-0.02763125299790814,0.025780936674542287,0.00746526115732693,0.005296797858466373,0.04908843072579128,0.029263073343164248,0.03154773306359515,0.038078713796403596,-0.025173626313910624,0.015605124588726982,-0.011519119183756588,-0.06957873396599823,0.3108659246364336,0.038293700156134314,0.013925540919492718,-0.028898856087566704,0.12587078670247265,0.0031316038157667148,0.022803592104382098,-0.04574412370655889,-0.04622389995297871,-0.004594648760036679,-0.021738986550192574,-0.009300543071530831,0.05956328249466347,-0.02693932715263392,0.04866788387012977,0.0215639713167326,0.08666892610148369,0.012268072354387094,-0.014760436735554383,0.023552082021545573,0.07264826436380423,0.028397946638318183,-0.003767016439453208,-0.03988793267720392,0.12501101949066307,0.004651675878621475,0.04568193209390947,-0.023511502302135057,0.009838745295511986,-0.005932418488873714,0.0013094531747881444,0.010788704576079722,0.0013753299484395853,0.024371086075718473,0.021093443241213983,0.01617998246055974,0.012173064313746984,0.037556046779935404,-0.010840184911013906,0.006858520560958148,0.1904927214943879,-0.05822059991225392,0.002869605051863955,0.029235099789980845,0.017919991629464338,-0.08343555451690587,0.011422241044247938
2021-11-01,0.026951605055703265,0.019004836751881582,0.13399311761749177,0.017352568243328648,0.06083127724281767,0.06161722327061181,0.0714210886457769,0.009879753361604626,0.12177107057416059,0.2949790692127554,0.021756254465553626,0.051253518177315494,0.028247931213721156,0.0022502699081388133,0.0196533823636571,0.02330660990291733,0.07787442446505843,0.027068984507615967,0.047263988749600694,0.049869756493856165,-0.045203413983426755,-0.027427033027323966,0.014419950842416984,-0.0013558259831462083,-0.026719133424298547,0.05529005180146318,0.053412533644240145,0.03354156480915349,0.039183761369187664,-0.017572059983261834,0.08789193269887163,0.059959249305257645,0.020331009423713242,0.11795799287412034,0.08375177071915507,0.15751110144439195,0.055282040940795474,0.013388954706178291,0.039622514728616665,-0.004626072082704935,0.01959684393585759,0.16368746041278115,0.11644939820900291,0.23008116171221582,-0.010318902008275344,-0.030073262507304688,-0.011071818214441254,-0.07228192779018028,0.22542093905365235,-0.007317539575085741,0.025226058583892375,0.08622443913283573,-0.00824065569755339,-0.01836908272865967,0.022720473889874748,0.08767131582994137,-0.006388840900646953,0.04325799008683129,0.03793007556122041,-0.011331183038137072,-0.018629644827101166,0.04486462287382054,0.0743927963576172,0.13774695404342618
2021-11-08,0.0075177504454828625,-0.007725729332941911,0.08471470853742358,0.03933266086954057,0.031679710226256264,0.003311802129148944,-0.03656346364041707,-0.0070801980751333815,0.02302828217460684,-0.00893427532454627,0.014791132975000343,0.007693538362870678,0.019325856412394593,0.02143569617827179,-0.0043806788981772815,0.025904234514989133,0.020344236744135102,0.05767129706893992,-0.04779736805906454,0.03505054370795202,-0.011914778100612367,-0.04634166884005908,0.0028722874129969433,0.0017498856718649591,0.030682352841991056,-0.05304017190954824,-0.004068858736908321,-0.03761833724945529,-0.005108622230669213,0.01951235629118564,-0.014563830979713477,0.023649753018505804,0.01600611149084563,-0.008278825806588563,0.022348553704223173,-0.028101755295115938,0.060066218528370685,0.0019638407975279826,0.028355334271438215,0.016165658696454033,-0.01383870364263895,0.02144410892581705,-0.0286733766586309,-0.008963344908172743,-0.014849799166273825,0.04333912529483985,-0.03263459211273034,0.028384650912320453,0.011715507230495303,0.0070823679481761825,-0.0019528270252746616,0.11751941084134243,-0.0008814689714807811,0.0030477572013136722,0.018371268571166555,0.034697658027564415,-0.004458431107294825,0.013659666335104514,-0.017166434624122484,0.003588853876422382,0.03205782712086025,0.014570615216578986,0.07796370673411523,-0.02577773357124491
2021-11-15,-0.0038789265645097215,0.046791393968397266,0.05084863279124008,-0.0047529259182452765,0.013330158357055755,0.02170051969428055,0.027308410722883814,0.0704046692655047,-0.043298130874521945,-0.01894248986065339,-0.02064866439727786,0.009765299619894918,0.036816537620685263,0.026062538578889738,-0.06283000371835179,0.00012171209765199364,-0.031494748482372104,0.06406484154679326,-0.011201082370370763,0.010852061565839621,-0.04834030668674261,-0.02298950112205478,0.0009936697451142784,0.007559267508292722,-0.020759887367580943,-0.017076503830360412,-0.011627915233236363,-0.011444186561871628,-0.015702731226158062,0.10422825997926521,-0.032247261407003514,0.005307532176077379,0.042921498098824395,0.02462526774722229,0.03215814789471505,-0.008038436064866539,0.07412654956663212,0.018977283402334066,0.015700650113241732,0.006641690235618336,-0.042209468227250246,0.08538997711314678,0.015792632660484696,0.08088740276264805,0.004596872800515239,0.02942658521261121,-0.03693671453966063,-0.03308409693827885,0.12162011053469257,0.021938252161195937,-0.017870473105568885,-0.0678875839260562,-0.0223171147904051,-0.023395652911314402,0.03152647512616502,0.005720981241626788,-0.00031502415940676265,0.034749293488036015,0.02672562597081285,0.02260928629916026,-0.004198545135940979,0.04088114285839883,-0.0749669883186237,0.008296115371950519
2021-11-22,-0.04378163443594252,-0.0381626446788661,-0.0038607946038026197,0.008650198733415992,-0.04134360025475525,-0.05720330755401848,-0.049786292791196174,-0.023294944200411005,-0.04492451030718969,-0.03093986728782494,-0.21192482070259888,-0.03891193438422613,-0.05188174973508819,-0.02499244723856653,0.0266667515961303,-0.040943711340981626,0.008233581286488878,-0.07589449767157275,-0.08261030464709918,-0.024532216872954815,-0.03325785103536627,-0.0226077744351999,-0.044144727507140824,-0.03984452864638777,0.004667907650976799,0.0027796997790547895,0.09952298098644352,-0.0020682329272821987,-0.014943490026089634,-0.036730525716011875,-0.0360533966224762,-0.023291915767311377,-0.016749780012531246,-0.0554477385329083,-0.003909983372656578,-0.028848193934110977,0.0046970775596029135,-0.03738408750595934,-0.06233901480240034,0.0018568675034587034,0.026976583652086994,-0.04492955081568206,-0.03981730439865527,-0.0479949622387732,-0.017452480611254373,0.005468236290092632,-0.09707661477794127,-0.045621507311515264,-0.05005389460140397,-0.04626520683453961,-0.05631378031175005,-0.02143281862800961,-0.03908455117122278,-0.0512103863453891,-0.04411232855550018,-0.05312468568955386,-0.040340402004616416,-0.03252463842731157,-0.035355844957903004,-0.05910882993318234,-0.08478136050423413,-0.019047589474602722,0.03106029720726977,-0.01010478306975282
2021-11-29,0.022115345904493378,-0.06882638267541774,-0.0697629560240135,-0.007146712831068269,0.0006124777774607626,0.015673929373320794,0.007582079620333415,0.03207691901901932,0.019369359630242,-0.03016727403085262,0.01908168107827901,0.021094411940074664,-0.002747283536035261,0.005229737013060287,0.028534822356274248,0.001530555763077368,-0.021865133422131477,-0.12254462973816027,-0.020213460687346085,-0.011359148394337049,0.10384241408333006,-0.07241312595862637,-0.07504807551141113,-0.03679723329587281,-0.034413779038472314,0.05128214583531743,0.08588783159295299,0.02616367916862905,0.009635147078229656,-0.028414568705100507,-0.015027584385451154,-0.005723280141527898,0.04107227261796398,0.004311219389844245,0.03035922812348435,0.0649429726743509,-0.021577282658519548,-0.020231693089090008,0.01794306610740648,-0.022004946808144688,0.019587972688399624,-0.025711952860384857,0.06905157882672186,0.06218911877518729,-0.04429773743592058,-0.023216628382342397,0.06560314128826006,0.012153149985417055,0.004381236004956435,-0.019563747274103482,-0.09109456004100935,0.06885015857691501,-0.05610038199711398,-0.016707293980761317,0.0070142444201468646,-0.0003205910702931414,-0.024607062009744718,0.02945587139746797,0.027196663149807287,0.004315944912499425,0.00023930582322595484,-0.009999185210307182,-0.00415508778988416,-0.004113611857220367
2021-12-06,0.04985890662065051,0.06150549220352208,-0.03791397585824463,0.016825650142627158,0.03183547164396838,0.018488723704838783,0.03391459639477956,0.10881131402011102,0.04731522486370676,0.07830037732770512,0.03852988730457141,0.1317996004463755,0.03525048880970627,0.016695242970889757,0.05370796146060841,0.045593506193233324,0.012927661033991233,-0.009580846488152162,0.168311840762982,0.025840550014966768,0.06809776887560681,-0.010687053961911608,0.09844134934367421,0.0406916502464536,0.007873912090972768,0.002636707531540994,-0.029826780901810568,0.044177070131991014,0.027208190064236693,0.04628377377106552,0.10866245701605637,0.0941769386167286,0.013150682287619064,0.024982682802832334,0.06725924865459576,0.02181318614563721,0.048027070150178375,0.06046244299460857,-0.07566739494932784,0.06822569016958924,-0.008106647028614633,-0.01600693061419578,-0.00290585798939047,0.018891475828578308,0.16307808293717985,0.021099789424837923,0.06803082953936146,0.06217058126712183,0.04569230989078621,0.015770255275749268,0.0298466678401772,-0.014230248401432388,0.0552755875098081,0.08747710893906513,0.05160204000835389,0.028278393487746634,0.047040710116253104,0.061105296482824034,0.013548422837454943,0.02769487630170797,0.026976432312186605,0.025522804250923015,0.006084813479410478,0.04463786694731775
2021-12-13,0.044275799970781016,-0.1494537332633622,-0.005774110675832778,0.020706099404102618,-0.02124106222183364,-0.07261627138138471,-0.003990530321887897,-0.04630825222303314,-0.043082640242826375,0.03320832700907195,0.03215611113934713,0.005192414570295956,-0.02709897637506231,-0.024631593249463513,0.020421987223903315,0.03313035555565369,-0.024461738204905048,-0.1205004332028462,-0.08720159865322008,0.015427495783816969,0.011681292497239593,-0.04156371824048577,0.003607579897280777,-0.005962865208196999,0.057565841762241554,-0.0008513394130924556,0.010684772431701628,0.026674066251208828,0.0005929561209261358,-0.0850799947330827,0.0027523940780698197,-0.010588237948487955,-0.02303695325571975,-0.04660452820999894,-0.0521135930214075,-0.03179152452316847,-0.029693799089780426,-0.05470895768968298,-0.04056340844135187,-0.021893313970494654,-0.01410655913687231,-0.07937610027149311,-0.03422242050605062,-0.050107268628915125,-0.05855981918795672,-0.0032152334379457193,0.001492911218639703,-0.0725366034143542,-0.03850339592482055,0.004435767685460723,-0.04924258979673801,0.005774284712801947,-0.04848530930013528,-0.06634654913046467,-0.03946566191283418,-0.02463208208191936,-0.041344144525060744,-0.02190806789888111,-0.049489752951259014,-0.00766634987559367,-0.02603479695810118,-0.010584374214105297,-0.017625721040089415,-0.04235614478685468
2021-12-20,0.01784269163185792,0.023318446621103828,0.0609074365854696,0.007368864199090552,0.03128006364198033,0.014990346204749816,0.01695814956089925,0.030033918804623916,0.06390727321764178,0.05050734937327439,0.012029520660230553,0.04699512872621803,0.04649736039549013,0.06676462149774687,0.030102545305155548,0.01733087579394965,0.0016354617950506967,-0.00497066489541742,0.04203793516191001,0.007896979990946962,0.055427546642851766,-0.06215114521171161,0.04550223267722542,0.01705874130701468,0.005832136656029885,0.0450928399823769,0.029532420359097866,0.02535334022133995,0.01363103135272703,0.024892421474117965,0.06450125701478782,0.014566278267384991,0.02145028292596418,0.07460085417171292,0.04645072581194598,0.03046444034158413,0.13759058283947145,0.03363190158966067,0.026108305716559643,0.01764137246787767,0.029184554895985038,0.06614863665368298,0.04214980202194596,0.07694790012274844,-0.0714137472255495,0.05968231819384795,-0.00198755994840194,0.029726536200982867,0.033597217233108045,0.0059091773679873505,0.0008302958128669768,0.06611809661049262,0.05350616795826335,0.011338211258272057,0.052034205571009906,0.013042616728192957,0.027218094261785675,0.04146967391071987,0.005904257255086698,0.007959736658628813,0.042737200450424284,0.031101560283813168,0.07651719271019042,-0.01038205359876343
2021-12-27,0.027869330062203268,-0.004494219972153712,-0.015327805546184514,0.007228949994373179,0.030714746244969282,0.01801222042499595,-0.0061200754307974,0.007318043256019813,0.01202626748176594,0.01339438713240404,0.0007118125697802569,0.007320322180010441,-0.006027254372597879,0.00996268137827605,0.017501670594028074,0.028160862889539562,0.013061112005345876,-0.027793993614451784,0.008098562735694426,0.04202866006596029,-0.0032865839019111664,-0.00240356046550394,0.029740364069578806,0.027002145970827618,0.004252013854743053,0.0006345736932769075,0.0005311305234025898,0.023195336481339313,0.0037029554667655784,0.0118133769430806,0.007735233302608391,0.04629340790701009,0.025219689300348458,0.022221817338096805,0.029239314546937623,0.001495497314945915,-0.013450373660706116,0.004870277740095297,-0.004580414362039931,0.033472906851739426,0.015006231843200268,-0.007726111133679159,0.00189128340054312,0.01737561407424404,-0.027975915273562024,-0.008935835918225776,0.005310757433436564,0.028407916468494054,0.0007114581994003277,0.028286058669004355,0.003910901064830163,0.020798017021990356,0.0008325670648439143,0.011211201772530544,0.006418151420698903,0.018239178992692784,0.0190329658596482,0.0048541719498118585,0.005709761792029866,0.01254211849262088,0.0283688464587335,0.016744143345578166,0.06552284757423599,0.021960542662833094
2022-01-03,-0.10565675869390778,-0.0993898098864554,-0.0826962779793079,-0.05553656826003717,-0.06105644703971069,-0.03942654138995427,-0.0973275055348869,-0.03041066275720694,-0.041624288669451226,-0.09926959493885867,-0.06710763168445,-0.06952106018486282,-0.10909579374932554,-0.03125305777335019,-0.03534787769119574,-0.014652920757013077,0.019876525526042466,-0.20667976961847856,-0.16720774551595452,-0.05214339183335859,0.014711587538199788,-0.02845345631865448,-0.12448523078441709,-0.10448071282167282,0.024249418370465348,0.08623950090483223,0.026015479418759258,0.008753494552570018,0.03766976384119736,-0.11762678276754823,-0.013788171325893495,-0.041164893725873286,-0.08963243910319907,-0.03068981033025875,-0.0693318179675575,-0.05892493520392694,0.015036888365147716,-0.06624655143944402,-0.09750845539554798,-0.07048227412596286,0.0027174822011093447,-0.07357793261556744,-0.028316674967412858,-0.049469974984302056,0.003439915225250667,-0.056164270031558994,-0.050103174728624356,-0.010870240775477047,-0.01345216790589554,-0.061867164686557286,-0.10160156938620912,-0.017879376751883003,-0.12743598553382796,-0.005994524213844721,-0.103500718177578,-0.01716855688347496,-0.03405892646639297,-0.03216531484745744,-0.04791205296302814,-0.09232713414783544,-0.10105031068987136,-0.06347017628824403,0.009507786463528234,-0.10809816118264637
2022-01-10,-0.0469049831125109,0.019385085455789985,0.03696973396070069,0.01881673433894937,-0.006210426809425851,0.018715903605593942,-0.03739499151975745,0.005227472642427067,0.10735368838731296,0.0020081076166555967,-0.012275088177789328,-0.03679244536891302,-0.025719817868774975,-0.033975185585746304,0.009677122623503953,-0.002516493778515372,-0.02317629684818323,-0.015779015144187336,-0.024466471395389267,0.018021159687719557,-0.008203580165217272,-0.019603255268386133,-0.006737427568213494,-0.044690885561177285,0.010146538250711101,0.02510218230774819,-0.005950864670032141,-0.004598294753311971,0.042290480102171735,-0.028421218192854147,0.01931402518659353,0.011682152349784536,-0.004574471331657226,0.06737653991355819,0.09043896901230553,0.028805285056734187,0.03081003953691419,-0.012227506451792602,-0.014639445884042979,-0.005622670083551662,0.03997955837319367,-0.01119381013838161,0.017891797178707813,0.025402717652831308,0.005779494103990368,-0.050200775225131666,0.006951645895328706,-0.03852871303770733,0.04589542364095389,-0.02826086184396981,0.012789620253909062,-0.015861566886003375,-0.06244812620706586,0.009337662399655722,-0.01271334869743257,0.013684720263178685,-0.0036255035280954306,0.03980536396753287,0.042186659317282826,-0.04068740517483882,-0.006348368137197191,-0.04724248314815682,0.012304383048211243,-0.0053874570140532985
2022-01-17,-0.047712855060807136,-0.039742552620256055,-0.1320134912304327,-8.881314141839791e-05,-0.05612061607522956,-0.07255822333808248,-0.06541578513678226,-0.06159359225894778,-0.19125754720423038,-0.08563286395368219,-0.07684293011616117,-0.1058738012396967,-0.08315299504322837,-0.03642250668880709,-0.07627117241311732,-0.03371570574545801,-0.0547316382629387,-0.11775413137813451,-0.14427504595394547,-0.06297382826615494,-0.02156081846180613,-0.07468076606770124,-0.07643821466454148,-0.038215526800324695,-0.030505930149884786,-0.08086556900185382,-0.09266017310799268,-0.036211944796786466,-0.06570926187017978,-0.04037824497128384,-0.09898198304657979,-0.051097002098324906,-0.07331410316047082,-0.16173041876166094,-0.16994593033403815,-0.13002735937682808,-0.15848399834162075,-0.04568038447697842,-0.09299838161107354,-0.05550906581200421,-0.11665466532332869,-0.13243264242680652,-0.11247734133857057,-0.17326280868220523,-0.062378784136813636,-0.031015138274697485,0.0015533337024693505,-0.0969542028049375,-0.12592082581723896,-0.022018758229509272,-0.054491160651896076,-0.1252747277793289,-0.04384021023807183,-0.10118850992268691,-0.07005765834853084,-0.061216994856211016,-0.014768887486682813,-0.12869899085438397,-0.060798738828873655,-0.06981026804780954,-0.05408721973818975,-0.04123982918618063,-0.1325029726475213,-0.06405304417465674
2022-01-24,0.021511856329746504,0.036506509869238535,-0.11421597486467316,-0.003907312308155775,0.00103863234802537,-0.005579190225327824,-0.009117705254937158,0.04876559657542412,-0.01932450598330182,0.013150174695324202,0.0014632335848245859,0.05039111324207357,-0.019420126928839987,-0.0007039611164957327,-0.018877779435905073,0.0021364468800213476,0.2013690349754751,-0.017140105461458832,-0.029287051283204746,-0.098300644219387,0.15476663589634154,-0.04425932751087969,-0.02248398312810862,0.04551410550531232,-0.016116727773827444,-0.0006195075094602709,0.04130823474992562,0.03981434778365056,-0.08282072821682052,0.011862791431939357,-0.06277455053704406,0.02312141887835173,-0.054203632774387,-0.01710308565182006,-0.07370554851511535,-0.015137060714107808,-0.0324667311347292,0.04131328853638183,-0.06677898902393076,-0.04245553749280251,0.024798340600567403,-0.022845882596429168,-0.05251318386387438,-0.01772339171964643,-0.02116294194300361,0.025928866085840108,-0.022832965295785934,-0.036110423147098336,0.01139874078170755,-0.005640030891759795,0.016008781602854683,0.1203935819758779,0.1050538225890909,0.0005003240553380639,-0.022946792097525814,-0.06944990685835506,-0.010210685255818475,-0.2180766175349701,0.009394177325611874,-0.005097714476780979,-0.008822321466997685,-0.025559560962319816,-0.13682753259830627,-0.0032578926209559933
2022-01-31,0.013562582554293767,-0.008916155929896252,0.17445839018467213,0.01738436845385083,0.021398125690667236,0.01512964169276998,0.012454750032784956,0.012093981079579708,0.02355590802291707,0.0177219170492684,0.007096986952824125,0.05366877819975713,0.014372138386788524,0.042106913487222286,-0.008272070305693768,0.028185582915585705,0.0016619786996290298,0.1402389393798842,0.0057193228493852555,0.01829486870718333,0.018129466519161808,-0.03296102191907857,0.11401336144513974,0.024478471472590968,0.07605309044134878,0.04401739825975848,0.035812473072641904,0.019702629783717285,0.005866240498938691,0.017202040647504635,0.015070233045810566,0.04460323000933131,0.013352044777223293,0.029265027644649777,0.03195299269466578,0.013292677398309305,0.023968735735278912,-0.007526005513068923,0.07881036904046534,0.037205272450635984,0.01458855537428061,0.06475478742499075,0.045764072361007324,0.06808035643011023,0.020253570880545357,0.038958394589758694,0.02072126265970864,0.015371467103143965,0.07589453840763682,0.028658663629183012,-0.013055458927322183,0.015884968803792088,0.02930063794942428,-0.03479297582587648,0.04231485839936733,0.029910259883202395,0.01870545007882063,0.01685696729866959,-0.026706800787433038,0.0029888852560162604,0.044903692354734126,0.032326652754262275,0.03827654887789045,0.021357347904350732
2022-02-07,-0.052719375729652906,-0.07705335222126308,-0.08430419334614325,-0.026112892439645874,-0.04545464440429281,-0.04427736039562302,-0.023776796499523023,-0.02050666581678051,-0.022718918957341905,-0.01144540164627017,-0.05848947226438106,-0.02836497157956641,-0.03396376308999027,-0.07046282643770851,-0.022665393727237415,0.005989363622397326,-0.007584831457202235,0.031579741193729305,-0.06070353216352875,-0.03612914060632877,0.029000513144635587,-0.023802851287411997,-0.012916365922337691,-0.019990545600078846,0.08227628573464396,0.02137768624517644,-0.007180503668329119,-0.03251918168207513,-0.00035759607181984343,-0.01509152961242799,-0.0013196247901332558,-0.03245107755175314,-0.007039368151573244,-0.021596352738327496,-0.03294932383995064,-0.025280111454543563,0.10582728524056817,-0.0356277488179918,0.060406923962100345,-0.08307524175546088,0.016546707498889424,-0.015214427873575298,-0.05743988682994017,0.026994132727020892,-0.028741873109068394,-0.01037822646808273,-0.01390809071044119,-0.03202738061782018,-0.08263192084107429,-0.022591864223655,-0.05168089245020879,-9.210423299454984e-05,0.010735474030679093,-0.01458195931386208,-0.04402863627364073,-0.00809002367313616,0.008929666664986291,-0.008069560211196314,-0.040952038870825436,-0.057471306678053224,-0.0065427224052376776,-0.01922811467780572,0.0370584465943502,-0.12194638444432726
2022-02-14,-0.024302693701695466,-0.06627002464546983,0.00574307761200088,-0.09726468974230162,0.013966541543598776,0.0419751861205675,-0.06096790909430938,-0.007945846573211957,0.006491135823829097,0.041349653289062926,-0.04530448784268282,0.011457337972930137,-0.05298247755619523,0.016839141516816758,0.061409943318861515,-0.011220554596024668,-0.004060125429152905,-0.03665314193428115,0.040104181138656436,0.02997648298250022,-0.03565480059667059,-0.010676639587874015,-0.017468650189548462,-0.0018008277529761862,-0.06329543061852172,0.007558037800579287,-0.030270756747605043,-0.05156487985783975,-0.05437751416329073,-0.10192032111480176,-0.016187606235872898,0.009708734404376473,-0.026963143051800476,-0.02698055464148541,0.01785728871907355,0.006308742913432308,0.011586424551579988,-0.02409873580436872,0.0779183976347817,0.008379612653948598,0.02043113099365912,-0.012818880973029856,0.0018742542967868925,0.02085805522765538,-0.06495308493134444,-0.054846664202648165,-0.04634253915737396,0.04684060974956772,0.018221403935185565,0.005709936790979198,-0.053198643017279945,-0.0006437206028216957,-0.04747132585530989,0.025914570105396884,-0.025940612416434194,0.00020900694391978725,-0.003606655763255917,0.015386073913236098,0.014233638669091553,0.029057518193039478,-0.12057650272493048,-0.02805393561450442,0.03350082360684925,-0.0485126842702448
2022-02-21,0.004141058103632966,0.05192518780074695,0.06351573057399884,0.049835541799545524,0.008133312055072173,0.010975241781560952,0.08281869663855357,-0.01464438500161136,0.017772652850420956,-0.019218537199297225,0.012820507407521609,0.013828001497513176,0.1332345026612709,-0.02327236235524377,-0.020451020307006074,0.02254095554884139,-0.014388537002577362,0.09533301775672864,-0.1371748681350512,0.0032227373127886594,-0.04979927127798578,0.030771483443813308,0.06599970468475092,-0.005863381247577348,0.021691489310790457,-0.07559144613534152,-0.04834237890594706,-0.0013671408768910487,0.0592807499500525,0.012427265763644169,-0.0020391812731762604,0.0,-0.0037984969441563488,-0.0018141013391897998,0.0056318757726776525,0.008740600012691946,-0.007709504722959393,0.0347126598058316,0.0089429214153105,0.021991630520346472,-0.11837172704405807,0.02178323200743293,0.03800314320334519,0.05481726237937368,0.023870260060513182,0.1816372554343595,0.024435017617131072,0.034234216689701835,0.019625425483608794,0.01837287718120484,0.057153018742636785,-0.03442568794560641,0.043560314162931046,0.024266104642743258,0.08177168102908627,0.011951531971600371,0.020742025091826433,0.04633763980285921,0.024469393059860955,0.02253110387574364,0.045321957556317294,0.02867160304343286,-0.046461337530576685,-0.005329376525388785
2022-02-28,-0.025890701737557142,-0.02880526574724107,-0.10449359120762991,0.06854648338736125,-0.00806769497428117,-0.027785047706258892,-0.040107311085111674,-0.010191138545291523,-0.07186325856377584,-0.0400809469493294,-0.054457661966053506,0.013571129897839818,0.011508597723903113,-0.030705834759224393,0.008386938967726909,0.00954114894426139,-0.04840209787194516,0.028751696427410378,-0.48089844396497583,-0.0027676068435753542,0.05036015885462941,0.01655345449764578,0.0322798945496916,-0.058281607136942415,0.026010618904782623,0.024968772000392825,0.055152345440059314,0.019649131771584116,0.007545450377855145,-0.045629945836717645,-0.07698805347634574,-0.004953506540776753,-0.051943979125655515,-0.07143843728003996,-0.0827284458798766,-0.06084550766644137,-0.09089874110977625,-0.02505818436411522,-0.10328546527889937,0.0016173758003719119,0.0026204250880461633,-0.05054426623206498,-0.09140041453784875,-0.08141729399913877,0.0018336220259251856,-0.021483115691720456,-0.031653505071337795,-0.059015606476523264,-0.05072269165655385,0.013736935012101492,-0.02441252304510555,-0.0163964401579878,-0.05714970660037655,-0.02461971984366007,-0.006717005877833748,-0.07794905092111826,0.04992649523529069,-0.06906021943106788,-0.004917610056382249,-0.0487909008798747,-0.030796474549744657,0.017180973125895393,-0.05061379162531676,-0.05700006379879641
2022-03-07,-0.008212466350917436,-0.07907017807691408,-0.038003898232705446,-0.03651710794233842,-0.03436977617238912,-0.05897346046512186,-0.05700613507515262,-0.05172518353649447,-0.01670118806546106,0.011471957615705852,-0.07391893399218152,-0.03043671212113841,-0.06322321174570644,-0.009150901220441043,-0.03220666362465108,-0.009450975776707171,-0.0620334734553557,0.08169468179803441,0.008160362091087503,-0.03642584075716504,-0.0684794110536564,0.04926932485325497,-0.16791871122233493,0.037021903238783294,-0.053785610363303205,0.007916944742790477,-0.0016506010410292093,-0.021007921057050516,-0.046598649203275944,-0.055124188007122266,0.015513872751738544,-0.023600977780972476,-0.03824093836473308,-0.02658844681723349,-0.08062320627506092,0.018890211417928793,-0.1109754939187283,-0.033774847828731525,-0.04359801279211151,-0.005337282502539953,0.04667061962644525,-0.03628507388261726,0.011957808370222534,-0.04183100231118464,0.017387836190573935,-0.020591605610710606,-0.03750343089618713,-0.04628563915290007,-0.05721986153638858,-0.04899023128807123,-0.02517117752140763,-0.15361525994962755,-0.06383092189782769,-0.061446616653869635,-0.049731428326545424,-0.04504211964970484,-0.06584006613599913,-0.04357953745536458,0.0022355077161759773,-0.015192570475782485,-0.04408657828570428,-0.06292739598081787,-0.09886614631879442,-0.020723374372293435
2022-03-14,0.03970094420669934,0.08874100882882807,0.08792787504501809,0.0846551097242556,0.042521407178353954,0.10738479214923191,0.08507598733648325,0.05978160712752345,0.09301201317774699,0.09457089476742286,0.10914672018946248,0.056346866735545786,0.09633559521279866,0.05523546967891657,0.02340470197792932,0.04179926817358526,0.04335905702263387,0.0786227647886355,0.4713200865330551,0.04906654787993614,0.06146638816636374,0.029314220750293662,0.14631174070007824,0.06618311267533605,-0.006154854110175689,0.037210802806170395,0.029260287439942356,0.03872225198180379,0.03534804268560965,0.09230162508415574,0.12670733914725907,0.06547995201672507,0.10653327665115442,0.12924175584117004,0.12670923906844012,0.11949602335458098,0.09049712181220482,0.07269626391187645,0.18734521403580162,0.05104381300423433,0.0664684923933283,0.1969683615474742,0.0776209881122758,0.10806943964014493,0.04960172987792544,0.056755135117960265,0.07196455216321307,0.05856182176344227,0.010831220473540792,0.08380555762517439,0.10560894289974376,0.08004137769995046,0.13224636774397913,0.05990282664428781,0.08348935547632008,0.050384577841644074,0.040390131381660144,0.15035554032229292,0.05717314043480304,0.09683818878386963,0.0945996658550814,0.08125977684320351,0.08830022223769807,0.1323852782706343
2022-03-21,0.011606564394241348,-0.04789004058441504,0.05473293790394984,0.0028055959356771965,-0.013943213430445023,0.013337316599115523,-0.03022600344735593,0.0654957875611093,0.014207502717772824,0.05447614397321421,-0.005438366833158903,0.03024166436028608,-0.0001888259597083719,-0.018061431958743657,-0.017866734607366652,-0.0022895628665806633,0.009205432957421156,0.05034680831903349,-0.09413522975444677,0.02887679244201813,-0.06945997014224425,0.02641756561943076,0.03987870986524933,-0.009820655658926536,0.030601039680619557,0.029342554986234948,0.07414388048960419,0.02011487895228181,0.09230758521679672,-0.04276153421232198,-0.0038283052476737467,0.034267891176887444,-0.008054042638393044,0.0038076522680501323,0.021959726867592178,-0.001681957077417806,-0.016496700075047444,0.010817586976366034,0.04605425820756004,0.0006041464508548255,-0.044598037398247636,0.046837619789929175,-0.005479502750738163,0.03035687161070655,0.0006121044622260374,0.07864543774574195,-0.03679768929725069,7.648632993406679e-05,0.025845896131799773,-0.005719944634853702,-0.035511902029649045,-0.03604751660525107,-0.03105816654130822,0.020860974544110178,0.0021998435807446537,-0.01195449935872761,0.07819283302311986,0.008865575463431252,0.02665183841887253,-0.0029243711406800044,-0.014839793035672733,-0.022650056625141524,0.03062884705067792,-0.0263506775393888
2022-03-28,0.03945595070179708,0.06155879622074689,-0.09593044124001793,0.021704156458025592,0.0012879979212419013,-0.001630276420668486,0.024338896928379095,-0.0023466056525671686,-0.07040705645727285,0.007803481782394206,0.00424245262125833,0.0037368013975915826,0.042747473567538385,0.009367168923102076,0.012552238171696262,-0.016391709458304704,-0.05238446294345145,0.06232909541935561,0.07606376211779531,-0.00328791784713367,-0.01794533651383201,0.054739491862218825,0.018874228029089002,0.013675370129694997,-0.04771989158909962,-0.07126556934644657,-0.1064255939671892,-0.009135916004508138,-0.07177305050522009,0.05351034602459959,-0.010408351834779617,0.008488378953988907,-0.0106801992839205,-0.01683763443827091,-0.05293606620253266,-0.04134258332550356,-0.02458394588340085,0.01890163842181214,-0.05680330924550192,0.024698876822288884,-0.040728196515505966,-0.035389091663393324,-0.0443139405403008,-0.06550697720131071,0.003426035245060355,-0.018139400957670415,-0.005124888681716455,-0.07159231660307286,-0.06950694114913303,0.023805557454029236,0.005781174372175624,-0.009144488131856754,-0.023457370548915613,-0.04326077539490314,0.050390414661451555,-0.0031761637470874016,0.0057678470209767685,-0.061834980625831704,-0.015251461089363705,0.01648045154082345,0.03357239196445261,0.044125164646400705,-0.047628457355537224,-0.028027046405918243
2022-04-04,-0.005049435255687684,-0.02804514728616081,-0.06645717976853016,-0.017840855429148816,-0.03030297108180502,-0.04003369234907361,-0.042465805731970674,-0.024209734579476283,-0.058472681211707456,-0.06058214229335401,-0.05064773575936432,-0.06376612266325432,-0.044617515980133304,-0.012654561097144024,-0.024793411352386885,-0.011665386481577222,-0.06243117621093697,-0.0522123465533435,0.0754250043617044,0.004972073213300288,-0.0679739321242181,-0.07618142320125976,-0.009380277404696158,0.000734659810928795,-0.005568066114223447,-0.011663580547704888,0.08511230830459948,-0.018593838342971458,-0.02265645505978986,-0.002252364996032097,-0.06925561268289537,-0.03801244328460529,-0.054356066553754245,-0.05290472883703001,-0.06434483071776276,-0.10342034994494986,-0.05303232702399452,-0.040236618188068785,-0.11088543956409391,0.005542982887131398,-0.04987824487143111,-0.13450893419364407,-0.0797713713374062,-0.1157135905128871,-0.013047228563043411,-0.004712768678002299,-0.030626550022269328,-0.05826682336090305,-0.0700729748128569,0.010923491723078493,-0.07104830073523993,-0.04898215795001981,-0.06030732600964861,-0.07384694215344889,-0.04522665209023724,-0.053558007076039305,0.013451412707177646,-0.06625429823027695,-0.04377197246785436,-0.009205800771954653,-0.04095146320629384,-0.028809896435721183,-0.024591829752400263,0.0045923521282751345
2022-04-11,-0.0573883502203022,-0.05591232339614993,-0.0786138855584777,0.005322720937557035,-0.03957427277680847,-0.01411127998542705,-0.06837156263097488,-0.02822031373242706,-0.0550183190262824,-0.03396166518888266,-0.02729297538917641,-0.022401998954643898,-0.05333671731811751,-0.014696729869082326,-0.05083972182965402,-0.04743704706263796,-0.011733787086459557,-0.023726580389946017,-0.06035182459901256,-0.05080637264384702,-0.012011937383395566,0.006571345602623957,-0.012119271451097924,-0.005272245765085115,-0.005599168826046941,-0.044720517582038544,-0.030028483884967816,-0.009160037208973293,-0.028711288427163528,-0.03539513857963483,-0.009909599786176004,-0.00846717130675434,-0.039121442506226956,-0.05782366492989344,-0.07216673818099939,-0.016586289054275394,-0.02653398191197054,-0.05771619803412853,-0.005369431163270044,-0.026183982169921793,-0.027196107412180814,-0.08049664778472554,0.014925353398899777,0.010051181185244396,-0.0145688358923024,0.030498336455059283,-0.04628020208238981,-0.009175942051538377,0.0016095165654970156,-0.04230900654485181,-0.039356872642392515,-0.0426860154473796,-0.016039545006327205,-0.03720962694123453,-0.07835412128540808,-0.031099646285754345,-0.0009153749856675164,-0.02429592019356741,-0.002584591065469821,-0.06434612883614865,-0.049159204042862226,-0.015449332213509193,-0.018220351619714803,-0.05281142349965828
2022-04-18,-0.02424183021349069,-0.027994455678161057,-0.05286909840984588,-0.015547512457636525,-0.01335597265919275,-0.007987082685281366,-0.02057874768859036,-0.02117492612871974,-0.004940013003563948,-0.07015330031883371,-0.04788287690501214,0.022828246802021335,-0.011548702885815887,-0.019830056658591833,0.0037131318604977093,-0.018645136410658236,0.0032650584333988597,-0.1935855896667935,-0.04585254052579957,0.00466099303493217,-0.07521994350132044,-0.07360470811365372,-0.08280075783420948,-0.016001407023096825,-0.042041997872735326,0.024057237917492147,-0.018147733933723598,0.09236732679875259,0.019050001225948243,-0.04691356286112125,0.008955141504446873,0.0005691842092787613,0.009379602391536679,0.008709721445390839,0.015279741208480191,0.013032718114723618,-0.010266698694865628,-0.02072707626238135,-0.012628809640643612,-0.035421809621417166,0.006754824958479899,-0.0819926288683206,0.004411842711372405,-0.027788201067929008,-0.040780201408595396,-0.08806914993611703,0.004153618335651199,-0.014905581698281156,-0.029946552079416322,-0.01535272148809197,-0.0949264064130576,0.012406438121356222,-0.07082174053723767,-0.022339410486312383,-0.03314444949556494,0.016545430024041075,-0.025737101455316935,0.029994339828459893,-0.0020154877439608754,-0.016007141122198365,-0.04799543838216347,-0.044336063433493944,0.06732841867956973,-0.03988005990028298
2022-04-25,-0.03359077590731663,-0.031125359832530064,-0.029725468172509872,-0.04148882222703032,0.029665798028100987,-0.005603951730456247,-0.003001542764507259,-0.025588838035612738,-0.021719956406587304,-0.01809683354838676,0.010517330875982056,-0.05547325092111588,0.018774894588947433,-0.037513232624599935,-0.04633962694619331,-0.02717663218470978,0.04112447575823719,0.05057598624434556,-0.04252789101003962,-0.1648708068683883,-0.02375848456058638,0.00911974585693942,-0.05021531244436983,-0.009477376697087148,-0.018808823606204172,-0.021587421823346165,-0.004349160546598729,-0.043688932522378376,-0.0633864668932057,-0.055358864113309925,0.004698968623632949,-0.10327174084531998,-0.03448509463747251,-0.015480465470592009,0.005678750428106172,-0.01316781685089119,-0.017576660924508936,0.01273593265446693,-0.029613312011895654,-0.04997103332746711,-0.03631096184681204,-0.04960281937145172,0.0008783259995892578,0.006373152546048866,-0.03687208326745117,-0.018020229440839253,0.15223966827836843,0.018712474636994214,0.0518031995193724,0.03488381570426813,0.026308172188717283,-0.004610500803735373,0.014213008684303308,-0.01563844914137691,0.006280731736568068,0.015462161100981753,-0.07764815061704367,-0.03424899604728271,-0.017656292205537105,0.004669341187583775,0.024156714338439578,-0.13194074742194295,0.0729882870435572,-0.022011765390735683
2022-05-02,-0.015381548447013449,-0.012476328549330229,0.11482694200526944,-0.15060559508870297,-0.015104897081493318,0.011335714255804819,-0.05114442300646127,-0.002346879414942271,0.019483504459256507,-0.039716157739993374,0.023721500011205432,0.04637541593284866,-0.029698447497932934,0.045593831714884514,0.007145888173300419,-0.0665018397309014,0.04745667009936416,0.027819118110027796,0.3094834249893357,0.018457656473906292,-0.06323791732384598,-0.012186764405379469,-0.07833639015533267,-0.12989155677152053,-0.01357819951517547,0.0181701536848613,0.012558068179417514,0.04129794455404445,0.01628826762924418,-0.055020922076498224,0.006235900035503228,0.017449274646444746,-0.010622409979184622,0.03786893190502849,0.02677359125904122,0.036196194635530476,0.031676356125537763,-0.010053149987741206,0.13435651561804662,-0.03360005986257042,-0.003549624299841514,0.006901318411777435,0.03908712410806192,0.057954335490139286,-0.012397699646450766,-0.10050248141538098,-0.03327200291414678,-0.05853397876751143,0.006371343229630622,-0.06516013888497829,-0.035466667082957426,0.007069738310074181,-0.044676878469890435,-0.0669904028350522,-0.04212147121559007,0.02027567483645254,-0.055683001874686666,0.0043618024778153686,-0.016446383464156722,-0.0392802884117156,-0.07803194360352061,-0.0371593222839971,0.12021860005281781,-0.0732294731808808
2022-05-09,-0.030330677615847956,0.03693000711174044,-0.002307463811189181,0.03460202712934857,0.000710075735156801,0.01671689673126897,-0.026835846599440605,-0.06328744499975791,-0.005688779577185499,-0.020994789697031613,0.017030515451285533,0.014031935152221786,-0.02684971515258161,-0.007502101854427012,0.004662478852553109,-0.028336947970045046,-0.03581133052378349,-0.048827573291443827,-0.07997118155619598,-0.01131960513654695,0.033267551640634885,-0.10937066060996659,0.056988459885206844,0.010719539337992634,-0.030364320307080805,0.016570982686171964,-0.008358041806485361,-0.029563535430640164,-0.008021698401852295,-0.060524084640619646,0.0013771309346644056,-0.050202757461435765,-0.015203924404892932,0.015300938293426602,0.02862630127343002,-0.007844670485582017,0.022316729106927502,-0.04953979578889667,-0.029824219535097507,0.04251602586399317,-0.024386733873592137,-0.05188753372137089,0.024833970854487353,0.019045877321192783,-0.01820941936872833,-0.02745258364430747,-0.007789154803249931,-0.021564648326728997,-0.04019059118983437,-0.020418738667343117,-0.016440738575757008,-0.02311779745980813,-0.008954758561412257,-0.021095326979377327,0.004659454767251159,-0.016416588422211498,-0.01612185164841129,0.01350075399845685,0.020568333899766422,0.028714049396280084,-0.015251073767403422,-0.04033712477946594,-0.01682085764788399,-0.016725564224229994
2022-05-16,-0.03528950475386339,-0.015686313177105227,-0.017031146970191258,-0.011756319592999942,-0.02894850336917043,0.023308463053241857,-0.009506278658554912,-0.06471357019239277,-0.04827471468090183,-0.05531525128233861,-0.02872077663648509,-0.07658413017690835,0.029205304625157025,-0.05397428267559634,-0.13357555384616382,-0.034750494495537465,-0.06781092637531605,0.06629068482751777,0.00357091510865315,-0.07290744504319746,0.09374053263316151,0.023657535300644517,0.013248061878439188,-0.021446504753830475,0.015031205561732985,-0.11222569344274258,-0.057911936499879246,-0.02665765087591576,-0.044724836023905756,-0.010705903501182279,-0.010971576342434841,-0.052199510264842264,0.008268126859968472,0.000534665408354007,-0.03618485080686373,-0.005370900876160101,-0.041991012291586194,-0.032781761698202794,-0.0313897770792364,-0.023270886980846894,-0.06417647868187637,-0.057155708348964884,-0.010330198470967944,0.004983958308577563,-0.03568927067295802,-0.025111508867429078,0.03532628945121141,0.03625611239646709,-0.024679381962937064,-0.029907238259614943,-0.04349655267111541,-0.007310099932314684,-0.043344737394770294,-0.0046386113766491155,0.11134465768208379,-0.020284267924033483,-0.03703705113206934,-0.04639028415179913,0.0004124060080707981,-0.010467154599175577,-0.04640577923040112,0.002725437263513486,-0.02805815856701044,-0.03410909794579342
2022-05-23,0.09940346781213627,0.07299106755396978,0.09368986241957722,0.05353298232329329,0.04237922700100927,0.03145775312218424,0.049454695707121354,0.08757913708376863,0.12229950514655319,0.031469245675573854,0.10433102156957053,0.07380456523132484,0.06575715544542038,0.06804008243568549,0.0624127382554549,0.059133209724899105,0.0760641173566321,0.12303118542788827,0.062299043486046646,0.07045043890987346,0.03919882523303975,0.09487617168400586,0.0441321082300008,0.06618942367679104,0.03167429181368653,0.115113028736187,0.11832613536774517,0.08398190207088962,0.06962792324841138,0.14873042298960182,0.07885121598505185,0.0813993885274642,0.053918668441469864,0.10668291685278164,0.12001194064770893,0.0963706494705645,0.06415105348642158,0.0844012977966988,0.09023736645639135,0.06053822348555671,0.09618863124938848,0.12681190621021177,0.08783519802348927,0.08289054872590063,0.06046932564179053,0.05874490433324375,0.04611182720302298,0.03296199070929284,0.06200586808614994,0.06328748173698417,0.0341372528367585,0.10047426478372246,0.09990072255403581,0.05543674226224771,0.05294728146107874,0.06036488184819189,0.03136489292962019,0.06867242579339217,0.04805360948631754,0.06132147469182714,0.06072044986657654,0.06499160379497404,0.0957577626334396,0.05581339378134342
2022-05-30,0.0026303711073460967,0.003596302229068815,0.03950714679377043,-0.01839780937683977,-0.006308932727347449,-0.009195293270062743,-0.021086791154215412,-0.028468293748581286,-0.035477929277100806,-0.025503017923779958,-0.014239803652638439,-0.0342202636443425,0.01484889902625608,0.029434033546437144,-0.008110546416864595,-0.015656360467155572,0.01309604283125343,0.03911087329455065,-0.023534625009493326,-0.004662554908247074,0.0231918584344466,0.04054989699099276,-0.004129354950932584,0.0007502614868479807,-0.015948961926053662,-0.04496505337493084,0.02735491312750593,0.013714395071208196,-0.026038130758223144,-0.03202527417013279,-0.008551054266832114,-0.01345299894842511,0.010328444840101092,-0.023783167306913877,-0.032089160578009035,-0.021294287499563413,-0.04609937752760129,-0.011784422187370858,0.0035317555592617733,0.011389607610614139,-0.0265573166499824,-0.004837533117184045,-0.06920850764494979,0.029440615882068588,-0.013602537961122874,0.011404890971767667,-0.0007585669290154362,-0.02789914265709381,0.010446738875321326,-0.02662876090444377,0.11998786690639562,-0.06192585726988831,0.033991900209847214,-0.013031434739106729,0.014614817146351156,0.004478978916738985,0.01742799676132467,-0.016956410103037722,-0.03169063999454502,-0.008666850706652962,-0.015531904414516351,0.007826619593350514,-0.03485940833647083,-0.02549998485358751
2022-06-06,-0.06210861228970865,-0.08358156322484223,-0.10799626554426289,-0.0337167197536562,-0.04698064740267771,-0.05035119586096526,-0.06628324915591877,-0.05674785996057108,-0.11377879726461837,-0.07957738906836487,-0.10217398754633222,-0.03914285292303221,-0.059598871681049714,-0.04698443380956141,-0.038894995167786384,-0.049619436910947834,-0.07142857943193048,-0.0007639497773354043,-0.08680870921772466,-0.059215668342039174,-0.04433348580629626,-0.09248632426199377,-0.02808118242757307,-0.07177933409020065,-0.07009717606025578,-0.056366189363525776,-0.1137905085795925,-0.03534480213206759,-0.09702710855163932,-0.0678077799068344,-0.034011487085676806,-0.058275882644776233,-0.042254461451459946,-0.07940630670406423,-0.07698756698216658,-0.09952260020961967,-0.10466117812034736,-0.06306943445001079,-0.07397355861782728,-0.07226781649007774,-0.06046973878098394,-0.09326913087650102,-0.02083664598703283,-0.04448680168658836,-0.06477233237039792,-0.03386788510737371,-0.07987518063183952,-0.07161193593826864,-0.0518258300150789,-0.09575059121188134,-0.03493595038628472,-0.025390007217165778,-0.03925035871228566,-0.060537842167054046,-0.06802361610584595,-0.05143383019831482,-0.060644224841075456,-0.09736565849314083,-0.08443109361543033,-0.08902807868537399,-0.05416846506718698,-0.04839612263601467,-0.1006991156353566,-0.08788118372508813
2022-06-13,-0.03716649255185234,-0.08391729661863467,-0.13973845225316173,-0.08117819646880564,-0.06883792059486538,-0.07832000316835608,-0.0383263290230792,-0.04061843210784677,-0.1182763706731107,-0.042333579210446004,-0.10321786064569272,-0.07874082687995387,-0.04037290757037937,-0.06657114377460926,-0.002299468897280166,-0.04877710634038546,-0.04206737592952814,-0.05831083286123562,-0.025733954363906242,-0.03836575002235487,-0.0566934593905295,-0.0189706016989315,-0.0670111771518801,-0.06989984494127455,-0.04395383253791041,-0.04914942420610968,-0.04298240174191059,-0.008591091277610818,-0.056406147600553846,-0.03019256662953207,-0.09686664621870544,-0.040957947391958016,-0.04789010023481577,-0.0651260866489104,-0.11582799915897801,-0.10210444981552858,-0.10970929481388325,-0.021107558726855435,-0.05915690261622453,-0.030633105625163637,-0.04565181959048237,-0.06425391918908818,-0.11614504702386264,-0.12770203497038435,0.008638645448046711,-0.040103358714527304,-0.0474836634858522,-0.0604444715711806,-0.09166655854331784,-0.040902152290734795,-0.08512189801724668,-0.09825061351469988,-0.06205217315924949,-0.10064831884543746,-0.030158228923295893,-0.06362466617340246,-0.07943134567064225,-0.08157164911260095,-0.04804164075066375,-0.08045423452443778,-0.07946189167941176,-0.06836198935620541,-0.14214326260763477,-0.05531362145351215
2022-06-20,0.08711601036739247,0.07464173629527826,0.06754937056325727,0.055065345385839626,0.05026011033171307,0.03498570492907582,0.10468617998521879,0.07677108311391345,0.08382505408964214,0.09764676726437815,0.14728491879244832,0.02093657607744226,0.10154447656135202,0.052112524208037136,0.016363262188728633,0.0565417700578017,0.027603477139233057,0.07382949601974786,0.10257717072896844,0.051978238600502324,0.09793418789208252,0.050367271120734136,0.09911150412935066,0.09099983193006755,0.0288593766458769,0.04769010982740207,0.05007462137616536,0.052140424217097525,0.04436024057952004,0.12958808258655208,0.0199590283790958,0.05501252305811466,0.049925205705692255,0.08838526855688822,0.0768738756835241,0.05173615848653901,0.04825111447211006,0.08096103755104345,0.05231330874853479,0.07562969381081919,0.04783560185643454,0.07846355832351448,0.014527835813744394,0.009721733609054262,0.04400476809996001,0.07436463818124084,0.08209025578551987,0.028802749629698088,0.033969689355039634,0.08806807752981571,0.13879703800406884,0.02008517888528827,0.13587504592696353,0.08728907680103015,0.07188199429874165,0.024755604971929968,0.07897811453721171,0.09050082846250618,0.03828239605747852,0.06122797947986225,0.11145791118334136,0.07445735360051353,0.01553400743055322,0.07089375585111579
2022-06-27,-0.06253146689189737,-0.049623414252036424,-0.15399636403460737,-0.02477235190102045,-0.031890648799161814,-0.04529342273120329,-0.06522673270830992,-0.019271520070507364,-0.1139071415910704,-0.06421554851043754,-0.09673730013764459,-0.05360258179020272,-0.05062806734390579,-0.04466351397620716,-0.03401365336919038,-0.031739609531967194,-0.025946187265609044,-0.013458330445887512,-0.07328000347477825,-0.03237208836559469,-0.01895947193699099,-0.02740114424586093,-0.02976496033211673,-0.02789603523469386,-0.008014212166793322,-0.07823610396307201,-0.09537328177933291,-0.006616932999105596,-0.0587930192508217,-0.07018335063000425,-0.06565462136649136,-0.0319038401350038,-0.03082290691019618,-0.1273638896294199,-0.12297026588380477,-0.07296136171570955,-0.08196443608894743,-0.030332415367049115,-0.129848992878849,-0.03335944936049373,-0.060320233127429845,-0.15199104286673926,-0.08304037638652728,-0.11572590007264993,0.002404369303308007,-0.0048167771092166856,-0.04838137960945965,-0.05517524649367089,-0.012549882548034685,-0.0172670207921376,-0.0953098181756703,-0.05904091496315833,-0.03913985821909294,-0.07048860517350841,-0.0511544088321122,-0.06242091031495289,0.004259076016962737,-0.11655683172344988,-0.04751545433834958,-0.049500028292912,-0.03315663896757204,0.009097851050171801,-0.07754411620020163,-0.03097992040000941
2022-07-04,-0.005629647017112216,0.056882302513434846,0.07710058974278788,0.0003256489188281364,0.03341176236089716,0.04919182791178778,0.03938545051385245,0.05837478594235335,0.05703015801738309,0.10266562425776549,0.03433797998242771,0.043633932549897336,0.07203955375077742,0.028853634165663555,0.018544606519814044,-0.014846251771973074,0.021936701416693127,0.10591659308321244,0.06255790481246826,0.02947700782841367,0.025939342782973496,0.06397652990067693,0.0929057334894321,-0.00675451901395796,0.03545783445111561,0.017746812988384653,0.007530590299215767,-0.0046059298744995925,0.045404433011220435,0.047642178228220367,0.01898606310297235,0.020198397229472365,0.047814983896177,0.06946609138699333,0.05138915822781809,0.05858255248647648,0.10232993830912052,0.03112713295345304,0.08570570518119203,0.021753487816962958,0.03599868397103312,0.09054612626381497,0.05606121140185505,0.1415457097890067,0.014110480143574966,0.03142154597392688,-0.0009345651787018294,0.075051393422632,0.10102817155402732,0.0033692141425401,0.04340073236745745,0.08365916386038741,0.02021225708357388,0.0740781973153195,0.054144663425763406,0.0363964843143334,0.011932667916212836,0.073193438510047,0.047058206371611844,0.030522445108389196,0.037768015955278456,0.045781906422287744,0.04191625025961376,0.0006012984498673379
2022-07-11,-0.027054284269706352,-0.024599468544028502,0.022180241588844796,-0.04058597723103896,0.0036429489033342755,0.05355461457658661,-0.03548968887227488,0.021286494984670945,0.035969081925869784,-0.012912639136453241,-0.020130095536496695,-0.008482341930014514,-0.021319026355701376,-0.00012387472841091096,0.0015592340140850869,-0.017308182036946618,0.018092680075867396,-0.09951486989987568,-0.05750418069540186,-0.06036994008900287,0.022561732247218025,-0.09984836960232979,-0.039553421244967524,-0.007995723539400035,0.019505807360530536,0.006065279175882399,-0.014014336376044989,-0.0039153681353854,0.016583319815637543,-0.03244381003807573,0.023242312294027734,-0.009378189137728143,0.006518944707052832,0.02963632369250857,0.028931405832572477,0.049285247392127696,0.04244965023839686,-0.04087273275408854,0.03734700074127506,0.0017239177904981862,0.02206078759824126,-0.004798801842562428,0.06287264747272325,0.04862536777190862,-0.01572307327989597,-0.029109933398016263,-0.04359217582406916,0.007745665573895222,0.06146598202614628,-0.015580751104915747,-0.046267778445512775,0.036196154916833256,-0.1184458150404386,0.0325943215214366,-0.010203504014502096,0.0053894389528863496,-0.005544577422187724,0.018136428594011544,0.032212428048171926,-0.018072256470734627,-0.021270441643068128,-0.006437939449354446,0.04796635916081726,-0.006009574849732635
2022-07-18,0.06450540275693561,0.05802140102891795,0.08617923574368014,0.06469848834267222,0.055958832403568914,0.03355069347312578,0.08048515587012828,0.026103827222810017,0.07621449159825255,0.00698336871505445,0.11202536452103495,0.036524738481840346,0.06821660327303936,0.05318577845818995,0.032272980329660195,0.04919514225251764,0.03524081981847904,0.08532137556599051,0.06854835537324622,0.037618834774978405,0.0918748709433459,0.11214953380270809,0.016771808386911502,0.054219132159154526,0.08120745501903937,0.03767889337829211,0.025584467654999443,-0.08340493158178897,0.015018160745884135,0.10632111279365453,0.029096997892316345,0.003155680689918894,0.048680309711238046,0.08518531724678935,0.08629688678324787,0.03751191065716131,-0.003900436693160536,0.014178842026885574,0.06383910311912255,0.028555344453517373,0.05018958581440236,0.0987818686864037,0.06805713355416576,0.059746718251370456,0.06354250162325825,0.0043421711449336264,0.08744134026018302,0.041525214813758815,0.0646255679328398,0.039909097965404206,0.09015411577061161,-0.009667495257064451,0.025595688952443352,0.049574465565654924,0.07553299928089974,0.06389420553577607,0.04947253869297086,0.07157330202798184,0.020929305483556426,0.07617588952719978,0.0831269251217841,0.04406134501053138,-0.0040075643813645145,0.09727257603230277
2022-07-25,0.06336582299927551,0.02045285231534577,0.07230423220101634,0.02220337860691135,0.10469782287406004,0.053224795470215414,0.07233722502715745,0.054643273937920345,0.04239217453930344,0.1391873450116181,0.10395514515551163,0.04479813975169855,0.10953428168737034,0.0671956588072844,0.02046779785905506,-0.016497929218872387,0.06953736087655638,0.34338660156519096,0.08026604759307587,0.08738871176801477,-0.012017524196592855,0.36616618228399633,-0.02580431207201861,0.04626785386224941,-0.03539126987795538,0.034132230702933475,0.028333771019148246,0.01980496398652476,-0.07372448358015349,0.0492939089715847,0.0824517898025523,-0.02027259622999933,0.07982470531476649,0.08338523347596527,0.07870868973069145,0.06396783066442757,0.009299959966059257,0.07827622230987141,0.06479693341913895,0.07881179258506554,0.029887299047363314,0.04873270485235137,0.04990282248442801,0.12386403293761994,0.039252316750229665,-0.023612481383229467,0.10973193843096474,-0.0025876619948506097,-0.056213379416249376,0.06266416156004273,0.0084945637167122,0.040999569950537884,-0.0002461789159233785,0.02649183021564605,0.08714942228846612,0.08679397251679699,-0.02376973275482408,0.004280387108909434,0.09145829757111801,0.09944574232073977,0.08627590496322113,0.020831087678252258,0.039813579093973095,0.09492472897292292
2022-08-01,0.010089433040320728,0.056837018034034514,0.08298926893813241,0.000623545602084663,0.0053156827004745555,0.030762727154996616,0.023262557722952604,0.01747605420591336,0.03434606879538715,0.08616996731913473,0.02487051332223733,0.029805191795645225,0.0025258018920799596,-0.010136079694027966,-0.007934765373001973,0.011183309765250282,-0.026115259910508337,0.05887117818816767,0.22373662032480324,0.02999524530445319,0.04423955694524073,0.027528520796004985,-0.10494554863531047,0.11285215539870164,-0.013045121531622295,0.008426863940794282,0.0056902487706878,0.012921570058191723,-0.025337344040291976,0.02810347743259589,0.029996599407705826,0.00035669745507704853,0.02865921419679185,0.031808946830904405,0.03888016865887356,0.03775782601932409,0.009699353833765079,0.0077297190482534806,0.14548554563135707,0.04870272850149604,0.014580188020640206,0.04547696798573231,-0.012073063111641025,0.012728339168293079,-0.006294894054474254,0.004548195240835495,-0.024963480873921307,0.019409980292013573,0.035502597687068205,-0.01087775640984956,0.03342024646069808,0.012127876733564191,0.10788967457641707,0.03471712505950397,0.018476213727678603,-0.004411971856569719,0.01939191736394874,-0.0013877224290190782,0.03702780698286601,-0.01915601073323836,0.04992484568354483,0.0504334589841402,-0.04093683063132081,-0.07266065603450145
2022-08-08,0.03584934757871694,0.028239902542021467,-0.01446579770165135,-0.0034275221773855113,0.025019457690751645,0.011340061508929855,-0.0031876265485815125,0.04226818853479464,0.006933040939243629,0.0014209054684413136,0.05101487466972854,0.012313134424427163,0.012221917673538085,0.003227755620495598,0.035547706175283134,0.015424713948069213,0.04860343899844555,-0.005483346769478481,0.0409929769371975,0.0015662432186112074,0.0171616862361339,0.15770362565444151,0.016857118115146452,0.04247897268230538,-0.0008261374961878731,0.030640717199246437,0.031864239337573874,0.011548952850426897,0.030645455076199868,0.03767672835532054,0.020615174392073055,0.031027085836562662,0.013990264698855226,-0.03674133608973906,-0.002653842504758086,0.031486050112986774,0.041306413809299336,0.031812112553721406,-0.008603770309606684,0.02302063379554098,0.03537381649820315,-0.014745297205208896,0.03198291342438919,0.05219586798834297,0.023270737010572695,0.05088054474761461,0.03931833422734021,0.04694130953754172,0.007189785467542897,0.01662341091989794,-0.0014723604248454425,0.03063631857298854,0.023562702876213093,0.0066572900762713605,0.029789718245033514,0.03132047114836589,0.0062909091131597705,0.035632761940079805,0.005859958003720411,0.05345079987089396,-0.02286836814373483,0.017060893013156164,0.07602459130934358,0.04534210875445055
2022-08-15,-0.016071598983188107,-0.04624501368316214,-0.04839834170576707,0.011360125085497774,-0.0033971547659016332,-0.06281383036607191,-0.04550729828768263,-0.0033701338819330795,-0.05209286373407607,0.024751689851341574,-0.04471910396375556,-0.017555433513326668,-0.004183702469211958,0.04493253768026828,0.044840223008528524,-0.016910254848146455,-0.03596174475479441,-0.05199491094977926,-0.005304479219875979,-0.0064291957694310176,-0.001956172093893316,-0.021700411393608454,-0.055258794426396474,-3.2401209010934906e-05,-0.026870645734834664,0.004054140134487794,-0.012121352956964593,0.04554408544367239,-0.020215949572103376,-0.046664884412718766,0.014138944377038554,0.02836383208492288,0.0390919185461398,-0.021219164699111337,-0.08060327831070546,-0.03893632202170405,-0.06964955659236682,-0.019732119131699366,-0.030506790932719907,-0.010626230558759109,-0.00854136833164787,-0.045967243800636104,-0.03808608041922901,0.019252319374415405,-0.006190708417801338,-0.025375788377782538,-0.04422937561615459,-0.06635457609464157,-0.024390075197299632,-0.013163298510979748,-0.032229159707507615,-0.04147192225476959,-0.05972241301607728,-0.04673302175562977,-0.058219184047503036,-0.017770194671486772,-0.010934033993617698,-0.0717845150465134,-0.04817129595163683,-0.024114800377109447,-0.029413222877403444,-0.00306791592074096,-0.05920663328222975,-0.05286378003262815
2022-08-22,-0.054426043243031796,-0.10360892297057678,-0.049713358986759104,-0.051525143784288185,-0.04721627819532692,-0.055535834557851604,-0.06372873083634933,-0.04605877501995792,-0.055720128255270396,-0.0536153940054086,-0.0665797758625819,-0.05027085633098749,-0.05429691459062114,-0.04607944214387849,-0.0577001070868397,-0.05314089163850522,-0.04282943370935133,0.017236460770015283,-0.04514739807900958,-0.0662818908837316,-0.026419490425802383,0.05493454758438876,-0.03353482530709839,-0.04230793660136378,-0.03058601556609497,-0.07402426658528827,-0.08296802067580256,-0.05774371521320054,-0.057094419864140766,-0.03338734831472323,-0.016460945036675723,-0.011436247585161152,-0.051920751962286515,-0.033969012167711976,-0.04924592561954555,-0.06496175576216912,-0.04759537523385593,-0.06112503964197924,-0.06846475345895464,-0.0194668489422124,0.00901852818503035,-0.08902453039649849,-0.06770933942420843,-0.01309798654668326,-0.05097904599151504,0.0918774871750665,-0.04108789675405333,-0.07714561461359437,-0.06246614873651668,-0.054209462862964575,-0.10088702244047454,-0.0668998954854827,-0.06628733607038484,-0.05281663064036646,-0.02203856749311295,-0.056170451246972175,-0.03376891450528341,-0.06907575743035321,-0.03944463663340558,-0.057277560546670436,-0.04792342968121455,-0.06929074616212716,-0.04573099589289842,-0.061660728279259724
2022-08-29,-0.04716074172676843,-0.03380393348542199,-0.1199824786662701,-0.04106908671987186,-0.03829320393751867,-0.06327582975326851,-0.0380637519905247,-0.047732533689306855,-0.07415652803244577,-0.046573972075039105,-0.04370217858371683,-0.03962666409944415,-0.05432156308071545,-0.059730943130757,-0.028328765695563307,-0.03663043994446902,-0.04301390145747708,-0.03298793837096681,-0.02468228339684031,-0.025348052725275738,-0.07773934539107774,0.038275184083033986,-0.019568312016842837,-0.02044413809030221,0.006167382697022772,-0.03779074773059121,-0.11946480175131446,-0.019864979079191047,-0.0641486792775956,-0.06332783330158032,-0.06968133089849016,-0.04695471227399328,-0.02280343258821771,-0.0666238895702006,-0.050958554934484535,-0.022134741170384054,-0.022557616608080533,-0.04487306022484616,-0.10952118235334596,-0.01832313516145012,-0.04909277289776126,-0.16070110111840263,-0.03408274111290155,-0.05685945223123012,0.0004020184256350312,-0.03832775712211989,0.004014370613214524,-0.05809819995710952,-0.07154221743842126,-0.02174062016100331,-0.06984199954324288,-0.12262136348824504,-0.02289233537945934,-0.03332608669237325,-0.06884507729973588,-0.02271834269530293,-0.041673234931578484,-0.0789709050659182,-0.038291433140372644,-0.05878789497144299,-0.03857134236032722,-0.03231826428522888,-0.0844141571972199,-0.034267904442824904
2022-09-05,0.022811337801961873,0.07236372866530072,0.06493019969065972,0.03886245436388647,0.04574240861126011,0.04233366650328452,0.057924141059246814,0.01001214391311378,0.05775971559678905,0.06061381436805524,0.06537817743600738,0.04434052571566638,0.03871079608561301,0.04195861036607407,0.026463343849123744,0.05101856018254591,0.022818512594361406,0.0954241021389095,0.049255076118452035,0.026199451168405385,0.02726360968587871,0.0744403400799043,0.10267493487934809,0.05960127516403513,-0.004816184157657721,0.01435054407945957,0.02243121446236529,0.01095549586239919,0.007687273655384574,0.07134700736134714,0.050510279196389174,0.04435605741515669,0.05567462546715851,0.06985838892346519,0.04781388752050786,0.03813958661276384,0.0197051889013502,0.03280477610241417,0.053673150151739346,0.026459242485884493,0.01641417638728182,0.0542242179167054,0.03540866010943189,0.0616204399508129,0.01647027132978307,0.047422091035880465,0.04276399859574043,0.037608158560046956,0.03355367811027965,0.023047024058606258,0.05790873677601427,0.051321207320444984,0.08174722840753734,0.04308943121976405,0.02910211516286787,0.04156905552560097,0.05422752414885701,0.07119054554449034,0.047484825452560164,0.01545400701346722,0.059174493961812846,0.05020667271187751,0.05162059141452269,0.03440856863024777
2022-09-12,-0.06150410386402316,-0.24134961009654265,-0.1046225293305365,-0.049405591216902134,-0.04176533843694119,-0.03158646816934574,-0.06978355159062866,-0.04238404826679876,-0.07916272899040433,-0.06976931154788946,-0.07893987166123873,-0.0380934861438772,-0.05959462353906786,-0.026997798622978908,-0.05396543975127577,-0.050526539710822216,-0.04696778403781443,0.0402682272392485,-0.07022938429777315,-0.07066162472579185,0.03138770511143951,-7.369875633345124e-05,-0.059152863866702154,-0.019794955857472707,-0.0646721411069473,-0.018736487626736187,-0.03644724581030978,-0.014861884282208915,-0.07056566332247949,-0.06006259950592896,-0.038366463068851386,-0.04924231869765183,-0.04020659033435925,-0.0645161987203412,-0.09219572959461864,-0.01881721465358077,-0.07990939100470773,-0.07456702580414831,-0.06538454738428656,-0.044041205024549335,-0.05203581275814673,-0.08237133400543062,-0.048769036867153726,-0.038091192929902595,-0.09326826606541216,-0.07525189889207684,-0.04226056216751373,-0.08125733532890167,-0.05376758075498178,-0.06841219881401839,-0.06814688529808743,-0.0889147584094403,-0.09410040018976829,-0.02689022534091734,-0.07634194185386622,-0.04889946199978512,-0.04202246562983791,-0.0758667439821109,-0.032095655658360145,-0.0697527171553245,-0.06285207638212487,-0.08149663611599112,-0.1502282678304222,-0.06275989979876684
2022-09-19,-0.04657472656306205,-0.04988314671588068,-0.11175013479327889,-0.06941260667234117,-0.05362308727720744,-0.04949433359264943,-0.046523269716172155,-0.0017916160893183264,-0.05153603713112098,-0.04977103576559583,-0.05339284811474876,-0.0673034929636922,-0.02008889612180431,-0.06392320229739379,-0.06096999179322393,-0.053858500894708894,-0.054585224336411886,-0.12112832410413577,-0.09438657824688068,-0.03203925386901707,-0.08163967710772357,-0.04388477698415949,-0.036295082959454605,-0.08004528821813761,-0.027751749241119006,-0.06891269372129383,-0.06080583784301663,-0.035829365116002876,-0.058823605026025794,-0.06862898441980514,-0.03698636294290092,-0.044549234550859684,-0.05186475821879022,-0.08324153020284508,-0.06643536152906304,-0.053576759590592715,-0.052033929855425876,-0.027866294116938417,-0.1117810704458817,-0.04056529023536093,-0.0758591011018449,-0.05167449268192559,-0.03854030195762259,-0.08166522873132054,-0.06218216013701661,-0.07191676303658412,-0.07711053518442323,-0.04201094609019951,-0.030092014384980548,-0.010730201057989608,-0.029701010911177606,-0.0786157803561972,-0.11451381081709855,-0.055466452377335385,-0.0347856305433365,-0.06640585856212067,-0.05374836342742262,-0.03544443559850441,-0.02402278770193611,-0.039195624149607866,-0.055016940729975206,-0.007598707880537403,-0.09081141744388643,-0.0709828824642702
2022-09-26,-0.010308472616554987,-0.032892836069255305,-0.06768685309138112,-0.009739870664315142,-0.024485715877757164,-0.0181792829820856,-0.03415525210074255,-0.08130035033292815,-0.027998422711778215,0.02655267924463378,0.012137004349780156,-0.04469339036527009,0.01528229754875432,-0.023950905889390417,-0.016232148840857996,-0.02395931930639439,-0.042560194628191494,-0.007227410942259316,-0.005300430357196184,0.004302235199234117,-0.03715733158937662,0.018636873740430104,0.011113416625469608,0.0022821302919080466,-0.025641047618231272,-0.014802790646362918,-0.01696252145670063,-0.031782236444343526,-0.06359012372337958,-0.016879261770109122,0.026137936311666055,-0.009855849076470635,0.0032514790372362157,-0.016157300368359162,-0.038259561346328685,-0.018494797894312298,0.0,-0.021099607049146818,-0.021118518509890993,-0.020939010347372666,-0.02552384509862793,-0.030121385900340303,-0.035504312902101764,-0.015479379576348706,-0.0539117978977568,0.01374008702901941,-0.013579804120837147,-0.03534980616499939,-0.06774476812409791,-0.04857155496153498,-0.021563147319197506,-0.06823042432804827,0.0015117143903118357,-0.09614160266930061,0.007352977431099639,-0.03683021781340168,-0.03964141410851807,-0.051016663579526944,-0.040361999690586736,-0.03742462877576702,0.018703110266581557,0.0,-0.0381205942585876,-0.02249663702083593
2022-10-03,0.009366417090397983,0.049309506557841276,-0.0776515457109822,0.021912377277360395,0.04793901924394417,0.040046095806059556,-0.015336012373866392,0.013675880378335226,0.008177485676116092,0.031180833479424352,0.04250536569427288,0.037093771973597756,-0.02771828294873424,0.022680584294177963,0.006749855060321774,0.018280073755674975,0.04962091657968082,-0.08044115481321934,-0.06126619258353516,-0.003869257065743148,-0.02381009520660493,-0.021546881465618895,0.04762874214766755,0.0625971562810137,0.026812433285841042,0.04006691174840893,0.004815458662408956,8.423686752356829e-05,-0.0019402298659986217,0.014561538429071375,0.04314671010278115,0.02373662507054486,0.023512944419744608,0.03809928104709037,0.024153061272896847,0.04571523833381974,0.05608774650018544,0.005753689665185746,-0.000224625193359973,0.026253526524406157,0.06839129494308671,-0.005189844064422022,0.02874393469207548,0.040109095564865305,0.036351860569384,0.03736498337407723,0.05325047587072662,0.02644501167707558,0.07018939413762615,0.027054788333196855,0.04484147047035991,0.00995673208539083,0.06249836344116688,0.022633986096594283,0.004909822762110938,0.034432827055924875,0.00788219294303949,0.029008721920811276,0.029073467136785602,0.006264974197899731,0.015683488365557663,0.02394935944270027,0.09800314949851674,0.0178236812949768
2022-10-10,-0.026914522915509997,-0.0028742134011243703,-0.04277891955420787,-0.02558477616074528,-0.044463487063205354,-0.05651403048728765,-0.0691250395187254,-0.012206538671721057,-0.09418886703124729,-0.13778885328519452,-0.025315845719966257,-0.07248957071257478,-0.07205788161138194,-0.03470752786696851,0.007534395397316596,0.0018805875566167973,-0.008535770808258958,-0.06772486456067661,-0.0384117575252757,-0.02587220486170827,-0.004450543238672222,-0.04682427479780216,-0.0648921716217955,-0.053331596450947205,0.004835575672904158,0.010433335848661018,0.01597444445878793,0.01026750693650924,0.007387283283231572,-0.030872987789926087,-0.02126243838099895,-0.03477942920593691,-0.04234441927734767,-0.16061872836284252,-0.1597748505965797,-0.10200553282099611,-0.0014886539355741801,-0.02424870354317743,-0.14726975292647915,-0.07209048476428503,-0.048457834521582255,-0.07030490245106746,-0.09001650422076002,-0.1089002186316329,0.01611609336620723,-0.08875287802973308,-0.04175364028841144,-0.022942003405381217,-0.09064599786465843,-0.015151057877854757,-0.0536961369747716,-0.03999246274091839,-0.14817672280255134,-0.07522932762785606,-0.09576242949377067,-0.05816399240197667,-0.026548668596315217,-0.07707227651431692,-0.06868401752667386,-0.04229996973948291,-0.10517077305834455,-0.02125266370361678,-0.05651931625343809,-0.04151039586568517
2022-10-17,0.07141808447841691,0.06400636424086859,0.05148375292844842,0.0737683627012864,0.06711411020151448,0.07211292813335057,0.05383586841774668,0.06424337928902757,0.10157728010174627,0.1011257708352511,0.061008387229339656,0.052985262863759264,0.07385554164148966,0.054192657676839895,0.06467656689851586,0.02866894393253605,0.0658940157959409,0.05940221622256847,0.013611097368939395,0.05112498256169462,0.0231013209345432,-0.006160847377352341,0.11676706434997053,0.04103048172558044,0.04908551514071591,0.06989677463728139,0.05306601017336643,0.08213926059583931,0.0409107699148652,0.09752450279837022,0.06143923622504199,0.11429682888876957,0.09543568916272838,0.10212356537454004,0.17253530971109599,0.07921822679429513,0.06316385432525973,0.05932795129172641,0.07642317497870144,0.0614216424238736,0.0511135977870103,0.11035912282243165,0.05185017146553639,0.1369222742727032,0.13627308635178914,0.04650259551180902,0.06460168338106542,0.07345553137813643,0.05266032335843529,0.020788555467384784,0.12621288703539402,0.0794418083118742,0.05533123572613907,0.04340270891661113,0.06804515559667412,0.06854532270329106,0.05853217917716824,0.08266755755661825,0.07671554450394069,0.06845127883898416,0.06370524171289205,0.029124494554809033,0.03380780985703247,0.029067751327525482
2022-10-24,0.06755199810836521,0.06302835743169832,0.054233230929269904,0.03877505749363719,0.06820412089309458,-0.011665091560378094,0.03147329295009005,0.057513485781173435,0.08857076096123295,0.09907713454788336,0.07448234790933217,0.05151975711542667,-0.04332449645705827,0.06433548317189186,0.06635508914073474,0.045454627780018075,0.009319820850414162,0.21130952380952372,0.053713108440676116,-0.015986998295712485,0.18417707614845602,0.08213702952818425,0.06232555300690401,0.0423123719262295,0.03486246832907258,0.06829994421744368,0.04703247146784073,0.06628184364447787,0.07786430540855149,0.035020860834882095,0.044931232844362956,0.0719749356899857,0.0514322137624772,0.10621747236277268,0.09829687395708664,0.018593414007363362,-0.035860891635606684,-0.025813706219798727,0.041973310523778284,0.10486785600350013,0.05792699746584895,0.109738337420481,0.04413111809028569,0.027405649259961473,0.06409903198999789,0.055853873479842164,0.040484056201328666,0.03474092051605737,0.02998101737833836,0.11593333707066433,0.01779363261595024,-0.07646730445497896,0.16560839062024701,0.04658901487541067,-0.002225981996996196,0.06754290152162534,0.12742525183226938,0.0786852378020193,0.010268098210874266,0.07802434729800578,-0.016222687926775947,0.13519398295206098,0.018359133059177024,0.09489047538110706
2022-10-31,-0.09250129571816723,-0.12260499132205549,0.002902762619706012,-0.05728058135627734,-0.002093402531776589,-0.0040724975059631685,-0.03159941937989863,-0.11146788696575116,0.022068604061038277,0.07903190917132719,-0.10490317025865337,-0.016071043756657688,-0.05987584051522887,-0.0027186756780154253,-0.024539732431942296,-0.16486828671726517,0.01231143984346672,-0.07472562672757987,-0.10501449976044941,-0.05128732775693168,-0.10257463410485246,0.15791058443796713,-0.17513135319140516,0.057911955461172004,-0.017730358143653757,-0.00972898391171162,0.00855616608982257,-0.011190498478820476,-0.029927663663869675,-0.16350546522640386,-0.02096402854242041,-0.023029453636439712,-0.07768076705372662,0.020311133776726775,0.034394360783681854,0.013650707041853005,0.03923029766995523,-0.06138965653375439,0.014244557433565674,0.01899091118610574,-0.008789674054378804,0.02327594608821215,-0.003956426049114059,-0.0635744593480938,-0.01758007960847663,-0.16875143095741407,0.06242513485512369,-0.01820032361535673,-0.1050247449258287,-0.04273518374019991,-0.14262053361955185,-0.0064141392179883905,-0.1395099779923542,-0.0014763158306736468,-0.06513652397312386,-0.04867512743031899,-0.00027842249598164504,0.016436800282015662,0.01603138483335753,-0.10707172282906907,-0.128804863310798,-0.1311894247743257,-0.001690179529324376,-0.19944445292154944
2022-11-07,0.11077494932841914,0.19387574416967412,0.16369198174416755,0.10998811138916209,0.03998948418296511,0.13701582393131062,0.19540929519960537,0.0835983498466768,0.20534343659235543,-0.01922639911224977,0.18126903902008462,0.11345364833591742,0.1719681876596355,0.06925353777548215,0.0060647264300552894,0.11001317479131889,0.0477348030693312,0.03388332828740892,0.15266230529199554,0.08780209214045565,0.39558975262711593,-0.02083060180936147,0.19171980650818155,0.04932710411776209,0.03519853847907228,0.07298244779712393,0.0798868197817253,0.045341468050022815,0.09365199176720318,0.129710241034509,0.03344813833044835,0.012616170194877485,0.05083909833364908,0.15907084825956241,0.1937359332489128,0.18744125281801405,0.11324779220601155,0.11617507189137788,0.11835443814464619,-0.020951848288852548,0.06846905316699403,0.1533626749567918,0.12498358672731835,0.18768799941128456,0.02289460230879614,0.16250614949234832,0.061815843828305406,0.11433506597164356,0.1381571781836195,0.10688577063702698,0.1284967511345838,0.11795790071820367,0.13313062518896857,0.09575800288191649,0.19824993715963313,0.06367846747921835,0.04546487990931647,0.1368034247242087,0.10353533423272632,0.15263058086512715,0.12739205226558026,0.08885617030566628,0.12161403894758704,0.1423490964250118
2022-11-14,-0.012375326039119727,-0.03016271062295306,0.016581413606466366,-0.025709711463404505,0.004916724099721659,-0.013470677158140099,-0.046732673314591855,0.010621238356258722,-0.05274586203375908,0.053908926575373384,-0.0805507329053714,-0.005655331320370105,-0.011264168320997414,0.006780576086753642,0.06697923305938058,0.02653204096971451,-0.016540945154913,0.06825105992694436,-0.0521056518302202,-0.0036022182091265398,-0.05163190206729129,0.10756553737221575,-0.07090681394084586,0.0072480838901127775,-0.01394956303033712,0.03139310389515715,-0.03502450143000935,0.04351697704131019,-0.01840289987188115,-0.06854730494167405,0.04915298755811026,0.03508194854034352,-0.001626198113645616,-0.010178622333444909,-0.08809554586653767,-0.021891057797973734,-0.0630198657227149,-0.02383558953258158,-0.04082674979340817,0.05374104834167337,0.0029932639198275712,-0.056225989195126114,0.011768742984349823,-0.03451037790763278,0.025598213298940964,0.01306549907830723,-0.0653425957916417,0.022112000585251312,0.019929190803607888,-0.012204561056329721,-0.06143411338287641,-0.04514437150667172,-0.025688562575254426,-0.020965226066259945,-0.01662637100038078,0.018370719574238414,-0.014286045754126064,-0.035406392365255446,-0.024012533264522462,-0.06467739228279357,-0.03437963601903582,0.009667865358139016,-0.07270438716096694,-0.0276406661262536
2022-11-21,0.03455489053922589,0.010397154668767117,0.021340216138870938,0.01726222921939935,0.0079037049846995,0.03237549928102368,0.01099445354022266,-0.021019226497819954,0.010697291638912754,0.00206671677093917,-0.04615673185555347,0.02863193837886202,0.013877064760899227,0.014008578411526251,0.012764172962776543,0.020478995133872857,0.01497188245863712,0.023979005346494997,0.022520947208592546,0.039499292683544684,0.022335985499013278,0.02899151497788388,0.014573313505198193,0.014451138166754696,0.02738266396994593,0.003804586802007792,0.0227272850334983,0.004944387707169762,-0.017743492074030254,0.03262563918793071,0.01939666315921129,0.014254062940921575,0.027457832392626225,0.01324275278023368,-0.007554112905311716,0.02022393117603105,-0.0029019887268216804,0.02888436526278393,-0.021282178724160716,0.020879299590695233,0.012751096159085984,0.05587649500103109,0.004362035071279191,0.01297270843614573,0.037501509129771904,0.03158591282464451,0.010786651814614023,-0.03012531118783013,-0.0032297149819017212,0.0077828015103384995,0.03586877234666974,0.0023822234671726505,0.019605354490801696,-0.015053489722727353,0.02071250942524805,0.017188758680000804,0.032130529385416606,-0.0033369709777087975,0.0107889445457503,0.009484380430097028,0.05560692932520572,0.023783758647039965,0.013022233702880914,0.06169460139170169
2022-11-28,0.012584332326869951,0.021627314538837705,-0.002129305749460575,0.013726808458073059,0.003485136882292794,0.009216642844784184,0.04179511317533646,-0.0020254679990352464,0.010865923603141647,-0.005303485929847085,0.002242584172379214,0.020550564161432527,0.030601848018044553,0.012840749645103067,0.026859358332985472,0.024130100160119294,-0.0035169104284160646,0.05190653645757459,0.05925820651035263,-0.008565735779338723,0.05474731288135315,-0.01814143081394337,0.013230027687737511,0.027497979124719185,0.02985715225942287,0.05432741375599348,-0.01691551283788939,0.002022021259128426,0.00238574746402076,0.03936617512517726,0.01614044541534021,0.026233499798143933,0.022137944571423374,0.02510400940762314,0.009751813377329999,0.026211091942260012,-0.06385892132591964,0.03042554334926173,0.03772196782395154,0.015907270163789455,-0.11023316865561983,0.037246420826086535,-0.009438978211571136,-0.004904640366044655,0.0076161756528272395,-0.00046305393920420546,0.014763732711505773,0.013028976112059443,0.01790205906822484,0.017163882308390166,-0.057319909977625705,-0.03162701455798045,0.013899471478793002,0.017992181426716547,0.04668710346141092,-0.017266984961222587,0.016707496464116955,0.0020362785021819096,0.0033320306802790967,0.042705841491315955,0.03427223214018893,0.016241821620324393,-0.05061594488283494,0.010886324095340072
2022-12-05,-0.0390496621578349,-0.031885878750863905,-0.08522281585697034,-0.050858345515499837,-0.02617219771857282,0.004749485678465337,-0.056594157798493194,-0.0382248249331234,0.005903777859317616,-0.05287316436046585,-0.033812356576601754,0.007248584898193577,-0.050803194797480966,-0.023892222222131942,-0.024949720838744138,-0.06491426004711365,-0.028823499805360142,-0.04895836966378353,-0.07019249327312005,-0.028907346223643104,-0.00944761966135177,-0.10313688126755283,-0.027606780924948393,-0.024688208990317984,-0.047478847487236964,-0.03235487115217506,-0.048245555573956045,-0.010896730248343256,-0.039782304170085436,-0.01983241926850865,-0.0041798554835951185,-0.00807127969691357,0.001052470186068799,0.009882910614067208,-0.01632182746261235,-0.018496983602268258,0.003474665205013494,-0.037644220710460474,0.007541588167945701,-0.026145956555461813,-0.03221433472204516,0.007664591469402904,-0.007833264007958474,-0.03436476047054482,-0.041871648909390435,-0.07985412212615395,-0.041749021335761194,0.004218500076301757,-0.04656168736452804,-0.028251572970023786,-0.09304093231456079,0.02208792767606793,-0.04672174963803477,0.005960029139623124,-0.06439386668314517,-0.03219909020322098,-0.05032889317897593,-0.0028056868181753902,-0.019137670525003925,-0.05799477166499911,-0.05592897720812584,-0.021919880261167646,0.0073342261195383784,-0.0851705946697826
2022-12-12,-0.08297217036816151,0.02389303637336293,-0.046362339197626556,-0.04538298627814519,-0.010826569392950014,-0.0110266134108995,0.0023945607373305755,-0.053812532839306426,-0.024315245105455463,-0.03315088204210559,-0.009829672616476715,0.020542450009446656,-0.002871639432768691,-0.02264394089972732,-0.013413012751470443,-0.047651670240518085,-0.021805134147762417,-0.05057103352168191,-0.030766595729952995,-0.03558771241373737,-0.04032822622785093,0.027291964321362494,-0.004028446093747862,-0.014943124228504412,-0.04675794818975698,-0.03157887116866409,-0.052818212927116526,-0.04685457758383316,-0.0467422908883508,-0.037140743192158654,-0.033580485351353495,-0.01852995087745446,-0.038014580958294464,-0.020004604011802707,-0.013949393075715522,-0.04230351670301413,-0.05102962677423928,-0.0029744423767337214,-0.049391343029043355,-0.049440801614793806,-0.061751387642458466,-0.02529247096481302,-0.03535245315000457,-0.073018596554841,-0.003505996607527151,-0.049716766519392275,0.019143490783787298,-0.030840186304189166,-0.03796723310513528,-0.016159245994989857,-0.021661172486230562,-0.037125965541136785,0.002007237593054878,-0.015975557248368855,0.010345341879316905,-0.04345672277292745,-0.02275138882097849,-0.03668426491790311,-0.027028647743976175,-0.13339127250339677,-0.008604676534722633,0.015075609627881459,-0.10557263083365076,-0.010061637741111795
2022-12-19,0.006087369239250462,-0.000265836638562833,-0.013606588735883718,-0.021416799516703278,-0.02382183278481642,-0.01786359768129664,-0.021582397871726,-0.019701242800655105,-0.07170821782494874,-0.03145727724278646,-0.022037371979628073,-0.006259980431758128,-0.010723039416201674,-0.017321302949124262,-0.006902271195792786,0.008279236282351832,-0.017027711969264336,-0.031115072960938184,-0.028922845736337965,-0.021918594036509087,0.044240903216552496,0.010768623608636618,-0.06144065368278473,-0.006564748891248251,-0.014345192274419771,0.014474318521160434,0.010656429739461348,0.010630549135907108,-0.03083202224025694,-0.0012728672476310932,-0.0008687826735542803,-0.003461277770494098,-0.023123405989800783,-0.021138966946204207,-0.06817257824965361,-0.03770481097706546,-0.03591317182531595,-0.02435743574231597,-0.04473751661159697,0.01995777732560211,-0.021220127878040285,-0.0823728525638604,-0.032261981919474714,-0.04573260919819355,0.015958531949892496,-0.06443705779827191,-0.018298130492603426,-0.04323920600737208,-0.03221873829338007,0.013549754410429715,0.009121370000581663,-0.031076115209540567,-0.03172150498393678,-0.044726301847990535,-0.027072204041984294,-0.021384536141628163,-0.00683547271726459,-0.02763434489489358,-0.030492427758326834,-0.025888036687235272,-0.0005619503048422958,0.015300311077021789,-0.04226676139313845,-0.002812136242131502
2022-12-26,0.0028186362749820226,-0.005672960137344862,0.003874767715550842,0.013708505765348544,0.007076220496934571,0.0011597490766137586,0.017006917424676082,-0.014636803469767923,0.0016458370855725324,0.013191966897714291,-0.006855912626566596,0.020573309856659394,-0.005017018110278548,0.002470006873605435,0.003369724072339153,0.020885411058762626,0.005984194298388701,-0.09862228116369398,0.01260577929340001,0.01772923975171703,-0.029476607412808442,-0.04440195670728664,0.003283395216809426,0.0005655675978637476,0.006103382257686141,0.013333329170408081,0.0041104743836635205,-0.005365482507285524,0.013031793800321934,0.01230202254445989,-0.011737377970436613,0.009156903925767734,0.007301451332477837,-0.000954078671999703,0.019848574178700007,0.004576173814059725,-0.004382557565069223,0.004565930618205538,0.008556491331285221,0.004208296147083956,0.01727638420365718,-0.038931997079806546,0.0022831898455508703,-0.0003205715332478265,0.011008146620903991,-0.012246131054059695,-0.009979373892557986,0.0015469545817505814,-0.008119700222214199,0.004603453068717345,0.024335551893320595,0.056073992895231406,0.016786266977431463,0.025661160879405065,-0.0028730612245286835,0.007459501022296422,0.015644453745039755,0.009126631222556192,0.005110077043207539,0.04161517139810145,0.007153594214205805,0.008442966868234647,0.031382774752665155,0.032994933531259596
2023-01-02,0.008881656071883182,-0.011232278825091813,-0.012505752672143489,0.018386659148892592,0.03191482255677669,0.009083720116310756,-0.009023522119402161,-0.0023858727236161226,0.07075362861119538,-0.07334158745603037,0.0017124596381461465,0.05240288804311288,-0.00610057103624595,0.025982781353284023,0.0142738126496178,0.0447630368229317,0.10770195136690708,-0.11816877478991805,-0.03377670451117121,-0.013030417314234044,0.005613260141723364,0.04679891901880451,-0.004090831774111292,-0.022371687997678746,0.003266338291180171,0.07205520367539742,0.05545229025271703,0.01994466654699778,0.08702222291805728,-0.006936885651570135,-0.0032257242614669446,-0.0003128223463016999,0.0254281326853647,0.05453158106316747,0.059409939111579435,0.03587162865982729,0.1384392500788767,-0.06208826418158264,0.04143465906366872,0.023786553223926088,0.059773523431663866,0.016764747942246583,0.010124712170643146,0.0016033716615511118,0.04795703128529927,-0.033610344046671736,0.0220759872181584,0.02989848965932529,0.0491176580611028,0.026799987334868547,0.05973299937924503,0.06272560902297797,-0.055991940787392336,0.047295162462872575,0.003914936160064997,0.048780456444089904,0.021579867479644577,0.044533566258302404,0.0601621786434019,0.01859174448530676,-0.03566886842646533,-0.0006328119220577744,0.17812992290925878,0.06633910347757088
2023-01-09,0.048029535518524735,0.0349511792120587,0.11006880888521486,0.033197420207062844,0.02290968686004824,0.020903715859171168,0.06135918389667183,0.03965441847217854,0.05466590701897478,0.02267677297431603,0.07158498702770633,-0.016025695768827175,0.06012771279301199,0.06347559490141097,0.01967187197498288,0.07213395579435411,0.019502583149487496,0.05212928847739029,0.09205163943676187,0.03480660799078361,0.026547463873370925,0.14917091157152385,0.0036968640429790867,0.022396737808105804,0.04046522024349031,-0.03857388627256897,-0.0158674172773291,0.015240199154473943,0.04803351313423443,0.017308355703818723,0.14239478556463325,-0.00031298174845206805,0.0295861503567445,0.05646506290218922,0.06378161305555485,0.029545161518624186,0.00281842559518819,0.06357532932725252,0.08439243568192745,0.008224778756708018,0.024136629853798608,0.1372905916829974,0.07636406827129183,0.04290059633114929,0.04132604684827701,0.02973670244966642,0.057054363523572516,0.07552226209957835,0.04248313011227767,0.01807145469081095,0.06405238311757344,0.024145925698586312,0.13194013049463993,0.06464789115842628,0.03877828771580405,0.03189369212368498,0.018578342828462713,0.06795260683726956,0.02197999268825046,0.05844656935015924,0.01881575386642531,0.04188790709551915,0.0013452530056778933,0.07417159601836154
2023-01-16,-0.0018529596368406231,0.034845228613326285,-0.013098595847546246,-0.0064261523611643945,-0.028617686716615798,-0.02254704516899375,0.009130292280566277,0.023078059071970136,-0.00290989479061754,0.0011304108992866713,0.02647189618394097,-0.014196943344622182,0.053172635543459856,0.020066671454278318,-0.04296240611540847,-0.02060567084173881,-0.006376575818886732,-0.0947403017184526,-0.002313395100350113,-0.01309963383905155,0.05058909022233404,-0.06837231343190053,0.008185011962787758,-0.008988688113867882,0.0026820978152759523,-0.03039525217187089,0.0,-0.032147634384142365,-0.029558361549827272,0.014406797907793978,0.022662803793664033,-0.01502819655918719,-0.00935719193674256,-0.014736666703679568,-0.002470084052114241,-0.01761874514609907,0.02687511516455876,0.004138315261490888,-0.001706679716399817,-0.04022421662732789,0.01252691167684783,0.055624485490853415,-0.01932250327258389,0.017037614495076348,-0.01819317843847379,0.05213888420957091,0.002004738236884629,0.019820695553043333,0.022122386149177053,-0.020821302796529717,0.011638054692621358,0.036325642664258195,0.06493280380983868,0.014270224939049614,0.02838097177639587,-0.016258834192107385,-0.02859681771766387,0.000923628759275319,-0.0335736362965815,0.023481978231661316,-0.0023993235957636694,0.004674863180216704,0.03331536332889207,0.011338053911684298
2023-01-23,-0.011409431363584521,0.04020985009239708,0.07606681681559069,-0.008056270357424955,0.007429132749973366,0.034267826842709015,0.039973478914463456,0.05846086213756463,0.025991748067318188,0.09493616404000482,0.02418655237470202,0.03540755915969673,0.03797825917806441,-0.027520750749880363,0.036981591215410115,0.047338271983158764,0.026785702471064043,-0.055944986626446425,-0.010405183618936276,0.02156937786122093,0.0170522928141863,0.06838631870045697,0.06961640497884969,-0.004024496552978207,0.018279108752174755,0.011912266181157039,0.047294843136770126,-0.04822931263967756,-0.03627646125130812,0.06167261917120426,-0.027952655232368673,0.01748242246421161,-0.008215969348015939,-0.03498855503394527,0.021968213606073483,0.055434877971179075,0.09254178059942042,0.03305300527219601,0.06860580321389786,-0.003564307461966343,0.001069284781191726,0.14159994954552024,0.0773886418598837,0.11183211279528638,0.019942653684078104,0.09363444287667333,0.03955367072225213,0.09004786869483339,0.08543523214971249,-0.016938903555278273,0.08773556543775829,0.16262219638735265,0.03854423487961123,0.07859511136859632,0.043367720938050525,0.02560950400877915,0.04475173996544868,0.06059683248437109,0.012948044079841514,0.03979203028455225,0.03629747221741497,0.016797731835821672,0.16926683024438072,0.06756895736693402
2023-01-30,0.043098870131679234,0.02325266465938247,0.1417771166535413,0.021848589591802137,0.03776225297267555,0.046771619814825804,0.03209958798353396,0.05872682524142503,0.06648890479256186,0.04680318316308907,0.060603179454585154,0.011218607361100696,0.004431753389334769,0.040302321547130315,0.0024737151558484882,0.03819792092335361,-0.02880421463485039,0.061116647920921974,0.1008113351670874,0.031332405022379106,0.03191216558003607,-0.06222471860786083,0.00569258506105208,0.031150163566564526,-0.06742560392481167,0.01177191270182365,0.04379060487090358,0.01897455027375683,0.07670453698727897,0.002697450246495592,0.06437827223768133,-0.03998749682723701,0.022259774675534638,0.022285171304396334,0.09602804524484765,0.09860950173812277,-0.022858929522495353,0.04106212751175131,0.07347025099336046,0.008018932823647074,0.031736327648731244,0.036091261136119046,0.051834294888408294,0.09800463418155236,0.0070794873312605144,-0.00037550105803052514,-0.033607176024916474,-0.04237974492489072,0.012143983518325907,-0.008684435664416235,0.039630372260835545,0.02754023675267936,0.029115669911606412,0.011874725417084342,0.011671882766438602,0.06812925553738913,0.02666219703723982,0.04398680125575183,0.04023047808666558,0.03947596934643083,0.015573964285291675,-0.003615268760185697,-0.03824774680929466,0.04323554459536205
2023-02-06,-0.018186944438750796,-0.02198612456993765,-0.05354853266416093,-0.042874753750684724,-0.02156321431481334,-0.002013278787938888,-0.02975693824977932,-0.02258906542248207,-0.04342391861373385,0.00992723167583831,-0.0038451247262375476,-0.007312255255827127,-0.011030416919200925,0.022677468914146237,-0.028171811295010785,-0.021987484231255627,-0.013710196960371457,-0.048714779116135976,-0.051509952254220615,-0.048621973097672466,-0.0023337445523041733,-0.02859859378543883,0.12471699264814262,0.016581320976012615,0.005164315538181308,0.006736101261645144,-0.017699127087946076,-0.00978529612558976,-0.08311345867251196,-0.024164614557845132,0.005841466925152972,0.013016677702248014,-0.0035832079291870933,-0.03083754999124666,-0.045819596199469514,-0.032106609616448956,-0.04149971377746231,0.0183859105864137,0.07828188106924294,0.058805167470089126,-0.018929345858697766,0.007819946256544474,-0.023461613805197623,0.03597482611035563,-0.027672447696303615,0.034623082500828684,0.017081544813560612,-0.033401944110828974,-0.04465999409844734,-0.00683182851167452,-0.023444777036021103,0.005501300790793806,-0.02935075988588387,0.06338899727463532,-0.006446483715430662,-0.030622168262068095,0.011024491275729575,-0.022502176265746576,-0.028785075065487775,-0.07661689867891908,-0.03015905992243839,-0.03467598952789985,-0.005549171756457749,-0.05244704280874268
2023-02-13,-0.02433437047564113,-0.03811419311320596,-0.03657343193616858,-0.09590639705546422,0.014650572210933577,0.07984983523123179,0.013930501429254338,0.011740491695389155,0.005837779217862993,0.037217613086721224,-0.012657124262083763,0.003944436125883133,0.057889005511345015,0.04031316210660396,0.07426985699769428,-0.018585111874964255,0.009361662433924556,-0.03338521048019094,-0.051277733681326265,0.013035377046989316,0.0036191164776340212,0.005508592664873024,0.017278959381825887,-0.004602744738478659,-0.01728155693102329,-0.004866007711671005,0.006339663958819353,0.007953385495226506,0.005267160662056236,-0.02210293015172715,0.014397988921731386,0.013813035956799391,0.027828485639263434,-0.016444774632482617,-0.018495092501458643,0.00811117830737551,-0.013540700954424945,-0.019156190962997033,0.02046665424395666,-0.007734203652261518,0.01612908942769753,0.0057842581888980504,0.010672065681139875,-0.02315038628588162,0.001606678462961364,0.02438728459483741,-0.018752865763335902,-0.00222626786346225,-0.009845760840150874,0.0006551465633677367,-0.011135727856941724,-0.014309615197550474,-0.04221567371570634,-0.03151910328887908,-0.012976451044571236,0.01587179022133478,0.0013459870316301359,-0.00293659342096797,-0.0026735904870419658,-0.00862068138659311,0.06529421777348476,-0.026025245753776072,-0.033248001541134165,0.029094606539266987
2023-02-20,-0.03797146712540855,-0.10175142759577505,-0.005222976587380579,-0.059379091669787165,-0.05565842665513554,-0.050697914193077676,0.07600822067512869,-0.03828253252996894,-0.03577622591256202,-0.019532641479379498,-0.12478405982988094,-0.029953571947759383,-0.0036000665472791793,-0.05328843729740107,-0.045105271829379845,-0.02096918848203233,-0.03569400643529119,-0.029416062333331494,-0.09514796572784123,-0.042415650729986765,-0.023820343220869344,-0.012904767061969746,-0.02935354217039665,-0.0395063387786424,-0.03575157768321513,-0.04645485782604497,-0.03116716461727098,-0.032958006529762995,-0.08946041070424449,0.038157219524210806,-0.004657771061065907,-0.02503172541810983,-0.1505544267654505,-0.02080320659122059,-0.03439858134503626,-0.03904818655531561,-0.014065376185119716,-0.03183658047225957,-0.03790156202143946,-0.02828309502630777,-0.030114336855424306,0.0887412295126897,-0.061551647443591206,-0.06816518188920062,0.015811144553799616,0.10249294794795061,-0.025328080377716278,-0.023379934219047716,-0.02646420087226331,0.0017770394360787645,-0.01798148122315313,-0.05935108359273278,-0.030568809660852514,-0.03211323892882412,0.02209052419976265,-0.044367007570914385,-0.021209698826030965,-0.042829782840974384,-0.03524986521342266,-0.0619565568183601,-0.048166525077304234,-0.030921799733524602,-0.05940358614554864,-0.0950461107966557
2023-02-27,0.010017571353504007,0.07331378103681119,0.04392368377550415,0.04043463730470731,0.03450072915033364,0.02283140962241914,0.06531886805279652,0.029445875925313558,0.07122985509183333,0.03799892232619917,0.07754639811578157,0.0952142425262652,0.014245867805208201,-0.0015559192956565715,0.01650155704209766,-0.020209926714554904,0.027979931597137186,0.09147565507683342,-0.00013073406228625295,0.035193831651882945,0.05899927603583288,0.2956955837775814,0.033639135604903725,0.004392933438440716,-0.04511646737936914,-0.020512848963580077,-0.020876009059885292,-0.0071227480121432984,0.050119349499778254,-0.026893121758486016,0.022789843722408998,-0.0029248588732599945,0.011976423666990366,0.004422798673662909,0.02724558107769104,0.03664656975086844,-0.02406327700982802,0.024355874900638508,0.04755104924107645,0.018181867550220776,0.006117993400786448,0.025938406486873067,0.03449068656239418,0.03487157452382306,0.006654569355919904,0.02657660250393601,-0.01693047926644864,0.020164883443129833,-0.0059513860621581705,0.003897909100086361,0.14938345365857697,-0.022998894808535786,0.043210636543808745,0.01471636718134306,0.014408748035475094,0.03992982358353281,0.01924864708060059,0.023748070770647445,0.038666124666254076,0.043646237727106296,0.009723355181326054,0.011493087625659149,-0.013295843764984272,0.0600506918777477
2023-03-06,-0.060364003557408674,-0.04284391461997217,0.01410698691407175,-0.048777295003013976,-0.03360273814582315,-0.02410742079632555,-0.046202908024263856,-0.0167517184670104,-0.038416212628858415,0.04108625489771578,-0.06478358240845405,-0.02833627979843023,-0.004223927893408086,-0.05534897380190329,-0.014610300522300723,-0.03453791416477903,-0.049229887983706755,-0.03195801401902976,-0.07598287768234346,-0.04876377613932115,-0.013428202097747644,-0.011327423139778192,-0.03418806419852072,-0.05835658347203576,-0.13759085674836824,-0.06217279049690183,-0.040545269932750094,-0.03232020060746832,0.03106055277147224,-0.03894544140987266,-0.03940411181217518,0.011110066220176407,-0.032498450473285256,-0.036746843912158544,-0.026095777629670303,-0.01246977702998009,-0.03258177272152252,-0.02624465449268021,-0.05351463729705508,-0.019057587155141054,-0.054119660942749004,-0.038719183171820215,-0.04323362114477425,-0.007094060940825875,-0.0580392588444536,-0.03069048351383341,-0.051746229365371765,-0.07176236938840186,-0.06234920753226514,-0.022738334762595902,-0.07107225511209969,-0.043673544405547826,-0.0650930755865774,-0.016358978482888586,-0.0333877252072704,-0.045600841638030465,-0.05791147874463354,-0.016888313789112597,-0.022996317764194973,-0.1065877505300975,-0.06186604037694565,-0.04714445600129091,-0.06556099428072193,-0.06870256560662669
2023-03-13,-0.011662319146624744,0.08757979934575788,0.18350064721114112,0.022929426721392865,0.0037909007101113446,0.022502260802035545,0.0508732142711712,0.04377104724476788,0.07177196566061528,0.11470699865383849,0.026234389371225797,0.026251138289148157,0.05729037061771858,-0.012705372501379597,0.03356669712724303,-0.04289501611030533,-0.013228945248287882,-0.12643897667543635,-0.010433549520206697,0.016101052184397613,-0.058669665906739055,-0.0390410666593799,0.04186526496663334,-0.037667409549449915,-0.017459545448633706,-0.016050190027222078,0.030984309508151453,-0.014029479621337604,0.09515065369034104,0.05369190332201934,-0.036015224649097566,0.017207855152568063,0.004206906856401904,0.055073389186031996,0.06169330298177833,-0.010543083777689644,0.03149455872248397,0.12405980065049693,0.019542692355507985,0.010555319419537135,-0.012054021729778208,0.12037324410331607,0.012796374676455002,-0.0012758162493650138,0.014155014100282637,0.018361899090199474,0.002787648578401747,0.013846634527119095,0.048094489975121224,0.012680525580392343,0.06738661462806728,-0.011336011848253169,0.06244582795181741,0.024979717171242477,0.04870080583826164,-0.01043924391846529,-0.010398686593820927,0.03761479177527338,0.023712485161488717,0.009734905397401628,0.05426080768546515,0.01124481793718557,-0.027176913613824683,0.0018043270386438603
2023-03-20,0.08800001976072847,0.046964807390069696,0.0011242908265416407,0.03314770304543546,0.023700939981475377,0.009900500321538885,0.014818913894400598,0.03387107296205216,-0.02504076191077731,0.03479118048317997,0.0055748109434432536,0.008241288577770511,-0.01160097205446664,0.019462884657307944,0.006375689253383943,0.014881530368275664,0.0009140290197346967,0.06725117700153826,-0.004610631207421223,0.0027712598698823587,0.05496686698904263,0.05750932405137443,0.028912127123007947,0.031802689106286586,0.004902042038525289,0.018001931269462368,-0.011412286227921675,0.012935528180373579,-0.015095555525655002,0.0383862439501379,0.055851144198270974,0.04308977953502824,0.009925194958659844,-0.032701454427563115,-0.008808295539123656,-0.015859174431818057,0.07942103832378922,0.0040797395649010415,-0.005959266118723661,0.031632412567393686,-0.006669852319794112,0.040971793801093837,0.001632182627299139,-0.006004103577316733,0.0322541987996654,0.012849027058532636,0.025187413754774735,0.0441799956094473,0.033380263314794156,0.009232620454478813,0.028184967720047194,0.009664245910941283,-0.01836736077894696,0.0076269288132613244,0.010817917463029403,0.0117665848076145,0.040905259613941425,0.011798200414997462,0.021626393664413435,0.01415381798377413,0.008787317484112878,0.04411687876922077,0.00513102853715286,6.934131773239649e-05
2023-03-27,0.05077194884732106,0.027762971781901458,0.0006126104120247611,0.029585797629340105,0.042413142204227094,0.05077521930421325,0.05416526742078043,0.029017043007385945,0.027608131618540588,-0.006392812924394642,0.039656389936058245,0.015699438674956934,0.027435449567529524,0.01658757607485639,0.03504262183425788,0.03887460490803285,0.07397261908561847,0.07291184695962083,0.07360861759425497,0.03238383986921045,0.01700581810067714,0.030317355336058283,0.055088066574731975,0.043766634530204795,0.04634157513721715,0.11946599782442635,0.05880229019081473,0.046292551005009175,0.11273834425189277,0.03785167125764155,0.05745463785272298,0.05324350184221749,0.030504140857614104,0.06425465253192697,0.0558898690723344,0.05476513185466314,-0.013407383211384793,0.02755091541571897,0.03119074864690541,0.053187693600553976,0.045692733940942976,0.037267879397770765,0.05624468567069063,0.05796173085385692,0.05578911504332096,0.04275647251852699,0.05365652377192753,0.006440760381215771,0.02260336517038919,0.025838683061822243,0.05114175179185998,0.08491716435305974,0.0735042914595827,0.026448588973638998,0.025732957574439386,0.05189286266516979,0.05271083007081678,0.011002535541528413,0.03620969023808551,0.060275073321431005,0.07636276199818814,0.04680996988150321,0.06834940335037754,0.10137494510419232
