Date,AES,LNT,AEE,AEP,AWK,ATO,CNP,CMS,ED,CEG,D,DTE,DUK,EIX,ETR,EVRG,ES,EXC,FE,NEE,NI,NRG,PCG,PNW,PPL,PEG,SRE,SO,WEC,XEL
2018-04-09,-0.007005310124014841,0.0021939950228826444,-0.02835655427434336,-0.017365045029172466,-0.012939648780373236,-0.00915048527537754,-0.008181459615043019,-0.024492605529501388,-0.023803606431391677,,-0.03443097294048514,-0.015567768618790168,-0.019063617035464442,0.0009464562471830362,-0.004178329904412137,-0.004290382255244474,-0.010394044130788482,-0.007507427454019444,0.006140450720655055,-0.015545629627806257,-0.028866096336813363,0.005674040925913504,0.03115760939433998,-0.020187788324517508,-0.005012416167668454,-0.004391175504094846,-0.004589352736841912,-0.018977697107985025,-0.023159963407716644,-0.021772271930206033
2018-04-16,0.02469140648352841,0.010459816527918386,0.01369124581073855,0.016632097023275172,0.03475138573977676,0.0062366560870279475,0.00037521715146149326,0.02216690566638735,0.011866280851909217,,0.0217393864074511,0.0028307387450767774,0.013173536521921436,0.010718918036729752,0.004195861598403461,0.015667763153667247,0.0032188266402206622,0.0067816110429168575,0.0008715738274034379,0.003558118029631574,0.008492688435995932,0.03451728168244639,0.008601664452671853,-0.001535909645152711,0.0035981913150815448,-0.007417667846102982,-0.007322138854110816,0.02913087636261258,0.009256181477490077,0.013938762814289296
2018-04-23,0.059380229298717335,0.03659089954387462,0.04140762722942615,0.03052910150833199,0.03716966844883984,0.04183570045819929,-0.045352625817700054,0.04403619807920389,0.03646909684638566,,0.015612839709865156,0.028424173482639592,0.03630292012169223,0.02604491926215413,0.03963047949458187,0.04666432157751954,0.02364050427502784,0.03238328624747222,-0.004064757924586382,0.019714810677044836,0.032000115835060905,0.010907912255097019,0.0196808171897227,0.04601404905572126,0.03979910028934408,0.04079979870258521,0.016573876188545666,0.026094595675560273,0.03732915739625131,0.04434562782572282
2018-04-30,0.0016246391081591316,0.012793174722140588,0.005119259865162595,-0.016442437504138985,-0.01221449952395326,0.0265413468206519,0.03612095967334672,-0.01547249029514075,-0.014671052369388371,,-0.011755768668942679,-0.009181442394632366,-0.007701948719925467,-0.031919684142947435,0.0010957947905108067,0.009395744351612612,-0.026063957707401553,0.030866052445535974,-0.005539377835048986,0.0007931482023868508,0.045113223038005135,0.05680761752233998,-0.037529555229706135,-0.017277161297327148,-0.0017239871271925722,0.011061356777765985,0.0015228999424861112,-0.007974148088796706,-0.000930561766001925,-0.01507422203787756
2018-05-07,0.0073945903396397394,-0.037208270032697555,-0.0344649816335344,-0.03213719542587934,-0.026131561747394283,-0.016493980036620837,0.010989298500577283,-0.015514313321260187,-0.030536768482859133,,-0.013268310227852798,-0.02130300354682635,-0.02466199141664349,-0.02198163343710302,-0.04075409903571969,-0.018251625194514287,-0.016937536178595503,-0.010710763512787436,0.009258197347531416,-0.020415819099170784,-0.018890097418803542,0.04934729648495595,-0.034759395808686144,-0.01756830042001467,-0.03903288951009076,-0.018233873194566264,-0.04221809991780545,-0.023897440139478365,-0.039124516501966244,-0.024358650816161065
2018-05-14,-0.02929214957123316,-0.026163829536243077,-0.010726177059896536,-0.024208045590672467,-0.030998904678759653,-0.03784715908606451,-0.05060009655839748,-0.027985960128419696,-0.03722481733839733,,-0.02179269020650887,-0.024694983634815815,-0.05275349991959932,-0.0166959357879507,-0.02342263266551725,-0.017847128185555672,-0.012405430163647369,-0.029527644991160784,-0.025836760139424153,-0.026688785684145344,-0.020055972762065277,-0.03437427955683159,-0.012465391289882888,-0.020225873731562705,-0.03953969432291893,-0.02776171596540311,-0.047721436054180666,-0.048964910239273185,-0.014177757866210228,-0.03446751421707084
2018-05-21,0.04023476209763799,0.005422296439394625,0.046391577547043594,0.03526867018341906,0.03157253159719309,0.03935075008055544,0.03672099760829761,0.03423258655465977,0.035892396668040005,,0.013904027757382975,0.022618298031571227,0.0394030557117826,0.02824491599932255,0.047150103248874364,0.06284314207370523,-0.01849249345745485,0.040015329023004975,0.02772746350830646,0.0381589021647486,0.027425043091770407,0.008009188140950751,0.043945873870755214,0.02417041848279511,0.02732033506771403,0.053690050433437886,0.03157810854363574,0.05642205021040958,0.03390094168081559,0.03409600907410004
2018-05-28,0.030620450353625372,-0.003922180681171006,-0.012909742799128487,-0.008033315836866062,-0.010362865045709269,0.0026210618884692227,-0.012317456724396547,-0.009864205727220798,-0.004874166266699453,,-0.012622764065733039,-0.011254853739175119,0.003561592544458536,-0.03397919157310858,0.0047659998771296674,-0.01905626634246904,0.0005684784866195614,0.007868249014511886,0.0029325898275887052,0.004063504823582198,-0.014342527586362008,-0.0020596049664241,-0.05351547096434761,-0.010332851684588973,-0.01785068491153996,0.002862329726054158,-0.008461035119781357,-0.007187836348577448,-0.0031988468550355753,-0.009957996415356551
2018-06-04,-0.0015635767579864623,-0.03445743472469254,-0.02443638447293084,-0.03854222925072337,-0.03470112455267382,-0.030348052721662744,-0.012080835316012672,-0.04029230472778755,-0.03693417257109888,,0.0009593984786042675,-0.040186338101348196,-0.03890640867156181,-0.020216980545868513,-0.04019485019490299,-0.061579208796621376,-0.040143431580021094,-0.02415206931099334,-0.0257310664011704,-0.03850864076218141,-0.04931282727055264,-0.022412271756661162,-0.019399083329698863,-0.04099002563426701,-0.04339734911116677,-0.0315888806772171,-0.027516579440077793,-0.020814696202006377,-0.04589216482908087,-0.04514959116373207
2018-06-11,0.02349241429661153,0.01860818456707891,0.004939165483223151,0.014662310941287116,0.022326281452812458,0.01734863173743406,0.021301552557112524,0.016839959183231556,0.013470991267689358,,0.05926512402489004,0.0009283541640410231,0.016137892557036126,0.01392385360421633,0.01716776558666644,0.028448783131281408,0.01997772795123587,0.037249721362124566,0.04141698328988541,0.024447184805165056,0.03146257369432304,0.006938197203758545,-0.030156791892012147,0.02298415674404297,0.06706228309689632,0.04141167202222373,0.10332220896532673,0.02657144684626056,0.019172479391729835,0.014279045839489912
2018-06-18,-0.01606735290011041,0.028278490610317952,0.038547711577781474,0.03535735476612678,0.029240856817644767,0.026731196061917206,0.02819638897931198,0.030852940257753092,0.02753265300163643,,0.009501026200776419,0.044429476756133734,0.042126825000041945,0.020847228117792493,0.02557173568081561,0.03145151683722425,0.025626952110882506,0.0002412896602923542,0.01123889728268801,0.029835719151337425,0.0329760323500754,-0.07070139918173002,0.06766159225059032,0.028642560209893198,0.043574483649373,0.015419890176573414,0.02886250778401145,0.031059982586731705,0.027887777708193617,0.02113112384890492
2018-06-25,0.04276848266350486,0.029933999374557763,0.03698016690665207,0.028210897913953703,0.023495542889369503,0.011558971844611632,0.04094656749814751,0.040492749724999166,0.029303335465031166,,0.018523688797760673,0.03165771770692727,0.021309215686577954,0.025445470600722553,0.007231168112673769,0.03141067073595538,0.04604677214317632,0.026505935587869844,0.023368501146599385,0.01661633121809669,0.04868313635436783,-0.010315739183321626,-0.008387591046465803,0.028994684058903264,0.010261673416918304,0.014998097358760898,0.008424463911045788,0.010914496594146117,0.037887444692106476,0.04173320974061312
2018-07-02,-0.030574433470958784,0.035916817550582625,0.019391860973514197,0.03335709256336106,0.036308539907008885,0.026957883187557208,0.008300342344430778,0.027707567061582283,0.019492329197341007,,0.02698743617905386,0.032808756101474934,0.03211937693986777,0.057334986686660816,0.021908867128355602,0.010863725701949267,0.0290052143851125,0.01150236421717521,0.023948502670562144,0.019637097229410427,0.022830945211272047,0.014006482753115224,0.058035570555808214,0.02706081500347368,0.03572689282547947,-0.016069208537055735,0.030406194354438476,0.03131086530127747,0.02722339421964315,0.028020878155737394
2018-07-09,0.013846087827604103,-0.020757171067198876,-0.01031748387931053,-0.016908576782717177,-0.008815826675392047,-0.015555710729323047,-0.006442255522887463,-0.015229450578325476,-0.0005032814325335311,,-0.0004281100711516217,-0.007848148625530849,-0.01225164264390699,-0.00935710019570235,-0.008115355222302001,-0.014975300392324087,-0.0193997086797999,-0.01624504927070869,-0.025292188837098384,-0.004638642289534478,-0.021577266882935042,0.014134329948665147,-0.0390849618910708,-0.0313028968869985,-0.03550868858923484,-0.023090118832900353,-0.010782816320567434,0.0041875872140992865,-0.01837058642914602,-0.014693461132209484
2018-07-16,-0.011380640957986632,-0.009084663993670805,-0.000814545580408832,0.0008527828148681138,-0.0017102425054809078,0.003401470298185716,0.0,-0.008986503334810436,-0.017744960772707374,,0.01828817073822364,0.0038608898800687186,0.00037193704671278915,-0.008836120235842349,-0.016851897009449557,-0.003577188861937697,-0.006594500957395444,-0.008020791165226582,-0.014787887890315932,0.002654549814905094,-0.013308053967615585,0.01805492881159587,-0.04229267124444669,-0.0026200858795336623,-0.017882360336467618,-0.01306689585486731,-0.01931163280131165,-0.009174434412691723,-0.005369100695857054,-0.013831598932257716
2018-07-23,0.02609354920455753,0.009402818185190398,0.009781577085624216,0.010367830804804079,0.009251744457797528,-0.0061242497035348675,0.014409193959257216,0.014761555096484802,0.006406517360156183,,-0.00014049386674874764,0.01885545920451448,0.005455306141048499,0.022287122154963424,0.0004967622869842536,-0.006820942104149519,0.02263845334930581,0.0035670903526503484,-0.008496017858406368,-0.017591180572653298,0.008477997577714946,-0.01742357699250008,0.04922784794736912,0.009006732981143628,0.027847184773287736,0.0013631511398422003,0.0062140415380751435,0.00946981075474107,0.013109303771303926,0.021038588682295467
2018-07-30,0.02393398946109837,-0.004191784702579304,0.008233790243607597,0.0005622734557624298,-0.0035082016116023684,0.010453523372214946,-0.006747112055314086,0.004987457730633915,0.00712889571851294,,0.012068663007263503,0.013719058945959928,0.005672937312996895,0.007667957750152832,0.039975227908147115,0.01536216593208306,0.014147764168896959,0.006872202516558623,0.04398722398752186,0.0249726409608253,0.01604867810332178,0.032615683511250104,-0.011959534621105439,-0.004215210866497787,0.006252075503115684,0.0,0.015830172216527272,0.020012364648746672,0.009742664578142435,0.012663712570145425
2018-08-06,0.00015672776189790127,0.006919905166046458,0.00528435407865957,-0.004635906081064678,-0.0046563405005204395,-0.006098239166480779,0.005720306481496351,0.007744909586024251,-0.005561618516108369,,-0.019828076379511228,0.0021796222046683855,-0.008093180569080927,-0.005819090545903127,-0.004536036332285165,0.026699897505939152,0.0068929571872276,0.015062368381855151,-0.008481669306062756,-0.001285321579049259,0.00826507120791975,0.037186725473330684,-0.006750433679758916,0.021043887828227748,-0.004487327971800292,-0.0021391530379654133,-0.02012169476753156,-0.05722437741869246,0.01236246570879973,0.00741825864326473
2018-08-13,0.02802372849372259,0.020365517913732978,0.03153868316512076,0.03231202206238715,0.026408730455012464,0.03363634621879208,0.005687851098383101,0.03142457511226926,0.031777812575571884,,0.01499487956079859,0.029726497888653114,0.017183859609050556,0.04877700202998225,0.034199137859598716,0.0032941920269724534,0.030806808613625947,0.0324599643215977,0.03948822009099251,0.02480565815915914,0.037204028490837704,0.00473508852330351,0.06046399794766222,0.011931051426162798,0.036060953948998,0.048519288264710525,0.02105896161616916,0.01820949783143977,0.01653015323763296,0.015989885523679304
2018-08-20,0.005021254166293954,-0.009406145593390036,-0.011889906515978321,-0.013103466118438267,-0.007151574204308675,-0.022471629313239316,-0.004656101695945214,-0.010623226060521684,-0.012255866454031428,,-0.0015330091286476222,-0.01513815651284578,0.0007714944898824516,-0.03491696326870186,-0.002696028092501579,-0.007257620726932923,-0.00759009899394214,-0.0032886994702245875,-0.0067026804335941215,-0.01410066602334814,-0.019565104811385403,0.004123692786452304,-0.05392260067142396,-0.012641269907750607,-0.006024005027310708,-0.0196990289658322,-0.003851107003353116,-0.029038616647231175,0.0015086727885624818,-0.007040756812254134
2018-08-27,-0.03925736654862222,-0.007873895831721045,-0.011877047361252613,0.0025155766516531397,-0.014856479758980967,0.005401610464433881,-0.003228208767460883,-0.002431189848366655,-0.006545109311340003,,-0.012144212293653145,-0.006791830193499826,-0.0020882026153564714,-0.0253558713457388,-0.01762834193939855,-0.00696259758548079,-0.005258021727895912,-0.0072680976602665925,0.008906996134458334,-0.015054929742959966,0.0003694894428467599,0.03813453190396854,0.07871987172754658,-0.03299281496928985,0.0013466511058095598,-0.007582968099565823,-0.0027491400094320495,-0.027758943298628935,-0.003244812766424632,0.002085466902522981
2018-09-03,-0.02600300213918616,0.010037489039460556,0.03337016602435239,0.013244066287745992,0.00788274941802336,0.01507108186495243,0.025908746689149664,0.017262281722052464,0.0145701826602187,,0.00974995480954921,0.01637594436570211,0.015140623239716655,0.014148565102395816,0.013398727646069641,0.03023061023752116,0.006086951810036156,0.008236135793072696,0.0034776674909002825,0.01838546086509374,0.010343562060197042,-0.01667170954426256,-0.00866174870803993,0.013240121247215741,0.00033645980341945325,0.003056486718038265,0.006633371441438163,0.01256286972370435,0.014501255781988132,0.012903357675084104
2018-09-10,0.03356215047335187,0.012942126159030787,0.0010716015758647224,-0.001100539619426244,0.011561931118828195,0.005340796663058089,0.014380709107188139,0.005789469628138422,0.0026221332408435938,,0.017322453511952718,-0.005842984996551892,-0.009336845257919557,0.025052532254941973,-0.01121466635659385,-0.009262629539396716,0.011462944968155586,0.00022709163375456143,0.008531315871885381,0.009006196541249789,-0.09360129957400931,0.04137947705828182,0.025993935932182133,0.00954876597744847,0.0274047182250019,0.023172321097540083,0.016088928923105872,-0.009700051074346683,0.0035006159167119133,-0.005547553154916951
2018-09-17,0.030258110587317866,-0.01368943033087855,-0.00824291229129026,-0.016528865729660613,-0.007171423612176153,-0.0011687388157920475,-0.03077433816947661,-0.020841386325655797,-0.02989146629149697,,-0.014055086609410683,-0.021164740937915316,-0.023011035272771596,0.0004390297984511182,-0.014207253425722377,-0.032721738469529305,-0.021564579471638146,-0.00975497910391765,-0.024583795557597488,-0.01664273109048242,0.030657240880403336,-0.0022077312560464524,-0.0038322654157467717,-0.0016180352852803725,-0.015915075955702518,-0.02121300807321025,-0.0296471806881643,0.002505640940570375,-0.02267436840161885,-0.011067716319877796
2018-09-24,0.0028654525505156236,-0.015267323290126478,-0.018627735313565985,-0.007283285727457511,-0.00711084870225831,-0.0010635991610141726,-0.013556980080198233,-0.0066897035321275,-0.021825489007614274,,-0.008045118588042577,0.0005503478960497965,0.002505596909293084,-0.009947468551238958,-0.01743956434375693,-0.017003486807908752,-0.0034701058910533433,0.00022920357604361286,0.007316921654754394,-0.018505117076784372,-0.024657289363085422,0.034292152017581845,-0.016670287172307896,-0.012964375506381742,-0.014151007080484113,0.01246659490148394,0.002919374127030583,-0.009316179143864622,-0.007138407699502913,-0.005896299775532299
2018-10-01,0.04714271883066212,0.0244306378186816,0.029737373720516658,0.013967459605273236,0.012163633039718569,0.007773167381172064,0.0028932533601742083,0.018163243629236714,0.019293588990682453,,0.022339176357021318,0.02281686970508301,0.017245751995536684,0.033293530170299235,0.02009105271925149,0.014566639878970333,0.015625072812593288,0.0034354390288671155,0.0217920175011721,0.028460632486985382,0.0020062785338683664,-0.005347401129903395,0.04216485470426945,0.03308953038108142,0.03520171566517316,-0.0015153803580477687,0.02153835502823087,0.002523100070322304,0.022767949987927416,0.024571167480876843
2018-10-08,-0.0006820812502874585,-0.02637014047046704,-0.01996926838705626,-0.013496439365260904,-0.014712862511735092,-0.02144969710802358,-0.014064010505547175,-0.020845973360825276,-0.03129006143353985,,-0.0066807513925064566,-0.013259227610266988,-0.017321649075836887,-0.009379611799812726,-0.017037417651788345,-0.0017946149290886115,-0.014102539194052688,-0.020543301123896796,-0.019220663484614042,-0.017462390962882934,-0.026431725678716322,-0.02231215135961717,-0.014181477927483477,-0.0036674092289888938,-0.001320496952128436,0.018402760691337283,-0.010068846519538655,-0.00297394551413388,-0.011569942777795772,-0.014884962974168525
2018-10-15,0.02252564760645237,0.03744683639686053,0.035266403194954554,0.0332862854128948,0.0479883515161732,0.04815892215367423,0.028529584435114108,0.03746168474580802,0.028578771375426637,,0.02984462549121991,0.02542229608833302,0.0345038378790441,0.02418053011309329,0.03405066994699113,0.025170692015383356,0.029421299306009452,0.02843146468261737,0.04295285212757638,0.024208466326253397,0.04483756410467321,0.012372878116501562,0.03342496299447162,0.04478510455645868,0.0320660478537258,0.022354426597902988,0.013735639148283019,0.03418960135237881,0.045636298148793664,0.031059777003630717
2018-10-22,-0.02870497550420159,-0.027014848661215618,-0.024981033226114002,-0.007098058429825693,-0.040352562403461856,-0.03554127526755857,-0.03378393499612742,-0.028216379683261072,-0.013569452077650812,,-0.024897717528596708,-0.0007968097428100451,-0.010392845697424158,-0.030436625015120677,-0.0200903218073738,-0.015783862483143674,-0.008842452304323567,-0.011556746364551618,-0.05508357825546728,-0.020581016157018683,0.0015747276343855976,-0.03422044636211785,-0.05240529583254161,-0.029360079927614247,-0.0403588472241494,-0.009110645709213716,-0.032587339171925356,-0.004659281104229418,-0.02380605198520902,-0.012619463703445133
2018-10-29,0.003436419777568922,-0.009099278990246096,-0.012267075869544786,-0.0006875528345547943,-0.009633898063316715,-0.015808580641481607,-0.007728912795588627,-0.022537795504224856,-0.023450786522739353,,-0.024836155699887508,-0.013026447842480415,0.00854832077589629,-0.004254062977953388,0.010069047833167755,-0.005167387117173572,-0.00924019986900615,-0.005043461254657378,0.01116876602593142,-0.010241743260295144,-0.0003930182803520976,0.05230619627803712,0.02484334027766444,-0.00326673531827415,0.029038834225386667,-0.02574494351385781,-0.03333030954112837,-0.0026748640871706586,-0.0274350474173628,-0.016285467183633107
2018-11-05,0.0724209407143448,0.058516024854403215,0.058324266242945955,0.036180960375133964,0.025520943718279065,0.04938155998606564,0.04339739517773866,0.04912995221774308,0.05983368570885084,,0.03376737450024647,0.06069320930175626,0.03620296788967625,-0.1013553081495493,0.02762442604111892,0.04513672334116636,0.0474352515933667,0.03778805840576105,0.023706811796392113,0.05001458577323925,0.036537548717684665,0.023841721101049096,-0.15851599160845353,0.08348146094251563,0.027895074083511107,0.015288827365550262,0.07015127699307788,0.04626731005266538,0.04477605965497666,0.05490351722002473
2018-11-12,-0.000644133747251252,0.014346382799943935,0.029411724373327397,0.031771860396382134,0.04590249984330175,0.02420074183745191,-0.014219659861226752,0.01755079385550462,-0.025316540224745165,,0.0188234135277201,0.007533612312597526,0.012853427462567124,-0.10737680443951969,0.019746107344911,0.03033451453004865,0.029168127765184737,0.018650140644585145,0.03015779816012709,0.021692282472667745,-0.01796636177898081,0.02586236584887236,-0.38877757542055835,-0.001695934825874712,-0.027138056000883926,0.00948144075655244,-0.01568116792936014,0.0017088889236416271,0.01300027331756426,0.014302894471675653
2018-11-19,-0.0328821443223517,-0.028066218971445567,-0.02236672484465818,-0.015061017607685967,-0.012332083443565733,-0.018983957966958176,0.0070355991707338195,-0.006664047186558331,0.013546151751035351,,-0.006928154001025755,-0.01982722182899721,0.011671271465545807,-0.022038947058781178,-0.011005514590264776,-0.0231207277487816,-0.0032818668598111334,-0.015048303488259251,-0.03275722437524842,-0.016962908019644285,-0.0007784757255677732,-0.021135859980010996,-0.022950778898457758,-0.0005660240855571708,0.0003243023477446094,-0.019705402496047353,-0.024027265741628723,-0.012392233623089277,0.0016123666765281985,-0.003917136718446401
2018-11-26,0.032666697213534324,0.0320601883277416,0.012841631514194596,0.02478241067810405,0.03593910580894466,-0.009915240143129056,0.013019818119045068,0.02782204495072471,0.0389192598174235,,0.019151476696307013,0.026313516486566657,0.02097969794827259,0.038873428547829825,0.019796208651366554,0.01089729487046176,0.022747770109684984,0.03433673068853205,0.008800105335434072,0.02469957242110299,0.029216813276095266,-0.00026009050459052663,0.1065435590861552,0.012348609367710317,-0.008106356333139386,0.05015970935325531,0.027740813899828742,0.03521430009249715,0.028523039861173327,0.03126255154297097
2018-12-03,0.002582168914539329,0.009914196992782287,0.026231259748018987,0.02032405100382051,0.025049546621865648,0.03261211358745397,0.01320968363908892,0.016125337357451475,0.026259992336131743,,0.0148992658730831,-0.0018371747702019547,0.016032600241318695,0.05766447307937228,0.016080984353853855,0.023941920415349927,0.01638875303910914,0.012287051190301934,0.03700780376701007,0.012641985519181942,0.0272521448226013,0.054644726968030355,-0.02236532828648019,0.01589080742483806,0.016345292660030042,-0.008229113337422822,0.00633529097811536,-0.007395058273800936,0.017797994527525507,0.014108616306084176
2018-12-10,0.027044550238278786,-0.011343941516350764,-0.008662316302205597,0.008699014288534812,-0.00674842239929796,-0.0032391415438461912,0.03241699378568286,-0.0007554893441299448,0.016614163927336945,,0.028730403303280028,-0.01087684842162795,0.008445150371045429,0.019312746531873204,0.01492188288309837,0.0038137553370858335,0.004462784836475775,0.0021296416039393584,-0.0028043468268882377,-0.008859413759935153,0.012896141843434128,0.04416505497928713,0.008530435485913035,0.007270227539176721,-0.0027422406919188624,0.01267474759355891,0.021906308264959762,0.007450152586325531,0.007997830289798946,-0.0009401518799123654
2018-12-17,-0.09404402571543369,-0.041262144481173935,-0.034626469723863185,-0.044744328968237546,-0.06125154709622038,-0.04072276958819443,-0.03174052860492205,-0.032520347547987716,-0.046164918346952244,,-0.026390932428059344,-0.0276040418311867,-0.03393923407310673,-0.05801466156632762,-0.03363782540104232,-0.03733082812558153,-0.04729820363274495,-0.024861938115091853,-0.04933534404452189,-0.0393402263780529,-0.052382554052003094,-0.12074698074532286,-0.12533643023037577,-0.022200071950758238,-0.07159203216738919,-0.05835875700608317,-0.056291753202222794,-0.04732722272671297,-0.03926853823419185,-0.042152855016683644
2018-12-24,-0.012456485347078106,-0.032220763733879054,-0.029877561584984003,-0.022242512120053348,-0.012830568924936614,-0.02964241262109335,-0.013041981616462528,-0.03517684838743218,-0.04352157921263733,,-0.021765303993125373,-0.034546524738889306,-0.017679805142829186,0.01868983867898044,-0.014638030305505145,-0.030027334008858264,-0.019986457365367305,-0.025060022963868,0.001882412789328436,-0.00798345979223114,-0.021881072189938178,0.037893091425369674,0.05010980714543356,-0.046527610601601266,-0.0017603046961971458,-0.02116709791579474,-0.04069037261972497,-0.025282888154939287,-0.03401464354853312,-0.03241622658752419
2018-12-31,0.025928469656534947,-0.00784805508302,-0.005389660259840334,-0.0172620928116205,-0.0025550058661177877,0.00032726769041513393,0.02428585265155614,-0.010532775534909722,0.0009151370211120113,,-0.014332648355005695,-0.001089570947846119,-0.00870896203246918,0.03189087613837582,-0.00807125827994204,-0.011321410459356862,-0.008968569214679145,-0.002682165035633788,-0.0024157155848288925,-0.0010998330373943599,0.00235449808972521,0.010875408406282316,0.021347865285366474,-0.005982281642702758,0.018342070871892435,0.0007793122126280583,0.04715670131282179,0.017292248590302428,-0.010867825742023496,-0.0076197261557207074
2019-01-07,0.051229353341045725,0.0057530183715024386,0.0148630268812453,0.013616753777753177,0.009466519786797356,0.002290499856368422,0.024407131234073454,0.01801435586612654,-0.008099423539105421,,-0.03268245356475108,0.0170015108439856,-0.008902290540636959,0.01540565757151291,0.012028468036288764,0.010377390880111692,0.029645818363803977,0.026221634469913102,0.032284166366827405,0.01843154787066492,0.033281306733011995,0.03227453913709977,-0.279098293597149,0.00035398418221066486,0.02182193997720261,0.009927942198564521,0.032590928279375264,0.04249650876398903,0.0172867784334787,0.01628872726765218
2019-01-14,0.01039636595392568,0.023593286900018162,0.02578179445787132,0.02216516248351419,0.021734308915650757,0.03841098605846649,0.00204237035420185,0.023125092673804692,0.007638845017794438,,-0.015461649664475163,0.010012499563034849,0.011700690520751289,-0.07484838189874898,0.0054764864921375,0.003364697656097926,0.025458334895288592,0.006333176181758882,0.013031339019893062,0.0021624290826589565,0.009852001634608198,0.0009924549929181126,-0.5889710171862399,0.01061698518397014,0.01932203556036427,0.0011566192770287032,-0.012186428078035716,0.013087263999909782,0.020448998190256917,0.02860628750497818
2019-01-21,0.021221963519604037,0.0034925105487957353,0.010410735585654862,0.009331187991552303,0.007126792894779799,-0.006287048695922004,0.011888640352096136,-0.0013759373806075947,-0.007319484590613934,,0.0056711564693880945,0.010178903470477119,0.002920549619122914,0.010021850705895563,0.009387020371513843,0.002117818335124255,-0.005763157663302487,0.007595575134283106,-0.002058534535885781,-0.010733139917734169,-0.010881621179617107,0.014625650334134876,0.6279391918399113,0.014824335106310205,0.019953152512957706,0.013669439566931452,0.0038164059973064823,0.005929409819032783,0.0025405402664897547,-0.0031557071563403927
2019-01-28,0.05037771172051886,0.02459412676770345,0.01339387972045225,0.03007784687791859,0.02079988120153109,0.02520291943665165,0.03423952984503953,0.01909070118211198,0.009611569048313173,,0.026171354964769744,0.028301084843435076,0.022481034261207178,0.020927366569394756,0.019862160187674283,0.007749407018730281,0.027645832648468538,0.022183888841530885,-0.00025765191256721387,0.020780863400134963,0.01631249912842292,-0.003176345542470038,0.11129987157532506,0.008166674760817783,0.015650627464274702,0.03532763885727097,0.03227222651184958,0.02084219262538034,0.024915477896389815,0.031657841368663675
2019-02-04,0.04113021117589066,0.027496790261857473,0.023529693798528095,0.011503079175944286,0.02657267482881287,0.007714401748285971,0.0012982404875707676,0.03026656350475987,0.029342573350751966,,0.029307961471898958,0.010224776875564556,0.02870836335944671,0.026329765698109853,0.022402512208990588,0.015379070768072323,0.013161735327708923,0.005478132735438956,0.018308480088926382,0.029186802741435702,-0.007838792557074092,0.026011536250451828,0.08562690016031116,0.02839945782434783,0.004494387065823391,0.02513309579157541,0.010021427996292687,0.012992361317317513,0.026232889905121626,0.025700198936269736
2019-02-11,-0.017421687974458977,-0.0004446559400065331,-0.0112106618861475,-0.0009220018818538733,0.0079560525562139,-0.009390563977686894,0.0012966291236744532,-0.00339945410563558,-0.005320736813226201,,0.0028747832370175086,0.010543187607001236,-0.03089723142023637,0.04166663277588145,-0.010570442802319335,0.011531930420133785,0.0021411708182230704,0.011315982889440246,0.012476562012971648,0.005627860851042499,0.02652659472563279,0.015060471419640065,0.09014079585524959,0.006489385410660686,-0.026526169845516256,0.00787386064545803,-0.02255772378309595,-0.011400400157188906,-0.0033460300839980306,-0.0003738659099381536
2019-02-18,0.036052234343161293,0.015562833952295074,0.03587832889854092,0.030906946701510396,0.029882752117336153,0.025038561081631272,0.016510236307746284,0.02709866558935925,0.05561815958786798,,0.024433540737001547,0.032635061748171434,0.03817931738271918,0.01504115827233643,0.04282800168351719,-0.055810836862932534,0.0014243551572710178,0.009946327530527155,0.028542507188786148,0.02222370092530923,-0.0162481671705742,-0.005651855606005229,0.21253243023150659,0.036238132755116226,0.038739514120792684,0.017400637557159593,0.027936883028949255,0.050079123879175125,0.037294749518476555,0.033857015361860254
2019-02-25,-0.001711303677801146,0.004159083347822223,-0.01731792040252511,-0.003915775561551094,0.004555290958049074,-0.0005371507027865929,-0.030223105382465087,-0.0018450119015851474,0.006820779489830953,,-0.003464279294397743,-0.006627809893613668,-0.004226606523658694,-0.0016282431490280969,0.005173861199153862,-0.008289559679143355,-0.007965713487900206,0.0034440297259099584,0.00442041905322732,-0.003029867523075769,0.010135355682652447,-0.00047367377885820794,-0.04581787132559356,-0.00472012118577303,0.019595371741241152,0.034031597793599655,0.023463867676295935,-0.0077426743896452654,-0.007958933104035615,-0.006332628612258806
2019-03-04,0.011428122762276782,0.008284481866682292,0.010855890751245267,0.006756852289928839,0.010745244727767611,0.012740378164100896,-0.004640303308435345,0.009981658013434203,0.014033771403905826,,0.025230362008524354,0.0024408820265005016,0.0074835140357329966,0.012069774969735603,-0.008150009012146575,0.021947455299055507,-0.0008605429986201507,0.00494441394455114,-0.00024461742705217393,0.012803948530683895,0.01895202710177224,-0.017535806605936344,0.0826353489449545,0.00409591948308341,-0.008679414418817255,-0.006244918382582565,0.008576425693844758,0.018407470398229764,0.012757930038121312,0.013656250730287312
2019-03-11,0.03446349795288062,0.024864939781904738,0.018688749279027084,0.022696666148062095,0.03199064557358611,0.01347818709403592,0.0259740411762166,0.016288389170562967,0.01216872338589714,,0.017298177775415535,0.006331011999439307,0.004989005985161832,0.03013697086601641,0.023462290057087998,0.03425398968776072,0.037378509248590985,0.025010479818160514,0.008315068319597607,0.0134605549553386,0.017140671376225658,0.012301163776328838,0.013408988773334185,0.032095302105918044,0.03699984358481001,0.02256020863865582,0.01897009931341187,0.018860401117894998,0.024415848928506234,0.014909298484413025
2019-03-18,-0.013653538430579149,0.00316443704042757,0.016373494984277315,0.015869218363912196,0.009167468144854363,0.012806697354044383,-0.0029212902423472187,0.001980809500579106,0.0008252626763121107,,-0.019730011514540347,0.01505210771191745,0.00055132065752872,0.012046245378810161,0.015423299871898388,0.005722245287607786,-0.0005577603274750098,0.00559992654103092,0.01309744536598223,0.014065868667753056,0.02581578264799833,0.012389615603936699,-0.011704836384900386,0.00592824851152729,-0.01679902047087356,-0.0016742653365232618,0.011635293118765988,0.0003856384452745054,0.005704655492027921,0.017361858522234597
2019-03-25,0.0011069623776434057,-0.008832659080543537,-0.0027115595843749674,-0.016325725405328728,-0.02360008485542031,0.0011672470283961012,-0.0006509504541741817,-0.0017971046106616262,-0.0011778063909719805,,0.01509535528763406,-0.001200897565956982,-0.007717611012565073,-0.04281956847137114,-0.005097509958554625,0.0008619552448723145,-0.010322357351477573,-0.0029833082114943954,-0.003830586890826271,-0.003145451383165687,0.0017475654327834267,-0.00023533198716219061,-0.08341917261350584,-0.01178652680063863,-0.013979595752179552,-0.0036893500350351216,0.014033117375207071,-0.0038550765716393043,-0.0031515472901274544,-0.015069274987658421
2019-04-01,0.010509104755623389,-0.008275043903897217,-0.015771752666116412,-0.0021494688758065816,0.006330281330600318,-0.013601506002824726,0.005537398605606425,-0.007742091807736551,0.0,,0.010566385719235072,-0.006092928382489204,0.005889009586903526,0.04084557815162526,-0.012130380297300958,-0.012575273020530298,0.0018322462038986576,-0.004588369444136209,-0.01538082219434278,-0.016759662786418716,-0.013956602782792427,-0.009651611066370358,0.08820235097196649,-0.00983498813723549,0.012917582096645175,0.004881325266119063,0.01891028896008029,-0.0005802930367706516,-0.010874872031033767,-0.008895115966071288
2019-04-08,-0.013683671882356196,0.0014975584494265615,-0.0056639672651347395,0.006940435895998576,-0.0072435372173528245,-0.003348556780292,-0.00971816336967879,-0.002358941315007801,-0.0030655648417048376,,-0.013295618814265775,0.0035491093219401915,-0.000884020016475473,0.05169960780254934,0.00815063913998193,0.0069784764624851725,-0.005627369900242485,-0.004007722102550515,0.00976323605020557,0.004050970969112555,-0.006723437432430979,0.004753943020772811,0.19153322801100914,0.007079531007982087,-0.00902041956617361,0.003182356446202572,0.012554448271687946,0.016456537975165775,-0.005113941938779454,0.0028719054050148074
2019-04-15,-0.016648190569620303,-0.01773127387664608,-0.020838830045029177,-0.013547240695467866,0.005184480927887591,-0.019863967911420533,-0.009159244656436472,-0.02128043312352934,-0.011117681743384233,,-0.01988505881630176,-0.009725070024752647,-0.01448253428352142,-0.06018168745664887,-0.018689518423894436,-0.01992373593236174,-0.010186776588652302,-0.006036120615175444,-0.021030094839083024,-0.00780717712673118,-0.018168991982516314,-0.0300450158619604,-0.09012133306454584,-0.013010260633743664,-0.02793468314527847,-0.017031001240902066,-0.01879085262324176,-0.01028539841470344,-0.019660820898560694,-0.021299561219337848
2019-04-22,-0.014672523865043696,0.021748499255791698,0.024120124548622,0.02047932142797948,0.020821268229275436,0.018149010529558085,0.005942374913251003,0.020256315879705555,0.016265897319343026,,0.024960159010754435,0.009171250589483204,0.013237208156245517,0.007449838714258528,0.01786848107042638,0.010429463463045074,0.015151644005660714,0.021659616620669953,0.024197629506690355,0.012410217041711302,0.011611247833936078,-0.0019510745627252524,0.11476196590901755,0.010842825124038002,-0.006134824119749638,0.0011888165748541457,0.005023037588941959,0.011162436555469668,0.01769590539788668,0.02267754684953993
2019-04-29,-0.030354998602665106,0.005108739227706716,0.010667777446501603,0.00849948413995727,0.004677991788384572,0.01940968997302539,0.022317152863336354,0.006557416737770438,0.012474735194037745,,0.0,0.0070773289966024056,-0.001771329459371751,-0.04672780312861846,0.01576798015428227,0.007697707703498757,0.01492531200540137,-0.011689936310126714,0.02459050303581578,0.003651372756146465,-0.0007174737409989529,-0.03616824963029852,-0.08201626887411051,-0.010200525406896865,0.014294778406114927,0.0050900438601808595,-0.004685661485812842,0.013323095680553454,0.008629377812655381,0.011802522356040734
2019-05-06,-0.032468131998273475,0.006760061542236739,0.0046605592266715234,-0.009013249330218631,0.008288515707974842,-0.009908737674795276,-0.04783306268598775,0.013757689027885878,-0.008485304857473674,,-0.029040292430489556,0.006069322428325252,-0.024068445590572307,-0.02310581441078874,-0.0031043969796779036,0.009027690077108685,-0.0044395606491920425,-0.011026518114238049,-0.008705860816584754,-0.003378137077765908,0.015179234511540907,-0.05331119477704027,-0.13448113410708873,0.014306777691734718,-0.005765378790211884,0.0011816950595617826,0.013809339448424662,0.002441676574376883,0.011493034737249719,0.011134746576478172
2019-05-13,0.005538602483640576,0.019500010557365943,0.01937515899446729,0.02223618722889409,0.03971148673362901,0.0072607955515351374,0.003708919554867407,0.014920004286272048,0.01922645738119133,,0.013948438521316664,0.011668469216688626,-0.00897827184211386,0.013008803962787141,0.02586737787636495,0.009979521414231751,0.02466582142963314,-0.007095109517220144,0.01716478188412962,0.03765105386002454,0.007478667650928195,-0.04636802244378013,-0.08494623302871918,0.014147081504789938,-0.040270727217118885,0.01888374413259375,0.009596658409983805,0.008431891871373498,0.021335612355562583,0.017479420193279527
2019-05-20,0.009791895116745941,0.012889700448154073,0.008967989135199694,0.0284218176377784,0.014727163807431776,0.0014610237023948702,-0.0031242276422044357,0.013815031164236657,0.022597484899826048,,0.02804258725525166,0.01051404128344302,0.029471048420080637,0.015510242428153465,0.011237103736946752,0.01209527294909818,0.01835972591133328,0.01926860685740328,0.009182868676105516,0.02206253141040415,0.007776392675663768,-0.00140563746037492,0.1063454732096154,0.006350292688308112,0.033903958291224834,0.012079951991326388,0.029896736687421432,0.021563497410812538,0.02630951138981552,0.013399911192536695
2019-05-27,-0.042424120257619324,-0.025862080562222056,-0.02706271872968946,-0.02457820984219461,-0.005893229066433636,-0.004768923646837453,-0.03232383728182664,-0.01974154384062532,-0.020875740955998534,,-0.03268153450860445,-0.025778505994897283,-0.0360321971115759,-0.024963121160071045,-0.019396044253125688,-0.0213767276315886,-0.006682183523856855,-0.0298629718611787,-0.03779749958260781,-0.02537244462479482,-0.023149706669106873,-0.04193612976325334,-0.09187463013729724,-0.028550734670979572,-0.03376608324051289,-0.03924117355923751,-0.02158566207913748,-0.01563925248491249,-0.02257016102857834,-0.02797115783664539
2019-06-03,0.05696208079309062,0.03244857664165379,0.034633341006787166,0.039712027753645796,0.02893277308233433,0.023674117777892967,0.013361519326204663,0.02994130174573506,0.02329072173556801,,0.008113964965508424,0.024786885629596522,0.016703734506727352,0.05507841923021828,0.03636553957435118,0.04872236816918063,0.033315123167478644,0.0388934354192878,0.04364705446880901,0.037699041611159556,0.024775736762335132,0.020270103676604423,0.19649108709784513,0.0401450609192755,0.04233859584894151,0.021272806098955988,0.023126911537293404,0.02261678134595857,0.029919228255817387,0.036449652516164166
2019-06-10,0.023353401996583978,0.02040813050945567,0.010938063640536955,0.011615090253534799,0.01702652393797477,0.007484513292059347,0.027758736275019125,0.016611771412661236,0.002604482496549654,,0.02358623218815481,0.007466320031824791,0.009535773118435342,-0.051085457480995355,0.014314067550737608,0.0031414288656972378,0.014547962989297725,0.017016956875719913,0.02160755165680306,0.01257420397126574,0.007357894582757041,0.0014398493261689183,-0.09677417549509848,-0.002047762798588315,0.0273227234171054,0.02379747650628783,0.024313935974178635,0.017181547403904318,0.016272816753759134,0.010095944219563169
2019-06-17,-0.01930985125795559,-0.0008001001086374027,0.016003264485901614,0.010708829360927652,-0.0016912421157259105,0.02352633336186627,0.010128099747238162,0.006808649257752819,0.007567399071418457,,0.022045315958880707,0.01959660179833067,0.018891506544830294,0.10043744154550183,0.02175623882453892,0.009395144775310227,-0.00012931678123750956,-0.00787403895789196,-0.006595071925056484,0.0028506908605676617,0.021217586325741777,0.011213292925734253,0.24242422990677492,0.0014361575144532512,0.009539049499026175,0.0014764591224671886,0.023809310649230753,0.011141150167374159,0.013165820773759496,0.03217723427471442
2019-06-24,0.0,-0.017614198263977143,-0.030212775478639875,-0.038667515717044854,-0.01753189931242982,-0.01768105312790036,-0.04311503698871899,-0.020963767375546727,-0.017150717341977595,,-0.013146030272793152,-0.024636149732382484,-0.014408592451983115,0.030576490545707324,-0.012756506307237014,-0.017798947288912625,-0.021188536483975895,-0.04880940266864342,-0.019917616438931196,-0.012960567942374546,-0.019073708895811392,-0.001421710082548877,-0.001742091929989198,-0.0361606193457219,-0.023307153087453458,-0.03652745363470944,-0.025524491191149634,-0.017593903349382156,-0.023999144271893313,-0.03331173270493604
2019-07-01,0.02147993317837038,0.017726424739099134,0.017840179212177176,0.020792870714611,0.016896571333838484,0.01468357764537731,0.028292232437599374,0.013987108696348116,0.012887809822284435,,0.007501527515583861,0.023381422356290926,0.016319129175002223,-0.0034122524732288495,0.0136986253331155,0.022942641300109035,0.016235637875986253,0.026282908785326464,0.021489883136111665,0.015864333909568318,0.022569461055112372,0.027619337026233648,-0.04930191801334538,0.012753804616555842,0.0,0.012750580884642648,0.00683949726609967,0.019536984679480396,0.019791654006171777,0.02017146109857304
2019-07-08,-0.002336521521897117,-0.0020020774790339146,-0.0037932500538493397,0.004563804605463462,-0.011274944144765597,-0.006068398581561607,-0.01936149016176336,-0.0023840083414783386,0.0016889507003283732,,-0.005134849487354209,-0.0035912187216241565,-0.010927658926557116,0.061112967525713824,-0.00450435880302813,-0.006338221377389597,0.007143607271060892,-0.0028458090417875503,-0.007317152686046602,0.0029791441277733366,-0.003735309521813557,-0.0027707534019680846,-0.10968338736562289,-0.018679868153048007,-0.02418561757094362,0.01645130860402566,0.025274641256028074,-0.012242994605793589,0.005292808458794651,0.001812456106196736
2019-07-15,0.008196594666419532,0.001604927656424282,-0.002363224263824404,0.0003323692023911029,-0.014147288079125464,0.007608306444676138,-0.007966823479440888,-0.0054626073321851765,-0.019334594839139796,,-0.00838731621800859,-0.012346781994742706,-0.002818532794566342,-0.006653596847491339,0.016655146746065608,-0.005724703987277313,-0.009930316478901746,-0.03037068924952846,0.0018428248156938665,0.004791017564991229,-0.004771338251428836,-0.023617300620078052,-0.08298960583793402,0.0008555734385464753,-0.0029744089525510775,-0.006110702215657016,0.0011437281990283044,-0.007184998186092972,0.009827857905941872,-0.0004933730398473113
2019-07-22,-0.016260103393651026,-0.002804013599417843,0.008028306042403344,-0.014731917164717223,0.0009566632204947023,0.00801708303520865,0.005586715257721364,0.007380640557238083,-0.010316384615964402,,-0.02212080605742961,0.004503278451707171,-0.017410713266764688,0.011115879388783778,-0.01808693318908705,-0.0011513107078564566,-0.006903745922454019,-0.036788042882702765,0.013106251486220577,-0.002670109445145341,0.010273802936435539,-0.0193515468472083,0.051152331685812014,-0.016775597302024936,0.004971800075156185,-0.010634541313815693,0.00149950008291877,0.00850360709716802,0.004055079531862793,-0.0042784382630516316
2019-07-29,-0.006493484756996404,0.00682865743992922,-0.011098128342546976,-0.0028106241573091495,0.019115335156400626,0.013872382276186146,0.018402732396898713,0.00017036804750603096,-0.0024320919287348364,,0.011576899546045682,-0.005487996647038029,0.013922347892927345,0.03946459843346872,0.029221843901613642,0.0018115528142341741,0.006033547945180295,-0.023352258580547236,0.004312337323660431,0.010709032068255464,0.0071186783613406135,0.008125397296836923,-0.005347638333912608,0.005107822216729341,-0.02176772668543947,-0.044844065508871545,-0.032653642927480186,0.02906350994611806,-0.0011538429360409275,-0.011403109916928722
2019-08-05,-0.06741660396742977,0.03445201262999609,0.012542887125854163,0.014318081099994107,0.027794682528317294,-0.00976016763773635,-0.0583020197885481,0.034402714300253434,0.013119738728438746,,-0.01552268300834736,0.005518280954413202,0.018497486883537695,0.008542389793314342,0.006652786330966887,0.026302648797831285,0.02255550917344684,0.010055843255748487,-0.0011299147068235538,0.023981494846964102,-0.03187553904461271,-0.01613488231899507,-0.02580636092522326,0.0075479437699297325,-0.009440209931669052,0.014946600467313553,0.014740432307399853,0.016910837289616287,0.03823927670472438,0.03259795431282697
2019-08-12,-0.023763641704617977,0.0027189390492561305,-0.0006517021376100107,0.010433756738335687,0.03481173822882888,0.01731773410108528,0.009051398444289482,0.014588897539288714,-0.0006876012214340754,,0.0269911013676154,-0.0006182184685242786,0.00022268923114543426,-0.025275715757670625,0.025138091126577722,0.03235595876143482,0.002677433822823927,-0.0015486875151105028,0.01978057741758632,0.004850497888654992,0.029751338736074828,0.03865333290426265,-0.21192060792006062,0.018174124138685244,0.0010210332693600943,0.006583189934465494,0.00871594553636279,-0.01457222533646596,0.006342679247634209,0.00048548498820633057
2019-08-19,-0.0269737326245042,0.0001935152640100135,-0.017093222906322647,-0.0072038012899967585,-0.01135091667141408,-0.016389139654435114,-0.005921637835777704,0.006209065410279102,0.0051790997289435925,,-0.011969817898124124,-0.006961233001560707,0.021676801643403687,-0.005379382383029485,0.005952588725093744,0.000620990745099359,0.006739469134392939,0.0024546880525657677,0.006938032346770706,0.020089133643032442,-0.013596060813406363,-0.01268705197146558,-0.22689072878791583,0.00021218743943762775,0.0013598826162870559,0.0058520551645702135,0.0009360373511828612,0.014392587414460811,0.030529017547119786,0.010517898367215395
2019-08-26,0.0365113002459998,0.0156859015659101,0.024160556264701816,0.017526268451362848,0.03672349240957695,0.0195425706009984,0.009846826961633859,0.023871438372163434,0.022897041007105656,,0.022254271396082048,0.009891907158824376,0.022041025825739302,0.002218839133712791,0.02731263883269719,0.007908283384356674,0.012125943313748833,0.0530302648958445,0.022449699166112724,-0.01270838124809437,0.018263198803293967,0.039406097804039586,-0.053442044878301065,0.012428277914164232,0.003395647889090858,0.03473668469304303,0.018847689546168445,0.010055253751405147,0.03434475746740073,0.028342621061922868
2019-09-02,-0.0013046233401123875,-0.003622780530997627,-0.012443057648389821,-0.000658505600211301,-0.012723855827265207,-0.010341980429143582,0.029252437197610393,-0.004599411034591494,0.025196956713979368,,-0.01623073100320349,-0.0060157131690231624,0.0109985606423042,-0.01784960027426774,0.006292304169476015,-0.008744060133412224,0.027704997642873597,0.01819716975115071,0.01478250123749758,0.010477189974890999,-0.007445058788632997,0.03681318341553452,-0.024880409163742567,-0.015738232665635565,0.00812191197807155,-0.000826868949456161,0.0026123776532327447,0.02437368859879996,-0.027566006585707514,0.009031520289267903
2019-09-09,0.031352003850585675,-0.011672339048550695,0.005381130195762696,0.0049403941585692834,-0.03564042468331163,0.005866551478066251,0.047368344699930676,-0.02374121371257021,-0.014592945011962066,,0.04021716223534688,-0.003491729438468427,0.0014931265343400835,0.013383952164459867,-0.0002643482393698271,0.003908755350544135,0.00036425300877973577,-0.017664028264606113,0.01478151252324067,-0.00749527332824329,-0.009887366413839471,0.020137718469786403,0.09715414227696706,-0.007781321801747176,0.036589469527947394,0.014119693390569843,-0.002112554293933422,0.007540069795457738,-0.021153206251215417,-0.033796282423648294
2019-09-16,0.01899938655964095,0.02962266116107881,0.03841466894158074,0.017915602886743764,0.013281642000061877,0.029618004992698843,0.016080410927883815,0.030031007743206883,0.02883872868809423,,0.029546745529074325,0.037643053818732675,0.014589940018813197,0.011260796855557365,0.01488717463269329,0.028032961227504316,0.010682068207989115,0.024962880699921586,0.00042197658667841864,0.0330905948958935,0.015151464479415733,0.014805003675801842,0.038461433416105306,0.043940765391604186,0.04032960084773274,0.016447313126217944,0.003669706681630691,0.016298132772324614,0.027863196490667264,0.038754745930472456
2019-09-23,0.013673004301286928,0.015983485928384722,0.01214573757849391,0.010946532663736797,0.011479302227744403,0.009471079850185582,-0.010880451141592196,0.014260848194676878,0.024025809200520554,,0.0018552389053505536,0.0015119416673170516,0.010391434128262267,0.0431675985156279,0.019876790859204796,0.008331987137479624,0.03160209079630283,0.002682921968572227,0.021945704481324935,0.024543618954694812,0.018656654954422924,0.009470410051946265,-0.12833757575812366,0.002469719363436651,-0.002525410933094774,0.002912842250194503,0.030115538342135872,0.010800152701406773,0.012486610309103474,0.011451502652350953
2019-09-30,-0.017167277219106936,0.00592255710578371,-0.005874968890861254,-0.0062631113894591195,0.012395328302156505,-0.007979161524943379,-0.024999869002400477,0.014216460011636789,-0.005072863775172687,,0.008766738285461484,-0.0018872104497462683,0.009453641326957918,0.004240110695637123,0.010808580009951996,-0.008263138771520073,0.0031637993302586764,-0.0026757431584700786,-0.004129752769345685,0.010075379571211851,-0.013319956877615335,-0.007099621530326283,0.07411063382976901,-0.0018477261575079451,-0.021202454081261646,0.004840161181186353,0.01903356598791084,0.004532975591991617,0.012754486471752147,-0.011168857815087252
2019-10-07,-0.0012475854056464009,-0.02428702793139126,-0.031183216274592307,-0.01356725489092736,-0.01661626718035547,-0.015732833039983518,-0.033504092462004365,-0.01601981113410289,-0.02039501060408866,,0.002448022000006267,-0.017770412895966037,-0.012349525891109492,-0.05635684925868445,-0.012966218168163013,-0.031207292148206833,-0.00046715755447079843,-0.019401569729399326,-0.007049457660103564,-0.01733802260900774,-0.016537293032417577,0.0005109995066949757,-0.26218943957616725,-0.018204259746678497,0.016165689253870852,0.0011238480557429487,-0.011818013829139495,-0.00854137912718922,-0.023626264547615183,-0.020114555945289103
2019-10-14,0.02311047824701218,-0.0009429319210679799,-0.005580986796386411,0.019493490984478612,-0.01034846413606938,0.0021552744725938933,0.013087885585890024,0.002035229874363109,-0.007915698374043156,,0.003174534739926349,-0.01963203022307658,-0.0064603772014176775,-0.011355529867987602,0.007847799892970242,-0.010007910181061619,0.0003505319194874179,-0.05977684784868009,0.010231910721749449,0.012808107085139131,-0.03980794116675712,0.024757413284000274,-0.03241898466250004,-0.01623733595421617,0.01908991102178237,-0.0009624298277035592,0.0050861382449174375,-0.0061769993580854665,-0.009060826285489543,0.010737588447998991
2019-10-21,0.025640998546668792,0.003775123750721532,-0.00039156684432906097,0.0022305328433478433,-0.010619870967189415,0.006272400276440271,0.03142453254291677,-0.005624174780865299,0.02000200515972317,,-0.0032863321414116076,0.006832074968345037,0.0008390419991366471,-0.06338629638832527,0.017943110634415893,0.003001142236316978,-0.003387897276305729,0.027311418059926318,-0.007648148716904002,0.018926471552274338,0.002144482454277563,0.016438387485447237,-0.35567012591098435,0.00308813274007691,0.0371525976244651,0.009793099500081448,-0.015455025633437924,0.003434689114366618,0.0089284072301401,-0.005780450265448378
2019-10-28,0.04226190108239414,-0.0028206535536514643,0.01005396611698317,-0.00837306982190289,0.013788952404139687,-0.00534289543258315,-0.017603084195531693,-0.0048703393197991884,-0.0235749461763044,,0.016852017746850523,-0.009437639929817276,-0.01100267084859241,-0.007115737336877981,-0.0050717531291544216,0.00535436239890652,-0.029539009235265312,-0.011985183103105146,0.007290363596319516,-0.004939084063659505,-0.013908756654498866,-0.0029404121248930437,0.28599992061002033,-0.00753729106809764,0.011138167916364683,0.0014309158431144997,0.023060250525473558,0.014832953405718774,-0.0027721501840882734,-0.008485091355263763
2019-11-04,0.015508134511412752,-0.01882517849113874,-0.045889688931384565,-0.047990564203301056,-0.052777233909914845,-0.03921219031068046,-0.008270199167303538,-0.05321395411706109,-0.035118504024105546,,-0.035907553347995,-0.0512600289919255,-0.04693825684562736,0.010978935376176002,-0.03977954782795423,-0.012218104682409137,-0.040826431561510446,-0.01389505277339309,-0.03660039287325734,-0.05782537102699703,-0.03779975759069776,-0.05460051191640647,0.007776115542392326,-0.06819203114170991,0.003870183000555416,-0.024766048058061263,-0.035100787838168834,-0.016061588633926482,-0.06094288355935917,-0.04786072408151809
2019-11-11,0.045918554824240676,0.02321989516791012,0.03807067123700425,0.01321208998470147,0.021001724391101817,0.020219948394097687,-0.11466302372030357,0.021640906833211293,-0.002160941151229445,,0.02279531993503081,0.027803412711898456,-0.015230232924780873,0.05731509515345912,0.02392092679302804,0.026800005416892647,0.023422684448644704,0.006933671004744735,0.017832373330430862,0.04205681630646452,0.003407797688239622,0.035380100655271196,0.1450616943084675,0.014122078108277147,0.005634355418282944,-0.008790368262773351,0.028215553210793498,0.015344420442847895,0.0027325203815133925,0.013149036752275967
2019-11-18,0.02059626769063816,0.009644187004642868,-0.021795692898887165,0.022108264299369296,0.006765823139740057,-0.019819205089966485,-0.02864999162478632,0.014121313580441663,-0.00917426335852256,,0.013762256438152543,-0.003229878251566176,-0.005642648393945238,0.016404991809805702,-0.008482409804099422,-0.004787800592666147,0.011812441308476807,-0.0049886738845204,0.006377677276708793,0.008469637551646203,-0.005282895747538929,-0.01080374652804783,-0.014824794117406892,-0.004680053806159767,-0.002653926725530442,-0.008047322917805744,0.003216520806156753,0.021241749201677873,0.012072464346471357,0.00640705277411846
2019-11-25,0.004248204087964558,-0.00730474350712107,-0.008272157053251239,-0.002075649740656549,0.016716921847883315,0.001978157788419699,0.003731054996845229,-0.007448093708546488,0.008121574868132253,,-0.0015618793849960788,0.012151499946457589,0.011820284914662471,-0.030175279556252432,0.005789705312305937,-0.01815637593513153,0.00498613874785625,-0.0006753815480869951,0.007393105328946881,0.0018853479427445308,0.0034140949847059066,0.009143646148903395,0.020519878073032904,0.002178944857095466,0.006209133653136023,-0.018046378645201644,0.004570184983677894,-0.014310598444180922,0.001355241117548145,0.003754690375300962
2019-12-02,-0.01004745647439631,0.0020756440126612485,0.011569853583141665,0.01138475869949307,0.013550589500914478,-0.004113525190088785,0.018729822046103628,0.0026100601351028985,-0.0011509945202142768,,-0.0253881049937984,0.002321214916657599,0.01803310769367439,0.03285091258820971,0.014606330558840641,0.004818600754321389,-0.01742481651318717,0.010360314427820816,0.01446834227241367,0.007800177553474841,0.013232662005216556,-0.03171395653636766,0.29356564892531223,-0.013617059568439949,0.00999143841851624,-0.011802452006102082,-0.009710204736500083,0.002419763691467569,0.00473789651201173,0.008294118339170486
2019-12-09,0.010683607076328983,-0.0033893624079912588,-0.002261002447634275,-0.0036799634694755223,-0.02828726221172495,0.004975493442420653,0.03677042056619495,-0.007647192552005855,0.011982993854628976,,0.009788739618177944,-0.0029545293801950256,0.0037879966686042987,0.018495250656876072,0.0017784063053378762,-0.004915120305075127,0.001723744166342911,-0.02318289998807377,-0.008888020556010678,0.010921804077750563,0.0029849813984397233,0.023395110634765404,0.16476683989057772,-0.0006960092450085664,0.03695063412209443,-0.0010236931248676084,0.02015913287878779,-0.02220801540750006,0.001235159864852342,0.004193309985844218
2019-12-16,0.047040469887401626,0.03816379822383631,0.027446688822416077,0.030961194902799694,0.029530153308944485,0.04866899244561673,0.0304549976634505,0.034595729416439625,0.03187970385750338,,0.017804415788851724,0.04854696007156245,0.005771456119587626,0.034392696358998665,0.015807010261138288,0.021669913589334344,0.03995595389824258,0.037197328785297135,0.018143953259569967,0.024309023254373674,0.0327380539955926,0.03174965195334045,-0.022242010027487824,0.04701656099783236,0.017558349657195604,0.010150017686077595,0.017475687409213903,0.0510203606751547,0.04115255093702319,0.030356736860023714
2019-12-23,0.008581307845791919,-0.011101022330099575,-0.003526009768216265,-0.0074815086922292995,0.0019557091394559745,-0.01897397916743826,0.006734063853143457,-0.00887478882977455,-0.007613180988935708,,-0.0038873252862638985,-0.007546677398427848,0.0038621653202215445,0.00039899099257811876,-0.0025794854500771347,-0.0007799578705151022,0.0032290569698274485,-0.0008800517968325927,-0.008807915481238493,-0.0008240400085063326,-0.016930684129053408,-0.03421960759107756,-0.0500454832647893,-0.01485760393133928,-0.008651796470650508,-0.0015339738630483213,-0.003369084158161395,-0.00626353986116146,-0.005815766901463348,-0.016056144142252426
2019-12-30,-0.009008998363396858,-0.009937374982901481,-0.002883190571769445,-0.008811756495511913,-0.016102858668825326,0.008898644478443574,-0.004459240895841821,-0.0036775661677074245,-0.014565596138133463,,-0.002926871666938502,0.001008821520995573,-0.006265621721690873,-0.005849676645370949,-0.009427604540883427,-0.0088963832520782,-0.017315031847016327,0.003523307880761717,-0.019218607845107982,-0.009030655666187548,0.004030554169885292,-0.02625512410266373,0.012452120586840643,0.0015756523136190026,-0.003941450074815389,0.0020484906859679075,-0.007946523117758342,-0.014182270323182089,-0.011591450439271012,-0.0005478591091947482
2020-01-06,0.019191872218375705,0.023605783913235978,0.01222363591252651,0.010496918707459724,0.013060009138851303,0.002520229193991863,-0.018290352229380025,0.012036561323361283,-0.012862321718714598,,0.003791447598401332,-0.0005427191484823624,0.0004424389244510607,0.018264851696752515,0.015834009915766778,0.015905626444131737,0.01870656544347482,0.015141676887031386,0.003792343682642141,0.013440533207907057,0.0087591721848983,-0.02329862217117229,-0.035004753428801494,0.017642462154854988,0.001695683067863607,-0.006814268400184509,0.013535246218735697,0.017583256446644047,0.01424815939468238,-0.0006380630298689072
2020-01-13,0.015857526251856324,0.03795171682164877,0.035580030147510655,0.044731685598178306,0.06429524849042711,0.03222886554011728,0.02851687481149434,0.04107200828355828,0.03143189295964821,,0.024126045310828736,0.03792454858296446,0.03626692662982722,0.019338004148081733,0.04725987311739699,0.04371405178111187,0.051178430227940996,0.02442722340669201,0.029807156544696234,0.0404431579109541,0.05065140012003555,0.03296707063681614,0.28235297969691775,0.030698003405452257,0.018340772466732824,0.014751131678173435,0.04967964591177432,0.05655043170367491,0.04192763844070213,0.04358218037065842
2020-01-20,-0.005853720232377291,0.03096587345430324,0.00802493021405426,0.036526068808583334,0.040938284724655105,0.02087310437535006,-0.021811379606593073,0.028027197432417328,0.03734532677762026,,-0.000595079916084984,-0.007995121548045936,0.027315405592807096,-0.0005198871346006051,0.03499325009718013,0.060003072543516556,0.034712167318445175,0.007174440191321851,0.02874016268911128,0.0407263797014239,0.0013773674422479232,-0.015049155126417801,0.09097862701505899,0.04049722068645556,0.012191773013382257,0.04225827010849548,0.016285135901487058,0.03241158369064756,0.026343324695938364,0.027535680260876827
2020-01-27,-0.025514990025045092,0.007296659070626266,0.020649697363899433,0.020164271467505213,0.003093103162024269,-0.0029817768409847734,0.0007558195855270622,0.015113509177361317,0.004166095098260936,,0.020833449391945758,-0.0011298331310901633,0.014021608849523082,-0.004810182804494634,0.00604311836340532,0.01106906472164293,0.006862016163831086,-0.002933012799261947,0.006340693775285011,0.016987682619532762,0.00790910109473475,-0.028187625969356978,0.06587240848862597,0.005868775167137352,-0.009307128085564331,-0.03989590552773936,0.005507921415151884,0.013824795433296178,0.009397785376980217,0.030073153375566486
2020-02-03,0.03954108333840378,-0.010990453240594666,0.018890774920379494,-0.027633756832887046,-0.01284876792718348,0.0047852696103494186,0.00906346742629971,-0.01999698495462321,-0.012978729678368994,,-0.010962100177870693,0.007540921028392766,-0.013930209481219813,0.005878418483825643,0.003193275462203049,-0.01787684017030422,-0.020121102472652863,0.012607492141037513,0.008662766849268255,0.00499633418936285,0.016717791376645863,0.03519376938668217,0.1406969634652464,0.011807754497460632,-0.004697566790405783,-0.02533803031688031,-0.012761134364744575,-0.02869314631813835,-0.0014016472720642659,-0.006937515239955339
2020-02-10,0.020975512437358956,0.024172783890516136,0.03815779856262469,0.030937883484447815,0.04007210948762174,0.02432173012408545,0.017215413567980953,0.026572654053463873,0.016382882013507016,,0.031246209960872795,0.0030686303650393487,0.05204121065873202,0.0018183640077633623,0.016598538670973273,0.020741902544827218,0.034003106372565206,0.03257925941845041,0.027237543408823006,0.03331587755148502,0.013758421904890072,0.05755006601788626,-0.06628242487012892,0.024168944486484767,-0.018045571532251725,0.013518111253916443,0.014944163376110486,0.009359270540339137,0.021253044916619057,0.02255848438290875
2020-02-17,-0.008599945176711477,-0.010043493089401112,-0.016706980075432365,-0.019757278152973456,-0.011125589789704793,-0.014528888799582584,-0.07027215518398044,-0.0008758776659966161,-0.043690212554315266,,0.021952903692010528,0.007013731674088364,0.021210295933322465,0.005574179373017962,-0.02426074915728116,0.007879643730471342,0.02455681256083353,-0.0008038872314986012,-0.012636426528795486,-0.0033389177557088257,-0.003903966174620077,-0.01722409904007105,0.10617278511305983,0.0315643270172028,0.007068217998539739,0.025307922893306634,-0.01571851796465884,0.008557482811290429,0.012546051091900212,0.007970132556420984
2020-02-24,-0.19373523741891974,-0.11870156347017391,-0.07429089710584802,-0.12240679687367972,-0.10241717313198817,-0.1259447683505871,-0.07917728173399652,-0.11731180308752787,-0.11882193286686393,,-0.1253076858640093,-0.1725696193849371,-0.1047544917553419,-0.13381453790968945,-0.10041560432710261,-0.10368944463563867,-0.09899957959477257,-0.1263022051157916,-0.13651359363665716,-0.08944855581006617,-0.09571622078871589,-0.1564642695350258,-0.1350446608046154,-0.13619697241897089,-0.15749582179770472,-0.14426284345716744,-0.11771746188558274,-0.1250905837458699,-0.09921937586334806,-0.12002232556475945
2020-03-02,0.005379719563622487,0.10303177911716688,0.08037943381179113,0.09455505101074757,0.14022317202868528,0.07748187306119547,-0.06385765096945206,0.12363454520576167,0.11519925269582165,,0.1211246892994704,0.03984970916470609,0.08015267212596822,0.005953135187783287,0.06304000919106834,0.06870693192219068,0.11450371230370648,0.04778471444523369,0.04379074172416697,0.08102374789397904,0.09030357462352101,0.03342370416064755,-0.07935476924423701,0.10973278946298182,0.049983529479943334,0.06665356819010171,0.014952046476442105,0.10785275615161316,0.1341925422077268,0.12564181749972958
2020-03-09,-0.22711046067782326,-0.11462879047340102,-0.1077913638598561,-0.11494363944103125,-0.09014189733397326,-0.09510113934763786,-0.278422159157211,-0.08101339542794606,0.0019337962345786774,,-0.09700108173461941,-0.1694798078954406,-0.13407370194664225,-0.21216143497273776,-0.17178964095531468,-0.14791442806253907,-0.07564964261934926,-0.19504101332870805,-0.11273640970537402,-0.18490167342667962,-0.1452818949285145,-0.1593822976228435,-0.284513001982302,-0.1786324621180887,-0.12980004634766662,-0.19349521245461865,-0.24635231649300426,-0.19291150015439829,-0.050611328113977505,-0.047184703827977126
2020-03-16,-0.08692306008766382,-0.20039278602018884,-0.16856089604248647,-0.17370177997377634,-0.2151375042136171,-0.14373687086222187,-0.19742756345509394,-0.20580216152128195,-0.17576921538629253,,-0.1413973414832982,-0.12969226409422496,-0.20251850192486398,-0.11999990066212118,-0.22286989951987468,-0.20155690334829401,-0.22805829893328244,-0.14741450737700867,-0.16876841281057564,-0.1345459136160284,-0.16600470543020196,-0.19202761915636202,-0.29285018023381326,-0.19639577235366512,-0.27306646392681333,-0.13544058908343837,-0.06808824511841449,-0.14100429462946718,-0.25477759519653387,-0.2376132759064713
2020-03-23,0.13310852834546583,0.17321857771917903,0.17972321550686754,0.167249988276579,0.19942394318163292,0.130046098257792,0.3060896167500702,0.17517650664933737,0.07315066184024333,,0.0870276217165229,0.1750602059781856,0.17236863528849966,0.18139106295897411,0.21690215302654225,0.21916047091595048,0.1846650873038529,0.1451610082137722,0.1260212587959788,0.2096478857397963,0.17904772304570815,0.2676960902896546,0.32964003417169585,0.18428691701530964,0.2923233268568526,0.17609740944631858,0.24100559054213422,0.2081535067632445,0.20218647839017967,0.1607741991606324
2020-03-30,-0.08996280260025269,-0.054450313135498196,-0.07394924299281691,-0.1306954938230661,-0.06168753946555272,-0.03336400208119006,-0.17546013704717134,-0.06319767379739027,0.0,,-0.04817302054536443,-0.1066338794610775,-0.05200168875260147,-0.10838134326434146,-0.14341479270573354,-0.09944356181084102,-0.07287559053648385,-0.07746484795118214,-0.016839427179467847,-0.044449425691178934,-0.09168020969395174,-0.11302882600096686,-0.1739583942136922,-0.12160253510581243,-0.14358787759048508,-0.002697658990948204,-0.13910660300953626,-0.10248164768527457,-0.04288753524061706,-0.015483964212542722
2020-04-06,0.2026143546171706,0.17696583666054555,0.14909090998573005,0.1904826951255103,0.16263700804650583,0.11724717460230871,0.3251488519063881,0.1426215068572878,0.12888306440973363,,0.1731128862809057,0.27682794022515633,0.18797689625241598,0.23526489682307483,0.23422895202011795,0.21814689623889216,0.20037293593765448,0.19542010903979645,0.17918299437016927,0.1066597524256605,0.18185876844024373,0.1735978941686558,0.5119798040326957,0.20589524353886612,0.2264587410776857,0.193642769897733,0.25172590081047574,0.20011928332665985,0.15214063783346599,0.14535066553417608
2020-04-13,-0.10869557820802356,-0.005080999835322286,-0.014810169384814276,0.0008109739269153149,7.555241613843577e-05,0.05228138990289133,-0.07186980419424949,0.013476652743305895,0.018421594651001127,,-0.0009802688304078044,-0.04853951537756529,-0.00232531018581994,0.029699700288134512,-0.015936457312770158,-0.03359750847788279,0.016204385112850828,-0.01813562915659228,0.03262568179273506,0.003995244854420266,-0.007524401201317588,0.019831041985501896,-0.0483736548592828,-0.02821321250752229,-0.01161067989715825,0.03153917879106971,-0.04665573570421988,-0.0474059118715372,0.021584188030275175,0.013279139049906519
2020-04-20,-0.019817140276653045,-0.054662307035888924,-0.053835182641382096,-0.036466679434560056,-0.05122924053541589,-0.056820109014272036,0.009074375130955215,-0.0596802845992318,-0.07726645636923268,,-0.04404409892115946,-0.026735781564997563,-0.04894552442211564,-0.04527870230808473,-0.036931016875974776,-0.04050518741142517,-0.05450002081832128,-0.047866907991289454,-0.08418091435355946,-0.026638291364901145,-0.013267965328477738,0.03920941774049869,-0.07011394196099396,-0.034664231581142735,-0.03410373002888767,-0.05950188946332935,0.02033085236423804,0.0045240480539232575,-0.0654771578942337,-0.03842147314147948
2020-04-27,0.0062209887855482204,-0.0546219257617121,-0.02973935036139086,-0.02210745608103648,-0.04647635972568398,-0.04127971729385582,-0.013189528454960131,-0.05808070590186698,-0.06522273600858675,,-0.029645645966750456,-0.022714151704712693,-0.03559340226544616,-0.06008433757029619,-0.04060293208406707,-0.04426588132886167,-0.07739389971527932,-0.021857571029220035,-0.03497156088389486,-0.05277441314064957,-0.05993077635463373,0.011349749871126136,-0.04429775704804295,-0.039149501999452996,-0.024323227705738137,-0.0381545420761491,-0.05544614533552372,-0.05750905908844228,-0.05662814961501983,-0.037014173703634135
2020-05-04,0.004622401870207016,0.02333901031969554,-0.00825771271148612,-0.01879825757865694,-0.009815444797044659,-0.027672289571184616,0.12940474683977565,-0.01179628091349183,-0.03974133304223637,,0.03689991720093233,0.005760929529982084,-0.010406802057098763,0.02442084133462563,0.015389563997831646,0.028254710851202125,-0.026042260165027864,0.04553054041868099,-0.005876636208526853,0.011803548583224188,-0.04154314965251937,0.0026170158774387886,0.14299800190671896,0.006866877882291789,0.049859191889016996,-0.012952961248425265,0.03585424229392209,0.018378929104974517,-0.03142669801961695,-0.030073928521860305
2020-05-11,-0.08702389505700492,-0.042508865365970316,-0.029635601876992324,-0.009106384094556885,-0.002287640757305587,-0.02280920801325137,-0.09628830286324774,-0.029119187733438134,-0.05149593443177369,,-0.0022958875783750665,-0.03861365541229689,-0.007214301384983579,-0.019281413668514213,0.009387215980270591,-0.01669565446513588,-0.01799714302680655,-0.0571733104247395,-0.023125082090190374,-0.008183491734832904,-0.03867647273002872,-0.0051878146107630085,-0.022433155736213517,-0.033166451576144174,-0.06127919773920898,-0.06786976802924072,-0.04048941595032085,-0.051795600125205676,-0.010270680237882468,-0.040125979634044406
2020-05-18,0.04170197078457605,0.009358178122754968,0.015415633452625865,0.004462445211799837,0.029850024316502077,0.033855903656345054,0.007142854456489545,0.04337344538701071,0.008057730212480685,,0.029276227668537658,0.04899860659128863,0.03709419933941449,0.00857912544932704,0.03137485480943658,0.06119560603708374,0.02709779883633434,0.05553550593704171,0.03435942525617519,0.02633311274031347,0.0321859620065128,0.09570555901430855,0.03265668609890393,0.01736232301866525,0.04651165790398659,0.058513247085465236,0.03867454671217052,0.051114512611709184,0.023422520764977417,0.042839792920353004
2020-05-25,0.020424810335752275,0.06425153148564067,0.07032408613882768,0.08212760576237632,0.05210820453380682,0.05143855056388258,0.060159999800840414,0.053786802903335484,0.06953553722897676,,0.055893709829284655,0.053368475995586806,0.028835627226868166,0.02977152542123762,0.03940374546759351,0.03705515981908114,0.07443326313904919,0.03962020304314473,0.03986225275565913,0.09283714964434586,0.03204840847101509,0.009238648888120427,0.01367516543860825,0.07211641330759333,0.08927860357721173,0.060681517305487764,0.02019214839244099,0.04562102134645718,0.06489450272507002,0.07719062376038988
2020-06-01,0.14491595959384362,0.025932124716477656,0.011374005026412837,0.0030497451123583375,0.035905460743419715,0.01702669905966525,0.02643397008196824,0.01468079691113,0.0035971706194821707,,-0.008469479131850144,0.06786289115322197,0.045077850287789545,0.04766829692087504,0.018758576395684567,0.022207853521358123,0.033691717575834224,0.05351076387684417,0.02389973395684475,-0.004617165117095201,0.05245487024516082,0.01858532178937522,0.055649308984707435,0.01899897550952656,0.07516125212716207,0.04780566921409113,0.0592194187794679,0.02418099986711586,0.012209580734547032,0.00353697641991757
2020-06-08,-0.11398609193903919,-0.0412718130100177,-0.05067467709903117,-0.04338640102581559,-0.03245644989155505,-0.03922322806744771,-0.01369870848461563,-0.01917903942560517,0.0006637807070688506,,-0.0026841840025717545,-0.08531383835273665,-0.030729641193909196,-0.05436943536855332,-0.07047138843285372,-0.047256617841094806,-0.025543185340720642,-0.06070356741404204,-0.0656343872544175,-0.024018953719764702,-0.07256774287282253,-0.08278880945410061,-0.11980832034509958,-0.04761904761904767,-0.11617847958598937,-0.07049377655456002,-0.07280063142300941,-0.039007985183139304,-0.027355923103320356,-0.02467052987843943
2020-06-15,0.05288095411366345,-0.011534482668080992,-0.020901151535986484,-0.02555033944096241,-0.007306219010059012,-0.007069518188812962,-0.011666284331583565,-0.0063464892800289,-0.052268582640014105,,-0.01719792603683601,-0.0028477680969699604,-0.05337800921021818,-0.03317702603773143,-0.01970558627457375,-0.012150474271208522,-0.016842684920281625,-0.010023852385632082,-0.03586442457834782,-0.019035141728151017,-0.01246767237479085,0.011876601089722882,-0.07259528492112166,-0.02777773846088516,-0.007274198869779092,-0.011055512233775211,-0.054816518351410104,-0.04557575512808354,-0.0248034048071476,0.012344583144899168
2020-06-22,0.03073453510412416,-0.01958747825163032,-0.0128941814502741,-0.021453022461348614,-0.01804372099900242,-0.02266348347250391,-0.005059340317878913,-0.024339574135577302,-0.002239502760431278,,-0.024963308107814552,0.0034695385391827482,-0.03872850054114407,-0.015091692515410093,-0.030257967611025727,-0.020892971508681413,-0.012546789226714705,-0.07514001312008245,-0.05464346057210889,-0.02473073247795876,-0.02699183385592463,-0.07365032536393079,-0.1066535828959887,-0.033333406125748644,-0.035769244906053155,-0.024840878055496174,-0.03957377833962361,-0.050177096357787554,-0.028727242505001915,-0.026558272448509723
2020-06-29,0.05309098509068644,0.05037185951432033,0.06284455630016694,0.05794888374301155,0.05625415173411219,0.038169501397640415,0.0994353293004262,0.06687873469816297,0.035493743423861135,,0.037776050761747726,0.056185016801739485,0.03686803913296832,0.013134032201249646,0.05673138189954874,0.05764921205251827,0.034453336799591616,0.07980426417529829,0.08331073345902662,0.04309539667967299,0.045190264937991165,0.038644207726877156,0.03504926757077631,0.0700913827265468,0.04427606820268526,0.054947395010042976,0.09300246957042213,0.036724102100620604,0.05412688086252393,0.02872731280172447
2020-07-06,-0.008287351988933822,-0.007689103910035078,0.01788902236678691,0.019752805147749575,0.017777959620236317,-0.020656121960372364,-0.009763851190656259,-0.013764370502932222,-0.018019257108075393,,-0.11017031448300796,-0.022369546129040963,-0.006353782794527807,0.007840199936744785,0.013318201000669605,0.00846087630661918,0.009094211573550393,-0.0024014283143738435,0.03381752455991105,0.05357152303375612,0.008989652409409299,0.0051845850761373935,-0.03809525444344675,0.02933087006489643,-0.035523228303610876,0.00957884475047055,-0.014635412079399446,0.008334908712666733,-0.02351114128510745,-0.005148104101083351
2020-07-13,0.08844023389798772,0.03527718780673106,0.056345411127238565,0.039928786022427554,0.05869995160249575,0.019880784838060883,0.03061754988751275,0.03850657848927996,0.021936860206388742,,0.0679531093288992,0.037205655185629016,0.013280675848424517,0.01861556920946028,0.023331730780347337,0.02000655895006065,0.02808971443024988,0.053757778417164115,0.02108086480180371,0.0607856444105932,0.03266868672344625,0.02305855709581306,0.014301445271166724,0.05456150373739832,0.029702868098589796,0.08875270902052712,0.04741121574948659,0.025361724241113492,0.028165565458112996,0.04108517377734011
2020-07-20,-0.014715395396141306,0.04628717047734088,0.009906236163952808,0.0061707398444621475,0.02336802075518163,0.01919645444394047,-0.006042292579278907,0.028659421180667666,0.020386411765527246,,0.023288357490775402,0.027441706990209314,0.004733058529396983,-0.00603283825865053,0.022102713386292328,0.013286827032823245,0.018670356191090143,-0.040609214315663,-0.30042719245061966,0.01768473940878712,0.008217079467331967,0.013938023420210888,0.015184302082312362,-0.013934314906268064,-0.011153952822596458,-0.051016600511924914,0.00640938434371785,0.004946738368986736,0.033801281343979195,0.0224431105987426
2020-07-27,-0.011038903432800895,0.013742636730436297,0.009054107128588784,-0.013288021756000079,0.019028445347126777,0.029029138733393633,-0.036980701798728144,0.010231542255294768,0.01653870617516562,,0.0077103252220982466,0.00925188955216738,0.023553598673560883,-0.006247614423939507,0.024059948745230875,0.012019947792524688,0.006593660794604439,0.021428775855329762,-0.016282131815543832,0.0016059321170762697,-0.0036675140310362675,-0.01111438082801497,-0.0010682831632395917,0.020889482775906743,0.03539482259699844,0.07021227984585243,-0.00923440160597766,-0.00437534966408204,0.017843614870990177,0.01708880113107014
2020-08-03,0.13727030826353404,0.023356037698926135,0.02417735113123687,-0.0032228597888767085,0.017111346993003762,-0.0026417931983093723,0.07364529344668092,-0.020255638357444927,-0.022387212091044884,,-0.005059560094378135,0.027933792765249654,0.02206748440285944,-0.019040758073531783,-0.004375542064900539,-0.1491593911970449,-0.011657635572886793,0.008287866968297086,0.01517235076803125,0.025222399837489418,0.02092879899859601,0.022967491158961906,-0.026737987561229914,-0.0016208078193753472,0.019534274981443556,-0.005183923066504614,0.043708746683124744,0.0014648591590569193,-0.00934275846306809,0.047798292482946536
2020-08-10,0.02389270868958393,-0.017361048997334594,-0.0110731901532235,-0.03422895134890935,-0.02990845942552156,-0.011446286633870817,0.006369602650327488,-0.025429244626857916,-0.021035892681375623,,-0.02195499961720815,-0.009675198454076495,-0.051495161132967704,-0.03515847299046504,-0.03573132751622354,-0.02882525987412432,-0.021006527083465176,-0.02568703500812075,0.00987267815145998,-0.025297093330517217,-0.025454557718790127,0.019253049755304952,0.03406590525883102,-0.050633002567874064,0.07037589823008417,-0.008625417042557704,0.015319581668703952,-0.02066179480361041,-0.03348526404793073,-0.02225559962805368
2020-08-17,0.02561167869038994,0.005765357415593142,-0.006767450547423115,-0.04665444689398257,-0.007832955721007617,-0.03502404177406948,-0.036514120079112256,-0.008048627900511196,-0.018087818797340893,,-0.002663426306102834,-0.0159714739729514,-0.0025840465336015583,-0.027139799003601084,-0.01880550709419293,-0.05898807074607071,-0.006999334528631995,-0.02755215350781748,-0.04159543564985535,0.006809393794196872,-0.058043146440790894,-0.011734236790218455,-0.03506906639969165,-0.04794880508470445,-0.03476759363788573,-0.034257762157110294,-0.04860115456359104,-0.010708670672629816,0.015518551882683917,-0.015835083180639642
2020-08-24,-0.006659505409224109,0.004437735135401244,-0.02552032026724893,-0.009231230435207904,-0.01984138827223758,-0.006879935425987638,0.0156115389690894,-0.0056301632298537685,-0.007525010688405498,,-0.007883979564531463,0.017525628975572527,-0.015925820008788505,0.017752574808722832,0.008458168805528077,0.06118170999311112,-0.02045309377855553,0.01423865363543464,0.0071145844236903955,-0.010127073619131566,-0.016285192899211598,-0.0069506127081429,0.005506654224150198,-0.010503366836567607,-0.011412342986142354,-0.02102116433658552,-0.025183325452402983,0.0009548324745261016,0.01771921028046264,-0.013791185057016597
2020-08-31,-0.018435366268942377,-0.01896160150638926,0.0038140313529275716,0.008934531697904813,0.016904664851417506,-0.023699537490957767,-0.004009801922681633,0.02681105904491443,0.02989305817568777,,0.005383408903214759,0.008060458292584283,0.015807460910439053,0.0017251012436887425,-0.010711386197847284,-0.020951330850372263,0.015453780507783232,0.001349962926162851,0.03850252316063174,-0.0029741461989511997,-0.003131992636824621,-0.02653832994330152,0.006571691944950775,-0.014698153012321358,0.02056281648361935,0.006902009542874676,-0.011690609053513823,-0.002480129948199128,0.030655753760510107,0.019956383033761682
2020-09-07,0.013090365963216222,-0.02683451842434026,-0.02988869826378826,0.0012649039603929157,-0.014457988646584097,-0.04124664592820271,-0.021137515654164996,-0.012163610124156898,-0.0041076035006669676,,0.02743113928594565,-0.0031142057689449443,0.025441452133678988,-0.031190178050668482,-0.0250256029503646,0.0013494754587390911,-0.045539122368930096,-0.033971529961691505,-0.002381060726380002,0.002992844710796083,-0.010771957117368114,-0.05302578489692911,-0.014145721972468439,-0.02071804407648803,-0.02686451777296872,-0.002475303178481325,-0.025560262824537938,-0.010135562978250579,-0.005492696340509529,-0.01656682350619454
2020-09-14,0.055618084144900104,-0.016968739397893895,0.0097238069291683,-0.004674600635792503,-0.019986111158701747,-0.012981508681737197,-0.026735219659244303,0.003119393712990526,0.015672492378750125,,-0.021094926843039263,-0.054119996748409394,-0.0009635167986284943,0.015603553386378533,-0.00020959168766432335,-0.019252942181475552,-0.040165520189634374,-0.021211158287358978,-0.012615017114449789,-0.004422104597416543,-0.0027225324300371723,-0.05314755282273198,0.07174378904834344,-0.006629030135199887,-0.01199233142001832,-0.01100580517580263,0.018505978245661803,0.02028577417733546,-0.01135902519128651,-0.028463521673838366
2020-09-21,-0.04257590766125374,0.007257860544199746,0.01756473083936938,0.023736884909466793,0.0430285981277696,0.03532597963054496,0.0031695596177350183,0.003927881687917578,0.02558180205875593,,-0.011672624554832423,0.03296554397758267,-0.005786466780575483,0.004472836308003325,0.016242365248159363,-0.012760077285128513,0.05302711234108792,0.01283138732494904,-0.012430923274703853,0.017694780654458953,0.007279419375865848,-0.013698721615888254,0.029866173270149288,0.04742275669283136,-0.012313564789782738,0.05454886332482478,-0.019753409130157662,0.01893597776533884,0.015178827210039936,0.030350189590838905
2020-09-28,0.030572701321816886,0.033884899309944094,0.02045772193251638,0.057656586891875694,0.032794890140090294,0.008084223853019878,0.04949965137632706,0.005217027580091571,0.05279139419792722,,0.035691176646616585,-0.004881453392083901,0.11046407703139094,-0.002904201464936973,0.068777207577984,0.03360505497708943,0.055407486067540646,0.01182439129613777,0.03216786680391248,-0.0023063916068175594,0.0,0.05216795583167433,-0.010000083970170714,0.0554426015128644,0.065734836427632,0.033622958135678394,0.043622211500539576,0.045530531958825504,0.01453634572970186,0.028905459703689518
2020-10-05,0.04207122587203549,0.03107955775497606,0.02806686159068894,0.052989270605061645,0.04558268749799166,0.005103195290054652,0.07225312699652897,0.0434640120000549,0.03485034390523922,,0.02481195727761798,0.05369653760807247,0.01878158405158903,0.10268404088591043,0.021225214378762347,0.01827620696178922,0.05904650701775238,0.09070652962122616,0.05758792506662136,0.07731971342897914,0.015808501024446864,0.0389567813055387,0.08686874898314345,0.060364654624955216,0.025877406570256722,0.02877563943194561,0.04572629094454106,0.04408100393446879,0.017705513089187663,0.03164001377175074
2020-10-12,0.03002068735690888,0.002740143518774385,0.004143601277801334,0.018926889320487028,-0.00019256524324628987,-0.02093079889143168,-0.024333466108107604,0.014609984076904281,-0.010297020706167115,,-0.004524451197773116,-0.00823011423221831,-0.009967898440645606,0.036013679938430965,0.007746745183839554,0.03759677454803545,-0.00835237779809428,0.0737247042325817,0.015054539384436127,0.008880555333053541,0.04490892962389381,0.04400385848852162,-0.021375467403782378,-0.018047334682622762,-0.012094023385029629,0.03370390471822615,0.016665347112366335,-0.006639413857980725,0.021319248820710568,0.005776341151137787
2020-10-19,0.037688309718395985,0.032428359262046236,0.01213733315627219,0.003933405664287903,-0.010531963293576418,0.03386627101743844,0.06618719793032324,0.008731592473331107,-0.0012238940678831467,,-0.003316366745487853,0.04903614145240387,0.00443866799685555,0.04095661540365336,0.02137448068098391,0.026402089583712485,0.006016260463806766,0.0026133151333671556,0.050804501935590496,-0.00827906175217441,0.034468051000361655,-0.0005937126676925919,-0.02659064549578727,0.06981624677192255,0.002798213700337948,0.023865606735248734,0.044883100236296825,0.042844872677793466,0.0059077480501412705,-0.022699384742697837
2020-10-26,-0.055690032441817694,-0.024528050149525082,-0.027221187396226698,-0.021223318691068083,-0.023169388801911883,-0.06162350687267426,-0.0494826737656876,-0.03826865982510197,-0.03811265737782166,,-0.009859746214584741,-0.013823273037217754,-0.007221315781781756,-0.07356571322310912,-0.07095008021616012,-0.020755730518890236,-0.05110371345322129,-0.054739260563529624,-0.107507321883619,-0.0337544327345598,-0.055121279122604006,-0.060884966552466335,-0.0673170786200964,-0.059495037098533765,-0.040809173972128354,-0.045469463794838294,-0.0634991133727918,-0.05587507243489431,-0.015759404556011658,-0.020148225851231105
2020-11-02,0.0543991789434235,-0.006040642042328237,0.008998619541071617,0.011008566892029448,0.0705599822167362,0.021489932321052674,0.08187408567182652,0.013421679246926832,-0.008790938052228303,,0.0418223698610094,0.0035649197957556833,0.01443925961225423,0.04068503431634585,0.036455191295119205,-0.0028983156943069854,0.06313736322750918,0.07395329174454224,-0.021870801898755454,0.034284882050242604,0.020125593708555156,-0.002818980852272168,0.06171539973465867,0.03755915365565077,0.004000016281966667,0.004643239307003055,-0.004227750357389426,0.04369010647292737,0.018000937752638224,0.0468370671743803
2020-11-09,0.022537677935658085,0.029870049091541562,0.0032990435926605333,-0.011548293132332854,0.0011169137772970572,0.0909870698621511,0.060804843677358056,0.02031538507570496,0.049228764032222205,,0.014695597214916756,0.05522349130352899,0.016481142382465785,0.09842249188675933,0.04070154639642731,0.03760879651364024,0.005496946526150959,0.0011670556155594092,0.02894483560758232,0.01941371746168996,0.05383291561216397,0.029138612156027976,0.12315271723240606,0.06766931888389793,0.079681120976689,0.016432530134746326,0.07786608090028979,0.06571051466936573,-0.0021493433153220165,0.010503477191592392
2020-11-16,-0.02156198571270629,-0.05925267954686375,-0.044690516416874604,-0.0745867732312886,-0.018968548402163443,-0.06352794987477306,-0.03257736521834609,-0.058706157417484306,-0.05194154162036069,,-0.07394334849986006,-0.006426974331318891,-0.015505511862905386,-0.010614981388265554,0.006932168196299937,-0.0455262141209728,-0.04995176802763002,-0.014946247726887463,-0.05116889571000516,-0.021246348519783465,-0.023293939196949,-0.04978206862934054,0.11052632944616936,-0.069416778865807,-0.022140019806135447,-0.019703349660038283,-0.030695096456382576,-0.03756422856464414,-0.05339650816336572,-0.0643899849056142
2020-11-23,0.030362535523221545,-0.002080618229975739,0.006882978192227052,0.02945783953842329,-0.025236287542039215,0.012020505844238416,0.03215290378179736,0.011918484500339277,0.014291298982951561,,0.004958617892708572,-0.01024187329369175,0.021819023144467042,-0.009308846365463697,0.023215271246199487,0.03316303782477026,-0.00789816608771754,-0.0031048160912875433,-0.04571451766853152,-0.0055592730366946785,0.0255232683101978,0.06450539518639986,0.005529197212330139,0.008288510935628546,-0.0013721907887326301,0.019584039938221443,0.0003067642981087193,-0.003777873741721449,-0.0037461775235810846,-0.024383030951843243
2020-11-30,0.0014257062650597785,0.0022746998730489576,-0.024180245491520647,-0.018016978323285415,-0.031418823231716964,0.011004006683718481,-0.05027003126596752,-0.035656744024614606,-0.03163167068397643,,-0.03997980237635812,-0.02022847437536346,-0.03646942456825408,-0.015289083614484555,-0.04286613776796089,-0.015241076244313034,-0.027180716617195788,-0.019405730710907565,0.0834580439282091,-0.03021285047719391,-0.02080812480946226,0.061827288317274354,-0.018853037723690402,-0.01822727900628751,-0.017176179742206865,-0.02898057480316152,-0.017553415156001062,0.014344686955185981,-0.025590043732134915,-0.02765460774001316
2020-12-07,0.0037968318273247093,-0.022125770406500767,0.005059600237945938,-0.007554661705650112,-0.004163691843441897,0.018505193668641562,-0.04855655129288672,-0.0065250114026850214,-0.028548672187811097,,-0.004974744443072332,-0.006829349638248883,0.00427871233219701,0.015688180909394056,-0.03700918843276091,0.0038236823614443693,0.0029228964311918126,0.006352241890597021,0.04939559760900081,0.017650549182897768,-0.046249839823607086,-0.0388180878027472,-0.04403529265260997,-0.032641918721440955,-0.0185250778197803,-0.01995487037791055,-0.0013262206239859076,-0.01788053827040126,-0.01125537496237683,-0.011406709651986424
2020-12-14,0.06572117169951186,-0.012763510830544278,0.024690791030527626,0.006403933949402418,0.013218326437584471,-0.03997172461539489,0.0055173914645165745,-0.0025260160740212534,-0.02747384026251065,,0.006140936975449485,-0.026944788587992208,-0.013327558553084762,-0.004140265600119486,-0.02685342138016411,-0.0322873122969104,-0.012589031247643545,0.03350332983089288,-0.0013167314052509038,0.009620371546070983,-0.0214066450877074,0.018384569810227624,0.0276382652492837,-0.013421944941955699,-0.02633253323653384,0.014707691037722181,0.021093558067384777,-0.004634100882766612,-0.00997398218182488,0.016922866537388392
2020-12-21,0.03238682461932263,-0.020176157842207165,-0.03030676688786582,-0.02245147304468864,-0.007321878842152962,-0.02460311069648946,-0.013260116521532694,-0.018065269749603208,-0.009979045543585974,,-0.01512549314479339,-0.007554126923921767,-0.007196656100340593,-0.005596503051118695,-0.04669082819452974,0.0014995571405842512,-0.006610766625424369,-0.017383207249177968,-0.021753504871534046,0.006307804822957674,-0.013839426220846773,0.03817699357663873,0.009779955473474544,-0.009917360517591067,-0.002226455954802309,0.005807920901244268,-0.020876691733684893,-0.005653642413804727,-0.020696435704724125,-0.022238913431880558
2020-12-28,0.009883977560612767,0.030187825060973283,0.020792365817869696,0.022721578279432553,0.0290333565156784,0.028673077403277514,0.0027801886172045265,0.04900285906607671,0.025979563304934672,,0.013067260386363522,0.014116265421717067,0.02107726089660411,0.010130357849865046,0.04708994014373191,0.03892938636985366,0.034984881492028164,0.009323496055484659,0.03133451142337762,0.028941261485228686,0.03847898352336809,0.07041058556545465,0.005649687926731151,0.02671127417186603,0.04871695928998654,0.0201225359470405,0.011993740963546884,0.02725762914170904,0.029072951877792796,0.03839265178403406
2021-01-04,0.08170197202643936,-0.04230551075066613,-0.039200649469914195,-0.04911746688968377,0.02287094208510365,-0.06465467792953272,-0.04297601920405403,-0.05458134387327973,-0.03237858113151115,,-0.026595926030898664,-0.02652158665392157,-0.016491844449582627,0.0024107784979825464,-0.04357001406653349,-0.04521705507212748,0.0441567456604155,-0.00023678743946631275,-0.02286859836893329,0.05158763314110115,-0.049259066093299664,0.03888105393135288,-0.01765649637730826,-0.02726694725932155,-0.013829787478895184,-0.016981151117571147,-0.05988547576733838,0.002278919559937309,-0.04433340904757532,-0.013649391324532911
2021-01-11,0.08575940403238125,0.0024317927931507555,-0.00813332452751414,0.01629216784850196,0.017454269470216666,0.008626524873851737,0.036214355135219645,0.016296939655565668,-0.00471902280927039,,-0.015300295120922902,0.045096821883725546,0.02287623267653971,-0.006902202835896598,-0.0025132657801683056,0.024528379639542797,-0.019484034672548223,0.02724457046210338,0.058843197388493085,0.011216738212767696,0.051352817152264585,0.0463986291093379,0.0,0.010029465356420575,0.027328393418207586,0.036119338384427824,0.01986985714420242,-0.031021508850678114,0.00841382978246319,-0.012165400450533714
2021-01-18,-0.0181158268031415,-0.0012129891143544125,-0.02029833739982667,0.020007389744535864,0.0074506226433042055,-0.010441043576930542,-0.0009317838795054323,-0.003582470872791621,-0.011063158959423669,,0.002913590508075936,-0.013034268225273316,-0.019759247902421007,-0.04153862858966084,-0.013438367149861907,-0.009208083087109298,-0.013096959242752115,-0.01891139976477363,-0.012630159910430927,0.026450400296201382,-0.04361094176454472,0.017393478204414503,-0.04248362803034622,-0.018586855699828098,-0.02625140965614836,-0.017177503363095425,-0.005812057256195491,0.008045660522182141,-0.014770362649432323,-0.00307882105369095
2021-01-25,-0.10000019908186508,-0.015381435706394275,-0.00219536468850845,-0.014254419376831584,-0.011745716555485508,-0.0010101867202965131,-0.01632459626110705,-0.026194057601964027,0.02833065899038001,,0.008299695145652208,-0.026166968274932034,0.041090077653955115,-0.01922435474557116,0.01447278380878858,-0.001301306607991659,0.0010297470066904513,-0.023037077397965677,-0.016309603412357987,-0.03966267420453451,0.010031840449963747,-0.0028896910739925064,-0.02474399055498422,-0.023868239188759355,-0.005391762721689619,-0.03307063963653378,0.01902021020918454,-0.02028605230552616,0.017395144191712397,-0.011890045917100411
2021-02-01,0.1085617472108964,0.02964333509247008,0.020352031186998465,0.01582016186903812,0.037668386534430276,0.0005617823496786301,0.014698761433384666,0.01002108868346352,0.010172392804321362,,0.011661167080744272,0.025269648476655693,0.007872168154426262,0.008425175317683609,0.013636647353157061,0.021589442717079965,0.003428446416250841,0.05101057101104067,0.04941479426844664,0.033757588443784625,0.029345412664299797,0.018414009986601032,0.03762019411380679,0.044931760786007136,0.007228197068218645,0.0512139032623522,0.020038638122320096,0.03326541245561976,-0.02339694888154631,-0.00859515106065456
2021-02-08,0.062174203410502615,-0.027978965395395128,-0.012399004054206575,-0.043557672790761726,-0.01682339378550013,0.022459325123233453,-0.0009344925442721363,-0.011104599002368154,-0.006154008446362713,,-0.025359310307769833,-0.006408215145893181,-0.051931442008869344,-0.012617361917592551,-0.018006767011559566,-0.008380249163629117,-0.029954554049758886,-0.033653784643586926,-0.020426829716421846,-0.005621847562685245,-0.01184218971950357,0.02868045980074796,-0.005058984204502681,-0.020442021145982703,0.0050232878909333145,-0.017700593356959504,-0.013783262906938099,-0.01281212853616609,-0.04342310316553655,-0.029949559632564515
2021-02-15,-0.007711279855694864,-0.013667563000476335,-0.012964081768335078,0.015256347766161138,-0.031108894843375978,0.027567329321261713,0.002338561103796266,-0.007094488422774492,-0.040529126362930046,,-0.010017889001708191,-0.006284201546677082,-0.00523043029489445,-0.04645140927671876,-0.008207315193323184,-0.0036745464232987857,-0.043559914805808786,-0.01966375645452889,0.08930850700310566,-0.0605076248890688,0.023636563211457018,-0.08039028267771009,-0.013559274337279326,0.0009186942008507781,-0.011781629815167949,-0.008924091502030662,0.0005622302281274028,-0.0027310800473628882,0.010141078014720417,0.008612352022199454
2021-02-22,-0.06181540027626098,-0.03086283054573069,-0.028480657276467536,-0.05349014874233471,-0.09434441151698414,-0.0895873167482294,-0.08607171688327386,-0.03340496845703156,-0.026490156044635005,,-0.03977498459889328,-0.020469166922366,-0.03211584766821418,-0.022274286993846815,-0.06836211469806053,-0.011063821722294587,-0.02430627040570954,-0.06718218665661324,-0.02615345130472657,-0.059154765741612714,-0.05429060658478124,-0.0775646314125189,-0.09707902977206107,-0.0830055672221488,-0.053829535453392974,-0.06787870400802642,-0.06895714474218717,-0.04366889290481413,-0.031118512929402486,-0.05606569789029714
2021-03-01,-0.021461055201791646,0.048310201293180643,0.03685816185494439,0.0541085337491789,-0.04137304676482201,0.08391428091108732,0.06275702236393643,0.023286048488261546,0.04036548299479925,,0.022540794334489078,0.04621126459230873,0.03434975720344213,0.06871623752652845,0.02672501271988681,0.032071389569100495,0.014846371200973207,0.026943031059587064,0.0021122139032565546,-0.03278508988934692,0.012036977969743567,0.09148196192489588,0.032350140561600016,0.0910910002086105,0.07865605157945055,0.04514203978026021,0.02750467413890978,0.02873770926813335,0.04761914102970599,0.04710686404200071
2021-03-08,0.09465185473187088,0.056416494669697004,0.06093854480392524,0.02712274733868658,0.022939721942051072,-0.003162212529076225,0.06340783217513968,0.03919085227976438,0.038653074649744656,,0.06229503821175397,0.03410206123699844,0.03241860474065694,0.009012168018974753,0.07438573191664366,0.052366268787485515,0.025513634424173537,0.08486736953664997,0.05179170985925308,0.07029691395299364,0.03156443702044731,0.0414053599268156,0.06082947363422053,0.02660565529314618,-0.019115079219203746,0.02541779447254422,0.08038952340060113,0.025535524413003552,0.04746683407106578,0.011898944260404276
2021-03-15,-0.07521962051997111,0.012715328505131573,0.027018831908810492,0.03245287297259902,-0.005534472872062879,0.029206140940961856,0.013199793451665887,0.014077129131844446,0.019171208691027175,,-0.0025837520938023495,0.02904720261438931,0.01444194604386606,0.021470298933716547,0.027986655097349322,0.032246635521109734,0.0004870377297656603,0.008922413929433493,-0.002003850687320785,-0.06382969811227135,0.050554483006330475,-0.10746985072633863,-0.021720259328611657,0.03140558821691086,0.08373195617748674,0.030488780666694915,-0.0010098363843208391,-0.002339654830492366,0.0037290420732101204,0.022226996434764557
2021-03-22,0.0003799994311761701,0.0424956809122774,0.03375606801253239,0.015776288096132962,0.057531005599518625,0.03347861807750685,-0.013027828802351205,0.04421587064781907,0.029598735848337165,,0.033129171920563305,0.025475246991138567,0.03354181878841933,0.020346420592162184,0.0,-0.006718036141441841,0.04443656484606273,0.013032395348704151,-0.016924820606986746,0.04545436293576266,0.004643245561971154,0.009719134660394202,0.07193598240599175,-0.007055391844216663,-0.010814341390428028,0.006620348861012815,0.027367404116910965,0.032830771064779274,0.04739936841335646,0.05270667876825308
2021-03-29,0.02849563209726913,0.007226165957636255,-0.005278522110862882,0.006471508116585811,0.029182654833372013,0.010283583185568768,0.030951169223069952,0.001477192068768618,-0.00201490666292814,,-0.00079210652359607,-0.001576096303359753,0.004695755751020991,-0.03938710081542807,0.012190119223570939,0.013358078669316154,0.007926241524522482,0.008729604529351898,0.0011672074941522226,0.02308953788441781,0.01134441462767577,0.00160411314305553,-0.04722444874808018,0.019820354684230823,-0.01708238633094461,0.006239330936498089,0.014661879443877757,0.010866168399239928,0.00311731366012169,0.0072388502291118595
2021-04-05,0.024011678467482866,-0.006438702889476788,-0.006170424749265546,0.004091546580957006,0.007238167317379585,0.009059615314565006,0.026048585405639813,-0.009177392049556032,0.011845264362231323,,0.00766016241058165,0.018266570044054298,0.013086823555450877,0.03572629803756899,0.01505417989957114,0.012180936963145372,-0.0033536838487574494,0.020951898365436428,0.013407144001599702,0.02863933116937023,0.026589143106174884,0.0339031458209047,0.0008695725047147551,-0.0004887994301463472,-0.004518428272516806,0.026479143732434762,0.01881639800070989,0.006417467552604084,-0.010394440049614206,0.009582207309916102
2021-04-12,0.03282815175050113,0.039807631637670315,0.04606962983309981,0.030970024158742726,0.055643558212544075,0.027136139329104747,0.03528396472527229,0.05987441147943384,0.040441816338614434,,0.03394493715696445,0.03853543735962628,0.032089357790218376,0.027633531612014206,0.054380125042711835,0.043356284129778766,0.04072882248561349,0.029667545009719687,0.02645935728297988,0.038491252836411416,0.03682727445288836,-0.0012911104553228192,0.006081636134961377,0.03827807681680495,0.017458000186532763,0.03428566419520207,0.028745787876943485,0.03634632733150145,0.04991874141921193,0.043600535484041636
2021-04-19,-0.011526339830353227,0.004985704386425205,0.006410321584612744,-0.009599294953161586,-0.004746582195898075,0.015026316441333787,0.002909479004421067,0.0007801122588264597,-0.009717381423469118,,0.0062110892014553,-0.020258671631352643,-0.008145383022346908,-0.035364915501001515,0.0006564208442514374,0.003002130336612563,-0.016947478796455084,-0.02707962394281971,0.028299437359288415,-0.03335805095914257,0.003903042923961708,-0.04033092274367156,-0.05267697770007884,-0.012838692560928622,0.0006862881729963188,-0.0064719202064891235,-0.007745829142781546,0.00492224988815293,-0.0017532073442025897,0.010089933989129385
2021-04-26,-0.016961091052733246,-0.004783806087046649,0.0007076564739201263,0.011516633754629746,-0.021146989299490215,0.0023223401836161006,0.014919081868763673,0.004054403755886726,-0.0005163394666422016,,0.006550895280400537,0.01588904561134319,0.008412643198327796,0.00439253767664316,0.02417768727880909,0.007718979368780188,-0.02211632584294021,0.0006679026201501514,0.033242530541437665,-0.009330174280770764,0.011664176893357414,-0.03502166765565462,0.03190511447693822,0.010022620303696383,-0.0010287628103705648,0.0034954260029198547,0.0036479741182307013,0.012857731569182906,0.0039260546449553235,0.003095008012903522
2021-05-03,-0.06793725521811111,0.01756335363129624,0.0016503867080677193,-0.01713437732745937,-0.020642222075822003,-0.005695483075366381,0.0,-0.006212203379403092,0.008784156828752332,,-0.018147949248652373,0.011926917065685716,0.0016883703174686016,-0.01463411136188042,-0.008967060554301076,-0.002344884112793655,-0.02493611858126321,-0.005785494637766675,-0.010548576551828615,-0.038446842840120676,0.007114302622925228,-0.020832932912406954,-0.0335689346773147,0.027571395740917826,0.004119362195190046,-0.00015832655209990776,0.0018171948873104693,0.0013601902889810447,0.004836818218076466,0.00028045401511822554
2021-05-10,-0.016285380482187972,0.0003522862102598445,-0.015062657297387427,0.0034950468869565654,0.00039271486679348655,-0.024660301820195962,0.021641648067766583,-0.000887796968409682,0.011269069780621699,,-0.004843537248806706,-0.0040229767239151615,0.021812342515135308,-0.0032434021798856127,-0.0017413882480669107,-0.018019411029635668,0.012489475927764282,0.009176390010830815,0.012826293669186084,-0.01891849511321375,-0.00885304323361158,-0.012370390494584438,-0.011882924264521755,-0.0006968965430829144,0.00034203587360859267,-0.009976218694750849,0.0021043093280861402,-0.017355887196593978,-0.01474799836047136,0.005608552099049646
2021-05-17,-0.00039397196228829756,0.023784355525460432,0.016845837333388625,-0.0012677696329913557,0.0190059918923855,-0.022695523383249205,-0.012390264908589965,0.010236236803268683,-0.00012670702219497176,,0.0020493388490787634,-0.0031887316650182074,0.007666330614753525,-0.003767975373091703,-0.005038170408229292,-0.002233898429179537,-0.012100730233388313,0.02574646043970419,0.010635586230592908,0.018052445088909463,-0.01281557964562341,-0.014855829748568472,-0.04902873520858597,-0.0009294453460263474,0.008202265626343408,0.007997230442854164,-0.008254273153845415,-0.0011826819691631574,0.007395973967528668,0.004461678861599205
2021-05-24,0.0019715254995875675,-0.016520165403285714,-0.010691935023782184,-0.007501287562507897,-0.000644565865720037,0.016545335926926974,0.030552698111085963,-0.021979740096600087,-0.012058015896646901,,-0.026716169525823785,-0.019051622385141798,-0.025665955716841937,-0.039539233541858065,-0.012940880412619538,-0.00011230782544113804,-0.02752807605651031,-0.015706884515263586,-0.0026306378320295476,-0.016388790932127417,0.0031473456502992825,-0.049379089246730734,-0.013618606433338454,-0.01628281583925517,-0.01322020954388392,-0.014280980940765353,-0.010805476548778503,-0.007145008625847882,-0.024007541412953137,-0.016102118448852898
2021-05-31,-0.017709703676640487,0.016797665617678925,0.02292159272465155,0.00034853686924285476,0.009095567327706888,0.01552890966648679,0.0039525888445341995,-0.00191270889381423,0.0,,0.004990820987917921,-0.004710539134961,0.01257242028728478,0.010739380103486962,0.00627026287200283,0.011776079164748321,0.01046921759908992,0.010638244495716265,0.011078532645124817,-0.012019079482563422,-0.00039223490844952913,0.054432168354335175,0.023668649076080683,0.02896663591931703,-0.004122484806791116,-0.013683266114315806,0.00686387203771055,0.006727059126462542,-0.003407416992017742,-0.011286736805623865
2021-06-07,0.0368590347809179,0.008088198803713587,-0.003947518890912161,-0.014762282251284509,0.02512283930433723,0.010723930770002665,0.029527465548211396,-0.03114026180415752,-0.00012945844119283123,,0.018857567923308727,0.009392675267118289,0.004434268343645131,0.02656275878981762,0.028512085402227383,0.02343751518805237,0.009385662167280318,0.028728162256489442,0.011218583350709466,0.02126733068373632,0.02040021535226355,0.1002952139968083,0.011560606496564763,0.007468606915580933,0.011728149079982764,0.00865015493356358,0.04266276335137231,-0.007769894766536445,-0.007372752778770475,-0.007705499776254232
2021-06-14,-0.028593508929331768,-0.03840894000230444,-0.03674438665424229,-0.028433076376973565,-0.01758537284504169,-0.038412506564795446,-0.058126224405692595,-0.04203051477184805,-0.035478475179830604,,-0.03233333106572134,-0.04897919878092227,-0.02276063523171512,-0.04122820036389119,-0.05094527416987016,-0.025704906616158762,-0.034899215474251455,-0.05030908028638159,-0.04205388172978919,-0.002857338985086888,-0.038062253540138924,-0.01367299548322165,-0.0285713974136641,-0.07561577422835808,-0.04492833785544881,-0.031746338793496975,-0.03142605896111628,-0.03758816650818031,-0.037351920195888844,-0.0422778984176897
2021-06-21,0.04295936394967237,0.014201923984683118,-0.004506094528726634,0.029386571384983684,-0.014662868192270473,0.010727491781990617,0.004872263887353956,0.03458362983124608,-0.008323188933251346,,0.0038762173062869554,0.0037733338071079814,0.0011041833117064748,0.025548604849014556,-0.017506807642270306,-0.014071075273711209,0.004629870645697087,0.001795758585522833,0.015082445705240088,0.007914784833956245,0.0031973292749765125,0.04620819418589672,-0.002941201233732871,0.01949397511686657,0.024990997073706556,0.008763150842404643,-0.002177442621290937,0.0013019127955686827,0.007491841774091235,0.014187115325489552
2021-06-28,-0.002288217684623617,-0.012427829296313808,-0.01272334885076809,0.005072587880632584,0.010629392493453071,-0.01839680129437893,0.006464497745563014,-0.003658887159501134,-0.01895226133151584,,-0.011982469912518945,0.00018653113647348896,-0.0021058535504184794,0.0008772378460593089,0.0022644166645955366,-0.0012973025312912334,0.005106496922878678,0.01120317751123645,-0.005571935519390836,0.005686378042837781,-0.010756956906629256,0.07586367027512608,0.024582124155686724,0.003267868180851563,-0.0017667815663711117,0.004009299997178806,-0.01949521374972296,0.0,-0.0008880825197470354,-0.004172825098414434
2021-07-05,-0.01643727438503062,0.006026197590778715,0.015117878569042897,0.0022302532136473374,0.0344213553346413,0.014622603488202657,0.022480947523771277,0.0066768461555530845,0.011453214892150898,,0.01805672973209349,0.03454445865333833,0.011556576921586847,0.03339118843743294,0.010902568051369244,0.0034100731802906292,0.023915746767051438,-0.004874741291236995,0.0013341436920919492,0.009558342162789613,0.012484867037503733,0.013523601557563492,-0.004798504917734925,0.009046776959804381,0.006725741965532661,0.0064891649763798576,-0.01431847973109912,-0.0009751307753163019,0.02021807113326024,0.01272074374751142
2021-07-12,-0.05324527184806804,0.031536283931222764,0.03833000106281048,0.02459281975100014,0.037157913838740564,0.0275041602463042,0.0047113373787923685,0.028187618927254743,0.02223722784205462,,0.021310553864411164,0.012543269214974062,0.040731165724461116,-0.0049760419288522595,0.01748921411656812,0.044829315041871265,0.0572428849611597,0.024048021593508828,0.006927607095838617,0.03907192218216471,0.02426406550247351,-0.0340720985516757,-0.055930490331504434,0.03275565786664991,0.005274252563023163,0.020664702470328145,0.026845586541313526,0.02667977341503125,0.03919863457501527,0.021575295008695594
2021-07-19,-0.01888336015405645,0.0010248215528765314,-0.019633242041954935,-0.01725894192976385,-0.006179060121266011,-0.01768047326244937,-0.016021870706797503,0.0011288928268613496,-0.010009379337386548,,-0.023846763057495335,-0.005894864581267201,-0.0027682524119235774,-0.03035005459567086,-0.01890746696643597,0.008054498229671081,-0.013049288563026118,0.011524300648626085,0.017994330420419313,-0.009240379027666945,-0.020970926455096572,0.011346859829956202,-0.05822267689711158,-0.02129885197965531,-0.011542433599753488,-0.0084223676319779,-0.025931509819462017,0.011883870496484983,-0.014773817092978203,-0.012440244425617974
2021-07-26,-0.008368190786651852,-0.0013648186510152316,0.006355808920466277,0.024889438226321836,0.016978630397090022,-0.00864761606790454,0.011120106442483957,-0.0046714448914823015,-0.005526973023600834,,-0.0059744758479318705,0.00825034794791435,0.0061262473527177175,-0.030766528734796794,0.0017519937016685638,0.002151119921640632,0.0005798354159474162,0.006018870298872825,-0.0038993212723011927,0.009067584860689593,-0.01745331696782848,0.0058535822383687375,-0.046637824516876036,-0.011827176515084137,0.0038924800530100168,0.016497783725651027,-0.0005355552787723594,0.00015658102526994178,0.001169900948738034,-0.0002929594115423928
2021-08-02,0.04447304249370987,0.04588277039357602,0.035033327138347614,0.013844728386986027,0.04314833904041859,0.023328921216899,0.040062771228470684,0.023952211073752228,0.023722240400877892,,0.015092816943206744,0.01926349895352586,0.017600612016539063,0.01045886702285359,0.030800538791323717,0.0229992176895637,0.0311812372850222,0.01709411674453576,-0.012786816826851344,0.03478809369424418,0.034358017066815405,0.07261160655378296,-0.029578991910629848,-0.02898291498905281,0.030313715687636078,0.02619312797111384,0.012858867539579988,0.012995180065058287,0.023050709347832044,0.012161107309922148
2021-08-09,0.007723420876866616,0.004440879082841409,0.02279514048844944,0.0039176453373162,0.00828416094376494,0.005748952642656846,0.015860999612781423,0.00994768338282781,0.029396102904264865,,0.02249992018533975,0.0060210530066013845,-0.008975246969538997,0.03504613966372361,0.035724407610700615,0.02068355156122803,0.016636622239298404,0.015756110823617497,0.031991889034789445,0.03523134841938269,0.002755837256861682,-0.005468047884288563,0.06916766459362611,-0.0069703209011983125,0.006157930531636824,0.013466904157755089,0.010881966316960368,0.012828406636777423,-0.0010381811368598282,-0.0005792866977587519
2021-08-16,-0.018959240259444066,0.01817579650075296,0.008442126279214035,0.023979371829794927,0.03245981843653456,-0.02660893614854476,-0.020817783065466666,0.02127333835113543,-0.010162190924944192,,0.03011229267319182,0.009808825362278561,0.020799669184076608,0.04438606556116054,0.05215387912066527,0.01703363397033475,0.018465249508367698,0.0290665464977522,0.011646036207913602,0.033912698845573575,0.00942284926659065,-0.00549839727609247,0.017543797239497394,0.004763087248464748,0.011220611294085137,0.003553849979506918,-0.003065039825528193,0.03773740688386318,0.02152735833250996,0.022740684149820556
2021-08-23,-0.005345291666164043,-0.021550342519556343,-0.017524108516249304,-0.0196529979019765,-0.020586730182365676,-0.007786300342473296,-0.021504060413749748,-0.010029297420054872,-0.007190871127601306,,-0.023235739145115453,-0.0068324458020513346,-0.023691844713935484,-0.03359648139899685,-0.025392525322975756,-0.005994739509691538,-0.020953130097914108,-0.0054701088830149125,-0.013302803336315616,-0.033263885798080595,-0.03461694333728105,0.03824003125962161,-0.01724131903421966,-0.03555407296765822,-0.017484882594770434,-0.012009328690976373,-0.01124774805614226,-0.019756500738027705,-0.03258526269326967,-0.027050133357864325
2021-08-30,0.018602782440822363,0.010355081194995286,0.0010224369027767022,0.012543509302795686,0.026842502336860585,0.0012321242353190431,0.01249039801834484,0.012468755010808463,0.008725436050561086,,0.002430126406284927,0.0008287858236359913,0.009649467932915545,0.01946819245903053,0.007789352301345254,0.0027813234020566124,0.020070769025183788,0.01487071660555328,0.02644557169713102,0.032035251007965115,0.0096696207369662,0.00798755932359585,0.0032893965899674082,-0.0016814602552072122,0.029774193977523344,-0.0004675017870016118,0.011754997977094561,0.004243258313644027,0.017688904592189525,0.016011740299257005
2021-09-06,-0.035308531230195395,-0.027655733108606695,-0.012484430217469922,-0.01747592755252292,-0.001944201569435977,-0.04492307870915524,0.010794039981241177,-0.020782112022222576,-0.02110084548950597,,-0.00584903434324191,-0.016397409541188734,-0.023467048667543344,-0.008866212998867806,-0.006396763089809188,-0.026423253808101732,-0.039786887877919175,0.0018065340611252978,-0.04799211228958378,-0.008869122751656633,-0.017956778873296164,-0.043143203844662636,0.017486382221348906,-0.03407604237014916,-0.01595214454399041,-0.031181687408520675,-0.00689614157865559,-0.0009055445752838009,-0.012385650237240253,-0.029226153454709913
2021-09-13,0.03491803998156717,-0.0324577613561613,-0.033155607368000495,-0.053248042003513185,-0.036528015560521876,-0.04327740697967908,-0.06826848003176356,-0.03065543934646009,-0.021689790116972474,,-0.04113850869353908,-0.040161718528038515,-0.0342054474757334,-0.006537239034210107,-0.007152766812761113,-0.037336976957998425,-0.0569454434768869,-0.0010020766119588354,-0.025470934741306794,-0.038737836506385626,-0.023567623178417096,-0.03197596010574544,0.056928000354214525,-0.009791993512957897,-0.01802957206616651,0.0042841855582513855,0.006717504828899434,-0.031264059577927106,-0.043629339187439165,-0.05549017245243426
2021-09-20,-0.04715453699728067,-0.012450275529243493,-0.00035882864866920716,-0.024375564723762344,-0.007020669134099045,-0.009765305237143251,0.04011465675456449,-0.014596236998173584,-0.0009580511355693488,,0.006206380107427023,0.004505375880725637,-0.012140068540882232,-0.003116796425074897,-0.09176887171961856,-0.016355058047482274,-0.0006339897296051555,-0.012434749155060931,0.002722701330676758,-0.011513923632376577,-0.0008323214259019496,0.02091239290931335,0.010162590391431303,-0.01720411503599739,-0.009065437620709771,-0.019544598151981285,-0.027065436881166915,-0.015279113015267076,-0.008264536063993355,-0.003823420929468635
2021-09-27,-0.023037471312685964,-0.02328849684766998,-0.03541953553688515,-0.008165771650569753,-0.04779692837457894,0.006347819990367709,-0.020070907863163567,-0.01695182965899178,-0.01917781266793439,,-0.0307055278278191,-0.017940313545060427,0.0,-0.04394652256952536,-0.014675132695960436,-0.021377666873752865,-0.010039859565618703,-0.029447341624084133,-0.026608933825792103,-0.018463303404152254,0.0120781981429825,-0.05353799825126482,-0.033199187638091154,-0.0059269727936484,-0.01618589468947851,-0.003953855214484325,-0.015738202059077278,-0.022324311290112586,-0.026444376794247715,-0.013107894062835856
2021-10-04,0.051091600405936966,0.003226979215265491,0.018980270106520925,0.027033650731564274,0.014791802177403168,0.013291206793674126,0.025702806816045864,0.007031522543777813,0.02611705798374908,,0.005671598871408223,0.022029183710956746,0.02102387672724748,0.05034560290948065,0.03844200197420866,0.003398000380465893,0.043621606688482695,0.011717755416738695,0.010320941481130497,0.012624665524086698,0.005349892901891362,0.0179535506016677,0.11446417232513117,-0.07681648350989312,0.014306166703704992,-0.009427707418367848,-0.007644434919555576,0.01311746378136247,0.013581244750556998,0.01136169700067935
2021-10-11,0.014125383229606658,-0.003395193509627803,0.01266135696316728,-0.0010767929837965928,0.003453389795036399,0.03379261768714059,0.04737664127421515,0.0024937767701829205,0.013611223905578118,,0.005502200058090878,0.007973382262968842,-0.0017906532837290712,0.0036751067497347023,-0.00910936492315706,0.020964421235712072,0.011708491978881685,0.030196389920418953,0.011043577315528852,0.01820195392808821,0.018419929814432523,-0.004107183336214959,0.045751571678724456,0.021628010122950014,0.01727798003207348,0.03706795917689565,0.03041238816112357,0.009111238957266066,0.014187626693392685,0.04319631041690375
2021-10-18,0.021302919138053822,0.028868594443087536,0.025246497148359026,0.025032910998275204,0.025609720715019435,0.011182779545363397,-0.007850282157727095,0.012603731922576467,0.02175364358465659,,0.05731851512426722,0.00834503283223853,0.03418047950856229,0.05405414129723396,0.02308074856023201,0.021007667427285437,0.0010413700021050243,0.03011433430427979,0.030857675422572672,0.0336721942186653,0.006832699675616061,0.00024253020569120487,0.06250001597443955,-0.014995504316112074,0.009705266563831083,0.027853861043096728,0.021493631004146696,-0.0028512270683538343,0.017652912535096155,-0.0057636964350408215
2021-10-25,0.00802231343587323,-0.014116485643783427,-0.01160874088299435,-0.010166031753811478,-0.009271357739958241,-0.020416576642507067,-0.018839528844027287,-0.011628051752762603,-0.009068084433007662,,-0.017595678016874117,-0.02284487629794174,-0.017055343043430482,0.041025676004777134,-0.015199350535799239,-0.013768410723444702,-0.018497273398433767,0.03664038828688265,0.020661959405679386,0.010779568790556304,-0.01516960511061538,-0.032500636651118464,-0.025210055732876713,-0.03746266154417999,-0.011328585104373401,-0.0006266822896611179,-0.026987878345942184,-0.010008028131261115,-0.01745576285716055,-0.014645348207445674
2021-11-01,-0.005570935785053188,0.004470094076821196,0.014355180817644975,0.003895769023200435,-0.02595023951555009,0.020299606737741893,0.024193439582929077,0.0028169683723120453,0.03726769411259756,,0.007901821010065424,0.0068812634693793395,-0.003234948753826572,0.01779758035330259,0.01193941435866508,0.017725342590943827,-0.005771286733640912,0.01786039274480622,0.014015100669141356,0.0023437467580260662,0.03510997479610012,-0.08320679294883382,0.00431029873408062,0.0010853159889676611,-0.0027777375978899066,0.006112868114849457,-0.0021939189050923513,0.012516083869930972,0.008993993189340577,-0.01223104065746694
2021-11-08,-0.004824644545898926,-0.020028213260636307,-0.011111126962501161,-0.035512863727557686,0.0063656834516674365,0.015320746160243592,-0.0026246099197354544,-0.0013701177104480378,-0.013553110727641426,,-0.02338951889756602,-0.019013367126063274,-0.017702531187731352,0.0029663325817379516,-0.025419677201481417,-0.005856855051968313,-0.02914358025490671,0.00480239858270215,0.008226357915322557,0.009119719035423524,-0.009087261495058785,-0.015986634212998507,0.05236054722146943,0.023853824438521354,-0.004178176292223279,-0.03146908105747204,-0.04122496687421329,-0.0191758343209395,-0.02333018032144829,-0.010501432473132732
2021-11-15,-0.005663386606220899,0.027129691728217775,0.009816495293724081,0.026121112433391103,0.019097982088592147,-0.005553983929081463,-0.001879741481652819,0.014999928989136713,0.011406319927109276,,-0.007358871172066128,-0.006966768864005823,-0.005005402651516944,0.010273879294738997,0.053128685615012605,0.017209285508647865,0.023307021292515717,-0.007573436740144879,-0.012051234011095535,0.02317218751943484,0.005582084851867064,0.01652670126262601,0.00978793266571043,0.013010648983837303,-0.006993086048148411,0.014476492443148636,0.005405485039545743,0.023314879166535407,0.027703856885617828,0.031205276528811776
2021-11-22,-0.030512715828797776,-0.000880415578505489,-0.010189754509853044,-0.009954514836578499,-0.017706700311613255,-0.016016947383622027,-0.0057412557907637884,-0.012643632515575098,0.018219889454664795,,-0.0070090115700987,-0.004677121408638962,0.008738107002806972,0.0006165237306208216,-0.026993792809887895,-0.008115003090609196,0.010254937555256527,-0.0033574900817671116,-0.016091157806080614,-0.02513887671298287,-0.00911969022439929,-0.0011023438061482649,-0.011308580127640133,-0.012692193751794534,-0.007746421107910129,0.009037564306803025,-0.008797712424286397,-0.010052567134903434,-0.014913750799686931,-0.005222725352959867
2021-11-29,-0.0029373662443228366,0.0035247655725427762,0.006153333657924032,-0.0025438938836815916,0.007750544204058185,0.0005222734201790757,0.0274496641933919,0.010477236336966955,0.023643109576287236,,-0.008551726596078724,0.011115085453127893,0.006043470901976544,0.025716134423543036,0.0016490116946745736,0.005890422436595655,0.006846372613577012,-0.012914075298589456,0.024531640096646434,0.027063691167214854,0.004401818862767026,0.008551825165312499,-0.03513070290406206,0.013944285715751903,0.017033182178964656,-0.002985561045298457,0.01701194245339588,0.012733645613763667,0.022429216008825525,0.0063311059263115865
2021-12-06,0.027777926945494302,0.03424654206259237,0.025990656362289366,0.020038813756801943,0.026277538989275095,0.03212580842190116,0.034137193466007965,0.029130951977071273,0.025828941107303383,,0.04930864265813062,0.038698771662958986,0.01631964651166795,0.006755590770576525,0.04018977089747611,0.03159206053737007,0.030245934746366387,0.02218428331903577,0.02008229345686252,0.0255594354739912,0.03306774905811816,0.06291018520417713,0.04572402376838691,0.001662328868468288,0.002442528870704175,0.005516118166873252,0.024565502882857082,0.03581085182743182,0.025337213143331372,0.02056178217440907
2021-12-13,-0.01351358412028214,0.014943213260993682,-0.0031339544134629804,0.030360825941811553,0.039570776871390434,0.03227487679186214,-0.03193395878362937,0.026387407524118833,0.014647221299106006,,0.008820394291599643,0.003269570051079862,0.015072447411847989,-0.005368420524287654,0.019644461342045894,-0.0007469738169953999,0.017296370448286025,-0.00723427392400755,0.01161042004531132,0.007310602588010973,0.036637086128670004,0.0419455949825136,-0.026720638952081988,0.022933177451546216,0.043738931574923035,0.012536589631596762,0.0006310648421170573,0.02704369270784368,0.030059788088218964,0.00736707514237378
2021-12-20,-0.02241602837834622,-0.0036808513839066137,0.0070593062324368905,-0.00023116854179527913,-0.005625092682943755,0.039461881149839284,0.020014768302730968,-0.010283567390271697,-0.0005966705937067163,,0.009265217868357656,0.009310150546830931,-0.0006793858647412554,0.014542911868814956,0.0052045093580181945,-0.002092978885229191,0.0071305816535469635,0.018124093159618937,0.011227522758875175,-0.0026391475223114247,-0.00037201486049787125,0.042232581274799896,-0.001663986764950498,0.01637169043084219,-0.004736121441109575,0.007645730732298572,0.020020400559338514,-0.004488313821064516,-0.017031877380296323,-0.0058208928846748
2021-12-27,0.03184715676400662,0.032241821484012334,0.022868154219235493,0.028317195569574016,0.037236549048075274,0.019857789934274228,0.014171597272935266,0.02408696799822052,0.01850324047247942,,0.015774675230129542,0.023283637404795554,0.01874336290299894,0.008570923708203004,0.023253639873535015,0.02786527053564769,0.017218313364381288,0.060011222523628005,0.026153522044208843,0.02932748873020241,0.027539877784153344,0.020853047992004603,0.01166668548573968,0.024379487767613783,0.021753830160095466,0.0332919407908292,0.0399814513459702,0.03065829861464353,0.02556786176484227,0.02334683013207317
2022-01-03,-0.04938270061521577,-0.00780860627868174,-0.008650685501015443,0.02056876248942996,-0.08133019699319122,0.004963346475449271,-0.008957346288399504,0.00046110666347787266,0.004102017287915372,,0.0210029249713215,0.0012548967387389087,-0.003813312528520907,-0.03777740721139311,-0.004616148306852641,-0.01544965644726315,-0.014508674120040532,-0.019390745439441526,-0.0043280342721009335,-0.07444300467109621,0.009417023077327835,-0.058495732211426454,0.005766032496626217,0.0029749981558213623,0.006320758762917933,0.004046178337012707,0.04482929658832213,0.0008746706818536509,0.0014424020206385002,0.020679523628572838
2022-01-10,-0.00173156317018619,-0.015084504954543831,-0.0017000013185403118,0.0019824544774402764,-0.0572333793057882,0.007218107205466673,-0.001807617583815646,-0.020436340555379906,-0.02509629792641399,,-0.012965964512144379,-0.0025901438952965483,-0.004401719719552277,-0.01923092200638976,-0.009453156456593725,-0.025314817441667747,-0.025429433497581866,-0.007062164432096507,0.0038637979774793774,-0.03714844831159225,0.016505098933606632,0.008135979864948295,0.0655201496220843,0.020762507090261062,-0.009256181824997212,-0.02611931930774669,-0.0018088774479994019,0.00029148251059840646,-0.009875708744733869,-0.0018810907016232337
2022-01-17,-0.0047701022884950595,-0.00516067139526144,-0.0042000065672396225,-0.01110131729132735,-0.013327658419488686,-0.013767175474868387,-0.009779145564069225,-0.00015683654576670314,-0.01029671855472658,,0.0017682432861700903,-0.007706420467323505,-0.010188470432574537,-0.01207830136100052,-0.014855589660833224,-0.026123865647973088,-0.0030899819704267584,0.009423913527548233,-0.005773389754562097,-0.007211708838330111,-0.02823851697949098,-0.04157499512798146,-0.05995394285293498,-0.02186244441427465,-0.010343677851957334,0.002911814035422955,-0.022180543222728555,-0.01237985786868434,0.007688329239441849,-0.010874608861916046
2022-01-24,-0.03485857871324416,-0.0075301446797571,-0.0007981165003241308,0.0017782962421375448,-0.021996415047304763,0.01453298861162744,0.0190197426374219,0.0015687387956322407,0.02383241235402145,0.03888872197364357,0.001891435155872978,0.015026226028173717,0.016993659068040623,-0.015242988019210313,0.01590212183544515,0.01013715544094107,0.001147974591195311,0.009864248480348614,0.010162176842776427,-0.12227596423280807,0.06320381649346851,0.018117050154514036,0.03761243330307118,0.002122009758070975,0.0006742977786886595,0.009015881206480891,0.0145293151771817,0.017549128880409937,-0.004330439402698394,0.023746747330338103
2022-01-31,-0.010835157068266321,0.004261481345300577,-0.008784819083371476,-0.010651292693736436,-0.014825034697743433,-0.00329853188777518,0.0010767415260795055,0.013157923172235853,0.017251541600789677,0.07251363994284654,0.0090610981945618,-0.001995956107646024,-0.004583402754878785,-0.013866566718252371,-0.002339011642375044,0.007102195273912093,0.006077260635206194,0.06427779962717817,-0.009341371258974607,0.04841385861829339,0.002733038071545346,-0.013533812225145159,-0.04806937479848117,-0.007199295658134153,-0.009097126931061461,0.00923820420326904,-0.0043109790253178515,-0.004492641242804352,-0.019985233051814322,-0.015177501094782553
2022-02-07,-0.009364407707937228,-0.028412024250253576,-0.013351905778999695,-0.017046025447561064,-0.03884267008024922,0.008698971370487474,-0.017569013184600912,-0.0244279528247916,-0.021256886279907072,-0.04088557886242106,-0.013719014712728628,-0.032000048286297544,-0.043165248842679915,-0.014878969469991565,-0.04580696322148181,-0.03832594778773446,-0.041258179679358076,-0.03193925172989909,0.014119801426459189,-0.013813982468550923,-0.02010222056543476,0.017307693918193534,-0.06788073650526438,-0.007715619349922931,-0.025501496739240403,-0.010354205119900373,-0.0021281755775416356,-0.027660638368002033,-0.03624268383070961,-0.02646139112074719
2022-02-14,-0.013457129217926411,-0.006092209650359837,-0.01224928072377418,-0.013603763315580997,-0.004167197228549524,-0.005999195612513941,-0.028832045196254152,-0.0022697755869995895,0.004153913296309986,-0.055728890647221196,0.0008852860044437083,0.02746209049463655,0.0006014662732019005,-0.005145223787617614,-0.00230023081925268,-0.0280567178409179,-0.015454122484342303,-0.011868043780165927,-0.013955921450264142,-0.010805719583581785,-0.0027943809861996627,-0.03174586024338488,0.013321434282503208,-0.0004350374991167749,-0.08932299467360183,-0.019256917131490026,-0.003456425003628749,-0.045216356248731104,-0.0053957955735113305,-0.0143367538971505
2022-02-21,-0.007055479090827266,0.01348509965102429,0.016062397178442822,0.04375223279228946,0.029879979885836017,0.0353992403266401,0.03548279839858859,0.026075949040743396,0.025477434736304927,-0.03303234094421725,0.006822360125388061,0.021784510489643916,0.014146196996649207,0.040206856687097225,0.00917621183906503,0.02591431392515897,-0.012195119543426114,0.02330027611150509,0.009272981724740337,0.04059336401327318,0.018629183794918847,-0.011449366789960336,-0.0043820743312672494,0.04454453388273638,0.012643587735438055,0.0029374749147124124,0.043760757638864556,0.03041178713645576,0.009444392063898244,0.01863648956345898
2022-02-28,0.033633353590812876,0.04700187922367305,0.0405672879904031,0.07679424816230362,0.05468596271359516,0.0647171984838173,0.05880200691441395,0.04458987700280015,0.04584566024959713,0.1652797309029319,0.03777130115907146,0.04862664934177818,0.05028936397170147,0.0519646367325064,0.06308008214189109,0.018385326911780187,0.050482826854417295,0.04808337656155359,0.036750441235788855,0.039528080388196996,0.0517597276381101,-0.011318905203443252,-0.014084541350907753,0.034171258539999805,0.0007567034814621731,0.04208416138051274,0.07409505678583539,0.03905292406315852,0.04138698072796765,0.059943403004721896
2022-03-07,0.017415198167145318,-0.005941609162761097,-0.022676382670873463,-0.008201101554226042,-0.05563837757635415,-0.020748930931522303,-0.01862696292494148,-0.015522409779687663,-0.006007783499046959,-0.032941199583714664,0.0030383667941327186,-0.0071161638123460325,0.00836029415428774,-0.012196857111238635,-0.03109418323959867,0.019564784815607972,-0.01698816941552983,-0.014679299183613548,0.025419857833225423,-0.005869420746438037,-0.022637672310984347,0.024494217743995295,-0.03749997550585937,-0.009267844711718043,-0.0068052590713357786,-0.027810537108685973,0.015073692163837471,0.01642515418533108,-0.007927216157604389,-0.01248954917300471
2022-03-14,0.0671171638747905,0.0013283240423969112,0.01077265369478475,-0.015386248872405028,0.04366129028578136,-0.008879971961747835,0.021089458024894148,0.003638592795660811,-0.007163664305238404,-0.0062854810301687936,-0.012035201602146106,-0.007088137413518214,-0.010269404700996132,-0.0021608564444832723,0.006436866840031419,0.006526772981961582,-0.004534031463269139,-0.008709647661779063,-0.018876543669789747,0.03871394293568908,0.010070499698389801,-0.014812946798251403,0.07421150721696113,-0.010710512274947681,0.02300891067409694,0.024731956728342164,0.01348793769377532,-0.00960851916505212,0.00873629174792212,-0.022452679882830284
2022-03-21,0.028704118990571015,0.025203069522882426,0.03335223390711772,0.029446036788484342,0.005229366331092722,0.05136160369212006,0.04681580200166113,0.04108755835308453,0.04487032878671249,0.09773516789329895,0.03322278173735804,0.037166713553338004,0.03883861901653862,0.06403716072155063,0.04915488803582657,0.032113782177503714,0.03871514183788327,0.05225426299052138,0.039406476587169115,0.019060181636461726,0.03489530174992894,-0.02321283093199733,0.034542275055707394,0.041250013318851586,0.03449582147120944,0.02260480393345876,0.03947813533551936,0.04262831230829556,0.03580482171337307,0.034942678670674354
2022-03-28,0.07591296141081494,0.023613157949747166,0.044172811505252874,0.048223888174619756,0.05822623919824266,0.02438413806246964,0.02433423378785249,0.031630905387183716,0.03700916311349456,0.07843868586108904,0.028105319193789002,0.039198947557956165,0.03381292878509967,0.03270817768914558,0.045806857998782924,0.03305889932550876,0.03669502714215622,0.0472425554971303,0.039027745674347525,0.0210864039744052,0.030186257126913363,0.036997029137744164,0.024207056763500212,0.04395877506111745,0.05183026598167051,0.04025756107397416,0.06378497580197151,0.04497393264629901,0.031202178686508653,0.028995768158709412
2022-04-04,-0.053012993056596236,0.024174399989176587,0.024053082103334233,0.014579844192291525,0.006100396956433718,0.0024710015025455334,0.04301762685322785,0.019831474681535788,0.018728501326919833,0.10341254435167091,0.023745829139796726,0.01786010428450968,0.022425052294587244,0.02308023736430198,0.026896400320367775,0.029684679269875947,0.02994211357497889,0.05182539235948358,0.0188881287916296,0.0044334973079682705,-0.000935308207528851,0.029947873735531205,0.04645476905714441,-0.006051430906052424,0.003101316038420121,0.014494694970671462,-0.003228929159212468,0.031975101065653044,0.03322458015270846,0.028453815192129417
2022-04-11,-0.016914899191110666,-0.022061150125638362,-0.008447381807766163,-0.009224177197038386,-0.02184018938377208,-0.01618607657697857,-0.002770060665948537,-0.01323974824930807,0.0012255411213126788,-0.02296161461726265,-0.011088374175583282,-0.0013107361387417749,-0.004334730213152671,-0.0015291585227668048,0.007135826412354218,-0.004219122385665353,0.0007565865368095448,-0.0219430376687737,-0.0014746258505690113,-0.03809963223435564,-0.009360191629520953,-0.009102366904539472,-0.04205605636120191,-0.01648896962011026,0.003091866915505559,0.009848968438822325,0.008598961579712627,-0.006536745100913177,-0.012441317930938611,-0.006415451681792805
2022-04-18,-0.07865643642190545,-0.004259292380315971,0.006545537816365021,-0.01754212255653742,-0.01179598341990118,-0.00868539656796552,-0.01759257276593884,0.0029349804030567306,-0.015709477070334543,-0.0019183647570231166,-0.028718489880324216,-0.0026243236660355995,-0.004962944895669508,-0.0030619679229622054,-0.006924202429652415,0.007343861212538494,-0.006479423939865003,-0.007750314184645779,-0.029324926939518492,-0.10699186647666314,-0.02771662413117637,-0.03266142815457085,-0.013821176432620819,-0.0028372419635744883,0.02363006793069955,0.01483514564885291,-0.017576533103305647,-0.0010528597761971792,0.007655679861760412,-0.0005381271247597574
2022-04-25,-0.09204087991692045,-0.06828257850369834,-0.041081791171994064,-0.011371416881759355,-0.061632078433911386,-0.04465047760461116,-0.038328684513109,-0.042781505870468695,-0.03886411067994466,-0.05157777710318445,-0.038285001406562436,-0.04217545243407872,-0.03605173471479228,-0.039514318162587325,-0.036403522102463115,-0.04878748346307249,-0.05000011020522421,-0.03843764693361629,-0.05868277361801988,-0.03962149571278306,-0.05668923833109296,-0.053020223451481385,0.04286888754231888,-0.07915159169358066,-0.05286055874183038,-0.057119645843948574,-0.04089414338730568,-0.03319697000196886,-0.03779568207235162,-0.013997429213954748
2022-05-02,0.03320194697468848,0.0058883462089611704,-0.0026911669882594413,0.005448486021907728,-0.0329049358939254,0.013227492015691844,0.003920386085801253,-0.013684530593877753,0.013370778563057462,0.017902404162874586,0.029152441739646706,-0.01037852058222588,0.010530009067640123,0.021951047031622428,0.0035339268756606756,0.003684584983244754,0.03432510312890069,0.005985306646769439,-0.014546394560859044,0.020416969356987558,0.020671881815851112,0.1641713073304476,-0.007114533749794871,0.0530238415258204,0.03249747525152058,-0.0033016348560673814,0.021938568726147967,0.01744076969198627,0.00609708223411598,-0.002456996514426879
2022-05-09,-0.03342882010300219,-0.005107334384254925,0.004964994841468062,0.00040130768134116757,-0.016978808507080112,-0.016884128820338518,0.009762432194429405,0.0319881558474675,0.015109587912881528,-0.09391078934761055,-0.004879777179879419,0.0010024319491421796,-0.01814567605652473,-0.06884796950593752,-0.009091660859178785,-0.007195243676957674,-0.01172574957055561,-0.007012353404320382,0.0049962662089850784,-0.036842789263322295,0.02814525665866907,0.02149754073145216,-0.0668790079899596,-0.011872548409602057,-0.015737279950545635,-0.012242641962556644,-0.023286881573670204,-0.013660038772605687,0.014206171698258219,0.01929396952692808
2022-05-16,0.01432821027185227,0.003935726374472592,-0.005047790044484968,0.007990348959244109,-0.0018246066936772332,-0.011154493383793485,-0.014502169160813483,-0.008927355132886339,0.004297709700571417,0.039911670554950485,-0.012797361262739448,-0.008396867102119288,0.013935678576441735,0.005957752856540877,-0.0016214860299972322,-0.0026623400786878193,0.011529135744251962,0.016200708109044948,-0.0032933452582167844,0.020343800781162935,-0.0013192436000145635,0.08110666767051455,0.0017064175351886313,0.028263110974159122,0.014946170290961902,-0.015018971488231836,-0.005898413006887093,0.005975543740862621,0.021610619066915637,-0.0036245845940395816
2022-05-23,0.09254731149356776,0.0870972602011193,0.042206358679190314,0.03881626588849252,0.0425222492553019,0.0596481406837468,0.06594657870642862,0.038355327429866026,0.05858530488462543,0.17563975333334803,0.03174211062151455,0.0433499541758493,0.041609815382526394,0.06393323262215711,0.03504866982509691,0.05558634770068971,0.03978820837413788,0.05726405361129361,0.025017816160215256,0.08719469756138443,0.048877158317092384,0.0159667418463334,0.05195922823384991,0.04527964273828977,0.03972590526586517,0.02205775115493047,0.04084682756239655,0.036234980995218935,0.028778247192153605,0.028563596842238193
2022-05-30,-0.007133156042504196,-0.0261837162508054,-0.03355783702322335,-0.015641440458180833,0.022337902761781825,-0.013005773140912336,-0.023133815802590885,-0.004617331214140097,-0.026546073671461667,-0.021471491210211524,-0.028769481071367897,-0.016455772223651133,-0.028321716179349643,-0.003996638869078306,-0.008919738040164105,-0.007935428777157805,-0.010718165792505285,-0.02246743722986555,-0.0356897322669677,0.022061430232774626,-0.010705241554371692,-0.020882704994971468,0.004048462251902363,-0.015625189893968883,-0.017457157667716605,-0.007821424895228302,-0.038403678056259105,-0.010648217773907787,-0.022059544599399294,-0.019124792345440955
2022-06-06,-0.07094741856875442,-0.044920322358911524,-0.043617938210307905,-0.036194333619754215,-0.04434414043883239,-0.035655875789704417,-0.04894224133969449,-0.04821480306774728,-0.028189073141659526,-0.08255326287336207,-0.03339403569995225,-0.03474900970853356,-0.030496563243695873,-0.04012593375067053,-0.0339167488392933,-0.046564717968524794,-0.046262123003494526,-0.05581796637289782,-0.03056353849863125,-0.035328515158663754,-0.043602904296352274,-0.03232189709565492,-0.11451609800316886,-0.04852227441361712,-0.05028500678030867,-0.044233743863332564,-0.034883016962929836,-0.04145631226719726,-0.04674607286515198,-0.05168282779088085
2022-06-13,-0.06959892990613137,-0.07703980742634209,-0.08215146178269794,-0.10024418663342882,-0.11081144881308203,-0.07555582930496907,-0.0903053756475618,-0.09673613711760987,-0.08691557854094267,-0.0282656092035678,-0.07439138049768901,-0.09239207532038385,-0.0923262753628934,-0.12033446555074745,-0.1161907389776049,-0.0990262288355237,-0.11416559382335012,-0.11084544200473279,-0.11551723379600942,-0.06718490944928524,-0.1128119685472102,-0.17450565371008497,-0.10928958281969414,-0.10592703931725889,-0.10483580018981375,-0.08924720798351138,-0.09808610392600314,-0.09356800788321529,-0.0900211101099716,-0.09998596981048014
2022-06-20,0.11272715849492387,0.04694071133157962,0.0801081099408445,0.05870371160512855,0.12515194471368174,0.05535684664272056,0.05291971344336521,0.06589287238002117,0.06963640074239641,0.020309819852408095,0.06443253565668705,0.07007672169868151,0.06859536377689257,0.06568225658422411,0.0789576496667912,0.06601269921602126,0.06886371330598662,0.05817669847420226,0.038429663286964955,0.10182167277023835,0.07351838140837863,0.05477543386157002,0.04805727268274662,0.08844074260736234,0.07723975296071073,0.05662599499266996,0.07133127153661034,0.06790022377001548,0.07513556112432274,0.08046842938364596
2022-06-27,0.0028011556816995853,0.047976263859900614,0.048686098090014784,0.046474392719643154,0.03431290978877821,0.0541011164000027,0.057192280370317095,0.05890447095189799,0.04637883972032619,-0.028340049222259522,0.03967226918024558,0.05085028505999012,0.04869431379842393,0.01528907021718795,0.04296703449155692,0.04211505919592495,0.04559097033321513,0.06421799769467773,0.05470627652640303,0.03255566692155609,0.04996504403185331,0.013570045370381978,-0.0009756179301446677,0.040835991168231,0.0251108290185742,0.03455451912824259,0.027569589156139607,0.04740085521220294,0.055784209071988666,0.05936385579829451
2022-07-04,0.0009310794045067627,-0.04544702220544483,-0.04816135007815614,-0.03685565890205822,-0.01675022607503851,-0.026921395322164865,-0.037049181841213086,-0.0436041003958797,-0.054195664604719695,0.03559027357422062,-0.022895143233781612,-0.033369504622273394,-0.03384424243470552,-0.009110315267775837,-0.045186570922103875,-0.03607246172887224,-0.04394738877585447,-0.03863692157906151,-0.05593718482049048,-0.0038479547450781526,-0.05257910530786769,-0.026003945064091982,0.0029297120700595425,-0.051017578105967076,-0.02089348374765032,-0.03417342888060704,-0.04096120269601855,-0.02666118785008953,-0.02992769083427904,-0.04171799161742629
2022-07-11,-0.053488239545566474,0.014300576423944555,0.0,0.009328142555286911,-0.015179615264195645,-0.0013387399855379067,0.008171676911923997,0.0027265073336790735,0.015548564137521259,-0.06689021335826029,-0.0022675954959450184,0.002643171240076292,0.014351626113213944,-0.014566918933424766,0.00027257851982498416,0.009937864141120079,0.00408075838040145,-0.0013547018146148337,0.009157242504610474,-0.019189992805714873,0.010888669657463712,-0.048903162799292965,0.004868496971532688,-0.0018345310667452486,0.012877206419592113,-0.030579549991256116,0.04320982527313122,0.01601356119569175,0.01246095770853839,0.005172258093128157
2022-07-18,-0.03046707817719274,-0.012551465968553943,-0.00364680846770693,-0.009136826664203124,-0.002355841572877826,0.012958052594182146,0.003039490474522122,-0.015407814785817098,-0.010278373180674594,-0.029823870887139337,-0.023358672787423873,-0.011423569008379264,-0.022805345214006012,-0.003736259151321586,-0.006810763784879104,-0.011223920244531227,0.00478116536983042,-0.004747842921458911,0.022684829260483763,0.019565453721878345,-0.011813707861881961,-0.00972763586582226,0.03003873505134269,-0.007068065399284396,-0.007264810944231259,-0.007431994653808061,0.019835936054891867,-0.005391928707304983,-0.028684799779810866,-0.018439184524435492
2022-07-25,0.12620403563856475,0.060943714948723526,0.06508068709462611,0.04462102495862097,0.0487114665424766,0.0709306419237361,0.06700330213059602,0.05446453394530204,0.07388569556448465,0.22407405706886996,0.05985798237801809,0.0529294790679542,0.04715180613567593,0.1050055975535491,0.0526652829802865,0.061421181141378955,0.049488527436141405,0.05611081235594595,0.07254680714192974,0.05283490078313746,0.06891709218638242,0.059500303908986085,0.02163687980390927,0.045985351835118315,0.06403213107993366,0.0926789034776545,0.07494820996462637,0.0688072718195496,0.060801000566073515,0.06567649963202071
2022-08-01,0.09779394071780967,0.013130120869569994,-0.019544652439921095,0.00913158555780158,0.0012865817383986844,-0.06178418586159695,-0.006942304944099864,-0.016295714183731214,-0.020952824184199303,0.12405456277271831,0.007196812502715089,-0.00920959143542599,-0.007004577583031746,0.007230431797969894,0.02266992363666076,-0.006299240153635699,0.024484284210210205,-0.036997188406160175,-0.0664232126451264,0.04130670662904112,-0.022756937233422203,0.028404037455228126,0.025782730513802532,0.03852039274647079,-0.034731708962303376,-0.014161763869491861,-0.03624850993249007,0.004942008037067902,-0.0066467030091491575,0.0084724436052801
2022-08-08,0.027663156323845195,0.03377939567507715,0.03866361116442296,0.04343449314851555,0.017283580689145817,0.026868012612473624,0.03272963236152582,0.03735061140556395,0.01975495316925424,0.09690427429697879,0.003148840529040964,0.04500378999494781,0.009985392457174447,0.03647825803125815,0.027773179247258417,0.045112563098546055,0.030205799211904916,0.03127092485246297,0.07475099853379841,0.028301790792169657,0.05666780737596011,0.08346311881360946,0.08886891584155787,0.025192527386793007,0.07908807737834245,0.04433127133172188,0.04117896144233146,0.011000368830472063,0.02443757314608974,0.029268061174337223
2022-08-15,0.02772197880859051,0.010891898467053407,0.02657393379031414,0.019120342065414242,0.0009279840906812886,0.009063678378337992,0.004615532820932966,0.018228965761544647,0.014529394123754091,-0.006320654124862379,0.033683474506294164,0.009117273753556088,0.0365855419457084,0.011165891483231771,0.013841866253946344,0.006207089579181924,0.0055847018300654305,0.006796681515813363,0.010776309813371299,-0.008400528776872918,0.012845283681250041,0.03071760429483028,0.0,0.008277150367203667,0.01716725581950862,0.026475445054476854,0.02217940647700467,0.03514984043386726,0.026511104391741203,0.01290166776115842
2022-08-22,0.001954578117587369,-0.02763906461387422,-0.02629682536717537,-0.029731187025002548,-0.042582891223030495,-0.011424164449822527,-0.022204145236937034,-0.03073023364975158,-0.01230941891328563,-0.0001237997688943171,-0.029666026587378158,-0.021448622085520896,-0.03982683410424037,-0.031730424233361365,-0.02203037055184598,-0.01802536456810999,-0.021681103532559365,-0.03099265561648079,-0.02616930059673339,-0.01839249215813532,-0.043119910230987935,-0.02863793911278012,0.02885408766569708,-0.026167199356045057,-0.03310603318868266,-0.03904904102816398,-0.020698427527860108,-0.024451198675826236,-0.02692912150683391,-0.02612435140967706
2022-08-29,0.020288777575887984,-0.0125259760345946,-0.019622196486501986,-0.007169594634217513,-0.01965716542395446,-0.012414800075207011,0.0009448491436827577,-0.02356018944544036,-0.0005073606136174469,0.0029691702321714697,-0.01504575249257134,-0.015613264753807754,-0.01591088771868243,-0.018911379987265997,-0.023115111530793597,-0.015975829545679998,-0.022379813415684513,-0.01409080894131376,-0.006966739020237367,-0.03350009559476819,-0.020874867763377547,-0.005992306146360038,0.00560902153310705,-0.013435319886515473,-0.02853309828201367,-0.04018592101709806,0.0015612464616170385,-0.00421979599119382,-0.016986370784792704,-0.006939602746002027
2022-09-05,0.04894837284841391,0.025695091970477257,0.028838710231125164,0.035809693730837866,0.04577371787035589,0.030903459225688934,0.033668987396281436,0.04036318290714491,0.024065829548802098,0.07943762027052026,0.024620614819940823,0.033246951690406146,0.026915781002023298,0.016774444965159008,0.03200836166861443,0.026034742932641297,0.02322723147999084,0.039927332990142395,0.04009019213401355,0.06140277058398391,0.030795414917810682,0.043887139155300625,0.02709163195154618,0.028571551899495118,0.031444294538184314,0.06233407450419448,0.04172640071881606,0.021188905973862582,0.03329783828832911,0.03453824082767887
2022-09-12,-0.05504928750744997,-0.03504033819416752,-0.03445125511773717,-0.041543252924099106,-0.04196257388784763,-0.03454993290798902,-0.024657460568016543,-0.04309222036578897,-0.034110028723710384,-0.022168984050230933,-0.028138608636556484,-0.041328439673502415,-0.03431017242576473,-0.02286550541199306,-0.037685652597660435,-0.04390593507303564,-0.030885018428545297,-0.057373538384043354,-0.007468022985948841,-0.056840927249780515,-0.05351273162875181,0.013398023214549637,0.01474008385912784,-0.044262793167800685,-0.02373225904645304,-0.01621577775818539,-0.03061686738570102,-0.028546231212785433,-0.048384169950070666,-0.04001033382578634
2022-09-19,-0.0628856770561772,-0.02201779130745718,-0.0288892317815157,-0.026106131756976625,-0.05047150890118657,-0.021752532648742995,-0.01498130729303604,-0.02363844016854577,-0.019915924258484097,-0.020100533851654,-0.03798560400521156,-0.026040521653985738,-0.02261805195231703,-0.03939558285746991,-0.03318319301205108,-0.03160873614323911,-0.021959511394137432,-0.03563989674114609,-0.027912749664396275,-0.026772034730805805,-0.027401980041313334,-0.07385455441108646,-0.035932731361330905,-0.032052175719053944,-0.026625154003483642,-0.05153716511352413,-0.03953932417682393,-0.029255612593153568,-0.016980879449656427,-0.025329511864612964
2022-09-26,-0.06957603083910469,-0.10971105697387096,-0.09575650849800577,-0.11551055145997946,-0.07628995490413504,-0.08679273656585584,-0.10709762693060532,-0.1075697495114849,-0.10170721476439992,-0.007871111347239834,-0.11112539391848997,-0.08443416895710432,-0.10307593992226627,-0.12765959854113018,-0.09821660210106553,-0.08545033882594111,-0.09580424145613597,-0.10103193622723472,-0.0761547391032581,-0.049806060542361696,-0.10164058726584635,-0.05808517933810953,-0.00872323312702239,-0.09485048980498645,-0.09946706783010106,-0.10660947232222817,-0.060241871660709156,-0.09321240827181021,-0.10183795323126099,-0.10564551932962607
2022-10-03,0.10265498613176871,-0.06303068698886671,-0.04456864305583419,-0.04002310301702039,-0.020820525529842926,-0.024153117962447013,-0.048616035200268026,-0.05065241749941718,-0.04874068894593897,0.014424784791742251,-0.0682969658485435,-0.06571060864159961,-0.042463958196361506,0.04819965460657505,0.0059625200006685475,-0.039730719724540675,-0.047588446927023687,-0.013347484774040241,-0.024324447015173223,-0.021425834847550895,-0.026994957856563584,0.07447094618285743,0.1944000293132233,-0.05472019984637899,-0.026430048806524997,-0.016183521519270938,-0.019407935529585973,-0.05705882248800409,-0.044168440572082135,-0.06468748822665105
2022-10-10,-0.06460690128118662,-0.014501537174327228,-0.009225609980258453,0.0063862404563233,0.0077677545191310315,-0.012878537246215793,-0.034688450613725275,-0.022065618326538528,0.004045061731593025,-0.03708967668114849,-0.0012423645424179952,-0.02781651704189536,-0.025261047540592108,-0.06140211944643459,-0.012051798315034223,-0.013499199514954263,-0.02276109896599099,-0.010010858552655377,0.0019391226140810236,-0.06464237278347418,-0.0008158389312730163,-0.001945681166777069,-0.07367720173234804,0.0132830270907347,-0.007293361099401818,-0.027295694640786072,-0.03761125101237872,-0.009513405070536662,-0.013804533804515184,-0.016705661851295517
2022-10-17,0.050193162775640676,0.01696289416739094,0.01744274572331883,0.02526348517257171,0.033634298307824606,0.03699918806957947,0.04366299091358217,0.006658128944891484,0.03613719472244714,0.07408315825400758,0.018970543987541832,0.02822967364457618,0.018889719157997753,0.01108490837232079,0.022797716028678083,0.03358800263659423,0.0004135359927821547,0.003552866775286212,0.006635426275146017,-0.0016717409209153766,0.0,0.03216378552306898,0.048445402346037,0.03867940132682257,0.04857147439323417,0.009106056366785964,0.00551241437150396,0.015588099854825677,0.02787662418374315,0.034658627778597406
2022-10-24,0.08088223925644145,0.052451962020880316,0.061227091568348824,0.04402677309714065,0.09927697742927721,0.05278153515452111,0.06664193663456142,0.06411898469795663,0.042182154243147085,0.07412924711872804,0.05920962015361675,0.05760818877230767,0.06262726377237282,0.08249456361905794,0.05318213622292234,0.06533703544777114,0.05758374524817422,0.055555573650195145,0.045866571078661655,0.10300046108457206,0.05716612292818679,0.05453262460863262,0.051724178776973107,0.06419443002470127,0.03191904313599081,0.05764282155518918,0.07105711747122978,0.028527049465753684,0.05712638605643838,0.07339883506812939
2022-10-31,0.0,0.015412360525971502,-0.015790174856852857,0.0019013770796787455,-0.04727978386384524,-0.01008298662673146,-0.011454301649884036,-0.015365992390411809,0.017976245459914608,0.0060799809661840065,-0.032848287161529544,-0.010999652459527165,-0.00414895554352912,-0.0199235960358376,0.02775457232831746,0.010329194960693178,0.005340580192383815,-0.04076350798720996,-0.004726956430348039,-0.0029102299321089875,0.009349487534093814,-0.007163770341597764,0.003934459217715958,0.017862337131806294,0.018483501358438126,0.008009708467600962,0.016011451375847585,-0.021555467724414967,-0.002292686143306244,0.0027536857953114335
2022-11-07,0.06759948831510276,0.022757492892611975,0.028260932924931703,0.0045774979339205935,0.049626094904958284,0.043949699520396734,0.02282300363456735,0.032701399335535175,-0.010217669699648102,-0.021310452574163308,-0.08148365434929461,0.016638501742283873,0.016664878395866056,0.014230057917210326,-0.0008129089298547498,-0.051277936309052086,0.011790661221996901,0.05190956806825997,0.011911472908735954,0.05723340777397201,-0.003089998086430512,0.03175948405613993,-0.03592428325135222,0.04371319327268974,0.015185153502560889,0.0069097068944352635,-0.0011624783020336427,0.0027727954094165508,0.019258143239404557,0.02959573210324562
2022-11-14,-0.014957291937616857,0.024661496279231754,0.03432567367953476,0.023970168825571125,0.010034311271719831,0.03938936424363915,0.018537556858817528,0.027045540671183144,0.04948386048449316,0.010724738416722834,-0.04054496145144948,0.00297561436852245,0.0170222312838626,0.030900320357210243,0.021867701659571415,-0.012459950498378336,0.01997685893111445,-0.013551519473486096,0.013698595690416315,-0.0013202614515172018,0.019759891391380346,-0.06960351427404499,0.017615194897969033,0.02917369004286874,0.024808551511358745,-0.010293401434907978,0.020627078241878483,0.007374559068974662,0.035720579137685116,0.013187023004100906
2022-11-21,0.034345627305645055,0.021534612244740403,0.03051741454757928,0.04590273993860827,0.0421919735059717,0.03572365624059337,0.05267935817321856,0.02099997633938777,0.0517474428092497,0.042965167365750956,0.040060749027056586,0.0015707497516090907,0.03990936994500638,0.04066755467431027,0.01635096183342588,0.016620645169446835,0.03502842654900551,0.047675334909377476,0.0358627167776433,0.025721135781096027,0.0368541039434811,-0.0018939367194678036,0.02330220494118862,0.03756940234510853,0.04058384777570745,0.026521152818291593,0.03560582831965586,0.031237819266417555,0.030930089713324227,0.01828010046102535
2022-11-28,0.0020972218368566775,-0.029229443783433284,-0.008670054709536301,-0.003665919449408528,0.005493764488245345,-0.015845712748189134,-0.011920157340192583,-0.012079619545380949,-0.0015385011971434936,-0.05269666927521599,-0.017227302497717756,0.0024394408784569332,-0.0010038825587739275,0.017748743572283177,0.018989026915751772,-0.008642625969808249,0.01540510855992916,0.034439690743460316,0.04164577092466182,0.003429742842275818,0.010260101426043944,-0.02158438611001623,0.01886795966928445,0.02117655575998212,-0.0017105992740547027,0.028706405084745867,0.015110625446913106,0.006426487611884024,-0.026353269962452353,-0.0070371721788158315
2022-12-05,-0.005231978698053474,0.009306631327825166,0.006474233678761321,0.015348952327051357,0.015610881943565635,0.009696192292322436,-0.00717303514376999,0.02808993925532799,-0.008423118744394498,-0.025206373316803532,-0.025564675934917402,0.018512097895807766,0.008339997925385534,0.0064249982613311385,0.008282279527105807,0.06649577416009866,0.004061425587793099,-0.0007237834911955066,-0.0009633740641540323,-0.008098484495529412,-0.006528875454131944,-0.2174546354753557,-0.007662838750922996,-0.007936424429897948,-0.007882075968543845,-0.018877247994738888,-0.028807360208817134,0.015147049718283734,-0.003435271059342937,0.010124349906081687
2022-12-12,-0.0063114507779428175,-0.012655996175313988,-0.0031904017489612357,-0.02081173870721631,-0.023952936748714238,-0.02464506055431781,-0.014449911705317287,-0.004982405383859967,-0.014088897313217053,-0.01694160014425561,0.005833958396193495,-0.011690398277150127,-9.961829919102883e-05,-0.010487999733880815,-0.020706835279315716,-0.007693568480008461,-0.015109928264392503,0.01231284979741143,-0.013259382658116659,-0.004378281843237519,-0.007301867365644865,-0.03810406838257108,0.03474902005018743,0.005161212330399234,0.014090942473961254,0.00014155997622711247,-0.023766580070148757,0.015652477180053914,-0.006267635491143397,0.0011455039085344065
2022-12-19,0.011997249534157817,0.012635107116976574,0.020517407909027563,0.011843118974581568,0.004068256519406788,0.0028753130425163143,0.02265910971191376,0.027620672722949546,0.007145032406564944,-0.0018141331302298225,0.03701812480225697,0.031739661444528444,0.026410211710372833,0.0012288643260480736,-0.008912102014387746,0.023098025124102195,0.025134713374965756,0.0264728573118449,0.02614223990497333,0.0003565317331424289,0.0191246161842491,0.027697288382331653,-0.0012437915751872808,0.000385182717466126,0.014074911476407825,0.031060027175400906,0.002733215444114867,0.03327079169975722,0.003679228932255807,0.01444524069587394
2022-12-26,0.002789424992736933,-0.0016275559689212793,-0.006813322866221938,-0.007733437818841726,-0.003921083640495371,-0.02632494014832032,-0.02280876619319272,-0.004558257103080998,-0.0056337503220016405,-0.020785980666296888,0.008718510686630987,-0.00852041713039231,0.0,-0.02393372165909058,-0.008198885115113241,-0.006472940005307959,-0.004630255556754226,0.004414404950627393,-0.0014285933440769671,-0.0067719682139978365,-0.010465453161536353,-0.0028204596665107884,0.012453286362130944,-0.024252559633996085,-0.010832877988360523,0.003110663048939921,-0.005803801201040404,-0.004599753069500223,-0.018014221243852213,-0.011560811474522037
2023-01-02,-0.08101527854601087,0.0025357697851109418,-0.0067477274465536086,0.01664041836281327,0.03831525479245723,0.004104514224835931,0.0,0.0175273345832192,0.02644012171544685,-0.031434901105704904,0.008969308331632675,0.01625118306272455,0.021264212731225696,0.06315163900440046,-0.042844491536314866,0.02939769897104072,0.023377953456497735,0.01017815333784955,0.0102526782483221,0.0005981203593827811,0.00692919833610306,0.011942220801179015,-0.022755185109025966,-0.007627727520500005,0.025325106151720123,0.022360082542085324,0.0,0.0030807094495404197,0.010772069097636283,0.023811550008005833
2023-01-09,0.05410519452914997,0.0028907638067157126,0.020720090107963163,-0.017507534409790804,0.003854387994952191,0.019639160024182534,0.04401465410382799,-0.008069599793355198,-0.013697360739634679,0.019880314149693046,0.016971113256160963,-0.012642236659938688,-0.0019014797508083436,0.01988921911128827,-0.010401129129752884,-0.029175724059941732,-0.02074600142326999,-0.006640746115129992,0.008496614965118887,0.012313220217925469,0.006519345048846326,-0.009937874085065523,0.0,-0.001192595690813425,0.021695748770992118,0.0003192470095489952,0.04070154664342107,-0.018288454265726117,0.010340841260480405,-0.0016831191461748052
2023-01-16,-0.03338122037506308,-0.029183968734413535,-0.038491359845152284,-0.028152654218971618,-0.046138346075309644,-0.015164719630235246,-0.03832636458855321,-0.029881208944269155,-0.027982077355439228,-0.025364060491292473,-0.007946674353117356,-0.033579312472366785,-0.030100888928850433,-0.02155414175586723,0.008258237156303583,-0.0516775411836381,-0.05094016277050262,-0.02397414279732557,-0.012403313196968524,-0.03377421362153987,-0.02087079423546423,0.01035127140839931,-0.015103845770445212,-0.00013266885261453698,-0.04214312490051453,-0.03558888469809429,-0.017658458026739043,-0.04550619351112528,-0.027884992011385057,-0.036813327651022076
2023-01-23,0.0014853454618626305,0.009834837958757392,0.005768359339882068,0.009764549176550119,0.03616206277926515,0.026106207970085782,-0.012288331679060183,0.00774079728246968,0.011941552745678097,0.043132528102745926,0.0004806404240262907,-0.0033342166047302113,-0.0023571822241658102,0.030121358555154965,0.011820540426240811,0.03521134813466076,0.015048919213259904,-0.015351992604967113,-0.022985912307115997,-0.07626500062273389,0.011392895290985194,0.04781123406964016,0.02619805961345678,-0.01711782356089997,0.010572959060351828,0.0033096815772637456,0.024305304017699703,0.013110812258166238,-0.0033305840291438793,-0.0017506248737446661
2023-01-30,-0.027067149463981366,-0.01984562338801099,-0.021564461566534576,-0.010314839565235157,-0.0026110284234786008,0.010694327087033217,-0.01815728813032158,0.004160706130511782,-0.020861922845769598,-0.039039031807179825,-0.03522818388766791,-0.00730694832936718,-0.0098444195743832,-0.02720392912795111,-0.0057952795232406595,-0.0016197821294524628,-0.007289512721939007,-0.018949310097795324,-0.04147452012682851,-0.012040309362702617,-0.007630800363411905,0.020148120254597,-0.03175588616494418,0.0244363458025747,-0.03273708699931499,0.003628398385770115,-0.036643319183263356,-0.010735448469298414,0.008515738695388908,-0.006575923609975609
2023-02-06,0.0013301280343005484,0.006314393188324496,0.002344542881963285,-0.01693625573323765,-0.039333541816408246,-0.008021207383659856,0.0037670041364024076,-0.02135456591984597,-0.006133620007790608,0.04338943558259323,-0.01178422736460305,0.008158950446162105,-0.0146152324988994,0.0020936772805266735,-0.02118805434687998,-0.009247187488232278,-0.003484655053520247,-0.004645572197454428,0.00961526268722146,0.000937553908824551,-0.015745175260172273,0.024026552106788612,-0.0006430922230452607,-0.012043044542574433,0.0,-0.0032866424936305316,0.007889750573123244,-0.0057974419334959615,-0.0030996766844011425,0.00735510212040702
2023-02-13,0.004595924145098573,0.013902038863221389,0.02058476747644855,0.030000121886127218,-0.0014066941012875755,0.007397900058750961,-0.003411733807469841,0.01732485089146607,0.009636134825276255,-0.02603386489358339,-0.014108159378037999,0.014250526378435602,0.003834062144035144,0.008655360867384276,0.04499637209831864,0.016865912602155975,0.0024977006208324326,0.05747976618683204,0.03856983766804656,0.017795054427744983,0.01900070984445268,-0.018359015713951377,0.001930456767107902,0.01363204993844458,0.0052337590092690345,0.026051098730123456,0.008655134988011515,-0.0037379979202867286,-0.004288601609274356,-0.006863440045978275
2023-02-20,-0.034693183688900064,-0.023161006655752714,-0.03311929093222643,-0.021426228423787053,-0.053806563005373675,-0.0053170379428417736,-0.015521966244092744,-0.025012131914433744,-0.012723011869414824,-0.06244825335286308,-0.02896080615305796,-0.019947963265542268,-0.015867499132514506,0.015386864670319689,-0.01937314481205976,-0.023671511608117313,-0.036003389461527036,-0.04018577434512849,-0.029978011262149717,-0.04140932791672847,0.025055284258861388,-0.018118243272743473,0.01348752869820613,-0.022902798816722192,-0.038875439583017646,-0.017355019847155817,-0.020253700986019307,-0.020958538829069395,-0.011655063434153456,-0.03234821274121835
2023-02-27,-0.008688715361621191,-0.012329344423416266,-0.007585666098023913,-0.014818173577110683,-0.013139357059474555,-0.026090693765409623,-0.00560031037946862,-0.009599412983999911,-0.006245859337715487,-9.897667277636302e-05,-0.01859650185706574,-0.03230097854453806,-0.015786204531670567,-0.019379165347743865,-0.02087409951889596,-0.01814288352068938,-0.025070992258923508,0.01014351916059697,-0.0010051817470314584,0.012479520583984938,-0.004313437838931455,0.001190635694146458,0.03612167426837054,0.04142824176803317,-0.010834274670936894,-0.012755499916316637,-0.028271358546634318,0.0038723358174352907,-0.015710768781927564,-0.010788565070608769
2023-03-06,-0.073306752464535,-0.03610533398465887,-0.032007771219450865,-0.01751036673123041,-0.04330710757825296,-0.0316685656971577,-0.029919047246357744,-0.02941178777697606,-0.0007718062477776177,-0.018105852974499625,-0.037051203238105734,-0.04453573240700992,-0.026837154770434357,-0.01589893635665207,-0.04235268107343204,-0.03309248853101909,-0.025203100570351022,-0.028999438600198935,-0.04200190343734955,-0.004718896731698341,-0.0357401130471513,-0.059750316443490714,-0.0318043151843842,-0.03153625063458598,-0.04162102007611834,-0.06642370102498263,-0.04493338176222894,-0.01342385653278344,-0.022547160179567483,-0.028878680368517595
2023-03-13,-0.03740328405450677,0.05937446713511707,0.04898207925335485,0.03621616738937883,0.061055013206885,0.05065957368230345,0.05406385105494471,0.05612955944828002,0.055285647961226037,-0.010058056059669473,0.04115764588442228,0.02450213791740219,0.038349664607445044,0.02310120465009402,0.03925651326711699,0.05116945915709925,0.041575371676366046,0.04878040456038546,0.04436861585542373,0.03643329558693864,0.028453750375204923,-0.004742377518310081,0.01705624574284048,0.04904739241643763,0.031262010903204906,0.04862813626028717,0.008535007758491142,0.061933208123610806,0.07628194290136325,0.05789302794601503
2023-03-20,-0.008039319034935488,-0.025202145993977187,-0.00399478570661449,-0.017750855180476366,0.00021157443289099298,-0.04629882027680665,-0.024440522835515344,-0.01483542184063913,-0.005855822051697324,-0.0433763333277537,-0.02833934065934063,0.006069302892970141,-0.02095647523321187,0.009149845748217311,-0.008415333716644824,-0.007015142678454822,-0.0023712358431149383,-0.04508775861059022,-0.015334476854098944,0.0002644165746650273,-0.02621037783090463,0.0003176733149294897,-0.028571372690657237,-0.005409548932687858,-0.0018634881266417214,0.004271353736191363,-0.01761377479201498,0.010161955331105421,-0.010928405980223821,-0.012018668952307743
2023-03-27,0.08419634721426461,0.030291368032719035,0.027962902163724435,0.021326793242722797,0.03278360382763834,0.027244562173263542,0.039519981521790815,0.01572068897974943,0.006311098540886961,0.0688997822206785,0.038640098839808124,0.026135779494392386,0.022252856261140153,0.03231949820842828,0.03905863593861114,0.028090799078892337,0.03340810020353002,0.04100398553165929,0.022721521589833982,0.01836431915077874,0.04523359155167084,0.08891709673997883,0.03388744622445716,0.026158988489423995,0.03771478820396079,0.06243621737831506,0.07605325996030832,0.01443362359707634,0.01684182133954315,0.028832907513266726
