Date,APD,ALB,AMCR,AVY,BALL,CE,CF,CTVA,DOW,DD,EMN,ECL,FMC,FCX,IFF,IP,LIN,LYB,MLM,MOS,NEM,NUE,PKG,PPG,SHW,STLD,VMC,WRK
2018-04-09,0.01881725537054857,0.04030458320357577,0.01895711324466043,0.015503798014780079,0.035150358738158305,0.04243394403228917,0.043442898772243055,,,0.0386126126534414,0.025182269535268587,0.010015479746673162,0.028158456287931344,0.031160173552544634,0.017365170239169503,0.02012640913448327,0.023397129483738954,0.022323875681454775,-0.030165163337125378,0.025598615779427458,0.05879373478367911,0.0154885087704979,0.030869626443776443,0.0055761594510197465,-0.0007259278403856095,0.02529886885240984,-0.006604575433772686,0.03750978375110536
2018-04-16,0.020248883325760136,0.023560285543349435,0.009302270471745366,0.022136985013231136,0.0007381711136926761,0.07238848566083433,0.007545776844616547,,,-0.0019646752981352655,0.018019634382202554,0.052202871934391215,0.024648496641896944,0.0864010480109847,0.02847164771180366,0.003569998757269488,0.02832185190375558,0.04503116262151319,0.003059580769494641,0.0338166512063407,-0.00601000813438568,0.03115374776954738,0.02281137684086909,-0.010272492642897979,0.018057761348619028,0.04710662454254133,0.008332730882695039,0.019538528358724605
2018-04-23,-0.007517677097649389,-0.00818409084205074,0.0,-0.021191105504440144,-0.0029503077352815987,-0.02157574090828418,0.020919398016240542,,,-0.02604493673601349,-0.025526548950749794,-0.012386343548717038,-0.013121248896411086,-0.2086778696588134,0.008545431405070136,-0.015539904479693,0.016923287613274995,-0.009379902441476018,-0.0019827669661635072,0.05724280491006817,-0.016686654023139624,-0.023918300904297918,0.0014638369714954358,-0.008266908627991287,-0.04396147227179359,-0.023779053705957454,-0.011868166214203946,-0.08269192452848928
2018-04-30,-0.013695489878033484,0.03207835079071497,-0.05990782109693815,0.008393052355184727,-0.049568318342635864,-0.0032028114122016893,-0.025803208673786937,,,0.0023321431176668295,0.0019123103003517716,-0.008997344508756222,0.07632638154095006,0.006527537411924911,-0.0046219238240987615,-0.007417473061567259,0.008744763488471863,-0.017624213632068564,0.03906684215605871,0.010313169052485138,-0.024839568833927572,0.014670388566135673,-0.01848651948219926,-0.014540892451766041,0.0063708762439669275,0.013386035142357589,0.09163703234257459,-0.0227012642104224
2018-05-07,0.021688323979580426,-0.015190804404987768,0.021568500551549796,0.018348695600477027,0.0002593244874986578,-0.003320993486193413,0.025707771566019222,,,0.038157242469613495,0.018415840939634,0.012105450043879973,0.01681368506949954,0.05512318430694396,-0.10221578685499721,0.027974887067296894,0.01979717227288802,0.07424371640203531,0.0561272893957927,-0.03171710400406147,0.018662944798406578,0.002859729435574554,0.021638078402619554,-0.056109155766944085,0.009429645074753079,0.04439166812580386,0.03806042770197804,0.0348670681918366
2018-05-14,0.011726670092643054,0.06474532184998738,0.0,0.013281220063008359,-0.015304879403966187,0.05571513739525402,0.04683526936439475,,,0.009562370794258257,0.020800200120860257,0.004621018948362865,0.029358658480932,0.036878000349747087,-0.009872990137036464,0.024417426021372757,0.012116881980694716,0.0324243802795543,0.01791614035821465,0.050828328373486276,-0.030453351616908098,0.038339812225752334,0.03910121451057824,0.04943327065688008,0.01700412401726825,0.05453028060909704,0.01436754636718618,0.01736849668216589
2018-05-21,-0.019258328664499724,-0.09626391317297833,0.0,-0.005682694798046284,0.010801254322726939,0.0031557568232003508,0.01520776426189796,,,-0.027526853615911895,-0.024690280972579637,-0.02110517136128809,-0.02010726932281337,0.012447865398002689,-0.007676525130631329,-0.015101831327324566,-0.015481964978267704,-0.021167133070013278,-0.0073411284074613725,0.004299426635940629,0.007150232718011074,-0.023954772341358677,-0.010810237614355844,-0.014768809408989947,0.014364054937584747,-0.027919861169490634,-0.014396346467448029,-0.034305008753700905
2018-05-28,-0.00884857397890304,-0.005905854478563843,0.0,-0.01972718745479185,-0.04196012492611323,0.006641722955350371,-0.028564486592729588,,,0.007000297789573784,-0.004517169538877375,-0.007670782761219241,-0.01561263502932242,0.0023419161798918786,-0.010925986333525373,0.02935572777288664,0.004647762731466942,-0.005625701319560861,0.03422138981069889,-0.013200098809016625,-0.02028376665754017,0.028607071251108618,0.001418088064087497,-0.013443155956756936,-0.015933797290988427,0.01072007142660758,0.01777208404351338,0.002668476774710715
2018-06-04,0.03039006979346448,0.01177603392687998,0.007677616505635365,0.015892196671031478,0.02557313911189607,0.016668181790270964,0.06696297507395554,,,0.0564524156679127,0.031102170672055784,0.01803643520724285,0.004191748866240408,0.053154229754259985,0.019271158804210264,0.06462727332913576,0.012864203495094761,0.04393536319031255,0.02162307647930839,0.06507591982962735,-0.006728630368916133,0.015957555478729235,0.021659535964671184,0.020978377281786864,0.03121794440882586,0.01540924191823656,0.005567117307895719,0.0139720110016881
2018-06-11,-0.02569574660640983,-0.02139039637854334,-0.033333255572533305,-0.014528998405322402,-0.02526563271494764,-0.0012809316337818455,0.0324224335584562,,,-0.025039746038389543,-0.0013749677431570406,0.0025993963624002525,0.01387618741926988,-0.06322812177429615,-0.0015822386071316918,-0.057473280964774,0.007903647652475865,-0.01514821698177049,-0.0013070499012731718,-0.015409858354995087,0.004167368115240988,0.0,-0.029435701481892784,0.011809967661090992,0.010199487044189492,-0.07843913551708803,0.015764482677546043,-0.018864635840843302
2018-06-18,-0.03715417349117223,0.004967451811408008,-0.014778539404531443,-0.053709853885161585,-0.020191267984575045,-0.02530759737529098,0.016150531890195774,,,-0.011070325649211066,-0.05784229216908365,-0.05253465462816975,-0.010348233287777453,-0.0266428198250237,-0.012756525095451998,-0.043838952707638046,-0.013228684700657078,-0.0372875542503146,-0.007982201190806504,-0.0034507195801846136,-0.024479080374546158,-0.00972340704192265,-0.025125943725499256,0.0003795331980764871,-0.014871424942145106,0.024379947416384384,-0.003936651355304632,-0.030764174176411085
2018-06-25,-0.014865727964271214,0.009308948823008256,0.05000014390610019,0.018453676405434605,-0.010025033681486661,-0.025789765947158094,-0.019867273290739784,,,-0.016118898406584314,-0.02086374529193913,0.013348201959950456,0.003035783190222352,0.04987831780388596,0.0004003721773582214,-0.017358610160158383,6.300698459327236e-05,-0.01053877599493469,-0.018027417535876666,-0.028739575200304457,0.006673705971407928,-0.05589136097055858,-0.030274232329142947,-0.01603130526618035,0.028879048491904147,-0.04070981296302545,-0.01907727348687538,-0.016387834672546564
2018-07-02,0.012984909835270342,0.012827304275923934,-0.004761993631390515,-0.010087946559227734,0.03713088224989858,0.01233596293844319,-0.03423422801857712,,,0.00015157493707063097,-0.002200856835854692,0.010189967461713634,0.008266910683551787,0.014484213053847617,0.010084048815376168,0.005376312490693147,0.03724332999111302,-0.011652241694569687,0.018671867079615545,0.0024955246111697527,0.0031824579893622307,0.019591151568588927,0.013328450304984196,-0.007037267136568159,0.014746134833436342,0.01374238177770537,0.010692823879502988,-0.001753721376710704
2018-07-09,0.004404751808964047,0.0003139684968709311,0.008612625130765217,0.02562582350116238,0.020341798715521886,-0.014764917879974138,-0.013293048276242114,,,0.006521904156578051,-0.0026070004919562795,0.009876070751109411,-0.016039371405930924,-0.040548250255353246,0.024358962605053325,0.015087722670202641,0.016825004870966387,-0.010960685348121002,-0.0029889034349260823,0.0010665790543844533,-0.02616977749090388,0.012314317451354917,0.01368306804588637,0.00961143688498467,0.011630361278490708,0.01896947088212131,-0.03281197690582727,0.009135754645471117
2018-07-16,-0.01894105400348134,-0.01747405832822535,0.0,0.002797285039506381,-0.0007974546592973697,0.023110889612652397,0.017253685852035572,,,-0.008137265741386734,0.005126860502540964,-0.015716658307163178,-0.019130737533279873,-0.05979966015760374,0.005301687270733213,-0.005832599703685215,-0.007314179730822823,0.005122310399068075,-0.011462895794674632,0.0060394146471405286,0.00488598447433608,0.033219024344533166,0.0075761982236581815,0.009712643631743845,0.018475455092535897,-0.006557872696479228,-0.01807232483001464,0.0010443333816718692
2018-07-23,0.04463901605140852,-0.006815933800141893,0.0,0.08186656541305548,0.03139126161550676,0.02029483938598986,0.0339218872552558,,,0.03874204237555667,0.009000837261589512,0.00028386566189708695,0.023427744617885438,0.015238078267483468,0.017682705520612574,-0.015518304355936041,0.0051334987885189864,0.01445341172744019,-0.08259736355065472,0.05155367734685612,-0.0035113133279391917,0.020528323572846396,-0.05488310165149801,0.04228561016312371,0.041420356772080114,0.02193359441587517,-0.044397898697288274,-0.023999974751320208
2018-07-30,-0.007938567654856676,-0.006969661801653149,0.053130847327799824,0.006135490100837915,0.06835196394378573,0.007106465769362025,0.10269641418904496,,,-0.02267084800488084,0.010902938700877884,0.04377425457867745,-0.010035972641999069,-0.017511052317194853,0.022710002984544397,0.010188343093144203,-0.013338557376003646,0.02429468277416391,0.006125318108120004,0.022498128617037816,-0.011656429834699167,-0.04644294047977915,0.018655618522024797,0.013797590571150264,-0.0020056901948888317,-0.07814132314021249,-0.03277590084970039,-0.0053456996241477706
2018-08-06,-0.013065643592200415,0.06360013710523749,-0.07207209195248077,-0.02642509242167157,-0.026557238610815936,0.005263130215493073,0.0040758128661271265,,,0.013768258667903543,-0.02078627026512747,-0.001767573642480813,-0.00034172574298485525,-0.0381920670939393,-0.01333843914633459,-0.008182860789098134,-0.05259770137372999,0.003744988995578735,-0.03300155632904189,0.03415420057205498,-0.023587872127340037,-0.01582129673842414,-0.007451381228350207,-0.03145551623486709,0.00024825582904353105,-0.014240393358968317,-0.03484683503984354,-0.014689972415460106
2018-08-13,0.05536189870977415,-0.03106597993741611,0.0,-0.02913944575588545,0.008432707930404293,-0.007038091965148374,-0.03551846219983157,,,0.0007382189071958312,-0.02182829399316233,0.003064602779314196,-0.03783065121847329,-0.0754467373851826,-0.0018880091292193812,-0.0028778864459561015,0.008075239882536112,0.00470813413522464,0.014340862870597881,-0.05906617654290891,-0.09943802230065335,-0.01686363193493634,0.009497207532689123,0.013385755260442611,0.000902879736875084,0.0027514887149764355,-0.0015383185020054757,0.013577371932157023
2018-08-20,-0.0038414023148128917,0.005867313449493761,0.009708800203186652,-0.010845960930141452,0.010575389787885525,0.004062760786574193,0.05768424084858825,,,0.020946934638066406,0.01330722354447511,0.010996972023537888,0.013027010131097416,0.03579083045898224,-0.0034049525431667504,0.006572413987917525,0.001089755289277461,0.017860614555631704,0.013645318486851465,0.000337453934477594,-0.0009358628561240145,0.0022443790204806913,-0.00869104188245684,0.020291515166846796,0.011003656097916759,0.023324670387030677,0.011509515874181364,0.0014461051762573174
2018-08-27,0.0019278988201585356,-0.004999766183303778,-0.0067307295990767235,-0.005766372546428533,0.01922624372115256,0.005767874320587563,0.040039807856566245,,,0.013292719761516247,-0.01979992169124667,0.010407720818421007,-0.0010522580527321246,-0.029025576215722992,-0.010781139397500139,-0.013313058780666909,0.012675238084607576,-0.020327051455005574,-0.034261811761890804,0.054993310601546774,-0.031220574949707758,-0.00031988775478697384,-0.0065075864740766765,-0.0007231833674629096,0.018306412485625367,0.02189958726123553,-0.004724797666247671,-0.005776149169415934
2018-09-03,-0.008659320590503228,0.01748320408225701,0.0,0.0019014483017201211,0.015320375279129328,-0.015492636704403817,-0.019634016947963517,,,0.0034843888873352657,0.0007213026739525397,0.019072231459905442,-0.03838480051987547,-0.06192173703159154,-0.024791036905401742,0.01114594981176853,-0.019976004817931936,-0.036796957997949575,-0.010048532012143951,-0.042532782939135205,-0.02900421002070841,0.011840050754180709,0.018103939942568648,0.008775256264579312,0.015233106804228402,0.021430178247370923,0.0001805774587986253,-0.0018155691676924324
2018-09-10,0.02280858074004244,0.038172629809465564,-0.006438559747797612,0.04006337923975356,0.04054711442121128,-0.016084397576805243,0.012173343506535428,,,-0.020285953700419856,0.003913535915072597,0.024584356665104057,0.039552387173733994,0.03869512868595848,0.0742957725764164,0.029588155474210787,0.01264242775059321,-0.02188986364771761,-0.011515108189593004,0.02922479375065512,0.008297278506331773,-0.010436589948832009,0.022786367474357805,0.0059186617441469025,0.011804909001448038,0.002355148607508406,0.0034289061787120545,0.015278372822463915
2018-09-17,0.011861450409590635,0.0483276087836344,-0.027916733142892114,0.03392619844732092,0.00974157266420117,0.026950545707663087,0.024442378217744753,,,0.016185607664727764,0.030632164322944355,0.01451123127991183,0.051977940567452974,0.06720226384660366,0.029011204216094377,0.01652892721551158,0.06057725068181474,-0.000949599515010835,-0.009381503772690425,0.050016098218906846,0.043773139822669505,0.02876333765772987,0.02666709443347748,0.03396632344033912,0.00423110381343994,-0.026057604717948935,0.03911871789877641,0.009136635123454306
2018-09-24,-0.020866260225696376,-0.05350032151199613,0.020513325071445543,-0.039109645350639544,-0.013013185683177109,-0.019101268508188052,0.030865177638922603,,,-0.07719899947563624,-0.04164966771829637,-0.013863357671945797,-0.029824101738293085,-0.047227860194013704,-0.004345449761652853,-0.09183304157360128,-0.03465456885798324,-0.02566276714297744,-0.05323128768864449,0.004639661987456023,-0.04309247531262583,-0.014445639633669627,-0.0599878911343501,-0.05906180903087899,-0.03138559410627406,-0.008991108321370844,-0.03764605258759968,-0.051305053106548426
2018-10-01,0.017597169836098603,0.032872467973056096,-0.05527652637661751,-0.015597617327762658,0.04410109417039054,-0.03421071279654364,0.010653907424661657,,,-0.017415843553823862,-0.04878797364113918,0.00516647827274852,0.04184982278486715,-0.04669540591985366,-0.003953107639813491,-0.007528024477347128,0.021838127457954215,0.00965748281638068,0.0036272052370098784,0.01939647390860877,0.01258278935441659,0.01935917487568939,-0.03701333496993087,-0.010171541658978822,-0.029129727215468137,0.009030340812195892,-0.005035891544909132,-0.053892077343817624
2018-10-08,-0.06282570769805362,-0.0773337410486028,-0.020212851970666468,-0.08100498774818798,-0.03853702749928367,-0.10372383061965651,-0.047073542747219754,,,-0.05586311329547389,-0.09401450313367987,-0.07367229759958249,-0.06397536977149665,-0.03993980412663112,-0.055206750697969986,-0.1252563005146451,-0.048709421159311206,-0.057971354858238566,-0.07135403037621302,-0.006644579968721476,0.04774373526060405,-0.054129516388155885,-0.16642987285431488,-0.11970016899574143,-0.07914885223737356,-0.06650536495653736,-0.08721981788098898,-0.1572386777313416
2018-10-15,-0.018133511972822647,0.005678901258961977,-0.022801295947130762,-0.00448863577281533,0.040081655353872536,0.009525551118810593,-0.03414070569513883,,,-0.036372931463115044,-0.02085078175371169,0.017605082918066284,-0.04136242833105297,-0.052935597345869057,0.06263333005621718,-0.01007717632366456,0.02310554403601528,-0.0401022618117165,-0.046644743038037895,0.008209371408252952,0.0046813826256280056,-0.03979631265747541,-0.0014763994966244809,0.06625329840594008,-0.008821528440586035,-0.0320829799726009,-0.08070101079281333,-0.003051438074720081
2018-10-22,-0.038417102472103615,-0.004078221343587707,0.0,-0.09694623777435596,-0.055301829915019085,-0.036438324338280204,-0.12361780803282496,,,-0.09549491483164185,-0.0324376051842189,-0.00814530972466021,-0.06834648952160871,-0.04326118514616806,0.007260047683414372,0.06178976918407275,0.03184257539676483,-0.04658601285281416,-0.030556268627536465,-0.10072379308517665,-0.0680334378132228,-0.03870542307218239,0.02809347868662515,0.01420248855297146,-0.08165978357685444,-0.06483071266815843,-0.048147185018087124,-0.021892510314757807
2018-10-29,0.04289635483135679,0.11759800602562098,0.0,0.04879688973833418,0.09149577124356667,0.06419581945602126,0.1194232118567995,,,0.11019265534041378,0.05566177380813064,0.04920589522721541,0.06161748012555912,0.06434773064569099,0.04174674225895236,0.015384856921323298,-0.03092052492806241,0.0433707948359332,0.1320744931454183,0.07008721959339392,0.08066682753938292,0.07821141666655151,0.049895012030372055,0.039677307581996724,0.08622170557110476,0.06489445944162453,0.15095584242998838,0.07509007261178224
2018-11-05,0.02605228034010998,-0.03814376308039025,0.07777784205416527,-0.004544294167248775,0.027871799029892008,0.011616495144092243,0.05112733536915193,,,0.01645575527994514,0.003878868258178514,0.030661821625546093,0.038652844473262116,-0.07271229124973444,-0.000890321186309051,0.01493155692574244,0.010510375576558095,0.03179381977941942,0.0386630677615194,0.14791594248615825,-0.012338254198549947,0.037343046312693584,0.011591078047774372,0.00748271359334729,0.030966058497150062,-0.014194524950819298,0.039819112679341906,0.02552060105150744
2018-11-12,0.02476554185875557,-0.013674437031346076,0.025773374281114148,0.020760711495888984,0.0373870034773498,-0.002822052048043866,-0.09823838674373098,,,0.008691322826875458,0.004346755775783917,0.00018825102732145105,-0.00442748595108855,0.05374433997299777,-0.019060698970793655,-0.0008654769870192203,-0.02129755820322976,-0.006558326532382197,0.02539501057625526,0.001091869683985891,0.040599586239907115,0.007167767719074458,0.010937609863858722,-0.0006338791603511806,0.021984010997212478,-0.014647670788747735,0.007375253695998785,0.017312653296130298
2018-11-19,-0.03887431852104506,-0.0416914687274913,-0.02512579769305945,-0.014055959795633122,-0.03227725913104629,0.0032204289295423294,-0.07659094723011894,,,-0.04662971478182576,-0.06660255467259368,-0.03840358308978653,-0.04230752590541176,-0.09949819568123885,-0.023275282589627744,-0.01679064070056735,-0.011956146649151678,-0.0480982945918359,-0.012012697063713551,-0.04554122575996333,-0.02581028557293441,-0.060256018550092105,-0.014940842925265874,0.0011197219199277075,-0.018864312095088653,-0.05668930043750686,-0.032006857892544316,-0.01798495611863149
2018-11-26,0.021461403156981307,-0.004650314334819439,0.016494789263478582,0.04114901837326035,0.004910974092690479,-0.01819062672676508,-0.02383183243974507,,,0.02516401345920105,0.015198371906676167,0.047311593578121425,0.03840349205800164,0.10863504168673255,0.01352489563707282,0.02850131700143632,0.018311249241013794,0.027190741366286186,0.021371332493417494,0.028571365413871064,-0.003696845469949306,0.01666109557511164,0.02322186850333363,0.01901398226604223,0.021608857216152133,-0.05982905391073057,0.02778672363144552,0.03949730205653634
2018-12-03,-0.023062133891034176,-0.07963034469338803,0.0,-0.04595432205438954,-0.012668993259224437,-0.09580897327525206,-0.02749470311903013,,,-0.06466144711759758,-0.07130172637677201,-0.04000248381994598,-0.03214898240685993,-0.0854272200937789,-0.032690598120077796,-0.03095896417578692,-0.03979894064106959,-0.09580964346751952,-0.04597177913005002,-0.06888858022118427,0.03246760111822944,-0.048005406791768235,-0.04978546584519683,-0.05579460583077245,-0.08151927860275032,-0.08210217640916917,-0.041150260245552794,-0.038633072405378166
2018-12-10,-0.011135114016113001,-0.0415114257498318,-0.02636939118612791,-0.0029824603317424314,-0.007853098128772218,-0.05007657929059883,0.02510366753230553,,,-0.018046353812343874,-0.02322402567798587,0.0025961252484711927,-0.03571424197136264,-0.03205120117791205,-0.010949032688984839,-0.02949068422026413,0.027566581371384125,-0.012872639445129397,-0.03702883726119599,-0.07661317288133496,0.0017548196271925942,-0.01947492066343759,0.005271866770009126,-0.02993286869393963,-0.008985881384840688,-0.0034047950239174396,-0.016969347589378625,-0.020313780956573546
2018-12-17,-0.0014157800442526902,-0.11588265772501904,-0.062499789612531775,-0.05756569911117726,-0.0914393319344532,0.002306965791972093,-0.024488906173496305,,,-0.04149279912148773,-0.024319716364025412,-0.06803905853395087,-0.08223262967049128,-0.049195974640434126,-0.053800718543251635,-0.09944746144026562,-0.024341601235952637,-0.04044205482779517,-0.05418853220997244,-0.07662473185020924,0.006604379500364743,-0.07909184878359854,-0.12853316197334352,-0.038146640146153765,-0.02448188954216013,-0.06459617219249625,-0.06362881235889162,-0.16745539720990654
2018-12-24,0.03550529780194678,0.025387485968813905,0.03333351286393271,0.03350798044996406,0.027051978175674174,0.029922608083609914,0.032659263029438224,,,0.04803297309304244,0.045401943171354375,0.005843105782552982,0.0333005931567818,0.04179106282932277,0.03135490109081607,0.01763805086136694,0.02629518532581887,0.04265296177419575,0.01742423166028506,0.009103718980299158,0.02803467587850883,-0.0005778681241664918,0.019568725330469716,0.05097574406540728,0.03460359388265988,-0.008300070981361762,0.04040710479701515,0.008933394266795291
2018-12-31,0.00566249181588363,-0.006515521741251695,0.0,0.01823688588321848,0.017634095343212586,0.022013785135124087,0.03752630557098091,,,0.032251842174410905,0.03499304630050504,0.01593144253816181,0.05531768332267872,0.03342905168587862,0.03529461068479889,0.06154237700345444,0.0020471089750790927,0.05243993498185828,0.04887905125689129,0.054476156886260174,-0.002610906051173867,0.04515635763657766,0.04676886558546234,-0.013039349392800603,0.0022842647083776146,0.06257658142057432,0.04594639917432075,0.07002911696831826
2019-01-07,-0.023138296965055427,0.015346524813030227,0.022580312420510174,0.04599242829989514,0.055494649279756336,0.03608115401150713,0.010009489205414335,,,0.010049624697638482,0.02766272246532564,0.019772280927086605,0.045147001179243196,0.07208859288769509,-0.008668174021498665,0.07051603419613217,0.02285660891222774,-0.008074118542570785,0.009070458388037439,0.04113186454682638,0.014543092067581309,0.051272256822924245,0.057444474325645256,0.01951736713530483,0.013983318062934513,0.061826461136168076,0.0008863297275667481,0.02683083041856693
2019-01-14,0.01167167996738283,-0.010076309345460777,0.0042062899401369425,0.020716657693587992,0.0444720997465573,0.03218667386172247,-0.004955194800706164,,,0.05028940543951399,0.055917029695056186,0.03296133252324562,0.003983580670043452,0.08275857371295947,0.023045656234002454,0.009725589330394246,0.0036202752737219956,0.0216282415836615,0.013933519793536187,0.017699105939351423,-0.08916265509005405,0.037816107521305264,0.008559989240322308,0.03504815642765857,0.006566852683635105,0.024186229583020635,0.019582643446901304,0.011477334933628569
2019-01-21,0.014437271432611976,-0.0006524133371095253,0.014659722477662562,0.006523694977055072,0.02964578043055921,-0.005520753491121133,-0.03689464494593875,,,-0.005167318903428142,-0.0041874312716899675,-0.003948603839223241,-0.01587121982962081,-0.10122134686981821,-0.0018833998315849199,0.028239908849167383,-0.012128123978433103,-0.018779904124453295,-0.026431067319207413,-0.009627310786477716,0.04375200860013084,-0.010727040647176778,0.02568039817337575,-0.0183058248218273,-0.014302460349155166,0.033236114961324725,-0.027410308613937895,0.021004175174112794
2019-01-28,0.030948804236969885,0.06163494697546201,0.0,0.07479437030058711,0.005410656205004916,0.014804058892914362,0.022326932241717667,,,-0.07427251192542195,0.00989377677617509,0.03294572568571352,0.08139143381252922,0.024021335148174172,0.027721400057185486,-0.013412817014108347,0.04356604240388884,0.031086728677952147,0.046158278527290486,0.022264016387214314,0.02050645853467259,0.0581752822057906,0.00976011739857241,0.021932162892969176,0.06157881663441511,0.04825054313876298,0.03612184170798338,-0.0848899502484205
2019-02-04,6.033960989060283e-05,-0.0035670169355552783,0.06295125432715332,-0.015794049243906594,0.035940810557271385,-0.027150233059622164,-0.03770123518352653,,,-0.03291575659113466,-0.03134954023928793,0.001321146087392533,-0.014913471858976401,0.008687919225775165,0.0010593417871829214,-0.007552845895921756,-0.027388788293410182,-0.04848671456002884,0.002883421208616177,-0.04325144489460586,0.0,-0.027000661667985204,-0.0003150162951651714,-0.008603524513059235,0.009567696741241916,-0.03741581552750595,-0.009002878474993814,-0.0229973565435857
2019-02-11,0.0493065540642772,0.004443720608619639,-0.002912346989358494,0.02022951605829304,0.004267095743788918,0.04404868528138306,-0.002149912481347438,,,0.04892676489968273,0.04563844106143211,0.027077961023130648,0.009461973968149628,0.057708941328720176,-0.06884401969906251,0.025222723642503553,0.045403864730735766,0.03617871573548781,0.031029636058343524,0.029496513301235705,-0.01773049336164656,-0.005349310467106294,0.03489202388956891,0.04053012487443808,0.04315821439693357,0.03719254236421188,0.09345688216323622,0.03279572694541644
2019-02-18,0.03469677074508559,0.09598111577176871,0.0,0.019446988926407505,0.020875633445257114,0.04035373870704273,0.06253912543849727,,,0.013458456435281319,0.02103722038698219,0.021593030890037168,0.037023969695348935,0.07654728063289618,-0.02863426385444312,-0.008695372779052857,0.02942912698016764,0.017115348491327342,-0.0003158467134033449,0.005917070906386046,0.09747294785464544,0.028403267713528413,-0.0018279496906116188,0.021354792022868496,0.001593978178619837,0.053113754112855904,-0.0040658147224814645,0.017461622631755436
2019-02-25,-0.00011086023744422135,0.018053750318854034,0.041869490768305706,0.025902401378983253,-0.0009049039680558701,-0.00906107187982208,-0.04061707179100382,,,-0.029652557359221343,-0.01468332540172368,0.01886082735665129,0.021805609329418996,-0.02647499280521093,-0.0028072727682115772,-0.00015738429263423281,-0.029510098396192008,-0.04588260884642903,0.012947542858231076,-0.040247518107405345,-0.07291676000234959,-0.01340077043397725,-0.021467060473608912,0.016289951012783188,-0.00485392910930893,-0.030465881855296084,0.005834764253482394,-0.04379958551355401
2019-03-04,0.006995990062705237,-0.08613308727841373,-0.03364492609100622,-0.011940653466261386,-0.0018240942528165993,-0.02937731412463629,-0.04706757230753145,,,0.032140988763153855,-0.050835240862517894,-0.003467006887735269,-0.011586993212634566,-0.06060616747655978,-0.01931666004532895,-0.01016447017381028,0.006414017050415444,0.036695747168984605,0.02324312816989038,-0.09612895942895883,-0.003252394410778514,-0.0427365561622296,0.012684744101383094,-0.02775807330163138,-0.04500455610055132,-0.084763729764884,0.004423611008776307,0.003995108796421176
2019-03-11,0.019243647515038376,0.029528880559118287,0.032941722817725116,0.0215536021836229,0.045264733435204985,0.014531802112624392,0.06850353284197497,,,0.010972889939063535,-0.004304676956947806,0.028896480655098866,-0.0037404310842187316,0.021505472331079467,-0.006459225855996897,-0.005680297688657521,0.04654507207554959,-0.001606577732015002,-0.014916264318543648,0.025482864229472435,-0.012903213642383227,0.012805049717729888,-0.012525856813058955,0.003648749543991414,0.033719138419568084,0.013272006923006563,-0.008279669588198257,-0.003979211413898787
2019-03-18,0.007844152930158055,-0.027457206360392394,0.031518909126686756,-0.011069771232131598,0.007652189711662816,-0.030524551455883286,-0.09384444013272042,,,-0.02460212774585091,-0.037214571194407076,-0.006247494024425149,-0.02925942315359642,-0.013765170084294898,0.000802690245218729,-0.02439042452128959,-0.03723860210497765,-0.02218406103829451,-0.0071836727615918194,-0.064785785446283,0.04103786201837667,-0.026140419026679296,-0.0031244062159033748,-0.03035534321086686,-0.02391927992639642,-0.03274496139668803,0.007638338938929845,-0.021304723860577246
2019-03-25,0.025013528720012168,-0.008945568217225364,-0.004629739271491462,0.03679233758222278,-0.0013809740696278938,0.004789227447901778,0.04793652578609686,,0.06234561212504475,-0.01131321635369964,0.009848162765522916,0.020917541934559747,0.024539656476628702,0.05829215739712268,0.03887846218306157,0.04211689995018597,0.035735365922914264,-0.011637276438364541,0.04721245385905659,0.01713216537133011,0.036811608922934225,0.023684234432103546,0.04467592319673863,0.05792463402044401,0.023745113432862563,0.038268954091297935,0.0436316103330423,0.04353729106322768
2019-04-01,0.017886535964016792,0.05074363241306923,0.007441797416997353,0.009203440187921297,0.00432089744069919,0.07250786449985092,0.06360081688795094,,0.10865801915153206,0.057161944036435486,0.08566171898017161,0.029285114803316192,0.05245212139434008,0.03413504481970597,0.026632591562402386,0.02377380138719376,0.04939441393382715,0.0830163611142598,0.023064010758909292,0.02233640256587921,0.020407971081586984,0.047378785404150525,0.028375752873578186,0.01851699265480211,0.04299866716289835,0.02239404218237917,0.01528717083176967,0.040156640796950915
2019-04-08,0.005021165214909695,-0.028790036253946272,0.03878102689071228,0.019905543070058318,-0.0013766584733050369,-0.004349512673789024,-0.020699269799315467,,0.018518553450599162,0.0414250373617604,0.018936673969353057,0.018601025534413784,-0.005595599115134964,0.027756925157189194,0.00975625125474533,0.008232865284749646,-0.02312829825211493,0.0135072625180237,0.030803601948639514,-0.0401148883564213,-0.0068490931970562885,-0.03542591461226463,0.01105678166259616,0.005567153190517704,-0.01714041820544321,-0.05417478246021723,0.016138358717263435,-0.008774419215304197
2019-04-15,0.020292454562964357,-0.013029045443036402,-0.021333261025207606,-0.02527752951272977,0.008271613758503715,-0.0010448180836900578,0.06012205237014023,,-0.00909113638615544,-0.011907813699769676,0.0010720527153680326,-0.0102112477144356,-0.00025024237626292134,0.025722185320418145,0.018650228472017805,-0.06972352302373919,0.00027709152849819674,-0.00541751785080935,-0.002780823856462167,0.010074620978586468,-0.08855176451570734,-0.017765659876492812,-0.06696985062370919,0.036851251923522454,0.024686662129670633,0.0026572208405828412,0.005321353345273838,-0.10242782224626468
2019-04-22,0.02256445414057673,-0.08489754696354623,-0.0009084574350127772,-0.03695855788561475,0.020338234614535322,0.03203741710220043,0.0004430216951309962,,-0.043620964399200046,-0.025641266930012563,-0.04546001445310255,0.009224914159167596,-0.005753647027196385,-0.10714265206466167,0.011544220293108864,0.035111381165855216,-0.011862444722299248,-0.041181007500996625,0.012809057153027048,-0.03287759414405356,-0.02407720470280217,-0.01930429593751737,0.02893893020596283,-0.017103375420338685,0.009371758567835897,-0.0700823925964752,0.0009771766907697987,0.045646512623520374
2019-04-29,0.03460511526867038,0.019719550202961456,0.07425128904932565,0.020516805503122848,0.030820931574497834,0.007682002646776542,-0.020814700096206895,,-0.03529419289184266,-0.08184176581516767,-0.008228246633777081,0.00059505675494953,-0.02440526937678933,-0.04400012540938936,0.01700966788924685,0.024135646995463667,0.01514639598633094,-0.011248469907782721,0.03341430148442437,-0.021390175018146662,-0.03941491593339286,0.022344379016881355,0.014112761570647336,-0.0015278925882222794,-0.0016639574000121282,0.048131590713815564,0.04539555726259281,0.05874464232788945
2019-05-06,-0.0061553072565859734,-0.05736560857715556,0.0,-0.04640120525772751,0.045011345004855485,-0.04973812399577715,-0.05879676154749702,,-0.004315263199379471,-0.09433757821086275,-0.047391694195215495,-0.021243394348690492,0.02437152619562788,-0.04853559947497177,-0.02701754256468203,-0.030785133631609618,0.0034812554350629465,-0.050103516529402814,-0.025153717320238078,-0.06713515963387662,-0.0023164337386964995,-0.014744104086955812,-0.02683878272546414,-0.045821514199695934,-0.03507313378606003,-0.02084583170320453,0.0034241089145723436,-0.052430775580426414
2019-05-13,0.007825883761499286,-0.06705200796488553,0.0,-0.04319982390769106,-0.027056497285991354,-0.016640667835232437,0.020422629046470187,,-0.04277358618990579,-0.01620074747222955,-0.060174197016603204,0.0025406992648711046,-0.05299629971365949,-0.08795060323476911,0.003966657421697661,-0.012705779267924378,0.04080671359989396,-0.0303653744308503,0.0076898091460329,-0.04602529144256351,0.025539054792701688,-0.061795770999241606,-0.010827389063610582,2.222869307755282e-05,-0.009637937633398708,-0.0737425155668251,0.007833000486491493,-0.0034150403808729246
2019-05-20,-0.025867027531848663,-0.014167791274125818,0.0,-0.003934828758074604,-0.019498239532423245,-0.022235577971286613,-0.032209102200168815,,-0.03149621285495152,0.0035519380089992225,-0.03425991910101034,0.00523308905585762,-0.05729101122150093,-0.027965301014282518,-0.014340964023999536,-0.051031416259580076,-0.0060320380124037065,-0.027698063977231846,-0.02487015936678505,-0.05263134900754285,0.03234140571943822,-0.03997005419781896,-0.06020242951449972,-0.03596640750506708,-0.00878498773499159,-0.09560323182658592,-0.02847261386776423,-0.049645134430149174
2019-05-27,-0.0044012270410085375,-0.05239515116929294,-0.04619368528994927,0.02765187456092222,0.0006520753782683908,-0.04477751025140231,-0.013725488967476829,-0.06999999440146165,-0.049593572494086136,-0.01801825334251006,-0.05612099295076023,0.008822988107951346,0.03567407664066402,-0.036706639674394026,0.005270542039110149,-0.0190868432491631,-0.03891210354913566,-0.04722183619519371,-0.0076371978814148145,-0.006018757419098297,0.03665425217394125,-0.06176697209115489,-0.02120626547018656,-0.028770313958807803,-0.02616568625140603,-0.07366474420562341,-0.00821061089005426,-0.064293912744529
2019-06-03,0.09563342859329005,0.09131104999956663,0.0,0.07774325587827069,0.07610927552351443,0.06520594846119465,0.04448301226872586,-0.024471406556746178,0.11308740051306176,0.14006879368239433,0.0987368396470163,0.07963479061873802,0.09897893210360786,0.06591175200102173,0.1174127269719154,0.08439853020396804,0.11331477969043258,0.06693562112075058,0.09810937648267726,0.03167211996556918,0.07796889341866442,0.05916654965495849,0.07431495412442501,0.0892498288671586,0.13000359690243757,0.031013970464693674,0.07581444298302431,0.11717759959697971
2019-06-10,-0.017080549175252813,0.026056879323597126,-0.019730677773416083,-0.010266393082991376,-0.007435425711258992,0.030360086160137634,0.094456349247382,-0.04256957239513981,-0.002923918155940064,0.019554527909431796,0.010654652340984283,0.0006038248652526779,-0.010034394613209985,0.028985484732721112,-0.016719568028761067,-0.044029339256408506,0.013296754532038824,0.10635208209174518,-0.028834199977814667,0.011707505193189194,0.011410333523645733,0.01691600642021518,-0.003970987939049597,0.022457910651329405,-0.0006963385021503399,0.019282680851907097,-0.013320503797507932,-0.010159027207557791
2019-06-17,0.013181057297117604,-0.030894474068956845,0.008234052291260285,0.015218879612171499,0.02553107446206515,0.014396662274823502,0.016738979696220513,0.08019041408521543,-0.05454542015559005,-0.005860034086563104,0.06605844541330597,-0.04666359929125696,0.033662641669983895,0.0647887212312146,-0.02096934772734571,0.014422088269712585,-0.0028611881995087574,-0.0004625306192027612,0.0042413801928897765,0.04740598029657739,0.043418020380185274,0.04332665671311031,0.008442995306904955,-0.004118346168832554,-0.01680546464338939,0.10329168695074187,0.017573124816219643,0.018585365335209048
2019-06-24,0.019042241125419412,0.030289901314290102,0.04264983739377559,0.03221194396328686,0.04338101939819983,0.019963896321738117,-0.001282883570982274,0.08673311883052381,0.019644239675588482,0.0057604720476924776,0.021257352572101595,0.043819471412393174,0.004237156466495362,0.023809523809523725,0.0008661140623436037,-0.006650075397240718,-0.006579961967913661,-0.003816774435733028,0.02302953499107474,0.068744646483893,0.026140118903098974,0.021505496637855614,-0.00010492008525109231,0.005514025742976658,-0.01589044600326428,0.03566538047461765,0.017714177022033706,-0.006808433087511001
2019-07-01,0.023911954640075894,0.0014199362562301587,0.010443722331499927,0.041493870336809735,0.025432169671877114,-0.020129781749204656,-0.008777449311997532,-0.03145094805133841,0.0,-0.01771644772382719,0.0002566055644430687,-0.0018738961774351637,0.02589820854390501,-0.02756252951465099,0.00020691673357298157,0.012696396267867005,0.008117307811974062,0.014977145710242556,0.0031724025002315415,-0.009188901745121436,-0.0013001036405528854,0.011149006213139412,0.046894752722883126,0.010710289160551056,0.017128826129141572,0.021273433950350862,0.01784287468485113,0.043871637295246346
2019-07-08,-0.014831926163497822,0.030066956521244137,-0.03962108344421977,-0.058101090667309285,-0.024662003862558457,0.013064488388790929,-0.002807704798414412,-0.0363127759253824,0.00811197885882331,-0.030105892828067526,-0.0041101207953623264,0.013852892489676139,-0.016885093156031483,-0.023914882042392338,-0.012817241198435636,-0.025073984188674125,0.007657033662541446,-0.015671008736965475,-0.01880079906867904,-0.07258048422049945,0.026028374901270412,-0.0025312601397997625,-0.004409447314296822,-0.007799288840212859,0.00770155407107409,-0.016013025427828897,-0.028406013956354337,-0.02941938019125334
2019-07-15,-0.011577928219794309,0.025333853600733036,0.01076260426500597,0.0033486699285105725,0.010000003425010506,0.0004671872362111973,0.02144247282004086,-0.007608821135311916,0.03641131201759551,0.0006993081026320791,0.014832854146584307,-0.01261257720854636,0.0013211380375999227,0.047367466466589736,-0.0057933860899033185,0.010988571527552393,-0.002941192506313306,-0.0015111435926336014,-0.009624968694867397,0.05304305256920516,-0.0032976481910469424,0.027913832234226055,0.005536131960117263,0.004015700881272233,-0.027952160908548684,0.04516762100485838,0.001620256093436856,-0.01948587631002774
2019-07-22,0.026811452569320382,0.0014771746226962534,-0.027506536951684146,0.029246555220880044,0.020367622323744117,0.03829658954869286,0.02099225468470145,0.039795843742796544,-0.04677811569843804,0.02291444083402605,-0.01309090752854103,0.01186128014816834,0.026388200064633605,0.006092250118057807,0.027311463021624238,0.04764156909823081,-0.011898867666350177,-0.0067505697079304205,-0.0022289183089929665,0.0037159089224609865,-0.051158426039434546,-0.00969840244059117,0.02112099364716835,0.003659323879559029,0.12198861588759868,0.03590698447227392,0.005808498984959387,0.011316291457867278
2019-07-29,-0.03344163415758494,-0.07910970192425482,-0.03832127571743649,-0.05392963397359274,0.03590257269570829,-0.030992406958643692,0.09408101325951157,0.1046346943962908,-0.07147203833801108,-0.056822547106680554,-0.09311021398386587,0.0018534317506209153,0.004090241147174156,-0.10899655491373694,-0.017085731632549783,-0.0697571984287173,-0.06593374844893196,-0.10780397358891303,0.09932098293747105,0.0032908852715842762,-0.009924971987059106,-0.06392460367182928,-0.007450120221015544,-0.0319652764947288,-0.003572317238960787,-0.09049071534564967,0.006651688318632054,0.005731666190156748
2019-08-05,0.031547367020127615,0.022859792718022742,-0.0066414407180112045,0.021466687684875252,0.03653142853109648,0.01895055864870976,-0.031131274829845346,0.009965497076589225,0.02280721556459997,0.003975943705972762,-0.04288550357003895,0.029901476068186605,0.027932836191155275,-0.05339796867388058,-0.1479626608227259,-0.05434264859565485,0.02269445707803386,-0.009456199615663241,0.013655774061461567,-0.07339058820750743,0.05743715709295416,-0.028723647653271733,-0.0011854259568701009,0.010160111253999071,0.01819905282289347,-0.04924091204698633,0.016629722248329815,-0.0686565201425211
2019-08-12,-0.004828853568443425,-0.10192191387061122,-0.052530826553721655,0.006445794165967023,0.028014253397913302,0.010536139206687611,-0.05603465799348639,-0.04394552245755734,-0.04566920673160946,-0.042294503695488816,-0.028338313818687233,0.004078434338047332,-0.030910139687629012,-0.06666673506711362,-0.07964751592459907,-0.02158112794365874,-0.01656509748154089,-0.015513126491646823,0.021771397571192175,-0.1265485819412816,-0.01152944977225101,-0.045044964654399,0.0014833664885922637,-0.0357564496630135,0.019874594182262895,-0.03157171004900461,0.012356805118671765,-0.015386220691829378
2019-08-19,-0.03549590612758535,-0.04977012663665914,-0.0483873062496446,-0.02860141323984955,-0.017957976318172753,-0.02765201372888504,-0.015947369938408618,-0.039351747308200125,-0.08537388010292468,-0.0018147373769039632,-0.055886268676220374,-0.02412853427014916,-0.03236368030756476,-0.029670137354459114,-0.05568369809165441,-0.027873870190630923,-0.023994890921839707,-0.07030303030303031,-0.009849371699914844,-0.0876394396693676,0.01866246772530733,-0.03712047538129826,-0.03149679255749216,-0.037753056006970986,-0.030868873318217305,-0.02783867582814392,-0.014111272649842355,-0.030285036815384414
2019-08-26,0.023930377830879257,0.029691234542894795,0.04025436662397097,0.043804186229557285,0.028260955542785737,0.05706308875968191,0.02270794089092809,0.00929450540936938,0.047162805133522445,0.029242197433216877,0.05725378376679058,0.022247728493296037,0.042381197485258815,0.04077001840066696,0.03051643403654891,0.04461670256950545,0.025236206941849693,0.12096198124206814,0.005706916448282362,0.021099225261766552,0.015012843285533428,0.04323709753913385,0.025384879356124435,0.03989129930056179,0.02760402597903755,0.017332260572492375,0.01308438823318836,0.05689562289696504
2019-09-02,-0.0014604830489836074,0.024299419855691617,0.005091284394832085,-0.011941001873349455,-0.024420825945995817,0.041457099345629356,0.009337958947672753,-0.03171909197467948,0.0312868362440728,0.018990225758120483,0.040997246541438104,0.0018417967075232689,0.012394265304603858,0.025027199573297354,0.07389512320390468,0.008439907429627524,0.007928861188049696,0.00865848837115979,0.018999760913799735,0.06253406143317597,-0.030834854995901217,0.024091507124230915,0.00029815509840380727,0.04504014479615992,0.015168669049896,0.01444447560717843,0.02661920136442708,0.027501378799587695
2019-09-09,-0.014849975604265042,0.09568264043741159,0.035461283981442326,0.0258156791937334,-0.07113662776956442,0.06284395424116251,0.02611006063966026,0.06093706746558403,0.11470877292434767,0.06240964117918946,0.10903769209093528,-0.03773769655268333,0.04176200797393337,0.14225058760324671,0.08009514651251992,0.08496076433095645,0.013929983060902762,0.12052210867197544,0.0232920209577685,0.16240415791317075,-0.001034607766149498,0.06858071101374219,0.07712974769400094,0.03109338385105609,0.012679081387486635,0.15443592129098738,0.017723205039427148,0.11304095568171824
2019-09-16,-0.0031046070563029993,-0.0007520834101061302,-0.043089161004551735,-0.03200372070320112,0.015261510897256247,-0.022392033321516402,-0.012422317562774454,-0.03984080660775724,0.00020738557172883532,-0.02637996854027791,-0.033581519528970816,-0.01422903354819205,-0.01263037329195571,-0.02695170379482803,-0.056009357242393976,-0.048621148318648055,0.010147762619495015,0.023414850709795543,0.008975761743178934,-0.08653428746284642,0.03538828758666024,-0.018283632427646967,-0.04404208009431221,-0.0010051041337032496,0.016656842508991243,-0.04016452815123306,0.015042537671654532,-0.08135070103579856
2019-09-23,-0.002211828321803,-0.010456492917904847,0.007246235767149223,0.0,-0.01421972768729951,-0.004401907785355985,-0.012984247080337852,-0.038727639572394446,-0.023646625886991512,-0.018854790143693956,0.01327229164718946,0.011162486278395,-0.04193582435452692,-0.07831902657957668,0.011500530816030308,0.02358754694494225,-0.013188320317993663,0.004643628304252578,0.016177905979887885,-0.020783105409643343,-0.03614427252296948,-0.04960090077334445,0.026837690959018445,-0.008720355738034313,-0.011370676380477951,-0.03196048362866599,-0.005073569028044456,0.015873241898083368
2019-09-30,-0.03247976357314597,-0.02670951903071328,-0.024665807843678333,-0.012940845630670328,-0.0008240889981050437,-0.021368764782951466,0.0026719207390819566,-0.0687049101793622,-0.036753675033947,-0.02989335798437398,-0.030290553404647813,-0.016026957341763848,-0.04135856591951714,-0.08497401301873275,-0.013740600663327496,-0.05952972779682009,-0.02803466847375402,-0.03968426552353754,-0.03246903752655972,-0.0429417215286072,-0.002343807797957176,0.009211101507367703,-0.02149630045177975,-0.013534065078515511,0.008378093200815728,-0.01605361900106861,-0.013217797234636453,-0.06606362978128288
2019-10-07,0.02130264675168081,0.039053126188130394,0.011591095110525806,0.01804957082639458,-0.0016505244519785522,0.019576684161016766,0.037720509927742896,0.029741213185171533,0.03947937828444781,-0.04387398285559274,0.021668699457840335,0.0006164178761183248,0.01898035384322161,0.0815400368013337,-0.008392800164131908,0.060745299441784306,0.04334518538673815,0.0339281577457311,0.013362567904894762,0.0685921997394141,-0.018011141788838003,0.05191675184337785,0.05796980380180394,0.02186575536626978,0.002131593404189447,0.059644071223218686,0.002515855846778381,0.07337814516209895
2019-10-14,-0.0110910092275468,-0.025830642737953546,-0.0010415099206775302,0.031048871618462703,0.020658798709256354,-0.001805215429607876,-0.05630186829379902,-0.023255761083512794,0.01761106336782725,0.005678551522044106,0.006610678271130599,-0.00472421785157684,-0.008835747453487475,0.008770560731804267,-0.002623779463027831,0.016843075287237497,0.007927855027570097,-0.02225513627968123,0.0013187729652848201,-0.05646723946541954,0.02179692921481302,-0.018982534256725914,-0.010062275273607701,0.04246040010205987,0.019726997409818425,-0.054970348426189974,-0.009495498190559948,0.0035549851808054367
2019-10-21,-0.0075392489243629734,-0.052733714915179086,0.013555777679507663,0.08478049870568616,-0.029685678455756204,0.016440640582225052,-0.03412166998716859,0.026497851915540105,0.05254371732038776,0.020143356435331272,0.04364478365180502,-0.009699659785220804,0.011685190907864795,0.05845534808015307,0.017990405048746494,0.0175106607392701,-0.004034932052176532,0.05481375178310799,0.009594193515491511,0.050639552737286486,0.019250677523593884,0.04140891580774908,0.025041519250283306,-0.001529533147084261,0.02508637318097473,0.06757228246029512,0.00712104450242701,0.03569450261268248
2019-10-28,0.0014068829784756876,0.014153121528058143,0.00102853367073652,0.02050484342648895,-0.04936722593286591,-0.004302806557229255,0.002817547465350012,-0.020576322041483408,0.03625165738180991,0.041735296042584746,0.03526476300579917,-0.005001614203121729,0.13134095413265157,0.03747522016734761,0.014838244874408435,0.022325599984013733,0.01948729327668053,0.03049633222654835,-0.018559317266213182,0.005841963958717278,0.010975050457144864,0.028427924688851247,0.0034256490843855847,0.011286870750313982,0.008192384066798786,0.03099523365585566,-0.023320441895977595,0.020783996744180744
2019-11-04,0.09510195303902425,0.054116987705066455,0.00411120363378048,0.03423466324158131,-0.05427149569532408,0.03926546893774607,0.007780207402032779,0.0007640571938596352,0.07035026378972775,0.021395644813710035,0.062428543946548176,-0.00308926721567071,0.028312791288938932,0.09505710684858548,0.0909314436887263,0.05118316210289198,0.02112685571049222,0.040491684590644006,-0.02449210752825215,0.007260360236523544,-0.07573816438883896,0.0037940486392407102,0.023268392389235615,0.027742168116501098,0.002950299935538858,0.0006327245453507935,-0.05019124038413747,0.024484722326663322
2019-11-11,0.030144914896328423,-0.027066880167956664,0.025588673621460556,-0.013075934709661952,0.014694314179894752,-0.010603942877861705,-0.01501183330876854,-0.027481126172132053,-0.020182397940216146,-0.049065121155638436,-0.050417118685005424,0.007090872922606017,-0.00716473025961728,-0.031249983809014448,0.008357919603320774,-0.012118640096726363,0.033053924579683924,-0.014272672151532939,0.013740926431146105,-0.05093703772499392,0.027314829871327495,-0.010979055642540203,-0.010974482124746165,0.008460494235752014,0.019643715804624096,0.006325301244785475,0.029903311961836376,0.005283096782004781
2019-11-18,-0.013780327856026786,-0.01874820059714366,0.003991986506721723,-0.021350854423266452,0.0019818548743799624,-0.009288729710870691,-0.01502829462327937,0.0023549056967309134,-0.01203065135428738,-0.02675917957324825,-0.026107423053711498,-0.048138495321099484,0.0023710710764395238,0.0170251671617212,0.04554966302337449,-0.0004263633219984131,-0.022888591760575783,-0.027708056686275295,-0.004223960803386384,-0.08050600226319626,0.012762335572353845,0.005277550379249041,-0.01580126466750742,-0.031583148456726495,-0.028402861446991223,0.024512570592127636,-0.01458883500796504,-0.028778729883207732
2019-11-25,-0.005345198235564008,0.007396040154625583,0.019880569568146766,0.00858730854522105,0.005020290868138488,0.006250456855809272,0.028031140636448848,0.018793956811085977,-0.015313476343733368,-0.01549463587187172,0.010052890982176876,0.022793481224845147,0.00750795089633427,0.0026432067098429712,0.008641156969777075,0.027038918804799694,0.006344203485447064,-0.008571151813366429,0.034974927892321706,0.04900845967827361,0.008138911505914725,0.02027499067710692,0.009290134715410847,0.027350200074382602,0.01443907856600446,0.034662875360043977,0.02681928506273734,0.051399603559790785
2019-12-02,-0.0181949999480161,-0.016518503549154184,0.03220896240546378,-0.0017643280093411207,-0.03582237480812722,-0.0028668658270072367,-0.018826951638879152,-0.024307147531880124,0.00995752990784693,-0.014279469433402303,-0.011101283678796259,-0.0013927377402551677,0.004695755038126359,0.02284693487219691,0.005735669361544682,0.019853422125357234,-0.003297633247734133,0.015164000200317274,0.020394851712500772,0.0015747506450149995,0.03645811781552699,0.022178903648069292,0.012421706005762756,0.028717783401585928,-0.007871343490057803,0.04061664387679209,0.011489427704558297,0.022316181124194534
2019-12-09,-0.005559607189367322,0.03623656567003897,0.008596203190227802,0.003367630478703365,-0.0033045021180072576,-0.005910063599831039,-0.004411058622518116,0.04869356278696535,0.0011274366153422033,0.0190283172376311,0.013806306683190828,-0.004881637863259458,0.007721858914646829,0.10567005904036075,-0.0567447444519269,-0.019043680000180863,0.021460823423661957,-0.0030139408702120063,0.010903027621486538,-0.02092860785151429,0.0411386331628778,-0.019788090058782126,-0.019860404442205604,0.003545983217968729,-0.010906760930139758,-0.011966045105369139,-0.003484436258259338,-0.00824678042334226
2019-12-16,0.018462359159698627,0.06193117871016374,0.019886569765819484,0.014847281328262518,0.02904971277171331,-0.008998131638923157,0.0695613131449837,0.06379770303622112,0.0249624118752112,-0.019290275492991893,0.008323971630250115,0.030835463726464063,-0.0014114793483726018,-0.012432127141885352,-0.08344516064173213,-0.00474537241884232,0.014637710860179842,0.014251727594028596,-0.01107524908638724,0.16532501953891843,-0.00871888320207892,0.0074376716106343554,0.012517832220703795,-0.004059569981595512,0.01529107937572416,0.007208787034309383,-0.00860134203342433,0.0388849322458491
2019-12-23,0.0020850365488322975,0.023450979108624814,0.016712870887005238,-0.0023500584179961814,-0.007517702637450774,-0.0002432503282220333,-0.01512027557293305,0.03406676622803739,0.0040285976844831595,0.0028322730912446747,-0.0029271395479203433,0.004951806253850055,0.021102621173530567,0.025177261196044354,0.03697080936166652,-0.005418399957320408,0.0007071166209775548,-0.0010645352384152096,0.020019432274173576,-0.02257035442094457,0.04348892678392824,-0.003691490903022343,0.0012057371544447193,0.006340922085511291,0.0012218665592325095,-0.011451279556907834,0.014954027849166218,0.003766613339220015
2019-12-30,-0.04029879726852881,-0.006110404791986546,-0.04200914953010215,-0.023554456465331164,0.001236697078850657,-0.0287057810191349,-0.0309147912719131,-0.025394787671421892,-0.043954276784467394,-0.02463487276886467,-0.03050812324404395,-0.012312193992137899,-0.018787460913039733,-0.017651629188825457,-0.0017895857475395127,-0.025495706350470937,-0.03297853825670649,-0.024403044312344746,-0.010477084656938529,-0.02167757307461271,0.002809769619928959,-0.0404022007377397,-0.022814698210543938,-0.02715469998299147,-0.02963771216240607,-0.038517253508933424,-0.01244010631922543,0.0009382443018839393
2020-01-06,0.03163384739982922,0.007405415163376228,-0.003813405991865304,0.0,0.023158630323289575,-0.023125810229409294,-0.028428845025668892,-0.0017605131613098735,-0.017550327598408355,-0.039414793363909184,-0.015273283745637412,-0.0020602888009405573,-0.00807990429094474,0.0078123967824650364,-0.002849225579820036,-0.016323731793821294,0.01861068304664104,-0.02315679368128931,0.0039162077515140226,-0.006743840462790085,-0.013075009835103235,-0.022837138176145966,-0.032411638355307026,-0.012337166051983761,0.00467704612675468,-0.0084699791755799,0.007459314450722898,-0.012183852069899581
2020-01-13,0.021551684002086624,0.1220528021893783,0.04306208626582597,0.04832321270908335,0.04481679096176161,0.0049568469330607545,0.030601027778166756,-0.0017635471291520544,0.03572814389806389,0.03098316949051516,0.0355664076529123,0.03519859023662231,0.02040813388006857,-0.002325535485449115,0.07056116502493914,0.040009037000934056,0.024009955182760834,0.028737405545690153,-0.036587414760854364,0.06062074089060032,0.028625440226683896,0.019708044202388475,0.031794183703808265,0.003122914097815066,0.048281711522359716,0.01590693753614869,-0.014319621687922668,0.03605305848449003
2020-01-20,0.02932480784512248,0.0034611525114680575,-0.03761433097628952,-0.037410953835466665,0.03885045567165668,-0.02619291192117368,-0.1129171291847878,-0.012367633477434636,-0.09092624827330509,-0.03525016017958338,-0.05526141284148711,0.012424373300149671,-0.04320002204603657,-0.0766186395028633,0.006746623147912967,-0.04852451403375413,-0.01919663714558939,-0.0766303949527618,-0.010684655852701397,-0.1248286457298543,0.01862899310223054,-0.06467206660047098,-0.03108961565292978,-0.02085771022406535,0.0006222170774399238,-0.07407398346612659,-0.004181016426319184,-0.06272920114882907
2020-01-27,-0.021479808136001144,-0.01108657145305425,0.009532812655153045,0.012029710269155114,0.003475408689694648,-0.09614858268006032,-0.01588092304235178,0.034704903568682166,-0.04990701233645056,-0.13823882353341477,-0.025967094472247765,-0.009595505024376116,-0.0009406558339574156,-0.06249994245102708,-0.034464826176957564,-0.06455314611116503,-0.03266833133303715,-0.08346052502475676,-0.0003411665165533595,0.03657266077410615,0.0173856146585305,-0.05642735045417191,-0.09370558413261476,-0.04745242382594084,-0.06363036321535498,-0.028292781870290273,0.00789930189805399,-0.047385806862278335
2020-02-03,0.04696075912043751,0.028151441836651525,0.021718452775369324,0.03809836123372512,0.06566899645789981,0.04917870048047024,0.04692132593065512,0.07330571340495617,0.042543728166506645,0.02676851410528469,0.015574746611745516,0.0485954693461883,0.09990586321676176,0.0630630228431992,0.06780553326595151,0.06974455209831243,0.05430027822602468,0.05445644396881977,0.03904485602539065,0.02066527066687196,-0.023080285727616334,0.009054435312358944,0.05879908352459884,0.023114012379493953,0.027935756944105883,-0.028781708302752618,0.042999077513356854,0.056922847065803195
2020-02-10,0.024367961750478173,0.08601879707566829,-0.056376895048641185,0.013872389752198844,0.0039005620521810336,0.013168836279835894,-0.09177123625316685,-0.010631669604725613,0.012492354085036128,0.010466036490846431,0.0324674104094127,0.008120947871973483,0.0031386087001419316,0.03728812762116007,-0.02950001588741802,-0.008494240167312372,0.039596491190889704,0.006089924790910528,-0.03874494604447798,-0.07407386746197864,0.0011357237434730383,-0.016068472915248377,-0.024068066756988582,-0.02006357411843196,0.022530783815447375,-0.019986095143816884,-0.005076860210642575,-0.016739689229271604
2020-02-17,-0.004062386917889627,0.03112436066342883,0.002938294701144928,-0.030261489483921267,-0.004662323231667376,-0.013004125687111512,0.03487632868678148,0.016607046040659545,-0.006786035854805306,-0.012617562254259473,-0.015121044339273304,0.0009163660765940662,0.010524364863221836,-0.024509916647368346,-0.0271583680319174,0.0018523448045764113,-0.01931380014478179,0.0037530712189182136,-0.045772170744126206,0.023466517079306692,0.12185173656594284,0.0301165682071578,0.03456646585462386,-0.01032040010328239,-0.02068504241855129,0.043952115046244966,-0.08858948524029198,0.01919554078576957
2020-02-24,-0.138683231902353,-0.11446497664353528,-0.0898439013310659,-0.14527817234358953,-0.08326814033392416,-0.13187638316532457,-0.06327819527801182,-0.12876347035350388,-0.1633540950784248,-0.18176620992756642,-0.16426648083815887,-0.1303612862291441,-0.1264778244461573,-0.1658292137189219,-0.09381131850951496,-0.13544157859480732,-0.12517161443591718,-0.13810151374186452,-0.0950203146832217,-0.11255865906753926,-0.09728952076069053,-0.1486512656073864,-0.11469321559551215,-0.11784032533141497,-0.09870209592151735,-0.10306515490733792,-0.10220246386447918,-0.18604646141688908
2020-03-02,0.04599089335748263,0.009163137849113712,0.0,0.055288926091308754,0.08158908240337492,-0.015895044854012497,-0.0005425956265296961,-0.0698529335688367,-0.019694495729166483,-0.049912990747660424,-0.06064047902787928,0.07736208511003806,-0.027604712703556467,-0.05321261572389124,0.02462850678112205,-0.03382039542806703,-0.009476037033463447,0.02256052819635279,0.0518167657678823,-0.16030521014009413,0.1729776577545794,-0.04207974682755444,0.0017654503309858516,-0.02872189860998431,0.049604974043775396,-0.06308655970424748,0.06247818094793289,-0.09533832472382897
2020-03-09,-0.10165009047853235,-0.17663427716405478,-0.2595424243076536,-0.11773581918561948,-0.16055247410577878,-0.15002694964423413,-0.24864285954825138,-0.014261051021448368,-0.3407751132352823,-0.08395063102478673,-0.19851138437301108,-0.07376162026190292,-0.02739410647628926,-0.2014847339921665,-0.11170875402168046,-0.06356755493362432,-0.06273317760672503,-0.3493541208212223,-0.16963338895513247,-0.22780024439573776,-0.24333320557706117,-0.09517808922939963,-0.07072025087211142,-0.07156227737793008,-0.07702405795960154,-0.12424866465453355,-0.138653435576802,-0.13996018879778138
2020-03-16,-0.08339786857208942,-0.20974413571118566,0.07038151174974194,-0.14404236691252714,-0.14019416412821772,-0.17446752094396079,-0.19617052058558526,-0.0922642997989459,0.0681200079076596,-0.1517520697945034,-0.10483429191658555,-0.2120841171435297,-0.25814885576600477,-0.2669323765793403,-0.0606309817758206,-0.1175240042399428,-0.1427761029249448,-0.10333055152808668,-0.22511994796122103,-0.12897345871384414,0.026835786480912338,-0.14536844753031763,0.027526371798181737,-0.15362561763916893,-0.1734925086522855,-0.13913033115032625,-0.22884236237616773,-0.013529092227937523
2020-03-23,0.021252964576651268,0.029373299140502906,0.06849315278688195,0.10473561768491546,0.17289099742763803,0.10103486036227971,0.14831480207136605,0.030181795805529044,0.04081623716971983,0.07499214635739104,0.1386916396356923,0.1128565800794521,0.172994511996569,0.12318856387632127,0.07626227257584728,0.037614374978767184,0.10601460528992845,0.17619074142073443,0.17966431609638533,0.03232538427409026,0.14275128575779283,0.08912854507652268,0.002445444778130579,0.06623199135202507,0.11378712791223422,0.07868154694894147,0.1720027009080125,0.09286841907125498
2020-03-30,-0.03401144109074494,-0.04216654024721089,0.005128038692142622,-0.06679283722769169,-0.03432732525827975,-0.05850975054701946,0.00861043570027542,-0.025420050257605964,-0.020658331092986426,-0.05793684037626479,-0.02969668218072108,-0.06489732360451184,-0.07491544347097712,0.01935486552398391,-0.09598756319614121,-0.040823209788158454,-0.031134263655816063,-0.06680173521478305,-0.06461762374067348,0.004040183435075173,0.017259907867831936,0.06864505248637154,-0.06481578282236555,-0.05376490086673291,-0.08621575131738479,0.03400703652630055,0.0,-0.07924001924219226
2020-04-06,0.18302406835503282,0.27172669084027756,0.16836741108613995,0.22882173756666058,0.12497987135938282,0.2505214553523487,0.2033373399913394,0.23474792885446027,0.3071149155342987,0.2795734077254466,0.32424058435198266,0.22137735029432748,0.27708575327864415,0.29588603376695954,0.2878667871947751,0.16343236724226862,0.16869159510904508,0.2783080506047859,0.22818696723919607,0.3048291159321288,0.2154827160244417,0.11955515283591289,0.1235869838036392,0.20813109501762073,0.17170209958061133,0.15628684786935598,0.14000586316667651,0.25233656934852133
2020-04-13,0.00993957135091228,-0.08281097678739613,-0.041484719494674804,-0.04929153805092512,0.00371754050690587,-0.06852574473217932,-0.08771362892407786,-0.08664511165961619,-0.08588623528976802,-0.05934276163352148,-0.0772064511340852,-0.006171425721463231,-0.04333325477889871,0.01831498329654946,-0.01766511408848037,-0.06789579006402047,-0.004908013279785295,-0.11437284414280713,-0.04476682810214705,-0.11719365085075728,0.03350189647767521,-0.05325882088677014,0.004200874616758332,-0.03972416042259708,0.049984648963343314,-0.020450618462336645,-0.009460501980178115,-0.04570897873572455
2020-04-20,-0.0213091039160207,0.0009759603361703117,-0.04100235520635065,-0.007498195079392422,-0.07022803249480591,0.00806037143279803,-0.010251009914802323,0.029792231697699956,-0.008976624313311032,0.09228332584296539,0.0393828956813389,0.0074406828810551495,0.02439033040242311,0.016786515457267503,0.010949311669791628,-0.02260593576751524,-0.03754980501547678,-0.04100413509165035,-0.10821128682645587,-0.01048021894245732,0.06550739592643362,0.014465316865214461,-0.053390708838922274,-0.006108594834510983,-0.02068710221999681,0.0029826113111821595,-0.08926198480062619,-0.05897688139202806
2020-04-27,0.0252329887637206,-0.06647181465476748,0.03087899446945963,-0.004330028025824828,0.005209297605424323,0.014663072253420228,-0.04964281851510666,-0.029691713181099866,0.024456407803206792,0.07565649173228106,0.048018177478569735,0.0550864395938544,0.01950121466793764,-0.0023582992662835034,0.0011067714399493056,0.08930291448868055,-0.006282190760000028,0.10209786040070301,0.05210042271534587,-0.015887092107127132,-0.033592149945426364,0.08265162389915126,0.10187238559581857,-0.05111072050060639,0.04027215091774128,0.03695815110912215,0.08477911076360378,0.06786712221948488
2020-05-04,0.05052857167667901,0.11855878391644192,0.033409991658390537,0.011011227425085757,-0.01600381556258057,0.042995789827822595,0.09094311897168961,0.01922322574852564,0.011789225517228719,0.041269239158610915,0.041819445969188074,0.040842063214091784,0.03959067147419093,0.08865230363491605,0.06191277044005683,0.01297539608752074,0.044806874632347116,0.023386534208129417,-0.05359370513570216,0.0681615144930785,0.05837026545845214,0.029268061605712825,0.03577831724500369,0.04522735381301546,0.044145482404121195,0.0393284149985722,-0.08646550521375584,-0.12451377234761052
2020-05-11,-0.02329954070471829,-0.045136201166436796,0.014493066715834058,-0.0803586626221009,-0.036090338687654655,-0.07313832675091814,-0.1450222961081149,-0.1235566587227438,-0.022429554540633667,-0.03153639072914183,-0.04094045854437567,-0.015220397301204058,-0.05840832921782213,-0.07926169756701018,-0.046478820193380455,-0.09606984582314593,-0.03089009162927059,-0.050487201713975915,-0.048247135239170125,-0.15365240188005524,0.05189762596210068,-0.09786732710010837,-0.07356832764006238,-0.04964822193369656,0.034019763150495486,-0.1123376285277774,-0.04984675480370382,-0.10333333074079465
2020-05-18,0.027670474899443853,0.11018739975439029,0.054944804704838646,0.05941478937274547,0.03663833495749347,0.11490800955657199,0.12533268056640612,0.08378858159259206,0.07628105821254039,0.07128700319933112,0.09154581287007213,0.02952503198758838,0.05998656786934209,0.030660344832019293,0.00935889064637796,0.051207846415391334,0.04534748993298554,0.12723873114553608,0.06913777952684463,0.1468255797317901,-0.07142856685305399,0.03703702105812656,0.022767079457923778,0.10653494678348374,0.015693692698782957,0.0848135511641912,0.03924231807221279,0.0470880301533263
2020-05-25,0.031150054783174896,0.12347673496666789,0.06354168404714944,0.03964299485315448,0.10463489569899553,0.05182508511999617,0.06451613626868724,0.11287710802195638,0.06866021242920284,0.0418977324573544,0.04002441060821971,0.06024941070266299,0.05476948067341425,0.03775766425609062,0.02912981487447497,0.043198348750117965,0.06009320050178246,0.05527972869482145,0.06900755459726149,0.04584766018342723,-0.07264070693337177,0.070415631291038,0.09054762132338667,0.05708045962870356,0.03111503205119792,0.0871878104903272,0.08858356145514135,0.11612377067649238
2020-06-01,0.028677745024990653,0.10180337825738972,0.07801927303042877,0.11430373899484447,0.03967904744963713,0.08686465105425833,0.1140618730675731,0.12229960768385162,0.15950213676441582,0.11339635239904822,0.12984708430080927,0.07987571999994603,0.048775376351038346,0.1973537138908985,0.03506277563469595,0.16455878805168012,0.09360491989714514,0.17424735302444083,0.17684286421216333,0.16625291287796706,-0.06345132465558567,0.0759582409670514,0.09022769876641745,0.12078287278257505,-0.014414449805808416,0.0971384976909524,0.14595614372095933,0.14219531407195274
2020-06-08,-0.05446930683447182,-0.08290813172319988,-0.09834560058228214,-0.07488064601760491,-0.07574742418343139,-0.09414660081889492,-0.10146693832261222,-0.10146822040512671,-0.06231525760993062,-0.09137880198454251,-0.09477351245301069,-0.1110821116431786,-0.05687435641190852,-0.03406986401969858,-0.07986351340903508,-0.105303555050283,-0.0830978639883373,-0.09751038518168587,-0.12589257105643226,-0.05441543940782034,0.016948461921183045,-0.09390788592028287,-0.10528231517822995,-0.1081176657437275,-0.06436121929788463,-0.09334242683912597,-0.09699501317699777,-0.11981287586043232
2020-06-15,0.0019997165711451714,0.01799478194221904,0.05096839614059179,0.008987005725877184,0.034391789377256954,-0.020334266350356844,0.016666543864173322,-0.014887629451758588,0.010186775910530077,0.031170591346540766,0.007988565727091723,-0.021121060319597706,0.032052812497456395,0.0009533058691801877,-0.005991463292541743,-0.0017182021396944247,0.030256321971153355,-0.0010510297976279448,0.07089558460019219,-0.028614476006577294,0.02651043596089875,0.03640760249701103,0.016574660267135943,0.020564956955444025,0.06765624783061286,0.02838777567307016,0.07101440882338172,0.003899446259436612
2020-06-22,0.002165415352548994,-0.04735172667324583,-0.06207558626686027,-0.04095381204935766,-0.047255031130073566,-0.045433687924021915,-0.0816326192542921,-0.04460004182592148,-0.04441770246422261,-0.02243367939428531,-0.03180287401759607,-0.03783394183643063,-0.03882150755288005,0.027619162775191386,-0.0558330170757424,-0.030407285537344286,-0.0059118812017212585,-0.047640549851753256,-0.03900119503755817,-0.06356595347183103,0.042515839095425445,-0.049180401961292475,-0.04080194318400332,-0.015233373801988304,-0.046419063434933516,-0.06440949331395485,-0.06039151650660157,-0.056497292719629666
2020-06-29,0.04830111637580514,0.052518886289000255,0.09617346807330285,0.06528295161212494,0.06637927199364846,0.06873646614756268,0.07030968627924916,0.06365741557990634,0.04497480094330775,0.04472990029059409,0.04013076545410632,0.047718243738769095,0.04743163235863235,0.06580164062975769,0.07229254476182478,0.04585783318801284,0.06981909341578674,0.056651636918668036,0.052763955556995645,0.06374182667132677,0.027300442073329823,0.01970451769488557,0.041492300665944004,0.0678481733425198,0.045629689511976546,0.02163638852237848,0.07109922620788578,0.05538943531380669
2020-07-06,0.11039063084712164,0.00420052614146571,-0.008490504250213804,-0.050940334334203086,0.008216157394403734,-0.02283259028263873,-0.0428862643539738,-0.03445760814255239,-0.019956611126842216,-0.02755031435620936,0.0030007948907644355,-0.0011945887436313196,-0.0048582503721879,0.12782594321922724,-0.012846667237118248,-0.022913709666540494,0.02119685020626405,-0.028673864334862964,-0.015644769758638266,-0.042801745080628506,0.015091684693092189,-0.013151252144565473,-0.007626446081275051,-0.01861213301883613,0.0014237845905291646,0.0033216292613313936,-0.01680181977546391,-0.015957578012503637
2020-07-13,0.07617390196375173,0.12130810180830265,0.02473851403934746,0.0920391564928309,-0.029143701595468086,0.03562745287370306,0.07965851152603931,0.06498852562073298,0.07139342222713285,0.04364464409738744,0.08120830287855929,0.04834056922334784,0.06268080148931232,0.047031688238012626,0.04582824727362245,0.06890559348506176,0.07368884267249154,0.053198001895848224,0.06376403137217657,0.090244047039294,0.016806623881749694,0.020024593298502147,0.05885315481612685,0.04521678596904399,0.045032494373951515,0.0391472726507478,0.051856212208484465,0.08000000300195786
2020-07-20,-0.008435183388623257,-0.016052254739544747,-0.009285152730815649,-0.007009780462554072,0.04083125352702632,0.0323913629536321,0.007246405864371974,0.005996532810413013,-0.024272826734676345,0.0005502185559247419,0.009882694968262218,-0.0014263104491271106,0.00817144455010177,-0.033873508463304836,-0.03183449388863202,-0.016251444268038262,0.006059288265461538,0.0,0.0004472612439558876,0.019388564716167567,0.06087117109074347,0.038536296838726836,-0.018336357800757597,-0.011798353334708689,0.016276386467575454,0.038045535793397534,0.0186475693336976,0.008008139753372445
2020-07-27,-0.01677427702805856,-0.05261979509114689,-0.034676683577363754,-0.05871603362436073,0.006423903072510617,0.05857754648780955,0.02452584870390151,0.0014026739321952864,-0.03637656920795351,-0.01961493934684322,-0.026226585988423423,-0.10939724829280795,-0.012017953418921645,-0.015243798800438912,-0.006860169790741777,-0.04212535554352814,0.004261148597548781,-0.08729924361838737,-0.07364185808773471,-0.01463052939705789,0.03670407581774815,-0.0210035543863617,-0.06488944854596801,-0.02632046367283991,0.04499840430920288,-0.015091703944186907,-0.07746712478487072,-0.11089057173485184
2020-08-03,-0.01723476741485297,0.02401202102535449,0.04951452010687207,0.021880942408212922,0.025804891217301895,0.03888897451192963,0.05745298076164529,-0.11344539424819722,0.03823672208270268,0.050365137670995264,-0.021036885595258736,0.041800387259587124,0.03507783092240713,0.08049533727517244,0.006748771689989219,0.02012073171873663,0.0008159620654617505,0.06669875599948338,0.061878710782728774,0.27616952555359253,-0.004190636241458878,0.05697242537286673,-0.0067624049784681395,0.056293395562750925,0.01358202418253951,0.03940174218832637,0.10781812222818088,0.08227869300894897
2020-08-10,0.028861594706886873,0.0941495310989211,0.03607785070546865,0.006648362216416848,-0.0003973689078713427,0.004951558950668344,0.05946246536102384,0.10071079146390272,0.05254521562466086,0.04098811156968463,0.0031481201563847705,-0.0009747348911613996,-0.001457659835166214,-0.0128940715016157,-0.028627778429740514,0.05015498554576858,0.013003836902670818,0.03478773593296158,-0.0030453820594462666,0.037230815345346224,-0.07342915087362845,0.04285081779375899,0.043992900799475265,0.05144111133578555,0.014983558104083139,0.0863461457325494,-0.002613569888587519,0.041967595279135406
2020-08-17,-0.011662461637841126,-0.02868268468676205,-0.008035851897284174,-0.0172400231910943,0.014834669969768122,-0.016456623672850612,-0.06979548682219372,0.025509630853564946,-0.028526871663327014,-0.051925735798590944,-0.03397470371662359,0.0007188063706782266,-0.020800756928070596,0.04209002306568643,-0.021271366834404226,-0.04270331669524696,-0.0169013847873708,-0.04839891120722617,-0.044088890791008195,-0.01906889115153565,0.02693799489395965,-0.033521026086933636,-0.03722291156558777,-0.00630365958787571,0.013892203028238459,-0.04394182989739581,-0.030137360316463746,-0.054172769015521816
2020-08-24,0.03602853061510225,0.028749521601954875,0.012601400155572762,0.03141908169841123,0.047637597319988956,0.041378680793068945,0.02595002211877584,0.037974626274550394,0.05643506206954885,0.036996670428230516,0.05127122946522045,0.028996767043223404,0.016956835226202838,0.08983282467088771,0.032517805146381695,0.04974431115731259,0.037945289739949706,0.037764567659665405,-0.011160966792295834,0.0811891070529207,0.017385976133805325,0.029089457894948545,0.06575639184260251,0.032902023587555895,0.002152376848888693,0.020615065865291715,-0.020804419199932922,0.09135607093736997
2020-08-31,0.005627572697843197,0.025996817581622533,-0.020444521169891594,0.00761560082674273,0.027407647585944606,0.02155083335591068,-0.0009032061137907998,-0.00677523176174466,0.07162527482527081,0.028331763483147476,0.06045941635797569,0.02124664568510015,-0.006138175713765959,0.023642344422612815,-0.010845979292266383,0.05686404736072692,-0.02314958942529166,0.07373185384834713,0.03757481261379603,-0.02009525176670257,-0.02038660414413762,0.019787159243564778,0.041850199636264795,0.004012291212388108,0.005488968268505978,0.015231742241955448,0.01716970010849761,0.04764969389706453
2020-09-07,0.006333066124709852,0.002533611559204285,0.01400447701973051,0.011044430630317459,-0.0077251663966265705,0.003767405825840564,0.0057261342186036845,-0.010231734133979487,0.025720214867333446,-0.003911583982071809,0.01355633019133351,-0.005665053224376271,0.0007373831523740382,0.015605399986587498,-0.016975614639434644,-0.0028184348949172877,0.01377143531352032,0.031224181168767018,-0.0214368900461821,-0.009223513629691982,0.013312894982398182,-0.020682476117184545,-0.018207512560246997,0.036620241777795215,0.042847355999526604,-0.04337900408120299,0.007840059225790563,-0.0012293005747036068
2020-09-14,-0.015017260909166774,0.031592259794526845,0.017178980862434967,0.047499698037231974,0.01481384920574591,0.06793014682868392,0.01917911730359645,-0.0010337777588598218,0.010431280747308147,0.012292866401163005,0.04787483921212643,0.002063040983201425,0.01842288733297659,0.044867805676073846,0.01247645454075541,0.080421506818936,-0.016268924922261063,0.0631136783948858,0.07288495437889875,0.051884185404529104,-0.01907416023453512,0.07076004234795152,0.08154101983783701,-0.01046420463649389,-0.018695138029912184,0.0920558155507849,0.04294336399371246,0.11415387277238498
2020-09-21,-0.01724096273954734,-0.13378896054418477,-0.038222354533511416,-0.04925091042486107,-0.017131187459040853,-0.06747502772220226,-0.10555727022783379,-0.02104178660507794,-0.0859638660949229,-0.07168146907809769,-0.07022502942442066,-0.03693982847068111,-0.04649066862951534,-0.09999993004013596,-0.029133454147483362,-0.021165280587713164,-0.0542463063832227,-0.1187339357658952,0.003774205226487748,-0.03478695756994321,-0.05084243340090666,-0.0799106178205885,-0.0253423034038055,-0.04388969879194726,0.002818131290344583,-0.09896950022936457,-0.00692598877571482,-0.01104661320878797
2020-09-28,0.0183344726648087,0.0564362319827425,0.017560134783917603,0.04216261302848223,0.014729304272047772,0.019879230384076907,0.004931029330940806,0.03488364225653373,0.02758493973077969,-0.0049056884848067694,0.011254998528983595,0.01035558810790449,-0.017169225829779755,0.04183010066964532,0.008117226663455046,-0.01652094837161222,-0.002577840224218808,0.037632754813095026,0.06405088161887029,-0.01506200170436578,0.014164979740732608,0.01745859105457881,-0.009320221355741842,0.025114412972730538,-0.012144180005999261,0.02910596027425072,0.048436503942594245,-0.02206096284044934
2020-10-05,0.020054682395250767,0.07548450468095025,0.037238963887314736,0.049625974854832,0.09181109907248564,0.08859126432713649,0.024861080547154968,0.138236455194775,0.0433308468622029,0.08289216054646054,0.10221297443233968,0.02574975833972748,0.04689589651886261,0.0809282471810755,0.002013922428704795,0.05410092057750515,0.033555809821399496,0.1052048364005489,0.135315003188762,0.07646080142956313,0.008508543590952655,0.07057543163774649,0.04132080929040893,0.1022959135770296,0.01367231388759138,0.10619410810691776,0.1021931275326533,0.07938332558839378
2020-10-12,-0.008183542058251891,-0.027179032695611394,0.00700524688174009,0.026973112363319673,0.012851679528950832,0.019178622710938287,-0.06543270680221047,0.019443624644650326,-0.001215334831675574,-0.0023605383557430137,0.003830167506515769,0.006743519115456342,0.008239210206423264,-0.004642918197989121,-0.026295913593823328,0.09069607135890112,-0.028590371492610456,-0.03544568828765726,-0.051739253235335014,-0.028919398177437383,-0.0023877697727591185,0.009619314312286908,0.059256031302968415,0.0094199193483957,-0.004410040134462667,0.024861696530823485,-0.028916428939850247,0.08412691688507379
2020-10-19,-0.013886261997772764,0.03275540039407265,-0.046087124825117454,0.057603542873087665,0.014220009911096954,0.0006662046266527888,-0.05806003814547045,-0.02670192777069258,-0.015618692659458366,0.01098535906200726,0.009596478347957405,0.001662279718910309,-0.010375717497796755,0.07055404402671295,-0.04902391763059122,-0.0030081334238013513,0.005105483117965326,-0.0014284775512950487,0.0132831467330905,-0.022988295770581146,-0.03510444466566187,0.017433536683747475,-0.003261222935181496,-0.021070296574533964,-0.017272637000379953,-0.02425858690492655,-0.006897866891289461,-0.01805755797381603
2020-10-26,-0.060408116257408384,-0.0338930985714998,-0.04922496910296137,-0.02363482304002895,-0.040120705600507844,-0.05550018520609912,0.0010876547698028816,-0.005727952598460484,-0.06264163973834092,-0.04914739471220975,-0.0742099796962683,-0.10387072195158142,-0.046761785538182776,-0.0555554655866074,-0.07153826285697196,-0.05711216962272336,-0.059461151876722296,-0.10988299708919169,0.015014859681159898,-0.010695135743282513,0.039192791888791545,-0.04841589266250068,-0.03951348369062213,-0.03388687068696816,0.006834290374470253,-0.033763087143277803,-0.00392013494123844,-0.06684870318262282
2020-11-02,0.11033895710203101,0.20394805870340638,0.10450604615427928,0.07132019300521364,0.09505607679154471,0.05991253374134864,-0.010141106670526812,0.021831458913931234,0.06023293030745802,0.048171621139727616,0.05183089785883932,0.08606135572223073,0.05762128837184899,0.10265258705685665,0.05747123792616482,0.06262855678653212,0.1360622916933638,0.06165072532855187,-0.03818296967679835,-0.087027252074807,0.08434102297940904,0.013818943996786848,0.07616395093620065,0.06968822745269687,0.0699439284271044,0.017789178357330737,-0.07007724942754023,0.03914748153754899
2020-11-09,-0.13970401967403312,0.0914277161857886,0.023437361018238567,0.008903247708694328,-0.02883229692569511,0.07285494093551548,0.1302597577936917,0.06854574850499184,0.07754529887019812,0.033713424645210655,0.10549214919176397,0.04533822336065252,-0.0005522645141476934,0.05334730408370758,0.03325340807595745,0.030113989807489583,0.02692569005732426,0.0546306191606063,0.031072002761506567,0.06690342112198944,-0.03566165788152187,0.0669145464082046,0.05470330466485129,0.029259689641318642,-0.013340627198099475,0.08052406577551752,0.02442645349430017,0.03664790941036267
2020-11-16,0.02505035122593613,0.04417030945543021,0.011874879625450196,-0.013905597690587301,0.027469484270825628,0.027256384831089164,0.09539633623687882,0.03561097273308489,0.05310737972627377,0.014927870928710174,0.02712787857063681,0.010699073970336537,0.047421703098849965,0.0551143020465239,-0.0009805850771659186,0.04352525192529244,-0.019411957518890466,0.06537061485190909,0.005527037855253658,0.08823544738797917,-0.06178659453323754,0.017228098855584184,-0.0011542786026501606,0.005452980859336876,-0.0009823984616985637,0.018197735883586308,0.010218755580934769,0.04859825282707786
2020-11-23,0.027173827669059625,0.07639370998861383,-0.03772028963500196,0.01898288117473279,-0.009151410722845532,0.013418191323627315,0.1573133827990234,0.033638297662270444,0.012241927632023364,0.03181452497149384,0.034696827924314944,0.06716980547867824,0.016879154788649764,0.10682347375115597,0.007228046745177519,0.02549070679552834,0.021263999937042533,0.07605625032978591,0.02036936524160282,0.15655296244436112,-0.05141929613459506,0.04795423054423886,0.02288144137584447,0.03313760165658808,0.01598943300484157,0.06808506931170655,0.02361443471422575,0.04382850881167788
2020-11-30,-0.014649276863300753,0.011332283624369444,0.015268602421982136,0.02488352183871423,-0.02283103148549559,-0.007779647504921439,0.020634622500168787,0.006248431113399011,0.006163678876624168,0.027682630649886075,0.02492491000163466,0.003558597313221057,0.05204455260914487,0.06547618044320958,0.027731100914311968,-0.03590470457114392,-0.0264539644219689,0.02801787088348373,0.051400288441987296,0.004409061617536958,0.016415776225823464,0.024514344972642377,0.0030126558392595815,-0.005751782427358743,-0.0406355905763115,0.031606766178551515,0.028876508391816547,0.009532362923043713
2020-12-07,-0.023378177476109707,-0.004094156257578696,-0.008665592744973138,-0.022101959061670895,-0.01524709744119146,-0.012364360820831144,-0.005054514324876802,-0.006727133909834038,-0.019073758099767857,0.0057559517032892416,0.0010743747860666453,-0.019325344799964728,-0.04322453264188819,-0.017956828942023106,-0.04275861687865701,-0.004910768422471956,-0.0011524930553595825,-0.008514357942415951,-0.06028226044897622,-0.021896524685820484,-0.009589367229366541,0.0038992600905765062,0.01809716238482184,-0.027223886838602107,0.017991063645800054,0.007466875065865963,-0.05162507852970999,-0.02135770546302984
2020-12-14,0.008191203771061861,0.004515907726028834,0.019230761934644125,0.019665274061803073,-0.004212639368415538,0.005801746324089363,-0.043941749378554995,0.02656956527368748,0.030740853615407238,0.07424683001485444,0.011512194767757222,-0.012067952509579039,-0.006699192357303541,0.0008125311505176036,0.02926869618493444,0.027760457575288333,0.033159673039010906,0.027457523891897706,0.03424404991919561,0.05218183768133411,0.03458760504003067,-0.04784597758953213,-0.005310327028333228,0.017491020827049564,0.013386869551783143,-0.07692324373108694,0.04565070074927635,0.02504017377926382
2020-12-21,-0.004451668856494395,0.07732212913752434,-0.0017152821477208757,0.0028765640644432544,0.0016269355413964792,-0.014496199672179966,-0.02205129711518694,0.0022838555686335305,-0.0156306524435057,-0.024954354685658653,-0.01623633893042442,-0.009104649692296296,-0.010549248525651866,0.006496259500135659,-0.03701103017551677,-0.004401578764075431,-0.004075248973749668,-0.003519194428686978,-0.0047042935030249255,-0.061137339902552545,-0.00033066838791795394,-0.02762844615789517,0.016689525524619997,-0.0029565031966451993,0.007786044215511545,0.007198213076548665,-0.01377206334379344,-0.0031377909368578427
2020-12-28,0.01814798297067788,-0.014167159730736345,0.01116858429345191,0.011147338816146934,0.00909698123578151,0.0006929677477418572,0.05161660505237209,-0.019747114132622756,0.012958508450218398,0.022430135415681063,-0.010166945230717261,0.001110537799839939,0.004369572129111932,0.04961670616132685,-0.004147433124365163,-0.0008040691134835187,0.02684923359638769,0.011588163110665795,0.03243056726153082,0.047814315909677774,-0.009755109659065009,0.0143021029330892,0.01329908940422464,-0.005379573180191444,0.0013762877498404436,0.013468859752347573,0.03553948751170677,-0.02135770546302984
2021-01-04,0.05101850822127174,0.24796601642432203,-0.02293979855134043,0.010573010881935963,-0.028010282772863215,0.052947714501707654,0.11495738670693756,0.1169940282938502,0.04882873103299468,0.1501895310625898,0.054348043706825555,0.02491217843053195,0.058019073082636874,0.19715590672708738,0.09334820581742931,0.03539797191893457,0.026147019829096285,0.05553139530993878,0.0931787671290707,0.16514555382253127,0.04842210055323504,0.0614597853499288,0.049815031105073126,0.028290285095464496,-0.008354748996183825,0.07847359759845074,0.0979031698214552,0.03905341608608448
2021-01-11,0.0040947198313066036,-0.021510107003352985,-0.03913042657784738,0.016459503007069776,-0.001656210414068271,-0.020026461397585127,0.05560714548460077,0.011560647243003652,-0.015461071315137742,0.006724508807855356,-0.00898537814274114,-0.04951518641820973,-0.008506891484335144,-0.025682072775301323,-0.010756429825604208,-0.023892447536447148,-0.0455251858233402,-0.01901810646382318,-0.022066236524626137,0.06825805188093148,-0.014811274213368364,-0.009817855111368234,-0.015541079011240022,-0.0017531804498439607,-0.004418455042837999,-0.007343283036085335,-0.011729926403704627,0.009949175323467063
2021-01-18,-0.011536554717843317,-0.035694202432887345,0.0036199436269195306,-0.01663235240419858,0.0035389124006934836,-0.019988008895356346,-0.04741016221843963,-0.03862867064978848,0.0033151655552550174,-0.015180917242855196,0.013743298195946663,0.007686198630260099,-0.04664732310593278,0.00461280200813774,-0.01622488285424406,0.0274625995262765,-0.02561128225617948,-0.036139414987977236,0.019830076852509704,-0.010823947908184639,-0.0017782764698925924,-0.01243916355223218,-0.014943800128638607,-0.06903550952418835,0.00912419727079361,-0.012755198664778478,-0.0158464851441269,0.021672543568366676
2021-01-25,-0.05937957535927674,-0.063611915867537,-0.013525728030708617,-0.03708189931042449,-0.029975635113012267,-0.0703956437985469,-0.04654381423721243,-0.05230612086018638,-0.0973911880217474,-0.02022435079184537,-0.0740918067823022,-0.03710160907174498,-0.05382255008448844,-0.11741537748613973,-0.02961749671677283,-0.02556645609895558,-0.024176844343620774,-0.06252728423295417,-0.07167321789506687,-0.08365685940834466,-0.03481790963729614,-0.11044202797204838,-0.04230778646591493,-0.022565476437529597,-0.055137568765750045,-0.11447033305592325,-0.05828117296494484,-0.11227774345179864
2021-02-01,-0.05101959075324014,-0.03375137243342352,0.04844603003171222,0.14727903472850934,0.01556448130718846,0.04232490066652561,0.04253265454232258,0.1013546154582361,0.10289015727964013,-0.04543753869890477,0.06253201953108123,0.04043789242372142,0.06362552342032068,0.17911543538992092,0.13062824401998774,-0.06519594212778168,0.04877745110544818,0.08745327201438435,0.035454836788231026,0.06509991156393169,-0.005033559701263957,0.08721563979487068,-0.008627201840509802,0.040085661119833915,0.03581970134914725,0.09804475821947922,0.025479450214044297,0.03982628557707346
2021-02-08,0.029231654291395515,0.047528175926612404,0.002615543487762162,0.02391826068488534,0.0032441992168223965,0.04249139140946001,0.02828005053442406,0.010706144917038918,0.015897880318624047,-0.05762137067775919,0.045263012182507056,0.03336780671347417,-0.06511544449122642,-0.015758114368771836,0.055092365754187744,0.04571566821002926,-0.018222708032845314,0.0308812378085066,0.11165974159030112,0.05858964767686503,-0.0060708150702142305,0.06342024539298508,-0.000900266180491327,-0.011133740322743613,0.006237851213941381,0.045176863927675726,0.07558506823855327,0.026926715633657894
2021-02-15,0.012780635599584533,-0.05144582377444484,-0.006956587377220824,-0.01026903910277377,0.008920814876556049,0.024230180393989498,0.03878031012744376,0.024791696878558422,0.038521171198877324,-0.02350638465354149,0.024627030331080046,-0.053665510147015816,-0.02256681575892172,0.2004484092319443,0.040578771007520054,-0.0046766362749601775,-0.0071236017055367196,0.042438157971715684,0.016655108723724554,-0.006491188307048423,-0.03851367308724818,0.030174003043759834,0.006757795774304354,-0.013569040941503685,-0.00574157297726241,0.03839297374951034,-0.0007293480895848026,-0.0019929260989458575
2021-02-22,-0.031301930508452314,0.006659734880687607,-0.04203144792966407,-0.0011400762025038924,-0.056255432317071974,0.027288907153353303,-0.010489428437507886,-0.007037613586653002,-0.017883854751389205,0.007594521295096968,-0.02376693573089539,0.0061514685828389926,-0.033824278027706156,-0.0954923623854157,-0.028602340599775733,0.02498979810501556,-0.026347383450008532,0.02863709806807635,0.001575865392840603,0.011004014153698005,-0.0404092569844946,0.030668296158231856,-0.015363773826651217,-0.00962117823134212,-0.051010653037700804,0.01811953486836515,0.015877732884527873,-0.008191118768051231
2021-03-01,0.032078894234452315,-0.08479108756857279,0.07232303952437413,0.011757136551053149,-0.035563996518827246,0.06442995976801291,0.04063607645672418,-0.004011649791850647,0.07248544719192673,0.057306351031103375,0.0550978592143585,-0.006925836273583674,0.010030350285197942,0.032734009676813614,-0.01320932863560631,0.09063430356141677,0.01379632355551097,0.04656121240713751,-0.01935517981540491,0.02278925833189316,0.04339827962263554,0.051822159548869484,0.022193314203076575,0.057780737617344924,-0.0043944438044586365,0.09956720234364114,0.004784223790700537,0.16265201684401132
2021-03-08,0.03578180769217143,0.09313289272611658,0.013781398035496828,0.023412063589496324,0.029558332628419448,0.0009470004093479201,0.0454157481137587,0.04594115357851325,0.022730882489736537,0.040929118109006346,0.017695971316033177,0.03275444601583177,0.07204776413172387,0.06853213461227803,0.00837558288344531,-0.002400538625429771,0.08889776487370349,0.017852076969790076,0.04257271068009327,0.10586087822353285,0.04981994057487582,0.10870916230700889,0.016821071235853413,0.018862440293142324,0.04801003543892857,0.07589673472282388,0.02699793882579793,0.017561209796673083
2021-03-15,0.0078314645324431,-0.03427662741738946,-0.03993209725099889,-0.007080065778959699,-0.04005186769824509,-0.0024326367174565267,-0.02212732583288446,0.003624681147162301,-0.006683306605039241,0.0005191412765561676,-0.04144656524351076,-0.0332524630418648,-0.0019981490782864375,-0.06493838081793402,0.0183179561488116,-0.00814513233847225,0.0023091458560029476,-0.018026509290496873,-0.034232063629110465,0.0033132200236463127,0.049838946522475114,0.02236243942003724,-0.03831165370816991,0.014590534717878967,-0.0026548310721995483,-0.04065874082939602,-0.038792713380185195,0.004265971262933599
2021-03-22,0.0429195403064877,-0.007260695598329203,0.042477840784360676,0.023007036676143455,0.034953840098561395,0.034205144839337454,-0.04089692854524141,0.01784592771153215,0.0012518481330550113,0.017769436111630954,0.007871251299107929,0.030002669677486438,0.035307977663517676,-0.05801664840636889,0.02337782907000574,0.028555270040936387,0.04563023746249373,-0.011238969984620595,0.027645453919952878,-0.06484541636585972,-0.006943407429378157,0.11189014359878557,0.034345894148608336,0.05019684280704362,0.0747186604887724,0.06696343838629293,0.03067733098202652,0.03456268228150372
2021-03-29,-0.008077402295736835,0.002260677704068792,-0.010186612349735946,0.0241234012126621,0.02592466429991469,-0.0052394478934832955,-0.0062770182522337015,-0.02442093602188855,0.009532725167124667,-0.00433289733524056,-0.012335867393631572,0.016500172449411155,-0.016260808197861798,0.024271918812712734,-0.006275906225409522,-0.014879287384381157,-0.001989885893432519,-0.00018943667492299365,-0.021568089281014835,0.003531392992441651,0.005040678347415062,0.007314023370384559,0.0003690815110344303,-0.018472991446347176,-0.012871911270530112,0.012313818873059601,-0.02318917937345577,-0.025942614636242034
2021-04-05,0.0034302444299367796,-0.02268796221094649,0.006003252179877849,0.048173704677352935,0.041613483483708524,0.002896815699954036,0.002178179536343139,0.00834405425326934,-0.022600581124192276,-0.029054339049886746,0.008446343588546457,0.01194390874537099,0.00391827665120692,0.008293869471927895,0.010298976520277003,0.01197283132180238,0.014100280136294385,-0.01392688351500293,0.036420272964446276,0.006717817904834833,-0.004853554956922634,0.010329073461956995,0.016744072180515657,-0.009805231879373544,0.02218213170985961,0.00959577931203448,0.03690144960356867,0.011688205714933675
2021-04-12,0.010972092496950081,0.031970894522251214,0.01875542827418264,0.007456952967110464,0.012797767425405837,0.036696663251308825,0.028254877380494703,0.007850581459016182,0.024390223658838472,0.01529144632306556,0.024146934206264126,0.016906639793220046,0.015731057221212152,0.12044646691054739,0.01839174768089058,0.044229986407846145,0.018117888699987983,0.03333967092773249,0.015980762610949606,0.06323466858482352,0.06340436298766838,-0.009839689111089567,0.01828224772974507,0.11258045061919453,0.04555602559175553,0.00605583121248876,0.018199708922732594,0.034658966261250646
2021-04-19,0.00980926146240546,0.060514424249379584,-0.018410138246777286,0.017925597298693363,0.03263367519648197,-0.003926271208784082,0.00021133823690178133,0.023789657814817122,-0.039734091920952674,-0.0027267501129629723,-0.011658454708361021,0.016266946943722882,0.01988751058567706,-0.03981584183094622,0.01175967450676052,-0.010284160700733569,0.005656050894059073,-0.029195711828013282,-0.002133515638545802,0.014644640404218423,0.004739232553180983,-0.021006114619875116,0.014035122010287227,0.043247244000844676,0.026225080055711114,0.007572726959154563,0.005123258338945558,-0.024345572482554645
2021-04-26,-0.0062693879421164,0.04304416031326497,0.0017050971923708858,0.05940811074811303,-0.003617735511670661,0.0002827157479057263,0.027683793969208503,0.002673065305788258,0.006279200401794638,0.00390581386158817,0.01575727822094053,-0.011729448686720212,0.02018979417151745,0.03201982681844795,-0.01639676188008976,0.021486418760339854,-0.01975325009358131,-0.0064171152969156875,0.006556268159368939,0.03622978896625395,-0.05036507371284571,0.056918856777418814,0.037378042387865795,-0.019524850046574782,-0.00018251134699764915,0.04490269994404117,0.00945807384214703,0.045966192318189325
2021-05-03,0.0071756054727891705,-0.03240769902854346,0.05957444125056344,0.03403836068275434,-0.03139665266393121,0.07647631666087329,0.13304541921211865,0.002050865101062449,0.10464006665410341,0.07443898136437688,0.08302270625275066,0.01923080439508995,0.01835258521475258,0.16600385487825675,0.030105058461036727,0.06275888769855853,0.045795116881270914,0.09947955125564656,0.07125060102110647,0.051733909313649296,0.07883345741875303,0.20058352767491128,0.03731787258249675,0.04817818869667523,0.04878237683204367,0.1685725930911628,0.0755720812466596,0.0715696539409032
2021-05-10,0.036138551760553916,0.00669868433095111,-0.006425697615193848,-0.010836963179109094,-0.01764072781693604,-0.008539446553876728,-0.013793104455069205,-0.05198524589398423,0.01144281064779773,0.004707457719867136,0.0321676672973108,-0.019130440782755054,-0.018436952265620365,-0.03820797355008365,-0.035780285022121605,0.016385213979593027,0.007493519419655925,8.754775842456652e-05,-0.0008196903846579007,-0.013784084626727533,0.05079448245744311,0.03797083296342696,0.007116779671124673,0.0008280003577361139,-0.003969038882639331,0.006312865060658535,-0.00276452872913735,0.013893460099081212
2021-05-17,-0.009500299205821294,-0.025822563075016736,-0.03152787524867373,-0.01113862492968154,-0.02603817913531714,-0.018182810974824992,-0.03156589841750479,-0.0321893376348813,-0.014320554913450967,0.010571913193991866,-0.03225046230527073,-0.04382773482439939,-0.011083893108929876,-0.033577601986824024,-0.0047449139856062805,0.014046438110327797,-0.00863320452415417,-0.03129646559273458,-0.040823228135541845,-0.028226843175247707,0.03929327792673476,-0.003706889298894178,-0.026515357323542488,-0.003629282544047263,-0.010346297453017184,-0.03481783252224624,-0.03509779608854868,-0.043420867160018806
2021-05-24,0.0049298567923175,0.046998516876207264,-0.015025096506926627,0.01804997214031623,-0.05323817195518332,0.00791951529005508,0.01605187297199251,0.017897224427926517,-0.005956867623866713,0.005587050269611149,0.00456617583108665,0.003920943698620949,-0.001625659096705645,0.045265464011316814,0.008040786571066327,-0.006768425680798162,0.006799233958005857,0.01918547208707655,0.003061852507366458,0.019176735487377528,-0.000679942515420251,0.004014372311355707,-0.01005597931720803,0.00711689994591147,0.0033748025278643734,0.014462062343760795,-0.006234114179148098,0.01048206594861556
2021-05-31,0.01701928499812011,0.03866394141441121,0.039938603877063494,-0.000952203280955688,0.0064518240262620985,0.0053792571772173225,0.04118871924872414,0.01010973099539636,0.03895415878974773,0.015230634302355828,0.031180072500831102,0.0017668186345172199,0.014225781917501568,-0.023174198528103207,0.009387998838845446,0.032898113798339734,-0.002461894797394115,0.03178832123307784,-0.031179585495133444,-0.002767129488641662,-0.027626528500138692,0.060854312928193544,-0.012714485625559546,0.014522539194981032,-0.0011639158980736308,0.03892349597809153,-0.018317556466072582,0.011145388158095182
2021-06-07,-0.014142225183205515,-0.019361757076021058,0.007407430743594068,-0.001323250966792311,-0.012236435174745264,-0.03607069388237949,-0.02817919320477913,-0.03089649945784756,-0.03367925304932362,-0.035526310622184254,-0.03077867889523833,-0.004455673303979002,0.009040965045860494,-0.021087974192917303,0.03342622602334844,-0.015467911993382266,-0.025395562267780947,-0.04358414047327763,0.0025867696762973402,-0.03831220474732455,-0.00858157245865887,-0.02013244436369821,-0.019828104149694825,-0.026325839819468122,-0.02281095534457389,0.002312845620524362,-0.029844178579114256,-0.027641021149494183
2021-06-14,-0.025794807119456142,-0.06966658556353222,-0.07189558210604408,-0.06318672071213194,-0.028701185584480426,-0.08650355434873691,-0.09293675792924205,-0.04108658923053954,-0.08852921037791572,-0.07391249846459369,-0.0892044995295248,-0.04424228680737341,-0.06179877741252837,-0.14418606182455618,-0.01975891962992038,-0.06944225292262218,-0.03159136857230205,-0.08830744300701177,-0.049222816394580926,-0.1350101579915084,-0.10937279065141481,-0.1273102778655656,-0.07716385656301572,-0.053005137128663726,-0.03100363767079406,-0.11044455479462778,-0.048209237471659616,-0.09260553612127442
2021-06-21,-0.01421246637036011,0.05570681330933991,0.022006948409942106,0.015475278398845882,0.0457127120482661,0.025397544498422908,0.05184430113935168,0.03394984855748473,0.021135787444219067,0.001439210121956025,0.028703375698011957,0.01431785741881697,-0.00026751615413855845,0.06521757824088614,0.028303150534774613,0.024480781175011845,0.010956709351294558,0.015645279796378198,0.07142428061780737,0.04278072345815698,0.0009581593223257912,0.03945397707430387,0.026040356970870038,-0.0054127997766164615,0.021740504903123403,0.04167384269947405,0.07097201006903475,0.024024496506731996
2021-06-28,0.007728418654727287,0.02326537467295653,-0.006029142718620095,0.005894296523726306,-0.011834347082303798,0.030228431517528964,0.005065160107023736,0.007699306297663133,0.0034760967714084767,0.029396385820507742,-0.0005993972032729555,0.01600162998233645,-0.03106885550298344,-0.0026856282244612784,0.012164836611115115,0.010547147376337884,0.023324407549132342,0.016581687171252302,-0.026943518684418466,0.007692522182169315,0.01084883377154,-0.0017581845023199039,0.010276457316505061,0.0206325787111441,0.004489337055264331,0.007968070199968702,-0.037329083528245266,-0.010885840177581985
2021-07-05,0.008341973019065918,0.028479685336369798,-0.0025996311039158115,0.0021440867444710854,0.036172806889054554,-0.007755464418357838,-0.01802667674660563,-0.02359548303706105,-0.0067705949082353944,-0.003934532307034222,-0.01508016622113073,0.0092976761143988,-0.0036720248732037275,-0.017231898571912874,-0.015267937937945675,0.015003370053054077,0.003255971974032823,-0.008493456482595696,0.02382783819368428,0.011132136584954155,0.009785298150841504,0.01103968096304575,0.0144896774526877,0.004394726739307853,0.003633482403641475,0.017357414918615977,0.02310214080038686,0.003225729976743752
2021-07-12,-0.021017030491745414,0.029342875386232592,-0.00608170824354326,-0.033563261148847,0.01132213650330871,-0.007685601869497405,-0.0690881899308069,-0.03774438088490695,-0.04866843335751925,-0.028924594009977045,-0.05002170087929925,0.011844465969354179,-0.023407158775098358,-0.09041083598356991,-0.028977704461407572,-0.049967988603710545,-0.009019059987640743,-0.06414865288393168,-0.017965002878517655,-0.06920406966329662,-0.03516730070618512,-0.05279411954143021,-0.026761940756725222,-0.0070590889994816,0.02240970261922426,-0.026341483084606376,0.002401158859283381,-0.07300923260933456
2021-07-19,0.016635245230875784,0.053636623541923445,-0.012237657596902096,-0.005115809262022819,-0.0670555404882629,0.0030190933276417198,0.0031806654617689833,0.007653501824203435,0.001666451264225044,-0.026112011960148895,0.007783920603158023,0.012123751255593174,0.011508496217118136,0.06216915236523213,0.03423527968239504,-0.017757485993001754,0.030130774150038953,0.004680602085612051,0.013485441912686413,0.008786755661255308,-0.02624329110869561,0.02488058292831874,-0.00956107614034818,-0.04277320843126464,0.012605860548773329,-0.013359913741324059,0.015910905544085807,-0.017139301571898913
2021-07-26,0.002548999191595458,0.08242712403279717,0.023008932659449144,0.04168099131963321,0.011000046532415153,0.02404774802123022,-0.001268114012418886,0.015428341011100466,0.03410419324450875,0.011182968460635268,0.024261698109818486,0.013493029698422365,0.005641847589845872,0.08269387829271824,0.015573532234133047,-0.005509532964433128,0.02871397892074823,0.028367216950194063,0.01984696177965195,0.04623109151211735,0.04508404753843731,0.10272433212353627,0.0588939278280074,0.003682965647266334,0.017694108922469143,0.09089347253564362,0.010385100012786808,0.021590082966017166
2021-08-02,-0.0007214351142996733,0.1003204366816377,0.014705753855563719,0.012056280731679303,0.05390700504010404,-0.0019899199105164467,-0.022433853262004422,0.04628346581591747,-0.0025740151053861293,0.017702693554414006,0.0008871236144127881,-0.005343459967777298,-0.10883596953051977,-0.03254574331527538,0.0027878102819423045,0.002250579312887746,-0.00494497036866004,0.0012081123513485448,0.009165833071272944,0.008325395496354249,-0.04775544064326975,0.0027879475912158114,-0.0065725258931739194,0.004341787070736958,0.020341489577075933,-0.024980579211227982,0.006500471044860401,-0.008128315340934056
2021-08-09,-0.03809929091301223,0.037536941705977656,0.03580568084581803,0.010833961301100148,0.04035653262438976,0.04451308079489458,0.04741277311637426,0.027479889589697937,0.027257979660846754,0.013277448356574295,0.025527324697531828,0.008786879001505099,-0.010387216187591197,0.03364060170328176,0.037667268150082034,0.022974631182573813,0.011540730484489004,0.05651068463030784,0.051305097062392946,0.06573503075131448,-0.016382556211716026,0.20956762498106007,0.04161619532639138,0.03379394089667387,0.029331619831907352,0.16359048836443923,0.047637210700925525,0.04937508333532703
2021-08-16,-0.04396922530431879,-0.06606591743717916,0.05267487832074669,0.012759289680248198,0.06709538479998045,-0.05277767725301208,-0.0751597038618339,-0.0852626996680721,-0.04396289221855221,-0.05487820826746548,-0.0501295837785114,0.002166176236890527,-0.06944446941878157,-0.1391075430237365,-0.04459341262939842,0.000800720870124394,0.014382693988905793,-0.06528955710495987,-0.027086025016396675,-0.08462455367420896,-0.042318142278765625,-0.07727667849972197,0.012839614025334622,-0.047585531317318575,0.0045802025782217815,-0.083971818945902,-0.03372135224516837,-0.030484626558561767
2021-08-23,0.00396324721064456,0.07724872374399361,-0.0007819372007829006,0.036008749312300026,-0.002747616720899071,0.041869880254560066,0.01709034548594346,0.05340945104414918,0.07373952832994513,0.03157179238845775,0.04886251660978225,0.0131946039419788,0.06038516008585848,0.11493884372790197,0.013822022293684233,0.023315120341873996,0.002198728450082843,0.04755096432451178,0.02493345007727421,0.06282560398964243,0.03265300172353669,0.029462279059446095,0.02083638812938271,0.00446868707043091,-0.011840585584385499,0.05867435697465395,0.026888218139081932,0.050981249820144514
2021-08-30,-0.0008191734416771457,0.022015556318173868,-0.007824659082390828,-0.0018130282732985448,0.031895769086364156,-0.031887515870267724,0.004421859996931232,0.016749650622983836,-0.04986220782103612,-0.040851650151963015,-0.023510009595804626,0.0006665655913893342,0.02374555933022915,-0.01175817248845612,-0.0060591621485879266,-0.003492358449035393,-0.003529171852780566,-0.058989941103020804,-0.025679660478235,-0.015313899907641648,0.025434018540035463,-0.04839381353673544,0.007001688753603297,-0.0381856649101977,0.015056031777066492,-0.05838392185197583,-0.040648982937187994,0.012511918534334088
2021-09-06,-0.001043785309880807,-0.0028527326112965934,-0.02996844698436807,-0.003033462700767986,-0.024146518772889536,-0.012440361925146748,0.004622442896017986,-0.03339272115303249,-0.01700291682186117,-0.022058783697357254,-0.027452046963085674,0.003109242611523566,0.029807022186523646,-0.018262423838303787,-0.02199993653442145,-0.026201581717009814,-0.006183317424724777,-0.02987576477632048,-0.011750083771696396,-0.009199324420751553,-0.04491368989018385,-0.01578249228161266,-0.00413248806423161,-0.016895977166289877,-0.022086250926347417,-0.014527471339678355,-0.014530581671147624,-0.013878334766719402
2021-09-13,-0.023022485011333638,-0.059377180996626144,-0.02753553908326667,-0.04318748084823132,-0.02604666039395509,-0.028066155728914133,0.07581064005102212,-0.03569774348264054,-0.04403236078972883,-0.02241458716801481,-0.05828086622210549,-0.03320938905097248,-0.029861461329336758,-0.06848922175940764,-0.08388111785653862,-0.02999152979933939,-0.003607774377582529,-0.007752713922387633,-0.07242413466892994,0.057583406692638395,-0.021826824588196847,-0.06556801905012621,-0.07113676446097505,-0.04110298806713919,-0.022951226867586882,-0.058510575651061214,-0.043952962671130136,-0.041642566916081813
2021-09-20,-0.008669508381866642,-0.00031750980227585046,-0.005063418512402773,0.010527194478115565,-0.0006495736147432707,0.026459049489176545,0.11690412945297379,0.010508682862373275,-0.016276991990255008,-0.009577651506609941,-0.002386875960677881,0.027052387029559588,-0.011030614236993364,-0.024508155272041865,-0.019007477497957947,0.0065370721887823,0.0030387479856919253,0.010309194190278648,0.024129780025518466,0.06694441765094461,-0.024447664122536628,-0.037849060257678535,0.01270398929813421,0.012539058601961361,-0.006604412207844024,-0.03405988747058497,0.036378677959010064,0.014886466807478627
2021-09-27,-0.00820624388230129,-0.03317132722936933,-0.008481829755868753,-0.03360370926373113,-0.026543723090032056,0.003074779580572784,0.11487973046101096,0.028125762493807605,0.031156400688187036,0.012893732229391608,0.0029356773959301474,-0.04522495039764285,-0.020076579600095013,0.018610342922470213,0.07015694182836563,-0.012768749698635062,-0.039998813338803396,0.029323391300734247,0.008575472990725252,0.05409903826387952,-0.005754593876256986,-0.032402062111403396,-0.019172529970636898,-0.030757734858448682,-0.023166531642405896,-0.025902272624482747,-0.01772117016586816,0.009514297627555957
2021-10-04,0.037054249698276864,-0.017497393879222778,0.0017109674291742039,-0.013737222349709532,0.017250836091752042,0.03750336150152922,-0.001308321278300828,-0.016551939514246272,0.0022190474493877232,0.01866045888623069,0.02653652607127821,0.006599583474149906,-0.029510482433208973,0.03928144707260173,-0.021686832500924513,0.021216649767159756,-0.005572944733879925,0.022122474642930046,0.01070577590199484,0.06878300054939746,0.014003073999431015,0.00724077713618132,-0.000143500812617825,0.046732866003201146,0.01736569360320983,0.018004442305728174,0.014455661964389632,-0.012762661277850862
2021-10-11,0.10273914775348048,0.06374961731729512,0.02049528088246233,0.014412131057598865,-0.0010940223348285816,0.03570742578679553,-0.033737378037797194,0.01706424774009463,0.004258241738228641,0.023430983554744822,0.020433382232260433,0.02394692659484665,0.03794765828416069,0.13214172621116993,0.06911056200754895,-0.02040821740282106,0.04068319891107053,0.011740660779833156,0.022275038557098448,0.02648533861866187,0.05008270758089184,0.03888943257398658,-0.03895639534952677,0.06342051343604971,0.022070005732748088,0.047216197564943,0.008492916804324624,-0.07378680548028294
2021-10-18,-0.005022251471258565,0.011977135607563305,0.01757313692936191,0.03694882938239208,0.009966919729246904,0.022640228183749223,0.011355799116967269,-0.017467281875349294,-0.009497801927734528,0.0005550594051775271,0.0018626752080790343,0.005630750850873278,0.0056246653355847,-0.0230580463812875,-0.015313775187614898,-0.0046921740443574,0.019173383674245814,-0.017255392790334056,0.04254051967216066,0.013021541632636469,0.010170144591000518,0.0054038200050892105,0.002093956646852968,0.008858417371079508,0.034515389251094764,0.026179651511860857,0.04651567953443769,0.04337563637610797
2021-10-25,0.029461209750385686,0.08189710353602964,-0.007401156929405572,0.0010113537284452967,-0.007916499232343055,-0.04136981680122587,-0.048097749751677354,0.00935678644864435,-0.04160959874716419,-0.03480800349471336,-0.03290879073106967,0.003477200338882991,-0.021082141826826217,0.0013273635782058424,0.014657290039199689,-0.0633601734634971,0.016075114261776102,-0.046924634729769155,0.030183700479942566,-0.010473781489646394,-0.0626628689828791,0.09107776748818641,0.025225663618447358,-0.007111082360001242,0.032580841207799915,0.04062994548217924,0.02678762986679306,-0.010084341046731615
2021-11-01,0.03168666823114297,0.08799453528282553,0.005799503550487639,0.039959627441647605,-0.01082213861207637,0.053179586665414114,0.04225346790214002,0.10312862213933127,0.04180807072143655,0.15517242958531807,0.0749784879474591,0.03807033719742159,0.17162950730979998,-0.018027546331395583,-0.02611033870438384,-0.016106543329149292,0.040068901382797284,0.0016160026814702189,0.049587754726308386,-0.10151559209340855,0.04370381578070903,0.004926116033960204,-0.014486170713488233,0.015694124825222255,0.007643609049793776,-0.015738574194595456,0.031243311806438134,0.013721414318661695
2021-11-08,0.0022307513646790955,0.01427479931063691,0.01976942167827711,-0.005432489374035954,0.034037038448196055,0.004309368380912115,0.0907094916701805,0.023109126682576697,0.030012018714163258,0.003980014688668598,0.03603676940917877,0.021631702323110735,-0.005064160093921077,0.11312102669465651,0.0625346191358811,0.00838968746705726,0.01515090662278551,0.026030004974370913,0.017534900440187462,0.0010708628531554965,0.04205102143413186,0.0003565758422749976,-0.002142240424615638,-0.008890930920953832,0.03877376370137364,0.017220134331505044,0.0317250631562398,0.00492211294288003
2021-11-15,-0.039548244141878186,0.01819810100913921,-0.038772336683211894,-0.02961918045909917,0.022763465546804973,-0.025803817005897067,0.014371730423787588,-0.015394279374076114,-0.045288107582229675,-0.008671941127586291,-0.023131350389708816,-0.0034369963685596527,-0.019228909293403484,-0.07154980844742098,-0.016712465853022662,-0.02549975333208354,-0.014331236999236774,-0.062794919182251,-0.005053238221143785,-0.030489275903546553,-0.037118916952529335,0.005434683264007534,-0.01480487325474622,-0.001322571903658587,0.0025650102284413556,-0.04610035708810345,-0.03030460374896926,-0.04062737652204196
2021-11-22,-0.013770332802716556,-0.05180662705606798,-0.03025215677755988,-0.020913622782373964,-0.0104492323822718,-0.029262660940727936,-0.0366620279342279,-0.020497827090222298,0.0045342944477175795,-0.03824044937308069,-0.02367922531878408,-0.03674541454089819,-0.013551289860641469,-0.027168252988908126,-0.03639278810572988,-0.0010510171909440258,-0.034979985206560205,0.0004475797286451755,-0.006012773385321246,-0.025655258158638672,-0.010786946661122565,0.010013254368854696,0.0036065395094693198,-0.032578986397171494,-0.02532867058085231,0.006338170806726939,0.008472233405270702,-0.009193982871661621
2021-11-29,-0.017095771215981936,-0.057635515474066756,-0.009997431406973734,-0.038747331344249236,-0.015522596257910748,-0.04642938317004308,-0.05716561880839299,-0.01686950941245957,-0.07864578197599481,-0.01923082697650369,-0.02479631002285243,-0.023869471876818316,0.010230049290237408,-0.018259907945236797,-0.026284808278391303,-0.022722371333425695,0.00040551356857831955,-0.010937567431093531,-0.01578616598797966,-0.02576446384158826,-0.02270294293844488,-0.030531611980606166,-0.002695122568216801,0.03078413871411989,0.059078335806940885,-0.06518663730079033,-0.03079262956645268,-0.03409586977677459
2021-12-06,0.023317776158107595,0.04533324776731318,0.02564096180967379,0.037163129040169274,0.005016174564155262,0.04888544634152803,0.0331025470369537,0.041702750452525805,0.04301284888449475,0.06456325946893782,0.08853008758320291,0.050627158698418384,0.0432056662274507,0.049507500008350025,0.045109035871789604,-0.012056056671811866,0.0449515939934404,0.029071921082126195,0.07748262675180873,0.07005831253348016,0.026157049921607722,0.024524854816501573,-0.037835045090374275,0.018579606730192433,0.011857288697535662,0.011790641277223068,0.07362715794237396,-0.025469274131107444
2021-12-13,0.01008975427048675,-0.1255371751153097,0.016379468979961898,-0.026995095403763103,-0.007593661373581417,-0.010501970585102383,0.05950628245256895,-0.03919922924078734,-0.010607254134222921,-0.044102963840079945,0.011764662837895346,-0.028274628159530413,-0.03873529577586354,-0.009642924750857929,-0.018284365139147996,-0.0010895400944249678,-0.000508875742984416,-0.023912885219646296,-0.0068734562893252305,-0.007621231900031722,0.06637233670247045,0.0423107522734012,0.014511901802827909,0.0074676984443433625,-0.0173755298983842,0.03778925250410681,-0.0035042773486296808,0.007336203285375431
2021-12-20,0.003854647869421912,-0.0069549278096058265,-0.011026435779615262,0.007636747155622681,-0.030068033531113425,0.013125602259978608,0.11556861335122304,0.007812293093199862,0.019223673140625674,0.026532588097347043,-0.004277588883581984,0.014605647381481957,0.049432558961877815,0.08236841428757424,-0.009277671183759217,0.0,0.015996150526606412,0.03179127074979338,0.0016271506242540035,0.07460234030650059,0.0048952279618657,-0.031355902733659735,0.01733083051008455,0.015007176730242655,-0.0060508841297366445,-0.011068300171960366,0.007912351107176141,-0.021392911077388277
2021-12-27,0.015961138995147506,0.025756954897849127,0.03001728297347639,0.03885465881803274,0.0696667778962834,0.041780416418501165,-0.021023359653298712,0.01808802364652995,0.028654405373564007,0.028520494424769893,0.029985502252186436,0.027821438504740836,0.007056459778009838,0.014587933472978376,0.05283372937938813,0.024869013065903722,0.021405278069093647,0.018553459610976875,0.007916588141025915,0.002807732781516581,0.04182766068669541,-0.001312350544854346,0.03693803503264026,0.032203870544639246,0.04072328413213899,0.0068125718195228835,0.005912082701419186,0.03162809014480561
2022-01-03,-0.017664895175091067,0.009624784182099555,0.00915893878041496,-0.015376254694207336,-0.0598317066364219,0.023860391033510453,-0.023170555571951246,0.02411168349909576,0.041960428673848416,0.029834032753230932,0.012405965761742355,-0.020120159187861808,-0.010494253729973702,0.0035944755704506726,-0.05238520400074609,0.04022983105253686,-0.029298997998536302,0.058332216071045995,-0.025697002237664468,0.022651803802462567,-0.04176062857510254,0.0069226572562604005,0.0124866202751992,-0.0274298565091754,-0.08217851534471188,0.00806886506057869,0.0016377975143846424,0.05816049098687026
2022-01-10,-0.020375906690251022,-0.009956859646953253,0.020627053264707484,-0.01950853673319597,0.0008838126258352563,0.008485000431637468,-0.03905116593541191,0.003717414045520062,0.027749609695828292,0.021396932039016603,0.041908251881382474,-0.060207970549052026,0.05443114871129362,0.0525312226212753,0.026906968914410134,0.012891499812491602,-0.022748819770676998,0.053273248564635,-0.06190567028273197,0.07590847784048682,0.030119398775947603,-0.03163232247199932,-0.003917390681296595,-0.016158830526483925,-0.04566545309409986,-0.0016048531914151232,-0.07546156139459581,-0.0006392478358949738
2022-01-17,-0.03047875377661391,-0.08952789428684782,-0.033953107257475135,-0.039793308685316275,-0.02494749777987526,-0.07422360228416036,-0.006622471207074154,-0.06502066949790541,-0.06618369279072,-0.08826658074745042,-0.05841309795017169,-0.09693091240358997,-0.04601225338614989,-0.06700023135420485,-0.0445847363018439,-0.044646466242266314,-0.03806717020612693,-0.08423296830588045,-0.0504931067724792,-0.09067772213878045,0.0305456127572723,-0.16035005265479563,-0.02031901368009259,-0.06218164079245281,-0.05060632935704157,-0.15688789489134847,-0.03230507309720976,-0.06459171135543706
2022-01-24,-0.017134550331783238,-0.030646343056531133,-0.0008368511186012118,-0.006276118231524852,0.05853061389628622,-0.046498452791991385,0.07727272591039869,0.04445431969273428,0.05853308628411291,-0.018071433665226455,-0.015904593059630212,-0.04613259697332661,-0.0032153936927126203,-0.12076124395140708,-0.06159791583660301,-0.0023260796893226354,-0.0037325996535930717,0.020499151521141235,0.0013862217634308394,0.011701811737665047,-0.05119676722732025,0.0724342009273069,0.08199530301770208,0.0005815902772765558,-0.017585586175226653,0.04709232792518847,0.012901804776478176,0.012306200086028785
2022-01-31,-0.05240795558319933,0.047471379206730724,-0.03182575424441936,-0.05107771205439948,0.0019250071980316807,0.021738935280900096,0.05569609688077648,0.05878645892937295,0.009327110615280132,-0.00013137306768640222,0.008800131923238474,0.007469535104576597,0.0159447353528559,0.06603774920868788,-0.02761851524789949,-0.008266262039259065,-0.05385163574639107,0.04308908144253154,-0.02815872530661856,0.10208709818616879,0.017875114080720733,0.11494127715591995,0.007694780063772999,-0.011884106429830288,-0.02075094165395608,0.07319744513754434,-0.023245908763581347,0.021386852988529492
2022-02-07,-0.07104297978683716,0.0688362162226901,0.0025951617179322817,-0.030743098039071826,-0.013236499912032795,-0.006005897706343077,0.02238211480072083,0.01592032111283026,0.008085761020717008,0.04233481971034436,0.022731061311470846,-0.016321781401703594,0.06930959096409595,0.11400309863835267,0.05302904987317936,-0.00491555346208028,-0.010906657914377726,0.01546590648332824,0.01902967463565286,0.06935873275489435,0.04808801388907735,0.06426402052216207,0.007636357585415476,-0.020197515442283986,-0.030632193562374344,0.03003060711067862,0.0160834912260166,0.02402467731207869
2022-02-14,-0.00990219832229322,-0.1738056911307173,0.025021508137462734,-0.01427873935581403,-0.019796540781245375,-0.07276473172875064,-0.04521763445676297,-0.006856048192060649,-0.008184466588803008,-0.006432952061286024,-0.005331018083785333,-0.031341412169131,-0.00831422111703628,0.00514020727589104,0.0070979638959089986,0.003866064213346343,0.02758452710762138,-0.01896437269497453,0.011974896014891767,-0.03989750464996289,0.0596616760308355,0.03817238907582832,0.004600867129125108,-0.0017342112535621013,-0.0184182354624719,0.05336842022582178,-0.009037555302710443,0.009413464152719486
2022-02-21,-0.006571088681652459,0.006238151143012738,-0.006733993434450802,-0.0030409202838797,0.002869242281489104,-0.016214770415362678,0.08928621180971086,0.022485216110563533,-0.015514198645977584,-0.00888654384830101,-0.003957803350862599,0.009292320163727386,0.00923935290531519,0.07717349613289293,0.035388316525387875,-0.018483176823396064,-0.01773126783373058,-0.018429455164087893,0.00531693323916782,0.10066664499001265,0.0033988912294353746,0.05791915472091724,0.007745892365745188,-0.05346012986304938,-0.002984324144193362,0.07912431757744987,-0.00987523321481909,-0.00878887936938233
2022-02-28,-0.049712929098903236,-0.06710081494002096,-0.03345726056886933,-0.07059671919961352,-0.007373156947939052,0.004388302891714435,0.14779876364944977,-0.006944486751269796,-0.0018478421773217013,-0.0429579729541083,-0.049172108896679334,-0.06760937124242683,0.028058063188069138,0.08135512951774437,-0.1150757302420724,-0.07067366571319822,-0.05398484215808841,-0.008877476936917983,-0.027948392698875835,0.20795475059148205,0.09396179289429596,0.06666651361974618,-6.689022525807609e-05,-0.1214827233516178,-0.03060430937734293,0.121286779566393,-0.0347722614240058,-0.05471453411351479
2022-03-07,-0.039618347705328905,0.031775328359017196,-0.03454398915260193,-0.02733410999520891,-0.049348820672584726,-0.027413549631080225,0.05260281696418034,0.04497449330266945,0.035356079503334525,-0.0255411485363094,-0.0821870100869403,-0.05508320963477631,0.016408275923179838,-0.06346041540039793,-0.04340082726539185,0.005212005274429776,-0.0023806740971472617,0.07705413945020667,-0.009235056157965382,0.03719196610807596,0.03513739518349168,-0.025014150863783224,0.000935868894271108,-0.03001206631661868,-0.09632870408177974,-0.06797623148712717,-0.007887943528000263,-0.009380124824176717
2022-03-14,0.05602151444247472,0.07295955569150347,0.07064237064878198,0.053824353007519754,0.08695655352931908,0.03507004342909448,-0.008329006933481375,0.04100647587400097,0.02429812269349485,0.05821507593130937,0.023524933928817715,0.07736877878123094,0.05005273625257356,0.024504602147069177,0.09302520180557905,0.06080587503656898,0.11451237663010083,-0.0096683092925548,0.04003988311614748,0.0025839589095220106,-0.03124128726150066,0.0067282767004954724,0.04487467385143318,0.08899604242266701,0.07680113929490973,0.16763739409712186,0.04648644692258297,0.09884549804802534
2022-03-21,0.06427250585762923,0.09983008307197427,-0.028277685441619904,0.011804688895921789,0.013225821071561228,0.008820442324795508,0.14981626857017982,0.0705461942245158,0.037025017920317094,0.004953531218393925,0.0333067185144007,0.04103080570021289,0.054928937970604164,0.08007486362562233,0.0028653636797013604,0.029104696670475105,0.02271707511558496,0.051352025812569924,0.021284403787289907,0.14916224425637536,0.06746896787392775,0.1576084849133912,0.0045352221665304615,-0.011227322856097621,-0.02512608367038749,0.06270035413114794,0.006758682464069077,0.007986386725535866
2022-03-28,0.009855519057488937,0.03373461599021832,0.017636689119651106,0.010973574099521377,-0.05316791385767916,-0.00298388395582172,-0.08884217319697252,-0.025087862832526064,-0.00803694353802309,-0.030353919067014234,0.006233507886359346,0.01565384888861243,-0.03969231882728963,-0.018678940927674526,0.04383511099451454,-0.00043171932851648886,0.012518040234398065,-0.04039370688735322,-0.02254163701659273,-0.07653488927778895,0.04851177911133919,-0.053039157512926094,-0.0023698695076338483,0.035146013838808,0.04078139043562712,-0.05028510771611816,-0.0028694254118039053,-0.016055040101119578
2022-04-04,0.015373284556950306,-0.0618886859275628,0.015598013913482811,0.004342126013527903,-0.020174790158727918,0.005498366765260165,0.08437725933862605,0.023159960889852504,-0.03895287377823875,-0.07906366434164414,-0.028640587011123375,0.014304050133015167,0.05973843071355489,-0.03905021945414888,-0.07489008911323436,0.00863937448821317,-0.01521393096666579,-0.01751493935235615,-0.033994583151544244,0.12112931126442872,-0.00797295586692559,0.013416581366804348,-0.015536794278495303,-0.011043817303946879,0.03350189752553234,-0.017090374875740166,-0.03947219063270058,-0.00021163139079072302
2022-04-11,-0.01735655976570938,-0.0005213916761533932,-0.004266256393923862,-0.0529579279379091,-0.0030884260772078287,0.004845199442327752,0.001848187578038063,0.02297110211452047,0.061770325375205104,-0.0020338468578523505,-0.002588064927928402,-0.034708990519927596,-0.011633008028772207,0.004492563876012046,0.009334391635370753,0.015631671225941224,0.0022024527663968563,0.05958827700209546,-0.019222011828048724,0.02965074049119054,0.032269645954588144,0.09657723618197456,0.06312787750108484,-0.03214383731680848,-0.041174014220403565,0.06153858492230557,-0.012096501140285931,0.05828716538986067
2022-04-18,-0.015880777256286005,-0.048603497712369936,-0.007712128194627077,0.005585698089987323,-0.008032298242983571,-0.016945675194203536,-0.10580207606781566,-0.05458105919157985,0.04596128155150181,-0.020523714202131838,-0.013807852288204026,-0.007927500500473528,-0.030411555662262613,-0.1453267354848411,-0.006537471112364135,0.00611421891373376,-0.027627733655243847,-0.008458893230381737,-0.027383445552147334,-0.12202506682622571,-0.12091526012730125,-0.02582852444092032,-0.011287155967056983,0.035705999367671826,-0.03155398856566005,0.01460599525846673,-0.021113526639446767,0.009813676604451427
2022-04-25,-0.0364316330592217,-0.0389253361117845,0.024179626500763662,0.0787241664072802,-0.06119140879053797,0.029640546136164625,-0.0011346590534914158,0.00017339003609984083,-0.029197159917335402,-0.020210968139968033,-0.035237757535224734,-0.03344745478922129,-0.0006786173450799016,-0.03245055264607288,-0.02656278249037769,-0.030175959773644734,0.0072322698759617055,-0.005999883750510193,-0.001719116030450052,-0.06514894407161431,-0.022410098963980163,-0.038932173655978786,-6.208193745715906e-05,-0.03658272372520366,0.12265224182003531,-0.043075675069556896,0.0070727818201352655,-0.017651630228675996
2022-05-02,0.007476283946521223,0.25711760677352213,0.08010124487221759,-0.01805100344185928,-0.11397229847929924,0.01892739968442414,0.0308788034030254,-0.03380128619352918,0.02150376173958546,-0.007735686316205692,0.031362769983996674,-0.024447798110028285,-0.1021577646058589,-0.06584446143095946,0.007007380042356237,0.040622263444693996,-0.01057817457578969,0.039517210999646446,-0.023205950840450962,0.02611342676411632,0.000274387081099281,-0.11777990174611519,0.008066105316885785,0.004219175187405666,-0.005746102540410747,-0.07102033926048346,-0.013988108677384092,0.07813446804363977
2022-05-09,-0.00894739979859882,-0.05606207842597777,-0.003122561128666823,-0.01719855851933194,-0.03003765105196865,-0.043425631859114966,0.040472812626528354,-0.004843910569730103,-0.00544670195255581,-0.019565788980134502,-0.026820371035426005,-0.01943108219176659,-0.01873950632014898,-0.07497374452871108,0.08194845045391763,-0.0076827003110729875,0.00035624045277615757,-0.03175465722701287,-0.038034653323016476,-0.027478379433018674,-0.10456961140848864,-0.09344562357429842,-0.04351578901828923,-0.04800441783452691,-0.00018316197525602984,-0.06942010650377006,-0.01094894972480065,-0.13464422794544373
2022-05-16,0.016601710696295235,0.03330131240752987,0.012529287398244326,-0.05617066158883999,-0.01103947064534716,0.05760562301677408,-0.07394501241411844,0.07058054239869249,0.00814074087118688,-0.004521321720050264,-0.010577471125495896,-0.015433027225560503,0.022779736614175983,0.036244303616924656,-0.024440242886222152,-0.0064867747247042695,0.020759881949459436,0.010775900038193509,-0.015262643779940799,-0.06967421512103567,0.029731879680592543,-0.03085870115969913,-0.04079784575865675,-0.017392077004313666,-0.05626873977830271,0.024011950220545586,-0.04755388350181722,-0.0396854002489857
2022-05-23,0.05496868013646328,0.14582981062301648,0.02938902599997739,0.05538003427817295,0.06886067035155463,0.0562598131430434,-0.0007307853361095962,0.062130760818755126,0.01394811925543582,0.0706341710602103,0.0752256635790518,0.041005690493745695,0.05509512388446236,0.09198585781460089,0.03125736812744462,0.03854257013532303,0.04584676141120636,0.08538056279279194,0.06617662583464345,0.03278686626954719,0.022622415703757337,0.14812053823278126,0.07272251559212073,0.08648062512812849,0.07381286054951253,0.15650105554108906,0.06048875375559182,0.11050718907212098
2022-05-30,0.006463196467576093,-0.07441310969346526,0.015347145534233997,0.02136980015126899,-0.0017632713079007711,-0.014948815641289692,0.0014625575428441895,-0.01446515472769494,-0.0192751614207346,-0.016246175801178486,0.005381738514255607,0.0266819114318253,-0.03721927092503696,0.04237060612180321,-0.0029329986651716045,-0.03569843333109912,0.00688646969702722,-0.08267849569616947,-0.010902885750130653,-0.0026733291116165514,-0.012953154395390243,-0.06555839279367293,-0.004878304407131107,-0.03514570274976858,-0.027031046533768976,-0.05524544464837,-0.019773821179030593,0.004690058958735754
2022-06-06,-0.01613359080253396,-0.05539165176365968,-0.04705014823617515,-0.04340886083389506,-0.06703426618697472,-0.07084119161438585,-0.08491555225758574,-0.06483878550827948,-0.07698052659869958,-0.05065754929533772,-0.07285428058305987,-0.06875515524710751,-0.0710518215964333,-0.02709890655362368,-0.05785636631224389,-0.044383191902525265,-0.0598605199822303,0.01108718962468469,-0.06749038843297717,-0.10390236514610873,-0.006247080679742667,-0.0663508005737401,-0.04788820216831824,-0.07619959485582073,-0.07981247047605644,-0.1062214103516651,-0.057791849360979475,-0.08422981695340659
2022-06-13,-0.04927479716650607,-0.10342908480830937,-0.0815046175174543,-0.0827755695622191,-0.05213208586082041,-0.1593466006031724,-0.009005729552145736,-0.08209718025122326,-0.11475662930710562,-0.11396175848457513,-0.14208841219602497,-0.06658683744011706,-0.07737361948910337,-0.15891576310022903,-0.13282633106666752,-0.05888881926649514,-0.0650070086986484,-0.1251826951007312,-0.056534682182315055,-0.051724267667602075,-0.04622286513229046,-0.05142719108924121,-0.07801995484422564,-0.050733450314945694,-0.09954729352503933,-0.03062180476837606,-0.0748322047779505,-0.08909578207513891
2022-06-20,0.06827135315045552,0.06013022145771996,0.05887372318936568,0.06739394434182722,0.10291149944933942,0.041387679995137816,-0.04152772232043511,0.006388500029513633,-0.0297608693520367,0.04014907407801971,0.06278153722971536,0.08126514560639952,0.04087334094721795,-0.08367819856183045,0.12094923558431114,0.011570303924893555,0.043174932223439155,-0.005460971722121344,0.020160785633243306,-0.07885372082437614,0.006587241488828166,-0.025704003904673534,0.015421229062253072,0.099891024209672,0.03797292911692551,-0.0413304295409026,0.00808862907655028,-0.011192141748625706
2022-06-27,-0.037012003652105996,-0.08737053524311034,0.009669550081755407,-0.005503547629967409,-0.009219109436359618,-0.0928901534708827,0.023523751455060804,0.010455653731433312,-0.027286544323510742,-0.06490168431324417,-0.03785826904274525,-0.012402026832834978,-0.006744846133611482,-0.057760618374990025,-0.010955958696496237,-0.020074749375965872,-0.05866855078741451,-0.017704851328639082,-0.04401314370379106,0.006650940523948989,-0.04689944518960676,-0.048802403822560736,-0.013157829832207257,-0.026030846022290666,0.01721081070077024,-0.038612221726280205,-0.02297370491436912,-0.012549222607076915
2022-07-04,-0.03700261466311272,0.003802220431120551,-0.007182872247754601,0.00310138392940007,-0.03256717787188457,-0.023591459546683735,0.008442732958450438,-0.025683774372909696,-0.0059971524875450655,0.012602580816417852,0.01394037437823581,-0.013065315628146945,-0.019085761248413657,-0.041095914279181356,-0.022471920012780533,0.017389307073188087,-0.041199478743939366,-0.0020534308511966914,0.03847327366380293,-0.03623181231968364,-0.0295896209029618,0.036701725172624045,0.007639485208036811,8.482782117980037e-05,0.013008501740545464,0.004010871870073318,0.027655045024193692,0.00548213844192369
2022-07-11,-0.03018813555207711,-0.025397039560600132,0.003215548022747594,0.012488544426181303,-0.031186263383197854,-0.03761394820524655,-0.016860564774064613,-0.013844018056615393,-0.035617118648170076,-0.015151502255812965,-0.016853262984171002,-0.002763442909820335,-0.038311113709058486,-0.07785718768445715,-0.005146748944017454,-0.01849693910298944,0.012057930559333796,-0.03132137459208284,0.024459972388351403,-0.004422904846000497,-0.07799869177886332,0.012017114599748968,-0.028681758811627933,-0.009077872530790287,0.030551092023962667,0.01360331157272543,0.01577752490394846,-0.023791602595018335
2022-07-18,0.04156306297976875,0.10343809713888641,0.0096153964354464,0.04963791977038001,0.06362824052692351,0.04230276369840036,0.00307509572596687,0.038653778742383293,0.026236157266526172,0.04871806265338385,0.049622131511277257,0.05032874934523757,0.049449985499378624,0.08126986715780848,0.05414727618080617,0.0302958426030302,0.030904791765085537,0.02430963870078262,0.03571882482628208,0.05819633608224084,-0.06102682132961468,0.08647579008531148,0.04271001578333333,0.09357889711469292,0.0547298057432517,-0.006859512593165973,0.04659759123361473,0.04925093851787077
2022-07-25,0.05827927135216204,0.10317886267376264,0.027777764249123038,0.08648025905478796,0.038325337215586286,0.04294892159138697,0.1259286991201347,0.06554345251952332,0.04641104443516775,0.06933280098821704,0.030729664325443995,0.013374905895366052,0.04910275127341901,0.13652741668267665,0.014640934423799434,-0.00972438384333163,0.05764519446136207,0.026728032364302434,0.07930476179311552,0.10537365943172317,-0.11889472689329006,0.1329885234170829,-0.006991604288478559,0.012213166141116671,-0.06590486754221914,0.16936933915265784,0.06219090747920353,0.024921438670061136
2022-08-01,0.05805114571230563,-0.02586880273592629,-0.05250953285326765,0.014858706444602188,-0.23236173934546167,-0.056676093686639284,0.04775377348184251,0.006081568522269265,-0.03232473125810276,-0.033010341580074765,-0.008339540954810709,0.008052502720783616,-0.042934143025078586,-0.04057050523060979,0.02168487407360775,-0.022913269102503353,-9.951742308511591e-05,-0.039385179821815,0.010935081755152343,-0.008355451327430985,-0.011263196636113304,0.006185453875068969,-0.038333018080233705,-0.014927689608926542,-0.02008747666796007,0.011556178326727506,0.040464547025694575,-0.051227834518906445
2022-08-08,0.03137347057601492,0.18311691487286885,0.04400970352534239,0.04749343275170137,0.055181045400501505,0.06107355020362437,0.04467747579244352,0.06666676044275444,0.08623042714984508,0.06487768520056436,0.06349212009084781,0.04558551603623617,0.05586361851772237,0.04459863835210731,-0.018699843765625945,0.06508710903132209,0.03172505844133178,0.07849560510598885,0.03981126227731391,0.0503638739822545,0.039758584053807056,0.04574075700861013,0.0643396379227692,0.06430599039261464,0.061287307802746716,0.07400357232369181,0.03610032157854692,0.06643448293856924
2022-08-15,-0.02650594522050098,-0.04101995650498291,-0.025761174419889565,-0.026769325486499906,0.041029055622599175,-0.025080855130446666,-0.0058743657757737155,-0.004477451949859046,-0.007867012184856859,-0.03540675651386804,-0.025303915371657215,-0.013268859011605127,-0.007392713332463718,-0.037001950894369084,-0.04060461413381278,-0.010206476441406265,-0.025036065014694242,-0.033250395514272335,-0.013374796190347982,-0.024247959929472374,-0.06487634200476222,-0.03303258780254148,-0.005211202763528822,-0.02190529163986954,-0.027940131261981582,-0.03321106957495268,-0.014419468963299154,-0.02377434182393845
2022-08-22,-0.0055746829666634135,0.06718021544490171,-0.004807739193937177,-0.04196924631346166,-0.06784048129969056,-0.006802081630335355,0.1434781064963595,0.016142272725724327,-0.01856200126259755,-0.04398150018947089,-0.036203170854919975,-0.03795571939882425,0.02225400363286556,0.05714279689519719,-0.04274213577084274,-0.02225281401273682,-0.0576131670347475,-0.02677568695850452,-0.036724744437902745,0.15414794021608613,-0.007121556913042726,0.0169358681062437,-0.029545374662144797,-0.044717298443300635,-0.034002294311341275,0.06198044837375161,-0.03511859888896651,-0.008896384385027822
2022-08-29,-0.059871001259120704,-0.09813994956957584,-0.032206105371614946,-0.017480531079549055,-0.03292311451167329,-0.061550616317102125,-0.09708488419099326,-0.01732993301162622,-0.0945647211512537,-0.05292279404554234,-0.058080806793254114,-0.02190481479006534,-0.06566005921111207,-0.12084491762429739,-0.055944738905254976,-0.03965280231460022,-0.029834149080782524,-0.05774490647904629,-0.03167110928274419,-0.11219038278382498,-0.035863092127452756,-0.06924765577857417,-0.02036840508167681,-0.0180895276531009,-0.016504030099590228,-0.10279728327618043,-0.024599337268132793,-0.03833086325855872
2022-09-05,0.04234765574823385,0.15580259218187686,0.022462654563648154,0.030030248472914245,0.06682628307677807,0.07868634498126292,-0.029758491079601268,0.02090133889075063,0.03789796021133096,0.06628925434586042,0.046134957170559376,0.0680525607973339,0.05881241879329102,0.13674902815134837,0.06176391434557882,0.019301312132466775,0.037853032819598065,0.041470614146136064,0.04809928162416921,0.028218633865303655,0.03599711622263446,0.09772116652243668,0.02549419578137435,0.03514872372443967,0.036840604011190825,0.11008453248188221,0.04158832841936744,0.029515681708258468
2022-09-12,-0.03739730105075656,-0.043446296396791984,-0.04155543355593683,-0.08885700852093914,-0.045002628837257586,-0.11154472648528213,-0.04909337894121546,-0.01871397021464516,-0.08097403137849868,-0.0755266898116167,-0.15504537208055458,-0.08688610696926424,-0.060514661826935656,-0.08828096738553681,-0.10559874110737277,-0.15556081319881365,-0.01278608465544362,-0.08296679754531322,-0.07330901863065575,-0.07183491567856914,0.026038338281673123,-0.1844525040177214,-0.15410519801007716,-0.0829755803054274,-0.07817769257300544,-0.132917297342239,-0.07223095649101208,-0.16319536516810118
2022-09-19,-0.04159925553142574,-0.06098751681424808,-0.05831910736425183,-0.04470206059350501,-0.13272140819497624,-0.11158843051757505,-0.04868640888475151,-0.05590872783633127,-0.05428690111668899,-0.06002222755704201,-0.07300896697683379,-0.05315912226289288,-0.010200205012998897,-0.09035119119802304,-0.055371034121269425,-0.060460092931367115,-0.050148077966728266,-0.05275435129888362,-0.030680197567711787,-0.0703065416511851,-0.05627992195622478,-0.09574651090334385,-0.034725192432029095,-0.04392245504944503,-0.04666904669930849,-0.06438273787437165,-0.023651193663598136,-0.06002929528449141
2022-09-26,-0.01830691630236636,-0.01859349751088135,-0.022768787959006054,-0.017630707856251093,-0.016687067374523745,-0.007252750713689582,0.026228747248525863,-0.013294139413600692,0.0006834204683594525,-0.006700724650525514,-0.02256153270399941,-0.029286106475929108,0.008587793041839875,0.0243628477838711,-0.053260234638953685,-0.04229594667489822,0.001634688668000317,0.030103972542887325,0.006373973912822795,-0.004121218397230231,0.018909050975462582,0.010578917671560273,-0.014740788705290386,-0.014512011511021217,-0.030631716806485354,0.01082752934080955,0.013365112033695059,-0.03769475213966844
2022-10-03,0.0027987329537146888,0.03059295805110218,0.004659913497029766,0.017393999610998856,0.004139009141910011,-0.0011069642440352245,0.08883118879169238,0.06439193066874682,0.010926331402412615,0.038888934578284795,0.018859716363617496,-0.006301170778721721,0.053020941807819355,0.05927557212376833,-0.02565236015853989,-0.004416364332461953,0.013390724510831342,0.04436772294150293,-0.005712619051919443,0.05648664421720584,0.013561772303446906,0.08001096560564802,0.023850567964200486,0.03324605510997736,0.004151453623703505,0.07465686944190364,-0.001395062979308359,0.01489169015418712
2022-10-10,0.0033657689157096105,-0.12864638420985408,0.005566090789254741,0.005920310445955312,-0.021846542531722468,-0.01728729054767464,-0.0645038525313304,-0.03452244558686557,0.01598740964061185,-0.004965721199085893,-0.0019337926703608677,-0.027733100734225524,0.000722218852247325,-0.04525045049089749,-0.008926563847271418,0.033586720476863174,0.007832944460929303,-0.010429803372321356,-0.06688535934834328,-0.08225622044467462,-0.04366194527585965,0.032171091866072477,0.0,-0.03532408975061185,-0.018968849192141146,0.02859402028925917,-0.057463965045712384,0.009569278712341367
2022-10-17,0.037672463876303075,0.13702792277418996,0.04243525462226816,0.027205713560287448,0.036662320106740864,0.06720805519648554,0.09516525551669175,0.07066239723150258,0.03878548316477093,0.06679461903548178,0.028512104609186073,0.04572490875674173,0.057379941643803,0.1648863700519334,0.07251175459402193,0.014101876142591285,0.047141852923751504,0.05604117861915503,0.055148460738674965,0.13316266889378348,0.04000968003158323,0.14194260765524902,0.02840561513033868,0.020483965002185522,0.030342129924123107,0.19036625822146225,0.047089790179096536,0.038230634046809264
2022-10-24,0.05449876644766305,0.03759106154896874,0.039823070296586716,0.0034494195265015737,0.008130114689079093,0.015426900573118685,-0.015739919072068287,0.04993614116165568,0.013014730720904755,0.03562432195507692,0.025299467302543288,0.08128293891637339,0.006484677370193648,0.005307596645377055,0.029127211502690376,0.022369908210320366,0.04675338017045627,-0.05075495806163366,0.07246841711133589,0.0007532912127115043,0.011564879957560281,-0.011507900944354499,0.03215329512923293,0.013944496631417946,0.08858627229308746,0.01625063458125675,0.06601056623965662,0.042909459063023014
2022-10-31,0.08497100450265216,0.01724021996784053,-0.05021282132142224,0.017071550008274317,0.025201558887094855,-0.03624915681962815,-0.002838842107552808,-0.009845376676367312,0.03264532729530689,0.07592079408630914,0.05328759109641967,-0.14590860390613802,0.0554424622607812,0.09285713426971753,-0.02045240203487997,-0.004435244828517537,0.02362503709929542,0.07270201050726288,-0.0029572802306331303,-0.07245014679894946,-0.043630391102659094,-0.003283572964608572,0.031483006653039824,0.011387448399993394,-0.04420285460878126,0.010272162584288314,0.026917552590596028,0.010213033810757333
2022-11-07,0.04491761583948373,0.14172430147991144,0.043010788780147635,0.05310510740821872,0.11720752868064088,0.20252326690326483,-0.0242930101447546,-0.009178423071496633,0.08382627587423364,0.1433877438371689,0.11514027520084769,0.1553248353252541,0.008433817433470159,0.08098895313161081,0.060213057960784466,0.08791217310982913,0.06891541592752626,0.0645467028255704,0.07423774736002775,0.07100837749040423,0.13515476424796025,0.0389338201382301,0.03991973295742812,0.12671064155345202,0.09716509000195694,0.014046047109710136,0.051777899554307005,0.08781018114705397
2022-11-14,0.02780295377904185,-0.14874905834695473,0.015463940839123724,0.023880697256117855,-0.030276264346062787,-0.08438846933241029,-0.014394131232086882,0.008895756895501705,-0.05777196190487299,-0.02019506882963118,-0.05855395636870708,-0.04862562374664359,0.0167263776337625,-0.04468979528782824,-0.022578094921856473,-0.023477996240554244,0.01420264793664927,-0.07590386004716954,-0.01620688257316716,-0.07236213113002055,-0.030088075184326768,0.023565970976306083,-0.003321340561853181,-0.007167340091149499,0.01180236151420666,0.04031420386285922,-0.00039112921019823776,-0.022937554419169337
2022-11-21,0.0452980619924821,-0.015019150741851894,0.02199660097770284,0.021995491990477012,0.019604164394939616,0.033685668119764145,0.07602351453818823,0.01733152569666041,0.029758336130651708,0.026953050982208016,0.032403597904547166,0.005671571204848291,0.011985833710735028,0.022289505022933698,0.03154575419325778,0.03970029646284545,0.02839566877124433,0.05455660206358748,0.03162881968416276,0.05717784088075639,0.015954008546202436,0.05041184811653232,0.03045582395150781,0.03806336879264394,0.04208995307298746,0.0331876853589721,0.027171439741067394,0.02738975537234767
2022-11-28,0.027524217628223324,0.04200568681386985,0.04549345935927418,0.0012476052785981295,-0.006409030751006628,0.04271789980198237,-0.038943109391249786,0.014774396632412534,-0.00019398912095092147,0.0043509137808024345,0.006208191094875692,0.016179955478268226,0.0400991657460632,0.08263790473173493,0.06510799739666395,0.010348442304769057,-0.020527229810159642,-0.008381098796315989,-0.0050599444358195855,-0.0475178861538289,0.06150471571977545,0.0335812951889396,0.03647424344535244,0.029544069517981608,0.032983259539484555,0.05356799477969676,0.00627253125898708,0.009064339763405371
2022-12-05,-0.0126555053477575,-0.10915298307666765,-0.010399959598421105,-0.07720658015133097,-0.03679610760941643,-0.06186423606892588,-0.054507234450203446,-0.06418053145739266,-0.012417079860085556,-0.03270846486594359,-0.02685094331513249,-0.006672716104276888,-0.05775531263421929,-0.040527116141054975,-0.006575932198053525,-0.02749306629759285,-0.011800413987288816,-0.0405181792573337,-0.022229209566665742,-0.04788447347358915,-0.0466405120854233,-0.046238571140218454,-0.019663334270895172,-0.0501820277442262,-0.018894240240443172,-0.01040614279129981,-0.011057576242419431,-0.05204740701618582
2022-12-12,0.006393007537987883,-0.04102661936504892,-0.0234438607364279,0.012746614484773211,-0.04182239231312235,-0.00810874477941137,-0.03677815946569063,-0.05096055092421237,-0.00796821811235049,-0.014225523147376129,-0.03334490724970385,-0.04190231420785817,-0.01816741704756686,-0.00596010054114704,-0.03869108707075497,-0.013026598907442177,-0.007766081204708897,-0.010802870103757134,-0.024429929015062912,-0.03097625133436499,0.006140480930339143,-0.09158903726032153,-0.03352816855677099,-0.03251298064945962,-0.04907462410793961,-0.06816723199363917,-0.028939362959154002,-0.02257546351918105
2022-12-19,-0.0138423015551844,-0.06397816075340479,-0.0016555780513102247,0.010151153542931057,0.006040617998031683,0.010144811391528785,-0.04554527148472376,-0.006691161386922939,0.02128528770201865,0.012074805293879276,0.007209657100678557,0.0034015369931812423,0.016411859292988273,-0.006777849283730042,0.007661807146738253,-0.024712200665168438,-0.000910179195576899,0.0316455159321849,-0.027654928062000428,-0.004850216910033289,0.037061046743687376,0.018562820355738197,-0.005037760603812891,0.0043592549043312,0.00914872996894922,0.015541480424184906,-0.011119280374385476,0.011120593860761252
2022-12-26,-0.012113906821868858,-0.044501177863450536,-0.01243788349095254,-0.0006073554309312668,-0.009490581590560265,-0.0031200529936504795,-0.06105361874055204,-0.010104384432171543,-0.009241047811515135,-0.0014551041097603523,-0.009004675389453376,0.010775724062004555,-0.012189320230792444,-0.0026245999113381213,0.009047142134773756,-0.002879370483408583,-0.009564883346866448,-0.0012029047319767061,-0.0018310554407182655,-0.028134677718190337,-0.013584046132305239,-0.03137845436817399,-0.006138185829442699,-0.007733682074992476,-0.02200521463404781,-0.04766545183953674,-0.00051370430080655,-0.008460203169114
2023-01-02,0.011490228709994721,0.02204184757185157,0.024349334773464903,0.040386744090063376,0.061008882857249036,0.14064954965478726,-0.009272152781047094,0.03793800912117673,0.09188326462461593,0.05595236353561295,0.0892681210826427,0.026793251519745098,0.00998765893988196,0.11263135375227296,0.05755783657905811,0.05804222828215,-0.030719080349346117,0.08514987154531672,0.039056689757978935,0.06519283537245069,0.11631363083432444,0.09611615057008804,0.03346092022425995,0.021950137834843897,-0.006446654603579405,0.05466451935287764,0.0356917958332883,0.04465301494919527
2023-01-09,0.0039333414553071044,0.09289830371587793,-0.005737733058702288,0.03733200498805633,0.05270927110434265,0.04004452422475868,0.029617312752194147,0.02802825190395275,0.06652134811130828,0.03767064584325919,0.03009822298090148,0.033252893258949534,0.035947669483466616,0.06551568010130349,0.05663114243538647,0.04394105097477152,0.05677479384619244,0.04028857703411348,0.011960061851950421,-0.008774031413612549,0.03150492327984633,0.0946987790849021,0.024283168448802295,0.030350128167975443,0.04274806426437072,0.08598684355460628,0.010090511572278915,0.022869625936148497
2023-01-16,-0.022479104653187143,0.025843268498214833,-0.020610041363818943,-0.02482840369891892,0.019432704513431487,0.002473337561569311,-0.004947721871196187,-0.005739804592471365,-0.021131675999376487,-0.016356385125861794,-0.017071555650184922,-0.01003681549333435,-0.013618471078051031,0.011338481887027019,-0.03337922582527786,-0.018823713726758173,-0.01643163620355037,-0.015256502871576094,-0.021611322140623113,0.03648540154621571,-0.018583146704890363,-0.025958278752041375,-0.02156569348219628,-0.010573932445723133,-0.0023182566739895494,-0.03138449486740269,-0.023472950180910113,-0.011445297711917601
2023-01-23,0.03203010342193546,0.13372778543497055,0.005892200513966994,-0.015958898459409565,-0.010303859472855614,-0.008964547370229115,-0.03931540783572118,0.023572833750094224,0.026636541797975255,-0.005678001414212819,-0.033400310270943145,-0.0035976303955362887,0.031357206981639685,-0.012992801848088709,-0.0045388699948267774,0.015454517066864293,-0.011928576358018694,0.03521120256885557,0.00037387531439425636,0.03124338791940917,-0.0003750289642905358,0.08731345500838206,0.044761592017891205,-0.02786263428844482,-0.06836257230957499,0.10099989177061475,-0.002180192168686368,0.023694289206930508
2023-01-30,-0.09272626843969622,0.019558372444104855,0.006694605928120989,-0.03334224101025984,0.02325173488675869,0.04107888888139355,0.034304301715262,-0.036503217330905224,0.017466461105627884,-0.007749673820757086,0.03893135622028776,0.006302132655886972,-0.0365300303122299,-0.037037011529914454,0.013232056126392111,0.0852794301706723,-0.003387740976219744,0.027210953629385415,0.036829429058166996,0.018784175769333666,-0.06507883550313898,0.058488683410412357,0.043421652028072355,0.026540971081175924,0.05771426248000466,0.07777680280214505,0.02812335214396744,-0.08232520186596426
2023-02-06,0.009823839947370239,-0.06594016061683172,-0.058187900439699125,0.0010484617262624951,-0.0739359107874148,-0.04440020111986631,0.05306640188633338,0.04829267671168069,-0.002999926958533239,0.038777760334322675,-0.03647462946063407,-0.047426357262489116,0.0299081607284295,-0.01853560007394961,-0.16332843181331458,-0.06600592967101315,0.026081620598274124,0.013448789546672613,-0.02603789235066467,0.017049969488351913,-0.0375124864068751,-0.07088257156173661,-0.031159195424685815,-0.03442199113983302,-0.04649812768822681,-0.04571692479087619,0.003323887865327002,-0.052450389330794156
2023-02-13,-0.02817739065789493,-0.03831671257144598,0.007943489068217291,0.006119479747489054,0.05365311038755305,-0.008174734593334287,-0.08995476105451905,-0.041259519265207434,-0.02825148528773047,-0.009629441552965412,0.0016108735194606538,0.1122448321141214,-0.022865808607323235,-0.01463640927039378,0.017717856937315535,-0.009319170243458075,-0.031683103736172,-0.021614615671178394,0.05819394792808463,-0.028265075083159452,-0.05335552409502109,0.024130115532502217,0.007790169909436706,0.029153115907781135,-0.010889864926709514,0.02166455023579683,0.008254942693325829,-0.007127637154103472
2023-02-20,0.004540422825897172,-0.03290570586808139,-0.01225916781171088,-0.004657540866749632,-0.011991600201228025,-0.004174368584104693,0.044153306788070834,-0.0021032210087542635,-0.005848832152931416,-0.028769358409086454,-0.0368754248268347,-0.023582422971199057,0.0052260481009733795,-0.04432212318014461,-0.027979251034423003,-0.03513848380241047,0.08130152729713802,-0.006473449783044982,-0.025828702667747727,0.03329979196709676,-0.04139144188525823,-0.03296243663935006,-0.02276423146890838,0.003207033199564835,-0.030265787434268,-0.05177254828004796,-0.010826834806295982,-0.02764974935666753
2023-02-27,0.04911392224675515,0.03947572061305338,-0.004432709559009318,0.009248570131941358,0.003869792309705522,0.05793412205204174,0.0066597302213711185,0.032749708233342556,0.00917105922363226,0.023724630463105578,0.04079212135832777,0.03039470363452046,-0.0036469744784265457,0.09626486895663455,-0.0002132891614166077,0.0350779742604832,0.042340126227529806,0.005688346005798817,0.009776943042376418,0.10929924738845331,0.026642270125391665,0.09745886182968944,0.0329461177990249,0.059748625198050354,0.035647802270341256,0.14818583581317868,-0.006370980623657374,0.042022131323535605
2023-03-06,-0.04583082180151121,-0.13201210339513403,-0.03313663753601104,-0.06481736438216057,-0.07608232225914413,-0.12365506523612957,-0.08925258611800402,-0.07327213566702029,-0.064803857048093,-0.05306100531911284,-0.07460466660249376,-0.032619192838541644,-0.06105920758927552,-0.13377550652173398,-0.09746213182487484,-0.05957103979101597,-0.05750877527309384,-0.0741809880681612,-0.06558624721464601,-0.13781509979855866,-0.05682338933787168,-0.10926722795131338,-0.06969216225802821,-0.08336967681507268,-0.06236313004265481,-0.11539036648518242,-0.07002972664893503,-0.09611892012640078
2023-03-13,-0.023216261626342827,-0.07391293230705787,-0.0037243619618030355,-0.02500893231141954,-0.02017514232975859,-0.05625797286285983,-0.09608766398961455,-0.03871622415546039,-0.0716407004573617,-0.039664575456703655,-0.018947386204836603,-0.02207880219029068,-0.037242828950555085,-0.04355864933646858,-0.02221172933218385,-0.041103509351016476,-0.03235344287879749,-0.04779029605549645,-0.05987920182048012,-0.1220457231160803,0.1534077167464165,-0.09290040550015466,-0.03851378665420013,-0.027857183254740514,0.01503970588879211,-0.13667326085922415,-0.04885096381148424,-0.09191543386133327
2023-03-20,-0.02573320693162895,0.04655900737035212,0.021495345369170638,0.019643218424630016,0.028943276803542695,-0.01378644072911639,-0.022980361116056836,0.0040628772598862994,0.03518588425945257,0.01554401352939494,0.014602509924035889,0.03739161151167569,0.013957138779449707,0.049130523777341395,0.01824547400361176,0.01233099392026804,0.047056842138374355,0.022319250887423037,0.05062376451197714,-0.011048782710682326,0.007888786644524526,0.031432124166505426,0.05588936053438642,0.024083567100558145,-0.027793139402525036,0.04311415462811041,0.0321697406791539,0.05688958905321928
2023-03-27,0.07300021106568533,0.014922582082348868,0.041171063856952905,0.054141652331765044,0.0404002637196752,0.07196296050642048,0.046031578050057975,0.06104856171619333,0.0587099296643121,0.046209796393288594,0.05981396762491964,0.0357913107404082,0.03772606789519761,0.07629579919760321,0.10200504158400592,0.04582386674490779,0.031008038882764266,0.08455584301897456,0.05412234583762898,0.08233080301902573,0.009680730494653345,0.03915246942701556,0.04265856760027065,0.06489156550406783,0.06384897980115034,0.04308514565772281,0.03225026284523591,0.06501213295834152
